# Blender 5.0.1
# www.blender.org
mtllib tripo_convert_dd7b626b-839d-4315-aca7-697f942ca2b8.mtl
o tripo_node_dd7b626b-839d-4315-aca7-697f942ca2b8
v 0.124809 -0.007444 0.059447
v 0.137710 -0.030849 0.076651
v -0.108143 -0.028248 0.469272
v -0.102597 -0.014801 0.469487
v -0.089042 -0.009960 0.467739
v -0.078887 -0.018712 0.470015
v -0.104179 -0.023273 0.470935
v -0.107883 -0.020810 0.467846
v -0.099014 -0.017838 0.476702
v -0.086192 -0.022429 0.413047
v -0.110210 -0.006404 0.018935
v -0.126663 -0.012913 0.019551
v 0.277953 0.003884 0.040983
v 0.355085 -0.002589 0.012912
v 0.264585 0.009625 0.039892
v 0.328984 0.005793 -0.016428
v -0.136898 -0.015064 -0.016660
v 0.021847 0.000811 -0.045351
v -0.086778 -0.012972 -0.465482
v -0.005962 -0.003729 -0.048018
v 0.159101 -0.013670 -0.058015
v -0.069270 -0.034901 -0.409521
v -0.087089 -0.024161 -0.468352
v -0.115400 -0.042025 -0.421077
v 0.079797 -0.026441 -0.069881
v 0.144591 -0.027453 -0.075645
v 0.128767 -0.049670 -0.131749
v 0.075767 -0.051817 -0.105955
v -0.117018 -0.045986 -0.435059
v -0.131090 -0.048600 -0.421414
v -0.092969 -0.063669 -0.443844
v 0.114741 -0.069646 -0.133993
v -0.086868 -0.068501 -0.440332
v -0.100015 -0.077407 -0.429537
v 0.073867 -0.094129 -0.112043
v 0.068327 -0.105976 -0.059536
v 0.132655 -0.107961 -0.066861
v 0.127515 -0.079755 -0.055531
v 0.123221 -0.118137 -0.056802
v 0.124243 -0.082100 -0.054542
v 0.108493 -0.104435 -0.050596
v 0.136482 -0.103154 -0.044939
v 0.122008 -0.122541 0.015325
v 0.123507 -0.108344 0.067269
v 0.129980 -0.091494 0.053049
v 0.136350 -0.032069 0.060812
v 0.123391 -0.054190 0.134961
v 0.473525 -0.052063 0.002339
v 0.484558 -0.070127 -0.001473
v 0.489789 -0.068964 -0.002424
v 0.476087 -0.073538 -0.005175
v 0.375876 -0.101721 0.003471
v 0.381780 -0.100491 -0.012466
v 0.352964 -0.091787 0.039800
v 0.081118 -0.023449 0.072060
v 0.076921 -0.042089 0.111973
v 0.069530 -0.100142 0.110048
v 0.122680 -0.065182 0.134557
v 0.067899 -0.107445 0.065205
v 0.119769 -0.127403 0.007502
v 0.121777 -0.126363 -0.007002
v 0.120217 -0.124830 -0.015417
v -0.206427 -0.137398 0.076740
v -0.244918 -0.124958 0.057679
v -0.373193 -0.078169 0.114455
v -0.259850 -0.065515 0.176476
v -0.232067 -0.054874 0.175170
v -0.244674 -0.061162 0.156985
v -0.230497 -0.054722 0.138880
v -0.237414 -0.055273 0.136388
v -0.253798 -0.063674 0.168238
v -0.245558 -0.062480 0.131652
v -0.363342 -0.049057 0.008604
v -0.366035 -0.052858 -0.007497
v -0.391541 -0.059362 0.038941
v -0.450771 -0.072396 0.025409
v -0.447214 -0.066224 0.073065
v -0.442430 -0.061409 0.073513
v -0.444733 -0.074357 0.018572
v -0.451749 -0.054216 -0.037186
v -0.453473 -0.060439 -0.031957
v -0.391680 -0.060469 -0.037712
v -0.440630 -0.052073 -0.025834
v -0.450609 -0.052892 0.042659
v -0.452449 -0.054676 0.034439
v -0.446207 -0.056747 0.059686
v -0.446182 -0.052505 0.065336
v -0.456602 -0.051794 0.051717
v -0.378859 -0.067937 0.136407
v -0.378168 -0.049565 0.083611
v -0.378757 -0.065564 0.138390
v -0.346022 -0.059287 0.223814
v -0.388142 -0.063056 0.148570
v -0.379237 -0.060560 0.239882
v -0.387441 -0.070878 0.148926
v -0.376042 -0.070784 0.260635
v -0.374667 -0.069766 0.261538
v -0.350762 -0.074174 0.220776
v -0.374035 -0.074327 0.149857
v -0.378642 -0.059869 0.138608
v -0.372526 -0.058728 0.142240
v -0.380658 -0.067569 0.114556
v -0.452601 -0.089427 0.030953
v -0.456614 -0.086070 0.064986
v -0.455807 -0.084280 0.066830
v -0.450019 -0.091921 0.035736
v -0.390718 -0.080940 0.031153
v -0.390590 -0.092542 0.050483
v -0.454911 -0.096057 0.051423
v -0.452365 -0.095290 0.047487
v -0.453823 -0.094807 0.040960
v -0.390816 -0.065394 0.063930
v -0.373374 -0.099849 0.112535
v -0.375717 -0.102862 0.081412
v -0.368111 -0.097481 -0.009065
v -0.362879 -0.097142 0.005341
v -0.393348 -0.082458 -0.031473
v -0.453829 -0.079534 -0.025826
v -0.455036 -0.085095 -0.025966
v -0.395613 -0.086244 -0.056875
v -0.361310 -0.107541 -0.088218
v -0.374467 -0.078585 -0.114444
v -0.222269 -0.126339 -0.053512
v -0.188062 -0.142093 -0.075061
v -0.170765 -0.142104 -0.065593
v -0.228103 -0.081283 -0.118727
v -0.199870 -0.076713 -0.443976
v -0.211605 -0.076654 -0.427929
v -0.205763 -0.078305 -0.438914
v -0.368986 -0.073104 -0.252527
v -0.344732 -0.074245 -0.215704
v -0.375705 -0.071578 -0.138039
v -0.385385 -0.068313 -0.151638
v -0.372023 -0.060489 -0.252493
v -0.241439 -0.062445 -0.158834
v -0.196714 -0.068809 -0.195788
v -0.249765 -0.059663 -0.163349
v -0.256291 -0.059560 -0.159010
v -0.327218 -0.058911 -0.189571
v -0.214281 -0.057666 -0.415117
v -0.192853 -0.052452 -0.435263
v -0.375069 -0.053055 -0.139866
v -0.373598 -0.058828 -0.142601
v -0.246258 -0.060963 -0.141664
v -0.239709 -0.056870 -0.144101
v -0.232020 -0.054424 -0.142213
v -0.196132 -0.047900 -0.137338
v -0.247571 -0.060176 -0.133359
v -0.390247 -0.046966 -0.139572
v -0.371065 -0.059217 -0.150543
v -0.392019 -0.059245 -0.051363
v -0.395875 -0.066459 -0.060814
v -0.392098 -0.065267 -0.054742
v -0.447119 -0.051333 -0.126694
v -0.440151 -0.049654 -0.121289
v -0.410289 -0.041374 -0.123338
v -0.411739 -0.042878 -0.132667
v -0.374540 -0.055010 -0.111470
v -0.363659 -0.039740 -0.085104
v -0.226194 -0.023115 -0.106846
v -0.215603 -0.032251 -0.105552
v -0.117788 -0.052302 -0.437299
v -0.187235 -0.036661 -0.434162
v -0.183320 -0.038313 -0.424948
v -0.439942 0.112175 -0.149277
v -0.481863 0.144053 -0.138786
v -0.487220 0.137867 -0.145702
v -0.205265 -0.019907 -0.461885
v -0.333299 -0.005280 -0.140432
v -0.412261 0.144800 -0.132004
v -0.435800 0.109250 -0.127826
v -0.429092 0.105240 0.127298
v -0.423818 -0.028216 0.123665
v -0.470610 -0.041259 0.123097
v -0.379633 -0.035131 0.113688
v -0.216201 -0.031675 0.104654
v -0.276205 -0.019295 0.137903
v -0.185242 -0.027155 0.418908
v -0.184428 -0.028948 0.419066
v -0.218049 -0.025744 0.442275
v -0.201494 -0.021700 0.444077
v -0.143315 -0.020420 0.413178
v -0.185453 -0.040391 0.132598
v -0.194415 -0.031253 0.421457
v -0.217367 -0.031754 0.456767
v -0.417145 -0.022258 0.134473
v -0.471936 0.143334 0.134624
v -0.485602 0.139277 0.145520
v -0.479531 0.144973 0.146334
v 0.154645 -0.014454 0.060907
v 0.139615 0.003186 0.051183
v 0.098765 0.005514 0.048803
v 0.145693 -0.037041 0.059692
v 0.153697 -0.038956 0.058910
v 0.137166 -0.008881 0.061120
v 0.141655 -0.035813 0.060119
v 0.136821 -0.028179 0.086593
v 0.136412 -0.053134 0.072751
v 0.140810 -0.058850 0.066543
v 0.134089 -0.058155 0.057745
v 0.135677 -0.039437 0.060344
v 0.138298 -0.014404 0.095359
v -0.108127 -0.032678 0.461328
v -0.100608 -0.030483 0.463057
v -0.121105 -0.031328 0.469008
v -0.120624 -0.034563 0.459018
v -0.122125 -0.021877 0.472456
v -0.104728 -0.028824 0.470052
v -0.107719 -0.020374 0.472422
v -0.106391 -0.025499 0.469881
v -0.101267 -0.011099 0.459571
v -0.109800 -0.011058 0.459490
v -0.109782 -0.013367 0.468230
v -0.094500 -0.011039 0.469427
v -0.094435 -0.011301 0.460357
v -0.096307 -0.022768 0.471682
v -0.091615 -0.015823 0.472738
v -0.087960 -0.012656 0.460703
v -0.085049 -0.014456 0.469102
v -0.082099 -0.016413 0.461796
v -0.079382 -0.022344 0.463131
v -0.089045 -0.021266 0.470885
v -0.087533 -0.025522 0.464028
v -0.094087 -0.028273 0.463962
v -0.122368 -0.013463 0.468720
v -0.078089 -0.020257 0.417098
v -0.061832 -0.028364 0.385510
v -0.066293 -0.025487 0.381439
v -0.071414 -0.023344 0.378603
v -0.085465 -0.021021 0.405961
v -0.110901 -0.009711 0.020552
v -0.109716 -0.008080 0.020255
v -0.117770 -0.006351 0.012741
v -0.140024 -0.010680 0.004402
v -0.153432 -0.017744 0.015964
v -0.159127 -0.016489 0.025012
v -0.128457 -0.013659 0.028998
v -0.092449 -0.009998 0.035690
v -0.097606 -0.008269 0.025359
v 0.271079 0.006229 0.040064
v 0.266499 0.006632 0.040250
v 0.278126 0.000625 0.042641
v 0.289594 0.002773 0.040035
v 0.286908 0.006029 0.037474
v 0.272168 0.006469 0.039630
v 0.273154 0.005894 0.040048
v 0.375922 -0.010486 0.019597
v 0.368953 -0.005604 0.000301
v 0.355037 -0.001679 -0.003916
v -0.099081 -0.020505 0.411886
v 0.347484 -0.001101 0.012817
v 0.351112 -0.001909 0.014633
v 0.260447 0.007664 0.040623
v 0.257802 0.007368 0.039143
v 0.264601 0.006941 0.040122
v 0.269085 0.030785 0.033805
v 0.236698 0.044795 0.035685
v 0.233711 0.026584 0.040863
v 0.229896 -0.002769 0.049363
v 0.274210 -0.017928 0.052932
v 0.290238 -0.012995 0.047856
v -0.158920 -0.018600 -0.016388
v -0.142022 -0.012536 -0.008015
v -0.121698 -0.011875 -0.016207
v -0.010199 -0.002798 -0.040810
v -0.009526 0.007675 -0.036082
v 0.027884 0.015061 -0.038377
v 0.026432 0.000702 -0.046173
v -0.085632 -0.018506 -0.468614
v -0.091980 -0.018469 -0.472106
v -0.092290 -0.012016 -0.466562
v -0.091430 -0.011459 -0.458698
v -0.085212 -0.013704 -0.459634
v -0.082205 -0.019772 -0.462075
v -0.007937 -0.003562 -0.060463
v -0.047368 -0.004482 -0.058538
v -0.046921 -0.005307 -0.048568
v 0.029802 -0.002422 -0.054051
v 0.029265 -0.002756 -0.063716
v 0.153920 -0.015931 -0.065505
v 0.145337 -0.011390 -0.063949
v 0.155986 -0.000077 -0.052416
v 0.182586 0.003366 -0.049696
v 0.172098 -0.020641 -0.058158
v 0.153106 -0.024358 -0.064907
v -0.063814 -0.038054 -0.397982
v -0.069371 -0.041512 -0.397303
v -0.072818 -0.035530 -0.413397
v -0.075779 -0.032679 -0.414900
v -0.071004 -0.031584 -0.413700
v -0.060001 -0.033199 -0.397342
v -0.085143 -0.026283 -0.462461
v -0.091842 -0.026068 -0.469501
v -0.091236 -0.029410 -0.460961
v -0.145653 -0.041181 -0.416210
v 0.093753 -0.026411 -0.076327
v 0.093589 -0.034849 -0.071764
v 0.078735 -0.034804 -0.068771
v 0.077906 -0.037886 -0.082612
v 0.081776 -0.027677 -0.085224
v 0.092713 -0.027805 -0.087832
v 0.135066 -0.030297 -0.076494
v 0.134284 -0.026794 -0.085169
v 0.144227 -0.026986 -0.087656
v 0.148969 -0.017779 -0.090097
v 0.150550 -0.015710 -0.076851
v 0.147013 -0.037870 -0.060703
v 0.142203 -0.040037 -0.070088
v 0.136841 -0.042341 -0.075098
v 0.137747 -0.048791 -0.122157
v 0.134371 -0.062561 -0.126490
v 0.105980 -0.068315 -0.140371
v 0.118012 -0.057709 -0.143101
v 0.137335 -0.031329 -0.119159
v 0.141000 -0.037544 -0.112448
v 0.121058 -0.042157 -0.129166
v 0.127345 -0.029380 -0.117047
v 0.113901 -0.050812 -0.138984
v 0.076374 -0.047591 -0.100244
v 0.074815 -0.057735 -0.097823
v 0.074537 -0.059779 -0.107248
v 0.080723 -0.048243 -0.113025
v 0.081201 -0.041045 -0.105887
v 0.079384 -0.060812 -0.115877
v -0.119495 -0.035264 -0.445061
v -0.109024 -0.034650 -0.444135
v -0.148424 -0.052310 -0.437652
v -0.146034 -0.042644 -0.436822
v -0.110644 -0.054653 -0.424697
v -0.134474 -0.054231 -0.415422
v -0.109022 -0.056959 -0.416433
v -0.096930 -0.064837 -0.417879
v -0.094963 -0.070769 -0.420893
v -0.087188 -0.069207 -0.428196
v -0.095022 -0.062239 -0.423045
v -0.103510 -0.062133 -0.444014
v -0.101153 -0.058382 -0.437219
v -0.090017 -0.063641 -0.438718
v -0.092060 -0.069289 -0.443518
v -0.104879 -0.070655 -0.445600
v 0.081940 -0.081436 -0.132844
v 0.080038 -0.076535 -0.136114
v 0.130310 -0.073268 -0.127643
v 0.112288 -0.079276 -0.130352
v 0.083802 -0.088993 -0.131839
v -0.087193 -0.071400 -0.435932
v -0.093297 -0.074126 -0.440119
v -0.087736 -0.064951 -0.433163
v -0.096878 -0.075159 -0.425012
v -0.108166 -0.077873 -0.420496
v -0.107958 -0.079701 -0.429204
v -0.106410 -0.080032 -0.437859
v -0.096366 -0.076328 -0.434578
v -0.090317 -0.073484 -0.430979
v 0.084545 -0.094844 -0.111401
v 0.086449 -0.086628 -0.113750
v 0.074807 -0.086050 -0.113343
v 0.070657 -0.085623 -0.107123
v 0.069546 -0.095661 -0.107605
v 0.082569 -0.100076 -0.106762
v 0.082838 -0.106041 -0.060281
v 0.080830 -0.108120 -0.077107
v 0.068480 -0.104025 -0.076762
v 0.070349 -0.088509 -0.077059
v 0.071710 -0.085610 -0.061226
v 0.087020 -0.083032 -0.064180
v 0.117597 -0.107573 -0.064936
v 0.119484 -0.082351 -0.068787
v 0.136418 -0.084425 -0.069994
v 0.131449 -0.107489 -0.077768
v 0.116202 -0.107938 -0.078304
v 0.133767 -0.115682 -0.066602
v 0.130110 -0.117867 -0.077560
v 0.137008 -0.083160 -0.060999
v 0.131417 -0.105362 -0.055454
v 0.128988 -0.112806 -0.054291
v 0.144414 -0.081959 -0.053370
v 0.142034 -0.057559 -0.059437
v 0.155514 -0.061071 -0.058131
v 0.100753 -0.102360 -0.049394
v 0.140406 -0.058447 -0.065631
v 0.122101 -0.120645 -0.066074
v 0.104212 -0.117565 -0.051077
v 0.099705 -0.123425 -0.057852
v 0.104922 -0.115126 -0.033925
v 0.182721 -0.086946 -0.050639
v 0.182134 -0.101027 -0.044179
v 0.131691 -0.116214 0.028316
v 0.105470 -0.123109 0.028177
v 0.102167 -0.133283 0.019117
v 0.101810 -0.134537 0.007231
v 0.132105 -0.110429 0.075465
v 0.131614 -0.118721 0.074935
v 0.109217 -0.124235 0.064844
v 0.125794 -0.105117 0.067736
v 0.126244 -0.108379 0.074809
v 0.113875 -0.100680 0.052271
v 0.121525 -0.094903 0.068272
v 0.128661 -0.091704 0.053115
v 0.130804 -0.085340 0.054790
v 0.137678 -0.046611 0.126154
v 0.130581 -0.042989 0.129209
v 0.120373 -0.041305 0.128835
v 0.112289 -0.052137 0.140748
v 0.111036 -0.064048 0.144085
v 0.487115 -0.067159 0.003935
v 0.486758 -0.068500 0.001636
v 0.490713 -0.065876 0.000693
v 0.489785 -0.065628 0.004727
v 0.476523 -0.055241 0.005409
v 0.482120 -0.058901 0.001756
v 0.476835 -0.054267 -0.001393
v 0.460123 -0.042380 0.003204
v 0.459920 -0.044347 0.009498
v 0.460180 -0.042527 -0.003393
v 0.483968 -0.070049 -0.003468
v 0.488729 -0.068741 -0.000816
v 0.482578 -0.070376 0.000474
v 0.482264 -0.071027 -0.002262
v 0.483562 -0.070299 -0.006784
v 0.484861 -0.067324 -0.006217
v 0.488701 -0.065957 -0.001206
v 0.490381 -0.066149 0.000275
v 0.485320 -0.064738 -0.004269
v 0.478232 -0.072542 -0.006964
v 0.480247 -0.071919 -0.003676
v 0.476876 -0.073271 -0.002645
v 0.470627 -0.075458 -0.007180
v 0.471880 -0.074488 -0.010854
v 0.470159 -0.075974 -0.003242
v 0.349539 -0.107446 0.010031
v 0.349427 -0.108172 -0.005387
v 0.380209 -0.099855 -0.003753
v 0.359330 -0.105538 -0.015216
v 0.358517 -0.103384 0.022676
v 0.377151 -0.100335 0.021489
v 0.377531 -0.088063 0.038152
v 0.329839 -0.076266 0.050761
v 0.333742 -0.085742 0.047123
v 0.349184 -0.095917 0.036163
v 0.348924 -0.094862 0.033777
v 0.349339 -0.100544 0.029655
v 0.080694 -0.031739 0.087441
v 0.077138 -0.042494 0.085243
v 0.078289 -0.037393 0.069392
v 0.094465 -0.041302 0.070963
v 0.094225 -0.027176 0.072806
v 0.091998 -0.030059 0.088990
v 0.091688 -0.044014 0.111969
v 0.092519 -0.055274 0.115386
v 0.076296 -0.050595 0.114087
v 0.076419 -0.047463 0.099301
v 0.078013 -0.039092 0.101398
v 0.090564 -0.036346 0.102609
v 0.070142 -0.092256 0.111357
v 0.091631 -0.095243 0.112728
v 0.091256 -0.102841 0.106481
v 0.090905 -0.105664 0.093621
v 0.068537 -0.104256 0.093379
v 0.069810 -0.092008 0.095036
v 0.121755 -0.075365 0.130417
v 0.134131 -0.070737 0.124438
v 0.134572 -0.060116 0.121293
v 0.103630 -0.073445 0.132588
v 0.105498 -0.080886 0.131250
v 0.098592 -0.070224 0.141232
v 0.067874 -0.106401 0.078016
v 0.091603 -0.107596 0.080389
v 0.092446 -0.108739 0.068546
v 0.069452 -0.094082 0.061550
v 0.069596 -0.092846 0.078432
v 0.093822 -0.098077 0.064208
v 0.116806 -0.122802 0.075781
v 0.099842 -0.126671 0.073475
v 0.123962 -0.129849 0.006295
v 0.109669 -0.123490 0.011043
v 0.117062 -0.123565 0.009976
v 0.121335 -0.126747 -0.001787
v 0.122129 -0.126554 -0.007751
v 0.119933 -0.124587 -0.005829
v 0.101152 -0.133944 -0.005162
v -0.187093 -0.141161 0.073246
v -0.184888 -0.144173 0.084265
v -0.210445 -0.136824 0.087283
v -0.218029 -0.130285 0.074566
v -0.190943 -0.134313 0.065094
v -0.227173 -0.127637 0.085823
v -0.250029 -0.124954 0.035757
v -0.205568 -0.125913 0.037058
v -0.200937 -0.125864 0.050945
v -0.228200 -0.124001 0.069423
v -0.240262 -0.120680 0.081085
v -0.256542 -0.120216 0.075774
v -0.195713 -0.126694 0.058858
v -0.374801 -0.075024 0.130055
v -0.381993 -0.067336 0.127228
v -0.374268 -0.068320 0.106480
v -0.374063 -0.078391 0.105440
v -0.373875 -0.088154 0.104752
v -0.373717 -0.088467 0.113321
v -0.363225 -0.087858 0.114010
v -0.362350 -0.078267 0.114614
v -0.364870 -0.076109 0.139265
v -0.262745 -0.077974 0.117773
v -0.264392 -0.090676 0.117220
v -0.243762 -0.094738 0.117728
v -0.241697 -0.084742 0.118201
v -0.240907 -0.074498 0.119104
v -0.252719 -0.074290 0.140339
v -0.232705 -0.059668 0.187612
v -0.232733 -0.060462 0.187644
v -0.238635 -0.058870 0.199535
v -0.268641 -0.060689 0.176164
v -0.284640 -0.061238 0.200691
v -0.281174 -0.068850 0.202902
v -0.261562 -0.060153 0.162509
v -0.287792 -0.073563 0.195676
v -0.265404 -0.073456 0.166046
v -0.250198 -0.060188 0.156480
v -0.230435 -0.054768 0.156497
v -0.240142 -0.056797 0.155235
v -0.229026 -0.062305 0.171877
v -0.229149 -0.060602 0.187777
v -0.232671 -0.058024 0.187351
v -0.231821 -0.063032 0.153637
v -0.241430 -0.057925 0.145705
v -0.233492 -0.047308 0.135371
v -0.218432 -0.049019 0.136572
v -0.224424 -0.040907 0.135007
v -0.218058 -0.051099 0.151166
v -0.250738 -0.059327 0.136705
v -0.235783 -0.061276 0.131803
v -0.232390 -0.062675 0.138377
v -0.255745 -0.059016 0.147747
v -0.362235 -0.052069 0.000658
v -0.364947 -0.064857 -0.000563
v -0.368711 -0.064558 0.004974
v -0.383505 -0.052734 0.014015
v -0.384099 -0.041728 0.023486
v -0.364958 -0.035330 0.018096
v -0.336579 -0.030347 0.019390
v -0.335657 -0.040340 0.010425
v -0.336353 -0.044522 0.002010
v -0.383150 -0.063729 0.007587
v -0.336470 -0.044043 -0.008065
v -0.393609 -0.055675 -0.011063
v -0.392791 -0.066842 -0.007823
v -0.372096 -0.065851 -0.005401
v -0.390911 -0.061165 0.046446
v -0.415532 -0.058386 0.047749
v -0.415357 -0.057110 0.038438
v -0.390686 -0.065877 0.035821
v -0.390779 -0.068493 0.043853
v -0.416620 -0.063606 0.032912
v -0.450102 -0.063045 0.031515
v -0.450407 -0.060441 0.027967
v -0.447569 -0.068429 0.021599
v -0.447061 -0.078692 0.020066
v -0.440964 -0.072670 0.028520
v -0.441376 -0.063370 0.031959
v -0.450053 -0.080774 0.030296
v -0.441449 -0.081812 0.030852
v -0.450507 -0.083982 0.024103
v -0.452985 -0.069832 0.069241
v -0.453889 -0.072001 0.070246
v -0.448009 -0.071858 0.073832
v -0.442665 -0.071274 0.076504
v -0.443020 -0.064957 0.074721
v -0.441235 -0.060702 0.077519
v -0.437711 -0.062827 0.076600
v -0.439863 -0.057612 0.072817
v -0.438308 -0.074520 0.016194
v -0.438250 -0.082510 0.016825
v -0.439687 -0.065322 0.018343
v -0.444523 -0.056259 -0.037315
v -0.444992 -0.062683 -0.031303
v -0.445456 -0.045384 -0.038846
v -0.446661 -0.044717 -0.049733
v -0.453050 -0.052008 -0.047112
v -0.445505 -0.054498 -0.046194
v -0.450213 -0.064670 -0.025659
v -0.448564 -0.055470 -0.027078
v -0.443187 -0.048730 -0.030302
v -0.447902 -0.073672 -0.026729
v -0.452609 -0.072055 -0.025668
v -0.454818 -0.071296 -0.025171
v -0.398884 -0.059645 -0.038106
v -0.398981 -0.056265 -0.044509
v -0.392157 -0.059868 -0.045023
v -0.391423 -0.065727 -0.045434
v -0.392580 -0.065796 -0.038193
v -0.398295 -0.064498 -0.034197
v -0.443490 -0.057694 -0.022875
v -0.434767 -0.059012 -0.018097
v -0.433246 -0.051164 -0.024489
v -0.433471 -0.044507 -0.031367
v -0.450002 -0.055481 0.037184
v -0.442032 -0.056128 0.037527
v -0.443892 -0.054908 0.045828
v -0.444968 -0.050255 0.032298
v -0.441570 -0.056471 0.024116
v -0.443478 -0.064323 0.065971
v -0.451446 -0.064812 0.067866
v -0.455663 -0.054360 0.061244
v -0.431248 -0.058507 0.057989
v -0.431434 -0.064729 0.065577
v -0.431041 -0.056642 0.047143
v -0.429663 -0.052036 0.074573
v -0.431876 -0.044702 0.065981
v -0.433059 -0.041695 0.053795
v -0.385344 -0.063144 0.139690
v -0.377193 -0.072801 0.144100
v -0.380394 -0.060164 0.087967
v -0.374405 -0.059067 0.097563
v -0.373433 -0.049553 0.098344
v -0.404460 -0.049580 0.077805
v -0.401542 -0.057687 0.083683
v -0.362733 -0.040641 0.099252
v -0.362851 -0.040000 0.085315
v -0.342693 -0.059433 0.234020
v -0.324824 -0.059158 0.216304
v -0.333987 -0.059043 0.209427
v -0.347013 -0.059021 0.204499
v -0.355683 -0.059411 0.226532
v -0.354223 -0.059668 0.240868
v -0.381431 -0.060796 0.148777
v -0.381702 -0.065043 0.145811
v -0.388699 -0.061433 0.154067
v -0.380320 -0.059532 0.154350
v -0.388359 -0.071918 0.152194
v -0.372883 -0.059947 0.242772
v -0.371606 -0.059703 0.227544
v -0.379681 -0.060392 0.228077
v -0.384710 -0.061497 0.243923
v -0.375925 -0.061016 0.250761
v -0.387633 -0.063204 0.228567
v -0.382716 -0.069638 0.146667
v -0.364674 -0.070586 0.262928
v -0.365276 -0.064328 0.260883
v -0.379389 -0.065197 0.256201
v -0.376721 -0.072366 0.251656
v -0.364841 -0.072498 0.258685
v -0.359705 -0.073958 0.224444
v -0.357530 -0.074309 0.203035
v -0.344508 -0.074416 0.206242
v -0.332298 -0.074329 0.212406
v -0.346434 -0.074087 0.229741
v -0.356983 -0.073845 0.236709
v -0.374434 -0.050686 0.140330
v -0.386939 -0.051267 0.140341
v -0.381732 -0.073549 0.151833
v -0.366133 -0.074467 0.168599
v -0.378169 -0.073723 0.169380
v -0.355208 -0.058541 0.140194
v -0.356383 -0.047379 0.140086
v -0.370762 -0.058759 0.147592
v -0.354234 -0.058510 0.147154
v -0.396842 -0.065711 0.124493
v -0.395306 -0.059558 0.114119
v -0.379187 -0.054976 0.113057
v -0.374659 -0.055361 0.108931
v -0.438856 -0.089286 0.020479
v -0.439681 -0.095960 0.025034
v -0.438717 -0.101583 0.031522
v -0.450524 -0.089949 0.069863
v -0.450002 -0.084433 0.072163
v -0.452943 -0.089814 0.062079
v -0.450518 -0.095112 0.063774
v -0.440800 -0.093451 0.045742
v -0.441446 -0.090301 0.036214
v -0.390759 -0.073537 0.033214
v -0.416883 -0.073048 0.030152
v -0.416712 -0.081458 0.031359
v -0.416774 -0.087976 0.036711
v -0.390604 -0.085328 0.037489
v -0.390656 -0.076255 0.041151
v -0.390498 -0.088470 0.044360
v -0.416198 -0.092095 0.044944
v -0.415235 -0.091294 0.053178
v -0.390910 -0.082546 0.056188
v -0.390631 -0.079263 0.048456
v -0.414903 -0.083273 0.059924
v -0.448329 -0.093495 0.053755
v -0.450903 -0.098012 0.054495
v -0.447889 -0.085646 0.063055
v -0.438727 -0.104815 0.039647
v -0.447863 -0.100587 0.048218
v -0.444738 -0.100722 0.056329
v -0.439854 -0.092537 0.054382
v -0.390665 -0.073570 0.059963
v -0.414607 -0.073820 0.064541
v -0.414622 -0.064603 0.066102
v -0.391168 -0.062358 0.055659
v -0.390745 -0.070877 0.052198
v -0.415096 -0.059957 0.057999
v -0.372563 -0.097278 0.104881
v -0.364265 -0.097863 0.112514
v -0.366675 -0.103423 0.106183
v -0.380283 -0.094985 0.084173
v -0.399341 -0.096654 0.081000
v -0.399790 -0.103736 0.074983
v -0.400351 -0.109760 0.064581
v -0.377174 -0.108596 0.068324
v -0.359903 -0.113820 0.074325
v -0.357773 -0.107647 0.086355
v -0.369147 -0.103637 0.095781
v -0.373559 -0.096110 0.094784
v -0.354928 -0.108477 0.097955
v -0.394181 -0.093317 -0.013005
v -0.397204 -0.105782 -0.023964
v -0.372446 -0.110648 -0.020830
v -0.372634 -0.080112 -0.005698
v -0.393040 -0.079743 -0.007626
v -0.362213 -0.095622 -0.001600
v -0.365045 -0.079824 -0.000782
v -0.342087 -0.116913 -0.019697
v -0.338847 -0.107254 -0.010652
v -0.336795 -0.103108 -0.003433
v -0.335398 -0.103389 0.005523
v -0.368212 -0.079126 0.005972
v -0.335694 -0.108696 0.013005
v -0.362943 -0.105839 0.012320
v -0.379222 -0.100055 0.017223
v -0.380325 -0.091001 0.010868
v -0.396234 -0.076922 -0.032907
v -0.392380 -0.078166 -0.038192
v -0.395439 -0.083911 -0.037283
v -0.405607 -0.083931 -0.030927
v -0.406176 -0.077056 -0.030233
v -0.405378 -0.087015 -0.036454
v -0.446750 -0.079188 -0.027466
v -0.445707 -0.084861 -0.028729
v -0.448685 -0.086334 -0.022743
v -0.448483 -0.075550 -0.022074
v -0.444807 -0.089851 -0.034979
v -0.451345 -0.092746 -0.034171
v -0.446497 -0.096265 -0.030085
v -0.393913 -0.081912 -0.059573
v -0.404909 -0.083558 -0.061848
v -0.404725 -0.088858 -0.057802
v -0.404618 -0.091648 -0.050831
v -0.394247 -0.087389 -0.051021
v -0.391603 -0.080343 -0.052036
v -0.351165 -0.115601 -0.074391
v -0.375184 -0.110933 -0.071070
v -0.376835 -0.099614 -0.081572
v -0.373971 -0.089945 -0.092628
v -0.373917 -0.091288 -0.101032
v -0.356173 -0.107832 -0.099344
v -0.377731 -0.087924 -0.087379
v -0.387359 -0.072416 -0.113764
v -0.384970 -0.075966 -0.122260
v -0.370338 -0.077186 -0.121447
v -0.370966 -0.092849 -0.110808
v -0.374456 -0.075219 -0.103656
v -0.350759 -0.082432 -0.115695
v -0.350892 -0.091574 -0.114049
v -0.350233 -0.077895 -0.121276
v -0.342968 -0.100318 -0.112966
v -0.352522 -0.105902 -0.107414
v -0.217511 -0.125085 -0.034293
v -0.260514 -0.123474 -0.028164
v -0.263047 -0.125626 -0.045333
v -0.267726 -0.124821 -0.061557
v -0.240182 -0.122817 -0.071974
v -0.228570 -0.126148 -0.079059
v -0.211612 -0.127845 -0.064611
v -0.203005 -0.134992 -0.071659
v -0.212724 -0.136155 -0.086135
v -0.182664 -0.144310 -0.089069
v -0.174260 -0.134338 -0.058962
v -0.135377 -0.147333 -0.073954
v -0.131479 -0.143778 -0.063557
v -0.246801 -0.071456 -0.131473
v -0.226026 -0.070785 -0.121290
v -0.217424 -0.099100 -0.118552
v -0.242478 -0.091454 -0.117578
v -0.249398 -0.077496 -0.118978
v -0.255439 -0.076052 -0.129513
v -0.219394 -0.062826 -0.439391
v -0.220208 -0.071298 -0.439815
v -0.225539 -0.069008 -0.431232
v -0.221603 -0.059763 -0.431562
v -0.210485 -0.070248 -0.442954
v -0.200666 -0.069203 -0.444828
v -0.182066 -0.068233 -0.447430
v -0.184306 -0.078019 -0.446637
v -0.185450 -0.082338 -0.438475
v -0.216734 -0.076242 -0.433763
v -0.203744 -0.077813 -0.427576
v -0.214353 -0.072662 -0.420177
v -0.222425 -0.070620 -0.425771
v -0.204030 -0.076085 -0.416295
v -0.360935 -0.073268 -0.252751
v -0.361951 -0.073568 -0.243605
v -0.371980 -0.073324 -0.245532
v -0.373578 -0.070972 -0.257958
v -0.361155 -0.071465 -0.261623
v -0.381121 -0.071590 -0.248555
v -0.332771 -0.074554 -0.199863
v -0.345425 -0.074611 -0.194950
v -0.354538 -0.074134 -0.218992
v -0.353955 -0.073888 -0.231521
v -0.341981 -0.074059 -0.225317
v -0.323469 -0.074472 -0.205417
v -0.387061 -0.057878 -0.113360
v -0.374350 -0.057073 -0.103497
v -0.377150 -0.073711 -0.144716
v -0.365421 -0.074923 -0.146021
v -0.366751 -0.075481 -0.138056
v -0.371873 -0.059502 -0.162067
v -0.375102 -0.060481 -0.245846
v -0.363379 -0.059842 -0.244386
v -0.361957 -0.060243 -0.253584
v -0.361753 -0.063803 -0.262323
v -0.375667 -0.063546 -0.258526
v -0.383824 -0.063676 -0.249039
v -0.258423 -0.066522 -0.175956
v -0.262877 -0.061544 -0.175717
v -0.249774 -0.069920 -0.158127
v -0.260408 -0.071918 -0.173614
v -0.234246 -0.061905 -0.169468
v -0.208343 -0.070889 -0.159459
v -0.201218 -0.073628 -0.144729
v -0.238024 -0.056386 -0.161817
v -0.242565 -0.055186 -0.219442
v -0.192921 -0.064894 -0.227242
v -0.177729 -0.075407 -0.171467
v -0.268823 -0.059439 -0.172259
v -0.273828 -0.058966 -0.168889
v -0.262657 -0.059150 -0.156873
v -0.211697 -0.046926 -0.226532
v -0.307666 -0.058741 -0.175039
v -0.297112 -0.058825 -0.180516
v -0.322820 -0.059037 -0.201396
v -0.343917 -0.059196 -0.213443
v -0.342958 -0.058938 -0.192142
v -0.328148 -0.058699 -0.170821
v -0.230138 -0.055054 -0.186529
v -0.175624 -0.038724 -0.422566
v -0.159481 -0.046657 -0.421184
v -0.214119 -0.063897 -0.416558
v -0.202239 -0.065854 -0.414571
v -0.200976 -0.057742 -0.414244
v -0.212089 -0.056799 -0.425586
v -0.220640 -0.061725 -0.423117
v -0.195556 -0.053487 -0.424780
v -0.171612 -0.040106 -0.436815
v -0.175483 -0.052055 -0.437389
v -0.179846 -0.057690 -0.447361
v -0.198476 -0.059873 -0.444520
v -0.377252 -0.054204 -0.138325
v -0.380356 -0.050995 -0.140016
v -0.375503 -0.048519 -0.140417
v -0.372328 -0.056975 -0.139989
v -0.373487 -0.058242 -0.138710
v -0.368198 -0.047281 -0.140537
v -0.347162 -0.058735 -0.144809
v -0.349683 -0.058640 -0.154452
v -0.375369 -0.061127 -0.139377
v -0.374012 -0.059159 -0.137317
v -0.371528 -0.057301 -0.140228
v -0.249948 -0.073307 -0.141976
v -0.256233 -0.073449 -0.154776
v -0.222468 -0.051902 -0.157782
v -0.243655 -0.050584 -0.135863
v -0.230377 -0.042633 -0.135670
v -0.185025 -0.046540 -0.149530
v -0.215548 -0.034754 -0.134568
v -0.176918 -0.041034 -0.128778
v -0.262960 -0.053633 -0.136442
v -0.257601 -0.043804 -0.136461
v -0.266562 -0.058216 -0.142434
v -0.383655 -0.044067 -0.140904
v -0.379602 -0.052156 -0.139883
v -0.399829 -0.030730 -0.142058
v -0.392172 -0.027884 -0.141950
v -0.398704 -0.058293 -0.051180
v -0.397364 -0.062340 -0.056246
v -0.392788 -0.070373 -0.062490
v -0.405867 -0.066096 -0.062089
v -0.405056 -0.071717 -0.065125
v -0.406732 -0.061457 -0.057193
v -0.391109 -0.074409 -0.053170
v -0.391434 -0.073010 -0.045427
v -0.392847 -0.076356 -0.061476
v -0.439400 -0.066535 -0.132591
v -0.443143 -0.064297 -0.124738
v -0.447483 -0.059598 -0.129690
v -0.441667 -0.059960 -0.132701
v -0.448582 -0.056087 -0.127992
v -0.443551 -0.060189 -0.121248
v -0.442768 -0.054512 -0.120436
v -0.442356 -0.048668 -0.127643
v -0.441822 -0.053668 -0.131730
v -0.427837 -0.056436 -0.117220
v -0.427380 -0.048743 -0.119494
v -0.427103 -0.044846 -0.126625
v -0.410617 -0.048325 -0.116424
v -0.397782 -0.047713 -0.114389
v -0.399556 -0.039526 -0.116132
v -0.426820 -0.049198 -0.134196
v -0.404823 -0.028391 -0.116280
v -0.411257 -0.030599 -0.123164
v -0.411763 -0.031002 -0.132388
v -0.408352 -0.032498 -0.139871
v -0.399501 -0.046307 -0.137547
v -0.370473 -0.045031 -0.102926
v -0.367422 -0.045445 -0.109815
v -0.377998 -0.043285 -0.112811
v -0.388025 -0.046339 -0.113499
v -0.369025 -0.039172 -0.112311
v -0.361952 -0.040041 -0.092304
v -0.372741 -0.046311 -0.093122
v -0.377053 -0.049333 -0.081922
v -0.374442 -0.040149 -0.074607
v -0.344741 -0.033705 -0.079252
v -0.340848 -0.037204 -0.090813
v -0.247343 -0.024798 -0.107376
v -0.243342 -0.033836 -0.101151
v -0.221489 -0.032075 -0.099716
v -0.248901 -0.000890 -0.110111
v -0.257770 -0.008401 -0.109207
v -0.223945 -0.012938 -0.108553
v -0.245513 0.006743 -0.114632
v -0.206906 -0.037029 -0.103539
v -0.097934 -0.059562 -0.428862
v -0.121114 -0.059256 -0.445375
v -0.150638 -0.056761 -0.448516
v -0.189073 -0.033024 -0.464076
v -0.195259 -0.034040 -0.458370
v -0.209470 -0.027867 -0.463829
v -0.194972 -0.026540 -0.466792
v -0.214947 -0.033553 -0.440218
v -0.215319 -0.032809 -0.452946
v -0.193388 -0.034988 -0.448353
v -0.171378 -0.036288 -0.447217
v -0.218841 -0.030746 -0.431757
v -0.160393 -0.041664 -0.403692
v -0.220258 -0.032322 -0.418966
v -0.428390 0.103794 -0.148529
v -0.435700 0.096368 -0.148537
v -0.447197 0.111058 -0.149544
v -0.450767 0.119484 -0.149923
v -0.441517 0.119255 -0.149572
v -0.422460 0.112925 -0.148611
v -0.483484 0.139501 -0.136079
v -0.474084 0.141350 -0.132673
v -0.473520 0.146562 -0.138165
v -0.483577 0.144561 -0.143308
v -0.487659 0.138617 -0.141057
v -0.473069 0.147300 -0.145334
v -0.482695 0.140907 -0.149087
v -0.480460 0.132743 -0.151048
v -0.486163 0.130823 -0.146577
v -0.487063 0.130270 -0.139925
v -0.208441 -0.021383 -0.452690
v -0.192960 -0.019376 -0.453814
v -0.194194 -0.020114 -0.462518
v -0.367460 -0.019423 -0.141314
v -0.378692 0.008668 -0.143161
v -0.355288 0.023640 -0.142383
v -0.339361 0.038350 -0.142452
v -0.314366 0.015794 -0.140329
v -0.290093 0.000569 -0.138834
v -0.299792 -0.015576 -0.138796
v -0.305412 -0.033313 -0.138387
v -0.337137 -0.031592 -0.139629
v -0.387579 0.127649 -0.129710
v -0.384336 0.125862 -0.138717
v -0.411576 0.143449 -0.141523
v -0.419848 0.137111 -0.129369
v -0.395170 0.123669 -0.127409
v -0.445035 0.109718 -0.128605
v -0.433735 0.091944 -0.126582
v -0.424675 0.097443 -0.126182
v -0.433909 0.117039 -0.128142
v -0.446579 0.119757 -0.129345
v -0.415254 0.105020 -0.125901
v -0.441609 0.146770 -0.135701
v -0.443372 0.141580 -0.130972
v -0.440243 0.146979 -0.143681
v -0.423342 0.112252 0.127403
v -0.405611 0.098791 0.125483
v -0.415460 0.090730 0.125381
v -0.425540 0.083812 0.125610
v -0.440247 0.106155 0.128215
v -0.444020 0.117911 0.129262
v -0.408853 -0.028395 0.116876
v -0.409873 -0.040954 0.115694
v -0.429177 -0.039613 0.118114
v -0.418163 -0.017366 0.125263
v -0.412016 -0.014488 0.118012
v -0.429761 -0.029753 0.132880
v -0.470717 -0.043989 0.123027
v -0.466898 -0.046014 0.126283
v -0.467466 -0.042543 0.127321
v -0.466416 -0.040453 0.123078
v -0.465534 -0.045369 0.122452
v -0.468210 -0.037644 0.127369
v -0.447691 -0.032311 0.131490
v -0.451036 -0.032283 0.124958
v -0.453731 -0.039081 0.134408
v -0.381218 -0.045693 0.114272
v -0.392152 -0.039986 0.115192
v -0.394923 -0.030881 0.114919
v -0.364998 -0.030199 0.113204
v -0.360957 -0.045842 0.111849
v -0.371969 -0.048496 0.112515
v -0.196080 -0.031177 0.109485
v -0.167976 -0.037066 0.105841
v -0.168006 -0.029197 0.101428
v -0.201829 -0.030893 0.098973
v -0.211193 -0.025677 0.107539
v -0.232390 -0.031405 0.098038
v -0.237533 -0.023687 0.107881
v -0.298986 -0.024665 0.138686
v -0.298016 -0.042641 0.137892
v -0.274611 -0.041439 0.136951
v -0.254955 -0.046869 0.136100
v -0.247955 -0.035811 0.135982
v -0.237751 -0.028277 0.135760
v -0.265436 -0.005615 0.137428
v -0.186631 -0.021441 0.431900
v -0.176439 -0.020079 0.429771
v -0.176804 -0.024032 0.416858
v -0.195563 -0.024759 0.426756
v -0.181612 -0.027134 0.396974
v -0.190369 -0.028140 0.399525
v -0.197442 -0.028996 0.402910
v -0.204510 -0.032747 0.407309
v -0.214306 -0.023816 0.447973
v -0.209386 -0.022870 0.443076
v -0.212716 -0.025468 0.437568
v -0.212293 -0.031127 0.436446
v -0.218186 -0.031117 0.443461
v -0.216962 -0.027560 0.452545
v -0.203238 -0.022772 0.438657
v -0.204453 -0.021511 0.448163
v -0.196085 -0.021039 0.443348
v -0.195603 -0.022337 0.435189
v -0.197865 -0.020720 0.450095
v -0.147640 -0.024142 0.391807
v -0.169860 -0.026019 0.394632
v -0.165348 -0.022443 0.415281
v -0.117471 -0.018908 0.411961
v -0.116101 -0.021912 0.393012
v -0.141894 -0.016956 0.427682
v -0.118654 -0.016434 0.425956
v -0.164167 -0.018599 0.428482
v -0.175081 -0.039240 0.121823
v -0.200091 -0.026494 0.124244
v -0.206869 -0.030671 0.133536
v -0.215591 -0.036100 0.134617
v -0.208256 -0.043774 0.134371
v -0.202625 -0.048453 0.145690
v -0.176131 -0.045860 0.141239
v -0.194765 -0.035143 0.422269
v -0.200898 -0.034824 0.431431
v -0.204165 -0.030702 0.429561
v -0.201623 -0.037301 0.407152
v -0.205068 -0.023931 0.432105
v -0.209748 -0.031118 0.457146
v -0.210372 -0.025663 0.457577
v -0.213391 -0.033852 0.446836
v -0.206813 -0.033799 0.449932
v -0.464352 -0.049008 0.124613
v -0.431929 -0.038489 0.137678
v -0.414540 -0.037625 0.139428
v -0.401049 -0.038073 0.140693
v -0.406560 -0.022266 0.142497
v -0.418555 0.002418 0.144111
v -0.426792 0.000722 0.137177
v -0.427605 0.002437 0.126900
v -0.428249 0.110058 0.147339
v -0.429146 0.120194 0.148070
v -0.447258 0.121009 0.147186
v -0.440160 0.109177 0.146814
v -0.466633 0.143998 0.133629
v -0.465007 0.134973 0.131879
v -0.471880 0.135180 0.132890
v -0.477576 0.135155 0.135248
v -0.476125 0.142797 0.137762
v -0.482243 0.141050 0.141824
v -0.482332 0.133401 0.139893
v -0.483598 0.131998 0.144676
v -0.477287 0.132719 0.147490
v -0.479830 0.141043 0.148577
v -0.468943 0.142007 0.150390
v -0.469831 0.146216 0.141958
v -0.468353 0.133820 0.150108
v -0.457861 0.135711 0.151336
v -0.457567 0.143573 0.149362
v -0.457384 0.147468 0.140403
v -0.444301 0.144123 0.147702
v -0.444200 0.146929 0.139678
v -0.444250 0.143608 0.132546
v -0.456887 0.143975 0.132173
v -0.444197 0.135160 0.130536
v -0.456271 0.135326 0.131127
v -0.444474 0.126399 0.129839
v -0.455256 0.126859 0.130820
v -0.463742 0.126042 0.131365
v -0.452954 0.117309 0.129965
v -0.460346 0.115561 0.130467
v -0.467042 0.113525 0.131062
v -0.471734 0.124994 0.132027
v -0.473110 0.111509 0.132922
v -0.477195 0.123978 0.132889
v -0.476265 0.110341 0.138214
v -0.481147 0.122625 0.137731
v -0.474898 0.110836 0.144406
v -0.480890 0.121989 0.143855
v -0.468728 0.113299 0.146033
v -0.474143 0.123884 0.146147
v -0.461971 0.116159 0.146364
v -0.466244 0.126091 0.146966
v -0.455071 0.118866 0.146697
v -0.457580 0.127891 0.148092
v -0.446861 0.128987 0.149114
v -0.445209 0.136587 0.150666
v -0.425699 0.127210 0.149213
v -0.422109 0.135187 0.149038
v -0.420096 0.142820 0.145793
v -0.388462 0.118343 0.145995
v -0.383365 0.125006 0.142061
v -0.384240 0.124981 0.134105
v -0.419892 0.144872 0.137333
v -0.388388 0.121033 0.128150
v -0.420999 0.140324 0.130685
v -0.394595 0.114914 0.126793
v -0.423313 0.131538 0.129297
v -0.400619 0.110446 0.127208
v -0.423478 0.116995 0.127772
v -0.398495 0.103364 0.126500
v -0.375370 0.082031 0.123127
v -0.382314 0.074851 0.122735
v -0.345826 0.055488 0.119228
v -0.355138 0.047619 0.118863
v -0.369324 0.036569 0.118428
v -0.393662 0.065339 0.122349
v -0.388826 0.024137 0.118742
v -0.407844 0.055146 0.122282
v -0.402075 0.017108 0.119104
v -0.418942 0.048532 0.122567
v -0.434494 0.079289 0.126015
v -0.427731 0.043762 0.122907
v -0.442342 0.075638 0.126445
v -0.453832 0.101215 0.129083
v -0.447132 0.103708 0.128637
v -0.450303 0.071915 0.127145
v -0.460897 0.098623 0.129729
v -0.456901 0.068573 0.130777
v -0.467297 0.096114 0.132072
v -0.457870 0.067607 0.139298
v -0.469909 0.094781 0.138934
v -0.453294 0.069440 0.145734
v -0.467022 0.095906 0.145102
v -0.445271 0.073045 0.146495
v -0.460197 0.098954 0.146164
v -0.436759 0.076890 0.146689
v -0.453056 0.102163 0.146417
v -0.427327 0.081802 0.146842
v -0.446685 0.105720 0.146577
v -0.417146 0.088543 0.147039
v -0.405536 0.051242 0.146123
v -0.390855 0.060810 0.146046
v -0.378740 0.070676 0.145867
v -0.407415 0.096946 0.147485
v -0.371722 0.078168 0.145294
v -0.400717 0.104366 0.147835
v -0.365995 0.085095 0.144496
v -0.394532 0.111155 0.146841
v -0.360329 0.092195 0.143250
v -0.333875 0.057817 0.142312
v -0.328264 0.065673 0.141661
v -0.325128 0.071249 0.135582
v -0.356903 0.097246 0.137980
v -0.325551 0.073225 0.125955
v -0.356566 0.099518 0.129699
v -0.330958 0.068966 0.120591
v -0.361888 0.095513 0.124041
v -0.338499 0.062095 0.119622
v -0.372522 0.090783 0.123940
v -0.295001 0.039803 0.115515
v -0.302243 0.032588 0.115211
v -0.312016 0.027027 0.115159
v -0.261519 0.000508 0.110697
v -0.277375 -0.008318 0.110505
v -0.303591 -0.013518 0.111185
v -0.325431 0.019252 0.115087
v -0.337859 -0.020368 0.112392
v -0.348366 0.007298 0.115214
v -0.373714 -0.004449 0.115897
v -0.389331 -0.009753 0.116402
v -0.401003 -0.012262 0.116880
v -0.411941 0.011987 0.119401
v -0.421474 0.006727 0.120033
v -0.436666 0.038975 0.123536
v -0.442663 0.034575 0.129373
v -0.442031 0.033471 0.139284
v -0.436241 0.036265 0.146351
v -0.408525 0.006835 0.144368
v -0.427123 0.040466 0.146245
v -0.397829 0.011313 0.144284
v -0.417237 0.045100 0.146176
v -0.383030 0.018174 0.143921
v -0.384147 -0.019429 0.142475
v -0.364634 -0.015014 0.141764
v -0.336676 -0.005085 0.141008
v -0.362079 0.030628 0.143301
v -0.315261 0.007789 0.140310
v -0.347948 0.042418 0.143154
v -0.305414 0.017191 0.140024
v -0.339493 0.050298 0.142811
v -0.299452 0.026887 0.139908
v -0.258855 0.003993 0.136932
v -0.293666 0.035632 0.139525
v -0.253647 0.011172 0.132513
v -0.290257 0.041787 0.133334
v -0.252866 0.012883 0.121834
v -0.290434 0.044000 0.122898
v -0.255346 0.009314 0.111236
v -0.223814 -0.016092 0.133706
v -0.220556 -0.013241 0.123446
v -0.221240 -0.013782 0.111336
v -0.197246 -0.028052 0.113258
v -0.170002 -0.041363 0.112952
v -0.131846 -0.043657 0.121862
v -0.130592 -0.041403 0.115902
v -0.129967 -0.034113 0.109499
v -0.086714 -0.036034 0.117648
v -0.087005 -0.029681 0.114014
v -0.087331 -0.023455 0.107564
v -0.129421 -0.025762 0.104498
v -0.087978 -0.015180 0.093241
v -0.127859 -0.017902 0.093172
v -0.166490 -0.021160 0.093151
v -0.200842 -0.023825 0.091202
v -0.127559 -0.011224 0.077327
v -0.165045 -0.014562 0.079112
v -0.199808 -0.017341 0.079758
v -0.163569 -0.011351 0.059533
v -0.199398 -0.013968 0.060121
v -0.234610 -0.015875 0.058835
v -0.234688 -0.020350 0.079006
v -0.232840 -0.025215 0.089581
v -0.267070 -0.022717 0.077945
v -0.265986 -0.029444 0.089568
v -0.264773 -0.034660 0.099639
v -0.299745 -0.032160 0.087064
v -0.299402 -0.035911 0.097964
v -0.298408 -0.036781 0.108945
v -0.264567 -0.030787 0.108289
v -0.337178 -0.037372 0.098460
v -0.336073 -0.039168 0.109945
v -0.336195 -0.034844 0.084607
v -0.300302 -0.024532 0.074512
v -0.335821 -0.026748 0.070972
v -0.364549 -0.031222 0.070063
v -0.335582 -0.021480 0.051944
v -0.364305 -0.026608 0.051707
v -0.384182 -0.032891 0.052129
v -0.382641 -0.038570 0.068060
v -0.408103 -0.036149 0.053412
v -0.406454 -0.040388 0.066785
v -0.384464 -0.035576 0.037256
v -0.408537 -0.036959 0.040066
v -0.431971 -0.040858 0.041481
v -0.407362 -0.043145 0.027176
v -0.429063 -0.045721 0.030424
v -0.405911 -0.051989 0.016390
v -0.428206 -0.052293 0.019803
v -0.404195 -0.062967 0.010840
v -0.426902 -0.063470 0.014938
v -0.402789 -0.075232 0.009076
v -0.425749 -0.074308 0.012913
v -0.401982 -0.087047 0.011459
v -0.424746 -0.084534 0.013416
v -0.401375 -0.096637 0.017216
v -0.424146 -0.092573 0.018395
v -0.401592 -0.104918 0.023525
v -0.423865 -0.100092 0.023701
v -0.401523 -0.109168 0.032625
v -0.423306 -0.105307 0.031618
v -0.401269 -0.112329 0.042787
v -0.422725 -0.108562 0.041160
v -0.400799 -0.112579 0.053987
v -0.422468 -0.109668 0.051449
v -0.437158 -0.106586 0.048846
v -0.422273 -0.107438 0.061510
v -0.436120 -0.103646 0.058175
v -0.421571 -0.102203 0.070365
v -0.435345 -0.100348 0.067634
v -0.443814 -0.097816 0.065606
v -0.434255 -0.093600 0.075098
v -0.443327 -0.092380 0.072660
v -0.434205 -0.085207 0.078782
v -0.442761 -0.084989 0.075478
v -0.434784 -0.077291 0.079642
v -0.442415 -0.077594 0.076575
v -0.449088 -0.076534 0.073802
v -0.436138 -0.069949 0.079563
v -0.423929 -0.067175 0.083838
v -0.426884 -0.059332 0.080193
v -0.421137 -0.076125 0.083881
v -0.398379 -0.076431 0.085407
v -0.399641 -0.066598 0.086307
v -0.420199 -0.085455 0.082784
v -0.397948 -0.086758 0.084017
v -0.381806 -0.086855 0.085760
v -0.381900 -0.077380 0.087002
v -0.420693 -0.094388 0.077891
v -0.374493 -0.078166 0.095096
v -0.374469 -0.068778 0.096103
v -0.382181 -0.068183 0.088140
v -0.374282 -0.087432 0.095059
v -0.377493 -0.113697 0.055552
v -0.377740 -0.116170 0.044034
v -0.360559 -0.122252 0.045021
v -0.360073 -0.121372 0.059269
v -0.377960 -0.112664 0.033349
v -0.361488 -0.120761 0.031561
v -0.378691 -0.108521 0.023728
v -0.363224 -0.113918 0.020494
v -0.335162 -0.115997 0.020124
v -0.334017 -0.122302 0.031361
v -0.332619 -0.123688 0.045795
v -0.332527 -0.121610 0.062357
v -0.294087 -0.123015 0.032590
v -0.293026 -0.124862 0.049480
v -0.294200 -0.121517 0.066903
v -0.295691 -0.115238 0.085886
v -0.332764 -0.114649 0.080131
v -0.263789 -0.117243 0.090025
v -0.266098 -0.116456 0.098964
v -0.296228 -0.114411 0.096174
v -0.245318 -0.118776 0.092769
v -0.247016 -0.117898 0.100955
v -0.247536 -0.116004 0.108433
v -0.266837 -0.114620 0.107447
v -0.230078 -0.126162 0.095447
v -0.231388 -0.124692 0.103323
v -0.231791 -0.122327 0.110342
v -0.211939 -0.133091 0.114627
v -0.210949 -0.126243 0.120531
v -0.230657 -0.116733 0.115697
v -0.247140 -0.110729 0.114188
v -0.211965 -0.136017 0.106033
v -0.182480 -0.142621 0.107374
v -0.182488 -0.139131 0.117894
v -0.211633 -0.136375 0.097186
v -0.183007 -0.144423 0.095960
v -0.148481 -0.147005 0.080259
v -0.147229 -0.148469 0.093046
v -0.147175 -0.148226 0.107536
v -0.108016 -0.149968 0.090104
v -0.107233 -0.148847 0.105232
v -0.107061 -0.146610 0.118739
v -0.147495 -0.145308 0.120259
v -0.107158 -0.142149 0.129759
v -0.147305 -0.138434 0.129277
v -0.182168 -0.133257 0.126134
v -0.146783 -0.130471 0.136528
v -0.181765 -0.124833 0.132254
v -0.209388 -0.118445 0.124297
v -0.180522 -0.115270 0.132914
v -0.206811 -0.109163 0.123866
v -0.226438 -0.101314 0.117714
v -0.228745 -0.110005 0.117559
v -0.245728 -0.103297 0.116584
v -0.265712 -0.100135 0.116531
v -0.266637 -0.108847 0.113856
v -0.294052 -0.099116 0.115499
v -0.295339 -0.107981 0.112379
v -0.296140 -0.113162 0.105107
v -0.329128 -0.106911 0.110043
v -0.330685 -0.110643 0.101189
v -0.331800 -0.111874 0.091463
v -0.352735 -0.106192 0.107683
v -0.350715 -0.097886 0.113328
v -0.327099 -0.098359 0.114412
v -0.325031 -0.088416 0.115225
v -0.348953 -0.087946 0.114466
v -0.292344 -0.089238 0.116283
v -0.290421 -0.077774 0.117211
v -0.323614 -0.077925 0.116023
v -0.324732 -0.075544 0.143945
v -0.348696 -0.076103 0.139585
v -0.347729 -0.078111 0.115148
v -0.296138 -0.074755 0.151278
v -0.275750 -0.074257 0.156362
v -0.298196 -0.074129 0.189016
v -0.311411 -0.074349 0.182413
v -0.332613 -0.074645 0.174707
v -0.352430 -0.074828 0.170058
v -0.368704 -0.073855 0.202574
v -0.368835 -0.073553 0.226444
v -0.379434 -0.072766 0.227696
v -0.378736 -0.073193 0.202764
v -0.388077 -0.070058 0.228149
v -0.388699 -0.071945 0.203410
v -0.388631 -0.071944 0.172459
v -0.389084 -0.062546 0.203581
v -0.389142 -0.061795 0.174800
v -0.388991 -0.061560 0.161288
v -0.388761 -0.072101 0.158313
v -0.379425 -0.059422 0.175983
v -0.379438 -0.059306 0.162305
v -0.368534 -0.058988 0.176516
v -0.368121 -0.058835 0.163041
v -0.369047 -0.058794 0.154224
v -0.353445 -0.058558 0.163923
v -0.353448 -0.058508 0.154762
v -0.329734 -0.058638 0.164473
v -0.329115 -0.058516 0.155355
v -0.329175 -0.058406 0.147097
v -0.301395 -0.058813 0.155687
v -0.300389 -0.058393 0.147037
v -0.299066 -0.057646 0.138060
v -0.329561 -0.058159 0.139257
v -0.329530 -0.044889 0.139119
v -0.329762 -0.029890 0.139711
v -0.358382 -0.034319 0.140622
v -0.378223 -0.037379 0.141210
v -0.390051 -0.038420 0.141345
v -0.396079 -0.020982 0.142752
v -0.398935 -0.051387 0.139875
v -0.413788 -0.049964 0.139069
v -0.414080 -0.060249 0.134593
v -0.398571 -0.063635 0.136337
v -0.413925 -0.061753 0.123438
v -0.434425 -0.056754 0.123828
v -0.432541 -0.050466 0.118347
v -0.412662 -0.055224 0.115984
v -0.434048 -0.055693 0.133096
v -0.455112 -0.050874 0.130283
v -0.454838 -0.051488 0.124119
v -0.432614 -0.048442 0.137907
v -0.455151 -0.045611 0.134620
v -0.454003 -0.046895 0.120940
v -0.452740 -0.039882 0.121233
v -0.279869 -0.058625 0.147798
v -0.277826 -0.057383 0.137197
v -0.266612 -0.058863 0.148977
v -0.263039 -0.057990 0.136658
v -0.282974 -0.059114 0.157803
v -0.270659 -0.059411 0.161139
v -0.304279 -0.058929 0.166170
v -0.288126 -0.059138 0.169026
v -0.277329 -0.059425 0.173117
v -0.301542 -0.059042 0.188946
v -0.292937 -0.059383 0.194942
v -0.317403 -0.059505 0.223274
v -0.310601 -0.061876 0.229856
v -0.336341 -0.059675 0.242991
v -0.330264 -0.062588 0.250646
v -0.328658 -0.069681 0.253101
v -0.308542 -0.069627 0.231646
v -0.333611 -0.073582 0.246338
v -0.315196 -0.073693 0.225851
v -0.340430 -0.073971 0.237978
v -0.323518 -0.074177 0.219052
v -0.350100 -0.072978 0.256775
v -0.353237 -0.073650 0.246582
v -0.364976 -0.073381 0.249078
v -0.367212 -0.073473 0.239540
v -0.378809 -0.072614 0.241669
v -0.388930 -0.068292 0.244055
v -0.348399 -0.069238 0.265684
v -0.348822 -0.062708 0.261201
v -0.351100 -0.060067 0.251573
v -0.363954 -0.060556 0.253043
v -0.363646 -0.059784 0.242728
v -0.363635 -0.059511 0.227123
v -0.359871 -0.059124 0.202764
v -0.370504 -0.059348 0.203083
v -0.380060 -0.059880 0.203400
v -0.354914 -0.058725 0.176845
v -0.334334 -0.058709 0.178442
v -0.313878 -0.058890 0.183306
v -0.205142 -0.099555 0.121727
v -0.225120 -0.092972 0.118481
v -0.205591 -0.089473 0.119652
v -0.223778 -0.082756 0.118761
v -0.205087 -0.080432 0.120324
v -0.222466 -0.073288 0.119745
v -0.204753 -0.075335 0.126371
v -0.220605 -0.070241 0.127512
v -0.205244 -0.074170 0.135918
v -0.220617 -0.069383 0.137143
v -0.206286 -0.072865 0.146666
v -0.220912 -0.068475 0.149766
v -0.207154 -0.071164 0.160901
v -0.220414 -0.067055 0.166705
v -0.208490 -0.068151 0.182181
v -0.220349 -0.064282 0.185595
v -0.208829 -0.065285 0.204674
v -0.220014 -0.061114 0.206577
v -0.230413 -0.058838 0.208447
v -0.218194 -0.056468 0.240360
v -0.227977 -0.055118 0.242202
v -0.237373 -0.053959 0.244094
v -0.240188 -0.057281 0.213435
v -0.236451 -0.051432 0.244024
v -0.238493 -0.054220 0.213173
v -0.237326 -0.055441 0.195806
v -0.227010 -0.050042 0.243097
v -0.229559 -0.052928 0.210331
v -0.230510 -0.055008 0.187889
v -0.222425 -0.051882 0.209037
v -0.227821 -0.054317 0.187810
v -0.212165 -0.047092 0.207496
v -0.215511 -0.049096 0.184709
v -0.217757 -0.050498 0.168251
v -0.199115 -0.047533 0.179040
v -0.200730 -0.048316 0.159963
v -0.169743 -0.044658 0.173826
v -0.171697 -0.045420 0.153312
v -0.128524 -0.043069 0.171369
v -0.130018 -0.043734 0.150365
v -0.131935 -0.044142 0.138015
v -0.084346 -0.042850 0.152044
v -0.085665 -0.043154 0.139741
v -0.086546 -0.043144 0.130933
v -0.134711 -0.044365 0.130585
v -0.086580 -0.041766 0.123497
v -0.042323 -0.042721 0.131874
v -0.042958 -0.041681 0.123264
v -0.043628 -0.035281 0.120168
v -0.001278 -0.041252 0.126406
v -0.002253 -0.034056 0.122828
v -0.003079 -0.026003 0.117120
v -0.044024 -0.027715 0.115902
v -0.003894 -0.016698 0.105059
v -0.044797 -0.019983 0.106395
v -0.004867 -0.007266 0.085845
v -0.045863 -0.010998 0.090288
v -0.004602 -0.003980 0.067778
v -0.046705 -0.005426 0.068968
v -0.089701 -0.008274 0.073652
v -0.047022 -0.004343 0.055001
v -0.091690 -0.006541 0.054346
v -0.128338 -0.009011 0.056734
v -0.091989 -0.008648 0.043683
v -0.128982 -0.011077 0.039323
v -0.161565 -0.012715 0.037393
v -0.199714 -0.020061 0.022383
v -0.199751 -0.014953 0.036828
v -0.235318 -0.021665 0.021732
v -0.234952 -0.016777 0.036201
v -0.268584 -0.022689 0.021565
v -0.267897 -0.018886 0.035758
v -0.267330 -0.017250 0.056783
v -0.301528 -0.021387 0.035103
v -0.300838 -0.018688 0.054180
v -0.336020 -0.023919 0.033912
v -0.302266 -0.025730 0.021356
v -0.365033 -0.027175 0.034451
v -0.268124 -0.029876 0.013499
v -0.301592 -0.033741 0.012794
v -0.267565 -0.034397 0.004228
v -0.300913 -0.038715 0.003822
v -0.268283 -0.033743 -0.005507
v -0.301704 -0.037814 -0.006432
v -0.270339 -0.028097 -0.014205
v -0.304075 -0.030806 -0.013920
v -0.338648 -0.035276 -0.014052
v -0.305898 -0.022552 -0.025292
v -0.340595 -0.025877 -0.026263
v -0.371335 -0.032081 -0.028351
v -0.369366 -0.041202 -0.015934
v -0.397155 -0.039154 -0.031109
v -0.395907 -0.046157 -0.019300
v -0.419348 -0.041717 -0.031596
v -0.419088 -0.049632 -0.022052
v -0.419281 -0.057962 -0.014064
v -0.436359 -0.067734 -0.016065
v -0.419045 -0.068050 -0.010827
v -0.437300 -0.077447 -0.015801
v -0.419046 -0.079076 -0.010844
v -0.437253 -0.089236 -0.018387
v -0.419623 -0.091492 -0.015061
v -0.436623 -0.099283 -0.027205
v -0.420868 -0.102905 -0.024742
v -0.436604 -0.105056 -0.039716
v -0.421820 -0.109404 -0.038576
v -0.398818 -0.112284 -0.038117
v -0.374316 -0.118268 -0.036630
v -0.421922 -0.110538 -0.052349
v -0.398956 -0.113103 -0.053552
v -0.374279 -0.118192 -0.054464
v -0.397960 -0.108440 -0.067780
v -0.345219 -0.122857 -0.055122
v -0.343521 -0.122957 -0.036036
v -0.307874 -0.124007 -0.057012
v -0.304925 -0.124536 -0.039220
v -0.302776 -0.120129 -0.023455
v -0.300533 -0.112933 -0.013842
v -0.258118 -0.116916 -0.017127
v -0.255797 -0.110636 -0.008107
v -0.298227 -0.106741 -0.005738
v -0.214723 -0.120331 -0.021237
v -0.212174 -0.114727 -0.010459
v -0.210232 -0.114458 0.000338
v -0.254402 -0.112338 0.001694
v -0.168800 -0.120694 -0.023124
v -0.166149 -0.117334 -0.012908
v -0.164029 -0.118194 -0.001207
v -0.163251 -0.117050 0.011937
v -0.209401 -0.115358 0.012173
v -0.119698 -0.120552 -0.014014
v -0.117480 -0.123574 -0.002141
v -0.116695 -0.121363 0.013038
v -0.074368 -0.128087 -0.003534
v -0.073424 -0.126835 0.013437
v -0.073125 -0.122059 0.024312
v -0.117037 -0.120073 0.025612
v -0.162947 -0.120688 0.024757
v -0.208427 -0.121671 0.023518
v -0.117087 -0.122975 0.035693
v -0.161220 -0.124638 0.035646
v -0.115966 -0.123698 0.044710
v -0.158492 -0.125472 0.046430
v -0.113952 -0.130464 0.051263
v -0.155183 -0.130128 0.054123
v -0.112188 -0.139246 0.057100
v -0.152870 -0.138197 0.059777
v -0.110905 -0.145421 0.065822
v -0.150480 -0.144529 0.069003
v -0.109492 -0.147877 0.077098
v -0.069384 -0.144989 0.063217
v -0.067979 -0.147661 0.074131
v -0.066466 -0.149639 0.087187
v -0.025081 -0.146592 0.070807
v -0.023881 -0.147144 0.084371
v -0.022675 -0.146900 0.099890
v -0.065145 -0.148298 0.102621
v -0.021862 -0.145638 0.113991
v -0.064415 -0.146072 0.116579
v -0.021203 -0.142234 0.125784
v -0.064055 -0.143164 0.128982
v -0.020616 -0.135739 0.134367
v -0.063927 -0.135082 0.136860
v -0.107221 -0.133761 0.136935
v -0.063773 -0.125714 0.141575
v -0.107036 -0.123561 0.139916
v -0.145966 -0.120414 0.137720
v -0.106462 -0.112704 0.139676
v -0.144880 -0.109484 0.136255
v -0.178981 -0.103981 0.130732
v -0.143469 -0.098692 0.133448
v -0.178463 -0.094452 0.125657
v -0.142249 -0.090797 0.128846
v -0.178181 -0.085613 0.121912
v -0.141610 -0.083976 0.127517
v -0.178479 -0.078738 0.126578
v -0.142547 -0.082342 0.136920
v -0.179966 -0.078005 0.135313
v -0.143889 -0.081441 0.146610
v -0.181534 -0.077138 0.145271
v -0.145683 -0.080373 0.158085
v -0.183457 -0.075971 0.157821
v -0.148042 -0.078436 0.173747
v -0.185951 -0.073329 0.175522
v -0.153397 -0.072858 0.205967
v -0.189128 -0.068713 0.204280
v -0.159290 -0.066194 0.243349
v -0.190866 -0.063316 0.241155
v -0.207305 -0.060720 0.239412
v -0.190483 -0.057295 0.282881
v -0.204788 -0.054751 0.283393
v -0.214246 -0.051578 0.283892
v -0.201783 -0.048956 0.325826
v -0.210286 -0.046503 0.327110
v -0.218970 -0.045139 0.328711
v -0.223519 -0.050258 0.285185
v -0.227371 -0.043803 0.330335
v -0.232311 -0.049077 0.286594
v -0.226118 -0.041545 0.330068
v -0.231406 -0.046562 0.286487
v -0.217116 -0.039694 0.328433
v -0.222080 -0.044906 0.285389
v -0.208124 -0.038509 0.326739
v -0.212856 -0.043738 0.284680
v -0.217976 -0.048943 0.242557
v -0.203142 -0.039948 0.284067
v -0.208155 -0.043987 0.242496
v -0.188396 -0.038352 0.283134
v -0.192997 -0.042154 0.242820
v -0.196585 -0.045229 0.206989
v -0.164070 -0.039528 0.243357
v -0.167790 -0.042546 0.205706
v -0.123375 -0.036797 0.250392
v -0.126075 -0.040833 0.206636
v -0.087674 -0.036511 0.250167
v -0.084620 -0.040228 0.210791
v -0.083848 -0.042208 0.173899
v -0.046640 -0.039677 0.219761
v -0.042116 -0.041852 0.180846
v -0.040644 -0.042324 0.155433
v -0.009278 -0.042295 0.191064
v -0.002156 -0.042699 0.161343
v -0.000691 -0.042564 0.145214
v -0.041461 -0.042593 0.141809
v -0.000740 -0.042465 0.135057
v 0.034174 -0.043518 0.148769
v 0.037247 -0.043367 0.138236
v 0.037751 -0.040860 0.129578
v 0.065276 -0.045140 0.141260
v 0.069335 -0.042924 0.131991
v 0.071902 -0.035902 0.124689
v 0.037961 -0.034419 0.123174
v 0.074421 -0.026590 0.117083
v 0.038326 -0.026234 0.116257
v 0.078102 -0.013740 0.102227
v 0.037928 -0.014072 0.103024
v 0.080777 -0.005469 0.081874
v 0.037399 -0.004382 0.082150
v 0.082897 -0.004403 0.071199
v 0.038269 -0.003359 0.069142
v 0.093832 -0.004641 0.063528
v 0.041382 -0.003330 0.060690
v -0.003922 -0.003774 0.057863
v 0.050268 -0.002278 0.053286
v -0.002557 -0.003338 0.050014
v -0.047244 -0.004910 0.047527
v -0.003283 -0.002292 0.041730
v -0.047915 -0.005876 0.041446
v -0.050960 -0.006818 0.034776
v -0.004467 0.003848 0.039072
v -0.053666 0.002643 0.029088
v -0.004681 0.012633 0.034357
v -0.007084 0.020675 0.025791
v -0.064678 0.007417 0.020619
v -0.009174 0.025527 0.015102
v -0.067338 0.011261 0.010828
v -0.118829 -0.007508 0.013909
v -0.086895 0.008639 0.001005
v -0.017397 0.026552 0.001899
v -0.011996 0.026228 -0.010381
v -0.078603 0.008659 -0.011057
v -0.120336 -0.009983 -0.017191
v -0.054550 0.011408 -0.020044
v -0.103585 -0.003630 -0.017187
v -0.120107 -0.009664 -0.017357
v -0.094828 -0.005010 -0.022592
v -0.120151 -0.010510 -0.017937
v -0.090439 -0.007886 -0.027749
v -0.120295 -0.013233 -0.019803
v -0.089160 -0.008998 -0.036417
v -0.119807 -0.012597 -0.031249
v -0.137372 -0.014503 -0.028250
v -0.119755 -0.009890 -0.042141
v -0.142386 -0.011123 -0.041597
v -0.175142 -0.012971 -0.042343
v -0.168476 -0.016614 -0.025529
v -0.208531 -0.014774 -0.043425
v -0.205616 -0.018694 -0.023387
v -0.202681 -0.024516 -0.014036
v -0.239581 -0.020025 -0.023613
v -0.237586 -0.026105 -0.014293
v -0.235547 -0.030275 -0.005291
v -0.198985 -0.025867 -0.005107
v -0.234659 -0.030422 0.003972
v -0.195893 -0.025533 0.003743
v -0.234843 -0.027356 0.012912
v -0.198666 -0.024572 0.012784
v -0.272029 -0.021659 -0.023983
v -0.240851 -0.016106 -0.043555
v -0.272816 -0.017556 -0.043616
v -0.305929 -0.019639 -0.043733
v -0.273940 -0.019447 -0.065798
v -0.306947 -0.021391 -0.064792
v -0.341285 -0.024367 -0.063725
v -0.340979 -0.022196 -0.044001
v -0.372530 -0.030567 -0.060798
v -0.371480 -0.029656 -0.044256
v -0.397466 -0.035426 -0.057344
v -0.398064 -0.033899 -0.043564
v -0.419481 -0.038057 -0.054911
v -0.419715 -0.037126 -0.042697
v -0.434817 -0.041364 -0.052398
v -0.434386 -0.041197 -0.041268
v -0.418892 -0.042361 -0.067006
v -0.435257 -0.043937 -0.064025
v -0.446264 -0.047800 -0.060121
v -0.434970 -0.051214 -0.072701
v -0.445774 -0.053463 -0.069072
v -0.452401 -0.057040 -0.064820
v -0.453159 -0.052902 -0.057363
v -0.445516 -0.059390 -0.061410
v -0.446067 -0.055869 -0.054871
v -0.435806 -0.059651 -0.060256
v -0.436251 -0.056177 -0.053675
v -0.436320 -0.054837 -0.045840
v -0.426725 -0.055996 -0.052869
v -0.426995 -0.055066 -0.045385
v -0.426841 -0.057649 -0.037615
v -0.435983 -0.057042 -0.037585
v -0.426608 -0.063428 -0.031895
v -0.436044 -0.063303 -0.031504
v -0.426365 -0.070595 -0.028931
v -0.436285 -0.071738 -0.028215
v -0.426129 -0.077881 -0.028531
v -0.436064 -0.078553 -0.028089
v -0.425784 -0.084675 -0.030218
v -0.435788 -0.084930 -0.029432
v -0.425497 -0.089300 -0.035728
v -0.435395 -0.089537 -0.035233
v -0.425410 -0.092434 -0.042822
v -0.435186 -0.093366 -0.042292
v -0.444253 -0.093344 -0.042123
v -0.450871 -0.096136 -0.041120
v -0.435753 -0.093784 -0.050134
v -0.445462 -0.093799 -0.049661
v -0.452564 -0.096963 -0.049586
v -0.446791 -0.102583 -0.051633
v -0.445318 -0.101166 -0.040427
v -0.446102 -0.091681 -0.057702
v -0.453942 -0.093972 -0.059551
v -0.446939 -0.099425 -0.061470
v -0.435911 -0.102248 -0.062958
v -0.436338 -0.106285 -0.052112
v -0.453192 -0.088869 -0.065756
v -0.446828 -0.092771 -0.070352
v -0.435780 -0.094896 -0.073036
v -0.419728 -0.097091 -0.076188
v -0.421045 -0.105545 -0.065087
v -0.446401 -0.082687 -0.075505
v -0.435229 -0.083973 -0.078983
v -0.418241 -0.085606 -0.083487
v -0.395614 -0.087333 -0.085974
v -0.396169 -0.098979 -0.079457
v -0.435176 -0.072555 -0.081624
v -0.417536 -0.073156 -0.084758
v -0.394125 -0.074023 -0.087723
v -0.378139 -0.074657 -0.089008
v -0.417756 -0.061025 -0.082747
v -0.394378 -0.060558 -0.086309
v -0.378459 -0.060266 -0.087588
v -0.374279 -0.058275 -0.094738
v -0.374250 -0.074674 -0.095471
v -0.395172 -0.049919 -0.079855
v -0.418510 -0.050256 -0.076918
v -0.396266 -0.041338 -0.070140
v -0.434766 -0.061564 -0.078269
v -0.446233 -0.072317 -0.077280
v -0.445787 -0.062067 -0.075220
v -0.452880 -0.071935 -0.071062
v -0.452486 -0.063660 -0.069641
v -0.446092 -0.072263 -0.066922
v -0.445613 -0.065077 -0.065633
v -0.436509 -0.072458 -0.066763
v -0.436036 -0.065226 -0.064931
v -0.426647 -0.072170 -0.066831
v -0.426266 -0.065254 -0.064537
v -0.426209 -0.059905 -0.059263
v -0.416208 -0.065495 -0.063519
v -0.416411 -0.060562 -0.058186
v -0.416722 -0.056375 -0.052298
v -0.407430 -0.057390 -0.051498
v -0.407886 -0.055817 -0.044509
v -0.417112 -0.055490 -0.044929
v -0.407753 -0.058792 -0.037798
v -0.417077 -0.058253 -0.037613
v -0.407031 -0.063808 -0.032733
v -0.416670 -0.063534 -0.032037
v -0.406395 -0.070254 -0.030558
v -0.416286 -0.070213 -0.029593
v -0.416043 -0.077228 -0.029275
v -0.415759 -0.084139 -0.030615
v -0.415481 -0.088468 -0.036218
v -0.404917 -0.089687 -0.043315
v -0.415236 -0.091163 -0.043193
v -0.415265 -0.092379 -0.050550
v -0.425775 -0.093348 -0.050290
v -0.415525 -0.090115 -0.057446
v -0.426050 -0.091309 -0.057487
v -0.436098 -0.091599 -0.057407
v -0.426213 -0.086145 -0.062990
v -0.436121 -0.087067 -0.063377
v -0.446081 -0.087253 -0.063846
v -0.436437 -0.079840 -0.066081
v -0.446552 -0.080011 -0.066112
v -0.453301 -0.080980 -0.070246
v -0.426519 -0.079357 -0.065910
v -0.415658 -0.084864 -0.062346
v -0.415813 -0.078669 -0.065482
v -0.416055 -0.071854 -0.066193
v -0.404879 -0.077732 -0.064658
v -0.395433 -0.086393 -0.043471
v -0.392007 -0.079470 -0.044717
v -0.392683 -0.071850 -0.038448
v -0.397570 -0.070784 -0.033035
v -0.308220 -0.028825 -0.080538
v -0.274301 -0.025288 -0.082369
v -0.273547 -0.032361 -0.091707
v -0.307127 -0.034621 -0.090729
v -0.272613 -0.035198 -0.102283
v -0.305651 -0.036209 -0.101888
v -0.337704 -0.038204 -0.101693
v -0.304133 -0.031435 -0.109396
v -0.335013 -0.035977 -0.110458
v -0.355118 -0.040498 -0.109312
v -0.358070 -0.040364 -0.102027
v -0.334328 -0.026016 -0.111260
v -0.355352 -0.032696 -0.111907
v -0.333932 -0.014702 -0.112162
v -0.357152 -0.022889 -0.112922
v -0.372366 -0.030484 -0.113336
v -0.361061 -0.010208 -0.114206
v -0.377748 -0.017706 -0.114755
v -0.388036 -0.021971 -0.115035
v -0.381852 -0.034853 -0.113628
v -0.396559 -0.025234 -0.115281
v -0.390601 -0.037722 -0.114142
v -0.398150 -0.000635 -0.117383
v -0.406657 -0.004617 -0.117638
v -0.414841 -0.008883 -0.118147
v -0.420970 0.025627 -0.120722
v -0.429024 0.021884 -0.120961
v -0.434368 0.019061 -0.125779
v -0.420373 -0.012130 -0.123650
v -0.435184 0.017989 -0.134625
v -0.420624 -0.012625 -0.132956
v -0.432763 0.019066 -0.142946
v -0.417852 -0.011776 -0.141199
v -0.425663 0.022636 -0.145177
v -0.411050 -0.008363 -0.143448
v -0.417206 0.026939 -0.145095
v -0.402644 -0.003960 -0.143444
v -0.408565 0.031410 -0.145039
v -0.393419 0.000811 -0.143413
v -0.383166 -0.025025 -0.141760
v -0.377567 -0.041033 -0.140802
v -0.367245 -0.038030 -0.140618
v -0.344877 -0.047250 -0.139113
v -0.307809 -0.046606 -0.137818
v -0.310115 -0.055869 -0.137248
v -0.347144 -0.056354 -0.137896
v -0.313935 -0.058212 -0.146942
v -0.287161 -0.058281 -0.150651
v -0.294052 -0.058507 -0.161272
v -0.318897 -0.058559 -0.157677
v -0.283166 -0.058226 -0.140848
v -0.273011 -0.058533 -0.154024
v -0.279994 -0.049775 -0.137157
v -0.277257 -0.037530 -0.137305
v -0.272613 -0.024884 -0.137456
v -0.251107 -0.034838 -0.136397
v -0.264902 -0.013239 -0.137377
v -0.242931 -0.025660 -0.136213
v -0.257088 -0.004445 -0.136969
v -0.233984 -0.016770 -0.135134
v -0.206458 -0.028651 -0.133110
v -0.168380 -0.043384 -0.120672
v -0.226790 -0.009173 -0.128456
v -0.200082 -0.025033 -0.120971
v -0.163356 -0.042995 -0.112261
v -0.124383 -0.038701 -0.113528
v -0.126691 -0.042265 -0.119590
v -0.201108 -0.027063 -0.109043
v -0.161545 -0.035932 -0.105369
v -0.123054 -0.032298 -0.109128
v -0.085720 -0.029699 -0.113249
v -0.085789 -0.036569 -0.116613
v -0.158254 -0.029436 -0.102927
v -0.122328 -0.025958 -0.104304
v -0.085705 -0.023806 -0.107093
v -0.046566 -0.022489 -0.109005
v -0.046187 -0.028844 -0.116068
v -0.121009 -0.017435 -0.093992
v -0.086015 -0.015255 -0.093830
v -0.047072 -0.012894 -0.093928
v -0.007867 -0.011350 -0.094640
v -0.007152 -0.021486 -0.111525
v -0.087311 -0.007523 -0.074674
v -0.047839 -0.005424 -0.072101
v -0.008370 -0.004033 -0.072205
v 0.029042 -0.003144 -0.074290
v 0.030373 -0.009793 -0.094354
v 0.070008 -0.009995 -0.095347
v 0.068415 -0.023840 -0.112900
v 0.031435 -0.021766 -0.112563
v 0.070389 -0.004582 -0.077683
v 0.103886 -0.008719 -0.082147
v 0.101080 -0.013434 -0.098330
v 0.070922 -0.003384 -0.067362
v 0.105416 -0.007156 -0.070087
v 0.127069 -0.009883 -0.072739
v 0.124047 -0.011381 -0.086227
v 0.071369 -0.002771 -0.056410
v 0.106564 -0.005042 -0.058762
v 0.130101 -0.008268 -0.060621
v 0.141398 -0.012153 -0.074966
v 0.107719 0.002498 -0.050267
v 0.133893 0.001327 -0.051437
v 0.109322 0.014384 -0.045217
v 0.136654 0.018860 -0.043995
v 0.161723 0.024170 -0.040526
v 0.189245 0.030506 -0.037311
v 0.137049 0.036415 -0.035023
v 0.162763 0.041696 -0.033418
v 0.191658 0.046541 -0.033647
v 0.228500 0.048601 -0.032348
v 0.223808 0.033681 -0.038234
v 0.163385 0.053594 -0.024434
v 0.194180 0.056586 -0.024856
v 0.231838 0.057474 -0.025495
v 0.271545 0.044335 -0.020413
v 0.267845 0.036877 -0.027610
v 0.196733 0.063064 -0.014318
v 0.234206 0.064221 -0.016134
v 0.273769 0.049280 -0.012459
v 0.301526 0.031982 -0.008403
v 0.299984 0.027038 -0.016427
v 0.235928 0.064500 -0.005174
v 0.274357 0.050003 -0.002927
v 0.300568 0.032880 0.000546
v 0.317338 0.020189 0.003348
v 0.318402 0.019978 -0.005708
v 0.274008 0.048460 0.007314
v 0.298953 0.031423 0.009862
v 0.315911 0.018757 0.013861
v 0.325990 0.005970 0.016613
v 0.327430 0.006234 0.014002
v 0.297937 0.029251 0.018706
v 0.312391 0.018635 0.020688
v 0.319833 0.012547 0.021029
v 0.306126 0.013823 0.027965
v 0.310917 0.007747 0.029080
v 0.313817 0.002862 0.032690
v 0.320542 0.005262 0.024614
v 0.299856 0.005987 0.033348
v 0.307612 0.002426 0.034450
v 0.295300 0.023873 0.026857
v 0.290603 0.017104 0.032242
v 0.288994 0.005405 0.037625
v 0.283223 0.011403 0.037385
v 0.271954 0.039427 0.026754
v 0.273579 0.045493 0.017556
v 0.238256 0.062756 0.018612
v 0.238223 0.055287 0.028906
v 0.202479 0.064762 0.017758
v 0.202042 0.059162 0.027309
v 0.201848 0.048550 0.032855
v 0.169715 0.055854 0.023592
v 0.171499 0.046231 0.032710
v 0.174866 0.028311 0.038301
v 0.201967 0.032388 0.038205
v 0.175500 0.003514 0.050997
v 0.199425 0.002849 0.049111
v 0.173295 -0.018798 0.058302
v 0.193098 -0.021316 0.058246
v 0.225112 -0.027329 0.058311
v 0.270243 -0.040810 0.058906
v 0.185439 -0.046281 0.058393
v 0.218259 -0.051670 0.058031
v 0.261893 -0.059956 0.057958
v 0.298424 -0.067370 0.055453
v 0.302438 -0.050674 0.058242
v 0.212156 -0.075049 0.055552
v 0.256332 -0.079312 0.053583
v 0.295566 -0.083650 0.050536
v 0.252649 -0.094303 0.047253
v 0.293067 -0.095671 0.043107
v 0.331515 -0.095901 0.039574
v 0.290038 -0.104183 0.033018
v 0.324496 -0.102989 0.030476
v 0.349321 -0.104372 0.019472
v 0.340045 -0.106962 0.017754
v 0.336827 -0.110113 0.000320
v 0.348957 -0.108251 -0.000861
v 0.337509 -0.107346 -0.017904
v 0.340361 -0.101011 -0.030411
v 0.373687 -0.099458 -0.027291
v 0.315815 -0.109788 -0.017248
v 0.314125 -0.103454 -0.030531
v 0.312976 -0.095909 -0.040814
v 0.343218 -0.092655 -0.039989
v 0.379403 -0.091929 -0.035466
v 0.420225 -0.088295 -0.023017
v 0.413802 -0.093951 -0.013939
v 0.345791 -0.082603 -0.046153
v 0.382336 -0.082174 -0.041769
v 0.422916 -0.080302 -0.029913
v 0.455673 -0.077315 -0.018382
v 0.455175 -0.080135 -0.012643
v 0.385459 -0.069124 -0.046307
v 0.423978 -0.070320 -0.033572
v 0.456041 -0.071984 -0.021694
v 0.473755 -0.072928 -0.014615
v 0.425318 -0.059784 -0.034254
v 0.456387 -0.065599 -0.022165
v 0.473132 -0.068002 -0.014129
v 0.479869 -0.069190 -0.009571
v 0.479532 -0.071852 -0.009155
v 0.457189 -0.058587 -0.021181
v 0.473440 -0.063203 -0.013205
v 0.480620 -0.065760 -0.008820
v 0.474582 -0.059532 -0.011559
v 0.481557 -0.062986 -0.007315
v 0.476063 -0.056102 -0.008798
v 0.482486 -0.060994 -0.004629
v 0.485554 -0.062874 -0.001620
v 0.487997 -0.063883 0.001402
v 0.482921 -0.059819 -0.001302
v 0.485121 -0.061461 0.001766
v 0.485850 -0.062671 0.004680
v 0.482882 -0.060232 0.005042
v 0.482331 -0.061076 0.007946
v 0.481874 -0.062892 0.010617
v 0.486139 -0.063563 0.007169
v 0.489552 -0.064276 0.003867
v 0.484844 -0.065585 0.007362
v 0.480295 -0.065541 0.009892
v 0.478622 -0.068258 0.008332
v 0.483144 -0.067713 0.005934
v 0.477441 -0.070747 0.006066
v 0.482372 -0.069541 0.003649
v 0.476642 -0.072434 0.002873
v 0.479930 -0.071465 0.001293
v 0.476567 -0.073217 -0.000105
v 0.479653 -0.072004 -0.001247
v 0.481737 -0.071318 -0.005613
v 0.470549 -0.074685 0.004963
v 0.470230 -0.075907 0.000684
v 0.455409 -0.080349 0.007909
v 0.455281 -0.082257 0.000820
v 0.454571 -0.081757 -0.005839
v 0.422358 -0.094258 -0.001773
v 0.426146 -0.091475 0.010292
v 0.455515 -0.076005 0.014101
v 0.428139 -0.082719 0.022071
v 0.401369 -0.088271 0.031283
v 0.394385 -0.099652 0.016714
v 0.430529 -0.073775 0.030971
v 0.403551 -0.074032 0.040651
v 0.378837 -0.068474 0.047622
v 0.405258 -0.060706 0.044221
v 0.380930 -0.053014 0.051127
v 0.356877 -0.046681 0.052983
v 0.356068 -0.064160 0.052749
v 0.332182 -0.041477 0.053934
v 0.331152 -0.056456 0.055637
v 0.306516 -0.035284 0.053435
v 0.333966 -0.029723 0.050427
v 0.310398 -0.024177 0.049139
v 0.336286 -0.020209 0.046283
v 0.315233 -0.015436 0.045331
v 0.297794 -0.006775 0.042956
v 0.323075 -0.008483 0.037181
v 0.303548 -0.000796 0.038901
v 0.297395 0.004799 0.036244
v 0.303294 0.004133 0.036037
v 0.299900 0.005439 0.033750
v 0.293925 0.005427 0.036200
v 0.290594 0.005150 0.037554
v 0.292249 0.003262 0.039085
v 0.284712 0.005455 0.038395
v 0.289524 0.002486 0.040401
v 0.340557 0.000437 0.018969
v 0.335229 0.004862 -0.008973
v 0.327994 0.012359 0.001193
v 0.340261 -0.012193 0.036254
v 0.347832 -0.004116 0.021191
v 0.357304 -0.012154 0.032584
v 0.357265 -0.023513 0.045842
v 0.380934 -0.029255 0.042323
v 0.379179 -0.019333 0.033912
v 0.406065 -0.035935 0.037043
v 0.405513 -0.025919 0.030059
v 0.357131 -0.034337 0.050069
v 0.381100 -0.040949 0.046786
v 0.405781 -0.047903 0.041029
v 0.431773 -0.053198 0.033278
v 0.432603 -0.043285 0.029878
v 0.431927 -0.064137 0.035413
v 0.458247 -0.064174 0.023041
v 0.459406 -0.057694 0.023751
v 0.456665 -0.070801 0.019334
v 0.472261 -0.069163 0.012068
v 0.473725 -0.065220 0.014125
v 0.471299 -0.072288 0.008711
v 0.475415 -0.061182 0.014712
v 0.475611 -0.058038 0.012188
v 0.459797 -0.051743 0.020629
v 0.475887 -0.056305 0.008663
v 0.459750 -0.047454 0.014973
v 0.433650 -0.035077 0.023559
v 0.434026 -0.029415 0.015459
v 0.403479 -0.019733 0.019274
v 0.433614 -0.025950 0.005190
v 0.401057 -0.014694 0.005215
v 0.432218 -0.027430 -0.005738
v 0.397508 -0.014503 -0.009465
v 0.358082 -0.006418 -0.012226
v 0.357539 -0.006270 -0.020587
v 0.357262 -0.016250 -0.036313
v 0.323114 -0.004610 -0.035205
v 0.313191 0.007388 -0.026294
v 0.296895 0.019946 -0.025694
v 0.315986 0.014886 -0.014983
v 0.323849 0.008504 -0.015670
v 0.290431 0.007801 -0.035038
v 0.260224 0.024911 -0.036683
v 0.281043 -0.010098 -0.047111
v 0.247004 -0.000401 -0.045713
v 0.214666 0.004336 -0.046556
v 0.240000 -0.024022 -0.057538
v 0.204124 -0.022372 -0.058017
v 0.236385 -0.044842 -0.057977
v 0.193503 -0.044536 -0.058272
v 0.163001 -0.041060 -0.058667
v 0.186052 -0.066818 -0.056579
v 0.234366 -0.067314 -0.056377
v 0.234675 -0.086126 -0.050459
v 0.276209 -0.084873 -0.048498
v 0.277587 -0.098380 -0.041281
v 0.235635 -0.099840 -0.041678
v 0.275205 -0.067375 -0.055389
v 0.312074 -0.068891 -0.053614
v 0.312186 -0.083818 -0.046916
v 0.275646 -0.046037 -0.057248
v 0.313537 -0.049290 -0.055486
v 0.350974 -0.052262 -0.053912
v 0.348110 -0.068706 -0.050524
v 0.277305 -0.027650 -0.057105
v 0.315937 -0.033181 -0.054333
v 0.353720 -0.038216 -0.051168
v 0.390751 -0.043128 -0.045678
v 0.388517 -0.054631 -0.047907
v 0.319212 -0.020425 -0.047442
v 0.355866 -0.026805 -0.046289
v 0.392735 -0.033506 -0.040877
v 0.429398 -0.041464 -0.030355
v 0.427435 -0.050265 -0.033382
v 0.394158 -0.025672 -0.032193
v 0.430296 -0.035203 -0.023817
v 0.460161 -0.046620 -0.015311
v 0.458851 -0.051744 -0.019213
v 0.396361 -0.017097 -0.021154
v 0.431644 -0.029820 -0.015746
v 0.460383 -0.043663 -0.009655
v 0.476708 -0.054517 -0.005239
v 0.279009 -0.105945 -0.029259
v 0.236982 -0.109607 -0.027948
v 0.182190 -0.112997 -0.027695
v 0.239840 -0.115756 -0.012690
v 0.186705 -0.119149 -0.009580
v 0.149912 -0.114477 -0.027691
v 0.145145 -0.122112 -0.006492
v 0.242725 -0.116005 0.003595
v 0.193682 -0.118077 0.007316
v 0.151112 -0.119465 0.011205
v 0.198888 -0.113069 0.024843
v 0.157905 -0.114302 0.027543
v 0.121149 -0.123680 -0.000281
v 0.203218 -0.104308 0.039174
v 0.164065 -0.104445 0.041984
v 0.141366 -0.105756 0.042464
v 0.171001 -0.090233 0.051887
v 0.149930 -0.090234 0.052416
v 0.124108 -0.092614 0.053105
v 0.110346 -0.110960 0.038858
v 0.062484 -0.118620 0.035341
v 0.063096 -0.127423 0.028235
v 0.061215 -0.108045 0.046859
v 0.014059 -0.119554 0.044998
v 0.013724 -0.119378 0.038271
v 0.064648 -0.118506 0.048880
v 0.015229 -0.129279 0.048509
v -0.027891 -0.135441 0.051987
v -0.029534 -0.125998 0.047365
v 0.067822 -0.128057 0.055707
v 0.017127 -0.137838 0.056239
v -0.026348 -0.142549 0.060178
v -0.070663 -0.138521 0.055082
v 0.017807 -0.142680 0.066759
v 0.065017 -0.132874 0.064205
v 0.063320 -0.133895 0.075657
v 0.018350 -0.142640 0.079923
v 0.062950 -0.133398 0.088842
v 0.019580 -0.141923 0.094429
v 0.063211 -0.132717 0.101002
v 0.021084 -0.141145 0.107382
v 0.063422 -0.131539 0.112319
v 0.022325 -0.139675 0.118183
v 0.062106 -0.125129 0.121355
v 0.022388 -0.134005 0.127171
v 0.059925 -0.115861 0.128091
v 0.021188 -0.123953 0.132179
v -0.020843 -0.127713 0.141308
v 0.018701 -0.113706 0.135238
v -0.021397 -0.116367 0.143565
v -0.063467 -0.114781 0.141944
v -0.021261 -0.105075 0.140088
v -0.063159 -0.103735 0.139964
v -0.104830 -0.102225 0.138511
v -0.062347 -0.094896 0.135583
v -0.103260 -0.093913 0.134026
v -0.061857 -0.087464 0.132841
v -0.102255 -0.086477 0.130100
v -0.061749 -0.084548 0.140242
v -0.102529 -0.084562 0.138218
v -0.061874 -0.083622 0.150849
v -0.103340 -0.084084 0.148698
v -0.061889 -0.082256 0.162348
v -0.104361 -0.083629 0.159884
v -0.062943 -0.079630 0.180065
v -0.106191 -0.080164 0.175428
v -0.067658 -0.073877 0.216333
v -0.110566 -0.074031 0.209871
v -0.075849 -0.067150 0.256612
v -0.116721 -0.068109 0.248291
v -0.084748 -0.060704 0.295992
v -0.123785 -0.061656 0.287594
v -0.165061 -0.059698 0.283343
v -0.130201 -0.054932 0.327150
v -0.168598 -0.053237 0.323995
v -0.188750 -0.051219 0.324565
v -0.166841 -0.047120 0.363918
v -0.183207 -0.045644 0.365381
v -0.193509 -0.044130 0.368207
v -0.175109 -0.040555 0.402281
v -0.182797 -0.039940 0.402891
v -0.189464 -0.039278 0.403823
v -0.201340 -0.042150 0.370263
v -0.195555 -0.038323 0.404915
v -0.209467 -0.040666 0.372840
v -0.216917 -0.039468 0.375612
v -0.216573 -0.036042 0.375166
v -0.208782 -0.034156 0.371745
v -0.200355 -0.032407 0.368244
v -0.191074 -0.031139 0.364762
v -0.198399 -0.035484 0.324846
v -0.177700 -0.029942 0.361156
v -0.183842 -0.034022 0.322839
v -0.153052 -0.027679 0.358154
v -0.156529 -0.031064 0.320069
v -0.155581 -0.035584 0.282199
v -0.095666 -0.032237 0.287724
v -0.112076 -0.029630 0.317263
v -0.077578 -0.028321 0.328796
v -0.065937 -0.031805 0.294606
v -0.054941 -0.035718 0.258085
v -0.050572 -0.031274 0.301419
v -0.035492 -0.035199 0.265522
v -0.021901 -0.039206 0.228059
v -0.026533 -0.035010 0.270049
v -0.009385 -0.039229 0.234077
v 0.006783 -0.042654 0.198297
v -0.001420 -0.039117 0.238436
v 0.016305 -0.043054 0.203666
v 0.036125 -0.045716 0.174244
v 0.023861 -0.043494 0.168032
v 0.056011 -0.045189 0.153090
v 0.042901 -0.047707 0.179350
v 0.066832 -0.047430 0.159808
v 0.082239 -0.047076 0.146304
v 0.072007 -0.049560 0.167358
v 0.092111 -0.049435 0.152499
v 0.102481 -0.047873 0.137169
v 0.089523 -0.045565 0.133990
v 0.108374 -0.038740 0.127659
v 0.093902 -0.037263 0.126578
v 0.113032 -0.026871 0.116649
v 0.098364 -0.026737 0.117628
v 0.116802 -0.015342 0.101612
v 0.102395 -0.014927 0.102144
v 0.118084 -0.010298 0.085244
v 0.105556 -0.008654 0.083962
v 0.118121 -0.008837 0.073823
v 0.107501 -0.007429 0.072539
v 0.117670 -0.007565 0.064299
v 0.110251 -0.006527 0.063267
v 0.116688 -0.005369 0.053359
v 0.116230 -0.005206 0.053269
v 0.126045 -0.008605 0.065243
v 0.125749 -0.007163 0.057639
v 0.126661 -0.006361 0.056114
v 0.119465 -0.004968 0.051343
v 0.125515 -0.009797 0.074642
v 0.128612 -0.011075 0.081818
v 0.128562 -0.015478 0.100508
v 0.125370 -0.027515 0.116298
v 0.135373 -0.027937 0.115679
v 0.141704 -0.032826 0.109354
v 0.137132 -0.045879 0.115593
v 0.137516 -0.033054 0.104094
v 0.127811 -0.031445 0.099091
v 0.128624 -0.027359 0.083996
v 0.127611 -0.041236 0.110852
v 0.116484 -0.037997 0.108639
v 0.116748 -0.030439 0.095187
v 0.127462 -0.054400 0.115484
v 0.117219 -0.049879 0.114074
v 0.105372 -0.046266 0.113089
v 0.103941 -0.036308 0.105141
v 0.127561 -0.066855 0.118296
v 0.117465 -0.062994 0.117271
v 0.105927 -0.059102 0.116544
v 0.117583 -0.076136 0.117046
v 0.105935 -0.072941 0.116963
v 0.092360 -0.069107 0.116837
v 0.074392 -0.063676 0.115982
v 0.105953 -0.085753 0.115749
v 0.091874 -0.083816 0.114997
v 0.072352 -0.079932 0.113986
v 0.071859 -0.077585 0.096485
v 0.074378 -0.060498 0.097811
v 0.071964 -0.076775 0.080035
v 0.074813 -0.057713 0.082321
v 0.072031 -0.076952 0.064002
v 0.075550 -0.055795 0.066831
v 0.093440 -0.082653 0.065960
v 0.094005 -0.061748 0.068528
v 0.107859 -0.087274 0.067372
v 0.107826 -0.066051 0.069826
v 0.107858 -0.043859 0.072298
v 0.117817 -0.070777 0.070524
v 0.118653 -0.046703 0.073246
v 0.119153 -0.026053 0.079294
v 0.107250 -0.025605 0.077445
v 0.104465 -0.030068 0.091797
v 0.127907 -0.049696 0.073801
v 0.126514 -0.075535 0.070798
v 0.131569 -0.081727 0.069871
v 0.127074 -0.091957 0.053194
v 0.149594 -0.066946 0.057145
v 0.145318 -0.064576 0.057394
v 0.141517 -0.062509 0.057506
v 0.137793 -0.060724 0.057587
v 0.159947 -0.040844 0.058635
v 0.169124 -0.043095 0.058505
v 0.162905 -0.017018 0.058362
v 0.161731 -0.069239 0.056620
v 0.177971 -0.071954 0.056113
v 0.207425 -0.091944 0.050292
v 0.249251 -0.104926 0.036635
v 0.245652 -0.111125 0.020966
v 0.286841 -0.109756 0.019057
v 0.320642 -0.108229 0.017844
v 0.283831 -0.114933 0.001316
v 0.318000 -0.111905 0.000439
v 0.281122 -0.112942 -0.015722
v 0.159000 0.002641 0.052440
v 0.152926 0.023890 0.040699
v 0.130372 0.021020 0.042383
v 0.146339 0.042843 0.032799
v 0.121354 0.036441 0.031187
v 0.083936 0.028754 0.035313
v 0.087540 0.016930 0.042300
v 0.038742 0.020042 0.037398
v 0.040111 0.010946 0.041569
v 0.042859 0.003244 0.044899
v 0.079359 0.035500 0.024234
v 0.036984 0.027745 0.027374
v 0.075445 0.041839 0.013790
v 0.034315 0.034267 0.016511
v 0.072099 0.046971 0.003831
v 0.032449 0.035952 0.003709
v 0.071327 0.045113 -0.007158
v 0.031212 0.035767 -0.008851
v 0.071769 0.039436 -0.017519
v 0.031331 0.031559 -0.020385
v -0.009782 0.022625 -0.020907
v 0.031726 0.023653 -0.030354
v -0.009382 0.015196 -0.030049
v -0.048865 0.006323 -0.027995
v -0.047214 -0.000344 -0.033607
v -0.046510 -0.005130 -0.040840
v 0.073593 0.031760 -0.028889
v 0.074032 0.020977 -0.039808
v 0.109292 0.029410 -0.038657
v 0.068970 0.009391 -0.044594
v 0.106442 0.040533 -0.025914
v 0.135263 0.049060 -0.025160
v 0.104170 0.049988 -0.017011
v 0.134875 0.056971 -0.015225
v 0.164681 0.061146 -0.014072
v 0.104115 0.056162 -0.007103
v 0.135487 0.063168 -0.005999
v 0.166019 0.067003 -0.003513
v 0.199641 0.068350 -0.004030
v 0.137088 0.063135 0.004023
v 0.167048 0.068195 0.005918
v 0.201980 0.067761 0.007018
v 0.237321 0.063602 0.006721
v 0.168538 0.062433 0.014687
v 0.139136 0.059291 0.013516
v 0.141974 0.052323 0.022808
v 0.108553 0.054125 0.014120
v 0.113720 0.046679 0.023426
v 0.105752 0.056823 0.003798
v 0.071078 0.002302 -0.048456
v 0.117622 -0.090898 0.068233
v 0.108121 -0.101458 0.065822
v 0.117922 -0.103549 0.066948
v 0.107488 -0.108573 0.071319
v 0.117516 -0.108418 0.073554
v 0.106278 -0.108176 0.082248
v 0.117008 -0.108224 0.083428
v 0.126003 -0.108256 0.084039
v 0.116869 -0.107135 0.094257
v 0.126158 -0.107613 0.094451
v 0.130492 -0.112424 0.095535
v 0.131284 -0.112176 0.084475
v 0.123176 -0.118267 0.096359
v 0.126776 -0.119101 0.084393
v 0.111042 -0.121467 0.096748
v 0.114546 -0.122457 0.083748
v 0.094170 -0.125954 0.097597
v 0.096356 -0.126759 0.084785
v 0.109618 -0.119188 0.110221
v 0.093405 -0.123922 0.110590
v 0.108545 -0.111689 0.121065
v 0.092096 -0.117107 0.120920
v 0.107649 -0.100672 0.128076
v 0.089830 -0.107096 0.128214
v 0.106114 -0.090106 0.129965
v 0.087393 -0.096503 0.131365
v 0.057404 -0.105195 0.133246
v 0.085890 -0.088088 0.132486
v 0.056258 -0.097741 0.134120
v 0.017936 -0.103699 0.136109
v 0.055585 -0.088659 0.135051
v 0.019589 -0.094341 0.136753
v -0.019462 -0.094804 0.136508
v 0.020610 -0.085974 0.138241
v -0.018625 -0.086674 0.135427
v 0.020901 -0.082397 0.146746
v -0.018593 -0.083641 0.143578
v 0.019365 -0.080931 0.156630
v -0.018586 -0.082281 0.154210
v 0.014154 -0.079015 0.171024
v -0.018965 -0.080567 0.166514
v 0.002314 -0.075079 0.197153
v -0.022357 -0.077375 0.187939
v -0.015736 -0.069171 0.234091
v -0.033021 -0.071155 0.226582
v -0.033936 -0.063206 0.271241
v -0.047995 -0.064791 0.265462
v -0.051239 -0.057427 0.307362
v -0.063398 -0.058768 0.302631
v -0.067270 -0.051820 0.343111
v -0.077857 -0.052927 0.339219
v -0.094849 -0.054941 0.334496
v -0.091601 -0.047001 0.375680
v -0.105840 -0.047967 0.371433
v -0.134901 -0.048621 0.365849
v -0.115661 -0.041763 0.409367
v -0.138049 -0.042368 0.404626
v -0.162470 -0.041397 0.402092
v -0.139327 -0.038857 0.430671
v -0.162603 -0.039119 0.427272
v -0.173862 -0.038017 0.425863
v -0.163796 -0.037191 0.440342
v -0.175891 -0.036190 0.438879
v -0.184277 -0.035929 0.437583
v -0.181418 -0.037323 0.424678
v -0.190913 -0.035892 0.435959
v -0.187076 -0.036908 0.423661
v -0.196068 -0.035716 0.434098
v -0.191410 -0.036679 0.422663
v -0.195764 -0.035223 0.445328
v -0.202423 -0.035195 0.442414
v -0.208487 -0.034947 0.438900
v -0.199220 -0.033488 0.452805
v -0.190754 -0.033182 0.455403
v -0.193124 -0.031370 0.462860
v -0.202034 -0.030628 0.459798
v -0.187894 -0.035247 0.447568
v -0.178111 -0.035134 0.448921
v -0.180283 -0.033174 0.457643
v -0.165690 -0.033361 0.460412
v -0.166530 -0.027565 0.467136
v -0.182447 -0.029345 0.464850
v -0.164728 -0.035410 0.450692
v -0.140775 -0.035103 0.454950
v -0.141552 -0.033626 0.465648
v -0.140158 -0.036237 0.443802
v -0.120444 -0.035019 0.447993
v -0.119575 -0.037687 0.433929
v -0.107586 -0.036634 0.436655
v -0.108332 -0.034173 0.450940
v -0.103176 -0.041093 0.412378
v -0.095069 -0.039807 0.414376
v -0.099745 -0.035102 0.438548
v -0.082598 -0.046102 0.378947
v -0.075875 -0.045200 0.381598
v -0.088489 -0.038413 0.416223
v -0.060044 -0.050849 0.345984
v -0.053157 -0.049804 0.348804
v -0.069294 -0.044247 0.384263
v -0.043257 -0.056217 0.310786
v -0.036169 -0.054983 0.313919
v -0.028989 -0.053462 0.317072
v -0.046536 -0.048688 0.351601
v -0.025164 -0.061680 0.275244
v -0.017872 -0.060174 0.278755
v -0.010425 -0.058206 0.282373
v -0.004318 -0.053873 0.284989
v -0.023148 -0.049178 0.319206
v 0.001653 -0.065454 0.243290
v 0.009116 -0.063190 0.247244
v 0.015468 -0.057886 0.250188
v 0.017550 -0.049891 0.250522
v -0.001817 -0.046431 0.285294
v 0.028513 -0.067595 0.213372
v 0.035768 -0.061583 0.217414
v 0.037119 -0.053087 0.217380
v 0.031662 -0.047015 0.213446
v 0.012839 -0.043951 0.247143
v 0.054101 -0.064035 0.189263
v 0.053977 -0.055616 0.188857
v 0.049670 -0.050275 0.184999
v 0.023959 -0.044523 0.208480
v 0.076141 -0.054227 0.174990
v 0.075229 -0.065036 0.173356
v 0.096148 -0.063610 0.158649
v 0.097483 -0.054379 0.158531
v 0.070941 -0.070324 0.167517
v 0.088329 -0.068389 0.153459
v 0.064531 -0.075451 0.162287
v 0.075518 -0.074862 0.149216
v 0.081108 -0.075588 0.138696
v 0.053125 -0.079417 0.147202
v 0.054830 -0.081386 0.138716
v 0.083767 -0.079635 0.133353
v 0.047522 -0.078776 0.158046
v 0.042324 -0.073580 0.179470
v 0.033971 -0.077242 0.175166
v 0.021393 -0.070547 0.208899
v 0.014416 -0.072822 0.204147
v -0.005882 -0.067261 0.239122
v 0.048620 -0.069689 0.184616
v 0.005878 -0.040878 0.242796
v -0.019301 -0.035116 0.274044
v -0.012457 -0.037002 0.278085
v -0.006235 -0.040875 0.282041
v -0.030220 -0.033426 0.312621
v -0.024505 -0.037260 0.316336
v -0.020224 -0.041886 0.319537
v -0.042299 -0.033431 0.350144
v -0.038438 -0.037565 0.353128
v -0.041719 -0.043632 0.352863
v -0.056378 -0.031070 0.387978
v -0.058428 -0.037337 0.387764
v -0.063262 -0.043416 0.386656
v -0.071419 -0.029689 0.420959
v -0.076075 -0.034534 0.420082
v -0.082056 -0.036883 0.418212
v -0.080680 -0.029653 0.442361
v -0.086807 -0.032013 0.441364
v -0.093110 -0.033541 0.440083
v -0.086965 -0.029071 0.455058
v -0.093627 -0.030791 0.454239
v -0.100395 -0.032378 0.452823
v -0.080158 -0.026510 0.454594
v -0.080964 -0.019975 0.453418
v -0.078484 -0.023605 0.442152
v -0.082255 -0.018360 0.441016
v -0.086060 -0.015858 0.452374
v -0.073645 -0.024208 0.419410
v -0.088889 -0.016754 0.438973
v -0.096104 -0.016116 0.437019
v -0.099846 -0.014091 0.450614
v -0.092643 -0.014685 0.451548
v -0.107158 -0.015628 0.438155
v -0.108780 -0.013988 0.449768
v -0.120098 -0.015699 0.438722
v -0.121355 -0.015120 0.449672
v -0.122184 -0.011838 0.459471
v -0.141253 -0.016622 0.449364
v -0.141894 -0.013805 0.459290
v -0.142244 -0.016170 0.468053
v -0.166152 -0.015946 0.458566
v -0.166842 -0.019117 0.466434
v -0.142032 -0.024983 0.470944
v -0.181722 -0.018040 0.458013
v -0.183251 -0.021753 0.464699
v -0.192421 -0.019965 0.457164
v -0.193961 -0.024305 0.463279
v -0.200524 -0.021353 0.455667
v -0.202605 -0.024860 0.460981
v -0.207877 -0.022348 0.452751
v -0.189846 -0.020058 0.450212
v -0.179210 -0.019376 0.449628
v -0.177456 -0.019391 0.440075
v -0.187911 -0.020157 0.441639
v -0.164140 -0.018508 0.439022
v -0.164934 -0.018355 0.448994
v -0.141208 -0.016975 0.438907
v -0.101401 -0.017172 0.421002
v -0.047631 -0.029719 0.346448
v -0.053224 -0.027437 0.342708
v -0.036478 -0.031286 0.308902
v -0.043314 -0.031093 0.305206
v -0.059414 -0.027419 0.338878
v -0.065761 -0.027818 0.334986
v -0.082535 -0.023675 0.371184
v -0.076837 -0.023615 0.374999
v -0.093142 -0.020443 0.398928
v -0.088463 -0.020581 0.401880
v -0.097998 -0.019193 0.411302
v -0.092691 -0.021763 0.413338
v -0.090245 -0.024912 0.413567
v -0.099751 -0.020616 0.396256
v -0.100603 -0.019165 0.410824
v -0.090731 -0.024072 0.366591
v -0.113035 -0.025439 0.360294
v 0.122409 -0.085694 0.128698
v 0.121273 -0.097461 0.127150
v 0.131281 -0.094561 0.122907
v 0.132877 -0.083066 0.124673
v 0.120950 -0.108373 0.120082
v 0.130264 -0.104393 0.116974
v 0.126847 -0.098783 0.112750
v 0.127321 -0.090319 0.116425
v 0.121722 -0.116306 0.109658
v 0.129728 -0.110109 0.107401
v 0.126380 -0.103707 0.104368
v 0.117246 -0.103641 0.104597
v 0.117472 -0.097253 0.112971
v 0.106248 -0.096819 0.113932
v 0.117370 -0.087702 0.115985
v 0.105972 -0.103505 0.105273
v 0.105721 -0.106594 0.094210
v 0.128033 -0.079250 0.117451
v -0.071777 -0.129018 0.049420
v -0.073075 -0.121130 0.043653
v -0.030446 -0.120525 0.041075
v -0.073610 -0.121121 0.035094
v -0.030524 -0.121566 0.032158
v 0.013805 -0.125171 0.030529
v -0.029783 -0.126082 0.023280
v 0.013923 -0.129619 0.022523
v 0.062959 -0.133777 0.019039
v 0.013893 -0.134526 0.008393
v 0.062934 -0.136312 0.007272
v 0.014163 -0.133878 -0.005329
v 0.062496 -0.135154 -0.004497
v 0.013693 -0.132458 -0.017499
v 0.060874 -0.133821 -0.015228
v 0.092028 -0.133542 -0.015904
v 0.012603 -0.127056 -0.026717
v 0.061346 -0.129611 -0.025936
v 0.101396 -0.128677 -0.024558
v 0.011064 -0.120594 -0.033381
v 0.060687 -0.120329 -0.032740
v 0.008137 -0.116271 -0.040102
v 0.057361 -0.110517 -0.043602
v 0.008665 -0.125990 -0.045695
v 0.059005 -0.118383 -0.047082
v 0.009012 -0.134591 -0.052414
v 0.058632 -0.128122 -0.051416
v 0.009150 -0.141473 -0.060793
v 0.056980 -0.132593 -0.059478
v 0.008576 -0.143885 -0.072139
v 0.055962 -0.135713 -0.069546
v 0.097776 -0.126382 -0.066876
v 0.055126 -0.135700 -0.081400
v 0.095538 -0.127417 -0.077649
v 0.118290 -0.122844 -0.076685
v 0.094223 -0.127016 -0.090934
v 0.115487 -0.121556 -0.090312
v 0.127443 -0.117137 -0.090594
v 0.114407 -0.119341 -0.104476
v 0.126171 -0.115362 -0.103750
v 0.129531 -0.105033 -0.101499
v 0.130582 -0.106169 -0.090317
v 0.114779 -0.105366 -0.100102
v 0.115315 -0.106697 -0.090823
v 0.097828 -0.105663 -0.099539
v 0.097384 -0.107436 -0.090401
v 0.097585 -0.108596 -0.077989
v 0.080568 -0.107266 -0.091079
v 0.100272 -0.106287 -0.062497
v 0.103164 -0.081969 -0.066652
v 0.090435 -0.062311 -0.067621
v 0.106293 -0.060797 -0.070202
v 0.122778 -0.059281 -0.072093
v 0.138979 -0.059478 -0.073151
v 0.108212 -0.046050 -0.072528
v 0.123700 -0.044142 -0.074056
v 0.109049 -0.033527 -0.074424
v 0.123178 -0.031795 -0.075588
v 0.108504 -0.026398 -0.080454
v 0.122338 -0.026405 -0.083213
v 0.106991 -0.027734 -0.091161
v 0.120857 -0.028456 -0.093920
v 0.132889 -0.029853 -0.096453
v 0.143249 -0.030514 -0.099636
v 0.118854 -0.035122 -0.103730
v 0.130757 -0.036922 -0.106789
v 0.117543 -0.043233 -0.112589
v 0.129303 -0.045871 -0.115157
v 0.117081 -0.053846 -0.117085
v 0.128705 -0.057324 -0.117481
v 0.116554 -0.065444 -0.117422
v 0.128223 -0.067769 -0.117631
v 0.115860 -0.077359 -0.116184
v 0.128528 -0.079294 -0.116596
v 0.127310 -0.083581 -0.127090
v 0.111345 -0.088162 -0.129144
v 0.126810 -0.089594 -0.115099
v 0.126363 -0.093934 -0.124637
v 0.111686 -0.097373 -0.127793
v 0.088368 -0.105267 -0.129179
v 0.085452 -0.096631 -0.130827
v 0.125458 -0.103205 -0.120972
v 0.112628 -0.106408 -0.123330
v 0.090737 -0.113253 -0.124243
v 0.051952 -0.123145 -0.124997
v 0.049430 -0.116804 -0.130709
v 0.113318 -0.113781 -0.115360
v 0.092401 -0.120146 -0.116150
v 0.053869 -0.130732 -0.116346
v 0.008756 -0.139855 -0.124542
v 0.008762 -0.133574 -0.134271
v 0.093590 -0.125121 -0.104962
v 0.054916 -0.134602 -0.106872
v 0.008681 -0.143123 -0.113159
v -0.037618 -0.145970 -0.118035
v -0.038142 -0.141355 -0.129849
v 0.054911 -0.135322 -0.094175
v 0.007815 -0.143764 -0.099385
v -0.036795 -0.147338 -0.103576
v -0.084755 -0.149506 -0.103384
v -0.086201 -0.147799 -0.116892
v 0.007634 -0.143953 -0.084792
v -0.036374 -0.147323 -0.087142
v -0.083788 -0.150053 -0.087346
v -0.133875 -0.149200 -0.086981
v -0.133953 -0.148289 -0.102161
v -0.036222 -0.147017 -0.072909
v -0.084046 -0.148900 -0.073057
v -0.036271 -0.143951 -0.061617
v -0.083701 -0.144742 -0.062101
v -0.036585 -0.136757 -0.052094
v -0.083241 -0.137805 -0.053108
v -0.129265 -0.136855 -0.054507
v -0.082407 -0.128677 -0.048088
v -0.127949 -0.128077 -0.050453
v -0.173181 -0.127793 -0.053262
v -0.173883 -0.125514 -0.046130
v -0.127408 -0.123985 -0.043721
v -0.081836 -0.122053 -0.043435
v -0.080616 -0.121869 -0.035388
v -0.125776 -0.123274 -0.033905
v -0.171112 -0.124181 -0.033833
v -0.122716 -0.120724 -0.024272
v -0.078362 -0.122182 -0.026418
v -0.076261 -0.125465 -0.016589
v -0.033119 -0.124333 -0.026344
v -0.031085 -0.129851 -0.018395
v -0.029762 -0.131875 -0.004784
v -0.029116 -0.131372 0.011140
v -0.034794 -0.120118 -0.034075
v -0.035614 -0.121692 -0.043606
v -0.036321 -0.128666 -0.045914
v -0.180238 -0.143724 -0.101177
v -0.181376 -0.142420 -0.112438
v -0.135776 -0.146611 -0.115349
v -0.183190 -0.138075 -0.122049
v -0.137297 -0.142256 -0.125910
v -0.087340 -0.144130 -0.128158
v -0.138627 -0.133795 -0.133865
v -0.088521 -0.136153 -0.136546
v -0.039133 -0.135107 -0.137066
v -0.089386 -0.125326 -0.140350
v -0.040354 -0.125393 -0.142605
v 0.006273 -0.123241 -0.138138
v -0.042285 -0.116512 -0.143220
v 0.002270 -0.113663 -0.137335
v 0.045980 -0.105536 -0.133345
v -0.000638 -0.104168 -0.135460
v 0.043807 -0.098347 -0.134198
v -0.001651 -0.095443 -0.135677
v 0.042630 -0.091144 -0.134881
v -0.002304 -0.087235 -0.135132
v 0.041815 -0.085198 -0.135409
v -0.003238 -0.083556 -0.140747
v 0.040265 -0.081835 -0.141084
v 0.076320 -0.075310 -0.143427
v 0.037581 -0.081208 -0.149133
v 0.068563 -0.075101 -0.151587
v 0.082862 -0.068777 -0.157684
v 0.095883 -0.068119 -0.147890
v 0.089774 -0.063684 -0.164573
v 0.105444 -0.061627 -0.153015
v 0.090696 -0.055329 -0.165995
v 0.104955 -0.053058 -0.151331
v 0.085344 -0.049993 -0.158721
v 0.098071 -0.049549 -0.145543
v 0.104377 -0.047487 -0.134237
v 0.085641 -0.047570 -0.140198
v 0.090173 -0.044357 -0.130890
v 0.093418 -0.035511 -0.124901
v 0.109447 -0.038166 -0.126852
v 0.097370 -0.025673 -0.113828
v 0.114759 -0.027196 -0.114914
v 0.120074 -0.016232 -0.100938
v 0.133457 -0.018579 -0.103324
v 0.144325 -0.022206 -0.104685
v 0.138066 -0.013224 -0.088909
v 0.067191 -0.032665 -0.122519
v 0.066656 -0.041117 -0.127572
v 0.031471 -0.038518 -0.125146
v 0.031441 -0.030247 -0.120816
v -0.006669 -0.036572 -0.122378
v -0.006790 -0.029052 -0.118516
v -0.045808 -0.035707 -0.119730
v -0.006329 -0.042009 -0.127444
v -0.045376 -0.041004 -0.125164
v -0.086070 -0.041796 -0.122010
v -0.045064 -0.042663 -0.133000
v -0.086318 -0.043137 -0.129290
v -0.130031 -0.043694 -0.126254
v -0.087202 -0.043117 -0.138586
v -0.135778 -0.044290 -0.135731
v -0.086999 -0.042802 -0.151311
v -0.133878 -0.043846 -0.147215
v -0.088044 -0.042435 -0.173350
v -0.132675 -0.043185 -0.168601
v -0.180628 -0.045463 -0.170936
v -0.131527 -0.041147 -0.202234
v -0.174496 -0.043748 -0.196472
v -0.130049 -0.038122 -0.240311
v -0.169487 -0.040816 -0.234302
v -0.129030 -0.034443 -0.280105
v -0.165747 -0.037610 -0.274240
v -0.208233 -0.043354 -0.270987
v -0.165740 -0.033382 -0.313685
v -0.200712 -0.038102 -0.310673
v -0.232860 -0.045370 -0.310091
v -0.236996 -0.050524 -0.264342
v -0.189662 -0.052543 -0.312089
v -0.182041 -0.061056 -0.263945
v -0.131563 -0.057514 -0.310309
v -0.125888 -0.064712 -0.267897
v -0.121918 -0.071266 -0.228195
v -0.078987 -0.063864 -0.274861
v -0.068652 -0.070537 -0.234715
v -0.060873 -0.077197 -0.195490
v -0.121343 -0.077099 -0.192058
v -0.055190 -0.081269 -0.170430
v -0.107022 -0.081700 -0.167567
v -0.051679 -0.082540 -0.158371
v -0.100835 -0.082571 -0.155585
v -0.157301 -0.079694 -0.152485
v -0.227316 -0.060882 -0.187302
v -0.097235 -0.083777 -0.146035
v -0.151164 -0.081061 -0.141810
v -0.094249 -0.084951 -0.136690
v -0.147304 -0.081888 -0.133116
v -0.196539 -0.075558 -0.133378
v -0.191894 -0.077058 -0.125929
v -0.143867 -0.082997 -0.126483
v -0.092257 -0.088040 -0.130616
v -0.091516 -0.095196 -0.134617
v -0.141709 -0.090052 -0.127977
v -0.188453 -0.085656 -0.120531
v -0.186618 -0.093623 -0.123598
v -0.140844 -0.098808 -0.132894
v -0.091313 -0.103865 -0.138965
v -0.090357 -0.113879 -0.141903
v -0.141089 -0.112082 -0.137954
v -0.184567 -0.107665 -0.129617
v -0.139950 -0.123198 -0.137965
v -0.185062 -0.119452 -0.131589
v -0.216287 -0.111466 -0.121688
v -0.217940 -0.121834 -0.120782
v -0.239803 -0.111686 -0.113470
v -0.239720 -0.102581 -0.116158
v -0.184380 -0.129638 -0.128930
v -0.218200 -0.129305 -0.114847
v -0.218184 -0.133962 -0.106630
v -0.238119 -0.120293 -0.100559
v -0.239249 -0.117472 -0.107913
v -0.256314 -0.116869 -0.096870
v -0.258337 -0.115603 -0.105866
v -0.259187 -0.109238 -0.113109
v -0.282580 -0.114236 -0.103874
v -0.284113 -0.109209 -0.111779
v -0.284551 -0.100266 -0.115255
v -0.259799 -0.099996 -0.116070
v -0.284951 -0.090335 -0.116286
v -0.261201 -0.089953 -0.117097
v -0.285952 -0.081255 -0.116985
v -0.264084 -0.080093 -0.117779
v -0.287812 -0.077184 -0.123574
v -0.268407 -0.076802 -0.126617
v -0.290071 -0.076108 -0.132907
v -0.272427 -0.075643 -0.136673
v -0.259862 -0.075305 -0.139861
v -0.276389 -0.075198 -0.146582
v -0.265194 -0.074886 -0.150647
v -0.283702 -0.074895 -0.159409
v -0.274078 -0.074802 -0.164554
v -0.266977 -0.073950 -0.169538
v -0.292833 -0.074630 -0.185672
v -0.286489 -0.074351 -0.190974
v -0.280050 -0.072409 -0.196172
v -0.310264 -0.074082 -0.216205
v -0.303957 -0.071848 -0.221565
v -0.301317 -0.065608 -0.223628
v -0.276832 -0.067305 -0.198443
v -0.305192 -0.060365 -0.219634
v -0.280312 -0.061214 -0.195255
v -0.311325 -0.059258 -0.213589
v -0.285797 -0.059196 -0.190198
v -0.317049 -0.059125 -0.207986
v -0.291254 -0.058938 -0.185299
v -0.281020 -0.058640 -0.165173
v -0.333739 -0.059471 -0.234019
v -0.339856 -0.059335 -0.225639
v -0.349802 -0.059687 -0.242303
v -0.353789 -0.059536 -0.231932
v -0.356611 -0.059380 -0.217692
v -0.365514 -0.059784 -0.234271
v -0.367962 -0.059719 -0.219138
v -0.369559 -0.059602 -0.191031
v -0.357153 -0.059049 -0.192178
v -0.352468 -0.058691 -0.167663
v -0.379228 -0.060632 -0.219661
v -0.380986 -0.060556 -0.188492
v -0.387209 -0.064804 -0.219885
v -0.387117 -0.066817 -0.189712
v -0.385464 -0.070000 -0.158240
v -0.382403 -0.072081 -0.219803
v -0.380247 -0.073109 -0.190484
v -0.376830 -0.073888 -0.161369
v -0.372916 -0.073769 -0.219646
v -0.369707 -0.074298 -0.191070
v -0.365969 -0.074214 -0.162131
v -0.358446 -0.074584 -0.191966
v -0.351914 -0.074408 -0.163285
v -0.349848 -0.074984 -0.147735
v -0.349584 -0.075664 -0.138386
v -0.330819 -0.074612 -0.166607
v -0.323797 -0.075015 -0.149589
v -0.321550 -0.075605 -0.139134
v -0.320506 -0.076429 -0.130259
v -0.349758 -0.076509 -0.129819
v -0.297534 -0.074948 -0.154122
v -0.292457 -0.075388 -0.142161
v -0.311270 -0.074761 -0.173445
v -0.300129 -0.074740 -0.179780
v -0.316824 -0.074360 -0.210658
v -0.336512 -0.073910 -0.232164
v -0.330037 -0.073524 -0.239208
v -0.350705 -0.073698 -0.241060
v -0.347309 -0.073429 -0.250424
v -0.345277 -0.071884 -0.259880
v -0.324115 -0.071178 -0.245403
v -0.344699 -0.063153 -0.261387
v -0.323034 -0.064839 -0.246663
v -0.346440 -0.060214 -0.252334
v -0.327525 -0.060273 -0.241335
v -0.363443 -0.073753 -0.233815
v -0.363295 -0.074030 -0.219315
v -0.373665 -0.073452 -0.235356
v -0.383249 -0.071379 -0.236424
v -0.386346 -0.063915 -0.236825
v -0.377286 -0.060530 -0.235630
v -0.368475 -0.076023 -0.130210
v -0.319810 -0.077362 -0.121502
v -0.319676 -0.082432 -0.115689
v -0.319421 -0.091359 -0.115052
v -0.318405 -0.100470 -0.113733
v -0.318901 -0.108284 -0.108705
v -0.318144 -0.111917 -0.100548
v -0.317362 -0.112637 -0.091063
v -0.279777 -0.115265 -0.093752
v -0.275006 -0.116559 -0.081065
v -0.311671 -0.116070 -0.077228
v -0.251577 -0.117693 -0.086402
v -0.235653 -0.122595 -0.091584
v -0.216251 -0.134890 -0.097360
v -0.044225 -0.105759 -0.141110
v -0.044964 -0.096975 -0.135908
v -0.045928 -0.088238 -0.133754
v -0.047439 -0.084496 -0.139638
v -0.049298 -0.083500 -0.148836
v -0.004624 -0.082683 -0.149284
v -0.006796 -0.081748 -0.158616
v 0.031284 -0.080656 -0.160379
v -0.011472 -0.080084 -0.173471
v 0.019254 -0.077997 -0.178279
v 0.031656 -0.075043 -0.185379
v 0.053068 -0.075660 -0.163793
v 0.039209 -0.071759 -0.190471
v 0.062375 -0.071609 -0.170348
v 0.047001 -0.066237 -0.194645
v 0.066518 -0.064974 -0.175787
v 0.051502 -0.056879 -0.195695
v 0.068690 -0.056343 -0.177140
v 0.046799 -0.049605 -0.191619
v 0.065513 -0.049566 -0.171724
v 0.039412 -0.046547 -0.185260
v 0.059919 -0.047345 -0.163821
v 0.077601 -0.047814 -0.150805
v 0.050237 -0.045538 -0.156489
v 0.060796 -0.045554 -0.143520
v 0.064884 -0.045306 -0.134685
v 0.031789 -0.043949 -0.139108
v 0.032054 -0.043280 -0.130480
v -0.005636 -0.042651 -0.136147
v 0.029153 -0.044047 -0.150124
v -0.004792 -0.042624 -0.146439
v -0.044772 -0.042538 -0.142703
v -0.005741 -0.042660 -0.164071
v -0.044614 -0.042247 -0.156547
v -0.012606 -0.041952 -0.195302
v -0.046341 -0.041926 -0.182527
v -0.024623 -0.038560 -0.231353
v -0.050571 -0.039568 -0.220881
v -0.090126 -0.039995 -0.209774
v -0.057872 -0.035824 -0.259957
v -0.092205 -0.037027 -0.248855
v -0.068544 -0.031513 -0.298731
v -0.094504 -0.031223 -0.289153
v -0.080570 -0.027666 -0.336882
v -0.098281 -0.028556 -0.329591
v -0.130849 -0.029312 -0.319631
v -0.106202 -0.025342 -0.367318
v -0.136355 -0.027043 -0.359308
v -0.169382 -0.029798 -0.353284
v -0.145064 -0.023987 -0.395809
v -0.176154 -0.026599 -0.393042
v -0.203016 -0.030923 -0.392473
v -0.199692 -0.033725 -0.351547
v -0.223071 -0.035689 -0.392753
v -0.227231 -0.040349 -0.352671
v -0.173299 -0.043042 -0.388916
v -0.188544 -0.046677 -0.354432
v -0.132929 -0.044764 -0.389488
v -0.134342 -0.050855 -0.352492
v -0.108161 -0.044420 -0.391100
v -0.099326 -0.050310 -0.355513
v -0.088920 -0.057524 -0.315328
v -0.082189 -0.049542 -0.358884
v -0.067571 -0.055799 -0.319957
v -0.051777 -0.062166 -0.281361
v -0.055019 -0.054874 -0.323401
v -0.037433 -0.060839 -0.285697
v -0.018989 -0.066912 -0.247917
v -0.035349 -0.068515 -0.242556
v 0.000331 -0.072948 -0.209936
v -0.019918 -0.074949 -0.202874
v -0.008968 -0.064985 -0.251542
v 0.010886 -0.070340 -0.215871
v -0.000011 -0.063098 -0.254993
v 0.019916 -0.067974 -0.220536
v 0.008456 -0.059613 -0.258033
v 0.027553 -0.062627 -0.223785
v 0.013986 -0.051325 -0.258876
v 0.032912 -0.054651 -0.225328
v 0.011628 -0.043227 -0.255488
v 0.029840 -0.046828 -0.221687
v 0.004562 -0.039830 -0.250057
v 0.022062 -0.043208 -0.215573
v -0.003216 -0.038927 -0.244519
v 0.014111 -0.042481 -0.209634
v 0.031964 -0.045779 -0.178985
v 0.004850 -0.041660 -0.203386
v 0.019814 -0.044143 -0.171643
v -0.011151 -0.038459 -0.239017
v -0.020763 -0.035089 -0.280687
v -0.028055 -0.034771 -0.275415
v -0.039017 -0.034943 -0.268646
v -0.045490 -0.030692 -0.311860
v -0.054157 -0.030914 -0.306123
v -0.062395 -0.026740 -0.347810
v -0.069494 -0.027048 -0.342959
v -0.077640 -0.023117 -0.381146
v -0.083891 -0.023746 -0.377057
v -0.092884 -0.024470 -0.372306
v -0.096118 -0.020349 -0.406462
v -0.104597 -0.021154 -0.403974
v -0.117354 -0.022229 -0.400730
v -0.112342 -0.015835 -0.427329
v -0.126804 -0.015949 -0.426385
v -0.154869 -0.018152 -0.423896
v -0.131469 -0.014329 -0.440627
v -0.161061 -0.016764 -0.439248
v -0.189134 -0.020747 -0.435805
v -0.183327 -0.023667 -0.421784
v -0.208703 -0.024252 -0.433784
v -0.206170 -0.028481 -0.420401
v -0.191349 -0.020330 -0.444966
v -0.209160 -0.022460 -0.442399
v -0.164820 -0.016097 -0.448028
v -0.167822 -0.014842 -0.456769
v -0.137143 -0.012381 -0.458696
v -0.139482 -0.014520 -0.467628
v -0.170080 -0.016377 -0.465873
v -0.134419 -0.013237 -0.449481
v -0.116769 -0.013924 -0.450178
v -0.117910 -0.011585 -0.459073
v -0.115227 -0.015241 -0.440681
v -0.104826 -0.015951 -0.440800
v -0.106188 -0.014509 -0.450636
v -0.102344 -0.016408 -0.428008
v -0.094628 -0.017014 -0.428342
v -0.096860 -0.016504 -0.441185
v -0.089227 -0.020431 -0.408791
v -0.082640 -0.021099 -0.410939
v -0.087033 -0.017870 -0.428415
v -0.071559 -0.023226 -0.385493
v -0.065754 -0.023790 -0.389986
v -0.076913 -0.023387 -0.412350
v -0.056004 -0.026806 -0.352583
v -0.049803 -0.027511 -0.357465
v -0.044675 -0.030871 -0.362386
v -0.060587 -0.027966 -0.395028
v -0.038660 -0.030927 -0.316951
v -0.031895 -0.031746 -0.322119
v -0.026244 -0.035358 -0.327141
v -0.025211 -0.042808 -0.330320
v -0.043760 -0.037434 -0.366009
v -0.013390 -0.035886 -0.286087
v -0.007042 -0.039450 -0.291354
v -0.005898 -0.047571 -0.294399
v -0.011187 -0.054681 -0.293943
v -0.030325 -0.049267 -0.330132
v -0.038247 -0.052231 -0.328059
v -0.056118 -0.046040 -0.365458
v -0.048911 -0.042692 -0.366210
v -0.019473 -0.057851 -0.291428
v -0.028078 -0.059376 -0.288607
v -0.046414 -0.053812 -0.325753
v -0.071445 -0.048749 -0.361437
v -0.063483 -0.047796 -0.363575
v -0.085118 -0.042828 -0.394890
v -0.077929 -0.042535 -0.396143
v -0.089680 -0.038338 -0.414585
v -0.084921 -0.036450 -0.414611
v -0.094764 -0.043663 -0.393524
v -0.095554 -0.038661 -0.414801
v -0.110958 -0.040093 -0.414788
v -0.074791 -0.027650 -0.413661
v -0.074069 -0.025818 -0.426501
v -0.079585 -0.018991 -0.427727
v -0.077911 -0.023821 -0.442767
v -0.082083 -0.018320 -0.442436
v -0.089320 -0.017134 -0.441763
v -0.083778 -0.016535 -0.452261
v -0.090713 -0.015047 -0.451219
v -0.098092 -0.014670 -0.450886
v -0.098880 -0.011075 -0.458637
v -0.107095 -0.011388 -0.458981
v -0.099568 -0.012324 -0.467573
v -0.107634 -0.012930 -0.468033
v -0.118736 -0.013518 -0.468318
v -0.107751 -0.020923 -0.472902
v -0.119078 -0.022054 -0.472435
v -0.140835 -0.023574 -0.471380
v -0.118979 -0.031042 -0.467713
v -0.141610 -0.033100 -0.467121
v -0.171389 -0.032998 -0.465582
v -0.170882 -0.024702 -0.468763
v -0.142576 -0.035606 -0.457000
v -0.171706 -0.035397 -0.457318
v -0.144007 -0.036672 -0.445945
v -0.119410 -0.033600 -0.457083
v -0.107337 -0.032548 -0.457920
v -0.107328 -0.029660 -0.468664
v -0.098842 -0.028183 -0.469696
v -0.098493 -0.031238 -0.459502
v -0.099376 -0.019620 -0.473132
v -0.090269 -0.030523 -0.450781
v -0.098054 -0.032071 -0.447527
v -0.087753 -0.033488 -0.435880
v -0.097750 -0.036492 -0.431034
v -0.080582 -0.030576 -0.440679
v -0.074798 -0.034156 -0.421594
v -0.083316 -0.036590 -0.414555
v -0.083108 -0.027832 -0.453417
v -0.080146 -0.021865 -0.453830
v -0.075179 -0.032747 -0.413418
v -0.130625 -0.041616 -0.408764
v 0.125290 -0.111115 -0.114734
v 0.126919 -0.097902 -0.112569
v 0.127881 -0.103400 -0.108713
v 0.114340 -0.096232 -0.112070
v 0.114518 -0.102418 -0.107025
v 0.099426 -0.095634 -0.112141
v 0.098354 -0.101876 -0.106867
v 0.081327 -0.103867 -0.100270
v 0.068990 -0.098754 -0.100311
v 0.068429 -0.102271 -0.091289
v 0.070449 -0.087032 -0.098679
v 0.070239 -0.088527 -0.089679
v 0.072682 -0.071958 -0.098144
v 0.072852 -0.071125 -0.089135
v 0.073366 -0.068547 -0.078049
v 0.075391 -0.054174 -0.089732
v 0.076128 -0.050090 -0.080214
v 0.077301 -0.045945 -0.067092
v 0.075111 -0.063336 -0.064408
v 0.092506 -0.046749 -0.070082
v 0.077160 -0.042317 -0.093023
v 0.081832 -0.033618 -0.098394
v 0.092205 -0.033095 -0.099115
v 0.091636 -0.041509 -0.107749
v 0.104304 -0.042213 -0.110237
v 0.105526 -0.033881 -0.101325
v 0.091139 -0.050804 -0.114977
v 0.103861 -0.052079 -0.116319
v 0.090496 -0.062768 -0.116923
v 0.103508 -0.063947 -0.117470
v 0.088799 -0.075739 -0.115259
v 0.102358 -0.076238 -0.115779
v 0.100802 -0.087003 -0.114419
v 0.114944 -0.087802 -0.114831
v 0.077378 -0.074391 -0.114689
v 0.072576 -0.072818 -0.108069
v -0.088804 -0.006668 -0.056038
v -0.119808 -0.010947 -0.077681
v -0.119705 -0.008920 -0.057662
v -0.089110 -0.007732 -0.044950
v -0.150735 -0.013871 -0.080071
v -0.147451 -0.010215 -0.061825
v -0.183084 -0.017146 -0.081855
v -0.179371 -0.012924 -0.064664
v -0.213442 -0.019510 -0.082977
v -0.211214 -0.015859 -0.066167
v -0.243065 -0.022443 -0.083066
v -0.242450 -0.017684 -0.066403
v -0.216411 -0.026060 -0.092866
v -0.242749 -0.028495 -0.091987
v -0.187621 -0.024410 -0.094420
v -0.196637 -0.034687 -0.101789
v -0.153546 -0.020474 -0.093692
v -0.224274 -0.008538 -0.117773
v -0.249504 0.003896 -0.134108
v -0.246015 0.007687 -0.124607
v -0.273339 0.018899 -0.137543
v -0.268171 0.024676 -0.129992
v -0.267548 0.025126 -0.119408
v -0.291827 0.043103 -0.134494
v -0.290769 0.044568 -0.124023
v -0.293918 0.040362 -0.115590
v -0.271166 0.019670 -0.112554
v -0.299814 0.031702 -0.114481
v -0.276788 0.010583 -0.111689
v -0.305492 0.023039 -0.113962
v -0.285007 0.001768 -0.111330
v -0.274981 -0.015299 -0.109478
v -0.304476 -0.006847 -0.111461
v -0.302795 -0.020017 -0.110324
v -0.272123 -0.027551 -0.108356
v -0.314823 0.012252 -0.113473
v -0.336483 0.000358 -0.113546
v -0.336843 0.038188 -0.116582
v -0.349394 0.026496 -0.116233
v -0.371485 0.011998 -0.116456
v -0.371957 0.055536 -0.119884
v -0.388264 0.043164 -0.119746
v -0.402843 0.034510 -0.120087
v -0.387473 0.004058 -0.117005
v -0.412973 0.029395 -0.120431
v -0.418430 0.064929 -0.123327
v -0.427504 0.060295 -0.123752
v -0.435288 0.056762 -0.124155
v -0.441366 0.088529 -0.127005
v -0.448647 0.085587 -0.127419
v -0.456079 0.082378 -0.127776
v -0.443045 0.053278 -0.124517
v -0.462031 0.079521 -0.130592
v -0.448720 0.050516 -0.128275
v -0.463803 0.078378 -0.138070
v -0.449944 0.049548 -0.136385
v -0.462340 0.079088 -0.145612
v -0.448036 0.050175 -0.144345
v -0.456436 0.082569 -0.148558
v -0.441351 0.053701 -0.146900
v -0.449288 0.087053 -0.148660
v -0.433275 0.058177 -0.146880
v -0.442325 0.091423 -0.148596
v -0.425597 0.062567 -0.146871
v -0.415473 0.069192 -0.146868
v -0.395822 0.038739 -0.144969
v -0.403048 0.079618 -0.146874
v -0.378288 0.051507 -0.144736
v -0.392804 0.090196 -0.146660
v -0.365326 0.063476 -0.144550
v -0.384980 0.098285 -0.145490
v -0.357449 0.071577 -0.143711
v -0.330930 0.047910 -0.142159
v -0.305189 0.027303 -0.140115
v -0.349934 0.079743 -0.142684
v -0.323858 0.056152 -0.141347
v -0.297903 0.035893 -0.139704
v -0.281147 0.010620 -0.138495
v -0.317753 0.063359 -0.137562
v -0.344151 0.085724 -0.138662
v -0.342509 0.087611 -0.129838
v -0.316110 0.065504 -0.127730
v -0.344210 0.085728 -0.122747
v -0.318568 0.062554 -0.119222
v -0.349924 0.078931 -0.120819
v -0.324386 0.054796 -0.117510
v -0.355930 0.071823 -0.120418
v -0.330208 0.046689 -0.117011
v -0.362327 0.064715 -0.120198
v -0.378806 0.095423 -0.123393
v -0.385172 0.089294 -0.123146
v -0.393780 0.081597 -0.122985
v -0.408245 0.111776 -0.125844
v -0.406188 0.072378 -0.122942
v -0.402118 0.117928 -0.126285
v -0.425256 0.130306 -0.128511
v -0.429504 0.123500 -0.128243
v -0.444798 0.134407 -0.129886
v -0.445587 0.127895 -0.129786
v -0.462893 0.135310 -0.131221
v -0.465614 0.128021 -0.132474
v -0.473650 0.134053 -0.131992
v -0.472634 0.126282 -0.131798
v -0.469818 0.116536 -0.131285
v -0.463239 0.118059 -0.130651
v -0.455223 0.119345 -0.130047
v -0.454407 0.128250 -0.130601
v -0.451340 0.107930 -0.129018
v -0.458134 0.105659 -0.129487
v -0.464908 0.103558 -0.130194
v -0.476393 0.114408 -0.133279
v -0.471317 0.101347 -0.132484
v -0.479724 0.113057 -0.139388
v -0.473845 0.099945 -0.138920
v -0.478434 0.112973 -0.146464
v -0.472363 0.100047 -0.146130
v -0.473128 0.114370 -0.150136
v -0.466629 0.102138 -0.149480
v -0.466381 0.116314 -0.150578
v -0.459658 0.104944 -0.149786
v -0.458454 0.118283 -0.150253
v -0.452966 0.108025 -0.149671
v -0.471941 0.126515 -0.150725
v -0.460588 0.126789 -0.150372
v -0.450649 0.126098 -0.149053
v -0.440923 0.125605 -0.149838
v -0.418654 0.120310 -0.148684
v -0.440827 0.131884 -0.150466
v -0.416368 0.126179 -0.148813
v -0.440142 0.142109 -0.149280
v -0.412552 0.137232 -0.147885
v -0.383615 0.105694 -0.144556
v -0.381926 0.116988 -0.144779
v -0.364664 0.105396 -0.132611
v -0.373612 0.104676 -0.134640
v -0.366409 0.106121 -0.126130
v -0.364964 0.107096 -0.132781
v -0.366533 0.104664 -0.137589
v -0.370839 0.104866 -0.141465
v -0.372699 0.101220 -0.124514
v -0.457406 0.134965 -0.151467
v -0.458635 0.142934 -0.151263
v -0.459888 0.147348 -0.145355
v -0.472592 0.142492 -0.151250
v -0.460989 0.147242 -0.137612
v -0.461821 0.142317 -0.132256
v -0.471603 0.134356 -0.152075
v -0.455707 0.126695 -0.150239
v -0.477802 0.124257 -0.151181
v -0.483130 0.122325 -0.147094
v -0.483829 0.122202 -0.139607
v -0.479951 0.123880 -0.133518
v -0.482275 0.132041 -0.134055
v -0.253028 -0.119821 0.021703
v -0.253078 -0.112261 0.012228
v -0.295262 -0.118469 0.020663
v -0.295807 -0.109981 0.012716
v -0.296856 -0.107754 0.004164
v -0.445889 -0.066485 -0.021613
v -0.381864 -0.077049 0.007457
v -0.229768 -0.021393 0.135369
v -0.152875 -0.067378 -0.448283
v -0.124033 -0.069543 -0.446991
v -0.125576 -0.079227 -0.446592
v -0.154747 -0.078105 -0.447335
v -0.104817 -0.077720 -0.445425
v -0.126774 -0.082111 -0.438912
v -0.127904 -0.081831 -0.428186
v -0.158468 -0.083086 -0.426790
v -0.156678 -0.083852 -0.438506
v -0.186195 -0.080170 -0.426722
v -0.187291 -0.078134 -0.416431
v -0.160331 -0.080827 -0.416257
v -0.162445 -0.071502 -0.411489
v -0.186808 -0.068855 -0.413317
v -0.129240 -0.079593 -0.418621
v -0.131476 -0.072404 -0.412332
v -0.133813 -0.061937 -0.411025
v -0.164939 -0.059845 -0.411063
v -0.108776 -0.072045 -0.414175
v -0.108873 -0.063664 -0.412137
v -0.166156 -0.052142 -0.416608
v -0.183482 -0.052795 -0.420008
v -0.186270 -0.058495 -0.412792
v -0.397316 -0.058529 -0.114108
v -0.410595 -0.057663 -0.115132
v -0.411305 -0.067556 -0.115525
v -0.397466 -0.070185 -0.114576
v -0.411048 -0.071934 -0.124278
v -0.396490 -0.074803 -0.124142
v -0.410969 -0.072328 -0.136208
v -0.396715 -0.075473 -0.137376
v -0.380986 -0.074398 -0.135025
v -0.409986 -0.059136 -0.137163
v -0.395621 -0.058316 -0.138734
v -0.382409 -0.060146 -0.139490
v -0.427835 -0.068750 -0.134320
v -0.426720 -0.059508 -0.135260
v -0.428140 -0.068286 -0.125131
v -0.428491 -0.064308 -0.118164
v -0.211713 -0.062010 -0.441885
v -0.210850 -0.056930 -0.434640
v -0.430241 -0.074421 0.066524
v -0.441141 -0.074649 0.067482
v -0.429355 -0.084076 0.061650
v -0.439745 -0.085039 0.062383
v -0.448400 -0.074777 0.068988
v -0.429887 -0.091612 0.054357
v -0.430497 -0.093062 0.045218
v -0.430839 -0.089686 0.036506
v -0.431036 -0.081944 0.031012
v -0.430955 -0.072868 0.029143
v -0.431119 -0.063682 0.032224
v -0.431064 -0.056673 0.038010
v -0.456620 -0.068588 0.071328
v -0.452652 -0.073713 0.072323
v -0.454969 -0.074082 0.071008
v 0.349198 -0.101470 0.028057
v 0.348145 -0.000332 0.006087
v 0.350163 -0.003523 -0.003886
v 0.349054 0.000251 -0.001733
v 0.355617 -0.005301 -0.016244
v 0.349724 -0.000854 -0.009120
v -0.108679 -0.006655 0.019994
v -0.106063 -0.004673 0.018227
v -0.123234 -0.033565 0.283646
v -0.136662 -0.015105 -0.018873
v -0.096382 -0.018766 0.411500
v -0.100737 -0.019039 0.410770
v -0.101780 -0.022244 0.412271
v -0.104849 -0.024647 0.413723
v -0.121636 -0.023792 0.414345
v -0.127149 -0.022696 0.414463
v -0.102251 -0.018906 0.412438
v -0.106664 -0.019672 0.412803
v -0.107016 -0.024431 0.413779
v -0.117694 -0.024572 0.414293
v -0.120230 -0.020078 0.413612
v -0.115024 -0.024012 0.414068
v -0.116091 -0.019773 0.413319
v -0.112451 -0.024058 0.413957
v -0.112560 -0.020449 0.413251
v -0.109752 -0.024157 0.413851
v -0.109839 -0.020128 0.413050
v -0.114945 -0.006114 0.014778
v -0.112308 -0.009811 0.016289
v -0.115732 -0.010494 0.014856
v -0.114860 -0.012193 0.018947
v -0.115203 -0.007553 0.014804
v -0.114709 -0.008204 0.016129
v -0.113952 -0.007506 0.015347
v -0.113130 -0.008658 0.015818
v -0.114002 -0.009393 0.016671
v -0.113045 -0.010499 0.017057
v -0.115477 -0.010992 0.016053
v -0.115126 -0.009522 0.016327
v -0.115484 -0.009116 0.014831
v -0.113884 -0.011282 0.017931
v -0.114655 -0.010254 0.017525
v -0.115146 -0.011635 0.017604
v 0.323270 0.006068 0.013369
v 0.321772 0.004849 0.022045
v 0.323636 0.005161 0.022242
v 0.325436 0.005605 0.018782
v 0.323590 0.008169 0.002444
v 0.312067 0.008108 0.008576
v 0.316355 0.006084 0.017862
v 0.319901 0.004536 0.021846
v 0.332786 0.008498 -0.001073
v 0.314819 0.004251 0.031351
v 0.307713 0.005891 0.023881
v 0.300003 0.005538 0.034184
v 0.303430 0.005122 0.036184
v 0.301791 0.008059 0.014023
v 0.291013 0.008003 0.019762
v 0.282174 0.007960 0.024452
v 0.286134 0.005309 0.038192
v 0.271276 0.007896 0.030299
v 0.273576 0.006153 0.039620
v 0.263444 0.007755 0.034057
v 0.258646 0.007914 0.039789
v 0.287486 0.001353 0.040638
v 0.284122 0.003283 0.040213
v 0.289735 0.002908 0.039807
v 0.288285 0.004425 0.038833
v 0.285504 0.002573 0.040347
v 0.283527 0.000124 0.041851
v 0.287041 -0.001305 0.042051
v 0.282480 0.000607 0.041754
v 0.286799 0.005979 0.037835
v 0.348401 -0.002394 0.015814
v 0.349129 -0.002701 0.015618
v 0.348092 -0.001849 0.014485
v 0.347599 -0.001867 0.015388
v 0.347381 -0.002081 0.015991
v 0.348278 -0.002599 0.015740
v 0.349187 -0.003125 0.015486
v 0.350167 -0.003646 0.015288
v 0.350292 -0.003231 0.015436
v 0.350927 -0.003736 0.015652
v 0.351366 -0.002699 0.014572
v 0.350308 -0.002216 0.013968
v 0.349557 -0.002682 0.014769
v 0.349324 -0.001823 0.013568
v 0.348820 -0.002131 0.014098
v 0.348912 -0.001659 0.013401
v 0.346752 -0.001345 0.015058
v 0.346458 -0.001548 0.016249
v 0.347055 -0.001136 0.013826
v 0.348757 -0.001989 0.013827
v 0.347405 -0.000895 0.012410
v 0.348728 -0.002186 0.012214
v 0.348663 -0.002245 0.013471
v 0.349454 -0.003006 0.014011
v 0.349251 -0.002617 0.011808
v 0.348709 -0.001548 0.010695
v 0.348317 -0.001655 0.011825
v 0.348119 -0.001722 0.013101
v 0.347886 -0.001039 0.011671
v 0.347562 -0.001187 0.012721
v 0.348224 -0.000885 0.010579
v 0.349145 -0.001833 0.010207
v 0.348538 -0.000724 0.009434
v 0.349855 -0.003138 0.011582
v 0.350389 -0.003905 0.014648
v 0.355767 -0.004196 -0.017612
v 0.350481 -0.004471 -0.008184
v 0.360256 -0.006768 -0.012378
v 0.354523 -0.005614 -0.004328
v 0.353617 -0.004707 -0.014568
v 0.355306 -0.005405 -0.013458
v 0.357254 -0.005048 -0.015878
v 0.351891 -0.004869 -0.006839
v 0.353184 -0.005278 -0.009134
v 0.351267 -0.004700 -0.010120
v 0.358767 -0.005914 -0.014114
v 0.357173 -0.006129 -0.012030
v 0.359482 -0.006762 -0.010567
v 0.356779 -0.006336 -0.006206
v 0.354946 -0.005810 -0.007969
v 0.353281 -0.005263 -0.005513
v 0.358552 -0.006756 -0.008393
v 0.356142 -0.006102 -0.009832
v 0.354088 -0.005543 -0.011030
v 0.352039 -0.004925 -0.012022
v 0.339295 0.001151 0.020289
v 0.349552 -0.003012 0.021398
v 0.343167 0.000307 0.015817
v 0.351757 -0.003809 0.016899
v 0.342952 0.000152 0.021128
v 0.343782 0.000024 0.018825
v 0.341323 0.000709 0.017946
v 0.350587 -0.003386 0.019288
v 0.348282 -0.002082 0.018840
v 0.347919 -0.002012 0.021530
v 0.344474 -0.000453 0.015921
v 0.348740 -0.002573 0.016423
v 0.346245 -0.001481 0.016061
v 0.346068 -0.001115 0.018951
v 0.345953 -0.000808 0.021688
v 0.352685 -0.003256 0.016909
v 0.351861 -0.002559 0.015826
v 0.351619 -0.002535 0.016259
v 0.350417 -0.001856 0.015184
v 0.349358 -0.001757 0.015014
v 0.348914 -0.001799 0.015961
v 0.350558 -0.001845 0.015645
v 0.351067 -0.001922 0.014823
v 0.349872 -0.001610 0.014068
v 0.348673 -0.001335 0.013356
v 0.348026 -0.001543 0.014658
v 0.346666 -0.001339 0.014359
v 0.345769 -0.001711 0.016564
v 0.347273 -0.001753 0.016275
v 0.347386 -0.001040 0.012591
v 0.323575 0.005203 0.016018
v 0.319264 0.004569 0.022130
v 0.325252 0.005828 0.018758
v 0.323662 0.005634 0.022436
v 0.324403 0.005512 0.017370
v 0.323553 0.004914 0.019168
v 0.322474 0.004356 0.018277
v 0.321136 0.004206 0.020127
v 0.322484 0.004741 0.020769
v 0.321538 0.005120 0.022288
v 0.324732 0.005765 0.019962
v 0.324104 0.005688 0.021414
v 0.320489 0.005044 -0.021525
v 0.319703 0.005126 -0.025562
v 0.320578 0.005105 -0.023825
v 0.319678 0.005223 -0.025631
v 0.320620 0.005135 -0.024921
v 0.318487 0.004865 -0.025693
v 0.318719 0.005312 -0.026353
v 0.317288 0.004607 -0.025823
v 0.317719 0.005406 -0.027106
v 0.316117 0.004356 -0.025950
v 0.316428 0.005664 -0.027185
v 0.314501 0.004125 -0.026526
v 0.314880 0.006004 -0.027093
v 0.312373 0.003967 -0.027795
v 0.313664 0.006270 -0.027020
v 0.349918 -0.002107 -0.017766
v 0.352192 -0.003507 -0.019238
v 0.350010 -0.003011 -0.022894
v 0.347599 -0.001640 -0.022393
v 0.352955 -0.002727 -0.013545
v 0.355176 -0.004488 -0.015961
v 0.359238 -0.009599 -0.021078
v 0.356047 -0.007660 -0.022348
v 0.352737 -0.005579 -0.023534
v -0.122737 -0.013434 -0.015512
v -0.119968 -0.009393 -0.017186
v -0.125806 -0.014704 -0.019115
v -0.120548 -0.013043 -0.019144
v -0.121518 -0.011655 -0.016249
v -0.121550 -0.012651 -0.017012
v -0.123478 -0.013741 -0.016382
v -0.120229 -0.011034 -0.018066
v -0.124472 -0.014152 -0.017549
v -0.122293 -0.013505 -0.018062
v -0.122941 -0.013799 -0.019131
v -0.120419 -0.012232 -0.018709
v -0.006333 -0.003619 -0.043362
v -0.009405 -0.003238 -0.040840
v -0.003300 -0.002993 -0.041135
v -0.005171 -0.003446 -0.038588
v 0.004529 -0.002488 -0.041741
v 0.000927 -0.003301 -0.044284
v -0.005576 -0.003516 -0.040299
v -0.007834 -0.003433 -0.042130
v -0.006915 -0.003365 -0.039487
v -0.001011 -0.003264 -0.038622
v -0.003089 -0.003363 -0.038559
v -0.001742 -0.003106 -0.042296
v 0.000950 -0.003125 -0.038941
v 0.002550 -0.002840 -0.040193
v -0.000223 -0.003217 -0.043428
v -0.096108 -0.039152 -0.415062
v -0.072600 -0.035728 -0.414102
v -0.073873 -0.033577 -0.414091
v -0.071161 -0.031540 -0.414091
v -0.074806 -0.027240 -0.413647
v -0.077570 -0.036048 -0.414598
v -0.078726 -0.033412 -0.414168
v -0.076945 -0.027890 -0.413567
v -0.080552 -0.029526 -0.413593
v -0.082233 -0.034003 -0.414195
v -0.083858 -0.031243 -0.413759
v -0.085930 -0.035344 -0.414304
v -0.086812 -0.033411 -0.413991
v -0.089154 -0.036524 -0.414538
v -0.089731 -0.035037 -0.414124
v -0.091783 -0.037127 -0.414511
v -0.092817 -0.035883 -0.414084
v -0.085150 -0.036722 -0.414586
v -0.088674 -0.038550 -0.415114
v -0.092334 -0.038553 -0.414973
v -0.081679 -0.036928 -0.414564
v -0.121785 -0.038926 -0.415436
v -0.120225 -0.038390 -0.415315
v -0.120022 -0.039853 -0.415283
v -0.118572 -0.039171 -0.415199
v -0.116894 -0.039069 -0.415316
v -0.116679 -0.040673 -0.415524
v -0.118358 -0.040344 -0.415355
v -0.118644 -0.037846 -0.415193
v -0.116992 -0.037361 -0.415065
v -0.115581 -0.037330 -0.414953
v -0.115358 -0.039106 -0.415294
v -0.113744 -0.038907 -0.415125
v -0.113127 -0.040165 -0.415224
v -0.114869 -0.040785 -0.415573
v -0.114201 -0.037300 -0.414843
v -0.112680 -0.037266 -0.414721
v -0.112096 -0.038240 -0.414782
v -0.111326 -0.039525 -0.414863
v 0.156863 -0.109389 -0.033147
v 0.156893 -0.109436 -0.032320
v 0.156959 -0.110036 -0.032686
v 0.156797 -0.112194 -0.027644
v 0.156667 -0.113146 -0.026423
v 0.156539 -0.114425 -0.028430
v 0.156918 -0.113605 -0.029542
v 0.157117 -0.110297 -0.026369
v 0.157209 -0.112319 -0.024704
v 0.157306 -0.114452 -0.022947
v 0.156631 -0.114938 -0.025432
v 0.156137 -0.115294 -0.027251
v 0.348971 -0.096994 0.029614
v 0.349061 -0.095830 0.033476
v 0.349357 -0.101069 0.028019
v 0.349098 -0.098700 0.033219
v 0.348994 -0.096695 0.030606
v 0.349110 -0.098324 0.030623
v 0.349161 -0.098998 0.028830
v 0.349082 -0.097469 0.033329
v 0.349050 -0.097720 0.032019
v 0.349028 -0.096257 0.032058
v 0.349342 -0.100315 0.030943
v 0.349205 -0.099406 0.032225
v 0.109275 -0.123325 0.006820
v 0.110411 -0.123682 0.012825
v 0.117011 -0.124886 0.009980
v 0.114284 -0.124160 0.005364
v -0.227608 -0.054128 0.187750
v -0.228205 -0.060778 0.187808
v -0.231972 -0.054999 0.187801
v -0.232697 -0.060219 0.188512
v -0.229108 -0.054427 0.187767
v -0.229668 -0.056754 0.187596
v -0.228341 -0.056796 0.187557
v -0.228408 -0.058794 0.187624
v -0.229797 -0.058813 0.187623
v -0.229730 -0.060588 0.188047
v -0.232554 -0.056783 0.187638
v -0.231013 -0.056765 0.187616
v -0.230509 -0.054707 0.187784
v -0.231223 -0.060402 0.188281
v -0.231253 -0.058749 0.187613
v -0.232850 -0.058686 0.187858
v -0.379652 -0.052063 -0.139857
v -0.451656 -0.055580 0.063644
v -0.455571 -0.076666 0.071375
v -0.452862 -0.073623 0.072119
v -0.456647 -0.056609 0.062446
v -0.453710 -0.057734 0.064180
v -0.454705 -0.071861 0.070737
v -0.455763 -0.072714 0.070590
v -0.456697 -0.069957 0.069245
v -0.456427 -0.069971 0.069382
v -0.457054 -0.067536 0.068014
v -0.457271 -0.067458 0.067979
v -0.457073 -0.064856 0.066763
v -0.457192 -0.064850 0.066732
v -0.456719 -0.062147 0.065562
v -0.457217 -0.062036 0.065341
v -0.455694 -0.059813 0.064698
v -0.457510 -0.059036 0.063756
v -0.227686 -0.054647 -0.186343
v -0.231439 -0.055267 -0.186565
v -0.230660 -0.057782 -0.187196
v -0.225910 -0.061120 -0.187206
v -0.227501 -0.057388 -0.187035
v -0.229032 -0.057152 -0.187083
v -0.229542 -0.054954 -0.186453
v -0.230949 -0.056848 -0.186962
v -0.228462 -0.060651 -0.187674
v -0.370779 -0.057996 -0.138862
v -0.371127 -0.058962 -0.137823
v -0.374582 -0.059260 -0.137608
v -0.372177 -0.057196 -0.139776
v -0.369568 -0.057725 -0.140500
v -0.369495 -0.058224 -0.139157
v -0.368763 -0.058771 -0.138000
v -0.365981 -0.058650 -0.138459
v -0.365816 -0.058301 -0.139832
v -0.364991 -0.058400 -0.139435
v -0.364712 -0.058595 -0.138668
v -0.363732 -0.058552 -0.138829
v -0.151893 -0.023301 0.416262
v -0.152201 -0.024588 0.416080
v -0.150782 -0.023402 0.415949
v -0.152114 -0.022218 0.416496
v -0.149527 -0.022353 0.415834
v -0.150133 -0.021396 0.416342
v -0.148921 -0.021761 0.415862
vt 0.174188 0.164828
vt 0.175383 0.187396
vt 0.162453 0.172171
vt 0.163978 0.144144
vt 0.383794 0.187946
vt 0.407064 0.205017
vt 0.408475 0.211408
vt 0.388936 0.211833
vt 0.426999 0.627150
vt 0.434854 0.633091
vt 0.426999 0.653391
vt 0.429273 0.655885
vt 0.328499 0.022327
vt 0.333187 0.015667
vt 0.337645 0.037869
vt 0.336687 0.044167
vt 0.331189 0.048807
vt 0.323081 0.036062
vt 0.319551 0.031327
vt 0.331371 0.002732
vt 0.674514 0.337124
vt 0.670183 0.331363
vt 0.675832 0.329391
vt 0.679706 0.337187
vt 0.665828 0.342357
vt 0.661870 0.335288
vt 0.255966 0.006842
vt 0.261816 0.005912
vt 0.262412 0.017201
vt 0.254835 0.017398
vt 0.100338 0.314212
vt 0.099754 0.314728
vt 0.097243 0.308205
vt 0.100905 0.308205
vt 0.014094 0.115130
vt 0.016818 0.110862
vt 0.015261 0.112810
vt 0.016818 0.115320
vt 0.475300 0.481290
vt 0.483338 0.481204
vt 0.482540 0.487954
vt 0.475594 0.487078
vt 0.476237 0.474857
vt 0.483405 0.475728
vt 0.163225 0.181345
vt 0.166768 0.182158
vt 0.168176 0.187396
vt 0.162179 0.187396
vt 0.098503 0.526727
vt 0.092673 0.528552
vt 0.092784 0.522080
vt 0.097954 0.521961
vt 0.478143 0.470703
vt 0.483760 0.470591
vt 0.097322 0.517857
vt 0.092673 0.516273
vt 0.272022 0.466135
vt 0.276798 0.466285
vt 0.278874 0.471343
vt 0.273272 0.471666
vt 0.282807 0.466224
vt 0.283496 0.472331
vt 0.228340 0.245437
vt 0.232825 0.249385
vt 0.233043 0.254666
vt 0.228340 0.253767
vt 0.695526 0.325829
vt 0.688914 0.330588
vt 0.685754 0.324862
vt 0.691608 0.321103
vt 0.680745 0.327355
vt 0.684403 0.334155
vt 0.138243 0.093698
vt 0.136518 0.090094
vt 0.139345 0.090094
vt 0.138946 0.093453
vt 0.267891 0.006658
vt 0.269081 0.016606
vt 0.686818 0.339374
vt 0.690882 0.333827
vt 0.521402 0.474132
vt 0.519062 0.467295
vt 0.545507 0.457739
vt 0.548328 0.461645
vt 0.550091 0.465956
vt 0.527101 0.474260
vt 0.071446 0.321220
vt 0.076845 0.313946
vt 0.083754 0.331603
vt 0.074631 0.342552
vt 0.067534 0.347207
vt 0.063937 0.322802
vt 0.058117 0.294175
vt 0.066454 0.298103
vt 0.120298 0.214896
vt 0.121149 0.209161
vt 0.122528 0.205772
vt 0.122528 0.216226
vt 0.196657 0.068383
vt 0.199408 0.068801
vt 0.197509 0.076880
vt 0.194072 0.075053
vt 0.194072 0.064231
vt 0.194694 0.064912
vt 0.194380 0.063412
vt 0.141622 0.705161
vt 0.135693 0.688826
vt 0.151298 0.693878
vt 0.155038 0.704811
vt 0.096100 0.123835
vt 0.096100 0.129735
vt 0.093323 0.129195
vt 0.093405 0.125966
vt 0.368225 0.298719
vt 0.369845 0.295463
vt 0.370125 0.293338
vt 0.370362 0.298774
vt 0.351326 0.301899
vt 0.340634 0.275928
vt 0.355164 0.273895
vt 0.177525 0.216226
vt 0.178537 0.205946
vt 0.177525 0.201152
vt 0.180188 0.203665
vt 0.378570 0.271418
vt 0.389983 0.306988
vt 0.385838 0.319603
vt 0.375186 0.309677
vt 0.100404 0.328855
vt 0.100464 0.346446
vt 0.093641 0.333032
vt 0.099864 0.316712
vt 0.578295 0.419931
vt 0.580175 0.445665
vt 0.571757 0.444968
vt 0.566972 0.414923
vt 0.038266 0.783668
vt 0.043079 0.785224
vt 0.041539 0.790650
vt 0.035764 0.787170
vt 0.311991 0.441719
vt 0.316293 0.440524
vt 0.316057 0.446813
vt 0.311095 0.446468
vt 0.037558 0.779408
vt 0.043245 0.779600
vt 0.123559 0.223945
vt 0.133504 0.225328
vt 0.132560 0.256774
vt 0.124599 0.256580
vt 0.127837 0.195352
vt 0.135536 0.195638
vt 0.087373 0.565072
vt 0.080591 0.561933
vt 0.081963 0.554511
vt 0.096100 0.557494
vt 0.086715 0.576602
vt 0.077376 0.565318
vt 0.593921 0.310768
vt 0.582895 0.313021
vt 0.580839 0.291837
vt 0.599835 0.300622
vt 0.723192 0.094957
vt 0.720534 0.105026
vt 0.715787 0.102951
vt 0.722309 0.090870
vt 0.723095 0.088167
vt 0.725557 0.091216
vt 0.724957 0.106868
vt 0.163525 0.049219
vt 0.168047 0.048365
vt 0.168099 0.053720
vt 0.162708 0.054142
vt 0.134827 0.003336
vt 0.136146 0.007171
vt 0.130155 0.006842
vt 0.130405 0.001900
vt 0.068584 0.111292
vt 0.069673 0.116358
vt 0.064486 0.117723
vt 0.064486 0.110610
vt 0.305119 0.473820
vt 0.297481 0.494916
vt 0.295956 0.483569
vt 0.295956 0.467936
vt 0.063153 0.868380
vt 0.074403 0.867265
vt 0.074846 0.873883
vt 0.062990 0.875075
vt 0.762374 0.627456
vt 0.762517 0.634226
vt 0.751274 0.635521
vt 0.750199 0.626953
vt 0.499965 0.408758
vt 0.511934 0.411438
vt 0.513231 0.420303
vt 0.504101 0.420286
vt 0.499965 0.460589
vt 0.501182 0.453145
vt 0.508261 0.453075
vt 0.509529 0.461142
vt 0.725557 0.695843
vt 0.722630 0.704965
vt 0.714745 0.704650
vt 0.715919 0.693983
vt 0.142097 0.515074
vt 0.141946 0.504227
vt 0.153760 0.506226
vt 0.152728 0.514106
vt 0.718308 0.685172
vt 0.724929 0.686544
vt 0.153760 0.520033
vt 0.146504 0.521344
vt 0.440454 0.104037
vt 0.439767 0.097152
vt 0.450740 0.100054
vt 0.456065 0.115630
vt 0.725557 0.365181
vt 0.707998 0.358682
vt 0.706638 0.350231
vt 0.719124 0.353648
vt 0.747793 0.064556
vt 0.735673 0.052050
vt 0.738672 0.046337
vt 0.747535 0.054069
vt 0.739356 0.067042
vt 0.729926 0.056214
vt 0.752341 0.077239
vt 0.745160 0.076891
vt 0.731559 0.644645
vt 0.736454 0.641762
vt 0.737468 0.650087
vt 0.729828 0.650903
vt 0.726441 0.640840
vt 0.732709 0.635748
vt 0.723088 0.650604
vt 0.318041 0.007220
vt 0.306483 0.008545
vt 0.306483 0.000982
vt 0.324339 0.000909
vt 0.446597 0.117405
vt 0.451671 0.117963
vt 0.451653 0.142342
vt 0.443941 0.140447
vt 0.001062 0.560265
vt 0.010814 0.547937
vt 0.011768 0.564665
vt 0.002969 0.562336
vt 0.017385 0.545859
vt 0.017959 0.564348
vt 0.021042 0.575481
vt 0.022258 0.579499
vt 0.016952 0.586212
vt 0.016550 0.577303
vt 0.272701 0.541101
vt 0.272805 0.533476
vt 0.279018 0.535254
vt 0.276074 0.544258
vt 0.624992 0.429248
vt 0.620538 0.430049
vt 0.619200 0.419930
vt 0.626039 0.420838
vt 0.272844 0.547772
vt 0.270196 0.543859
vt 0.685910 0.343848
vt 0.688886 0.340412
vt 0.459189 0.103518
vt 0.463595 0.117929
vt 0.470674 0.140796
vt 0.464634 0.142060
vt 0.218689 0.237772
vt 0.222647 0.236459
vt 0.223433 0.242653
vt 0.218650 0.242653
vt 0.379055 0.126058
vt 0.382734 0.125139
vt 0.384401 0.129396
vt 0.378954 0.130260
vt 0.364123 0.011946
vt 0.368383 0.010838
vt 0.368125 0.020731
vt 0.362061 0.018029
vt 0.474962 0.095502
vt 0.474751 0.089220
vt 0.481592 0.090631
vt 0.478948 0.098484
vt 0.362194 0.007502
vt 0.366608 0.003943
vt 0.792827 0.932173
vt 0.784293 0.932134
vt 0.783281 0.925508
vt 0.792558 0.925705
vt 0.723144 0.677620
vt 0.722823 0.671067
vt 0.727631 0.671583
vt 0.726372 0.679539
vt 0.095965 0.734544
vt 0.099577 0.731017
vt 0.101998 0.741148
vt 0.096445 0.741900
vt 0.675739 0.932173
vt 0.675264 0.920609
vt 0.688723 0.921002
vt 0.689423 0.930763
vt 0.763514 0.691922
vt 0.750048 0.688882
vt 0.751175 0.676483
vt 0.763997 0.675464
vt 0.060528 0.932173
vt 0.061522 0.915784
vt 0.073515 0.912475
vt 0.072042 0.930989
vt 0.111847 0.928333
vt 0.099834 0.929289
vt 0.099299 0.909220
vt 0.112918 0.909425
vt 0.676794 0.880641
vt 0.685542 0.880793
vt 0.687078 0.892854
vt 0.676380 0.892720
vt 0.259517 0.915208
vt 0.259300 0.921243
vt 0.250347 0.922563
vt 0.250847 0.914244
vt 0.258565 0.896117
vt 0.265800 0.895637
vt 0.268684 0.913966
vt 0.269081 0.920110
vt 0.645585 0.337868
vt 0.647765 0.324549
vt 0.664234 0.331715
vt 0.647340 0.340567
vt 0.628407 0.325564
vt 0.631551 0.314978
vt 0.165212 0.550428
vt 0.166645 0.547575
vt 0.179627 0.526633
vt 0.182234 0.532442
vt 0.185848 0.550281
vt 0.169090 0.557382
vt 0.367584 0.084088
vt 0.360116 0.079888
vt 0.363583 0.066535
vt 0.367584 0.064682
vt 0.433862 0.024332
vt 0.426697 0.024228
vt 0.428169 0.014307
vt 0.437707 0.019008
vt 0.438565 0.038596
vt 0.431642 0.042421
vt 0.276288 0.745445
vt 0.275846 0.762599
vt 0.250898 0.768991
vt 0.252391 0.752820
vt 0.192026 0.527417
vt 0.191399 0.547453
vt 0.652746 0.294293
vt 0.663799 0.295354
vt 0.080655 0.586779
vt 0.087794 0.597379
vt 0.067014 0.596390
vt 0.062439 0.586236
vt 0.063456 0.577820
vt 0.078507 0.579656
vt 0.547203 0.019205
vt 0.553606 0.012123
vt 0.557382 0.015416
vt 0.553144 0.034916
vt 0.622827 0.672755
vt 0.624433 0.674013
vt 0.625633 0.678099
vt 0.623287 0.682312
vt 0.622827 0.658598
vt 0.631859 0.670378
vt 0.450694 0.193203
vt 0.445773 0.193795
vt 0.450880 0.192156
vt 0.403236 0.197520
vt 0.409117 0.197085
vt 0.406143 0.201790
vt 0.384752 0.197834
vt 0.734505 0.614886
vt 0.729479 0.622081
vt 0.729479 0.603169
vt 0.735666 0.604410
vt 0.057006 0.730801
vt 0.049316 0.724799
vt 0.054787 0.719718
vt 0.066436 0.727284
vt 0.742375 0.619063
vt 0.737192 0.627055
vt 0.468910 0.799305
vt 0.466066 0.802320
vt 0.460293 0.800881
vt 0.465248 0.797459
vt 0.481940 0.797260
vt 0.482207 0.802225
vt 0.813184 0.019011
vt 0.816009 0.016338
vt 0.815175 0.032624
vt 0.810787 0.031919
vt 0.324144 0.740720
vt 0.324724 0.742274
vt 0.320070 0.741815
vt 0.320829 0.740487
vt 0.325604 0.739054
vt 0.325988 0.741183
vt 0.350978 0.321834
vt 0.351825 0.318552
vt 0.353643 0.320281
vt 0.352246 0.323645
vt 0.024025 0.117723
vt 0.021180 0.114132
vt 0.021857 0.111969
vt 0.024025 0.112753
vt 0.013296 0.004805
vt 0.013274 0.002326
vt 0.014415 0.001873
vt 0.014415 0.004240
vt 0.820687 0.001489
vt 0.823312 0.005877
vt 0.820872 0.006503
vt 0.818809 0.003394
vt 0.330992 0.743050
vt 0.329411 0.744629
vt 0.327645 0.742157
vt 0.330233 0.741096
vt 0.335392 0.744260
vt 0.334622 0.747285
vt 0.335534 0.741088
vt 0.409421 0.729460
vt 0.429840 0.722550
vt 0.430759 0.734754
vt 0.406423 0.735510
vt 0.405638 0.742490
vt 0.423498 0.743215
vt 0.374920 0.428747
vt 0.358201 0.425729
vt 0.357868 0.411397
vt 0.374293 0.409936
vt 0.249861 0.598005
vt 0.237501 0.613829
vt 0.237445 0.607009
vt 0.246287 0.594103
vt 0.158824 0.400025
vt 0.160078 0.404591
vt 0.160968 0.405837
vt 0.158824 0.410829
vt 0.652707 0.340663
vt 0.665754 0.345525
vt 0.665161 0.354500
vt 0.652110 0.352131
vt 0.054440 0.874003
vt 0.055024 0.885340
vt 0.041793 0.886459
vt 0.043659 0.875353
vt 0.052629 0.636139
vt 0.052855 0.646684
vt 0.039757 0.646160
vt 0.040091 0.637127
vt 0.147817 0.874733
vt 0.159637 0.875651
vt 0.160650 0.884509
vt 0.147601 0.881485
vt 0.686193 0.351282
vt 0.688798 0.357778
vt 0.676789 0.356924
vt 0.677537 0.349994
vt 0.380665 0.367793
vt 0.389206 0.368553
vt 0.388418 0.378491
vt 0.380665 0.379596
vt 0.144367 0.921251
vt 0.144492 0.914928
vt 0.161656 0.916387
vt 0.161862 0.922563
vt 0.896583 0.337337
vt 0.899381 0.320067
vt 0.909575 0.320390
vt 0.909788 0.338190
vt 0.691021 0.397665
vt 0.678316 0.402795
vt 0.678279 0.392897
vt 0.691185 0.391282
vt 0.491797 0.396730
vt 0.499919 0.395881
vt 0.496312 0.405669
vt 0.487863 0.406024
vt 0.498294 0.381485
vt 0.504236 0.382918
vt 0.695526 0.014164
vt 0.692238 0.025683
vt 0.681540 0.028534
vt 0.680382 0.020242
vt 0.932173 0.338754
vt 0.921987 0.338754
vt 0.920080 0.319865
vt 0.929493 0.319215
vt 0.656440 0.408426
vt 0.652094 0.398209
vt 0.665274 0.395384
vt 0.666427 0.406210
vt 0.054815 0.941783
vt 0.035282 0.939824
vt 0.035548 0.931286
vt 0.055258 0.931093
vt 0.232975 0.459322
vt 0.233356 0.445801
vt 0.241003 0.452520
vt 0.234933 0.470891
vt 0.108590 0.039361
vt 0.108170 0.043245
vt 0.108170 0.030624
vt 0.110515 0.036058
vt 0.287108 0.456653
vt 0.298790 0.457126
vt 0.294611 0.457178
vt 0.288291 0.459949
vt 0.139635 0.008753
vt 0.139117 0.008426
vt 0.141748 0.008426
vt 0.141391 0.012013
vt 0.285676 0.442581
vt 0.295465 0.441112
vt 0.206943 0.203540
vt 0.211044 0.218701
vt 0.202368 0.221357
vt 0.198306 0.201133
vt 0.167418 0.627510
vt 0.173171 0.618900
vt 0.174688 0.641156
vt 0.166384 0.642402
vt 0.198537 0.187524
vt 0.208050 0.193994
vt 0.219575 0.171270
vt 0.236549 0.165569
vt 0.238881 0.200936
vt 0.228237 0.205652
vt 0.211588 0.185382
vt 0.201556 0.176611
vt 0.204536 0.163294
vt 0.222337 0.210410
vt 0.077532 0.663092
vt 0.076794 0.651418
vt 0.085056 0.650298
vt 0.086490 0.658768
vt 0.887308 0.026089
vt 0.886764 0.017661
vt 0.893205 0.017891
vt 0.894491 0.025854
vt 0.895483 0.033588
vt 0.888680 0.034228
vt 0.499799 0.001374
vt 0.508004 0.000890
vt 0.507568 0.009260
vt 0.499929 0.010013
vt 0.553408 0.930299
vt 0.553266 0.921661
vt 0.572848 0.923128
vt 0.565729 0.931279
vt 0.500170 0.089403
vt 0.510283 0.088021
vt 0.513618 0.104442
vt 0.505663 0.106142
vt 0.247045 0.574199
vt 0.233984 0.574199
vt 0.231836 0.568194
vt 0.247458 0.557609
vt 0.015429 0.010383
vt 0.021935 0.014850
vt 0.019734 0.037726
vt 0.013017 0.037430
vt 0.016901 0.002242
vt 0.024025 0.003117
vt 0.102130 0.637040
vt 0.075459 0.635379
vt 0.076265 0.627205
vt 0.105559 0.626388
vt 0.127333 0.622177
vt 0.121382 0.639067
vt 0.689924 0.635799
vt 0.706939 0.625736
vt 0.706798 0.630141
vt 0.697079 0.631832
vt 0.184993 0.193775
vt 0.179385 0.197006
vt 0.179385 0.184266
vt 0.181464 0.184394
vt 0.281093 0.079283
vt 0.272366 0.076642
vt 0.274748 0.063260
vt 0.281093 0.061020
vt 0.708864 0.622286
vt 0.716240 0.624282
vt 0.722799 0.616300
vt 0.725410 0.618942
vt 0.724058 0.622024
vt 0.791220 0.408333
vt 0.795103 0.398476
vt 0.801868 0.402829
vt 0.797265 0.410372
vt 0.708887 0.614465
vt 0.714419 0.605186
vt 0.725951 0.606939
vt 0.188353 0.007671
vt 0.192638 0.001122
vt 0.192989 0.011629
vt 0.188043 0.014392
vt 0.291224 0.994577
vt 0.292905 0.990328
vt 0.305026 0.989298
vt 0.308107 0.999443
vt 0.271483 0.424419
vt 0.266906 0.430049
vt 0.269679 0.418616
vt 0.266906 0.409719
vt 0.648000 0.119417
vt 0.648000 0.099195
vt 0.658287 0.113225
vt 0.656603 0.129735
vt 0.726839 0.629018
vt 0.713160 0.635398
vt 0.029415 0.743994
vt 0.035718 0.742134
vt 0.043245 0.748141
vt 0.039682 0.752042
vt 0.027263 0.760031
vt 0.015755 0.759123
vt 0.016363 0.742791
vt 0.014329 0.722765
vt 0.025010 0.723237
vt 0.032131 0.722847
vt 0.182664 0.614684
vt 0.195037 0.619000
vt 0.194193 0.630565
vt 0.185301 0.630933
vt 0.095975 0.512000
vt 0.089436 0.509086
vt 0.088092 0.488390
vt 0.096126 0.488325
vt 0.901860 0.149549
vt 0.902440 0.171675
vt 0.893537 0.172116
vt 0.892215 0.155628
vt 0.007207 0.412379
vt 0.006559 0.422841
vt 0.002627 0.422426
vt 0.000671 0.412379
vt 0.879318 0.620895
vt 0.873294 0.621630
vt 0.871715 0.602001
vt 0.879175 0.601873
vt 0.751856 0.022936
vt 0.751985 0.028688
vt 0.745295 0.027955
vt 0.745814 0.021784
vt 0.603821 0.139730
vt 0.603066 0.122614
vt 0.609650 0.122604
vt 0.608854 0.141748
vt 0.500236 0.439659
vt 0.500499 0.430764
vt 0.504005 0.430677
vt 0.504527 0.438795
vt 0.041258 0.132431
vt 0.045648 0.133743
vt 0.044977 0.138854
vt 0.041258 0.139345
vt 0.796534 0.595895
vt 0.796679 0.603755
vt 0.789261 0.603420
vt 0.789059 0.596461
vt 0.803186 0.596595
vt 0.803957 0.603464
vt 0.053866 0.193838
vt 0.060063 0.196030
vt 0.059417 0.201286
vt 0.053866 0.201566
vt 0.863293 0.007206
vt 0.866571 0.002818
vt 0.868350 0.002264
vt 0.867816 0.006974
vt 0.866973 0.011215
vt 0.861991 0.010473
vt 0.002402 0.009610
vt 0.001296 0.006383
vt 0.000593 0.004563
vt 0.002402 0.002273
vt 0.859141 0.010679
vt 0.859927 0.014568
vt 0.855954 0.012445
vt 0.201880 0.680022
vt 0.202117 0.674837
vt 0.208468 0.674888
vt 0.205282 0.681961
vt 0.197072 0.682312
vt 0.194735 0.675910
vt 0.209018 0.001386
vt 0.208394 0.006811
vt 0.201384 0.006885
vt 0.202444 0.000820
vt 0.702219 0.372799
vt 0.697971 0.367039
vt 0.703508 0.360338
vt 0.706337 0.365819
vt 0.197712 0.470964
vt 0.205703 0.469917
vt 0.204850 0.475977
vt 0.197712 0.476764
vt 0.702999 0.379225
vt 0.702030 0.385199
vt 0.697444 0.379371
vt 0.695265 0.373837
vt 0.490111 0.580472
vt 0.488832 0.587314
vt 0.480016 0.585487
vt 0.481047 0.581624
vt 0.706337 0.389206
vt 0.705629 0.389079
vt 0.197712 0.518942
vt 0.198078 0.513188
vt 0.203311 0.513061
vt 0.203555 0.518577
vt 0.571700 0.747855
vt 0.577159 0.745766
vt 0.578777 0.750157
vt 0.573256 0.751822
vt 0.689520 0.632627
vt 0.687119 0.634924
vt 0.683780 0.630365
vt 0.688151 0.627997
vt 0.910057 0.208686
vt 0.905911 0.211472
vt 0.903988 0.204640
vt 0.910025 0.202739
vt 0.912953 0.210435
vt 0.908179 0.215319
vt 0.111738 0.571124
vt 0.110570 0.565251
vt 0.116165 0.565237
vt 0.115394 0.573048
vt 0.875050 0.573822
vt 0.879318 0.574227
vt 0.879231 0.580594
vt 0.872628 0.579297
vt 0.861473 0.577849
vt 0.867732 0.569256
vt 0.007362 0.812048
vt 0.012221 0.804525
vt 0.013007 0.811604
vt 0.011976 0.811051
vt 0.020518 0.802242
vt 0.019999 0.810525
vt 0.502403 0.423964
vt 0.500236 0.423238
vt 0.242321 0.325504
vt 0.234590 0.327541
vt 0.233035 0.321876
vt 0.242653 0.318082
vt 0.242653 0.336351
vt 0.234993 0.335630
vt 0.871855 0.589600
vt 0.863149 0.589754
vt 0.852370 0.006967
vt 0.850819 0.020182
vt 0.845191 0.017794
vt 0.039211 0.576927
vt 0.038612 0.565437
vt 0.048387 0.566154
vt 0.050230 0.585011
vt 0.788636 0.526990
vt 0.790521 0.526752
vt 0.795043 0.526353
vt 0.792800 0.531838
vt 0.252860 0.012013
vt 0.247319 0.002138
vt 0.254666 0.002138
vt 0.254162 0.004550
vt 0.080945 0.644301
vt 0.086490 0.640340
vt 0.910550 0.001930
vt 0.907574 0.010559
vt 0.899876 0.010125
vt 0.898819 0.002593
vt 0.845281 0.061014
vt 0.847125 0.040063
vt 0.853332 0.043023
vt 0.853826 0.060041
vt 0.023663 0.522992
vt 0.011857 0.519444
vt 0.011123 0.510815
vt 0.022235 0.510690
vt 0.643931 0.699022
vt 0.636202 0.695358
vt 0.652010 0.683032
vt 0.656519 0.690968
vt 0.659096 0.701760
vt 0.640805 0.706382
vt 0.629622 0.703777
vt 0.263606 0.402180
vt 0.269081 0.400846
vt 0.268653 0.404264
vt 0.263606 0.408426
vt 0.699046 0.739972
vt 0.694678 0.739837
vt 0.695338 0.733168
vt 0.699605 0.734624
vt 0.002409 0.327548
vt 0.008641 0.327837
vt 0.009468 0.330439
vt 0.001113 0.331925
vt 0.627855 0.723652
vt 0.626225 0.718332
vt 0.638390 0.718864
vt 0.637139 0.725197
vt 0.624091 0.727577
vt 0.619586 0.719937
vt 0.635895 0.731461
vt 0.173396 0.436966
vt 0.173334 0.430830
vt 0.175383 0.433469
vt 0.173334 0.439659
vt 0.601508 0.649947
vt 0.600210 0.642045
vt 0.605215 0.642148
vt 0.605432 0.653482
vt 0.177218 0.177700
vt 0.177041 0.176628
vt 0.182591 0.175832
vt 0.182591 0.182591
vt 0.108339 0.252183
vt 0.109491 0.251517
vt 0.110515 0.259471
vt 0.106845 0.259471
vt 0.637243 0.909992
vt 0.640376 0.917027
vt 0.623309 0.915800
vt 0.625537 0.905356
vt 0.630129 0.895491
vt 0.644261 0.906334
vt 0.650058 0.914570
vt 0.802122 0.522492
vt 0.802328 0.532462
vt 0.795632 0.521375
vt 0.348260 0.405884
vt 0.353169 0.411427
vt 0.350922 0.418036
vt 0.348260 0.413835
vt 0.454540 0.335613
vt 0.447644 0.336351
vt 0.448883 0.333393
vt 0.456476 0.328010
vt 0.581431 0.930211
vt 0.576870 0.932899
vt 0.597037 0.933049
vt 0.583165 0.936309
vt 0.596144 0.923469
vt 0.794850 0.507633
vt 0.803785 0.507973
vt 0.705709 0.728228
vt 0.701658 0.726292
vt 0.703680 0.713274
vt 0.709080 0.714749
vt 0.447644 0.329475
vt 0.454690 0.325578
vt 0.259471 0.059713
vt 0.249345 0.060063
vt 0.249892 0.048007
vt 0.258467 0.047894
vt 0.491515 0.096100
vt 0.492037 0.087784
vt 0.496895 0.087285
vt 0.499722 0.096100
vt 0.583155 0.603318
vt 0.590125 0.604936
vt 0.589630 0.615433
vt 0.583201 0.615776
vt 0.576524 0.616313
vt 0.579357 0.604357
vt 0.056894 0.207781
vt 0.054599 0.211421
vt 0.825751 0.579819
vt 0.824362 0.586436
vt 0.820328 0.585482
vt 0.823728 0.580205
vt 0.829364 0.582891
vt 0.830698 0.586730
vt 0.160968 0.570139
vt 0.151501 0.571797
vt 0.153169 0.562602
vt 0.160798 0.563281
vt 0.812048 0.596777
vt 0.810701 0.603603
vt 0.802937 0.643872
vt 0.797032 0.643823
vt 0.796821 0.622964
vt 0.803515 0.623173
vt 0.547621 0.221031
vt 0.547731 0.203406
vt 0.554359 0.203852
vt 0.553722 0.220675
vt 0.750437 0.041156
vt 0.744397 0.042266
vt 0.744712 0.034477
vt 0.751367 0.035105
vt 0.150477 0.522505
vt 0.155427 0.522512
vt 0.154351 0.543010
vt 0.147830 0.542056
vt 0.732597 0.043245
vt 0.731732 0.034117
vt 0.738421 0.034266
vt 0.738378 0.042295
vt 0.775904 0.350292
vt 0.773394 0.366928
vt 0.765078 0.366208
vt 0.767053 0.349034
vt 0.776600 0.394011
vt 0.773920 0.389579
vt 0.778412 0.390862
vt 0.776021 0.392969
vt 0.767107 0.394011
vt 0.764266 0.389640
vt 0.839168 0.581117
vt 0.838068 0.585238
vt 0.570369 0.614886
vt 0.574648 0.601260
vt 0.242653 0.345863
vt 0.242176 0.350585
vt 0.242653 0.357974
vt 0.239525 0.355080
vt 0.841374 0.581659
vt 0.843334 0.586685
vt 0.838119 0.590789
vt 0.146628 0.568425
vt 0.146326 0.561651
vt 0.615650 0.026180
vt 0.622245 0.026284
vt 0.621371 0.045463
vt 0.614006 0.045139
vt 0.731732 0.019124
vt 0.738734 0.019630
vt 0.738453 0.026951
vt 0.731932 0.026361
vt 0.859224 0.622249
vt 0.856895 0.603337
vt 0.863512 0.602645
vt 0.865913 0.621688
vt 0.889824 0.043245
vt 0.895793 0.040852
vt 0.517076 0.001096
vt 0.515539 0.008361
vt 0.426227 0.002443
vt 0.432451 0.002443
vt 0.431633 0.007368
vt 0.427017 0.009610
vt 0.822769 0.644540
vt 0.817350 0.639432
vt 0.820188 0.626243
vt 0.827360 0.626889
vt 0.836897 0.626061
vt 0.833920 0.642364
vt 0.832415 0.657326
vt 0.821750 0.659561
vt 0.813777 0.652696
vt 0.810964 0.646917
vt 0.191625 0.068795
vt 0.188898 0.083516
vt 0.179895 0.086666
vt 0.180716 0.075104
vt 0.267563 0.489728
vt 0.267107 0.509850
vt 0.254249 0.510449
vt 0.253864 0.491187
vt 0.866811 0.155759
vt 0.881001 0.157511
vt 0.883369 0.173624
vt 0.872752 0.175992
vt 0.273224 0.484501
vt 0.281093 0.491475
vt 0.277823 0.497755
vt 0.251500 0.468129
vt 0.261817 0.466917
vt 0.268403 0.465131
vt 0.253082 0.073098
vt 0.258689 0.073064
vt 0.261797 0.093271
vt 0.254799 0.095059
vt 0.165012 0.285898
vt 0.165003 0.271537
vt 0.170354 0.272272
vt 0.170578 0.284873
vt 0.598059 0.672039
vt 0.596128 0.691922
vt 0.589039 0.691225
vt 0.589211 0.672816
vt 0.589008 0.658758
vt 0.597666 0.656909
vt 0.571829 0.766064
vt 0.571700 0.761508
vt 0.576010 0.761285
vt 0.576602 0.765879
vt 0.476111 0.629457
vt 0.474240 0.619790
vt 0.479682 0.618923
vt 0.480316 0.626894
vt 0.057789 0.225650
vt 0.062465 0.227119
vt 0.062126 0.235102
vt 0.057789 0.235446
vt 0.475033 0.581088
vt 0.475688 0.586741
vt 0.471219 0.587933
vt 0.470542 0.580452
vt 0.889704 0.221910
vt 0.885432 0.223433
vt 0.883811 0.218491
vt 0.892312 0.217223
vt 0.215402 0.646275
vt 0.218081 0.639554
vt 0.224487 0.639695
vt 0.224666 0.645291
vt 0.262910 0.557240
vt 0.254024 0.554187
vt 0.255009 0.548715
vt 0.264384 0.551711
vt 0.822289 0.279314
vt 0.818791 0.280472
vt 0.820502 0.271746
vt 0.824697 0.272142
vt 0.648677 0.616652
vt 0.648258 0.623967
vt 0.642728 0.623069
vt 0.644211 0.614881
vt 0.592109 0.763301
vt 0.587882 0.765481
vt 0.587083 0.759867
vt 0.593203 0.759387
vt 0.907301 0.667258
vt 0.895391 0.670615
vt 0.897414 0.652528
vt 0.909662 0.652594
vt 0.921000 0.656231
vt 0.924071 0.659826
vt 0.912204 0.674935
vt 0.919932 0.651260
vt 0.975411 0.118241
vt 0.975418 0.128650
vt 0.968860 0.126479
vt 0.969873 0.114824
vt 0.443551 0.813370
vt 0.438724 0.824060
vt 0.431275 0.821491
vt 0.435548 0.809243
vt 0.450958 0.505728
vt 0.454619 0.486921
vt 0.461858 0.487303
vt 0.462320 0.503404
vt 0.970474 0.098807
vt 0.975089 0.099258
vt 0.468987 0.481247
vt 0.473084 0.489152
vt 0.309328 0.180893
vt 0.294517 0.186078
vt 0.286436 0.152408
vt 0.299760 0.149164
vt 0.312284 0.144213
vt 0.322718 0.165212
vt 0.329090 0.173970
vt 0.318877 0.188545
vt 0.793606 0.277867
vt 0.796253 0.289880
vt 0.784931 0.297795
vt 0.782469 0.273714
vt 0.600667 0.360262
vt 0.597771 0.375326
vt 0.589325 0.373737
vt 0.592722 0.349995
vt 0.800876 0.263960
vt 0.793898 0.235780
vt 0.801966 0.232612
vt 0.456729 0.389196
vt 0.448726 0.403455
vt 0.439767 0.403731
vt 0.448477 0.387206
vt 0.471167 0.381147
vt 0.464455 0.400923
vt 0.453206 0.406040
vt 0.975286 0.001565
vt 0.974469 0.018592
vt 0.965900 0.023193
vt 0.964338 0.016368
vt 0.374005 0.343559
vt 0.371847 0.337664
vt 0.379596 0.335544
vt 0.379567 0.342510
vt 0.612853 0.344365
vt 0.618803 0.343640
vt 0.619828 0.358510
vt 0.612015 0.356855
vt 0.488340 0.016271
vt 0.490111 0.028743
vt 0.483463 0.027762
vt 0.484358 0.011513
vt 0.475797 0.006609
vt 0.480551 0.002631
vt 0.475322 0.012885
vt 0.434959 0.014827
vt 0.434275 0.007847
vt 0.442257 0.008244
vt 0.440815 0.016818
vt 0.466425 0.012398
vt 0.469847 0.004183
vt 0.372901 0.328050
vt 0.379119 0.328050
vt 0.865480 0.110848
vt 0.865483 0.104430
vt 0.872748 0.105441
vt 0.870989 0.113387
vt 0.860974 0.114425
vt 0.858348 0.104441
vt 0.868314 0.120631
vt 0.895340 0.092355
vt 0.908211 0.083186
vt 0.911846 0.093371
vt 0.892508 0.100088
vt 0.882546 0.099344
vt 0.887746 0.089949
vt 0.903991 0.075656
vt 0.938708 0.989833
vt 0.934986 0.971413
vt 0.945244 0.971670
vt 0.947785 0.982975
vt 0.437923 0.794981
vt 0.444464 0.794460
vt 0.956329 0.118837
vt 0.951075 0.119790
vt 0.950342 0.110397
vt 0.956671 0.111626
vt 0.568193 0.674578
vt 0.559215 0.682286
vt 0.556748 0.676130
vt 0.556727 0.666934
vt 0.551625 0.595106
vt 0.554456 0.600207
vt 0.545217 0.602038
vt 0.543561 0.594821
vt 0.542945 0.587949
vt 0.554215 0.590152
vt 0.561246 0.597216
vt 0.040337 0.120125
vt 0.037341 0.100978
vt 0.042025 0.098494
vt 0.043245 0.112823
vt 0.360376 0.117723
vt 0.352502 0.113498
vt 0.352952 0.098838
vt 0.357797 0.098575
vt 0.267941 0.114893
vt 0.267941 0.102782
vt 0.274323 0.102963
vt 0.276288 0.117723
vt 0.863710 0.893733
vt 0.855490 0.887632
vt 0.864737 0.867206
vt 0.876810 0.862020
vt 0.459643 0.673023
vt 0.465078 0.676089
vt 0.452729 0.688853
vt 0.450357 0.674870
vt 0.057650 0.211642
vt 0.062465 0.208037
vt 0.062465 0.214355
vt 0.061210 0.221031
vt 0.469372 0.662466
vt 0.474266 0.664833
vt 0.478430 0.667210
vt 0.470254 0.677409
vt 0.519649 0.647673
vt 0.504954 0.660352
vt 0.496253 0.656617
vt 0.515472 0.638537
vt 0.531538 0.627742
vt 0.532005 0.644715
vt 0.521470 0.662510
vt 0.152575 0.000662
vt 0.157528 0.001095
vt 0.158454 0.010670
vt 0.151938 0.011254
vt 0.333711 0.211421
vt 0.333711 0.203057
vt 0.337462 0.205319
vt 0.338754 0.210687
vt 0.056967 0.660964
vt 0.057156 0.650345
vt 0.065958 0.646695
vt 0.065438 0.659911
vt 0.451671 0.177785
vt 0.439078 0.173318
vt 0.441893 0.160806
vt 0.451417 0.163892
vt 0.606631 0.749812
vt 0.608881 0.737753
vt 0.617444 0.740109
vt 0.615638 0.753845
vt 0.119320 0.768152
vt 0.120193 0.766361
vt 0.123648 0.766879
vt 0.121779 0.770803
vt 0.045648 0.087497
vt 0.045176 0.091264
vt 0.043510 0.091295
vt 0.043510 0.086887
vt 0.117772 0.775139
vt 0.115683 0.767012
vt 0.538083 0.682069
vt 0.539526 0.674260
vt 0.045612 0.035476
vt 0.045648 0.038440
vt 0.043265 0.038004
vt 0.043265 0.034800
vt 0.600424 0.348392
vt 0.601224 0.341846
vt 0.610237 0.342092
vt 0.610237 0.350709
vt 0.608771 0.360989
vt 0.605030 0.362779
vt 0.446694 0.690760
vt 0.438167 0.678906
vt 0.028420 0.836886
vt 0.037850 0.833634
vt 0.033353 0.845110
vt 0.009151 0.858451
vt 0.418370 0.696613
vt 0.408820 0.687552
vt 0.027878 0.857292
vt 0.000690 0.872110
vt 0.035746 0.825671
vt 0.048512 0.822320
vt 0.049912 0.831128
vt 0.495705 0.569361
vt 0.501804 0.565287
vt 0.509332 0.573283
vt 0.494170 0.587052
vt 0.418036 0.088893
vt 0.412494 0.088330
vt 0.411725 0.073637
vt 0.417987 0.075499
vt 0.131856 0.764609
vt 0.145696 0.770196
vt 0.142258 0.775717
vt 0.129063 0.769648
vt 0.581870 0.743878
vt 0.585796 0.747731
vt 0.208624 0.518697
vt 0.208535 0.513352
vt 0.756432 0.561194
vt 0.755706 0.556382
vt 0.760898 0.557270
vt 0.761439 0.562187
vt 0.765808 0.558412
vt 0.768802 0.561332
vt 0.806567 0.278341
vt 0.806639 0.270357
vt 0.811097 0.271157
vt 0.809579 0.280912
vt 0.760866 0.550356
vt 0.766216 0.551154
vt 0.586627 0.755076
vt 0.580394 0.755730
vt 0.592862 0.749911
vt 0.593419 0.754714
vt 0.091772 0.113057
vt 0.095620 0.113844
vt 0.096100 0.120125
vt 0.091772 0.118659
vt 0.404541 0.174442
vt 0.404601 0.170054
vt 0.409600 0.171187
vt 0.407385 0.177242
vt 0.700494 0.052855
vt 0.695898 0.048853
vt 0.696913 0.046811
vt 0.701747 0.049150
vt 0.985512 0.956845
vt 0.988311 0.960223
vt 0.976909 0.964089
vt 0.975370 0.958156
vt 0.696725 0.036529
vt 0.702464 0.036947
vt 0.960921 0.955109
vt 0.962169 0.960482
vt 0.952020 0.962036
vt 0.952137 0.955364
vt 0.701528 0.023297
vt 0.708740 0.025349
vt 0.708396 0.037492
vt 0.695898 0.022974
vt 0.418036 0.152333
vt 0.408721 0.156163
vt 0.408721 0.147240
vt 0.416236 0.145970
vt 0.440313 0.556740
vt 0.439538 0.548189
vt 0.446891 0.547963
vt 0.447818 0.557382
vt 0.525101 0.452063
vt 0.527307 0.444218
vt 0.533119 0.445685
vt 0.533357 0.458879
vt 0.439123 0.785451
vt 0.444464 0.786723
vt 0.935850 0.961711
vt 0.944173 0.962508
vt 0.927889 0.965071
vt 0.928187 0.959920
vt 0.157969 0.508760
vt 0.163672 0.507296
vt 0.164381 0.515961
vt 0.155475 0.519606
vt 0.153122 0.493699
vt 0.162209 0.490472
vt 0.917392 0.692578
vt 0.920273 0.705632
vt 0.911127 0.702801
vt 0.911487 0.679728
vt 0.814056 0.969997
vt 0.830841 0.967963
vt 0.829050 0.975651
vt 0.811690 0.977736
vt 0.828315 0.949049
vt 0.836414 0.953509
vt 0.810716 0.962408
vt 0.824532 0.943627
vt 0.807214 0.978808
vt 0.801149 0.983915
vt 0.739972 0.711142
vt 0.729662 0.705910
vt 0.732465 0.695723
vt 0.739244 0.697990
vt 0.281093 0.521915
vt 0.272458 0.520374
vt 0.270196 0.499062
vt 0.279291 0.501441
vt 0.245819 0.074478
vt 0.239639 0.071769
vt 0.239639 0.060662
vt 0.247458 0.067525
vt 0.645715 0.841085
vt 0.639792 0.862975
vt 0.629631 0.862821
vt 0.634149 0.845496
vt 0.635884 0.828000
vt 0.644303 0.828488
vt 0.653246 0.838273
vt 0.646262 0.866439
vt 0.655429 0.832228
vt 0.661644 0.808564
vt 0.671092 0.820739
vt 0.656444 0.868001
vt 0.240178 0.840859
vt 0.228851 0.841190
vt 0.229848 0.832949
vt 0.244197 0.836626
vt 0.250529 0.840206
vt 0.244601 0.844561
vt 0.229549 0.849836
vt 0.987684 0.798996
vt 0.989627 0.802293
vt 0.981943 0.802337
vt 0.980764 0.798358
vt 0.441776 0.408494
vt 0.445343 0.407822
vt 0.443918 0.412678
vt 0.439900 0.412271
vt 0.271998 0.058415
vt 0.272089 0.051721
vt 0.277823 0.051818
vt 0.275487 0.060063
vt 0.057052 0.003366
vt 0.061910 0.002884
vt 0.062465 0.008993
vt 0.056621 0.008363
vt 0.217515 0.219640
vt 0.214425 0.221031
vt 0.212566 0.215651
vt 0.217925 0.214634
vt 0.447652 0.412998
vt 0.448762 0.418542
vt 0.443512 0.419377
vt 0.538162 0.013569
vt 0.538162 0.020857
vt 0.529232 0.024025
vt 0.531187 0.013780
vt 0.406433 0.437796
vt 0.409510 0.444941
vt 0.397117 0.444915
vt 0.397604 0.437941
vt 0.125751 0.097239
vt 0.126449 0.088432
vt 0.131615 0.089234
vt 0.131924 0.100905
vt 0.116199 0.818616
vt 0.130820 0.793076
vt 0.151487 0.805339
vt 0.144043 0.826169
vt 0.141154 0.843199
vt 0.114515 0.841123
vt 0.091872 0.843322
vt 0.090138 0.828417
vt 0.085072 0.814492
vt 0.105857 0.800147
vt 0.622249 0.649775
vt 0.617791 0.673352
vt 0.611491 0.674393
vt 0.615606 0.648848
vt 0.933123 0.809432
vt 0.940222 0.814234
vt 0.923055 0.828636
vt 0.916534 0.826732
vt 0.957062 0.833461
vt 0.964210 0.831634
vt 0.958170 0.847301
vt 0.950221 0.844441
vt 0.954357 0.827680
vt 0.963837 0.823551
vt 0.941662 0.840017
vt 0.955781 0.803248
vt 0.957905 0.807019
vt 0.271115 0.002704
vt 0.278691 0.002792
vt 0.278621 0.025652
vt 0.272195 0.026223
vt 0.868394 0.255356
vt 0.875617 0.255411
vt 0.876139 0.273192
vt 0.866214 0.271120
vt 0.856883 0.268322
vt 0.863380 0.247955
vt 0.868783 0.239706
vt 0.788261 0.325427
vt 0.795653 0.335034
vt 0.787357 0.340719
vt 0.778529 0.328001
vt 0.660690 0.058834
vt 0.651589 0.055524
vt 0.650938 0.047887
vt 0.659563 0.046303
vt 0.659662 0.067270
vt 0.650938 0.059969
vt 0.233198 0.517708
vt 0.234647 0.518237
vt 0.234362 0.522457
vt 0.231862 0.521669
vt 0.756777 0.302973
vt 0.759374 0.305170
vt 0.756768 0.308194
vt 0.755031 0.304273
vt 0.124921 0.015826
vt 0.121537 0.016818
vt 0.121537 0.012914
vt 0.124930 0.015184
vt 0.763421 0.584481
vt 0.768802 0.586767
vt 0.767778 0.600627
vt 0.761335 0.589543
vt 0.806094 0.356618
vt 0.798748 0.360891
vt 0.796819 0.351233
vt 0.801082 0.344977
vt 0.816472 0.363238
vt 0.808794 0.373606
vt 0.801640 0.368086
vt 0.749951 0.591830
vt 0.755559 0.570057
vt 0.759192 0.570442
vt 0.757680 0.597436
vt 0.751724 0.608224
vt 0.755319 0.621684
vt 0.747170 0.624666
vt 0.821821 0.442785
vt 0.818772 0.461165
vt 0.804429 0.461365
vt 0.804132 0.442715
vt 0.798762 0.427396
vt 0.807179 0.421244
vt 0.812622 0.412736
vt 0.832119 0.433504
vt 0.506667 0.551853
vt 0.496372 0.551572
vt 0.499110 0.543720
vt 0.509200 0.545360
vt 0.384697 0.062767
vt 0.385565 0.062414
vt 0.389206 0.069606
vt 0.383469 0.072995
vt 0.524364 0.551209
vt 0.521444 0.557880
vt 0.518038 0.563135
vt 0.506591 0.551214
vt 0.513777 0.568315
vt 0.503648 0.558888
vt 0.484917 0.575392
vt 0.480831 0.571836
vt 0.485215 0.568435
vt 0.489180 0.571652
vt 0.164203 0.381001
vt 0.164426 0.375335
vt 0.168176 0.374759
vt 0.168176 0.381999
vt 0.335789 0.290703
vt 0.331406 0.290665
vt 0.332680 0.282995
vt 0.336351 0.285935
vt 0.485244 0.562085
vt 0.489329 0.564023
vt 0.481720 0.564006
vt 0.486380 0.557877
vt 0.492849 0.558337
vt 0.480875 0.558596
vt 0.515562 0.519233
vt 0.531938 0.524857
vt 0.527424 0.542148
vt 0.511634 0.536451
vt 0.519165 0.498919
vt 0.534217 0.499789
vt 0.504313 0.516602
vt 0.508036 0.498407
vt 0.501398 0.534137
vt 0.724969 0.120931
vt 0.735167 0.114700
vt 0.731790 0.136735
vt 0.722392 0.139195
vt 0.800190 0.371866
vt 0.809064 0.388354
vt 0.805216 0.395558
vt 0.798724 0.390142
vt 0.732590 0.581190
vt 0.728819 0.599065
vt 0.720357 0.593519
vt 0.726601 0.573007
vt 0.058858 0.077534
vt 0.061683 0.078238
vt 0.062361 0.086754
vt 0.058080 0.087614
vt 0.422762 0.002005
vt 0.422763 0.013366
vt 0.419168 0.013864
vt 0.419613 0.001688
vt 0.388917 0.079678
vt 0.383892 0.081432
vt 0.264159 0.093698
vt 0.263896 0.087607
vt 0.268270 0.087545
vt 0.267426 0.093022
vt 0.544159 0.967268
vt 0.536196 0.964424
vt 0.538402 0.959077
vt 0.544142 0.961208
vt 0.328715 0.280396
vt 0.328715 0.288473
vt 0.826987 0.555011
vt 0.821700 0.565462
vt 0.814882 0.567577
vt 0.814645 0.553684
vt 0.813571 0.542966
vt 0.826434 0.546475
vt 0.012013 0.111178
vt 0.002349 0.115320
vt 0.002147 0.094996
vt 0.010404 0.092841
vt 0.448921 0.096100
vt 0.447866 0.077699
vt 0.456122 0.076814
vt 0.456476 0.092639
vt 0.932791 0.556575
vt 0.940898 0.556736
vt 0.942511 0.571102
vt 0.932725 0.566097
vt 0.870578 0.209515
vt 0.873645 0.212505
vt 0.868865 0.218085
vt 0.865553 0.213686
vt 0.329144 0.053044
vt 0.329057 0.058990
vt 0.324367 0.059192
vt 0.324957 0.052926
vt 0.674223 0.104077
vt 0.677210 0.102776
vt 0.678517 0.108924
vt 0.674670 0.109897
vt 0.959077 0.600627
vt 0.953182 0.599436
vt 0.953424 0.594338
vt 0.960180 0.595898
vt 0.189798 0.062060
vt 0.189798 0.067270
vt 0.188018 0.066671
vt 0.185914 0.063082
vt 0.338754 0.431205
vt 0.338172 0.434579
vt 0.331516 0.434854
vt 0.331516 0.427568
vt 0.960368 0.587166
vt 0.953829 0.587138
vt 0.954774 0.578680
vt 0.961003 0.578057
vt 0.635089 0.406075
vt 0.635088 0.396953
vt 0.642243 0.396090
vt 0.641910 0.406096
vt 0.635432 0.386300
vt 0.641834 0.385588
vt 0.647440 0.385151
vt 0.648677 0.395141
vt 0.648244 0.402978
vt 0.878508 0.218607
vt 0.884597 0.226607
vt 0.879390 0.230933
vt 0.873454 0.223348
vt 0.873819 0.235163
vt 0.868711 0.228218
vt 0.863960 0.223349
vt 0.863941 0.234446
vt 0.859159 0.230721
vt 0.854546 0.227568
vt 0.859311 0.218897
vt 0.850257 0.224749
vt 0.855949 0.215990
vt 0.862683 0.210084
vt 0.105260 0.692575
vt 0.105053 0.702581
vt 0.100134 0.702848
vt 0.100167 0.692575
vt 0.324431 0.067270
vt 0.319474 0.066900
vt 0.318957 0.059329
vt 0.679910 0.117569
vt 0.679141 0.127333
vt 0.674223 0.126751
vt 0.675014 0.117890
vt 0.945079 0.597830
vt 0.935894 0.593655
vt 0.937527 0.588595
vt 0.946230 0.592331
vt 0.939439 0.583066
vt 0.947564 0.585923
vt 0.941224 0.577433
vt 0.948535 0.578924
vt 0.948836 0.570330
vt 0.954793 0.568588
vt 0.946293 0.553605
vt 0.952442 0.550329
vt 0.958394 0.548371
vt 0.960728 0.567509
vt 0.937248 0.524533
vt 0.942263 0.520187
vt 0.635134 0.366980
vt 0.635088 0.337835
vt 0.641462 0.337943
vt 0.641862 0.366165
vt 0.118017 0.003711
vt 0.120125 0.035553
vt 0.113665 0.035243
vt 0.111806 0.005547
vt 0.647143 0.366621
vt 0.894191 0.242720
vt 0.898538 0.272653
vt 0.891643 0.271914
vt 0.887589 0.245726
vt 0.885859 0.270399
vt 0.878490 0.252944
vt 0.882530 0.275279
vt 0.880870 0.300386
vt 0.872946 0.299684
vt 0.879189 0.332091
vt 0.869654 0.330266
vt 0.855708 0.327013
vt 0.861373 0.297419
vt 0.838246 0.321130
vt 0.847960 0.293727
vt 0.827260 0.316420
vt 0.838307 0.290146
vt 0.849599 0.265020
vt 0.830953 0.287071
vt 0.843409 0.261966
vt 0.853521 0.241974
vt 0.858419 0.244896
vt 0.837118 0.258869
vt 0.848379 0.238868
vt 0.831735 0.256318
vt 0.843616 0.236072
vt 0.456476 0.002077
vt 0.456196 0.024039
vt 0.449376 0.024410
vt 0.450964 0.002817
vt 0.105710 0.715118
vt 0.100116 0.715947
vt 0.011484 0.017693
vt 0.010766 0.039001
vt 0.004321 0.039190
vt 0.006027 0.017404
vt 0.007268 0.005111
vt 0.012013 0.005889
vt 0.923607 0.588181
vt 0.901837 0.578673
vt 0.904276 0.572092
vt 0.925668 0.582577
vt 0.906878 0.565120
vt 0.927837 0.576727
vt 0.910279 0.557359
vt 0.930325 0.571471
vt 0.915094 0.548904
vt 0.884821 0.541681
vt 0.891642 0.529504
vt 0.898837 0.519352
vt 0.921255 0.540715
vt 0.904416 0.513383
vt 0.926797 0.534990
vt 0.909614 0.508474
vt 0.931860 0.529727
vt 0.914953 0.503612
vt 0.886210 0.484436
vt 0.892154 0.479567
vt 0.721340 0.295937
vt 0.720960 0.262784
vt 0.727811 0.263373
vt 0.727541 0.296106
vt 0.728166 0.326375
vt 0.721832 0.326450
vt 0.734779 0.264388
vt 0.733923 0.296814
vt 0.733186 0.326741
vt 0.117316 0.065571
vt 0.115676 0.098014
vt 0.109140 0.097105
vt 0.110689 0.064584
vt 0.895971 0.301970
vt 0.894980 0.334520
vt 0.886950 0.333315
vt 0.887720 0.297748
vt 0.894883 0.371550
vt 0.886789 0.370679
vt 0.878453 0.367404
vt 0.887265 0.412101
vt 0.873863 0.406693
vt 0.857528 0.393024
vt 0.866923 0.362980
vt 0.836142 0.375171
vt 0.848041 0.354738
vt 0.828078 0.344877
vt 0.816978 0.337833
vt 0.809585 0.331838
vt 0.819150 0.312855
vt 0.802694 0.326085
vt 0.811118 0.309554
vt 0.823515 0.283904
vt 0.571167 0.158827
vt 0.571797 0.186342
vt 0.563772 0.186753
vt 0.563793 0.159294
vt 0.565312 0.130944
vt 0.571361 0.131602
vt 0.455692 0.051141
vt 0.447756 0.051557
vt 0.009883 0.066251
vt 0.002363 0.066449
vt 0.874556 0.566881
vt 0.846701 0.554665
vt 0.849677 0.546454
vt 0.877409 0.559411
vt 0.852665 0.537715
vt 0.880564 0.551308
vt 0.857327 0.525593
vt 0.827492 0.528510
vt 0.829957 0.512777
vt 0.836355 0.490039
vt 0.866106 0.508287
vt 0.845443 0.472343
vt 0.874723 0.496429
vt 0.852390 0.464020
vt 0.880535 0.489295
vt 0.859779 0.458766
vt 0.839404 0.427768
vt 0.866420 0.453706
vt 0.720308 0.226312
vt 0.719432 0.188921
vt 0.726302 0.189015
vt 0.727515 0.227008
vt 0.734178 0.189117
vt 0.735167 0.227964
vt 0.114783 0.134441
vt 0.115348 0.173299
vt 0.106401 0.173862
vt 0.107166 0.134034
vt 0.723241 0.156973
vt 0.731892 0.156073
vt 0.117725 0.206341
vt 0.109259 0.206411
vt 0.120125 0.225541
vt 0.113134 0.228239
vt 0.746911 0.592335
vt 0.737974 0.593453
vt 0.742173 0.574074
vt 0.749654 0.570983
vt 0.109968 0.230641
vt 0.105931 0.218738
vt 0.746429 0.539955
vt 0.751308 0.539544
vt 0.350766 0.014685
vt 0.350766 0.040843
vt 0.343137 0.040189
vt 0.344120 0.016185
vt 0.339784 0.397212
vt 0.333997 0.397595
vt 0.338379 0.362629
vt 0.343427 0.362931
vt 0.348364 0.363304
vt 0.346421 0.396873
vt 0.343587 0.427646
vt 0.337334 0.427537
vt 0.003617 0.324872
vt 0.000568 0.291364
vt 0.012128 0.291551
vt 0.012748 0.323350
vt 0.182591 0.067753
vt 0.171711 0.069673
vt 0.172785 0.044317
vt 0.181940 0.043346
vt 0.172467 0.022248
vt 0.180817 0.021490
vt 0.013302 0.354162
vt 0.025478 0.322782
vt 0.024574 0.352710
vt 0.024547 0.380444
vt 0.015337 0.381528
vt 0.040200 0.351196
vt 0.040237 0.379776
vt 0.041769 0.407827
vt 0.025630 0.408254
vt 0.017095 0.407008
vt 0.026931 0.434061
vt 0.017542 0.433463
vt 0.009413 0.432719
vt 0.010247 0.406860
vt 0.171711 0.001308
vt 0.180031 0.001074
vt 0.020008 0.460350
vt 0.011258 0.460292
vt 0.002483 0.459677
vt 0.002588 0.432634
vt 0.628554 0.756694
vt 0.621386 0.756790
vt 0.621386 0.736291
vt 0.631859 0.734083
vt 0.866337 0.425933
vt 0.845697 0.407938
vt 0.884259 0.439150
vt 0.011418 0.490406
vt 0.002224 0.489723
vt 0.825381 0.385758
vt 0.000974 0.509661
vt 0.022479 0.489379
vt 0.030144 0.460501
vt 0.033472 0.488766
vt 0.034559 0.511694
vt 0.048712 0.488218
vt 0.049254 0.511160
vt 0.049115 0.527083
vt 0.036306 0.526172
vt 0.048404 0.546197
vt 0.037656 0.545144
vt 0.028691 0.543845
vt 0.490623 0.153760
vt 0.490637 0.137889
vt 0.499745 0.138377
vt 0.502124 0.153760
vt 0.060917 0.527119
vt 0.059025 0.546353
vt 0.058192 0.565091
vt 0.069165 0.545306
vt 0.066868 0.562674
vt 0.002437 0.795202
vt 0.011641 0.791957
vt 0.057332 0.580116
vt 0.013215 0.775907
vt 0.024354 0.775115
vt 0.021419 0.790789
vt 0.184431 0.666687
vt 0.184458 0.648834
vt 0.193332 0.647408
vt 0.193445 0.665613
vt 0.030386 0.792574
vt 0.028775 0.802563
vt 0.203148 0.646355
vt 0.202128 0.664739
vt 0.212515 0.645898
vt 0.210270 0.664054
vt 0.597132 0.625133
vt 0.598224 0.641344
vt 0.589520 0.643244
vt 0.589762 0.626737
vt 0.595638 0.614632
vt 0.581258 0.643986
vt 0.582512 0.627853
vt 0.233763 0.026212
vt 0.235420 0.043980
vt 0.228054 0.044830
vt 0.227335 0.027386
vt 0.575312 0.627542
vt 0.219903 0.045878
vt 0.219695 0.028650
vt 0.219814 0.015753
vt 0.226375 0.015066
vt 0.211057 0.047100
vt 0.211523 0.029656
vt 0.212580 0.017735
vt 0.845683 0.596153
vt 0.845403 0.607826
vt 0.837833 0.609600
vt 0.838261 0.598088
vt 0.212490 0.009046
vt 0.218005 0.003625
vt 0.829664 0.610422
vt 0.830592 0.599756
vt 0.830748 0.592647
vt 0.822632 0.600003
vt 0.823659 0.592827
vt 0.883788 0.012083
vt 0.884123 0.019402
vt 0.877440 0.018920
vt 0.877870 0.012065
vt 0.877941 0.006232
vt 0.882367 0.006162
vt 0.871193 0.017929
vt 0.871972 0.011849
vt 0.871601 0.006439
vt 0.865458 0.016349
vt 0.862399 0.025912
vt 0.856393 0.022973
vt 0.869310 0.028743
vt 0.867984 0.046847
vt 0.860262 0.045184
vt 0.876657 0.030112
vt 0.876158 0.047878
vt 0.875119 0.060722
vt 0.867599 0.060014
vt 0.883805 0.030261
vt 0.884123 0.047408
vt 0.881475 0.062465
vt 0.821174 0.610181
vt 0.444464 0.067788
vt 0.444404 0.076532
vt 0.438654 0.076880
vt 0.438654 0.068040
vt 0.860312 0.059176
vt 0.909131 0.024209
vt 0.910550 0.031688
vt 0.903161 0.032572
vt 0.902710 0.025203
vt 0.806793 0.643570
vt 0.812577 0.636035
vt 0.903773 0.039462
vt 0.907807 0.016945
vt 0.901480 0.017782
vt 0.890666 0.007695
vt 0.203654 0.030510
vt 0.202809 0.048180
vt 0.211556 0.065723
vt 0.201660 0.066803
vt 0.220566 0.064724
vt 0.220864 0.078576
vt 0.209650 0.080011
vt 0.229148 0.063655
vt 0.231513 0.076788
vt 0.570369 0.672896
vt 0.573158 0.658888
vt 0.580585 0.659989
vt 0.580098 0.672867
vt 0.240408 0.074401
vt 0.242768 0.096673
vt 0.233712 0.098589
vt 0.222333 0.100821
vt 0.209301 0.102086
vt 0.235763 0.130354
vt 0.222396 0.132515
vt 0.208633 0.132808
vt 0.193724 0.132891
vt 0.195471 0.103054
vt 0.192808 0.158544
vt 0.185581 0.157366
vt 0.185566 0.133218
vt 0.191987 0.173433
vt 0.185407 0.172680
vt 0.179517 0.172781
vt 0.178875 0.157371
vt 0.190747 0.185907
vt 0.184466 0.185423
vt 0.567273 0.123434
vt 0.564942 0.110037
vt 0.570553 0.109124
vt 0.572956 0.122330
vt 0.567383 0.091095
vt 0.574376 0.090931
vt 0.576591 0.108623
vt 0.579124 0.122122
vt 0.560518 0.092557
vt 0.557101 0.070064
vt 0.565463 0.068274
vt 0.559180 0.110843
vt 0.554706 0.094640
vt 0.183368 0.201319
vt 0.190389 0.200925
vt 0.193239 0.223734
vt 0.184308 0.224965
vt 0.208216 0.249990
vt 0.198127 0.251982
vt 0.186663 0.253110
vt 0.203397 0.282885
vt 0.191517 0.284615
vt 0.180918 0.285710
vt 0.176672 0.253738
vt 0.176108 0.225659
vt 0.562693 0.041884
vt 0.559578 0.014365
vt 0.568725 0.012800
vt 0.571710 0.041421
vt 0.573501 0.067624
vt 0.580110 0.041551
vt 0.581407 0.068290
vt 0.580441 0.091257
vt 0.532650 0.131810
vt 0.537847 0.153903
vt 0.530232 0.154950
vt 0.525269 0.133900
vt 0.518941 0.118210
vt 0.525854 0.116328
vt 0.531212 0.114744
vt 0.538868 0.130471
vt 0.520431 0.102817
vt 0.526353 0.101621
vt 0.517815 0.086913
vt 0.524760 0.086094
vt 0.516868 0.064329
vt 0.523936 0.063213
vt 0.580549 0.136073
vt 0.581106 0.156288
vt 0.574033 0.157216
vt 0.573719 0.136170
vt 0.581407 0.180266
vt 0.574049 0.182591
vt 0.178544 0.133928
vt 0.179103 0.106183
vt 0.186675 0.104599
vt 0.820364 0.679910
vt 0.829012 0.677492
vt 0.172352 0.107986
vt 0.172445 0.089076
vt 0.454074 0.350766
vt 0.446585 0.350487
vt 0.447365 0.341063
vt 0.454074 0.339968
vt 0.172673 0.077841
vt 0.522246 0.017431
vt 0.522926 0.036268
vt 0.516108 0.037992
vt 0.515620 0.019167
vt 0.508194 0.039699
vt 0.507706 0.020635
vt 0.509004 0.065749
vt 0.499877 0.067350
vt 0.499841 0.040891
vt 0.553400 0.890802
vt 0.575540 0.891079
vt 0.572696 0.910246
vt 0.553317 0.910015
vt 0.499874 0.021668
vt 0.553506 0.864355
vt 0.580622 0.868161
vt 0.584134 0.851822
vt 0.610663 0.868910
vt 0.605752 0.879582
vt 0.600167 0.896637
vt 0.553266 0.842307
vt 0.596975 0.912519
vt 0.623204 0.924717
vt 0.642180 0.924257
vt 0.643410 0.932681
vt 0.623581 0.932713
vt 0.643879 0.939614
vt 0.624295 0.940657
vt 0.599677 0.941344
vt 0.009477 0.346583
vt 0.009460 0.371242
vt 0.001972 0.371372
vt 0.001390 0.348441
vt 0.001210 0.337677
vt 0.009610 0.335313
vt 0.588437 0.941783
vt 0.583553 0.941614
vt 0.578924 0.937308
vt 0.688942 0.739338
vt 0.678247 0.738090
vt 0.678340 0.730266
vt 0.689147 0.731662
vt 0.679028 0.721601
vt 0.689718 0.722639
vt 0.696591 0.724265
vt 0.690511 0.710951
vt 0.697749 0.711882
vt 0.692472 0.692161
vt 0.699741 0.692594
vt 0.706261 0.693478
vt 0.702275 0.670661
vt 0.709218 0.670739
vt 0.716459 0.670595
vt 0.712420 0.694575
vt 0.793782 0.487244
vt 0.792557 0.462999
vt 0.804328 0.486513
vt 0.816265 0.485888
vt 0.814275 0.508856
vt 0.812904 0.524780
vt 0.812709 0.534233
vt 0.826896 0.538072
vt 0.802872 0.542009
vt 0.804795 0.553750
vt 0.796624 0.554600
vt 0.793108 0.542428
vt 0.240444 0.047902
vt 0.240201 0.035387
vt 0.248951 0.034311
vt 0.239306 0.058690
vt 0.244363 0.452130
vt 0.245251 0.436980
vt 0.252023 0.437528
vt 0.252263 0.452771
vt 0.252263 0.466086
vt 0.243016 0.464271
vt 0.239306 0.019351
vt 0.246526 0.018053
vt 0.239335 0.002297
vt 0.244199 0.001845
vt 0.801309 0.570250
vt 0.807007 0.568649
vt 0.240251 0.549092
vt 0.233868 0.550174
vt 0.231006 0.533291
vt 0.236291 0.532910
vt 0.810454 0.586461
vt 0.815568 0.584987
vt 0.817468 0.596527
vt 0.813533 0.596198
vt 0.246356 0.421820
vt 0.246697 0.414639
vt 0.249877 0.413192
vt 0.250818 0.421627
vt 0.240251 0.530940
vt 0.237273 0.524218
vt 0.761591 0.316156
vt 0.766572 0.313424
vt 0.770115 0.331331
vt 0.223433 0.224670
vt 0.221532 0.234275
vt 0.217364 0.235446
vt 0.217364 0.221585
vt 0.772126 0.310548
vt 0.777110 0.346110
vt 0.783105 0.359095
vt 0.710687 0.654450
vt 0.719293 0.653896
vt 0.791629 0.446116
vt 0.711092 0.643858
vt 0.721202 0.642274
vt 0.790356 0.434406
vt 0.722384 0.632564
vt 0.788636 0.424700
vt 0.791146 0.413899
vt 0.702460 0.655894
vt 0.701064 0.645829
vt 0.693699 0.671878
vt 0.693072 0.658827
vt 0.690926 0.649885
vt 0.675980 0.667408
vt 0.672106 0.660004
vt 0.668368 0.652886
vt 0.689374 0.642725
vt 0.700887 0.638510
vt 0.647247 0.676466
vt 0.642689 0.670449
vt 0.629752 0.689432
vt 0.624264 0.683886
vt 0.019873 0.068776
vt 0.020276 0.091564
vt 0.014529 0.092414
vt 0.013772 0.069027
vt 0.043982 0.633295
vt 0.020625 0.632168
vt 0.022029 0.625351
vt 0.043907 0.625985
vt 0.640367 0.881570
vt 0.657119 0.895741
vt 0.650656 0.901360
vt 0.635188 0.888346
vt 0.615675 0.860483
vt 0.665808 0.908630
vt 0.657808 0.911356
vt 0.667678 0.920329
vt 0.660077 0.920646
vt 0.652551 0.922653
vt 0.662382 0.929958
vt 0.654501 0.931853
vt 0.157610 0.105551
vt 0.159254 0.098149
vt 0.165773 0.095593
vt 0.165773 0.108113
vt 0.656480 0.939954
vt 0.623431 0.730972
vt 0.614858 0.722168
vt 0.006527 0.403621
vt 0.001113 0.403523
vt 0.002482 0.391283
vt 0.007943 0.390952
vt 0.669442 0.929240
vt 0.672702 0.907151
vt 0.670972 0.920140
vt 0.006949 0.622177
vt 0.002537 0.628247
vt 0.600229 0.628994
vt 0.605432 0.628975
vt 0.018408 0.110515
vt 0.024025 0.107880
vt 0.614046 0.697481
vt 0.621472 0.700229
vt 0.619002 0.710242
vt 0.612603 0.710532
vt 0.627197 0.711035
vt 0.639533 0.712606
vt 0.659165 0.712097
vt 0.657833 0.720469
vt 0.656606 0.727993
vt 0.680150 0.710804
vt 0.680970 0.694380
vt 0.679192 0.677725
vt 0.655500 0.735134
vt 0.591544 0.843374
vt 0.517630 0.135243
vt 0.512299 0.119311
vt 0.509602 0.134902
vt 0.504166 0.120434
vt 0.497502 0.106834
vt 0.502400 0.135357
vt 0.496626 0.121539
vt 0.487863 0.103379
vt 0.201811 0.025983
vt 0.199384 0.040464
vt 0.193538 0.038176
vt 0.195035 0.025630
vt 0.195849 0.005982
vt 0.284117 0.981175
vt 0.282803 0.968485
vt 0.290363 0.968548
vt 0.291738 0.980847
vt 0.188104 0.025114
vt 0.298894 0.969009
vt 0.301746 0.980634
vt 0.310174 0.969210
vt 0.315134 0.979641
vt 0.319387 0.986414
vt 0.327019 0.969553
vt 0.330035 0.978953
vt 0.331962 0.985961
vt 0.344796 0.969054
vt 0.346573 0.977981
vt 0.348369 0.986238
vt 0.373170 0.975388
vt 0.374956 0.983134
vt 0.376775 0.990566
vt 0.352647 0.993867
vt 0.341603 0.993110
vt 0.331988 0.988820
vt 0.419535 0.169118
vt 0.419604 0.144541
vt 0.421611 0.144383
vt 0.421981 0.169065
vt 0.422465 0.182924
vt 0.419437 0.180259
vt 0.663306 0.615081
vt 0.639192 0.610309
vt 0.640906 0.602928
vt 0.666479 0.608295
vt 0.684074 0.611345
vt 0.668243 0.602778
vt 0.684421 0.609221
vt 0.670589 0.594776
vt 0.688215 0.599751
vt 0.700963 0.603210
vt 0.693968 0.613863
vt 0.694381 0.587354
vt 0.709275 0.590572
vt 0.701525 0.564643
vt 0.717520 0.568275
vt 0.707663 0.532305
vt 0.724094 0.535622
vt 0.733649 0.538394
vt 0.727402 0.499354
vt 0.736983 0.501647
vt 0.743852 0.503236
vt 0.739235 0.541343
vt 0.749750 0.504002
vt 0.747588 0.468193
vt 0.754346 0.469557
vt 0.132138 0.657333
vt 0.132138 0.687117
vt 0.126931 0.685529
vt 0.125625 0.657066
vt 0.754466 0.504639
vt 0.339083 0.328272
vt 0.333997 0.327676
vt 0.334443 0.294428
vt 0.340162 0.295277
vt 0.346555 0.296040
vt 0.345096 0.328670
vt 0.139521 0.643680
vt 0.117104 0.658839
vt 0.110436 0.648718
vt 0.134324 0.635411
vt 0.159043 0.621531
vt 0.162716 0.627658
vt 0.000905 0.257423
vt 0.001397 0.224781
vt 0.016877 0.225139
vt 0.013904 0.257907
vt 0.031317 0.224611
vt 0.030992 0.258181
vt 0.027874 0.292535
vt 0.042138 0.258209
vt 0.043309 0.293804
vt 0.041927 0.323062
vt 0.051769 0.293910
vt 0.055767 0.323340
vt 0.057777 0.349285
vt 0.070190 0.379541
vt 0.058775 0.379719
vt 0.071228 0.407910
vt 0.059784 0.407771
vt 0.071855 0.434416
vt 0.060607 0.434032
vt 0.043882 0.433875
vt 0.061602 0.460841
vt 0.046445 0.460542
vt 0.063037 0.488328
vt 0.072486 0.461280
vt 0.074500 0.488641
vt 0.075880 0.511292
vt 0.062997 0.511487
vt 0.002437 0.744475
vt 0.004403 0.760995
vt 0.012403 0.699168
vt 0.012320 0.676058
vt 0.020930 0.676081
vt 0.021759 0.699206
vt 0.079156 0.460722
vt 0.078146 0.434025
vt 0.085443 0.433501
vt 0.086205 0.460113
vt 0.081452 0.487906
vt 0.093218 0.433917
vt 0.094398 0.460577
vt 0.590673 0.418332
vt 0.591017 0.439659
vt 0.582790 0.439567
vt 0.582382 0.417278
vt 0.582643 0.395018
vt 0.591017 0.396890
vt 0.101079 0.489852
vt 0.100519 0.462257
vt 0.109746 0.463426
vt 0.110995 0.491091
vt 0.113023 0.515626
vt 0.102947 0.514368
vt 0.912953 0.126224
vt 0.911398 0.151124
vt 0.905812 0.125303
vt 0.115494 0.536244
vt 0.105950 0.535523
vt 0.910183 0.172650
vt 0.116179 0.553947
vt 0.108438 0.553991
vt 0.554644 0.449454
vt 0.554644 0.435469
vt 0.563800 0.435693
vt 0.564589 0.451671
vt 0.903245 0.192236
vt 0.909795 0.191360
vt 0.897261 0.206755
vt 0.895255 0.193027
vt 0.889683 0.208484
vt 0.886542 0.194151
vt 0.880359 0.209688
vt 0.876784 0.195937
vt 0.266784 0.528306
vt 0.265788 0.541889
vt 0.255414 0.540278
vt 0.255230 0.527731
vt 0.244631 0.541403
vt 0.243260 0.529600
vt 0.242074 0.512847
vt 0.240107 0.493789
vt 0.284176 0.041732
vt 0.282892 0.023388
vt 0.293749 0.022301
vt 0.296360 0.040482
vt 0.298774 0.060108
vt 0.284642 0.061423
vt 0.307885 0.040080
vt 0.312137 0.057952
vt 0.316424 0.076864
vt 0.301337 0.083216
vt 0.286346 0.086001
vt 0.238120 0.471089
vt 0.305645 0.112708
vt 0.291758 0.116398
vt 0.279604 0.119173
vt 0.273745 0.088210
vt 0.484372 0.438210
vt 0.494076 0.437988
vt 0.494917 0.464433
vt 0.484204 0.466086
vt 0.484204 0.408010
vt 0.494463 0.408265
vt 0.252623 0.410241
vt 0.261364 0.408541
vt 0.264977 0.438188
vt 0.256871 0.439684
vt 0.278129 0.154968
vt 0.284571 0.189147
vt 0.248098 0.380519
vt 0.257663 0.378011
vt 0.276444 0.191833
vt 0.268051 0.194178
vt 0.263680 0.159211
vt 0.271403 0.157323
vt 0.289563 0.225418
vt 0.281802 0.228202
vt 0.272663 0.230785
vt 0.262355 0.232361
vt 0.258705 0.195751
vt 0.286106 0.265025
vt 0.276755 0.267755
vt 0.264877 0.269462
vt 0.280982 0.301943
vt 0.267659 0.303936
vt 0.259251 0.304868
vt 0.254940 0.270104
vt 0.252084 0.233661
vt 0.249550 0.197541
vt 0.246840 0.270898
vt 0.243439 0.235953
vt 0.239755 0.272484
vt 0.235073 0.238948
vt 0.453784 0.283496
vt 0.453743 0.254425
vt 0.461255 0.253954
vt 0.461034 0.281147
vt 0.229054 0.242272
vt 0.182048 0.667457
vt 0.182591 0.695459
vt 0.174176 0.696727
vt 0.174169 0.668963
vt 0.182591 0.638388
vt 0.224443 0.244740
vt 0.229633 0.276815
vt 0.222585 0.278649
vt 0.217074 0.247494
vt 0.165708 0.668718
vt 0.213668 0.280682
vt 0.227840 0.311357
vt 0.219199 0.313361
vt 0.208898 0.315595
vt 0.225153 0.347090
vt 0.214480 0.349076
vt 0.202289 0.351193
vt 0.196825 0.317768
vt 0.191230 0.352866
vt 0.185910 0.319339
vt 0.182070 0.354188
vt 0.176224 0.320483
vt 0.172352 0.286346
vt 0.411147 0.032371
vt 0.409615 0.063591
vt 0.401035 0.063214
vt 0.402249 0.032267
vt 0.404630 0.002179
vt 0.413231 0.002142
vt 0.577303 0.013482
vt 0.545307 0.213310
vt 0.546570 0.247788
vt 0.539092 0.248028
vt 0.537172 0.213552
vt 0.534482 0.182524
vt 0.542495 0.181807
vt 0.528526 0.214058
vt 0.525785 0.183419
vt 0.521253 0.156198
vt 0.517204 0.184552
vt 0.513681 0.156579
vt 0.510935 0.185491
vt 0.506653 0.156788
vt 0.505508 0.186012
vt 0.501159 0.156656
vt 0.193330 0.060063
vt 0.188043 0.056535
vt 0.282093 0.947495
vt 0.281630 0.918006
vt 0.289075 0.918440
vt 0.289064 0.948371
vt 0.296793 0.919169
vt 0.297004 0.949268
vt 0.305940 0.920195
vt 0.307007 0.950359
vt 0.318402 0.921534
vt 0.321066 0.951747
vt 0.343994 0.924729
vt 0.343862 0.953315
vt 0.373669 0.928185
vt 0.373023 0.953454
vt 0.372167 0.966659
vt 0.405934 0.951741
vt 0.406789 0.963162
vt 0.407424 0.970744
vt 0.440170 0.959332
vt 0.441420 0.966107
vt 0.442972 0.972988
vt 0.408755 0.978104
vt 0.444533 0.979643
vt 0.410166 0.985074
vt 0.419919 0.110447
vt 0.420441 0.075337
vt 0.422252 0.075356
vt 0.421920 0.110319
vt 0.606248 0.601966
vt 0.572447 0.593315
vt 0.574685 0.586347
vt 0.608090 0.594689
vt 0.576954 0.579401
vt 0.609604 0.587461
vt 0.642266 0.595833
vt 0.611144 0.579806
vt 0.643403 0.588025
vt 0.613402 0.568232
vt 0.644713 0.575996
vt 0.672600 0.582497
vt 0.647264 0.553056
vt 0.676576 0.559844
vt 0.645873 0.520157
vt 0.680092 0.526771
vt 0.649666 0.491968
vt 0.681012 0.493587
vt 0.710198 0.496739
vt 0.677776 0.462661
vt 0.708936 0.463055
vt 0.729153 0.464474
vt 0.704175 0.436077
vt 0.728368 0.433467
vt 0.741261 0.433943
vt 0.739828 0.466504
vt 0.749282 0.435011
vt 0.741960 0.406044
vt 0.750595 0.404682
vt 0.757533 0.405135
vt 0.756086 0.436299
vt 0.751005 0.382248
vt 0.758780 0.379956
vt 0.101681 0.687875
vt 0.085342 0.702127
vt 0.079532 0.696338
vt 0.097724 0.681840
vt 0.120145 0.666008
vt 0.121872 0.671979
vt 0.073495 0.689039
vt 0.093328 0.674631
vt 0.062595 0.677536
vt 0.085661 0.662536
vt 0.002420 0.191406
vt 0.002443 0.159392
vt 0.018754 0.156844
vt 0.019220 0.191382
vt 0.027241 0.154980
vt 0.029583 0.190479
vt 0.033177 0.146158
vt 0.036266 0.187871
vt 0.039206 0.223918
vt 0.042044 0.180668
vt 0.045444 0.222706
vt 0.048084 0.258280
vt 0.052070 0.223145
vt 0.052920 0.258737
vt 0.058263 0.261074
vt 0.054311 0.223965
vt 0.126385 0.103073
vt 0.126967 0.132009
vt 0.117487 0.131011
vt 0.118219 0.097060
vt 0.069993 0.271594
vt 0.065219 0.225622
vt 0.073847 0.227060
vt 0.077898 0.273513
vt 0.075912 0.314823
vt 0.085976 0.288977
vt 0.084506 0.233396
vt 0.094196 0.228913
vt 0.095455 0.282190
vt 0.357727 0.755404
vt 0.324256 0.763039
vt 0.322380 0.763205
vt 0.307306 0.755928
vt 0.376246 0.762606
vt 0.337724 0.762033
vt 0.324571 0.763011
vt 0.343907 0.767138
vt 0.324307 0.763779
vt 0.346594 0.772274
vt 0.323457 0.766251
vt 0.102683 0.315559
vt 0.108644 0.291588
vt 0.115508 0.290454
vt 0.111802 0.314990
vt 0.109650 0.329050
vt 0.120522 0.314747
vt 0.120415 0.332797
vt 0.121480 0.358899
vt 0.107925 0.353892
vt 0.122824 0.385500
vt 0.106754 0.383533
vt 0.099162 0.381415
vt 0.107433 0.410599
vt 0.099875 0.409233
vt 0.092603 0.407801
vt 0.091971 0.378624
vt 0.085210 0.407235
vt 0.084881 0.376290
vt 0.078147 0.407475
vt 0.077740 0.378622
vt 0.021574 0.653198
vt 0.013339 0.653930
vt 0.100274 0.435347
vt 0.108198 0.436459
vt 0.123402 0.411257
vt 0.123917 0.436734
vt 0.124482 0.463134
vt 0.141566 0.437320
vt 0.141239 0.463650
vt 0.140866 0.491055
vt 0.125190 0.491080
vt 0.138907 0.516068
vt 0.125734 0.515469
vt 0.136456 0.536046
vt 0.125518 0.536710
vt 0.134811 0.553652
vt 0.125105 0.554011
vt 0.132989 0.565949
vt 0.124122 0.565772
vt 0.130991 0.575468
vt 0.122291 0.574681
vt 0.144360 0.553059
vt 0.142210 0.566159
vt 0.139204 0.575037
vt 0.904026 0.756753
vt 0.904608 0.747062
vt 0.913612 0.746934
vt 0.912311 0.755849
vt 0.911552 0.762665
vt 0.904954 0.763850
vt 0.898563 0.766400
vt 0.896334 0.758909
vt 0.755834 0.515933
vt 0.762588 0.515831
vt 0.761673 0.522164
vt 0.755803 0.522365
vt 0.213823 0.469889
vt 0.211700 0.475593
vt 0.761287 0.529165
vt 0.755415 0.529465
vt 0.210709 0.483413
vt 0.204530 0.483298
vt 0.210049 0.490992
vt 0.204133 0.490728
vt 0.197845 0.490878
vt 0.197871 0.483583
vt 0.208694 0.012691
vt 0.209018 0.018825
vt 0.202599 0.019220
vt 0.201776 0.012951
vt 0.488854 0.594460
vt 0.489294 0.601972
vt 0.483669 0.602482
vt 0.482199 0.594648
vt 0.477901 0.603073
vt 0.476800 0.595209
vt 0.472493 0.603788
vt 0.471726 0.595835
vt 0.219734 0.633020
vt 0.221284 0.626280
vt 0.226984 0.626824
vt 0.225614 0.633426
vt 0.626779 0.645397
vt 0.628366 0.637661
vt 0.633901 0.638481
vt 0.632287 0.646125
vt 0.631062 0.653244
vt 0.625438 0.652781
vt 0.230641 0.639249
vt 0.230641 0.644896
vt 0.638386 0.647523
vt 0.636842 0.655112
vt 0.635866 0.660728
vt 0.629421 0.658363
vt 0.242088 0.557382
vt 0.238120 0.552079
vt 0.246029 0.548809
vt 0.247947 0.554435
vt 0.643136 0.656565
vt 0.643603 0.662985
vt 0.898189 0.590398
vt 0.904816 0.592557
vt 0.902037 0.599235
vt 0.895391 0.596368
vt 0.299488 0.001494
vt 0.301402 0.010197
vt 0.292623 0.010780
vt 0.291587 0.002433
vt 0.910992 0.594122
vt 0.910480 0.601016
vt 0.910106 0.609772
vt 0.900653 0.607699
vt 0.909786 0.621982
vt 0.899173 0.619026
vt 0.919378 0.600701
vt 0.919913 0.609629
vt 0.920566 0.622822
vt 0.920080 0.638936
vt 0.909541 0.639043
vt 0.072868 0.770178
vt 0.071433 0.783833
vt 0.062394 0.783674
vt 0.062980 0.769538
vt 0.063789 0.750814
vt 0.074350 0.752095
vt 0.064360 0.738050
vt 0.074894 0.737817
vt 0.053276 0.769734
vt 0.053035 0.751014
vt 0.052868 0.738301
vt 0.425009 0.795298
vt 0.430884 0.794719
vt 0.429200 0.807687
vt 0.424140 0.806786
vt 0.044428 0.751805
vt 0.044049 0.737316
vt 0.422065 0.785938
vt 0.431259 0.785106
vt 0.044579 0.770475
vt 0.918659 0.718317
vt 0.916192 0.734591
vt 0.906133 0.734919
vt 0.908308 0.718817
vt 0.146526 0.534978
vt 0.897642 0.721199
vt 0.897991 0.702149
vt 0.925491 0.736193
vt 0.922508 0.748825
vt 0.053572 0.783413
vt 0.062087 0.792607
vt 0.053883 0.792280
vt 0.920575 0.757106
vt 0.927368 0.760392
vt 0.923303 0.766400
vt 0.917959 0.763655
vt 0.806390 0.233059
vt 0.812995 0.233019
vt 0.812998 0.238495
vt 0.807257 0.238639
vt 0.768802 0.516635
vt 0.767063 0.522817
vt 0.812812 0.246130
vt 0.807031 0.246276
vt 0.766910 0.529575
vt 0.812232 0.253966
vt 0.806705 0.254058
vt 0.766904 0.536345
vt 0.760998 0.536046
vt 0.766604 0.543542
vt 0.760850 0.543214
vt 0.755090 0.543197
vt 0.755040 0.536110
vt 0.755277 0.550063
vt 0.209552 0.498964
vt 0.208849 0.506384
vt 0.203353 0.505959
vt 0.203726 0.498606
vt 0.197892 0.506105
vt 0.197792 0.498666
vt 0.683498 0.616471
vt 0.685923 0.622279
vt 0.680830 0.624663
vt 0.677895 0.618742
vt 0.342256 0.168757
vt 0.348364 0.168701
vt 0.348364 0.175383
vt 0.341914 0.175198
vt 0.489783 0.609874
vt 0.490111 0.617565
vt 0.485067 0.618371
vt 0.484543 0.610484
vt 0.478991 0.611068
vt 0.473493 0.611730
vt 0.222461 0.619492
vt 0.223766 0.612776
vt 0.228694 0.612718
vt 0.228067 0.619900
vt 0.629976 0.629824
vt 0.631408 0.621882
vt 0.636813 0.622376
vt 0.635445 0.630502
vt 0.641209 0.631426
vt 0.639719 0.639681
vt 0.646651 0.632441
vt 0.645392 0.640746
vt 0.644112 0.648651
vt 0.518942 0.579943
vt 0.518926 0.586730
vt 0.512915 0.586650
vt 0.512989 0.580281
vt 0.512623 0.573680
vt 0.518624 0.573232
vt 0.648062 0.657245
vt 0.648677 0.663092
vt 0.824916 0.239084
vt 0.824412 0.247011
vt 0.818682 0.246461
vt 0.819178 0.238417
vt 0.820206 0.233019
vt 0.826463 0.233454
vt 0.918178 0.593763
vt 0.924375 0.592047
vt 0.926884 0.598850
vt 0.823324 0.254868
vt 0.817944 0.254339
vt 0.821926 0.263231
vt 0.817014 0.262839
vt 0.811601 0.262393
vt 0.815875 0.271520
vt 0.806535 0.262085
vt 0.814340 0.281093
vt 0.512817 0.593280
vt 0.518515 0.593537
vt 0.517838 0.600627
vt 0.512623 0.600077
vt 0.257068 0.045295
vt 0.251481 0.045648
vt 0.252058 0.037782
vt 0.257068 0.037756
vt 0.638143 0.614892
vt 0.581888 0.766400
vt 0.581291 0.760829
vt 0.574800 0.756396
vt 0.684470 0.638042
vt 0.681510 0.641469
vt 0.677895 0.637872
vt 0.680414 0.633911
vt 0.485112 0.625486
vt 0.490043 0.624588
vt 0.070310 0.792827
vt 0.424866 0.819279
vt 0.932173 0.653251
vt 0.929248 0.648242
vt 0.898021 0.635815
vt 0.083491 0.752771
vt 0.084088 0.737316
vt 0.304099 0.021907
vt 0.282831 0.011470
vt 0.282878 0.004408
vt 0.897560 0.678639
vt 0.153670 0.464527
vt 0.763997 0.013847
vt 0.740068 0.015977
vt 0.738357 0.006817
vt 0.761401 0.004982
vt 0.161669 0.463581
vt 0.154668 0.437437
vt 0.161971 0.436791
vt 0.170329 0.435926
vt 0.170505 0.462259
vt 0.170808 0.487817
vt 0.176543 0.460872
vt 0.177786 0.485512
vt 0.177104 0.501603
vt 0.171350 0.504062
vt 0.177608 0.511462
vt 0.172176 0.513990
vt 0.917493 0.963156
vt 0.901100 0.962810
vt 0.899001 0.955142
vt 0.916481 0.957028
vt 0.896914 0.946370
vt 0.916350 0.949086
vt 0.929435 0.952608
vt 0.917414 0.938566
vt 0.931637 0.941779
vt 0.940347 0.943480
vt 0.937537 0.954517
vt 0.947522 0.944678
vt 0.944829 0.955372
vt 0.954488 0.945835
vt 0.944902 0.925220
vt 0.952178 0.926982
vt 0.959250 0.929017
vt 0.958612 0.901101
vt 0.965495 0.902749
vt 0.410104 0.131434
vt 0.411575 0.107396
vt 0.417402 0.106720
vt 0.416543 0.130997
vt 0.438853 0.533486
vt 0.438731 0.508577
vt 0.445825 0.508904
vt 0.446276 0.533328
vt 0.526941 0.428218
vt 0.526861 0.401556
vt 0.533194 0.400791
vt 0.533357 0.427762
vt 0.166299 0.773384
vt 0.190625 0.785593
vt 0.187804 0.791305
vt 0.163590 0.778852
vt 0.150288 0.764929
vt 0.184570 0.798134
vt 0.160432 0.785720
vt 0.181299 0.805159
vt 0.156939 0.793218
vt 0.137980 0.781901
vt 0.126704 0.774523
vt 0.121666 0.781439
vt 0.103142 0.786501
vt 0.080142 0.804938
vt 0.077114 0.797970
vt 0.100190 0.779651
vt 0.538435 0.687522
vt 0.509047 0.690184
vt 0.511554 0.682299
vt 0.490069 0.680911
vt 0.494932 0.672077
vt 0.514879 0.673488
vt 0.487462 0.688931
vt 0.474178 0.688637
vt 0.478636 0.679060
vt 0.058854 0.809602
vt 0.061096 0.816469
vt 0.411431 0.062963
vt 0.418036 0.062554
vt 0.065318 0.825526
vt 0.068533 0.835764
vt 0.050180 0.839945
vt 0.069337 0.846863
vt 0.049495 0.849712
vt 0.068702 0.856211
vt 0.048217 0.859671
vt 0.025169 0.865562
vt 0.316229 0.392114
vt 0.315847 0.425917
vt 0.312228 0.417120
vt 0.312228 0.387615
vt 0.321350 0.369281
vt 0.329289 0.373527
vt 0.325399 0.398682
vt 0.321095 0.431563
vt 0.393712 0.718361
vt 0.362614 0.719551
vt 0.364148 0.714660
vt 0.397222 0.711393
vt 0.331546 0.402089
vt 0.328917 0.432451
vt 0.115320 0.715947
vt 0.107457 0.714758
vt 0.107457 0.687098
vt 0.113556 0.688565
vt 0.050233 0.004959
vt 0.053065 0.034740
vt 0.047528 0.034938
vt 0.045020 0.004176
vt 0.603029 0.144494
vt 0.602903 0.175383
vt 0.597947 0.172346
vt 0.597947 0.143569
vt 0.633442 0.002106
vt 0.632822 0.008441
vt 0.607181 0.009328
vt 0.606743 0.002555
vt 0.580432 0.010279
vt 0.579553 0.002759
vt 0.633092 0.019040
vt 0.609539 0.021488
vt 0.583249 0.024025
vt 0.160595 0.256119
vt 0.160585 0.224862
vt 0.173846 0.224175
vt 0.172428 0.255617
vt 0.161074 0.287168
vt 0.145973 0.288384
vt 0.143353 0.256957
vt 0.142853 0.225502
vt 0.143954 0.195662
vt 0.159796 0.194389
vt 0.672997 0.095337
vt 0.688733 0.074315
vt 0.702431 0.085770
vt 0.686788 0.105671
vt 0.174075 0.193430
vt 0.145995 0.162699
vt 0.159975 0.162809
vt 0.148964 0.136009
vt 0.161814 0.138063
vt 0.137789 0.162414
vt 0.139363 0.134951
vt 0.141096 0.117703
vt 0.151858 0.119926
vt 0.129070 0.162215
vt 0.130363 0.134179
vt 0.131426 0.115449
vt 0.133788 0.103306
vt 0.142609 0.106287
vt 0.082741 0.543650
vt 0.081125 0.527233
vt 0.090028 0.525486
vt 0.093411 0.542740
vt 0.581140 0.330588
vt 0.579453 0.351414
vt 0.569929 0.349946
vt 0.567103 0.328107
vt 0.563502 0.308110
vt 0.559159 0.286125
vt 0.552950 0.327553
vt 0.549430 0.306988
vt 0.546385 0.283853
vt 0.545746 0.254518
vt 0.557616 0.258507
vt 0.552565 0.785099
vt 0.531852 0.783651
vt 0.535394 0.772343
vt 0.556595 0.775075
vt 0.581382 0.779866
vt 0.576919 0.788023
vt 0.825777 0.227888
vt 0.821339 0.195689
vt 0.829807 0.195616
vt 0.834551 0.226902
vt 0.558785 0.765763
vt 0.583809 0.771115
vt 0.816407 0.228238
vt 0.813673 0.195496
vt 0.813637 0.169284
vt 0.821236 0.169045
vt 0.091857 0.000973
vt 0.095650 0.032226
vt 0.086900 0.031016
vt 0.084270 0.000639
vt 0.807009 0.194273
vt 0.807540 0.169211
vt 0.195829 0.551342
vt 0.197290 0.568106
vt 0.191078 0.568817
vt 0.189954 0.552331
vt 0.195077 0.526502
vt 0.202472 0.527118
vt 0.202942 0.551125
vt 0.205131 0.568000
vt 0.208488 0.580662
vt 0.206264 0.581407
vt 0.209818 0.551634
vt 0.210681 0.565919
vt 0.210889 0.573581
vt 0.218917 0.564482
vt 0.220383 0.570498
vt 0.223625 0.574761
vt 0.215560 0.577684
vt 0.226940 0.564542
vt 0.226695 0.571140
vt 0.217798 0.552735
vt 0.225012 0.553238
vt 0.371238 0.318186
vt 0.366545 0.313498
vt 0.361915 0.319214
vt 0.219000 0.530477
vt 0.227441 0.533060
vt 0.210379 0.528397
vt 0.215152 0.497862
vt 0.224529 0.501638
vt 0.233043 0.505978
vt 0.224034 0.474661
vt 0.232391 0.477247
vt 0.332279 0.276885
vt 0.329727 0.247988
vt 0.338163 0.248073
vt 0.332849 0.222234
vt 0.340455 0.223935
vt 0.354659 0.226965
vt 0.351015 0.248487
vt 0.374355 0.228028
vt 0.374542 0.247063
vt 0.392133 0.226711
vt 0.393849 0.242519
vt 0.398170 0.268104
vt 0.408246 0.304256
vt 0.413847 0.236788
vt 0.417661 0.263000
vt 0.423623 0.297873
vt 0.429003 0.327037
vt 0.415635 0.330031
vt 0.436382 0.258446
vt 0.439139 0.293662
vt 0.442032 0.324926
vt 0.443152 0.355309
vt 0.435648 0.352117
vt 0.451157 0.290853
vt 0.451671 0.323000
vt 0.210916 0.613210
vt 0.206024 0.603279
vt 0.233413 0.597780
vt 0.202370 0.593136
vt 0.227317 0.589227
vt 0.429572 0.715164
vt 0.436970 0.715906
vt 0.440406 0.729440
vt 0.430881 0.731132
vt 0.440935 0.744053
vt 0.439516 0.754387
vt 0.412908 0.753843
vt 0.458072 0.742218
vt 0.460303 0.752914
vt 0.780954 0.515264
vt 0.781923 0.533916
vt 0.771771 0.534929
vt 0.770852 0.513108
vt 0.773532 0.487105
vt 0.782330 0.491301
vt 0.779628 0.454944
vt 0.788022 0.458778
vt 0.761979 0.509706
vt 0.764728 0.483590
vt 0.771355 0.452320
vt 0.777156 0.426089
vt 0.782105 0.425846
vt 0.755332 0.478419
vt 0.764042 0.449315
vt 0.772417 0.424973
vt 0.777372 0.411397
vt 0.780457 0.412198
vt 0.647846 0.077248
vt 0.645880 0.102362
vt 0.637546 0.100974
vt 0.642784 0.076776
vt 0.644991 0.063758
vt 0.648940 0.063390
vt 0.830744 0.014127
vt 0.827127 0.008678
vt 0.828024 0.007650
vt 0.833022 0.011572
vt 0.637204 0.075966
vt 0.641161 0.063403
vt 0.828076 0.015969
vt 0.825072 0.009640
vt 0.122528 0.061362
vt 0.122528 0.064868
vt 0.119942 0.064719
vt 0.119748 0.061752
vt 0.825268 0.016677
vt 0.822765 0.010096
vt 0.821771 0.016920
vt 0.820012 0.010060
vt 0.818312 0.006863
vt 0.816343 0.004460
vt 0.817261 0.009899
vt 0.815567 0.007363
vt 0.814039 0.005992
vt 0.456698 0.803972
vt 0.457247 0.801646
vt 0.459728 0.803497
vt 0.460183 0.805819
vt 0.460146 0.808417
vt 0.456510 0.805939
vt 0.044962 0.046819
vt 0.043373 0.048050
vt 0.043373 0.044284
vt 0.045648 0.043802
vt 0.814629 0.002976
vt 0.817636 0.002039
vt 0.044399 0.076856
vt 0.044291 0.073056
vt 0.045195 0.072257
vt 0.045648 0.076615
vt 0.044403 0.079258
vt 0.044291 0.079283
vt 0.358806 0.321649
vt 0.359518 0.320036
vt 0.362295 0.323410
vt 0.360713 0.325273
vt 0.358555 0.327082
vt 0.357000 0.323305
vt 0.355737 0.319982
vt 0.356811 0.317732
vt 0.356011 0.328346
vt 0.354718 0.324060
vt 0.353196 0.328918
vt 0.352428 0.326011
vt 0.350891 0.328718
vt 0.350529 0.325947
vt 0.350170 0.323611
vt 0.327982 0.740193
vt 0.330340 0.739065
vt 0.326583 0.743802
vt 0.328516 0.746469
vt 0.043902 0.067046
vt 0.043779 0.063822
vt 0.045648 0.063587
vt 0.045648 0.067270
vt 0.325223 0.744874
vt 0.353866 0.334312
vt 0.350519 0.334205
vt 0.335263 0.737978
vt 0.354017 0.347352
vt 0.348507 0.346854
vt 0.346973 0.736782
vt 0.347916 0.742048
vt 0.372970 0.736524
vt 0.380444 0.745712
vt 0.375981 0.753500
vt 0.347851 0.747546
vt 0.346530 0.731238
vt 0.369367 0.727268
vt 0.352053 0.372046
vt 0.360026 0.346905
vt 0.363616 0.369771
vt 0.368511 0.392040
vt 0.354186 0.398217
vt 0.394041 0.720068
vt 0.407453 0.715284
vt 0.373348 0.366660
vt 0.380926 0.387404
vt 0.389206 0.404164
vt 0.428735 0.390978
vt 0.432827 0.410637
vt 0.422173 0.411855
vt 0.416376 0.392471
vt 0.411677 0.373249
vt 0.425613 0.372859
vt 0.447713 0.370596
vt 0.444393 0.390081
vt 0.407890 0.353520
vt 0.419830 0.352945
vt 0.403333 0.332980
vt 0.398514 0.354714
vt 0.394445 0.335843
vt 0.390916 0.356359
vt 0.387426 0.339507
vt 0.380791 0.325455
vt 0.610912 0.828127
vt 0.596073 0.831268
vt 0.592447 0.821859
vt 0.608891 0.822068
vt 0.373317 0.318739
vt 0.614890 0.818644
vt 0.610641 0.818036
vt 0.613105 0.816421
vt 0.321770 0.016818
vt 0.320947 0.014378
vt 0.321414 0.011694
vt 0.323530 0.012621
vt 0.619847 0.823022
vt 0.320947 0.007373
vt 0.324339 0.010462
vt 0.581680 0.803819
vt 0.582914 0.784533
vt 0.592304 0.788652
vt 0.579301 0.820677
vt 0.575290 0.806346
vt 0.567369 0.816060
vt 0.580187 0.831268
vt 0.564739 0.829719
vt 0.546047 0.826932
vt 0.550010 0.817278
vt 0.525735 0.823242
vt 0.529142 0.814306
vt 0.397483 0.391991
vt 0.393243 0.373109
vt 0.401852 0.373226
vt 0.406780 0.392363
vt 0.411979 0.412034
vt 0.402456 0.412024
vt 0.415845 0.432695
vt 0.407949 0.433158
vt 0.424549 0.433011
vt 0.424239 0.453785
vt 0.419058 0.454624
vt 0.432263 0.431972
vt 0.380506 0.363252
vt 0.365737 0.345274
vt 0.371058 0.342605
vt 0.360922 0.332502
vt 0.363964 0.330520
vt 0.357365 0.333636
vt 0.366071 0.328095
vt 0.424879 0.465992
vt 0.421635 0.467288
vt 0.465768 0.811131
vt 0.466542 0.808064
vt 0.480929 0.812740
vt 0.479234 0.817482
vt 0.466540 0.804977
vt 0.481868 0.807173
vt 0.505631 0.810553
vt 0.503931 0.818455
vt 0.500961 0.825219
vt 0.506483 0.802737
vt 0.531422 0.804842
vt 0.506649 0.794618
vt 0.533013 0.793837
vt 0.135168 0.667002
vt 0.146503 0.668548
vt 0.553668 0.804502
vt 0.145594 0.642777
vt 0.154301 0.643665
vt 0.158275 0.671044
vt 0.161504 0.702266
vt 0.833753 0.152892
vt 0.830809 0.168994
vt 0.822716 0.153064
vt 0.814088 0.152652
vt 0.811150 0.142183
vt 0.824534 0.145199
vt 0.843109 0.168866
vt 0.842046 0.196283
vt 0.565580 0.229830
vt 0.580006 0.206335
vt 0.594248 0.213963
vt 0.585550 0.240809
vt 0.580896 0.266378
vt 0.556074 0.223690
vt 0.604408 0.246711
vt 0.602103 0.275195
vt 0.620888 0.250172
vt 0.619454 0.284274
vt 0.615844 0.308431
vt 0.636945 0.290891
vt 0.612903 0.321000
vt 0.602408 0.315641
vt 0.638683 0.252470
vt 0.653539 0.252938
vt 0.653659 0.219913
vt 0.664293 0.219417
vt 0.664293 0.252826
vt 0.639851 0.220007
vt 0.642049 0.190769
vt 0.653789 0.191304
vt 0.622919 0.218989
vt 0.626528 0.188987
vt 0.629905 0.159332
vt 0.642840 0.162182
vt 0.608328 0.217147
vt 0.613749 0.186649
vt 0.618743 0.156824
vt 0.623568 0.127664
vt 0.632710 0.129705
vt 0.603540 0.183881
vt 0.609616 0.154933
vt 0.615863 0.125950
vt 0.622995 0.097317
vt 0.630011 0.099042
vt 0.847238 0.084881
vt 0.854116 0.112394
vt 0.842909 0.115008
vt 0.838015 0.086414
vt 0.830495 0.057740
vt 0.837563 0.056311
vt 0.824723 0.032259
vt 0.829650 0.031284
vt 0.826805 0.087486
vt 0.822714 0.058295
vt 0.819731 0.032750
vt 0.818661 0.016779
vt 0.815041 0.057771
vt 0.815001 0.010454
vt 0.817847 0.086477
vt 0.631762 0.074505
vt 0.638236 0.062437
vt 0.828351 0.117382
vt 0.858295 0.139103
vt 0.842983 0.142180
vt 0.860098 0.168380
vt 0.644126 0.132601
vt 0.654328 0.135594
vt 0.653743 0.164554
vt 0.661541 0.167071
vt 0.663305 0.191202
vt 0.772653 0.588985
vt 0.772473 0.559900
vt 0.783703 0.558255
vt 0.786049 0.587660
vt 0.787513 0.625926
vt 0.771316 0.626377
vt 0.564720 0.742881
vt 0.521291 0.746292
vt 0.518028 0.734101
vt 0.559984 0.728516
vt 0.788022 0.648339
vt 0.771584 0.658287
vt 0.592757 0.723615
vt 0.590325 0.741008
vt 0.514835 0.721326
vt 0.553539 0.715538
vt 0.587109 0.710006
vt 0.548565 0.702113
vt 0.580943 0.697621
vt 0.601678 0.695460
vt 0.609927 0.704981
vt 0.611438 0.717276
vt 0.106957 0.595611
vt 0.136515 0.591096
vt 0.140560 0.604063
vt 0.112652 0.608979
vt 0.096207 0.610533
vt 0.121067 0.621149
vt 0.106214 0.623173
vt 0.087175 0.624652
vt 0.073151 0.608350
vt 0.037412 0.606502
vt 0.035782 0.597928
vt 0.038569 0.618827
vt 0.001741 0.616362
vt 0.002534 0.611992
vt 0.329535 0.323564
vt 0.333949 0.374791
vt 0.328866 0.365751
vt 0.320928 0.324891
vt 0.318635 0.284689
vt 0.326343 0.285087
vt 0.319276 0.249918
vt 0.326793 0.249938
vt 0.542545 0.104348
vt 0.538971 0.067028
vt 0.548064 0.066507
vt 0.551666 0.104138
vt 0.555094 0.134320
vt 0.546419 0.134895
vt 0.556848 0.163644
vt 0.548534 0.164245
vt 0.233631 0.345180
vt 0.240255 0.379225
vt 0.231789 0.380682
vt 0.244928 0.419117
vt 0.237798 0.417658
vt 0.228558 0.417201
vt 0.221404 0.382101
vt 0.218104 0.417888
vt 0.210036 0.384149
vt 0.208519 0.418992
vt 0.199921 0.386296
vt 0.199616 0.419980
vt 0.191517 0.388054
vt 0.409952 0.096931
vt 0.406621 0.129472
vt 0.397938 0.127611
vt 0.401569 0.095866
vt 0.389323 0.126504
vt 0.393565 0.096131
vt 0.392771 0.063111
vt 0.394670 0.033394
vt 0.540894 0.282210
vt 0.538134 0.315568
vt 0.529948 0.313684
vt 0.531845 0.281858
vt 0.530382 0.248330
vt 0.522861 0.281968
vt 0.521590 0.248598
vt 0.520189 0.215390
vt 0.514566 0.249220
vt 0.513590 0.216612
vt 0.508657 0.249604
vt 0.507683 0.217388
vt 0.282271 0.886543
vt 0.282937 0.854282
vt 0.288700 0.853991
vt 0.288658 0.886505
vt 0.297098 0.853717
vt 0.297000 0.886772
vt 0.306185 0.853334
vt 0.305912 0.887179
vt 0.320202 0.853577
vt 0.318199 0.888138
vt 0.348981 0.856115
vt 0.345499 0.890484
vt 0.381043 0.861293
vt 0.376037 0.894092
vt 0.412429 0.867061
vt 0.407291 0.898404
vt 0.405420 0.931443
vt 0.438710 0.902197
vt 0.437610 0.932899
vt 0.438757 0.948957
vt 0.469031 0.930162
vt 0.470764 0.943162
vt 0.473345 0.951289
vt 0.499579 0.935469
vt 0.500335 0.941577
vt 0.501305 0.946861
vt 0.475202 0.957489
vt 0.502369 0.951689
vt 0.477503 0.963893
vt 0.504340 0.956458
vt 0.479946 0.969746
vt 0.420089 0.039074
vt 0.422841 0.039141
vt 0.537889 0.581141
vt 0.541415 0.575311
vt 0.545066 0.568988
vt 0.548779 0.561994
vt 0.579491 0.571876
vt 0.553003 0.551779
vt 0.582577 0.560562
vt 0.557910 0.532583
vt 0.587583 0.539229
vt 0.617511 0.542368
vt 0.619267 0.494429
vt 0.594321 0.504372
vt 0.588722 0.475930
vt 0.616845 0.470236
vt 0.646735 0.465292
vt 0.613025 0.457399
vt 0.642835 0.449165
vt 0.673730 0.442267
vt 0.640168 0.441624
vt 0.670241 0.431768
vt 0.700077 0.422657
vt 0.667604 0.425031
vt 0.696791 0.414593
vt 0.721989 0.401944
vt 0.725698 0.412240
vt 0.740722 0.388370
vt 0.718602 0.396094
vt 0.736465 0.379162
vt 0.748698 0.368354
vt 0.730983 0.374332
vt 0.744757 0.359951
vt 0.757946 0.353294
vt 0.759192 0.363830
vt 0.075203 0.712196
vt 0.069785 0.719685
vt 0.060785 0.713135
vt 0.068266 0.706292
vt 0.051534 0.703933
vt 0.060334 0.698541
vt 0.040530 0.693202
vt 0.048922 0.687585
vt 0.002115 0.140059
vt 0.002311 0.128582
vt 0.015413 0.127246
vt 0.016655 0.137183
vt 0.024533 0.127025
vt 0.025743 0.135445
vt 0.032147 0.127223
vt 0.033100 0.133102
vt 0.040912 0.127811
vt 0.040993 0.128172
vt 0.031248 0.120582
vt 0.037333 0.120683
vt 0.038547 0.119923
vt 0.042482 0.125564
vt 0.180720 0.582930
vt 0.179531 0.582128
vt 0.176016 0.591017
vt 0.178141 0.581278
vt 0.383563 0.188663
vt 0.384680 0.189035
vt 0.023750 0.121161
vt 0.017966 0.118820
vt 0.003007 0.119202
vt 0.439154 0.640905
vt 0.444208 0.630848
vt 0.449269 0.632573
vt 0.449269 0.663092
vt 0.033297 0.697433
vt 0.044418 0.708955
vt 0.038456 0.712850
vt 0.024881 0.698752
vt 0.043734 0.728669
vt 0.031512 0.716061
vt 0.350766 0.000653
vt 0.349253 0.006361
vt 0.122087 0.680103
vt 0.127333 0.696714
vt 0.120495 0.691763
vt 0.118173 0.678239
vt 0.027159 0.687117
vt 0.031011 0.683423
vt 0.045015 0.681483
vt 0.052855 0.681540
vt 0.034326 0.675324
vt 0.046504 0.674775
vt 0.010446 0.635034
vt 0.012013 0.648589
vt 0.004798 0.644727
vt 0.002384 0.632776
vt 0.024615 0.676266
vt 0.025677 0.667200
vt 0.036647 0.666244
vt 0.009593 0.660109
vt 0.003789 0.654721
vt 0.188119 0.871971
vt 0.188393 0.882361
vt 0.180109 0.879217
vt 0.179209 0.869898
vt 0.170573 0.876853
vt 0.169276 0.869140
vt 0.188891 0.892211
vt 0.180739 0.889579
vt 0.171430 0.886975
vt 0.181376 0.900031
vt 0.171987 0.897974
vt 0.161042 0.895491
vt 0.146562 0.891933
vt 0.172562 0.908188
vt 0.161312 0.907245
vt 0.145664 0.904985
vt 0.691922 0.381140
vt 0.677849 0.381249
vt 0.677032 0.367486
vt 0.691719 0.367995
vt 0.664787 0.382400
vt 0.664513 0.366955
vt 0.652162 0.384284
vt 0.652094 0.367079
vt 0.054998 0.900176
vt 0.055258 0.917278
vt 0.037684 0.919176
vt 0.039724 0.902630
vt 0.025753 0.921068
vt 0.028304 0.904345
vt 0.030919 0.886851
vt 0.019856 0.906859
vt 0.022062 0.887784
vt 0.024072 0.871427
vt 0.033525 0.872519
vt 0.050195 0.657307
vt 0.049585 0.666891
vt 0.038447 0.656248
vt 0.027594 0.656956
vt 0.028618 0.646167
vt 0.014407 0.889022
vt 0.016388 0.871287
vt 0.012431 0.909556
vt 0.007716 0.913827
vt 0.007311 0.890710
vt 0.009798 0.870929
vt 0.455342 0.161656
vt 0.458133 0.158806
vt 0.463684 0.171474
vt 0.463684 0.184993
vt 0.455746 0.178287
vt 0.453658 0.177322
vt 0.350766 0.056967
vt 0.346043 0.072075
vt 0.451104 0.190897
vt 0.343492 0.066973
vt 0.451671 0.188543
vt 0.430837 0.208525
vt 0.429011 0.205088
vt 0.427420 0.202032
vt 0.426052 0.199041
vt 0.424059 0.196056
vt 0.409889 0.216409
vt 0.411548 0.223749
vt 0.390867 0.218411
vt 0.432488 0.218216
vt 0.434415 0.231183
vt 0.449400 0.209063
vt 0.449093 0.225836
vt 0.449929 0.254846
vt 0.146239 0.616460
vt 0.172989 0.598456
vt 0.177565 0.609833
vt 0.170545 0.585648
vt 0.508112 0.695899
vt 0.511677 0.707893
vt 0.479095 0.711775
vt 0.475927 0.701090
vt 0.452348 0.714695
vt 0.448722 0.705090
vt 0.482332 0.725485
vt 0.455311 0.728219
vt 0.485470 0.738935
vt 0.488068 0.749835
vt 0.375286 0.214922
vt 0.375140 0.199455
vt 0.358493 0.209593
vt 0.361103 0.191698
vt 0.343521 0.203948
vt 0.348993 0.184119
vt 0.355648 0.154494
vt 0.364987 0.157644
vt 0.373893 0.166851
vt 0.363241 0.118660
vt 0.370451 0.119948
vt 0.376534 0.122300
vt 0.376767 0.084511
vt 0.381631 0.085584
vt 0.048932 0.186368
vt 0.168207 0.108005
vt 0.175383 0.113651
vt 0.369790 0.084140
vt 0.055260 0.189308
vt 0.056376 0.153163
vt 0.065386 0.156551
vt 0.063403 0.190452
vt 0.127333 0.158565
vt 0.117236 0.158565
vt 0.073873 0.159425
vt 0.072207 0.192326
vt 0.081944 0.161870
vt 0.082460 0.193596
vt 0.090675 0.162345
vt 0.092478 0.194395
vt 0.098822 0.161913
vt 0.101589 0.194183
vt 0.102482 0.227040
vt 0.410002 0.763314
vt 0.440156 0.763844
vt 0.439149 0.773898
vt 0.409028 0.772628
vt 0.379419 0.770708
vt 0.102290 0.262861
vt 0.407022 0.780023
vt 0.378842 0.777654
vt 0.403167 0.788023
vt 0.378780 0.784530
vt 0.112775 0.256972
vt 0.118442 0.256367
vt 0.434720 0.782562
vt 0.469247 0.774361
vt 0.467257 0.786429
vt 0.468946 0.763384
vt 0.563581 0.377994
vt 0.557828 0.349732
vt 0.572764 0.382213
vt 0.493498 0.772413
vt 0.493296 0.786071
vt 0.515507 0.771422
vt 0.513385 0.783946
vt 0.494165 0.761997
vt 0.516528 0.761388
vt 0.537262 0.762444
vt 0.494676 0.752886
vt 0.517619 0.752766
vt 0.096328 0.111449
vt 0.089078 0.111018
vt 0.086695 0.086686
vt 0.095024 0.087672
vt 0.086613 0.059882
vt 0.094760 0.062115
vt 0.081071 0.109894
vt 0.079189 0.085993
vt 0.077769 0.058194
vt 0.077391 0.030098
vt 0.072083 0.085016
vt 0.069156 0.057999
vt 0.067892 0.029544
vt 0.073414 0.108458
vt 0.065850 0.106432
vt 0.064860 0.084302
vt 0.061460 0.058566
vt 0.398595 0.021623
vt 0.389223 0.021623
vt 0.388894 0.001981
vt 0.398816 0.003644
vt 0.336070 0.200181
vt 0.340978 0.177770
vt 0.272241 0.445457
vt 0.283496 0.447458
vt 0.283496 0.463684
vt 0.272856 0.463104
vt 0.065694 0.129021
vt 0.073314 0.132895
vt 0.723866 0.352062
vt 0.724738 0.330956
vt 0.735167 0.330489
vt 0.735167 0.355571
vt 0.081624 0.134934
vt 0.090319 0.136082
vt 0.076092 0.001092
vt 0.067891 0.001629
vt 0.468906 0.754194
vt 0.578548 0.380626
vt 0.578526 0.416261
vt 0.084652 0.502189
vt 0.077376 0.503803
vt 0.122828 0.162498
vt 0.121669 0.198112
vt 0.017616 0.922740
vt 0.014059 0.925424
vt 0.023858 0.932216
vt 0.015872 0.932675
vt 0.009473 0.932956
vt 0.377907 0.431666
vt 0.377588 0.424421
vt 0.384401 0.426134
vt 0.384401 0.432451
vt 0.930862 0.298853
vt 0.925515 0.299238
vt 0.924518 0.292284
vt 0.930209 0.292602
vt 0.927291 0.307229
vt 0.918593 0.308183
vt 0.917654 0.299635
vt 0.917168 0.292470
vt 0.909047 0.299726
vt 0.908886 0.292333
vt 0.380923 0.122287
vt 0.381687 0.115109
vt 0.386804 0.115460
vt 0.386168 0.122528
vt 0.916753 0.288314
vt 0.923960 0.287642
vt 0.409423 0.189798
vt 0.402754 0.186070
vt 0.405663 0.179239
vt 0.413231 0.184923
vt 0.306737 0.468120
vt 0.300899 0.468489
vt 0.300899 0.461060
vt 0.307521 0.460861
vt 0.227057 0.467777
vt 0.217336 0.465803
vt 0.215977 0.456296
vt 0.226504 0.458121
vt 0.213842 0.443102
vt 0.224127 0.443892
vt 0.205284 0.456122
vt 0.203570 0.443421
vt 0.401776 0.152917
vt 0.398501 0.165589
vt 0.388142 0.163662
vt 0.392091 0.150798
vt 0.378398 0.163819
vt 0.382769 0.149661
vt 0.525051 0.370265
vt 0.520020 0.384487
vt 0.511589 0.383344
vt 0.516589 0.368423
vt 0.523362 0.344522
vt 0.531889 0.346400
vt 0.509874 0.367284
vt 0.517415 0.343659
vt 0.521969 0.313135
vt 0.510173 0.343180
vt 0.514519 0.314507
vt 0.514699 0.283395
vt 0.507853 0.315383
vt 0.508230 0.284084
vt 0.283301 0.819815
vt 0.284003 0.788517
vt 0.290610 0.788055
vt 0.289658 0.819559
vt 0.298466 0.788944
vt 0.298054 0.819191
vt 0.310031 0.792599
vt 0.307780 0.819076
vt 0.331097 0.801140
vt 0.324812 0.821052
vt 0.360914 0.814265
vt 0.355689 0.828247
vt 0.390904 0.827503
vt 0.386914 0.838864
vt 0.420049 0.840061
vt 0.416808 0.849878
vt 0.448856 0.851617
vt 0.446212 0.860157
vt 0.443191 0.873802
vt 0.475485 0.869876
vt 0.472694 0.881338
vt 0.469398 0.904647
vt 0.502976 0.887887
vt 0.500091 0.905858
vt 0.498977 0.925402
vt 0.520702 0.905989
vt 0.518905 0.924625
vt 0.518174 0.933660
vt 0.529262 0.925134
vt 0.528524 0.934834
vt 0.527806 0.941559
vt 0.517494 0.939731
vt 0.526769 0.946899
vt 0.516887 0.944280
vt 0.525481 0.951073
vt 0.516252 0.947770
vt 0.523511 0.955036
vt 0.516006 0.950491
vt 0.534375 0.950425
vt 0.532314 0.955831
vt 0.529743 0.960792
vt 0.533590 0.968430
vt 0.527788 0.964003
vt 0.062465 0.095231
vt 0.058080 0.096100
vt 0.540381 0.952938
vt 0.542109 0.946114
vt 0.548055 0.947765
vt 0.545935 0.954985
vt 0.535854 0.944081
vt 0.536549 0.936251
vt 0.543487 0.937701
vt 0.718099 0.259397
vt 0.718350 0.270205
vt 0.711259 0.270576
vt 0.711567 0.259536
vt 0.549147 0.939247
vt 0.537453 0.925533
vt 0.545135 0.925985
vt 0.539906 0.906328
vt 0.548380 0.906583
vt 0.531067 0.906225
vt 0.533592 0.890416
vt 0.542344 0.890159
vt 0.522486 0.890184
vt 0.524151 0.880571
vt 0.535436 0.880692
vt 0.504863 0.877859
vt 0.506089 0.871367
vt 0.525294 0.874300
vt 0.477700 0.862614
vt 0.479514 0.857189
vt 0.507249 0.866098
vt 0.450823 0.845786
vt 0.452758 0.840228
vt 0.481341 0.851878
vt 0.422416 0.833614
vt 0.424584 0.827889
vt 0.426755 0.822096
vt 0.454683 0.834884
vt 0.393689 0.820413
vt 0.396140 0.814518
vt 0.398651 0.808507
vt 0.664496 0.169459
vt 0.670741 0.169042
vt 0.671650 0.200036
vt 0.665694 0.200644
vt 0.367411 0.800180
vt 0.370178 0.794150
vt 0.663589 0.137516
vt 0.670564 0.137355
vt 0.676013 0.137933
vt 0.676116 0.169320
vt 0.663226 0.106529
vt 0.671339 0.106768
vt 0.532912 0.036516
vt 0.533357 0.062066
vt 0.526518 0.061844
vt 0.526423 0.035991
vt 0.151900 0.725416
vt 0.152536 0.718276
vt 0.181982 0.720830
vt 0.181449 0.727411
vt 0.533096 0.083966
vt 0.526423 0.084088
vt 0.126452 0.723572
vt 0.126510 0.717344
vt 0.714774 0.390200
vt 0.693733 0.408073
vt 0.690542 0.401510
vt 0.106125 0.726472
vt 0.103986 0.719413
vt 0.237848 0.297271
vt 0.237065 0.314728
vt 0.230358 0.314728
vt 0.229244 0.298157
vt 0.230070 0.281704
vt 0.237406 0.280526
vt 0.084857 0.729091
vt 0.084305 0.721941
vt 0.086011 0.734206
vt 0.069452 0.735167
vt 0.688092 0.041751
vt 0.679744 0.060352
vt 0.673165 0.057743
vt 0.680044 0.041246
vt 0.665681 0.056514
vt 0.668643 0.043336
vt 0.668637 0.034017
vt 0.281630 0.740626
vt 0.290177 0.744698
vt 0.289617 0.762476
vt 0.282885 0.761389
vt 0.651405 0.045051
vt 0.647034 0.041193
vt 0.666584 0.028759
vt 0.503127 0.365646
vt 0.504363 0.342670
vt 0.301011 0.752937
vt 0.298425 0.766545
vt 0.315447 0.770008
vt 0.312492 0.776724
vt 0.339521 0.785635
vt 0.336102 0.791307
vt 0.364459 0.806285
vt 0.342685 0.779876
vt 0.656704 0.106460
vt 0.659008 0.077809
vt 0.665753 0.078835
vt 0.672871 0.080206
vt 0.664864 0.418842
vt 0.662075 0.412934
vt 0.637741 0.435507
vt 0.635204 0.429709
vt 0.632635 0.424434
vt 0.212245 0.723695
vt 0.213379 0.717584
vt 0.242682 0.720526
vt 0.241696 0.726334
vt 0.241257 0.731892
vt 0.211792 0.729886
vt 0.270598 0.728860
vt 0.270256 0.733883
vt 0.677179 0.200113
vt 0.678063 0.230369
vt 0.673009 0.230699
vt 0.680566 0.261653
vt 0.676080 0.261422
vt 0.669972 0.261924
vt 0.667413 0.231264
vt 0.681447 0.289594
vt 0.676147 0.290364
vt 0.482978 0.847011
vt 0.509685 0.856172
vt 0.508522 0.860944
vt 0.671209 0.291522
vt 0.681832 0.307356
vt 0.677027 0.309130
vt 0.526912 0.863978
vt 0.526197 0.869002
vt 0.537686 0.863665
vt 0.537359 0.868954
vt 0.536556 0.874351
vt 0.545005 0.869017
vt 0.544623 0.874186
vt 0.543625 0.880178
vt 0.677223 0.320582
vt 0.681931 0.318347
vt 0.686842 0.315372
vt 0.189798 0.035611
vt 0.184645 0.034848
vt 0.184248 0.027688
vt 0.188864 0.028076
vt 0.188979 0.045648
vt 0.184248 0.044126
vt 0.143854 0.017009
vt 0.148955 0.017938
vt 0.148614 0.026428
vt 0.143656 0.024647
vt 0.686173 0.307218
vt 0.143656 0.001301
vt 0.148370 0.001144
vt 0.517610 0.463591
vt 0.500755 0.473572
vt 0.499781 0.468141
vt 0.190261 0.418431
vt 0.194603 0.417934
vt 0.194603 0.444464
vt 0.189605 0.443285
vt 0.326886 0.735167
vt 0.299728 0.735098
vt 0.301310 0.730504
vt 0.327942 0.730263
vt 0.501582 0.479465
vt 0.490502 0.481021
vt 0.490480 0.475242
vt 0.490471 0.469969
vt 0.499576 0.488078
vt 0.490269 0.488165
vt 0.497818 0.498246
vt 0.489051 0.498123
vt 0.481289 0.497750
vt 0.487255 0.513893
vt 0.479402 0.513363
vt 0.472398 0.512777
vt 0.473932 0.496975
vt 0.477480 0.532627
vt 0.471134 0.532410
vt 0.268939 0.032594
vt 0.269081 0.052353
vt 0.262373 0.052944
vt 0.261957 0.033267
vt 0.710692 0.287707
vt 0.718350 0.288301
vt 0.255069 0.033839
vt 0.476303 0.545009
vt 0.470795 0.545580
vt 0.268644 0.065611
vt 0.262564 0.065736
vt 0.475855 0.553570
vt 0.470786 0.554214
vt 0.267702 0.074352
vt 0.262034 0.074407
vt 0.476192 0.560139
vt 0.471717 0.561282
vt 0.268129 0.081274
vt 0.263511 0.081421
vt 0.477733 0.566255
vt 0.473605 0.567773
vt 0.476879 0.573512
vt 0.481606 0.552240
vt 0.483156 0.543888
vt 0.490880 0.543471
vt 0.488573 0.551582
vt 0.493075 0.533047
vt 0.485119 0.532661
vt 0.495514 0.514922
vt 0.513680 0.485286
vt 0.275152 0.478099
vt 0.280427 0.478099
vt 0.271383 0.723279
vt 0.301424 0.725635
vt 0.577778 0.450493
vt 0.580211 0.455267
vt 0.606192 0.440205
vt 0.608538 0.445504
vt 0.610771 0.451278
vt 0.582611 0.460546
vt 0.585036 0.465960
vt 0.554822 0.475500
vt 0.552385 0.470609
vt 0.531892 0.481032
vt 0.530030 0.477038
vt 0.521649 0.483602
vt 0.520528 0.479229
vt 0.321582 0.351001
vt 0.321936 0.360376
vt 0.318797 0.360376
vt 0.319165 0.352607
vt 0.533331 0.486527
vt 0.521764 0.485709
vt 0.557614 0.482445
vt 0.560308 0.500722
vt 0.550174 0.890248
vt 0.508157 0.396326
vt 0.517532 0.395341
vt 0.515284 0.403261
vt 0.506128 0.404615
vt 0.376408 0.174449
vt 0.386222 0.173479
vt 0.385509 0.181889
vt 0.376884 0.183395
vt 0.639818 0.050697
vt 0.635096 0.048010
vt 0.635451 0.040669
vt 0.641469 0.041663
vt 0.396559 0.174968
vt 0.394311 0.182775
vt 0.634294 0.057660
vt 0.630237 0.054047
vt 0.388524 0.103189
vt 0.382466 0.103308
vt 0.382466 0.094920
vt 0.389206 0.095522
vt 0.380923 0.106946
vt 0.386334 0.106833
vt 0.901055 0.292100
vt 0.900873 0.299375
vt 0.182275 0.916908
vt 0.173303 0.917011
vt 0.181710 0.909259
vt 0.189716 0.910920
vt 0.189798 0.917741
vt 0.237794 0.491401
vt 0.237848 0.499722
vt 0.230299 0.498829
vt 0.230299 0.490183
vt 0.164265 0.530954
vt 0.164875 0.521210
vt 0.172558 0.520343
vt 0.172981 0.530954
vt 0.900334 0.308354
vt 0.909092 0.308599
vt 0.189798 0.902066
vt 0.633097 0.032118
vt 0.630237 0.022736
vt 0.635896 0.023339
vt 0.639545 0.032516
vt 0.206766 0.465600
vt 0.023418 0.937864
vt 0.002384 0.663292
vt 0.008336 0.667897
vt 0.437256 0.182250
vt 0.437256 0.192201
vt 0.428361 0.190431
vt 0.427466 0.180797
vt 0.124190 0.713545
vt 0.118173 0.703884
vt 0.555654 0.068028
vt 0.322286 0.215819
vt 0.326967 0.183025
vt 0.333948 0.182900
vt 0.329759 0.216291
vt 0.557382 0.191357
vt 0.548848 0.192201
vt 0.461281 0.225264
vt 0.453745 0.224677
vt 0.453743 0.196141
vt 0.460407 0.196022
vt 0.249295 0.339922
vt 0.243970 0.306338
vt 0.250709 0.305270
vt 0.256312 0.339216
vt 0.260853 0.374328
vt 0.254936 0.374695
vt 0.249627 0.375471
vt 0.244172 0.341260
vt 0.617393 0.641300
vt 0.616812 0.610132
vt 0.624652 0.610582
vt 0.624652 0.641470
vt 0.001675 0.604337
vt 0.001351 0.597084
vt 0.034783 0.589082
vt 0.273382 0.412652
vt 0.267033 0.373934
vt 0.278034 0.372975
vt 0.282603 0.411813
vt 0.276337 0.443725
vt 0.288949 0.372139
vt 0.291937 0.410550
vt 0.298608 0.370814
vt 0.300364 0.408421
vt 0.303292 0.433059
vt 0.306033 0.369115
vt 0.309043 0.407880
vt 0.311050 0.439708
vt 0.216684 0.772221
vt 0.185837 0.761773
vt 0.187076 0.754461
vt 0.219739 0.763827
vt 0.243447 0.780054
vt 0.186451 0.747730
vt 0.220904 0.752053
vt 0.180585 0.491567
vt 0.178922 0.452180
vt 0.186640 0.451287
vt 0.186984 0.491818
vt 0.193457 0.450374
vt 0.194603 0.490233
vt 0.435234 0.074068
vt 0.433468 0.110944
vt 0.424863 0.111530
vt 0.427992 0.075194
vt 0.801897 0.082750
vt 0.801936 0.120650
vt 0.793016 0.121211
vt 0.794030 0.083631
vt 0.795143 0.050513
vt 0.802173 0.048918
vt 0.784611 0.084463
vt 0.786648 0.052422
vt 0.786884 0.034397
vt 0.795179 0.031264
vt 0.802437 0.030300
vt 0.776082 0.053665
vt 0.776034 0.036850
vt 0.775450 0.027436
vt 0.785808 0.025112
vt 0.794383 0.022096
vt 0.764693 0.037960
vt 0.764932 0.028673
vt 0.239954 0.921372
vt 0.229575 0.919241
vt 0.232093 0.910959
vt 0.240936 0.912478
vt 0.695580 0.880544
vt 0.704544 0.880544
vt 0.704514 0.892352
vt 0.697093 0.892625
vt 0.705307 0.905843
vt 0.698063 0.906889
vt 0.688184 0.907654
vt 0.699838 0.920176
vt 0.675738 0.906622
vt 0.085933 0.929721
vt 0.086281 0.910285
vt 0.074560 0.895830
vt 0.087065 0.893311
vt 0.100044 0.890724
vt 0.112918 0.889504
vt 0.087401 0.881508
vt 0.099545 0.878690
vt 0.109826 0.876151
vt 0.087056 0.871551
vt 0.098128 0.868983
vt 0.107438 0.866790
vt 0.763885 0.416050
vt 0.763869 0.406756
vt 0.771205 0.407942
vt 0.770736 0.418036
vt 0.501231 0.443678
vt 0.507562 0.443452
vt 0.506341 0.432281
vt 0.514876 0.431864
vt 0.516063 0.443074
vt 0.517171 0.452825
vt 0.518942 0.461281
vt 0.747180 0.893541
vt 0.746873 0.902459
vt 0.737464 0.900945
vt 0.737237 0.891969
vt 0.735862 0.882910
vt 0.747180 0.885387
vt 0.727949 0.899558
vt 0.727518 0.890998
vt 0.723803 0.882971
vt 0.751561 0.890702
vt 0.761016 0.889259
vt 0.760849 0.897739
vt 0.751422 0.899848
vt 0.719982 0.892211
vt 0.713347 0.885617
vt 0.760616 0.906987
vt 0.751215 0.908176
vt 0.222230 0.872305
vt 0.221470 0.880589
vt 0.213266 0.884147
vt 0.214959 0.875444
vt 0.760474 0.916490
vt 0.750305 0.917313
vt 0.221613 0.889741
vt 0.212986 0.892564
vt 0.467315 0.106179
vt 0.470620 0.118937
vt 0.222127 0.898109
vt 0.214283 0.900975
vt 0.475482 0.107263
vt 0.477932 0.118935
vt 0.483682 0.137647
vt 0.476773 0.139703
vt 0.582264 0.038095
vt 0.583425 0.026237
vt 0.590168 0.029400
vt 0.589502 0.039751
vt 0.590994 0.057238
vt 0.583884 0.057028
vt 0.593099 0.087229
vt 0.586287 0.087882
vt 0.598133 0.040223
vt 0.599525 0.056851
vt 0.602333 0.086801
vt 0.599014 0.122403
vt 0.589842 0.122231
vt 0.609053 0.055429
vt 0.610237 0.085446
vt 0.756629 0.086068
vt 0.764306 0.085013
vt 0.760350 0.121720
vt 0.751161 0.121896
vt 0.757289 0.158590
vt 0.747712 0.159278
vt 0.774436 0.084822
vt 0.771347 0.122202
vt 0.768835 0.157700
vt 0.769803 0.195835
vt 0.759010 0.197216
vt 0.782966 0.122137
vt 0.781901 0.157134
vt 0.782569 0.194827
vt 0.783586 0.234725
vt 0.771474 0.235020
vt 0.793210 0.156820
vt 0.793895 0.194859
vt 0.802070 0.156771
vt 0.802437 0.194526
vt 0.425922 0.177786
vt 0.424863 0.144191
vt 0.434364 0.143839
vt 0.434931 0.176873
vt 0.610237 0.435140
vt 0.601446 0.437256
vt 0.594829 0.405906
vt 0.603382 0.402598
vt 0.177862 0.341291
vt 0.184392 0.377395
vt 0.177311 0.379276
vt 0.171118 0.343492
vt 0.165212 0.307905
vt 0.170231 0.306145
vt 0.312827 0.219863
vt 0.307212 0.219783
vt 0.582747 0.375115
vt 0.583587 0.345302
vt 0.314050 0.255938
vt 0.308916 0.256766
vt 0.456476 0.585862
vt 0.450229 0.586212
vt 0.450424 0.554741
vt 0.456476 0.553166
vt 0.312247 0.292863
vt 0.305974 0.294432
vt 0.301293 0.258780
vt 0.297735 0.222871
vt 0.293994 0.261865
vt 0.299029 0.296901
vt 0.291278 0.299392
vt 0.302347 0.332828
vt 0.295994 0.335182
vt 0.285236 0.337308
vt 0.272691 0.339005
vt 0.263227 0.339252
vt 0.308504 0.330809
vt 0.157149 0.752569
vt 0.157201 0.745445
vt 0.315931 0.329483
vt 0.316708 0.364288
vt 0.311442 0.367226
vt 0.177692 0.417031
vt 0.172167 0.380630
vt 0.183092 0.415562
vt 0.189431 0.414241
vt 0.442061 0.142174
vt 0.441771 0.109646
vt 0.772776 0.271966
vt 0.763782 0.273060
vt 0.760943 0.236696
vt 0.755989 0.274739
vt 0.752389 0.238155
vt 0.749917 0.198365
vt 0.549108 0.319239
vt 0.550538 0.353078
vt 0.541360 0.353804
vt 0.540010 0.319572
vt 0.593341 0.189798
vt 0.584127 0.189531
vt 0.586099 0.155820
vt 0.593728 0.155845
vt 0.504527 0.239619
vt 0.504157 0.278962
vt 0.495598 0.279268
vt 0.496882 0.240185
vt 0.496200 0.203159
vt 0.504403 0.201550
vt 0.489779 0.241483
vt 0.488462 0.206129
vt 0.482962 0.171262
vt 0.491959 0.168874
vt 0.582264 0.121028
vt 0.480793 0.208263
vt 0.477205 0.172787
vt 0.473827 0.208844
vt 0.471457 0.173523
vt 0.467266 0.209176
vt 0.466715 0.174008
vt 0.460756 0.143355
vt 0.893302 0.668764
vt 0.892045 0.703834
vt 0.887396 0.704447
vt 0.888596 0.669858
vt 0.887737 0.641220
vt 0.893733 0.638504
vt 0.882077 0.671713
vt 0.880969 0.647098
vt 0.876365 0.635627
vt 0.884584 0.625639
vt 0.890925 0.617876
vt 0.704322 0.340524
vt 0.700822 0.328038
vt 0.708892 0.326886
vt 0.713922 0.341647
vt 0.753186 0.089956
vt 0.752238 0.105264
vt 0.747942 0.105346
vt 0.747183 0.088998
vt 0.740193 0.103887
vt 0.740458 0.089290
vt 0.178430 0.703103
vt 0.184183 0.707242
vt 0.179798 0.716557
vt 0.172005 0.713395
vt 0.194339 0.710732
vt 0.191231 0.718337
vt 0.538162 0.088159
vt 0.538162 0.098271
vt 0.529272 0.098503
vt 0.527970 0.087930
vt 0.737875 0.079231
vt 0.731664 0.071913
vt 0.723209 0.079442
vt 0.715027 0.070578
vt 0.723026 0.061773
vt 0.703812 0.059208
vt 0.713717 0.050449
vt 0.721107 0.044606
vt 0.727973 0.039576
vt 0.165204 0.112271
vt 0.163550 0.122934
vt 0.153746 0.108746
vt 0.714819 0.033574
vt 0.722210 0.028451
vt 0.143909 0.099018
vt 0.154446 0.100105
vt 0.715292 0.716994
vt 0.722802 0.714942
vt 0.725557 0.726363
vt 0.719612 0.730362
vt 0.710561 0.092274
vt 0.053973 0.156778
vt 0.052252 0.177786
vt 0.045020 0.175580
vt 0.047133 0.156692
vt 0.048456 0.128560
vt 0.055124 0.128223
vt 0.694729 0.110702
vt 0.049199 0.098080
vt 0.055258 0.097701
vt 0.527321 0.001784
vt 0.552887 0.002537
vt 0.553382 0.010727
vt 0.527757 0.011203
vt 0.049056 0.066833
vt 0.054583 0.066269
vt 0.024173 0.055556
vt 0.024515 0.029171
vt 0.030414 0.028663
vt 0.030183 0.054819
vt 0.030607 0.082867
vt 0.024629 0.083142
vt 0.331729 0.715094
vt 0.299205 0.714943
vt 0.298527 0.708764
vt 0.331523 0.709318
vt 0.366436 0.709195
vt 0.031233 0.110515
vt 0.025793 0.110161
vt 0.331687 0.701881
vt 0.370461 0.701342
vt 0.403502 0.704418
vt 0.330785 0.691779
vt 0.368281 0.692322
vt 0.330334 0.674204
vt 0.366077 0.675392
vt 0.404073 0.670784
vt 0.363189 0.648707
vt 0.397697 0.650827
vt 0.652245 0.624615
vt 0.669638 0.618580
vt 0.672702 0.645028
vt 0.652245 0.658287
vt 0.442642 0.655675
vt 0.359767 0.618494
vt 0.391486 0.621018
vt 0.425558 0.624835
vt 0.415750 0.650492
vt 0.356600 0.586880
vt 0.386156 0.589455
vt 0.420181 0.589662
vt 0.383806 0.558050
vt 0.411832 0.558486
vt 0.437512 0.557198
vt 0.443520 0.593386
vt 0.450611 0.628807
vt 0.779510 0.886590
vt 0.743079 0.881735
vt 0.743319 0.847147
vt 0.782209 0.842667
vt 0.811156 0.852585
vt 0.815195 0.892564
vt 0.746997 0.800886
vt 0.781207 0.797772
vt 0.813177 0.795929
vt 0.777297 0.760221
vt 0.809850 0.753327
vt 0.841580 0.748434
vt 0.842164 0.796672
vt 0.836186 0.856671
vt 0.861869 0.744744
vt 0.862329 0.786078
vt 0.856464 0.842319
vt 0.871631 0.742365
vt 0.872107 0.781576
vt 0.872453 0.826672
vt 0.841517 0.881489
vt 0.879875 0.779035
vt 0.881212 0.822151
vt 0.887458 0.776976
vt 0.888293 0.819381
vt 0.886079 0.858671
vt 0.691035 0.224752
vt 0.687539 0.230641
vt 0.683213 0.192032
vt 0.684987 0.186923
vt 0.696727 0.182724
vt 0.696727 0.217503
vt 0.893733 0.816865
vt 0.892226 0.855217
vt 0.892484 0.775551
vt 0.460291 0.321977
vt 0.465639 0.280912
vt 0.471439 0.280382
vt 0.465991 0.320392
vt 0.461206 0.357700
vt 0.454392 0.360064
vt 0.467658 0.356348
vt 0.504868 0.615042
vt 0.509332 0.607828
vt 0.473088 0.319777
vt 0.478437 0.280308
vt 0.486495 0.279710
vt 0.483755 0.320153
vt 0.479013 0.354887
vt 0.492632 0.319523
vt 0.488426 0.355517
vt 0.481105 0.380458
vt 0.489299 0.382058
vt 0.480538 0.399419
vt 0.473349 0.399047
vt 0.496494 0.355306
vt 0.542588 0.386530
vt 0.551220 0.385534
vt 0.550396 0.413464
vt 0.542792 0.413546
vt 0.501013 0.318855
vt 0.557382 0.414848
vt 0.552506 0.434085
vt 0.547124 0.433160
vt 0.540779 0.433385
vt 0.761897 0.302716
vt 0.768622 0.302482
vt 0.351461 0.163108
vt 0.345615 0.164631
vt 0.341433 0.150396
vt 0.348453 0.148082
vt 0.547547 0.446850
vt 0.540010 0.446866
vt 0.354370 0.146698
vt 0.345074 0.128978
vt 0.351411 0.127037
vt 0.478113 0.414794
vt 0.477461 0.434668
vt 0.470404 0.434691
vt 0.470804 0.414963
vt 0.462511 0.434732
vt 0.462798 0.415799
vt 0.455274 0.435281
vt 0.454894 0.417827
vt 0.975212 0.030256
vt 0.975418 0.047660
vt 0.969969 0.049076
vt 0.967953 0.033566
vt 0.962453 0.050685
vt 0.959820 0.036562
vt 0.957543 0.026494
vt 0.951835 0.039500
vt 0.948832 0.030501
vt 0.945683 0.023304
vt 0.955993 0.018595
vt 0.941462 0.045036
vt 0.937575 0.037259
vt 0.933730 0.031511
vt 0.920365 0.051713
vt 0.916275 0.046548
vt 0.912199 0.041344
vt 0.930546 0.026231
vt 0.943011 0.018160
vt 0.895681 0.064906
vt 0.891462 0.059810
vt 0.353518 0.075090
vt 0.354155 0.047321
vt 0.359652 0.047574
vt 0.358621 0.075572
vt 0.034862 0.077989
vt 0.035005 0.049995
vt 0.041049 0.049923
vt 0.040990 0.077682
vt 0.482087 0.645925
vt 0.500430 0.625097
vt 0.505637 0.629523
vt 0.486709 0.649589
vt 0.510507 0.633639
vt 0.491324 0.653160
vt 0.484354 0.669739
vt 0.522264 0.611993
vt 0.527607 0.618291
vt 0.534549 0.604481
vt 0.538315 0.612485
vt 0.541380 0.623630
vt 0.547499 0.609949
vt 0.550318 0.621827
vt 0.553213 0.644061
vt 0.543282 0.643863
vt 0.540974 0.663604
vt 0.559252 0.620771
vt 0.562453 0.645429
vt 0.565640 0.620197
vt 0.567343 0.644206
vt 0.569114 0.621088
vt 0.574199 0.621088
vt 0.571813 0.646181
vt 0.569472 0.651080
vt 0.855293 0.193134
vt 0.854134 0.213406
vt 0.847525 0.213823
vt 0.847856 0.193258
vt 0.847525 0.172387
vt 0.855001 0.171808
vt 0.914582 0.121226
vt 0.891174 0.122296
vt 0.891574 0.114712
vt 0.914394 0.112796
vt 0.937488 0.110482
vt 0.937845 0.119152
vt 0.913936 0.103806
vt 0.936882 0.099262
vt 0.949319 0.097960
vt 0.956788 0.097947
vt 0.934705 0.082388
vt 0.948409 0.077177
vt 0.956797 0.075614
vt 0.963913 0.074968
vt 0.963633 0.098264
vt 0.945370 0.056167
vt 0.955011 0.052389
vt 0.929696 0.066666
vt 0.924898 0.057653
vt 0.899963 0.070249
vt 0.882413 0.085442
vt 0.876935 0.080135
vt 0.875022 0.096544
vt 0.867636 0.093633
vt 0.860096 0.091832
vt 0.872039 0.075329
vt 0.355693 0.022548
vt 0.352626 0.002455
vt 0.358654 0.001809
vt 0.360376 0.022363
vt 0.034420 0.024790
vt 0.037471 0.004216
vt 0.043245 0.008205
vt 0.040757 0.025116
vt 0.516916 0.606556
vt 0.531306 0.596716
vt 0.529440 0.589674
vt 0.728249 0.080968
vt 0.735167 0.081552
vt 0.734739 0.094136
vt 0.728647 0.094523
vt 0.880510 0.106848
vt 0.892057 0.107055
vt 0.879051 0.114957
vt 0.877907 0.122606
vt 0.756457 0.054018
vt 0.756790 0.067270
vt 0.750994 0.067093
vt 0.750517 0.053590
vt 0.750493 0.043863
vt 0.756790 0.044363
vt 0.563961 0.606776
vt 0.556783 0.608196
vt 0.962896 0.113165
vt 0.970931 0.074593
vt 0.553644 0.389494
vt 0.559784 0.389722
vt 0.558893 0.410829
vt 0.553182 0.410277
vt 0.553182 0.368208
vt 0.559356 0.366737
vt 0.455369 0.462186
vt 0.462469 0.462224
vt 0.469718 0.461681
vt 0.718350 0.242653
vt 0.710969 0.242653
vt 0.711891 0.219631
vt 0.718100 0.226338
vt 0.475820 0.462419
vt 0.346352 0.099668
vt 0.339809 0.100977
vt 0.336105 0.070814
vt 0.342851 0.073051
vt 0.332329 0.102329
vt 0.326911 0.067572
vt 0.337231 0.131989
vt 0.327497 0.136759
vt 0.321673 0.107971
vt 0.333472 0.154960
vt 0.338606 0.167321
vt 0.592907 0.317989
vt 0.596551 0.312455
vt 0.610237 0.326525
vt 0.605622 0.331505
vt 0.600286 0.338354
vt 0.588547 0.328210
vt 0.776004 0.300790
vt 0.481127 0.242821
vt 0.474006 0.243343
vt 0.466982 0.243956
vt 0.891638 0.738572
vt 0.886752 0.739636
vt 0.879334 0.740799
vt 0.880525 0.705256
vt 0.872992 0.706663
vt 0.872893 0.676324
vt 0.860950 0.709875
vt 0.858128 0.685296
vt 0.852801 0.675230
vt 0.870742 0.658969
vt 0.848884 0.669102
vt 0.865693 0.651408
vt 0.693475 0.310233
vt 0.688611 0.286286
vt 0.696571 0.287180
vt 0.700810 0.308392
vt 0.704456 0.287900
vt 0.707301 0.307815
vt 0.714675 0.325659
vt 0.743775 0.123838
vt 0.743631 0.143990
vt 0.736004 0.143979
vt 0.736598 0.122231
vt 0.208534 0.684550
vt 0.222251 0.667656
vt 0.228443 0.672228
vt 0.213404 0.690465
vt 0.200116 0.701842
vt 0.193538 0.696040
vt 0.221494 0.695697
vt 0.213857 0.706614
vt 0.211117 0.713867
vt 0.237134 0.708405
vt 0.237413 0.715263
vt 0.702095 0.126304
vt 0.703138 0.104627
vt 0.708740 0.103499
vt 0.708740 0.127333
vt 0.210060 0.719551
vt 0.267020 0.708558
vt 0.268065 0.715420
vt 0.031233 0.002749
vt 0.025597 0.003700
vt 0.238592 0.699502
vt 0.265753 0.700430
vt 0.297731 0.701070
vt 0.265486 0.686369
vt 0.296800 0.690077
vt 0.269123 0.661147
vt 0.296663 0.669332
vt 0.276534 0.631752
vt 0.297769 0.638579
vt 0.329844 0.645108
vt 0.301254 0.607049
vt 0.329190 0.613891
vt 0.307425 0.575555
vt 0.328600 0.581648
vt 0.314715 0.544484
vt 0.329221 0.549260
vt 0.355683 0.555289
vt 0.333284 0.518776
vt 0.357727 0.523412
vt 0.384355 0.526321
vt 0.362489 0.493858
vt 0.387388 0.494291
vt 0.408823 0.493250
vt 0.408592 0.526002
vt 0.424809 0.491940
vt 0.430502 0.523616
vt 0.709225 0.875805
vt 0.677320 0.871127
vt 0.682437 0.831518
vt 0.709458 0.844832
vt 0.683483 0.799344
vt 0.713092 0.801693
vt 0.683064 0.779586
vt 0.711907 0.773736
vt 0.744517 0.766776
vt 0.709803 0.759994
vt 0.741521 0.749657
vt 0.773023 0.738369
vt 0.739189 0.739563
vt 0.770028 0.726826
vt 0.800963 0.713407
vt 0.804712 0.726586
vt 0.832087 0.699299
vt 0.837067 0.715626
vt 0.798356 0.705341
vt 0.827634 0.690738
vt 0.795851 0.698127
vt 0.824147 0.683431
vt 0.690619 0.257910
vt 0.694222 0.226447
vt 0.700956 0.228574
vt 0.698146 0.259301
vt 0.708609 0.230051
vt 0.705733 0.260299
vt 0.744924 0.171256
vt 0.746714 0.200946
vt 0.739715 0.200031
vt 0.737734 0.170592
vt 0.233943 0.642737
vt 0.246403 0.614766
vt 0.252282 0.618613
vt 0.240424 0.647082
vt 0.258769 0.622545
vt 0.247074 0.651325
vt 0.234712 0.676767
vt 0.254782 0.655736
vt 0.244767 0.681865
vt 0.265385 0.626447
vt 0.270561 0.592728
vt 0.276654 0.596487
vt 0.285758 0.601229
vt 0.288337 0.566453
vt 0.295558 0.570510
vt 0.299630 0.536845
vt 0.305555 0.540290
vt 0.309759 0.509416
vt 0.314972 0.512311
vt 0.322402 0.515573
vt 0.322934 0.488183
vt 0.329826 0.489680
vt 0.340165 0.491532
vt 0.334550 0.470587
vt 0.346096 0.470498
vt 0.368569 0.470878
vt 0.348954 0.458886
vt 0.372579 0.458299
vt 0.395139 0.459467
vt 0.391380 0.470991
vt 0.410854 0.459991
vt 0.409677 0.470841
vt 0.419120 0.461119
vt 0.421008 0.471224
vt 0.396363 0.452054
vt 0.410693 0.453092
vt 0.100893 0.281431
vt 0.105710 0.280906
vt 0.105710 0.290392
vt 0.098022 0.290703
vt 0.462168 0.101073
vt 0.461790 0.092840
vt 0.470891 0.093149
vt 0.470891 0.103308
vt 0.375048 0.451095
vt 0.376909 0.443956
vt 0.352388 0.444169
vt 0.353760 0.436973
vt 0.378197 0.436617
vt 0.350770 0.451662
vt 0.336717 0.452147
vt 0.337075 0.444976
vt 0.336060 0.459803
vt 0.327801 0.460325
vt 0.328293 0.452409
vt 0.326576 0.470640
vt 0.320435 0.470834
vt 0.321457 0.460493
vt 0.317326 0.486735
vt 0.311978 0.485424
vt 0.314410 0.471231
vt 0.304678 0.506318
vt 0.299814 0.503095
vt 0.307379 0.484673
vt 0.294277 0.533426
vt 0.289078 0.529920
vt 0.740212 0.292243
vt 0.745882 0.292401
vt 0.748791 0.319934
vt 0.742566 0.319704
vt 0.282620 0.562810
vt 0.276958 0.559112
vt 0.737991 0.262092
vt 0.744051 0.262030
vt 0.750072 0.263527
vt 0.751461 0.294194
vt 0.272230 0.555511
vt 0.264402 0.588881
vt 0.259105 0.585125
vt 0.742095 0.230913
vt 0.748527 0.232291
vt 0.711864 0.198079
vt 0.705128 0.196373
vt 0.709893 0.164212
vt 0.716087 0.166056
vt 0.703986 0.161725
vt 0.710121 0.129401
vt 0.715565 0.132282
vt 0.720953 0.134501
vt 0.734480 0.719784
vt 0.764147 0.705769
vt 0.765985 0.712388
vt 0.735970 0.726103
vt 0.767986 0.719307
vt 0.737580 0.732653
vt 0.793590 0.691351
vt 0.708121 0.751368
vt 0.706664 0.744975
vt 0.705355 0.739082
vt 0.680801 0.761146
vt 0.680047 0.755387
vt 0.679385 0.748557
vt 0.664798 0.764149
vt 0.664867 0.760400
vt 0.666222 0.750834
vt 0.681580 0.768854
vt 0.664432 0.768808
vt 0.663956 0.781035
vt 0.752994 0.321108
vt 0.749300 0.338481
vt 0.745433 0.338754
vt 0.061633 0.257068
vt 0.058976 0.248122
vt 0.064868 0.244296
vt 0.064868 0.255901
vt 0.033292 0.757779
vt 0.039341 0.754508
vt 0.041546 0.766088
vt 0.036378 0.767795
vt 0.308548 0.472230
vt 0.309671 0.460389
vt 0.315443 0.460483
vt 0.310424 0.452455
vt 0.315973 0.452855
vt 0.321848 0.452684
vt 0.321974 0.446421
vt 0.328485 0.445675
vt 0.322021 0.439303
vt 0.328412 0.438478
vt 0.337223 0.437615
vt 0.124878 0.027979
vt 0.124926 0.019136
vt 0.131382 0.019471
vt 0.131739 0.028540
vt 0.131902 0.045934
vt 0.124685 0.044535
vt 0.138786 0.029027
vt 0.139345 0.047128
vt 0.137831 0.070835
vt 0.131330 0.069943
vt 0.124685 0.068992
vt 0.136988 0.084934
vt 0.621150 0.827405
vt 0.620985 0.803654
vt 0.629099 0.804742
vt 0.627807 0.827910
vt 0.626081 0.846639
vt 0.621722 0.841529
vt 0.637880 0.806262
vt 0.307239 0.025873
vt 0.315889 0.026428
vt 0.645308 0.808086
vt 0.629770 0.786348
vt 0.639392 0.786820
vt 0.629488 0.776733
vt 0.640472 0.778536
vt 0.621229 0.785669
vt 0.620828 0.776393
vt 0.620247 0.769634
vt 0.628489 0.769666
vt 0.138255 0.019674
vt 0.130745 0.012745
vt 0.137502 0.012830
vt 0.451671 0.361851
vt 0.445721 0.362779
vt 0.446364 0.355470
vt 0.451671 0.354589
vt 0.039539 0.795230
vt 0.033292 0.791633
vt 0.627510 0.763876
vt 0.635682 0.763456
vt 0.638057 0.769737
vt 0.620561 0.764115
vt 0.647738 0.761938
vt 0.651362 0.770007
vt 0.658881 0.784300
vt 0.644056 0.756116
vt 0.659580 0.752138
vt 0.664974 0.759122
vt 0.633728 0.757717
vt 0.162716 0.061482
vt 0.167589 0.060496
vt 0.167529 0.069477
vt 0.162257 0.071882
vt 0.626403 0.759037
vt 0.042834 0.773731
vt 0.037610 0.774428
vt 0.162152 0.087431
vt 0.168175 0.082588
vt 0.259471 0.069673
vt 0.253999 0.069472
vt 0.254250 0.063554
vt 0.259471 0.063280
vt 0.168175 0.092907
vt 0.164177 0.093698
vt 0.668112 0.796871
vt 0.764856 0.054409
vt 0.607747 0.039145
vt 0.597919 0.031020
vt 0.606948 0.029588
vt 0.221080 0.915262
vt 0.216607 0.908604
vt 0.223643 0.904827
vt 0.226408 0.909341
vt 0.101313 0.773607
vt 0.096181 0.772076
vt 0.095965 0.762828
vt 0.102197 0.763761
vt 0.710414 0.881301
vt 0.710072 0.892009
vt 0.096006 0.752484
vt 0.102438 0.752527
vt 0.711142 0.904834
vt 0.107937 0.739963
vt 0.108869 0.751624
vt 0.105636 0.729871
vt 0.112970 0.728437
vt 0.115320 0.738314
vt 0.707128 0.918852
vt 0.738694 0.686246
vt 0.731867 0.682651
vt 0.734189 0.673440
vt 0.741180 0.675413
vt 0.700977 0.929716
vt 0.735950 0.661434
vt 0.743157 0.661543
vt 0.752165 0.660431
vt 0.744190 0.647936
vt 0.752091 0.645484
vt 0.762865 0.643262
vt 0.763460 0.657371
vt 0.062416 0.897906
vt 0.062752 0.883992
vt 0.074951 0.883371
vt 0.742638 0.638169
vt 0.739281 0.630493
vt 0.733662 0.927833
vt 0.735662 0.920463
vt 0.744846 0.923775
vt 0.744124 0.932173
vt 0.725409 0.926422
vt 0.726261 0.918709
vt 0.727094 0.909275
vt 0.736737 0.910711
vt 0.717507 0.925013
vt 0.717183 0.917593
vt 0.718357 0.908661
vt 0.771441 0.897079
vt 0.771557 0.889186
vt 0.781602 0.896780
vt 0.781464 0.906332
vt 0.771067 0.906536
vt 0.782053 0.916728
vt 0.771260 0.916360
vt 0.771866 0.924997
vt 0.760590 0.924834
vt 0.751065 0.925589
vt 0.772436 0.931924
vt 0.760551 0.931555
vt 0.750470 0.932173
vt 0.790388 0.905401
vt 0.791196 0.916300
vt 0.722823 0.661564
vt 0.728019 0.661261
vt 0.789994 0.895324
vt 0.745955 0.912805
vt 0.763672 0.395879
vt 0.771205 0.396655
vt 0.257636 0.876002
vt 0.263715 0.875549
vt 0.257042 0.862497
vt 0.261339 0.860578
vt 0.533765 0.026707
vt 0.807009 0.056194
vt 0.458933 0.799220
vt 0.333379 0.750436
vt 0.783194 0.412406
vt 0.195537 0.578617
vt 0.134817 0.096508
vt 0.131169 0.289843
vt 0.148807 0.314268
vt 0.132898 0.314461
vt 0.122325 0.290269
vt 0.151135 0.338903
vt 0.136618 0.336513
vt 0.152997 0.364685
vt 0.139322 0.361930
vt 0.154316 0.388878
vt 0.140958 0.387308
vt 0.154791 0.412510
vt 0.141594 0.412208
vt 0.718493 0.018232
vt 0.698225 0.020915
vt 0.698619 0.011646
vt 0.716922 0.009880
vt 0.701301 0.004269
vt 0.715660 0.001784
vt 0.161787 0.412206
vt 0.169002 0.412611
vt 0.162124 0.391183
vt 0.162948 0.368207
vt 0.056920 0.130516
vt 0.060907 0.100115
vt 0.062465 0.102989
vt 0.062465 0.134540
vt 0.685008 0.002395
vt 0.678696 0.012664
vt 0.655439 0.016416
vt 0.657895 0.006039
vt 0.161912 0.341026
vt 0.161703 0.315066
vt 0.465229 0.658287
vt 0.457334 0.656277
vt 0.453582 0.635265
vt 0.462106 0.636288
vt 0.271812 0.145066
vt 0.272217 0.123077
vt 0.278691 0.125238
vt 0.278691 0.148955
vt 0.170159 0.386663
vt 0.172981 0.410829
vt 0.164222 0.409366
vt 0.164222 0.384663
vt 0.451796 0.612766
vt 0.460145 0.613759
vt 0.467490 0.614658
vt 0.468489 0.637741
vt 0.458991 0.589650
vt 0.466743 0.590326
vt 0.098305 0.104166
vt 0.097875 0.079813
vt 0.105710 0.080897
vt 0.105626 0.105518
vt 0.105287 0.129735
vt 0.098954 0.127271
vt 0.842480 0.929471
vt 0.857013 0.909713
vt 0.862970 0.915540
vt 0.848294 0.935675
vt 0.868766 0.921406
vt 0.856100 0.941257
vt 0.850946 0.956171
vt 0.872665 0.944901
vt 0.873420 0.955450
vt 0.876257 0.964153
vt 0.850637 0.966189
vt 0.086043 0.759192
vt 0.086323 0.738809
vt 0.093241 0.736863
vt 0.093698 0.759192
vt 0.852135 0.972080
vt 0.877751 0.928350
vt 0.896544 0.934208
vt 0.890883 0.904613
vt 0.902527 0.911755
vt 0.922071 0.919577
vt 0.915601 0.885509
vt 0.930288 0.892587
vt 0.943045 0.897035
vt 0.935818 0.923246
vt 0.951768 0.899425
vt 0.950448 0.870817
vt 0.958272 0.872999
vt 0.964914 0.874525
vt 0.964675 0.848759
vt 0.970831 0.849904
vt 0.977146 0.851233
vt 0.971527 0.876017
vt 0.982289 0.852522
vt 0.976453 0.877276
vt 0.970190 0.904108
vt 0.438886 0.483436
vt 0.439041 0.460253
vt 0.445055 0.460718
vt 0.445390 0.483725
vt 0.451001 0.459706
vt 0.451671 0.482754
vt 0.526924 0.374172
vt 0.532699 0.373534
vt 0.215320 0.797793
vt 0.238343 0.809079
vt 0.236207 0.814155
vt 0.212729 0.803276
vt 0.233878 0.820461
vt 0.209815 0.810030
vt 0.231617 0.826606
vt 0.207111 0.816534
vt 0.203951 0.825640
vt 0.176834 0.815981
vt 0.201189 0.838262
vt 0.171999 0.832567
vt 0.199882 0.849919
vt 0.169654 0.846424
vt 0.198926 0.858826
vt 0.168658 0.855365
vt 0.140498 0.853331
vt 0.114334 0.852848
vt 0.167929 0.864171
vt 0.140078 0.861970
vt 0.113932 0.861811
vt 0.090270 0.863035
vt 0.091132 0.854015
vt 0.139870 0.869478
vt 0.113797 0.869304
vt 0.451455 0.588935
vt 0.167338 0.870749
vt 0.458990 0.563326
vt 0.460998 0.535823
vt 0.467942 0.536552
vt 0.466703 0.564001
vt 0.098357 0.053495
vt 0.099926 0.026058
vt 0.105710 0.026637
vt 0.105642 0.054315
vt 0.872801 0.888483
vt 0.889205 0.866329
vt 0.894711 0.870731
vt 0.878544 0.893618
vt 0.900520 0.875330
vt 0.884365 0.899027
vt 0.906635 0.879867
vt 0.914688 0.853281
vt 0.920624 0.857058
vt 0.928560 0.861705
vt 0.935120 0.835852
vt 0.939705 0.866939
vt 0.929370 0.832019
vt 0.945508 0.818691
vt 0.949897 0.823332
vt 0.960136 0.812394
vt 0.961781 0.817354
vt 0.974140 0.808825
vt 0.977438 0.814086
vt 0.982748 0.808103
vt 0.983183 0.814332
vt 0.982519 0.822388
vt 0.977132 0.822239
vt 0.970661 0.822505
vt 0.968623 0.815681
vt 0.969421 0.832032
vt 0.975091 0.832730
vt 0.980724 0.833298
vt 0.988021 0.823008
vt 0.986113 0.834010
vt 0.001597 0.700842
vt 0.001569 0.691101
vt 0.007208 0.690976
vt 0.007158 0.701251
vt 0.006880 0.718350
vt 0.000959 0.717477
vt 0.444477 0.443530
vt 0.444087 0.433085
vt 0.449710 0.432732
vt 0.450196 0.443022
vt 0.056704 0.034655
vt 0.056621 0.023477
vt 0.061688 0.024380
vt 0.061935 0.035323
vt 0.062305 0.052728
vt 0.056940 0.052855
vt 0.252109 0.821544
vt 0.262127 0.826101
vt 0.258804 0.830612
vt 0.249069 0.826707
vt 0.254778 0.835709
vt 0.246353 0.831906
vt 0.267261 0.834343
vt 0.260252 0.840038
vt 0.253701 0.844434
vt 0.247303 0.848857
vt 0.230737 0.856347
vt 0.250272 0.852867
vt 0.232145 0.861162
vt 0.254854 0.859648
vt 0.235146 0.869991
vt 0.201701 0.864163
vt 0.206118 0.872110
vt 0.603665 0.678274
vt 0.607470 0.696727
vt 0.605063 0.690680
vt 0.141862 0.093698
vt 0.139931 0.070647
vt 0.146553 0.068803
vt 0.146553 0.093013
vt 0.468489 0.512798
vt 0.464024 0.512652
vt 0.100311 0.002264
vt 0.105458 0.002472
vt 0.454782 0.534782
vt 0.460582 0.509573
vt 0.193359 0.869849
vt 0.903360 0.846892
vt 0.909020 0.849722
vt 0.608545 0.649378
vt 0.607555 0.628905
vt 0.613404 0.628041
vt 0.262182 0.846747
vt 0.266837 0.851176
vt 0.605074 0.615938
vt 0.610806 0.614553
vt 0.603665 0.606875
vt 0.609654 0.605851
vt 0.278691 0.041354
vt 0.272471 0.041728
vt 0.000795 0.537275
vt 0.001178 0.529100
vt 0.007207 0.529132
vt 0.006604 0.537062
vt 0.007207 0.549567
vt 0.001621 0.550174
vt 0.972210 0.803523
vt 0.275419 0.844108
vt 0.270811 0.839457
vt 0.275645 0.834128
vt 0.281093 0.838188
vt 0.218628 0.206823
vt 0.212566 0.207217
vt 0.257136 0.842353
vt 0.269841 0.830068
vt 0.062078 0.015720
vt 0.056642 0.015212
vt 0.449668 0.425264
vt 0.443729 0.425805
vt 0.007171 0.683788
vt 0.001274 0.684051
vt 0.000959 0.678450
vt 0.007076 0.677687
vt 0.989833 0.808309
vt 0.989302 0.815049
vt 0.438731 0.418318
vt 0.068081 0.865157
vt 0.047619 0.867948
vt 0.458132 0.690476
vt 0.035903 0.121462
vt 0.247649 0.162000
vt 0.255441 0.161051
vt 0.427612 0.440099
vt 0.437256 0.439643
vt 0.436811 0.468219
vt 0.427612 0.468294
vt 0.251875 0.127156
vt 0.258654 0.125624
vt 0.248646 0.095525
vt 0.266432 0.123765
vt 0.436034 0.494728
vt 0.427952 0.494917
vt 0.245296 0.128407
vt 0.899211 0.214243
vt 0.901080 0.217537
vt 0.896315 0.221843
vt 0.164146 0.569394
vt 0.164146 0.559517
vt 0.172981 0.561035
vt 0.172661 0.568651
vt 0.198027 0.081082
vt 0.580998 0.691864
vt 0.236872 0.062243
vt 0.845683 0.656173
vt 0.844574 0.640827
vt 0.204816 0.629666
vt 0.215870 0.628678
vt 0.206622 0.618774
vt 0.221031 0.614684
vt 0.071771 0.526704
vt 0.821558 0.401041
vt 0.817667 0.406030
vt 0.844821 0.423314
vt 0.571797 0.204213
vt 0.563900 0.203740
vt 0.895812 0.411506
vt 0.318980 0.053592
vt 0.318957 0.048594
vt 0.327259 0.047636
vt 0.645649 0.410829
vt 0.647836 0.407268
vt 0.820621 0.579871
vt 0.389206 0.088163
vt 0.385260 0.088893
vt 0.494298 0.566147
vt 0.499469 0.559187
vt 0.898538 0.444172
vt 0.896195 0.456476
vt 0.889979 0.456474
vt 0.000568 0.518477
vt 0.887495 0.002398
vt 0.761335 0.570276
vt 0.768342 0.565008
vt 0.620982 0.857871
vt 0.629457 0.383380
vt 0.620971 0.381757
vt 0.628261 0.360110
vt 0.100905 0.135267
vt 0.100905 0.158565
vt 0.092924 0.155331
vt 0.092264 0.133788
vt 0.628015 0.406822
vt 0.619744 0.404710
vt 0.612015 0.403620
vt 0.612417 0.380406
vt 0.613578 0.420084
vt 0.487676 0.092000
vt 0.482724 0.074483
vt 0.488930 0.075527
vt 0.616734 0.429036
vt 0.483389 0.100991
vt 0.474225 0.073365
vt 0.473633 0.049029
vt 0.482888 0.050702
vt 0.490111 0.052293
vt 0.474217 0.026890
vt 0.466136 0.025771
vt 0.465384 0.047290
vt 0.168175 0.044739
vt 0.160852 0.042642
vt 0.160028 0.023111
vt 0.167443 0.023166
vt 0.466734 0.072064
vt 0.362061 0.058895
vt 0.365500 0.036311
vt 0.372631 0.038511
vt 0.369415 0.060063
vt 0.159955 0.067292
vt 0.151749 0.064907
vt 0.151713 0.040057
vt 0.374791 0.022092
vt 0.158491 0.085289
vt 0.151825 0.084804
vt 0.024025 0.565463
vt 0.024025 0.547616
vt 0.156786 0.096100
vt 0.152159 0.094272
vt 0.373345 0.010003
vt 0.120125 0.247458
vt 0.113033 0.244850
vt 0.112612 0.234023
vt 0.120125 0.232850
vt 0.151761 0.023005
vt 0.145677 0.063913
vt 0.145677 0.038603
vt 0.056967 0.638582
vt 0.062985 0.636784
vt 0.387195 0.408882
vt 0.391300 0.403438
vt 0.398209 0.416010
vt 0.387311 0.422745
vt 0.015863 0.523899
vt 0.010197 0.527899
vt 0.467903 0.088844
vt 0.166689 0.009756
vt 0.011664 0.575985
vt 0.011746 0.585779
vt 0.735452 0.687538
vt 0.739972 0.689150
vt 0.953365 0.970556
vt 0.963611 0.967777
vt 0.965737 0.975389
vt 0.955335 0.979633
vt 0.284772 0.505030
vt 0.284851 0.494467
vt 0.292570 0.494522
vt 0.293106 0.505503
vt 0.291865 0.514137
vt 0.284772 0.512882
vt 0.967065 0.135632
vt 0.966523 0.147279
vt 0.957053 0.146937
vt 0.956562 0.135496
vt 0.958728 0.123050
vt 0.122155 0.743471
vt 0.132709 0.738518
vt 0.138468 0.747322
vt 0.129756 0.754831
vt 0.120513 0.760106
vt 0.112850 0.751796
vt 0.147638 0.756716
vt 0.138082 0.760518
vt 0.145146 0.732566
vt 0.148901 0.738941
vt 0.154015 0.745396
vt 0.153574 0.728333
vt 0.158194 0.731379
vt 0.161386 0.735271
vt 0.958042 0.160482
vt 0.965324 0.160944
vt 0.965147 0.172980
vt 0.959074 0.169775
vt 0.292280 0.481391
vt 0.285926 0.481068
vt 0.286823 0.468712
vt 0.290922 0.469803
vt 0.978680 0.970132
vt 0.989833 0.964533
vt 0.411342 0.159193
vt 0.404541 0.158810
vt 0.413231 0.173692
vt 0.410285 0.177785
vt 0.289724 0.462468
vt 0.292341 0.464164
vt 0.557685 0.684266
vt 0.614304 0.763984
vt 0.607396 0.763413
vt 0.074478 0.645236
vt 0.072705 0.659534
vt 0.612736 0.769960
vt 0.606346 0.772302
vt 0.069495 0.667897
vt 0.062819 0.666592
vt 0.624407 0.334645
vt 0.617847 0.335783
vt 0.616913 0.327965
vt 0.623681 0.328468
vt 0.626274 0.345229
vt 0.396711 0.427471
vt 0.403621 0.427471
vt 0.401709 0.434589
vt 0.397172 0.434854
vt 0.441659 0.002344
vt 0.434263 0.001175
vt 0.164524 0.001314
vt 0.388699 0.380923
vt 0.395158 0.392155
vt 0.243410 0.086490
vt 0.243933 0.076599
vt 0.249861 0.076416
vt 0.249861 0.085961
vt 0.728249 0.105710
vt 0.734168 0.104131
vt 0.491797 0.001104
vt 0.494917 0.001553
vt 0.494917 0.012013
vt 0.487944 0.011292
vt 0.446866 0.009782
vt 0.446532 0.016818
vt 0.917140 0.679910
vt 0.927576 0.665887
vt 0.204024 0.023831
vt 0.205011 0.021102
vt 0.208640 0.021102
vt 0.209018 0.026428
vt 0.166187 0.259964
vt 0.170578 0.260348
vt 0.880462 0.151409
vt 0.892278 0.149804
vt 0.806912 0.656782
vt 0.804934 0.650390
vt 0.856861 0.589945
vt 0.621171 0.057976
vt 0.613434 0.058496
vt 0.620888 0.066680
vt 0.612613 0.068067
vt 0.628979 0.045956
vt 0.628993 0.057530
vt 0.629320 0.065852
vt 0.629457 0.072373
vt 0.620662 0.072501
vt 0.764398 0.383879
vt 0.764390 0.376508
vt 0.772737 0.377032
vt 0.773127 0.383892
vt 0.146574 0.553703
vt 0.153812 0.554403
vt 0.160968 0.543594
vt 0.160802 0.554821
vt 0.554979 0.194837
vt 0.547621 0.193883
vt 0.810142 0.612052
vt 0.803995 0.611761
vt 0.796771 0.611739
vt 0.789287 0.623155
vt 0.789443 0.611596
vt 0.610105 0.112577
vt 0.603114 0.111654
vt 0.603156 0.103876
vt 0.610114 0.105415
vt 0.879116 0.589350
vt 0.612636 0.074478
vt 0.439116 0.053712
vt 0.444464 0.052830
vt 0.443488 0.060891
vt 0.439580 0.058905
vt 0.629457 0.026740
vt 0.160952 0.522704
vt 0.790920 0.643872
vt 0.870072 0.001561
vt 0.595636 0.606604
vt 0.028180 0.809746
vt 0.603066 0.098142
vt 0.610237 0.099249
vt 0.677121 0.615933
vt 0.179779 0.612557
vt 0.258334 0.787948
vt 0.259463 0.794409
vt 0.260874 0.797632
vt 0.602225 0.754387
vt 0.569394 0.218521
vt 0.559644 0.218628
vt 0.560782 0.206390
vt 0.569394 0.206970
vt 0.238657 0.577820
vt 0.245518 0.586315
vt 0.224593 0.578872
vt 0.353619 0.316719
vt 0.354000 0.316467
vt 0.269081 0.859086
vt 0.268741 0.875111
vt 0.370886 0.001840
vt 0.476089 0.103169
vt 0.480056 0.105710
vt 0.379405 0.134540
vt 0.383704 0.134540
vt 0.825314 0.140754
vt 0.819766 0.135384
vt 0.118350 0.084822
vt 0.122528 0.078133
vt 0.122528 0.091295
vt 0.119500 0.089467
vt 0.518849 0.430049
vt 0.516525 0.417027
vt 0.516310 0.413378
vt 0.523747 0.413378
vt 0.070924 0.306819
vt 0.072326 0.304682
vt 0.071796 0.308019
vt 0.070708 0.307668
vt 0.062997 0.263016
vt 0.176867 0.556375
vt 0.176016 0.569467
vt 0.183648 0.574796
vt 0.419800 0.189757
vt 0.419168 0.189798
vt 0.617444 0.773544
vt 0.610805 0.778412
vt 0.096033 0.588614
vt 0.100381 0.562173
vt 0.096033 0.546148
vt 0.112918 0.578541
vt 0.354530 0.127333
vt 0.354530 0.120948
vt 0.360376 0.120783
vt 0.359662 0.125868
vt 0.750065 0.603909
vt 0.249918 0.409180
vt 0.247349 0.411417
vt 0.768802 0.627055
vt 0.758281 0.612368
vt 0.764203 0.607705
vt 0.768802 0.604085
vt 0.372867 0.001406
vt 0.380302 0.008328
vt 0.381999 0.001406
vt 0.379333 0.016818
vt 0.570814 0.833872
vt 0.184993 0.577478
vt 0.232459 0.551541
vt 0.233043 0.558121
vt 0.104820 0.259471
vt 0.104820 0.225285
vt 0.110515 0.234043
vt 0.167564 0.671732
vt 0.168176 0.702510
vt 0.159316 0.708915
vt 0.043072 0.160968
vt 0.043072 0.146698
vt 0.043245 0.160710
vt 0.218628 0.477815
vt 0.218318 0.477349
vt 0.216563 0.482904
vt 0.216563 0.472145
vt 0.194603 0.078591
vt 0.194603 0.088893
vt 0.191258 0.084346
vt 0.191523 0.083973
vt 0.245821 0.579345
vt 0.034229 0.110515
vt 0.034229 0.096351
vt 0.036038 0.107373
vt 0.684223 0.613140
vt 0.313151 0.269081
vt 0.314994 0.261075
vt 0.317131 0.269081
vt 0.858478 0.011639
vt 0.043123 0.060063
vt 0.043124 0.059979
vt 0.043123 0.052850
vt 0.043245 0.058966
vt 0.841790 0.883881
vt 0.753186 0.336552
vt 0.124243 0.009610
vt 0.118783 0.002532
vt 0.124930 0.002532
vt 0.060063 0.063533
vt 0.056534 0.064868
vt 0.056534 0.058952
vt 0.128375 0.108113
vt 0.128375 0.102922
vt 0.129735 0.108098
vt 0.309581 0.370765
vt 0.317131 0.370765
vt 0.310090 0.381999
vt 0.060063 0.066103
vt 0.060063 0.072075
vt 0.057368 0.069916
vt 0.058209 0.148955
vt 0.058209 0.135596
vt 0.062465 0.142235
vt 0.436081 0.093698
vt 0.437038 0.081645
vt 0.444464 0.080853
vt 0.444464 0.093465
vt 0.387195 0.432451
vt 0.398816 0.422155
vt 0.619677 0.516640
vt 0.164090 0.300313
vt 0.163187 0.290677
vt 0.170578 0.290677
vt 0.107552 0.024074
vt 0.110515 0.013235
vt 0.110515 0.026428
vt 0.520535 0.477308
vt 0.385959 0.047574
vt 0.378484 0.045193
vt 0.386729 0.001378
vt 0.070461 0.308638
vt 0.025748 0.543821
vt 0.032449 0.557108
vt 0.033635 0.564795
vt 0.025748 0.586212
vt 0.569833 0.799376
vt 0.135168 0.711142
vt 0.102161 0.328634
vt 0.348507 0.431218
vt 0.364511 0.432451
vt 0.422115 0.713176
vt 0.439983 0.062465
vt 0.439116 0.058010
vt 0.386804 0.348109
vt 0.386804 0.357974
vt 0.380902 0.353653
vt 0.382768 0.347501
vt 0.241999 0.367369
vt 0.246134 0.367598
vt 0.247458 0.371687
vt 0.241999 0.374791
vt 0.069673 0.127333
vt 0.068453 0.122814
vt 0.069673 0.121109
vt 0.122528 0.074231
vt 0.119575 0.074478
vt 0.119575 0.070834
vt 0.165773 0.333949
vt 0.163578 0.329890
vt 0.165773 0.322033
vt 0.711142 0.386804
vt 0.708134 0.375488
vt 0.711142 0.365018
vt 0.847265 0.582353
vt 0.201811 0.466086
vt 0.195371 0.452760
vt 0.201811 0.448730
vt 0.785458 0.372156
vt 0.796048 0.369979
vt 0.315285 0.032671
vt 0.321936 0.039585
vt 0.317059 0.039293
vt 0.315285 0.048050
vt 0.115012 0.767196
vt 0.122691 0.766548
vt 0.485272 0.006384
vt 0.115603 0.762912
vt 0.110784 0.756151
vt 0.226260 0.011872
vt 0.224416 0.004014
vt 0.235446 0.001124
vt 0.235446 0.019220
vt 0.266036 0.001105
vt 0.259502 0.003184
vt 0.044245 0.122659
vt 0.045648 0.119351
vt 0.045648 0.124930
vt 0.045416 0.123341
vt 0.104008 0.208869
vt 0.104008 0.206317
vt 0.105710 0.209360
vt 0.104008 0.211421
vt 0.166145 0.352366
vt 0.170578 0.350036
vt 0.170189 0.353576
vt 0.166425 0.354077
vt 0.167661 0.365659
vt 0.166844 0.362565
vt 0.170542 0.364369
vt 0.168806 0.369986
vt 0.167156 0.360418
vt 0.170578 0.361067
vt 0.166992 0.358377
vt 0.169865 0.358295
vt 0.166779 0.356237
vt 0.169985 0.356119
vt 0.008772 0.000934
vt 0.009610 0.001743
vt 0.009575 0.002402
vt 0.008772 0.002301
vt 0.065282 0.054657
vt 0.065282 0.053469
vt 0.066324 0.053739
vt 0.066199 0.054938
vt 0.122528 0.052886
vt 0.122528 0.053919
vt 0.121363 0.053673
vt 0.121521 0.052448
vt 0.032615 0.002402
vt 0.032615 0.001353
vt 0.033635 0.001240
vt 0.033105 0.002280
vt 0.122528 0.055258
vt 0.121535 0.054779
vt 0.067270 0.054185
vt 0.067243 0.055258
vt 0.038403 0.002402
vt 0.037616 0.002080
vt 0.037616 0.000975
vt 0.038440 0.001703
vt 0.120452 0.053126
vt 0.120379 0.051950
vt 0.065282 0.052282
vt 0.066219 0.052563
vt 0.689122 0.124873
vt 0.683548 0.129167
vt 0.682721 0.127920
vt 0.684498 0.125360
vt 0.696727 0.120559
vt 0.696673 0.130956
vt 0.688517 0.131412
vt 0.684379 0.130419
vt 0.695801 0.112766
vt 0.679557 0.137528
vt 0.687475 0.139739
vt 0.683064 0.148999
vt 0.680380 0.147332
vt 0.696641 0.140220
vt 0.696589 0.149947
vt 0.696558 0.157917
vt 0.685377 0.160267
vt 0.696475 0.167768
vt 0.689033 0.169634
vt 0.696727 0.174685
vt 0.694465 0.180188
vt 0.268392 0.098288
vt 0.267547 0.096293
vt 0.269179 0.095898
vt 0.270250 0.098311
vt 0.270524 0.100785
vt 0.267547 0.100253
vt 0.271483 0.098421
vt 0.271436 0.100905
vt 0.002402 0.021623
vt 0.001200 0.021453
vt 0.000634 0.018967
vt 0.002402 0.018354
vt 0.033635 0.088893
vt 0.033299 0.086317
vt 0.033635 0.082924
vt 0.142794 0.039796
vt 0.142268 0.040171
vt 0.142242 0.038861
vt 0.143022 0.039030
vt 0.143480 0.039305
vt 0.142827 0.039849
vt 0.004583 0.000697
vt 0.004774 0.000688
vt 0.004805 0.001521
vt 0.004528 0.001322
vt 0.004805 0.002402
vt 0.004465 0.002336
vt 0.002362 0.028171
vt 0.002403 0.028317
vt 0.002311 0.028830
vt 0.001236 0.028251
vt 0.001236 0.027312
vt 0.002165 0.027347
vt 0.001348 0.026501
vt 0.001967 0.026520
vt 0.001396 0.026162
vt 0.143328 0.038287
vt 0.144150 0.038746
vt 0.142477 0.037811
vt 0.141499 0.038940
vt 0.141499 0.037264
vt 0.141499 0.040843
vt 0.138551 0.002359
vt 0.139345 0.002713
vt 0.139345 0.003672
vt 0.138086 0.002739
vt 0.137580 0.001550
vt 0.138471 0.001750
vt 0.139345 0.002054
vt 0.138533 0.001146
vt 0.139345 0.001378
vt 0.137688 0.000904
vt 0.137095 0.001781
vt 0.136823 0.000632
vt 0.137697 0.003259
vt 0.139345 0.004805
vt 0.384401 0.411195
vt 0.384401 0.414174
vt 0.382793 0.414136
vt 0.382637 0.411659
vt 0.383508 0.419762
vt 0.381972 0.419998
vt 0.382186 0.417920
vt 0.383886 0.418147
vt 0.379075 0.412594
vt 0.380843 0.412130
vt 0.380922 0.414222
vt 0.378747 0.414127
vt 0.379106 0.420439
vt 0.378502 0.418197
vt 0.380504 0.417880
vt 0.380458 0.420231
vt 0.378353 0.415968
vt 0.380582 0.416125
vt 0.382469 0.416277
vt 0.384258 0.416560
vt 0.099097 0.305119
vt 0.098901 0.302145
vt 0.100817 0.301798
vt 0.101196 0.303840
vt 0.099499 0.296955
vt 0.101286 0.296426
vt 0.101359 0.298282
vt 0.099199 0.298211
vt 0.103104 0.302677
vt 0.103180 0.301643
vt 0.103308 0.295827
vt 0.103308 0.298248
vt 0.103284 0.300245
vt 0.100997 0.299997
vt 0.098839 0.299722
vt 0.002087 0.043245
vt 0.001854 0.042143
vt 0.002235 0.042164
vt 0.246849 0.091284
vt 0.247680 0.091476
vt 0.247723 0.092308
vt 0.246606 0.091582
vt 0.002403 0.041113
vt 0.001655 0.041113
vt 0.246478 0.090824
vt 0.247586 0.090621
vt 0.248683 0.090450
vt 0.248769 0.091610
vt 0.249861 0.091794
vt 0.249861 0.093698
vt 0.248838 0.093033
vt 0.249861 0.090268
vt 0.094929 0.007751
vt 0.096073 0.008178
vt 0.096100 0.009610
vt 0.094923 0.009610
vt 0.051080 0.184993
vt 0.050252 0.182953
vt 0.051202 0.182258
vt 0.051998 0.183477
vt 0.051366 0.179435
vt 0.051854 0.180295
vt 0.050691 0.180853
vt 0.050252 0.179458
vt 0.052855 0.182062
vt 0.052441 0.181331
vt 0.115320 0.002179
vt 0.114174 0.002402
vt 0.114174 0.000581
vt 0.115262 0.000644
vt 0.057033 0.076880
vt 0.057043 0.073606
vt 0.057458 0.075097
vt 0.057033 0.073543
vt 0.057660 0.074246
vt 0.045011 0.094440
vt 0.045226 0.095361
vt 0.044583 0.095349
vt 0.044921 0.094460
vt 0.045440 0.096270
vt 0.044230 0.096275
vt 0.045648 0.097157
vt 0.044194 0.097109
vt 0.045648 0.098503
vt 0.044237 0.098035
vt 0.002396 0.031612
vt 0.002402 0.033131
vt 0.000818 0.033635
vt 0.001403 0.031612
vt 0.442782 0.178405
vt 0.443321 0.180589
vt 0.440043 0.180946
vt 0.438892 0.179103
vt 0.446866 0.178196
vt 0.446866 0.180944
vt 0.446530 0.187396
vt 0.443943 0.185619
vt 0.441330 0.183682
vt 0.012013 0.372389
vt 0.011684 0.368237
vt 0.012013 0.364112
vt 0.028584 0.117206
vt 0.028584 0.115498
vt 0.029481 0.115931
vt 0.029094 0.117723
vt 0.028584 0.113326
vt 0.029775 0.114207
vt 0.052855 0.186323
vt 0.052855 0.187959
vt 0.051261 0.188782
vt 0.051101 0.187801
vt 0.031233 0.115286
vt 0.030988 0.117135
vt 0.030336 0.116702
vt 0.030645 0.114851
vt 0.052855 0.189178
vt 0.051342 0.189798
vt 0.439659 0.424058
vt 0.437619 0.426214
vt 0.437169 0.424339
vt 0.438848 0.422743
vt 0.438000 0.421365
vt 0.436672 0.423195
vt 0.435392 0.427767
vt 0.435549 0.426121
vt 0.438371 0.427566
vt 0.435448 0.429346
vt 0.435781 0.424481
vt 0.437320 0.432451
vt 0.436285 0.430735
vt 0.439104 0.428884
vt 0.439659 0.429882
vt 0.490112 0.113256
vt 0.489683 0.117184
vt 0.487444 0.117732
vt 0.488247 0.113954
vt 0.483348 0.115579
vt 0.483138 0.113809
vt 0.487028 0.111543
vt 0.484129 0.118634
vt 0.487420 0.120564
vt 0.485019 0.121462
vt 0.487959 0.123646
vt 0.486313 0.124075
vt 0.488442 0.126333
vt 0.487185 0.126588
vt 0.488547 0.128479
vt 0.487417 0.129126
vt 0.489155 0.123220
vt 0.490112 0.126225
vt 0.489600 0.129098
vt 0.489800 0.120529
vt 0.489547 0.132138
vt 0.262660 0.391609
vt 0.262260 0.390360
vt 0.263428 0.390229
vt 0.262912 0.389064
vt 0.262865 0.387723
vt 0.264151 0.387578
vt 0.263853 0.388912
vt 0.261855 0.389094
vt 0.261498 0.387774
vt 0.261498 0.386654
vt 0.262924 0.386502
vt 0.262793 0.385218
vt 0.263809 0.384749
vt 0.264276 0.386138
vt 0.261498 0.385558
vt 0.261498 0.384350
vt 0.262286 0.383903
vt 0.263326 0.383314
vt 0.048050 0.001742
vt 0.048050 0.002403
vt 0.047565 0.002139
vt 0.096694 0.000879
vt 0.096812 0.002110
vt 0.094968 0.001662
vt 0.094853 0.000558
vt 0.098503 0.000558
vt 0.098272 0.002624
vt 0.098028 0.004805
vt 0.096332 0.003666
vt 0.095090 0.002832
vt 0.054857 0.218910
vt 0.054857 0.218085
vt 0.056090 0.218436
vt 0.056185 0.219953
vt 0.054857 0.215698
vt 0.056066 0.216181
vt 0.055957 0.217238
vt 0.054857 0.216877
vt 0.057558 0.221031
vt 0.057660 0.218632
vt 0.056975 0.216543
vt 0.057275 0.217456
vt 0.148955 0.028920
vt 0.148444 0.033052
vt 0.144186 0.033635
vt 0.144186 0.027904
vt 0.209990 0.196491
vt 0.211158 0.196835
vt 0.211440 0.198722
vt 0.210385 0.198661
vt 0.209990 0.201811
vt 0.210294 0.200252
vt 0.211395 0.200365
vt 0.211210 0.201767
vt 0.213389 0.197492
vt 0.213727 0.198950
vt 0.212505 0.198826
vt 0.212249 0.197157
vt 0.213583 0.201682
vt 0.212404 0.201724
vt 0.212555 0.200418
vt 0.213823 0.200480
vt 0.108113 0.266297
vt 0.108085 0.268242
vt 0.105562 0.268093
vt 0.104771 0.265865
vt 0.235446 0.273886
vt 0.232892 0.271867
vt 0.234120 0.270233
vt 0.235069 0.270758
vt 0.235446 0.268467
vt 0.235233 0.268515
vt 0.014415 0.103308
vt 0.014309 0.103257
vt 0.014415 0.101123
vt 0.014408 0.101066
vt 0.104955 0.276288
vt 0.104771 0.276275
vt 0.105669 0.274342
vt 0.105758 0.274377
vt 0.106304 0.272267
vt 0.106705 0.272349
vt 0.106325 0.270244
vt 0.107910 0.270276
vt 0.206616 0.069109
vt 0.206188 0.071271
vt 0.205065 0.070765
vt 0.205129 0.068953
vt 0.203609 0.068793
vt 0.203656 0.070120
vt 0.203684 0.070905
vt 0.204769 0.073587
vt 0.206616 0.074478
vt 0.001960 0.014122
vt 0.002403 0.015194
vt 0.000632 0.016818
vt 0.000632 0.013885
vt 0.102283 0.161987
vt 0.103308 0.161089
vt 0.103308 0.163251
vt 0.102238 0.163038
vt 0.101175 0.163370
vt 0.101512 0.161517
vt 0.121477 0.068194
vt 0.122528 0.067823
vt 0.122528 0.068556
vt 0.122070 0.069029
vt 0.122528 0.069673
vt 0.172207 0.076031
vt 0.171580 0.076880
vt 0.171580 0.075409
vt 0.172981 0.075610
vt 0.171580 0.074107
vt 0.172471 0.073981
vt 0.171632 0.073434
s 1
usemtl tripo_mat_dd7b626b-839d-4315-aca7-697f942ca2b8
f 1/1 190/2 191/3 192/4
f 1/5 193/6 194/7 190/8
f 1/9 195/10 196/11 193/12
f 2/13 197/14 198/15 199/16
f 2/13 199/16 200/17 201/18
f 2/13 201/18 46/19 202/20
f 3/21 203/22 204/23 7/24
f 3/21 205/25 206/26 203/22
f 3/27 8/28 207/29 205/30
f 3/31 208/32 209/33 8/34
f 3/35 7/36 210/37 208/38
f 4/39 211/40 212/41 213/42
f 4/39 214/43 215/44 211/40
f 4/45 7/46 216/47 9/48
f 4/49 9/50 217/51 214/52
f 5/53 218/54 215/44 214/43
f 5/55 214/52 217/51 219/56
f 5/57 219/58 220/59 218/60
f 6/61 221/62 220/59 219/58
f 6/63 219/64 217/65 222/66
f 6/67 222/68 223/69 221/70
f 7/24 204/23 224/71 216/72
f 7/73 8/74 209/75 210/76
f 8/28 213/77 225/78 207/29
f 9/79 216/72 222/68 217/80
f 10/81 226/82 227/83 228/84
f 10/81 228/84 229/85 230/86
f 12/87 233/88 234/89 235/90
f 12/87 235/90 236/91 237/92
f 12/87 237/92 238/93 239/94
f 13/95 240/96 241/97 242/98
f 13/99 242/100 243/101 244/102
f 13/99 245/103 246/104 240/105
f 14/106 247/107 248/108 249/109
f 14/110 3644/111 251/112 252/113
f 15/114 253/115 254/116 255/117
f 15/114 256/118 257/119 258/120
f 242/121 241/122 253/123 15/124
f 15/114 258/120 259/125 260/126
f 15/114 260/126 261/127 242/128
f 17/129 262/130 263/131 264/132
f 18/133 265/134 266/135 267/136
f 19/137 269/138 270/139 271/140
f 19/141 271/142 272/143 273/144
f 19/137 273/145 274/146 269/138
f 20/147 275/148 276/149 277/150
f 20/147 278/151 279/152 275/148
f 21/153 280/154 281/155 282/156
f 284/157 285/158 280/154 21/153
f 21/159 282/160 283/161 284/162
f 22/163 286/164 287/165 288/166
f 22/163 288/166 289/167 290/168
f 22/163 290/168 291/169 286/164
f 23/170 269/171 274/172 292/173
f 23/174 293/175 270/176 269/177
f 23/178 292/179 294/180 293/181
f 24/182 295/183 30/184 29/185
f 25/186 296/187 297/188 298/189
f 25/190 298/191 299/192 300/193
f 25/194 300/195 301/196 296/197
f 26/198 302/199 303/200 304/201
f 26/202 304/203 305/204 306/205
f 26/206 285/207 307/208 308/209
f 26/202 306/205 280/210 285/211
f 26/206 308/209 309/212 302/213
f 27/214 310/215 311/216 32/217
f 27/218 32/219 312/220 313/221
f 27/222 314/223 315/224 310/225
f 27/222 316/226 317/227 314/223
f 27/222 313/228 318/229 316/226
f 28/230 319/231 320/232 321/233
f 28/230 322/234 323/235 319/231
f 28/230 321/233 324/236 322/234
f 29/237 325/238 326/239 24/240
f 29/241 162/242 327/243 328/244
f 29/245 30/246 329/247 162/248
f 30/246 330/249 331/250 329/247
f 332/251 333/252 334/253 335/254
f 31/255 336/256 337/257 338/258
f 31/259 339/260 340/261 336/262
f 31/255 338/258 33/263 339/264
f 32/219 341/265 342/266 312/220
f 32/217 311/216 343/267 344/268
f 32/217 344/268 345/269 341/270
f 33/271 346/272 347/273 339/274
f 33/275 338/276 348/277 346/278
f 34/279 349/280 350/281 351/282
f 34/283 351/284 352/285 353/286
f 34/279 353/287 354/288 349/280
f 35/289 355/290 356/291 357/292
f 35/293 357/294 358/295 359/296
f 35/297 359/298 360/299 355/300
f 36/301 361/302 362/303 363/304
f 36/305 363/306 364/307 365/308
f 36/309 365/310 366/311 361/312
f 37/313 367/314 368/315 369/316
f 37/317 370/318 371/319 367/320
f 37/321 372/322 373/323 370/324
f 37/321 369/325 374/326 375/327
f 37/321 375/327 376/328 372/322
f 38/329 377/330 42/331 40/332
f 38/329 378/333 379/334 377/330
f 38/335 40/336 380/337 41/338
f 38/335 41/338 375/339 374/340
f 38/341 374/342 381/343 378/344
f 39/345 382/346 372/347 376/348
f 39/345 376/348 383/349 384/350
f 40/351 42/352 385/353 380/354
f 41/338 383/355 376/356 375/339
f 42/331 377/330 386/357 387/358
f 43/359 388/360 389/361 390/362
f 43/359 390/362 391/363 60/364
f 44/365 392/366 393/367 394/368
f 44/369 395/370 396/371 392/372
f 44/369 397/373 398/374 395/370
f 45/375 400/376 399/377
f 46/378 201/379 196/380 195/381
f 47/382 58/383 401/384 402/385
f 47/386 402/387 403/388 404/389
f 47/382 404/390 405/391 58/383
f 48/392 410/393 411/394 412/395
f 48/392 413/396 414/397 410/393
f 48/398 412/399 415/400 413/401
f 49/402 416/403 50/404 417/405
f 49/402 418/406 419/407 416/403
f 49/408 417/409 407/410 418/411
f 50/412 416/413 420/414 421/415
f 50/416 422/417 423/418 417/419
f 50/420 421/421 424/422 422/423
f 51/424 425/425 426/426 427/427
f 51/424 428/428 429/429 425/425
f 51/424 427/427 430/430 428/428
f 52/431 431/432 432/433 433/434
f 53/435 433/434 432/433 434/436
f 54/437 435/438 436/439 437/440
f 54/441 438/442 439/443 440/444
f 54/445 440/446 441/447 442/448
f 55/449 443/450 444/451 445/452
f 55/453 445/454 446/455 447/456
f 55/457 447/458 448/459 443/460
f 56/461 449/462 450/463 451/464
f 56/465 451/466 452/467 453/468
f 56/469 453/470 454/471 449/472
f 57/473 455/474 456/475 457/476
f 57/477 457/478 458/479 459/480
f 57/481 459/482 460/483 455/484
f 58/485 461/486 462/487 463/488
f 58/485 464/489 465/490 461/486
f 58/491 405/492 466/493 464/494
f 59/495 467/496 468/497 469/498
f 59/499 470/500 471/501 467/502
f 59/503 469/504 472/505 470/506
f 473/507 474/508 394/509 393/510
f 60/511 475/512 476/513 477/514
f 60/515 61/516 478/517 475/518
f 61/519 479/520 480/521 478/522
f 61/516 60/515 391/523 481/524
f 63/525 482/526 483/527 484/528
f 63/529 485/530 486/531 482/532
f 63/525 484/528 487/533 485/534
f 64/535 488/536 489/537 490/538
f 64/535 491/539 492/540 493/541
f 64/535 490/538 494/542 491/539
f 65/543 495/544 496/545 102/546
f 65/547 102/548 497/549 498/550
f 65/547 498/550 499/551 500/552
f 65/553 500/554 501/555 502/556
f 65/557 502/558 503/559 495/560
f 504/561 505/562 506/563 507/564
f 504/565 507/566 508/567 509/568
f 66/569 513/570 514/571 515/572
f 66/569 71/573 516/574 513/570
f 66/575 515/576 517/577 518/578
f 66/575 518/578 509/579 68/580
f 66/581 68/582 519/583 71/584
f 67/585 522/586 523/587 524/588
f 68/589 525/590 522/591 67/592
f 68/582 521/593 526/594 519/583
f 69/595 527/596 70/597 526/594
f 69/598 528/599 529/600 527/601
f 69/595 526/594 521/593 520/602
f 69/595 520/602 530/603 528/604
f 70/605 531/606 532/607 533/608
f 70/609 533/610 525/611 68/612
f 72/613 532/614 531/615 534/616
f 72/617 68/618 509/619 508/620
f 72/621 534/622 519/583 526/594
f 73/623 535/624 536/625 537/626
f 73/623 538/627 539/628 540/629
f 73/623 540/629 541/630 542/631
f 73/623 542/631 543/632 535/624
f 73/633 537/634 544/635 538/636
f 74/637 535/638 543/639 545/640
f 74/641 546/642 547/643 548/644
f 74/645 548/646 536/647 535/648
f 75/649 549/650 550/651 551/652
f 75/653 552/654 553/655 549/656
f 75/657 551/658 554/659 552/660
f 76/661 555/662 556/663 557/664
f 76/665 557/666 79/667 558/668
f 76/669 559/670 560/671 555/672
f 76/669 561/673 562/674 559/670
f 76/675 558/676 563/677 561/678
f 77/679 564/680 565/681 566/682
f 77/679 566/682 567/683 568/684
f 77/685 568/686 78/687 569/688
f 78/689 568/684 570/690 571/691
f 79/692 572/693 573/694 558/695
f 79/692 557/696 574/697 572/693
f 80/698 575/699 576/700 81/701
f 80/702 577/703 578/704 579/705
f 80/706 579/707 580/708 575/709
f 80/702 81/710 581/711 582/712
f 80/702 582/712 583/713 577/703
f 81/714 576/715 584/716 585/717
f 81/710 585/718 586/719 581/711
f 82/720 587/721 588/722 589/723
f 82/724 589/725 590/726 591/727
f 82/728 591/729 592/730 587/731
f 83/732 593/733 594/734 595/735
f 83/732 583/736 582/737 593/733
f 83/738 595/739 596/740 583/741
f 84/742 597/743 598/744 599/745
f 84/742 599/745 86/746 88/747
f 84/748 600/749 85/750 597/751
f 85/750 600/749 601/752 556/753
f 85/754 556/663 555/662 597/755
f 86/756 602/757 603/758 604/759
f 86/756 605/760 606/761 602/757
f 86/746 599/745 607/762 605/763
f 87/764 571/691 608/765 609/766
f 87/767 609/768 610/769 88/770
f 89/771 91/772 100/773 611/774
f 495/775 612/776 91/777 89/778
f 89/779 611/780 496/545 495/544
f 90/781 613/782 614/783 615/784
f 90/785 616/786 617/787 613/788
f 90/789 615/790 618/791 619/792
f 92/793 620/794 621/795 622/796
f 92/793 622/796 623/797 624/798
f 92/793 624/798 625/799 620/794
f 93/800 626/801 627/802 95/803
f 93/804 628/805 629/806 626/807
f 93/808 95/809 630/810 628/811
f 94/812 631/813 632/814 633/815
f 94/812 634/816 635/817 631/813
f 94/812 633/815 636/818 634/816
f 95/819 627/820 637/821 630/822
f 97/823 638/824 639/825 640/826
f 96/827 97/828 640/829 641/830
f 97/831 96/832 642/833 638/834
f 98/835 643/836 644/837 645/838
f 98/835 645/838 646/839 647/840
f 98/835 647/840 648/841 643/836
f 649/842 650/843 611/774 100/773
f 91/772 101/844 649/842 100/773
f 91/845 612/846 651/847 637/848
f 91/849 637/850 627/851 101/852
f 99/853 612/854 495/560 503/559
f 653/855 651/856 612/854 99/853
f 99/853 503/559 652/857 653/855
f 101/844 654/858 655/859 649/842
f 101/860 656/861 657/862 654/863
f 101/852 627/851 626/864 656/865
f 102/866 496/867 658/868 659/869
f 102/870 660/871 661/872 497/873
f 103/874 563/875 662/876 663/877
f 103/874 663/877 664/878 106/879
f 103/880 106/881 561/678 563/677
f 104/882 665/883 666/884 105/885
f 104/882 667/886 668/887 665/883
f 106/888 110/889 669/890 670/891
f 106/892 670/893 562/674 561/673
f 107/894 671/895 672/896 673/897
f 107/898 673/899 674/900 675/901
f 107/902 675/903 676/904 671/905
f 108/906 677/907 678/908 679/909
f 108/910 680/911 681/912 677/913
f 108/914 679/915 682/916 680/917
f 109/918 683/919 110/920 684/921
f 109/918 667/922 685/923 683/919
f 109/924 684/925 668/887 667/886
f 106/879 664/878 686/926 111/927
f 106/928 111/929 687/930 110/931
f 110/932 687/933 688/934 684/925
f 110/889 683/935 689/936 669/890
f 112/937 690/938 691/939 692/940
f 112/941 693/942 694/943 690/944
f 112/945 692/946 695/947 693/948
f 113/949 500/552 499/551 696/950
f 113/951 697/952 501/555 500/554
f 113/953 696/954 698/955 697/956
f 114/957 699/958 700/959 701/960
f 114/957 701/960 702/961 703/962
f 114/957 703/962 704/963 705/964
f 114/957 706/965 707/966 699/958
f 114/967 705/968 708/969 706/970
f 115/971 709/972 710/973 711/974
f 115/975 712/976 713/977 709/978
f 115/971 714/979 715/980 712/981
f 115/971 711/974 716/982 717/983
f 115/971 717/983 718/984 714/979
f 116/985 714/986 718/987 719/988
f 116/989 720/990 715/991 714/992
f 116/993 719/994 721/995 722/996
f 116/993 722/996 723/997 724/998
f 117/999 725/1000 726/1001 727/1002
f 117/1003 728/1004 729/1005 725/1006
f 117/1007 727/1008 730/1009 728/1010
f 118/1011 731/1012 732/1013 119/1014
f 118/1015 119/1016 733/1017 734/1018
f 119/1019 732/1020 735/1021 736/1022
f 119/1023 736/1024 737/1025 733/1026
f 120/1027 738/1028 739/1029 740/1030
f 120/1031 740/1032 741/1033 742/1034
f 120/1035 742/1036 743/1037 738/1038
f 121/1039 744/1040 745/1041 746/1042
f 121/1039 747/1043 748/1044 749/1045
f 121/1039 746/1042 750/1046 747/1043
f 122/1047 751/1048 752/1049 753/1050
f 122/1051 754/1052 748/1053 755/1054
f 122/1055 756/1056 757/1057 754/1058
f 122/1047 753/1050 758/1059 756/1060
f 759/1061 760/1062 754/1058 757/1057
f 123/1063 761/1064 762/1065 763/1066
f 123/1063 763/1066 764/1067 765/1068
f 123/1063 765/1068 766/1069 767/1070
f 124/1071 768/1072 769/1073 770/1074
f 124/1075 125/1076 771/1077 768/1078
f 125/1079 124/1071 772/1080 773/1081
f 126/1082 774/1083 148/1084 775/1085
f 126/1082 776/1086 777/1087 778/1088
f 126/1089 778/1090 779/1091 774/1092
f 127/1093 129/1094 784/1095 785/1096
f 127/1097 785/1098 786/1099 787/1100
f 127/1101 787/1102 788/1103 129/1104
f 128/1105 789/1106 129/1104 790/1107
f 128/1108 791/1109 792/1110 789/1111
f 128/1105 790/1107 793/1112 791/1113
f 129/1094 789/1114 781/1115 784/1095
f 130/1116 794/1117 795/1118 796/1119
f 130/1116 797/1120 798/1121 794/1117
f 130/1116 796/1119 799/1122 797/1120
f 131/1123 800/1124 801/1125 802/1126
f 131/1123 802/1126 803/1127 804/1128
f 131/1123 804/1128 805/1129 800/1124
f 122/1130 158/1131 806/1132 751/1133
f 122/1051 755/1054 807/1134 158/1135
f 132/1136 808/1137 809/1138 810/1139
f 133/1140 143/1141 150/1142 811/1143
f 134/1144 812/1145 813/1146 814/1147
f 134/1144 814/1147 815/1148 816/1149
f 134/1144 816/1149 817/1150 812/1145
f 135/1151 818/1152 819/1153 137/1154
f 135/1155 820/1156 821/1157 818/1158
f 135/1159 145/1160 144/1161 820/1162
f 135/1163 822/1164 823/1165 824/1166
f 137/1167 138/1168 145/1169 825/1170
f 135/1171 137/1172 825/1173 822/1174
f 137/1167 819/1175 829/1176 138/1168
f 138/1168 829/1176 830/1177 831/1178
f 139/1179 833/1180 834/1181 835/1182
f 139/1179 835/1182 836/1183 837/1184
f 139/1179 837/1184 838/1185 833/1180
f 140/1186 842/1187 843/1188 844/1189
f 140/1190 845/1191 846/1192 842/1193
f 140/1194 844/1195 847/1196 845/1197
f 141/1198 163/1199 848/1200 849/1201
f 141/1202 849/1203 850/1204 851/1205
f 142/1206 852/1207 853/1208 854/1209
f 142/1210 855/1211 856/1212 852/1213
f 142/1206 854/1209 857/1214 855/1215
f 143/1141 858/1216 859/1217 150/1142
f 143/1218 860/1219 861/1220 862/1221
f 144/1222 148/1223 774/1224 863/1225
f 144/1222 863/1225 864/1226 820/1227
f 145/1169 146/1228 865/1229 825/1170
f 146/1230 866/1231 867/1232 147/1233
f 146/1228 147/1234 868/1235 865/1229
f 147/1233 867/1232 869/1236 870/1237
f 148/1238 871/1239 872/1240 866/1231
f 148/1241 866/1242 146/1243 775/1244
f 148/1245 144/1246 873/1247 871/1248
f 149/1249 876/1250 877/1251 874/1252
f 151/1253 153/1254 590/726 589/725
f 151/1255 589/723 588/722 878/1256
f 151/1257 878/1258 879/1259 153/1260
f 152/1261 880/1262 153/1260 879/1259
f 152/1263 881/1264 882/1265 880/1266
f 152/1261 879/1259 883/1267 881/1268
f 153/1254 884/1269 885/1270 590/726
f 153/1254 880/1271 886/1272 884/1269
f 154/1273 891/1274 892/1275 893/1276
f 154/1277 894/1278 895/1279 891/1280
f 154/1281 893/1282 155/1283 894/1284
f 155/1285 893/1286 896/1287 897/1288
f 155/1283 897/1289 898/1290 894/1284
f 156/1291 899/1292 900/1293 901/1294
f 156/1295 157/1296 902/1297 898/1290
f 156/1295 898/1290 897/1289 899/1298
f 156/1299 901/1300 903/1301 904/1302
f 156/1303 904/1304 905/1305 157/1306
f 157/1307 905/1308 906/1309 907/1310
f 158/1135 807/1134 908/1311 909/1312
f 158/1131 910/1313 911/1314 806/1132
f 158/1131 909/1315 912/1316 910/1313
f 159/1317 913/1318 914/1319 915/1320
f 917/1321 918/1322 913/1318 159/1317
f 159/1323 915/1324 916/1325 917/1326
f 160/1327 919/1328 920/1329 921/1330
f 160/1327 922/1331 923/1332 919/1328
f 160/1327 924/1333 925/1334 922/1331
f 160/1327 161/1335 926/1336 924/1333
f 162/1337 329/1338 927/1339 337/1340
f 162/1341 337/257 336/256 928/1342
f 162/1341 928/1342 929/1343 327/1344
f 930/1345 931/1346 932/1347 933/1348
f 163/1349 934/1350 935/1351 936/1352
f 163/1349 936/1352 937/1353 848/1354
f 163/1349 164/1355 938/1356 934/1350
f 164/1355 840/1357 295/1358 939/1359
f 164/1355 939/1359 940/1360 938/1356
f 165/1361 941/1362 942/1363 943/1364
f 165/1361 943/1364 944/1365 945/1366
f 165/1361 945/1366 946/1367 941/1362
f 166/1368 947/1369 948/1370 949/1371
f 166/1372 950/1373 951/1374 947/1375
f 166/1376 949/1377 952/1378 950/1379
f 167/1380 953/1381 954/1382 955/1383
f 167/1384 951/1385 950/1386 953/1387
f 167/1388 955/1389 956/1390 951/1374
f 168/1391 932/1392 935/1393 957/1394
f 168/1395 957/1396 958/1397 959/1398
f 168/1399 959/1400 933/1401 932/1402
f 169/1403 960/1404 961/1405 962/1406
f 169/1403 962/1406 963/1407 964/1408
f 169/1403 964/1408 965/1409 966/1410
f 169/1403 966/1410 967/1411 968/1412
f 170/1413 969/1414 970/1415 971/1416
f 170/1417 972/1418 973/1419 969/1420
f 171/1421 974/1422 975/1423 976/1424
f 171/1421 977/1425 978/1426 974/1422
f 171/1421 976/1424 979/1427 977/1425
f 170/1417 980/1428 981/1429 972/1418
f 170/1430 971/1431 982/1432 980/1433
f 172/1434 983/1435 984/1436 985/1437
f 172/1434 985/1437 986/1438 987/1439
f 172/1434 987/1439 988/1440 983/1435
f 173/1441 989/1442 990/1443 991/1444
f 173/1445 992/1446 993/1447 989/1448
f 173/1445 994/1449 186/1450 992/1446
f 174/1451 995/1452 996/1453 997/1454
f 174/1455 998/1456 999/1457 995/1458
f 174/1459 997/1460 1000/1461 998/1462
f 1001/1463 1002/1464 1000/1465 1003/1466
f 175/1467 1004/1468 1005/1469 1006/1470
f 175/1467 1007/1471 1008/1472 1009/1473
f 1010/1474 1011/1475 1012/1476 1013/1477
f 176/1478 1013/1477 1015/1479 1016/1480
f 177/1481 1017/1482 1018/1483 1019/1484
f 177/1481 1019/1484 1020/1485 1021/1486
f 177/1481 1021/1486 1022/1487 1023/1488
f 178/1489 1024/1490 1025/1491 1026/1492
f 178/1493 179/1494 184/1495 1027/1496
f 178/1489 1026/1492 1028/1497 1029/1498
f 178/1489 1029/1498 1030/1499 179/1500
f 179/1500 1030/1499 1031/1501 184/1502
f 180/1503 1032/1504 1033/1505 1034/1506
f 180/1507 1034/1508 1035/1509 1036/1510
f 180/1511 1036/1512 1037/1513 1032/1514
f 181/1515 1038/1516 1033/1505 1039/1517
f 181/1515 1040/1518 1041/1519 1038/1516
f 181/1515 1039/1517 1042/1520 1040/1518
f 182/1521 1043/1522 1044/1523 1045/1524
f 182/1521 1046/1525 1047/1526 1043/1522
f 182/1521 1048/1527 1049/1528 1046/1525
f 182/1521 1045/1524 1050/1529 1048/1527
f 183/1530 1051/1531 1052/1532 1053/1533
f 183/1534 1053/1535 1054/1536 1055/1537
f 183/1538 1055/1539 1056/1540 1057/1541
f 184/1542 1058/1543 1059/1544 1060/1545
f 184/1546 1031/1547 1061/1548 1058/1549
f 184/1495 1060/1550 1062/1551 1027/1496
f 185/1552 1063/1553 1064/1554 1037/1555
f 185/1556 1065/1557 1066/1558 1063/1559
f 185/1560 1037/1513 1036/1512 1065/1561
f 186/1562 994/1563 1068/1564 1069/1565
f 186/1562 1069/1565 1070/1566 1071/1567
f 186/1568 1071/1569 1072/1570 1073/1571
f 186/1572 1073/1573 1074/1574 992/1575
f 1075/1576 1076/1577 1077/1578 1078/1579
f 187/1580 1079/1581 1080/1582 1081/1583
f 187/1584 1081/1585 1082/1586 1083/1587
f 188/1588 1084/1589 1085/1590 1086/1591
f 188/1592 1086/1593 1087/1594 1088/1595
f 188/1596 1088/1597 189/1598 1084/1599
f 189/1600 1088/1601 1089/1602 1090/1603
f 1089/1604 1088/1595 1087/1594 1091/1605
f 1089/1604 1091/1605 1092/1606 1093/1607
f 1089/1608 1093/1609 1094/1610 1090/1611
f 1094/1610 1093/1609 1095/1612 1096/1613
f 1094/1610 1096/1613 1097/1614 1098/1615
f 1094/1610 1098/1615 1079/1616 1090/1611
f 1098/1617 1097/1618 1099/1619 1100/1620
f 1098/1617 1100/1620 1080/1582 1079/1581
f 1100/1620 1099/1619 1101/1621 1102/1622
f 1100/1620 1102/1622 1103/1623 1080/1582
f 1103/1623 1102/1622 1104/1624 1105/1625
f 1103/1623 1105/1625 1106/1626 1107/1627
f 1103/1623 1107/1627 1081/1583 1080/1582
f 1107/1627 1106/1626 1108/1628 1109/1629
f 1107/1627 1109/1629 1082/1630 1081/1583
f 1109/1631 1108/1632 1110/1633 1111/1634
f 1109/1635 1111/1636 1085/1637 1082/1586
f 1111/1638 1110/1639 1112/1640 1113/1641
f 1111/1638 1113/1641 1086/1591 1085/1590
f 1113/1642 1112/1643 1114/1644 1115/1645
f 1113/1642 1115/1645 1087/1594 1086/1593
f 1115/1645 1114/1644 1116/1646 1117/1647
f 1115/1645 1117/1647 1091/1605 1087/1594
f 1117/1647 1116/1646 1118/1648 1119/1649
f 1117/1647 1119/1649 1092/1606 1091/1605
f 1119/1649 1118/1648 1077/1578 1120/1650
f 1119/1649 1120/1650 1121/1651 1092/1606
f 1121/1651 1120/1650 1122/1652 1123/1653
f 1121/1651 1123/1653 1124/1654 1095/1655
f 1121/1651 1095/1655 1093/1607 1092/1606
f 1124/1654 1123/1653 1125/1656 1126/1657
f 1124/1658 1126/1659 1127/1660 1128/1661
f 1124/1658 1128/1661 1096/1613 1095/1612
f 1128/1662 1127/1663 1129/1664 1130/1665
f 1128/1661 1130/1666 1097/1614 1096/1613
f 1130/1667 1129/1668 1131/1669 1132/1670
f 1130/1667 1132/1670 1099/1619 1097/1618
f 1132/1670 1131/1669 1133/1671 1134/1672
f 1132/1670 1134/1672 1101/1621 1099/1619
f 1134/1672 983/1435 988/1440 1101/1621
f 1135/1673 1136/1674 1137/1675 984/1436
f 1137/1675 1136/1674 1138/1676 1139/1677
f 1137/1675 1139/1677 1140/1678 1141/1679
f 1137/1675 1141/1679 985/1437 984/1436
f 1141/1679 1140/1678 1142/1680 1143/1681
f 1141/1679 1143/1681 986/1438 985/1437
f 1143/1681 1142/1680 1144/1682 1145/1683
f 1143/1681 1145/1683 1146/1684 986/1438
f 1146/1684 1145/1683 1147/1685 1148/1686
f 1146/1684 1148/1686 1149/1687 1150/1688
f 1146/1684 1150/1688 987/1439 986/1438
f 1150/1688 1149/1687 1105/1625 1104/1624
f 1150/1688 1104/1624 988/1440 987/1439
f 1149/1687 1148/1686 1151/1689 1152/1690
f 1149/1687 1152/1690 1106/1626 1105/1625
f 1152/1690 1151/1689 1153/1691 1154/1692
f 1152/1690 1154/1692 1108/1628 1106/1626
f 1154/1693 1153/1694 1155/1695 1156/1696
f 1154/1697 1156/1698 1110/1633 1108/1632
f 1156/1699 1155/1700 1157/1701 1158/1702
f 1156/1699 1158/1702 1112/1703 1110/1704
f 1158/1705 1157/1706 1159/1707 1160/1708
f 1158/1705 1160/1708 1114/1644 1112/1643
f 1160/1708 1159/1707 1161/1709 1162/1710
f 1160/1708 1162/1710 1116/1646 1114/1644
f 1162/1710 1161/1709 1163/1711 1164/1712
f 1162/1710 1164/1712 1118/1648 1116/1646
f 1164/1712 1163/1711 1165/1713 1078/1579
f 1164/1712 1078/1579 1077/1578 1118/1648
f 1165/1713 1163/1711 1166/1714 1167/1715
f 1165/1713 1167/1715 1168/1716 1169/1717
f 1165/1713 1169/1717 1075/1576 1078/1579
f 1169/1717 1168/1716 1170/1718 1171/1719
f 1169/1717 1171/1719 1076/1577 1075/1576
f 1171/1719 1170/1718 1172/1720 1173/1721
f 1171/1719 1173/1721 1122/1652 1076/1577
f 1173/1721 1172/1720 1174/1722 1125/1656
f 1173/1721 1125/1656 1123/1653 1122/1652
f 1174/1722 1172/1720 1175/1723 1176/1724
f 1174/1725 1176/1726 1177/1727 1178/1728
f 1174/1725 1178/1728 1126/1729 1125/1730
f 1178/1728 1177/1727 1179/1731 1180/1732
f 1178/1728 1180/1732 1127/1733 1126/1729
f 1180/1734 1179/1735 1181/1736 1182/1737
f 1180/1734 1182/1737 1129/1664 1127/1663
f 1182/1738 1181/1739 1183/1740 1184/1741
f 1182/1738 1184/1741 1131/1669 1129/1668
f 1183/1740 1181/1739 1185/1742 1186/1743
f 1183/1740 1186/1743 1187/1744 1138/1676
f 1183/1740 1138/1676 1136/1674 1184/1741
f 1187/1744 1186/1743 1188/1745 1189/1746
f 1187/1744 1189/1746 1190/1747 1191/1748
f 1187/1744 1191/1748 1139/1677 1138/1676
f 1191/1748 1190/1747 1192/1749 1193/1750
f 1191/1748 1193/1750 1140/1678 1139/1677
f 1193/1750 1192/1749 1007/1471 1194/1751
f 1193/1750 1194/1751 1142/1680 1140/1678
f 1194/1751 1007/1471 175/1467 1195/1752
f 1194/1751 1195/1752 1144/1682 1142/1680
f 1195/1752 175/1467 1006/1470 1196/1753
f 1195/1752 1196/1753 1197/1754 1144/1682
f 1197/1754 1196/1753 993/1755 1198/1756
f 1197/1754 1198/1756 1199/1757 1147/1685
f 1197/1754 1147/1685 1145/1683 1144/1682
f 1199/1758 1198/1759 1074/1760 1200/1761
f 1199/1758 1200/1761 1153/1762 1151/1763
f 1199/1757 1151/1689 1148/1686 1147/1685
f 1200/1764 1074/1574 1073/1573 1201/1765
f 1200/1764 1201/1765 1155/1695 1153/1694
f 1201/1766 1073/1571 1072/1570 1202/1767
f 1201/1766 1202/1767 1157/1701 1155/1700
f 1202/1768 1072/1769 1203/1770 1204/1771
f 1202/1768 1204/1771 1159/1707 1157/1706
f 1204/1771 1203/1770 1205/1772 1206/1773
f 1204/1771 1206/1773 1161/1709 1159/1707
f 1206/1773 1205/1772 1207/1774 1166/1714
f 1206/1773 1166/1714 1163/1711 1161/1709
f 1207/1774 1205/1772 1208/1775 1209/1776
f 1207/1774 1209/1776 1210/1777 1211/1778
f 1207/1774 1211/1778 1167/1715 1166/1714
f 1211/1778 1210/1777 1212/1779 1213/1780
f 1211/1778 1213/1780 1168/1716 1167/1715
f 1213/1780 1212/1779 1214/1781 1215/1782
f 1213/1780 1215/1782 1170/1718 1168/1716
f 1215/1782 1214/1781 1216/1783 1175/1723
f 1215/1782 1175/1723 1172/1720 1170/1718
f 1216/1783 1214/1781 177/1481 1023/1488
f 1216/1783 1023/1488 1217/1784 1218/1785
f 1216/1783 1218/1785 1176/1724 1175/1723
f 1218/1786 1217/1787 1219/1788 1220/1789
f 1218/1786 1220/1789 1177/1727 1176/1726
f 1220/1789 1219/1788 1221/1790 1222/1791
f 1220/1789 1222/1791 1179/1731 1177/1727
f 1222/1792 1221/1793 1223/1794 1185/1795
f 1222/1792 1185/1795 1181/1736 1179/1735
f 1221/1790 1219/1788 1224/1796 1225/1797
f 1221/1793 1225/1798 1226/1799 1223/1794
f 1225/1797 1224/1796 1053/1533 1052/1532
f 1225/1798 1052/1800 1227/1801 1226/1799
f 1227/1802 1052/1803 1051/1804 1228/1805
f 1227/1802 1228/1805 1011/1475 1010/1474
f 1227/1801 1010/1806 1014/1807 1226/1799
f 1228/1805 1051/1804 1229/1808 1230/1809
f 1228/1810 1230/1811 1231/1812 1011/1813
f 1231/1814 1230/1815 1232/1816 1233/1817
f 1231/1814 1233/1817 1234/1818 1235/1819
f 1231/1814 1235/1819 1012/1820 1011/1821
f 1235/1822 1234/1823 1236/1824 1237/1825
f 1235/1826 1237/1827 1238/1828 1012/1829
f 1238/1828 1239/1830 1013/1831 1012/1829
f 1238/1832 1237/1825 1240/1833 1241/1834
f 1238/1832 1241/1834 1242/1835 1239/1836
f 1242/1835 1241/1834 1243/1837 1244/1838
f 1242/1835 1244/1838 1245/1839 1246/1840
f 1242/1835 1246/1840 1247/1841 1239/1836
f 1247/1841 1246/1840 1248/1842 1249/1843
f 1247/1841 1249/1843 1250/1844 1015/1845
f 1247/1846 1015/1847 1013/1831 1239/1830
f 1250/1844 1249/1843 1251/1848 1252/1849
f 1250/1844 1252/1849 1253/1850 1254/1851
f 1250/1852 1254/1853 1016/1854 1015/1855
f 1254/1856 1253/1857 1190/1747 1189/1746
f 1254/1856 1189/1746 1188/1745 1016/1858
f 1253/1850 1252/1849 1255/1859 1256/1860
f 1253/1857 1256/1861 1192/1749 1190/1747
f 1256/1860 1255/1859 618/791 1008/1862
f 1256/1861 1008/1472 1007/1471 1192/1749
f 1255/1859 1252/1849 1251/1848 1257/1863
f 1255/1859 1257/1863 619/792 618/791
f 1257/1863 1251/1848 1258/1864 1259/1865
f 1257/1863 1259/1865 1260/1866 619/792
f 1260/1866 1259/1865 1261/1867 1262/1868
f 1260/1866 1262/1868 1263/1869 1264/1870
f 1260/1866 1264/1870 90/789 619/792
f 1264/1870 1263/1869 1265/1871 1266/1872
f 1264/1870 1266/1872 616/1873 90/789
f 1266/1872 1265/1871 610/769 609/768
f 1266/1874 609/1875 608/1876 616/1877
f 1265/1871 1263/1869 1267/1878 1268/1879
f 1265/1871 1268/1879 1269/1880 610/769
f 1269/1880 1268/1879 1270/1881 1271/1882
f 1269/1883 1271/1884 600/749 84/748
f 1269/1880 84/1885 88/770 610/769
f 1271/1884 1270/1886 1272/1887 1273/1888
f 1271/1884 1273/1888 601/752 600/749
f 1273/1889 1272/1890 1274/1891 1275/1892
f 1273/1888 1275/1893 574/1894 601/752
f 1275/1892 1274/1891 1276/1895 1277/1896
f 1275/1892 1277/1896 572/693 574/697
f 1277/1896 1276/1895 1278/1897 1279/1898
f 1277/1896 1279/1898 573/694 572/693
f 1279/1899 1278/1900 1280/1901 1281/1902
f 1279/1899 1281/1902 662/876 573/1903
f 1281/1902 1280/1901 1282/1904 1283/1905
f 1281/1902 1283/1905 663/877 662/876
f 1283/1906 1282/1907 1284/1908 1285/1909
f 1283/1905 1285/1910 664/878 663/877
f 1285/1909 1284/1908 1286/1911 1287/1912
f 1285/1909 1287/1912 686/1913 664/1914
f 1287/1912 1286/1911 1288/1915 1289/1916
f 1287/1912 1289/1916 1290/1917 686/1913
f 1290/1918 1289/1919 1291/1920 1292/1921
f 1290/1918 1292/1921 688/934 687/933
f 1290/1917 687/1922 111/1923 686/1913
f 1292/1921 1291/1920 1293/1924 1294/1925
f 1292/1921 1294/1925 1295/1926 688/934
f 1295/1926 1294/1925 1296/1927 1297/1928
f 1295/1926 1297/1928 665/883 668/887
f 1295/1926 668/887 684/925 688/934
f 1297/1929 1296/1930 1298/1931 1299/1932
f 1297/1929 1299/1932 666/1933 665/1934
f 1299/1932 1298/1931 1300/1935 1301/1936
f 1299/1932 1301/1936 1302/1937 666/1933
f 1301/1936 1300/1935 1303/1938 567/683
f 1301/1936 567/683 566/682 1302/1937
f 1303/1938 1304/1939 1305/1940 570/690
f 1303/1938 570/690 568/684 567/683
f 1303/1938 1300/1935 1306/1941 1304/1939
f 1306/1941 1307/1942 1308/1943 1304/1939
f 1306/1941 1300/1935 1298/1931 1309/1944
f 1306/1941 1309/1944 1310/1945 1307/1942
f 1310/1945 1311/1946 1312/1947 1307/1942
f 1310/1945 1309/1944 1313/1948 700/1949
f 1310/1945 700/1949 699/1950 1311/1946
f 1313/1948 1309/1944 1298/1931 1296/1930
f 1313/1951 1296/1927 1294/1925 1293/1924
f 1313/1951 1293/1924 701/960 700/959
f 1312/1952 1314/1953 1315/1954 1316/1955
f 1312/1947 1316/1956 1308/1943 1307/1942
f 1312/1957 1311/1958 1317/1959 1314/1960
f 1317/1959 499/551 498/550 1314/1960
f 1317/1961 1311/1962 699/958 707/966
f 1317/1959 707/1963 696/950 499/551
f 1316/1964 1315/1965 614/783 613/782
f 1316/1956 613/788 617/787 1308/1943
f 1315/1965 497/549 661/1966 614/783
f 1315/1965 1314/1960 498/550 497/549
f 1308/1943 617/787 1305/1940 1304/1939
f 1305/1940 617/787 616/786 608/765
f 1305/1940 608/765 571/691 570/690
f 1293/1924 1291/1920 702/961 701/960
f 1291/1967 1289/1916 1288/1915 702/1968
f 1288/1915 1318/1969 703/1970 702/1968
f 1288/1915 1286/1911 1319/1971 1318/1969
f 1319/1971 1320/1972 1321/1973 1318/1969
f 1319/1971 1286/1911 1284/1908 1322/1974
f 1319/1971 1322/1974 1323/1975 1320/1972
f 1323/1976 1322/1977 1324/1978 1325/1979
f 1323/1975 1325/1980 1326/1981 1327/1982
f 1323/1975 1327/1982 1328/1983 1320/1972
f 1328/1983 1329/1984 1321/1973 1320/1972
f 1328/1983 1327/1982 1330/1985 1331/1986
f 1328/1983 1331/1986 1332/1987 1329/1984
f 1332/1987 1333/1988 1334/1989 1329/1984
f 1332/1987 1331/1986 64/535 493/541
f 1332/1987 493/541 1335/1990 1333/1988
f 1335/1990 1336/1991 1337/1992 1333/1988
f 1335/1990 493/541 492/540 1338/1993
f 1335/1990 1338/1993 1339/1994 1336/1991
f 1339/1994 1340/1995 1341/1996 1336/1991
f 1339/1994 1338/1993 1342/1997 1343/1998
f 1339/1999 1343/2000 1344/2001 1340/2002
f 1344/2001 1345/2003 1346/2004 1347/2005
f 1344/2001 1347/2005 1348/2006 1340/2002
f 1344/2001 1343/2000 1349/2007 1345/2003
f 1349/2007 1350/2008 1351/2009 1345/2003
f 1349/2007 1343/2000 1342/2010 1352/2011
f 1349/2012 1352/2013 1353/2014 1350/2015
f 1353/2014 1352/2013 484/528 483/527
f 1353/2014 483/527 1354/2016 1355/2017
f 1353/2014 1355/2017 1356/2018 1350/2015
f 1356/2018 1355/2017 1357/2019 1358/2020
f 1356/2018 1358/2020 1359/2021 1360/2022
f 1356/2018 1360/2022 1351/2023 1350/2015
f 1360/2024 1359/2025 1361/2026 1362/2027
f 1360/2024 1362/2027 1363/2028 1351/2009
f 1363/2028 1346/2004 1345/2003 1351/2009
f 1363/2028 1362/2027 1364/2029 1365/2030
f 1363/2028 1365/2030 1366/2031 1346/2004
f 1366/2032 1365/2033 1367/2034 1368/2035
f 1366/2032 1368/2035 1369/2036 1370/2037
f 1366/2032 1370/2037 1347/2038 1346/2039
f 1370/2037 1369/2036 506/563 1371/2040
f 1370/2037 1371/2040 1348/2041 1347/2038
f 1371/2040 506/563 505/562 1372/2042
f 1371/2040 1372/2042 1373/2043 1348/2041
f 1373/2043 1372/2042 1374/2044 1375/2045
f 1373/2046 1375/2047 1376/2048 1341/2049
f 1373/2046 1341/2049 1340/2002 1348/2006
f 1376/2048 1375/2047 1377/2050 1378/2051
f 1376/2052 1378/2053 1379/2054 1337/1992
f 1376/2052 1337/1992 1336/1991 1341/1996
f 1379/2054 1378/2053 708/969 705/968
f 1379/2055 705/964 704/963 1334/2056
f 1379/2054 1334/1989 1333/1988 1337/1992
f 1378/2053 1377/2057 1380/2058 708/969
f 1380/2059 1381/2060 697/2061 698/2062
f 1380/2058 698/2063 706/970 708/969
f 1380/2064 1377/2065 1382/2066 1381/2067
f 1382/2066 1383/2068 1384/2069 1381/2067
f 1382/2066 1377/2065 1375/2045 1374/2044
f 1382/2066 1374/2044 1385/2070 1383/2068
f 1385/2070 1386/2071 1387/2072 1383/2068
f 1385/2070 1374/2044 1372/2042 505/562
f 1385/2070 505/562 504/561 1386/2071
f 1387/2073 1388/2074 1389/2075 1390/2076
f 1387/2072 1390/2077 1384/2069 1383/2068
f 1387/2073 1386/2078 1391/2079 1388/2074
f 1391/2079 1392/2080 1393/2081 1394/2082
f 1391/2079 1394/2082 1395/2083 1388/2074
f 1391/2079 1386/2078 504/2084 1392/2080
f 1395/2083 1394/2082 646/839 645/838
f 1395/2083 645/838 644/837 1396/2085
f 1395/2083 1396/2085 1389/2075 1388/2074
f 1396/2085 644/837 1397/2086 652/857
f 1396/2085 652/857 503/559 1389/2075
f 1397/2086 644/837 643/836 1398/2087
f 1397/2086 1398/2087 1399/2088 1400/2089
f 1397/2086 1400/2089 653/855 652/857
f 1400/2089 1399/2088 1401/2090 1402/2091
f 1400/2089 1402/2091 1403/2092 653/855
f 1403/2093 1402/2094 1404/2095 1405/2096
f 1403/2093 1405/2096 1406/2097 1407/2098
f 1403/2092 1407/2099 651/856 653/855
f 1407/2098 1406/2097 628/811 630/810
f 1407/2099 630/2100 637/2101 651/856
f 1406/2102 1405/2103 1408/2104 1409/2105
f 1406/2102 1409/2105 629/806 628/805
f 1409/2105 1408/2104 1410/2106 1411/2107
f 1409/2105 1411/2107 1412/2108 629/806
f 1412/2108 1411/2107 1413/2109 1414/2110
f 1412/2108 1414/2110 657/862 656/861
f 1412/2108 656/861 626/807 629/806
f 1414/2110 1413/2109 1415/2111 1416/2112
f 1414/2110 1416/2112 1417/2113 657/862
f 1417/2113 1416/2112 1418/2114 1419/2115
f 1417/2113 1419/2115 1420/2116 1421/2117
f 1417/2113 1421/2117 654/863 657/862
f 1421/2118 1420/2119 1018/1483 1422/2120
f 1421/2118 1422/2120 655/859 654/858
f 1422/2120 1018/1483 1017/1482 1423/2121
f 1422/2120 1423/2121 1424/2122 655/859
f 1424/2122 1425/2123 649/842 655/859
f 1424/2122 1423/2121 1210/1777 1209/1776
f 1424/2122 1209/1776 1208/1775 1425/2123
f 1425/2123 1426/2124 650/843 649/842
f 1425/2123 1208/1775 1427/2125 1426/2124
f 1427/2125 1071/1567 1070/1566 1426/2124
f 1427/2125 1208/1775 1205/1772 1203/1770
f 1427/2125 1203/1770 1072/1769 1071/1567
f 1426/2124 1070/1566 1428/2126 650/843
f 1428/2126 1429/2127 1430/2128 1431/2129
f 1428/2126 1431/2129 611/774 650/843
f 1428/2126 1070/1566 1069/1565 1429/2127
f 1431/2130 1430/2131 1432/2132 658/868
f 1431/2130 658/868 496/867 611/2133
f 1432/2134 1433/2135 1434/2136 1435/2137
f 1432/2134 1435/2137 659/2138 658/2139
f 1432/2132 1430/2131 1436/2140 1433/2141
f 1436/2140 1437/2142 1438/2143 1433/2141
f 1436/2144 1430/2128 1429/2127 1439/2145
f 1436/2146 1439/2147 1440/2148 1437/2149
f 1440/2148 997/1454 996/1453 1437/2149
f 1440/2150 1439/2145 1068/1564 1003/2151
f 1440/2150 1003/2151 1000/2152 997/2153
f 1439/2145 1429/2127 1069/1565 1068/1564
f 1438/2154 1067/2155 999/2156 1441/2157
f 1438/2154 1441/2157 1434/2136 1433/2135
f 1438/2158 1437/2149 996/1453 1067/2159
f 1441/2160 999/1457 998/1456 1442/2161
f 1441/2160 1442/2161 991/1444 1434/2162
f 1442/2163 998/2164 1000/2165 1002/2166
f 1442/2161 1002/2167 173/1441 991/1444
f 1435/2168 1434/2162 991/1444 990/1443
f 1435/2168 990/1443 1005/1469 659/2169
f 1423/2121 1017/1482 1212/1779 1210/1777
f 1420/2116 1419/2115 1443/2170 1444/2171
f 1420/2119 1444/2172 1019/1484 1018/1483
f 1444/2171 1443/2170 1445/2173 1446/2174
f 1444/2172 1446/2175 1020/1485 1019/1484
f 1446/2174 1445/2173 534/622 531/2176
f 1446/2175 531/2177 70/2178 1020/1485
f 1443/2170 1419/2115 1418/2114 1447/2179
f 1443/2170 1447/2179 1448/2180 1445/2173
f 1447/2179 1418/2114 1449/2181 1450/2182
f 1447/2179 1450/2182 1451/2183 1448/2180
f 1451/2183 1450/2182 1452/2184 1453/2185
f 1451/2183 1453/2185 514/2186 513/2187
f 1451/2183 513/2187 516/2188 1448/2180
f 1453/2185 1452/2184 621/795 1454/2189
f 1453/2185 1454/2189 1455/2190 514/2186
f 1455/2190 1454/2189 1456/2191 1457/2192
f 1455/2193 1457/2194 1458/2195 1459/2196
f 1455/2193 1459/2196 515/572 514/571
f 1459/2197 1458/2198 1460/2199 1461/2200
f 1459/2197 1461/2200 517/577 515/576
f 1461/2201 1460/2202 1462/2203 1463/2204
f 1461/2201 1463/2204 1393/2081 517/2205
f 1463/2204 1462/2203 647/840 646/839
f 1463/2204 646/839 1394/2082 1393/2081
f 1462/2203 1460/2202 1464/2206 1465/2207
f 1462/2203 1465/2207 648/841 647/840
f 1465/2207 1464/2206 642/2208 1466/2209
f 1465/2207 1466/2209 1467/2210 648/841
f 1467/2210 1466/2209 641/2211 1468/2212
f 1467/2210 1468/2212 1399/2088 1398/2087
f 1467/2210 1398/2087 643/836 648/841
f 1468/2213 641/2214 640/2215 1469/2216
f 1468/2212 1469/2217 1401/2090 1399/2088
f 1469/2218 640/2219 635/817 634/816
f 1469/2220 634/2221 636/2222 1401/2223
f 1466/2209 642/2208 96/2224 641/2211
f 1464/2206 1470/2225 638/2226 642/2208
f 1464/2227 1460/2199 1458/2198 1470/2228
f 1470/2229 1471/2230 639/825 638/824
f 1470/2231 1458/2195 1457/2194 1471/2232
f 1471/2233 1472/2234 1473/2235 639/2236
f 1471/2233 1457/2192 1456/2191 1472/2234
f 1473/2235 1474/2237 631/813 635/817
f 1473/2235 635/817 640/2219 639/2236
f 1473/2235 1472/2234 625/799 1474/2237
f 1474/2237 1475/2238 632/814 631/813
f 1474/2237 625/799 624/798 1475/2238
f 1475/2238 624/798 623/797 1476/2239
f 1475/2238 1476/2239 1477/2240 632/814
f 1477/2240 1478/2241 633/815 632/814
f 1477/2240 1476/2239 1479/2242 1410/2106
f 1477/2240 1410/2106 1408/2104 1478/2241
f 1479/2242 1476/2239 623/797 1480/2243
f 1479/2242 1480/2243 1415/2111 1413/2109
f 1479/2242 1413/2109 1411/2107 1410/2106
f 1480/2243 623/797 622/796 1481/2244
f 1480/2243 1481/2244 1449/2181 1415/2111
f 1481/2244 622/796 621/795 1452/2184
f 1481/2244 1452/2184 1450/2182 1449/2181
f 1478/2241 1404/2245 636/818 633/815
f 1478/2241 1408/2104 1405/2103 1404/2245
f 1472/2234 1456/2191 620/794 625/799
f 1456/2191 1454/2189 621/795 620/794
f 1449/2181 1418/2114 1416/2112 1415/2111
f 1404/2095 1402/2094 1401/2223 636/2222
f 1393/2081 1392/2080 518/2246 517/2205
f 1390/2076 1389/2075 503/559 502/558
f 1390/2077 502/556 501/555 1384/2069
f 1384/2069 501/555 697/952 1381/2067
f 1369/2036 1368/2035 1482/2247 1483/2248
f 1369/2036 1483/2248 507/564 506/563
f 1483/2248 1482/2247 1484/2249 1485/2250
f 1483/2248 1485/2250 508/2251 507/564
f 1485/2250 1484/2249 1486/2252 1487/2253
f 1485/2250 1487/2253 72/2254 508/2251
f 1487/2255 1486/2256 1488/2257 1489/2258
f 1487/2255 1489/2258 532/607 72/2259
f 1489/2260 1488/2261 1490/2262 1491/2263
f 1489/2258 1491/2264 533/608 532/607
f 1491/2263 1490/2262 1492/2265 1493/2266
f 1491/2263 1493/2266 525/611 533/610
f 1493/2266 1492/2265 1494/2267 1495/2268
f 1493/2266 1495/2268 522/2269 525/611
f 1495/2268 1494/2267 1496/2270 1497/2271
f 1495/2268 1497/2271 523/2272 522/2269
f 1497/2271 1496/2270 1498/2273 1499/2274
f 1500/2275 1499/2274 1501/2276 1502/2277
f 1500/2275 1502/2277 1503/2278 1504/2279
f 1500/2275 1504/2279 512/2280 511/2281
f 1504/2282 1503/2283 1505/2284 1506/2285
f 1504/2282 1506/2285 1507/2286 512/2287
f 1506/2288 1505/2289 1508/2290 1509/2291
f 1510/2292 1509/2291 1511/2293 1512/2294
f 1512/2294 1511/2293 1513/2295 1514/2296
f 1512/2294 1514/2296 1515/2297 67/2298
f 1515/2297 1514/2296 1516/2299 1517/2300
f 1515/2297 1517/2300 1056/1540 530/603
f 1515/2297 530/603 520/602 67/2298
f 1517/2300 1516/2299 1518/2301 1519/2302
f 1517/2300 1519/2302 1057/1541 1056/1540
f 1519/2302 1518/2301 1520/2303 1521/2304
f 1519/2302 1521/2304 1522/2305 1057/1541
f 1522/2305 1521/2304 1523/2306 1524/2307
f 1522/2305 1524/2307 1525/2308 1526/2309
f 1522/2305 1526/2309 183/1538 1057/1541
f 1526/2309 1525/2308 1527/2310 1229/1808
f 1526/2309 1229/1808 1051/1804 183/1538
f 1527/2310 1525/2308 1528/2311 1529/2312
f 1527/2313 1529/2314 1530/2315 1232/2316
f 1527/2310 1232/2317 1230/1809 1229/1808
f 1530/2318 1529/2319 1531/2320 1532/2321
f 1530/2318 1532/2321 1533/2322 1534/2323
f 1530/2318 1534/2323 1233/1817 1232/1816
f 1534/2324 1533/2325 1535/2326 1536/2327
f 1534/2324 1536/2327 1234/2328 1233/2329
f 1536/2330 1535/2331 1537/2332 1538/2333
f 1536/2330 1538/2333 1236/1824 1234/1823
f 1538/2333 1537/2332 1539/2334 1540/2335
f 1538/2333 1540/2335 1541/2336 1236/1824
f 1541/2336 1240/1833 1237/1825 1236/1824
f 1541/2336 1540/2335 1542/2337 1543/2338
f 1541/2336 1543/2338 1544/2339 1240/1833
f 1544/2339 1243/1837 1241/1834 1240/1833
f 1544/2339 1543/2338 1545/2340 1546/2341
f 1544/2339 1546/2341 1547/2342 1243/1837
f 1547/2342 1546/2341 237/92 236/91
f 1547/2342 236/91 1548/2343 1549/2344
f 1547/2342 1549/2344 1244/1838 1243/1837
f 1549/2344 1548/2343 1550/2345 1551/2346
f 1549/2344 1551/2346 1245/1839 1244/1838
f 1551/2346 1550/2345 1552/2347 1553/2348
f 1551/2346 1553/2348 1554/2349 1245/1839
f 1554/2349 1553/2348 1555/2350 1556/2351
f 1554/2349 1556/2351 1258/1864 1248/1842
f 1554/2349 1248/1842 1246/1840 1245/1839
f 1556/2351 1555/2350 1557/2352 1261/1867
f 1556/2351 1261/1867 1259/1865 1258/1864
f 1557/2352 1555/2350 1558/2353 541/2354
f 1557/2352 541/2354 540/2355 1559/2356
f 1557/2352 1559/2356 1262/1868 1261/1867
f 1559/2357 540/629 539/628 1267/2358
f 1559/2356 1267/1878 1263/1869 1262/1868
f 1558/2359 1552/2360 1560/2361 1561/2362
f 1558/2359 1561/2362 542/631 541/630
f 1558/2353 1555/2350 1553/2348 1552/2347
f 1561/2363 1560/2364 1562/2365 1563/2366
f 1561/2363 1563/2366 543/639 542/2367
f 1563/2366 1562/2365 1564/2368 1565/2369
f 1563/2366 1565/2369 545/640 543/639
f 1565/2370 1564/2371 1566/2372 1567/2373
f 1565/2370 1567/2373 1568/2374 545/2375
f 1568/2376 1567/2377 1569/2378 1570/2379
f 1568/2376 1570/2379 1571/2380 1572/2381
f 1568/2382 1572/2383 74/641 545/2384
f 1572/2381 1571/2380 1573/2385 1574/2386
f 1572/2383 1574/2387 546/642 74/641
f 1574/2386 1573/2385 1575/2388 1576/2389
f 1574/2390 1576/2391 1577/2392 546/2393
f 1577/2394 1576/2395 595/735 594/734
f 1577/2394 594/734 1578/2396 1579/2397
f 1577/2394 1579/2397 547/643 546/642
f 1579/2397 1578/2396 1580/2398 1581/2399
f 1579/2397 1581/2399 713/977 547/643
f 1581/2399 1580/2398 1582/2400 1583/2401
f 1581/2399 1583/2401 709/978 713/977
f 1583/2402 1582/2403 1584/2404 1585/2405
f 1583/2402 1585/2405 710/973 709/972
f 1585/2405 1584/2404 1586/2406 1587/2407
f 1585/2405 1587/2407 1588/2408 710/973
f 1588/2408 1589/2409 711/974 710/973
f 1588/2410 1587/2411 1590/2412 1591/2413
f 1588/2410 1591/2413 1592/2414 1589/2415
f 1592/2414 1591/2413 1593/2416 745/2417
f 1592/2414 745/2417 744/2418 1594/2419
f 1592/2414 1594/2419 1595/2420 1589/2415
f 1595/2421 716/982 711/974 1589/2409
f 1595/2420 1594/2419 1596/2422 1597/2423
f 1595/2420 1597/2423 1598/2424 716/2425
f 1598/2426 1599/2427 717/2428 716/2429
f 1598/2424 1597/2423 763/1066 762/1065
f 1598/2426 762/2430 1600/2431 1599/2427
f 1600/2432 1601/2433 1602/2434 1599/2435
f 1600/2436 762/1065 761/1064 1603/2437
f 1600/2432 1603/2438 1604/2439 1601/2433
f 1604/2440 1605/2441 1606/2442 1601/2443
f 1604/2440 1603/2437 1607/2444 1608/2445
f 1604/2440 1608/2445 1609/2446 1605/2441
f 1609/2446 1610/2447 1611/2448 1605/2441
f 1609/2446 1608/2445 1612/2449 1613/2450
f 1609/2446 1613/2450 1614/2451 1610/2447
f 1614/2451 1613/2450 1615/2452 1616/2453
f 1614/2451 1616/2453 1617/2454 1618/2455
f 1614/2451 1618/2455 1619/2456 1610/2447
f 1619/2456 1620/2457 1611/2448 1610/2447
f 1619/2456 1618/2455 1621/2458 1622/2459
f 1619/2456 1622/2459 489/537 1620/2457
f 1622/2459 1621/2458 1623/2460 1624/2461
f 1622/2459 1624/2461 490/538 489/537
f 1624/2462 1623/2463 1625/2464 1626/2465
f 1624/2461 1626/2466 494/542 490/538
f 1626/2467 1625/2468 1627/2469 1628/2470
f 1626/2467 1628/2470 486/531 494/2471
f 1628/2472 1627/2473 1629/2474 1630/2475
f 1628/2470 1630/2476 482/532 486/531
f 1630/2475 1629/2474 1631/2477 1354/2016
f 1630/2475 1354/2016 483/527 482/526
f 1631/2477 1629/2474 1632/2478 1633/2479
f 1631/2477 1633/2479 1634/2480 1357/2019
f 1631/2477 1357/2019 1355/2017 1354/2016
f 1634/2480 1633/2479 1635/2481 1636/2482
f 1634/2480 1636/2482 1637/2483 1638/2484
f 1634/2480 1638/2484 1358/2020 1357/2019
f 1638/2484 1637/2483 1639/2485 1640/2486
f 1638/2484 1640/2486 1359/2021 1358/2020
f 1640/2486 1639/2485 1641/2487 1642/2488
f 1640/2486 1642/2488 1361/2489 1359/2021
f 1642/2490 1641/2491 1643/2492 1644/2493
f 1642/2490 1644/2493 1645/2494 1361/2495
f 1645/2496 1364/2029 1362/2027 1361/2026
f 1645/2497 1644/2498 1646/2499 1647/2500
f 1645/2497 1647/2500 1648/2501 1364/2502
f 1648/2501 1367/2034 1365/2033 1364/2502
f 1648/2501 1647/2500 1649/2503 1650/2504
f 1648/2501 1650/2504 1651/2505 1367/2034
f 1651/2505 1482/2247 1368/2035 1367/2034
f 1651/2505 1650/2504 1652/2506 1653/2507
f 1651/2505 1653/2507 1484/2249 1482/2247
f 1653/2507 1652/2506 1654/2508 1655/2509
f 1653/2507 1655/2509 1486/2252 1484/2249
f 1655/2509 1654/2508 1656/2510 1657/2511
f 1655/2512 1657/2513 1488/2257 1486/2256
f 1657/2514 1656/2515 1658/2516 1659/2517
f 1657/2514 1659/2517 1490/2262 1488/2261
f 1659/2517 1658/2516 1660/2518 1661/2519
f 1659/2517 1661/2519 1492/2265 1490/2262
f 1661/2519 1660/2518 1662/2520 1663/2521
f 1661/2519 1663/2521 1494/2267 1492/2265
f 1663/2521 1662/2520 1664/2522 1665/2523
f 1663/2521 1665/2523 1496/2270 1494/2267
f 1665/2523 1664/2522 1666/2524 1667/2525
f 1665/2523 1667/2525 1498/2273 1496/2270
f 1667/2525 1666/2524 1668/2526 1669/2527
f 1667/2525 1669/2527 1670/2528 1498/2273
f 1670/2528 1669/2527 1671/2529 1672/2530
f 1670/2528 1672/2530 1673/2531 1501/2276
f 1670/2528 1501/2276 1499/2274 1498/2273
f 1673/2531 1672/2530 1674/2532 1675/2533
f 1673/2531 1675/2533 1676/2534 1677/2535
f 1673/2531 1677/2535 1502/2277 1501/2276
f 1677/2535 1676/2534 1678/2536 1679/2537
f 1677/2535 1679/2537 1503/2278 1502/2277
f 1679/2538 1678/2539 1680/2540 1681/2541
f 1679/2538 1681/2541 1505/2284 1503/2283
f 1681/2542 1680/2543 1682/2544 1683/2545
f 1681/2542 1683/2545 1508/2290 1505/2289
f 1683/2545 1682/2544 1684/2546 1685/2547
f 1683/2545 1685/2547 1686/2548 1508/2290
f 1686/2548 1685/2547 1687/2549 1688/2550
f 1686/2548 1688/2550 1513/2295 1511/2293
f 1686/2548 1511/2293 1509/2291 1508/2290
f 1688/2550 1687/2549 1689/2551 1690/2552
f 1688/2550 1690/2552 1691/2553 1513/2295
f 1691/2553 1690/2552 1692/2554 1693/2555
f 1691/2553 1693/2555 1518/2301 1516/2299
f 1691/2553 1516/2299 1514/2296 1513/2295
f 1693/2555 1692/2554 1694/2556 1695/2557
f 1693/2555 1695/2557 1520/2303 1518/2301
f 1695/2557 1694/2556 1696/2558 1697/2559
f 1695/2557 1697/2559 1698/2560 1520/2303
f 1698/2560 1697/2559 1699/2561 1700/2562
f 1698/2560 1700/2562 1701/2563 1523/2306
f 1698/2560 1523/2306 1521/2304 1520/2303
f 1701/2563 1700/2562 1702/2564 1703/2565
f 1701/2563 1703/2565 1704/2566 1705/2567
f 1701/2563 1705/2567 1524/2307 1523/2306
f 1705/2567 1704/2566 1706/2568 1528/2311
f 1705/2567 1528/2311 1525/2308 1524/2307
f 1706/2568 1704/2566 1707/2569 1708/2570
f 1706/2568 1708/2570 1709/2571 1531/2572
f 1706/2568 1531/2572 1529/2312 1528/2311
f 1709/2571 1708/2570 1710/2573 1711/2574
f 1709/2575 1711/2576 1712/2577 1713/2578
f 1709/2575 1713/2578 1532/2579 1531/2580
f 1713/2578 1712/2577 1714/2581 1715/2582
f 1713/2578 1715/2582 1533/2325 1532/2579
f 1715/2582 1714/2581 1716/2583 1717/2584
f 1715/2582 1717/2584 1535/2326 1533/2325
f 1717/2585 1716/2586 1718/2587 1719/2588
f 1717/2585 1719/2588 1537/2332 1535/2331
f 1719/2588 1718/2587 1720/2589 1721/2590
f 1719/2588 1721/2590 1539/2334 1537/2332
f 1721/2590 1720/2589 1722/2591 1723/2592
f 1721/2590 1723/2592 1724/2593 1539/2334
f 1724/2593 1542/2337 1540/2335 1539/2334
f 1724/2593 1723/2592 1725/2594 1726/2595
f 1724/2593 1726/2595 1727/2596 1542/2337
f 1727/2596 1545/2340 1543/2338 1542/2337
f 1727/2596 1726/2595 1728/2597 1729/2598
f 1727/2596 1729/2598 238/93 1545/2340
f 1730/2599 239/94 238/93 1729/2598
f 1730/2599 1729/2598 1728/2597 1731/2600
f 1732/2601 1733/2602 1734/2603 1735/2604
f 1735/2605 1734/2606 1736/2607 1737/2608
f 1735/2605 1737/2608 233/88 1738/2609
f 1737/2608 1739/2610 234/89 233/88
f 1739/2610 1740/2611 1741/2612 1742/2613
f 1739/2610 1737/2608 1736/2607 1740/2611
f 1742/2613 263/131 234/89 1739/2610
f 1742/2614 1743/2615 264/2616 263/2617
f 1742/2614 1744/2618 1745/2619 1743/2615
f 1746/2620 1745/2619 1747/2621 1748/2622
f 1748/2622 1747/2621 1749/2623 1750/2624
f 1750/2625 1749/2626 1751/2627 1752/2628
f 1753/2629 1752/2628 1754/2630 1755/2631
f 1753/2629 1755/2631 1756/2632 1757/2633
f 1757/2633 1756/2632 1758/2634 1759/2635
f 1757/2633 1759/2635 1760/2636 262/130
f 1760/2636 1759/2635 1761/2637 1762/2638
f 1760/2636 1762/2638 1763/2639 1764/2640
f 1760/2636 1764/2640 263/131 262/130
f 1764/2640 1763/2639 1765/2641 1766/2642
f 1764/2640 1766/2642 234/89 263/131
f 1766/2642 1765/2641 1767/2643 1768/2644
f 1766/2642 1768/2644 235/90 234/89
f 1768/2644 1767/2643 1550/2345 1548/2343
f 1768/2644 1548/2343 236/91 235/90
f 1767/2643 1765/2641 1562/2365 1560/2364
f 1767/2645 1560/2361 1552/2360 1550/2646
f 1765/2641 1763/2639 1564/2368 1562/2365
f 1763/2639 1762/2638 1566/2647 1564/2368
f 1762/2638 1761/2637 1769/2648 1566/2647
f 1769/2648 1761/2637 1770/2649 1771/2650
f 1769/2648 1771/2650 1772/2651 1569/2378
f 1769/2648 1569/2378 1567/2377 1566/2647
f 1772/2651 1771/2650 1773/2652 1774/2653
f 1772/2651 1774/2653 1775/2654 1776/2655
f 1772/2651 1776/2655 1570/2379 1569/2378
f 1776/2655 1775/2654 1777/2656 1778/2657
f 1776/2655 1778/2657 1571/2380 1570/2379
f 1778/2657 1777/2656 1779/2658 1780/2659
f 1778/2657 1780/2659 1573/2385 1571/2380
f 1780/2659 1779/2658 1781/2660 1782/2661
f 1780/2659 1782/2661 1575/2388 1573/2385
f 1782/2661 1781/2660 1783/2662 1784/2663
f 1782/2661 1784/2663 596/740 1575/2388
f 1784/2663 1783/2662 578/2664 577/2665
f 1784/2663 577/2665 583/741 596/740
f 1783/2662 1781/2660 1785/2666 1786/2667
f 1783/2662 1786/2667 1787/2668 578/2664
f 1787/2669 1786/2670 1788/2671 1789/2672
f 1787/2669 1789/2672 1790/2673 1791/2674
f 1787/2669 1791/2674 579/2675 578/2676
f 1791/2677 1790/2678 1792/2679 1793/2680
f 1791/2681 1793/2682 580/708 579/707
f 1793/2680 1792/2679 1794/2683 1795/2684
f 1793/2682 1795/2685 1796/2686 580/708
f 1796/2686 1795/2685 1797/2687 1798/2688
f 1796/2686 1798/2688 1799/2689 1800/2690
f 1796/2686 1800/2690 575/709 580/708
f 1800/2691 1799/2692 1801/2693 1802/2694
f 1800/2691 1802/2694 576/700 575/699
f 1802/2695 1801/2696 1803/2697 1804/2698
f 1802/2695 1804/2698 584/716 576/715
f 1804/2698 1803/2697 1805/2699 1806/2700
f 1804/2698 1806/2700 731/1012 584/716
f 1806/2700 1805/2699 1807/2701 1808/2702
f 1806/2700 1808/2702 732/1013 731/1012
f 1808/2703 1807/2704 1809/2705 1810/2706
f 1808/2703 1810/2706 735/1021 732/1020
f 1810/2707 1809/2708 1811/2709 1812/2710
f 1810/2707 1812/2710 1813/2711 735/2712
f 1813/2713 1814/2714 736/1022 735/1021
f 1813/2711 1812/2710 1815/2715 1816/2716
f 1813/2711 1816/2716 1817/2717 1814/2718
f 1817/2719 1818/2720 1819/2721 1814/2722
f 1817/2717 1816/2716 1820/2723 1821/2724
f 1817/2725 1821/2726 1822/2727 1818/2728
f 1822/2729 1823/2730 1824/2731 1818/2732
f 1822/2727 1821/2726 1825/2733 1826/2734
f 1822/2727 1826/2734 1827/2735 1823/2736
f 1827/2735 1828/2737 1829/2738 1823/2736
f 1827/2735 1826/2734 1830/2739 1831/2740
f 1827/2735 1831/2740 1832/2741 1828/2737
f 1832/2741 1833/2742 1834/2743 1828/2737
f 1832/2744 1831/2745 1835/2746 1836/2747
f 1832/2744 1836/2747 1837/2748 1833/2749
f 1837/2748 1838/2750 750/2751 1833/2749
f 1837/2748 1836/2747 1839/2752 1840/2753
f 1837/2748 1840/2753 1841/2754 1838/2750
f 1841/2755 1842/2756 1843/2757 1838/2758
f 1841/2754 1840/2753 1844/2759 915/2760
f 1841/2755 915/2761 914/2762 1842/2756
f 1844/2759 1840/2753 1839/2752 1845/2763
f 1844/2764 1845/2765 1785/2766 1846/2767
f 1844/2764 1846/2767 916/1325 915/1324
f 1846/2768 1785/2666 1781/2660 1779/2658
f 1846/2767 1779/2769 1777/2770 916/1325
f 1845/2765 1839/2771 1847/2772 1788/2671
f 1845/2765 1788/2671 1786/2670 1785/2766
f 1847/2773 1839/2752 1836/2747 1835/2746
f 1847/2773 1835/2746 1848/2774 1849/2775
f 1847/2772 1849/2776 1789/2672 1788/2671
f 1849/2776 1848/2777 1850/2778 1851/2779
f 1849/2776 1851/2779 1790/2673 1789/2672
f 1851/2780 1850/2781 1852/2782 1853/2783
f 1851/2784 1853/2785 1792/2679 1790/2678
f 1853/2783 1852/2782 1854/2786 1855/2787
f 1853/2785 1855/2788 1794/2683 1792/2679
f 1855/2787 1854/2786 1856/2789 1857/2790
f 1855/2788 1857/2791 1858/2792 1794/2683
f 1858/2792 1857/2791 1859/2793 1860/2794
f 1858/2792 1860/2794 1861/2795 1797/2796
f 1858/2792 1797/2796 1795/2684 1794/2683
f 1861/2795 1860/2794 883/1267 1862/2797
f 1861/2798 1862/2799 1863/2800 1864/2801
f 1861/2798 1864/2801 1798/2688 1797/2687
f 1864/2801 1863/2800 1865/2802 1866/2803
f 1864/2801 1866/2803 1799/2689 1798/2688
f 1866/2804 1865/2805 1867/2806 1868/2807
f 1866/2808 1868/2809 1801/2810 1799/2811
f 1868/2812 1867/2813 1869/2814 1870/2815
f 1868/2812 1870/2815 1803/2697 1801/2696
f 1870/2815 1869/2814 729/1005 1871/2816
f 1870/2815 1871/2816 1805/2699 1803/2697
f 1871/2816 729/1005 728/1004 1872/2817
f 1871/2816 1872/2817 1807/2701 1805/2699
f 1872/2818 728/2819 730/2820 1873/2821
f 1872/2818 1873/2821 1809/2705 1807/2704
f 1873/2822 730/2823 1874/2824 1875/2825
f 1873/2822 1875/2825 1811/2709 1809/2708
f 1875/2825 1874/2824 741/1033 1876/2826
f 1875/2825 1876/2826 1877/2827 1811/2709
f 1877/2827 1815/2715 1812/2710 1811/2709
f 1877/2827 1876/2826 1878/2828 1879/2829
f 1877/2827 1879/2829 1880/2830 1815/2715
f 1880/2830 1820/2723 1816/2716 1815/2715
f 1880/2831 1879/2832 1881/2833 1882/2834
f 1880/2831 1882/2834 1883/2835 1820/2836
f 1883/2837 1825/2838 1821/2724 1820/2723
f 1883/2839 1882/2840 1884/2841 1885/2842
f 1883/2839 1885/2842 1886/2843 1825/2844
f 1886/2845 1830/2739 1826/2734 1825/2733
f 1886/2843 1885/2842 1852/2782 1850/2781
f 1886/2845 1850/2846 1848/2847 1830/2739
f 1885/2842 1884/2841 1854/2786 1852/2782
f 1884/2841 1882/2840 1881/2848 1887/2849
f 1884/2841 1887/2849 1856/2789 1854/2786
f 1887/2849 1881/2848 1888/2850 1889/2851
f 1887/2849 1889/2851 1890/2852 1856/2789
f 1890/2852 1889/2851 1891/2853 882/1265
f 1890/2852 882/1265 881/1264 1859/2854
f 1890/2852 1859/2854 1857/2790 1856/2789
f 1891/2853 1889/2851 1888/2850 739/1029
f 1891/2853 739/1029 738/1028 886/2855
f 1891/2853 886/2855 880/1266 882/1265
f 1888/2856 1881/2833 1879/2832 1878/2857
f 1888/2856 1878/2857 740/2858 739/2859
f 1878/2828 1876/2826 741/1033 740/1032
f 1874/2860 730/2861 727/2862 1892/2863
f 1874/2824 1892/2864 742/1034 741/1033
f 1892/2865 727/1002 726/1001 1893/2866
f 1892/2865 1893/2866 743/1037 742/1036
f 1893/2866 726/1001 1894/2867 885/1270
f 1893/2866 885/1270 884/1269 743/1037
f 1894/2868 726/2869 725/2870 1895/2871
f 1894/2868 1895/2871 592/730 591/729
f 1894/2867 591/727 590/726 885/1270
f 1895/2872 1869/2814 1867/2813 592/2873
f 1895/2872 725/1006 729/1005 1869/2814
f 1867/2806 1865/2805 587/731 592/730
f 1865/2802 1863/2800 588/722 587/721
f 1863/2800 1862/2799 878/1256 588/722
f 1862/2797 883/1267 879/1259 878/1258
f 1860/2794 1859/2793 881/1268 883/1267
f 1848/2774 1835/2746 1831/2745 1830/2874
f 1843/2757 755/1054 748/1053 747/2875
f 1843/2876 747/1043 750/1046 1838/2877
f 1843/2757 1842/2756 807/1134 755/1054
f 1842/2756 914/2762 908/1311 807/1134
f 1834/2743 746/1042 745/1041 1593/2878
f 1834/2743 1593/2878 1829/2738 1828/2737
f 1834/2879 1833/2749 750/2751 746/2880
f 1829/2881 1593/2416 1591/2413 1590/2412
f 1829/2881 1590/2412 1824/2731 1823/2730
f 1824/2731 1590/2412 1587/2411 1586/2882
f 1824/2731 1586/2882 1819/2883 1818/2732
f 1819/2721 1586/2406 1584/2404 737/1025
f 1819/2721 737/1025 736/1024 1814/2722
f 1777/2770 1775/2884 917/1326 916/1325
f 1775/2654 1774/2653 1896/2885 917/1321
f 1896/2886 1897/2887 1898/2888 1899/2889
f 1896/2885 1899/2890 918/1322 917/1321
f 1896/2885 1774/2653 1773/2652 1897/2891
f 1899/2890 1898/2892 1900/2893 1901/2894
f 1899/2890 1901/2894 1902/2895 918/1322
f 1902/2895 1901/2894 1903/2896 1904/2897
f 1902/2895 1904/2897 1905/2898 1906/2899
f 1902/2895 1906/2899 913/1318 918/1322
f 1906/2899 1905/2898 909/2900 908/2901
f 1906/2899 908/2901 914/1319 913/1318
f 1905/2902 1904/2903 1907/2904 1908/2905
f 1905/2902 1908/2905 912/1316 909/1315
f 1908/2905 1907/2904 1909/2906 1910/2907
f 1908/2905 1910/2907 1911/2908 912/1316
f 1911/2908 1910/2907 1912/2909 1913/2910
f 1911/2908 1913/2910 1914/2911 1915/2912
f 1911/2908 1915/2912 910/1313 912/1316
f 1915/2912 1914/2911 1916/2913 1917/2914
f 1915/2912 1917/2914 911/1314 910/1313
f 1917/2914 1916/2913 903/2915 901/1294
f 1917/2914 901/1294 900/1293 911/1314
f 1916/2913 1914/2911 1918/2916 1919/2917
f 1916/2913 1919/2917 1920/2918 903/2915
f 1920/2918 1919/2917 1921/2919 1922/2920
f 1920/2921 1922/2922 1923/2923 1924/2924
f 1920/2921 1924/2924 904/1302 903/1301
f 1924/2925 1923/2926 1925/2927 1926/2928
f 1924/2925 1926/2928 905/1305 904/1304
f 1926/2929 1925/2930 1927/2931 1928/2932
f 1926/2929 1928/2932 906/1309 905/1308
f 1928/2933 1927/2934 1929/2935 1930/2936
f 1928/2933 1930/2936 876/1250 906/2937
f 1930/2936 1929/2935 1931/2938 1932/2939
f 1930/2936 1932/2939 877/1251 876/1250
f 1932/2939 1931/2938 1933/2940 1934/2941
f 1932/2939 1934/2941 1935/2942 877/1251
f 1935/2942 1936/2943 874/1252 877/1251
f 1935/2942 1934/2941 961/1405 960/1404
f 1935/2942 960/1404 1937/2944 1936/2943
f 1937/2944 857/1214 854/1209 1936/2943
f 1937/2944 960/1404 169/1403 968/1412
f 1937/2944 968/1412 1938/2945 857/1214
f 1938/2945 1939/2946 1940/2947 1941/2948
f 1938/2945 968/1412 967/1411 1939/2946
f 1941/2949 1940/2950 1942/2951 858/1216
f 1942/2951 1943/2952 1944/2953 1945/2954
f 1942/2951 1945/2954 859/1217 858/1216
f 1942/2951 1940/2950 1946/2955 1943/2952
f 1946/2955 873/2956 1947/2957 1943/2952
f 1946/2958 1940/2947 1939/2946 1948/2959
f 1946/2960 1948/2961 871/1248 873/1247
f 1948/2959 1939/2946 967/1411 1949/2962
f 1948/2959 1949/2962 872/1240 871/1239
f 1949/2962 967/1411 966/1410 1950/2963
f 1949/2962 1950/2963 1951/2964 872/1240
f 1951/2964 1950/2963 1952/2965 1953/2966
f 1951/2964 1953/2966 869/1236 867/1232
f 1951/2964 867/1232 866/1231 872/1240
f 1953/2966 1952/2965 1954/2967 1955/2968
f 1953/2966 1955/2968 1956/2969 869/1236
f 1956/2970 1957/2971 870/2972 869/2973
f 1956/2970 1955/2974 1958/2975 1959/2976
f 1956/2970 1959/2976 1960/2977 1957/2971
f 1960/2978 1961/2979 1962/2980 1957/2981
f 1960/2977 1959/2976 1963/2982 1964/2983
f 1960/2984 1964/2985 1965/2986 1961/2987
f 1965/2988 1966/2989 1967/2990 1961/2991
f 1965/2992 1964/2993 1968/2994 1969/2995
f 1965/2996 1969/2997 1970/2998 1966/2999
f 1970/2998 1971/3000 1972/3001 1966/2999
f 1970/2998 1969/2997 1973/3002 1974/3003
f 1970/2998 1974/3003 1975/3004 1971/3000
f 1975/3005 1976/3006 1977/3007 1971/3008
f 1975/3005 1974/3009 1978/3010 1979/3011
f 1975/3005 1979/3011 1980/3012 1976/3006
f 1980/3012 1981/3013 1982/3014 1976/3006
f 1980/3012 1979/3011 276/149 275/148
f 1980/3012 275/148 279/152 1981/3013
f 1982/3015 1983/3016 1984/3017 1985/3018
f 1982/3014 1985/3019 1977/3007 1976/3006
f 1982/3014 1981/3013 1986/3020 1983/3021
f 1986/3020 1987/3022 1988/3023 1983/3021
f 1986/3020 1981/3013 279/152 1989/3024
f 1986/3020 1989/3024 1990/3025 1987/3022
f 1990/3025 1991/3026 1992/3027 1987/3022
f 1990/3025 1989/3024 1993/3028 1994/3029
f 1990/3025 1994/3029 1995/3030 1991/3026
f 1995/3030 281/3031 1996/3032 1991/3026
f 1995/3033 1994/3034 1997/3035 1998/3036
f 1995/3033 1998/3036 282/156 281/155
f 1998/3037 1997/3038 1999/3039 2000/3040
f 1998/3037 2000/3040 2001/3041 282/160
f 2001/3041 2002/3042 283/161 282/160
f 2001/3041 2000/3040 2003/3043 2004/3044
f 2001/3041 2004/3044 2005/3045 2002/3042
f 2005/3045 2006/3046 2007/3047 2002/3042
f 2005/3048 2004/3049 2008/3050 2009/3051
f 2005/3048 2009/3051 2010/3052 2006/3053
f 2010/3054 2011/3055 2012/3056 2006/3057
f 2010/3052 2009/3051 2013/3058 2014/3059
f 2010/3054 2014/3060 2015/3061 2011/3055
f 2015/3061 2016/3062 2017/3063 2011/3055
f 2015/3064 2014/3065 2018/3066 2019/3067
f 2015/3061 2019/3068 2020/3069 2016/3062
f 2020/3070 2021/3071 2022/3072 2016/3073
f 2020/3070 2019/3074 2023/3075 2024/3076
f 2020/3070 2024/3076 2025/3077 2021/3071
f 2025/3077 2026/3078 2027/3079 2021/3071
f 2025/3077 2024/3076 2028/3080 2029/3081
f 2030/3082 2029/3081 2031/3083 2032/3084
f 2030/3082 2032/3084 2033/3085 2034/3086
f 2032/3084 2031/3083 2035/3087 2036/3088
f 2035/3087 2031/3083 2037/3089 2038/3090
f 2039/3091 2040/3092 15/114 255/117
f 2040/3092 2038/3093 256/118 15/114
f 2038/3090 2037/3089 2041/3094 256/3095
f 2041/3094 2037/3089 2028/3080 2042/3096
f 2041/3094 2042/3096 2043/3097 2044/3098
f 2041/3094 2044/3098 257/3099 256/3095
f 2044/3098 2043/3097 2045/3100 2046/3101
f 2044/3102 2046/3103 2047/3104 257/119
f 2047/3104 2046/3103 2048/3105 2049/3106
f 2047/3104 2049/3106 2050/3107 2051/3108
f 2047/3104 2051/3108 258/120 257/119
f 2051/3108 2050/3107 2052/3109 2053/3110
f 2051/3108 2053/3110 259/125 258/120
f 2053/3110 2052/3109 2054/3111 2055/3112
f 2053/3110 2055/3112 2056/3113 259/125
f 2056/3113 2057/3114 260/126 259/125
f 2056/3113 2055/3112 2058/3115 2059/3116
f 2056/3113 2059/3116 2060/3117 2057/3114
f 2060/3117 2061/3118 2062/3119 2057/3114
f 2060/3117 2059/3116 2063/3120 2064/3121
f 2060/3117 2064/3121 2065/3122 2061/3118
f 2065/3122 439/3123 438/3124 2061/3118
f 2065/3122 2064/3121 2066/3125 2067/3126
f 2065/3127 2067/3128 2068/3129 439/443
f 2068/3129 2067/3128 2069/3130 2070/3131
f 2071/3132 2072/3133 2073/3134 2074/3135
f 2074/3135 2073/3134 2075/3136 434/436
f 2075/3136 2076/3137 2077/3138 434/436
f 2076/3137 2075/3136 2078/3139 2079/3140
f 2076/3141 2079/3142 2080/3143 2081/3144
f 2076/3141 2081/3144 2082/3145 2077/3146
f 2082/3145 2083/3147 2084/3148 2077/3146
f 2082/3145 2081/3144 2085/3149 2086/3150
f 2082/3145 2086/3150 2087/3151 2083/3147
f 2087/3151 2088/3152 2089/3153 2083/3147
f 2087/3151 2086/3150 2090/3154 2091/3155
f 2087/3151 2091/3155 2092/3156 2088/3152
f 2092/3156 2093/3157 429/3158 2088/3152
f 2092/3159 2091/3160 2094/3161 2095/3162
f 2092/3159 2095/3162 2096/3163 2093/3164
f 2096/3165 2097/3166 2098/3167 2093/3168
f 2096/3163 2095/3162 2099/3169 2100/3170
f 2096/3165 2100/3171 2101/3172 2097/3166
f 2101/3173 421/3174 420/3175 2097/3176
f 2101/3172 2100/3171 2102/3177 2103/3178
f 2101/3172 2103/3178 424/422 421/421
f 2103/3178 2102/3177 2104/3179 2105/3180
f 2103/3178 2105/3180 2106/3181 424/422
f 2106/3181 2107/3182 422/423 424/422
f 2106/3181 2105/3180 2108/3183 2109/3184
f 2106/3181 2109/3184 2110/3185 2107/3182
f 2110/3186 2109/3187 2111/3188 2112/3189
f 2110/3186 2112/3189 2113/3190 2114/3191
f 2110/3192 2114/3193 2115/3194 2107/3195
f 2115/3196 423/3197 422/423 2107/3182
f 2115/3198 2114/3199 2116/3200 409/3201
f 2115/3198 409/3201 408/3202 423/3203
f 2116/3204 2114/3205 2113/3206 2117/3207
f 2116/3204 2117/3207 2118/3208 2119/3209
f 2116/3204 2119/3209 406/3210 409/3211
f 2119/3209 2118/3208 2120/3212 2121/3213
f 2119/3209 2121/3213 407/410 406/3210
f 2121/3213 2120/3212 2122/3214 2123/3215
f 2121/3213 2123/3215 418/411 407/410
f 2123/3215 2122/3214 2124/3216 2125/3217
f 2123/3215 2125/3217 419/3218 418/411
f 2125/3219 2124/3220 427/427 426/426
f 2125/3219 426/426 2126/3221 419/407
f 2126/3221 426/426 425/425 2098/3222
f 2126/3223 2098/3224 2097/3225 420/3226
f 2126/3221 420/3227 416/403 419/407
f 2124/3216 2122/3214 2127/3228 2128/3229
f 2124/3220 2128/3230 430/430 427/427
f 2128/3229 2127/3228 2129/3231 2130/3232
f 2128/3230 2130/3233 2131/3234 430/430
f 2131/3234 2130/3233 2132/3235 2084/3236
f 2131/3234 2084/3236 2083/3237 2089/3238
f 2131/3234 2089/3238 428/428 430/430
f 2130/3233 2129/3239 2133/3240 2132/3235
f 2133/3241 2129/3231 2134/3242 2135/3243
f 2133/3241 2135/3243 2136/3244 2137/3245
f 2133/3240 2137/3246 433/434 2132/3235
f 2137/3245 2136/3244 437/440 436/439
f 2137/3246 436/3247 52/431 433/434
f 2136/3244 2135/3243 2138/3248 2139/3249
f 2136/3244 2139/3249 2140/3250 437/440
f 2140/3251 2139/3252 2141/3253 2142/3254
f 2140/3251 2142/3254 2143/3255 2144/3256
f 2140/3251 2144/3256 54/3257 437/3258
f 2144/3256 2143/3255 2145/3259 2146/3260
f 2144/3256 2146/3260 438/3124 54/3257
f 2146/3260 2145/3259 2147/3261 2062/3119
f 2146/3260 2062/3119 2061/3118 438/3124
f 2147/3261 2145/3259 2148/3262 2149/3263
f 2147/3261 2149/3263 261/127 260/126
f 2147/3261 260/126 2057/3114 2062/3119
f 2149/3263 2148/3262 2150/3264 2151/3265
f 2149/3263 2151/3265 2152/3266 261/127
f 2152/3267 2151/3268 2153/3269 2154/3270
f 2152/3266 243/3271 242/128 261/127
f 2155/3272 2154/3270 2156/3273 2157/3274
f 2155/3275 2158/3276 2159/3277 2160/3278
f 2155/3272 243/3279 2152/3267 2154/3270
f 2160/3278 2159/3277 2161/3280 2162/3281
f 2156/3273 2154/3270 2153/3269 2163/3282
f 2156/3273 2163/3282 2164/3283 2165/3284
f 2163/3282 2153/3269 2166/3285 2167/3286
f 2168/3287 2166/3285 2150/3288 2169/3289
f 2168/3287 2169/3289 2170/3290 2171/3291
f 2170/3290 2172/3292 2173/3293 2171/3291
f 2170/3294 2169/3295 2174/3296 2175/3297
f 2170/3294 2175/3297 2176/3298 2172/3299
f 2176/3298 2177/3300 2178/3301 2172/3299
f 2176/3298 2175/3297 2142/3254 2141/3253
f 2176/3298 2141/3253 2179/3302 2177/3300
f 2179/3302 2180/3303 2181/3304 2177/3300
f 2179/3302 2141/3253 2139/3252 2138/3305
f 2179/3306 2138/3248 2182/3307 2180/3308
f 2182/3307 2183/3309 2184/3310 2180/3308
f 2182/3307 2138/3248 2135/3243 2134/3242
f 2182/3307 2134/3242 2185/3311 2183/3309
f 2185/3311 2120/3212 2118/3208 2183/3309
f 2185/3311 2134/3242 2129/3231 2127/3228
f 2185/3311 2127/3228 2122/3214 2120/3212
f 2184/3310 2117/3207 2113/3206 2186/3312
f 2184/3313 2186/3314 2181/3304 2180/3303
f 2184/3310 2183/3309 2118/3208 2117/3207
f 2186/3315 2113/3190 2112/3189 2187/3316
f 2186/3315 2187/3316 2188/3317 2181/3318
f 2188/3317 2187/3316 2189/3319 2190/3320
f 2188/3317 2190/3320 2191/3321 2178/3322
f 2188/3317 2178/3322 2177/3323 2181/3318
f 2191/3321 2190/3320 414/397 2192/3324
f 2191/3321 2192/3324 2193/3325 2173/3293
f 2191/3321 2173/3293 2172/3292 2178/3322
f 2193/3325 2192/3324 2194/3326 2195/3327
f 2193/3328 2195/3329 248/108 247/107
f 2193/3325 247/3330 2171/3291 2173/3293
f 2195/3329 2194/3331 2196/3332 2197/3333
f 2195/3329 2197/3333 2198/3334 248/108
f 2202/3335 2203/3336 2017/3063 2204/3337
f 2204/3337 2017/3063 2016/3062 2022/3338
f 2204/3337 2022/3338 2165/3339 2205/3340
f 2203/3336 2206/3341 2207/3342 2012/3056
f 2203/3336 2012/3056 2011/3055 2017/3063
f 2207/3343 2206/3344 2208/3345 2209/3346
f 2207/3343 2209/3346 2210/3347 2007/3047
f 2207/3343 2007/3047 2006/3046 2012/3348
f 2210/3347 2209/3346 2211/3349 2212/3350
f 2210/3347 2212/3350 284/162 283/161
f 2210/3347 283/161 2002/3042 2007/3047
f 2212/3350 2211/3349 2213/3351 2214/3352
f 2212/3350 2214/3352 2215/3353 284/162
f 2215/3353 2214/3352 2216/3354 379/334
f 2215/3353 379/334 378/333 307/3355
f 2215/3353 307/3355 285/3356 284/162
f 2216/3354 2217/3357 2218/3358 386/357
f 2216/3354 386/357 377/330 379/334
f 2216/3354 2214/3352 2213/3351 2217/3357
f 2218/3358 2219/3359 2220/3360 2221/3361
f 2218/3358 2221/3361 387/358 386/357
f 2218/3358 2217/3357 2222/3362 2219/3359
f 2222/3362 2223/3363 2224/3364 2219/3359
f 2222/3362 2217/3357 2213/3351 2225/3365
f 2222/3362 2225/3365 2226/3366 2223/3363
f 2226/3366 2227/3367 2228/3368 2223/3363
f 2226/3366 2225/3365 2229/3369 2230/3370
f 2226/3366 2230/3370 2231/3371 2227/3367
f 2231/3371 2232/3372 2233/3373 2227/3367
f 2231/3371 2230/3370 2234/3374 2235/3375
f 2231/3371 2235/3375 2236/3376 2232/3372
f 2236/3376 2237/3377 2238/3378 2232/3372
f 2236/3379 2235/3380 2200/3381 2239/3382
f 2236/3379 2239/3382 2240/3383 2237/3384
f 2240/3383 2241/3385 2242/3386 2237/3384
f 2240/3383 2239/3382 2243/3387 2244/3388
f 2240/3383 2244/3388 2245/3389 2241/3385
f 2245/3389 2246/3390 2104/3179 2241/3385
f 2245/3389 2244/3388 2196/3391 415/400
f 2245/3389 415/400 412/399 2246/3390
f 2246/3390 2108/3183 2105/3180 2104/3179
f 2246/3390 412/399 411/3392 2108/3183
f 2244/3388 2243/3387 2197/3393 2196/3391
f 2242/3394 2102/3395 2100/3170 2099/3169
f 2242/3394 2099/3169 2238/3378 2237/3377
f 2242/3386 2241/3385 2104/3179 2102/3177
f 2239/3382 2200/3381 2199/3396 2243/3387
f 2238/3378 2099/3169 2095/3162 2094/3161
f 2238/3378 2094/3161 2233/3373 2232/3372
f 2235/3380 2234/3397 2201/3398 2200/3381
f 2234/3374 2230/3370 2229/3369 2208/3345
f 2234/3397 2208/3399 2206/3341 2201/3398
f 2233/3373 2094/3161 2091/3160 2090/3400
f 2233/3373 2090/3400 2228/3368 2227/3367
f 2229/3369 2225/3365 2213/3351 2211/3349
f 2229/3369 2211/3349 2209/3346 2208/3345
f 2228/3368 2090/3400 2086/3401 2085/3402
f 2228/3368 2085/3402 2224/3364 2223/3363
f 2224/3364 2085/3402 2081/3403 2080/3404
f 2224/3364 2080/3404 2220/3360 2219/3359
f 2221/3405 2220/3406 2247/3407 2248/3408
f 2221/3405 2248/3408 2249/3409 387/3410
f 2249/3411 2248/3412 2250/3413 2251/3414
f 2252/3415 42/3416 387/3410 2249/3409
f 2249/3411 2251/3414 2253/3417 2252/3418
f 2251/3414 2250/3413 2254/3419 2255/3420
f 2251/3414 2255/3420 2256/3421 2253/3417
f 2256/3421 2255/3420 2257/3422 2258/3423
f 2256/3421 2258/3423 388/3424 43/3425
f 2256/3421 43/3425 2259/3426 2253/3417
f 2258/3427 2257/3428 2260/3429 2261/3430
f 2258/3427 2261/3430 2262/3431 388/360
f 2262/3431 2261/3430 2263/3432 2264/3433
f 2262/3431 2264/3433 2265/3434 2266/3435
f 2262/3431 2266/3435 389/361 388/360
f 2266/3435 2267/3436 2268/3437 389/361
f 2266/3435 2265/3434 2269/3438 2267/3436
f 2269/3438 2270/3439 2271/3440 2267/3436
f 2269/3441 2265/3442 397/3443 2272/3444
f 2269/3441 2272/3444 2273/3445 2270/3446
f 2273/3445 2274/3447 2275/3448 2270/3446
f 2273/3449 2272/3450 2276/3451 2277/3452
f 2273/3449 2277/3452 2278/3453 2274/3454
f 2278/3453 1632/3455 2279/3456 2274/3454
f 2278/3457 2277/3458 2280/3459 1635/2481
f 2278/3457 1635/2481 1633/2479 1632/2478
f 2280/3459 2277/3458 2276/3460 2281/3461
f 2280/3459 2281/3461 2282/3462 2283/3463
f 2280/3459 2283/3463 1636/2482 1635/2481
f 2283/3463 2282/3462 2284/3464 2285/3465
f 2283/3463 2285/3465 1637/2483 1636/2482
f 2285/3465 2284/3464 2286/3466 2287/3467
f 2285/3465 2287/3467 1639/2485 1637/2483
f 2287/3467 2286/3466 2288/3468 2289/3469
f 2287/3467 2289/3469 1641/2487 1639/2485
f 2289/3470 2288/3471 2290/3472 2291/3473
f 2289/3470 2291/3473 1643/2492 1641/2491
f 2291/3473 2290/3472 2292/3474 2293/3475
f 2291/3473 2293/3475 2294/3476 1643/2492
f 2294/3476 1646/3477 1644/2493 1643/2492
f 2294/3478 2293/3479 2295/3480 2296/3481
f 2294/3478 2296/3481 2297/3482 1646/2499
f 2297/3482 2296/3481 2298/3483 2299/3484
f 2297/3482 2299/3484 2300/3485 1649/2503
f 2297/3482 1649/2503 1647/2500 1646/2499
f 2300/3485 1652/2506 1650/2504 1649/2503
f 2300/3485 2299/3484 2301/3486 2302/3487
f 2300/3485 2302/3487 1654/2508 1652/2506
f 2302/3487 2301/3486 2303/3488 2304/3489
f 2302/3487 2304/3489 1656/2510 1654/2508
f 2304/3490 2303/3491 2305/3492 2306/3493
f 2304/3490 2306/3493 1658/2516 1656/2515
f 2306/3493 2305/3492 2307/3494 2308/3495
f 2306/3493 2308/3495 1660/2518 1658/2516
f 2308/3495 2307/3494 2309/3496 2310/3497
f 2308/3495 2310/3497 1662/2520 1660/2518
f 2310/3497 2309/3496 2311/3498 2312/3499
f 2310/3497 2312/3499 1664/2522 1662/2520
f 2312/3499 2311/3498 2313/3500 2314/3501
f 2312/3499 2314/3501 1666/2524 1664/2522
f 2314/3501 2313/3500 2315/3502 2316/3503
f 2314/3501 2316/3503 1668/2526 1666/2524
f 2316/3503 2315/3502 2317/3504 2318/3505
f 2316/3503 2318/3505 2319/3506 1668/2526
f 2319/3506 2318/3505 2320/3507 2321/3508
f 2319/3506 2321/3508 2322/3509 1671/2529
f 2319/3506 1671/2529 1669/2527 1668/2526
f 2322/3509 2321/3508 2323/3510 2324/3511
f 2322/3509 2324/3511 2325/3512 1674/2532
f 2322/3509 1674/2532 1672/2530 1671/2529
f 2325/3512 2324/3511 2326/3513 2327/3514
f 2325/3512 2327/3514 2328/3515 2329/3516
f 2325/3512 2329/3516 1675/2533 1674/2532
f 2329/3516 2328/3515 2330/3517 2331/3518
f 2329/3516 2331/3518 1676/2534 1675/2533
f 2331/3518 2330/3517 1061/3519 2332/3520
f 2331/3518 2332/3520 1678/2536 1676/2534
f 2332/3521 1061/1548 1031/1547 2333/3522
f 2332/3521 2333/3522 1680/2540 1678/2539
f 2333/3523 1031/1501 1030/1499 2334/3524
f 2333/3523 2334/3524 1682/2544 1680/2543
f 2334/3524 1030/1499 1029/1498 2335/3525
f 2334/3524 2335/3525 1684/2546 1682/2544
f 2335/3525 1029/1498 1028/1497 2336/3526
f 2335/3525 2336/3526 2337/3527 1684/2546
f 2337/3527 2336/3526 2338/3528 2339/3529
f 2337/3527 2339/3529 1689/2551 1687/2549
f 2337/3527 1687/2549 1685/2547 1684/2546
f 2339/3529 2338/3528 2340/3530 2341/3531
f 2339/3529 2341/3531 2342/3532 1689/2551
f 2342/3532 1692/2554 1690/2552 1689/2551
f 2343/3533 2344/3534 2345/3535 2346/3536
f 2343/3533 2346/3536 2347/3537 1696/2558
f 2347/3537 2346/3536 2348/3538 2349/3539
f 2347/3537 2349/3539 2350/3540 1699/2561
f 2347/3537 1699/2561 1697/2559 1696/2558
f 2350/3540 2349/3539 2351/3541 2352/3542
f 2350/3540 2352/3542 2353/3543 1702/2564
f 2350/3540 1702/2564 1700/2562 1699/2561
f 2353/3543 2352/3542 2354/3544 2355/3545
f 2353/3543 2355/3545 2356/3546 2357/3547
f 2353/3543 2357/3547 1703/2565 1702/2564
f 2357/3547 2356/3546 2358/3548 1707/2569
f 2357/3547 1707/2569 1704/2566 1703/2565
f 2358/3548 2356/3546 2359/3549 2360/3550
f 2358/3548 2360/3550 2361/3551 1710/2573
f 2358/3548 1710/2573 1708/2570 1707/2569
f 2361/3551 2360/3550 2362/3552 2363/3553
f 2361/3551 2363/3553 2364/3554 2365/3555
f 2361/3551 2365/3555 1711/2574 1710/2573
f 2365/3556 2364/3557 2366/3558 2367/3559
f 2365/3556 2367/3559 1712/2577 1711/2576
f 2367/3559 2366/3558 2368/3560 2369/3561
f 2367/3559 2369/3561 1714/2581 1712/2577
f 2369/3561 2368/3560 2370/3562 2371/3563
f 2369/3561 2371/3563 1716/2583 1714/2581
f 2371/3564 2370/3565 2372/3566 2373/3567
f 2371/3564 2373/3567 1718/2587 1716/2586
f 2373/3567 2372/3566 2374/3568 2375/3569
f 2373/3567 2375/3569 1720/2589 1718/2587
f 2375/3569 2374/3568 2376/3570 2377/3571
f 2375/3569 2377/3571 1722/2591 1720/2589
f 2377/3571 2376/3570 2378/3572 2379/3573
f 2378/3572 2376/3570 2380/3574 2381/3575
f 2378/3572 2381/3575 2382/3576 2383/3577
f 2382/3578 2381/3579 195/3580 1/3581
f 2381/3582 2380/3583 46/378 195/381
f 2380/3574 2376/3570 2374/3568 2384/3584
f 2384/3584 2374/3568 2372/3566 2385/3585
f 2385/3585 2372/3566 2370/3565 2386/3586
f 2385/3587 2386/3588 202/3589 46/3590
f 2386/3591 2370/3562 2368/3560 2387/3592
f 2386/3591 2387/3592 2388/3593 202/3594
f 2388/3593 2387/3592 403/388 402/387
f 2388/3593 402/387 401/3595 2389/3596
f 2388/3597 2389/3598 2/13 202/20
f 2389/3599 401/3600 2390/3601 2391/3602
f 2389/3603 2391/3604 197/3605 2/3606
f 2391/3604 2392/3607 2393/3608 197/3605
f 2391/3609 2390/3610 2394/3611 2392/3612
f 2394/3613 2395/3614 2396/3615 2392/3607
f 2394/3611 2390/3610 463/3616 2397/3617
f 2394/3618 2397/3619 2398/3620 2395/3621
f 2398/3620 2399/3622 2400/3623 2395/3621
f 2398/3620 2397/3619 2401/3624 2402/3625
f 2398/3620 2402/3625 2403/3626 2399/3622
f 2403/3626 450/463 449/462 2399/3622
f 2403/3626 2402/3625 2404/3627 2405/3628
f 2403/3626 2405/3628 2406/3629 450/463
f 2406/3629 2407/3630 451/464 450/463
f 2406/3629 2405/3628 2408/3631 2409/3632
f 2406/3629 2409/3632 2410/3633 2407/3630
f 2410/3634 2411/3635 2412/3636 2407/3637
f 2410/3633 2409/3632 456/475 455/474
f 2410/3634 455/484 460/483 2411/3635
f 2412/3636 2411/3635 2413/3638 2414/3639
f 2412/3636 2414/3639 444/451 452/467
f 2412/3636 452/467 451/466 2407/3637
f 2414/3639 2413/3638 2415/3640 2416/3641
f 2414/3639 2416/3641 445/452 444/451
f 2416/3642 2415/3643 2417/3644 2418/3645
f 2416/3642 2418/3645 446/455 445/454
f 2418/3645 2417/3644 2419/3646 2420/3647
f 2418/3645 2420/3647 2421/3648 446/455
f 2421/3648 2420/3647 2422/3649 2423/3650
f 2421/3648 2423/3650 2424/3651 2425/3652
f 2421/3648 2425/3652 447/456 446/455
f 2425/3653 2424/3654 2396/3615 2426/3655
f 2425/3653 2426/3655 448/459 447/458
f 2426/3655 2396/3615 2395/3614 2400/3656
f 2426/3655 2400/3656 454/3657 448/459
f 2424/3651 2423/3650 2427/3658 2393/3659
f 2424/3654 2393/3608 2392/3607 2396/3615
f 2427/3658 2423/3650 2422/3649 2428/3660
f 2427/3658 2428/3660 2429/3661 198/3662
f 2427/3658 198/3662 197/3663 2393/3659
f 2429/3664 2428/3665 398/3666 397/3667
f 2429/3664 397/3667 2265/3668 2430/3669
f 2429/3670 2430/3671 199/16 198/15
f 2430/3672 399/377 400/376
f 2430/3671 400/3673 200/17 199/16
f 2430/3672 2265/3674 2431/3675 2432/3676
f 2430/3672 2432/3676 2433/3677 399/377
f 2433/3677 2432/3676 194/7 193/6
f 2433/3677 193/6 196/380 2434/3678
f 2433/3677 2434/3678 45/375 399/377
f 2434/3678 196/380 201/379 200/3679
f 2434/3678 200/3679 400/376 45/375
f 2432/3676 2431/3675 2435/3680 194/7
f 2435/3680 2436/3681 2054/3111 2437/3682
f 2435/3680 2437/3682 190/8 194/7
f 2435/3680 2431/3675 2438/3683 2436/3681
f 2438/3683 2439/3684 2058/3115 2436/3681
f 2438/3683 2431/3675 2265/3674 2264/3685
f 2438/3683 2264/3685 2263/3686 2439/3684
f 2439/3684 2063/3120 2059/3116 2058/3115
f 2439/3684 2263/3686 2440/3687 2063/3120
f 2440/3687 2066/3125 2064/3121 2063/3120
f 2440/3688 2263/3432 2261/3430 2260/3429
f 2440/3688 2260/3429 2441/3689 2066/3690
f 2441/3689 2069/3130 2067/3128 2066/3690
f 2441/3689 2260/3429 2257/3428 2442/3691
f 2441/3692 2442/3693 2443/3694 2069/3695
f 2443/3694 2444/3696 2070/3697 2069/3695
f 2443/3694 2442/3693 2254/3419 2445/3698
f 2443/3694 2445/3698 2446/3699 2444/3696
f 2446/3699 2073/3134 2072/3133 2444/3696
f 2446/3699 2445/3698 2447/3700 2078/3139
f 2446/3699 2078/3139 2075/3136 2073/3134
f 2447/3700 2445/3698 2254/3419 2250/3413
f 2447/3700 2250/3413 2248/3412 2247/3701
f 2447/3700 2247/3701 2079/3140 2078/3139
f 2442/3693 2257/3422 2255/3420 2254/3419
f 2437/3682 2054/3111 2052/3109 2448/3702
f 2437/3682 2448/3702 191/3703 190/8
f 2448/3702 2052/3109 2050/3107 2449/3704
f 2448/3702 2449/3704 2450/3705 191/3703
f 2450/3705 2449/3704 2451/3706 2452/3707
f 2450/3705 2452/3707 2453/3708 2454/3709
f 2450/3705 2454/3709 192/3710 191/3703
f 2454/3709 2453/3708 2455/3711 2456/3712
f 2454/3709 2456/3712 2457/3713 192/3710
f 2457/3713 2456/3712 1731/3714 1728/3715
f 2457/3716 1728/2597 1726/2595 1725/2594
f 2457/3717 1725/3718 1/1 192/4
f 2456/3712 2455/3711 1733/3719 1731/3714
f 2455/3720 2453/3721 2458/3722 2459/3723
f 2455/3724 2459/3725 1734/2603 1733/2602
f 2459/3723 2458/3722 2460/3726 2461/3727
f 2459/3723 2461/3727 1736/2607 1734/2606
f 2461/3727 2460/3726 2462/3728 2463/3729
f 2461/3727 2463/3729 1740/2611 1736/2607
f 2463/3729 2462/3728 2464/3730 2465/3731
f 2463/3729 2465/3731 1741/2612 1740/2611
f 2465/3731 2464/3730 2466/3732 2467/3733
f 2465/3731 2467/3733 2468/3734 1741/2612
f 2468/3735 2467/3736 2469/3737 2470/3738
f 2468/3735 2470/3738 2471/3739 1744/2618
f 2468/3734 1744/3740 1742/2613 1741/2612
f 2471/3739 2470/3738 266/3741 2472/3742
f 2471/3739 2472/3742 1749/2623 1747/2621
f 2471/3739 1747/2621 1745/2619 1744/2618
f 2472/3742 266/3741 265/3743 2473/3744
f 2472/3745 2473/3746 1751/2627 1749/2626
f 2470/3738 2469/3737 267/3747 266/3741
f 2469/3737 2474/3748 2475/3749 267/3747
f 2469/3737 2467/3736 2466/3750 2474/3748
f 2475/3751 2476/3752 1999/3039 2477/3753
f 2475/3751 2477/3753 18/133 267/136
f 2475/3749 2474/3748 2478/3754 2476/3755
f 2478/3754 2479/3756 2003/3757 2476/3755
f 2478/3754 2474/3748 2466/3750 2480/3758
f 2478/3754 2480/3758 2481/3759 2479/3756
f 2481/3759 2482/3760 2008/3050 2479/3756
f 2481/3759 2480/3758 2483/3761 2484/3762
f 2481/3763 2484/3764 2485/3765 2482/3766
f 2485/3765 2486/3767 2013/3768 2482/3766
f 2485/3765 2484/3764 2487/3769 2488/3770
f 2485/3765 2488/3770 2489/3771 2486/3767
f 2489/3771 2490/3772 2018/3066 2486/3767
f 2489/3771 2488/3770 2491/3773 2045/3774
f 2489/3771 2045/3774 2043/3775 2490/3772
f 2491/3773 2488/3770 2487/3769 2492/3776
f 2491/3773 2492/3776 2493/3777 2048/3778
f 2491/3773 2048/3778 2046/3779 2045/3774
f 2493/3780 2492/3781 2494/3782 2495/3783
f 2493/3784 2495/3785 2452/3707 2451/3706
f 2493/3786 2451/3787 2049/3788 2048/3789
f 2495/3790 2494/3791 2460/3726 2458/3722
f 2495/3792 2458/3793 2453/3794 2452/3795
f 2494/3791 2492/3776 2487/3769 2496/3796
f 2494/3791 2496/3796 2462/3728 2460/3726
f 2496/3796 2487/3769 2484/3764 2483/3797
f 2496/3796 2483/3797 2464/3730 2462/3728
f 2490/3772 2023/3798 2019/3067 2018/3066
f 2490/3772 2043/3775 2042/3799 2023/3798
f 2486/3767 2018/3066 2014/3065 2013/3768
f 2483/3761 2480/3758 2466/3750 2464/3800
f 2482/3760 2013/3058 2009/3051 2008/3050
f 2479/3756 2008/3050 2004/3049 2003/3757
f 2477/3753 1999/3039 1997/3038 2497/3801
f 2477/3753 2497/3801 268/3802 18/133
f 2497/3803 1997/3035 1994/3034 1993/3804
f 2497/3805 1993/3028 278/151 268/3806
f 2476/3752 2003/3043 2000/3040 1999/3039
f 2451/3706 2449/3704 2050/3107 2049/3106
f 2436/3681 2058/3115 2055/3112 2054/3111
f 2428/3660 2422/3649 2498/3807 398/3808
f 2498/3807 2419/3646 2499/3809 2500/3810
f 2498/3807 2500/3810 395/3811 398/3808
f 2498/3807 2422/3649 2420/3647 2419/3646
f 2500/3812 2499/3813 2501/3814 2502/3815
f 2500/3816 2502/3817 396/3818 395/3819
f 2502/3817 2501/3820 2503/3821 2504/3822
f 2502/3817 2504/3822 2505/3823 396/3818
f 2505/3823 2504/3822 2506/3824 2507/3825
f 2505/3826 2507/3827 2508/3828 2509/3829
f 2505/3823 2509/3830 392/3831 396/3818
f 2509/3832 2508/3833 2510/3834 2511/3835
f 2509/3836 2511/3837 393/3838 392/3839
f 2511/3840 2510/3841 2512/3842 2513/3843
f 2511/3840 2513/3843 473/507 393/510
f 2513/3843 2512/3842 2514/3844 2515/3845
f 2513/3843 2515/3845 474/508 473/507
f 2515/3845 2514/3844 2286/3466 2284/3464
f 2515/3845 2284/3464 2282/3462 474/508
f 2514/3844 2512/3842 2516/3846 2517/3847
f 2514/3844 2517/3847 2288/3468 2286/3466
f 2517/3848 2516/3849 2518/3850 2519/3851
f 2517/3848 2519/3851 2290/3472 2288/3471
f 2519/3851 2518/3850 2520/3852 2521/3853
f 2519/3851 2521/3853 2292/3474 2290/3472
f 2521/3854 2520/3855 2522/3856 2523/3857
f 2521/3854 2523/3857 2524/3858 2292/3859
f 2524/3858 2523/3857 2525/3860 2526/3861
f 2524/3858 2526/3861 2527/3862 2295/3480
f 2524/3858 2295/3480 2293/3479 2292/3859
f 2527/3862 2526/3861 2528/3863 2529/3864
f 2527/3862 2529/3864 2530/3865 2298/3483
f 2527/3862 2298/3483 2296/3481 2295/3480
f 2530/3865 2529/3864 2531/3866 2532/3867
f 2530/3865 2532/3867 2303/3488 2301/3486
f 2530/3865 2301/3486 2299/3484 2298/3483
f 2532/3868 2531/3869 2533/3870 2534/3871
f 2532/3868 2534/3871 2305/3492 2303/3491
f 2534/3871 2533/3870 2535/3872 2536/3873
f 2534/3871 2536/3873 2307/3494 2305/3492
f 2536/3873 2535/3872 2537/3874 2538/3875
f 2536/3873 2538/3875 2309/3496 2307/3494
f 2538/3875 2537/3874 2539/3876 2540/3877
f 2538/3875 2540/3877 2311/3498 2309/3496
f 2540/3877 2539/3876 2541/3878 2542/3879
f 2540/3877 2542/3879 2313/3500 2311/3498
f 2542/3879 2541/3878 2543/3880 2544/3881
f 2542/3879 2544/3881 2315/3502 2313/3500
f 2544/3881 2543/3880 2545/3882 2546/3883
f 2544/3881 2546/3883 2317/3504 2315/3502
f 2546/3883 2545/3882 2547/3884 2548/3885
f 2546/3883 2548/3885 2549/3886 2317/3504
f 2549/3886 2548/3885 2550/3887 2551/3888
f 2549/3886 2551/3888 2552/3889 2320/3507
f 2549/3886 2320/3507 2318/3505 2317/3504
f 2552/3889 2551/3888 2553/3890 2554/3891
f 2552/3889 2554/3891 2555/3892 2323/3510
f 2552/3889 2323/3510 2321/3508 2320/3507
f 2555/3892 2554/3891 2556/3893 2557/3894
f 2555/3892 2557/3894 2558/3895 2326/3513
f 2555/3892 2326/3513 2324/3511 2323/3510
f 2558/3895 2557/3894 2559/3896 2560/3897
f 2558/3895 2560/3897 2561/3898 2562/3899
f 2558/3895 2562/3899 2327/3514 2326/3513
f 2562/3899 2561/3898 2563/3900 2564/3901
f 2562/3899 2564/3901 2328/3515 2327/3514
f 2564/3901 2563/3900 2565/3902 2566/3903
f 2564/3901 2566/3903 2330/3517 2328/3515
f 2566/3903 2565/3902 1059/3904 1058/3905
f 2566/3903 1058/3905 1061/3519 2330/3517
f 2565/3902 2563/3900 2567/3906 2568/3907
f 2565/3902 2568/3907 2569/3908 1059/3904
f 2569/3908 2568/3907 1066/1558 1065/1557
f 2569/3908 1065/1557 1036/3909 1035/3910
f 2569/3911 1035/3912 1060/1545 1059/1544
f 2568/3907 2567/3906 2570/3913 1066/1558
f 2570/3913 2571/3914 2572/3915 2573/3916
f 2570/3913 2573/3916 1063/1559 1066/1558
f 2570/3913 2567/3906 2574/3917 2571/3914
f 2574/3917 2575/3918 2576/3919 2571/3914
f 2574/3917 2567/3906 2563/3900 2561/3898
f 2574/3917 2561/3898 2560/3897 2575/3918
f 2576/3920 2577/3921 2578/3922 2579/3923
f 2576/3919 2579/3924 2572/3915 2571/3914
f 2576/3919 2575/3918 2580/3925 2577/3926
f 2580/3925 2581/3927 2582/3928 2577/3926
f 2580/3925 2575/3918 2560/3897 2559/3896
f 2580/3925 2559/3896 2583/3929 2581/3927
f 2583/3929 2584/3930 206/3931 2581/3927
f 2583/3929 2559/3896 2557/3894 2556/3893
f 2583/3929 2556/3893 2585/3932 2584/3930
f 2585/3932 2586/3933 2587/3934 2584/3930
f 2585/3932 2556/3893 2554/3891 2553/3890
f 2585/3932 2553/3890 2588/3935 2586/3933
f 2588/3935 2589/3936 2590/3937 2586/3933
f 2588/3935 2553/3890 2551/3888 2550/3887
f 2588/3935 2550/3887 2591/3938 2589/3936
f 2591/3938 2592/3939 2593/3940 2589/3936
f 2591/3938 2550/3887 2548/3885 2547/3884
f 2591/3938 2547/3884 2594/3941 2592/3939
f 2594/3941 2595/3942 2596/3943 2592/3939
f 2594/3941 2547/3884 2545/3882 2597/3944
f 2594/3941 2597/3944 2598/3945 2595/3942
f 2598/3945 2599/3946 2600/3947 2595/3942
f 2598/3945 2597/3944 2601/3948 2602/3949
f 2598/3945 2602/3949 2603/3950 2599/3946
f 2603/3951 2604/3952 2605/3953 2599/3954
f 2603/3950 2602/3949 2606/3955 2607/3956
f 2603/3951 2607/3957 2608/3958 2604/3952
f 2608/3958 2609/3959 2610/3960 2604/3952
f 2608/3958 2607/3957 2611/3961 2612/3962
f 2608/3963 2612/3964 2613/3965 2609/3966
f 2613/3967 2614/3968 2615/3969 2609/3970
f 2613/3965 2612/3964 2616/3971 2617/3972
f 2613/3967 2617/3973 2618/3974 2614/3968
f 2618/3975 2359/3549 2619/3976 2614/3977
f 2618/3974 2617/3973 2620/3978 2362/3979
f 2618/3975 2362/3552 2360/3550 2359/3549
f 2620/3980 2617/3981 2616/3982 2621/3983
f 2620/3980 2621/3983 2622/3984 2623/3985
f 2620/3978 2623/3986 2363/3987 2362/3979
f 2623/3986 2622/3988 405/3989 404/389
f 2623/3986 404/389 2364/3557 2363/3987
f 2622/3990 2621/3991 2624/3992 2625/3993
f 2622/3990 2625/3993 466/493 405/492
f 2625/3993 2624/3992 2626/3994 2627/3995
f 2625/3993 2627/3995 2628/3996 466/493
f 2628/3997 2627/3998 2629/3999 2630/4000
f 2628/3996 2630/4001 2528/4002 2631/4003
f 2628/3996 2631/4003 464/494 466/493
f 2631/4004 2528/3863 2526/3861 2525/3860
f 2631/4004 2525/3860 465/490 464/489
f 2630/4000 2629/3999 2533/3870 2531/3869
f 2630/4005 2531/3866 2529/3864 2528/3863
f 2629/3999 2627/3998 2626/4006 2632/4007
f 2629/3999 2632/4007 2535/3872 2533/3870
f 2632/4007 2626/4006 2633/4008 2634/4009
f 2632/4007 2634/4009 2537/3874 2535/3872
f 2634/4009 2633/4008 2635/4010 2636/4011
f 2634/4009 2636/4011 2539/3876 2537/3874
f 2636/4011 2635/4010 2606/3955 2637/4012
f 2636/4011 2637/4012 2541/3878 2539/3876
f 2637/4012 2606/3955 2602/3949 2601/3948
f 2637/4012 2601/3948 2543/3880 2541/3878
f 2635/4010 2611/4013 2607/3956 2606/3955
f 2635/4014 2633/4015 2638/4016 2611/3961
f 2638/4016 2616/4017 2612/3962 2611/3961
f 2638/4016 2633/4015 2626/3994 2624/3992
f 2638/4016 2624/3992 2621/3991 2616/4017
f 2619/3976 2355/3545 2354/3544 2639/4018
f 2619/3976 2639/4018 2615/4019 2614/3977
f 2619/3976 2359/3549 2356/3546 2355/3545
f 2639/4018 2354/3544 2640/4020 2641/4021
f 2639/4018 2641/4021 2642/4022 2615/4019
f 2642/4023 2641/4024 2643/4025 2644/4026
f 2642/4023 2644/4026 2645/4027 2610/4028
f 2642/4023 2610/4028 2609/3970 2615/3969
f 2645/4027 2644/4026 2646/4029 2647/4030
f 2645/4031 2647/4032 2648/4033 2605/3953
f 2645/4031 2605/3953 2604/3952 2610/3960
f 2648/4033 2647/4032 2649/4034 2650/4035
f 2648/4033 2650/4035 2651/4036 2600/4037
f 2648/4033 2600/4037 2599/3954 2605/3953
f 2651/4036 2650/4035 2652/4038 2653/4039
f 2651/4040 2653/4041 2654/4042 2596/3943
f 2651/4040 2596/3943 2595/3942 2600/3947
f 2654/4043 2653/4039 2655/4044 2656/4045
f 2654/4042 2656/4046 2657/4047 2593/3940
f 2654/4042 2593/3940 2592/3939 2596/3943
f 2657/4047 2656/4046 2658/4048 2659/4049
f 2657/4047 2659/4049 2660/4050 2590/3937
f 2657/4047 2590/3937 2589/3936 2593/3940
f 2660/4050 2659/4049 224/4051 204/4052
f 2660/4050 204/4052 203/4053 2587/3934
f 2660/4050 2587/3934 2586/3933 2590/3937
f 2659/4054 2658/4055 223/69 224/71
f 2658/4055 2661/4056 221/70 223/69
f 2658/4055 2656/4045 2655/4044 2661/4056
f 2661/4057 2662/4058 220/4059 221/4060
f 2661/4057 2655/4061 2663/4062 2662/4058
f 2663/4063 2664/4064 2665/4065 2662/4066
f 2663/4067 2655/4044 2653/4039 2652/4038
f 2663/4063 2652/4068 2666/4069 2664/4064
f 2666/4070 226/82 2667/4071 2664/4072
f 2666/4073 2652/4074 2650/4075 2649/4076
f 2666/4077 2649/4078 227/4079 226/4080
f 2667/4071 226/82 10/81 2668/4081
f 2667/4071 2668/4081 2669/4082 2670/4083
f 2667/4071 2670/4083 2665/4084 2664/4072
f 2670/4083 2669/4082 211/40 215/44
f 2670/4083 215/44 218/54 2665/4084
f 2669/4082 2668/4081 2671/4085 2672/4086
f 2669/4082 2672/4086 212/41 211/40
f 2672/4086 2671/4085 2673/4087 2674/4088
f 2672/4086 2674/4088 2675/4089 212/41
f 2675/4089 2674/4088 2676/4090 2677/4091
f 2675/4089 2677/4091 2678/4092 225/4093
f 2675/4089 225/4093 213/42 212/41
f 2678/4092 2677/4091 2679/4094 2680/4095
f 2678/4096 2680/4097 2578/4098 2681/4099
f 2678/4096 2681/4099 207/29 225/78
f 2681/4100 2578/3922 2577/3921 2582/4101
f 2681/4099 2582/4102 205/30 207/29
f 2680/4095 2679/4094 2682/4103 2683/4104
f 2680/4097 2683/4105 2579/4106 2578/4098
f 2683/4104 2682/4103 2684/4107 2685/4108
f 2683/4105 2685/4109 2572/4110 2579/4106
f 2685/4108 2684/4107 2686/4111 2687/4112
f 2685/4109 2687/4113 2573/4114 2572/4110
f 2687/4112 2686/4111 2688/4115 1064/4116
f 2687/4113 1064/1554 1063/1553 2573/4114
f 2688/4115 2686/4111 1042/1520 1039/1517
f 2688/4115 1039/1517 1033/1505 1032/1504
f 2688/4115 1032/1504 1037/4117 1064/4116
f 2686/4111 2684/4107 2689/4118 1042/1520
f 2689/4118 2690/4119 2691/4120 2692/4121
f 2689/4118 2692/4121 1040/1518 1042/1520
f 2689/4118 2684/4107 2682/4103 2690/4119
f 2692/4121 2691/4120 1025/1491 1024/1490
f 2692/4121 1024/1490 1041/1519 1040/1518
f 2691/4120 2693/4122 1050/1529 1025/1491
f 2691/4120 2690/4119 2694/4123 2693/4122
f 2694/4123 2676/4090 2695/4124 2693/4122
f 2694/4123 2690/4119 2682/4103 2679/4094
f 2694/4123 2679/4094 2677/4091 2676/4090
f 2695/4124 2673/4087 1049/1528 1048/1527
f 2695/4124 1048/1527 1050/1529 2693/4122
f 2695/4124 2676/4090 2674/4088 2673/4087
f 2673/4087 2671/4085 2696/4125 1049/1528
f 2671/4085 2668/4081 10/81 2696/4125
f 2665/4126 218/60 220/59 2662/4127
f 2649/4078 2647/4030 2646/4029 227/4079
f 2646/4029 2697/4128 228/4129 227/4079
f 2646/4029 2644/4026 2643/4025 2697/4128
f 2697/4130 2698/4131 229/85 228/84
f 2697/4130 2643/4132 2699/4133 2698/4131
f 2699/4133 2700/4134 2701/4135 2698/4131
f 2699/4133 2643/4132 2641/4021 2640/4020
f 2699/4133 2640/4020 2351/3541 2700/4134
f 2701/4135 2702/4136 2703/4137 2704/4138
f 2701/4135 2704/4138 229/85 2698/4131
f 2701/4135 2700/4134 2348/3538 2702/4136
f 2704/4138 2703/4137 2705/4139 2706/4140
f 2704/4138 2706/4140 230/86 229/85
f 2706/4140 2705/4139 2707/4141 2708/4142
f 2706/4143 2708/4144 2709/4145 230/4146
f 2710/4147 1047/1526 1046/1525 2711/4148
f 2710/4147 2705/4139 2703/4137 2712/4149
f 2710/4147 2712/4149 2713/4150 1047/1526
f 2713/4150 2340/3530 1043/1522 1047/1526
f 2713/4150 2712/4149 2345/3535 2344/3534
f 2713/4150 2344/3534 2341/3531 2340/3530
f 2712/4149 2703/4137 2702/4136 2345/3535
f 2702/4136 2348/3538 2346/3536 2345/3535
f 2700/4134 2351/3541 2349/3539 2348/3538
f 2640/4020 2354/3544 2352/3542 2351/3541
f 2601/3948 2597/3944 2545/3882 2543/3880
f 2587/3934 203/4053 206/3931 2584/3930
f 2582/3928 2581/3927 206/3931 205/4151
f 2525/3860 2523/3857 2522/3856 465/490
f 2522/3856 2714/4152 461/486 465/490
f 2522/3856 2520/3855 2715/4153 2714/4152
f 2715/4153 2716/4154 2717/4155 2714/4152
f 2715/4156 2520/3852 2518/3850 2718/4157
f 2715/4156 2718/4157 2719/4158 2716/4159
f 2719/4160 2720/4161 2721/4162 2716/4163
f 2719/4158 2718/4157 2722/4164 2723/4165
f 2719/4160 2723/4166 2724/4167 2720/4161
f 2724/4168 2725/4169 2726/4170 2720/4171
f 2724/4172 2723/4173 2508/3828 2507/3827
f 2724/4174 2507/3825 2506/3824 2725/4175
f 2726/4176 2727/4177 2408/3631 2728/4178
f 2726/4176 2728/4178 2721/4179 2720/4180
f 2726/4181 2725/4182 2729/4183 2727/4184
f 2729/4185 457/4186 456/4187 2727/4188
f 2729/4189 2725/4175 2506/3824 2730/4190
f 2729/4189 2730/4190 458/479 457/478
f 2730/4190 2506/3824 2504/3822 2503/3821
f 2730/4190 2503/3821 468/497 458/479
f 2728/4178 2408/3631 2405/3628 2404/3627
f 2728/4178 2404/3627 2731/4191 2721/4179
f 2731/4191 2404/3627 2402/3625 2401/3624
f 2731/4192 2401/4193 462/4194 2717/4195
f 2731/4192 2717/4195 2716/4163 2721/4162
f 2727/4177 456/475 2409/3632 2408/3631
f 2723/4165 2722/4164 2510/3834 2508/3833
f 2722/4164 2718/4157 2518/3850 2516/3849
f 2722/4196 2516/3846 2512/3842 2510/3841
f 2717/4155 462/487 461/486 2714/4152
f 2503/3821 2501/3820 469/498 468/497
f 2501/4197 2499/3809 472/505 469/504
f 2499/3809 2419/3646 2417/3644 472/505
f 2417/3644 2415/3643 470/506 472/505
f 2415/3640 2413/3638 471/501 470/500
f 2413/3638 2411/3635 460/483 471/501
f 2401/4198 2397/3617 463/3616 462/4199
f 2400/4200 2399/4201 449/4202 454/4203
f 2390/3601 401/3600 58/4204 463/4205
f 2387/3592 2368/3560 2366/3558 403/388
f 2366/3558 2364/3557 404/389 403/388
f 2340/3530 2338/3528 1044/1523 1043/1522
f 2338/3528 2336/3526 1028/1497 1044/1523
f 2282/3462 2281/3461 394/509 474/508
f 2281/4206 2276/3451 44/365 394/368
f 2279/4207 1627/4208 1625/4209 2732/4210
f 2279/4207 2732/4210 2275/3448 2274/3447
f 2279/3456 1632/3455 1629/4211 1627/4212
f 2732/4213 1625/2464 1623/2463 2733/4214
f 2732/4213 2733/4214 2734/4215 2275/4216
f 2734/4217 2733/4218 2735/4219 2736/4220
f 2734/4217 2736/4220 2737/4221 2271/4222
f 2734/4217 2271/4222 2270/4223 2275/4224
f 2737/4225 2736/4226 2738/4227 2739/4228
f 2737/4229 2739/4230 2740/4231 2268/3437
f 2737/4229 2268/3437 2267/3436 2271/3440
f 2740/4232 2739/4233 2741/4234 2742/4235
f 2740/4232 2742/4235 391/523 390/4236
f 2740/4231 390/362 389/361 2268/3437
f 2742/4235 2741/4234 2743/4237 2744/4238
f 2742/4235 2744/4238 481/524 391/523
f 2744/4238 2743/4237 2745/4239 2746/4240
f 2744/4238 2746/4240 2747/4241 481/524
f 2746/4240 2745/4239 2748/4242 2749/4243
f 2746/4240 2749/4243 2750/4244 2747/4241
f 2749/4245 2748/4246 2751/4247 2752/4248
f 2749/4245 2752/4248 385/353 2750/4249
f 2752/4248 2751/4247 2753/4250 2754/4251
f 2752/4248 2754/4251 380/354 385/353
f 2754/4252 2753/4253 2755/4254 2756/4255
f 2754/4252 2756/4255 41/338 380/337
f 2756/4255 2755/4254 2757/4256 2758/4257
f 2756/4255 2758/4257 383/355 41/338
f 2758/4258 2757/4259 2759/4260 2760/4261
f 2758/4258 2760/4261 384/350 383/349
f 2760/4262 2759/4263 2761/4264 2762/4265
f 2760/4262 2762/4265 2763/4266 384/4267
f 2763/4266 2762/4265 2764/4268 2765/4269
f 2763/4266 2765/4269 2766/4270 382/4271
f 2763/4266 382/4271 39/4272 384/4267
f 2766/4270 2765/4269 2767/4273 2768/4274
f 2766/4270 2768/4274 2769/4275 373/4276
f 2766/4270 373/4276 372/4277 382/4271
f 2769/4275 2768/4274 2770/4278 2771/4279
f 2769/4280 2771/4281 2772/4282 2773/4283
f 2769/4280 2773/4283 370/324 373/323
f 2773/4284 2772/4285 2774/4286 2775/4287
f 2773/4284 2775/4287 371/319 370/318
f 2775/4287 2774/4286 2776/4288 2777/4289
f 2775/4287 2777/4289 2778/4290 371/319
f 2778/4290 2777/4289 2779/4291 362/303
f 2778/4290 362/303 361/302 2780/4292
f 2778/4290 2780/4292 367/320 371/319
f 2780/4293 361/312 366/311 2781/4294
f 2780/4293 2781/4294 368/315 367/314
f 2781/4294 366/311 2782/4295 2783/4296
f 2781/4294 2783/4296 2784/4297 368/315
f 2784/4297 2785/4298 369/316 368/315
f 2784/4297 2783/4296 2786/4299 2787/4300
f 2784/4297 2787/4300 309/4301 2785/4298
f 2787/4300 2786/4299 2788/4302 2789/4303
f 2787/4300 2789/4303 302/4304 309/4301
f 2789/4305 2788/4306 2790/4307 2791/4308
f 2789/4309 2791/4310 303/200 302/199
f 2791/4310 2790/4311 2792/4312 2793/4313
f 2791/4310 2793/4313 2794/4314 303/200
f 2794/4314 2795/4315 304/201 303/200
f 2794/4316 2793/4317 2796/4318 2797/4319
f 2794/4316 2797/4319 315/4320 2795/4321
f 2797/4319 2796/4318 2798/4322 2799/4323
f 2797/4319 2799/4323 310/4324 315/4320
f 2799/4325 2798/4326 2800/4327 2801/4328
f 2799/4323 2801/4329 311/4330 310/4324
f 2801/4328 2800/4327 2802/4331 2803/4332
f 2801/4333 2803/4334 343/4335 311/4336
f 2803/4332 2802/4331 2804/4337 2805/4338
f 2803/4334 2805/4339 2806/4340 343/4335
f 2806/4341 2807/4342 344/268 343/267
f 2806/4340 2805/4339 2808/4343 2809/4344
f 2806/4341 2809/4345 2810/4346 2807/4342
f 2810/4346 2811/4347 2812/4348 2807/4342
f 2810/4349 2809/4350 2813/4351 2814/4352
f 2810/4349 2814/4352 2815/4353 2811/4354
f 2815/4353 2816/4355 2817/4356 2811/4354
f 2815/4353 2814/4352 2818/4357 2819/4358
f 2815/4353 2819/4358 2820/4359 2816/4355
f 2820/4359 2821/4360 2822/4361 2816/4355
f 2820/4359 2819/4358 2823/4362 2824/4363
f 2820/4364 2824/4365 2825/4366 2821/4367
f 2825/4366 2826/4368 2827/4369 2821/4367
f 2825/4366 2824/4365 2828/4370 2829/4371
f 2825/4366 2829/4371 2830/4372 2826/4368
f 2830/4372 2831/4373 2832/4374 2826/4368
f 2830/4372 2829/4371 2833/4375 2834/4376
f 2830/4372 2834/4376 2835/4377 2831/4373
f 2835/4377 2836/4378 2837/4379 2831/4373
f 2835/4377 2834/4376 2838/4380 2839/4381
f 2835/4377 2839/4381 772/1080 2836/4378
f 2839/4381 2838/4380 2840/4382 2841/4383
f 2839/4381 2841/4383 773/1081 772/1080
f 2841/4384 2840/4385 2842/4386 2843/4387
f 2841/4388 2843/4389 2844/4390 773/4391
f 2844/4390 771/1077 125/1076 773/4391
f 2844/4392 2843/4393 2845/4394 2846/4395
f 2844/4392 2846/4395 2847/4396 771/4397
f 2847/4398 2848/4399 123/1063 767/1070
f 2847/4400 767/4401 768/1078 771/1077
f 2847/4398 2846/4402 2849/4403 2848/4399
f 2849/4404 2846/4405 2845/4406 2850/4407
f 2849/4403 2850/4408 2851/4409 2852/4410
f 2849/4403 2852/4410 2853/4411 2848/4399
f 2853/4411 1607/2444 1603/2437 761/1064
f 2853/4411 761/1064 123/1063 2848/4399
f 2853/4411 2852/4410 2854/4412 1607/2444
f 2854/4412 2852/4410 2851/4409 2855/4413
f 2854/4412 2855/4413 2856/4414 1612/2449
f 2854/4412 1612/2449 1608/2445 1607/2444
f 2856/4414 2855/4413 2857/4415 2858/4416
f 2856/4414 2858/4416 2859/4417 1615/2452
f 2856/4414 1615/2452 1613/2450 1612/2449
f 2859/4417 2858/4416 2745/4239 2743/4237
f 2859/4417 2743/4237 2741/4234 2860/4418
f 2859/4417 2860/4418 1616/2453 1615/2452
f 2860/4418 2741/4234 2739/4233 2738/4419
f 2860/4418 2738/4419 1617/2454 1616/2453
f 2858/4416 2857/4415 2748/4242 2745/4239
f 2857/4415 2855/4413 2851/4409 2861/4420
f 2857/4421 2861/4422 2751/4247 2748/4246
f 2861/4420 2851/4409 2850/4408 2862/4423
f 2861/4420 2862/4423 2753/4424 2751/4425
f 2862/4426 2850/4427 2845/4394 2863/4428
f 2862/4426 2863/4428 2755/4254 2753/4253
f 2863/4428 2845/4394 2843/4393 2842/4429
f 2863/4430 2842/4386 2757/4259 2755/4431
f 2842/4386 2840/4385 2759/4260 2757/4259
f 2840/4382 2838/4380 2761/4264 2759/4263
f 2838/4380 2834/4376 2833/4375 2761/4264
f 2837/4379 2864/4432 2865/4433 2866/4434
f 2837/4379 2866/4434 2832/4374 2831/4373
f 2837/4379 2836/4378 770/1074 2864/4432
f 2866/4434 2865/4433 2867/4435 2868/4436
f 2866/4434 2868/4436 2869/4437 2832/4374
f 2869/4438 2868/4439 2870/4440 2871/4441
f 2869/4442 2871/4443 2872/4444 2827/4445
f 2869/4437 2827/4369 2826/4368 2832/4374
f 2872/4446 2871/4447 2873/4448 2874/4449
f 2872/4446 2874/4449 2875/4450 2822/4451
f 2872/4444 2822/4361 2821/4360 2827/4445
f 2875/4450 2874/4449 2876/4452 2877/4453
f 2875/4450 2877/4453 2878/4454 2817/4455
f 2875/4456 2817/4356 2816/4355 2822/4361
f 2878/4454 2877/4453 2879/4457 2880/4458
f 2878/4454 2880/4458 345/269 2812/4348
f 2878/4454 2812/4348 2811/4347 2817/4455
f 2880/4458 2879/4457 2881/4459 2882/4460
f 2880/4458 2882/4460 341/270 345/269
f 2882/4460 2881/4459 2883/4461 2884/4462
f 2882/4460 2884/4462 342/4463 341/270
f 2884/4464 2883/4465 2885/4466 2886/4467
f 2884/4464 2886/4467 2887/4468 342/4469
f 2887/4468 2886/4467 2888/4470 2889/4471
f 2887/4468 2889/4471 2890/4472 2891/4473
f 2887/4468 2891/4473 312/4474 342/4469
f 2891/4475 2890/4476 2892/4477 2893/4478
f 2891/4475 2893/4478 313/221 312/220
f 2893/4479 2892/4480 2894/4481 2895/4482
f 2893/4479 2895/4482 318/229 313/228
f 2895/4482 2894/4481 2896/4483 2897/4484
f 2895/4485 2897/4486 2898/4487 318/4488
f 2898/4487 2897/4486 2899/4489 2900/4490
f 2898/4491 2900/4492 2901/4493 2902/4494
f 2898/4495 2902/4496 316/226 318/229
f 2902/4496 2901/4497 2903/4498 2904/4499
f 2902/4496 2904/4499 317/227 316/226
f 2904/4499 2903/4498 1988/4500 2905/4501
f 2904/4499 2905/4501 2906/4502 317/227
f 2906/4502 2907/4503 314/223 317/227
f 2906/4504 2905/4505 1992/3027 2908/4506
f 2906/4502 2908/4507 305/4508 2907/4503
f 2908/4506 1992/3027 1991/3026 1996/3032
f 2908/4506 1996/3032 306/4509 305/4510
f 2907/4511 2795/4512 315/4513 314/4514
f 2907/4511 305/204 304/203 2795/4512
f 2905/4505 1988/3023 1987/3022 1992/3027
f 2903/4498 2901/4497 2909/4515 1984/3017
f 2903/4498 1984/3017 1983/3016 1988/4500
f 2909/4516 2901/4517 2900/4518 2910/4519
f 2909/4516 2910/4519 2911/4520 2912/4521
f 2909/4515 2912/4522 1985/3018 1984/3017
f 2912/4521 2911/4520 2913/4523 2914/4524
f 2912/4525 2914/4526 1977/4527 1985/4528
f 2914/4524 2913/4523 2915/4529 1972/4530
f 2914/4526 1972/3001 1971/3000 1977/4527
f 2915/4531 2913/4532 2916/4533 2917/4534
f 2915/4531 2917/4534 2918/4535 1967/4536
f 2915/4529 1967/2990 1966/2989 1972/4530
f 2918/4537 2917/4538 2919/4539 2920/4540
f 2918/4537 2920/4540 2921/4541 1962/2980
f 2918/4535 1962/4542 1961/4543 1967/4536
f 2921/4541 2920/4540 2922/4544 2923/4545
f 2921/4541 2923/4545 147/1234 870/4546
f 2921/4541 870/4546 1957/2981 1962/2980
f 2923/4545 2922/4544 2924/4547 2925/4548
f 2923/4545 2925/4548 868/1235 147/1234
f 2925/4548 2924/4547 2926/4549 2927/4550
f 2925/4548 2927/4550 2928/4551 868/1235
f 2928/4551 2927/4550 2929/4552 2930/4553
f 2928/4554 2930/4555 136/4556 839/4557
f 2928/4551 839/4558 865/1229 868/1235
f 2930/4553 2929/4552 2931/4559 2932/4560
f 2930/4553 2932/4560 832/4561 136/4562
f 2932/4560 2931/4559 2933/4563 2934/4564
f 2932/4560 2934/4564 2935/4565 832/4561
f 2935/4565 2934/4564 2936/4566 2937/4567
f 2935/4565 2937/4567 2938/4568 2939/4569
f 2935/4565 2939/4569 826/4570 832/4561
f 2939/4571 2938/4572 2940/4573 2941/4574
f 2939/4571 2941/4574 827/4575 826/4576
f 2941/4574 2940/4573 2942/4577 2943/4578
f 2941/4574 2943/4578 2944/4579 827/4575
f 2944/4579 2943/4578 2945/4580 2946/4581
f 2944/4579 2946/4581 2947/4582 2948/4583
f 2944/4579 2948/4583 136/4584 827/4575
f 2948/4583 2947/4582 2949/4585 2950/4586
f 2948/4583 2950/4586 828/4587 136/4584
f 2950/4586 2949/4585 2951/4588 2952/4589
f 2950/4586 2952/4589 2953/4590 828/4587
f 2953/4590 823/1165 2954/4591 828/4587
f 2953/4590 2952/4589 2955/4592 2956/4593
f 2953/4590 2956/4593 824/1166 823/1165
f 2956/4593 2955/4592 2957/4594 2958/4595
f 2956/4593 2958/4595 2959/4596 824/1166
f 2959/4597 2960/4598 146/4599 145/4600
f 2959/4597 145/4600 135/4601 824/4602
f 2959/4596 2958/4595 2961/4603 2960/4604
f 2961/4603 2958/4595 2957/4594 2962/4605
f 2961/4606 2962/4607 2963/4608 2964/4609
f 2961/4606 2964/4609 2965/4610 2960/4611
f 2965/4610 2966/4612 126/1082 775/1085
f 2965/4613 775/1244 146/1243 2960/4614
f 2965/4610 2964/4609 2967/4615 2966/4612
f 2967/4615 2964/4609 2963/4608 2968/4616
f 2967/4615 2968/4616 2969/4617 2970/4618
f 2967/4615 2970/4618 2971/4619 2966/4612
f 2971/4619 776/1086 126/1082 2966/4612
f 2971/4619 2970/4618 2972/4620 2973/4621
f 2971/4619 2973/4621 2974/4622 776/1086
f 2974/4622 2975/4623 2976/4624 2977/4625
f 2974/4622 2977/4625 777/1087 776/1086
f 2974/4622 2973/4621 2978/4626 2975/4623
f 2978/4627 2867/4628 2979/4629 2975/4630
f 2978/4626 2973/4621 2972/4620 2870/4631
f 2978/4627 2870/4440 2868/4439 2867/4628
f 2979/4629 2980/4632 2981/4633 2982/4634
f 2979/4629 2982/4634 2976/4635 2975/4630
f 2979/4636 2867/4435 2865/4433 2980/4637
f 2982/4638 2981/4639 2983/4640 2984/4641
f 2982/4634 2984/4642 2985/4643 2976/4635
f 2985/4644 2984/4641 2986/4645 2987/4646
f 2985/4647 2987/4648 2988/4649 2989/4650
f 2985/4647 2989/4650 2977/4625 2976/4624
f 2989/4650 2988/4649 2990/4651 2991/4652
f 2989/4650 2991/4652 777/1087 2977/4625
f 2991/4652 2990/4651 2992/4653 2993/4654
f 2991/4652 2993/4654 778/1088 777/1087
f 2993/4655 2992/4656 2994/4657 2995/4658
f 2993/4655 2995/4658 779/1091 778/1090
f 2995/4658 2994/4657 2996/4659 2997/4660
f 2995/4658 2997/4660 2998/4661 779/1091
f 2998/4661 2997/4660 2999/4662 3000/4663
f 2998/4661 3000/4663 864/4664 863/4665
f 2998/4661 863/4665 774/1092 779/1091
f 3000/4663 2999/4662 3001/4666 3002/4667
f 3000/4663 3002/4667 3003/4668 864/4664
f 3003/4668 3002/4667 3004/4669 3005/4670
f 3003/4668 3005/4670 3006/4671 821/4672
f 3003/4668 821/4672 820/4673 864/4664
f 3006/4671 3005/4670 3007/4674 3008/4675
f 3006/4676 3008/4677 3009/4678 3010/4679
f 3006/4676 3010/4679 818/1158 821/1157
f 3010/4680 3009/4681 3011/4682 3012/4683
f 3010/4680 3012/4683 819/1153 818/1152
f 3012/4684 3011/4685 3013/4686 3014/4687
f 3012/4684 3014/4687 829/1176 819/1175
f 3014/4687 3013/4686 3015/4688 3016/4689
f 3014/4687 3016/4689 830/1177 829/1176
f 3016/4689 3015/4688 835/1182 834/1181
f 3016/4689 834/1181 3017/4690 830/1177
f 3017/4690 834/1181 833/1180 1944/2953
f 3017/4690 1944/2953 1943/2952 1947/2957
f 3017/4690 1947/2957 831/1178 830/1177
f 3015/4688 3013/4686 3018/4691 3019/4692
f 3015/4688 3019/4692 836/1183 835/1182
f 3019/4692 3018/4691 3020/4693 3021/4694
f 3019/4692 3021/4694 3022/4695 836/1183
f 3022/4695 3021/4694 3023/4696 3024/4697
f 3022/4695 3024/4697 3025/4698 3026/4699
f 3022/4695 3026/4699 837/1184 836/1183
f 3026/4699 3027/4700 838/1185 837/1184
f 3026/4699 3025/4698 811/1143 3027/4700
f 3027/4700 859/1217 1945/2954 838/1185
f 3027/4700 811/1143 150/1142 859/1217
f 3025/4698 3024/4697 3028/4701 3029/4702
f 3025/4698 3029/4702 133/1140 811/1143
f 3029/4702 3028/4701 3030/4703 3031/4704
f 3029/4705 3031/4706 3032/4707 133/4708
f 3031/4709 3030/4710 3033/4711 3034/4712
f 3031/4709 3034/4712 3035/4713 3032/4714
f 3034/4715 3033/4716 3036/4717 3037/4718
f 3034/4715 3037/4718 3038/4719 3035/4720
f 3038/4719 809/1138 808/1137 3035/4720
f 3038/4719 3037/4718 3039/4721 3040/4722
f 3038/4719 3040/4722 3041/4723 809/1138
f 3041/4723 3042/4724 810/1139 809/1138
f 3041/4723 3040/4722 3043/4725 3044/4726
f 3041/4723 3044/4726 3045/4727 3042/4724
f 3045/4727 3046/4728 3047/4729 3042/4724
f 3045/4727 3044/4726 3048/4730 3049/4731
f 3045/4727 3049/4731 2996/4659 3046/4728
f 3049/4731 3048/4730 3001/4666 2999/4662
f 3049/4731 2999/4662 2997/4660 2996/4659
f 3048/4730 3044/4726 3043/4725 3050/4732
f 3048/4730 3050/4732 3051/4733 3001/4666
f 3051/4733 3050/4732 800/1124 805/1129
f 3051/4733 805/1129 3052/4734 3004/4669
f 3051/4733 3004/4669 3002/4667 3001/4666
f 3052/4734 805/1129 804/1128 3053/4735
f 3052/4734 3053/4735 3054/4736 3007/4674
f 3052/4734 3007/4674 3005/4670 3004/4669
f 3054/4736 3053/4735 3055/4737 3056/4738
f 3054/4736 3056/4738 3057/4739 3058/4740
f 3054/4736 3058/4740 3008/4675 3007/4674
f 3058/4741 3057/4742 3059/4743 3060/4744
f 3058/4741 3060/4744 3009/4678 3008/4677
f 3060/4745 3059/4746 3061/4747 3062/4748
f 3060/4745 3062/4748 3011/4682 3009/4681
f 3062/4749 3061/4750 3020/4693 3018/4691
f 3062/4749 3018/4691 3013/4686 3011/4685
f 3061/4750 3059/4751 815/1148 814/1147
f 3061/4750 814/1147 813/1146 3020/4693
f 3059/4752 3057/4753 798/4754 815/4755
f 3057/4739 3056/4738 794/1117 798/1121
f 3056/4738 3055/4737 795/1118 794/1117
f 3055/4737 3053/4735 804/1128 803/1127
f 3055/4737 803/1127 3063/4756 795/1118
f 3063/4756 3064/4757 3036/4717 3065/4758
f 3063/4756 3065/4758 796/1119 795/1118
f 3063/4756 803/1127 802/1126 3064/4757
f 3065/4758 3036/4717 3033/4716 3066/4759
f 3065/4758 3066/4759 799/1122 796/1119
f 3066/4760 3033/4761 3030/4762 3067/4763
f 3066/4760 3067/4763 817/4764 799/4765
f 3067/4766 3030/4703 3028/4701 3068/4767
f 3067/4766 3068/4767 812/1145 817/1150
f 3068/4767 3028/4701 3024/4697 3023/4696
f 3068/4767 3023/4696 813/1146 812/1145
f 3064/4757 3039/4721 3037/4718 3036/4717
f 3064/4757 802/1126 801/1125 3039/4721
f 3050/4732 3043/4725 801/1125 800/1124
f 3047/4729 758/1059 753/1050 3069/4768
f 3047/4729 3069/4768 810/1139 3042/4724
f 3047/4729 3046/4728 3070/4769 758/1059
f 3070/4770 3071/4771 756/4772 758/4773
f 3070/4769 3046/4728 2996/4659 2994/4657
f 3070/4770 2994/4774 2992/4775 3071/4771
f 3071/4776 3072/4777 757/1057 756/1056
f 3071/4776 2992/4653 2990/4651 3072/4777
f 3072/4777 3073/4778 759/1061 757/1057
f 3072/4777 2990/4651 2988/4649 3073/4778
f 3073/4779 3074/4780 760/4781 759/4782
f 3073/4778 2988/4649 2987/4648 3074/4783
f 3074/4784 3075/4785 749/4786 760/4787
f 3074/4784 2987/4646 2986/4645 3075/4785
f 3075/4785 3076/4788 121/4789 749/4786
f 3075/4785 2986/4645 3077/4790 3076/4788
f 3077/4790 3078/4791 3079/4792 3076/4788
f 3077/4790 2986/4645 2984/4641 2983/4640
f 3077/4790 2983/4640 3080/4793 3078/4791
f 3080/4793 765/1068 764/1067 3078/4791
f 3080/4793 2983/4640 2981/4639 3081/4794
f 3080/4793 3081/4794 766/1069 765/1068
f 3081/4795 2981/4796 2980/4797 3082/4798
f 3081/4795 3082/4798 769/4799 766/4800
f 3082/4801 2980/4637 2865/4433 2864/4432
f 3082/4801 2864/4432 770/1074 769/1073
f 3079/4792 1596/2422 1594/2419 744/2418
f 3079/4792 744/2418 121/4789 3076/4788
f 3079/4792 3078/4791 764/1067 1596/2422
f 3043/4725 3040/4722 3039/4721 801/1125
f 3023/4696 3021/4694 3020/4693 813/1146
f 2972/4620 2970/4618 2969/4617 2873/4448
f 2972/4620 2873/4448 2871/4447 2870/4631
f 2969/4617 2968/4616 3083/4802 2876/4452
f 2969/4617 2876/4452 2874/4449 2873/4448
f 3083/4802 2968/4616 2963/4608 3084/4803
f 3083/4802 3084/4803 2881/4459 2879/4457
f 3083/4802 2879/4457 2877/4453 2876/4452
f 3084/4803 2963/4608 2962/4607 3085/4804
f 3084/4803 3085/4804 2883/4461 2881/4459
f 3085/4805 2962/4605 2957/4594 3086/4806
f 3085/4805 3086/4806 2885/4466 2883/4465
f 3086/4806 2957/4594 2955/4592 3087/4807
f 3086/4806 3087/4807 3088/4808 2885/4466
f 3088/4808 3087/4807 2951/4588 3089/4809
f 3088/4808 3089/4809 3090/4810 2888/4470
f 3088/4808 2888/4470 2886/4467 2885/4466
f 3090/4810 3089/4809 3091/4811 3092/4812
f 3090/4810 3092/4812 3093/4813 3094/4814
f 3090/4810 3094/4814 2889/4471 2888/4470
f 3094/4814 3093/4813 3095/4815 3096/4816
f 3094/4814 3096/4816 2890/4472 2889/4471
f 3096/4817 3095/4818 3097/4819 3098/4820
f 3096/4817 3098/4820 2892/4477 2890/4476
f 3098/4820 3097/4819 3099/4821 3100/4822
f 3098/4820 3100/4822 2894/4823 2892/4477
f 3100/4824 3099/4825 3101/4826 3102/4827
f 3100/4824 3102/4827 2896/4483 2894/4481
f 3102/4828 3101/4829 3103/4830 3104/4831
f 3102/4828 3104/4831 3105/4832 2896/4833
f 3105/4832 3104/4831 3106/4834 3107/4835
f 3105/4832 3107/4835 3108/4836 2899/4489
f 3105/4832 2899/4489 2897/4486 2896/4833
f 3108/4836 3107/4835 3109/4837 3110/4838
f 3108/4839 3110/4840 2911/4841 2910/4842
f 3108/4836 2910/4843 2900/4490 2899/4489
f 3110/4838 3109/4837 3111/4844 2916/4845
f 3110/4846 2916/4533 2913/4532 2911/4847
f 3111/4844 3109/4837 3112/4848 3113/4849
f 3111/4844 3113/4849 3114/4850 2919/4539
f 3111/4844 2919/4539 2917/4538 2916/4845
f 3114/4850 3113/4849 3115/4851 3116/4852
f 3114/4850 3116/4852 2924/4547 2922/4544
f 3114/4850 2922/4544 2920/4540 2919/4539
f 3116/4852 3115/4851 3117/4853 3118/4854
f 3116/4852 3118/4854 2926/4549 2924/4547
f 3118/4854 3117/4853 3119/4855 3120/4856
f 3118/4854 3120/4856 3121/4857 2926/4549
f 3121/4857 3120/4856 3122/4858 3123/4859
f 3121/4857 3123/4859 2931/4559 2929/4552
f 3121/4857 2929/4552 2927/4550 2926/4549
f 3123/4859 3122/4858 3124/4860 3125/4861
f 3123/4859 3125/4861 2933/4563 2931/4559
f 3125/4861 3124/4860 3126/4862 3127/4863
f 3125/4861 3127/4863 3128/4864 2933/4563
f 3128/4864 3127/4863 3129/4865 3130/4866
f 3128/4864 3130/4866 3131/4867 2936/4566
f 3128/4864 2936/4566 2934/4564 2933/4563
f 3131/4867 3130/4866 3132/4868 3133/4869
f 3131/4867 3133/4869 3134/4870 3135/4871
f 3131/4867 3135/4871 2937/4567 2936/4566
f 3135/4871 3134/4870 3136/4872 3137/4873
f 3135/4871 3137/4873 2938/4568 2937/4567
f 3137/4874 3136/4875 3138/4876 3139/4877
f 3137/4874 3139/4877 2940/4573 2938/4572
f 3139/4877 3138/4876 3140/4878 3141/4879
f 3139/4877 3141/4879 2942/4577 2940/4573
f 3141/4879 3140/4878 3142/4880 3143/4881
f 3141/4879 3143/4881 3144/4882 2942/4577
f 3144/4882 3143/4881 3145/4883 3146/4884
f 3144/4882 3146/4884 3147/4885 2945/4580
f 3144/4882 2945/4580 2943/4578 2942/4577
f 3147/4885 3146/4884 3148/4886 3149/4887
f 3147/4885 3149/4887 3150/4888 3151/4889
f 3147/4885 3151/4889 2946/4581 2945/4580
f 3151/4889 3150/4888 3152/4890 3153/4891
f 3151/4889 3153/4891 2947/4582 2946/4581
f 3153/4891 3152/4890 3092/4812 3091/4811
f 3153/4891 3091/4811 2949/4585 2947/4582
f 3152/4890 3150/4888 3154/4892 3155/4893
f 3152/4890 3155/4893 3093/4813 3092/4812
f 3155/4893 3154/4892 3156/4894 3157/4895
f 3155/4893 3157/4895 3095/4815 3093/4813
f 3157/4896 3156/4897 3158/4898 3159/4899
f 3157/4896 3159/4899 3097/4819 3095/4818
f 3159/4899 3158/4898 3160/4900 3161/4901
f 3159/4899 3161/4901 3099/4821 3097/4819
f 3161/4902 3160/4903 3162/4904 3163/4905
f 3161/4902 3163/4905 3101/4826 3099/4825
f 3163/4906 3162/4907 3164/4908 3165/4909
f 3163/4906 3165/4909 3103/4830 3101/4829
f 3165/4909 3164/4908 3166/4910 3167/4911
f 3165/4909 3167/4911 3168/4912 3103/4830
f 3168/4912 3167/4911 3169/4913 3170/4914
f 3168/4912 3170/4914 3112/4848 3106/4834
f 3168/4912 3106/4834 3104/4831 3103/4830
f 3170/4914 3169/4913 3117/4853 3115/4851
f 3170/4914 3115/4851 3113/4849 3112/4848
f 3169/4913 3167/4911 3166/4910 3171/4915
f 3169/4913 3171/4915 3119/4855 3117/4853
f 3171/4915 3166/4910 3172/4916 3173/4917
f 3171/4915 3173/4917 3174/4918 3119/4855
f 3174/4918 3173/4917 3175/4919 3176/4920
f 3174/4918 3176/4920 3124/4860 3122/4858
f 3174/4918 3122/4858 3120/4856 3119/4855
f 3176/4920 3175/4919 3177/4921 3178/4922
f 3176/4920 3178/4922 3126/4862 3124/4860
f 3178/4922 3177/4921 3179/4923 3180/4924
f 3178/4922 3180/4924 3181/4925 3126/4862
f 3181/4925 3180/4924 3182/4926 3183/4927
f 3181/4925 3183/4927 3184/4928 3129/4865
f 3181/4925 3129/4865 3127/4863 3126/4862
f 3184/4928 3183/4927 3185/4929 3186/4930
f 3184/4928 3186/4930 3187/4931 3132/4868
f 3184/4928 3132/4868 3130/4866 3129/4865
f 3187/4931 3186/4930 3188/4932 3189/4933
f 3187/4931 3189/4933 3190/4934 3191/4935
f 3187/4931 3191/4935 3133/4869 3132/4868
f 3191/4935 3190/4934 3192/4936 3193/4937
f 3191/4935 3193/4937 3134/4870 3133/4869
f 3193/4937 3192/4936 938/4938 940/4939
f 3193/4937 940/4939 3136/4872 3134/4870
f 3192/4936 3190/4934 3194/4940 3195/4941
f 3192/4942 3195/4943 934/4944 938/4945
f 3195/4941 3194/4940 958/1397 957/1396
f 3195/4946 957/4947 935/4948 934/4949
f 3194/4940 3196/4950 3197/4951 958/1397
f 3194/4940 3190/4934 3189/4933 3196/4950
f 3197/4951 3198/4952 3199/4953 3200/4954
f 3197/4951 3200/4954 959/1398 958/1397
f 3197/4951 3196/4950 3201/4955 3198/4952
f 3201/4955 3202/4956 3203/4957 3198/4952
f 3201/4955 3196/4950 3189/4933 3188/4932
f 3201/4955 3188/4932 3204/4958 3202/4956
f 3204/4958 3205/4959 3206/4960 3202/4956
f 3204/4958 3188/4932 3186/4930 3185/4929
f 3204/4958 3185/4929 3207/4961 3205/4959
f 3207/4961 3208/4962 3209/4963 3205/4959
f 3207/4961 3185/4929 3183/4927 3182/4926
f 3207/4961 3182/4926 3210/4964 3208/4962
f 3210/4964 3211/4965 3212/4966 3208/4962
f 3210/4964 3182/4926 3180/4924 3179/4923
f 3210/4964 3179/4923 3213/4967 3211/4965
f 3213/4967 3214/4968 3215/4969 3211/4965
f 3213/4967 3179/4923 3177/4921 3216/4970
f 3213/4967 3216/4970 3217/4971 3214/4968
f 3217/4972 3218/4973 3219/4974 3214/4975
f 3217/4971 3216/4970 3220/4976 3221/4977
f 3217/4972 3221/4978 3222/4979 3218/4973
f 3222/4979 3223/4980 3224/4981 3218/4973
f 3222/4982 3221/4977 3225/4983 3226/4984
f 3222/4979 3226/4985 3227/4986 3223/4980
f 3227/4987 3228/4988 3229/4989 3223/4990
f 3227/4986 3226/4985 3162/4904 3160/4903
f 3227/4987 3160/4900 3158/4898 3228/4988
f 3229/4989 3230/4991 3231/4992 3232/4993
f 3229/4989 3232/4993 3224/4994 3223/4990
f 3229/4995 3228/4996 3233/4997 3230/4998
f 3233/4997 3234/4999 3235/5000 3230/4998
f 3233/4997 3228/4996 3158/5001 3156/4894
f 3233/4997 3156/4894 3154/4892 3234/4999
f 3235/5000 3148/4886 3236/5002 3237/5003
f 3235/5000 3237/5003 3231/5004 3230/4998
f 3235/5000 3234/4999 3149/4887 3148/4886
f 3237/5003 3236/5002 3238/5005 3239/5006
f 3237/5003 3239/5006 287/5007 3231/5004
f 3239/5006 3238/5005 3240/5008 3241/5009
f 3239/5006 3241/5009 288/5010 287/5007
f 3240/5008 3238/5005 3242/5011 3243/5012
f 3242/5011 3142/4880 3244/5013 3243/5012
f 3242/5011 3238/5005 3236/5002 3145/4883
f 3242/5011 3145/4883 3143/4881 3142/4880
f 3236/5002 3148/4886 3146/4884 3145/4883
f 3234/4999 3154/4892 3150/4888 3149/4887
f 3232/4993 3231/4992 287/165 286/164
f 3232/4993 286/164 291/169 3224/4994
f 3226/4984 3225/4983 3164/4908 3162/4907
f 3225/4983 3221/4977 3220/4976 3172/4916
f 3225/4983 3172/4916 3166/4910 3164/4908
f 3224/4981 291/5014 3219/4974 3218/4973
f 3220/4976 3216/4970 3177/4921 3175/4919
f 3220/4976 3175/4919 3173/4917 3172/4916
f 3219/4974 3245/5015 3215/5016 3214/4975
f 3245/5017 3246/5018 3247/5019 3215/5020
f 3247/5021 3246/5022 3248/5023 3249/5024
f 3247/5025 3249/5026 3250/5027 3212/4966
f 3247/5025 3212/4966 3211/4965 3215/4969
f 3250/5027 3249/5026 3251/5028 3252/5029
f 3250/5027 3252/5029 3253/5030 3209/4963
f 3250/5027 3209/4963 3208/4962 3212/4966
f 3253/5030 3252/5029 272/143 3254/5031
f 3253/5030 3254/5031 3255/5032 3206/4960
f 3253/5030 3206/4960 3205/4959 3209/4963
f 3255/5032 3254/5031 3256/5033 3257/5034
f 3255/5032 3257/5034 3258/5035 3203/4957
f 3255/5032 3203/4957 3202/4956 3206/4960
f 3258/5036 3257/5037 3259/5038 3260/5039
f 3258/5036 3260/5039 3261/5040 3199/5041
f 3258/5035 3199/4953 3198/4952 3203/4957
f 3261/5040 3260/5039 3262/5042 3263/5043
f 3261/5040 3263/5043 3264/5044 3265/5045
f 3261/5040 3265/5045 3200/5046 3199/5041
f 3265/5045 3264/5044 930/5047 933/1401
f 3265/5045 933/1401 959/1400 3200/5046
f 3264/5048 3263/5049 3266/5050 3267/5051
f 3264/5048 3267/5051 931/5052 930/5053
f 3267/5051 3266/5050 3268/5054 937/1353
f 3267/5051 937/1353 936/1352 931/5052
f 3268/5055 325/238 29/237 328/5056
f 3268/5054 328/5057 848/1354 937/1353
f 3268/5054 3266/5050 3269/5058 325/5059
f 3269/5058 3270/5060 326/5061 325/5059
f 3269/5058 3266/5050 3263/5049 3262/5062
f 3269/5058 3262/5062 3271/5063 3270/5060
f 3271/5063 3272/5064 3273/5065 3270/5060
f 3271/5066 3262/5042 3260/5039 3259/5038
f 3271/5066 3259/5038 3274/5067 3272/5068
f 3274/5067 270/176 293/175 3272/5068
f 3274/5069 3259/5070 3257/5071 3256/5072
f 3274/5073 3256/5074 271/140 270/139
f 3273/5065 294/5075 3275/5076 3276/5077
f 3273/5065 3276/5077 326/5061 3270/5060
f 3273/5065 3272/5064 293/5078 294/5075
f 3276/5077 3275/5076 3277/5079 3278/5080
f 3276/5077 3278/5080 24/5081 326/5061
f 3277/5079 3279/5082 3280/5083 3281/5084
f 3277/5079 3281/5084 3243/5012 3278/5080
f 3277/5079 3275/5076 3282/5085 3279/5082
f 3282/5086 3283/5087 3248/5088 3279/5089
f 3282/5085 3275/5076 294/5075 292/5090
f 3282/5086 292/173 274/172 3283/5087
f 3283/5091 3251/5092 3249/5024 3248/5023
f 3283/5091 274/146 273/145 3251/5092
f 3280/5093 3279/5089 3248/5088 3246/5094
f 3256/5033 3254/5031 272/143 271/142
f 3252/5095 3251/5096 273/5097 272/5098
f 3280/5093 3246/5094 3245/5099 3284/5100
f 3142/4880 3140/4878 3285/5101 3244/5013
f 3285/5101 3140/4878 3138/4876 939/1359
f 3138/4876 3136/4875 940/1360 939/1359
f 3112/4848 3109/4837 3107/4835 3106/4834
f 3091/4811 3089/4809 2951/4588 2949/4585
f 3087/4807 2955/4592 2952/4589 2951/4588
f 2836/4378 772/1080 124/1071 770/1074
f 2833/4375 2829/4371 2828/4370 2764/4268
f 2833/4375 2764/4268 2762/4265 2761/4264
f 2828/4370 2824/4365 2823/5102 2767/4273
f 2828/4370 2767/4273 2765/4269 2764/4268
f 2823/4362 2819/4358 2818/4357 2770/5103
f 2823/5102 2770/4278 2768/4274 2767/4273
f 2818/4357 2814/4352 2813/4351 3286/5104
f 2818/4357 3286/5104 2771/5105 2770/5103
f 3286/5106 2813/5107 3287/5108 3288/5109
f 3286/5106 3288/5109 2772/4282 2771/4281
f 3288/5110 3287/5111 3289/5112 3290/5113
f 3288/5114 3290/5115 2774/4286 2772/4285
f 3290/5113 3289/5112 3291/5116 3292/5117
f 3290/5115 3292/5118 2776/4288 2774/4286
f 3292/5117 3291/5116 355/300 360/299
f 3292/5117 360/299 3293/5119 2776/5120
f 3293/5119 360/299 359/298 3294/5121
f 3293/5119 3294/5121 3295/5122 2779/5123
f 3293/5124 2779/4291 2777/4289 2776/4288
f 3295/5125 3294/5126 3296/5127 3297/5128
f 3295/5125 3297/5128 364/307 363/306
f 3295/5129 363/304 362/303 2779/4291
f 3297/5128 3296/5127 3298/5130 3299/5131
f 3297/5128 3299/5131 3300/5132 364/307
f 3300/5132 3299/5131 3301/5133 3302/5134
f 3300/5132 3302/5134 3303/5135 3304/5136
f 3300/5132 3304/5136 365/308 364/307
f 3304/5137 3303/5138 3305/5139 2782/4295
f 3304/5137 2782/4295 366/311 365/310
f 3305/5139 2786/4299 2783/4296 2782/4295
f 3305/5139 3303/5138 298/189 297/188
f 3305/5139 297/188 2788/4302 2786/4299
f 3303/5135 3302/5134 299/192 298/191
f 3302/5134 3301/5133 3306/5140 299/192
f 3306/5140 3307/5141 300/193 299/192
f 3306/5140 3301/5133 320/232 319/231
f 3306/5140 319/231 323/235 3307/5141
f 3307/5142 3308/5143 301/5144 300/5145
f 3307/5142 323/5146 3309/5147 3308/5143
f 3309/5147 3310/5148 3311/5149 3308/5143
f 3309/5147 323/5146 322/5150 3312/5151
f 3309/5147 3312/5151 3313/5152 3310/5148
f 3313/5153 2800/4327 2798/4326 3310/5154
f 3313/5153 3312/5155 3314/5156 3315/5157
f 3313/5153 3315/5157 2802/4331 2800/4327
f 3315/5157 3314/5156 3316/5158 3317/5159
f 3315/5157 3317/5159 2804/4337 2802/4331
f 3317/5159 3316/5158 356/291 3318/5160
f 3317/5159 3318/5160 3319/5161 2804/4337
f 3319/5161 2808/5162 2805/4338 2804/4337
f 3319/5161 3318/5160 3291/5163 3289/5164
f 3319/5161 3289/5164 3287/5165 2808/5162
f 3318/5160 356/291 355/290 3291/5163
f 3316/5158 3314/5156 324/5166 3320/5167
f 3316/5158 3320/5167 357/292 356/291
f 3320/5168 324/236 321/233 3321/5169
f 3320/5168 3321/5169 358/295 357/294
f 3321/5169 321/233 320/232 3298/5130
f 3321/5169 3298/5130 3296/5127 358/295
f 3314/5156 3312/5155 322/5170 324/5166
f 3311/5149 2796/4318 2793/4317 2792/5171
f 3311/5149 2792/5171 301/5144 3308/5143
f 3311/5149 3310/5148 2798/4322 2796/4318
f 3301/5133 3299/5131 3298/5130 320/232
f 3296/5127 3294/5126 359/296 358/295
f 3287/5108 2813/5107 2809/4344 2808/4343
f 2812/4348 345/269 344/268 2807/4342
f 2792/4312 2790/4311 296/197 301/196
f 2790/4307 2788/4306 297/5172 296/5173
f 2785/5174 381/5175 374/326 369/325
f 2785/5174 309/5176 308/5177 381/5175
f 2738/4419 2736/4220 2735/4219 1617/2454
f 2735/4219 1621/2458 1618/2455 1617/2454
f 2735/4219 2733/4218 1623/2460 1621/2458
f 2276/3451 2272/3450 397/5178 44/365
f 2247/3407 2220/3406 2080/3143 2079/3142
f 2196/3391 2194/5179 413/401 415/400
f 2194/3326 2192/3324 414/397 413/396
f 2190/3320 2189/3319 410/393 414/397
f 2189/3319 2111/3188 411/394 410/393
f 2189/3319 2187/3316 2112/3189 2111/3188
f 2175/3297 2174/3296 2143/3255 2142/3254
f 2174/3296 2169/3295 2150/3264 2148/3262
f 2174/3296 2148/3262 2145/3259 2143/3255
f 2166/3285 2153/3269 2151/3268 2150/3288
f 2111/3188 2109/3187 2108/5180 411/394
f 2098/3222 425/425 429/429 2093/5181
f 2089/3153 2088/3152 429/3158 428/5182
f 2042/3096 2028/3080 2024/3076 2023/3075
f 2037/3089 2031/3083 2029/3081 2028/3080
f 2027/3079 2165/5183 2022/3072 2021/3071
f 1996/3032 281/3031 280/5184 306/4509
f 1993/3028 1989/3024 279/152 278/151
f 1979/3011 1978/3010 3322/5185 276/149
f 3322/5185 1978/3010 3323/5186 3324/5187
f 3322/5185 3324/5187 1754/2630 3325/5188
f 3322/5185 3325/5188 277/150 276/149
f 3325/5188 1754/2630 1752/2628 1751/2627
f 3325/5188 1751/2627 2473/3746 277/150
f 3324/5187 3323/5186 3326/5189 3327/5190
f 3324/5187 3327/5190 1755/2631 1754/2630
f 3327/5190 3326/5189 3328/5191 3329/5192
f 3327/5190 3329/5192 1756/2632 1755/2631
f 3329/5192 3328/5191 3330/5193 3331/5194
f 3329/5192 3331/5194 1758/2634 1756/2632
f 3331/5194 3330/5193 3332/5195 3333/5196
f 3331/5194 3333/5196 1770/2649 1758/2634
f 3333/5196 3332/5195 1897/2891 1773/2652
f 3333/5196 1773/2652 1771/2650 1770/2649
f 3332/5197 3330/5198 3334/5199 3335/5200
f 3332/5197 3335/5200 1898/2888 1897/2887
f 3335/5200 3334/5199 921/5201 920/5202
f 3335/5203 920/5204 1900/2893 1898/2892
f 3334/5205 3330/5193 3328/5191 3336/5206
f 3337/5207 1968/5208 1964/5209 1963/5210
f 3337/5211 3336/5212 3338/5213 1968/5214
f 3338/5213 1973/3002 1969/2997 1968/5214
f 3338/5215 3336/5206 3328/5191 3326/5189
f 3338/5215 3326/5189 3323/5186 1973/5216
f 3339/5217 1958/5218 3340/5219 3341/5220
f 3339/5221 3341/5222 925/5223 924/5224
f 3339/5225 1963/5226 1959/5227 1958/5228
f 3341/5220 3340/5219 3342/5229 3343/5230
f 3341/5220 3343/5230 3344/5231 925/5232
f 3344/5231 3343/5230 3345/5233 3346/5234
f 3344/5235 3346/5236 3347/5237 3348/5238
f 3344/5235 3348/5238 922/5239 925/5240
f 3348/5241 3347/5242 3349/5243 3350/5244
f 3348/5241 3350/5244 923/1332 922/1331
f 3350/5244 3349/5243 3351/5245 3352/5246
f 3350/5244 3352/5246 3353/5247 923/1332
f 3353/5247 3352/5246 3354/5248 3355/5249
f 3353/5247 3355/5249 1903/5250 3356/5251
f 3353/5247 3356/5251 919/1328 923/1332
f 3356/5252 1903/5253 1901/5254 1900/5255
f 3356/5251 1900/5256 920/1329 919/1328
f 3355/5249 3354/5248 1909/2906 1907/2904
f 3355/5249 1907/2904 1904/2903 1903/5250
f 3354/5248 3352/5246 3351/5245 3357/5257
f 3354/5248 3357/5257 3358/5258 1909/2906
f 3358/5258 3357/5257 3359/5259 3360/5260
f 3358/5258 3360/5260 3361/5261 1912/2909
f 3358/5258 1912/2909 1910/2907 1909/2906
f 3361/5261 3360/5260 3362/5262 3363/5263
f 3361/5261 3363/5263 3364/5264 3365/5265
f 3361/5261 3365/5265 1913/2910 1912/2909
f 3365/5265 3364/5264 3366/5266 1918/2916
f 3365/5265 1918/2916 1914/2911 1913/2910
f 3366/5266 3364/5264 3367/5267 3368/5268
f 3366/5266 3368/5268 3369/5269 1921/2919
f 3366/5266 1921/2919 1919/2917 1918/2916
f 3369/5269 3368/5268 3370/5270 3371/5271
f 3369/5269 3371/5271 3372/5272 3373/5273
f 3369/5269 3373/5273 1922/2920 1921/2919
f 3373/5273 3372/5272 3374/5274 3375/5275
f 3373/5273 3375/5275 1923/5276 1922/2920
f 3375/5277 3374/5278 3376/5279 3377/5280
f 3375/5277 3377/5280 1925/2927 1923/2926
f 3377/5280 3376/5279 3378/5281 3379/5282
f 3377/5283 3379/5284 1927/2931 1925/2930
f 3379/5285 3378/5286 3380/5287 3381/5288
f 3379/5285 3381/5288 1929/2935 1927/2934
f 3381/5288 3380/5287 3382/5289 3383/5290
f 3381/5288 3383/5290 1931/2938 1929/2935
f 3383/5290 3382/5289 3384/5291 3385/5292
f 3383/5290 3385/5292 1933/2940 1931/2938
f 3385/5292 3384/5291 942/1363 3386/5293
f 3385/5292 3386/5293 3387/5294 1933/2940
f 3387/5294 961/1405 1934/2941 1933/2940
f 3387/5294 3386/5293 3388/5295 3389/5296
f 3387/5294 3389/5296 962/1406 961/1405
f 3389/5296 3388/5295 3390/5297 3391/5298
f 3389/5296 3391/5298 963/1407 962/1406
f 3391/5298 3390/5297 3392/5299 3393/5300
f 3391/5298 3393/5300 3394/5301 963/1407
f 3394/5301 3395/5302 964/1408 963/1407
f 3394/5301 3393/5300 3396/5303 3397/5304
f 3394/5301 3397/5304 3398/5305 3395/5302
f 3398/5305 3342/5306 3399/5307 3395/5302
f 3398/5305 3397/5304 3400/5308 3345/5309
f 3398/5310 3345/5233 3343/5230 3342/5229
f 3400/5308 3397/5304 3396/5303 3401/5311
f 3400/5312 3401/5313 3402/5314 3403/5315
f 3400/5312 3403/5315 3346/5234 3345/5233
f 3403/5316 3402/5317 3404/5318 3405/5319
f 3403/5316 3405/5319 3347/5237 3346/5236
f 3405/5320 3404/5321 3406/5322 3407/5323
f 3405/5320 3407/5323 3349/5243 3347/5242
f 3407/5323 3406/5322 3408/5324 3409/5325
f 3407/5323 3409/5325 3351/5245 3349/5243
f 3409/5325 3408/5324 3410/5326 3359/5259
f 3409/5325 3359/5259 3357/5257 3351/5245
f 3410/5326 3408/5324 3411/5327 3412/5328
f 3410/5326 3412/5328 3413/5329 3362/5262
f 3410/5326 3362/5262 3360/5260 3359/5259
f 3413/5329 3412/5328 3414/5330 979/1427
f 3413/5329 979/1427 976/1424 3415/5331
f 3413/5329 3415/5331 3363/5263 3362/5262
f 3415/5331 976/1424 975/1423 3367/5267
f 3415/5331 3367/5267 3364/5264 3363/5263
f 3414/5330 3412/5328 3411/5327 3416/5332
f 3414/5330 3416/5332 3417/5333 3418/5334
f 3414/5330 3418/5334 977/1425 979/1427
f 3418/5334 3417/5333 3419/5335 3420/5336
f 3418/5334 3420/5336 978/1426 977/1425
f 3420/5336 3419/5335 3421/5337 3422/5338
f 3422/5338 3421/5337 3423/5339 3424/5340
f 3422/5338 3424/5340 3425/5341 3426/5342
f 3422/5338 3426/5342 3427/5343 3428/5344
f 3427/5343 3429/5345 974/1422 978/1426
f 3427/5343 3426/5342 3430/5346 3429/5345
f 3430/5346 3371/5271 3370/5270 3429/5345
f 3430/5346 3426/5342 3425/5341 3431/5347
f 3430/5346 3431/5347 3372/5272 3371/5271
f 3431/5347 3425/5341 3432/5348 3433/5349
f 3431/5347 3433/5349 3374/5274 3372/5272
f 3433/5350 3432/5351 3434/5352 3435/5353
f 3433/5350 3435/5353 3376/5354 3374/5355
f 3435/5356 3434/5357 3436/5358 3437/5359
f 3435/5356 3437/5359 3378/5281 3376/5279
f 3437/5360 3436/5361 3438/5362 3439/5363
f 3437/5360 3439/5363 3380/5364 3378/5365
f 3439/5366 3438/5367 3440/5368 3441/5369
f 3439/5366 3441/5369 3382/5289 3380/5287
f 3441/5369 3440/5368 3442/5370 3443/5371
f 3441/5369 3443/5371 3384/5291 3382/5289
f 3443/5371 3442/5370 944/1365 943/1364
f 3443/5371 943/1364 942/1363 3384/5291
f 3442/5370 3440/5368 3444/5372 3445/5373
f 3442/5370 3445/5373 3446/5374 944/1365
f 3446/5374 3447/5375 945/1366 944/1365
f 3447/5375 3448/5376 946/1367 945/1366
f 3447/5375 3449/5377 3450/5378 3448/5376
f 3450/5378 3449/5377 3451/5379 3452/5380
f 3453/5381 3450/5378 3452/5380 3454/5382
f 3454/5383 970/1415 3455/5384 3456/5385
f 3455/5386 970/5387 969/5388 3457/5389
f 3458/5390 3402/5314 3401/5313 3459/5391
f 3458/5392 3457/5393 3404/5318 3402/5317
f 3459/5391 3401/5313 3396/5394 3460/5395
f 3460/5396 3396/5303 3393/5300 3392/5299
f 3457/5397 969/1420 973/1419 3461/5398
f 3457/5397 3461/5398 3406/5322 3404/5321
f 3461/5398 973/1419 3416/5332 3411/5327
f 3461/5398 3411/5327 3408/5324 3406/5322
f 3454/5383 3452/5399 971/1416 970/1415
f 3452/5399 3451/5400 982/5401 971/1416
f 3451/5379 3449/5377 3462/5402 3463/5403
f 3451/5400 3463/5404 3464/5405 982/5401
f 3464/5405 3463/5404 3465/5406 952/5407
f 3464/5408 952/1378 949/1377 3466/5409
f 3464/5408 3466/5409 980/1433 982/1432
f 3466/5410 949/5411 948/5412 3467/5413
f 3466/5410 3467/5413 981/5414 980/5415
f 3467/5416 948/1370 3423/5339 3421/5337
f 3467/5416 3421/5337 3419/5335 981/1429
f 3465/5417 3463/5403 3462/5402 3468/5418
f 3465/5417 3468/5418 954/5419 953/5420
f 3465/5421 953/1387 950/1386 952/5422
f 3469/5423 3444/5372 3468/5418 3462/5402
f 3448/5376 3392/5299 3390/5297 946/1367
f 3444/5372 3440/5368 3438/5367 3470/5424
f 3444/5372 3470/5424 954/5419 3468/5418
f 3470/5425 3438/5362 3436/5361 3471/5426
f 3470/5425 3471/5426 955/1383 954/1382
f 3471/5427 3436/5358 3434/5357 3472/5428
f 3471/5427 3472/5428 956/1390 955/1389
f 3472/5429 3434/5352 3432/5351 3473/5430
f 3472/5429 3473/5430 3474/5431 956/5432
f 3474/5433 3473/5434 3424/5340 3423/5339
f 3474/5433 3423/5339 948/1370 947/1369
f 3474/5435 947/1375 951/1374 956/1390
f 3473/5434 3432/5348 3425/5341 3424/5340
f 3429/5345 3370/5270 975/1423 974/1422
f 3419/5335 3417/5333 972/1418 981/1429
f 3417/5333 3416/5332 973/1419 972/1418
f 3399/5307 965/1409 964/1408 3395/5302
f 3399/5307 3342/5306 3340/5436 1954/2967
f 3399/5307 1954/2967 1952/2965 965/1409
f 3390/5297 3388/5295 941/1362 946/1367
f 3388/5295 3386/5293 942/1363 941/1362
f 3370/5270 3368/5268 3367/5267 975/1423
f 3340/5436 1958/5437 1955/2968 1954/2967
f 3323/5186 1978/3010 1974/3009 1973/5216
f 1952/2965 1950/2963 966/1410 965/1409
f 1947/2957 873/2956 144/5438 831/1178
f 1945/2954 1944/2953 833/1180 838/1185
f 1936/2943 854/1209 853/1208 874/1252
f 1770/2649 1761/2637 1759/2635 1758/2634
f 1725/2594 1723/2592 1722/2591 1/5439
f 1620/2457 489/537 488/536 3475/5440
f 1620/2457 3475/5440 3476/5441 1611/2448
f 3476/5442 3475/5443 3477/5444 3478/5445
f 3476/5441 3478/5446 3479/5447 1606/2442
f 3476/5441 1606/2442 1605/2441 1611/2448
f 3479/5447 3478/5446 721/5448 719/988
f 3479/5447 719/988 718/987 1602/5449
f 3479/5447 1602/5449 1601/2443 1606/2442
f 3478/5445 3477/5444 1326/5450 721/5451
f 3477/5452 1330/1985 1327/1982 1326/1981
f 3477/5452 3475/5440 488/536 1330/1985
f 1602/2434 718/984 717/983 1599/2435
f 1597/2423 1596/2422 764/1067 763/1066
f 1584/2404 1582/2403 733/1026 737/1025
f 1582/2400 1580/2398 734/1018 733/1017
f 1580/2398 1578/2396 3480/5453 734/1018
f 3480/5453 1578/2396 594/734 593/733
f 3480/5453 593/733 582/737 581/5454
f 3480/5453 581/5454 586/5455 734/1018
f 1576/5456 1575/5457 596/5458 595/5459
f 1546/2341 1545/2340 238/93 237/92
f 1352/2013 1342/1997 487/533 484/528
f 1342/1997 1338/1993 492/540 487/533
f 1334/1989 704/5460 1321/1973 1329/1984
f 1331/1986 1330/1985 488/536 64/535
f 1326/5461 1325/1979 722/996 721/995
f 1325/1979 1324/1978 723/997 722/996
f 1324/5462 1322/1974 1284/1908 1282/1907
f 1324/1978 1282/1904 1280/1901 723/997
f 1321/5463 704/963 703/962 1318/5464
f 1280/1901 1278/1900 724/998 723/997
f 1278/1897 1276/1895 3481/5465 724/5466
f 3481/5465 720/5467 116/5468 724/5466
f 3481/5465 1276/1895 1274/1891 544/635
f 3481/5465 544/635 537/634 720/5467
f 1274/1891 1272/1890 538/636 544/635
f 1272/1887 1270/1886 539/628 538/627
f 1270/1881 1268/1879 1267/1878 539/5469
f 1258/1864 1251/1848 1249/1843 1248/1842
f 1224/5470 3482/5471 1054/1536 1053/1535
f 1224/5470 1219/5472 1217/1784 3482/5471
f 3482/5471 1022/1487 529/600 1054/1536
f 3482/5471 1217/1784 1023/1488 1022/1487
f 1214/1781 1212/1779 1017/1482 177/1481
f 1198/1759 993/5473 992/5474 1074/1760
f 1196/1753 1006/1470 989/1442 993/1755
f 1186/1743 1185/1742 1223/5475 1188/1745
f 1122/1652 1120/1650 1077/1578 1076/1577
f 1104/1624 1102/1622 1101/1621 988/1440
f 1085/1637 1084/5476 1083/1587 1082/1586
f 1083/1587 1084/5476 189/5477 1090/5478
f 1083/5479 1090/1611 1079/1616 187/5480
f 1068/1564 994/1563 1001/5481 1003/2151
f 1062/1551 1060/1550 1035/5482 1034/5483
f 1062/5484 1034/1506 1033/1505 1038/1516
f 1062/5484 1038/1516 1041/1519 1027/5485
f 1056/1540 1055/1539 528/604 530/603
f 1055/1537 1054/1536 529/600 528/599
f 1050/1529 1045/1524 1026/1492 1025/1491
f 1049/1528 2696/4125 2711/4148 1046/1525
f 1045/1524 1044/1523 1028/1497 1026/1492
f 1041/1519 1024/1490 178/1489 1027/5485
f 1022/1487 1021/1486 527/601 529/600
f 1021/1486 1020/1485 70/2178 527/601
f 1016/1858 1188/1745 1223/5475 1226/5486
f 1014/5487 176/5488 1016/1858 1226/5486
f 1009/5489 1008/1862 618/791 615/790
f 1009/5490 615/784 614/783 661/1966
f 1006/1470 1005/1469 990/1443 989/1442
f 1002/1464 1001/1463 994/5491 173/5492
f 936/1352 935/1351 932/5493 931/5052
f 929/5494 3483/5495 786/1099 850/5496
f 929/5497 850/5498 849/5499 327/5500
f 929/5494 928/5501 3484/5502 3483/5495
f 3484/5502 3485/5503 3486/5504 3483/5495
f 3484/5502 928/5501 336/262 340/261
f 3484/5502 340/261 3487/5505 3485/5503
f 3487/5506 352/285 3488/5507 3485/5508
f 3487/5505 340/261 339/260 347/5509
f 3487/5506 347/5510 353/286 352/285
f 3488/5507 3489/5511 3490/5512 3491/5513
f 3488/5507 3491/5513 3486/5514 3485/5508
f 3488/5507 352/285 351/284 3489/5511
f 3491/5513 3490/5512 3492/5515 788/1103
f 3491/5513 788/1103 787/1102 3486/5514
f 3492/5515 3493/5516 793/1112 790/1107
f 3492/5515 790/1107 129/1104 788/1103
f 3492/5515 3490/5512 3494/5517 3493/5516
f 3494/5518 3495/5519 3496/5520 3493/5521
f 3494/5517 3490/5512 3489/5511 3497/5522
f 3494/5523 3497/5524 3498/5525 3495/5526
f 3498/5527 3499/5528 3500/5529 3495/5519
f 3498/5525 3497/5524 350/281 3501/5530
f 3498/5527 3501/5531 3502/5532 3499/5528
f 3502/5533 331/250 330/249 3499/5534
f 3502/5532 3501/5531 333/5535 332/5536
f 3502/5533 332/251 335/254 331/250
f 3501/5530 350/281 349/280 333/5537
f 3500/5538 3503/5539 3504/5540 3505/5541
f 3500/5529 3505/5542 3496/5520 3495/5519
f 3500/5529 3499/5528 330/5543 3503/5544
f 3505/5545 3504/5546 847/1196 844/1195
f 3505/5542 844/1189 843/1188 3496/5520
f 3503/5547 841/5548 840/5549 3504/5550
f 3503/5551 330/249 30/246 841/5552
f 3497/5522 3489/5511 351/284 350/5553
f 3496/5520 843/1188 793/5554 3493/5521
f 3486/5504 787/1100 786/1099 3483/5495
f 927/5555 329/247 331/250 335/254
f 927/5555 335/254 334/253 348/5556
f 927/1339 348/5557 338/5558 337/1340
f 921/5201 3334/5199 3336/5212 3337/5211
f 911/1314 900/1293 3506/5559 806/1132
f 3506/5559 900/1293 899/1292 3507/5560
f 3506/5559 3507/5560 3508/5561 3509/5562
f 3506/5559 3509/5562 751/1133 806/1132
f 3509/5563 3508/5564 3510/5565 3511/5566
f 3509/5563 3511/5566 752/5567 751/5568
f 3511/5569 3510/5570 3512/5571 3513/5572
f 3511/5569 3513/5572 3514/5573 752/1049
f 3513/5574 3512/5575 3515/5576 3516/5577
f 3513/5574 3516/5577 3517/5578 3514/5579
f 3516/5577 3515/5576 157/5580 907/5581
f 3515/5576 3512/5575 3518/5582 3519/5583
f 3515/5576 3519/5583 902/5584 157/5580
f 3519/5583 3518/5582 887/5585 890/5586
f 3519/5583 890/5586 895/5587 902/5584
f 3518/5588 3512/5571 3510/5570 3520/5589
f 3518/5588 3520/5589 888/5590 887/5591
f 3520/5592 3510/5565 3508/5564 3521/5593
f 3520/5592 3521/5593 892/5594 888/5595
f 3521/5596 3508/5561 3507/5560 896/1287
f 3521/5596 896/1287 893/1286 892/5597
f 3507/5560 899/1292 897/1288 896/1287
f 907/5581 906/2937 876/1250 149/1249
f 902/5598 895/1279 894/1278 898/5599
f 895/1279 890/5600 889/5601 891/1280
f 892/5594 891/5602 889/5603 888/5595
f 886/1272 738/1038 743/1037 884/1269
f 1941/2949 858/1216 143/1141 862/5604
f 141/1202 851/1205 3522/5605 3523/5606
f 141/5607 3523/5608 845/1197 847/1196
f 3523/5606 3522/5605 780/5609 783/5610
f 3523/5608 783/5611 846/5612 845/1197
f 3522/5613 784/5614 781/5615 780/5616
f 3522/5613 851/5617 785/1098 784/5614
f 851/5617 850/5496 786/1099 785/1098
f 849/1201 848/1200 328/244 327/243
f 846/5618 783/5619 782/5620 792/5621
f 846/5622 792/1110 791/1109 842/5623
f 843/1188 842/1187 791/5624 793/5554
f 841/5548 30/5625 295/5626 840/5549
f 817/5627 816/5628 797/5629 799/5630
f 816/5631 815/4755 798/4754 797/5632
f 3514/5573 3069/4768 753/1050 752/1049
f 860/5633 143/5634 133/5635 808/5636
f 792/1110 782/5637 781/5638 789/1111
f 769/4799 768/1078 767/4401 766/4800
f 760/5639 749/1045 748/1044 754/5640
f 734/5641 584/5642 731/5643 118/5644
f 720/990 537/5645 536/5646 715/991
f 715/5647 536/5648 548/644 712/976
f 713/977 712/976 548/644 547/643
f 707/966 706/965 698/5649 696/5650
f 695/947 605/763 607/762 550/651
f 695/947 550/651 549/650 693/948
f 695/947 692/946 606/5651 605/763
f 694/943 693/942 549/656 553/655
f 694/943 553/655 676/904 681/912
f 694/943 681/912 680/911 690/944
f 692/940 691/939 3524/5652 606/5653
f 3524/5652 3525/5654 602/5655 606/5653
f 3524/5652 691/939 682/5656 3526/5657
f 3524/5652 3526/5657 3527/5658 3525/5654
f 3527/5658 685/5659 3528/5660 3525/5654
f 3527/5661 3526/5662 3529/5663 689/5664
f 3527/5661 689/5664 683/919 685/923
f 3529/5663 3526/5662 682/916 679/915
f 3529/5665 679/909 678/908 3530/5666
f 3529/5665 3530/5666 669/890 689/936
f 3530/5666 678/908 674/5667 3531/5668
f 3530/5666 3531/5668 670/891 669/890
f 3531/5669 674/900 673/899 3532/5670
f 3531/5671 3532/5672 562/674 670/893
f 3532/5672 673/897 672/896 3533/5673
f 3532/5672 3533/5673 559/670 562/674
f 3533/5673 672/896 554/5674 3534/5675
f 3533/5673 3534/5675 560/671 559/670
f 3534/5676 554/659 551/658 3535/5677
f 3534/5676 3535/5677 598/5678 560/5679
f 3535/5680 551/652 550/651 607/762
f 3535/5680 607/762 599/745 598/744
f 3528/5660 603/5681 602/5655 3525/5654
f 3536/5682 603/5683 3528/5684 3537/5685
f 691/939 690/938 680/5686 682/5656
f 681/912 676/904 675/903 677/913
f 678/908 677/907 675/5687 674/5667
f 676/904 553/655 552/654 671/905
f 672/896 671/895 552/5688 554/5674
f 3538/5689 1302/1937 566/682 565/681
f 662/876 563/875 558/5690 573/1903
f 601/752 574/1894 557/5691 556/753
f 598/5678 597/5692 555/5693 560/5679
f 516/2188 71/584 519/583 534/622
f 516/2188 534/622 1445/2173 1448/2180
f 1507/5694 1506/2288 1509/2291 1510/2292
f 494/2471 486/531 485/530 491/5695
f 492/540 491/539 485/534 487/533
f 2747/4241 2750/4244 61/516 481/524
f 62/5696 61/5697 2750/4249 385/353
f 2259/5698 62/5696 385/353 42/352
f 2252/3418 2253/3417 2259/3426 42/5699
f 471/501 460/483 459/482 467/502
f 468/497 467/496 459/480 458/479
f 454/5700 453/5701 443/5702 448/5703
f 453/468 452/467 444/451 443/450
f 2072/5704 3539/5705 2070/3131 2444/5706
f 423/5707 408/5708 407/410 417/409
f 381/5175 308/5177 307/5709 378/5710
f 354/288 334/5711 333/5537 349/280
f 354/5712 353/286 347/5510 346/5713
f 354/5714 346/278 348/277 334/5715
f 24/5081 3278/5080 3243/5012 3244/5013
f 16/5716 2205/3340 2165/3339 2164/5717
f 3540/5718 14/5719 3541/5720 3542/5721
f 248/5722 2198/5723 3543/5724 3544/5725
f 3545/5726 3546/5727 11/5728 232/5729
f 1732/5730 1735/2605 3546/5727 3545/5726
f 224/71 223/69 222/68 216/72
f 1/3581 1722/5731 2377/5732 2379/5733
f 406/3210 407/410 408/5708 409/3211
f 510/5734 511/5735 512/2287 1507/2286
f 67/2298 520/602 521/593 68/582
f 780/5609 781/5736 782/5737 783/5610
f 138/1168 831/1178 144/5438 145/1169
f 136/5738 832/5739 826/5740 827/5741
f 887/5742 888/5743 889/5744 890/5745
f 176/1478 1014/5746 1010/1474 1013/1477
f 995/5747 999/2156 1067/2155 996/5748
f 46/5749 2380/5750 2384/5751 2385/5752
f 72/5753 526/5754 70/5755 68/5756
f 518/2246 1392/2080 504/2084 509/5757
f 2383/5758 2382/3578 1/3581 2379/5733
f 2707/4141 2705/4139 2710/4147 2711/4148
f 245/103 13/99 244/102
f 2035/3087 2038/3090 2040/5759 2039/5760
f 2156/5761 2165/5762 2027/5763
f 2198/3334 2197/3333 2243/5764 2199/5765
f 249/109 248/108 3544/5766
f 1743/5767 1745/5768 1746/5769
f 479/5770 61/5771 62/5772 2259/5773
f 2259/5774 43/5775 60/5776 477/5777
f 3539/5705 2072/5704 2071/5778
f 2074/5779 434/5780 432/5781
f 1512/2294 67/2298 524/5782
f 510/5783 1507/5784 1510/5785
f 564/680 77/679 569/5786
f 875/5787 3843/5788 874/5789 853/5790
f 839/5791 136/4584 828/4587 2954/4591
f 3245/5015 3219/4974 291/5014 290/5792
f 3281/5793 3280/5794 3284/5795
f 584/5796 734/5797 586/5798
f 3428/5344 3427/5343 978/1426 3420/5336
f 3455/5799 3457/5800 3458/5801
f 3453/5802 3454/5803 3456/5804
f 3644/5805 14/5806 252/5807
f 3541/5808 14/5809 3540/5810
f 2077/3138 2084/3236 53/435 434/436
f 2084/3236 2132/3235 433/434 53/435
f 847/5811 164/5812 163/5813 141/5814
f 847/5815 3504/5550 840/5549 164/5816
f 2343/3533 1696/2558 1694/2556 3547/5817
f 1694/2556 1692/2554 2342/3532 3547/5817
f 2342/3532 2341/3531 2344/3534 3547/5817
f 2344/3534 2343/3533 3547/5817
f 2709/5818 2711/5819 2696/5820
f 2709/5821 2696/5822 10/5823
f 2709/5824 10/81 230/86
f 1730/5825 1732/5826 3545/5827
f 1730/5825 1731/3714 1733/3719 1732/5826
f 1738/2609 239/94 1730/2599
f 1738/2609 233/88 12/87 239/94
f 231/5828 3546/5727 1735/2605 1738/2609
f 2026/3078 2025/3077 2030/3082 2034/3086
f 2025/3077 2029/3081 2030/3082
f 2202/3335 2204/3337 2205/3340
f 2202/3335 2205/3340 16/5716
f 2202/5829 16/5830 2164/5831
f 2202/5829 2164/5831 2163/5832
f 2201/3398 2206/3341 2203/3336 2202/3335
f 2168/3287 2171/3291 247/3330 14/5833
f 2167/5834 14/106 249/109
f 2167/3286 2166/3285 2168/3287 14/5833
f 1750/2625 1752/2628 1753/2629 3548/5835
f 1753/2629 1757/2633 262/130 3548/5835
f 262/130 17/129 3548/5835
f 17/129 264/132 1750/2625 3548/5835
f 440/444 2068/3129 2070/3131 3539/5705
f 440/444 439/443 2068/3129
f 431/5836 435/438 54/437 442/5837
f 431/432 52/431 436/3247 435/5838
f 523/2272 1500/2275 511/2281
f 523/2272 1497/2271 1499/2274 1500/2275
f 3537/5685 3528/5684 1302/5839 3538/5840
f 3528/5841 685/5842 666/5843 1302/5844
f 685/5845 667/5846 105/5847 666/5848
f 667/5849 104/5850 105/5851
f 569/5852 78/5853 571/5854
f 569/5855 571/5856 87/5857
f 569/5858 87/5859 88/5860
f 569/5861 88/747 86/746
f 569/5862 86/5863 604/5864
f 1004/1468 102/5865 659/2169 1005/1469
f 1004/1468 175/1467 1009/1473
f 1004/1468 1009/1473 661/5866
f 1004/5867 661/5868 660/5869
f 1004/5867 660/5869 102/5870
f 855/1215 857/1214 1938/2945 862/5871
f 1938/2945 1941/2948 862/5871
f 132/1136 810/1139 3069/4768 3514/5573
f 3517/5578 3516/5577 149/1249 3843/5872
f 3516/5577 907/5581 149/1249
f 860/5633 808/5636 132/5873
f 860/5874 132/5875 3514/5579
f 860/5874 3514/5579 3517/5578
f 860/5874 3517/5578 3843/5872
f 2954/4591 823/1165 822/1164 839/5791
f 822/5876 825/5877 865/5878 839/5879
f 1133/1671 1131/1669 1184/1741 1135/1673
f 1184/1741 1136/1674 1135/1673
f 1135/1673 984/1436 983/1435 1133/1671
f 983/1435 1134/1672 1133/1671
f 3460/5396 3392/5299 3453/5381
f 3392/5299 3448/5376 3450/5378 3453/5381
f 3469/5423 3462/5402 3449/5377 3446/5374
f 3449/5377 3447/5375 3446/5374
f 4/5880 213/77 8/28 7/5881
f 11/5882 3546/5883 231/5884 232/5885
f 2199/3396 2200/3381 2201/3398 2202/3335
f 250/5886 3549/5887 3550/5888 3551/5889
f 3552/5890 3555/5891 3556/5892 3557/5893
f 3553/5894 3558/5895 3559/5896 3554/5897
f 3559/5896 3558/5895 3560/5898 3561/5899
f 3561/5899 3560/5898 3562/5900 3563/5901
f 3563/5901 3562/5900 3564/5902 3565/5903
f 3565/5903 3564/5902 3557/5893 3556/5892
f 3566/5904 3570/5905 3571/5906 3572/5907
f 3567/5908 3573/5909 3574/5910 3575/5911
f 3568/5912 3576/5913 3577/5914 3578/5915
f 3569/5916 3579/5917 3580/5918 3581/5919
f 3581/5920 3580/5921 3577/5914 3576/5913
f 3580/5922 3579/5923 3575/5911 3574/5910
f 3580/5924 3574/5925 3571/5926 3577/5927
f 3577/5914 3571/5928 3570/5929 3578/5915
f 3574/5910 3573/5909 3572/5930 3571/5931
f 3582/5932 3583/5933 3584/5934 3585/5935
f 3582/5932 3586/5936 3587/5937 3588/5938
f 3582/5932 3588/5938 3589/5939 3583/5933
f 3590/5940 3586/5936 3582/5932
f 3591/5941 3592/5942 3593/5943 3594/5944
f 3593/5943 3592/5942 3595/5945 3596/5946
f 3593/5943 3596/5946 3597/5947 3598/5948
f 3598/5948 3597/5947 3599/5949 3600/5950
f 3600/5950 3599/5949 3601/5951 3602/5952
f 3595/5945 3592/5942 3588/5938 3587/5937
f 3590/5940 3582/5932 3585/5935
f 3589/5939 3588/5938 3592/5942 3591/5941
f 3603/5953 3605/5954 3606/5955 3607/5956
f 3603/5953 3607/5956 3608/5957 3609/5958
f 3604/5959 3610/5960 3608/5957 3607/5956
f 3604/5961 3607/5962 3606/5963 3611/5964
f 3610/5965 3604/5966 3611/5967
f 3605/5954 3603/5953 3609/5958
f 3612/5968 3613/5969 3614/5970 3615/5971
f 3612/5968 3615/5971 3616/5972 3617/5973
f 3612/5974 3617/5975 3618/5976 3613/5977
f 3618/5976 3619/5978 3620/5979 3613/5977
f 3620/5980 3619/5981 3621/5982 3622/5983
f 3620/5980 3622/5983 3623/5984 3624/5985
f 3624/5985 3623/5984 3625/5986 3626/5987
f 3625/5986 3627/5988 3626/5987
f 3616/5972 3615/5971 3628/5989 3629/5990
f 3628/5989 3615/5971 3614/5970 3630/5991
f 3630/5991 3614/5970 3631/5992 3632/5993
f 3631/5992 3614/5970 3613/5969 3620/5994
f 3633/5995 3634/5996 3635/5997 3636/5998
f 3633/5995 3636/5998 3637/5999 3638/6000
f 3633/5995 3638/6000 3639/6001 3634/5996
f 3639/6001 3638/6000 3640/6002 3641/6003
f 3640/6002 3638/6000 3637/5999 3642/6004
f 3642/6004 3637/5999 3643/6005 3644/6006
f 3643/6005 3637/5999 3636/5998 3645/6007
f 3645/6007 3636/5998 3635/5997 3646/6008
f 3647/6009 3651/6010 3652/6011 3653/6012
f 3648/6013 3654/6014 3655/6015 3656/6016
f 3649/6017 3657/6018 3658/6019 3659/6020
f 3650/6021 3660/6022 3661/6023 3662/6024
f 3661/6023 3655/6015 3654/6014 3662/6024
f 3661/6023 3660/6022 3663/6025 3664/6026
f 3661/6023 3664/6026 3665/6027 3655/6015
f 3665/6027 3666/6028 3656/6016 3655/6015
f 3665/6027 3664/6026 3658/6019 3652/6011
f 3665/6027 3652/6011 3651/6010 3666/6028
f 3664/6026 3663/6025 3659/6020 3658/6019
f 3658/6019 3657/6018 3653/6012 3652/6011
f 3667/6029 3671/6030 3672/6031 3673/6032
f 3668/6033 3674/6034 3675/6035 3676/6036
f 3669/6037 3673/6032 3672/6031 3677/6038
f 3670/6039 3678/6040 3675/6035 3674/6034
f 3678/6040 3679/6041 3680/6042 3675/6035
f 3680/6042 3672/6031 3671/6030 3681/6043
f 3680/6042 3681/6043 3676/6036 3675/6035
f 3680/6042 3679/6041 3677/6038 3672/6031
f 3682/6044 3683/6045 3684/6046
f 3685/6047 3686/6048 3687/6049 3688/6050
f 3688/6051 3684/6046 3683/6045 3689/6052
f 3685/6047 3688/6050 3689/6053
f 3685/6047 3689/6053 3690/6054 3686/6048
f 3690/6054 3691/6055 3692/6056 3686/6048
f 3692/6056 3693/6057 3694/6058 3695/6059
f 3692/6056 3695/6059 3687/6049 3686/6048
f 3692/6056 3691/6055 3696/6060 3693/6057
f 3697/6061 3701/6062 3702/6063 3703/6064
f 3698/6065 3704/6066 3705/6067 3706/6068
f 3699/6069 3707/6070 3702/6071 3701/6072
f 3700/6073 3706/6068 3705/6067 3708/6074
f 3708/6074 3705/6067 3702/6071 3707/6070
f 3705/6075 3704/6076 3703/6077 3702/6078
f 3709/6079 3710/6080 3711/6081
f 3710/6080 3712/6082 3713/6083 3711/6081
f 3710/6084 3714/6085 3715/6086 3712/6087
f 3715/6086 3714/6085 3716/6088 3717/6089
f 3717/6089 3716/6088 3718/6090 3719/6091
f 3719/6091 3718/6090 3720/6092 3721/6093
f 3721/6094 3720/6095 3722/6096 3723/6097
f 3724/6098 3725/6099 3726/6100 3727/6101
f 3724/6098 3728/6102 3729/6103 3725/6099
f 3729/6103 3730/6104 3731/6105 3725/6099
f 3731/6105 3732/6106 3726/6100 3725/6099
f 3728/6107 3724/6108 3727/6109
f 3733/6110 3737/6111 3738/6112 3739/6113
f 3734/6114 3740/6115 3738/6112 3737/6111
f 3735/6116 3741/6117 3742/6118 3743/6119
f 3736/6120 3743/6121 3742/6122 3744/6123
f 3744/6123 3742/6122 3738/6112 3740/6115
f 3742/6118 3741/6117 3739/6124 3738/6125
f 3745/6126 3747/6127 3751/6128 3752/6129
f 3746/6130 3752/6129 3751/6128 3753/6131
f 3747/6127 3754/6132 3755/6133 3751/6128
f 3747/6127 3756/6134 3757/6135 3754/6132
f 3748/6136 3753/6131 3751/6128 3755/6133
f 3749/6137 3758/6138 3759/6139 3750/6140
f 3759/6139 3758/6138 3757/6135 3756/6134
f 3761/6141 3765/6142 3766/6143 3762/6144
f 3762/6144 3767/6145 3764/6146 3763/6147
f 3762/6144 3766/6143 3768/6148 3767/6145
f 3768/6148 3766/6143 3769/6149 3770/6150
f 3770/6150 3769/6149 3771/6151 3772/6152
f 3772/6152 3771/6151 3773/6153 3774/6154
f 3774/6154 3773/6153 3775/6155 3776/6156
f 3773/6153 3771/6151 3777/6157 3778/6158
f 3773/6153 3778/6158 3779/6159 3775/6155
f 3777/6157 3771/6151 3769/6149 3780/6160
f 3780/6160 3769/6149 3766/6143 3765/6142
f 3775/6155 3779/6159 3760/6161 3776/6156
f 3781/6162 3782/6163 3783/6164
f 3784/6165 3785/6166 3786/6167 3787/6168
f 3783/6164 3782/6163 3788/6169 3784/6165
f 3784/6165 3787/6168 3783/6164
f 3784/6165 3788/6169 3789/6170 3785/6166
f 3789/6170 3790/6171 3791/6172 3785/6166
f 3791/6172 3792/6173 3793/6174 3794/6175
f 3791/6172 3794/6175 3786/6167 3785/6166
f 3791/6172 3790/6171 3795/6176 3792/6173
f 3795/6176 3796/6177 3797/6178 3792/6173
f 3797/6178 3798/6179 3793/6174 3792/6173
f 3799/6180 3800/6181 3801/6182
f 3802/6183 3803/6184 3804/6185 3805/6186
f 3802/6183 3806/6187 3807/6188 3803/6184
f 3807/6188 3808/6189 3809/6190 3803/6184
f 3809/6190 3810/6191 3804/6185 3803/6184
f 3806/6187 3802/6183 3805/6186
f 3811/6192 3815/6193 3816/6194 3817/6195
f 3812/6196 3818/6197 3819/6198 3820/6199
f 3813/6200 3817/6195 3816/6194 3821/6201
f 3814/6202 3822/6203 3819/6198 3818/6197
f 3822/6203 3821/6201 3816/6194 3819/6198
f 3819/6198 3816/6194 3815/6193 3820/6199
f 3823/6204 3826/6205 3825/6206 3824/6207
f 3827/6208 3831/6209 3832/6210 3833/6211
f 3828/6212 3834/6213 3835/6214 3836/6215
f 3829/6216 3837/6217 3838/6218 3839/6219
f 3830/6220 3840/6221 3841/6222 3842/6223
f 3841/6222 3838/6218 3837/6217 3842/6223
f 3841/6222 3840/6221 3836/6215 3835/6214
f 3841/6222 3835/6214 3832/6210 3838/6218
f 3839/6219 3838/6218 3832/6210 3831/6209
f 3835/6214 3834/6213 3833/6211 3832/6210
f 604/6224 3847/6225 3848/6226 3844/6227
f 3845/6228 3846/6229 3849/6230 3850/6231
f 3849/6230 3851/6232 3852/6233 3850/6231
f 3852/6234 3851/6235 3853/6236 3854/6237
f 3854/6238 3853/6239 3855/6240 3856/6241
f 3856/6241 3855/6240 3857/6242 3858/6243
f 3858/6243 3857/6242 3859/6244 3860/6245
f 3860/6245 3859/6244 3848/6226 3847/6225
f 3861/6246 3865/6247 3866/6248 3867/6249
f 3862/6250 3867/6249 3866/6248 3868/6251
f 3863/6252 3868/6251 3866/6248 3869/6253
f 3864/6254 3869/6253 3866/6248 3865/6247
f 3870/6255 3871/6256 3872/6257 3873/6258
f 3870/6259 3873/6260 3874/6261 3875/6262
f 3870/6259 3875/6262 3876/6263 3871/6264
f 3877/6265 3878/6266 3879/6267 3880/6268
f 3881/6269 3880/6268 3879/6267
f 3876/6263 3875/6262 3874/6261
f 3882/6270 3883/6271 3884/6272 3885/6273
f 3885/6273 3884/6272 3886/6274 3887/6275
f 3887/6275 3886/6274 3888/6276
f 3883/6271 3882/6270 3885/6273
f 149/1249 874/1252 3843/5872
