# Blender 5.0.1
# www.blender.org
mtllib tripo_convert_d85bde62-ea52-4eff-a466-742dbe481b98.mtl
o tripo_node_d85bde62-ea52-4eff-a466-742dbe481b98
v 0.180243 -0.002266 0.052318
v 0.145674 -0.034935 0.064694
v 0.050303 -0.050263 0.114318
v -0.069483 -0.036113 0.454185
v -0.069565 -0.034664 0.460253
v -0.202801 -0.041686 0.482703
v -0.209846 -0.039829 0.482553
v -0.113425 -0.009040 0.475892
v -0.083476 -0.010985 0.470060
v -0.081703 -0.033506 0.483327
v 0.193636 0.045929 -0.038685
v 0.178726 0.019489 -0.041897
v -0.058663 -0.033812 -0.457438
v 0.146005 -0.029069 -0.070690
v 0.183485 -0.024011 -0.059341
v 0.135092 -0.060238 -0.134919
v 0.141649 -0.071753 -0.064360
v 0.051753 -0.036212 -0.065784
v 0.049146 -0.062857 -0.108303
v -0.064820 -0.040115 -0.449355
v -0.063625 -0.044335 -0.450968
v -0.044143 -0.039583 -0.480181
v -0.049564 -0.052175 -0.479329
v -0.049531 -0.044486 -0.454663
v 0.116629 -0.069882 -0.144771
v 0.051054 -0.103025 -0.112654
v 0.136592 -0.125753 -0.060528
v 0.138409 -0.112954 -0.065812
v 0.050588 -0.115461 -0.061288
v 0.134561 -0.095161 -0.055223
v 0.142693 -0.078791 -0.063422
v 0.135097 -0.080374 -0.057286
v 0.137153 -0.132475 -0.007079
v 0.129963 -0.138563 -0.013467
v 0.128368 -0.137377 0.034519
v 0.131919 -0.135076 0.019492
v 0.142622 -0.127343 0.060500
v 0.139197 -0.117300 0.067594
v 0.142186 -0.108848 0.122232
v 0.137563 -0.114976 0.126456
v 0.135763 -0.055015 0.136623
v 0.477799 -0.069417 0.010713
v 0.487960 -0.074083 0.000851
v 0.478385 -0.069033 -0.008264
v 0.474113 -0.084133 0.004997
v 0.132514 -0.098442 0.056086
v 0.049627 -0.033829 0.068877
v 0.049031 -0.110109 0.064475
v 0.056576 -0.114314 0.071617
v 0.072619 -0.079731 0.153944
v 0.049780 -0.103049 0.114278
v -0.154747 -0.133944 0.049621
v -0.141273 -0.140847 0.052680
v 0.049748 -0.115077 0.074856
v -0.358628 -0.103619 0.011851
v -0.359371 -0.087091 0.207170
v -0.244610 -0.097190 0.114378
v -0.232793 -0.071395 0.205500
v -0.241016 -0.058267 0.246163
v -0.241365 -0.054077 0.271341
v -0.236780 -0.071711 0.195543
v -0.239998 -0.068218 0.195555
v -0.232945 -0.060391 0.208143
v -0.223830 -0.058369 0.142757
v -0.258291 -0.067637 0.141057
v -0.361480 -0.053021 0.094992
v -0.398136 -0.063571 0.066332
v -0.370036 -0.054073 0.012570
v -0.355729 -0.049674 -0.009038
v -0.398997 -0.057320 0.048359
v -0.383443 -0.069325 0.095516
v -0.403550 -0.094516 0.055408
v -0.401756 -0.079324 0.030125
v -0.445270 -0.067641 0.080072
v -0.452446 -0.059523 0.035303
v -0.436876 -0.077780 -0.018757
v -0.439760 -0.071597 -0.020013
v -0.451989 -0.061895 0.030884
v -0.454956 -0.055184 0.040577
v -0.451001 -0.066209 0.074939
v -0.462924 -0.051555 0.135509
v -0.453952 -0.058175 0.139042
v -0.380950 -0.065618 0.116085
v -0.365632 -0.063676 0.102532
v -0.354605 -0.063850 0.112697
v -0.383042 -0.066573 0.261999
v -0.379720 -0.083658 0.259291
v -0.381645 -0.064320 0.147069
v -0.404448 -0.080289 0.147367
v -0.408615 -0.070784 0.155946
v -0.443031 -0.074104 0.074989
v -0.445528 -0.095501 0.074622
v -0.445729 -0.091364 0.076497
v -0.359102 -0.103596 0.099664
v -0.361952 -0.097065 0.097715
v -0.361227 -0.093694 0.108621
v -0.383822 -0.086724 0.145526
v -0.453763 -0.093434 0.032977
v -0.453091 -0.090375 0.030078
v -0.434544 -0.100477 -0.027761
v -0.448938 -0.098354 -0.059282
v -0.398635 -0.088297 -0.069570
v -0.398834 -0.078837 -0.029276
v -0.397776 -0.084964 -0.060314
v -0.398325 -0.098843 -0.051748
v -0.261880 -0.094902 -0.114133
v -0.260595 -0.068652 -0.175490
v -0.221074 -0.077624 -0.192048
v -0.386315 -0.083080 -0.275099
v -0.367731 -0.087678 -0.213335
v -0.381125 -0.089757 -0.146116
v -0.366492 -0.093451 -0.101234
v -0.385858 -0.080667 -0.094393
v -0.385453 -0.072554 -0.094864
v -0.412323 -0.086749 -0.148613
v -0.388151 -0.067571 -0.275450
v -0.249994 -0.065030 -0.220628
v -0.393827 -0.075205 -0.144619
v -0.257362 -0.074448 -0.157920
v -0.314804 -0.066703 -0.187970
v -0.239907 -0.063526 -0.224438
v -0.233505 -0.061313 -0.233156
v -0.222036 -0.053120 -0.478559
v -0.232805 -0.066287 -0.242242
v -0.382345 -0.070308 -0.133520
v -0.248705 -0.077788 -0.113652
v -0.265887 -0.066209 -0.141853
v -0.240489 -0.068230 -0.114298
v -0.260401 -0.066653 -0.141935
v -0.235942 -0.063658 -0.140354
v -0.365349 -0.063519 -0.101859
v -0.381743 -0.066646 -0.111031
v -0.391415 -0.071032 -0.117758
v -0.398048 -0.064140 -0.066567
v -0.451225 -0.048647 -0.053319
v -0.444158 -0.073857 -0.026802
v -0.451981 -0.064068 -0.029790
v -0.452404 -0.060261 -0.032615
v -0.456620 -0.057481 -0.134532
v -0.460189 -0.066952 -0.127312
v -0.460398 -0.063931 -0.125090
v -0.462813 -0.056652 -0.123906
v -0.450458 -0.056093 -0.037604
v -0.437435 -0.050934 -0.031281
v -0.397866 -0.058264 -0.045129
v -0.244545 -0.036081 -0.108258
v -0.231526 -0.031767 -0.468378
v -0.421997 -0.040063 -0.140715
v -0.430654 -0.048396 -0.141154
v -0.421643 -0.038699 -0.120547
v -0.288497 -0.034728 -0.142631
v -0.482264 0.142961 -0.148090
v -0.424200 0.104308 -0.151622
v -0.426233 0.109818 -0.128600
v -0.482342 0.143316 -0.137619
v -0.251060 -0.016007 0.114820
v -0.230599 -0.019897 0.116674
v -0.245170 -0.008404 0.114846
v -0.230410 -0.023486 0.121775
v -0.239591 -0.030542 0.142120
v -0.250617 -0.033298 0.142723
v -0.251088 -0.010342 0.143225
v -0.234477 -0.018925 0.140325
v -0.292957 -0.024041 0.144495
v -0.239741 -0.027628 0.461360
v -0.212392 -0.039985 0.406382
v -0.190916 -0.051608 0.141009
v -0.222150 -0.048598 0.141615
v -0.226001 -0.040034 0.482580
v -0.231768 -0.041838 0.413851
v -0.228933 -0.040049 0.397151
v -0.236669 -0.041027 0.393544
v -0.223460 -0.036554 0.421064
v -0.416336 -0.034225 0.121475
v -0.424612 -0.033963 0.144441
v -0.461518 -0.042308 0.141092
v -0.474582 -0.043542 0.131975
v -0.474296 -0.038709 0.129726
v -0.471148 -0.036686 0.127836
v -0.423377 0.100106 0.152382
v -0.422195 0.100838 0.128991
v -0.478453 0.148728 0.153273
v -0.485689 0.145441 0.149271
v 0.151143 -0.009151 0.057034
v 0.182866 -0.007528 0.054777
v 0.187684 -0.006612 0.054021
v 0.187000 -0.002022 0.051816
v 0.190566 0.035667 0.038513
v 0.164750 0.033171 0.037708
v 0.143075 -0.035463 0.066037
v 0.140840 -0.054856 0.064891
v 0.146211 -0.058804 0.060949
v 0.049725 -0.064329 0.117219
v 0.049112 -0.065310 0.100564
v 0.049670 -0.043298 0.104608
v 0.080852 -0.048536 0.113618
v 0.079650 -0.059118 0.119299
v 0.082294 -0.040666 0.103377
v -0.078967 -0.038535 0.454082
v -0.076748 -0.040808 0.437643
v -0.068822 -0.038507 0.439873
v -0.064070 -0.035110 0.441100
v -0.079801 -0.037288 0.462280
v -0.074250 -0.031936 0.470920
v -0.081125 -0.036452 0.470291
v -0.073186 -0.029088 0.457111
v -0.074329 -0.026204 0.466985
v -0.065450 -0.028327 0.439821
v -0.210170 -0.046511 0.470511
v -0.202345 -0.045577 0.471257
v -0.188832 -0.042051 0.482935
v -0.190832 -0.035505 0.484283
v -0.219905 -0.039459 0.479873
v -0.217936 -0.047262 0.469576
v -0.192919 -0.026037 0.479478
v -0.211915 -0.029737 0.475372
v -0.223295 -0.032286 0.472979
v -0.100533 -0.009497 0.473226
v -0.100880 -0.012451 0.465034
v -0.112045 -0.012719 0.465282
v -0.112580 -0.013379 0.481331
v -0.099742 -0.012315 0.480208
v -0.128620 -0.013263 0.464612
v -0.129607 -0.009911 0.473877
v -0.129932 -0.013048 0.480112
v -0.084144 -0.015390 0.465082
v -0.092109 -0.012951 0.464326
v -0.090606 -0.009304 0.471504
v -0.089333 -0.012159 0.478613
v -0.080619 -0.013051 0.475006
v -0.077388 -0.017695 0.468663
v -0.081729 -0.035025 0.477111
v -0.076883 -0.029398 0.476526
v -0.081500 -0.027358 0.481100
v -0.089004 -0.034013 0.483825
v -0.089360 -0.037062 0.477184
v -0.089374 -0.027058 0.482997
v 0.205520 0.039271 -0.039387
v 0.170733 0.041552 -0.034988
v 0.165597 0.055813 -0.025536
v 0.195518 0.057737 -0.030156
v 0.216654 0.051899 -0.029252
v 0.236957 0.029907 -0.037975
v 0.213423 0.007110 -0.046548
v 0.159086 -0.008291 -0.055227
v 0.138470 0.016775 -0.042853
v 0.134642 0.035288 -0.033187
v 0.134523 -0.001314 -0.052748
v -0.064932 -0.033538 -0.457558
v -0.068659 -0.037365 -0.447026
v -0.051430 -0.033002 -0.463538
v -0.060667 -0.030644 -0.465411
v -0.048472 -0.038914 -0.457559
v 0.155588 -0.027563 -0.063522
v 0.140874 -0.052909 -0.063294
v 0.138653 -0.031183 -0.070380
v 0.143131 -0.028937 -0.086465
v 0.151725 -0.023655 -0.089180
v 0.135812 -0.051159 -0.068602
v 0.143819 -0.016178 -0.073179
v 0.149342 -0.016295 -0.064010
v 0.140405 -0.017609 -0.088459
v 0.140761 -0.041950 -0.126556
v 0.139919 -0.047029 -0.120041
v 0.138142 -0.060922 -0.124313
v 0.122292 -0.074996 -0.137255
v 0.124230 -0.052094 -0.135461
v 0.129250 -0.037864 -0.126547
v 0.136292 -0.069638 -0.068827
v 0.049289 -0.050199 -0.065339
v 0.049074 -0.051051 -0.082947
v 0.051362 -0.034344 -0.086445
v 0.065711 -0.033632 -0.067074
v 0.067528 -0.052782 -0.066436
v 0.064752 -0.034051 -0.087457
v 0.049097 -0.059448 -0.102318
v 0.049091 -0.071217 -0.100378
v 0.049242 -0.071440 -0.109684
v 0.055486 -0.058581 -0.116150
v 0.053352 -0.049339 -0.109202
v 0.055914 -0.070863 -0.116421
v -0.066747 -0.036778 -0.435731
v -0.064331 -0.041959 -0.436859
v -0.065390 -0.046824 -0.437560
v -0.070922 -0.050490 -0.437458
v -0.071020 -0.048360 -0.450103
v -0.068401 -0.050121 -0.461208
v -0.059137 -0.049317 -0.462414
v -0.044519 -0.036393 -0.475116
v -0.042832 -0.044504 -0.473255
v -0.046241 -0.046612 -0.480464
v -0.054933 -0.039411 -0.481667
v -0.055282 -0.033405 -0.478078
v -0.055514 -0.046631 -0.481862
v -0.056359 -0.052357 -0.478791
v -0.048618 -0.050237 -0.471827
v -0.057216 -0.051875 -0.471139
v -0.048095 -0.047842 -0.464276
v -0.043125 -0.041183 -0.465960
v 0.108549 -0.074923 -0.141659
v 0.101109 -0.072166 -0.156105
v 0.104939 -0.063238 -0.158867
v 0.111574 -0.081700 -0.136855
v 0.050036 -0.094660 -0.111278
v 0.049300 -0.096205 -0.101144
v 0.049681 -0.105263 -0.103296
v 0.058056 -0.108138 -0.103607
v 0.058329 -0.102471 -0.111316
v 0.057812 -0.094433 -0.114327
v 0.128304 -0.128129 -0.060650
v 0.125548 -0.128844 -0.069619
v 0.135802 -0.126955 -0.068631
v 0.141134 -0.121689 -0.066687
v 0.138779 -0.120727 -0.058613
v 0.130535 -0.121813 -0.055425
v 0.138704 -0.117560 -0.076357
v 0.129231 -0.116498 -0.075971
v 0.129477 -0.111249 -0.067190
v 0.129927 -0.099397 -0.067881
v 0.138432 -0.098584 -0.066142
v 0.140975 -0.097023 -0.060683
v 0.140067 -0.111754 -0.058513
v 0.141239 -0.122497 -0.077292
v 0.068856 -0.115218 -0.068491
v 0.069789 -0.115365 -0.080688
v 0.055378 -0.115449 -0.079094
v 0.049360 -0.110402 -0.078727
v 0.049858 -0.108251 -0.062208
v 0.069297 -0.109348 -0.063975
v 0.114023 -0.110461 -0.049490
v 0.115612 -0.118813 -0.051478
v 0.131861 -0.112698 -0.054865
v 0.148757 -0.112810 -0.044650
v 0.122254 -0.123679 -0.038443
v 0.136714 -0.083880 -0.067578
v 0.131185 -0.134770 -0.023075
v 0.155779 -0.123742 -0.029119
v 0.160380 -0.129419 -0.008373
v 0.163097 -0.128958 0.016799
v 0.139791 -0.129535 0.017646
v 0.130564 -0.135268 -0.005150
v 0.126990 -0.134048 -0.007768
v 0.135980 -0.122161 0.037472
v 0.114658 -0.127387 0.037579
v 0.116465 -0.137393 0.030173
v 0.120565 -0.140596 0.017445
v 0.132289 -0.137495 -0.004545
v 0.138257 -0.126898 0.072653
v 0.127501 -0.127925 0.073855
v 0.129534 -0.128175 0.062263
v 0.131297 -0.125055 0.056511
v 0.142530 -0.122312 0.059120
v 0.142758 -0.123794 0.070301
v 0.142213 -0.113075 0.059771
v 0.141812 -0.115796 0.084905
v 0.142490 -0.122775 0.086428
v 0.124032 -0.116477 0.068051
v 0.123805 -0.115756 0.086053
v 0.138655 -0.088838 0.063587
v 0.133896 -0.086451 0.068963
v 0.123097 -0.086533 0.070330
v 0.142303 -0.113794 0.120836
v 0.142581 -0.118592 0.105530
v 0.141758 -0.112159 0.104478
v 0.122950 -0.111913 0.103028
v 0.121756 -0.106850 0.117007
v 0.123881 -0.089335 0.120130
v 0.141761 -0.088294 0.124214
v 0.136627 -0.088691 0.132853
v 0.136718 -0.102887 0.130167
v 0.137721 -0.110458 0.128211
v 0.137694 -0.118481 0.119488
v 0.127415 -0.114663 0.126431
v 0.127629 -0.120899 0.118770
v 0.127495 -0.108778 0.130767
v 0.136811 -0.069060 0.137666
v 0.138052 -0.065994 0.126108
v 0.135486 -0.055447 0.124821
v 0.125082 -0.048848 0.133969
v 0.119899 -0.056330 0.143538
v 0.126573 -0.062498 0.147433
v 0.124574 -0.070422 0.143637
v 0.479925 -0.068141 0.008064
v 0.470966 -0.061532 0.012362
v 0.470322 -0.065795 0.014844
v 0.470222 -0.070558 0.016284
v 0.479284 -0.072668 0.010346
v 0.482280 -0.071911 0.007490
v 0.485828 -0.075506 -0.001022
v 0.485392 -0.072813 -0.001824
v 0.486394 -0.071844 0.000699
v 0.486391 -0.075280 0.002731
v 0.484899 -0.077441 0.000843
v 0.485903 -0.072412 0.003317
v 0.480358 -0.067732 -0.005119
v 0.482618 -0.071305 -0.004259
v 0.479596 -0.072422 -0.007543
v 0.470780 -0.071653 -0.015137
v 0.470879 -0.066233 -0.013496
v 0.471641 -0.061997 -0.010602
v 0.476059 -0.082079 0.006974
v 0.468745 -0.084944 0.010472
v 0.468432 -0.087021 0.005956
v 0.468817 -0.087713 0.000810
v 0.475679 -0.083740 0.001880
v 0.478905 -0.081390 0.003840
v 0.161289 -0.095990 0.056921
v 0.165374 -0.061619 0.061938
v 0.163267 -0.117440 0.039307
v 0.131706 -0.114892 0.056119
v 0.110894 -0.111948 0.050438
v 0.113902 -0.121463 0.052172
v 0.049495 -0.034582 0.089728
v 0.049166 -0.065161 0.084485
v 0.049676 -0.063830 0.066047
v 0.084051 -0.033250 0.070349
v 0.083498 -0.034495 0.088619
v 0.083365 -0.059936 0.068346
v 0.079190 -0.115628 0.065810
v 0.081815 -0.089530 0.066799
v 0.049519 -0.089734 0.064374
v 0.049179 -0.087831 0.082061
v 0.049302 -0.102983 0.081086
v 0.077170 -0.115125 0.078752
v 0.075077 -0.114286 0.092641
v 0.055613 -0.079211 0.170936
v 0.039587 -0.080614 0.165121
v 0.043952 -0.082455 0.150709
v 0.083572 -0.076452 0.163692
v 0.063398 -0.077153 0.177702
v 0.044639 -0.088939 0.139595
v 0.076837 -0.087993 0.139058
v 0.105932 -0.087116 0.137478
v 0.103440 -0.077345 0.143534
v 0.106964 -0.073477 0.151932
v 0.049951 -0.093217 0.115339
v 0.076975 -0.086368 0.116883
v 0.075691 -0.097472 0.115118
v 0.074299 -0.107230 0.108430
v 0.053452 -0.105458 0.102983
v 0.049510 -0.096582 0.101681
v -0.189395 -0.130514 0.045619
v -0.188813 -0.129682 0.034101
v -0.153691 -0.128770 0.036635
v -0.144536 -0.146297 0.062664
v -0.165109 -0.142012 0.060824
v -0.190962 -0.132336 0.056934
v -0.358908 -0.102941 -0.005687
v -0.360673 -0.088829 -0.003588
v -0.364750 -0.088672 -0.007668
v -0.358904 -0.103894 -0.011408
v -0.374338 -0.098493 -0.012103
v -0.372823 -0.106686 -0.018352
v -0.349629 -0.110560 -0.013566
v -0.376164 -0.088143 -0.009273
v -0.359354 -0.103234 0.003980
v -0.329316 -0.108511 0.004696
v -0.328489 -0.111656 0.010766
v -0.353743 -0.112636 0.016657
v -0.366781 -0.107595 0.019557
v -0.368202 -0.100742 0.013108
v -0.328816 -0.117766 0.016711
v -0.368325 -0.087747 0.010464
v -0.361019 -0.088508 0.010208
v -0.359885 -0.088681 0.003724
v -0.353669 -0.086073 0.220695
v -0.369286 -0.085655 0.230343
v -0.373420 -0.086979 0.211079
v -0.349463 -0.088228 0.188313
v -0.332337 -0.087267 0.198019
v -0.369415 -0.088821 0.182526
v -0.235225 -0.092609 0.115008
v -0.256356 -0.086361 0.126652
v -0.260409 -0.091214 0.125963
v -0.271666 -0.095624 0.113793
v -0.269124 -0.108114 0.110368
v -0.237144 -0.111337 0.109110
v -0.275832 -0.091610 0.123737
v -0.229219 -0.076539 0.182692
v -0.222476 -0.077214 0.181734
v -0.242503 -0.063324 0.202243
v -0.232244 -0.064082 0.241119
v -0.240889 -0.062663 0.225787
v -0.240418 -0.057357 0.248669
v -0.236189 -0.061566 0.198917
v -0.235657 -0.057768 0.289040
v -0.242106 -0.053995 0.298237
v -0.242245 -0.056456 0.257016
v -0.242465 -0.052622 0.301047
v -0.237327 -0.049196 0.306580
v -0.232116 -0.052909 0.268695
v -0.233620 -0.055952 0.245362
v -0.230920 -0.072138 0.183845
v -0.231479 -0.066972 0.187543
v -0.222505 -0.056866 0.204430
v -0.219444 -0.056187 0.166465
v -0.227741 -0.059044 0.166333
v -0.231024 -0.063674 0.164343
v -0.234741 -0.045871 0.142062
v -0.240666 -0.055348 0.141776
v -0.230434 -0.061222 0.145888
v -0.244508 -0.062540 0.140689
v -0.226784 -0.080891 0.131870
v -0.231063 -0.075397 0.128890
v -0.220604 -0.083196 0.118360
v -0.216938 -0.082446 0.129240
v -0.255745 -0.075694 0.140612
v -0.254698 -0.078081 0.122815
v -0.230315 -0.075941 0.142560
v -0.231454 -0.071272 0.145255
v -0.244487 -0.066858 0.137778
v -0.260833 -0.067847 0.162100
v -0.255935 -0.076468 0.161959
v -0.270039 -0.066958 0.145417
v -0.271767 -0.066967 0.160654
v -0.254106 -0.055478 0.142184
v -0.267616 -0.056248 0.142643
v -0.338957 -0.066463 0.192954
v -0.323793 -0.066594 0.199729
v -0.305191 -0.066712 0.172805
v -0.337332 -0.066497 0.175769
v -0.353698 -0.051390 0.105477
v -0.390852 -0.055733 0.089121
v -0.330693 -0.053526 0.113126
v -0.349114 -0.037503 0.100553
v -0.405769 -0.064952 0.066441
v -0.406826 -0.060226 0.058176
v -0.399629 -0.060753 0.056927
v -0.398157 -0.067515 0.053411
v -0.398584 -0.071470 0.062035
v -0.403513 -0.073625 0.069433
v -0.362734 -0.057547 0.008757
v -0.367362 -0.073237 0.008327
v -0.376595 -0.072461 0.008843
v -0.400021 -0.060624 0.013087
v -0.398537 -0.051230 0.020208
v -0.369731 -0.044982 0.022233
v -0.346022 -0.038881 0.015576
v -0.346185 -0.043838 0.013548
v -0.347558 -0.030116 0.022862
v -0.374951 -0.056133 -0.012879
v -0.376291 -0.066174 -0.008530
v -0.364120 -0.065008 -0.007915
v -0.360243 -0.063280 -0.004067
v -0.349851 -0.047995 -0.003702
v -0.353763 -0.040296 -0.016366
v -0.373977 -0.046824 -0.019675
v -0.406816 -0.058517 0.048851
v -0.405594 -0.061474 0.042270
v -0.398381 -0.063264 0.045412
v -0.394517 -0.077908 0.093069
v -0.401795 -0.092670 0.048340
v -0.412143 -0.096377 0.046989
v -0.412450 -0.097423 0.056307
v -0.412885 -0.092417 0.064534
v -0.402077 -0.090342 0.060565
v -0.398559 -0.085737 0.053064
v -0.402937 -0.072466 0.032957
v -0.413733 -0.072667 0.031194
v -0.412786 -0.078990 0.029518
v -0.412246 -0.084960 0.033477
v -0.402232 -0.081929 0.035008
v -0.398489 -0.076154 0.038234
v -0.451902 -0.076578 0.078940
v -0.449261 -0.075453 0.080376
v -0.438788 -0.072391 0.083769
v -0.437486 -0.063867 0.081487
v -0.439053 -0.056778 0.076985
v -0.444117 -0.061568 0.037023
v -0.444578 -0.056236 0.044649
v -0.453022 -0.065570 0.027072
v -0.443664 -0.066939 0.031287
v -0.457662 -0.065863 0.028824
v -0.441480 -0.050591 0.037225
v -0.441072 -0.055549 0.031008
v -0.441522 -0.047294 0.045209
v -0.442317 -0.081671 -0.021058
v -0.435749 -0.089086 -0.019871
v -0.422671 -0.082082 -0.014661
v -0.420632 -0.070668 -0.014158
v -0.435708 -0.061551 -0.022345
v -0.444016 -0.060613 -0.026277
v -0.447723 -0.066525 -0.024556
v -0.451012 -0.070197 -0.024124
v -0.446972 -0.070859 -0.021660
v -0.440476 -0.062365 0.024794
v -0.450806 -0.069182 0.025016
v -0.448306 -0.055655 0.055647
v -0.451071 -0.051440 0.053870
v -0.440991 -0.046189 0.054841
v -0.452458 -0.079844 0.077815
v -0.454607 -0.056691 0.063981
v -0.440784 -0.061367 0.066757
v -0.441437 -0.052027 0.068631
v -0.472170 -0.045156 0.134561
v -0.462493 -0.042746 0.126374
v -0.463452 -0.038636 0.138888
v -0.452244 -0.054550 0.127160
v -0.452478 -0.057366 0.134149
v -0.456169 -0.051667 0.139418
v -0.453801 -0.043636 0.141016
v -0.446906 -0.052567 0.141870
v -0.435323 -0.063058 0.140268
v -0.431788 -0.055961 0.143570
v -0.436488 -0.062176 0.131473
v -0.381540 -0.077206 0.112752
v -0.382356 -0.077959 0.128461
v -0.384322 -0.069002 0.130367
v -0.397532 -0.067871 0.130117
v -0.398022 -0.064638 0.117448
v -0.405458 -0.035098 0.119312
v -0.383311 -0.033030 0.118238
v -0.385314 -0.068618 0.270128
v -0.370666 -0.068930 0.271491
v -0.373459 -0.066654 0.260505
v -0.378980 -0.066256 0.249094
v -0.389958 -0.066750 0.254664
v -0.397933 -0.069231 0.261910
v -0.371613 -0.083780 0.257729
v -0.369965 -0.082651 0.268849
v -0.382998 -0.083044 0.267574
v -0.394745 -0.082477 0.259306
v -0.385565 -0.083954 0.252209
v -0.375761 -0.084570 0.247361
v -0.348045 -0.061241 0.145214
v -0.349175 -0.050235 0.145229
v -0.379172 -0.053416 0.145926
v -0.398264 -0.055054 0.145650
v -0.398140 -0.065950 0.142875
v -0.393779 -0.070584 0.146577
v -0.391183 -0.067730 0.154908
v -0.375145 -0.066688 0.154775
v -0.344940 -0.066358 0.151298
v -0.395587 -0.080768 0.146012
v -0.397096 -0.088564 0.150563
v -0.407765 -0.084701 0.152456
v -0.404294 -0.073753 0.147999
v -0.411905 -0.076408 0.153272
v -0.401560 -0.069131 0.154737
v -0.407727 -0.069997 0.165368
v -0.398565 -0.067905 0.165688
v -0.412828 -0.076897 0.164399
v -0.428052 -0.073802 0.073766
v -0.426065 -0.084778 0.072427
v -0.440181 -0.085135 0.072834
v -0.450556 -0.085188 0.074372
v -0.451667 -0.093941 0.070668
v -0.452348 -0.100016 0.065402
v -0.436585 -0.097693 0.076913
v -0.431490 -0.092826 0.080919
v -0.429695 -0.086110 0.083743
v -0.443108 -0.084583 0.079920
v -0.449062 -0.082201 0.078545
v -0.450715 -0.085801 0.075513
v -0.364255 -0.104685 0.086883
v -0.358663 -0.110898 0.096002
v -0.375130 -0.096369 0.091390
v -0.377009 -0.104263 0.085685
v -0.374039 -0.092113 0.109549
v -0.375155 -0.090712 0.097673
v -0.367627 -0.091696 0.095971
v -0.360459 -0.092137 0.127290
v -0.373290 -0.091738 0.127348
v -0.335089 -0.096496 0.110092
v -0.333703 -0.092775 0.116250
v -0.373909 -0.090875 0.143384
v -0.377087 -0.090042 0.159443
v -0.387709 -0.089361 0.160942
v -0.380967 -0.087173 0.127479
v -0.398638 -0.088109 0.162278
v -0.384811 -0.079164 0.143031
v -0.445664 -0.093356 0.026137
v -0.448292 -0.096947 0.031611
v -0.451520 -0.099029 0.038132
v -0.456609 -0.097451 0.037105
v -0.452418 -0.098732 0.038515
v -0.448831 -0.093663 0.036050
v -0.446085 -0.086827 0.030867
v -0.450203 -0.086424 0.029220
v -0.450249 -0.086552 0.025916
v -0.443118 -0.087095 0.022137
v -0.437184 -0.100928 -0.028952
v -0.418249 -0.112590 -0.037198
v -0.419774 -0.108298 -0.030320
v -0.432613 -0.097018 -0.023457
v -0.434913 -0.095365 -0.022771
v -0.439074 -0.097292 -0.026096
v -0.441978 -0.098476 -0.058548
v -0.441520 -0.092878 -0.066928
v -0.449937 -0.091800 -0.068466
v -0.451287 -0.098296 -0.067723
v -0.447215 -0.102468 -0.064672
v -0.451880 -0.102054 -0.048976
v -0.442782 -0.099661 -0.050309
v -0.447621 -0.099849 -0.070231
v -0.452172 -0.093372 -0.072858
v -0.411267 -0.087340 -0.068331
v -0.410768 -0.092915 -0.063257
v -0.398269 -0.092152 -0.063143
v -0.401748 -0.082100 -0.069360
v -0.411786 -0.080546 -0.070658
v -0.408366 -0.080710 -0.031337
v -0.407744 -0.071842 -0.031785
v -0.397871 -0.072168 -0.035144
v -0.397700 -0.077154 -0.042237
v -0.399159 -0.085054 -0.037008
v -0.408696 -0.087586 -0.036967
v -0.397999 -0.073522 -0.064185
v -0.402729 -0.073369 -0.069490
v -0.398176 -0.094145 -0.050423
v -0.399019 -0.091000 -0.043718
v -0.397722 -0.081479 -0.050249
v -0.397822 -0.072161 -0.055199
v -0.410366 -0.098092 -0.055287
v -0.409337 -0.097569 -0.048471
v -0.273869 -0.091544 -0.125404
v -0.258484 -0.088429 -0.122565
v -0.247965 -0.087285 -0.113468
v -0.225966 -0.098589 -0.112369
v -0.227328 -0.104474 -0.111604
v -0.228696 -0.112924 -0.108669
v -0.263064 -0.106666 -0.110686
v -0.258292 -0.079671 -0.143282
v -0.256315 -0.070266 -0.129050
v -0.256354 -0.080016 -0.119224
v -0.258598 -0.084049 -0.140746
v -0.271507 -0.066982 -0.170473
v -0.265876 -0.067130 -0.162089
v -0.255258 -0.069254 -0.169962
v -0.231299 -0.070529 -0.180076
v -0.232530 -0.063962 -0.194345
v -0.230935 -0.070253 -0.209203
v -0.218201 -0.070379 -0.226958
v -0.205651 -0.075595 -0.214597
v -0.202373 -0.079993 -0.181210
v -0.231633 -0.068041 -0.228000
v -0.379726 -0.083957 -0.272124
v -0.383756 -0.084683 -0.263882
v -0.391037 -0.083711 -0.268567
v -0.393098 -0.075073 -0.270222
v -0.386325 -0.075638 -0.274348
v -0.378450 -0.076698 -0.275385
v -0.379296 -0.087579 -0.216036
v -0.374733 -0.086634 -0.233768
v -0.361756 -0.086975 -0.225735
v -0.359304 -0.088452 -0.197017
v -0.376116 -0.088919 -0.190413
v -0.343803 -0.087797 -0.206806
v -0.385154 -0.082546 -0.143209
v -0.395438 -0.082476 -0.144918
v -0.395123 -0.089541 -0.150251
v -0.395411 -0.088761 -0.164747
v -0.384131 -0.089960 -0.164486
v -0.370194 -0.090145 -0.166321
v -0.364984 -0.091210 -0.145576
v -0.361105 -0.091931 -0.131468
v -0.375348 -0.090972 -0.131297
v -0.382048 -0.083964 -0.132363
v -0.370149 -0.092639 -0.108233
v -0.356344 -0.093556 -0.112374
v -0.353828 -0.097269 -0.106485
v -0.352976 -0.105109 -0.101847
v -0.365194 -0.092934 -0.094444
v -0.368187 -0.087223 -0.094984
v -0.370182 -0.092900 -0.094944
v -0.401723 -0.095516 -0.087445
v -0.392308 -0.057752 -0.089437
v -0.364730 -0.054808 -0.092970
v -0.364365 -0.058360 -0.114029
v -0.405333 -0.087735 -0.150965
v -0.403614 -0.079221 -0.146073
v -0.409706 -0.075751 -0.150710
v -0.412268 -0.073142 -0.163689
v -0.413534 -0.083141 -0.164516
v -0.406266 -0.087357 -0.165017
v -0.391383 -0.067930 -0.268912
v -0.378832 -0.068151 -0.272678
v -0.383122 -0.067292 -0.264313
v -0.399796 -0.069853 -0.145057
v -0.385748 -0.075369 -0.143111
v -0.257110 -0.072094 -0.163594
v -0.271910 -0.087352 -0.176090
v -0.269798 -0.081127 -0.185803
v -0.305955 -0.066755 -0.195300
v -0.328132 -0.066826 -0.209050
v -0.331940 -0.066801 -0.194901
v -0.323907 -0.066716 -0.176207
v -0.298110 -0.066597 -0.175920
v -0.228081 -0.061235 -0.227733
v -0.228074 -0.056184 -0.258746
v -0.237726 -0.056726 -0.260713
v -0.238271 -0.063608 -0.263111
v -0.222508 -0.056845 -0.466875
v -0.229057 -0.052963 -0.466169
v -0.224201 -0.049160 -0.475723
v -0.214171 -0.053277 -0.476447
v -0.213911 -0.056708 -0.467146
v -0.215700 -0.047705 -0.479535
v -0.229273 -0.064635 -0.263783
v -0.227713 -0.067269 -0.239843
v -0.215706 -0.057324 -0.147603
v -0.234405 -0.055766 -0.141067
v -0.395956 -0.071940 -0.131074
v -0.399891 -0.069609 -0.144715
v -0.385020 -0.067996 -0.145139
v -0.382628 -0.076369 -0.117325
v -0.381231 -0.086168 -0.117884
v -0.239682 -0.078347 -0.113947
v -0.299773 -0.064029 -0.142601
v -0.293403 -0.053295 -0.142007
v -0.258060 -0.060084 -0.141182
v -0.240827 -0.067029 -0.130789
v -0.242306 -0.067373 -0.126039
v -0.239166 -0.066763 -0.135763
v -0.232576 -0.074963 -0.119311
v -0.231157 -0.076718 -0.139743
v -0.231305 -0.075920 -0.132214
v -0.231119 -0.064266 -0.152206
v -0.231117 -0.075968 -0.154584
v -0.255208 -0.050162 -0.141222
v -0.341352 -0.054962 -0.109911
v -0.341874 -0.050359 -0.114133
v -0.344988 -0.046474 -0.106800
v -0.381479 -0.076111 -0.103970
v -0.385246 -0.052920 -0.115740
v -0.399283 -0.054707 -0.116480
v -0.366669 -0.047662 -0.115678
v -0.403692 -0.065692 -0.066573
v -0.398051 -0.063499 -0.058714
v -0.404045 -0.061351 -0.060104
v -0.449202 -0.051809 -0.050204
v -0.442914 -0.049803 -0.049301
v -0.443521 -0.047650 -0.055041
v -0.451300 -0.051839 -0.060109
v -0.450685 -0.055178 -0.057300
v -0.444111 -0.049875 -0.063083
v -0.450838 -0.089880 -0.030072
v -0.451646 -0.088779 -0.027982
v -0.450803 -0.078745 -0.025080
v -0.456793 -0.068413 -0.025814
v -0.443451 -0.060393 -0.036709
v -0.431730 -0.062681 -0.036044
v -0.431938 -0.077800 -0.028057
v -0.446546 -0.054090 -0.034098
v -0.440107 -0.054817 -0.028653
v -0.433586 -0.060176 -0.141407
v -0.454118 -0.061240 -0.135709
v -0.460305 -0.058358 -0.130412
v -0.453518 -0.052767 -0.129731
v -0.435645 -0.044785 -0.131533
v -0.452062 -0.068860 -0.127963
v -0.451439 -0.064446 -0.123792
v -0.462795 -0.060288 -0.124613
v -0.461812 -0.062622 -0.129809
v -0.453054 -0.066078 -0.133390
v -0.451582 -0.057937 -0.122393
v -0.452875 -0.052057 -0.122808
v -0.432309 -0.054547 -0.025249
v -0.431649 -0.049300 -0.030717
v -0.441080 -0.049786 -0.036088
v -0.433756 -0.046200 -0.037974
v -0.397977 -0.061250 -0.051345
v -0.397800 -0.068971 -0.047234
v -0.397726 -0.064979 -0.040716
v -0.406506 -0.063912 -0.037637
v -0.402804 -0.056368 -0.044575
v -0.403663 -0.058697 -0.052534
v -0.444594 -0.050986 -0.042018
v -0.228961 -0.034447 -0.108578
v -0.229508 -0.033947 -0.109681
v -0.249411 -0.033067 -0.111128
v -0.247831 -0.029793 -0.101332
v -0.226256 -0.030034 -0.103002
v -0.277445 -0.038167 -0.111829
v -0.278799 -0.039028 -0.107641
v -0.215913 -0.030411 -0.469199
v -0.217043 -0.034709 -0.474707
v -0.227733 -0.036971 -0.469710
v -0.226050 -0.035260 -0.461820
v -0.215001 -0.032892 -0.461747
v -0.231605 -0.039793 -0.463026
v -0.422605 -0.039496 -0.131524
v -0.427554 -0.026377 -0.131687
v -0.426442 -0.027404 -0.141834
v -0.418893 -0.025277 -0.145248
v -0.414633 -0.039778 -0.144529
v -0.414892 -0.048101 -0.144343
v -0.415717 -0.059586 -0.143697
v -0.437490 -0.045035 -0.121102
v -0.436036 -0.055833 -0.120161
v -0.418777 -0.054045 -0.118367
v -0.404093 -0.041233 -0.118173
v -0.410724 -0.024373 -0.119812
v -0.425636 -0.025850 -0.121351
v -0.303034 -0.014761 -0.144186
v -0.288603 -0.002501 -0.143998
v -0.269311 -0.021691 -0.142542
v -0.248432 -0.043552 -0.141113
v -0.483693 0.144064 -0.143127
v -0.475530 0.148735 -0.142878
v -0.475216 0.146334 -0.150199
v -0.474052 0.137490 -0.153219
v -0.482135 0.135633 -0.149600
v -0.485018 0.134839 -0.142708
v -0.422220 0.115971 -0.151987
v -0.401434 0.101030 -0.150512
v -0.412806 0.090843 -0.150894
v -0.426367 0.082382 -0.150785
v -0.436514 0.104800 -0.151815
v -0.439137 0.119530 -0.152386
v -0.424825 0.120449 -0.129354
v -0.441163 0.122397 -0.130171
v -0.437686 0.109447 -0.129144
v -0.409110 0.096998 -0.126880
v -0.400030 0.106101 -0.127145
v -0.421164 0.087824 -0.126824
v -0.481627 0.135980 -0.136308
v -0.475513 0.146026 -0.135949
v -0.473893 0.138094 -0.133843
v -0.237914 -0.008609 0.121525
v -0.272806 -0.021014 0.114558
v -0.284085 -0.002801 0.116113
v -0.273254 0.004003 0.116486
v -0.263543 0.010945 0.117522
v -0.241209 -0.030264 0.114851
v -0.269420 -0.030457 0.113292
v -0.226893 -0.015858 0.128490
v -0.221417 -0.021401 0.127940
v -0.236083 -0.007394 0.130177
v -0.208717 -0.036592 0.117222
v -0.212018 -0.036413 0.109534
v -0.205108 -0.034207 0.124062
v -0.249311 -0.042668 0.142578
v -0.227940 -0.035162 0.141957
v -0.225916 -0.024960 0.138987
v -0.237635 -0.026574 0.140750
v -0.253740 -0.026489 0.142064
v -0.261952 -0.026777 0.142655
v -0.264177 -0.033132 0.143263
v -0.265538 -0.045215 0.143003
v -0.243280 -0.026912 0.141136
v -0.248672 -0.026427 0.141783
v -0.235923 -0.011835 0.137523
v -0.257058 0.005181 0.140125
v -0.313151 0.004519 0.146165
v -0.327186 -0.006560 0.146407
v -0.317493 -0.030843 0.145080
v -0.315080 -0.046609 0.144420
v -0.288138 -0.044192 0.143723
v -0.277249 -0.014776 0.144211
v -0.305688 0.012916 0.146066
v -0.237293 -0.030163 0.455657
v -0.233448 -0.039903 0.462334
v -0.232908 -0.034183 0.472280
v -0.226228 -0.025723 0.465602
v -0.225749 -0.025119 0.458495
v -0.202274 -0.031493 0.408538
v -0.200299 -0.034111 0.383730
v -0.211467 -0.037615 0.382501
v -0.207229 -0.029288 0.427352
v -0.218053 -0.039117 0.381576
v -0.218976 -0.038425 0.399872
v -0.217912 -0.044532 0.402678
v -0.214522 -0.045318 0.400641
v -0.207318 -0.038234 0.139068
v -0.213252 -0.043891 0.141322
v -0.206357 -0.055703 0.144961
v -0.186501 -0.049701 0.131462
v -0.203876 -0.035228 0.132094
v -0.206247 -0.054842 0.163115
v -0.191569 -0.053511 0.162015
v -0.225808 -0.046797 0.467695
v -0.211467 -0.046241 0.397955
v -0.215879 -0.045141 0.400983
v -0.229523 -0.041429 0.420734
v -0.233994 -0.037059 0.425901
v -0.233985 -0.042644 0.394109
v -0.232479 -0.041821 0.399528
v -0.223894 -0.045006 0.397965
v -0.219255 -0.044238 0.403418
v -0.226501 -0.040501 0.380427
v -0.233362 -0.041585 0.379593
v -0.237075 -0.043581 0.380187
v -0.228602 -0.045286 0.391481
v -0.226880 -0.044961 0.395809
v -0.232358 -0.042796 0.398652
v -0.231658 -0.044068 0.393966
v -0.232760 -0.035370 0.438677
v -0.222276 -0.032389 0.438272
v -0.415269 -0.063032 0.118290
v -0.431928 -0.011320 0.123830
v -0.417208 -0.005317 0.122537
v -0.437254 -0.060969 0.120231
v -0.434252 -0.043926 0.120891
v -0.433250 -0.034463 0.124778
v -0.417945 -0.033704 0.129412
v -0.431811 -0.011382 0.129985
v -0.422085 -0.033581 0.138100
v -0.435313 -0.034624 0.133290
v -0.438551 -0.037716 0.140221
v -0.427611 -0.008995 0.145225
v -0.431536 -0.010633 0.138495
v -0.413494 -0.031095 0.145595
v -0.417610 -0.005910 0.147191
v -0.427466 -0.045537 0.144106
v -0.413549 -0.044484 0.145173
v -0.441948 -0.045085 0.142497
v -0.451967 -0.038052 0.138055
v -0.462680 -0.035939 0.132593
v -0.462191 -0.036759 0.126458
v -0.435511 0.100538 0.152736
v -0.419028 0.075860 0.151541
v -0.406604 0.084837 0.151526
v -0.396264 0.094037 0.151429
v -0.421247 0.111681 0.152692
v -0.438338 0.115415 0.153325
v -0.420644 0.111818 0.129757
v -0.398004 0.094223 0.127273
v -0.408377 0.085545 0.127163
v -0.422227 0.076376 0.127273
v -0.434950 0.101399 0.129712
v -0.438041 0.115785 0.130969
v -0.482567 0.148068 0.150937
v -0.485136 0.137549 0.151827
v -0.478567 0.139343 0.153871
v -0.472390 0.149610 0.152477
v -0.474009 0.149769 0.146944
v -0.471763 0.141108 0.153953
v -0.476040 0.147877 0.141501
v -0.485846 0.138664 0.143770
v -0.484511 0.131015 0.140609
v -0.484028 0.129372 0.149340
v -0.477062 0.140890 0.135546
v -0.476249 0.132340 0.135009
v -0.465612 0.133209 0.133675
v -0.464006 0.124514 0.133272
v -0.474417 0.122944 0.134137
v -0.482034 0.120885 0.138302
v -0.466459 0.141557 0.134141
v -0.454118 0.142200 0.133188
v -0.453394 0.133794 0.132671
v -0.466365 0.147691 0.138317
v -0.454432 0.148877 0.136505
v -0.435897 0.147888 0.135462
v -0.436544 0.141663 0.132375
v -0.465103 0.149684 0.145193
v -0.453829 0.149672 0.144160
v -0.435387 0.149684 0.143218
v -0.403103 0.146144 0.142179
v -0.405033 0.142449 0.133184
v -0.452858 0.148781 0.151721
v -0.435076 0.148089 0.151123
v -0.404574 0.141958 0.149990
v -0.374348 0.116897 0.145981
v -0.373272 0.118815 0.138734
v -0.435562 0.141298 0.153779
v -0.408324 0.134397 0.152796
v -0.378522 0.112129 0.150060
v -0.350243 0.085405 0.148556
v -0.345889 0.090541 0.144087
v -0.412602 0.126743 0.152903
v -0.384035 0.106304 0.151071
v -0.355758 0.079409 0.149348
v -0.327524 0.050814 0.147699
v -0.321922 0.057215 0.147096
v -0.389881 0.100280 0.151286
v -0.361359 0.073423 0.149565
v -0.332997 0.044426 0.147922
v -0.298866 0.020819 0.145982
v -0.367592 0.067080 0.149706
v -0.339312 0.037415 0.148078
v -0.378572 0.057214 0.149821
v -0.350824 0.026742 0.148210
v -0.396030 0.044816 0.149896
v -0.372603 0.012066 0.148237
v -0.356106 -0.019263 0.146590
v -0.350716 -0.037349 0.145658
v -0.393953 0.002117 0.148198
v -0.383637 -0.026277 0.146720
v -0.380000 -0.041373 0.146172
v -0.401017 -0.029206 0.146184
v -0.398996 -0.043319 0.145886
v -0.414506 -0.056464 0.144744
v -0.415382 -0.066808 0.141291
v -0.415111 -0.065992 0.130439
v -0.407638 -0.002726 0.147719
v -0.411414 0.036399 0.149920
v -0.421988 0.031665 0.149660
v -0.431052 0.027945 0.149318
v -0.437872 0.065851 0.151414
v -0.446192 0.062330 0.151162
v -0.454075 0.059049 0.150897
v -0.439822 0.024557 0.148178
v -0.457658 0.058007 0.143865
v -0.445177 0.023200 0.141211
v -0.457547 0.058973 0.134201
v -0.445343 0.023849 0.131571
v -0.451259 0.062082 0.128814
v -0.440406 0.026782 0.126714
v -0.442097 0.066124 0.127887
v -0.429545 0.031629 0.125247
v -0.432958 0.070455 0.127513
v -0.418116 0.036781 0.124718
v -0.402153 0.003000 0.121885
v -0.402728 0.044757 0.124262
v -0.383761 0.013379 0.121328
v -0.363299 -0.022377 0.117981
v -0.384057 0.057020 0.124058
v -0.359915 0.028347 0.121054
v -0.339567 -0.001439 0.118200
v -0.327944 -0.028031 0.115856
v -0.344474 -0.043504 0.115351
v -0.345775 0.039696 0.121242
v -0.321039 0.012801 0.118426
v -0.301473 -0.012170 0.115910
v -0.294677 -0.027452 0.114470
v -0.326543 -0.042488 0.114572
v -0.309572 0.022307 0.118838
v -0.336499 0.048006 0.121618
v -0.329296 0.054749 0.122404
v -0.300893 0.029584 0.119466
v -0.321860 0.061805 0.123277
v -0.291851 0.037345 0.120736
v -0.317131 0.065600 0.127249
v -0.289142 0.038474 0.127539
v -0.260573 0.012893 0.125332
v -0.288081 0.037778 0.135901
v -0.259321 0.012154 0.133180
v -0.288565 0.034724 0.143368
v -0.316154 0.065357 0.135657
v -0.317767 0.062613 0.143272
v -0.289840 0.025398 0.145755
v -0.265860 -0.008209 0.143976
v -0.344195 0.093217 0.136274
v -0.345356 0.092846 0.128469
v -0.374835 0.117658 0.132211
v -0.351166 0.087234 0.125905
v -0.379678 0.112873 0.128873
v -0.408934 0.134904 0.130437
v -0.385513 0.106740 0.128038
v -0.412918 0.127110 0.130353
v -0.437337 0.133321 0.131813
v -0.416818 0.119713 0.130153
v -0.438024 0.125221 0.131547
v -0.452705 0.125401 0.132350
v -0.450697 0.114949 0.131570
v -0.460345 0.112923 0.131972
v -0.453413 0.095406 0.130352
v -0.462081 0.091777 0.131025
v -0.469588 0.110662 0.132717
v -0.444750 0.098624 0.130046
v -0.468986 0.088506 0.135587
v -0.476752 0.108599 0.137117
v -0.469564 0.087721 0.144671
v -0.477456 0.108157 0.145663
v -0.481812 0.120480 0.146995
v -0.472754 0.109287 0.152173
v -0.476050 0.121661 0.152788
v -0.477906 0.130990 0.153584
v -0.468841 0.123505 0.154020
v -0.470798 0.132911 0.154074
v -0.461023 0.124908 0.153986
v -0.462759 0.133966 0.154009
v -0.463310 0.141998 0.153794
v -0.452366 0.141907 0.153895
v -0.463771 0.148620 0.151941
v -0.451980 0.133790 0.153954
v -0.436478 0.132753 0.153759
v -0.451364 0.125514 0.153882
v -0.437449 0.124655 0.153595
v -0.416828 0.119279 0.152807
v -0.449488 0.114902 0.153551
v -0.443561 0.097891 0.152827
v -0.457517 0.113048 0.153584
v -0.450602 0.095177 0.152805
v -0.429448 0.069827 0.151528
v -0.465053 0.111170 0.153483
v -0.458357 0.092046 0.152559
v -0.466129 0.088892 0.151613
v -0.391469 0.100526 0.127540
v -0.363962 0.074340 0.124591
v -0.371962 0.066892 0.124167
v -0.357646 0.080673 0.125223
v -0.293704 -0.036010 0.113700
v -0.272417 -0.038775 0.111475
v -0.286895 -0.040302 0.111546
v -0.242316 -0.033151 0.106618
v -0.210706 -0.031761 0.105700
v -0.210234 -0.025784 0.098459
v -0.243348 -0.027449 0.099239
v -0.277215 -0.031436 0.102202
v -0.244276 -0.020558 0.089897
v -0.279043 -0.023778 0.091883
v -0.320454 -0.028260 0.094728
v -0.314637 -0.037646 0.105596
v -0.279888 -0.018689 0.075508
v -0.318797 -0.020576 0.076218
v -0.350184 -0.025218 0.077172
v -0.317470 -0.019324 0.055889
v -0.348552 -0.021962 0.055005
v -0.373998 -0.032598 0.053824
v -0.367613 -0.038464 0.076072
v -0.393663 -0.044259 0.077987
v -0.424276 -0.050702 0.077558
v -0.423874 -0.059872 0.083476
v -0.393239 -0.039000 0.063622
v -0.424313 -0.045987 0.068589
v 0.203316 -0.007112 0.053314
v -0.424374 -0.043016 0.061754
v -0.442012 -0.049343 0.062166
v -0.455059 -0.053916 0.061230
v -0.424871 -0.040681 0.055106
v -0.451510 -0.053554 0.062674
v -0.455124 -0.053985 0.061092
v -0.437775 -0.057150 0.056666
v -0.427271 -0.058240 0.057943
v -0.427880 -0.063406 0.067768
v -0.435911 -0.056549 0.046881
v -0.426358 -0.057084 0.048313
v -0.416249 -0.057663 0.049221
v -0.416533 -0.059342 0.058665
v -0.434722 -0.061442 0.038856
v -0.425318 -0.060955 0.040471
v -0.415434 -0.061117 0.041654
v -0.424438 -0.067060 0.034878
v -0.414605 -0.066916 0.036213
v -0.404281 -0.066780 0.037253
v -0.398194 -0.069486 0.041737
v -0.398629 -0.081142 0.045569
v -0.398059 -0.074398 0.049624
v -0.398135 -0.078820 0.057830
v -0.401354 -0.083219 0.066668
v -0.413586 -0.084769 0.071201
v -0.414790 -0.074273 0.072404
v -0.415840 -0.064183 0.068068
v -0.424758 -0.093675 0.065822
v -0.423843 -0.098836 0.056797
v -0.436127 -0.099370 0.057528
v -0.437483 -0.095272 0.065839
v -0.452887 -0.100913 0.059906
v -0.450019 -0.097219 0.067804
v -0.458222 -0.093992 0.071826
v -0.458110 -0.089934 0.073827
v -0.434471 -0.098794 0.046487
v -0.445933 -0.099629 0.045217
v -0.458101 -0.101522 0.056513
v -0.433024 -0.093475 0.038582
v -0.442371 -0.094032 0.037470
v -0.432584 -0.086944 0.032576
v -0.440455 -0.087114 0.031917
v -0.433061 -0.079500 0.028460
v -0.440732 -0.079752 0.028356
v -0.446875 -0.080465 0.027899
v -0.442350 -0.072317 0.027083
v -0.450530 -0.073844 0.025956
v -0.455062 -0.077067 0.025737
v -0.450487 -0.081433 0.026993
v -0.449482 -0.075315 0.024066
v -0.449057 -0.081188 0.023907
v -0.440545 -0.071129 0.021149
v -0.441236 -0.079528 0.020695
v -0.427121 -0.067037 0.018384
v -0.427573 -0.077475 0.017638
v -0.428956 -0.086958 0.018508
v -0.400537 -0.074022 0.012001
v -0.402149 -0.086249 0.013004
v -0.403456 -0.096152 0.016667
v -0.431707 -0.094871 0.021772
v -0.405563 -0.104201 0.022751
v -0.434001 -0.100439 0.027938
v -0.407043 -0.110438 0.029256
v -0.435685 -0.105199 0.034376
v -0.408068 -0.114236 0.038278
v -0.436906 -0.106902 0.040572
v -0.453152 -0.100317 0.040065
v -0.440066 -0.106159 0.047216
v -0.456947 -0.099715 0.045221
v -0.450100 -0.102592 0.053939
v -0.436838 -0.106416 0.062951
v -0.408346 -0.115456 0.058332
v -0.407037 -0.112622 0.068651
v -0.407074 -0.109736 0.075826
v -0.380923 -0.116708 0.070775
v -0.378838 -0.112120 0.079046
v -0.403068 -0.103016 0.082937
v -0.400839 -0.095287 0.088100
v -0.398380 -0.087764 0.092104
v -0.426307 -0.078286 0.087105
v -0.441048 -0.079315 0.082255
v -0.421936 -0.069485 0.088389
v -0.449096 -0.078335 0.079687
v -0.365021 -0.118446 0.071830
v -0.364996 -0.112377 0.080063
v -0.352867 -0.126730 0.074768
v -0.355084 -0.120525 0.087099
v -0.331254 -0.129256 0.077035
v -0.333562 -0.121978 0.090683
v -0.335766 -0.114293 0.102012
v -0.301281 -0.123422 0.092944
v -0.301235 -0.116029 0.103601
v -0.300974 -0.106567 0.109843
v -0.335804 -0.105436 0.107552
v -0.300870 -0.095736 0.112410
v -0.301047 -0.092021 0.120766
v -0.279581 -0.090820 0.136338
v -0.301638 -0.091303 0.132804
v -0.334036 -0.091832 0.129218
v -0.303964 -0.090363 0.147525
v -0.334396 -0.090996 0.142508
v -0.360433 -0.091275 0.141723
v -0.338412 -0.089858 0.161505
v -0.363300 -0.090259 0.159056
v -0.381865 -0.088797 0.180999
v -0.384908 -0.086922 0.211934
v -0.394669 -0.086684 0.211744
v -0.391919 -0.088187 0.180495
v -0.405171 -0.085572 0.211645
v -0.402106 -0.087143 0.180682
v -0.413384 -0.080122 0.211481
v -0.410980 -0.083991 0.180381
v -0.408724 -0.085434 0.163199
v -0.412865 -0.075251 0.180080
v -0.412676 -0.072489 0.211410
v -0.403186 -0.068185 0.211295
v -0.405758 -0.069055 0.180935
v -0.391767 -0.067024 0.211340
v -0.395294 -0.067391 0.181742
v -0.379664 -0.066411 0.210445
v -0.384379 -0.066655 0.182310
v -0.387735 -0.067187 0.165778
v -0.368283 -0.066392 0.181348
v -0.371449 -0.066685 0.165233
v -0.341067 -0.066632 0.162351
v -0.306966 -0.066694 0.159431
v -0.310940 -0.066480 0.148530
v -0.286273 -0.066797 0.159227
v -0.286318 -0.066655 0.147003
v -0.286809 -0.057264 0.143202
v -0.313390 -0.059000 0.143946
v -0.290981 -0.066850 0.177169
v -0.282095 -0.067217 0.183553
v -0.274638 -0.069612 0.189720
v -0.315830 -0.066760 0.205067
v -0.309195 -0.067175 0.212226
v -0.303282 -0.069305 0.219904
v -0.301864 -0.078079 0.222245
v -0.273506 -0.078876 0.192736
v -0.337997 -0.066927 0.239515
v -0.330740 -0.069122 0.246767
v -0.328198 -0.077310 0.249330
v -0.332565 -0.083188 0.244971
v -0.306771 -0.084799 0.218509
v -0.353663 -0.068639 0.263818
v -0.350514 -0.075970 0.269479
v -0.353922 -0.082394 0.262389
v -0.358719 -0.083968 0.252219
v -0.339852 -0.084685 0.237530
v -0.369923 -0.077434 0.275018
v -0.386915 -0.077240 0.275619
v -0.400366 -0.077695 0.264403
v -0.408846 -0.069763 0.242410
v -0.411801 -0.079252 0.243377
v -0.403141 -0.084210 0.241424
v -0.392512 -0.085284 0.238319
v -0.381315 -0.085469 0.234945
v -0.363992 -0.084780 0.242192
v -0.347035 -0.085355 0.229838
v -0.322766 -0.086707 0.205130
v -0.314717 -0.086210 0.211812
v -0.297876 -0.088405 0.177083
v -0.287660 -0.087862 0.184004
v -0.277990 -0.086441 0.190482
v -0.272054 -0.089188 0.157776
v -0.261092 -0.087216 0.160576
v -0.265443 -0.090232 0.139347
v -0.256814 -0.086266 0.141093
v -0.284626 -0.089809 0.153185
v -0.312302 -0.088945 0.169352
v -0.398345 -0.067399 0.239473
v -0.385755 -0.066542 0.235692
v -0.365237 -0.066352 0.243468
v -0.372013 -0.066277 0.231573
v -0.345915 -0.066529 0.231603
v -0.353879 -0.066422 0.221548
v -0.362279 -0.066381 0.204831
v -0.358991 -0.066880 0.254266
v -0.267564 -0.118597 0.102576
v -0.266163 -0.126566 0.093759
v -0.231191 -0.126203 0.092141
v -0.232943 -0.120707 0.101379
v -0.200077 -0.128346 0.093337
v -0.201845 -0.124694 0.101519
v -0.201645 -0.117912 0.108150
v -0.175367 -0.137028 0.107638
v -0.175706 -0.130894 0.116221
v -0.173663 -0.120443 0.119867
v -0.202997 -0.108324 0.112806
v -0.171514 -0.108811 0.121082
v -0.201932 -0.101869 0.114690
v -0.172073 -0.097515 0.121446
v -0.202227 -0.093946 0.115729
v -0.229379 -0.087270 0.115306
v -0.201017 -0.085332 0.119577
v -0.173771 -0.087352 0.123218
v -0.176137 -0.085185 0.131353
v -0.200872 -0.083941 0.129503
v -0.178319 -0.083974 0.142223
v -0.200316 -0.082867 0.140536
v -0.213889 -0.081774 0.140341
v -0.223592 -0.080651 0.141374
v -0.200258 -0.081398 0.155834
v -0.211502 -0.080485 0.156466
v -0.220212 -0.079644 0.157465
v -0.227328 -0.078634 0.158528
v -0.212104 -0.078031 0.181699
v -0.201590 -0.078907 0.180645
v -0.205700 -0.072556 0.211774
v -0.218104 -0.070517 0.209778
v -0.210187 -0.067938 0.251850
v -0.220148 -0.064320 0.248915
v -0.211667 -0.060360 0.300936
v -0.218821 -0.058232 0.300406
v -0.226388 -0.057668 0.298382
v -0.217768 -0.052193 0.348192
v -0.224371 -0.051570 0.348771
v -0.231093 -0.051065 0.348544
v -0.237908 -0.050342 0.350361
v -0.223997 -0.047614 0.380383
v -0.228847 -0.047282 0.379779
v -0.233893 -0.046849 0.380307
v -0.239372 -0.045371 0.350315
v -0.233524 -0.044415 0.350856
v -0.226430 -0.043389 0.350935
v -0.228870 -0.048189 0.308147
v -0.221457 -0.047368 0.309216
v -0.223747 -0.051927 0.270777
v -0.219141 -0.042540 0.351045
v -0.211812 -0.041206 0.351142
v -0.213859 -0.046218 0.309103
v -0.202063 -0.042430 0.308849
v -0.202493 -0.046580 0.271818
v -0.215835 -0.050492 0.271868
v -0.200499 -0.037868 0.349856
v -0.179616 -0.036144 0.348912
v -0.175697 -0.040194 0.309258
v -0.182126 -0.032547 0.383921
v -0.147877 -0.029572 0.386027
v -0.141911 -0.033559 0.348875
v -0.185522 -0.029566 0.413824
v -0.154118 -0.026309 0.420340
v -0.120522 -0.024135 0.426002
v -0.112280 -0.027570 0.392677
v -0.188822 -0.025012 0.433709
v -0.157881 -0.018837 0.439552
v -0.125181 -0.017301 0.443235
v -0.107385 -0.017004 0.445059
v -0.103124 -0.024014 0.429195
v -0.159806 -0.016171 0.452402
v -0.127386 -0.015514 0.455091
v -0.110106 -0.015338 0.455864
v -0.099616 -0.015468 0.456913
v -0.097096 -0.017336 0.446567
v -0.089538 -0.018134 0.448542
v -0.085354 -0.021689 0.433314
v -0.093336 -0.022522 0.431754
v -0.092419 -0.017608 0.458412
v -0.086309 -0.021880 0.460297
v -0.082683 -0.020747 0.451640
v -0.077182 -0.025151 0.454380
v -0.070868 -0.023980 0.437607
v -0.077679 -0.022025 0.435203
v -0.078861 -0.023617 0.463515
v -0.074803 -0.022849 0.473828
v -0.080152 -0.020001 0.479773
v -0.089280 -0.019356 0.481738
v -0.099607 -0.019787 0.482490
v -0.098947 -0.027856 0.483667
v -0.110581 -0.029167 0.483778
v -0.109426 -0.036836 0.484713
v -0.097697 -0.035006 0.484730
v -0.111662 -0.020742 0.482592
v -0.129638 -0.021649 0.481933
v -0.129022 -0.030516 0.483444
v -0.160516 -0.032702 0.483827
v -0.159748 -0.040833 0.483661
v -0.128275 -0.038041 0.485051
v -0.161441 -0.022916 0.481435
v -0.162415 -0.014737 0.479314
v -0.194225 -0.019430 0.473933
v -0.162037 -0.012349 0.470992
v -0.194110 -0.017270 0.465658
v -0.212803 -0.021778 0.461588
v -0.213324 -0.023013 0.469279
v -0.192822 -0.019458 0.456515
v -0.211113 -0.023707 0.452653
v -0.223783 -0.027240 0.450053
v -0.209294 -0.026056 0.441790
v -0.233281 -0.032945 0.449405
v -0.228766 -0.040638 0.438128
v -0.230576 -0.040469 0.452493
v -0.220868 -0.042634 0.436584
v -0.223678 -0.043973 0.454219
v -0.214852 -0.043549 0.439855
v -0.216623 -0.045106 0.456178
v -0.208016 -0.044528 0.442228
v -0.209347 -0.045419 0.457883
v -0.199330 -0.045028 0.445531
v -0.200754 -0.045152 0.459034
v -0.185165 -0.045090 0.449727
v -0.185996 -0.044625 0.461460
v -0.187197 -0.043788 0.472366
v -0.158558 -0.042621 0.465125
v -0.159117 -0.041743 0.474907
v -0.127057 -0.041116 0.467636
v -0.127600 -0.040261 0.477363
v -0.109526 -0.040262 0.468571
v -0.109190 -0.039549 0.477879
v -0.098254 -0.039209 0.468898
v -0.097890 -0.038358 0.477743
v -0.089354 -0.037920 0.469086
v -0.097936 -0.039921 0.460613
v -0.088762 -0.038601 0.461520
v -0.096616 -0.041672 0.449911
v -0.087591 -0.040203 0.451788
v -0.093062 -0.044863 0.432930
v -0.084652 -0.042665 0.435203
v -0.083442 -0.049169 0.401375
v -0.075471 -0.048012 0.404814
v -0.067933 -0.046569 0.408110
v -0.060956 -0.052736 0.371413
v -0.053402 -0.051377 0.375191
v -0.045935 -0.048705 0.378819
v -0.061120 -0.043785 0.411087
v -0.040264 -0.043507 0.381238
v -0.056092 -0.038699 0.413073
v -0.039898 -0.035880 0.380589
v -0.056675 -0.032298 0.412304
v -0.046112 -0.031178 0.376966
v -0.061731 -0.027539 0.409760
v -0.053796 -0.030291 0.373164
v -0.068827 -0.026471 0.406646
v -0.061464 -0.030345 0.369573
v -0.076267 -0.026450 0.404026
v -0.069590 -0.030501 0.366021
v -0.083859 -0.026614 0.401213
v -0.081647 -0.030836 0.361321
v -0.094016 -0.026967 0.397547
v -0.102983 -0.031669 0.354743
v -0.068132 -0.034860 0.325306
v -0.095202 -0.035879 0.317938
v -0.136273 -0.038241 0.311922
v -0.088183 -0.040668 0.280476
v -0.130563 -0.041281 0.273941
v -0.171442 -0.043993 0.271745
v -0.125224 -0.045229 0.236598
v -0.168405 -0.047747 0.236394
v -0.201529 -0.050025 0.240305
v -0.164391 -0.050455 0.195467
v -0.196344 -0.051738 0.195996
v -0.211231 -0.052556 0.199183
v -0.216116 -0.053137 0.242857
v -0.225026 -0.054674 0.244508
v -0.159695 -0.052042 0.161957
v -0.115911 -0.049949 0.164695
v -0.114032 -0.050811 0.147360
v -0.156967 -0.052528 0.143970
v -0.119941 -0.048706 0.197016
v -0.074580 -0.048090 0.202006
v -0.070122 -0.049316 0.169687
v -0.081336 -0.044344 0.242036
v -0.042901 -0.043412 0.250682
v -0.032479 -0.047120 0.210648
v -0.055108 -0.039206 0.288662
v -0.038449 -0.038732 0.294581
v -0.022553 -0.042889 0.257246
v -0.053989 -0.034555 0.330819
v -0.044820 -0.034400 0.334982
v -0.027760 -0.038558 0.299251
v -0.019316 -0.038608 0.303305
v -0.001243 -0.042812 0.266598
v -0.010341 -0.042716 0.262311
v -0.036813 -0.034395 0.338874
v -0.028920 -0.035644 0.342913
v -0.011025 -0.040072 0.307563
v -0.003745 -0.043459 0.311524
v 0.014971 -0.048597 0.275247
v 0.007775 -0.044364 0.271194
v -0.022777 -0.040123 0.346478
v -0.021620 -0.048072 0.347953
v -0.004138 -0.051755 0.312269
v -0.010376 -0.057694 0.309473
v 0.008488 -0.062651 0.273338
v 0.015258 -0.056821 0.276228
v -0.028275 -0.053138 0.344917
v -0.036134 -0.056051 0.341015
v -0.018263 -0.060977 0.305647
v -0.026555 -0.062568 0.301518
v -0.008680 -0.067783 0.264864
v 0.000022 -0.066184 0.269266
v -0.043957 -0.057522 0.337000
v -0.053447 -0.058879 0.332365
v -0.037033 -0.064078 0.296547
v -0.069389 -0.053911 0.367405
v -0.082052 -0.055242 0.362025
v -0.067954 -0.060303 0.326051
v -0.094982 -0.050475 0.396886
v -0.113236 -0.051838 0.390786
v -0.104395 -0.057185 0.354182
v -0.104772 -0.046007 0.429830
v -0.121291 -0.046722 0.425362
v -0.152860 -0.047973 0.416789
v -0.147887 -0.052840 0.383370
v -0.108554 -0.042912 0.448577
v -0.125220 -0.044081 0.447178
v -0.156637 -0.046470 0.442924
v -0.183786 -0.046236 0.434635
v -0.182566 -0.047915 0.409481
v -0.126474 -0.042067 0.458668
v -0.158096 -0.044057 0.455219
v -0.109597 -0.041019 0.459908
v -0.200095 -0.047347 0.403424
v -0.200177 -0.050407 0.382150
v -0.182147 -0.051945 0.381254
v -0.198761 -0.046017 0.426744
v -0.208346 -0.045087 0.421424
v -0.211713 -0.045839 0.401924
v -0.199419 -0.055747 0.346292
v -0.180380 -0.057335 0.344664
v -0.143077 -0.058134 0.346399
v -0.175156 -0.063602 0.301034
v -0.135901 -0.062929 0.306470
v -0.095958 -0.062182 0.316523
v -0.125729 -0.070344 0.265872
v -0.086408 -0.068395 0.277027
v -0.053965 -0.065843 0.289184
v -0.074450 -0.074136 0.235775
v -0.039080 -0.071583 0.250505
v -0.020205 -0.069474 0.259228
v -0.026012 -0.077065 0.208925
v -0.002951 -0.074904 0.219715
v 0.009580 -0.073169 0.226526
v 0.009820 -0.079583 0.183637
v 0.027010 -0.077942 0.190534
v 0.036201 -0.076253 0.196534
v 0.018384 -0.071614 0.231523
v 0.043783 -0.073233 0.201829
v 0.027221 -0.068316 0.236190
v 0.050650 -0.066836 0.205177
v 0.034088 -0.063754 0.239509
v 0.051114 -0.057543 0.204649
v 0.034205 -0.053434 0.238607
v 0.043631 -0.051433 0.200240
v 0.026853 -0.048024 0.234327
v 0.035158 -0.050212 0.195054
v 0.017084 -0.046674 0.229283
v 0.025654 -0.050174 0.189241
v 0.007523 -0.046620 0.224580
v 0.009563 -0.049933 0.182806
v -0.005397 -0.046672 0.219022
v -0.025781 -0.048997 0.175233
v 0.016808 -0.050435 0.159092
v -0.024726 -0.048912 0.156219
v -0.068124 -0.050010 0.152200
v -0.025049 -0.050448 0.144282
v -0.067031 -0.050094 0.140155
v -0.112092 -0.051138 0.136016
v -0.066252 -0.048462 0.130475
v -0.109971 -0.050999 0.126874
v -0.152319 -0.052724 0.124359
v -0.154823 -0.052691 0.133261
v -0.184543 -0.050135 0.122632
v -0.150173 -0.050916 0.117284
v -0.184212 -0.050299 0.115383
v -0.147890 -0.042047 0.114251
v -0.181174 -0.043009 0.110102
v -0.145999 -0.031507 0.109820
v -0.178050 -0.032815 0.107064
v -0.144302 -0.022931 0.101474
v -0.177887 -0.025456 0.099287
v -0.142818 -0.015764 0.088911
v -0.177872 -0.018484 0.088233
v -0.211278 -0.019248 0.088705
v -0.177967 -0.014017 0.073343
v -0.212744 -0.016410 0.073756
v -0.245038 -0.016713 0.074704
v -0.213153 -0.016332 0.056870
v -0.245947 -0.016851 0.057517
v -0.280491 -0.018387 0.056073
v -0.246440 -0.017623 0.044077
v -0.281224 -0.019204 0.042775
v -0.317617 -0.020185 0.040177
v -0.282066 -0.020120 0.031998
v -0.318203 -0.023211 0.029004
v -0.348333 -0.024848 0.036594
v -0.370214 -0.037177 0.034890
v -0.397564 -0.042069 0.029975
v -0.396169 -0.038151 0.042663
v -0.425960 -0.048958 0.030150
v -0.425481 -0.043634 0.039157
v -0.426260 -0.057146 0.023733
v -0.425249 -0.040961 0.047551
v -0.393097 -0.035963 0.051595
v -0.392802 -0.035900 0.056397
v -0.282722 -0.023441 0.023489
v -0.318204 -0.028864 0.019937
v -0.282830 -0.029096 0.017445
v -0.317866 -0.035050 0.014874
v -0.282444 -0.034701 0.011258
v -0.317913 -0.039301 0.008711
v -0.346648 -0.046991 0.006780
v -0.318784 -0.040595 0.002111
v -0.347454 -0.047292 0.001391
v -0.360293 -0.061959 0.001477
v -0.360693 -0.060188 0.006623
v -0.360339 -0.075173 0.002719
v -0.361506 -0.074095 0.008307
v -0.361364 -0.076058 -0.003403
v -0.366418 -0.076666 -0.005891
v -0.376815 -0.077200 -0.007517
v -0.396191 -0.068182 -0.010514
v -0.395659 -0.078712 -0.010626
v -0.395482 -0.088635 -0.011995
v -0.421455 -0.092171 -0.016504
v -0.422550 -0.095764 -0.019327
v -0.395536 -0.096894 -0.014650
v -0.394651 -0.103598 -0.019821
v -0.415007 -0.100462 -0.021916
v -0.420487 -0.103741 -0.026038
v -0.393920 -0.109410 -0.025300
v -0.372026 -0.113668 -0.024638
v -0.393163 -0.115081 -0.031742
v -0.370714 -0.118080 -0.032287
v -0.352714 -0.125259 -0.030834
v -0.353061 -0.118680 -0.023575
v -0.328733 -0.129498 -0.030148
v -0.329851 -0.124652 -0.021656
v -0.330162 -0.117164 -0.015327
v -0.296698 -0.127857 -0.021909
v -0.296477 -0.121951 -0.015906
v -0.295356 -0.115436 -0.010360
v -0.333920 -0.111529 -0.010893
v -0.294842 -0.112776 -0.003347
v -0.332216 -0.108698 -0.005404
v -0.294896 -0.113039 0.004967
v -0.259235 -0.115140 -0.002525
v -0.259617 -0.115462 0.005850
v -0.260451 -0.119750 0.013441
v -0.295860 -0.117012 0.011994
v -0.261376 -0.125911 0.019540
v -0.297142 -0.123695 0.017664
v -0.261986 -0.129817 0.027377
v -0.296915 -0.128942 0.025616
v -0.328953 -0.124760 0.024068
v -0.352529 -0.120799 0.021746
v -0.296448 -0.130883 0.035793
v -0.328773 -0.129805 0.033988
v -0.351197 -0.125817 0.033455
v -0.366206 -0.120117 0.034750
v -0.366277 -0.114250 0.025931
v -0.328638 -0.130879 0.046317
v -0.350314 -0.127731 0.046232
v -0.365474 -0.120449 0.046720
v -0.382942 -0.120129 0.047239
v -0.383367 -0.117412 0.036200
v -0.350940 -0.129120 0.060272
v -0.364981 -0.119991 0.059955
v -0.382150 -0.119654 0.059763
v -0.408611 -0.116287 0.047781
v -0.329357 -0.130722 0.060958
v -0.296297 -0.131871 0.047198
v -0.296960 -0.131233 0.062512
v -0.299671 -0.129664 0.080036
v -0.263156 -0.130375 0.064749
v -0.264657 -0.128763 0.080922
v -0.228098 -0.129897 0.066778
v -0.229782 -0.128180 0.080718
v -0.194103 -0.131842 0.069834
v -0.197278 -0.130188 0.082533
v -0.167681 -0.140868 0.073168
v -0.170634 -0.139064 0.085602
v -0.173297 -0.138240 0.097051
v -0.142077 -0.146732 0.087396
v -0.142050 -0.146623 0.099544
v -0.142275 -0.145468 0.111345
v -0.105653 -0.148886 0.099438
v -0.105228 -0.146944 0.112161
v -0.104953 -0.140999 0.122771
v -0.142030 -0.138951 0.119915
v -0.104449 -0.130766 0.129563
v -0.141037 -0.128395 0.124324
v -0.103072 -0.117817 0.130729
v -0.139366 -0.115725 0.126054
v -0.101489 -0.103814 0.130894
v -0.138931 -0.101959 0.127154
v -0.100180 -0.092014 0.131136
v -0.139632 -0.091363 0.127911
v -0.099895 -0.085390 0.138117
v -0.140824 -0.085220 0.134525
v -0.100785 -0.084296 0.149851
v -0.142731 -0.084013 0.145786
v -0.103022 -0.082965 0.164059
v -0.145417 -0.082703 0.159506
v -0.180607 -0.082474 0.156476
v -0.150094 -0.080622 0.181068
v -0.184031 -0.080057 0.179599
v -0.157590 -0.075474 0.217191
v -0.189895 -0.075274 0.214434
v -0.166091 -0.069913 0.257219
v -0.194683 -0.068732 0.253216
v -0.198127 -0.062115 0.300499
v -0.210899 -0.053550 0.347476
v -0.211469 -0.048435 0.382274
v -0.218457 -0.047843 0.382011
v -0.114561 -0.075892 0.223926
v -0.106796 -0.080715 0.186369
v -0.064501 -0.079510 0.195038
v -0.061382 -0.082812 0.169327
v -0.021565 -0.081167 0.176136
v -0.061024 -0.084493 0.153797
v -0.022590 -0.083937 0.157444
v 0.013759 -0.082060 0.161153
v -0.024031 -0.085820 0.144495
v 0.013243 -0.084123 0.147387
v -0.025519 -0.092124 0.136453
v 0.012111 -0.090799 0.138158
v -0.027176 -0.104106 0.135776
v 0.010959 -0.103495 0.137550
v 0.043401 -0.100990 0.138759
v 0.010014 -0.117460 0.136772
v 0.043930 -0.114794 0.138290
v 0.080858 -0.110131 0.136956
v 0.079013 -0.099022 0.138243
v 0.110929 -0.107670 0.134116
v 0.108656 -0.098343 0.135825
v 0.126562 -0.099640 0.133532
v 0.124767 -0.087780 0.135335
v 0.136256 -0.077148 0.134910
v 0.123030 -0.076866 0.138117
v 0.142411 -0.074933 0.127275
v 0.124424 -0.076452 0.122001
v 0.123570 -0.066039 0.122970
v 0.104681 -0.067685 0.119768
v 0.105531 -0.055492 0.120981
v 0.122883 -0.054849 0.123032
v 0.103873 -0.079557 0.118334
v 0.078890 -0.072904 0.118209
v 0.101843 -0.092433 0.116678
v 0.099145 -0.105769 0.114753
v 0.099616 -0.111830 0.099709
v 0.102249 -0.115218 0.084523
v 0.105413 -0.115839 0.068688
v 0.107981 -0.088127 0.069266
v 0.121981 -0.055514 0.071479
v 0.108286 -0.056170 0.070585
v 0.122947 -0.037524 0.071783
v 0.108175 -0.033635 0.071083
v 0.124501 -0.032784 0.085396
v 0.107272 -0.034200 0.087263
v 0.124654 -0.035736 0.100970
v 0.107571 -0.038516 0.101901
v 0.123968 -0.045020 0.113340
v 0.106752 -0.047062 0.112488
v 0.139115 -0.033545 0.100864
v 0.137830 -0.044013 0.115544
v 0.147438 -0.026311 0.104984
v 0.141531 -0.038791 0.123418
v 0.134629 -0.021012 0.104913
v 0.129271 -0.034889 0.123380
v 0.118886 -0.018424 0.104162
v 0.114841 -0.030645 0.123419
v 0.111446 -0.043524 0.132952
v 0.092749 -0.028277 0.122738
v 0.090227 -0.040187 0.131178
v 0.087584 -0.049245 0.135721
v 0.107913 -0.052476 0.138652
v 0.083309 -0.052993 0.144236
v 0.101254 -0.054991 0.150333
v 0.108735 -0.058474 0.156452
v 0.110544 -0.066669 0.158857
v 0.085881 -0.054298 0.162039
v 0.090571 -0.058851 0.169541
v 0.090613 -0.069914 0.171026
v 0.068681 -0.059602 0.182444
v 0.068835 -0.069361 0.183292
v 0.063623 -0.053047 0.175906
v 0.074000 -0.052426 0.154430
v 0.056854 -0.051180 0.168868
v 0.052038 -0.051120 0.149086
v 0.043606 -0.050810 0.163223
v 0.017834 -0.050842 0.147342
v 0.053818 -0.051060 0.139206
v 0.017318 -0.050192 0.136980
v -0.024984 -0.049181 0.133796
v 0.016974 -0.044070 0.130035
v -0.024978 -0.041906 0.126946
v -0.066387 -0.041817 0.124571
v -0.024912 -0.033337 0.123475
v -0.066580 -0.033171 0.121450
v -0.107317 -0.036942 0.117831
v -0.108207 -0.045967 0.120738
v -0.066220 -0.026215 0.115303
v -0.106492 -0.028227 0.113412
v -0.065311 -0.019141 0.104777
v -0.104873 -0.020388 0.103469
v -0.064554 -0.009544 0.088801
v -0.103779 -0.012069 0.089977
v -0.063534 -0.006584 0.066223
v -0.102849 -0.007372 0.068579
v -0.141346 -0.010181 0.072021
v -0.100992 -0.008195 0.050233
v -0.139829 -0.010255 0.051505
v -0.177316 -0.012979 0.054630
v -0.137607 -0.013482 0.038041
v -0.175847 -0.015559 0.038091
v -0.213140 -0.016451 0.041795
v -0.174092 -0.019374 0.028197
v -0.212428 -0.018207 0.030164
v -0.246893 -0.018523 0.033176
v -0.211691 -0.022506 0.023234
v -0.246880 -0.021825 0.024967
v -0.210763 -0.027646 0.017511
v -0.246579 -0.027231 0.018651
v -0.209502 -0.030918 0.010273
v -0.246096 -0.032468 0.012135
v -0.209183 -0.030727 0.003852
v -0.245907 -0.034639 0.005285
v -0.282438 -0.037470 0.004404
v -0.246161 -0.034520 -0.002155
v -0.282879 -0.037405 -0.003138
v -0.319720 -0.040638 -0.004646
v -0.283722 -0.035073 -0.010488
v -0.321323 -0.038882 -0.010148
v -0.285123 -0.028588 -0.016091
v -0.322656 -0.032568 -0.015998
v -0.286069 -0.022396 -0.024008
v -0.323498 -0.026235 -0.024440
v -0.353751 -0.031675 -0.024819
v -0.323952 -0.020004 -0.040804
v -0.353135 -0.024941 -0.040517
v -0.372585 -0.034725 -0.041032
v -0.373432 -0.039194 -0.028839
v -0.398286 -0.037988 -0.040233
v -0.398180 -0.041391 -0.029497
v -0.397278 -0.049528 -0.021661
v -0.419961 -0.046211 -0.030426
v -0.419496 -0.052349 -0.022634
v -0.419721 -0.060800 -0.017968
v -0.396461 -0.058652 -0.015678
v -0.421789 -0.042761 -0.039083
v -0.398119 -0.035386 -0.050558
v -0.424413 -0.043743 -0.046397
v -0.435176 -0.047008 -0.046677
v -0.432753 -0.051761 -0.047487
v -0.447645 -0.054101 -0.046147
v -0.436010 -0.046332 -0.048205
v -0.422991 -0.042010 -0.057956
v -0.435891 -0.045085 -0.056200
v -0.422149 -0.044738 -0.068208
v -0.435607 -0.047422 -0.065340
v -0.421874 -0.050737 -0.076924
v -0.436325 -0.052210 -0.073422
v -0.445169 -0.053871 -0.070718
v -0.452250 -0.056312 -0.067275
v -0.437166 -0.059842 -0.079662
v -0.445867 -0.061152 -0.076767
v -0.453060 -0.063471 -0.072975
v -0.450898 -0.065649 -0.068801
v -0.450941 -0.059040 -0.064279
v -0.445344 -0.070312 -0.079595
v -0.451703 -0.071626 -0.076586
v -0.449849 -0.072368 -0.072894
v -0.441944 -0.072068 -0.072362
v -0.442544 -0.065209 -0.068655
v -0.451151 -0.079369 -0.077997
v -0.449092 -0.079151 -0.074119
v -0.441420 -0.079327 -0.073400
v -0.432659 -0.079666 -0.073168
v -0.433206 -0.071959 -0.072369
v -0.449524 -0.085654 -0.072000
v -0.441420 -0.086288 -0.071160
v -0.432552 -0.087002 -0.070713
v -0.422547 -0.087544 -0.070122
v -0.422793 -0.080041 -0.072308
v -0.432367 -0.093581 -0.065754
v -0.422284 -0.093441 -0.064687
v -0.432320 -0.098276 -0.058008
v -0.421950 -0.098019 -0.057136
v -0.432467 -0.099829 -0.050496
v -0.421611 -0.099094 -0.049852
v -0.432291 -0.096578 -0.044290
v -0.421013 -0.095329 -0.043563
v -0.409231 -0.093184 -0.043071
v -0.420350 -0.090585 -0.037696
v -0.432015 -0.093166 -0.038691
v -0.431745 -0.088803 -0.033344
v -0.419865 -0.084628 -0.031751
v -0.419636 -0.073812 -0.029558
v -0.419751 -0.063807 -0.036381
v -0.432199 -0.055165 -0.045165
v -0.418463 -0.055860 -0.044809
v -0.442671 -0.094258 -0.039182
v -0.442859 -0.091041 -0.034187
v -0.452490 -0.095290 -0.037348
v -0.451310 -0.092899 -0.034054
v -0.449106 -0.094862 -0.029466
v -0.449818 -0.093734 -0.029064
v -0.450329 -0.091115 -0.027399
v -0.451212 -0.086967 -0.025765
v -0.450892 -0.087752 -0.025623
v -0.451850 -0.089321 -0.028874
v -0.450475 -0.089499 -0.026373
v -0.452430 -0.089426 -0.028923
v -0.453009 -0.089268 -0.028517
v -0.453315 -0.089229 -0.028380
v -0.455655 -0.088934 -0.027337
v -0.451023 -0.088959 -0.026160
v -0.450730 -0.088148 -0.025551
v -0.451228 -0.089387 -0.026494
v -0.448166 -0.099217 -0.032501
v -0.444892 -0.107178 -0.046692
v -0.435078 -0.110994 -0.046333
v -0.438651 -0.097871 -0.026691
v -0.451661 -0.085865 -0.025965
v -0.438553 -0.098117 -0.026880
v -0.452218 -0.084498 -0.026213
v -0.451300 -0.081696 -0.025451
v -0.438812 -0.097467 -0.026383
v -0.442174 -0.106522 -0.057645
v -0.432426 -0.109446 -0.057904
v -0.416049 -0.113232 -0.059604
v -0.418006 -0.115502 -0.048910
v -0.388751 -0.118339 -0.061923
v -0.390849 -0.119815 -0.050496
v -0.392188 -0.117893 -0.040252
v -0.367657 -0.121591 -0.051515
v -0.369003 -0.119954 -0.041190
v -0.351567 -0.129033 -0.052473
v -0.352054 -0.129520 -0.040647
v -0.327874 -0.130615 -0.052597
v -0.327878 -0.130702 -0.040771
v -0.296078 -0.131439 -0.052445
v -0.296151 -0.131423 -0.040863
v -0.296383 -0.130326 -0.030806
v -0.260471 -0.131610 -0.041797
v -0.260571 -0.130953 -0.031971
v -0.260595 -0.129179 -0.023134
v -0.223653 -0.130561 -0.034639
v -0.223384 -0.129422 -0.025957
v -0.223129 -0.124461 -0.018367
v -0.260306 -0.124255 -0.016550
v -0.222654 -0.118693 -0.011204
v -0.259540 -0.118031 -0.010768
v -0.222207 -0.116627 -0.003022
v -0.185205 -0.119486 -0.013244
v -0.184635 -0.118859 -0.004577
v -0.184766 -0.118815 0.004795
v -0.222466 -0.116710 0.005878
v -0.186127 -0.119844 0.014188
v -0.223441 -0.119924 0.013541
v -0.188039 -0.125607 0.023490
v -0.224388 -0.126605 0.020829
v -0.224730 -0.130123 0.029720
v -0.225517 -0.130844 0.040293
v -0.262117 -0.131357 0.037465
v -0.226469 -0.131127 0.051770
v -0.262328 -0.131720 0.049055
v -0.149769 -0.121706 0.015721
v -0.152358 -0.124386 0.025994
v -0.111717 -0.126807 0.017763
v -0.112681 -0.124008 0.026734
v -0.112438 -0.126653 0.036053
v -0.071371 -0.128122 0.027329
v -0.071829 -0.126399 0.035745
v -0.071491 -0.133884 0.043185
v -0.111943 -0.134557 0.044742
v -0.070545 -0.143437 0.050142
v -0.110037 -0.143371 0.051528
v -0.069154 -0.150545 0.058751
v -0.109306 -0.150010 0.061057
v -0.068028 -0.151329 0.070306
v -0.107871 -0.150499 0.073111
v -0.142735 -0.146783 0.074885
v -0.106474 -0.149937 0.085998
v -0.067202 -0.151181 0.083111
v -0.066707 -0.149826 0.098082
v -0.028718 -0.150322 0.081325
v -0.027945 -0.149799 0.097434
v -0.027278 -0.147079 0.113774
v -0.066510 -0.147395 0.112898
v -0.027153 -0.140299 0.125592
v -0.066273 -0.141503 0.124854
v -0.027395 -0.130279 0.133500
v -0.065883 -0.130929 0.131858
v -0.027597 -0.117376 0.135005
v -0.065205 -0.117551 0.133222
v -0.063710 -0.104110 0.133640
v -0.062219 -0.092279 0.134419
v -0.061331 -0.085919 0.141493
v 0.009571 -0.129737 0.135025
v 0.009747 -0.138590 0.125733
v 0.047398 -0.138079 0.126435
v 0.045898 -0.127690 0.134535
v 0.086756 -0.130832 0.122979
v 0.084380 -0.121905 0.132022
v 0.113393 -0.124172 0.119390
v 0.112457 -0.116009 0.128205
v 0.087368 -0.134797 0.109403
v 0.113681 -0.129659 0.106197
v 0.127575 -0.125969 0.105601
v 0.113403 -0.130632 0.089768
v 0.126436 -0.127359 0.087958
v 0.136712 -0.126147 0.087350
v 0.136754 -0.123075 0.105823
v 0.113949 -0.131102 0.075704
v 0.086589 -0.137564 0.078344
v 0.086457 -0.137985 0.065847
v 0.114668 -0.131346 0.064085
v 0.086846 -0.136747 0.093330
v 0.049024 -0.143925 0.096786
v 0.049473 -0.144422 0.080515
v 0.048289 -0.141800 0.113048
v 0.010094 -0.145567 0.113606
v 0.010415 -0.149089 0.097460
v 0.010307 -0.149622 0.080957
v -0.029223 -0.150604 0.067695
v 0.009882 -0.149945 0.066629
v 0.049860 -0.144590 0.066794
v 0.009271 -0.145846 0.054224
v 0.049984 -0.141820 0.055082
v 0.085871 -0.135539 0.055394
v 0.049304 -0.133052 0.047327
v 0.084876 -0.127331 0.049592
v 0.115001 -0.130277 0.055386
v 0.048722 -0.121232 0.042654
v 0.084308 -0.118914 0.046244
v 0.049313 -0.133260 0.035254
v 0.086443 -0.131875 0.036369
v 0.049346 -0.142254 0.026601
v 0.088775 -0.142561 0.028200
v 0.049786 -0.145686 0.013977
v 0.090729 -0.144012 0.014896
v 0.050331 -0.146347 -0.001862
v 0.097736 -0.144918 -0.003262
v 0.050313 -0.144781 -0.018035
v 0.101344 -0.144017 -0.018517
v 0.049982 -0.136891 -0.032395
v 0.090641 -0.133926 -0.034349
v 0.049161 -0.121241 -0.041612
v 0.087034 -0.119105 -0.045482
v 0.049593 -0.131492 -0.045403
v 0.087233 -0.126531 -0.048064
v 0.050222 -0.139510 -0.050533
v 0.087841 -0.133958 -0.051863
v 0.116105 -0.127052 -0.053690
v 0.087985 -0.137108 -0.059605
v 0.114278 -0.131497 -0.060809
v 0.087344 -0.137099 -0.069779
v 0.111413 -0.131619 -0.069941
v 0.086584 -0.136828 -0.080832
v 0.109249 -0.131541 -0.080160
v 0.123466 -0.128279 -0.079465
v 0.108022 -0.131469 -0.091822
v 0.121828 -0.127693 -0.090640
v 0.132781 -0.126319 -0.089843
v 0.134106 -0.127023 -0.078582
v 0.140988 -0.122373 -0.088865
v 0.131153 -0.125477 -0.101721
v 0.139553 -0.121724 -0.100991
v 0.137958 -0.116082 -0.098833
v 0.138746 -0.116770 -0.087451
v 0.128421 -0.114743 -0.096866
v 0.129141 -0.115905 -0.086328
v 0.117605 -0.113641 -0.095301
v 0.118365 -0.114884 -0.085148
v 0.118959 -0.115625 -0.074975
v 0.104704 -0.114707 -0.083653
v 0.106098 -0.115735 -0.073167
v 0.107239 -0.110790 -0.067276
v 0.119417 -0.110716 -0.068170
v 0.108259 -0.100194 -0.067706
v 0.120263 -0.099873 -0.068531
v 0.109287 -0.088747 -0.068228
v 0.121252 -0.087695 -0.069193
v 0.129976 -0.086330 -0.069047
v 0.121816 -0.073289 -0.069860
v 0.129908 -0.071130 -0.070268
v 0.121420 -0.052208 -0.070464
v 0.129684 -0.051173 -0.070424
v 0.121357 -0.031592 -0.070857
v 0.131082 -0.030923 -0.070837
v 0.120847 -0.032279 -0.086500
v 0.132083 -0.030465 -0.086487
v 0.119825 -0.037741 -0.102348
v 0.131435 -0.036565 -0.103365
v 0.142776 -0.036373 -0.105258
v 0.145882 -0.029544 -0.110131
v 0.129511 -0.046936 -0.116577
v 0.118177 -0.047698 -0.113905
v 0.117278 -0.059293 -0.120279
v 0.128741 -0.059907 -0.122410
v 0.117007 -0.072271 -0.119923
v 0.128623 -0.073927 -0.122298
v 0.138744 -0.076030 -0.125334
v 0.136314 -0.078641 -0.133885
v 0.128298 -0.087291 -0.121070
v 0.138567 -0.090056 -0.124690
v 0.136684 -0.092848 -0.132093
v 0.126133 -0.095729 -0.133625
v 0.124725 -0.084657 -0.135230
v 0.137271 -0.101071 -0.122303
v 0.136826 -0.105488 -0.129353
v 0.127307 -0.107643 -0.130104
v 0.117269 -0.110117 -0.130156
v 0.115479 -0.099124 -0.134189
v 0.137972 -0.114600 -0.122020
v 0.128929 -0.117365 -0.123094
v 0.119302 -0.119602 -0.122960
v 0.107107 -0.123602 -0.124408
v 0.104818 -0.114243 -0.131321
v 0.130418 -0.123141 -0.112935
v 0.120537 -0.125753 -0.113595
v 0.107825 -0.129142 -0.115123
v 0.084769 -0.133591 -0.117458
v 0.083557 -0.128670 -0.126684
v 0.120631 -0.127081 -0.102225
v 0.107784 -0.131108 -0.103558
v 0.085546 -0.135555 -0.106246
v 0.048448 -0.142545 -0.107841
v 0.047566 -0.140196 -0.118842
v 0.085999 -0.136452 -0.093873
v 0.049132 -0.143772 -0.095200
v 0.007724 -0.149269 -0.093837
v 0.006967 -0.147973 -0.106672
v 0.049598 -0.143948 -0.081517
v 0.008244 -0.149583 -0.080321
v -0.033635 -0.151024 -0.077165
v -0.033875 -0.150457 -0.090253
v 0.050031 -0.144102 -0.069771
v 0.008545 -0.149799 -0.068073
v -0.033512 -0.151263 -0.065282
v -0.075199 -0.151644 -0.062866
v -0.075694 -0.151668 -0.074922
v 0.008720 -0.148644 -0.057168
v -0.033567 -0.148695 -0.054803
v -0.074569 -0.147476 -0.052193
v -0.115171 -0.146075 -0.052367
v -0.115985 -0.150097 -0.063351
v -0.033704 -0.141995 -0.046607
v -0.073598 -0.139201 -0.043606
v -0.114234 -0.136511 -0.043651
v -0.148811 -0.131338 -0.046465
v -0.151271 -0.140006 -0.053381
v -0.072993 -0.128257 -0.038577
v -0.114058 -0.127745 -0.036678
v -0.150852 -0.128539 -0.035305
v -0.186800 -0.129249 -0.031361
v -0.186756 -0.130202 -0.040861
v -0.113763 -0.123392 -0.027072
v -0.151847 -0.124405 -0.025227
v -0.186553 -0.124819 -0.022472
v -0.149820 -0.121349 -0.015649
v -0.111715 -0.125921 -0.018257
v -0.110280 -0.128813 -0.007073
v -0.147880 -0.123144 -0.005885
v -0.110254 -0.128962 0.005908
v -0.147997 -0.123171 0.004398
v -0.071939 -0.134287 -0.008211
v -0.071136 -0.134525 0.006318
v -0.070741 -0.133626 0.018605
v -0.032115 -0.140379 0.002934
v -0.031724 -0.139374 0.015740
v -0.031255 -0.135045 0.026773
v 0.008647 -0.143671 0.013913
v 0.008359 -0.140174 0.025778
v 0.008559 -0.132596 0.034151
v -0.030966 -0.128360 0.032352
v 0.008111 -0.125116 0.038967
v -0.031014 -0.129896 0.040680
v 0.008915 -0.137529 0.044683
v -0.030590 -0.139886 0.046358
v -0.029826 -0.148106 0.055176
v 0.008678 -0.144429 -0.000075
v -0.032677 -0.139786 -0.011685
v 0.008395 -0.143324 -0.015595
v -0.032819 -0.134590 -0.025310
v 0.008409 -0.137245 -0.029867
v -0.032592 -0.123235 -0.033563
v 0.008485 -0.124006 -0.038024
v -0.033444 -0.132034 -0.040705
v 0.008501 -0.135270 -0.041832
v 0.008628 -0.143062 -0.048781
v 0.050386 -0.143624 -0.059197
v -0.072474 -0.122169 -0.030081
v -0.072644 -0.131107 -0.021844
v -0.223776 -0.131082 -0.044051
v -0.187132 -0.131064 -0.049369
v -0.224039 -0.131230 -0.055678
v -0.188202 -0.132572 -0.061085
v -0.154224 -0.145246 -0.064684
v -0.190112 -0.131955 -0.074160
v -0.155682 -0.145129 -0.077040
v -0.116523 -0.149888 -0.075620
v -0.157527 -0.144579 -0.088506
v -0.117069 -0.148814 -0.087977
v -0.076348 -0.151392 -0.088258
v -0.118329 -0.147646 -0.099547
v -0.077319 -0.149400 -0.101169
v -0.034416 -0.148881 -0.103639
v -0.078360 -0.147063 -0.112776
v -0.035096 -0.145923 -0.115470
v 0.006147 -0.144704 -0.117671
v -0.035837 -0.141039 -0.125451
v 0.005467 -0.140040 -0.127175
v 0.046374 -0.135302 -0.127714
v 0.004601 -0.131212 -0.133123
v 0.044775 -0.126718 -0.133742
v 0.081467 -0.120418 -0.133000
v 0.042880 -0.116395 -0.137214
v 0.078470 -0.110208 -0.136179
v 0.101631 -0.103867 -0.134928
v 0.076527 -0.100554 -0.137139
v 0.099300 -0.094606 -0.136031
v 0.113594 -0.089505 -0.135457
v 0.097315 -0.086108 -0.136942
v 0.075275 -0.090816 -0.137683
v 0.072824 -0.081612 -0.138452
v 0.094667 -0.078502 -0.140108
v 0.070131 -0.081083 -0.147165
v 0.089399 -0.077710 -0.151265
v 0.063694 -0.080827 -0.158547
v 0.078353 -0.077954 -0.164321
v 0.085875 -0.072661 -0.171118
v 0.059903 -0.078078 -0.178712
v 0.065127 -0.072088 -0.184445
v 0.064906 -0.062330 -0.183516
v 0.087488 -0.061579 -0.173509
v 0.061863 -0.054207 -0.179574
v 0.082367 -0.054938 -0.165799
v 0.098211 -0.055706 -0.152225
v 0.072351 -0.053015 -0.157382
v 0.081899 -0.053155 -0.146130
v 0.086445 -0.050920 -0.135988
v 0.105216 -0.054235 -0.139914
v 0.090436 -0.042560 -0.130363
v 0.109832 -0.045900 -0.132058
v 0.093199 -0.031444 -0.123861
v 0.114484 -0.034113 -0.125253
v 0.097451 -0.018091 -0.107519
v 0.119499 -0.020766 -0.108214
v 0.134222 -0.024502 -0.109770
v 0.124109 -0.014560 -0.087004
v 0.099107 -0.012617 -0.086096
v 0.099932 -0.010730 -0.070568
v 0.128393 -0.013136 -0.072174
v 0.100241 -0.009695 -0.058593
v 0.131176 -0.012022 -0.060559
v 0.100453 0.000145 -0.051619
v 0.061374 -0.007685 -0.057794
v 0.062503 -0.000723 -0.049234
v 0.064412 0.012910 -0.044732
v 0.100598 0.015980 -0.043663
v 0.063990 0.027960 -0.033856
v 0.100228 0.030557 -0.029984
v 0.060708 0.035907 -0.020572
v 0.096589 0.044195 -0.019345
v 0.129947 0.052303 -0.022808
v 0.092969 0.052040 -0.008126
v 0.127940 0.060429 -0.010331
v 0.163111 0.064971 -0.012352
v 0.193947 0.064033 -0.014809
v 0.126546 0.061910 0.003792
v 0.161403 0.067854 0.002639
v 0.193285 0.068706 0.000758
v 0.222848 0.064848 0.001585
v 0.220709 0.061943 -0.014938
v 0.160268 0.063049 0.016728
v 0.192095 0.064460 0.015686
v 0.222730 0.061009 0.017243
v 0.255761 0.050430 0.018640
v 0.256320 0.054421 0.004249
v 0.190730 0.053952 0.028015
v 0.220280 0.050382 0.029228
v 0.251808 0.040531 0.029827
v 0.282878 0.020825 0.028721
v 0.288767 0.029892 0.018138
v 0.214740 0.032879 0.040360
v 0.241973 0.024330 0.040221
v 0.271829 0.006770 0.039535
v 0.304179 -0.013461 0.042844
v 0.312496 -0.001634 0.030194
v 0.217633 -0.008609 0.052986
v 0.255537 -0.019449 0.055385
v 0.295879 -0.032543 0.055936
v 0.340256 -0.042541 0.054782
v 0.343179 -0.028262 0.045067
v 0.248485 -0.046641 0.063289
v 0.291973 -0.054117 0.061346
v 0.337348 -0.060423 0.058618
v 0.381685 -0.065023 0.051574
v 0.383106 -0.050539 0.048768
v 0.290547 -0.077524 0.059697
v 0.335429 -0.078883 0.056059
v 0.380699 -0.079612 0.049612
v 0.419945 -0.080398 0.039122
v 0.421053 -0.069192 0.040872
v 0.335349 -0.096559 0.048238
v 0.379354 -0.094095 0.043320
v 0.418178 -0.090147 0.031724
v 0.450402 -0.087018 0.021923
v 0.451283 -0.080982 0.025987
v 0.378440 -0.107431 0.031116
v 0.417671 -0.100042 0.023218
v 0.450498 -0.093052 0.016274
v 0.469380 -0.082467 0.013904
v 0.417411 -0.106731 0.011459
v 0.450688 -0.096339 0.008545
v 0.417406 -0.108567 -0.000908
v 0.450787 -0.097223 -0.000021
v 0.417727 -0.105029 -0.014289
v 0.450860 -0.096077 -0.008490
v 0.469322 -0.087459 -0.004456
v 0.476677 -0.083198 -0.001471
v 0.451082 -0.091673 -0.016207
v 0.469852 -0.085541 -0.009247
v 0.477579 -0.081699 -0.004718
v 0.482144 -0.079450 -0.001530
v 0.480753 -0.080706 0.001030
v 0.470259 -0.081626 -0.012861
v 0.478374 -0.079095 -0.006977
v 0.482800 -0.077113 -0.003198
v 0.479160 -0.075713 -0.007881
v 0.483215 -0.074430 -0.004181
v 0.483784 -0.069732 -0.001982
v 0.480409 -0.065801 -0.002917
v 0.480243 -0.064991 0.000059
v 0.483964 -0.069048 0.000580
v 0.480172 -0.065086 0.003176
v 0.483815 -0.069304 0.003232
v 0.480171 -0.066084 0.006118
v 0.483462 -0.070311 0.005610
v 0.484579 -0.073495 0.005384
v 0.482594 -0.074660 0.007637
v 0.481941 -0.077021 0.007047
v 0.484466 -0.076241 0.004656
v 0.480942 -0.079431 0.005806
v 0.483277 -0.078775 0.003182
v 0.478256 -0.077820 0.010411
v 0.477293 -0.080176 0.008924
v 0.470216 -0.079492 0.016534
v 0.478965 -0.075326 0.010969
v 0.470306 -0.075040 0.017240
v 0.451879 -0.073169 0.027005
v 0.452020 -0.065729 0.025513
v 0.421340 -0.058799 0.037777
v 0.452721 -0.058458 0.023436
v 0.422253 -0.048741 0.033923
v 0.385006 -0.038359 0.042289
v 0.422481 -0.040884 0.026912
v 0.386736 -0.029185 0.034322
v 0.347216 -0.016874 0.034691
v 0.387437 -0.022637 0.021974
v 0.350086 -0.010052 0.022585
v 0.318163 0.005171 0.018914
v 0.351198 -0.007260 0.007605
v 0.320136 0.007693 0.005789
v 0.290521 0.033545 0.004960
v 0.319587 0.007663 -0.009152
v 0.289487 0.032138 -0.009543
v 0.254494 0.053287 -0.011538
v 0.284692 0.026236 -0.023901
v 0.248885 0.045454 -0.026466
v 0.273162 0.013459 -0.036007
v 0.305278 -0.008284 -0.036229
v 0.296077 -0.023541 -0.051997
v 0.254474 -0.007614 -0.047674
v 0.315161 0.003158 -0.023468
v 0.348369 -0.011682 -0.025014
v 0.344259 -0.022128 -0.039153
v 0.350572 -0.006525 -0.008644
v 0.387518 -0.017365 -0.008646
v 0.386285 -0.022888 -0.023739
v 0.387911 -0.017908 0.007575
v 0.423423 -0.030051 0.005253
v 0.423546 -0.030308 -0.007370
v 0.422486 -0.035011 0.016733
v 0.454120 -0.047459 0.012264
v 0.454584 -0.045426 0.004314
v 0.453877 -0.051273 0.019141
v 0.471057 -0.058984 0.008343
v 0.471043 -0.057523 0.003541
v 0.471293 -0.057615 -0.001486
v 0.454938 -0.045864 -0.004070
v 0.471767 -0.059002 -0.006552
v 0.455315 -0.048050 -0.012475
v 0.423185 -0.034668 -0.019048
v 0.454731 -0.053160 -0.019003
v 0.422238 -0.042698 -0.028391
v 0.384733 -0.032331 -0.036096
v 0.421990 -0.051990 -0.036463
v 0.383166 -0.044354 -0.045209
v 0.340159 -0.036421 -0.049729
v 0.380956 -0.059072 -0.049585
v 0.337246 -0.053398 -0.056532
v 0.290380 -0.045103 -0.059967
v 0.334625 -0.073002 -0.056177
v 0.288160 -0.069305 -0.059792
v 0.238355 -0.066411 -0.062204
v 0.238364 -0.035732 -0.060401
v 0.184047 -0.060460 -0.062066
v 0.288231 -0.091765 -0.054542
v 0.240231 -0.090197 -0.055823
v 0.187052 -0.090805 -0.057044
v 0.288634 -0.108862 -0.041214
v 0.242373 -0.109229 -0.044041
v 0.193039 -0.108816 -0.046453
v 0.243532 -0.123230 -0.026293
v 0.197190 -0.122477 -0.029107
v 0.244476 -0.127468 -0.004232
v 0.199567 -0.128863 -0.006596
v 0.245397 -0.125923 0.018812
v 0.200864 -0.127613 0.017842
v 0.245486 -0.115299 0.038506
v 0.201655 -0.116328 0.039139
v 0.245297 -0.097851 0.053282
v 0.201565 -0.095940 0.054061
v 0.245964 -0.074188 0.062244
v 0.200545 -0.070418 0.062966
v 0.205289 -0.032875 0.061232
v 0.179435 -0.022651 0.059757
v 0.201840 -0.006249 0.052922
v 0.290373 -0.098695 0.051689
v 0.290339 -0.114326 0.037856
v 0.335519 -0.110994 0.034478
v 0.289898 -0.123513 0.018584
v 0.334877 -0.120557 0.016759
v 0.377500 -0.114747 0.014381
v 0.333959 -0.122549 -0.002403
v 0.377477 -0.116873 -0.001808
v 0.333831 -0.118742 -0.021099
v 0.377663 -0.113817 -0.019037
v 0.333967 -0.108180 -0.038225
v 0.377529 -0.104799 -0.033748
v 0.418664 -0.098827 -0.025905
v 0.378125 -0.091465 -0.044762
v 0.419414 -0.088606 -0.034370
v 0.451597 -0.084776 -0.021975
v 0.420456 -0.076151 -0.039555
v 0.452661 -0.077136 -0.025770
v 0.470747 -0.076862 -0.014934
v 0.453111 -0.068618 -0.025510
v 0.420700 -0.063733 -0.038599
v 0.453551 -0.060292 -0.022709
v 0.379278 -0.075433 -0.050160
v 0.333901 -0.092292 -0.050571
v 0.289021 -0.120623 -0.023353
v 0.289344 -0.126357 -0.002929
v 0.160497 0.051864 0.027189
v 0.126328 0.056849 0.016703
v 0.127933 0.046779 0.027033
v 0.132832 0.029121 0.036759
v 0.097927 0.036323 0.024629
v 0.100665 0.023361 0.038339
v 0.101148 0.007535 0.050134
v 0.134465 0.007986 0.049631
v 0.100623 -0.005818 0.054770
v 0.128641 -0.005638 0.055449
v 0.099574 -0.011265 0.068037
v 0.125594 -0.012430 0.067698
v 0.144155 -0.016835 0.070183
v 0.098181 -0.012067 0.083127
v 0.123880 -0.013734 0.082402
v 0.141182 -0.016949 0.082985
v 0.096127 -0.016432 0.104635
v 0.060615 -0.009655 0.083341
v 0.058782 -0.015322 0.104510
v 0.057272 -0.025960 0.120697
v 0.017674 -0.015616 0.104456
v 0.017235 -0.024997 0.118040
v 0.017085 -0.034385 0.126258
v 0.056247 -0.037271 0.128552
v 0.056404 -0.046618 0.133366
v -0.024770 -0.025514 0.116517
v -0.024382 -0.017543 0.104889
v 0.018954 -0.007520 0.084049
v -0.023740 -0.008459 0.086111
v 0.020226 -0.005571 0.068063
v -0.022109 -0.005537 0.067471
v 0.021379 -0.006105 0.055796
v -0.019827 -0.005918 0.056319
v -0.060218 -0.006475 0.052804
v -0.017040 -0.005337 0.044883
v -0.057042 -0.009142 0.043673
v -0.098504 -0.011544 0.040539
v -0.055231 -0.004970 0.034538
v -0.095941 -0.013321 0.031626
v -0.135376 -0.017570 0.028685
v -0.094617 -0.007599 0.024069
v -0.133084 -0.018790 0.019448
v -0.172414 -0.022493 0.021173
v -0.132550 -0.014050 0.014881
v -0.170567 -0.023595 0.014263
v -0.132765 -0.010323 0.006990
v -0.169829 -0.022105 0.008480
v -0.133247 -0.010188 -0.002119
v -0.169875 -0.021323 0.000861
v -0.133247 -0.012483 -0.010317
v -0.170497 -0.022688 -0.006407
v -0.209118 -0.031004 -0.003067
v -0.172157 -0.024543 -0.013110
v -0.209687 -0.030974 -0.009758
v -0.246838 -0.033166 -0.009211
v -0.211542 -0.027213 -0.017753
v -0.247888 -0.028886 -0.016451
v -0.213453 -0.022334 -0.026406
v -0.248938 -0.023880 -0.025734
v -0.215257 -0.015776 -0.042192
v -0.250349 -0.016878 -0.042137
v -0.286258 -0.018131 -0.040777
v -0.251516 -0.016689 -0.063650
v -0.286487 -0.017866 -0.061772
v -0.324533 -0.020045 -0.059754
v -0.286442 -0.020748 -0.080062
v -0.324910 -0.021930 -0.076781
v -0.353916 -0.027847 -0.073050
v -0.353513 -0.024114 -0.057637
v -0.370181 -0.035752 -0.066647
v -0.371967 -0.032437 -0.054290
v -0.396233 -0.036784 -0.062437
v -0.367975 -0.042495 -0.079210
v -0.394998 -0.042069 -0.073759
v -0.366517 -0.048603 -0.087732
v -0.394369 -0.049624 -0.082659
v -0.421661 -0.058686 -0.083847
v -0.420719 -0.068873 -0.088011
v -0.437462 -0.069422 -0.082782
v -0.423661 -0.078881 -0.088111
v -0.437673 -0.079290 -0.084374
v -0.445558 -0.079473 -0.081402
v -0.438053 -0.087852 -0.082169
v -0.446091 -0.087569 -0.079617
v -0.451885 -0.086717 -0.076362
v -0.446943 -0.094570 -0.075762
v -0.439101 -0.095535 -0.078325
v -0.440309 -0.101600 -0.072749
v -0.427534 -0.096486 -0.081512
v -0.429822 -0.103189 -0.075648
v -0.430987 -0.106705 -0.067048
v -0.441105 -0.104581 -0.065188
v -0.410281 -0.105445 -0.079566
v -0.413733 -0.110274 -0.070070
v -0.380719 -0.107265 -0.083032
v -0.385887 -0.114612 -0.073860
v -0.363994 -0.107990 -0.086149
v -0.366276 -0.116305 -0.075827
v -0.367213 -0.120948 -0.064248
v -0.352608 -0.125392 -0.081424
v -0.351575 -0.127931 -0.066853
v -0.330224 -0.127198 -0.083307
v -0.328789 -0.129841 -0.067668
v -0.297477 -0.127787 -0.084863
v -0.296546 -0.130676 -0.068700
v -0.261738 -0.128846 -0.084837
v -0.260851 -0.130596 -0.069317
v -0.260455 -0.131529 -0.053112
v -0.225021 -0.129632 -0.070770
v -0.226245 -0.127425 -0.084146
v -0.192381 -0.131047 -0.085972
v -0.227217 -0.125088 -0.094409
v -0.194428 -0.130065 -0.095654
v -0.159244 -0.143828 -0.098759
v -0.196131 -0.127639 -0.104079
v -0.160339 -0.141745 -0.108737
v -0.119965 -0.146216 -0.110063
v -0.160379 -0.135595 -0.116015
v -0.121313 -0.141153 -0.119057
v -0.079216 -0.142100 -0.122347
v -0.122281 -0.132422 -0.125623
v -0.079911 -0.133488 -0.128770
v -0.036596 -0.132574 -0.131796
v -0.080455 -0.122873 -0.130998
v -0.037240 -0.121463 -0.133596
v 0.003440 -0.120351 -0.135483
v -0.038040 -0.110296 -0.134126
v 0.002721 -0.108326 -0.136013
v 0.041875 -0.105251 -0.137641
v 0.002506 -0.098205 -0.136400
v 0.042013 -0.095648 -0.137924
v 0.002351 -0.089209 -0.136774
v 0.042061 -0.087326 -0.138098
v 0.002768 -0.085320 -0.143736
v 0.041361 -0.083991 -0.145830
v 0.002953 -0.084002 -0.153890
v 0.039174 -0.082831 -0.155783
v 0.001986 -0.082638 -0.165284
v 0.033064 -0.081297 -0.168904
v 0.050561 -0.080188 -0.172667
v 0.020082 -0.079221 -0.191591
v 0.031138 -0.077700 -0.197976
v 0.040197 -0.076219 -0.203251
v 0.012374 -0.074360 -0.233520
v 0.021794 -0.072461 -0.238528
v 0.030388 -0.067194 -0.242684
v 0.048986 -0.071028 -0.207821
v 0.032573 -0.057266 -0.242873
v 0.050948 -0.059940 -0.208238
v 0.025042 -0.050929 -0.238252
v 0.042713 -0.053375 -0.203740
v 0.015140 -0.049717 -0.232755
v 0.033152 -0.052167 -0.198132
v 0.054383 -0.052121 -0.171835
v 0.022784 -0.051597 -0.192122
v 0.042271 -0.051667 -0.164767
v 0.051879 -0.051644 -0.150745
v 0.015680 -0.051064 -0.159953
v 0.017001 -0.051079 -0.147423
v 0.017301 -0.050027 -0.137806
v 0.053924 -0.051124 -0.140875
v 0.017230 -0.045227 -0.130008
v 0.056922 -0.047666 -0.132999
v 0.016741 -0.036663 -0.125882
v 0.058196 -0.039291 -0.128105
v 0.016770 -0.027633 -0.119949
v 0.058140 -0.028756 -0.122738
v 0.017227 -0.015441 -0.104119
v 0.058952 -0.015453 -0.106736
v 0.018529 -0.007629 -0.082598
v 0.060130 -0.009877 -0.085509
v 0.020090 -0.006257 -0.068188
v 0.060886 -0.008771 -0.069765
v 0.022074 -0.005442 -0.056458
v -0.021647 -0.005429 -0.064795
v -0.018882 -0.006126 -0.053859
v -0.016645 -0.004850 -0.042591
v 0.023951 -0.001234 -0.046781
v -0.015169 0.002865 -0.038067
v 0.024671 0.008499 -0.042083
v -0.015374 0.012723 -0.032889
v 0.024419 0.019690 -0.035543
v -0.016223 0.020029 -0.021651
v 0.023151 0.029083 -0.023057
v -0.016985 0.025354 -0.008475
v 0.022208 0.034426 -0.008288
v 0.057849 0.042583 -0.007154
v 0.022276 0.035001 0.007530
v 0.057507 0.043774 0.006365
v 0.092156 0.053980 0.004418
v 0.060438 0.036962 0.018654
v 0.093829 0.047882 0.016358
v 0.063406 0.030023 0.031889
v 0.023299 0.030573 0.021572
v 0.025054 0.021337 0.034368
v 0.024600 0.010329 0.042778
v 0.064300 0.016665 0.042644
v 0.022965 -0.001521 0.046559
v 0.063713 0.002984 0.048669
v 0.062924 -0.007434 0.055968
v 0.061872 -0.008568 0.068254
v -0.015842 0.003512 0.039013
v -0.015286 0.012015 0.032397
v -0.054854 0.002649 0.028282
v -0.016403 0.021139 0.019930
v -0.055408 0.010678 0.017835
v -0.094444 -0.000723 0.017014
v -0.056594 0.014932 0.005575
v -0.095601 0.002538 0.005770
v -0.056647 0.014217 -0.007006
v -0.095558 0.002331 -0.004581
v -0.056126 0.009921 -0.018369
v -0.095255 -0.000459 -0.014089
v -0.055411 0.002916 -0.027637
v -0.095044 -0.007135 -0.021931
v -0.133966 -0.017681 -0.017180
v -0.095108 -0.013715 -0.027292
v -0.135576 -0.019915 -0.023490
v -0.174525 -0.022831 -0.019929
v -0.138356 -0.015870 -0.031542
v -0.176569 -0.018751 -0.027696
v -0.140830 -0.012125 -0.041127
v -0.178748 -0.014836 -0.040440
v -0.143771 -0.009766 -0.060837
v -0.180573 -0.012970 -0.062444
v -0.216782 -0.015454 -0.063722
v -0.182187 -0.016747 -0.082289
v -0.218565 -0.019030 -0.083134
v -0.251782 -0.020231 -0.082693
v -0.222320 -0.024080 -0.095124
v -0.249776 -0.024550 -0.093787
v -0.284944 -0.025297 -0.093066
v -0.281634 -0.031523 -0.100683
v -0.319818 -0.035243 -0.100609
v -0.324093 -0.026555 -0.091616
v -0.347959 -0.038212 -0.100409
v -0.351720 -0.031404 -0.088308
v -0.315256 -0.043578 -0.107968
v -0.312003 -0.047233 -0.112549
v -0.280033 -0.029753 -0.112681
v -0.312575 -0.040188 -0.113909
v -0.284774 -0.019412 -0.113494
v -0.314573 -0.029704 -0.114044
v -0.343129 -0.039796 -0.115541
v -0.319067 -0.016793 -0.114934
v -0.346198 -0.027522 -0.115322
v -0.370066 -0.035524 -0.115964
v -0.354260 -0.007342 -0.116942
v -0.378250 -0.017231 -0.117730
v -0.396623 -0.021885 -0.118723
v -0.389198 -0.040136 -0.117179
v -0.395556 0.014719 -0.120760
v -0.410953 0.008128 -0.121362
v -0.421970 0.003794 -0.121942
v -0.427307 0.042823 -0.124412
v -0.437267 0.039032 -0.124984
v -0.446276 0.035661 -0.125583
v -0.431859 -0.000182 -0.123599
v -0.449312 0.033949 -0.134576
v -0.436023 -0.002298 -0.132915
v -0.449098 0.033489 -0.145011
v -0.435594 -0.002537 -0.142847
v -0.442435 0.035876 -0.148948
v -0.428742 0.000264 -0.146535
v -0.432659 0.039664 -0.149235
v -0.418698 0.004689 -0.147106
v -0.409425 -0.022589 -0.145703
v -0.408387 0.009290 -0.147579
v -0.398027 -0.019883 -0.146080
v -0.393875 -0.038909 -0.145513
v -0.405962 -0.039278 -0.145201
v -0.392162 -0.050019 -0.145186
v -0.404355 -0.049394 -0.145124
v -0.391212 -0.059582 -0.144695
v -0.402678 -0.059546 -0.144496
v -0.390359 -0.068566 -0.144615
v -0.372154 -0.057924 -0.144576
v -0.373095 -0.067494 -0.144603
v -0.340259 -0.055316 -0.143793
v -0.343103 -0.064634 -0.143641
v -0.346288 -0.066710 -0.153438
v -0.374548 -0.067077 -0.154684
v -0.390675 -0.068047 -0.154172
v -0.392050 -0.069107 -0.145342
v -0.400662 -0.069544 -0.152979
v -0.401949 -0.069050 -0.164571
v -0.390764 -0.067776 -0.165560
v -0.390909 -0.067578 -0.184773
v -0.401902 -0.068679 -0.184007
v -0.376192 -0.067068 -0.166284
v -0.377967 -0.067041 -0.185523
v -0.376534 -0.066937 -0.214319
v -0.389591 -0.067221 -0.216313
v -0.351116 -0.066808 -0.165604
v -0.357318 -0.066907 -0.183006
v -0.359159 -0.066920 -0.208252
v -0.354111 -0.066910 -0.225422
v -0.371577 -0.066855 -0.233354
v -0.365396 -0.067015 -0.245767
v -0.378429 -0.066887 -0.250617
v -0.384596 -0.066955 -0.237719
v -0.347121 -0.067010 -0.235953
v -0.340120 -0.067594 -0.244608
v -0.359521 -0.067717 -0.256260
v -0.322339 -0.066966 -0.218488
v -0.315995 -0.067891 -0.227058
v -0.312630 -0.073803 -0.232187
v -0.334177 -0.070237 -0.251917
v -0.297360 -0.067324 -0.202266
v -0.291387 -0.069032 -0.208216
v -0.290736 -0.078313 -0.208645
v -0.293733 -0.086184 -0.205590
v -0.315178 -0.082253 -0.230868
v -0.268617 -0.072568 -0.186639
v -0.321506 -0.086086 -0.225522
v -0.340139 -0.084591 -0.248609
v -0.334344 -0.079427 -0.252889
v -0.299547 -0.087489 -0.200647
v -0.305742 -0.088125 -0.195024
v -0.328301 -0.086935 -0.219586
v -0.278039 -0.088609 -0.173185
v -0.284870 -0.088995 -0.170555
v -0.294515 -0.088721 -0.164982
v -0.312671 -0.088536 -0.189246
v -0.268855 -0.090308 -0.141544
v -0.282957 -0.090659 -0.141057
v -0.305165 -0.091086 -0.138818
v -0.311587 -0.089754 -0.157216
v -0.301716 -0.091972 -0.126072
v -0.334096 -0.092451 -0.123607
v -0.336200 -0.091691 -0.134263
v -0.299343 -0.094224 -0.114948
v -0.333814 -0.093589 -0.114734
v -0.358599 -0.092543 -0.120780
v -0.298821 -0.102191 -0.110147
v -0.333555 -0.099888 -0.108416
v -0.298737 -0.113262 -0.106227
v -0.332753 -0.109833 -0.104795
v -0.298164 -0.121972 -0.097146
v -0.331546 -0.120846 -0.095997
v -0.354051 -0.117389 -0.094492
v -0.263149 -0.116291 -0.105115
v -0.262551 -0.123150 -0.095795
v -0.227998 -0.119739 -0.102425
v -0.196262 -0.122371 -0.110687
v -0.194221 -0.115811 -0.114166
v -0.160633 -0.127618 -0.120699
v -0.192940 -0.107443 -0.114931
v -0.159593 -0.116312 -0.122395
v -0.122736 -0.123223 -0.127924
v -0.159677 -0.105644 -0.122945
v -0.122883 -0.109799 -0.128224
v -0.080623 -0.111321 -0.131610
v -0.123706 -0.099003 -0.128392
v -0.080274 -0.101063 -0.132126
v -0.038902 -0.100410 -0.134537
v -0.080589 -0.091803 -0.133353
v -0.039571 -0.091060 -0.134957
v -0.081688 -0.086509 -0.139586
v -0.040083 -0.085853 -0.141782
v -0.083446 -0.085170 -0.149040
v -0.040391 -0.084616 -0.151937
v -0.085723 -0.084020 -0.160003
v -0.040807 -0.083424 -0.163038
v -0.088950 -0.082493 -0.174877
v -0.042017 -0.081798 -0.178774
v -0.002608 -0.080584 -0.184651
v -0.048310 -0.078516 -0.211057
v -0.014553 -0.077010 -0.221064
v 0.002261 -0.075841 -0.228017
v -0.030794 -0.073154 -0.260103
v -0.015965 -0.072012 -0.266311
v -0.006078 -0.070475 -0.270756
v -0.033217 -0.067894 -0.302915
v -0.023585 -0.066518 -0.307213
v -0.014441 -0.064463 -0.311326
v 0.003246 -0.068404 -0.275031
v -0.006375 -0.060407 -0.314827
v 0.011618 -0.063536 -0.278585
v -0.004343 -0.051649 -0.314925
v 0.013432 -0.054347 -0.278473
v -0.010146 -0.045320 -0.311433
v 0.006968 -0.047883 -0.274542
v -0.019128 -0.043365 -0.306797
v -0.002548 -0.046577 -0.269626
v -0.028179 -0.042926 -0.302354
v -0.012038 -0.046063 -0.264885
v 0.005055 -0.049146 -0.227378
v -0.024436 -0.046046 -0.259402
v -0.008392 -0.048947 -0.221726
v 0.007903 -0.051376 -0.185647
v -0.036144 -0.048981 -0.212521
v -0.029051 -0.050164 -0.176539
v -0.026371 -0.049545 -0.156445
v -0.074289 -0.049847 -0.169911
v -0.071590 -0.048575 -0.152623
v -0.070020 -0.050935 -0.141675
v -0.026150 -0.050812 -0.144601
v -0.068687 -0.049751 -0.132078
v -0.025761 -0.049382 -0.134878
v -0.068015 -0.044888 -0.124993
v -0.025449 -0.044642 -0.127056
v -0.068213 -0.036278 -0.121527
v -0.025482 -0.035601 -0.123615
v -0.068058 -0.028098 -0.116015
v -0.025327 -0.027718 -0.117945
v -0.066626 -0.016531 -0.102228
v -0.024625 -0.015844 -0.103170
v -0.065527 -0.008040 -0.081882
v -0.023796 -0.007139 -0.081086
v -0.063670 -0.005855 -0.060513
v -0.106169 -0.009514 -0.081792
v -0.104006 -0.006645 -0.059170
v -0.101199 -0.009781 -0.044272
v -0.059802 -0.007729 -0.049641
v -0.098028 -0.013111 -0.035448
v -0.056152 -0.009370 -0.041631
v -0.054823 -0.004219 -0.032550
v -0.146117 -0.012909 -0.081625
v -0.108248 -0.017772 -0.099303
v -0.148282 -0.021368 -0.097318
v -0.184255 -0.024380 -0.096641
v -0.151959 -0.033278 -0.109323
v -0.190705 -0.032245 -0.104129
v -0.110295 -0.029590 -0.112040
v -0.110978 -0.039836 -0.116273
v -0.156334 -0.044656 -0.113004
v -0.199318 -0.038597 -0.108803
v -0.112115 -0.048862 -0.118896
v -0.158575 -0.051876 -0.116985
v -0.200579 -0.037597 -0.118263
v -0.114145 -0.051292 -0.127124
v -0.160499 -0.052883 -0.125787
v -0.198372 -0.039191 -0.130278
v -0.163859 -0.053459 -0.134654
v -0.204405 -0.045346 -0.138944
v -0.230088 -0.027766 -0.140819
v -0.222577 -0.020070 -0.133084
v -0.222862 -0.019359 -0.120297
v -0.251409 -0.005241 -0.142140
v -0.245640 0.001083 -0.133898
v -0.245934 0.000765 -0.121791
v -0.269723 0.021160 -0.134404
v -0.270292 0.021000 -0.123070
v -0.276058 0.014071 -0.116260
v -0.252474 -0.005912 -0.113892
v -0.237466 -0.022500 -0.111945
v -0.283206 0.005238 -0.115323
v -0.264210 -0.012490 -0.113371
v -0.254312 -0.025080 -0.112086
v -0.294663 -0.004798 -0.114821
v -0.308680 0.028778 -0.117927
v -0.315879 0.019553 -0.117291
v -0.330452 0.006505 -0.116836
v -0.343810 0.050264 -0.120712
v -0.354543 0.040522 -0.120283
v -0.373151 0.026923 -0.120127
v -0.381259 0.070648 -0.123664
v -0.397439 0.058327 -0.123520
v -0.414826 0.048286 -0.123923
v -0.432809 0.081081 -0.126998
v -0.441967 0.076993 -0.127347
v -0.445851 0.106538 -0.129413
v -0.453486 0.103942 -0.129736
v -0.461759 0.101285 -0.130208
v -0.450870 0.073553 -0.127961
v -0.469538 0.098561 -0.132048
v -0.459191 0.070346 -0.129773
v -0.472372 0.096935 -0.139757
v -0.462665 0.068532 -0.137506
v -0.470115 0.097139 -0.147992
v -0.461450 0.068481 -0.146669
v -0.463066 0.099129 -0.151447
v -0.454159 0.070774 -0.150370
v -0.454662 0.101471 -0.151791
v -0.445090 0.074075 -0.150843
v -0.446216 0.103491 -0.151861
v -0.436481 0.077543 -0.150993
v -0.422970 0.043565 -0.149497
v -0.409672 0.049948 -0.149585
v -0.392188 0.016859 -0.147910
v -0.390779 0.061764 -0.149308
v -0.368037 0.030874 -0.147773
v -0.347921 -0.002639 -0.146086
v -0.379207 -0.014810 -0.146546
v -0.338395 -0.029141 -0.144831
v -0.373632 -0.036130 -0.145324
v -0.336850 -0.042037 -0.143330
v -0.372327 -0.047806 -0.144802
v -0.324826 0.012757 -0.145826
v -0.351143 0.043529 -0.147472
v -0.341354 0.052336 -0.147113
v -0.313969 0.023296 -0.145615
v -0.334006 0.059543 -0.146525
v -0.306666 0.031356 -0.145356
v -0.281130 0.006818 -0.143956
v -0.299366 0.039328 -0.144335
v -0.274072 0.015574 -0.142740
v -0.260026 -0.013751 -0.142691
v -0.239638 -0.035763 -0.140713
v -0.167917 -0.053508 -0.145594
v -0.169066 -0.052804 -0.163630
v -0.205930 -0.055407 -0.168866
v -0.223653 -0.057090 -0.174479
v -0.201664 -0.053217 -0.199455
v -0.220757 -0.056876 -0.203239
v -0.171995 -0.051300 -0.196634
v -0.176917 -0.051221 -0.231200
v -0.202251 -0.053030 -0.229774
v -0.217302 -0.057596 -0.228964
v -0.182190 -0.049219 -0.265207
v -0.203926 -0.051271 -0.261911
v -0.217315 -0.055163 -0.260356
v -0.204906 -0.048617 -0.305219
v -0.216954 -0.051035 -0.303785
v -0.227316 -0.051912 -0.303498
v -0.214757 -0.047031 -0.349270
v -0.224543 -0.048409 -0.349880
v -0.234294 -0.049738 -0.350686
v -0.237559 -0.053462 -0.304118
v -0.236172 -0.056203 -0.351406
v -0.238860 -0.060114 -0.305167
v -0.227507 -0.057031 -0.351030
v -0.229938 -0.061134 -0.305445
v -0.218130 -0.058220 -0.350688
v -0.219799 -0.061836 -0.305954
v -0.219171 -0.065272 -0.265302
v -0.209062 -0.063831 -0.307901
v -0.207709 -0.068512 -0.266875
v -0.206748 -0.071504 -0.236799
v -0.217890 -0.068776 -0.239814
v -0.231650 -0.068038 -0.228392
v -0.189786 -0.069865 -0.269001
v -0.186255 -0.073550 -0.236705
v -0.182684 -0.078522 -0.205924
v -0.148764 -0.076173 -0.236952
v -0.142552 -0.079717 -0.202170
v -0.136291 -0.082601 -0.172615
v -0.177369 -0.081520 -0.173482
v -0.131561 -0.084092 -0.156316
v -0.172765 -0.083338 -0.153765
v -0.200344 -0.082361 -0.153649
v -0.218174 -0.080969 -0.156429
v -0.169209 -0.084445 -0.142221
v -0.198879 -0.083542 -0.140133
v -0.217969 -0.082327 -0.139601
v -0.197550 -0.084423 -0.130830
v -0.217998 -0.082710 -0.130765
v -0.196261 -0.085649 -0.122371
v -0.218587 -0.083112 -0.123204
v -0.231505 -0.075487 -0.125730
v -0.219948 -0.085437 -0.115928
v -0.195631 -0.091279 -0.116565
v -0.194033 -0.100188 -0.115282
v -0.222909 -0.091264 -0.113197
v -0.161545 -0.094989 -0.123149
v -0.163460 -0.087787 -0.125742
v -0.124458 -0.090407 -0.128667
v -0.166408 -0.085468 -0.132982
v -0.125875 -0.086087 -0.135727
v -0.128306 -0.085109 -0.145361
v -0.094872 -0.079599 -0.203711
v -0.103239 -0.075885 -0.240808
v -0.059089 -0.074483 -0.250333
v -0.112277 -0.072075 -0.277689
v -0.070764 -0.070602 -0.288266
v -0.046899 -0.069169 -0.297116
v -0.082572 -0.066567 -0.325682
v -0.062399 -0.065184 -0.332784
v -0.049949 -0.064035 -0.338163
v -0.077246 -0.061530 -0.368577
v -0.065629 -0.060492 -0.373376
v -0.057090 -0.059428 -0.377286
v -0.040900 -0.062845 -0.342410
v -0.048673 -0.057855 -0.381223
v -0.032278 -0.061135 -0.346498
v -0.041400 -0.053955 -0.384407
v -0.024622 -0.056981 -0.349956
v -0.039060 -0.046145 -0.384963
v -0.022444 -0.048948 -0.350417
v -0.044455 -0.039846 -0.381858
v -0.027890 -0.042649 -0.347133
v -0.052341 -0.038070 -0.377919
v -0.036194 -0.040540 -0.342817
v -0.060678 -0.037906 -0.373931
v -0.044777 -0.040372 -0.338549
v -0.069738 -0.037849 -0.369791
v -0.054696 -0.040416 -0.333918
v -0.039572 -0.043069 -0.297253
v -0.070906 -0.040115 -0.327349
v -0.058039 -0.043510 -0.290501
v -0.046263 -0.046342 -0.252058
v -0.095572 -0.045013 -0.280152
v -0.087491 -0.047264 -0.241846
v -0.080031 -0.049514 -0.203153
v -0.133202 -0.048187 -0.234449
v -0.126879 -0.050641 -0.197075
v -0.121708 -0.050892 -0.164728
v -0.118934 -0.051793 -0.147377
v -0.116472 -0.051961 -0.136480
v -0.140164 -0.045759 -0.270815
v -0.103463 -0.042836 -0.318468
v -0.147045 -0.043727 -0.309946
v -0.186090 -0.046593 -0.306405
v -0.152460 -0.040844 -0.349541
v -0.187489 -0.043642 -0.348642
v -0.204046 -0.045515 -0.348931
v -0.187279 -0.040640 -0.390068
v -0.202236 -0.041938 -0.390310
v -0.212128 -0.043610 -0.390762
v -0.201232 -0.038841 -0.425387
v -0.211045 -0.040568 -0.425145
v -0.219915 -0.042508 -0.425228
v -0.221276 -0.045341 -0.391453
v -0.228973 -0.044455 -0.426120
v -0.231099 -0.046967 -0.391960
v -0.230019 -0.048243 -0.426538
v -0.233415 -0.051516 -0.392200
v -0.221687 -0.050501 -0.426224
v -0.224848 -0.053862 -0.392113
v -0.214351 -0.051884 -0.425778
v -0.215828 -0.054842 -0.391728
v -0.205431 -0.053673 -0.426313
v -0.206806 -0.055764 -0.391350
v -0.208304 -0.059479 -0.350468
v -0.195925 -0.056840 -0.391353
v -0.194684 -0.060932 -0.350378
v -0.192958 -0.065524 -0.308882
v -0.172362 -0.062545 -0.351010
v -0.164140 -0.067148 -0.311095
v -0.155403 -0.071661 -0.272398
v -0.121976 -0.067465 -0.316531
v -0.131880 -0.063792 -0.354767
v -0.094919 -0.062825 -0.362697
v -0.141498 -0.059306 -0.395397
v -0.107158 -0.059337 -0.400014
v -0.090530 -0.058658 -0.403751
v -0.116736 -0.056556 -0.432859
v -0.098114 -0.056750 -0.435247
v -0.086889 -0.055437 -0.436298
v -0.080026 -0.057347 -0.407375
v -0.078069 -0.052676 -0.436789
v -0.071497 -0.056075 -0.410854
v -0.063911 -0.054932 -0.414383
v -0.057216 -0.051011 -0.417559
v -0.055607 -0.043801 -0.417857
v -0.060165 -0.037490 -0.415031
v -0.072534 -0.033663 -0.434409
v -0.066791 -0.035652 -0.411581
v -0.080370 -0.033021 -0.432777
v -0.074726 -0.035409 -0.407888
v -0.089643 -0.032873 -0.431097
v -0.083393 -0.035281 -0.404212
v -0.101494 -0.032991 -0.429456
v -0.095518 -0.035464 -0.400178
v -0.084137 -0.037972 -0.363977
v -0.117381 -0.035763 -0.395235
v -0.110754 -0.038433 -0.356074
v -0.156193 -0.038236 -0.390994
v -0.122152 -0.033528 -0.427517
v -0.158103 -0.035512 -0.425943
v -0.187424 -0.037702 -0.425783
v -0.158432 -0.031172 -0.442003
v -0.187495 -0.034712 -0.441689
v -0.201988 -0.036865 -0.442006
v -0.187111 -0.033708 -0.452152
v -0.203235 -0.035389 -0.452606
v -0.213423 -0.037379 -0.453810
v -0.211991 -0.039072 -0.442554
v -0.222375 -0.039291 -0.454508
v -0.220612 -0.041100 -0.443041
v -0.229121 -0.041674 -0.454625
v -0.227985 -0.042874 -0.443880
v -0.230419 -0.047266 -0.455100
v -0.228304 -0.046534 -0.444669
v -0.227283 -0.053677 -0.454661
v -0.222701 -0.051207 -0.444980
v -0.220551 -0.055729 -0.455773
v -0.216515 -0.055858 -0.444095
v -0.212191 -0.056242 -0.457575
v -0.208451 -0.056889 -0.444888
v -0.201646 -0.057330 -0.458480
v -0.199482 -0.057685 -0.446825
v -0.196776 -0.054855 -0.427198
v -0.183037 -0.057082 -0.447214
v -0.181652 -0.055889 -0.428191
v -0.178375 -0.058499 -0.392057
v -0.149342 -0.056198 -0.430240
v -0.152095 -0.056138 -0.446454
v -0.120748 -0.056565 -0.449154
v -0.153626 -0.056091 -0.457251
v -0.122895 -0.056032 -0.458774
v -0.100463 -0.055826 -0.459469
v -0.099733 -0.056406 -0.450287
v -0.086473 -0.054744 -0.459628
v -0.086873 -0.054603 -0.450309
v -0.076605 -0.051837 -0.460299
v -0.077597 -0.051984 -0.450250
v -0.086282 -0.054421 -0.467966
v -0.075564 -0.053362 -0.468993
v -0.066443 -0.052832 -0.470348
v -0.074755 -0.052354 -0.477950
v -0.064910 -0.052457 -0.478497
v -0.073754 -0.047650 -0.483734
v -0.063824 -0.047321 -0.482749
v -0.073460 -0.039949 -0.482860
v -0.063696 -0.039635 -0.482462
v -0.074326 -0.033063 -0.479314
v -0.064553 -0.033010 -0.479094
v -0.075963 -0.030061 -0.472422
v -0.066473 -0.030674 -0.472623
v -0.057306 -0.031391 -0.471876
v -0.047713 -0.034322 -0.469140
v -0.069514 -0.030578 -0.465196
v -0.078031 -0.029930 -0.464420
v -0.079785 -0.031062 -0.456165
v -0.072355 -0.034074 -0.457577
v -0.080490 -0.031406 -0.445980
v -0.073118 -0.033527 -0.447218
v -0.089089 -0.029616 -0.455073
v -0.089459 -0.030859 -0.445406
v -0.102785 -0.029260 -0.454163
v -0.102508 -0.030549 -0.444713
v -0.125354 -0.028995 -0.453316
v -0.124360 -0.030629 -0.443442
v -0.158029 -0.030382 -0.452340
v -0.125984 -0.027781 -0.462037
v -0.157609 -0.028573 -0.461048
v -0.186808 -0.030185 -0.460925
v -0.157191 -0.028387 -0.469787
v -0.186454 -0.028652 -0.469525
v -0.204628 -0.029646 -0.469263
v -0.204149 -0.031730 -0.460940
v -0.186361 -0.032899 -0.477471
v -0.205072 -0.033690 -0.476613
v -0.186304 -0.039123 -0.482977
v -0.205228 -0.039749 -0.481691
v -0.217036 -0.040909 -0.478135
v -0.204257 -0.047519 -0.481401
v -0.226214 -0.043147 -0.472632
v -0.230512 -0.046061 -0.464572
v -0.185758 -0.047305 -0.482590
v -0.185017 -0.052855 -0.475659
v -0.203064 -0.054098 -0.475758
v -0.184183 -0.056396 -0.466935
v -0.202498 -0.057284 -0.467401
v -0.183470 -0.057081 -0.457856
v -0.154673 -0.054763 -0.466516
v -0.155539 -0.052371 -0.475685
v -0.125700 -0.052450 -0.476712
v -0.124470 -0.054790 -0.467492
v -0.101192 -0.054701 -0.467927
v -0.102029 -0.052372 -0.476704
v -0.086253 -0.052394 -0.476838
v -0.126574 -0.047985 -0.484566
v -0.102658 -0.047838 -0.483798
v -0.086258 -0.047968 -0.483457
v -0.102934 -0.039608 -0.483136
v -0.086312 -0.039900 -0.482969
v -0.102701 -0.031682 -0.479924
v -0.086501 -0.032627 -0.479177
v -0.102700 -0.028626 -0.471659
v -0.087326 -0.029294 -0.471808
v -0.102750 -0.028328 -0.462860
v -0.088440 -0.028877 -0.463458
v -0.126555 -0.028261 -0.471043
v -0.126932 -0.031706 -0.479058
v -0.156869 -0.032033 -0.477837
v -0.126944 -0.039462 -0.483230
v -0.156527 -0.039099 -0.482644
v -0.156224 -0.047320 -0.482376
v -0.295080 0.044330 -0.136108
v -0.326690 0.066747 -0.145317
v -0.322547 0.071199 -0.137911
v -0.323593 0.070729 -0.127697
v -0.295883 0.043910 -0.125272
v -0.329472 0.065080 -0.122136
v -0.301715 0.037438 -0.118892
v -0.336644 0.057635 -0.121167
v -0.357958 0.093379 -0.125460
v -0.364826 0.086357 -0.124592
v -0.371565 0.079611 -0.124116
v -0.393521 0.113293 -0.127304
v -0.387099 0.120429 -0.127875
v -0.415872 0.137662 -0.129637
v -0.420167 0.128844 -0.129896
v -0.439995 0.140637 -0.130999
v -0.440735 0.131587 -0.130604
v -0.454602 0.140678 -0.131885
v -0.453774 0.131405 -0.131551
v -0.451591 0.121025 -0.130722
v -0.463133 0.130431 -0.132499
v -0.459828 0.119251 -0.131155
v -0.471457 0.129017 -0.133230
v -0.467940 0.117572 -0.131658
v -0.478681 0.127107 -0.135480
v -0.475611 0.115958 -0.133364
v -0.481393 0.125770 -0.142297
v -0.477598 0.114989 -0.141300
v -0.479212 0.126219 -0.149781
v -0.476054 0.114676 -0.149416
v -0.472068 0.127959 -0.152868
v -0.468700 0.116174 -0.152402
v -0.463427 0.129336 -0.153152
v -0.460452 0.117902 -0.152561
v -0.453417 0.129955 -0.153013
v -0.451372 0.119362 -0.152537
v -0.439151 0.129239 -0.152854
v -0.454170 0.139237 -0.152955
v -0.439045 0.138209 -0.152589
v -0.415584 0.133651 -0.151604
v -0.419112 0.124800 -0.152205
v -0.388472 0.115718 -0.150433
v -0.394681 0.108294 -0.150346
v -0.361226 0.088180 -0.148520
v -0.368264 0.080999 -0.148853
v -0.376544 0.073128 -0.149090
v -0.382679 0.122978 -0.148684
v -0.354550 0.095094 -0.147258
v -0.380407 0.127310 -0.141292
v -0.350946 0.099410 -0.139825
v -0.381795 0.126339 -0.132449
v -0.352218 0.098935 -0.130171
v -0.410235 0.148574 -0.142719
v -0.412198 0.145802 -0.133242
v -0.439174 0.149412 -0.142607
v -0.439458 0.147767 -0.134464
v -0.455132 0.149754 -0.142255
v -0.455277 0.149012 -0.133823
v -0.466025 0.149682 -0.142237
v -0.466507 0.147546 -0.133393
v -0.465053 0.139843 -0.132841
v -0.465482 0.146994 -0.150547
v -0.454947 0.148289 -0.150765
v -0.464934 0.138952 -0.153339
v -0.439009 0.146401 -0.149893
v -0.412034 0.142749 -0.150167
v -0.373010 -0.091914 -0.118795
v -0.379779 -0.086967 -0.104069
v -0.339474 -0.090795 -0.148987
v -0.347310 -0.089635 -0.171627
v -0.324710 -0.089018 -0.181261
v -0.334936 -0.087343 -0.213876
v -0.354964 -0.086399 -0.234650
v -0.347803 -0.085781 -0.242049
v -0.368661 -0.085954 -0.244517
v -0.362480 -0.085114 -0.254080
v -0.356595 -0.083580 -0.263864
v -0.374236 -0.084921 -0.259459
v -0.370495 -0.083753 -0.269562
v -0.368946 -0.077682 -0.274445
v -0.351866 -0.077588 -0.270965
v -0.369552 -0.069487 -0.270786
v -0.353879 -0.069710 -0.266305
v -0.373099 -0.067585 -0.260978
v -0.389185 -0.067770 -0.255022
v -0.398043 -0.068875 -0.260783
v -0.406889 -0.069105 -0.244852
v -0.396108 -0.067499 -0.241437
v -0.411027 -0.070514 -0.216365
v -0.400771 -0.067950 -0.216455
v -0.411640 -0.071007 -0.183726
v -0.414311 -0.079764 -0.216779
v -0.413967 -0.080366 -0.184252
v -0.409416 -0.085051 -0.216706
v -0.407693 -0.086464 -0.185112
v -0.399477 -0.086665 -0.216807
v -0.397461 -0.087654 -0.185586
v -0.389586 -0.087375 -0.216856
v -0.387452 -0.088719 -0.187273
v -0.386006 -0.086313 -0.238272
v -0.396395 -0.085808 -0.242182
v -0.389604 -0.085209 -0.255359
v -0.379743 -0.085713 -0.250002
v -0.406124 -0.083938 -0.246491
v -0.397673 -0.083866 -0.261046
v -0.412944 -0.076085 -0.247531
v -0.400962 -0.074438 -0.263194
v -0.275522 -0.067859 -0.187449
v -0.284307 -0.066791 -0.181390
v -0.286024 -0.066532 -0.165982
v -0.312653 -0.066617 -0.163228
v -0.305409 -0.066528 -0.152634
v -0.277759 -0.066500 -0.156821
v -0.017293 0.026288 0.006176
v -0.421226 -0.087063 -0.087191
v -0.393350 -0.078335 -0.093390
v 0.138252 -0.119338 -0.111881
v 0.136500 -0.108326 -0.116509
v 0.137303 -0.113043 -0.108583
v 0.127151 -0.105824 -0.114024
v 0.127609 -0.111459 -0.106535
v 0.116377 -0.103602 -0.112060
v 0.116882 -0.110020 -0.104662
v 0.102965 -0.103059 -0.111354
v 0.103369 -0.109697 -0.103574
v 0.103845 -0.113411 -0.093936
v 0.086009 -0.110037 -0.103020
v 0.086630 -0.113826 -0.092860
v 0.087237 -0.115076 -0.081982
v 0.070303 -0.113886 -0.092541
v 0.087914 -0.115693 -0.071127
v 0.088917 -0.110784 -0.065613
v 0.069846 -0.099918 -0.063992
v 0.089826 -0.100355 -0.065911
v 0.069705 -0.088751 -0.064451
v 0.090408 -0.089145 -0.066400
v 0.069058 -0.074126 -0.065266
v 0.090306 -0.075708 -0.066941
v 0.110052 -0.075139 -0.068822
v 0.088867 -0.055290 -0.067730
v 0.109868 -0.054692 -0.069558
v 0.086482 -0.033445 -0.068837
v 0.108549 -0.032927 -0.070015
v 0.085199 -0.033878 -0.087842
v 0.106725 -0.033619 -0.087261
v 0.084671 -0.039424 -0.102560
v 0.105413 -0.038628 -0.102320
v 0.084290 -0.047209 -0.113104
v 0.104631 -0.047695 -0.112887
v 0.084288 -0.057404 -0.118154
v 0.103492 -0.058706 -0.118788
v 0.084811 -0.069964 -0.117848
v 0.102863 -0.070908 -0.118673
v 0.085305 -0.082379 -0.116840
v 0.102561 -0.083019 -0.117689
v 0.116601 -0.084870 -0.118888
v 0.102459 -0.094156 -0.116274
v 0.116218 -0.095481 -0.117375
v 0.127437 -0.097903 -0.119093
v 0.085376 -0.093966 -0.115658
v 0.085524 -0.103613 -0.111371
v 0.069432 -0.094050 -0.114811
v 0.069812 -0.102992 -0.110937
v 0.070062 -0.109078 -0.102945
v 0.057282 -0.113528 -0.093164
v 0.049112 -0.108957 -0.092682
v 0.049068 -0.098581 -0.090964
v 0.049287 -0.099966 -0.078232
v 0.049072 -0.085600 -0.090551
v 0.049239 -0.086928 -0.078234
v 0.049691 -0.087949 -0.063176
v 0.049773 -0.099749 -0.062669
v 0.049155 -0.069514 -0.079650
v 0.049503 -0.070831 -0.064344
v 0.049062 -0.070363 -0.091480
v 0.049056 -0.055546 -0.095389
v 0.052292 -0.042597 -0.101920
v 0.065167 -0.040353 -0.102342
v 0.065440 -0.047445 -0.111858
v 0.066208 -0.057775 -0.116948
v 0.067809 -0.070156 -0.117047
v 0.056964 -0.083789 -0.115402
v 0.068851 -0.082991 -0.116000
v 0.049645 -0.084266 -0.110750
v 0.049141 -0.084601 -0.100466
v -0.453843 -0.098714 -0.041785
v -0.442928 -0.097005 -0.044129
v -0.412408 -0.072766 -0.070458
v -0.423292 -0.072113 -0.071725
v -0.412742 -0.065408 -0.067793
v -0.423629 -0.065097 -0.068563
v -0.433655 -0.065061 -0.068625
v -0.423504 -0.060112 -0.062414
v -0.433465 -0.059377 -0.062955
v -0.442765 -0.059355 -0.063551
v -0.433556 -0.056834 -0.054886
v -0.443729 -0.056433 -0.056108
v -0.434089 -0.054663 -0.045527
v -0.447679 -0.054466 -0.045931
v -0.442358 -0.054735 -0.045420
v -0.435663 -0.054794 -0.045759
v -0.423459 -0.057340 -0.054152
v -0.423521 -0.055312 -0.045135
v -0.413224 -0.058109 -0.053390
v -0.411429 -0.055837 -0.044786
v -0.413158 -0.060742 -0.061366
v 0.146077 -0.028214 0.081183
v 0.137516 -0.030409 0.083251
v 0.133896 -0.037635 0.070727
v 0.133319 -0.054874 0.070644
v 0.049341 -0.080781 0.116009
v 0.049128 -0.084204 0.099932
v -0.383101 -0.112351 0.027177
v -0.382341 -0.104901 0.021230
v -0.381618 -0.097395 0.014179
v -0.379499 -0.086241 0.010374
v -0.212750 -0.044412 0.421451
v -0.190970 -0.021645 0.446764
v -0.160815 -0.014650 0.461696
v -0.230755 -0.074396 0.159543
v -0.231509 -0.068828 0.161347
v -0.231566 -0.068798 0.148824
v -0.231333 -0.065260 0.145965
v -0.456043 -0.070383 0.029689
v -0.433430 -0.072203 0.028167
v -0.433963 -0.067041 0.033152
v -0.423740 -0.072409 0.029352
v -0.423290 -0.079397 0.028675
v -0.422822 -0.086275 0.033027
v -0.422627 -0.092392 0.039233
v -0.412072 -0.090786 0.039612
v -0.402410 -0.087508 0.041211
v -0.423112 -0.097862 0.046970
v -0.316819 -0.054352 0.111436
v -0.450623 -0.035250 0.131892
v -0.450527 -0.036401 0.124468
v -0.450856 -0.044989 0.123164
v -0.219423 -0.044418 0.403175
v -0.220871 -0.021732 0.132224
v -0.228893 -0.019048 0.136958
v -0.252060 -0.025653 0.142035
v -0.242464 -0.024444 0.141755
v -0.435800 -0.066149 -0.121013
v -0.416241 -0.067215 -0.118783
v -0.435682 -0.071848 -0.128459
v -0.416215 -0.072255 -0.128529
v -0.435123 -0.068813 -0.137267
v -0.415545 -0.070094 -0.139951
v -0.381139 -0.067461 -0.144971
v -0.246094 -0.064579 -0.222340
v -0.231753 -0.061867 -0.227440
v -0.374176 -0.079337 -0.094905
v -0.380872 -0.086645 0.111261
v -0.380316 -0.078781 0.096865
v -0.379942 -0.086241 0.098560
v -0.371842 -0.080079 0.097879
v 0.152819 -0.073295 -0.060656
v 0.161934 -0.047185 -0.062698
v -0.371390 -0.088999 -0.099652
v -0.225744 -0.061975 -0.214715
v 0.204271 -0.008827 0.054043
v 0.206440 -0.006308 0.052676
v 0.202362 -0.005396 0.052585
v 0.201980 -0.005893 0.052766
v 0.197719 -0.007319 0.053791
v 0.197494 -0.007394 0.053845
v -0.339937 -0.057547 0.112926
v -0.334019 -0.055918 0.112915
v -0.334495 -0.051670 0.112766
v -0.344813 -0.055853 0.112808
v -0.339775 -0.061291 0.113057
v -0.333212 -0.059544 0.113040
v -0.346668 -0.060347 0.112976
v -0.324797 -0.056859 0.113045
v -0.326922 -0.054547 0.112889
v -0.320626 -0.051942 0.112694
v -0.323742 -0.049960 0.112534
v -0.328170 -0.052922 0.112781
v -0.454432 -0.068611 0.026195
v -0.454284 -0.068978 0.026063
v -0.454963 -0.068874 0.026274
v -0.454951 -0.068470 0.026387
v -0.455329 -0.068561 0.026128
v -0.454422 -0.068802 0.025959
v -0.453484 -0.068988 0.025845
v -0.453482 -0.069602 0.025669
v -0.454385 -0.069572 0.025919
v -0.454517 -0.069032 0.025733
v -0.453334 -0.069293 0.025565
v -0.452522 -0.069472 0.025449
v -0.453412 -0.069442 0.025522
v -0.453727 -0.069911 0.025645
v -0.454461 -0.069407 0.025608
v -0.454467 -0.070132 0.025642
v -0.454749 -0.070460 0.025761
v -0.454518 -0.070059 0.025815
v -0.455391 -0.070449 0.025936
v -0.455216 -0.069940 0.026036
v -0.455085 -0.069413 0.026152
v -0.455884 -0.069715 0.026279
v -0.455707 -0.069177 0.026386
v -0.455559 -0.068644 0.026500
v -0.456385 -0.068959 0.026631
v -0.456209 -0.068436 0.026734
v -0.456052 -0.067971 0.026825
v -0.455555 -0.068241 0.026615
v -0.457515 -0.067905 0.026691
v -0.456263 -0.068242 0.026368
v -0.457635 -0.068346 0.026177
v -0.456546 -0.068585 0.026022
v -0.455536 -0.068808 0.025878
v -0.456568 -0.069501 0.026524
v -0.456065 -0.070253 0.026173
v -0.456750 -0.070043 0.026417
v -0.456250 -0.070784 0.026070
v -0.456933 -0.070586 0.026310
v -0.456486 -0.071248 0.026000
v -0.457112 -0.071119 0.026205
v -0.456997 -0.071469 0.025917
v -0.457289 -0.071644 0.026101
v -0.457407 -0.071442 0.025880
v -0.457029 -0.071035 0.025899
v -0.457662 -0.070836 0.025893
v -0.457209 -0.070505 0.025889
v -0.457893 -0.070290 0.025904
v -0.456314 -0.071049 0.025840
v -0.456364 -0.070549 0.025821
v -0.456420 -0.069960 0.025798
v -0.457335 -0.069938 0.025873
v -0.455679 -0.070859 0.025895
v -0.455526 -0.070625 0.025754
v -0.455481 -0.070004 0.025721
v -0.455451 -0.069374 0.025689
v -0.456410 -0.069342 0.025768
v -0.457353 -0.069311 0.025845
v -0.458319 -0.069278 0.025924
v -0.458133 -0.069720 0.025915
v -0.455227 -0.096339 0.068497
v -0.454813 -0.085832 0.073920
v -0.454882 -0.095511 0.068964
v -0.456477 -0.094259 0.069208
v -0.456788 -0.095999 0.068273
v -0.453996 -0.097659 0.068040
v -0.453348 -0.096714 0.068730
v -0.455050 -0.087495 0.073050
v -0.452596 -0.086469 0.073982
v -0.453080 -0.084879 0.074718
v -0.454571 -0.082758 0.075592
v -0.456459 -0.084668 0.074259
v -0.458252 -0.094142 0.068937
v -0.458062 -0.095591 0.068166
v -0.451215 -0.083821 0.075632
v -0.452325 -0.081944 0.076482
v -0.455713 -0.077714 0.077672
v -0.452662 -0.079183 0.077766
v -0.452315 -0.076802 0.078890
v -0.455682 -0.074561 0.077788
v -0.450234 -0.085480 0.074880
v -0.452740 -0.098598 0.067528
v -0.451939 -0.097820 0.068514
v -0.455155 -0.098603 0.067144
v -0.453599 -0.099432 0.066471
v -0.455491 -0.099730 0.065923
v -0.454434 -0.100243 0.065442
v -0.456119 -0.100429 0.063559
v -0.454396 -0.100763 0.064047
v -0.456143 -0.100365 0.060453
v -0.452747 -0.100872 0.061649
v -0.457033 -0.100491 0.056005
v -0.451449 -0.100957 0.059762
v -0.458200 -0.100168 0.060033
v -0.458176 -0.100447 0.056147
v -0.458211 -0.100589 0.053558
v -0.456274 -0.100783 0.052418
v -0.457783 -0.099773 0.063371
v -0.456426 -0.099218 0.066416
v -0.449552 -0.082652 -0.025141
v -0.456601 -0.078209 -0.026056
v -0.455449 -0.088975 -0.027416
v -0.454805 -0.067017 -0.026888
v -0.452725 -0.069453 -0.024840
v -0.453797 -0.088462 -0.026746
v -0.453329 -0.088317 -0.026557
v -0.454633 -0.079450 -0.025800
v -0.457186 -0.079180 -0.026199
v -0.456479 -0.072855 -0.025637
v -0.456981 -0.072298 -0.025902
v -0.452034 -0.087915 -0.026031
v -0.453115 -0.080406 -0.025603
v -0.450370 -0.086160 -0.025488
v -0.451542 -0.081398 -0.025399
v -0.454142 -0.098836 0.038823
v -0.453033 -0.099351 0.039504
v -0.454156 -0.100475 0.041016
v -0.455374 -0.098955 0.038991
v -0.454623 -0.097389 0.036978
v -0.453439 -0.098043 0.037799
v -0.452335 -0.098652 0.038564
v -0.456629 -0.098950 0.039002
v -0.455971 -0.096645 0.036044
v -0.455044 -0.101364 0.042212
v -0.434874 -0.097752 -0.024974
v -0.433594 -0.099382 -0.025626
v -0.430169 -0.100181 -0.024802
v -0.432794 -0.097274 -0.023722
v -0.434885 -0.094959 -0.022862
v -0.437049 -0.096036 -0.024666
v -0.246323 -0.065196 -0.228227
v -0.245889 -0.065373 -0.222329
v -0.253988 -0.065636 -0.223836
v -0.251248 -0.065656 -0.220899
v -0.246205 -0.065244 -0.226626
v -0.249048 -0.065352 -0.225783
v -0.250219 -0.065322 -0.227742
v -0.247609 -0.065464 -0.221870
v -0.248177 -0.065400 -0.223845
v -0.246042 -0.065310 -0.224409
v -0.252428 -0.065487 -0.225798
v -0.251135 -0.065492 -0.224489
v -0.252997 -0.065643 -0.222773
v -0.252057 -0.065650 -0.221765
v -0.250029 -0.065504 -0.223169
v -0.249327 -0.065555 -0.221412
v -0.222931 -0.063930 -0.227292
v -0.223491 -0.059671 -0.227273
v -0.220607 -0.058781 -0.227069
v -0.219538 -0.061546 -0.226962
v -0.220491 -0.065777 -0.227133
v -0.227443 -0.064308 -0.227657
v -0.227401 -0.060373 -0.227592
v -0.221392 -0.070148 -0.227259
v -0.224352 -0.069756 -0.227514
v -0.228096 -0.069130 -0.227822
v -0.231512 -0.067907 -0.228110
v -0.231739 -0.064437 -0.227938
v -0.231394 -0.062154 -0.227918
v -0.216515 -0.067397 -0.226837
v -0.217911 -0.070621 -0.226942
v -0.216219 -0.064479 -0.226770
v -0.217660 -0.057772 -0.226870
v -0.376544 -0.071020 -0.142290
v -0.375867 -0.067814 -0.144366
v -0.382289 -0.070536 -0.141924
v -0.377450 -0.066227 -0.145268
v -0.379491 -0.070772 -0.142102
v -0.378867 -0.069458 -0.143421
v -0.376326 -0.069986 -0.142959
v -0.376085 -0.068846 -0.143697
v -0.377841 -0.068148 -0.144134
v -0.376629 -0.067050 -0.144800
v -0.381755 -0.068652 -0.143824
v -0.379831 -0.067209 -0.144860
v -0.425320 -0.044214 -0.046552
v -0.420253 -0.043384 -0.046038
v -0.419917 -0.050184 -0.046052
v -0.426710 -0.047510 -0.046485
v -0.431860 -0.044780 -0.047044
v -0.429956 -0.041028 -0.046991
v -0.428314 -0.051661 -0.046728
v -0.434278 -0.047920 -0.047137
v -0.431839 -0.056334 -0.045139
v -0.437209 -0.051126 -0.047929
v -0.422572 -0.054378 -0.045682
v -0.410611 -0.053194 -0.045192
v -0.411858 -0.056197 -0.045164
v -0.405507 -0.052921 -0.044804
v -0.403135 -0.056158 -0.044599
v -0.413580 -0.047431 -0.045514
v -0.392555 -0.039666 0.047887
v -0.392587 -0.039520 0.049571
v -0.392721 -0.038562 0.049486
v -0.392619 -0.039373 0.051267
v -0.392895 -0.037408 0.051155
v -0.392831 -0.037939 0.052736
v -0.392789 -0.038024 0.054619
v -0.392944 -0.036748 0.054518
v -0.392970 -0.036815 0.052677
v -0.392651 -0.039229 0.052938
v -0.392686 -0.039384 0.054863
v -0.392722 -0.039854 0.056863
v -0.392839 -0.038086 0.056448
v -0.392712 -0.037963 0.058185
v -0.392694 -0.036364 0.057819
v -0.392882 -0.036637 0.056251
v -0.392776 -0.040012 0.058984
v -0.392862 -0.039087 0.060477
v -0.392520 -0.037675 0.059784
v -0.392649 -0.036903 0.061601
v -0.392325 -0.035829 0.060893
v -0.392504 -0.036088 0.059404
v -0.393001 -0.037958 0.062291
v -0.278158 -0.027380 0.141806
v -0.270683 -0.027193 0.143751
v -0.271456 -0.026784 0.138826
v -0.264179 -0.026806 0.143542
v -0.264379 -0.026218 0.137134
v -0.257335 -0.026500 0.143502
v -0.257809 -0.025782 0.136488
v -0.250020 -0.025854 0.143325
v -0.251587 -0.025175 0.134801
v -0.243918 -0.026178 0.142593
v -0.244789 -0.024472 0.133496
v -0.237262 -0.025928 0.142349
v -0.238219 -0.023957 0.132302
v -0.230446 -0.025393 0.141749
v -0.231150 -0.023504 0.130809
v -0.224489 -0.023935 0.138483
v -0.221666 -0.022620 0.132141
vt 0.140016 0.096589
vt 0.138759 0.101391
vt 0.135321 0.101247
vt 0.135321 0.097285
vt 0.579457 0.369942
vt 0.579767 0.375188
vt 0.551331 0.380309
vt 0.551464 0.360097
vt 0.601838 0.341112
vt 0.602011 0.339088
vt 0.616920 0.335973
vt 0.620511 0.339777
vt 0.573996 0.831439
vt 0.576963 0.842136
vt 0.564076 0.843659
vt 0.566109 0.826476
vt 0.925749 0.848681
vt 0.924757 0.824866
vt 0.932141 0.825970
vt 0.936173 0.849303
vt 0.297729 0.739734
vt 0.306587 0.741249
vt 0.306413 0.764219
vt 0.296897 0.761209
vt 0.667336 0.565243
vt 0.674743 0.564697
vt 0.674058 0.577543
vt 0.667733 0.576341
vt 0.538429 0.005649
vt 0.543148 0.014907
vt 0.538701 0.016049
vt 0.536088 0.001769
vt 0.667006 0.560559
vt 0.674871 0.558310
vt 0.343019 0.760432
vt 0.343337 0.751186
vt 0.349670 0.750443
vt 0.350040 0.756331
vt 0.531095 0.015013
vt 0.526155 0.016580
vt 0.525195 0.008591
vt 0.530109 0.006332
vt 0.529258 0.029926
vt 0.523805 0.029971
vt 0.307100 0.533509
vt 0.306270 0.528024
vt 0.316867 0.527042
vt 0.316002 0.532489
vt 0.130540 0.098399
vt 0.129688 0.087546
vt 0.134908 0.088810
vt 0.132268 0.103805
vt 0.307690 0.520270
vt 0.317762 0.521552
vt 0.610346 0.570597
vt 0.612451 0.556257
vt 0.620257 0.556659
vt 0.619794 0.571552
vt 0.619297 0.580540
vt 0.611670 0.578031
vt 0.698568 0.275474
vt 0.688747 0.272650
vt 0.689621 0.266409
vt 0.698275 0.267277
vt 0.697732 0.279784
vt 0.687805 0.278111
vt 0.711193 0.267765
vt 0.711274 0.274905
vt 0.395907 0.205628
vt 0.395907 0.217266
vt 0.390760 0.216359
vt 0.390568 0.204496
vt 0.692853 0.858299
vt 0.687732 0.858338
vt 0.688193 0.852078
vt 0.694446 0.853342
vt 0.675762 0.269222
vt 0.681145 0.270714
vt 0.679823 0.276247
vt 0.673315 0.272956
vt 0.695252 0.862004
vt 0.689169 0.864383
vt 0.347341 0.740983
vt 0.348683 0.745422
vt 0.343019 0.745982
vt 0.344178 0.740910
vt 0.675005 0.541939
vt 0.680651 0.541099
vt 0.681380 0.546167
vt 0.675428 0.546730
vt 0.131912 0.003889
vt 0.136593 0.003528
vt 0.137225 0.009601
vt 0.131839 0.009577
vt 0.368327 0.284468
vt 0.373698 0.275313
vt 0.388838 0.296467
vt 0.370888 0.302409
vt 0.813542 0.278658
vt 0.811519 0.296270
vt 0.798508 0.296516
vt 0.802843 0.274859
vt 0.358182 0.282899
vt 0.362845 0.266544
vt 0.381149 0.250997
vt 0.399434 0.269600
vt 0.424567 0.293280
vt 0.411619 0.312069
vt 0.390478 0.327847
vt 0.374957 0.330631
vt 0.405595 0.331110
vt 0.583417 0.324120
vt 0.581744 0.320111
vt 0.587219 0.313190
vt 0.589033 0.316721
vt 0.262191 0.618942
vt 0.266621 0.613021
vt 0.268565 0.620020
vt 0.262580 0.623795
vt 0.589033 0.330839
vt 0.582331 0.331432
vt 0.501002 0.397129
vt 0.501064 0.402898
vt 0.488639 0.398896
vt 0.486681 0.392033
vt 0.323485 0.157692
vt 0.323482 0.176753
vt 0.317857 0.175187
vt 0.319325 0.161254
vt 0.450338 0.063917
vt 0.450338 0.056317
vt 0.458378 0.058277
vt 0.458673 0.067594
vt 0.253477 0.193414
vt 0.248682 0.207610
vt 0.243207 0.206473
vt 0.243207 0.194603
vt 0.427443 0.315017
vt 0.418764 0.319696
vt 0.830316 0.008752
vt 0.843644 0.001527
vt 0.845423 0.007676
vt 0.836451 0.014260
vt 0.347383 0.634404
vt 0.357342 0.622757
vt 0.361651 0.625710
vt 0.355824 0.640581
vt 0.352007 0.652666
vt 0.343048 0.649535
vt 0.322659 0.187893
vt 0.317317 0.186492
vt 0.207610 0.807609
vt 0.207387 0.818272
vt 0.193666 0.818101
vt 0.191641 0.805179
vt 0.243052 0.982908
vt 0.241308 0.972004
vt 0.255944 0.970734
vt 0.253725 0.984932
vt 0.502127 0.470744
vt 0.486002 0.470403
vt 0.485612 0.459948
vt 0.501492 0.459797
vt 0.173430 0.826070
vt 0.178235 0.823705
vt 0.179220 0.832903
vt 0.171973 0.832657
vt 0.167386 0.822870
vt 0.173242 0.815879
vt 0.178641 0.322239
vt 0.178223 0.327351
vt 0.170920 0.326569
vt 0.170920 0.318602
vt 0.000865 0.197980
vt 0.004845 0.197658
vt 0.007932 0.205520
vt 0.003633 0.205818
vt 0.034482 0.493018
vt 0.035124 0.502832
vt 0.031406 0.503112
vt 0.030927 0.492495
vt 0.284713 0.780877
vt 0.295100 0.782916
vt 0.294992 0.787289
vt 0.285117 0.786740
vt 0.423288 0.175557
vt 0.429704 0.174181
vt 0.429216 0.182759
vt 0.423288 0.185883
vt 0.402270 0.012253
vt 0.401513 0.007643
vt 0.407978 0.008836
vt 0.407070 0.014484
vt 0.470395 0.439361
vt 0.462867 0.439361
vt 0.461939 0.434319
vt 0.470744 0.434707
vt 0.313894 0.015009
vt 0.319322 0.016678
vt 0.319487 0.023883
vt 0.313917 0.023394
vt 0.323438 0.019310
vt 0.323485 0.024609
vt 0.090925 0.299345
vt 0.090925 0.294259
vt 0.096563 0.292823
vt 0.095627 0.299176
vt 0.263478 0.768781
vt 0.269315 0.768357
vt 0.269480 0.775102
vt 0.263582 0.774091
vt 0.109285 0.104247
vt 0.113461 0.103277
vt 0.113461 0.115875
vt 0.110074 0.115131
vt 0.217266 0.413706
vt 0.216730 0.421514
vt 0.210509 0.420713
vt 0.213887 0.413512
vt 0.282503 0.769754
vt 0.276122 0.776951
vt 0.275163 0.768255
vt 0.568464 0.071672
vt 0.561161 0.070689
vt 0.562073 0.058033
vt 0.569720 0.056666
vt 0.566585 0.079664
vt 0.557569 0.076088
vt 0.168223 0.857099
vt 0.169686 0.850612
vt 0.177511 0.852222
vt 0.175428 0.859161
vt 0.166571 0.081883
vt 0.166571 0.089321
vt 0.160262 0.088184
vt 0.160798 0.082026
vt 0.936767 0.493834
vt 0.937239 0.488145
vt 0.943373 0.488595
vt 0.943331 0.494596
vt 0.236286 0.004647
vt 0.236176 0.011141
vt 0.229186 0.013235
vt 0.229995 0.005225
vt 0.652352 0.214285
vt 0.647144 0.212188
vt 0.651636 0.208177
vt 0.656354 0.212369
vt 0.656627 0.219133
vt 0.650098 0.220197
vt 0.366939 0.299345
vt 0.358077 0.299345
vt 0.358337 0.292817
vt 0.366303 0.292600
vt 0.302444 0.915970
vt 0.301266 0.922898
vt 0.292255 0.922455
vt 0.291450 0.915846
vt 0.849008 0.073872
vt 0.855426 0.064765
vt 0.859409 0.066457
vt 0.854026 0.076599
vt 0.849901 0.082078
vt 0.844274 0.079047
vt 0.837267 0.074630
vt 0.840276 0.071859
vt 0.061423 0.550408
vt 0.066158 0.535880
vt 0.075587 0.534598
vt 0.075031 0.545866
vt 0.207610 0.869065
vt 0.193667 0.868589
vt 0.194305 0.864252
vt 0.207230 0.863389
vt 0.303335 0.984434
vt 0.297913 0.984941
vt 0.299083 0.969788
vt 0.304173 0.970122
vt 0.342761 0.436947
vt 0.336183 0.436947
vt 0.335446 0.424398
vt 0.342798 0.426694
vt 0.298772 0.714835
vt 0.316308 0.723824
vt 0.316163 0.730510
vt 0.302999 0.727956
vt 0.317080 0.552350
vt 0.327377 0.568665
vt 0.308879 0.577531
vt 0.303719 0.563890
vt 0.296662 0.728384
vt 0.294201 0.717263
vt 0.323485 0.192324
vt 0.317673 0.195711
vt 0.323233 0.205196
vt 0.318858 0.204911
vt 0.848705 0.120826
vt 0.861436 0.117092
vt 0.864875 0.136753
vt 0.848387 0.138994
vt 0.828691 0.139627
vt 0.829408 0.121471
vt 0.828337 0.115145
vt 0.847546 0.115543
vt 0.849814 0.112946
vt 0.853976 0.115505
vt 0.434533 0.327311
vt 0.430477 0.337086
vt 0.422902 0.337970
vt 0.422902 0.321486
vt 0.813003 0.152620
vt 0.823198 0.143984
vt 0.823198 0.161071
vt 0.815043 0.161743
vt 0.310462 0.011939
vt 0.306987 0.021177
vt 0.297173 0.017949
vt 0.298743 0.009026
vt 0.265645 0.002595
vt 0.275204 0.003312
vt 0.265645 0.019313
vt 0.265648 0.018534
vt 0.330597 0.000851
vt 0.340017 0.004329
vt 0.340891 0.012731
vt 0.331886 0.011069
vt 0.375174 0.197014
vt 0.376595 0.205196
vt 0.371683 0.204807
vt 0.371683 0.195904
vt 0.313712 0.685596
vt 0.310046 0.683864
vt 0.316612 0.678031
vt 0.319425 0.677931
vt 0.311250 0.676129
vt 0.304928 0.678797
vt 0.319286 0.665320
vt 0.324198 0.667986
vt 0.482814 0.004901
vt 0.482038 0.016647
vt 0.468053 0.016242
vt 0.469474 0.002281
vt 0.292443 0.664091
vt 0.293551 0.659419
vt 0.665076 0.330385
vt 0.640748 0.328463
vt 0.639993 0.320112
vt 0.663344 0.318693
vt 0.334190 0.639815
vt 0.336396 0.643143
vt 0.331451 0.654611
vt 0.327093 0.651934
vt 0.440668 0.000588
vt 0.454361 0.001587
vt 0.454945 0.016246
vt 0.444194 0.016560
vt 0.970456 0.777797
vt 0.969434 0.793629
vt 0.955595 0.791835
vt 0.954410 0.777946
vt 0.323085 0.628244
vt 0.327472 0.623029
vt 0.334463 0.631786
vt 0.337970 0.636824
vt 0.575918 0.444366
vt 0.570571 0.441681
vt 0.574894 0.438745
vt 0.579377 0.444413
vt 0.573883 0.450646
vt 0.566662 0.447984
vt 0.502049 0.390910
vt 0.498465 0.391079
vt 0.497014 0.383167
vt 0.501764 0.383008
vt 0.309536 0.603752
vt 0.318378 0.610291
vt 0.310756 0.615639
vt 0.303777 0.610914
vt 0.417339 0.352873
vt 0.424955 0.358485
vt 0.418041 0.366101
vt 0.410995 0.363603
vt 0.536088 0.298032
vt 0.541860 0.287931
vt 0.548308 0.290158
vt 0.543436 0.299455
vt 0.762977 0.288197
vt 0.765595 0.287136
vt 0.764201 0.296134
vt 0.760593 0.294940
vt 0.757460 0.293088
vt 0.761973 0.285810
vt 0.764669 0.283948
vt 0.707548 0.531095
vt 0.705451 0.530258
vt 0.705706 0.528729
vt 0.707921 0.529092
vt 0.369750 0.337223
vt 0.371394 0.338153
vt 0.371358 0.340367
vt 0.369312 0.339588
vt 0.079975 0.087199
vt 0.082078 0.087067
vt 0.081790 0.088932
vt 0.079975 0.089321
vt 0.701375 0.522187
vt 0.704282 0.523057
vt 0.704074 0.526141
vt 0.700963 0.524512
vt 0.694565 0.518090
vt 0.697477 0.515839
vt 0.700973 0.514616
vt 0.893672 0.284884
vt 0.891490 0.286345
vt 0.890686 0.279697
vt 0.894439 0.279945
vt 0.897907 0.281266
vt 0.895391 0.286831
vt 0.893087 0.289239
vt 0.650433 0.326278
vt 0.650544 0.348782
vt 0.624014 0.354462
vt 0.016859 0.762846
vt 0.016859 0.732949
vt 0.019586 0.729137
vt 0.021727 0.755245
vt 0.925917 0.159305
vt 0.948885 0.163109
vt 0.946366 0.181686
vt 0.925159 0.179241
vt 0.584057 0.671298
vt 0.577455 0.664352
vt 0.596537 0.667298
vt 0.595941 0.675629
vt 0.583412 0.528399
vt 0.601103 0.537434
vt 0.601103 0.552822
vt 0.585196 0.551244
vt 0.597207 0.690480
vt 0.589759 0.690608
vt 0.537865 0.820887
vt 0.554109 0.820445
vt 0.551570 0.844330
vt 0.537168 0.844238
vt 0.210979 0.864103
vt 0.212131 0.837287
vt 0.226383 0.837741
vt 0.227229 0.864221
vt 0.594003 0.266797
vt 0.617357 0.264676
vt 0.616644 0.291121
vt 0.595941 0.293564
vt 0.653224 0.260902
vt 0.659590 0.283931
vt 0.639519 0.287815
vt 0.637478 0.262705
vt 0.538273 0.880067
vt 0.537168 0.864348
vt 0.550823 0.861987
vt 0.550823 0.873767
vt 0.482814 0.074836
vt 0.477351 0.068903
vt 0.472382 0.052701
vt 0.482491 0.051548
vt 0.546582 0.883460
vt 0.543944 0.883550
vt 0.474608 0.074139
vt 0.461544 0.053871
vt 0.576004 0.805958
vt 0.588162 0.791751
vt 0.600981 0.795264
vt 0.598500 0.806676
vt 0.566855 0.799126
vt 0.581673 0.787014
vt 0.428712 0.614450
vt 0.449075 0.616629
vt 0.449676 0.626549
vt 0.427288 0.627658
vt 0.579377 0.275204
vt 0.567457 0.268532
vt 0.571121 0.248948
vt 0.579377 0.250822
vt 0.552673 0.815956
vt 0.549364 0.809734
vt 0.966293 0.849613
vt 0.958606 0.849394
vt 0.953361 0.828298
vt 0.962107 0.829388
vt 0.529821 0.815956
vt 0.529821 0.796702
vt 0.538272 0.800271
vt 0.538338 0.812720
vt 0.576617 0.872237
vt 0.567915 0.874932
vt 0.566506 0.867827
vt 0.576947 0.864592
vt 0.319985 0.232441
vt 0.316535 0.259331
vt 0.307554 0.258781
vt 0.309778 0.231435
vt 0.829384 0.393971
vt 0.823594 0.404079
vt 0.815452 0.400265
vt 0.819108 0.385335
vt 0.328791 0.240732
vt 0.325369 0.260665
vt 0.837682 0.106219
vt 0.833219 0.105527
vt 0.831478 0.094493
vt 0.834726 0.094151
vt 0.403972 0.131189
vt 0.405735 0.143697
vt 0.398045 0.141521
vt 0.399709 0.123205
vt 0.871479 0.965628
vt 0.859770 0.960437
vt 0.859943 0.951516
vt 0.868014 0.953370
vt 0.288404 0.390393
vt 0.282263 0.390895
vt 0.283157 0.367603
vt 0.287953 0.367058
vt 0.252579 0.466726
vt 0.257565 0.474000
vt 0.246457 0.473686
vt 0.244818 0.466522
vt 0.276177 0.468257
vt 0.276481 0.474880
vt 0.050695 0.853546
vt 0.046571 0.860206
vt 0.037214 0.857885
vt 0.039204 0.852517
vt 0.819564 0.106219
vt 0.820739 0.094348
vt 0.825769 0.094477
vt 0.825702 0.105819
vt 0.908126 0.109616
vt 0.917331 0.116373
vt 0.910718 0.129029
vt 0.900276 0.117817
vt 0.907249 0.093087
vt 0.922583 0.092746
vt 0.891585 0.097164
vt 0.558990 0.242763
vt 0.551838 0.246235
vt 0.555222 0.228470
vt 0.560064 0.227568
vt 0.487121 0.093156
vt 0.485815 0.072082
vt 0.495678 0.073961
vt 0.498367 0.098831
vt 0.947979 0.002148
vt 0.942040 0.016025
vt 0.930826 0.020680
vt 0.929640 0.012475
vt 0.809837 0.747637
vt 0.813545 0.755118
vt 0.808534 0.765447
vt 0.803368 0.766584
vt 0.772534 0.448697
vt 0.782159 0.450414
vt 0.778265 0.455834
vt 0.774702 0.456259
vt 0.776382 0.422933
vt 0.782159 0.434538
vt 0.813316 0.106428
vt 0.812666 0.108307
vt 0.809454 0.076513
vt 0.812576 0.069587
vt 0.167676 0.519089
vt 0.173158 0.512814
vt 0.172528 0.545905
vt 0.172688 0.547994
vt 0.053110 0.035612
vt 0.052983 0.072422
vt 0.050840 0.051687
vt 0.050840 0.002203
vt 0.639480 0.195346
vt 0.639729 0.205196
vt 0.635666 0.176036
vt 0.639729 0.171821
vt 0.811900 0.125850
vt 0.804846 0.123207
vt 0.807546 0.105290
vt 0.813542 0.114865
vt 0.110521 0.221594
vt 0.113461 0.219408
vt 0.113461 0.230133
vt 0.110713 0.231751
vt 0.592916 0.750910
vt 0.595750 0.744805
vt 0.596275 0.759376
vt 0.592916 0.762846
vt 0.801460 0.072895
vt 0.801384 0.043232
vt 0.807928 0.043717
vt 0.708403 0.284472
vt 0.709736 0.312188
vt 0.705352 0.313829
vt 0.705352 0.289612
vt 0.915621 0.443916
vt 0.922076 0.448044
vt 0.917077 0.456739
vt 0.908511 0.455194
vt 0.806313 0.025168
vt 0.811344 0.028084
vt 0.902317 0.453631
vt 0.910654 0.446275
vt 0.809810 0.804950
vt 0.813228 0.807123
vt 0.805873 0.815762
vt 0.802351 0.807554
vt 0.899721 0.451319
vt 0.892187 0.458918
vt 0.888863 0.453228
vt 0.801471 0.021432
vt 0.787644 0.021727
vt 0.790892 0.002968
vt 0.801471 0.001575
vt 0.902106 0.438458
vt 0.904310 0.441596
vt 0.028750 0.821253
vt 0.028969 0.837682
vt 0.021914 0.837585
vt 0.022309 0.820952
vt 0.982526 0.867399
vt 0.979533 0.876640
vt 0.967739 0.878454
vt 0.966236 0.870034
vt 0.901422 0.462883
vt 0.893929 0.470279
vt 0.886613 0.466110
vt 0.944802 0.931662
vt 0.939039 0.920089
vt 0.959375 0.904802
vt 0.958114 0.929869
vt 0.397391 0.697820
vt 0.403073 0.706850
vt 0.394302 0.714565
vt 0.389986 0.704438
vt 0.418606 0.691594
vt 0.418056 0.702875
vt 0.374550 0.713170
vt 0.382339 0.695522
vt 0.682591 0.303756
vt 0.683192 0.309694
vt 0.676742 0.310971
vt 0.675326 0.305474
vt 0.562334 0.528745
vt 0.569591 0.531279
vt 0.568626 0.537179
vt 0.561415 0.535669
vt 0.243821 0.000767
vt 0.242367 0.007235
vt 0.238369 0.007242
vt 0.237781 0.000767
vt 0.011554 0.852747
vt 0.016018 0.847966
vt 0.026871 0.854446
vt 0.024470 0.861261
vt 0.960800 0.710878
vt 0.958272 0.733291
vt 0.950007 0.729244
vt 0.950876 0.707990
vt 0.004431 0.831670
vt 0.008350 0.832774
vt 0.947789 0.687459
vt 0.956392 0.689250
vt 0.829136 0.965628
vt 0.835181 0.950924
vt 0.842859 0.950413
vt 0.841377 0.959830
vt 0.009656 0.420951
vt 0.007744 0.434004
vt 0.004395 0.431254
vt 0.004618 0.417251
vt 0.819299 0.662364
vt 0.827948 0.658706
vt 0.829349 0.675036
vt 0.820929 0.678107
vt 0.815023 0.781327
vt 0.816126 0.776319
vt 0.821465 0.777527
vt 0.819379 0.783455
vt 0.668563 0.305479
vt 0.669469 0.311534
vt 0.576518 0.533096
vt 0.575608 0.538198
vt 0.016898 0.767674
vt 0.000859 0.767647
vt 0.000859 0.746915
vt 0.009823 0.754402
vt 0.573653 0.465190
vt 0.579377 0.464819
vt 0.578785 0.473043
vt 0.571579 0.471955
vt 0.341104 0.588823
vt 0.342210 0.595902
vt 0.334848 0.596988
vt 0.335928 0.588033
vt 0.555179 0.553051
vt 0.553803 0.548092
vt 0.560480 0.548755
vt 0.560389 0.555199
vt 0.544921 0.494884
vt 0.539637 0.493296
vt 0.540977 0.484963
vt 0.545824 0.486328
vt 0.858190 0.459559
vt 0.858844 0.466989
vt 0.853400 0.467343
vt 0.854040 0.459341
vt 0.577951 0.555236
vt 0.573709 0.554605
vt 0.574186 0.549590
vt 0.579377 0.549599
vt 0.460312 0.684414
vt 0.464321 0.679863
vt 0.468330 0.687056
vt 0.465932 0.687749
vt 0.108004 0.489043
vt 0.114175 0.486164
vt 0.111368 0.494283
vt 0.104799 0.495016
vt 0.453516 0.684536
vt 0.452487 0.678257
vt 0.830534 0.743529
vt 0.829339 0.750185
vt 0.822227 0.748818
vt 0.825592 0.740839
vt 0.838459 0.744354
vt 0.835257 0.751741
vt 0.834326 0.744216
vt 0.838000 0.741383
vt 0.935084 0.769587
vt 0.931867 0.758960
vt 0.937970 0.760060
vt 0.938953 0.769792
vt 0.929488 0.770022
vt 0.925436 0.758474
vt 0.855038 0.903695
vt 0.858400 0.899610
vt 0.863811 0.905076
vt 0.857566 0.914999
vt 0.848590 0.916065
vt 0.850419 0.901148
vt 0.825938 0.727775
vt 0.831637 0.721649
vt 0.835491 0.727403
vt 0.832094 0.731817
vt 0.830490 0.735313
vt 0.828184 0.732502
vt 0.944903 0.761790
vt 0.945971 0.771363
vt 0.815364 0.747077
vt 0.815023 0.743574
vt 0.725925 0.878721
vt 0.715642 0.875696
vt 0.714919 0.867666
vt 0.722390 0.868021
vt 0.481236 0.664820
vt 0.474969 0.670844
vt 0.471566 0.663722
vt 0.473085 0.663487
vt 0.492470 0.665552
vt 0.486206 0.674441
vt 0.453522 0.670641
vt 0.464706 0.668257
vt 0.421790 0.701941
vt 0.425898 0.694201
vt 0.432119 0.692413
vt 0.431617 0.702460
vt 0.794154 0.585284
vt 0.800444 0.589389
vt 0.801454 0.592396
vt 0.792960 0.593953
vt 0.054826 0.545580
vt 0.048215 0.537455
vt 0.053717 0.537569
vt 0.057761 0.540257
vt 0.797786 0.581384
vt 0.803714 0.584243
vt 0.241828 0.015577
vt 0.243905 0.009925
vt 0.246235 0.016899
vt 0.239547 0.016899
vt 0.795185 0.576694
vt 0.802172 0.563412
vt 0.808244 0.565132
vt 0.802217 0.575604
vt 0.057568 0.538647
vt 0.051473 0.525246
vt 0.058320 0.524206
vt 0.646971 0.580104
vt 0.638108 0.583108
vt 0.637033 0.570926
vt 0.644017 0.569165
vt 0.038661 0.482323
vt 0.049904 0.484767
vt 0.049902 0.495036
vt 0.039980 0.495575
vt 0.077727 0.835058
vt 0.088047 0.826599
vt 0.107967 0.839331
vt 0.096403 0.852234
vt 0.892524 0.968068
vt 0.886218 0.970164
vt 0.884676 0.958832
vt 0.893374 0.960576
vt 0.902438 0.964499
vt 0.898447 0.973224
vt 0.893000 0.979743
vt 0.915264 0.152498
vt 0.920069 0.148232
vt 0.925604 0.154989
vt 0.916369 0.159329
vt 0.905216 0.158452
vt 0.908530 0.150091
vt 0.913162 0.142964
vt 0.829811 0.531885
vt 0.849084 0.514091
vt 0.854829 0.520502
vt 0.837333 0.536148
vt 0.826390 0.546299
vt 0.820069 0.540488
vt 0.981926 0.963345
vt 0.982526 0.973003
vt 0.976043 0.971133
vt 0.975657 0.958622
vt 0.977395 0.935022
vt 0.982370 0.937051
vt 0.254727 0.444574
vt 0.255452 0.451258
vt 0.248475 0.450996
vt 0.249426 0.442115
vt 0.086276 0.152086
vt 0.081592 0.150061
vt 0.082576 0.141602
vt 0.089366 0.145874
vt 0.253798 0.437048
vt 0.258305 0.442999
vt 0.343588 0.370695
vt 0.343854 0.365133
vt 0.350040 0.367064
vt 0.347807 0.374181
vt 0.975713 0.984833
vt 0.968378 0.984404
vt 0.967892 0.977211
vt 0.976471 0.979247
vt 0.277618 0.411669
vt 0.273573 0.414139
vt 0.272564 0.405543
vt 0.277618 0.404292
vt 0.600134 0.500507
vt 0.601512 0.488907
vt 0.610240 0.488447
vt 0.609094 0.499388
vt 0.607931 0.507405
vt 0.603229 0.508341
vt 0.530935 0.485154
vt 0.536601 0.486330
vt 0.537131 0.492446
vt 0.523584 0.485465
vt 0.520012 0.480988
vt 0.531480 0.481964
vt 0.126603 0.489302
vt 0.127168 0.500496
vt 0.121784 0.501748
vt 0.121121 0.491204
vt 0.530206 0.476721
vt 0.535259 0.475965
vt 0.536429 0.479454
vt 0.289339 0.003437
vt 0.294517 0.001781
vt 0.294517 0.012070
vt 0.286254 0.009013
vt 0.465851 0.477638
vt 0.476896 0.480197
vt 0.477992 0.487402
vt 0.468616 0.487731
vt 0.867628 0.044579
vt 0.859427 0.050253
vt 0.853959 0.042712
vt 0.858317 0.038606
vt 0.875580 0.056726
vt 0.867014 0.061856
vt 0.463271 0.469513
vt 0.443894 0.471739
vt 0.442138 0.466310
vt 0.867222 0.078078
vt 0.872986 0.072811
vt 0.877255 0.084801
vt 0.870743 0.090009
vt 0.861947 0.064876
vt 0.863964 0.095217
vt 0.860331 0.086776
vt 0.252592 0.461087
vt 0.258305 0.459173
vt 0.629718 0.557977
vt 0.635720 0.559673
vt 0.629845 0.571986
vt 0.178851 0.479788
vt 0.179041 0.476470
vt 0.185841 0.475532
vt 0.183925 0.480651
vt 0.180971 0.485487
vt 0.177159 0.484478
vt 0.849634 0.497724
vt 0.845182 0.499712
vt 0.843648 0.496916
vt 0.847716 0.493674
vt 0.854276 0.491197
vt 0.855472 0.494269
vt 0.857270 0.495224
vt 0.852903 0.497143
vt 0.180790 0.471875
vt 0.186680 0.469637
vt 0.393768 0.188539
vt 0.392759 0.190497
vt 0.382577 0.175423
vt 0.388833 0.176428
vt 0.398107 0.187340
vt 0.399258 0.189292
vt 0.396198 0.192309
vt 0.244663 0.088975
vt 0.239834 0.089321
vt 0.240459 0.081612
vt 0.246235 0.080323
vt 0.080138 0.821753
vt 0.071781 0.823198
vt 0.073720 0.816211
vt 0.080200 0.816311
vt 0.335180 0.689296
vt 0.343200 0.685633
vt 0.346381 0.687401
vt 0.341701 0.690424
vt 0.279260 0.434533
vt 0.278995 0.425281
vt 0.284860 0.425281
vt 0.284723 0.433672
vt 0.763266 0.493285
vt 0.768157 0.495583
vt 0.769521 0.503390
vt 0.764319 0.503076
vt 0.861457 0.704908
vt 0.855877 0.703170
vt 0.858562 0.697812
vt 0.865087 0.701527
vt 0.032287 0.844582
vt 0.031765 0.838762
vt 0.037268 0.837134
vt 0.039239 0.844925
vt 0.846100 0.676566
vt 0.852963 0.676543
vt 0.853733 0.683254
vt 0.846509 0.684277
vt 0.739841 0.815747
vt 0.747550 0.815372
vt 0.749212 0.822498
vt 0.742345 0.822100
vt 0.867215 0.694137
vt 0.870265 0.697067
vt 0.846100 0.700004
vt 0.848133 0.696804
vt 0.846526 0.691261
vt 0.855371 0.690153
vt 0.863345 0.688207
vt 0.763225 0.814173
vt 0.765260 0.821126
vt 0.761078 0.822235
vt 0.759967 0.813235
vt 0.056786 0.807642
vt 0.066348 0.810818
vt 0.064293 0.819176
vt 0.057371 0.816752
vt 0.253477 0.615106
vt 0.250230 0.627658
vt 0.245291 0.616975
vt 0.245291 0.606106
vt 0.656853 0.610164
vt 0.646014 0.616111
vt 0.628910 0.607587
vt 0.629988 0.603165
vt 0.631102 0.597052
vt 0.657834 0.601573
vt 0.812290 0.543166
vt 0.807180 0.531056
vt 0.815956 0.524821
vt 0.815956 0.541796
vt 0.716271 0.881516
vt 0.712224 0.889846
vt 0.705796 0.885310
vt 0.712046 0.877281
vt 0.340384 0.757010
vt 0.331150 0.762846
vt 0.331074 0.750581
vt 0.340384 0.742136
vt 0.479244 0.915865
vt 0.452104 0.911881
vt 0.462399 0.902795
vt 0.488588 0.901874
vt 0.465307 0.922599
vt 0.450622 0.922230
vt 0.853749 0.441775
vt 0.851678 0.436546
vt 0.858405 0.434090
vt 0.859940 0.440653
vt 0.321071 0.629714
vt 0.320742 0.635743
vt 0.314289 0.634067
vt 0.316777 0.628405
vt 0.837903 0.615414
vt 0.843715 0.615342
vt 0.842842 0.621496
vt 0.837675 0.620510
vt 0.876747 0.397045
vt 0.881781 0.404803
vt 0.869631 0.412302
vt 0.866687 0.400786
vt 0.880837 0.383329
vt 0.893849 0.388692
vt 0.866838 0.380464
vt 0.293477 0.653533
vt 0.299913 0.651816
vt 0.305420 0.657196
vt 0.300655 0.661939
vt 0.920571 0.366513
vt 0.926194 0.376390
vt 0.918518 0.384689
vt 0.912358 0.378452
vt 0.903549 0.371962
vt 0.911840 0.357495
vt 0.917290 0.347477
vt 0.925353 0.355069
vt 0.292695 0.642275
vt 0.299717 0.644171
vt 0.936659 0.333398
vt 0.934916 0.339305
vt 0.924957 0.334179
vt 0.926820 0.329504
vt 0.513529 0.404425
vt 0.513800 0.393354
vt 0.520863 0.392657
vt 0.516485 0.405472
vt 0.448700 0.431283
vt 0.454388 0.417755
vt 0.458673 0.419503
vt 0.458673 0.444189
vt 0.225815 0.560064
vt 0.224117 0.549222
vt 0.244558 0.549943
vt 0.243821 0.559620
vt 0.022822 0.021727
vt 0.022822 0.004767
vt 0.031568 0.000641
vt 0.033797 0.014527
vt 0.123118 0.436947
vt 0.117661 0.436549
vt 0.117842 0.429587
vt 0.123118 0.428245
vt 0.163935 0.079664
vt 0.155546 0.077867
vt 0.153673 0.067663
vt 0.161406 0.067191
vt 0.936659 0.384760
vt 0.928667 0.394355
vt 0.924429 0.390703
vt 0.931493 0.382306
vt 0.310891 0.627010
vt 0.311069 0.632165
vt 0.849753 0.613876
vt 0.849753 0.621099
vt 0.791815 0.982610
vt 0.786660 0.985011
vt 0.783247 0.978474
vt 0.789806 0.975330
vt 0.609595 0.820377
vt 0.613750 0.825030
vt 0.606427 0.828026
vt 0.603930 0.821640
vt 0.603930 0.813601
vt 0.609517 0.814059
vt 0.012070 0.408674
vt 0.009665 0.412806
vt 0.007601 0.395436
vt 0.012070 0.385996
vt 0.212377 0.593272
vt 0.216727 0.600945
vt 0.197671 0.603930
vt 0.194619 0.600585
vt 0.178147 0.594455
vt 0.186915 0.592390
vt 0.725077 0.923848
vt 0.730937 0.917108
vt 0.741239 0.934624
vt 0.730162 0.937313
vt 0.715761 0.930703
vt 0.716001 0.910628
vt 0.095198 0.765803
vt 0.090736 0.761829
vt 0.114973 0.760245
vt 0.116930 0.767674
vt 0.245645 0.190712
vt 0.244446 0.168888
vt 0.249957 0.167644
vt 0.250348 0.184152
vt 0.125227 0.455147
vt 0.125532 0.463501
vt 0.119577 0.463501
vt 0.122005 0.455222
vt 0.256033 0.902897
vt 0.258045 0.896884
vt 0.265353 0.897177
vt 0.265165 0.903874
vt 0.323485 0.153644
vt 0.320070 0.155342
vt 0.319474 0.148669
vt 0.323360 0.147544
vt 0.439464 0.922449
vt 0.422936 0.925683
vt 0.422854 0.918677
vt 0.441585 0.918621
vt 0.721140 0.282999
vt 0.723343 0.293574
vt 0.712753 0.296869
vt 0.712100 0.285274
vt 0.733877 0.282999
vt 0.733600 0.289759
vt 0.361267 0.667374
vt 0.371892 0.668337
vt 0.373567 0.679636
vt 0.365881 0.680004
vt 0.365099 0.659864
vt 0.370707 0.659828
vt 0.295565 0.350195
vt 0.296931 0.357640
vt 0.287119 0.362110
vt 0.287119 0.345198
vt 0.654093 0.614050
vt 0.652465 0.620945
vt 0.646575 0.623382
vt 0.640156 0.630647
vt 0.639545 0.622922
vt 0.923189 0.760868
vt 0.920906 0.787194
vt 0.912721 0.781997
vt 0.918562 0.754643
vt 0.632815 0.625113
vt 0.639728 0.645292
vt 0.636224 0.646960
vt 0.635751 0.628206
vt 0.540752 0.741119
vt 0.535637 0.735291
vt 0.538092 0.722022
vt 0.540752 0.720736
vt 0.286453 0.395385
vt 0.292809 0.394389
vt 0.288097 0.403627
vt 0.281598 0.400153
vt 0.630457 0.654213
vt 0.630457 0.637364
vt 0.304173 0.397659
vt 0.298834 0.406254
vt 0.295052 0.405468
vt 0.299284 0.396642
vt 0.280581 0.748468
vt 0.282818 0.739577
vt 0.292102 0.739291
vt 0.290708 0.750776
vt 0.921659 0.737512
vt 0.923382 0.740133
vt 0.911008 0.752197
vt 0.456370 0.379009
vt 0.455821 0.373978
vt 0.468330 0.366359
vt 0.465824 0.379009
vt 0.806336 0.190711
vt 0.811200 0.172712
vt 0.815956 0.171710
vt 0.815956 0.189556
vt 0.263818 0.553849
vt 0.264592 0.560064
vt 0.358327 0.684881
vt 0.361339 0.679481
vt 0.365663 0.690424
vt 0.622977 0.982031
vt 0.624752 0.971316
vt 0.635782 0.971650
vt 0.630949 0.984941
vt 0.608947 0.977065
vt 0.609957 0.968669
vt 0.782159 0.492298
vt 0.781068 0.496722
vt 0.774962 0.496178
vt 0.774957 0.492399
vt 0.873893 0.690665
vt 0.870201 0.685765
vt 0.062766 0.177368
vt 0.062766 0.183469
vt 0.058137 0.182334
vt 0.058344 0.177386
vt 0.197954 0.379387
vt 0.197748 0.383076
vt 0.192777 0.384038
vt 0.192777 0.379444
vt 0.338085 0.650371
vt 0.342800 0.653824
vt 0.340140 0.655975
vt 0.335180 0.652399
vt 0.177802 0.523063
vt 0.183746 0.523604
vt 0.184704 0.529443
vt 0.178516 0.528673
vt 0.737392 0.845863
vt 0.748015 0.853598
vt 0.746271 0.854456
vt 0.739253 0.852118
vt 0.031831 0.810816
vt 0.027754 0.806939
vt 0.033953 0.800347
vt 0.038758 0.803558
vt 0.047490 0.804405
vt 0.044827 0.810206
vt 0.043696 0.818896
vt 0.030712 0.820684
vt 0.836952 0.734549
vt 0.833083 0.738705
vt 0.265245 0.316243
vt 0.265906 0.312597
vt 0.264836 0.308069
vt 0.267962 0.308069
vt 0.840526 0.733840
vt 0.839203 0.723011
vt 0.843635 0.727875
vt 0.911571 0.909227
vt 0.905993 0.888747
vt 0.915009 0.891293
vt 0.914662 0.907354
vt 0.629739 0.190044
vt 0.632486 0.189566
vt 0.627200 0.193473
vt 0.624941 0.186987
vt 0.624333 0.171818
vt 0.632486 0.168304
vt 0.195182 0.343501
vt 0.196853 0.349522
vt 0.192196 0.349932
vt 0.192349 0.343184
vt 0.133696 0.183469
vt 0.131666 0.181362
vt 0.130945 0.178493
vt 0.135188 0.179797
vt 0.656667 0.333587
vt 0.660698 0.332873
vt 0.659006 0.340506
vt 0.654751 0.339653
vt 0.684025 0.974428
vt 0.677093 0.975465
vt 0.676680 0.970361
vt 0.685596 0.971405
vt 0.622125 0.195540
vt 0.620422 0.187375
vt 0.685319 0.968562
vt 0.677246 0.965726
vt 0.130019 0.175764
vt 0.135188 0.176519
vt 0.842308 0.720209
vt 0.836307 0.717217
vt 0.842025 0.715690
vt 0.846207 0.722971
vt 0.848141 0.717106
vt 0.866199 0.675154
vt 0.867688 0.680315
vt 0.861073 0.681923
vt 0.860011 0.676066
vt 0.052502 0.843729
vt 0.046309 0.844497
vt 0.044971 0.837359
vt 0.053110 0.839657
vt 0.171719 0.080019
vt 0.175752 0.079499
vt 0.176227 0.085704
vt 0.171303 0.085285
vt 0.845279 0.731804
vt 0.849644 0.726738
vt 0.335327 0.549983
vt 0.333201 0.542677
vt 0.348180 0.543914
vt 0.346452 0.549428
vt 0.773841 0.340889
vt 0.777330 0.343794
vt 0.776645 0.364308
vt 0.773841 0.364525
vt 0.718244 0.492470
vt 0.718339 0.481282
vt 0.723750 0.482029
vt 0.721754 0.491146
vt 0.278695 0.752629
vt 0.273252 0.748804
vt 0.272752 0.740133
vt 0.278652 0.740413
vt 0.244446 0.006193
vt 0.248749 0.005723
vt 0.250152 0.011056
vt 0.246776 0.011709
vt 0.921913 0.308986
vt 0.914752 0.309000
vt 0.914253 0.298586
vt 0.922175 0.298902
vt 0.629311 0.159522
vt 0.623324 0.161153
vt 0.002988 0.123700
vt 0.003228 0.113838
vt 0.009656 0.114714
vt 0.009172 0.125532
vt 0.899718 0.881823
vt 0.900147 0.876049
vt 0.906507 0.876441
vt 0.915225 0.877349
vt 0.651983 0.957695
vt 0.664755 0.961405
vt 0.664427 0.969841
vt 0.650878 0.969713
vt 0.638524 0.960914
vt 0.642420 0.947415
vt 0.654121 0.947472
vt 0.906165 0.309001
vt 0.906165 0.298807
vt 0.380134 0.452749
vt 0.388665 0.453419
vt 0.388665 0.463763
vt 0.380560 0.465310
vt 0.898648 0.777752
vt 0.883216 0.788604
vt 0.874079 0.777094
vt 0.889026 0.762522
vt 0.906060 0.746773
vt 0.187262 0.274192
vt 0.183440 0.275204
vt 0.182622 0.267974
vt 0.188297 0.267974
vt 0.758895 0.924537
vt 0.756725 0.918954
vt 0.763930 0.918222
vt 0.764720 0.924589
vt 0.918794 0.163835
vt 0.920357 0.169446
vt 0.915088 0.170290
vt 0.914902 0.163173
vt 0.790238 0.880175
vt 0.781372 0.878367
vt 0.793084 0.862535
vt 0.800718 0.871616
vt 0.806919 0.882366
vt 0.789629 0.889749
vt 0.778338 0.891453
vt 0.644460 0.842673
vt 0.642579 0.834579
vt 0.655110 0.831849
vt 0.653375 0.842102
vt 0.632125 0.853846
vt 0.624406 0.847507
vt 0.642160 0.860021
vt 0.910641 0.164103
vt 0.910003 0.169897
vt 0.183538 0.232734
vt 0.182826 0.226947
vt 0.188297 0.226947
vt 0.187419 0.234165
vt 0.685596 0.812777
vt 0.685569 0.818461
vt 0.679363 0.817324
vt 0.680063 0.811139
vt 0.030101 0.932159
vt 0.030763 0.939568
vt 0.027197 0.943901
vt 0.016646 0.941074
vt 0.039762 0.917710
vt 0.055876 0.922017
vt 0.053352 0.931648
vt 0.051601 0.940815
vt 0.017030 0.929441
vt 0.032756 0.914122
vt 0.114922 0.188813
vt 0.125052 0.188481
vt 0.124712 0.194531
vt 0.117594 0.190446
vt 0.119189 0.178619
vt 0.125941 0.178703
vt 0.116820 0.210170
vt 0.110699 0.208469
vt 0.108310 0.187622
vt 0.123077 0.210836
vt 0.923365 0.467559
vt 0.911319 0.466826
vt 0.926795 0.458419
vt 0.933602 0.462549
vt 0.926615 0.468488
vt 0.916035 0.472484
vt 0.918293 0.477840
vt 0.913855 0.482434
vt 0.909059 0.480400
vt 0.901381 0.474859
vt 0.923483 0.471573
vt 0.920968 0.474945
vt 0.408053 0.025258
vt 0.411879 0.011049
vt 0.415874 0.015462
vt 0.414117 0.036596
vt 0.899286 0.501774
vt 0.905227 0.528390
vt 0.891519 0.530690
vt 0.882558 0.512374
vt 0.874719 0.502723
vt 0.890177 0.488439
vt 0.912824 0.497558
vt 0.913961 0.528477
vt 0.371767 0.513066
vt 0.371303 0.517910
vt 0.362230 0.515595
vt 0.363755 0.506793
vt 0.798092 0.272343
vt 0.787284 0.274766
vt 0.787325 0.269203
vt 0.796630 0.267853
vt 0.627658 0.593861
vt 0.618297 0.587660
vt 0.626863 0.583051
vt 0.780672 0.228449
vt 0.772395 0.229243
vt 0.772471 0.209960
vt 0.781332 0.209786
vt 0.347626 0.518298
vt 0.335175 0.525833
vt 0.330680 0.512919
vt 0.344200 0.508468
vt 0.786551 0.209510
vt 0.786123 0.223740
vt 0.029175 0.026555
vt 0.029175 0.021225
vt 0.033581 0.022923
vt 0.033797 0.025610
vt 0.936659 0.428445
vt 0.935695 0.444877
vt 0.929428 0.445371
vt 0.926389 0.435263
vt 0.627658 0.652351
vt 0.619987 0.654213
vt 0.619987 0.636594
vt 0.626339 0.635897
vt 0.780652 0.021628
vt 0.792531 0.025748
vt 0.791305 0.039801
vt 0.779940 0.038027
vt 0.306270 0.516659
vt 0.309773 0.508180
vt 0.318621 0.507229
vt 0.318657 0.515483
vt 0.609668 0.581417
vt 0.294517 0.363565
vt 0.292287 0.369442
vt 0.294517 0.371767
vt 0.291372 0.369039
vt 0.340656 0.532630
vt 0.336533 0.531744
vt 0.072422 0.237198
vt 0.072422 0.243821
vt 0.071595 0.242107
vt 0.069691 0.238842
vt 0.002661 0.402172
vt 0.004828 0.400090
vt 0.004828 0.407218
vt 0.002744 0.410392
vt 0.794070 0.222276
vt 0.793222 0.209169
vt 0.798633 0.208966
vt 0.800326 0.219971
vt 0.002414 0.225759
vt 0.002414 0.236579
vt 0.001010 0.236261
vt 0.001011 0.225348
vt 0.788239 0.240391
vt 0.796133 0.244790
vt 0.794335 0.254575
vt 0.786122 0.253539
vt 0.114800 0.834190
vt 0.098743 0.818353
vt 0.135901 0.838889
vt 0.130592 0.850008
vt 0.112471 0.807924
vt 0.119792 0.819132
vt 0.328313 0.211202
vt 0.328313 0.226923
vt 0.322397 0.222226
vt 0.322710 0.212320
vt 0.608346 0.556912
vt 0.607401 0.563009
vt 0.589454 0.561856
vt 0.589766 0.557071
vt 0.608606 0.669091
vt 0.613775 0.667812
vt 0.616044 0.678559
vt 0.610251 0.680412
vt 0.606421 0.574549
vt 0.586883 0.573641
vt 0.588381 0.568426
vt 0.606611 0.569658
vt 0.824694 0.572517
vt 0.832210 0.567620
vt 0.844618 0.583195
vt 0.837529 0.587322
vt 0.816526 0.568101
vt 0.824457 0.560640
vt 0.815067 0.578534
vt 0.809142 0.576668
vt 0.015602 0.208051
vt 0.016898 0.213585
vt 0.012168 0.214852
vt 0.012168 0.206820
vt 0.124721 0.243821
vt 0.122187 0.242256
vt 0.122187 0.233281
vt 0.127191 0.233123
vt 0.337212 0.400829
vt 0.337514 0.394804
vt 0.337970 0.396778
vt 0.337970 0.403150
vt 0.146082 0.801407
vt 0.145177 0.804061
vt 0.139930 0.808690
vt 0.136946 0.805168
vt 0.130320 0.239985
vt 0.130360 0.234360
vt 0.902834 0.642071
vt 0.896749 0.649300
vt 0.891119 0.626863
vt 0.902785 0.624394
vt 0.913486 0.623243
vt 0.910623 0.646903
vt 0.903857 0.658724
vt 0.189842 0.907356
vt 0.194809 0.914401
vt 0.172493 0.916433
vt 0.173798 0.906018
vt 0.176835 0.893490
vt 0.197433 0.900915
vt 0.206868 0.907429
vt 0.902041 0.699292
vt 0.899411 0.701287
vt 0.892050 0.697277
vt 0.896605 0.694455
vt 0.585590 0.498975
vt 0.586041 0.494204
vt 0.590399 0.495286
vt 0.587521 0.502127
vt 0.901184 0.691456
vt 0.905687 0.696246
vt 0.842884 0.111047
vt 0.840250 0.108935
vt 0.840704 0.101500
vt 0.844884 0.101475
vt 0.464363 0.566548
vt 0.469938 0.562667
vt 0.470356 0.569004
vt 0.462363 0.567757
vt 0.646971 0.555966
vt 0.062766 0.482323
vt 0.059803 0.495263
vt 0.081592 0.131008
vt 0.091735 0.137737
vt 0.476114 0.560687
vt 0.476892 0.567572
vt 0.849621 0.110790
vt 0.852061 0.101695
vt 0.856995 0.102804
vt 0.855435 0.110489
vt 0.237607 0.896626
vt 0.231909 0.902684
vt 0.226389 0.898637
vt 0.231546 0.892268
vt 0.235186 0.887399
vt 0.242138 0.891946
vt 0.242614 0.901026
vt 0.236821 0.906947
vt 0.230076 0.913822
vt 0.225196 0.909456
vt 0.851497 0.093961
vt 0.845840 0.093961
vt 0.240400 0.910790
vt 0.234087 0.917678
vt 0.222965 0.926940
vt 0.219758 0.922844
vt 0.597867 0.479783
vt 0.596807 0.489161
vt 0.591474 0.488314
vt 0.591916 0.479518
vt 0.592059 0.465153
vt 0.598058 0.465382
vt 0.591735 0.440161
vt 0.598689 0.441529
vt 0.585980 0.479030
vt 0.585857 0.465215
vt 0.585590 0.441706
vt 0.413931 0.193124
vt 0.416310 0.162535
vt 0.421576 0.162842
vt 0.420581 0.194333
vt 0.936659 0.653093
vt 0.924277 0.673910
vt 0.920225 0.670673
vt 0.930463 0.651338
vt 0.407962 0.191571
vt 0.410615 0.162638
vt 0.410225 0.132380
vt 0.416354 0.132353
vt 0.933124 0.622459
vt 0.923823 0.649802
vt 0.926929 0.622604
vt 0.926172 0.592197
vt 0.932475 0.592143
vt 0.924417 0.560926
vt 0.931006 0.561036
vt 0.920413 0.622827
vt 0.919805 0.592298
vt 0.917886 0.560743
vt 0.922075 0.528677
vt 0.912900 0.592576
vt 0.910554 0.560719
vt 0.901481 0.593748
vt 0.898394 0.561776
vt 0.885216 0.597330
vt 0.878554 0.566658
vt 0.869085 0.540726
vt 0.861457 0.528140
vt 0.861656 0.573765
vt 0.850650 0.552936
vt 0.843841 0.542932
vt 0.839849 0.561421
vt 0.832772 0.552866
vt 0.817044 0.554917
vt 0.810489 0.549962
vt 0.058869 0.508728
vt 0.050400 0.508685
vt 0.040884 0.508961
vt 0.042710 0.526010
vt 0.851690 0.579118
vt 0.872324 0.601799
vt 0.864056 0.605417
vt 0.857159 0.608694
vt 0.875495 0.632493
vt 0.869105 0.635445
vt 0.863082 0.638271
vt 0.850573 0.611963
vt 0.253813 0.155792
vt 0.254014 0.129946
vt 0.260025 0.130757
vt 0.260720 0.155859
vt 0.260720 0.181055
vt 0.254620 0.180195
vt 0.561392 0.568273
vt 0.533702 0.568040
vt 0.533530 0.560483
vt 0.561453 0.560747
vt 0.002159 0.386251
vt 0.002641 0.360326
vt 0.009514 0.360254
vt 0.007994 0.385772
vt 0.559681 0.556912
vt 0.161012 0.855946
vt 0.185918 0.870098
vt 0.182762 0.877180
vt 0.157264 0.864341
vt 0.179825 0.884459
vt 0.153446 0.873290
vt 0.126371 0.862657
vt 0.148876 0.885943
vt 0.121353 0.878253
vt 0.090642 0.868875
vt 0.144725 0.902773
vt 0.115686 0.899358
vt 0.088225 0.893305
vt 0.067435 0.884422
vt 0.068616 0.866877
vt 0.113659 0.913289
vt 0.085235 0.911203
vt 0.060781 0.907458
vt 0.048759 0.902407
vt 0.058916 0.876963
vt 0.083776 0.922692
vt 0.112809 0.922933
vt 0.112349 0.930627
vt 0.082746 0.931460
vt 0.111931 0.938628
vt 0.081827 0.940749
vt 0.116099 0.123583
vt 0.116160 0.093363
vt 0.121081 0.094148
vt 0.121782 0.124328
vt 0.121296 0.154217
vt 0.114646 0.153767
vt 0.112742 0.174477
vt 0.127656 0.124903
vt 0.126855 0.154953
vt 0.420136 0.041429
vt 0.419220 0.071425
vt 0.413567 0.070195
vt 0.421804 0.017771
vt 0.421023 0.101987
vt 0.415026 0.101585
vt 0.409225 0.101360
vt 0.407962 0.066281
vt 0.929423 0.525864
vt 0.922552 0.494423
vt 0.929021 0.484776
vt 0.422462 0.132671
vt 0.127173 0.063831
vt 0.127078 0.094447
vt 0.121391 0.063693
vt 0.122506 0.033561
vt 0.127705 0.033616
vt 0.172169 0.942364
vt 0.142064 0.943901
vt 0.142154 0.937434
vt 0.172071 0.936810
vt 0.200376 0.933649
vt 0.202400 0.940194
vt 0.121518 0.003141
vt 0.129153 0.002047
vt 0.172072 0.930185
vt 0.198528 0.927146
vt 0.215768 0.917699
vt 0.196830 0.920901
vt 0.211875 0.912772
vt 0.220364 0.905095
vt 0.213656 0.900248
vt 0.218096 0.893990
vt 0.204804 0.887745
vt 0.207872 0.881137
vt 0.222217 0.887847
vt 0.201558 0.894151
vt 0.009264 0.323787
vt 0.009656 0.338103
vt 0.002832 0.337816
vt 0.002672 0.322631
vt 0.002159 0.313152
vt 0.008875 0.314568
vt 0.494040 0.559447
vt 0.510050 0.559594
vt 0.510095 0.566681
vt 0.493846 0.566093
vt 0.484022 0.566316
vt 0.484213 0.559538
vt 0.441775 0.700424
vt 0.441715 0.709408
vt 0.435454 0.708872
vt 0.435347 0.700594
vt 0.434747 0.694537
vt 0.440554 0.693919
vt 0.892131 0.689699
vt 0.887699 0.683736
vt 0.892584 0.680560
vt 0.896975 0.686612
vt 0.887820 0.692325
vt 0.897480 0.676785
vt 0.901786 0.682526
vt 0.906111 0.687044
vt 0.911789 0.680685
vt 0.915397 0.684537
vt 0.909604 0.690750
vt 0.907321 0.676216
vt 0.914827 0.666730
vt 0.902878 0.671529
vt 0.909651 0.663050
vt 0.917313 0.648332
vt 0.897737 0.664890
vt 0.891018 0.652559
vt 0.892471 0.668551
vt 0.885771 0.655200
vt 0.882195 0.629716
vt 0.887444 0.671913
vt 0.879902 0.658030
vt 0.882277 0.675351
vt 0.873981 0.660850
vt 0.434747 0.722927
vt 0.440583 0.724221
vt 0.508924 0.572077
vt 0.532632 0.573517
vt 0.586153 0.487526
vt 0.172131 0.923478
vt 0.142497 0.923260
vt 0.143073 0.914777
vt 0.142310 0.930237
vt 0.111634 0.943621
vt 0.043634 0.898067
vt 0.029905 0.907706
vt 0.037311 0.899119
vt 0.328313 0.767674
vt 0.322962 0.763705
vt 0.322028 0.744909
vt 0.328313 0.744412
vt 0.309802 0.711519
vt 0.288726 0.714565
vt 0.287236 0.707428
vt 0.309425 0.704226
vt 0.357282 0.533509
vt 0.350933 0.532723
vt 0.354199 0.510138
vt 0.357282 0.508854
vt 0.332667 0.703338
vt 0.308828 0.695199
vt 0.332514 0.693237
vt 0.360904 0.691496
vt 0.359035 0.703282
vt 0.034591 0.455443
vt 0.035772 0.422998
vt 0.048676 0.423025
vt 0.049160 0.453369
vt 0.049165 0.477975
vt 0.030601 0.478236
vt 0.064971 0.451748
vt 0.066454 0.475993
vt 0.381968 0.675439
vt 0.383170 0.660717
vt 0.404168 0.661598
vt 0.398730 0.678680
vt 0.417733 0.679065
vt 0.440350 0.677725
vt 0.442731 0.685686
vt 0.696401 0.831017
vt 0.707728 0.830339
vt 0.704027 0.854828
vt 0.696911 0.855071
vt 0.439963 0.670070
vt 0.708791 0.830101
vt 0.709434 0.854692
vt 0.439932 0.664526
vt 0.453881 0.665387
vt 0.464355 0.665222
vt 0.709139 0.868656
vt 0.714681 0.854921
vt 0.433634 0.388080
vt 0.439361 0.386999
vt 0.439361 0.395820
vt 0.433092 0.395907
vt 0.112895 0.185883
vt 0.112895 0.178848
vt 0.115875 0.181024
vt 0.113362 0.184660
vt 0.677474 0.335039
vt 0.677820 0.326822
vt 0.685596 0.326745
vt 0.685588 0.336793
vt 0.677322 0.343254
vt 0.668563 0.341075
vt 0.669750 0.334210
vt 0.670264 0.326713
vt 0.670338 0.318818
vt 0.677721 0.318459
vt 0.818127 0.762160
vt 0.819925 0.755181
vt 0.827020 0.756871
vt 0.824686 0.763424
vt 0.822850 0.770485
vt 0.816619 0.769491
vt 0.830776 0.765535
vt 0.828718 0.772474
vt 0.826795 0.779730
vt 0.824371 0.785306
vt 0.834290 0.774518
vt 0.831821 0.782150
vt 0.829499 0.786987
vt 0.575044 0.543801
vt 0.567298 0.549330
vt 0.567831 0.543245
vt 0.560653 0.542229
vt 0.553220 0.540828
vt 0.555988 0.533482
vt 0.328673 0.587184
vt 0.327009 0.597110
vt 0.612189 0.469219
vt 0.611600 0.478807
vt 0.603330 0.478710
vt 0.604312 0.469943
vt 0.471627 0.691283
vt 0.473383 0.681606
vt 0.482505 0.683138
vt 0.480040 0.691405
vt 0.478695 0.698990
vt 0.471566 0.700080
vt 0.685078 0.317394
vt 0.334901 0.605729
vt 0.326452 0.605899
vt 0.342798 0.604150
vt 0.342798 0.612821
vt 0.335874 0.614805
vt 0.618002 0.488328
vt 0.617986 0.498317
vt 0.342427 0.625244
vt 0.335904 0.624366
vt 0.618002 0.508187
vt 0.614228 0.514197
vt 0.610888 0.513707
vt 0.562875 0.502455
vt 0.567164 0.489939
vt 0.575865 0.490262
vt 0.575155 0.499237
vt 0.579377 0.505142
vt 0.564696 0.506955
vt 0.839305 0.491054
vt 0.838898 0.482810
vt 0.846198 0.482382
vt 0.846639 0.489089
vt 0.853087 0.481756
vt 0.853462 0.487240
vt 0.554834 0.465843
vt 0.553865 0.471909
vt 0.548348 0.470719
vt 0.549336 0.464823
vt 0.550537 0.460149
vt 0.555236 0.461455
vt 0.543825 0.462787
vt 0.545891 0.456618
vt 0.548851 0.453451
vt 0.551693 0.457451
vt 0.859373 0.490626
vt 0.859409 0.493570
vt 0.241455 0.031383
vt 0.239387 0.026813
vt 0.243821 0.026813
vt 0.243736 0.030623
vt 0.075068 0.002988
vt 0.077250 0.002039
vt 0.077250 0.006434
vt 0.074806 0.007242
vt 0.015243 0.917346
vt 0.010771 0.916550
vt 0.009730 0.909064
vt 0.015909 0.911187
vt 0.180539 0.467638
vt 0.186199 0.464361
vt 0.009593 0.898203
vt 0.017373 0.900539
vt 0.024056 0.903366
vt 0.020997 0.914016
vt 0.020670 0.879577
vt 0.029336 0.883095
vt 0.197293 0.466488
vt 0.216997 0.460970
vt 0.218096 0.468691
vt 0.196907 0.472976
vt 0.217655 0.476657
vt 0.195637 0.479565
vt 0.217076 0.483738
vt 0.194521 0.485777
vt 0.305385 0.450584
vt 0.301723 0.428337
vt 0.308816 0.429267
vt 0.310234 0.451610
vt 0.192934 0.490056
vt 0.179806 0.487366
vt 0.309582 0.464141
vt 0.315368 0.454105
vt 0.313555 0.467123
vt 0.327649 0.451710
vt 0.320454 0.461904
vt 0.324454 0.429650
vt 0.332440 0.428655
vt 0.525471 0.498105
vt 0.501706 0.499746
vt 0.500514 0.494034
vt 0.481904 0.502221
vt 0.479300 0.495148
vt 0.497308 0.486717
vt 0.496069 0.479939
vt 0.127946 0.524536
vt 0.127946 0.544627
vt 0.123920 0.550408
vt 0.121868 0.526301
vt 0.114060 0.529043
vt 0.115472 0.504217
vt 0.116874 0.492696
vt 0.106983 0.537457
vt 0.108457 0.507389
vt 0.096882 0.531201
vt 0.101238 0.505528
vt 0.444440 0.693457
vt 0.457339 0.689765
vt 0.116438 0.486363
vt 0.119489 0.486481
vt 0.470067 0.503496
vt 0.469240 0.495574
vt 0.458990 0.506665
vt 0.458723 0.496089
vt 0.461021 0.485761
vt 0.442654 0.507984
vt 0.442343 0.496083
vt 0.442637 0.485368
vt 0.418727 0.497563
vt 0.417548 0.487540
vt 0.417788 0.479129
vt 0.443138 0.477656
vt 0.461952 0.479916
vt 0.493433 0.021996
vt 0.494365 0.049155
vt 0.485837 0.049316
vt 0.486380 0.022627
vt 0.487207 0.001485
vt 0.492221 0.003718
vt 0.909536 0.023165
vt 0.912761 0.028730
vt 0.419371 0.472214
vt 0.418151 0.465378
vt 0.933336 0.030583
vt 0.917160 0.037002
vt 0.894039 0.047500
vt 0.889096 0.038714
vt 0.921466 0.047753
vt 0.899091 0.056515
vt 0.881346 0.066351
vt 0.903970 0.070795
vt 0.886330 0.079064
vt 0.882641 0.101093
vt 0.892926 0.122956
vt 0.886316 0.126705
vt 0.875713 0.104738
vt 0.879251 0.130785
vt 0.868972 0.108886
vt 0.873712 0.133797
vt 0.862925 0.112131
vt 0.857590 0.099773
vt 0.265829 0.406939
vt 0.266014 0.393544
vt 0.272895 0.393269
vt 0.267001 0.415220
vt 0.853959 0.092183
vt 0.956956 0.989055
vt 0.932660 0.989769
vt 0.932563 0.982223
vt 0.956235 0.983317
vt 0.333135 0.443260
vt 0.340384 0.441905
vt 0.339408 0.451685
vt 0.333135 0.453845
vt 0.267245 0.369198
vt 0.273134 0.368774
vt 0.932193 0.973302
vt 0.955316 0.975144
vt 0.932514 0.963843
vt 0.954542 0.966648
vt 0.967492 0.968767
vt 0.954778 0.954097
vt 0.967405 0.956072
vt 0.968667 0.932364
vt 0.969834 0.905767
vt 0.978447 0.908512
vt 0.969322 0.889680
vt 0.978834 0.889332
vt 0.243106 0.233668
vt 0.243821 0.251063
vt 0.236189 0.250230
vt 0.236189 0.232094
vt 0.236315 0.208350
vt 0.242502 0.209457
vt 0.868452 0.495258
vt 0.883326 0.480825
vt 0.878337 0.475680
vt 0.955519 0.893896
vt 0.950256 0.887200
vt 0.945152 0.881686
vt 0.934626 0.914070
vt 0.928833 0.909150
vt 0.922611 0.904872
vt 0.571515 0.719360
vt 0.564705 0.720218
vt 0.564402 0.688848
vt 0.571645 0.687459
vt 0.908546 0.932372
vt 0.902610 0.927039
vt 0.571956 0.748959
vt 0.565103 0.749195
vt 0.427476 0.039972
vt 0.434084 0.040101
vt 0.434679 0.068902
vt 0.427594 0.069402
vt 0.574191 0.771084
vt 0.566747 0.772366
vt 0.427956 0.016582
vt 0.435484 0.018760
vt 0.933775 0.144279
vt 0.926507 0.139422
vt 0.933289 0.122108
vt 0.941137 0.124150
vt 0.434120 0.002942
vt 0.439361 0.006425
vt 0.570173 0.786987
vt 0.576963 0.785168
vt 0.210024 0.383837
vt 0.203560 0.383103
vt 0.203523 0.371671
vt 0.210024 0.370615
vt 0.625035 0.199527
vt 0.633930 0.207513
vt 0.626640 0.211201
vt 0.620594 0.203979
vt 0.725246 0.526267
vt 0.717611 0.523869
vt 0.719780 0.512371
vt 0.726635 0.512692
vt 0.637314 0.220731
vt 0.630532 0.221700
vt 0.717611 0.495816
vt 0.724779 0.495072
vt 0.636300 0.238839
vt 0.628783 0.236512
vt 0.627534 0.258305
vt 0.620594 0.255048
vt 0.892469 0.149870
vt 0.898344 0.143594
vt 0.904498 0.136887
vt 0.918983 0.134830
vt 0.925416 0.119835
vt 0.931823 0.093684
vt 0.939874 0.094942
vt 0.937316 0.065062
vt 0.946913 0.065616
vt 0.955972 0.066068
vt 0.947866 0.096226
vt 0.946915 0.041893
vt 0.955378 0.039354
vt 0.434726 0.100203
vt 0.439361 0.126059
vt 0.430644 0.127946
vt 0.427822 0.101285
vt 0.944002 0.026958
vt 0.950492 0.024591
vt 0.013961 0.836703
vt 0.014199 0.821455
vt 0.551838 0.219432
vt 0.558559 0.216922
vt 0.013961 0.810204
vt 0.020219 0.807102
vt 0.936668 0.043836
vt 0.924578 0.065639
vt 0.265919 0.344359
vt 0.273196 0.344484
vt 0.908503 0.987645
vt 0.910514 0.979300
vt 0.913072 0.969363
vt 0.906367 0.953646
vt 0.915839 0.958543
vt 0.914967 0.938268
vt 0.923046 0.944143
vt 0.936320 0.950155
vt 0.897753 0.949146
vt 0.890103 0.945367
vt 0.569926 0.663253
vt 0.576963 0.665719
vt 0.393555 0.491627
vt 0.394898 0.481665
vt 0.393122 0.500935
vt 0.368990 0.504000
vt 0.369034 0.495649
vt 0.372015 0.486106
vt 0.346320 0.506386
vt 0.346252 0.499581
vt 0.345863 0.492269
vt 0.323411 0.503807
vt 0.322765 0.495620
vt 0.322625 0.488379
vt 0.347672 0.484634
vt 0.503667 0.126435
vt 0.496017 0.125496
vt 0.505282 0.148425
vt 0.496194 0.150158
vt 0.490925 0.126380
vt 0.483572 0.100490
vt 0.487390 0.149766
vt 0.484719 0.126194
vt 0.479431 0.105065
vt 0.471878 0.085513
vt 0.478158 0.084265
vt 0.477869 0.127233
vt 0.476176 0.111965
vt 0.415220 0.638600
vt 0.409283 0.642143
vt 0.403241 0.631140
vt 0.415220 0.617774
vt 0.479407 0.148508
vt 0.790625 0.815956
vt 0.769282 0.814734
vt 0.770590 0.808323
vt 0.789886 0.808290
vt 0.771601 0.799780
vt 0.788765 0.799782
vt 0.799297 0.799136
vt 0.806749 0.797771
vt 0.787764 0.787942
vt 0.796440 0.786791
vt 0.803128 0.785507
vt 0.808572 0.784273
vt 0.811822 0.796546
vt 0.795331 0.767221
vt 0.787246 0.768656
vt 0.788439 0.744381
vt 0.798159 0.745225
vt 0.789408 0.713101
vt 0.797263 0.714855
vt 0.807125 0.720180
vt 0.787445 0.675073
vt 0.792998 0.675097
vt 0.798986 0.676223
vt 0.806754 0.682911
vt 0.814749 0.731589
vt 0.789172 0.638198
vt 0.794253 0.637363
vt 0.799478 0.637143
vt 0.804646 0.635336
vt 0.811140 0.675464
vt 0.791973 0.612933
vt 0.795770 0.613115
vt 0.799649 0.612410
vt 0.111961 0.000930
vt 0.114645 0.000787
vt 0.115875 0.024096
vt 0.111961 0.024462
vt 0.794835 0.604090
vt 0.797037 0.602002
vt 0.245198 0.036083
vt 0.246523 0.025783
vt 0.248638 0.026023
vt 0.248649 0.036211
vt 0.805218 0.186729
vt 0.800615 0.186769
vt 0.806441 0.152795
vt 0.810885 0.148919
vt 0.114548 0.062893
vt 0.113706 0.065180
vt 0.801547 0.209714
vt 0.795072 0.186374
vt 0.799750 0.153473
vt 0.793905 0.153833
vt 0.798192 0.124291
vt 0.789382 0.185996
vt 0.783644 0.185590
vt 0.787978 0.153255
vt 0.778711 0.152230
vt 0.781455 0.123656
vt 0.791938 0.124618
vt 0.774830 0.183809
vt 0.758628 0.181774
vt 0.758156 0.150901
vt 0.758308 0.208972
vt 0.731508 0.208465
vt 0.729292 0.179409
vt 0.759009 0.232282
vt 0.734136 0.235356
vt 0.707653 0.237673
vt 0.703418 0.211433
vt 0.760193 0.247761
vt 0.735619 0.250248
vt 0.709974 0.251103
vt 0.696048 0.251446
vt 0.693958 0.239108
vt 0.736232 0.260247
vt 0.710897 0.260376
vt 0.697439 0.259938
vt 0.689242 0.260130
vt 0.687985 0.252012
vt 0.682030 0.253118
vt 0.679840 0.241167
vt 0.686156 0.240460
vt 0.683642 0.260932
vt 0.678937 0.262167
vt 0.676614 0.255197
vt 0.682355 0.852235
vt 0.682210 0.846420
vt 0.688792 0.846306
vt 0.681848 0.858186
vt 0.672334 0.257137
vt 0.668421 0.243707
vt 0.673783 0.242185
vt 0.673023 0.264276
vt 0.683292 0.864401
vt 0.684519 0.869065
vt 0.676842 0.868665
vt 0.676671 0.864032
vt 0.690411 0.869065
vt 0.308751 0.009656
vt 0.308751 0.003513
vt 0.313829 0.002906
vt 0.313801 0.007954
vt 0.523517 0.002886
vt 0.528734 0.001619
vt 0.356745 0.342287
vt 0.355825 0.336577
vt 0.362111 0.336223
vt 0.362111 0.342798
vt 0.142200 0.002208
vt 0.143155 0.009242
vt 0.251063 0.219680
vt 0.244495 0.219680
vt 0.245094 0.212379
vt 0.251028 0.212675
vt 0.143277 0.017274
vt 0.137028 0.017063
vt 0.148626 0.009054
vt 0.148997 0.017123
vt 0.136494 0.026161
vt 0.130526 0.025554
vt 0.131463 0.016360
vt 0.143037 0.026685
vt 0.143050 0.040713
vt 0.136195 0.040562
vt 0.148745 0.027127
vt 0.149672 0.040630
vt 0.135815 0.065133
vt 0.129460 0.064867
vt 0.130382 0.040253
vt 0.143361 0.065504
vt 0.142162 0.090146
vt 0.149672 0.065972
vt 0.621993 0.534251
vt 0.627658 0.533422
vt 0.626904 0.557511
vt 0.761729 0.279116
vt 0.736560 0.281239
vt 0.736692 0.274683
vt 0.762071 0.272618
vt 0.776977 0.270722
vt 0.776954 0.276761
vt 0.626801 0.572611
vt 0.761707 0.265517
vt 0.776280 0.263750
vt 0.786391 0.262604
vt 0.806255 0.309059
vt 0.807035 0.299545
vt 0.815270 0.299737
vt 0.815956 0.310800
vt 0.813709 0.318657
vt 0.805908 0.317633
vt 0.799815 0.318657
vt 0.799594 0.309106
vt 0.370728 0.523220
vt 0.371767 0.531719
vt 0.367867 0.533509
vt 0.364280 0.522947
vt 0.792573 0.556714
vt 0.792046 0.567971
vt 0.786040 0.569604
vt 0.787167 0.555716
vt 0.788044 0.545065
vt 0.794194 0.548914
vt 0.781184 0.567409
vt 0.781588 0.554598
vt 0.781825 0.544071
vt 0.775748 0.565960
vt 0.775841 0.553708
vt 0.775727 0.543832
vt 0.768811 0.563910
vt 0.769095 0.553339
vt 0.769592 0.543746
vt 0.757559 0.561509
vt 0.757481 0.552361
vt 0.757736 0.543841
vt 0.735925 0.551220
vt 0.735749 0.543612
vt 0.735691 0.536798
vt 0.758334 0.535576
vt 0.769187 0.534918
vt 0.711293 0.551210
vt 0.711107 0.543644
vt 0.711128 0.537684
vt 0.697612 0.551564
vt 0.696772 0.544374
vt 0.696496 0.539113
vt 0.688824 0.552014
vt 0.687989 0.545189
vt 0.687361 0.539849
vt 0.681883 0.552435
vt 0.305524 0.134851
vt 0.305524 0.128647
vt 0.311053 0.128901
vt 0.311415 0.135188
vt 0.689093 0.558450
vt 0.681895 0.558329
vt 0.675397 0.552029
vt 0.688748 0.566799
vt 0.681604 0.565920
vt 0.687075 0.580126
vt 0.680372 0.578918
vt 0.681597 0.605110
vt 0.675182 0.602947
vt 0.669106 0.600876
vt 0.666023 0.629651
vt 0.659907 0.627204
vt 0.653847 0.624898
vt 0.663591 0.599038
vt 0.549985 0.036614
vt 0.554073 0.063956
vt 0.547864 0.064614
vt 0.544245 0.037240
vt 0.528806 0.052134
vt 0.529338 0.077657
vt 0.523450 0.077158
vt 0.523772 0.051862
vt 0.058965 0.172743
vt 0.058965 0.147506
vt 0.065180 0.148715
vt 0.064508 0.173813
vt 0.562478 0.719393
vt 0.556922 0.718794
vt 0.556908 0.699086
vt 0.562478 0.699726
vt 0.663161 0.221669
vt 0.653179 0.195407
vt 0.659340 0.192887
vt 0.668819 0.219642
vt 0.665510 0.190560
vt 0.674749 0.218052
vt 0.672036 0.188294
vt 0.680816 0.216328
vt 0.681688 0.185379
vt 0.688932 0.214102
vt 0.698670 0.181576
vt 0.673548 0.156756
vt 0.695033 0.152688
vt 0.727342 0.150550
vt 0.692047 0.123355
vt 0.725343 0.120837
vt 0.757283 0.121662
vt 0.723624 0.091668
vt 0.757221 0.094171
vt 0.782755 0.099258
vt 0.756705 0.062262
vt 0.781504 0.064622
vt 0.792885 0.068011
vt 0.794024 0.102210
vt 0.800887 0.104073
vt 0.755167 0.036031
vt 0.720963 0.035472
vt 0.720596 0.021937
vt 0.754169 0.021927
vt 0.722069 0.060752
vt 0.686555 0.061895
vt 0.685117 0.036591
vt 0.689216 0.093238
vt 0.658840 0.097621
vt 0.653334 0.066054
vt 0.665839 0.127684
vt 0.652537 0.131267
vt 0.642636 0.101482
vt 0.662230 0.160179
vt 0.654857 0.162856
vt 0.643954 0.134246
vt 0.637158 0.136890
vt 0.625530 0.107463
vt 0.632847 0.104677
vt 0.648408 0.165398
vt 0.642081 0.168101
vt 0.630517 0.139746
vt 0.624746 0.142493
vt 0.612627 0.113392
vt 0.618308 0.110541
vt 0.637255 0.170644
vt 0.523337 0.104390
vt 0.529690 0.104342
vt 0.528963 0.132717
vt 0.522554 0.132204
vt 0.059054 0.120948
vt 0.065086 0.122173
vt 0.553613 0.124550
vt 0.560605 0.123933
vt 0.564013 0.155376
vt 0.556816 0.156201
vt 0.529382 0.161605
vt 0.522947 0.161262
vt 0.550421 0.094180
vt 0.557162 0.093413
vt 0.642272 0.652187
vt 0.648658 0.654677
vt 0.637017 0.683106
vt 0.630609 0.680684
vt 0.643731 0.685775
vt 0.632171 0.715197
vt 0.625121 0.712341
vt 0.618245 0.709769
vt 0.654999 0.657289
vt 0.662670 0.660283
vt 0.652193 0.688967
vt 0.672833 0.632226
vt 0.683013 0.635607
vt 0.674341 0.664275
vt 0.690851 0.607868
vt 0.705416 0.611468
vt 0.700868 0.640301
vt 0.696373 0.581799
vt 0.709481 0.584253
vt 0.734532 0.588970
vt 0.732785 0.615106
vt 0.698118 0.567085
vt 0.711160 0.567137
vt 0.735848 0.568487
vt 0.757426 0.573283
vt 0.758039 0.592846
vt 0.711401 0.558186
vt 0.736193 0.558906
vt 0.698207 0.558267
vt 0.772008 0.596499
vt 0.773417 0.612942
vt 0.759498 0.614695
vt 0.769530 0.578507
vt 0.777281 0.582076
vt 0.781096 0.596993
vt 0.775098 0.640706
vt 0.760442 0.643088
vt 0.731388 0.643981
vt 0.759144 0.677136
vt 0.728327 0.675306
vt 0.696692 0.669936
vt 0.723021 0.707275
vt 0.691783 0.701038
vt 0.665814 0.693620
vt 0.685105 0.733659
vt 0.656707 0.724421
vt 0.641488 0.718837
vt 0.649182 0.757369
vt 0.630587 0.750435
vt 0.620416 0.745944
vt 0.622946 0.779113
vt 0.609153 0.774834
vt 0.601626 0.770770
vt 0.613252 0.742632
vt 0.595369 0.767183
vt 0.606055 0.739615
vt 0.568147 0.187449
vt 0.572134 0.216715
vt 0.564450 0.217246
vt 0.561528 0.188201
vt 0.531095 0.191242
vt 0.530025 0.218473
vt 0.522888 0.217665
vt 0.523099 0.190575
vt 0.407936 0.463150
vt 0.413004 0.437267
vt 0.420398 0.440053
vt 0.414798 0.465915
vt 0.600117 0.083969
vt 0.605893 0.080913
vt 0.595082 0.053571
vt 0.601929 0.050013
vt 0.613732 0.077539
vt 0.609656 0.046070
vt 0.621435 0.074459
vt 0.622523 0.042030
vt 0.631798 0.070920
vt 0.650370 0.038235
vt 0.618371 0.023212
vt 0.650712 0.023415
vt 0.684660 0.022924
vt 0.651747 0.014222
vt 0.684552 0.013516
vt 0.719797 0.013029
vt 0.684483 0.005905
vt 0.718705 0.005805
vt 0.751770 0.006439
vt 0.753166 0.013494
vt 0.776781 0.006940
vt 0.777745 0.013894
vt 0.750475 0.000762
vt 0.776973 0.001300
vt 0.123459 0.231119
vt 0.118501 0.231751
vt 0.128686 0.211690
vt 0.129153 0.229300
vt 0.210214 0.458673
vt 0.210214 0.435545
vt 0.216898 0.432708
vt 0.217266 0.456437
vt 0.671111 0.441204
vt 0.663879 0.441775
vt 0.663879 0.418813
vt 0.667672 0.419656
vt 0.071088 0.212602
vt 0.071716 0.186603
vt 0.079721 0.185130
vt 0.078869 0.210147
vt 0.079914 0.235591
vt 0.076459 0.236579
vt 0.508274 0.137602
vt 0.507033 0.115070
vt 0.516325 0.113622
vt 0.516611 0.137389
vt 0.678354 0.301621
vt 0.670063 0.301759
vt 0.671138 0.279863
vt 0.678354 0.279282
vt 0.027135 0.344611
vt 0.024566 0.318459
vt 0.034498 0.316697
vt 0.035930 0.344037
vt 0.036475 0.370053
vt 0.028675 0.369751
vt 0.047641 0.343544
vt 0.048225 0.370686
vt 0.048383 0.395832
vt 0.036434 0.395791
vt 0.286920 0.698304
vt 0.061374 0.370553
vt 0.061774 0.396087
vt 0.063820 0.422966
vt 0.072221 0.396143
vt 0.074162 0.423214
vt 0.077174 0.451478
vt 0.082543 0.423617
vt 0.085797 0.451753
vt 0.091201 0.474678
vt 0.080689 0.475443
vt 0.936784 0.687248
vt 0.939499 0.706448
vt 0.925026 0.709030
vt 0.923967 0.688119
vt 0.940100 0.725898
vt 0.729871 0.812060
vt 0.733877 0.833469
vt 0.724099 0.832369
vt 0.715311 0.815028
vt 0.733877 0.855821
vt 0.727016 0.855341
vt 0.945700 0.750223
vt 0.938198 0.747369
vt 0.953174 0.754246
vt 0.001709 0.895572
vt 0.002752 0.907277
vt 0.930340 0.745825
vt 0.923967 0.745454
vt 0.720557 0.855147
vt 0.717175 0.829988
vt 0.713436 0.829807
vt 0.089087 0.424029
vt 0.092691 0.451730
vt 0.945887 0.666002
vt 0.954005 0.667359
vt 0.171041 0.569656
vt 0.145854 0.569721
vt 0.147232 0.563423
vt 0.172461 0.563667
vt 0.001709 0.808677
vt 0.007028 0.809694
vt 0.148243 0.556995
vt 0.173250 0.557926
vt 0.195032 0.556962
vt 0.194468 0.562526
vt 0.103211 0.474191
vt 0.101121 0.451606
vt 0.106243 0.452157
vt 0.107417 0.474686
vt 0.194934 0.553591
vt 0.209063 0.548650
vt 0.209371 0.552694
vt 0.210024 0.555479
vt 0.823249 0.072311
vt 0.827266 0.073661
vt 0.826428 0.083944
vt 0.822088 0.083102
vt 0.018646 0.846967
vt 0.028627 0.850187
vt 0.831595 0.074642
vt 0.831222 0.084533
vt 0.000761 0.438867
vt 0.004031 0.441775
vt 0.849647 0.962553
vt 0.850450 0.958613
vt 0.859540 0.963677
vt 0.851403 0.950531
vt 0.845402 0.935006
vt 0.853559 0.935904
vt 0.861313 0.936479
vt 0.865421 0.916382
vt 0.868376 0.915654
vt 0.867837 0.936778
vt 0.404442 0.159576
vt 0.398107 0.158056
vt 0.397833 0.173678
vt 0.393615 0.177401
vt 0.391993 0.156944
vt 0.390883 0.140189
vt 0.385346 0.156027
vt 0.384087 0.139441
vt 0.382018 0.124496
vt 0.389607 0.125224
vt 0.380977 0.106267
vt 0.388505 0.106844
vt 0.395941 0.107962
vt 0.387561 0.082583
vt 0.394065 0.082953
vt 0.400590 0.082936
vt 0.401257 0.111355
vt 0.406210 0.082031
vt 0.406034 0.109931
vt 0.275274 0.369792
vt 0.277244 0.340776
vt 0.283722 0.340882
vt 0.274733 0.390473
vt 0.278204 0.313097
vt 0.284729 0.313461
vt 0.290720 0.314240
vt 0.289266 0.341753
vt 0.301282 0.463221
vt 0.300341 0.469219
vt 0.275903 0.463383
vt 0.325696 0.468545
vt 0.325563 0.475326
vt 0.300184 0.476112
vt 0.293806 0.342910
vt 0.295585 0.315113
vt 0.301762 0.315712
vt 0.300106 0.342883
vt 0.300252 0.483222
vt 0.276888 0.482724
vt 0.259681 0.481237
vt 0.298571 0.367745
vt 0.308072 0.342626
vt 0.306398 0.367765
vt 0.305731 0.385152
vt 0.296502 0.386017
vt 0.259737 0.490056
vt 0.247373 0.488701
vt 0.247411 0.480773
vt 0.316020 0.367768
vt 0.315725 0.384590
vt 0.315841 0.396270
vt 0.306509 0.396748
vt 0.316105 0.409870
vt 0.307452 0.410074
vt 0.326680 0.385203
vt 0.326140 0.395974
vt 0.325853 0.409335
vt 0.316253 0.429794
vt 0.335355 0.396063
vt 0.334377 0.408407
vt 0.472746 0.511338
vt 0.460830 0.516611
vt 0.327411 0.368430
vt 0.339885 0.369997
vt 0.337903 0.386765
vt 0.316973 0.342608
vt 0.328879 0.343223
vt 0.342470 0.345433
vt 0.330862 0.316903
vt 0.343410 0.318159
vt 0.353350 0.319386
vt 0.352383 0.346669
vt 0.419562 0.508462
vt 0.332700 0.289610
vt 0.343507 0.290991
vt 0.352350 0.292136
vt 0.335379 0.263195
vt 0.345209 0.265729
vt 0.353563 0.267954
vt 0.338359 0.242803
vt 0.347982 0.245161
vt 0.356859 0.247302
vt 0.349752 0.223072
vt 0.359208 0.223136
vt 0.368372 0.223376
vt 0.365062 0.248969
vt 0.324403 0.510849
vt 0.359450 0.194834
vt 0.369320 0.194560
vt 0.297362 0.507963
vt 0.270755 0.510630
vt 0.269117 0.501371
vt 0.296390 0.499631
vt 0.519807 0.172999
vt 0.521439 0.201915
vt 0.513209 0.202462
vt 0.511424 0.173886
vt 0.513549 0.146736
vt 0.503096 0.203598
vt 0.501506 0.175259
vt 0.492204 0.204878
vt 0.490755 0.175661
vt 0.483021 0.205939
vt 0.482480 0.175163
vt 0.581940 0.627658
vt 0.553183 0.627557
vt 0.552891 0.620104
vt 0.582665 0.620606
vt 0.608346 0.621138
vt 0.608069 0.627209
vt 0.742981 0.807997
vt 0.710990 0.807682
vt 0.710948 0.798543
vt 0.743756 0.799167
vt 0.711798 0.787408
vt 0.744985 0.788382
vt 0.772486 0.788610
vt 0.747268 0.771407
vt 0.773696 0.770506
vt 0.750805 0.743025
vt 0.776050 0.743214
vt 0.754877 0.711559
vt 0.777300 0.712962
vt 0.776987 0.676193
vt 0.783904 0.639140
vt 0.782145 0.612205
vt 0.787577 0.611999
vt 0.790780 0.599347
vt 0.793229 0.600841
vt 0.716995 0.740391
vt 0.713332 0.769911
vt 0.679949 0.765767
vt 0.679146 0.785842
vt 0.647794 0.783001
vt 0.679842 0.797882
vt 0.649773 0.797389
vt 0.621297 0.796750
vt 0.651710 0.807312
vt 0.622569 0.807360
vt 0.471144 0.618264
vt 0.497741 0.619398
vt 0.499204 0.627289
vt 0.472545 0.627068
vt 0.482257 0.293509
vt 0.483201 0.264172
vt 0.492542 0.262831
vt 0.492153 0.292560
vt 0.490289 0.317852
vt 0.480887 0.318870
vt 0.503042 0.291765
vt 0.501048 0.318212
vt 0.497626 0.346958
vt 0.488926 0.345580
vt 0.480305 0.343936
vt 0.495950 0.370331
vt 0.488617 0.368622
vt 0.479806 0.366566
vt 0.489792 0.382519
vt 0.480487 0.381192
vt 0.492493 0.390358
vt 0.481343 0.390380
vt 0.472280 0.390165
vt 0.471878 0.379925
vt 0.471953 0.364765
vt 0.554133 0.293485
vt 0.549052 0.301759
vt 0.556026 0.277083
vt 0.562005 0.280925
vt 0.321709 0.615966
vt 0.316810 0.619734
vt 0.943757 0.777341
vt 0.945462 0.791304
vt 0.937332 0.791877
vt 0.937007 0.780633
vt 0.938859 0.806567
vt 0.929345 0.805797
vt 0.928724 0.792301
vt 0.929052 0.782512
vt 0.948157 0.807299
vt 0.942864 0.826687
vt 0.958245 0.808990
vt 0.968714 0.811202
vt 0.970456 0.830495
vt 0.445317 0.034170
vt 0.456843 0.034486
vt 0.449460 0.053734
vt 0.468626 0.033029
vt 0.481016 0.031079
vt 0.661504 0.304313
vt 0.640195 0.308256
vt 0.615839 0.321443
vt 0.615409 0.310758
vt 0.601959 0.323458
vt 0.597924 0.312259
vt 0.212724 0.818508
vt 0.213357 0.807072
vt 0.223860 0.805781
vt 0.225334 0.819222
vt 0.236047 0.805714
vt 0.236820 0.819066
vt 0.237998 0.838787
vt 0.579982 0.840096
vt 0.577449 0.828575
vt 0.589376 0.827666
vt 0.590529 0.839641
vt 0.306587 0.782159
vt 0.296444 0.779578
vt 0.600151 0.828047
vt 0.599878 0.840096
vt 0.287364 0.777331
vt 0.287764 0.760128
vt 0.575767 0.818648
vt 0.589631 0.817713
vt 0.601103 0.819506
vt 0.573778 0.809838
vt 0.590941 0.811241
vt 0.292443 0.610761
vt 0.293544 0.603710
vt 0.431046 0.343210
vt 0.444141 0.331159
vt 0.450820 0.339286
vt 0.436671 0.351010
vt 0.456722 0.349004
vt 0.443036 0.360229
vt 0.432192 0.366720
vt 0.450369 0.374041
vt 0.440318 0.379481
vt 0.433518 0.383249
vt 0.425276 0.371571
vt 0.549022 0.001977
vt 0.564857 0.000812
vt 0.567784 0.007796
vt 0.553561 0.011519
vt 0.547505 0.015933
vt 0.539560 0.005176
vt 0.414906 0.378995
vt 0.408298 0.378960
vt 0.564745 0.021498
vt 0.560807 0.027186
vt 0.414615 0.396433
vt 0.406921 0.397137
vt 0.556605 0.257324
vt 0.565464 0.259143
vt 0.548700 0.273833
vt 0.415086 0.416174
vt 0.408433 0.416515
vt 0.563143 0.239455
vt 0.571546 0.241119
vt 0.406921 0.437857
vt 0.421390 0.396069
vt 0.422908 0.416461
vt 0.581119 0.033548
vt 0.574361 0.016243
vt 0.586735 0.028430
vt 0.591679 0.013367
vt 0.597344 0.024829
vt 0.618308 0.014048
vt 0.590901 0.005592
vt 0.619320 0.006017
vt 0.652293 0.006041
vt 0.057408 0.056595
vt 0.056854 0.027658
vt 0.064019 0.028500
vt 0.065180 0.056881
vt 0.064818 0.085205
vt 0.057917 0.084961
vt 0.071609 0.122952
vt 0.071280 0.090665
vt 0.077806 0.090612
vt 0.078211 0.123092
vt 0.075483 0.154907
vt 0.068586 0.155616
vt 0.062865 0.115337
vt 0.056660 0.115875
vt 0.064958 0.188394
vt 0.717537 0.000776
vt 0.499128 0.088707
vt 0.498614 0.059409
vt 0.505811 0.058747
vt 0.506286 0.086746
vt 0.082078 0.154278
vt 0.515539 0.058858
vt 0.516086 0.085999
vt 0.021982 0.287758
vt 0.019893 0.256986
vt 0.032569 0.255605
vt 0.032681 0.286230
vt 0.050188 0.254098
vt 0.049433 0.284758
vt 0.047753 0.314889
vt 0.063629 0.282859
vt 0.063668 0.313168
vt 0.062208 0.342501
vt 0.073988 0.311206
vt 0.074961 0.341018
vt 0.073097 0.370147
vt 0.082500 0.339538
vt 0.082075 0.369351
vt 0.080688 0.396240
vt 0.087325 0.368759
vt 0.086980 0.396139
vt 0.121583 0.566726
vt 0.098173 0.560782
vt 0.098711 0.554783
vt 0.122558 0.560319
vt 0.098108 0.548650
vt 0.123318 0.553843
vt 0.096641 0.395596
vt 0.097110 0.367036
vt 0.102101 0.366609
vt 0.101903 0.395351
vt 0.103531 0.423839
vt 0.098277 0.423919
vt 0.107701 0.395346
vt 0.109412 0.423979
vt 0.111525 0.452707
vt 0.115219 0.424350
vt 0.115899 0.453740
vt 0.115694 0.480934
vt 0.111426 0.476442
vt 0.820824 0.635830
vt 0.818148 0.609754
vt 0.824797 0.609126
vt 0.827531 0.635265
vt 0.832642 0.608703
vt 0.835747 0.634808
vt 0.837157 0.656812
vt 0.128421 0.478287
vt 0.127433 0.454566
vt 0.140350 0.454245
vt 0.140805 0.477132
vt 0.849753 0.656469
vt 0.847819 0.673077
vt 0.838445 0.673293
vt 0.131887 0.493770
vt 0.141474 0.492616
vt 0.141480 0.512745
vt 0.133030 0.513078
vt 0.840886 0.690485
vt 0.832166 0.691699
vt 0.841865 0.706785
vt 0.834181 0.707524
vt 0.827361 0.710132
vt 0.824100 0.693660
vt 0.838227 0.934277
vt 0.841042 0.916259
vt 0.816402 0.696274
vt 0.813679 0.682111
vt 0.820465 0.713880
vt 0.134226 0.530173
vt 0.141108 0.531233
vt 0.848956 0.708120
vt 0.149580 0.512241
vt 0.146843 0.533116
vt 0.147270 0.541602
vt 0.140484 0.540698
vt 0.001877 0.286188
vt 0.004828 0.285811
vt 0.004828 0.296931
vt 0.000890 0.294868
vt 0.143798 0.549201
vt 0.139121 0.546581
vt 0.148502 0.542184
vt 0.155844 0.531637
vt 0.154753 0.541831
vt 0.153992 0.547892
vt 0.149450 0.547656
vt 0.163719 0.530814
vt 0.161789 0.541457
vt 0.160202 0.548223
vt 0.191747 0.529551
vt 0.202370 0.529928
vt 0.202985 0.538112
vt 0.191883 0.536733
vt 0.184727 0.535954
vt 0.178357 0.535157
vt 0.190648 0.544306
vt 0.183644 0.543235
vt 0.177147 0.542170
vt 0.350945 0.664561
vt 0.347374 0.665685
vt 0.344905 0.659960
vt 0.347634 0.658275
vt 0.182041 0.549611
vt 0.176596 0.548491
vt 0.352454 0.671383
vt 0.349474 0.671470
vt 0.776574 0.532902
vt 0.776666 0.526732
vt 0.782159 0.526995
vt 0.781982 0.533509
vt 0.352365 0.677527
vt 0.349380 0.676862
vt 0.771235 0.532468
vt 0.770969 0.526486
vt 0.770534 0.519669
vt 0.776570 0.519928
vt 0.766271 0.532892
vt 0.765645 0.526581
vt 0.764925 0.519683
vt 0.764321 0.511894
vt 0.770074 0.511980
vt 0.001137 0.300170
vt 0.007242 0.299293
vt 0.007216 0.305360
vt 0.001137 0.306587
vt 0.068550 0.835268
vt 0.062261 0.834389
vt 0.063158 0.827355
vt 0.069271 0.828587
vt 0.070008 0.820480
vt 0.086907 0.801493
vt 0.086809 0.809387
vt 0.080668 0.808792
vt 0.080947 0.800691
vt 0.056786 0.825032
vt 0.074798 0.808264
vt 0.075312 0.799791
vt 0.075413 0.790129
vt 0.080569 0.791571
vt 0.763108 0.830550
vt 0.764250 0.837909
vt 0.758991 0.838717
vt 0.757514 0.830963
vt 0.755676 0.822568
vt 0.754518 0.814902
vt 0.751636 0.830959
vt 0.753988 0.839243
vt 0.748621 0.839455
vt 0.745074 0.830784
vt 0.249597 0.804964
vt 0.252305 0.814435
vt 0.243182 0.813941
vt 0.241044 0.804145
vt 0.240520 0.794785
vt 0.247216 0.795800
vt 0.034413 0.828728
vt 0.043769 0.827704
vt 0.052720 0.818736
vt 0.052783 0.828527
vt 0.053110 0.807785
vt 0.755225 0.846604
vt 0.750685 0.847322
vt 0.253477 0.823198
vt 0.239284 0.823198
vt 0.755083 0.854043
vt 0.751899 0.853564
vt 0.190655 0.219419
vt 0.190712 0.222575
vt 0.187219 0.217450
vt 0.187779 0.216672
vt 0.188689 0.214419
vt 0.190712 0.215534
vt 0.190593 0.211482
vt 0.190487 0.213703
vt 0.034873 0.001792
vt 0.035445 0.002082
vt 0.034873 0.004783
vt 0.034958 0.003988
vt 0.036211 0.003378
vt 0.034886 0.004828
vt 0.075782 0.010561
vt 0.077080 0.011677
vt 0.076443 0.014088
vt 0.075782 0.014484
vt 0.067189 0.059919
vt 0.067048 0.057824
vt 0.067594 0.057848
vt 0.067594 0.060352
vt 0.076785 0.013840
vt 0.077250 0.011823
vt 0.391115 0.199368
vt 0.378630 0.197447
vt 0.377278 0.189405
vt 0.395565 0.191960
vt 0.401356 0.204299
vt 0.055524 0.048816
vt 0.055096 0.062585
vt 0.055050 0.062766
vt 0.055050 0.047782
vt 0.861256 0.891964
vt 0.871239 0.903206
vt 0.859008 0.892560
vt 0.870726 0.902983
vt 0.242666 0.449633
vt 0.242235 0.457205
vt 0.233714 0.454998
vt 0.233646 0.447458
vt 0.232524 0.434759
vt 0.240882 0.436400
vt 0.373933 0.176574
vt 0.231031 0.413576
vt 0.239942 0.415318
vt 0.247869 0.416401
vt 0.249940 0.436622
vt 0.239361 0.397283
vt 0.247357 0.398377
vt 0.254238 0.399740
vt 0.254430 0.417172
vt 0.378756 0.156109
vt 0.238889 0.384878
vt 0.248103 0.385351
vt 0.377707 0.139329
vt 0.373933 0.124642
vt 0.239006 0.366456
vt 0.248215 0.366546
vt 0.256455 0.367267
vt 0.255652 0.385861
vt 0.239384 0.341713
vt 0.248401 0.341853
vt 0.256207 0.342087
vt 0.247950 0.314066
vt 0.255587 0.314204
vt 0.262431 0.314255
vt 0.263082 0.342353
vt 0.262961 0.368114
vt 0.253784 0.285431
vt 0.260523 0.285263
vt 0.386957 0.056927
vt 0.385888 0.031072
vt 0.392937 0.030873
vt 0.393365 0.056877
vt 0.400105 0.030816
vt 0.399892 0.056988
vt 0.271843 0.313327
vt 0.271799 0.284613
vt 0.278131 0.284287
vt 0.271834 0.341173
vt 0.270513 0.255452
vt 0.277252 0.255059
vt 0.284547 0.255227
vt 0.285060 0.284554
vt 0.291872 0.256373
vt 0.291084 0.285425
vt 0.351730 0.465559
vt 0.377802 0.462682
vt 0.376248 0.470967
vt 0.351495 0.473256
vt 0.296886 0.286333
vt 0.299216 0.258030
vt 0.303878 0.286724
vt 0.312118 0.287426
vt 0.309646 0.315914
vt 0.321053 0.288255
vt 0.318676 0.316168
vt 0.293381 0.228106
vt 0.301414 0.230243
vt 0.295365 0.198580
vt 0.302286 0.199346
vt 0.309597 0.199270
vt 0.303148 0.167256
vt 0.309663 0.167643
vt 0.840096 0.425982
vt 0.840096 0.454751
vt 0.831924 0.454545
vt 0.831060 0.425647
vt 0.316526 0.199087
vt 0.822720 0.455302
vt 0.822383 0.426982
vt 0.814201 0.455465
vt 0.813707 0.426347
vt 0.329561 0.197422
vt 0.328084 0.166150
vt 0.337105 0.165369
vt 0.338967 0.196400
vt 0.340007 0.223495
vt 0.330468 0.224801
vt 0.349001 0.195395
vt 0.347079 0.164816
vt 0.358712 0.164514
vt 0.345965 0.134822
vt 0.358503 0.134326
vt 0.371175 0.133877
vt 0.370199 0.164425
vt 0.243209 0.512943
vt 0.215430 0.514825
vt 0.213767 0.504420
vt 0.241243 0.502906
vt 0.214054 0.494707
vt 0.241434 0.493496
vt 0.269210 0.492264
vt 0.513403 0.232535
vt 0.512991 0.262536
vt 0.502893 0.262447
vt 0.502945 0.233130
vt 0.492480 0.234345
vt 0.483251 0.235557
vt 0.525554 0.627172
vt 0.524753 0.619816
vt 0.680853 0.807384
vt 0.512661 0.291350
vt 0.187753 0.495942
vt 0.188115 0.505894
vt 0.161536 0.507678
vt 0.162738 0.497585
vt 0.511237 0.319636
vt 0.552713 0.506955
vt 0.543192 0.503880
vt 0.554180 0.476761
vt 0.563135 0.481007
vt 0.506997 0.349575
vt 0.562012 0.457605
vt 0.570733 0.460958
vt 0.502679 0.371389
vt 0.579356 0.451696
vt 0.578018 0.463368
vt 0.376162 0.023978
vt 0.378886 0.044863
vt 0.368401 0.044358
vt 0.366002 0.023755
vt 0.552551 0.452334
vt 0.557378 0.442879
vt 0.365570 0.012868
vt 0.353228 0.023871
vt 0.351853 0.013652
vt 0.351433 0.005625
vt 0.365755 0.005671
vt 0.376309 0.004956
vt 0.375721 0.012831
vt 0.561125 0.436842
vt 0.550410 0.429093
vt 0.553137 0.424603
vt 0.564801 0.432445
vt 0.543192 0.421704
vt 0.544796 0.417414
vt 0.342292 0.023353
vt 0.344268 0.044790
vt 0.334546 0.044810
vt 0.333255 0.022713
vt 0.355922 0.044683
vt 0.358468 0.074285
vt 0.345814 0.073827
vt 0.371081 0.074937
vt 0.371300 0.104748
vt 0.358803 0.104445
vt 0.381423 0.075662
vt 0.380598 0.104983
vt 0.345963 0.104419
vt 0.335354 0.135122
vt 0.334811 0.104652
vt 0.335136 0.073430
vt 0.325064 0.104967
vt 0.325962 0.073200
vt 0.326353 0.045148
vt 0.176897 0.024004
vt 0.178607 0.049388
vt 0.169533 0.048879
vt 0.169230 0.023368
vt 0.168782 0.001941
vt 0.175273 0.003414
vt 0.326463 0.022373
vt 0.603518 0.691578
vt 0.603256 0.678229
vt 0.327358 0.009600
vt 0.595226 0.713494
vt 0.591605 0.741340
vt 0.583392 0.739214
vt 0.589345 0.712095
vt 0.599921 0.242535
vt 0.600098 0.217039
vt 0.610561 0.217806
vt 0.612441 0.243892
vt 0.611925 0.263134
vt 0.596261 0.260962
vt 0.620181 0.217237
vt 0.622830 0.245404
vt 0.294517 0.691590
vt 0.284399 0.692838
vt 0.285234 0.673066
vt 0.294517 0.671610
vt 0.305344 0.042814
vt 0.303791 0.073500
vt 0.294035 0.073127
vt 0.295029 0.041223
vt 0.281720 0.072600
vt 0.280964 0.035652
vt 0.280079 0.008607
vt 0.269096 0.072470
vt 0.269095 0.032717
vt 0.257753 0.072486
vt 0.256482 0.040760
vt 0.684530 0.536007
vt 0.668013 0.538338
vt 0.669438 0.514660
vt 0.685596 0.513912
vt 0.287233 0.584856
vt 0.258477 0.586417
vt 0.257623 0.572372
vt 0.285081 0.570324
vt 0.338024 0.726963
vt 0.367309 0.723756
vt 0.368331 0.731823
vt 0.338848 0.732786
vt 0.368957 0.738248
vt 0.339386 0.738705
vt 0.316852 0.736980
vt 0.653185 0.230379
vt 0.647382 0.251063
vt 0.641426 0.248941
vt 0.646661 0.230067
vt 0.305155 0.734813
vt 0.236013 0.022121
vt 0.236862 0.042702
vt 0.228936 0.043128
vt 0.228883 0.024289
vt 0.220319 0.043635
vt 0.220908 0.025899
vt 0.221492 0.014776
vt 0.211817 0.026769
vt 0.212767 0.015960
vt 0.213444 0.007413
vt 0.222236 0.006476
vt 0.214188 0.000961
vt 0.223203 0.000851
vt 0.641426 0.209756
vt 0.645356 0.204511
vt 0.204166 0.008581
vt 0.204723 0.001979
vt 0.830105 0.069165
vt 0.822909 0.063055
vt 0.826953 0.060460
vt 0.833704 0.066216
vt 0.077525 0.480792
vt 0.086425 0.480852
vt 0.085386 0.488296
vt 0.077133 0.488269
vt 0.069065 0.488700
vt 0.068886 0.481368
vt 0.084714 0.496725
vt 0.076756 0.496652
vt 0.068804 0.496688
vt 0.076248 0.507322
vt 0.068007 0.506764
vt 0.007242 0.577435
vt 0.007168 0.586704
vt 0.001141 0.586615
vt 0.000775 0.578101
vt 0.358891 0.285951
vt 0.365413 0.285637
vt 0.300933 0.930717
vt 0.300811 0.940212
vt 0.292734 0.939337
vt 0.292655 0.929977
vt 0.284014 0.938449
vt 0.283392 0.929111
vt 0.282369 0.922309
vt 0.280332 0.917062
vt 0.272416 0.928562
vt 0.270852 0.922240
vt 0.269552 0.917274
vt 0.256300 0.928713
vt 0.255542 0.922270
vt 0.255327 0.917518
vt 0.240516 0.928610
vt 0.240049 0.921032
vt 0.240228 0.915143
vt 0.500475 0.408770
vt 0.500180 0.416349
vt 0.488007 0.416295
vt 0.488319 0.407520
vt 0.475754 0.416721
vt 0.475288 0.407635
vt 0.474153 0.398750
vt 0.086410 0.272555
vt 0.080895 0.272790
vt 0.078775 0.257385
vt 0.086907 0.257385
vt 0.316050 0.478500
vt 0.316243 0.486614
vt 0.303115 0.486372
vt 0.301808 0.478440
vt 0.859409 0.008046
vt 0.859330 0.001685
vt 0.315401 0.494884
vt 0.303457 0.494884
vt 0.980112 0.432770
vt 0.979645 0.441549
vt 0.970372 0.442370
vt 0.969791 0.433483
vt 0.968909 0.426196
vt 0.979885 0.424727
vt 0.960292 0.442584
vt 0.958890 0.433582
vt 0.957115 0.425756
vt 0.828811 0.023231
vt 0.822405 0.020763
vt 0.948544 0.433823
vt 0.946231 0.425893
vt 0.822757 0.032262
vt 0.816952 0.030468
vt 0.346223 0.609721
vt 0.354424 0.607303
vt 0.355486 0.615599
vt 0.346469 0.620402
vt 0.819245 0.040169
vt 0.812828 0.039625
vt 0.346164 0.600366
vt 0.353571 0.598607
vt 0.361391 0.596692
vt 0.362719 0.604614
vt 0.191203 0.396809
vt 0.191423 0.389724
vt 0.200390 0.390853
vt 0.200320 0.397940
vt 0.200659 0.404928
vt 0.191512 0.404193
vt 0.200698 0.414589
vt 0.191759 0.414003
vt 0.209359 0.396937
vt 0.209387 0.404408
vt 0.209032 0.414184
vt 0.207811 0.431163
vt 0.199775 0.432110
vt 0.193626 0.026714
vt 0.194845 0.016767
vt 0.203725 0.016798
vt 0.202670 0.026864
vt 0.200497 0.044239
vt 0.191722 0.044728
vt 0.199113 0.073237
vt 0.190493 0.073803
vt 0.210153 0.043991
vt 0.208985 0.072817
vt 0.209840 0.105167
vt 0.199815 0.105640
vt 0.219646 0.072556
vt 0.220374 0.104865
vt 0.222540 0.137523
vt 0.212337 0.137605
vt 0.228798 0.072306
vt 0.229918 0.104722
vt 0.231799 0.137516
vt 0.233369 0.170001
vt 0.223978 0.170300
vt 0.238386 0.104643
vt 0.239906 0.137589
vt 0.241599 0.169514
vt 0.241125 0.201104
vt 0.232648 0.201729
vt 0.545102 0.720354
vt 0.544414 0.691491
vt 0.552635 0.692113
vt 0.554337 0.720572
vt 0.554057 0.750036
vt 0.544148 0.749450
vt 0.553414 0.776386
vt 0.544989 0.776828
vt 0.028969 0.439312
vt 0.028845 0.471027
vt 0.020114 0.470967
vt 0.021870 0.439068
vt 0.562478 0.751225
vt 0.561618 0.776752
vt 0.253782 0.228702
vt 0.256592 0.256734
vt 0.249214 0.256649
vt 0.245165 0.227081
vt 0.252978 0.200028
vt 0.260372 0.199790
vt 0.261538 0.229477
vt 0.263425 0.256528
vt 0.391003 0.005666
vt 0.383393 0.006239
vt 0.268948 0.227913
vt 0.399271 0.004501
vt 0.267302 0.198304
vt 0.276080 0.197318
vt 0.276602 0.226504
vt 0.286190 0.197394
vt 0.284608 0.226670
vt 0.275597 0.167550
vt 0.286920 0.167034
vt 0.296472 0.166799
vt 0.284702 0.136728
vt 0.294656 0.136498
vt 0.610064 0.129071
vt 0.618044 0.156802
vt 0.609423 0.159298
vt 0.602111 0.129930
vt 0.596787 0.099966
vt 0.603551 0.098737
vt 0.303163 0.136136
vt 0.293629 0.105124
vt 0.302794 0.105373
vt 0.616044 0.187839
vt 0.607323 0.188774
vt 0.602801 0.159708
vt 0.596261 0.131575
vt 0.256361 0.402458
vt 0.259554 0.371883
vt 0.263134 0.372299
vt 0.262863 0.402881
vt 0.263134 0.434533
vt 0.257190 0.434338
vt 0.835265 0.483052
vt 0.838716 0.510241
vt 0.828375 0.511783
vt 0.826422 0.483856
vt 0.818674 0.511210
vt 0.817128 0.483741
vt 0.325552 0.135457
vt 0.586021 0.772502
vt 0.577455 0.770434
vt 0.168782 0.077167
vt 0.178641 0.077250
vt 0.606294 0.733877
vt 0.600277 0.733819
vt 0.598687 0.702099
vt 0.608346 0.702099
vt 0.282753 0.105013
vt 0.273304 0.137050
vt 0.270645 0.105103
vt 0.262589 0.136971
vt 0.259410 0.104882
vt 0.228450 0.586619
vt 0.197576 0.585951
vt 0.197966 0.575037
vt 0.228370 0.574589
vt 0.398833 0.720694
vt 0.430208 0.714835
vt 0.432119 0.721750
vt 0.400300 0.729487
vt 0.560283 0.663414
vt 0.560941 0.693760
vt 0.552338 0.662282
vt 0.844925 0.057207
vt 0.836906 0.057938
vt 0.837107 0.028855
vt 0.844135 0.027926
vt 0.544512 0.662041
vt 0.829088 0.057607
vt 0.829835 0.027926
vt 0.237024 0.072097
vt 0.242826 0.042815
vt 0.243685 0.072214
vt 0.020982 0.501866
vt 0.028969 0.502127
vt 0.540752 0.089321
vt 0.532206 0.088400
vt 0.531746 0.060496
vt 0.539896 0.060648
vt 0.532704 0.032205
vt 0.540752 0.031836
vt 0.168621 0.574872
vt 0.167843 0.584294
vt 0.138308 0.581669
vt 0.138819 0.575846
vt 0.264913 0.167946
vt 0.246465 0.285468
vt 0.242605 0.256895
vt 0.556050 0.802565
vt 0.550312 0.804010
vt 0.237414 0.285592
vt 0.233505 0.257671
vt 0.542243 0.806299
vt 0.535384 0.779322
vt 0.231219 0.231410
vt 0.223298 0.259053
vt 0.221585 0.232454
vt 0.223087 0.202056
vt 0.535384 0.750725
vt 0.212632 0.233799
vt 0.213439 0.202373
vt 0.213584 0.170708
vt 0.204398 0.203251
vt 0.203484 0.171336
vt 0.201879 0.137902
vt 0.194392 0.172022
vt 0.192602 0.138294
vt 0.191179 0.106143
vt 0.184726 0.138714
vt 0.183680 0.106522
vt 0.183477 0.074581
vt 0.540372 0.097893
vt 0.542190 0.126132
vt 0.533895 0.126650
vt 0.532165 0.098864
vt 0.199171 0.458673
vt 0.191202 0.457746
vt 0.191755 0.431687
vt 0.206981 0.457809
vt 0.389251 0.588386
vt 0.417827 0.583423
vt 0.419245 0.590902
vt 0.391532 0.595816
vt 0.373501 0.600865
vt 0.371079 0.593363
vt 0.393020 0.603105
vt 0.375290 0.607834
vt 0.364158 0.611837
vt 0.376813 0.614243
vt 0.365704 0.617650
vt 0.393975 0.610515
vt 0.395862 0.617483
vt 0.378825 0.619675
vt 0.256472 0.021844
vt 0.263134 0.021155
vt 0.263134 0.031085
vt 0.256282 0.031383
vt 0.534390 0.672858
vt 0.534716 0.689971
vt 0.527808 0.691651
vt 0.525456 0.676422
vt 0.522135 0.666993
vt 0.533764 0.661929
vt 0.518656 0.696123
vt 0.514797 0.684408
vt 0.509764 0.678148
vt 0.182405 0.238844
vt 0.190293 0.237355
vt 0.196000 0.254597
vt 0.188930 0.256605
vt 0.782159 0.305028
vt 0.782159 0.321071
vt 0.774554 0.320626
vt 0.774086 0.303068
vt 0.557569 0.041993
vt 0.565436 0.039494
vt 0.009272 0.439426
vt 0.015755 0.422446
vt 0.022857 0.423669
vt 0.017694 0.441916
vt 0.014532 0.457807
vt 0.005242 0.456713
vt 0.017212 0.511566
vt 0.028510 0.523236
vt 0.022481 0.531315
vt 0.013295 0.524407
vt 0.005266 0.521241
vt 0.007364 0.506617
vt 0.016153 0.468760
vt 0.000865 0.470744
vt 0.370580 0.638347
vt 0.385243 0.641387
vt 0.382195 0.648538
vt 0.367072 0.645767
vt 0.380109 0.657918
vt 0.363518 0.655703
vt 0.427639 0.438652
vt 0.427644 0.423936
vt 0.444082 0.423486
vt 0.444616 0.438795
vt 0.443508 0.449664
vt 0.426706 0.449591
vt 0.442445 0.459241
vt 0.426224 0.458729
vt 0.181055 0.096353
vt 0.180362 0.107698
vt 0.163908 0.104439
vt 0.164498 0.091847
vt 0.461087 0.453785
vt 0.459376 0.463501
vt 0.180513 0.124756
vt 0.163956 0.123828
vt 0.151907 0.123527
vt 0.152292 0.101448
vt 0.152557 0.089544
vt 0.142612 0.123565
vt 0.143210 0.099550
vt 0.145267 0.085498
vt 0.414781 0.333808
vt 0.412304 0.357879
vt 0.403849 0.357627
vt 0.517074 0.221648
vt 0.526267 0.222469
vt 0.525781 0.248498
vt 0.517180 0.248260
vt 0.403673 0.387216
vt 0.392648 0.385557
vt 0.390661 0.357342
vt 0.379677 0.385755
vt 0.377692 0.357535
vt 0.807983 0.348464
vt 0.808617 0.373055
vt 0.796458 0.374940
vt 0.794672 0.348134
vt 0.795617 0.322234
vt 0.810476 0.323069
vt 0.360482 0.334119
vt 0.358641 0.306276
vt 0.783789 0.349905
vt 0.783966 0.323050
vt 0.785894 0.297427
vt 0.790361 0.276541
vt 0.106983 0.073047
vt 0.106267 0.100620
vt 0.095361 0.102023
vt 0.095451 0.074663
vt 0.096045 0.049791
vt 0.108005 0.049043
vt 0.094467 0.026976
vt 0.107298 0.028312
vt 0.084387 0.076104
vt 0.084347 0.051277
vt 0.082182 0.027631
vt 0.079874 0.002393
vt 0.091165 0.001422
vt 0.760225 0.508857
vt 0.755302 0.529888
vt 0.742985 0.527376
vt 0.747780 0.506959
vt 0.750363 0.482512
vt 0.762377 0.483204
vt 0.749026 0.453962
vt 0.760771 0.453106
vt 0.731734 0.504010
vt 0.734314 0.482816
vt 0.733484 0.456008
vt 0.729732 0.426814
vt 0.744561 0.425396
vt 0.579447 0.441323
vt 0.563698 0.419415
vt 0.586999 0.398506
vt 0.597996 0.427192
vt 0.707964 0.456651
vt 0.711154 0.425139
vt 0.717779 0.392209
vt 0.730834 0.395584
vt 0.610982 0.457571
vt 0.618258 0.419988
vt 0.627212 0.453147
vt 0.635422 0.487834
vt 0.621922 0.491259
vt 0.642403 0.521744
vt 0.631390 0.523800
vt 0.645307 0.450367
vt 0.649685 0.484999
vt 0.653710 0.519916
vt 0.657508 0.550071
vt 0.648837 0.551752
vt 0.663673 0.483533
vt 0.665076 0.517725
vt 0.863414 0.213435
vt 0.874280 0.209389
vt 0.879795 0.239246
vt 0.870569 0.241743
vt 0.884553 0.264022
vt 0.879151 0.265557
vt 0.888184 0.207490
vt 0.889780 0.237810
vt 0.890926 0.263530
vt 0.887400 0.280064
vt 0.900181 0.238405
vt 0.897226 0.264523
vt 0.818622 0.364026
vt 0.818140 0.337820
vt 0.827708 0.338512
vt 0.825250 0.364592
vt 0.902862 0.266452
vt 0.838145 0.339617
vt 0.831843 0.365170
vt 0.827778 0.379429
vt 0.823714 0.378721
vt 0.825104 0.385044
vt 0.822551 0.384062
vt 0.372827 0.355298
vt 0.374181 0.371263
vt 0.367434 0.371631
vt 0.369078 0.355557
vt 0.370035 0.348040
vt 0.372656 0.348283
vt 0.370909 0.343471
vt 0.372985 0.344126
vt 0.364970 0.354888
vt 0.367409 0.347219
vt 0.368757 0.342675
vt 0.365164 0.345774
vt 0.366814 0.341734
vt 0.367432 0.339144
vt 0.363671 0.344257
vt 0.365121 0.341051
vt 0.703206 0.527919
vt 0.706343 0.526323
vt 0.706437 0.522366
vt 0.708725 0.522087
vt 0.708360 0.526294
vt 0.710830 0.522280
vt 0.710080 0.526480
vt 0.080014 0.081708
vt 0.082078 0.081925
vt 0.082078 0.084492
vt 0.080036 0.084060
vt 0.768688 0.283692
vt 0.769870 0.287844
vt 0.767740 0.287685
vt 0.766783 0.283704
vt 0.765642 0.281595
vt 0.767646 0.281021
vt 0.763334 0.282577
vt 0.888360 0.295182
vt 0.887538 0.292924
vt 0.889040 0.291868
vt 0.890139 0.294392
vt 0.890860 0.296462
vt 0.889102 0.296931
vt 0.890959 0.290731
vt 0.892257 0.293148
vt 0.893045 0.295244
vt 0.894480 0.291390
vt 0.373337 0.341257
vt 0.887349 0.288326
vt 0.889390 0.287293
vt 0.884361 0.280929
vt 0.885801 0.289471
vt 0.881764 0.282267
vt 0.661240 0.588637
vt 0.657770 0.589033
vt 0.654638 0.575083
vt 0.660688 0.574052
vt 0.745724 0.304737
vt 0.754778 0.291193
vt 0.750190 0.307712
vt 0.739197 0.331538
vt 0.732371 0.327535
vt 0.755039 0.310199
vt 0.746440 0.334926
vt 0.737699 0.364101
vt 0.727720 0.360675
vt 0.640925 0.552636
vt 0.754220 0.337517
vt 0.747017 0.366205
vt 0.743134 0.396937
vt 0.757269 0.367438
vt 0.753911 0.396915
vt 0.755548 0.423647
vt 0.026343 0.082078
vt 0.023567 0.057738
vt 0.035327 0.057047
vt 0.036666 0.080692
vt 0.764599 0.422258
vt 0.770345 0.452341
vt 0.713745 0.357880
vt 0.710649 0.388281
vt 0.700256 0.387008
vt 0.703127 0.356940
vt 0.703024 0.325144
vt 0.714565 0.326790
vt 0.772502 0.483240
vt 0.690541 0.355624
vt 0.689286 0.324136
vt 0.684292 0.300603
vt 0.698077 0.299600
vt 0.103465 0.002466
vt 0.367888 0.241578
vt 0.382819 0.214028
vt 0.394035 0.223088
vt 0.411213 0.198425
vt 0.424840 0.205674
vt 0.411464 0.237859
vt 0.676186 0.353234
vt 0.688213 0.385306
vt 0.674106 0.383327
vt 0.687644 0.412931
vt 0.673839 0.414090
vt 0.700958 0.413059
vt 0.703356 0.441373
vt 0.690958 0.442105
vt 0.047982 0.057805
vt 0.048281 0.081395
vt 0.035650 0.028881
vt 0.048281 0.029466
vt 0.037691 0.001748
vt 0.047507 0.001894
vt 0.024294 0.029159
vt 0.767735 0.367846
vt 0.762762 0.339106
vt 0.771817 0.339584
vt 0.766954 0.313008
vt 0.772502 0.312854
vt 0.761199 0.312154
vt 0.767705 0.296802
vt 0.771098 0.296999
vt 0.712080 0.513128
vt 0.708627 0.513013
vt 0.708048 0.497216
vt 0.713911 0.497322
vt 0.704760 0.513615
vt 0.701605 0.497904
vt 0.696277 0.471104
vt 0.705803 0.470121
vt 0.714565 0.470721
vt 0.695348 0.499401
vt 0.687072 0.473496
vt 0.679119 0.444554
vt 0.678442 0.476976
vt 0.668671 0.448348
vt 0.430781 0.136941
vt 0.441171 0.138261
vt 0.435058 0.171578
vt 0.422771 0.168264
vt 0.453009 0.140173
vt 0.448935 0.174048
vt 0.442350 0.210374
vt 0.661238 0.417194
vt 0.656795 0.383293
vt 0.463907 0.176405
vt 0.460882 0.212491
vt 0.458271 0.251202
vt 0.434477 0.250724
vt 0.452918 0.293397
vt 0.477452 0.212847
vt 0.475738 0.250186
vt 0.475615 0.291592
vt 0.391082 0.552118
vt 0.424955 0.555104
vt 0.424648 0.571989
vt 0.392773 0.569505
vt 0.358472 0.566650
vt 0.353919 0.550346
vt 0.391239 0.586619
vt 0.359103 0.583450
vt 0.330048 0.583006
vt 0.862429 0.168929
vt 0.857475 0.204730
vt 0.840209 0.204082
vt 0.844688 0.169326
vt 0.822293 0.203466
vt 0.825661 0.168915
vt 0.965579 0.205749
vt 0.965628 0.237027
vt 0.948506 0.239073
vt 0.947186 0.208501
vt 0.965628 0.179153
vt 0.931030 0.238189
vt 0.928191 0.207025
vt 0.653474 0.379956
vt 0.658089 0.413719
vt 0.639461 0.416082
vt 0.633288 0.381141
vt 0.604606 0.387411
vt 0.594907 0.368047
vt 0.555137 0.398898
vt 0.584053 0.386424
vt 0.662003 0.448580
vt 0.933887 0.269864
vt 0.949897 0.270376
vt 0.870536 0.146993
vt 0.886557 0.145333
vt 0.887442 0.177122
vt 0.872047 0.178274
vt 0.805056 0.272798
vt 0.805056 0.237456
vt 0.819871 0.238078
vt 0.818670 0.273165
vt 0.902862 0.178022
vt 0.901908 0.208680
vt 0.818093 0.306509
vt 0.833564 0.273544
vt 0.830623 0.307405
vt 0.848159 0.274620
vt 0.844046 0.308624
vt 0.374181 0.427400
vt 0.373690 0.457903
vt 0.358292 0.458673
vt 0.360972 0.428241
vt 0.364156 0.397580
vt 0.374065 0.397266
vt 0.347698 0.426131
vt 0.353980 0.395779
vt 0.360535 0.370425
vt 0.344559 0.392142
vt 0.354417 0.368083
vt 0.361318 0.353464
vt 0.463452 0.070889
vt 0.464810 0.084868
vt 0.458241 0.084383
vt 0.459478 0.070779
vt 0.358499 0.351682
vt 0.465383 0.109790
vt 0.455727 0.109410
vt 0.446450 0.108240
vt 0.451491 0.083936
vt 0.455105 0.070632
vt 0.690282 0.501599
vt 0.465624 0.141735
vt 0.336301 0.421233
vt 0.477221 0.142944
vt 0.477986 0.177334
vt 0.342893 0.456452
vt 0.456259 0.558665
vt 0.455766 0.574328
vt 0.861648 0.275935
vt 0.852537 0.239925
vt 0.866651 0.240901
vt 0.836552 0.238863
vt 0.164157 0.809575
vt 0.164157 0.840654
vt 0.146649 0.842510
vt 0.147798 0.811661
vt 0.807199 0.202575
vt 0.760262 0.284929
vt 0.897173 0.288510
vt 0.728227 0.520577
vt 0.004229 0.791172
vt 0.001581 0.778851
vt 0.022871 0.776529
vt 0.025058 0.788241
vt 0.027414 0.804082
vt 0.009341 0.806299
vt 0.047544 0.775646
vt 0.048430 0.786896
vt 0.537082 0.357884
vt 0.538717 0.332272
vt 0.552372 0.335042
vt 0.050112 0.801834
vt 0.072542 0.787098
vt 0.073166 0.801903
vt 0.847408 0.033797
vt 0.849048 0.012209
vt 0.864371 0.010966
vt 0.866651 0.033797
vt 0.568368 0.335103
vt 0.566333 0.309247
vt 0.576463 0.308003
vt 0.578286 0.329757
vt 0.582544 0.346994
vt 0.053219 0.104359
vt 0.054527 0.126132
vt 0.044082 0.127509
vt 0.043585 0.107314
vt 0.300571 0.143330
vt 0.311415 0.142372
vt 0.311415 0.156005
vt 0.298844 0.159329
vt 0.032360 0.129023
vt 0.032158 0.109087
vt 0.031130 0.095773
vt 0.041009 0.093117
vt 0.015564 0.131359
vt 0.015239 0.113728
vt 0.014142 0.101607
vt 0.033312 0.158144
vt 0.016737 0.160350
vt 0.003888 0.162362
vt 0.001243 0.134921
vt 0.463573 0.363757
vt 0.017921 0.192321
vt 0.007102 0.193383
vt 0.461519 0.395809
vt 0.473158 0.420228
vt 0.464220 0.424037
vt 0.451685 0.400028
vt 0.074254 0.027355
vt 0.076742 0.057868
vt 0.069361 0.057960
vt 0.067174 0.027217
vt 0.064958 0.002916
vt 0.071800 0.000871
vt 0.062409 0.001823
vt 0.056660 0.002852
vt 0.589097 0.000762
vt 0.494239 0.002610
vt 0.503912 0.001920
vt 0.505002 0.030532
vt 0.496879 0.031090
vt 0.516611 0.002477
vt 0.515839 0.031020
vt 0.018706 0.225105
vt 0.033987 0.190472
vt 0.033551 0.223758
vt 0.046441 0.188985
vt 0.048087 0.221883
vt 0.055937 0.187783
vt 0.056688 0.219827
vt 0.060536 0.251159
vt 0.065522 0.217334
vt 0.067476 0.248549
vt 0.071006 0.280795
vt 0.074648 0.246738
vt 0.077817 0.278633
vt 0.081088 0.309379
vt 0.083820 0.277184
vt 0.088175 0.307399
vt 0.087830 0.338166
vt 0.091847 0.306680
vt 0.093123 0.336588
vt 0.071733 0.554422
vt 0.069961 0.549401
vt 0.098096 0.306494
vt 0.097642 0.335804
vt 0.091607 0.368082
vt 0.105199 0.306622
vt 0.103592 0.335607
vt 0.111511 0.306493
vt 0.109225 0.335950
vt 0.107474 0.366385
vt 0.114433 0.337134
vt 0.112695 0.366649
vt 0.113247 0.395633
vt 0.119072 0.367735
vt 0.119029 0.396093
vt 0.813679 0.584606
vt 0.820216 0.584871
vt 0.125993 0.368803
vt 0.126420 0.396470
vt 0.126158 0.425329
vt 0.119799 0.425041
vt 0.138508 0.369535
vt 0.139416 0.396863
vt 0.139328 0.424866
vt 0.156189 0.397191
vt 0.155674 0.424476
vt 0.155106 0.454195
vt 0.169819 0.424066
vt 0.168310 0.454107
vt 0.166052 0.476986
vt 0.154156 0.476939
vt 0.252283 0.513562
vt 0.254766 0.524484
vt 0.239840 0.524716
vt 0.236512 0.515780
vt 0.151834 0.491696
vt 0.161304 0.490106
vt 0.158729 0.510513
vt 0.220821 0.522624
vt 0.242507 0.535541
vt 0.222945 0.531967
vt 0.167352 0.509454
vt 0.243844 0.543675
vt 0.223393 0.541062
vt 0.202544 0.546252
vt 0.759929 0.398700
vt 0.760591 0.375778
vt 0.772811 0.370751
vt 0.768310 0.398176
vt 0.767681 0.411269
vt 0.759929 0.410835
vt 0.767776 0.417455
vt 0.760366 0.417666
vt 0.775941 0.400707
vt 0.775458 0.411658
vt 0.775038 0.417826
vt 0.774393 0.422207
vt 0.768253 0.422462
vt 0.511741 0.468246
vt 0.510475 0.461883
vt 0.516784 0.461260
vt 0.517558 0.467696
vt 0.518390 0.472840
vt 0.513112 0.473158
vt 0.350042 0.682859
vt 0.346804 0.681490
vt 0.523675 0.468136
vt 0.524146 0.472844
vt 0.523309 0.461716
vt 0.529657 0.463045
vt 0.529535 0.469216
vt 0.529651 0.472772
vt 0.522761 0.452491
vt 0.529603 0.454552
vt 0.221869 0.453351
vt 0.219724 0.445192
vt 0.226482 0.446223
vt 0.227810 0.454078
vt 0.535065 0.465171
vt 0.533807 0.470004
vt 0.030470 0.436947
vt 0.026545 0.436729
vt 0.026545 0.428954
vt 0.031004 0.432031
vt 0.535822 0.457133
vt 0.529775 0.439261
vt 0.537153 0.443475
vt 0.224333 0.432829
vt 0.530226 0.417086
vt 0.538943 0.421983
vt 0.221683 0.411195
vt 0.529743 0.404274
vt 0.539699 0.407278
vt 0.220336 0.395940
vt 0.229438 0.396834
vt 0.548037 0.410322
vt 0.543083 0.394478
vt 0.551615 0.397324
vt 0.227671 0.384762
vt 0.216266 0.385417
vt 0.215008 0.368005
vt 0.227249 0.367047
vt 0.214058 0.342505
vt 0.226709 0.341947
vt 0.214374 0.314695
vt 0.226500 0.314147
vt 0.239139 0.313971
vt 0.225624 0.286219
vt 0.215155 0.287037
vt 0.214065 0.260719
vt 0.207109 0.287680
vt 0.206491 0.262226
vt 0.204621 0.235049
vt 0.199870 0.263449
vt 0.196802 0.235793
vt 0.196168 0.204424
vt 0.549982 0.218450
vt 0.546523 0.248144
vt 0.539271 0.247241
vt 0.542540 0.217808
vt 0.189053 0.205320
vt 0.186832 0.172533
vt 0.542951 0.186973
vt 0.534007 0.218212
vt 0.534569 0.187201
vt 0.534001 0.155903
vt 0.542257 0.155634
vt 0.481231 0.579115
vt 0.515004 0.578772
vt 0.515385 0.586637
vt 0.481695 0.587417
vt 0.449988 0.588058
vt 0.449128 0.580021
vt 0.482296 0.595926
vt 0.450525 0.597226
vt 0.420007 0.599407
vt 0.450674 0.604950
vt 0.419883 0.606746
vt 0.450777 0.611811
vt 0.419832 0.613117
vt 0.533664 0.714006
vt 0.532873 0.744968
vt 0.527406 0.744250
vt 0.527557 0.714130
vt 0.519498 0.743612
vt 0.519696 0.715347
vt 0.510570 0.743811
vt 0.509182 0.719462
vt 0.507054 0.705666
vt 0.490902 0.728464
vt 0.486427 0.719546
vt 0.482722 0.712233
vt 0.502752 0.698085
vt 0.457859 0.732424
vt 0.454369 0.724835
vt 0.199161 0.278900
vt 0.198558 0.309432
vt 0.190699 0.308815
vt 0.191181 0.278434
vt 0.183664 0.309460
vt 0.183502 0.279499
vt 0.785878 0.498560
vt 0.794229 0.497232
vt 0.793491 0.516459
vt 0.785878 0.516611
vt 0.015396 0.400675
vt 0.013994 0.370717
vt 0.022337 0.370148
vt 0.024141 0.399701
vt 0.059858 0.552281
vt 0.087555 0.564371
vt 0.083772 0.572259
vt 0.055972 0.559910
vt 0.034563 0.544591
vt 0.040176 0.538518
vt 0.051795 0.568208
vt 0.029640 0.554295
vt 0.018303 0.547457
vt 0.027138 0.575138
vt 0.017340 0.574671
vt 0.009882 0.574825
vt 0.010554 0.546288
vt 0.003957 0.575041
vt 0.004390 0.544176
vt 0.408269 0.644250
vt 0.439215 0.646480
vt 0.439636 0.653590
vt 0.407327 0.651316
vt 0.439676 0.661293
vt 0.407424 0.660101
vt 0.546357 0.556592
vt 0.517930 0.554121
vt 0.517839 0.538596
vt 0.546787 0.540397
vt 0.426224 0.400233
vt 0.442101 0.397524
vt 0.181055 0.154609
vt 0.180187 0.187119
vt 0.163629 0.186379
vt 0.164666 0.154043
vt 0.152415 0.185496
vt 0.152430 0.153831
vt 0.143257 0.184233
vt 0.143134 0.153728
vt 0.150966 0.218005
vt 0.142362 0.216172
vt 0.133570 0.214684
vt 0.135796 0.182870
vt 0.524876 0.274908
vt 0.517074 0.275204
vt 0.403206 0.417269
vt 0.404869 0.448980
vt 0.398380 0.447753
vt 0.395133 0.416600
vt 0.390137 0.447807
vt 0.385690 0.416684
vt 0.810374 0.402255
vt 0.808846 0.431945
vt 0.798438 0.432040
vt 0.798171 0.402136
vt 0.787809 0.433116
vt 0.786549 0.403620
vt 0.784862 0.377004
vt 0.105255 0.155886
vt 0.106904 0.183880
vt 0.094614 0.184225
vt 0.094781 0.156465
vt 0.095613 0.129082
vt 0.105294 0.128191
vt 0.073309 0.765776
vt 0.099603 0.767934
vt 0.098041 0.778932
vt 0.072368 0.776076
vt 0.086107 0.128333
vt 0.085182 0.102729
vt 0.096332 0.790562
vt 0.124364 0.779540
vt 0.124396 0.791881
vt 0.127334 0.802200
vt 0.098848 0.803579
vt 0.843879 0.735034
vt 0.856995 0.732421
vt 0.856995 0.757851
vt 0.842622 0.760432
vt 0.140016 0.108643
vt 0.140016 0.139939
vt 0.131251 0.142545
vt 0.129798 0.110612
vt 0.456599 0.720908
vt 0.446002 0.724221
vt 0.446002 0.697449
vt 0.461087 0.695566
vt 0.318657 0.740965
vt 0.318131 0.770088
vt 0.310474 0.770088
vt 0.308971 0.742704
vt 0.567258 0.279868
vt 0.574993 0.278682
vt 0.054603 0.155536
vt 0.045043 0.156724
vt 0.139593 0.171956
vt 0.133158 0.173813
vt 0.063207 0.186128
vt 0.157187 0.798634
vt 0.154805 0.790614
vt 0.185105 0.788171
vt 0.187101 0.795567
vt 0.188230 0.802856
vt 0.160257 0.806299
vt 0.154336 0.778597
vt 0.184315 0.777959
vt 0.214442 0.778536
vt 0.215882 0.786074
vt 0.217555 0.793223
vt 0.089496 0.276598
vt 0.088086 0.245832
vt 0.097776 0.246265
vt 0.098367 0.277074
vt 0.215987 0.770085
vt 0.245066 0.772806
vt 0.244917 0.779365
vt 0.246235 0.784337
vt 0.107544 0.245999
vt 0.106412 0.276773
vt 0.790058 0.494706
vt 0.789014 0.463947
vt 0.798028 0.463007
vt 0.797204 0.493731
vt 0.113721 0.276392
vt 0.807083 0.463259
vt 0.805192 0.494468
vt 0.804179 0.525195
vt 0.797571 0.524165
vt 0.811605 0.495810
vt 0.808956 0.525900
vt 0.116724 0.307068
vt 0.121615 0.308238
vt 0.119853 0.338728
vt 0.801872 0.554029
vt 0.797042 0.553494
vt 0.128070 0.310031
vt 0.126066 0.339954
vt 0.135700 0.311556
vt 0.136150 0.341159
vt 0.151182 0.313229
vt 0.153371 0.341923
vt 0.155308 0.370136
vt 0.168747 0.342795
vt 0.170358 0.371144
vt 0.170910 0.397028
vt 0.179647 0.373939
vt 0.179363 0.395339
vt 0.179764 0.422731
vt 0.307276 0.535296
vt 0.331525 0.535557
vt 0.309609 0.542975
vt 0.282612 0.544605
vt 0.279997 0.534849
vt 0.179697 0.453256
vt 0.262612 0.545840
vt 0.259025 0.535241
vt 0.177759 0.475009
vt 0.285116 0.553228
vt 0.592808 0.238993
vt 0.592808 0.210458
vt 0.596097 0.209393
vt 0.596275 0.236619
vt 0.376689 0.401608
vt 0.380304 0.399338
vt 0.383837 0.422652
vt 0.376689 0.424876
vt 0.311085 0.550924
vt 0.567496 0.972413
vt 0.540015 0.968020
vt 0.541401 0.961340
vt 0.567435 0.966967
vt 0.590915 0.972600
vt 0.590768 0.976043
vt 0.544309 0.953002
vt 0.568192 0.958703
vt 0.591116 0.964381
vt 0.570715 0.948396
vt 0.592560 0.954635
vt 0.611676 0.959022
vt 0.597314 0.938455
vt 0.616670 0.944299
vt 0.631281 0.946529
vt 0.626878 0.961170
vt 0.627725 0.918352
vt 0.640168 0.922295
vt 0.649047 0.924827
vt 0.650278 0.894296
vt 0.658296 0.896488
vt 0.665546 0.898430
vt 0.657046 0.927209
vt 0.906637 0.278489
vt 0.906485 0.249914
vt 0.913610 0.250631
vt 0.914052 0.279451
vt 0.921738 0.250451
vt 0.921774 0.279136
vt 0.002879 0.094596
vt 0.002570 0.066442
vt 0.008785 0.066666
vt 0.009157 0.094706
vt 0.869369 0.886110
vt 0.842053 0.895943
vt 0.839386 0.888244
vt 0.866254 0.878185
vt 0.887210 0.871596
vt 0.889018 0.879031
vt 0.862998 0.870049
vt 0.885418 0.862657
vt 0.900038 0.859860
vt 0.900030 0.869281
vt 0.908562 0.858780
vt 0.907821 0.868260
vt 0.915860 0.858261
vt 0.915568 0.867189
vt 0.922766 0.857801
vt 0.923382 0.865245
vt 0.914969 0.843388
vt 0.922301 0.844337
vt 0.913529 0.818505
vt 0.920605 0.820931
vt 0.690272 0.968383
vt 0.690144 0.944931
vt 0.697647 0.947673
vt 0.698102 0.969691
vt 0.697388 0.982261
vt 0.690460 0.983199
vt 0.696236 0.990061
vt 0.705249 0.991266
vt 0.704255 0.999425
vt 0.694122 0.997279
vt 0.468330 0.442874
vt 0.468330 0.451431
vt 0.462207 0.450186
vt 0.462999 0.443097
vt 0.706256 0.982539
vt 0.721209 0.983013
vt 0.720384 0.991589
vt 0.707100 0.971192
vt 0.722039 0.972942
vt 0.744474 0.972377
vt 0.745785 0.982581
vt 0.707025 0.951666
vt 0.720452 0.956827
vt 0.740063 0.958745
vt 0.753513 0.955148
vt 0.759376 0.968883
vt 0.769140 0.964320
vt 0.772686 0.974546
vt 0.762538 0.979098
vt 0.761829 0.949917
vt 0.768670 0.944660
vt 0.777388 0.959978
vt 0.748681 0.930305
vt 0.755435 0.925569
vt 0.033750 0.399871
vt 0.027117 0.399670
vt 0.027117 0.376745
vt 0.033797 0.376931
vt 0.736493 0.910577
vt 0.741177 0.906108
vt 0.033672 0.423843
vt 0.028218 0.424876
vt 0.240895 0.602735
vt 0.240681 0.595829
vt 0.266499 0.598911
vt 0.266008 0.605476
vt 0.241205 0.608173
vt 0.216720 0.606959
vt 0.266924 0.592664
vt 0.289938 0.594497
vt 0.289242 0.601055
vt 0.288802 0.606546
vt 0.837644 0.378545
vt 0.839342 0.352764
vt 0.845307 0.353122
vt 0.844182 0.378948
vt 0.851834 0.353305
vt 0.851221 0.379278
vt 0.843031 0.324416
vt 0.848072 0.326088
vt 0.853336 0.328297
vt 0.861748 0.330372
vt 0.858851 0.353799
vt 0.854530 0.297389
vt 0.860025 0.303356
vt 0.868214 0.310692
vt 0.881900 0.321418
vt 0.875547 0.335221
vt 0.864387 0.287105
vt 0.871577 0.296994
vt 0.886860 0.312396
vt 0.906381 0.328484
vt 0.901795 0.335606
vt 0.871014 0.284185
vt 0.891587 0.304861
vt 0.911038 0.323345
vt 0.921663 0.340120
vt 0.508272 0.377573
vt 0.509703 0.353031
vt 0.516910 0.352592
vt 0.515166 0.378029
vt 0.508628 0.394158
vt 0.525595 0.351674
vt 0.523038 0.376718
vt 0.535299 0.352248
vt 0.534047 0.376363
vt 0.531889 0.393295
vt 0.544041 0.377817
vt 0.204989 0.368831
vt 0.204373 0.342849
vt 0.529168 0.326289
vt 0.537847 0.327236
vt 0.205721 0.315149
vt 0.533736 0.301576
vt 0.540870 0.302299
vt 0.520594 0.326378
vt 0.526545 0.301541
vt 0.532476 0.276398
vt 0.538869 0.277205
vt 0.200754 0.288136
vt 0.519991 0.301244
vt 0.526848 0.275145
vt 0.532122 0.247526
vt 0.577964 0.584263
vt 0.604188 0.594150
vt 0.603169 0.600480
vt 0.577117 0.592728
vt 0.548353 0.586733
vt 0.548040 0.579965
vt 0.577161 0.600852
vt 0.548445 0.597006
vt 0.515492 0.595431
vt 0.549070 0.605276
vt 0.515201 0.603245
vt 0.482949 0.603465
vt 0.515418 0.610199
vt 0.483452 0.610593
vt 0.012843 0.065198
vt 0.013051 0.035887
vt 0.019313 0.035917
vt 0.019313 0.065823
vt 0.019079 0.096563
vt 0.013388 0.095015
vt 0.526932 0.777659
vt 0.526707 0.810113
vt 0.519252 0.811017
vt 0.519002 0.777405
vt 0.510602 0.812258
vt 0.510331 0.777193
vt 0.498861 0.814049
vt 0.498012 0.777375
vt 0.495262 0.746447
vt 0.472562 0.780711
vt 0.466333 0.753981
vt 0.461692 0.740567
vt 0.435156 0.764726
vt 0.431001 0.752891
vt 0.427979 0.744971
vt 0.401665 0.764531
vt 0.398747 0.756819
vt 0.395938 0.749483
vt 0.425052 0.737488
vt 0.393516 0.742976
vt 0.422587 0.730725
vt 0.197609 0.340822
vt 0.190205 0.339880
vt 0.189616 0.370713
vt 0.183376 0.371191
vt 0.183842 0.340398
vt 0.012761 0.339809
vt 0.010521 0.309024
vt 0.017725 0.308591
vt 0.020475 0.339332
vt 0.116668 0.576672
vt 0.146192 0.588219
vt 0.143056 0.595325
vt 0.113322 0.584231
vt 0.140031 0.602536
vt 0.110087 0.591792
vt 0.080072 0.580309
vt 0.106398 0.601665
vt 0.076304 0.590997
vt 0.047453 0.580045
vt 0.070426 0.612962
vt 0.042108 0.609104
vt 0.026386 0.607894
vt 0.039045 0.644521
vt 0.025521 0.643145
vt 0.016878 0.642507
vt 0.017138 0.608300
vt 0.009391 0.641853
vt 0.009604 0.608375
vt 0.443885 0.068666
vt 0.444189 0.098632
vt 0.437558 0.098977
vt 0.436916 0.069498
vt 0.437218 0.039898
vt 0.444189 0.038829
vt 0.472490 0.647278
vt 0.505666 0.647324
vt 0.505852 0.654385
vt 0.472547 0.654667
vt 0.505790 0.661380
vt 0.472487 0.661455
vt 0.488854 0.552726
vt 0.459281 0.551523
vt 0.460179 0.537520
vt 0.489100 0.537983
vt 0.180608 0.219700
vt 0.181031 0.252408
vt 0.165412 0.251768
vt 0.163651 0.219309
vt 0.148799 0.250808
vt 0.166438 0.283426
vt 0.148860 0.282235
vt 0.137105 0.280569
vt 0.140180 0.248161
vt 0.130058 0.278466
vt 0.133801 0.245599
vt 0.123615 0.276436
vt 0.126845 0.244610
vt 0.813542 0.620416
vt 0.805593 0.620235
vt 0.805593 0.589904
vt 0.812190 0.592060
vt 0.813542 0.464437
vt 0.402548 0.478799
vt 0.396426 0.479193
vt 0.167330 0.314621
vt 0.179885 0.284894
vt 0.179360 0.316212
vt 0.402183 0.523116
vt 0.402167 0.536625
vt 0.376725 0.537553
vt 0.376769 0.525252
vt 0.399202 0.549751
vt 0.371929 0.545939
vt 0.350616 0.536270
vt 0.179755 0.344314
vt 0.571223 0.658203
vt 0.538737 0.660716
vt 0.539229 0.652298
vt 0.574600 0.648984
vt 0.608121 0.654149
vt 0.601463 0.659638
vt 0.430860 0.536186
vt 0.429209 0.549702
vt 0.540094 0.645026
vt 0.576305 0.642923
vt 0.665648 0.554184
vt 0.660078 0.555236
vt 0.660078 0.521960
vt 0.666283 0.524365
vt 0.001737 0.712420
vt 0.001168 0.676134
vt 0.007589 0.677439
vt 0.008638 0.713561
vt 0.014241 0.742240
vt 0.005050 0.744428
vt 0.577735 0.078283
vt 0.569507 0.048582
vt 0.576581 0.050204
vt 0.586809 0.078864
vt 0.589327 0.103014
vt 0.580134 0.102253
vt 0.571162 0.102998
vt 0.569507 0.080617
vt 0.589100 0.126881
vt 0.580335 0.126535
vt 0.572116 0.126780
vt 0.580854 0.150931
vt 0.573191 0.151406
vt 0.442834 0.516935
vt 0.467456 0.518482
vt 0.466654 0.527119
vt 0.442549 0.526401
vt 0.425112 0.527597
vt 0.418984 0.515976
vt 0.518265 0.945044
vt 0.535077 0.927854
vt 0.541265 0.934108
vt 0.527846 0.949217
vt 0.521102 0.959674
vt 0.507850 0.958964
vt 0.517889 0.966197
vt 0.502502 0.968351
vt 0.550893 0.940979
vt 0.559278 0.914028
vt 0.565541 0.920593
vt 0.577813 0.929558
vt 0.584932 0.894804
vt 0.593978 0.901506
vt 0.609424 0.910599
vt 0.612471 0.876261
vt 0.625940 0.884552
vt 0.640182 0.891006
vt 0.651699 0.864355
vt 0.659113 0.866829
vt 0.659929 0.843737
vt 0.666049 0.845173
vt 0.672671 0.846613
vt 0.666286 0.868833
vt 0.678945 0.848195
vt 0.673016 0.870746
vt 0.908087 0.222191
vt 0.908506 0.199706
vt 0.914625 0.200433
vt 0.914244 0.223033
vt 0.920979 0.199948
vt 0.921347 0.222649
vt 0.002497 0.039519
vt 0.003264 0.018066
vt 0.009397 0.018814
vt 0.008946 0.040115
vt 0.815199 0.904269
vt 0.793383 0.910552
vt 0.791804 0.903953
vt 0.812915 0.897129
vt 0.790438 0.897331
vt 0.810450 0.890347
vt 0.836626 0.880610
vt 0.832013 0.870112
vt 0.857566 0.857264
vt 0.823298 0.855139
vt 0.847290 0.838146
vt 0.873221 0.823259
vt 0.881974 0.847886
vt 0.893605 0.816453
vt 0.898302 0.844039
vt 0.903344 0.815555
vt 0.907226 0.843292
vt 0.861847 0.804932
vt 0.837886 0.824710
vt 0.831281 0.816894
vt 0.853954 0.796244
vt 0.825825 0.811015
vt 0.847884 0.790378
vt 0.867074 0.771065
vt 0.841783 0.784524
vt 0.860341 0.765384
vt 0.876716 0.748216
vt 0.883142 0.755112
vt 0.894284 0.732138
vt 0.900211 0.739755
vt 0.908073 0.712558
vt 0.918155 0.721549
vt 0.915724 0.736130
vt 0.028007 0.755638
vt 0.024353 0.718464
vt 0.038440 0.718524
vt 0.044133 0.747023
vt 0.049263 0.760603
vt 0.032104 0.767674
vt 0.598689 0.079872
vt 0.585108 0.052471
vt 0.067767 0.742261
vt 0.071484 0.757064
vt 0.768424 0.835050
vt 0.768424 0.817748
vt 0.778453 0.823433
vt 0.779745 0.835268
vt 0.280581 0.721736
vt 0.291308 0.719011
vt 0.064263 0.719269
vt 0.091351 0.721548
vt 0.091358 0.741358
vt 0.091297 0.753261
vt 0.118073 0.724049
vt 0.116456 0.741157
vt 0.115757 0.751778
vt 0.150226 0.739884
vt 0.149600 0.749400
vt 0.149830 0.757495
vt 0.184953 0.745510
vt 0.185840 0.753136
vt 0.186878 0.760725
vt 0.150740 0.765482
vt 0.245905 0.135033
vt 0.247433 0.098762
vt 0.252411 0.098746
vt 0.251084 0.134793
vt 0.390152 0.924130
vt 0.354263 0.919827
vt 0.354976 0.913125
vt 0.390373 0.917200
vt 0.355703 0.905874
vt 0.390465 0.909309
vt 0.422158 0.910766
vt 0.389492 0.900909
vt 0.421533 0.901844
vt 0.445013 0.902544
vt 0.442096 0.911015
vt 0.450316 0.922225
vt 0.420745 0.887838
vt 0.446083 0.886657
vt 0.470271 0.885399
vt 0.447694 0.857552
vt 0.475087 0.854400
vt 0.498408 0.850955
vt 0.495793 0.882824
vt 0.511326 0.848060
vt 0.511368 0.880192
vt 0.510151 0.901616
vt 0.507130 0.915321
vt 0.520528 0.877983
vt 0.520747 0.901125
vt 0.520245 0.915966
vt 0.519410 0.926106
vt 0.507863 0.925374
vt 0.528058 0.900539
vt 0.527119 0.916405
vt 0.525240 0.926555
vt 0.534716 0.899952
vt 0.532976 0.917219
vt 0.530262 0.927003
vt 0.291653 0.404850
vt 0.295980 0.395434
vt 0.290092 0.416385
vt 0.284613 0.416131
vt 0.294463 0.432009
vt 0.288736 0.434517
vt 0.624161 0.617235
vt 0.605223 0.612683
vt 0.604006 0.606007
vt 0.626509 0.613109
vt 0.279503 0.416519
vt 0.578599 0.609008
vt 0.299796 0.458673
vt 0.304173 0.454512
vt 0.580048 0.614204
vt 0.549640 0.611843
vt 0.533271 0.843935
vt 0.533670 0.874338
vt 0.527861 0.876252
vt 0.527633 0.844630
vt 0.013210 0.003335
vt 0.019277 0.003539
vt 0.520013 0.846056
vt 0.487935 0.924235
vt 0.476116 0.817264
vt 0.446819 0.821982
vt 0.441452 0.787197
vt 0.417658 0.827230
vt 0.411348 0.794445
vt 0.405557 0.775458
vt 0.381636 0.801816
vt 0.377032 0.785781
vt 0.373411 0.775833
vt 0.348448 0.795597
vt 0.345241 0.786326
vt 0.342580 0.779488
vt 0.370510 0.768581
vt 0.339883 0.772734
vt 0.367703 0.761658
vt 0.337672 0.766861
vt 0.365292 0.755470
vt 0.189172 0.401031
vt 0.188433 0.430198
vt 0.182541 0.430666
vt 0.183236 0.401551
vt 0.008736 0.278673
vt 0.006647 0.249617
vt 0.013528 0.249140
vt 0.015698 0.278282
vt 0.174822 0.600304
vt 0.202643 0.611512
vt 0.199993 0.617743
vt 0.171907 0.606863
vt 0.197282 0.624390
vt 0.168989 0.613713
vt 0.194483 0.631608
vt 0.165845 0.621625
vt 0.136587 0.611617
vt 0.161494 0.634495
vt 0.132177 0.626278
vt 0.101686 0.618955
vt 0.125819 0.655947
vt 0.095620 0.651467
vt 0.065149 0.647485
vt 0.091949 0.687334
vt 0.062549 0.684185
vt 0.037168 0.681621
vt 0.023534 0.680275
vt 0.015667 0.715797
vt 0.014948 0.678855
vt 0.120594 0.691025
vt 0.156016 0.660283
vt 0.151373 0.694546
vt 0.150338 0.725139
vt 0.182468 0.696874
vt 0.183304 0.724227
vt 0.184239 0.737147
vt 0.215567 0.722101
vt 0.216407 0.733757
vt 0.217168 0.741485
vt 0.243702 0.731293
vt 0.243919 0.738993
vt 0.244338 0.745953
vt 0.218078 0.748626
vt 0.245395 0.753024
vt 0.218879 0.756296
vt 0.249207 0.066671
vt 0.250485 0.040078
vt 0.253405 0.040073
vt 0.252644 0.066842
vt 0.322594 0.915709
vt 0.296000 0.911420
vt 0.296677 0.905000
vt 0.323107 0.909097
vt 0.297393 0.899344
vt 0.323847 0.902123
vt 0.297428 0.892418
vt 0.324580 0.895145
vt 0.356358 0.898269
vt 0.325107 0.886707
vt 0.357092 0.887714
vt 0.389515 0.888378
vt 0.357675 0.870363
vt 0.389173 0.865905
vt 0.419746 0.860989
vt 0.386925 0.832886
vt 0.356671 0.838746
vt 0.352217 0.809631
vt 0.324555 0.844258
vt 0.322572 0.817353
vt 0.320432 0.804242
vt 0.296542 0.823226
vt 0.295560 0.808644
vt 0.295243 0.799846
vt 0.318080 0.795885
vt 0.295219 0.792916
vt 0.315751 0.789071
vt 0.313340 0.782989
vt 0.812389 0.642143
vt 0.812389 0.623769
vt 0.817428 0.624648
vt 0.818370 0.641412
vt 0.311109 0.777566
vt 0.030927 0.519025
vt 0.036211 0.517595
vt 0.187554 0.458118
vt 0.182405 0.458673
vt 0.004803 0.221592
vt 0.011227 0.221345
vt 0.229208 0.622143
vt 0.245614 0.626304
vt 0.244938 0.630736
vt 0.226881 0.627371
vt 0.244048 0.636869
vt 0.224383 0.633689
vt 0.243172 0.644141
vt 0.221928 0.640579
vt 0.242439 0.653422
vt 0.219346 0.650183
vt 0.190624 0.643055
vt 0.216502 0.667394
vt 0.185693 0.664097
vt 0.214923 0.697823
vt 0.241867 0.669574
vt 0.242242 0.697642
vt 0.243406 0.720507
vt 0.254855 0.697012
vt 0.255851 0.719736
vt 0.256705 0.731062
vt 0.263991 0.718932
vt 0.265040 0.731501
vt 0.266389 0.739437
vt 0.257531 0.738892
vt 0.267291 0.746433
vt 0.258250 0.745645
vt 0.267627 0.751760
vt 0.259193 0.751404
vt 0.250932 0.026224
vt 0.250941 0.017780
vt 0.255248 0.017888
vt 0.253818 0.025938
vt 0.340384 0.673295
vt 0.339119 0.680768
vt 0.334278 0.680674
vt 0.334834 0.672231
vt 0.281954 0.909216
vt 0.282064 0.904932
vt 0.329205 0.679025
vt 0.329205 0.670183
vt 0.333627 0.657086
vt 0.338402 0.660101
vt 0.283131 0.900252
vt 0.273863 0.902846
vt 0.272864 0.896274
vt 0.282912 0.893966
vt 0.272674 0.888055
vt 0.281841 0.886919
vt 0.297168 0.885672
vt 0.282295 0.874107
vt 0.297123 0.873889
vt 0.325412 0.873062
vt 0.297046 0.848685
vt 0.284314 0.850074
vt 0.283689 0.825591
vt 0.275850 0.850763
vt 0.276101 0.826804
vt 0.276605 0.809332
vt 0.283788 0.809200
vt 0.277115 0.798430
vt 0.284337 0.799170
vt 0.276998 0.790674
vt 0.284766 0.791913
vt 0.276642 0.784223
vt 0.270636 0.797889
vt 0.270319 0.789491
vt 0.269682 0.782328
vt 0.263376 0.788429
vt 0.263413 0.780753
vt 0.284190 0.635807
vt 0.284014 0.628678
vt 0.289688 0.629916
vt 0.289379 0.636627
vt 0.289342 0.642143
vt 0.284369 0.641914
vt 0.320104 0.030348
vt 0.320450 0.038072
vt 0.314423 0.037812
vt 0.314163 0.030210
vt 0.308673 0.038491
vt 0.308636 0.030882
vt 0.308840 0.023676
vt 0.279312 0.622520
vt 0.279931 0.630102
vt 0.274732 0.631564
vt 0.274436 0.624209
vt 0.273414 0.617150
vt 0.278086 0.615380
vt 0.461914 0.429377
vt 0.469872 0.429787
vt 0.268807 0.626898
vt 0.270767 0.609936
vt 0.268613 0.633522
vt 0.262248 0.635296
vt 0.262922 0.629580
vt 0.254356 0.636311
vt 0.254922 0.630613
vt 0.254464 0.627308
vt 0.008894 0.195528
vt 0.012662 0.203659
vt 0.261867 0.642514
vt 0.254338 0.643281
vt 0.261799 0.653178
vt 0.254408 0.653434
vt 0.262186 0.670733
vt 0.254423 0.670465
vt 0.262891 0.696208
vt 0.269024 0.670786
vt 0.269688 0.695423
vt 0.270891 0.718168
vt 0.276465 0.694701
vt 0.277599 0.717450
vt 0.278203 0.731616
vt 0.271657 0.731696
vt 0.607625 0.630330
vt 0.608346 0.638106
vt 0.601290 0.636937
vt 0.600805 0.629228
vt 0.718205 0.473385
vt 0.718205 0.460703
vt 0.725048 0.460025
vt 0.724584 0.473153
vt 0.731463 0.460547
vt 0.730658 0.473871
vt 0.728928 0.483072
vt 0.314068 0.149689
vt 0.313676 0.140445
vt 0.319610 0.139733
vt 0.315046 0.156915
vt 0.726652 0.491277
vt 0.253851 0.004057
vt 0.258863 0.002258
vt 0.260720 0.009875
vt 0.255181 0.010452
vt 0.260293 0.018881
vt 0.187946 0.009288
vt 0.188297 0.022653
vt 0.181550 0.022372
vt 0.181180 0.009862
vt 0.182224 0.002034
vt 0.187150 0.000730
vt 0.313425 0.125688
vt 0.319662 0.125311
vt 0.259116 0.888298
vt 0.260012 0.874251
vt 0.266900 0.874073
vt 0.265699 0.888304
vt 0.274003 0.873952
vt 0.268574 0.851124
vt 0.261361 0.851328
vt 0.261958 0.828088
vt 0.269228 0.827602
vt 0.269975 0.809486
vt 0.263069 0.809687
vt 0.263703 0.797418
vt 0.255727 0.828321
vt 0.257439 0.809763
vt 0.283475 0.609061
vt 0.289688 0.609514
vt 0.289396 0.621059
vt 0.283481 0.620265
vt 0.320616 0.047815
vt 0.320506 0.060582
vt 0.314098 0.060760
vt 0.314356 0.047819
vt 0.307595 0.060575
vt 0.308279 0.047972
vt 0.280396 0.639547
vt 0.281747 0.652059
vt 0.275407 0.652307
vt 0.274798 0.640386
vt 0.268581 0.652726
vt 0.268373 0.641607
vt 0.276036 0.670848
vt 0.282188 0.670918
vt 0.282606 0.694235
vt 0.307414 0.102787
vt 0.307421 0.079456
vt 0.313917 0.079458
vt 0.313464 0.102502
vt 0.307932 0.125764
vt 0.283653 0.717190
vt 0.320638 0.079200
vt 0.319745 0.102313
vt 0.187625 0.043494
vt 0.187710 0.065180
vt 0.181180 0.064544
vt 0.181300 0.043143
vt 0.401656 0.002592
vt 0.407813 0.002592
vt 0.581992 0.336283
vt 0.588659 0.337970
vt 0.274373 0.908092
vt 0.265332 0.908925
vt 0.600805 0.649022
vt 0.601422 0.643691
vt 0.608040 0.646278
vt 0.606888 0.651799
vt 0.589153 0.150760
vt 0.589709 0.177646
vt 0.581659 0.177573
vt 0.589319 0.207548
vt 0.582021 0.207284
vt 0.575328 0.207881
vt 0.574466 0.178057
vt 0.494252 0.519024
vt 0.524347 0.518858
vt 0.524356 0.526369
vt 0.493753 0.527278
vt 0.553245 0.907895
vt 0.572730 0.884489
vt 0.578830 0.889665
vt 0.592731 0.860521
vt 0.598566 0.865396
vt 0.604289 0.870084
vt 0.618820 0.842444
vt 0.613315 0.837434
vt 0.634344 0.821951
vt 0.638346 0.828459
vt 0.652841 0.817849
vt 0.654092 0.824784
vt 0.664176 0.816730
vt 0.664230 0.823959
vt 0.663307 0.832131
vt 0.671577 0.824032
vt 0.669833 0.832889
vt 0.678150 0.824515
vt 0.676258 0.833585
vt 0.683941 0.825525
vt 0.682361 0.834311
vt 0.908693 0.185860
vt 0.909788 0.176959
vt 0.915197 0.177514
vt 0.914941 0.186105
vt 0.920955 0.176875
vt 0.921239 0.185994
vt 0.780913 0.920330
vt 0.772031 0.922524
vt 0.771244 0.916896
vt 0.780302 0.914544
vt 0.003663 0.004524
vt 0.009656 0.005816
vt 0.770403 0.910134
vt 0.779167 0.908082
vt 0.770118 0.902329
vt 0.778232 0.900980
vt 0.770944 0.891240
vt 0.762969 0.902706
vt 0.764025 0.890957
vt 0.767885 0.872804
vt 0.774685 0.875745
vt 0.782067 0.852113
vt 0.787626 0.857116
vt 0.803530 0.831541
vt 0.808940 0.837179
vt 0.814841 0.843802
vt 0.776387 0.847454
vt 0.798196 0.826199
vt 0.820289 0.805167
vt 0.589467 0.238208
vt 0.589447 0.268819
vt 0.582627 0.269643
vt 0.582312 0.238209
vt 0.555714 0.512390
vt 0.587327 0.513064
vt 0.587156 0.518964
vt 0.555703 0.518522
vt 0.576061 0.238933
vt 0.586750 0.525785
vt 0.555725 0.525464
vt 0.615588 0.516312
vt 0.614744 0.523450
vt 0.612272 0.529888
vt 0.546484 0.165589
vt 0.553950 0.164001
vt 0.553796 0.186485
vt 0.547409 0.186729
vt 0.630958 0.816070
vt 0.651959 0.812503
vt 0.553483 0.198885
vt 0.546898 0.198988
vt 0.664110 0.810300
vt 0.553433 0.207363
vt 0.546484 0.207777
vt 0.672914 0.810556
vt 0.672359 0.816610
vt 0.553874 0.214796
vt 0.548401 0.214852
vt 0.559823 0.207078
vt 0.559502 0.214674
vt 0.560064 0.198835
vt 0.755719 0.903126
vt 0.763013 0.911089
vt 0.756465 0.911358
vt 0.559379 0.186501
vt 0.757387 0.890768
vt 0.597070 0.314563
vt 0.591251 0.316243
vt 0.584802 0.298112
vt 0.591956 0.296279
vt 0.760788 0.869847
vt 0.003987 0.641457
vt 0.511749 0.326652
vt 0.930807 0.346783
vt 0.293513 0.633830
vt 0.301188 0.635443
vt 0.293737 0.626306
vt 0.302853 0.626534
vt 0.895668 0.345646
vt 0.887828 0.362593
vt 0.869928 0.355810
vt 0.858036 0.379651
vt 0.858051 0.402129
vt 0.850024 0.402422
vt 0.860407 0.415064
vt 0.851758 0.417101
vt 0.843137 0.419425
vt 0.842153 0.401974
vt 0.855452 0.426467
vt 0.847872 0.430126
vt 0.307414 0.594303
vt 0.318175 0.591232
vt 0.320156 0.597093
vt 0.308881 0.601903
vt 0.842980 0.642143
vt 0.842298 0.628892
vt 0.849059 0.628309
vt 0.849613 0.640453
vt 0.777559 0.458331
vt 0.784573 0.459228
vt 0.783445 0.477986
vt 0.778054 0.477986
vt 0.785244 0.955856
vt 0.788458 0.968124
vt 0.780822 0.970625
vt 0.774383 0.940274
vt 0.775895 0.983029
vt 0.780187 0.990070
vt 0.767626 0.996653
vt 0.765209 0.988143
vt 0.745344 0.999376
vt 0.745674 0.991306
vt 0.719922 0.999244
vt 0.152457 0.052036
vt 0.152778 0.026632
vt 0.159830 0.026427
vt 0.159639 0.051765
vt 0.581791 0.700553
vt 0.580366 0.721436
vt 0.574941 0.721807
vt 0.575071 0.701415
vt 0.574941 0.688351
vt 0.581487 0.688630
vt 0.914369 0.402761
vt 0.898261 0.421440
vt 0.892669 0.416129
vt 0.908401 0.397503
vt 0.887110 0.410817
vt 0.901901 0.393046
vt 0.873523 0.420916
vt 0.877232 0.428720
vt 0.866298 0.432457
vt 0.863665 0.424126
vt 0.880320 0.436395
vt 0.867725 0.440010
vt 0.319481 0.643211
vt 0.318879 0.655210
vt 0.310891 0.656627
vt 0.311898 0.641778
vt 0.811070 0.015913
vt 0.811070 0.000859
vt 0.818370 0.002554
vt 0.816274 0.016035
vt 0.816492 0.024095
vt 0.811186 0.024141
vt 0.157669 0.002444
vt 0.164055 0.003541
vt 0.164157 0.026684
vt 0.152457 0.004511
vt 0.324643 0.588751
vt 0.325899 0.594750
vt 0.253111 0.785238
vt 0.260720 0.790591
vt 0.258248 0.803885
vt 0.253111 0.801435
vt 0.214098 0.589473
vt 0.185588 0.588751
vt 0.262397 0.258763
vt 0.267962 0.258299
vt 0.267334 0.278532
vt 0.262907 0.283346
vt 0.720497 0.900004
vt 0.725335 0.893327
vt 0.708485 0.901035
vt 0.705866 0.921696
vt 0.697754 0.915855
vt 0.701505 0.894428
vt 0.690123 0.911187
vt 0.690078 0.884896
vt 0.690226 0.880647
vt 0.096528 0.215288
vt 0.107891 0.214696
vt 0.085659 0.215160
vt 0.083537 0.183973
vt 0.084948 0.154774
vt 0.516061 0.408866
vt 0.520196 0.432776
vt 0.514466 0.448116
vt 0.508272 0.422244
vt 0.782159 0.399016
vt 0.781738 0.412179
vt 0.776882 0.377051
vt 0.778970 0.371266
vt 0.682178 0.284511
vt 0.694552 0.281668
vt 0.195381 0.009032
vt 0.208800 0.390229
vt 0.216588 0.387880
vt 0.217266 0.394859
vt 0.817279 0.056444
vt 0.813143 0.048767
vt 0.819567 0.047343
vt 0.822299 0.054005
vt 0.257210 0.856242
vt 0.250452 0.856680
vt 0.250359 0.848964
vt 0.257455 0.848634
vt 0.094114 0.480792
vt 0.093027 0.488352
vt 0.250199 0.840480
vt 0.257717 0.840400
vt 0.092121 0.496713
vt 0.250464 0.830939
vt 0.258305 0.830740
vt 0.091926 0.507244
vt 0.084314 0.507464
vt 0.092312 0.520764
vt 0.084285 0.520898
vt 0.075771 0.520978
vt 0.084812 0.533594
vt 0.067288 0.520977
vt 0.007242 0.599601
vt 0.006809 0.613174
vt 0.001088 0.612913
vt 0.001453 0.599497
vt 0.300498 0.954500
vt 0.291845 0.969294
vt 0.292531 0.953714
vt 0.283326 0.969319
vt 0.283987 0.953175
vt 0.272195 0.969709
vt 0.273736 0.953152
vt 0.273642 0.937749
vt 0.258147 0.954118
vt 0.258032 0.937737
vt 0.241499 0.955807
vt 0.241366 0.938604
vt 0.500477 0.426365
vt 0.500741 0.443580
vt 0.485924 0.444024
vt 0.487017 0.427286
vt 0.474565 0.444100
vt 0.475360 0.427952
vt 0.591934 0.197649
vt 0.592263 0.183134
vt 0.602463 0.182633
vt 0.602760 0.197182
vt 0.603517 0.206549
vt 0.591666 0.207610
vt 0.979711 0.452079
vt 0.980112 0.467922
vt 0.971980 0.468021
vt 0.970910 0.453078
vt 0.962221 0.467616
vt 0.961425 0.453575
vt 0.952604 0.467223
vt 0.952044 0.453801
vt 0.950533 0.442891
vt 0.943438 0.453863
vt 0.942341 0.443170
vt 0.940370 0.434465
vt 0.937761 0.426867
vt 0.243088 0.848584
vt 0.242694 0.839812
vt 0.243210 0.856995
vt 0.242694 0.829732
vt 0.943638 0.467154
vt 0.936305 0.466970
vt 0.936709 0.453388
vt 0.943632 0.479555
vt 0.936831 0.479197
vt 0.774156 0.299345
vt 0.774529 0.288283
vt 0.782159 0.287958
vt 0.782159 0.299174
vt 0.386251 0.446603
vt 0.378070 0.446154
vt 0.378070 0.434605
vt 0.386036 0.434788
vt 0.774411 0.280364
vt 0.781667 0.279643
vt 0.093038 0.533113
vt 0.094149 0.542369
vt 0.085925 0.543663
vt 0.461099 0.391079
vt 0.461099 0.382393
vt 0.467796 0.382554
vt 0.468330 0.390408
vt 0.098977 0.463501
vt 0.091759 0.463501
vt 0.092783 0.454221
vt 0.098886 0.454721
vt 0.183526 0.862469
vt 0.185324 0.854515
vt 0.195154 0.856193
vt 0.186221 0.844488
vt 0.195733 0.846098
vt 0.207383 0.847618
vt 0.207252 0.856781
vt 0.291441 0.984941
vt 0.282443 0.984914
vt 0.195408 0.832548
vt 0.207239 0.834302
vt 0.269445 0.984925
vt 0.186175 0.832651
vt 0.183795 0.821002
vt 0.179225 0.810920
vt 0.474153 0.469371
vt 0.474167 0.459299
vt 0.144844 0.818386
vt 0.144734 0.826112
vt 0.135486 0.827182
vt 0.135481 0.817938
vt 0.601629 0.169624
vt 0.592385 0.169624
vt 0.144844 0.834858
vt 0.137305 0.835268
vt 0.980009 0.482578
vt 0.971769 0.482078
vt 0.971191 0.490414
vt 0.961626 0.490094
vt 0.962132 0.480842
vt 0.951610 0.489267
vt 0.952188 0.480021
vt 0.171141 0.335556
vt 0.177891 0.335396
vt 0.951438 0.494884
vt 0.170567 0.842563
vt 0.178556 0.843261
vt 0.189483 0.516611
vt 0.412055 0.475572
vt 0.404715 0.475572
vt 0.404658 0.468706
vt 0.412806 0.467263
vt 0.385452 0.205196
vt 0.379456 0.204197
vt 0.759471 0.854581
vt 0.759505 0.846079
vt 0.764420 0.844906
vt 0.765260 0.852066
vt 0.190650 0.226923
vt 0.185823 0.221366
vt 0.069020 0.815664
vt 0.070127 0.807445
vt 0.086907 0.816544
vt 0.775591 0.503718
vt 0.776273 0.512202
vt 0.781425 0.503784
vt 0.781860 0.512267
vt 0.782092 0.520072
vt 0.668566 0.263036
vt 0.668697 0.270146
vt 0.662535 0.270305
vt 0.662362 0.262966
vt 0.662576 0.256258
vt 0.668522 0.256782
vt 0.000746 0.503685
vt 0.000965 0.496431
vt 0.007193 0.496243
vt 0.006503 0.504187
vt 0.656599 0.256435
vt 0.656619 0.250953
vt 0.662747 0.250246
vt 0.668697 0.250955
vt 0.014445 0.496370
vt 0.014484 0.506955
vt 0.649364 0.255320
vt 0.650677 0.252674
vt 0.197527 0.387164
vt 0.194206 0.388665
vt 0.303850 0.006924
vt 0.298651 0.007242
vt 0.298651 0.000750
vt 0.304173 0.003223
vt 0.007509 0.488374
vt 0.014484 0.488146
vt 0.007847 0.480401
vt 0.014447 0.478735
vt 0.001139 0.488677
vt 0.001694 0.480608
vt 0.002448 0.473492
vt 0.008273 0.472947
vt 0.662353 0.277998
vt 0.668540 0.278084
vt 0.668066 0.284811
vt 0.662011 0.284860
vt 0.239834 0.075655
vt 0.245318 0.074990
vt 0.045009 0.084218
vt 0.055524 0.084218
vt 0.053395 0.101391
vt 0.045527 0.096980
vt 0.238993 0.787809
vt 0.235928 0.794416
vt 0.222149 0.795605
vt 0.220499 0.788899
vt 0.212543 0.798548
vt 0.426162 0.378386
vt 0.427290 0.389539
vt 0.419262 0.391079
vt 0.419262 0.378362
vt 0.602862 0.331918
vt 0.616179 0.330262
vt 0.726635 0.341615
vt 0.724737 0.361532
vt 0.719283 0.362110
vt 0.719283 0.341104
vt 0.948963 0.849753
vt 0.576852 0.854893
vt 0.564531 0.858308
vt 0.300326 0.409713
vt 0.234290 0.489339
vt 0.234827 0.481743
vt 0.234459 0.474309
vt 0.234263 0.466277
vt 0.233419 0.457690
vt 0.041389 0.869682
vt 0.033978 0.866039
vt 0.401480 0.179823
vt 0.001355 0.431036
vt 0.000761 0.415979
vt 0.780688 0.581804
vt 0.781259 0.593618
vt 0.793707 0.581410
vt 0.376632 0.142768
vt 0.381412 0.141397
vt 0.381423 0.150576
vt 0.376632 0.154500
vt 0.775616 0.255288
vt 0.760943 0.257911
vt 0.775010 0.244066
vt 0.736393 0.267470
vt 0.711255 0.279864
vt 0.376595 0.209220
vt 0.375789 0.221771
vt 0.371095 0.222094
vt 0.371095 0.208628
vt 0.265397 0.451270
vt 0.268766 0.450227
vt 0.272229 0.461093
vt 0.268751 0.463501
vt 0.265397 0.432408
vt 0.268803 0.431222
vt 0.272985 0.448440
vt 0.273897 0.458149
vt 0.272567 0.427992
vt 0.276741 0.445740
vt 0.276828 0.460109
vt 0.276167 0.418850
vt 0.452214 0.329154
vt 0.458673 0.329154
vt 0.457931 0.337970
vt 0.453097 0.336340
vt 0.010657 0.876624
vt 0.005832 0.916367
vt 0.040580 0.091604
vt 0.035870 0.091735
vt 0.035870 0.085968
vt 0.041039 0.087851
vt 0.539637 0.461266
vt 0.539721 0.453850
vt 0.840096 0.754046
vt 0.838318 0.760334
vt 0.832979 0.758720
vt 0.542773 0.469674
vt 0.836521 0.767275
vt 0.541885 0.477189
vt 0.547255 0.478253
vt 0.859226 0.474350
vt 0.859409 0.480963
vt 0.853075 0.474917
vt 0.846287 0.474942
vt 0.846808 0.467313
vt 0.847547 0.459456
vt 0.838990 0.474817
vt 0.839644 0.467045
vt 0.840746 0.458668
vt 0.577166 0.481479
vt 0.569512 0.480638
vt 0.567259 0.555236
vt 0.046866 0.875246
vt 0.594645 0.496772
vt 0.618386 0.700080
vt 0.613633 0.699770
vt 0.615476 0.690530
vt 0.621169 0.691293
vt 0.133317 0.814954
vt 0.128861 0.809856
vt 0.124579 0.825300
vt 0.125013 0.804100
vt 0.432119 0.711956
vt 0.424368 0.712151
vt 0.622830 0.677880
vt 0.610486 0.690996
vt 0.608606 0.699777
vt 0.807764 0.586066
vt 0.620908 0.665560
vt 0.248040 0.022634
vt 0.248649 0.021818
vt 0.243326 0.023313
vt 0.241667 0.020973
vt 0.260719 0.193126
vt 0.255532 0.185675
vt 0.255836 0.185092
vt 0.260719 0.185223
vt 0.033797 0.083476
vt 0.029857 0.086674
vt 0.030765 0.089321
vt 0.029042 0.083476
vt 0.184540 0.197224
vt 0.188297 0.208844
vt 0.183815 0.212438
vt 0.183815 0.197185
vt 0.127728 0.194815
vt 0.419988 0.001518
vt 0.422369 0.002002
vt 0.422448 0.008047
vt 0.415652 0.007654
vt 0.919651 0.477308
vt 0.925356 0.472402
vt 0.665043 0.977878
vt 0.649920 0.980119
vt 0.192013 0.376595
vt 0.192013 0.362018
vt 0.199307 0.361654
vt 0.200368 0.375471
vt 0.733205 0.309041
vt 0.725724 0.309299
vt 0.726148 0.324445
vt 0.719218 0.324134
vt 0.716775 0.308968
vt 0.654751 0.369232
vt 0.656780 0.354564
vt 0.663869 0.356188
vt 0.663061 0.369353
vt 0.922811 0.877486
vt 0.726790 0.337137
vt 0.722528 0.337970
vt 0.663212 0.340074
vt 0.387233 0.477986
vt 0.381859 0.477527
vt 0.176227 0.091735
vt 0.171210 0.090977
vt 0.094149 0.370017
vt 0.094149 0.379009
vt 0.091593 0.376264
vt 0.090413 0.371427
vt 0.663476 0.333716
vt 0.359167 0.658468
vt 0.359409 0.658267
vt 0.374181 0.690424
vt 0.116701 0.281968
vt 0.120703 0.281719
vt 0.120703 0.289688
vt 0.116375 0.288659
vt 0.791815 0.523678
vt 0.791815 0.540153
vt 0.790727 0.543166
vt 0.784506 0.537454
vt 0.021727 0.088446
vt 0.021465 0.091735
vt 0.021465 0.076544
vt 0.021624 0.083370
vt 0.311415 0.660622
vt 0.307182 0.666283
vt 0.407170 0.198691
vt 0.402781 0.202782
vt 0.402781 0.192684
vt 0.410392 0.196337
vt 0.630795 0.584583
vt 0.564892 0.779780
vt 0.564864 0.790072
vt 0.558093 0.791620
vt 0.557935 0.779780
vt 0.637362 0.595502
vt 0.631493 0.594435
vt 0.564265 0.797940
vt 0.559270 0.799057
vt 0.471439 0.475632
vt 0.343588 0.357697
vt 0.349860 0.358626
vt 0.114928 0.546829
vt 0.907863 0.444682
vt 0.280032 0.443818
vt 0.279918 0.459867
vt 0.250346 0.754093
vt 0.255891 0.767078
vt 0.250346 0.784573
vt 0.251671 0.763351
vt 0.173813 0.510520
vt 0.173813 0.540479
vt 0.489973 0.674556
vt 0.504401 0.668140
vt 0.506955 0.681212
vt 0.489973 0.697666
vt 0.238993 0.864237
vt 0.603471 0.669174
vt 0.811424 0.138649
vt 0.814381 0.117481
vt 0.683738 0.494146
vt 0.668013 0.493848
vt 0.298760 0.735119
vt 0.217266 0.427290
vt 0.210945 0.426824
vt 0.682877 0.265352
vt 0.032598 0.427750
vt 0.033797 0.430912
vt 0.774016 0.330048
vt 0.774944 0.330502
vt 0.797275 0.598350
vt 0.015151 0.939600
vt 0.905824 0.443004
vt 0.354816 0.359033
vt 0.350056 0.352468
vt 0.354868 0.346911
vt 0.354868 0.359696
vt 0.941004 0.774916
vt 0.329310 0.463692
vt 0.690078 0.989246
vt 0.615588 0.810500
vt 0.166571 0.049561
vt 0.166571 0.055524
vt 0.161431 0.051812
vt 0.626840 0.618141
vt 0.619987 0.619693
vt 0.023002 0.350040
vt 0.023002 0.339714
vt 0.024141 0.347366
vt 0.014395 0.472026
vt 0.089321 0.398322
vt 0.089209 0.393424
vt 0.089321 0.386865
vt 0.021727 0.030810
vt 0.021727 0.045867
vt 0.021465 0.042608
vt 0.477986 0.332554
vt 0.462153 0.317933
vt 0.461291 0.326568
vt 0.446671 0.326881
vt 0.442494 0.310397
vt 0.200241 0.608346
vt 0.267962 0.299345
vt 0.267505 0.293359
vt 0.407978 0.130418
vt 0.396564 0.514950
vt 0.414386 0.529888
vt 0.631203 0.657343
vt 0.629161 0.661455
vt 0.704696 0.392203
vt 0.712151 0.392203
vt 0.708504 0.415220
vt 0.707586 0.414926
vt 0.587497 0.341318
vt 0.737583 0.286982
vt 0.748362 0.293094
vt 0.738688 0.301647
vt 0.737583 0.301759
vt 0.747136 0.283956
vt 0.583625 0.371660
vt 0.062766 0.496783
vt 0.062766 0.521439
vt 0.061204 0.510071
vt 0.581791 0.284293
vt 0.581791 0.309001
vt 0.577554 0.286843
vt 0.277460 0.012649
vt 0.468330 0.691576
vt 0.463922 0.712151
vt 0.462279 0.691576
vt 0.609945 0.555236
vt 0.603133 0.532544
vt 0.610760 0.532544
vt 0.108301 0.128448
vt 0.113461 0.123010
vt 0.113461 0.135188
vt 0.330918 0.713057
vt 0.055325 0.868439
vt 0.557650 0.328313
vt 0.545855 0.314641
vt 0.557650 0.293026
vt 0.557101 0.314984
vt 0.068732 0.856686
vt 0.063402 0.849839
vt 0.114193 0.540181
vt 0.644897 0.596275
vt 0.404942 0.179519
vt 0.395942 0.192127
vt 0.026439 0.363127
vt 0.026555 0.370045
vt 0.025918 0.374181
vt 0.025918 0.362393
vt 0.067357 0.100097
vt 0.067591 0.103132
vt 0.067594 0.105427
vt 0.067357 0.106219
vt 0.021484 0.051948
vt 0.021727 0.052733
vt 0.021456 0.053110
vt 0.021456 0.051794
vt 0.076984 0.014391
vt 0.091325 0.394198
vt 0.094149 0.401798
vt 0.093141 0.402704
vt 0.091325 0.403150
vt 0.004110 0.001165
vt 0.004828 0.001524
vt 0.004289 0.002236
vt 0.004110 0.002414
vt 0.850241 0.895482
vt 0.298051 0.616118
vt 0.311415 0.621737
vt 0.298020 0.620740
vt 0.292724 0.620650
vt 0.293658 0.615819
vt 0.294517 0.454184
vt 0.283076 0.458673
vt 0.283076 0.446305
vt 0.292556 0.447077
vt 0.080493 0.760624
vt 0.079044 0.239209
vt 0.084492 0.240706
vt 0.084492 0.253477
vt 0.077528 0.248241
vt 0.004752 0.001936
vt 0.932652 0.470664
vt 0.560064 0.734379
vt 0.556463 0.741120
vt 0.556463 0.722956
vt 0.014332 0.232500
vt 0.016898 0.226257
vt 0.016898 0.234165
vt 0.684213 0.347626
vt 0.786835 0.595411
vt 0.053110 0.001824
vt 0.052856 0.007242
vt 0.052856 0.001787
vt 0.697752 0.810514
vt 0.429392 0.322431
vt 0.149565 0.069283
vt 0.152086 0.084492
vt 0.147382 0.077724
vt 0.152086 0.071658
vt 0.330680 0.533509
vt 0.081307 0.054086
vt 0.082078 0.055524
vt 0.079529 0.055524
vt 0.080536 0.052648
vt 0.112812 0.086083
vt 0.112619 0.081309
vt 0.115875 0.080666
vt 0.115217 0.089305
vt 0.110002 0.086840
vt 0.109743 0.081560
vt 0.112329 0.091735
vt 0.109743 0.074685
vt 0.111956 0.075722
vt 0.112390 0.070443
vt 0.114591 0.072293
vt 0.113451 0.076268
vt 0.081932 0.049038
vt 0.081684 0.049242
vt 0.081619 0.048704
vt 0.081931 0.048611
vt 0.079183 0.042473
vt 0.079097 0.042073
vt 0.079368 0.041838
vt 0.079410 0.042542
vt 0.033789 0.018474
vt 0.033797 0.018580
vt 0.033797 0.019313
vt 0.033648 0.018699
vt 0.081846 0.049847
vt 0.081377 0.050005
vt 0.081209 0.049317
vt 0.079389 0.043248
vt 0.079664 0.042553
vt 0.079664 0.043453
vt 0.081627 0.050046
vt 0.081681 0.050695
vt 0.067408 0.076307
vt 0.067594 0.076842
vt 0.067408 0.077250
vt 0.067456 0.076953
vt 0.078369 0.023912
vt 0.078000 0.024141
vt 0.078000 0.023325
vt 0.078562 0.023343
vt 0.021727 0.025648
vt 0.021704 0.026224
vt 0.021727 0.026555
vt 0.021556 0.026247
vt 0.081089 0.049899
vt 0.080808 0.049340
vt 0.080453 0.049268
vt 0.080325 0.048781
vt 0.080751 0.048784
vt 0.081182 0.048749
vt 0.080781 0.048223
vt 0.081230 0.048220
vt 0.081669 0.048196
vt 0.081253 0.047654
vt 0.081690 0.047654
vt 0.082078 0.047654
vt 0.081978 0.048097
vt 0.078967 0.041583
vt 0.078813 0.041150
vt 0.079136 0.040120
vt 0.079254 0.041090
vt 0.079664 0.040183
vt 0.079664 0.041011
vt 0.079664 0.041779
vt 0.080800 0.047654
vt 0.080332 0.048224
vt 0.080346 0.047654
vt 0.079886 0.048219
vt 0.079893 0.047654
vt 0.079482 0.048159
vt 0.079448 0.047654
vt 0.052709 0.081983
vt 0.052709 0.081505
vt 0.053010 0.081800
vt 0.053110 0.082078
vt 0.079657 0.021098
vt 0.079664 0.021419
vt 0.079329 0.021381
vt 0.079193 0.020882
vt 0.078923 0.021225
vt 0.078774 0.020686
vt 0.079474 0.021811
vt 0.079321 0.021936
vt 0.078934 0.021882
vt 0.078479 0.021820
vt 0.078486 0.021109
vt 0.079152 0.022426
vt 0.078972 0.022535
vt 0.078489 0.022551
vt 0.078000 0.022555
vt 0.078000 0.021809
vt 0.078821 0.023135
vt 0.078000 0.021075
vt 0.078000 0.020324
vt 0.078338 0.020482
vt 0.082073 0.060142
vt 0.082078 0.060352
vt 0.081895 0.060016
vt 0.082078 0.059563
vt 0.041039 0.083794
vt 0.041039 0.084283
vt 0.040992 0.084492
vt 0.040794 0.084153
vt 0.079951 0.048668
vt 0.024141 0.023851
vt 0.024141 0.024141
vt 0.023927 0.023960
vt 0.001915 0.182033
vt 0.001199 0.181979
vt 0.000885 0.180428
vt 0.002241 0.180831
vt 0.002414 0.183356
vt 0.001500 0.183469
vt 0.193371 0.004023
vt 0.192231 0.004734
vt 0.192231 0.002634
vt 0.193538 0.002465
vt 0.195540 0.002846
vt 0.194722 0.004828
vt 0.001443 0.179156
vt 0.002414 0.179802
vt 0.193741 0.000777
vt 0.195451 0.000962
vt 0.053110 0.077047
vt 0.052781 0.079664
vt 0.051030 0.078880
vt 0.051030 0.075738
vt 0.192231 0.000612
vt 0.109720 0.142206
vt 0.110028 0.143098
vt 0.108962 0.143808
vt 0.108450 0.142803
vt 0.110731 0.144136
vt 0.109512 0.144886
vt 0.110856 0.145433
vt 0.110046 0.145934
vt 0.111501 0.147258
vt 0.110108 0.147046
vt 0.381534 0.026555
vt 0.380200 0.026163
vt 0.380190 0.023743
vt 0.382823 0.024695
vt 0.379506 0.020279
vt 0.383837 0.023231
vt 0.378593 0.023405
vt 0.378616 0.020385
vt 0.378593 0.018372
vt 0.380101 0.017495
vt 0.378916 0.025998
vt 0.111578 0.144921
vt 0.112893 0.147131
vt 0.111193 0.142245
vt 0.112428 0.142284
vt 0.113461 0.142206
vt 0.320490 0.006030
vt 0.319719 0.014289
vt 0.319337 0.014233
vt 0.319139 0.007235
vt 0.321071 0.006701
vt 0.321071 0.014484
vt 0.319673 0.001927
vt 0.319991 0.001443
vt 0.094149 0.131232
vt 0.092337 0.135188
vt 0.091824 0.135170
vt 0.091381 0.131232
vt 0.318277 0.014080
vt 0.318097 0.008164
vt 0.316754 0.012938
vt 0.317017 0.009128
vt 0.315652 0.010347
vt 0.028014 0.090951
vt 0.028969 0.091090
vt 0.028969 0.092798
vt 0.027359 0.091574
vt 0.026886 0.089566
vt 0.027964 0.089805
vt 0.028969 0.090028
vt 0.026619 0.092072
vt 0.025660 0.089293
vt 0.028969 0.094149
vt 0.079180 0.032498
vt 0.079295 0.034173
vt 0.077382 0.036211
vt 0.077382 0.033061
vt 0.077382 0.030552
vt 0.079664 0.030385
vt 0.212740 0.401320
vt 0.213968 0.401554
vt 0.214031 0.403865
vt 0.212321 0.404350
vt 0.217266 0.402184
vt 0.217266 0.403571
vt 0.215665 0.403600
vt 0.215670 0.401879
vt 0.214504 0.407978
vt 0.213341 0.406407
vt 0.214586 0.405697
vt 0.215504 0.407446
vt 0.217266 0.406509
vt 0.216451 0.406942
vt 0.215802 0.405132
vt 0.217266 0.404958
vt 0.090763 0.284906
vt 0.087473 0.284634
vt 0.087251 0.282289
vt 0.089488 0.281926
vt 0.092529 0.283348
vt 0.090354 0.288408
vt 0.087399 0.287730
vt 0.095678 0.284752
vt 0.094931 0.286945
vt 0.093887 0.289697
vt 0.092445 0.292102
vt 0.089782 0.291704
vt 0.088123 0.291067
vt 0.094359 0.280582
vt 0.096563 0.282174
vt 0.092209 0.279877
vt 0.086952 0.279877
vt 0.004828 0.274815
vt 0.002653 0.275015
vt 0.002987 0.273524
vt 0.004828 0.273854
vt 0.004828 0.271835
vt 0.004828 0.272795
vt 0.003487 0.272313
vt 0.004167 0.271233
vt 0.000587 0.275204
vt 0.000814 0.273091
vt 0.003455 0.270585
vt 0.001972 0.271562
vt 0.464064 0.350404
vt 0.463386 0.346458
vt 0.468613 0.346245
vt 0.466580 0.351511
vt 0.464529 0.355495
vt 0.461650 0.353987
vt 0.469791 0.352787
vt 0.466940 0.357400
vt 0.473158 0.355584
vt 0.469490 0.359696
vt 0.471773 0.348346
vt 0.470861 0.339029
vt 0.473158 0.340022
vt 0.470628 0.335057
vt 0.473100 0.333234
vt 0.466461 0.341296
vt 0.200987 0.357282
vt 0.200951 0.355968
vt 0.201705 0.355949
vt 0.200915 0.354643
vt 0.202456 0.354555
vt 0.201902 0.353380
vt 0.201667 0.351930
vt 0.202669 0.351895
vt 0.202782 0.353326
vt 0.200880 0.353337
vt 0.200590 0.351862
vt 0.200050 0.350358
vt 0.201458 0.350522
vt 0.201393 0.349165
vt 0.202660 0.349304
vt 0.202597 0.350544
vt 0.199742 0.348732
vt 0.200327 0.347495
vt 0.201463 0.347899
vt 0.201904 0.346426
vt 0.202782 0.346873
vt 0.202723 0.348051
vt 0.201044 0.345992
vt 0.116722 0.280032
vt 0.114137 0.274598
vt 0.118026 0.274452
vt 0.113348 0.269582
vt 0.118289 0.268775
vt 0.112377 0.264335
vt 0.117825 0.263643
vt 0.111449 0.258694
vt 0.118211 0.258617
vt 0.111102 0.253939
vt 0.118223 0.253205
vt 0.110314 0.248808
vt 0.118180 0.247989
vt 0.109780 0.243491
vt 0.118289 0.242352
vt 0.111431 0.238402
vt 0.115893 0.235264
vt 0.021485 0.059307
vt 0.021727 0.058893
vt 0.021727 0.062766
s 1
usemtl tripo_mat_d85bde62-ea52-4eff-a466-742dbe481b98
f 1/1 185/2 186/3 187/4
f 1/5 187/6 188/7 189/8
f 2/9 190/10 191/11 192/12
f 3/13 193/14 194/15 195/16
f 3/17 196/18 197/19 193/20
f 3/21 195/22 198/23 196/24
f 4/25 199/26 200/27 201/28
f 4/29 201/30 202/31 5/32
f 4/25 5/33 203/34 199/26
f 5/35 204/36 205/37 203/38
f 5/39 206/40 207/41 204/42
f 5/39 202/43 208/44 206/40
f 6/45 7/46 209/47 210/48
f 6/49 211/50 212/51 7/52
f 7/46 213/53 214/54 209/47
f 7/55 212/56 215/57 216/58
f 7/55 216/58 217/59 213/60
f 8/61 218/62 219/63 220/64
f 8/61 221/65 222/66 218/62
f 8/61 220/64 223/67 224/68
f 8/69 224/70 225/71 221/72
f 9/73 226/74 227/75 228/76
f 9/77 228/78 229/79 230/80
f 9/73 230/81 231/82 226/74
f 10/83 232/84 233/85 234/86
f 10/87 235/88 236/89 232/90
f 10/91 234/92 237/93 235/94
f 11/95 238/96 12/97 239/98
f 11/99 239/100 240/101 241/102
f 11/95 241/103 242/104 238/96
f 12/97 238/96 243/105 244/106
f 12/97 244/106 15/107 245/108
f 12/97 246/109 247/110 239/98
f 12/97 245/108 248/111 246/109
f 13/112 249/113 250/114 20/115
f 13/116 251/117 252/118 249/119
f 13/112 20/115 253/120 251/121
f 14/122 256/123 257/124 258/125
f 14/126 255/127 259/128 256/129
f 14/130 260/131 261/132 254/133
f 14/134 258/135 262/136 260/137
f 15/107 254/138 261/139 245/108
f 16/140 263/141 264/142 265/143
f 16/144 266/145 25/146 267/147
f 16/144 267/147 268/148 263/149
f 17/150 269/151 259/128 255/127
f 18/152 270/153 271/154 272/155
f 18/156 273/157 274/158 270/159
f 18/160 272/161 275/162 273/163
f 19/164 276/165 277/166 278/167
f 19/164 279/168 280/169 276/165
f 19/170 278/171 281/172 279/173
f 20/174 250/175 282/176 283/177
f 20/178 283/179 284/180 21/181
f 21/182 284/183 285/184 286/185
f 21/186 286/187 287/188 288/189
f 22/190 289/191 290/192 291/193
f 22/194 292/195 293/196 289/197
f 22/198 291/199 294/200 292/201
f 23/202 295/203 294/200 291/199
f 23/204 291/205 290/206 296/207
f 23/208 296/209 297/210 295/211
f 24/212 253/213 20/214 21/215
f 24/216 298/217 299/218 253/219
f 24/220 21/182 288/221 298/222
f 25/223 300/224 301/225 302/226
f 25/223 266/227 303/228 300/224
f 26/229 304/230 305/231 306/232
f 26/233 306/234 307/235 308/236
f 26/237 308/238 309/239 304/240
f 27/241 310/242 311/243 312/244
f 27/245 312/246 313/247 314/248
f 27/245 314/248 315/249 310/250
f 28/251 316/252 317/253 318/254
f 28/255 318/256 319/257 320/258
f 28/259 320/260 321/261 322/262
f 28/259 322/262 314/263 313/264
f 28/259 313/264 323/265 316/266
f 29/267 324/268 325/269 326/270
f 29/271 326/272 327/273 328/274
f 29/275 328/276 329/277 324/278
f 30/279 321/280 31/281 32/282
f 30/283 330/284 331/285 332/286
f 30/287 333/288 334/289 330/290
f 30/283 332/286 322/291 321/292
f 31/293 335/294 269/151 17/150
f 31/293 321/295 320/296 335/294
f 33/297 336/298 337/299 338/300
f 33/297 338/300 339/301 340/302
f 33/297 340/302 36/303 341/304
f 33/297 341/304 342/305 34/306
f 35/307 36/308 340/309 343/310
f 35/311 343/312 344/313 345/314
f 35/315 345/316 346/317 36/318
f 36/319 346/320 347/321 341/322
f 37/323 348/324 349/325 350/326
f 37/327 350/328 351/329 352/330
f 37/331 352/332 353/333 348/334
f 38/335 353/333 352/332 354/336
f 38/335 355/337 356/338 353/333
f 38/339 357/340 358/341 355/342
f 38/335 354/336 359/343 360/344
f 38/345 360/346 361/347 357/348
f 39/349 362/350 363/351 364/352
f 39/353 364/354 365/355 366/356
f 39/357 366/358 367/359 368/360
f 39/349 368/361 369/362 370/363
f 39/349 370/363 371/364 362/350
f 40/365 372/366 362/367 371/368
f 40/365 373/369 374/370 372/366
f 40/371 371/372 375/373 373/374
f 41/375 376/376 377/377 378/378
f 41/379 379/380 380/381 381/382
f 41/383 381/384 382/385 376/386
f 42/387 383/388 384/389 385/390
f 42/387 385/390 386/391 387/392
f 42/387 387/392 388/393 383/388
f 43/394 389/395 390/396 391/397
f 43/398 392/399 393/400 389/401
f 43/402 391/403 394/404 392/405
f 44/406 395/407 396/408 397/409
f 44/406 397/409 398/410 399/411
f 44/406 399/411 400/412 395/407
f 45/413 401/414 402/415 403/416
f 45/413 403/416 404/417 405/418
f 45/413 405/418 406/419 401/414
f 46/420 407/421 408/422 192/12
f 46/423 192/424 191/425 359/426
f 46/427 343/428 409/429 407/430
f 46/431 359/432 354/433 410/434
f 46/435 411/436 344/437 343/438
f 46/431 410/434 412/439 411/440
f 47/441 413/442 414/443 415/444
f 47/445 416/446 417/447 413/448
f 47/449 415/450 418/451 416/452
f 48/453 419/454 420/455 421/456
f 48/457 421/458 422/459 423/460
f 48/461 49/462 424/463 419/464
f 48/457 423/460 54/465 49/466
f 49/462 54/467 425/468 424/463
f 50/469 426/470 427/471 428/472
f 50/469 429/473 430/474 426/470
f 50/475 428/476 431/477 432/478
f 50/479 432/480 433/481 434/482
f 50/469 434/483 435/484 429/473
f 51/485 436/486 437/487 438/488
f 51/489 438/490 439/491 440/492
f 51/493 440/494 441/495 436/496
f 52/497 442/498 443/499 444/500
f 52/501 53/502 445/503 446/504
f 52/497 446/505 447/506 442/498
f 451/507 448/508 449/509 450/510
f 451/511 452/512 453/513 454/514
f 451/515 450/516 455/517 452/518
f 55/519 456/520 457/521 458/522
f 55/523 459/524 460/525 461/526
f 55/523 458/527 462/528 459/524
f 55/529 461/530 463/531 464/532
f 55/533 464/534 465/535 456/536
f 56/537 466/538 467/539 468/540
f 56/537 469/541 470/542 466/538
f 56/537 468/540 471/543 469/541
f 57/544 472/545 473/546 474/547
f 57/548 475/549 476/550 477/551
f 57/552 474/553 478/554 475/555
f 58/556 61/557 479/558 480/559
f 58/560 481/561 62/562 61/563
f 58/560 482/564 483/565 481/561
f 59/566 484/567 63/568 485/569
f 486/570 487/571 484/572 59/573
f 59/574 485/575 483/576 486/577
f 60/578 488/579 489/580 490/581
f 60/582 491/583 492/584 488/585
f 61/586 62/587 493/588 479/589
f 62/590 481/591 494/592 493/593
f 63/568 495/594 496/595 497/596
f 63/597 497/598 498/599 485/600
f 64/601 168/602 499/603 500/604
f 64/605 501/606 497/596 496/595
f 64/601 500/604 502/607 501/608
f 503/609 504/610 505/611 506/612
f 511/613 502/607 65/614 507/615
f 507/616 508/617 504/618 509/619
f 507/615 509/620 510/621 511/613
f 65/622 512/623 513/624 507/625
f 65/626 514/627 515/628 512/629
f 65/614 516/630 517/631 514/632
f 518/633 519/634 520/635 521/636
f 66/637 84/638 85/639 522/640
f 66/637 523/641 71/642 84/638
f 66/637 522/640 524/643 525/644
f 67/645 526/646 527/647 528/648
f 67/649 528/650 529/651 530/652
f 67/653 530/654 531/655 526/656
f 68/657 532/658 533/659 534/660
f 68/661 535/662 536/663 537/664
f 68/657 538/665 539/666 532/658
f 68/661 537/664 540/667 538/668
f 69/669 541/670 542/671 543/672
f 69/673 543/674 544/675 545/676
f 69/677 546/678 547/679 541/680
f 70/681 548/682 549/683 550/684
f 70/685 528/648 527/647 548/686
f 70/687 550/688 529/651 528/650
f 71/689 83/690 85/691 84/692
f 72/693 552/694 553/695 554/696
f 72/697 554/698 555/699 556/700
f 72/701 556/702 557/703 552/704
f 73/705 558/706 559/707 560/708
f 73/709 560/710 561/711 562/712
f 73/713 562/714 563/715 558/716
f 74/717 80/718 564/719 565/720
f 74/721 565/722 566/723 567/724
f 74/717 567/725 568/726 80/718
f 75/727 569/728 570/729 79/730
f 75/727 571/731 572/732 569/728
f 75/727 78/733 573/734 571/731
f 75/735 574/736 575/737 78/738
f 75/735 79/739 576/740 574/736
f 76/741 577/742 578/743 579/744
f 76/741 579/744 580/745 77/746
f 77/747 581/748 582/749 583/750
f 77/747 583/750 584/751 585/752
f 78/738 575/737 586/753 587/754
f 79/730 570/729 588/755 589/756
f 79/757 589/758 590/759 576/760
f 80/761 91/762 591/763 564/764
f 80/761 592/765 593/766 91/762
f 80/718 568/726 594/767 592/768
f 81/769 595/770 178/771 596/772
f 81/773 176/774 597/775 595/776
f 81/777 598/778 599/779 600/780
f 81/773 600/781 601/782 176/774
f 82/783 602/784 600/785 599/786
f 82/787 603/788 604/789 602/790
f 82/791 599/779 605/792 603/793
f 83/794 606/795 607/796 608/797
f 83/798 608/799 609/800 610/801
f 83/802 610/803 611/804 612/805
f 86/806 613/807 614/808 615/809
f 86/806 615/809 616/810 617/811
f 86/806 617/811 618/812 613/807
f 87/813 619/814 620/815 621/816
f 87/813 621/816 622/817 623/818
f 87/813 623/818 624/819 619/814
f 88/820 625/821 626/822 627/823
f 88/820 627/823 628/824 629/825
f 88/826 630/827 631/828 632/829
f 88/826 632/829 633/830 625/831
f 89/832 634/833 635/834 636/835
f 89/836 637/837 630/838 634/839
f 89/832 636/835 638/840 637/841
f 90/842 639/843 637/844 638/845
f 90/846 640/847 641/848 639/849
f 90/850 638/851 642/852 640/853
f 91/854 643/855 644/856 645/857
f 91/854 645/857 646/858 591/859
f 92/860 647/861 648/862 649/863
f 92/860 649/863 650/864 93/865
f 93/866 650/867 651/868 652/869
f 93/865 652/870 653/871 654/872
f 94/873 95/874 655/875 656/876
f 95/877 657/878 658/879 655/880
f 96/881 659/882 660/883 661/884
f 96/881 662/885 663/886 659/882
f 96/887 95/877 664/888 665/889
f 97/890 666/891 667/892 668/893
f 97/890 669/894 663/886 666/891
f 97/890 668/893 670/895 635/896
f 97/897 635/834 634/833 671/898
f 97/899 671/900 607/796 669/901
f 98/902 99/903 672/904 673/905
f 98/902 673/905 674/906 675/907
f 98/908 675/909 676/910 677/911
f 98/908 677/911 678/912 679/913
f 98/908 679/913 680/914 99/915
f 99/903 680/916 681/917 672/904
f 100/918 682/919 683/920 684/921
f 100/918 685/922 686/923 687/924
f 101/925 688/926 689/927 690/928
f 101/929 693/930 694/931 688/932
f 101/933 690/934 696/935 691/936
f 102/937 697/938 698/939 699/940
f 102/941 700/942 701/943 697/944
f 102/945 699/946 104/947 700/948
f 103/949 702/950 703/951 704/952
f 103/953 704/954 705/955 706/956
f 103/957 706/958 707/959 702/960
f 104/947 708/961 709/962 700/948
f 104/947 699/946 105/963 710/964
f 104/947 710/964 711/965 712/966
f 104/947 712/966 713/967 708/961
f 105/968 714/969 715/970 710/971
f 105/972 699/973 698/974 714/975
f 106/976 716/977 717/978 718/979
f 106/980 718/981 719/982 720/983
f 106/980 720/983 721/984 722/985
f 723/986 724/987 725/988 726/989
f 107/990 727/991 728/992 729/993
f 108/994 730/995 731/996 732/997
f 108/998 733/999 734/1000 735/1001
f 108/998 732/1002 736/1003 733/999
f 109/1004 737/1005 738/1006 739/1007
f 109/1008 739/1009 740/1010 741/1011
f 109/1012 741/1013 742/1014 737/1015
f 110/1016 743/1017 744/1018 745/1019
f 110/1016 746/1020 747/1021 743/1017
f 110/1016 745/1019 748/1022 746/1020
f 111/1023 749/1024 750/1025 751/1026
f 111/1027 751/1028 752/1029 753/1030
f 111/1027 753/1030 754/1031 755/1032
f 111/1027 755/1032 756/1033 757/1034
f 111/1023 757/1035 758/1036 749/1024
f 112/1037 759/1038 760/1039 761/1040
f 112/1041 761/1042 762/1043 763/1044
f 113/1045 764/1046 765/1047 766/1048
f 114/1049 767/1050 768/1051 131/1052
f 114/1053 131/1054 769/1055 132/1056
f 115/1057 770/1058 771/1059 772/1060
f 115/1061 772/1062 773/1063 774/1064
f 115/1065 774/1066 775/1067 770/1068
f 116/1069 741/1011 740/1010 776/1070
f 116/1071 777/1072 742/1014 741/1013
f 116/1073 776/1074 778/1075 777/1076
f 118/1077 779/1078 771/1079 750/1080
f 118/1077 750/1080 749/1081 780/1082
f 119/1083 781/1084 129/1085 724/1086
f 782/1087 783/1088 781/1089 119/1090
f 119/1090 724/1091 723/1092 782/1087
f 120/1093 784/1094 785/1095 786/1096
f 120/1093 786/1096 787/1097 788/1098
f 122/1099 789/1100 790/1101 791/1102
f 122/1103 791/1104 792/1105 124/1106
f 123/1107 793/1108 794/1109 795/1110
f 123/1111 796/1112 797/1113 793/1114
f 123/1115 795/1116 798/1117 796/1118
f 124/1119 792/1120 799/1121 800/1122
f 125/1123 803/1124 804/1125 805/1126
f 125/1123 806/1127 133/1128 803/1124
f 125/1129 758/1130 807/1131 806/1132
f 125/1129 780/1133 749/1134 758/1130
f 126/1135 725/1136 724/1137 128/1138
f 718/981 717/1139 725/1140 126/1141
f 126/1141 128/1142 808/1143 718/981
f 127/1144 809/1145 810/1146 811/1147
f 127/1148 812/1149 813/1150 129/1151
f 127/1152 811/1153 814/1154 812/1155
f 128/1156 813/1157 815/1158 808/1159
f 128/1160 724/1161 129/1151 813/1150
f 130/1162 816/1163 817/1164 814/1165
f 130/1166 818/1167 819/1168 816/1169
f 130/1170 814/1171 811/1147 820/1172
f 130/1173 802/1174 801/1175 818/1176
f 131/1177 821/1178 822/1179 769/1180
f 131/1052 768/1051 823/1181 821/1182
f 132/1183 133/1184 806/1132 824/1185
f 132/1186 825/1187 826/1188 133/1189
f 132/1186 769/1190 827/1191 825/1187
f 134/1192 828/1193 709/1194 708/1195
f 134/1196 708/961 713/967 829/1197
f 134/1198 829/1199 830/1200 828/1201
f 135/1202 831/1203 832/1204 833/1205
f 135/1206 834/1207 835/1208 831/1209
f 135/1210 833/1211 836/1212 834/1213
f 136/1214 837/1215 838/1216 839/1217
f 136/1218 839/1219 840/1220 137/1221
f 136/1218 137/1221 143/1222 841/1223
f 136/1218 841/1223 842/1224 843/1225
f 137/1226 840/1227 584/751 583/750
f 137/1228 138/1229 844/1230 143/1231
f 137/1226 583/750 582/749 138/1232
f 138/1232 582/749 845/1233 844/1234
f 139/1235 149/1236 846/1237 847/1238
f 139/1239 847/1240 848/1241 849/1242
f 139/1239 849/1242 850/1243 149/1244
f 140/1245 851/1246 852/1247 141/1248
f 140/1249 141/1250 853/1251 854/1252
f 140/1253 854/1254 855/1255 851/1256
f 141/1257 852/1258 856/1259 853/1260
f 142/1261 857/1262 849/1242 848/1241
f 142/1263 853/1260 856/1259 857/1264
f 142/1265 848/1266 854/1252 853/1251
f 144/1267 845/1233 858/1268 859/1269
f 144/1267 860/1270 844/1234 845/1233
f 144/1267 859/1269 861/1271 860/1270
f 145/1272 862/1273 863/1274 864/1275
f 145/1276 864/1277 865/1278 866/1279
f 145/1280 866/1281 867/1282 862/1283
f 143/1284 844/1234 860/1270 868/1285
f 146/1286 872/1287 873/1288 869/1289
f 146/1290 871/1291 874/1292 875/1293
f 147/1294 876/1295 877/1296 878/1297
f 147/1298 879/1299 880/1300 876/1301
f 147/1302 878/1303 881/1304 879/1305
f 148/1306 882/1307 883/1308 884/1309
f 148/1310 149/1244 850/1243 882/1311
f 148/1312 884/1313 885/1314 886/1315
f 148/1316 886/1317 887/1318 149/1236
f 149/1236 887/1318 888/1319 846/1237
f 150/1320 889/1321 890/1322 891/1323
f 150/1320 891/1323 826/1188 892/1324
f 150/1320 892/1324 893/1325 894/1326
f 150/1327 894/1328 883/1308 882/1307
f 150/1329 882/1330 850/1331 889/1332
f 151/1333 895/1334 896/1335 897/1336
f 151/1333 820/1172 811/1147 810/1146
f 151/1333 897/1336 898/1337 820/1172
f 152/1338 899/1339 900/1340 901/1341
f 152/1342 901/1343 902/1344 903/1345
f 152/1346 903/1347 904/1348 899/1349
f 153/1350 905/1351 906/1352 907/1353
f 153/1350 907/1353 908/1354 909/1355
f 153/1350 909/1355 910/1356 905/1351
f 154/1357 911/1358 912/1359 913/1360
f 154/1357 914/1361 915/1362 911/1358
f 154/1357 913/1360 916/1363 914/1361
f 155/1364 899/1349 904/1348 917/1365
f 155/1366 918/1367 900/1368 899/1369
f 155/1370 917/1371 919/1372 918/1373
f 156/1374 158/1375 920/1376 157/1377
f 156/1374 921/1378 922/1379 923/1380
f 156/1374 923/1380 924/1381 158/1375
f 156/1374 925/1382 926/1383 921/1378
f 157/1384 927/1385 928/1386 159/1387
f 157/1384 920/1388 929/1389 927/1385
f 159/1387 930/1390 931/1391 925/1392
f 159/1387 928/1386 932/1393 930/1390
f 160/1394 933/1395 499/603 934/1396
f 160/1394 934/1396 935/1397 936/1398
f 161/1399 937/1400 938/1401 939/1402
f 161/1399 939/1402 940/1403 933/1395
f 161/1399 941/1404 942/1405 937/1400
f 162/1406 163/1407 943/1408 944/1409
f 164/1410 945/1411 946/1412 947/1413
f 164/1410 947/1413 948/1414 949/1415
f 164/1410 950/1416 951/1417 945/1411
f 165/1418 952/1419 953/1420 954/1421
f 165/1422 955/1423 956/1424 952/1425
f 165/1426 954/1427 217/59 955/1428
f 166/1429 957/1430 958/1431 959/1432
f 166/1433 173/1434 960/1435 957/1436
f 166/1429 959/1432 961/1437 962/1438
f 166/1439 962/1440 963/1441 964/1442
f 167/1443 965/1444 966/1445 967/1446
f 167/1447 968/1448 969/1449 965/1450
f 167/1451 967/1452 970/1453 971/1454
f 168/602 64/601 967/1446 966/1445
f 168/602 966/1445 934/1396 499/603
f 169/1455 954/1456 953/1457 972/1458
f 169/1455 972/1458 214/54 213/53
f 169/1459 213/60 217/59 954/1427
f 166/1460 964/1461 973/1462 974/1463
f 170/1464 173/1434 166/1433 975/1465
f 171/1466 172/1467 977/1468 978/1469
f 171/1470 978/1471 979/1472 980/1473
f 171/1474 981/1475 982/1476 172/1477
f 172/1478 982/1479 983/1480 977/1481
f 173/1482 976/1483 988/1484 989/1485
f 174/1486 611/804 610/803 990/1487
f 174/1486 991/1488 992/1489 611/804
f 174/1486 990/1487 993/1490 994/1491
f 174/1492 994/1493 995/1494 996/1495
f 174/1496 996/1497 997/1498 991/1499
f 175/1500 998/1501 999/1502 1000/1503
f 175/1504 1001/1505 1002/1506 998/1507
f 175/1508 1003/1509 1004/1510 1001/1511
f 175/1508 1005/1512 1006/1513 1003/1509
f 175/1508 1000/1514 1007/1515 1005/1512
f 176/1516 601/1517 1008/1518 597/1519
f 177/1520 595/1521 597/1522 1009/1523
f 177/1524 179/1525 178/1526 595/1527
f 178/1528 179/1529 1010/1530 596/1531
f 179/1532 177/1520 1009/1523 1010/1533
f 180/1534 1011/1535 1012/1536 1013/1537
f 180/1534 1013/1537 1014/1538 1015/1539
f 180/1534 1015/1539 1016/1540 1011/1535
f 181/1541 1017/1542 1018/1543 1019/1544
f 181/1541 1019/1544 1020/1545 1021/1546
f 181/1541 1021/1546 1022/1547 1017/1542
f 182/1548 1023/1549 1024/1550 1025/1551
f 182/1552 1026/1553 1027/1554 1023/1555
f 182/1548 1025/1551 1028/1556 1026/1557
f 183/1558 1023/1559 1027/1560 1029/1561
f 183/1562 1030/1563 1024/1564 1023/1565
f 88/1566 608/797 607/796 671/900
f 88/1567 629/1568 609/800 608/799
f 88/1569 671/1570 634/839 630/838
f 1030/1563 1031/1571 1032/1572 1024/1564
f 1030/1573 183/1558 1029/1561 1033/1574
f 1030/1573 1033/1574 1034/1575 1031/1576
f 1034/1577 1035/1578 1036/1579 1037/1580
f 1034/1577 1037/1580 1038/1581 1031/1582
f 1034/1577 1033/1583 1039/1584 1035/1578
f 1039/1584 1040/1585 1041/1586 1035/1578
f 1039/1587 1033/1574 1029/1561 1042/1588
f 1039/1584 1042/1589 1043/1590 1040/1585
f 1043/1590 1044/1591 1045/1592 1040/1585
f 1043/1593 1042/1594 1046/1595 1047/1596
f 1043/1593 1047/1596 1048/1597 1044/1598
f 1048/1597 1049/1599 1050/1600 1044/1598
f 1048/1597 1047/1596 1051/1601 1052/1602
f 1048/1597 1052/1602 1053/1603 1049/1599
f 1053/1604 1054/1605 1055/1606 1049/1607
f 1053/1608 1052/1609 1056/1610 1057/1611
f 1053/1604 1057/1612 1058/1613 1054/1605
f 1058/1613 1059/1614 1060/1615 1054/1605
f 1058/1616 1057/1611 1061/1617 1062/1618
f 1058/1616 1062/1618 1063/1619 1059/1620
f 1063/1619 1064/1621 1065/1622 1059/1620
f 1063/1619 1062/1618 1066/1623 1067/1624
f 1063/1619 1067/1624 1068/1625 1064/1621
f 1068/1625 951/1417 1069/1626 1064/1621
f 1068/1625 1067/1624 1070/1627 1071/1628
f 1068/1625 1071/1628 945/1411 951/1417
f 1071/1628 1070/1627 1072/1629 1073/1630
f 1071/1628 1073/1630 946/1412 945/1411
f 1073/1630 1072/1629 1074/1631 1075/1632
f 1073/1630 1075/1632 1076/1633 946/1412
f 1076/1633 1077/1634 947/1413 946/1412
f 1076/1633 1075/1632 1078/1635 1079/1636
f 1076/1633 1079/1636 1080/1637 1077/1634
f 1080/1637 627/823 626/822 1077/1634
f 1080/1637 1079/1636 1081/1638 1082/1639
f 1080/1637 1082/1639 628/824 627/823
f 1082/1639 1081/1638 1003/1509 1006/1513
f 1082/1639 1006/1513 1083/1640 628/824
f 1083/1640 1084/1641 629/825 628/824
f 1083/1640 1006/1513 1005/1512 604/789
f 1083/1640 604/789 603/788 1084/1641
f 1084/1642 1085/1643 609/800 629/1568
f 1084/1642 603/793 605/792 1085/1643
f 1085/1643 990/1644 610/801 609/800
f 1085/1643 605/792 993/1645 990/1644
f 1081/1638 1079/1636 1078/1635 1086/1646
f 1081/1638 1086/1646 1004/1510 1003/1509
f 1086/1646 1078/1635 1087/1647 1088/1648
f 1086/1646 1088/1648 1089/1649 1004/1510
f 1089/1649 1088/1648 1090/1650 1091/1651
f 1089/1649 1091/1651 1092/1652 1093/1653
f 1089/1649 1093/1653 1001/1511 1004/1510
f 1093/1654 1092/1655 1094/1656 1095/1657
f 1093/1654 1095/1657 1002/1658 1001/1659
f 1095/1660 1094/1661 1096/1662 1097/1663
f 1095/1660 1097/1663 997/1498 1002/1506
f 1097/1664 1096/1665 1098/1666 1099/1667
f 1097/1663 1099/1668 991/1499 997/1498
f 1099/1669 1098/1670 1100/1671 1101/1672
f 1099/1669 1101/1672 992/1489 991/1488
f 1101/1672 1100/1671 1102/1673 1103/1674
f 1101/1672 1103/1674 1104/1675 992/1489
f 1104/1675 612/805 611/804 992/1489
f 1104/1675 1103/1674 1105/1676 1106/1677
f 1104/1675 1106/1677 1107/1678 612/805
f 1106/1677 1105/1676 1108/1679 1109/1680
f 1106/1677 1109/1680 1110/1681 1107/1678
f 1110/1681 1111/1682 1112/1683 1107/1678
f 1110/1681 1109/1680 1113/1684 1114/1685
f 1110/1681 1114/1685 1115/1686 1111/1682
f 1115/1686 1116/1687 1117/1688 1111/1682
f 1115/1686 1114/1685 1118/1689 922/1379
f 1115/1686 922/1379 921/1378 1116/1687
f 1118/1689 1114/1685 1113/1684 1119/1690
f 1118/1689 1119/1690 1120/1691 1121/1692
f 1118/1689 1121/1692 923/1380 922/1379
f 1121/1692 1120/1691 1122/1693 1123/1694
f 1121/1692 1123/1694 924/1381 923/1380
f 1123/1695 1122/1696 1124/1697 1125/1698
f 1123/1695 1125/1698 1126/1699 924/1700
f 1126/1699 920/1388 158/1701 924/1700
f 1126/1699 1125/1698 1127/1702 1128/1703
f 1126/1699 1128/1703 929/1389 920/1388
f 1128/1704 1127/1705 1129/1706 944/1409
f 1128/1704 944/1409 943/1408 929/1707
f 1129/1706 1127/1705 1130/1708 1131/1709
f 1129/1706 1131/1709 1065/1710 1132/1711
f 1129/1706 1132/1711 162/1406 944/1409
f 1132/1712 1065/1622 1064/1621 1069/1626
f 1132/1712 1069/1626 1133/1713 162/1714
f 1131/1709 1130/1708 1134/1715 1060/1615
f 1131/1709 1060/1615 1059/1614 1065/1710
f 1134/1716 1130/1717 1124/1697 1135/1718
f 1134/1716 1135/1718 1136/1719 1055/1720
f 1134/1715 1055/1606 1054/1605 1060/1615
f 1136/1721 1135/1722 1137/1723 1138/1724
f 1136/1721 1138/1724 1139/1725 1050/1726
f 1136/1719 1050/1727 1049/1728 1055/1720
f 1139/1725 1138/1724 1140/1729 1141/1730
f 1139/1725 1141/1730 1142/1731 1045/1592
f 1139/1725 1045/1592 1044/1591 1050/1726
f 1142/1731 1141/1730 1143/1732 1144/1733
f 1142/1731 1144/1733 1145/1734 1041/1586
f 1142/1731 1041/1586 1040/1585 1045/1592
f 1145/1734 1144/1733 1022/1547 1146/1735
f 1145/1734 1146/1735 1147/1736 1036/1579
f 1145/1734 1036/1579 1035/1578 1041/1586
f 1147/1736 1148/1737 1149/1738 1150/1739
f 1147/1736 1150/1739 1037/1580 1036/1579
f 1147/1736 1146/1735 1151/1740 1148/1737
f 1151/1740 1102/1673 1100/1671 1148/1737
f 1151/1740 1146/1735 1022/1547 1021/1546
f 1151/1740 1021/1546 1020/1545 1102/1673
f 1150/1741 1149/1742 1152/1743 1153/1744
f 1150/1741 1153/1744 1038/1745 1037/1746
f 1153/1747 1152/1748 1154/1749 1155/1750
f 1153/1747 1155/1750 1156/1751 1038/1752
f 1156/1753 1155/1754 1157/1755 1158/1756
f 1156/1753 1158/1756 1159/1757 1032/1758
f 1156/1751 1032/1572 1031/1571 1038/1752
f 1159/1759 1158/1760 1160/1761 1161/1762
f 1159/1759 1161/1762 1028/1556 1025/1551
f 1159/1759 1025/1551 1024/1550 1032/1763
f 1161/1762 1160/1761 1162/1764 1163/1765
f 1161/1762 1163/1765 1164/1766 1028/1556
f 1164/1766 1165/1767 1051/1768 1166/1769
f 1164/1766 1166/1769 1026/1557 1028/1556
f 1164/1766 1163/1765 1167/1770 1165/1767
f 1167/1770 1168/1771 1056/1610 1165/1767
f 1167/1770 1163/1765 1162/1764 1169/1772
f 1167/1770 1169/1772 1170/1773 1168/1771
f 1170/1773 1171/1774 1061/1617 1168/1771
f 1170/1773 1169/1772 1172/1775 1016/1540
f 1170/1773 1016/1540 1015/1539 1171/1774
f 1172/1775 1173/1776 1011/1535 1016/1540
f 1172/1775 1169/1772 1162/1764 1174/1777
f 1172/1775 1174/1777 1175/1778 1173/1776
f 1175/1778 1090/1650 1176/1779 1173/1776
f 1175/1778 1174/1777 1177/1780 1178/1781
f 1175/1778 1178/1781 1091/1651 1090/1650
f 1178/1781 1177/1780 1157/1782 1179/1783
f 1178/1781 1179/1783 1092/1652 1091/1651
f 1179/1784 1157/1755 1155/1754 1154/1785
f 1179/1786 1154/1749 1094/1661 1092/1787
f 1177/1780 1174/1777 1162/1764 1160/1761
f 1177/1780 1160/1761 1158/1760 1157/1782
f 1176/1779 1087/1647 1074/1631 1012/1536
f 1176/1779 1012/1536 1011/1535 1173/1776
f 1176/1779 1090/1650 1088/1648 1087/1647
f 1171/1774 1066/1623 1062/1618 1061/1617
f 1171/1774 1015/1539 1014/1538 1066/1623
f 1168/1771 1061/1617 1057/1611 1056/1610
f 1166/1788 1051/1601 1047/1596 1046/1595
f 1166/1788 1046/1595 1027/1554 1026/1553
f 1165/1767 1056/1610 1052/1609 1051/1768
f 1154/1749 1152/1748 1096/1662 1094/1661
f 1152/1743 1149/1742 1098/1666 1096/1665
f 1149/1738 1148/1737 1100/1671 1098/1670
f 1144/1733 1143/1732 1017/1542 1022/1547
f 1143/1732 1180/1789 1018/1543 1017/1542
f 1143/1732 1141/1730 1140/1729 1180/1789
f 1180/1789 1181/1790 1182/1791 1018/1543
f 1180/1789 1140/1729 1183/1792 1181/1790
f 1183/1792 1120/1691 1119/1690 1181/1790
f 1183/1792 1140/1729 1138/1724 1137/1723
f 1183/1792 1137/1723 1122/1693 1120/1691
f 1182/1791 1113/1684 1109/1680 1108/1679
f 1182/1791 1108/1679 1019/1544 1018/1543
f 1182/1791 1181/1790 1119/1690 1113/1684
f 1137/1723 1135/1722 1124/1793 1122/1693
f 1130/1717 1127/1702 1125/1698 1124/1697
f 1184/1794 1116/1687 921/1378 926/1383
f 1184/1794 926/1383 1185/1795 1186/1796
f 1185/1797 926/1798 925/1799 1187/1800
f 1187/1801 1188/1802 1189/1803 1190/1804
f 1187/1805 925/1806 931/1807 1188/1808
f 1191/1809 1190/1804 1192/1810 1193/1811
f 1191/1809 1193/1811 1194/1812 1195/1813
f 1195/1813 1194/1812 525/644 524/643
f 1194/1814 1193/1815 1196/1816 1197/1817
f 1194/1814 1197/1817 1198/1818 525/1819
f 1198/1818 1197/1817 1199/1820 1200/1821
f 1198/1822 1200/1823 1201/1824 1202/1825
f 1198/1822 1202/1825 66/637 525/644
f 1202/1825 1203/1826 523/641 66/637
f 1203/1826 1204/1827 1205/1828 523/641
f 1203/1829 1206/1830 1207/1831 1204/1832
f 1207/1833 594/767 568/726 1204/1827
f 1207/1831 1206/1830 3818/1834 1209/1835
f 1207/1833 1209/1836 1210/1837 594/767
f 1210/1837 1211/1838 592/768 594/767
f 1210/1839 1209/1835 1212/1840 590/759
f 1210/1841 590/1842 589/1843 1213/1844
f 1213/1845 589/1846 588/1847 1214/1848
f 1215/1849 1216/1850 1217/1851 593/1852
f 1215/1849 588/1853 570/1854 1218/1855
f 1215/1849 1218/1855 1219/1856 1216/1850
f 1219/1856 1220/1857 1221/1858 1216/1850
f 1219/1859 1218/1860 1222/1861 1223/1862
f 1219/1859 1223/1862 1224/1863 1220/1864
f 1224/1863 549/683 548/682 1220/1864
f 1224/1863 1223/1862 1225/1865 1226/1866
f 1224/1863 1226/1866 1227/1867 549/683
f 1227/1867 1228/1868 550/684 549/683
f 1227/1867 1226/1866 559/1869 558/1870
f 1227/1867 558/1870 563/1871 1228/1868
f 1228/1872 563/715 1229/1873 1230/1874
f 1228/1872 1230/1874 529/651 550/688
f 1230/1874 1229/1873 557/703 1231/1875
f 1230/1874 1231/1875 530/652 529/651
f 1231/1875 557/703 556/702 1232/1876
f 1231/1875 1232/1876 531/1877 530/652
f 1232/1878 556/700 555/699 1233/1879
f 1232/1880 1233/1881 1234/1882 531/1883
f 1234/1882 1233/1881 644/856 643/855
f 1234/1884 643/1885 1217/1886 1235/1887
f 1234/1884 1235/1887 526/1888 531/1889
f 1235/1890 1217/1851 1216/1850 1221/1858
f 1235/1890 1221/1858 527/647 526/646
f 1233/1879 555/699 1236/1891 644/1892
f 1236/1891 555/699 554/698 1237/1893
f 1236/1891 1237/1893 1238/1894 1239/1895
f 1236/1896 1239/1897 645/857 644/856
f 1239/1895 1238/1894 1240/1898 1241/1899
f 1239/1897 1241/1900 646/858 645/857
f 1241/1900 1242/1901 1243/1902 646/858
f 1240/1903 1238/1904 1244/1905 1245/1906
f 1240/1903 1245/1906 676/1907 1246/1908
f 1245/1909 1244/1910 1247/1911 1248/1912
f 1245/1909 1248/1912 677/911 676/910
f 1248/1912 1247/1911 1249/1913 1250/1914
f 1248/1912 1250/1914 678/912 677/911
f 1250/1915 1249/1916 1251/1917 1252/1918
f 1250/1915 1252/1918 1253/1919 678/1920
f 1253/1919 1252/1918 1254/1921 1255/1922
f 1253/1919 1255/1922 1256/1923 1257/1924
f 1253/1925 1257/1926 679/913 678/912
f 1257/1927 1256/1928 1258/1929 1259/1930
f 1257/1931 1259/1932 680/1933 679/1934
f 1259/1935 1258/1936 1260/1937 1261/1938
f 1259/1939 1261/1940 681/917 680/916
f 1261/1938 1260/1937 1262/1941 1263/1942
f 1261/1938 1263/1942 1264/1943 681/1944
f 1264/1943 1263/1942 1265/1945 1266/1946
f 1264/1947 1266/1948 1267/1949 1268/1950
f 1264/1947 1268/1950 672/904 681/917
f 1268/1950 1267/1949 1269/1951 1270/1952
f 1268/1950 1270/1952 673/905 672/904
f 1270/1952 1269/1951 1271/1953 1272/1954
f 1270/1952 1272/1954 674/906 673/905
f 1272/1955 1271/1956 1273/1957 1274/1958
f 1272/1954 1274/1959 1275/1960 674/906
f 1275/1961 1274/1958 1276/1962 1277/1963
f 1279/1964 1278/1965 1280/1966 1281/1967
f 1279/1968 1281/1969 1282/1970 648/862
f 1282/1970 1281/1969 1283/1971 1284/1972
f 1282/1970 1284/1972 658/879 1285/1973
f 1282/1970 1285/1973 649/863 648/862
f 1285/1973 658/879 657/878 1286/1974
f 1285/1973 1286/1974 650/864 649/863
f 1286/1975 657/1976 661/1977 1287/1978
f 1286/1975 1287/1978 651/868 650/867
f 1287/1978 551/1979 1288/1980 651/868
f 1288/1980 1289/1981 652/869 651/868
f 1288/1980 551/1979 71/1982 1290/1983
f 1288/1980 1290/1983 566/723 1289/1981
f 1290/1983 71/1982 523/1984 1205/1985
f 1290/1986 1205/1828 567/725 566/1987
f 1289/1981 1291/1988 653/1989 652/869
f 1284/1972 1283/1971 1292/1990 1293/1991
f 1284/1972 1293/1991 655/880 658/879
f 1293/1991 1292/1990 1294/1992 1295/1993
f 1293/1991 1295/1993 656/1994 655/880
f 1295/1993 1294/1992 1296/1995 1297/1996
f 1295/1993 1297/1996 1298/1997 656/1994
f 1298/1997 1297/1996 1299/1998 1300/1999
f 1298/1997 1300/1999 1301/2000 1302/2001
f 1298/1997 1302/2001 94/2002 656/1994
f 1302/2003 1301/2004 1303/2005 664/2006
f 1302/2003 664/2006 95/2007 94/2008
f 1303/2005 1301/2004 476/550 475/549
f 1303/2009 475/555 478/554 1304/2010
f 1303/2011 1304/2012 665/889 664/888
f 1304/2010 478/554 1305/2013 1306/2014
f 1304/2010 1306/2014 1307/2015 665/2016
f 1307/2015 662/885 96/881 665/2016
f 1307/2015 1306/2014 1308/2017 1309/2018
f 1307/2015 1309/2018 1310/2019 662/885
f 1310/2019 666/891 663/886 662/885
f 1310/2019 1309/2018 1311/2020 1312/2021
f 1310/2019 1312/2021 667/892 666/891
f 1312/2021 1311/2020 469/541 471/543
f 1312/2021 471/543 1313/2022 667/892
f 1313/2022 1314/2023 1315/2024 1316/2025
f 1313/2022 1316/2025 668/893 667/892
f 1313/2022 471/543 468/540 1314/2023
f 1316/2025 1315/2024 1317/2026 1318/2027
f 1316/2025 1318/2027 670/895 668/893
f 1318/2027 1317/2026 1319/2028 1320/2029
f 1318/2027 1320/2029 1321/2030 670/895
f 1321/2031 1320/2032 1322/2033 642/852
f 1321/2031 642/852 638/851 636/2034
f 1321/2030 636/2035 635/896 670/895
f 1322/2036 1323/2037 1324/2038 1325/2039
f 1322/2040 1325/2041 640/2042 642/2043
f 1322/2033 1320/2032 1319/2044 1323/2045
f 1325/2039 1324/2038 1326/2046 1327/2047
f 1325/2039 1327/2047 641/848 640/847
f 1327/2047 1326/2046 1328/2048 1329/2049
f 1327/2047 1329/2049 1330/2050 641/848
f 1330/2050 1329/2049 1331/2051 1332/2052
f 1330/2050 1332/2052 632/829 631/828
f 1330/2050 631/828 639/849 641/848
f 1332/2052 1331/2051 521/636 1333/2053
f 1332/2052 1333/2053 633/830 632/829
f 1333/2053 521/636 520/635 1334/2054
f 1333/2053 1334/2054 1335/2055 633/830
f 1335/2055 1334/2054 1336/2056 1337/2057
f 1335/2058 1337/2059 1338/2060 1339/2061
f 1335/2058 1339/2061 625/2062 633/2063
f 1339/2064 1338/2065 949/1415 948/1414
f 1339/2064 948/1414 626/822 625/821
f 1338/2065 1337/2066 514/632 517/631
f 1338/2065 517/631 940/1403 949/1415
f 1337/2057 1336/2056 515/628 514/627
f 1336/2056 1334/2054 520/635 1340/2067
f 1336/2056 1340/2067 1341/2068 515/628
f 1341/2068 1342/2069 512/629 515/628
f 1341/2068 1340/2067 1343/2070 1344/2071
f 1341/2068 1344/2071 1345/2072 1342/2069
f 1345/2073 1346/2074 1347/2075 1342/2076
f 1345/2072 1344/2071 1348/2077 1349/2078
f 1345/2073 1349/2079 1350/2080 1346/2074
f 1350/2081 1351/2082 1352/2083 1346/2084
f 1350/2080 1349/2079 1353/2085 1354/2086
f 1350/2081 1354/2087 1355/2088 1351/2082
f 1355/2089 1356/2090 1357/2091 1351/2092
f 1355/2088 1354/2087 1358/2093 620/2094
f 1355/2089 620/815 619/814 1356/2090
f 1358/2095 1354/2086 1353/2085 614/2096
f 1358/2097 614/2098 613/2099 1359/2100
f 1358/2101 1359/2102 621/2103 620/2104
f 1359/2105 613/2106 618/2107 1360/2108
f 1359/2102 1360/2109 622/2110 621/2103
f 1360/2108 618/2107 1361/2111 1362/2112
f 1360/2109 1362/2113 1363/2114 622/2110
f 1363/2114 1362/2113 1319/2115 1317/2116
f 1363/2117 1317/2026 1315/2024 1364/2118
f 1363/2117 1364/2118 623/818 622/817
f 1364/2118 1315/2024 1314/2023 1365/2119
f 1364/2118 1365/2119 624/819 623/818
f 1365/2119 1314/2023 468/540 467/539
f 1365/2119 467/539 1366/2120 624/819
f 1366/2120 467/539 466/538 1367/2121
f 1366/2120 1367/2121 1357/2091 1356/2090
f 1366/2120 1356/2090 619/814 624/819
f 1367/2121 466/538 470/542 1368/2122
f 1367/2121 1368/2122 1369/2123 1357/2091
f 1369/2123 1368/2122 1370/2124 1371/2125
f 1369/2123 1371/2125 1372/2126 1352/2127
f 1369/2123 1352/2127 1351/2092 1357/2091
f 1372/2126 1371/2125 1373/2128 1374/2129
f 1372/2130 1374/2131 513/2132 1347/2133
f 1372/2130 1347/2133 1346/2084 1352/2083
f 1374/2129 1373/2128 1375/2134 1376/2135
f 1374/2136 1376/2137 507/625 513/624
f 1376/2138 1375/2139 474/547 473/546
f 1376/2137 473/2140 508/2141 507/625
f 1375/2134 1305/2013 478/554 474/553
f 1375/2134 1373/2128 1377/2142 1305/2013
f 1377/2142 1308/2017 1306/2014 1305/2013
f 1377/2142 1373/2128 1371/2125 1370/2124
f 1377/2142 1370/2124 1378/2143 1308/2017
f 1378/2143 1311/2020 1309/2018 1308/2017
f 1378/2143 1370/2124 1368/2122 470/542
f 1378/2143 470/542 469/541 1311/2020
f 1362/2144 1361/2145 1323/2045 1319/2044
f 1361/2146 618/812 617/811 1379/2147
f 1361/2146 1379/2147 1324/2038 1323/2037
f 1379/2147 617/811 616/810 1380/2148
f 1379/2147 1380/2148 1326/2046 1324/2038
f 1380/2148 616/810 1381/2149 1382/2150
f 1380/2148 1382/2150 1328/2048 1326/2046
f 1382/2150 1381/2149 1383/2151 1384/2152
f 1382/2150 1384/2152 1385/2153 1328/2048
f 1385/2153 1384/2152 519/634 518/633
f 1385/2153 518/633 521/636 1331/2051
f 1385/2153 1331/2051 1329/2049 1328/2048
f 1384/2152 1383/2151 1343/2070 519/634
f 1383/2151 1348/2077 1344/2071 1343/2070
f 1383/2151 1381/2149 1386/2154 1348/2077
f 1386/2154 1353/2155 1349/2078 1348/2077
f 1386/2154 1381/2149 616/810 615/809
f 1386/2154 615/809 614/808 1353/2155
f 1347/2075 513/2156 512/2157 1342/2076
f 1343/2070 1340/2067 520/635 519/634
f 1301/2000 1300/1999 1387/2158 476/2159
f 1387/2158 1300/1999 1299/1998 1388/2160
f 1387/2158 1388/2160 1389/2161 1390/2162
f 1387/2158 1390/2162 477/2163 476/2159
f 1390/2162 1389/2161 1391/2164 1392/2165
f 1390/2162 1392/2165 1393/2166 477/2163
f 1393/2166 1392/2165 1394/2167 1395/2168
f 1393/2166 1395/2168 1396/2169 1397/2170
f 1393/2171 1397/2172 57/548 477/551
f 1397/2172 1396/2173 1398/2174 1399/2175
f 1397/2172 1399/2175 472/2176 57/548
f 1399/2175 1398/2174 1400/2177 1401/2178
f 1399/2175 1401/2178 1402/2179 472/2176
f 1402/2179 508/2180 473/2181 472/2176
f 1402/2179 1401/2178 1403/2182 505/2183
f 1402/2184 505/2185 504/2186 508/2187
f 1403/2182 1401/2178 1400/2177 1404/2188
f 1403/2189 1404/2190 1405/2191 1406/2192
f 1403/2189 1406/2192 506/612 505/611
f 1406/2192 1405/2191 1407/2193 1408/2194
f 1406/2192 1408/2194 1409/2195 506/612
f 1409/2195 1410/2196 503/609 506/612
f 1409/2195 1408/2194 1411/2197 1412/2198
f 1409/2195 1412/2198 1413/2199 1410/2196
f 1413/2199 1414/2200 509/2201 1410/2196
f 1413/2199 1412/2198 1415/2202 480/559
f 1413/2199 480/559 479/558 1414/2200
f 1415/2202 1412/2198 1411/2197 1416/2203
f 1415/2202 1416/2203 1417/2204 1418/2205
f 1415/2202 1418/2205 58/556 480/559
f 1418/2205 1417/2204 1419/2206 1420/2207
f 1418/2205 1420/2207 482/2208 58/556
f 1420/2207 1419/2206 1421/2209 1422/2210
f 1420/2207 1422/2210 1423/2211 482/2208
f 1423/2211 486/2212 483/2213 482/2208
f 1423/2211 1422/2210 1424/2214 1425/2215
f 1423/2211 1425/2215 1426/2216 486/2212
f 1426/2216 1427/2217 487/2218 486/2212
f 1426/2216 1425/2215 1428/2219 1429/2220
f 1426/2216 1429/2220 1430/2221 1427/2217
f 1430/2222 983/2223 1431/2224 1427/2225
f 1430/2221 1429/2220 984/2226 987/2227
f 1430/2228 987/2229 977/2230 983/2231
f 1431/2232 1432/2233 490/2234 489/2235
f 1431/2224 489/2236 487/2237 1427/2225
f 1431/2232 983/2238 982/1476 1432/2233
f 1432/2233 1433/2239 1434/2240 490/2234
f 1432/2233 982/1476 981/1475 1433/2239
f 1434/2240 1435/2241 1436/2242 491/583
f 1434/2240 491/583 60/582 490/2234
f 1434/2240 1433/2239 1437/2243 1435/2241
f 1437/2243 1438/2244 1439/2245 1435/2241
f 1437/2243 1433/2239 981/1475 961/1437
f 1437/2243 961/1437 959/1432 1438/2244
f 1439/2245 1440/2246 1441/2247 1442/2248
f 1439/2245 1442/2248 1436/2242 1435/2241
f 1439/2245 1438/2244 1443/2249 1440/2246
f 1443/2249 1444/2250 1445/2251 1440/2246
f 1443/2249 1438/2244 959/1432 958/1431
f 1443/2249 958/1431 1446/2252 1444/2250
f 1446/2252 1447/2253 1448/2254 1444/2250
f 1446/2252 958/1431 957/1430 1449/2255
f 1446/2252 1449/2255 1450/2256 1447/2253
f 1450/2256 1451/2257 1452/2258 1447/2253
f 1450/2256 1449/2255 1453/2259 1454/2260
f 1450/2256 1454/2260 1455/2261 1451/2257
f 1455/2261 1456/2262 1457/2263 1451/2257
f 1455/2261 1454/2260 1458/2264 1459/2265
f 1455/2261 1459/2265 1460/2266 1456/2262
f 1460/2266 1461/2267 1462/2268 1456/2262
f 1460/2266 1459/2265 223/67 220/64
f 1460/2266 220/64 219/63 1461/2267
f 1462/2268 1463/2269 1464/2270 1465/2271
f 1462/2268 1465/2271 1457/2263 1456/2262
f 1462/2268 1461/2267 1466/2272 1463/2269
f 1466/2272 1467/2273 1468/2274 1463/2269
f 1466/2275 1461/2276 219/2277 227/75
f 1466/2275 227/75 226/74 1467/2278
f 1468/2274 1469/2279 1470/2280 1471/2281
f 1468/2274 1471/2281 1464/2270 1463/2269
f 1468/2274 1467/2273 1472/2282 1469/2279
f 1472/2283 207/2284 206/2285 1469/2286
f 1472/2283 1467/2278 226/74 231/82
f 1472/2283 231/82 1473/2287 207/2284
f 1473/2288 1474/2289 234/2290 233/2291
f 1473/2292 233/2293 204/42 207/41
f 1473/2294 231/2295 230/2296 1474/2297
f 1474/2298 1475/2299 237/93 234/92
f 1474/2300 230/2301 229/2302 1475/2303
f 1475/2299 1476/2304 1477/2305 237/93
f 1475/2299 229/2306 222/2307 1476/2304
f 1477/2305 1478/2308 1479/2309 1480/2310
f 1477/2305 1480/2310 235/94 237/93
f 1477/2305 1476/2304 1481/2311 1478/2308
f 1481/2311 1482/2312 1483/2313 1478/2308
f 1481/2311 1476/2304 222/2307 221/2314
f 1481/2311 221/2314 225/2315 1482/2312
f 1483/2313 1484/2316 1485/2317 1486/2318
f 1483/2313 1486/2318 1479/2309 1478/2308
f 1483/2313 1482/2312 1487/2319 1484/2316
f 1487/2319 215/2320 212/51 1484/2316
f 1487/2319 1482/2312 225/2315 1488/2321
f 1487/2322 1488/2323 1489/2324 215/57
f 1489/2325 1488/2326 1490/2327 1491/2328
f 1489/2325 1491/2328 1492/2329 1493/2330
f 1489/2324 1493/2331 216/58 215/57
f 1493/2330 1492/2329 956/1424 955/1423
f 1493/2331 955/1428 217/59 216/58
f 1492/2329 1491/2328 1494/2332 1495/2333
f 1492/2329 1495/2333 1496/2334 956/1424
f 1496/2335 1495/2336 1497/2337 989/2338
f 1496/2335 989/2338 988/2339 1498/2340
f 1496/2335 1498/2340 952/2341 956/2342
f 1498/2343 988/2344 1499/2345 1500/2346
f 1498/2343 1500/2346 953/1420 952/1419
f 1500/2347 1499/2348 1501/2349 1502/2350
f 1500/2347 1502/2350 972/2351 953/2352
f 1502/2350 1501/2349 1503/2353 1504/2354
f 1502/2350 1504/2354 214/2355 972/2351
f 1504/2354 1503/2353 1505/2356 1506/2357
f 1504/2354 1506/2357 209/2358 214/2355
f 1506/2357 1505/2356 1507/2359 1508/2360
f 1506/2357 1508/2360 210/2361 209/2358
f 1508/2360 1507/2359 1509/2362 1510/2363
f 1508/2360 1510/2363 1511/2364 210/2361
f 1511/2364 1510/2363 1512/2365 1513/2366
f 1511/2364 1513/2366 1485/2367 211/2368
f 1511/2364 211/2368 6/2369 210/2361
f 1513/2366 1512/2365 1514/2370 1515/2371
f 1513/2366 1515/2371 1486/2372 1485/2367
f 1515/2371 1514/2370 1516/2373 1517/2374
f 1515/2371 1517/2374 1479/2375 1486/2372
f 1517/2374 1516/2373 1518/2376 1519/2377
f 1517/2374 1519/2377 1480/2378 1479/2375
f 1519/2377 1518/2376 1520/2379 236/89
f 1519/2380 236/2381 235/2382 1480/2383
f 1520/2379 1518/2376 1521/2384 1522/2385
f 1520/2379 1522/2385 203/34 205/2386
f 1520/2379 205/2386 232/90 236/89
f 1522/2385 1521/2384 1523/2387 1524/2388
f 1522/2385 1524/2388 199/26 203/34
f 1524/2388 1523/2387 1525/2389 1526/2390
f 1524/2388 1526/2390 200/27 199/26
f 1526/2390 1525/2389 1527/2391 1528/2392
f 1526/2390 1528/2392 1529/2393 200/27
f 1529/2393 1528/2392 1530/2394 1531/2395
f 1529/2393 1531/2395 1532/2396 1533/2397
f 1529/2393 1533/2397 201/28 200/27
f 1533/2398 1532/2399 1534/2400 1535/2401
f 1533/2398 1535/2401 202/31 201/30
f 1535/2402 1534/2403 1536/2404 1537/2405
f 1535/2402 1537/2405 208/44 202/43
f 1537/2406 1536/2407 1538/2408 1539/2409
f 1537/2410 1539/2411 1470/2412 208/2413
f 1539/2414 1538/2415 1540/2416 1541/2417
f 1539/2414 1541/2417 1471/2281 1470/2280
f 1541/2417 1540/2416 1542/2418 1543/2419
f 1541/2417 1543/2419 1464/2270 1471/2281
f 1543/2419 1542/2418 1544/2420 1545/2421
f 1543/2419 1545/2421 1465/2271 1464/2270
f 1545/2421 1544/2420 1546/2422 1547/2423
f 1545/2421 1547/2423 1457/2263 1465/2271
f 1547/2423 1546/2422 1548/2424 1452/2258
f 1547/2423 1452/2258 1451/2257 1457/2263
f 1548/2424 1546/2422 1549/2425 1550/2426
f 1548/2424 1550/2426 1551/2427 1448/2254
f 1548/2424 1448/2254 1447/2253 1452/2258
f 1551/2427 1550/2426 1552/2428 1553/2429
f 1551/2427 1553/2429 1554/2430 1445/2251
f 1551/2427 1445/2251 1444/2250 1448/2254
f 1554/2430 1553/2429 1555/2431 1556/2432
f 1554/2430 1556/2432 1557/2433 1441/2247
f 1554/2430 1441/2247 1440/2246 1445/2251
f 1557/2433 1556/2432 1558/2434 1559/2435
f 1557/2433 1559/2435 1560/2436 1561/2437
f 1557/2433 1561/2437 1442/2248 1441/2247
f 1561/2437 1560/2436 495/594 1562/2438
f 1561/2437 1562/2438 1436/2242 1442/2248
f 1562/2438 495/594 63/568 492/584
f 1562/2438 492/584 491/583 1436/2242
f 1560/2436 1559/2435 971/1454 970/1453
f 1560/2436 970/1453 496/595 495/594
f 1559/2435 1558/2434 1563/2439 971/1454
f 1563/2439 1564/2440 1565/2441 1566/2442
f 1563/2439 1566/2442 167/1451 971/1454
f 1563/2439 1558/2434 1567/2443 1564/2440
f 1567/2443 1568/2444 1569/2445 1564/2440
f 1567/2443 1558/2434 1556/2432 1555/2431
f 1567/2443 1555/2431 1570/2446 1568/2444
f 1570/2446 1571/2447 1572/2448 1568/2444
f 1570/2446 1555/2431 1553/2429 1552/2428
f 1570/2446 1552/2428 1573/2449 1571/2447
f 1573/2449 1574/2450 1575/2451 1571/2447
f 1573/2449 1552/2428 1550/2426 1549/2425
f 1573/2449 1549/2425 1576/2452 1574/2450
f 1576/2452 1577/2453 1578/2454 1574/2450
f 1576/2452 1549/2425 1546/2422 1544/2420
f 1576/2452 1544/2420 1542/2418 1577/2453
f 1578/2454 1579/2455 1580/2456 1581/2457
f 1578/2454 1581/2457 1575/2451 1574/2450
f 1578/2454 1577/2453 1582/2458 1579/2455
f 1582/2458 1583/2459 1584/2460 1579/2455
f 1582/2458 1577/2453 1542/2418 1540/2416
f 1582/2458 1540/2416 1538/2415 1583/2459
f 1584/2460 1585/2461 1586/2462 1587/2463
f 1584/2460 1587/2463 1580/2456 1579/2455
f 1584/2460 1583/2459 1588/2464 1585/2461
f 1588/2465 1589/2466 1590/2467 1585/2468
f 1588/2469 1583/2470 1538/2408 1536/2407
f 1588/2465 1536/2404 1534/2403 1589/2466
f 1590/2471 1591/2472 1592/2473 1593/2474
f 1590/2467 1593/2475 1586/2476 1585/2468
f 1590/2471 1589/2477 1594/2478 1591/2472
f 1594/2479 1595/2480 1596/2481 1591/2482
f 1594/2478 1589/2477 1534/2400 1532/2399
f 1594/2479 1532/2396 1531/2395 1595/2480
f 1596/2481 1597/2483 1598/2484 1599/2485
f 1596/2481 1599/2485 1592/2486 1591/2482
f 1596/2481 1595/2480 1600/2487 1597/2483
f 1600/2487 1601/2488 1602/2489 1597/2483
f 1600/2487 1595/2480 1531/2395 1530/2394
f 1600/2487 1530/2394 1603/2490 1601/2488
f 1603/2490 1604/2491 1605/2492 1601/2488
f 1603/2490 1530/2394 1528/2392 1527/2391
f 1603/2490 1527/2391 1606/2493 1604/2491
f 1606/2493 1607/2494 1608/2495 1604/2491
f 1606/2493 1527/2391 1525/2389 1609/2496
f 1606/2493 1609/2496 1610/2497 1607/2494
f 1610/2497 1611/2498 1612/2499 1607/2494
f 1610/2497 1609/2496 1613/2500 1614/2501
f 1610/2497 1614/2501 1615/2502 1611/2498
f 1615/2502 1616/2503 1617/2504 1611/2498
f 1615/2502 1614/2501 1618/2505 1619/2506
f 1615/2502 1619/2506 1509/2362 1616/2503
f 1619/2506 1618/2505 1514/2370 1512/2365
f 1619/2506 1512/2365 1510/2363 1509/2362
f 1618/2505 1614/2501 1613/2500 1620/2507
f 1618/2505 1620/2507 1516/2373 1514/2370
f 1620/2507 1613/2500 1523/2387 1521/2384
f 1620/2507 1521/2384 1518/2376 1516/2373
f 1617/2504 1621/2508 1622/2509 1623/2510
f 1617/2504 1623/2510 1612/2499 1611/2498
f 1617/2504 1616/2503 1624/2511 1621/2508
f 1624/2511 1625/2512 1626/2513 1621/2508
f 1624/2511 1616/2503 1509/2362 1507/2359
f 1624/2511 1507/2359 1505/2356 1625/2512
f 1623/2510 1622/2509 1627/2514 1628/2515
f 1623/2510 1628/2515 1629/2516 1612/2499
f 1629/2516 1628/2515 1630/2517 1631/2518
f 1629/2516 1631/2518 1632/2519 1608/2495
f 1629/2516 1608/2495 1607/2494 1612/2499
f 1632/2519 1631/2518 1633/2520 1634/2521
f 1632/2519 1634/2521 1635/2522 1605/2492
f 1632/2519 1605/2492 1604/2491 1608/2495
f 1635/2522 1634/2521 1636/2523 1637/2524
f 1635/2522 1637/2524 1638/2525 1602/2489
f 1635/2522 1602/2489 1601/2488 1605/2492
f 1638/2525 1637/2524 1639/2526 1640/2527
f 1638/2525 1640/2527 1641/2528 1598/2484
f 1638/2525 1598/2484 1597/2483 1602/2489
f 1641/2528 1640/2527 1642/2529 1643/2530
f 1641/2528 1643/2530 1644/2531 1645/2532
f 1641/2528 1645/2532 1599/2485 1598/2484
f 1645/2532 1644/2531 1646/2533 1647/2534
f 1645/2532 1647/2534 1592/2486 1599/2485
f 1647/2535 1646/2536 1648/2537 1649/2538
f 1647/2535 1649/2538 1593/2474 1592/2473
f 1649/2539 1648/2540 1650/2541 1651/2542
f 1649/2539 1651/2542 1586/2476 1593/2475
f 1651/2543 1650/2544 1652/2545 1653/2546
f 1651/2547 1653/2548 1587/2463 1586/2462
f 1653/2548 1652/2549 1654/2550 1655/2551
f 1653/2548 1655/2551 1580/2456 1587/2463
f 1655/2551 1654/2550 1656/2552 1657/2553
f 1655/2551 1657/2553 1581/2457 1580/2456
f 1657/2553 1656/2552 1658/2554 1659/2555
f 1657/2553 1659/2555 1575/2451 1581/2457
f 1659/2555 1658/2554 1660/2556 1572/2448
f 1659/2555 1572/2448 1571/2447 1575/2451
f 1660/2556 1658/2554 1661/2557 1662/2558
f 1660/2556 1662/2558 1663/2559 1569/2445
f 1660/2556 1569/2445 1568/2444 1572/2448
f 1663/2559 1662/2558 1664/2560 1665/2561
f 1663/2559 1665/2561 1666/2562 1565/2441
f 1663/2559 1565/2441 1564/2440 1569/2445
f 1666/2562 1665/2561 1667/2563 1668/2564
f 1666/2562 1668/2564 1669/2565 1670/2566
f 1666/2562 1670/2566 1566/2442 1565/2441
f 1670/2566 1669/2565 1671/2567 968/2568
f 1670/2566 968/2568 167/1451 1566/2442
f 1671/2567 1669/2565 1672/2569 1673/2570
f 1671/2571 1673/2572 930/1390 932/1393
f 1671/2571 932/1393 969/2573 968/2574
f 1673/2575 1672/2576 1674/2577 1675/2578
f 1673/2579 1675/2580 931/2581 930/2582
f 1675/2583 1674/2584 1676/2585 1677/2586
f 1675/2583 1677/2586 1188/2587 931/2588
f 1677/2589 1676/2590 1678/2591 1679/2592
f 1677/2593 1679/2594 1189/2595 1188/2596
f 1679/2597 1678/2598 1680/2599 1681/2600
f 1679/2597 1681/2600 1682/2601 1189/2602
f 1682/2601 1681/2600 1683/2603 1684/2604
f 1682/2601 1684/2604 1685/2605 1192/2606
f 1682/2607 1192/1810 1190/1804 1189/1803
f 1685/2605 1684/2604 1686/2608 1687/2609
f 1685/2605 1687/2609 1688/2610 1196/1816
f 1685/2605 1196/1816 1193/1815 1192/2606
f 1688/2610 1687/2609 1689/2611 1690/2612
f 1688/2610 1690/2612 1691/2613 1199/1820
f 1688/2610 1199/1820 1197/1817 1196/1816
f 1691/2613 1690/2612 1692/2614 1693/2615
f 1691/2613 1693/2615 540/2616 1694/2617
f 1691/2613 1694/2617 1200/1821 1199/1820
f 1694/2618 540/667 537/664 1695/2619
f 1694/2618 1695/2619 1201/2620 1200/2621
f 1695/2619 537/664 536/663 1696/2622
f 1695/2623 1696/2624 1697/2625 1201/2626
f 1696/2624 1698/2627 1699/2628 1697/2625
f 1696/2622 536/663 1700/2629 1698/2630
f 1700/2629 586/753 575/737 1698/2630
f 1700/2629 536/663 535/662 1262/2631
f 1700/2632 1262/1941 1260/1937 586/2633
f 1699/2634 574/736 576/740 1701/2635
f 1699/2628 1701/2636 1702/2637 1697/2625
f 1699/2634 1698/2630 575/737 574/736
f 1701/2636 576/760 590/759 1212/1840
f 1701/2636 1212/1840 1703/2638 1702/2637
f 1703/2638 1212/1840 1209/1835 3818/1834
f 1693/2615 1692/2614 1704/2639 1705/2640
f 1693/2641 1705/2642 538/668 540/667
f 1705/2643 1704/2644 1706/2645 1707/2646
f 1705/2647 1707/2648 539/666 538/665
f 1707/2646 1706/2645 1708/2649 1709/2650
f 1707/2646 1709/2650 1710/2651 539/2652
f 1710/2653 1709/2654 1711/2655 1712/2656
f 1710/2651 1712/2657 1713/2658 1714/2659
f 1710/2651 1714/2659 532/2660 539/2652
f 1714/2661 1713/2662 1715/2663 1716/2664
f 1714/2665 1716/2666 533/659 532/658
f 1716/2664 1715/2663 465/535 464/534
f 1716/2666 464/532 463/531 533/659
f 1715/2663 1713/2662 544/2667 1717/2668
f 1715/2663 1717/2668 449/509 465/535
f 1717/2669 544/675 543/674 1718/2670
f 1717/2671 1718/2672 450/516 449/2673
f 1718/2672 543/672 542/671 1719/2674
f 1718/2672 1719/2674 455/517 450/516
f 1719/2674 542/671 1720/2675 1721/2676
f 1719/2674 1721/2676 1722/2677 455/517
f 1722/2677 1721/2676 579/744 1723/2678
f 1722/2677 1723/2678 1724/2679 1725/2680
f 1722/2677 1725/2680 452/518 455/517
f 1725/2681 1726/2682 453/513 452/512
f 1726/2682 1727/2683 1728/2684 1729/2685
f 1726/2682 1729/2685 1730/2686 453/513
f 1730/2686 1729/2685 1731/2687 1732/2688
f 1730/2686 1732/2688 1733/2689 1734/2690
f 1730/2686 1734/2690 454/514 453/513
f 1734/2690 1733/2689 1735/2691 1736/2692
f 1734/2690 1736/2692 1737/2693 454/514
f 1737/2693 1736/2692 1738/2694 1739/2695
f 1737/2693 1739/2695 1740/2696 1741/2697
f 1741/2697 1740/2696 1742/2698 1743/2699
f 1743/2700 1742/2701 1744/2702 457/521
f 1743/2700 457/521 456/520 448/2703
f 1744/2702 1742/2701 1745/2704 1746/2705
f 1744/2702 1746/2705 1747/2706 1748/2707
f 1744/2708 1748/2709 458/527 457/2710
f 1748/2709 1747/2711 1749/2712 1750/2713
f 1748/2709 1750/2713 462/528 458/527
f 1750/2714 1749/2715 1751/2716 1752/2717
f 1750/2713 1752/2718 1753/2719 462/528
f 1753/2719 1754/2720 459/524 462/528
f 1753/2721 1752/2717 1755/2722 1756/2723
f 1753/2721 1756/2723 1757/2724 1754/2725
f 1757/2726 1758/2727 1759/2728 1754/2720
f 1757/2724 1756/2723 1760/2729 1761/2730
f 1757/2724 1761/2730 1762/2731 1758/2732
f 1762/2731 1763/2733 1764/2734 1758/2732
f 1762/2731 1761/2730 1765/2735 1766/2736
f 1762/2731 1766/2736 1767/2737 1763/2733
f 1767/2737 1280/1966 1768/2738 1763/2733
f 1767/2737 1766/2736 1292/2739 1283/2740
f 1767/2737 1283/2740 1281/1967 1280/1966
f 1768/2738 1276/1962 1274/1958 1273/1957
f 1768/2738 1273/1957 1764/2734 1763/2733
f 1768/2738 1280/1966 1278/1965 1276/1962
f 1766/2741 1765/2742 1294/1992 1292/1990
f 1765/2735 1761/2730 1760/2729 1769/2743
f 1765/2735 1769/2743 1296/2744 1294/2745
f 1769/2743 1760/2729 1770/2746 1771/2747
f 1769/2743 1771/2747 1772/2748 1296/2744
f 1772/2748 1771/2747 1773/2749 1774/2750
f 1772/2748 1774/2750 1388/2751 1299/2752
f 1772/2753 1299/1998 1297/1996 1296/1995
f 1774/2750 1773/2749 1775/2754 1776/2755
f 1774/2750 1776/2755 1389/2756 1388/2751
f 1776/2755 1775/2754 1777/2757 1778/2758
f 1776/2755 1778/2758 1391/2759 1389/2756
f 1778/2758 1777/2757 1779/2760 1780/2761
f 1778/2758 1780/2761 1781/2762 1391/2759
f 1781/2762 1780/2761 1782/2763 1783/2764
f 1781/2762 1783/2764 1784/2765 1394/2766
f 1781/2767 1394/2167 1392/2165 1391/2164
f 1784/2765 1783/2764 1785/2768 1786/2769
f 1784/2770 1786/2771 1787/2772 1788/2773
f 1784/2770 1788/2773 1395/2168 1394/2167
f 1788/2774 1787/2775 1789/2776 1790/2777
f 1788/2774 1790/2777 1396/2173 1395/2778
f 1790/2777 1789/2776 1791/2779 1792/2780
f 1790/2777 1792/2780 1398/2174 1396/2173
f 1792/2780 1791/2779 1793/2781 1794/2782
f 1792/2780 1794/2782 1400/2177 1398/2174
f 1794/2782 1793/2781 1795/2783 1796/2784
f 1794/2782 1796/2784 1404/2188 1400/2177
f 1796/2785 1795/2786 1797/2787 1798/2788
f 1796/2785 1798/2788 1405/2789 1404/2790
f 1798/2791 1797/2792 1799/2793 1800/2794
f 1798/2791 1800/2794 1407/2193 1405/2191
f 1800/2794 1799/2793 1801/2795 1802/2796
f 1800/2794 1802/2796 1803/2797 1407/2193
f 1803/2797 1411/2197 1408/2194 1407/2193
f 1803/2797 1802/2796 1804/2798 1805/2799
f 1803/2797 1805/2799 1416/2203 1411/2197
f 1805/2799 1804/2798 1806/2800 1807/2801
f 1805/2799 1807/2801 1417/2204 1416/2203
f 1807/2801 1806/2800 1808/2802 1809/2803
f 1807/2801 1809/2803 1419/2206 1417/2204
f 1809/2803 1808/2802 1630/2517 1810/2804
f 1809/2803 1810/2804 1421/2209 1419/2206
f 1810/2804 1630/2517 1628/2515 1627/2514
f 1810/2804 1627/2514 1811/2805 1421/2209
f 1811/2805 1424/2214 1422/2210 1421/2209
f 1811/2805 1627/2514 1622/2509 1812/2806
f 1811/2805 1812/2806 1813/2807 1424/2214
f 1813/2807 1428/2219 1425/2215 1424/2214
f 1813/2807 979/2808 985/2809 1428/2219
f 1812/2806 1622/2509 1621/2508 1626/2513
f 1808/2802 1806/2800 1814/2810 1633/2520
f 1808/2802 1633/2520 1631/2518 1630/2517
f 1814/2810 1806/2800 1804/2798 1815/2811
f 1814/2810 1815/2811 1816/2812 1636/2523
f 1814/2810 1636/2523 1634/2521 1633/2520
f 1816/2812 1815/2811 1801/2795 1817/2813
f 1816/2812 1817/2813 1818/2814 1639/2526
f 1816/2812 1639/2526 1637/2524 1636/2523
f 1818/2814 1817/2813 1819/2815 1820/2816
f 1818/2814 1820/2816 1821/2817 1642/2529
f 1818/2814 1642/2529 1640/2527 1639/2526
f 1821/2817 1820/2816 1822/2818 1823/2819
f 1821/2817 1823/2819 428/472 427/471
f 1821/2817 427/471 1643/2530 1642/2529
f 1823/2820 1822/2821 1824/2822 1825/2823
f 1823/2820 1825/2823 431/477 428/476
f 1825/2824 1824/2825 1826/2826 1827/2827
f 1825/2824 1827/2827 1828/2828 431/2829
f 1828/2828 1827/2827 1829/2830 1830/2831
f 1828/2828 1830/2831 1831/2832 1832/2833
f 1828/2828 1832/2833 432/2834 431/2829
f 1832/2833 1831/2832 1833/2835 1834/2836
f 1832/2833 1834/2836 433/2837 432/2834
f 1834/2836 1833/2835 375/373 1835/2838
f 1834/2836 1835/2838 1836/2839 433/2837
f 1836/2839 1835/2838 370/2840 369/2841
f 1836/2839 369/2841 1837/2842 1838/2843
f 1836/2839 1838/2843 434/2844 433/2837
f 1838/2845 1837/2846 376/386 382/385
f 1838/2845 382/385 435/2847 434/2848
f 1837/2849 369/362 368/361 1839/2850
f 1837/2849 1839/2850 377/377 376/376
f 1839/2851 368/360 367/359 1840/2852
f 1839/2851 1840/2852 1841/2853 377/2854
f 1841/2853 1842/2855 1843/2856 1844/2857
f 1841/2853 1844/2857 378/2858 377/2854
f 1841/2853 1840/2852 1845/2859 1842/2855
f 1845/2859 437/487 1846/2860 1842/2855
f 1845/2859 1840/2852 367/359 1847/2861
f 1845/2859 1847/2861 438/488 437/487
f 1847/2861 367/359 366/358 1848/2862
f 1847/2861 1848/2862 439/2863 438/488
f 1848/2864 366/356 365/355 1849/2865
f 1848/2864 1849/2865 425/468 439/2866
f 1849/2865 365/355 358/341 1850/2867
f 1849/2865 1850/2867 424/463 425/468
f 1850/2867 358/341 357/340 1851/2868
f 1850/2867 1851/2868 419/464 424/463
f 1851/2869 357/348 361/347 1852/2870
f 1851/2869 1852/2870 420/455 419/454
f 1852/2870 361/347 1853/2871 1854/2872
f 1852/2870 1854/2872 418/451 420/455
f 1854/2872 1853/2871 1855/2873 1856/2874
f 1854/2872 1856/2874 416/452 418/451
f 1856/2875 1855/2876 1857/2877 1858/2878
f 1856/2875 1858/2878 417/447 416/446
f 1858/2878 1857/2877 1859/2879 1860/2880
f 1858/2878 1860/2880 198/2881 417/447
f 1860/2882 1859/2883 1861/2884 1862/2885
f 1860/2886 1862/2887 196/24 198/23
f 1862/2885 1861/2884 1844/2888 1843/2889
f 1862/2887 1843/2890 197/2891 196/24
f 1861/2884 1859/2883 1863/2892 1864/2893
f 1861/2884 1864/2893 378/2894 1844/2888
f 1864/2893 1863/2892 1865/2895 1866/2896
f 1864/2897 1866/2898 41/375 378/378
f 1866/2899 1865/2900 1867/2901 1868/2902
f 1866/2899 1868/2902 379/380 41/379
f 1868/2902 1867/2901 1869/2903 1870/2904
f 1868/2902 1870/2904 1871/2905 379/380
f 1871/2905 1870/2904 1872/2906 1873/2907
f 1871/2905 1873/2907 1874/2908 1875/2909
f 1871/2905 1875/2909 380/381 379/380
f 1875/2910 1874/2911 1876/2912 1877/2913
f 1875/2910 1877/2913 1878/2914 380/2915
f 1878/2916 1879/2917 381/382 380/381
f 1878/2914 1877/2913 1880/2918 1881/2919
f 1878/2916 1881/2920 1882/2921 1879/2917
f 1882/2922 429/2923 435/2847 1879/2924
f 1882/2921 1881/2920 1883/2925 1884/2926
f 1882/2922 1884/2927 430/2928 429/2923
f 1884/2926 1883/2925 1650/2544 1648/2929
f 1884/2927 1648/2537 1646/2536 430/2928
f 1883/2925 1881/2920 1880/2930 1885/2931
f 1883/2925 1885/2931 1652/2545 1650/2544
f 1885/2932 1880/2918 1886/2933 1887/2934
f 1885/2932 1887/2934 1654/2550 1652/2549
f 1887/2934 1886/2933 1888/2935 1889/2936
f 1887/2934 1889/2936 1656/2552 1654/2550
f 1889/2936 1888/2935 1890/2937 1661/2557
f 1889/2936 1661/2557 1658/2554 1656/2552
f 1890/2937 1888/2935 1891/2938 1892/2939
f 1890/2937 1892/2939 1893/2940 1664/2560
f 1890/2937 1664/2560 1662/2558 1661/2557
f 1893/2941 1892/2942 1894/2943 1895/2944
f 1893/2941 1895/2944 1896/2945 1667/2946
f 1893/2940 1667/2563 1665/2561 1664/2560
f 1896/2947 1895/2948 1897/2949 1898/2950
f 1896/2947 1898/2950 1899/2951 1900/2952
f 1896/2945 1900/2953 1668/2954 1667/2946
f 1900/2952 1899/2951 1674/2584 1672/2955
f 1900/2956 1672/2569 1669/2565 1668/2564
f 1899/2957 1898/2958 1901/2959 1902/2960
f 1899/2951 1902/2961 1676/2585 1674/2584
f 1902/2960 1901/2959 1903/2962 1904/2963
f 1902/2960 1904/2963 1678/2591 1676/2590
f 1904/2964 1903/2965 1905/2966 1906/2967
f 1904/2964 1906/2967 1680/2599 1678/2598
f 1906/2967 1905/2966 1907/2968 1908/2969
f 1906/2967 1908/2969 1909/2970 1680/2599
f 1909/2970 1908/2969 1910/2971 1911/2972
f 1909/2970 1911/2972 1912/2973 1683/2603
f 1909/2970 1683/2603 1681/2600 1680/2599
f 1912/2973 1911/2972 1913/2974 1914/2975
f 1912/2973 1914/2975 1915/2976 1686/2608
f 1912/2973 1686/2608 1684/2604 1683/2603
f 1915/2976 1914/2975 1916/2977 1917/2978
f 1915/2976 1917/2978 1918/2979 1689/2611
f 1915/2976 1689/2611 1687/2609 1686/2608
f 1918/2979 1917/2978 1919/2980 1920/2981
f 1918/2979 1920/2981 1704/2639 1692/2614
f 1918/2979 1692/2614 1690/2612 1689/2611
f 1920/2982 1919/2983 1921/2984 1922/2985
f 1920/2982 1922/2985 1706/2645 1704/2644
f 1922/2985 1921/2984 1923/2986 1924/2987
f 1922/2985 1924/2987 1708/2649 1706/2645
f 1924/2988 1923/2989 1925/2990 1926/2991
f 1924/2988 1926/2991 1927/2992 1708/2993
f 1927/2992 1926/2991 1928/2994 1929/2995
f 1927/2992 1929/2995 1930/2996 1711/2655
f 1927/2992 1711/2655 1709/2654 1708/2993
f 1930/2996 1929/2995 1931/2997 1932/2998
f 1930/2996 1932/2998 69/2999 545/3000
f 1930/2996 545/3000 1712/2656 1711/2655
f 1932/3001 1931/3002 1933/3003 1934/3004
f 1932/3001 1934/3004 546/678 69/677
f 1934/3004 1933/3003 1935/3005 1936/3006
f 1934/3004 1936/3006 1937/3007 546/678
f 1937/3008 1936/3009 1938/3010 1939/3011
f 1937/3007 1939/3012 1940/3013 1941/3014
f 1937/3007 1941/3014 547/679 546/678
f 1941/3015 1940/3016 1942/3017 1943/3018
f 1941/3014 1943/3019 1944/3020 547/679
f 1944/3020 1943/3019 1945/3021 1946/3022
f 1944/3020 1946/3022 1947/3023 1948/3024
f 1944/3020 1948/3024 541/680 547/679
f 1948/3025 1947/3026 580/745 1720/2675
f 1948/3024 1720/3027 542/3028 541/680
f 1947/3023 1946/3022 858/1268 581/748
f 1947/3023 581/748 77/747 580/3029
f 1946/3022 1945/3021 859/1269 858/1268
f 1945/3030 1943/3018 1942/3017 1949/3031
f 1945/3021 1949/3032 861/1271 859/1269
f 1949/3031 1942/3017 1950/3033 1951/3034
f 1949/3031 1951/3034 1952/3035 861/3036
f 1952/3037 1953/3038 1954/3039 868/3040
f 1952/3035 868/3041 860/3042 861/3036
f 1955/3043 1951/3034 1956/3044 1957/3045
f 1955/3043 1957/3045 833/3046 832/3047
f 1957/3045 1956/3044 1958/3048 1959/3049
f 1957/3045 1959/3049 836/3050 833/3046
f 1959/3051 1958/3052 1960/3053 1961/3054
f 1959/3051 1961/3054 1962/3055 836/1212
f 1962/3055 1963/3056 834/1213 836/1212
f 1962/3055 1961/3054 1964/3057 1965/3058
f 1962/3055 1965/3058 1966/3059 1963/3056
f 1966/3060 1967/3061 1968/3062 1963/3063
f 1966/3059 1965/3058 1969/3064 1970/3065
f 1966/3060 1970/3066 1971/3067 1967/3061
f 1971/3068 1972/3069 1973/3070 1967/3071
f 1971/3067 1970/3066 1974/3072 1975/3073
f 1971/3068 1975/3074 1976/3075 1972/3069
f 1976/3075 1977/3076 1978/3077 1972/3069
f 1976/3075 1975/3074 1979/3078 1980/3079
f 1976/3075 1980/3079 1981/3080 1977/3076
f 1981/3080 1982/3081 1983/3082 1977/3076
f 1981/3083 1980/3084 689/3085 1984/3086
f 1981/3087 1984/3088 1985/3089 1982/3090
f 1985/3089 698/974 697/3091 1982/3090
f 1985/3092 1984/3093 1986/3094 1987/3095
f 1985/3089 1987/3096 714/975 698/974
f 1987/3095 1986/3094 1988/3097 1989/3098
f 1987/3095 1989/3098 715/3099 714/3100
f 1989/3101 1988/3102 1990/3103 1991/3104
f 1989/3101 1991/3104 1992/3105 715/970
f 1992/3105 711/3106 710/971 715/970
f 1992/3105 1991/3104 1993/3107 707/959
f 1992/3105 707/959 706/958 711/3106
f 1993/3107 1991/3104 1990/3103 1994/3108
f 1993/3107 1994/3108 1995/3109 1996/3110
f 1993/3107 1996/3110 702/960 707/959
f 1996/3111 1995/3112 843/3113 1997/3114
f 1996/3111 1997/3114 703/3115 702/3116
f 1997/3117 843/1225 842/1224 1998/3118
f 1997/3117 1998/3118 865/1278 703/951
f 1998/3118 842/1224 1999/3119 2000/3120
f 1998/3118 2000/3120 866/1279 865/1278
f 1999/3119 842/1224 841/1223 1954/3121
f 1995/3109 1994/3108 2001/3122 2002/3123
f 1995/3112 2002/3124 136/3125 843/3113
f 2002/3123 2001/3122 2003/3126 2004/3127
f 2002/3123 2004/3127 837/1215 136/1214
f 2004/3128 2003/3129 2005/3130 2006/3131
f 2004/3128 2006/3131 2007/3132 837/3133
f 2007/3132 2008/3134 838/3135 837/3133
f 2008/3136 2009/3137 2010/3138 838/3139
f 2010/3138 2009/3137 2011/3140 2012/3141
f 2015/3142 2014/3143 2016/3144 2017/3145
f 2018/3146 2013/3147 2012/3148 2011/3149
f 2018/3150 2016/3144 2014/3143 2013/3151
f 2019/3152 2020/3153 2021/3154 682/919
f 2019/3152 682/919 2022/3155 2023/3156
f 2023/3157 2022/3158 2024/3159 2025/3160
f 2025/3161 2024/3162 577/742 2026/3163
f 2027/3164 1723/2678 579/744 578/743
f 2021/3165 2020/3166 2028/3167 2029/3168
f 2021/3165 2029/3168 2030/3169 2031/3170
f 2021/3154 2031/3171 683/920 682/919
f 2031/3170 2030/3169 2032/3172 2033/3173
f 2031/3170 2033/3173 2034/3174 683/3175
f 2034/3174 2033/3173 2035/3176 2036/3177
f 2034/3174 2036/3177 1732/3178 1731/3179
f 2034/3180 1731/2687 684/921 683/920
f 2036/3177 2035/3176 2037/3181 2038/3182
f 2036/3183 2038/3184 1733/2689 1732/2688
f 2038/3182 2037/3181 2039/3185 2040/3186
f 2038/3182 2040/3186 1735/3187 1733/3188
f 2040/3186 2039/3185 2041/3189 2042/3190
f 2040/3186 2042/3190 2043/3191 1735/3187
f 2043/3191 2042/3190 2044/3192 2045/3193
f 2043/3191 2045/3193 2046/3194 1738/3195
f 2043/3191 1738/3195 1736/3196 1735/3187
f 2046/3194 2045/3193 2047/3197 2048/3198
f 2046/3199 2048/3200 2049/3201 2050/3202
f 2046/3199 2050/3202 1739/2695 1738/2694
f 2050/3202 2049/3201 2051/3203 2052/3204
f 2050/3202 2052/3204 1740/2696 1739/2695
f 2052/3205 2051/3206 2053/3207 1745/2704
f 2052/3205 1745/2704 1742/2701 1740/3208
f 2053/3207 2051/3206 2054/3209 2055/3210
f 2053/3207 2055/3210 2056/3211 2057/3212
f 2053/3207 2057/3212 1746/2705 1745/2704
f 2057/3212 2056/3211 2058/3213 2059/3214
f 2057/3212 2059/3214 1747/2706 1746/2705
f 2059/3215 2058/3216 2060/3217 2061/3218
f 2059/3215 2061/3218 1749/2712 1747/2711
f 2061/3219 2060/3220 443/499 2062/3221
f 2061/3219 2062/3221 1751/2716 1749/2715
f 2062/3221 443/499 442/498 2063/3222
f 2062/3221 2063/3222 2064/3223 1751/2716
f 2064/3223 1755/2722 1752/2717 1751/2716
f 2064/3223 2063/3222 2065/3224 2066/3225
f 2064/3223 2066/3225 1770/2746 1755/2722
f 2066/3225 2065/3224 1775/2754 1773/2749
f 2066/3225 1773/2749 1771/2747 1770/2746
f 2065/3224 2063/3222 442/498 447/506
f 2065/3224 447/506 1777/2757 1775/2754
f 2060/3220 2058/3213 2067/3226 2068/3227
f 2060/3220 2068/3227 444/500 443/499
f 2068/3227 2067/3226 2069/3228 2070/3229
f 2068/3227 2070/3229 2071/3230 444/500
f 2071/3230 2070/3229 2072/3231 2073/3232
f 2071/3233 2073/3234 2074/3235 2075/3236
f 2071/3230 2075/3237 52/497 444/500
f 2075/3236 2074/3235 2076/3238 2077/3239
f 2075/3236 2077/3239 53/502 52/501
f 2077/3239 2076/3238 2078/3240 2079/3241
f 2077/3239 2079/3241 445/503 53/502
f 2079/3242 2078/3243 2080/3244 2081/3245
f 2079/3242 2081/3245 2082/3246 445/3247
f 2082/3246 1779/2760 446/505 445/3247
f 2082/3246 2081/3245 2083/3248 1782/2763
f 2082/3246 1782/2763 1780/2761 1779/2760
f 2083/3248 2081/3245 2080/3244 2084/3249
f 2083/3248 2084/3249 2085/3250 1785/2768
f 2083/3248 1785/2768 1783/2764 1782/2763
f 2085/3250 2084/3249 2086/3251 2087/3252
f 2085/3250 2087/3252 2088/3253 2089/3254
f 2085/3250 2089/3254 1786/2769 1785/2768
f 2089/3255 2088/3256 2090/3257 2091/3258
f 2089/3255 2091/3258 1787/2772 1786/2771
f 2091/3258 2090/3257 2092/3259 2093/3260
f 2091/3258 2093/3260 1789/3261 1787/2772
f 2093/3262 2092/3263 2094/3264 2095/3265
f 2093/3262 2095/3265 1791/2779 1789/2776
f 2095/3265 2094/3264 1826/2826 2096/3266
f 2095/3265 2096/3266 1793/2781 1791/2779
f 2096/3266 1826/2826 1824/2825 2097/3267
f 2096/3266 2097/3267 1795/2783 1793/2781
f 2097/3268 1824/2822 1822/2821 2098/3269
f 2097/3268 2098/3269 1797/2787 1795/2786
f 2098/3270 1822/2818 1820/2816 1819/2815
f 2098/3270 1819/2815 1799/2793 1797/2792
f 2094/3264 2092/3263 2099/3271 1829/2830
f 2094/3264 1829/2830 1827/2827 1826/2826
f 2099/3272 2092/3259 2090/3257 2100/3273
f 2099/3272 2100/3273 2101/3274 2102/3275
f 2099/3271 2102/3276 1830/2831 1829/2830
f 2102/3277 2101/3278 2103/3279 2104/3280
f 2102/3276 2104/3281 1831/2832 1830/2831
f 2104/3280 2103/3279 2105/3282 2106/3283
f 2104/3281 2106/3284 1833/2835 1831/2832
f 2106/3283 2105/3282 374/370 373/369
f 2106/3283 373/369 375/3285 1833/3286
f 2105/3287 2103/3288 2107/3289 2108/3290
f 2105/3282 2108/3291 2109/3292 374/370
f 2109/3293 2108/3290 2110/3294 2111/3295
f 2109/3293 2111/3295 2112/3296 2113/3297
f 2109/3293 2113/3297 372/3298 374/3299
f 2113/3300 2112/3301 356/3302 363/3303
f 2113/3300 363/3303 362/367 372/366
f 2112/3296 2111/3295 349/325 348/324
f 2112/3301 348/3304 353/3305 356/3302
f 2111/3295 2110/3294 2114/3306 349/325
f 2114/3306 2115/3307 2116/3308 2117/3309
f 2114/3306 2117/3309 350/326 349/325
f 2114/3306 2110/3294 2118/3310 2115/3307
f 2118/3310 2119/3311 2120/3312 2115/3307
f 2118/3310 2110/3294 2108/3290 2107/3289
f 2118/3310 2107/3289 2121/3313 2119/3311
f 2121/3313 2122/3314 2123/3315 2119/3311
f 2121/3313 2107/3289 2103/3288 2101/3316
f 2121/3313 2101/3316 2100/3317 2122/3314
f 2123/3315 2087/3252 2086/3251 2124/3318
f 2123/3315 2124/3318 2120/3312 2119/3311
f 2123/3315 2122/3314 2088/3253 2087/3252
f 2124/3318 2086/3251 2125/3319 2126/3320
f 2124/3318 2126/3320 2127/3321 2120/3312
f 2127/3321 2126/3320 2128/3322 2129/3323
f 2127/3321 2129/3323 2130/3324 2116/3308
f 2127/3321 2116/3308 2115/3307 2120/3312
f 2130/3325 2129/3326 2131/3327 2132/3328
f 2130/3325 2132/3328 412/3329 2133/3330
f 2130/3324 2133/3331 2117/3309 2116/3308
f 2133/3332 412/439 410/434 351/3333
f 2133/3331 351/3334 350/326 2117/3309
f 2132/3335 2131/3336 2134/3337 2135/3338
f 2132/3335 2135/3338 411/440 412/439
f 2135/3339 2134/3340 2136/3341 2137/3342
f 2135/3339 2137/3342 344/3343 411/3344
f 2137/3342 2136/3341 2138/3345 2139/3346
f 2137/3347 2139/3348 345/3349 344/3350
f 2139/3351 2138/3352 2140/3353 2141/3354
f 2139/3351 2141/3354 346/317 345/316
f 2141/3354 2140/3353 2142/3355 2143/3356
f 2141/3354 2143/3356 347/3357 346/317
f 2143/3356 2142/3355 2144/3358 2145/3359
f 2145/3359 2144/3358 2146/3360 2147/3361
f 2145/3362 2147/3363 334/3364 336/3365
f 2147/3366 2146/3367 2148/3368 2149/3369
f 2147/3366 2149/3369 330/290 334/289
f 2149/3370 2148/3371 2150/3372 2151/3373
f 2149/3370 2151/3373 331/285 330/284
f 2151/3373 2150/3372 2152/3374 2153/3375
f 2151/3373 2153/3375 2154/3376 331/285
f 2154/3377 2153/3378 2155/3379 2156/3380
f 2154/3377 2156/3380 310/250 315/249
f 2154/3376 315/3381 332/286 331/285
f 2156/3382 2155/3383 2157/3384 2158/3385
f 2156/3382 2158/3385 311/243 310/242
f 2158/3385 2157/3384 2159/3386 2160/3387
f 2158/3385 2160/3387 2161/3388 311/243
f 2161/3388 2160/3387 2162/3389 2163/3390
f 2161/3388 2163/3390 2164/3391 2165/3392
f 2161/3388 2165/3392 312/244 311/243
f 2165/3392 2164/3391 2166/3393 323/3394
f 2165/3395 323/3396 313/247 312/246
f 2166/3393 2164/3391 2167/3397 2168/3398
f 2166/3399 2168/3400 2169/3401 2170/3402
f 2166/3399 2170/3402 316/266 323/265
f 2170/3403 2169/3404 2171/3405 2172/3406
f 2170/3403 2172/3406 317/3407 316/3408
f 2172/3406 2171/3405 2173/3409 2174/3410
f 2172/3406 2174/3410 2175/3411 317/3407
f 2175/3411 2174/3410 2176/3412 2177/3413
f 2175/3414 2177/3415 2178/3416 2179/3417
f 2175/3418 2179/3419 318/254 317/253
f 2179/3420 2178/3421 2180/3422 2181/3423
f 2179/3420 2181/3423 319/257 318/256
f 2181/3423 2180/3422 2182/3424 2183/3425
f 2181/3423 2183/3425 2184/3426 319/257
f 2184/3426 335/3427 320/258 319/257
f 2184/3426 2183/3425 2185/3428 2186/3429
f 2184/3426 2186/3429 269/3430 335/3427
f 2186/3429 2185/3428 2187/3431 2188/3432
f 2186/3429 2188/3432 259/3433 269/3430
f 2188/3432 2187/3431 2189/3434 2190/3435
f 2188/3432 2190/3435 256/3436 259/3433
f 2190/3437 2189/3438 2191/3439 2192/3440
f 2190/3437 2192/3440 257/124 256/123
f 2192/3440 2191/3439 2193/3441 2194/3442
f 2192/3440 2194/3442 2195/3443 257/124
f 2195/3444 2196/3445 258/3446 257/3447
f 2195/3448 2194/3449 2197/3450 264/3451
f 2195/3452 264/142 263/141 2196/3453
f 2197/3450 2194/3449 2193/3454 2198/3455
f 2197/3456 2198/3457 2199/3458 2200/3459
f 2197/3456 2200/3459 265/3460 264/3461
f 2200/3459 2199/3458 2201/3462 2202/3463
f 2200/3459 2202/3463 2203/3464 265/3460
f 2203/3465 2204/3466 16/140 265/143
f 2203/3464 2202/3463 2205/3467 2206/3468
f 2203/3465 2206/3469 2207/3470 2204/3466
f 2207/3471 2208/3472 2209/3473 2204/3474
f 2207/3470 2206/3469 2210/3475 2211/3476
f 2207/3471 2211/3477 2212/3478 2208/3472
f 2212/3478 2213/3479 2214/3480 2208/3472
f 2212/3481 2211/3482 2215/3483 2216/3484
f 2212/3481 2216/3484 2217/3485 2213/3486
f 2217/3485 2218/3487 2219/3488 2213/3486
f 2217/3485 2216/3484 2220/3489 2221/3490
f 2217/3485 2221/3490 2222/3491 2218/3487
f 2222/3491 2223/3492 2224/3493 2218/3487
f 2222/3494 2221/3495 2225/3496 2226/3497
f 2222/3494 2226/3497 2227/3498 2223/3499
f 2227/3498 2228/3500 2229/3501 2223/3499
f 2227/3498 2226/3497 2162/3389 2230/3502
f 2227/3498 2230/3502 2231/3503 2228/3500
f 2231/3503 2232/3504 2233/3505 2228/3500
f 2231/3503 2230/3502 2159/3386 2234/3506
f 2231/3503 2234/3506 2235/3507 2232/3504
f 2235/3507 2236/3508 2237/3509 2232/3504
f 2235/3507 2234/3506 2238/3510 2239/3511
f 2235/3507 2239/3511 2240/3512 2236/3508
f 2240/3512 2241/3513 2242/3514 2236/3508
f 2240/3512 2239/3511 2243/3515 2244/3516
f 2240/3512 2244/3516 2245/3517 2241/3513
f 2245/3517 2246/3518 2247/3519 2241/3513
f 2245/3520 2244/3521 2248/3522 2249/3523
f 2245/3520 2249/3523 2250/3524 2246/3525
f 2250/3524 2251/3526 2252/3527 2246/3525
f 2250/3528 2249/3529 2253/3530 2254/3531
f 2250/3524 2254/3532 2255/3533 2251/3526
f 2255/3534 2256/3535 2257/3536 2251/3537
f 2255/3534 2254/3538 2258/3539 2259/3540
f 2255/3534 2259/3540 2260/3541 2256/3535
f 2260/3542 2049/3201 2048/3200 2256/3543
f 2260/3541 2259/3540 2261/3544 2054/3209
f 2260/3542 2054/3545 2051/3203 2049/3201
f 2261/3544 2259/3540 2258/3539 2262/3546
f 2261/3544 2262/3546 2263/3547 2264/3548
f 2261/3544 2264/3548 2055/3210 2054/3209
f 2264/3548 2263/3547 2265/3549 2266/3550
f 2264/3548 2266/3550 2056/3211 2055/3210
f 2266/3550 2265/3549 2069/3228 2067/3226
f 2266/3550 2067/3226 2058/3213 2056/3211
f 2265/3549 2263/3547 2267/3551 2268/3552
f 2265/3549 2268/3552 2269/3553 2069/3228
f 2269/3553 2268/3552 2270/3554 2271/3555
f 2269/3556 2271/3557 2272/3558 2072/3559
f 2269/3556 2072/3559 2070/3560 2069/3561
f 2272/3562 2271/3555 2273/3563 2274/3564
f 2272/3558 2274/3565 2275/3566 2276/3567
f 2272/3558 2276/3567 2073/3568 2072/3559
f 2276/3569 2275/3570 2277/3571 2278/3572
f 2276/3569 2278/3572 2074/3573 2073/3574
f 2278/3575 2277/3576 2279/3577 2280/3578
f 2278/3575 2280/3578 2076/3238 2074/3235
f 2280/3578 2279/3577 2128/3579 2281/3580
f 2280/3578 2281/3580 2078/3240 2076/3238
f 2281/3581 2128/3322 2126/3320 2125/3319
f 2281/3581 2125/3319 2080/3244 2078/3243
f 2279/3582 2277/3583 2134/3337 2131/3336
f 2279/3584 2131/3327 2129/3326 2128/3585
f 2277/3586 2275/3587 2136/3588 2134/3589
f 2275/3566 2274/3565 2138/3345 2136/3341
f 2274/3564 2273/3563 2140/3353 2138/3352
f 2273/3563 2271/3555 2270/3554 2282/3590
f 2273/3563 2282/3590 2142/3355 2140/3353
f 2282/3590 2270/3554 2283/3591 2284/3592
f 2282/3590 2284/3592 2144/3358 2142/3355
f 2284/3592 2283/3591 2285/3593 2286/3594
f 2284/3592 2286/3594 2146/3360 2144/3358
f 2286/3595 2285/3596 2287/3597 2288/3598
f 2286/3595 2288/3598 2148/3368 2146/3367
f 2288/3599 2287/3600 2289/3601 2290/3602
f 2288/3599 2290/3602 2150/3372 2148/3371
f 2290/3603 2289/3604 2248/3522 2291/3605
f 2290/3606 2291/3607 2152/3608 2150/3609
f 2291/3605 2248/3522 2244/3521 2243/3610
f 2291/3607 2243/3611 2292/3612 2152/3608
f 2292/3613 2243/3515 2239/3511 2238/3510
f 2292/3613 2238/3510 2157/3384 2155/3383
f 2292/3613 2155/3383 2153/3614 2152/3615
f 2289/3616 2253/3530 2249/3529 2248/3617
f 2289/3618 2287/3619 2293/3620 2253/3621
f 2293/3620 2258/3622 2254/3623 2253/3621
f 2293/3624 2287/3597 2285/3596 2294/3625
f 2293/3624 2294/3625 2262/3626 2258/3627
f 2294/3628 2285/3593 2283/3591 2267/3551
f 2294/3628 2267/3551 2263/3547 2262/3546
f 2283/3591 2270/3554 2268/3552 2267/3551
f 2257/3536 2047/3197 2295/3629 2296/3630
f 2257/3631 2296/3632 2252/3527 2251/3526
f 2257/3536 2256/3535 2048/3198 2047/3197
f 2296/3630 2295/3629 2297/3633 2298/3634
f 2296/3632 2298/3635 2299/3636 2252/3527
f 2299/3637 2298/3634 2300/3638 2301/3639
f 2299/3637 2301/3639 2302/3640 2247/3519
f 2299/3636 2247/3641 2246/3525 2252/3527
f 2302/3640 2301/3639 2303/3642 2304/3643
f 2302/3640 2304/3643 2305/3644 2242/3514
f 2302/3640 2242/3514 2241/3513 2247/3519
f 2305/3644 2304/3643 2306/3645 2307/3646
f 2305/3644 2307/3646 2308/3647 2237/3509
f 2305/3644 2237/3509 2236/3508 2242/3514
f 2308/3647 2307/3646 2309/3648 2310/3649
f 2308/3647 2310/3649 2311/3650 2233/3505
f 2308/3647 2233/3505 2232/3504 2237/3509
f 2311/3650 2310/3649 2312/3651 2313/3652
f 2311/3650 2313/3652 2314/3653 2229/3501
f 2311/3650 2229/3501 2228/3500 2233/3505
f 2314/3654 2313/3655 2315/3656 2316/3657
f 2314/3658 2316/3659 2317/3660 2224/3493
f 2314/3658 2224/3493 2223/3492 2229/3661
f 2317/3662 2316/3663 2318/3664 2319/3665
f 2317/3662 2319/3665 2320/3666 2219/3667
f 2317/3660 2219/3488 2218/3487 2224/3493
f 2320/3666 2319/3665 2321/3668 2322/3669
f 2320/3666 2322/3669 2323/3670 2214/3480
f 2320/3666 2214/3480 2213/3479 2219/3667
f 2323/3670 2322/3669 2324/3671 303/3672
f 2323/3670 303/3672 266/145 2209/3473
f 2323/3670 2209/3473 2208/3472 2214/3480
f 2324/3671 2325/3673 2326/3674 2327/3675
f 2324/3676 2327/3677 300/3678 303/3679
f 2324/3671 2322/3669 2321/3668 2325/3673
f 2327/3680 2326/3681 2328/3682 2329/3683
f 2327/3680 2329/3683 301/3684 300/3685
f 2329/3683 2328/3682 2330/3686 2331/3687
f 2329/3683 2331/3687 2332/3688 301/3684
f 2332/3689 2331/3690 2333/3691 2334/3692
f 2332/3693 2334/3694 2335/3695 2336/3696
f 2332/3697 2336/3698 302/226 301/225
f 2336/3699 2335/3700 2337/3701 2338/3702
f 2336/3699 2338/3702 2339/3703 302/3704
f 2339/3705 2338/3706 2340/3707 2341/3708
f 2339/3705 2341/3708 2342/3709 2343/3710
f 2339/3703 2343/3711 25/3712 302/3704
f 2343/3713 2342/3714 2344/3715 2345/3716
f 2343/3713 2345/3716 267/147 25/146
f 2345/3716 2344/3715 2346/3717 2347/3718
f 2345/3716 2347/3718 268/148 267/147
f 2347/3719 2346/3720 2348/3721 2349/3722
f 2347/3719 2349/3722 2350/3723 268/3724
f 2350/3723 2196/3725 263/3726 268/3724
f 2350/3727 2349/3728 2351/3729 262/3730
f 2350/3723 262/3731 258/3732 2196/3725
f 2351/3729 2349/3728 2348/3733 2352/3734
f 2351/3729 2352/3734 2353/3735 2354/3736
f 2351/3729 2354/3736 260/3737 262/3730
f 2354/3736 2353/3735 2355/3738 2356/3739
f 2354/3736 2356/3739 261/3740 260/3737
f 2356/3741 2355/3742 2357/3743 248/111
f 2356/3741 248/111 245/108 261/139
f 2357/3744 2355/3745 2358/3746 2359/3747
f 2357/3743 2359/3748 2360/3749 2361/3750
f 2357/3743 2361/3750 246/109 248/111
f 2361/3750 2360/3749 2362/3751 2363/3752
f 2361/3750 2363/3752 247/110 246/109
f 2363/3753 2362/3754 2364/3755 2365/3756
f 2363/3753 2365/3756 2366/3757 247/3758
f 2366/3759 240/3760 239/98 247/110
f 2366/3757 2365/3756 2367/3761 2368/3762
f 2366/3757 2368/3762 2369/3763 240/101
f 2369/3763 2370/3764 241/102 240/101
f 2369/3765 2368/3766 2371/3767 2372/3768
f 2369/3765 2372/3768 2373/3769 2370/3770
f 2373/3769 2374/3771 2375/3772 2370/3770
f 2373/3769 2372/3768 2376/3773 2377/3774
f 2373/3769 2377/3774 2378/3775 2374/3771
f 2378/3775 2379/3776 2380/3777 2374/3771
f 2378/3778 2377/3779 2381/3780 2382/3781
f 2378/3778 2382/3781 2383/3782 2379/3783
f 2383/3782 2384/3784 2385/3785 2379/3783
f 2383/3782 2382/3781 2386/3786 2387/3787
f 2383/3782 2387/3787 2388/3788 2384/3784
f 2388/3788 2389/3789 2390/3790 2384/3784
f 2388/3791 2387/3792 2391/3793 2392/3794
f 2388/3788 2392/3795 2393/3796 2389/3789
f 2393/3796 2394/3797 2395/3798 2389/3789
f 2393/3799 2392/3794 2396/3800 2397/3801
f 2393/3799 2397/3801 2398/3802 2394/3803
f 2398/3802 2399/3804 2400/3805 2394/3803
f 2398/3802 2397/3801 2401/3806 2402/3807
f 2398/3802 2402/3807 2403/3808 2399/3804
f 2403/3808 2404/3809 2405/3810 2399/3804
f 2403/3808 2402/3807 2406/3811 2407/3812
f 2403/3813 2407/3814 2408/3815 2404/3816
f 2408/3815 2409/3817 2410/3818 2404/3816
f 2408/3815 2407/3814 2411/3819 2412/3820
f 2408/3815 2412/3820 2413/3821 2409/3817
f 2413/3821 402/415 2414/3822 2409/3817
f 2413/3821 2412/3820 2415/3823 2416/3824
f 2413/3821 2416/3824 403/416 402/415
f 2416/3825 2415/3826 2417/3827 2418/3828
f 2416/3824 2418/3829 404/417 403/416
f 2418/3828 2417/3827 2419/3830 2420/3831
f 2418/3828 2420/3831 2421/3832 404/3833
f 2421/3832 2422/3834 405/3835 404/3833
f 2421/3836 2420/3837 2423/3838 2424/3839
f 2421/3836 2424/3839 2425/3840 2422/3841
f 2425/3840 2426/3842 2427/3843 2422/3841
f 2425/3840 2424/3839 2428/3844 2429/3845
f 2425/3840 2429/3845 2430/3846 2426/3842
f 2430/3846 389/401 393/400 2426/3842
f 2430/3846 2429/3845 2431/3847 2432/3848
f 2430/3846 2432/3848 390/3849 389/401
f 2432/3848 2431/3847 397/3850 396/3851
f 2432/3852 396/408 2433/3853 390/396
f 2433/3853 396/408 395/407 2434/3854
f 2433/3853 2434/3854 2435/3855 2436/3856
f 2433/3853 2436/3856 391/397 390/396
f 2436/3856 2435/3855 2437/3857 2438/3858
f 2436/3859 2438/3860 394/3861 391/3862
f 2438/3863 2437/3864 2439/3865 2440/3866
f 2438/3863 2440/3866 2441/3867 394/3868
f 2441/3867 2440/3866 388/393 2442/3869
f 2441/3870 2442/3871 2443/3872 2444/3873
f 2441/3870 2444/3873 392/3874 394/3875
f 2444/3873 2443/3872 2445/3876 2446/3877
f 2444/3873 2446/3877 393/3878 392/3874
f 2446/3877 2445/3876 406/419 2427/3879
f 2446/3880 2427/3843 2426/3842 393/400
f 2445/3876 2443/3872 2447/3881 2448/3882
f 2445/3876 2448/3882 401/414 406/419
f 2448/3882 2447/3881 2449/3883 2414/3822
f 2448/3882 2414/3822 402/415 401/414
f 2449/3883 2447/3881 2450/3884 2451/3885
f 2449/3886 2451/3887 2452/3888 2410/3889
f 2449/3883 2410/3818 2409/3817 2414/3822
f 2452/3890 2451/3891 386/391 2453/3892
f 2452/3890 2453/3892 2454/3893 2405/3894
f 2452/3888 2405/3810 2404/3809 2410/3889
f 2454/3893 2453/3892 2455/3895 2456/3896
f 2454/3893 2456/3896 2457/3897 2400/3898
f 2454/3899 2400/3805 2399/3804 2405/3810
f 2457/3897 2456/3896 2458/3900 2459/3901
f 2457/3897 2459/3901 2460/3902 2395/3798
f 2457/3897 2395/3798 2394/3797 2400/3898
f 2460/3902 2459/3901 2461/3903 2462/3904
f 2460/3902 2462/3904 2463/3905 2390/3790
f 2460/3902 2390/3790 2389/3789 2395/3798
f 2463/3906 2462/3907 2464/3908 2465/3909
f 2463/3905 2465/3910 2466/3911 2385/3785
f 2463/3905 2385/3785 2384/3784 2390/3790
f 2466/3912 2465/3913 2467/3914 2468/3915
f 2466/3912 2468/3915 2469/3916 2380/3917
f 2466/3911 2380/3918 2379/3783 2385/3785
f 2469/3916 2468/3915 2470/3919 2471/3920
f 2469/3916 2471/3920 242/3921 2375/3922
f 2469/3923 2375/3772 2374/3771 2380/3777
f 2471/3924 2470/3925 2472/3926 243/105
f 2471/3924 243/105 238/96 242/104
f 2472/3926 2473/3927 2474/3928 2475/3929
f 2472/3926 2475/3929 244/106 243/105
f 2472/3930 2470/3919 2476/3931 2473/3932
f 2476/3931 2477/3933 2478/3934 2473/3932
f 2476/3931 2470/3919 2468/3915 2467/3914
f 2476/3931 2467/3914 2479/3935 2477/3933
f 2479/3935 2480/3936 2481/3937 2477/3933
f 2479/3938 2467/3939 2465/3909 2464/3908
f 2479/3938 2464/3908 2482/3940 2480/3941
f 2482/3940 2483/3942 2484/3943 2480/3941
f 2482/3940 2464/3908 2462/3907 2461/3944
f 2482/3945 2461/3903 2485/3946 2483/3947
f 2485/3946 2486/3948 2487/3949 2483/3947
f 2485/3946 2461/3903 2459/3901 2458/3900
f 2485/3946 2458/3900 2488/3950 2486/3948
f 2488/3950 384/389 2489/3951 2486/3948
f 2488/3950 2458/3900 2456/3896 2455/3895
f 2488/3950 2455/3895 385/390 384/389
f 2489/3951 2439/3865 2437/3864 2490/3952
f 2489/3951 2490/3952 2487/3949 2486/3948
f 2489/3951 384/389 383/388 2439/3865
f 2490/3953 2437/3857 2435/3855 2491/3954
f 2490/3953 2491/3954 2492/3955 2487/3956
f 2492/3955 2491/3954 2493/3957 2494/3958
f 2492/3955 2494/3958 2495/3959 2484/3960
f 2492/3955 2484/3960 2483/3961 2487/3956
f 2495/3959 2494/3958 2496/3962 2497/3963
f 2495/3959 2497/3963 2498/3964 2481/3937
f 2495/3959 2481/3937 2480/3936 2484/3960
f 2498/3964 2497/3963 2499/3965 2500/3966
f 2498/3967 2500/3968 2501/3969 2478/3970
f 2498/3964 2478/3934 2477/3933 2481/3937
f 2501/3969 2500/3968 2502/3971 2503/3972
f 2501/3969 2503/3972 2504/3973 2474/3928
f 2501/3974 2474/3975 2473/3932 2478/3934
f 2504/3973 2503/3972 2505/3976 2506/3977
f 2504/3973 2506/3977 2507/3978 2508/3979
f 2504/3973 2508/3979 2475/3929 2474/3928
f 2508/3979 2507/3978 2509/3980 15/107
f 2508/3979 15/107 244/106 2475/3929
f 2507/3978 2506/3977 2510/3981 2511/3982
f 2507/3978 2511/3982 2512/3983 2509/3980
f 2511/3984 2510/3985 2513/3986 2514/3987
f 2511/3984 2514/3987 2515/3988 2512/3989
f 2515/3988 2514/3987 2516/3990 2517/3991
f 2515/3988 2517/3991 337/3992 333/288
f 2515/3988 333/288 30/287 2512/3989
f 2517/3993 2516/3994 2518/3995 2519/3996
f 2517/3993 2519/3996 338/300 337/299
f 2519/3996 2518/3995 2520/3997 2521/3998
f 2519/3996 2521/3998 339/301 338/300
f 2521/3999 2520/4000 2522/4001 2523/4002
f 2521/3999 2523/4002 409/429 339/4003
f 2523/4002 2522/4001 2524/4004 2525/4005
f 2523/4002 2525/4005 407/430 409/429
f 2525/4006 2524/4007 2526/4008 2527/4009
f 2525/4006 2527/4009 408/422 407/421
f 2527/4009 2526/4008 2396/3800 2528/4010
f 2527/4009 2528/4010 2529/4011 408/422
f 2528/4010 2396/3800 2392/3794 2391/3793
f 2391/3793 2387/3792 2386/4012 2530/4013
f 2530/4013 2386/4012 188/7 187/6
f 2526/4008 2401/3806 2397/3801 2396/3800
f 2526/4008 2524/4007 2531/4014 2401/3806
f 2531/4014 2406/3811 2402/3807 2401/3806
f 2531/4015 2524/4004 2522/4001 2532/4016
f 2531/4017 2532/4018 2533/4019 2406/4020
f 2533/4019 2411/3819 2407/3814 2406/4020
f 2533/4021 2532/4022 2534/4023 2535/4024
f 2533/4019 2535/4025 2536/4026 2411/3819
f 2536/4026 2415/3823 2412/3820 2411/3819
f 2536/4027 2535/4024 2537/4028 2538/4029
f 2536/4027 2538/4029 2417/3827 2415/3826
f 2538/4029 2537/4028 2539/4030 2540/4031
f 2538/4029 2540/4031 2419/3830 2417/3827
f 2540/4032 2539/4033 2541/4034 2542/4035
f 2540/4032 2542/4035 2543/4036 2419/4037
f 2543/4036 2423/3838 2420/3837 2419/4037
f 2543/4036 2542/4035 2544/4038 2545/4039
f 2543/4036 2545/4039 2546/4040 2423/3838
f 2546/4040 2428/3844 2424/3839 2423/3838
f 2546/4040 2545/4039 2547/4041 2548/4042
f 2546/4040 2548/4042 2549/4043 2428/3844
f 2549/4043 2431/3847 2429/3845 2428/3844
f 2549/4044 2548/4045 2550/4046 398/4047
f 2549/4043 398/4048 397/3850 2431/3847
f 2550/4046 2548/4045 2547/4049 2551/4050
f 2550/4046 2551/4050 2499/4051 2552/4052
f 2550/4046 2552/4052 399/4053 398/4047
f 2552/4054 2499/3965 2497/3963 2496/3962
f 2552/4054 2496/3962 400/412 399/411
f 2551/4050 2547/4049 2553/4055 2502/3971
f 2551/4050 2502/3971 2500/3968 2499/4051
f 2553/4056 2547/4041 2545/4039 2544/4038
f 2553/4055 2544/4057 2554/4058 2505/3976
f 2553/4055 2505/3976 2503/3972 2502/3971
f 2554/4059 2544/4038 2542/4035 2541/4034
f 2554/4060 2541/4061 2513/3986 2510/3985
f 2554/4058 2510/3981 2506/3977 2505/3976
f 2541/4062 2539/4030 2555/4063 2513/4064
f 2555/4063 2539/4030 2537/4028 2556/4065
f 2555/4063 2556/4065 2518/3995 2516/3994
f 2555/4066 2516/4067 2514/4068 2513/4069
f 2556/4065 2537/4028 2535/4024 2534/4023
f 2556/4065 2534/4023 2520/3997 2518/3995
f 2534/4023 2532/4022 2522/4070 2520/3997
f 2496/3962 2494/3958 2493/3957 400/412
f 2493/3957 2434/3854 395/407 400/412
f 2493/3957 2491/3954 2435/3855 2434/3854
f 2455/3895 2453/3892 386/391 385/390
f 2451/3891 2450/4071 387/392 386/391
f 2450/4071 2442/3869 388/393 387/392
f 2450/3884 2447/3881 2443/3872 2442/3871
f 2440/3866 2439/3865 383/388 388/393
f 2427/3879 406/419 405/418 2422/4072
f 2386/3786 2382/3781 2381/3780 188/4073
f 2381/4074 2377/4075 2376/4076 2557/4077
f 2381/4074 2557/4077 189/4078 188/4079
f 2557/4077 2376/4076 2558/4080 2559/4081
f 2557/4082 2559/4083 2560/4084 189/8
f 2560/4085 2559/4081 2561/4086 2562/4087
f 2560/4088 2562/4089 2563/4090 2564/4091
f 2560/4084 2564/4092 1/5 189/8
f 2564/4092 2563/4093 2565/4094 2566/4095
f 2564/4092 2566/4095 184/4096 1/5
f 2566/4097 2565/4098 2567/4099 2568/4100
f 2566/4101 2568/4102 2569/4103 184/4104
f 2568/4100 2567/4099 2570/4105 2571/4106
f 2568/4100 2571/4106 2572/4107 2569/4108
f 2571/4106 2570/4105 2573/4109 1869/4110
f 2571/4106 1869/4110 1867/4111 2572/4107
f 2573/4109 2570/4105 2574/4112 2575/4113
f 2573/4109 2575/4113 2576/4114 1872/4115
f 2573/4116 1872/2906 1870/2904 1869/2903
f 2576/4114 2575/4113 2577/4117 2578/4118
f 2576/4119 2578/4120 2579/4121 2580/4122
f 2576/4119 2580/4122 1873/2907 1872/2906
f 2580/4123 2579/4124 1894/4125 2581/4126
f 2580/4123 2581/4126 1874/4127 1873/4128
f 2581/4129 1894/2943 1892/2942 1891/4130
f 2581/4131 1891/2938 1876/2912 1874/2911
f 2579/4132 2578/4133 2582/4134 1897/4135
f 2579/4124 1897/2949 1895/2948 1894/4125
f 2582/4134 2578/4133 2577/4136 2583/4137
f 2582/4134 2583/4137 1903/2962 1901/2959
f 2582/4134 1901/2959 1898/2958 1897/4135
f 2583/4138 2577/4117 2584/4139 2585/4140
f 2583/4138 2585/4140 1905/2966 1903/2965
f 2585/4140 2584/4139 2586/4141 2587/4142
f 2585/4140 2587/4142 1907/2968 1905/2966
f 2587/4142 2586/4141 2588/4143 2589/4144
f 2587/4142 2589/4144 2590/4145 1907/2968
f 2590/4145 2589/4144 2591/4146 2592/4147
f 2590/4145 2592/4147 2593/4148 1910/2971
f 2590/4145 1910/2971 1908/2969 1907/2968
f 2593/4148 2592/4147 2594/4149 2595/4150
f 2593/4148 2595/4150 2596/4151 1913/2974
f 2593/4148 1913/2974 1911/2972 1910/2971
f 2596/4151 2595/4150 2597/4152 2598/4153
f 2596/4151 2598/4153 2599/4154 1916/2977
f 2596/4151 1916/2977 1914/2975 1913/2974
f 2599/4154 2598/4153 2600/4155 2601/4156
f 2599/4157 2601/4158 1921/2984 1919/2983
f 2599/4154 1919/2980 1917/2978 1916/2977
f 2601/4156 2600/4155 2602/4159 2603/4160
f 2601/4156 2603/4160 1923/2989 1921/4161
f 2603/4160 2602/4159 2604/4162 2605/4163
f 2603/4160 2605/4163 1925/2990 1923/2989
f 2605/4163 2604/4162 2606/4164 2607/4165
f 2605/4163 2607/4165 2608/4166 1925/2990
f 2608/4166 2607/4165 2609/4167 2610/4168
f 2608/4166 2610/4168 2611/4169 1928/2994
f 2608/4166 1928/2994 1926/2991 1925/2990
f 2611/4169 2610/4168 2612/4170 2613/4171
f 2611/4172 2613/4173 1933/3003 1931/3002
f 2611/4169 1931/2997 1929/2995 1928/2994
f 2613/4171 2612/4170 2614/4174 2615/4175
f 2613/4171 2615/4175 1935/4176 1933/4177
f 2615/4175 2614/4174 2616/4178 2617/4179
f 2615/4175 2617/4179 2618/4180 1935/4176
f 2618/4180 2617/4179 2619/4181 2620/4182
f 2618/4180 2620/4182 2621/4183 1938/3010
f 2618/4180 1938/3010 1936/3009 1935/4176
f 2621/4183 2620/4182 2622/4184 2623/4185
f 2621/4183 2623/4185 2624/4186 2625/4187
f 2621/4183 2625/4187 1939/3011 1938/3010
f 2625/4188 2624/4189 2626/4190 2627/4191
f 2625/4187 2627/4192 1940/3016 1939/3011
f 2627/4192 2626/4193 2628/4194 1950/3033
f 2627/4192 1950/3033 1942/3017 1940/3016
f 2628/4195 2626/4190 2629/4196 2630/4197
f 2628/4194 2630/4198 1958/3048 1956/3044
f 2628/4194 1956/3044 1951/3034 1950/3033
f 2630/4197 2629/4196 2631/4199 2632/4200
f 2630/4197 2632/4200 1960/3053 1958/3052
f 2632/4200 2631/4199 768/1051 767/1050
f 2632/4200 767/1050 2633/4201 1960/3053
f 2633/4201 1964/3057 1961/3054 1960/3053
f 2633/4202 767/4203 114/4204 2634/4205
f 2633/4202 2634/4205 2635/4206 1964/4207
f 2635/4206 1969/4208 1965/4209 1964/4207
f 2635/4206 2634/4205 2636/4210 2637/4211
f 2635/4206 2637/4211 2638/4212 1969/4208
f 2638/4212 1974/4213 1970/4214 1969/4208
f 2638/4215 2637/4216 2639/4217 2640/4218
f 2638/4215 2640/4218 2641/4219 1974/4220
f 2641/4221 1979/4222 1975/3073 1974/3072
f 2641/4219 2640/4218 2642/4223 696/4224
f 2641/4221 696/935 690/934 1979/4222
f 2642/4223 2640/4218 2639/4217 2643/4225
f 2642/4223 2643/4225 2644/4226 695/4227
f 2642/4223 695/4227 691/4228 696/4224
f 2644/4226 2643/4225 2645/4229 2646/4230
f 2644/4231 2646/4232 2647/4233 2648/4234
f 2644/4226 2648/4235 692/4236 695/4227
f 2648/4234 2647/4233 2029/3168 2028/3167
f 2648/4237 2028/4238 101/4239 692/4240
f 2647/4241 2646/4230 2649/4242 2650/4243
f 2647/4233 2650/4244 2030/3169 2029/3168
f 2650/4243 2649/4242 2651/4245 2652/4246
f 2650/4244 2652/4247 2032/3172 2030/3169
f 2652/4246 2651/4245 2653/4248 2654/4249
f 2652/4247 2654/4250 2655/4251 2032/3172
f 2655/4252 2654/4249 2656/4253 2657/4254
f 2655/4251 2657/4255 2037/3181 2035/3176
f 2655/4251 2035/3176 2033/3173 2032/3172
f 2657/4255 2656/4256 2658/4257 2659/4258
f 2657/4255 2659/4258 2039/3185 2037/3181
f 2659/4258 2658/4257 2660/4259 2661/4260
f 2659/4258 2661/4260 2041/3189 2039/3185
f 2661/4260 2660/4259 2662/4261 2663/4262
f 2661/4260 2663/4262 2664/4263 2041/3189
f 2664/4263 2663/4262 2665/4264 2297/3633
f 2664/4263 2297/3633 2295/3629 2044/3192
f 2664/4263 2044/3192 2042/3190 2041/3189
f 2665/4264 2663/4262 2662/4261 2666/4265
f 2665/4264 2666/4265 2667/4266 2300/3638
f 2665/4264 2300/3638 2298/3634 2297/3633
f 2667/4266 2666/4265 2668/4267 2669/4268
f 2667/4266 2669/4268 2670/4269 2303/3642
f 2667/4266 2303/3642 2301/3639 2300/3638
f 2670/4269 2669/4268 2671/4270 2672/4271
f 2670/4269 2672/4271 2673/4272 2306/3645
f 2670/4269 2306/3645 2304/3643 2303/3642
f 2673/4273 2672/4274 2674/4275 2675/4276
f 2673/4272 2675/4277 2676/4278 2309/3648
f 2673/4272 2309/3648 2307/3646 2306/3645
f 2676/4279 2675/4276 2677/4280 2678/4281
f 2676/4279 2678/4281 2679/4282 2312/4283
f 2676/4278 2312/3651 2310/3649 2309/3648
f 2679/4284 2678/4285 2680/4286 2681/4287
f 2679/4284 2681/4287 2682/4288 2315/4289
f 2679/4282 2315/3656 2313/3655 2312/4283
f 2682/4288 2681/4287 2683/4290 2684/4291
f 2682/4288 2684/4291 2685/4292 2318/3664
f 2682/4288 2318/3664 2316/3663 2315/4289
f 2685/4292 2684/4291 2686/4293 2687/4294
f 2685/4292 2687/4294 2325/3673 2321/3668
f 2685/4292 2321/3668 2319/3665 2318/3664
f 2687/4294 2686/4293 2688/4295 2689/4296
f 2687/4294 2689/4296 2326/3674 2325/3673
f 2689/4297 2688/4298 2690/4299 2691/4300
f 2689/4297 2691/4300 2328/3682 2326/3681
f 2691/4300 2690/4299 2692/4301 2693/4302
f 2691/4300 2693/4302 2330/3686 2328/3682
f 2693/4302 2692/4301 2694/4303 2695/4304
f 2693/4302 2695/4304 2696/4305 2330/3686
f 2696/4305 2695/4304 2697/4306 2698/4307
f 2696/4305 2698/4307 2699/4308 2333/4309
f 2696/4305 2333/4309 2331/3687 2330/3686
f 2699/4308 2698/4307 2700/4310 2701/4311
f 2699/4312 2701/4313 2702/4314 2703/4315
f 2699/4312 2703/4315 2334/3692 2333/3691
f 2703/4315 2702/4314 2704/4316 2705/4317
f 2703/4318 2705/4319 2335/4320 2334/4321
f 2705/4322 2704/4323 2706/4324 2707/4325
f 2705/4322 2707/4325 2337/3701 2335/3700
f 2707/4326 2706/4327 2708/4328 2709/4329
f 2707/4326 2709/4329 2710/4330 2337/4331
f 2710/4330 2709/4329 2711/4332 2712/4333
f 2710/4330 2712/4333 2713/4334 2340/3707
f 2710/4330 2340/3707 2338/3706 2337/4331
f 2713/4334 2712/4333 2714/4335 2715/4336
f 2713/4334 2715/4336 2716/4337 2717/4338
f 2713/4334 2717/4338 2341/3708 2340/3707
f 2717/4338 2716/4337 2718/4339 2719/4340
f 2717/4338 2719/4340 2342/3709 2341/3708
f 2719/4341 2718/4342 2720/4343 2721/4344
f 2719/4341 2721/4344 2344/3715 2342/3714
f 2721/4344 2720/4343 2722/4345 2723/4346
f 2721/4344 2723/4346 2346/3717 2344/3715
f 2723/4347 2722/4348 2724/4349 2725/4350
f 2723/4351 2725/4352 2348/3721 2346/3720
f 2725/4353 2724/4354 2726/4355 2727/4356
f 2725/4353 2727/4356 2352/3734 2348/3733
f 2727/4356 2726/4355 2728/4357 2729/4358
f 2727/4356 2729/4358 2353/3735 2352/3734
f 2729/4358 2728/4357 2730/4359 2358/4360
f 2729/4358 2358/4360 2355/3738 2353/3735
f 2730/4359 2728/4357 2731/4361 2732/4362
f 2730/4359 2732/4362 2733/4363 2734/4364
f 2730/4365 2734/4366 2359/3747 2358/3746
f 2734/4367 2733/4368 2735/4369 2736/4370
f 2734/4367 2736/4370 2360/3749 2359/3748
f 2736/4370 2735/4369 2737/4371 2738/4372
f 2736/4370 2738/4372 2362/3751 2360/3749
f 2738/4373 2737/4374 2739/4375 2740/4376
f 2738/4373 2740/4376 2364/3755 2362/3754
f 2740/4376 2739/4375 2741/4377 2742/4378
f 2740/4376 2742/4378 2743/4379 2364/3755
f 2743/4379 2367/3761 2365/3756 2364/3755
f 2743/4380 2742/4381 2744/4382 2745/4383
f 2743/4380 2745/4383 2746/4384 2367/4385
f 2746/4384 2371/3767 2368/3766 2367/4385
f 2746/4386 2745/4387 2747/4388 2748/4389
f 2746/4384 2748/4390 2558/4391 2371/3767
f 2748/4389 2747/4388 2749/4392 2561/4086
f 2748/4389 2561/4086 2559/4081 2558/4080
f 2749/4392 2747/4388 2750/4393 2751/4394
f 2749/4392 2751/4394 2752/4395 2753/4396
f 2749/4397 2753/4398 2562/4399 2561/4400
f 2753/4401 2752/4402 2754/4403 2755/4404
f 2753/4405 2755/4406 2563/4407 2562/4408
f 2755/4409 2754/4410 2588/4411 2756/4412
f 2755/4413 2756/4414 2565/4094 2563/4093
f 2756/4415 2588/4143 2586/4141 2757/4416
f 2756/4415 2757/4416 2567/4099 2565/4098
f 2757/4416 2586/4141 2584/4139 2574/4112
f 2757/4416 2574/4112 2570/4105 2567/4099
f 2754/4403 2752/4402 2758/4417 2591/4418
f 2754/4419 2591/4146 2589/4144 2588/4143
f 2758/4420 2752/4395 2751/4394 2759/4421
f 2758/4420 2759/4421 2760/4422 2594/4423
f 2758/4420 2594/4423 2592/4424 2591/4425
f 2760/4422 2759/4421 2761/4426 2762/4427
f 2760/4422 2762/4427 2763/4428 2597/4429
f 2760/4422 2597/4429 2595/4430 2594/4423
f 2763/4431 2762/4432 2764/4433 2765/4434
f 2763/4428 2765/4435 2602/4436 2600/4437
f 2763/4428 2600/4437 2598/4438 2597/4429
f 2765/4434 2764/4433 2766/4439 2767/4440
f 2765/4434 2767/4440 2604/4162 2602/4159
f 2767/4441 2766/4442 2768/4443 2769/4444
f 2767/4440 2769/4445 2606/4164 2604/4162
f 2769/4444 2768/4443 2770/4446 2771/4447
f 2769/4444 2771/4447 2772/4448 2606/4449
f 2772/4448 2771/4447 2773/4450 2774/4451
f 2772/4452 2774/4453 2775/4454 2609/4167
f 2772/4448 2609/4455 2607/4456 2606/4449
f 2775/4454 2774/4453 2776/4457 2777/4458
f 2775/4454 2777/4458 2614/4174 2612/4170
f 2775/4454 2612/4170 2610/4168 2609/4167
f 2777/4458 2776/4457 2778/4459 2779/4460
f 2777/4458 2779/4460 2616/4178 2614/4174
f 2779/4460 2778/4459 2780/4461 2781/4462
f 2779/4460 2781/4462 2782/4463 2616/4178
f 2782/4463 2781/4462 2783/4464 2784/4465
f 2782/4463 2784/4465 2785/4466 2619/4181
f 2782/4463 2619/4181 2617/4179 2616/4178
f 2785/4466 2784/4465 2786/4467 2787/4468
f 2785/4466 2787/4468 2788/4469 2622/4184
f 2785/4466 2622/4184 2620/4182 2619/4181
f 2788/4470 2787/4471 872/1287 2789/4472
f 2788/4470 2789/4472 2790/4473 2791/4474
f 2788/4469 2791/4475 2623/4185 2622/4184
f 2791/4474 2790/4473 2792/4476 2793/4477
f 2791/4475 2793/4478 2624/4186 2623/4185
f 2793/4477 2792/4476 2631/4199 2629/4196
f 2793/4477 2629/4196 2626/4190 2624/4189
f 2792/4476 2790/4473 2794/4479 823/1181
f 2792/4476 823/1181 768/1051 2631/4199
f 2794/4480 875/4481 874/4482 2795/4483
f 2794/4484 2795/4485 821/4486 823/4487
f 2794/4479 2790/4473 2789/4472 875/4488
f 2795/4489 874/4490 2796/4491 2797/4492
f 2795/4489 2797/4492 822/4493 821/4494
f 2797/4492 2796/4491 2798/4495 2799/4496
f 2797/4492 2799/4496 2800/4497 822/4493
f 2800/4497 2799/4496 2801/4498 2802/4499
f 2800/4497 2802/4499 2803/4500 827/1191
f 2800/4497 827/1191 769/1190 822/4493
f 2803/4500 2802/4499 2804/4501 2805/4502
f 2803/4500 2805/4502 2806/4503 2807/4504
f 2803/4500 2807/4504 825/1187 827/1191
f 2807/4504 2806/4503 893/1325 892/1324
f 2807/4504 892/1324 826/1188 825/1187
f 2806/4503 2805/4502 2808/4505 2809/4506
f 2806/4503 2809/4506 2810/4507 893/1325
f 2810/4507 2809/4506 2811/4508 2812/4509
f 2810/4507 2812/4509 2813/4510 2814/4511
f 2810/4507 2814/4511 894/1326 893/1325
f 2814/4512 2813/4513 2815/4514 2816/4515
f 2814/4512 2816/4515 883/1308 894/1328
f 2816/4515 2815/4514 2817/4516 2818/4517
f 2816/4515 2818/4517 884/1309 883/1308
f 2818/4518 2817/4519 2819/4520 2820/4521
f 2818/4518 2820/4521 885/1314 884/1313
f 2820/4522 2819/4523 2821/4524 2822/4525
f 2820/4522 2822/4525 2823/4526 885/4527
f 2823/4526 2822/4525 2824/4528 2825/4529
f 2823/4526 2825/4529 2826/4530 2827/4531
f 2823/4526 2827/4531 886/1317 885/4527
f 2827/4531 2826/4530 2828/4532 2829/4533
f 2827/4531 2829/4533 887/1318 886/1317
f 2829/4533 2828/4532 2830/4534 2831/4535
f 2829/4533 2831/4535 888/1319 887/1318
f 2832/4536 804/4537 2831/4535 2830/4534
f 2832/4536 2830/4534 2833/4538 2834/4539
f 2834/4539 2833/4538 2835/4540 2836/4541
f 2834/4542 2836/4543 2837/4544 2838/4545
f 2834/4542 2838/4545 2839/4546 2840/4547
f 2841/4548 2842/4549 773/4550 772/4551
f 2841/4552 772/4553 771/4554 779/4555
f 2841/4548 2839/4546 2843/4556 2842/4549
f 2843/4556 2844/4557 2845/4558 2842/4549
f 2843/4556 2839/4546 2838/4545 2846/4559
f 2843/4556 2846/4559 2847/4560 2844/4557
f 2847/4560 2848/4561 2849/4562 2844/4557
f 2847/4560 2846/4559 2850/4563 2851/4564
f 2847/4560 2851/4564 2852/4565 2848/4561
f 2852/4565 2853/4566 2854/4567 2848/4561
f 2852/4565 2851/4564 787/1097 786/1096
f 2852/4565 786/1096 785/1095 2853/4566
f 2854/4567 2855/4568 2856/4569 2857/4570
f 2854/4567 2857/4570 2849/4562 2848/4561
f 2854/4567 2853/4566 2858/4571 2855/4568
f 2858/4571 2859/4572 2860/4573 2855/4568
f 2858/4571 2853/4566 785/1095 2861/4574
f 2858/4571 2861/4574 2862/4575 2859/4572
f 2862/4576 2863/4577 2864/4578 2859/4579
f 2862/4575 2861/4574 2865/4580 2866/4581
f 2862/4576 2866/4582 2867/4583 2863/4577
f 2867/4584 2868/4585 2869/4586 2863/4587
f 2867/4584 2866/4588 2870/4589 783/1088
f 2867/4584 783/1088 782/1087 2868/4585
f 2869/4586 2871/4590 2872/4591 2873/4592
f 2869/4586 2873/4592 2864/4593 2863/4587
f 2869/4594 2868/4595 2874/4596 2871/4597
f 2874/4596 2875/4598 2876/4599 2871/4597
f 2874/4596 2868/4595 782/4600 2877/4601
f 2874/4596 2877/4601 2878/4602 2875/4598
f 2878/4602 2879/4603 2880/4604 2875/4598
f 2878/4602 2877/4601 726/4605 2881/4606
f 2878/4602 2881/4606 2882/4607 2879/4603
f 2882/4607 2883/4608 2884/4609 2879/4603
f 2882/4607 2881/4606 717/4610 716/4611
f 2882/4607 716/4611 2885/4612 2883/4608
f 2885/4612 2886/4613 2887/4614 2883/4608
f 2885/4612 716/4611 106/4615 2888/4616
f 2885/4612 2888/4616 2889/4617 2886/4613
f 2889/4617 760/1039 2890/4618 2886/4613
f 2889/4619 2888/4620 2891/4621 2892/4622
f 2889/4619 2892/4622 761/1042 760/4623
f 2892/4622 2891/4621 2893/4624 2894/4625
f 2892/4622 2894/4625 762/1043 761/1042
f 2894/4625 2893/4624 2895/4626 2896/4627
f 2894/4625 2896/4627 2897/4628 762/1043
f 2897/4628 2896/4627 2658/4629 2656/4253
f 2897/4628 2656/4253 2654/4249 2653/4248
f 2896/4630 2895/4631 2660/4259 2658/4257
f 2895/4626 2893/4624 2898/4632 2899/4633
f 2895/4631 2899/4634 2662/4261 2660/4259
f 2899/4633 2898/4632 2900/4635 2668/4636
f 2899/4634 2668/4267 2666/4265 2662/4261
f 2900/4635 2898/4632 722/4637 721/4638
f 2900/4635 721/4638 2901/4639 2671/4640
f 2900/4641 2671/4270 2669/4268 2668/4267
f 2901/4639 721/4638 720/4642 2902/4643
f 2901/4639 2902/4643 2903/4644 2674/4275
f 2901/4639 2674/4275 2672/4274 2671/4640
f 2903/4645 2902/4646 2904/4647 2905/4648
f 2903/4645 2905/4648 2906/4649 2677/4650
f 2903/4644 2677/4280 2675/4276 2674/4275
f 2906/4649 2905/4648 2907/4651 2908/4652
f 2906/4649 2908/4652 2909/4653 2680/4286
f 2906/4649 2680/4286 2678/4285 2677/4650
f 2909/4653 2908/4652 2910/4654 2911/4655
f 2909/4653 2911/4655 2912/4656 2683/4290
f 2909/4653 2683/4290 2681/4287 2680/4286
f 2912/4656 2911/4655 2913/4657 2914/4658
f 2912/4656 2914/4658 2688/4295 2686/4293
f 2912/4656 2686/4293 2684/4291 2683/4290
f 2914/4659 2913/4660 2915/4661 2916/4662
f 2914/4659 2916/4662 2690/4663 2688/4664
f 2916/4665 2915/4666 2917/4667 2918/4668
f 2916/4665 2918/4668 2692/4301 2690/4299
f 2918/4668 2917/4667 2919/4669 2920/4670
f 2918/4668 2920/4670 2694/4303 2692/4301
f 2920/4670 2919/4669 2921/4671 2922/4672
f 2920/4670 2922/4672 2923/4673 2694/4303
f 2923/4673 2922/4672 2924/4674 2925/4675
f 2923/4673 2925/4675 2926/4676 2697/4306
f 2923/4673 2697/4306 2695/4304 2694/4303
f 2926/4676 2925/4675 2927/4677 2928/4678
f 2926/4676 2928/4678 2929/4679 2700/4310
f 2926/4676 2700/4310 2698/4307 2697/4306
f 2929/4679 2928/4678 2930/4680 2931/4681
f 2929/4679 2931/4681 2932/4682 2933/4683
f 2929/4679 2933/4683 2701/4311 2700/4310
f 2933/4683 2932/4682 2934/4684 2935/4685
f 2933/4686 2935/4687 2702/4314 2701/4313
f 2935/4687 2934/4688 2936/4689 2937/4690
f 2935/4687 2937/4690 2704/4316 2702/4314
f 2937/4691 2936/4692 2938/4693 2939/4694
f 2937/4691 2939/4694 2706/4324 2704/4323
f 2939/4695 2938/4696 2940/4697 2941/4698
f 2939/4695 2941/4698 2708/4328 2706/4327
f 2941/4698 2940/4697 2942/4699 2943/4700
f 2941/4698 2943/4700 2944/4701 2708/4328
f 2944/4701 2943/4700 2945/4702 2946/4703
f 2944/4701 2946/4703 2947/4704 2711/4332
f 2944/4701 2711/4332 2709/4329 2708/4328
f 2947/4704 2946/4703 2948/4705 2949/4706
f 2947/4704 2949/4706 2950/4707 2714/4335
f 2947/4704 2714/4335 2712/4333 2711/4332
f 2950/4707 2949/4706 2951/4708 2952/4709
f 2950/4707 2952/4709 2953/4710 2954/4711
f 2950/4707 2954/4711 2715/4336 2714/4335
f 2954/4711 2953/4710 2955/4712 2956/4713
f 2954/4711 2956/4713 2716/4337 2715/4336
f 2956/4714 2955/4715 2957/4716 2958/4717
f 2956/4714 2958/4717 2718/4718 2716/4719
f 2958/4720 2957/4721 2959/4722 2960/4723
f 2958/4720 2960/4723 2720/4343 2718/4342
f 2960/4723 2959/4722 2961/4724 2962/4725
f 2960/4723 2962/4725 2722/4345 2720/4343
f 2962/4726 2961/4727 2963/4728 2964/4729
f 2962/4726 2964/4729 2724/4349 2722/4348
f 2964/4730 2963/4731 2965/4732 2966/4733
f 2964/4730 2966/4733 2726/4355 2724/4354
f 2966/4733 2965/4732 2967/4734 2731/4361
f 2966/4733 2731/4361 2728/4357 2726/4355
f 2967/4734 2965/4732 2968/4735 2969/4736
f 2967/4734 2969/4736 2970/4737 2971/4738
f 2967/4734 2971/4738 2732/4362 2731/4361
f 2971/4738 2970/4737 2972/4739 2973/4740
f 2971/4738 2973/4740 2733/4363 2732/4362
f 2973/4740 2972/4739 2773/4741 2974/4742
f 2973/4743 2974/4744 2735/4745 2733/4746
f 2974/4747 2773/4450 2771/4447 2770/4446
f 2974/4748 2770/4749 2737/4371 2735/4369
f 2972/4739 2970/4737 2778/4459 2776/4457
f 2972/4739 2776/4457 2774/4453 2773/4741
f 2970/4737 2969/4736 2780/4461 2778/4459
f 2969/4736 2968/4735 2975/4750 2780/4461
f 2975/4750 2968/4735 2976/4751 2977/4752
f 2975/4753 2977/4754 2978/4755 2783/4756
f 2975/4750 2783/4464 2781/4462 2780/4461
f 2978/4755 2977/4754 2979/4757 2980/4758
f 2978/4755 2980/4758 873/1288 2786/4759
f 2978/4760 2786/4467 2784/4465 2783/4464
f 2979/4761 2981/4762 2982/4763 2983/4764
f 2979/4761 2983/4764 2984/4765 2980/4766
f 2979/4757 2977/4754 2976/4767 2981/4768
f 2983/4764 2982/4763 2985/4769 2986/4770
f 2983/4771 2986/4772 2987/4773 2984/4774
f 2986/4775 2985/4776 2988/4777 2989/4778
f 2986/4775 2989/4778 2990/4779 2987/4780
f 2990/4781 2989/4782 2991/4783 2992/4784
f 2990/4781 2992/4784 2993/4785 2994/4786
f 2990/4781 2994/4786 2995/4787 2987/4788
f 2994/4786 2993/4785 2996/4789 2997/4790
f 2994/4786 2997/4790 2998/4791 2995/4787
f 2998/4791 2997/4790 2999/4792 3000/4793
f 2998/4794 3000/4795 3001/4796 3002/4797
f 2998/4794 3002/4797 3003/4798 2995/4799
f 3002/4800 3001/4801 3004/4802 3005/4803
f 3002/4800 3005/4803 3006/4804 3003/4805
f 3006/4804 3005/4803 2798/4495 2796/4491
f 3006/4804 2796/4491 874/4490 871/4806
f 3006/4804 871/4806 870/4807 3003/4805
f 3005/4803 3004/4802 3007/4808 2798/4495
f 3007/4808 3004/4802 3008/4809 3009/4810
f 3007/4808 3009/4810 3010/4811 2801/4498
f 3007/4808 2801/4498 2799/4496 2798/4495
f 3010/4811 3009/4810 3011/4812 3012/4813
f 3010/4811 3012/4813 3013/4814 2804/4501
f 3010/4811 2804/4501 2802/4499 2801/4498
f 3013/4814 3012/4813 3014/4815 3015/4816
f 3013/4814 3015/4816 3016/4817 2808/4505
f 3013/4814 2808/4505 2805/4502 2804/4501
f 3016/4817 3015/4816 916/1363 3017/4818
f 3016/4817 3017/4818 3018/4819 2811/4508
f 3016/4817 2811/4508 2809/4506 2808/4505
f 3018/4819 3017/4818 3019/4820 3020/4821
f 3018/4819 3020/4821 3021/4822 3022/4823
f 3018/4819 3022/4823 2812/4509 2811/4508
f 3022/4823 3021/4822 3023/4824 3024/4825
f 3022/4823 3024/4825 2813/4510 2812/4509
f 3024/4826 3023/4827 3025/4828 3026/4829
f 3024/4826 3026/4829 2815/4514 2813/4513
f 3026/4829 3025/4828 3027/4830 3028/4831
f 3026/4829 3028/4831 2817/4516 2815/4514
f 3028/4832 3027/4833 3029/4834 3030/4835
f 3028/4832 3030/4835 2819/4520 2817/4519
f 3030/4836 3029/4837 3031/4838 3032/4839
f 3030/4836 3032/4839 2821/4524 2819/4523
f 3032/4839 3031/4838 3033/4840 3034/4841
f 3032/4839 3034/4841 3035/4842 2821/4524
f 3035/4842 3034/4841 908/1354 3036/4843
f 3035/4842 3036/4843 3037/4844 2824/4528
f 3035/4842 2824/4528 2822/4525 2821/4524
f 3037/4844 3036/4843 3038/4845 3039/4846
f 3037/4844 3039/4846 3040/4847 3041/4848
f 3037/4844 3041/4848 2825/4529 2824/4528
f 3041/4848 3040/4847 3042/4849 3043/4850
f 3041/4848 3043/4850 2826/4530 2825/4529
f 3043/4850 3042/4849 3044/4851 3045/4852
f 3043/4850 3045/4852 2828/4532 2826/4530
f 3045/4852 3044/4851 2835/4540 2833/4538
f 3045/4852 2833/4538 2830/4534 2828/4532
f 3044/4851 3042/4849 895/1334 151/1333
f 3044/4851 151/1333 810/1146 2835/4540
f 3042/4849 3040/4847 3046/4853 895/1334
f 3046/4853 3040/4847 3039/4846 3047/4854
f 3046/4853 3047/4854 3048/4855 3049/4856
f 3046/4853 3049/4856 896/1335 895/1334
f 3049/4856 3048/4855 3050/4857 3051/4858
f 3049/4856 3051/4858 3052/4859 896/1335
f 3052/4859 3051/4858 3053/4860 3054/4861
f 3052/4859 3054/4861 2996/4862 3055/4863
f 3052/4859 3055/4863 897/1336 896/1335
f 3055/4863 2996/4862 2993/4864 3056/4865
f 3055/4863 3056/4865 898/1337 897/1336
f 3056/4865 2993/4864 2992/4866 801/4867
f 3056/4865 801/4867 802/4868 898/1337
f 801/4869 3057/4870 3058/4871 3059/4872
f 3059/4872 3060/4873 818/4874 801/4869
f 801/4875 2992/4784 2991/4783 3057/4876
f 3060/4873 3059/4872 3061/4877 3062/4878
f 3060/4879 3062/4880 731/4881 730/4882
f 3060/4883 730/4884 819/1168 818/1167
f 3061/4877 3063/4885 3064/4886 3065/4887
f 3061/4877 3065/4887 3066/4888 3062/4878
f 3061/4877 3059/4872 3058/4871 3063/4885
f 3065/4887 3064/4886 3067/4889 3068/4890
f 3065/4887 3068/4890 3069/4891 3066/4888
f 3069/4891 3068/4890 3070/4892 3071/4893
f 3069/4891 3071/4893 3072/4894 790/1101
f 3069/4891 790/1101 789/1100 3066/4888
f 3072/4894 3071/4893 3073/4895 3074/4896
f 3072/4894 3074/4896 3075/4897 3076/4898
f 3072/4894 3076/4898 791/1102 790/1101
f 3076/4899 3075/4900 3077/4901 3078/4902
f 3076/4899 3078/4902 792/1105 791/1104
f 3078/4903 3077/4904 3079/4905 3080/4906
f 3078/4903 3080/4906 799/1121 792/1120
f 3080/4906 3079/4905 3081/4907 3082/4908
f 3080/4906 3082/4908 3083/4909 799/1121
f 3083/4909 3082/4908 3084/4910 3085/4911
f 3083/4909 3085/4911 3086/4912 3087/4913
f 3083/4909 3087/4913 800/1122 799/1121
f 3087/4913 733/999 3088/4914 800/1122
f 3086/4912 3085/4911 3089/4915 3090/4916
f 3086/4912 3090/4916 3091/4917 734/1000
f 3091/4917 3090/4916 3092/4918 3093/4919
f 3091/4917 3093/4919 3094/4920 3095/4921
f 3091/4917 3095/4921 735/1001 734/1000
f 3095/4921 3094/4920 3096/4922 3097/4923
f 3095/4921 3097/4923 3098/4924 735/1001
f 3098/4924 3099/4925 108/998 735/1001
f 3098/4924 3097/4923 3100/4926 3101/4927
f 3098/4924 3101/4927 3102/4928 3099/4925
f 3102/4928 816/4929 819/4930 3099/4925
f 3102/4928 3101/4927 3103/4931 3104/4932
f 3102/4928 3104/4932 817/4933 816/4929
f 3104/4932 3103/4931 3105/4934 3106/4935
f 3104/4932 3106/4935 3107/4936 817/4933
f 3107/4937 812/4938 814/1165 817/1164
f 3107/4937 3106/4939 3108/4940 815/1158
f 3107/4937 815/1158 813/1157 812/4938
f 3108/4940 3106/4939 3105/4941 3109/4942
f 3108/4943 3109/4944 3110/4945 3111/4946
f 3108/4940 3111/4947 808/1159 815/1158
f 3111/4946 3110/4945 2904/4647 719/982
f 3111/4946 719/982 718/981 808/1143
f 3110/4945 3109/4944 3112/4948 2907/4651
f 3110/4945 2907/4651 2905/4648 2904/4647
f 3112/4949 3109/4942 3105/4941 3113/4950
f 3112/4948 3113/4951 3114/4952 2910/4654
f 3112/4948 2910/4654 2908/4652 2907/4651
f 3114/4953 3113/4954 3115/4955 3116/4956
f 3114/4957 3116/4958 2915/4661 2913/4660
f 3114/4952 2913/4657 2911/4655 2910/4654
f 3116/4956 3115/4955 3100/4926 3117/4959
f 3116/4956 3117/4959 2917/4667 2915/4666
f 3117/4959 3100/4926 3097/4923 3096/4922
f 3117/4959 3096/4922 2919/4669 2917/4667
f 3115/4955 3103/4931 3101/4927 3100/4926
f 3115/4955 3113/4954 3105/4934 3103/4931
f 3099/4925 819/4930 730/4960 108/998
f 3096/4922 3094/4920 2921/4671 2919/4669
f 3094/4920 3093/4919 3118/4961 2921/4671
f 3118/4961 3093/4919 3092/4918 3119/4962
f 3118/4961 3119/4962 3120/4963 2924/4674
f 3118/4961 2924/4674 2922/4672 2921/4671
f 3120/4963 3119/4962 3121/4964 3122/4965
f 3120/4963 3122/4965 3123/4966 2927/4677
f 3120/4963 2927/4677 2925/4675 2924/4674
f 3123/4966 3122/4965 3124/4967 3125/4968
f 3123/4966 3125/4968 3126/4969 2930/4680
f 3123/4966 2930/4680 2928/4678 2927/4677
f 3126/4969 3125/4968 3127/4970 3128/4971
f 3126/4969 3128/4971 3129/4972 3130/4973
f 3126/4969 3130/4973 2931/4681 2930/4680
f 3130/4973 3129/4972 3131/4974 3132/4975
f 3130/4973 3132/4975 2932/4682 2931/4681
f 3132/4975 3131/4974 3133/4976 3134/4977
f 3132/4975 3134/4977 2934/4684 2932/4682
f 3134/4978 3133/4979 3135/4980 3136/4981
f 3134/4978 3136/4981 2936/4689 2934/4688
f 3136/4982 3135/4983 3137/4984 3138/4985
f 3136/4982 3138/4985 2938/4693 2936/4692
f 3138/4986 3137/4987 3139/4988 3140/4989
f 3138/4986 3140/4989 2940/4697 2938/4696
f 3140/4989 3139/4988 3141/4990 3142/4991
f 3140/4989 3142/4991 2942/4699 2940/4697
f 3142/4991 3141/4990 3143/4992 3144/4993
f 3142/4991 3144/4993 3145/4994 2942/4699
f 3145/4994 3144/4993 3146/4995 3147/4996
f 3145/4994 3147/4996 3148/4997 2945/4702
f 3145/4994 2945/4702 2943/4700 2942/4699
f 3148/4997 3147/4996 3149/4998 3150/4999
f 3148/4997 3150/4999 3151/5000 2948/4705
f 3148/4997 2948/4705 2946/4703 2945/4702
f 3151/5000 3150/4999 3152/5001 3153/5002
f 3151/5000 3153/5002 3154/5003 2951/4708
f 3151/5000 2951/4708 2949/4706 2948/4705
f 3154/5003 3153/5002 3063/4885 3058/4871
f 3154/5003 3058/4871 3057/4870 3155/5004
f 3154/5003 3155/5004 2952/4709 2951/4708
f 3155/5004 3057/4870 2991/5005 3156/5006
f 3155/5004 3156/5006 2953/4710 2952/4709
f 3156/5006 2991/5005 2989/4778 2988/4777
f 3156/5006 2988/4777 2955/4712 2953/4710
f 3153/5002 3152/5001 3064/4886 3063/4885
f 3152/5001 3150/4999 3149/4998 3157/5007
f 3152/5001 3157/5007 3067/4889 3064/4886
f 3157/5007 3149/4998 3158/5008 3159/5009
f 3157/5007 3159/5009 3160/5010 3067/4889
f 3160/5010 3159/5009 3161/5011 3162/5012
f 3160/5010 3162/5012 3163/5013 3070/4892
f 3160/5010 3070/4892 3068/4890 3067/4889
f 3163/5013 3162/5012 3164/5014 3165/5015
f 3163/5013 3165/5015 3166/5016 3073/4895
f 3163/5013 3073/4895 3071/4893 3070/4892
f 3166/5016 3165/5015 3167/5017 3168/5018
f 3166/5016 3168/5018 3169/5019 3170/5020
f 3166/5016 3170/5020 3074/4896 3073/4895
f 3170/5020 3169/5019 3171/5021 3172/5022
f 3170/5020 3172/5022 3075/4897 3074/4896
f 3172/5023 3171/5024 3173/5025 3174/5026
f 3172/5023 3174/5026 3077/4901 3075/4900
f 3174/5027 3173/5028 3175/5029 3176/5030
f 3174/5027 3176/5030 3079/4905 3077/4904
f 3176/5030 3175/5029 3177/5031 3178/5032
f 3176/5030 3178/5032 3081/4907 3079/4905
f 3178/5032 3177/5031 3179/5033 3180/5034
f 3178/5032 3180/5034 3181/5035 3081/4907
f 3181/5035 3180/5034 3182/5036 3183/5037
f 3181/5035 3183/5037 3184/5038 3084/4910
f 3181/5035 3084/4910 3082/4908 3081/4907
f 3184/5038 3183/5037 3185/5039 3186/5040
f 3184/5038 3186/5040 3187/5041 3089/4915
f 3184/5038 3089/4915 3085/4911 3084/4910
f 3187/5041 3186/5040 3188/5042 3121/4964
f 3187/5041 3121/4964 3119/4962 3092/4918
f 3187/5041 3092/4918 3090/4916 3089/4915
f 3188/5042 3186/5040 3185/5039 3189/5043
f 3188/5042 3189/5043 3190/5044 3124/4967
f 3188/5042 3124/4967 3122/4965 3121/4964
f 3190/5044 3189/5043 3191/5045 3192/5046
f 3190/5044 3192/5046 3193/5047 3127/4970
f 3190/5044 3127/4970 3125/4968 3124/4967
f 3193/5047 3192/5046 3194/5048 3195/5049
f 3193/5047 3195/5049 3196/5050 3197/5051
f 3193/5047 3197/5051 3128/4971 3127/4970
f 3197/5051 3196/5050 3198/5052 3199/5053
f 3197/5051 3199/5053 3129/4972 3128/4971
f 3199/5053 3198/5052 285/184 3200/5054
f 3199/5053 3200/5054 3131/4974 3129/4972
f 3200/5055 285/5056 284/5057 3201/5058
f 3200/5054 3201/5059 3133/4976 3131/4974
f 3201/5060 284/180 283/179 3202/5061
f 3201/5062 3202/5063 3135/4980 3133/4979
f 3202/5064 283/177 282/176 3203/5065
f 3202/5064 3203/5065 3137/4984 3135/4983
f 3203/5066 282/5067 3204/5068 3205/5069
f 3203/5066 3205/5069 3139/4988 3137/4987
f 3205/5069 3204/5068 3206/5070 3207/5071
f 3205/5069 3207/5071 3141/4990 3139/4988
f 3207/5071 3206/5070 3208/5072 3209/5073
f 3207/5071 3209/5073 3143/4992 3141/4990
f 3209/5073 3208/5072 3210/5074 3211/5075
f 3209/5073 3211/5075 3212/5076 3143/4992
f 3212/5076 3211/5075 3213/5077 3214/5078
f 3212/5076 3214/5078 3158/5008 3146/4995
f 3212/5076 3146/4995 3144/4993 3143/4992
f 3214/5078 3213/5077 3215/5079 3161/5011
f 3214/5078 3161/5011 3159/5009 3158/5008
f 3215/5079 3213/5077 3216/5080 3217/5081
f 3215/5079 3217/5081 3218/5082 3164/5014
f 3215/5079 3164/5014 3162/5012 3161/5011
f 3218/5082 3217/5081 3219/5083 3220/5084
f 3218/5082 3220/5084 3221/5085 3167/5017
f 3218/5082 3167/5017 3165/5015 3164/5014
f 3221/5085 3220/5084 3222/5086 3223/5087
f 3221/5085 3223/5087 3224/5088 3225/5089
f 3221/5085 3225/5089 3168/5018 3167/5017
f 3225/5089 3224/5088 3226/5090 3227/5091
f 3225/5089 3227/5091 3169/5019 3168/5018
f 3227/5091 3226/5090 3228/5092 3229/5093
f 3227/5091 3229/5093 3171/5021 3169/5019
f 3229/5094 3228/5095 3230/5096 3231/5097
f 3229/5094 3231/5097 3173/5025 3171/5024
f 3231/5098 3230/5099 3232/5100 3233/5101
f 3231/5102 3233/5103 3175/5029 3173/5028
f 3233/5101 3232/5100 3234/5104 3235/5105
f 3233/5101 3235/5105 3177/5106 3175/5107
f 3235/5108 3234/5109 3236/5110 3237/5111
f 3235/5108 3237/5111 3179/5033 3177/5031
f 3237/5111 3236/5110 3238/5112 3239/5113
f 3237/5111 3239/5113 3240/5114 3179/5033
f 3240/5114 3239/5113 3241/5115 3242/5116
f 3240/5114 3242/5116 3243/5117 3182/5036
f 3240/5114 3182/5036 3180/5034 3179/5033
f 3243/5117 3242/5116 3244/5118 3191/5045
f 3243/5117 3191/5045 3189/5043 3185/5039
f 3243/5117 3185/5039 3183/5037 3182/5036
f 3244/5118 3242/5116 3241/5115 3245/5119
f 3244/5118 3245/5119 3246/5120 3194/5048
f 3244/5118 3194/5048 3192/5046 3191/5045
f 3246/5120 3245/5119 3247/5121 3248/5122
f 3246/5120 3248/5122 3249/5123 3250/5124
f 3246/5120 3250/5124 3195/5049 3194/5048
f 3250/5124 3249/5123 3251/5125 3252/5126
f 3250/5124 3252/5126 3196/5050 3195/5049
f 3252/5126 3251/5125 3253/5127 3254/5128
f 3252/5126 3254/5128 3198/5052 3196/5050
f 3254/5128 3253/5127 287/5129 286/185
f 3254/5128 286/185 285/184 3198/5052
f 3253/5127 3251/5125 3255/5130 3256/5131
f 3253/5127 3256/5131 3257/5132 287/5129
f 3257/5132 297/210 288/221 287/5129
f 3257/5132 3256/5131 3258/5133 3259/5134
f 3257/5132 3259/5134 295/211 297/210
f 3259/5135 3258/5136 3260/5137 3261/5138
f 3259/5135 3261/5138 294/5139 295/5140
f 3261/5141 3260/5142 3262/5143 3263/5144
f 3261/5141 3263/5144 292/201 294/200
f 3263/5144 3262/5143 3264/5145 3265/5146
f 3263/5144 3265/5146 293/5147 292/201
f 3265/5148 3264/5149 3266/5150 3267/5151
f 3265/5148 3267/5151 3268/5152 293/5153
f 3268/5154 3269/5155 289/197 293/196
f 3268/5152 3267/5151 3270/5156 252/118
f 3268/5152 252/118 251/117 3269/5157
f 3270/5156 3267/5151 3266/5150 3271/5158
f 3270/5156 3271/5158 3272/5159 3273/5160
f 3270/5156 3273/5160 249/119 252/118
f 3273/5160 3272/5159 3274/5161 3275/5162
f 3273/5160 3275/5162 250/5163 249/119
f 3275/5162 3274/5161 3206/5070 3204/5068
f 3275/5164 3204/5165 282/176 250/175
f 3274/5161 3272/5159 3276/5166 3277/5167
f 3274/5161 3277/5167 3208/5072 3206/5070
f 3277/5167 3276/5166 3278/5168 3279/5169
f 3277/5167 3279/5169 3210/5074 3208/5072
f 3279/5169 3278/5168 3280/5170 3281/5171
f 3279/5169 3281/5171 3216/5080 3210/5074
f 3281/5171 3280/5170 3282/5172 3219/5083
f 3281/5171 3219/5083 3217/5081 3216/5080
f 3282/5172 3280/5170 3283/5173 3284/5174
f 3282/5172 3284/5174 3285/5175 3222/5086
f 3282/5172 3222/5086 3220/5084 3219/5083
f 3285/5175 3284/5174 3286/5176 3287/5177
f 3285/5175 3287/5177 3288/5178 3289/5179
f 3285/5175 3289/5179 3223/5087 3222/5086
f 3289/5179 3288/5178 876/1301 880/1300
f 3289/5180 880/5181 3224/5182 3223/5183
f 3288/5184 3287/5185 3290/5186 3291/5187
f 3288/5184 3291/5187 877/1296 876/1295
f 3291/5187 3290/5186 3292/5188 3293/5189
f 3291/5187 3293/5189 3294/5190 877/1296
f 3294/5191 3293/5192 3295/5193 798/1117
f 3294/5191 798/1117 795/1116 3296/5194
f 3294/5190 3296/5195 878/1297 877/1296
f 3296/5196 795/5197 794/5198 3297/5199
f 3296/5196 3297/5199 881/1304 878/1303
f 3297/5199 794/5198 3232/5200 3230/5096
f 3297/5199 3230/5096 3228/5095 881/1304
f 3295/5201 3298/5202 3299/5203 3300/5204
f 3295/5201 3300/5204 796/5205 798/5206
f 3295/5193 3293/5192 3292/5207 3298/5208
f 3300/5209 3299/5210 3301/5211 3302/5212
f 3300/5209 3302/5212 797/1113 796/1112
f 3302/5212 3301/5211 3303/5213 3238/5112
f 3302/5212 3238/5112 3236/5110 797/1113
f 3303/5213 3301/5211 3304/5214 3247/5121
f 3303/5213 3247/5121 3245/5119 3241/5115
f 3303/5213 3241/5115 3239/5113 3238/5112
f 3304/5214 3301/5211 3299/5210 3305/5215
f 3304/5214 3305/5215 3306/5216 3307/5217
f 3304/5214 3307/5217 3248/5122 3247/5121
f 3307/5217 3308/5218 3249/5123 3248/5122
f 3307/5217 3306/5216 3309/5219 3308/5218
f 3309/5219 3310/5220 3255/5130 3308/5218
f 3309/5219 3306/5216 3311/5221 3312/5222
f 3309/5223 3312/5224 3313/5225 3310/5226
f 3313/5225 3260/5137 3258/5136 3310/5226
f 3313/5227 3312/5228 3314/5229 3315/5230
f 3313/5227 3315/5230 3262/5143 3260/5142
f 3315/5230 3314/5229 3316/5231 3317/5232
f 3315/5230 3317/5232 3264/5145 3262/5143
f 3317/5233 3316/5234 3318/5235 3319/5236
f 3317/5233 3319/5236 3266/5150 3264/5149
f 3319/5236 3318/5235 3320/5237 3321/5238
f 3319/5236 3321/5238 3271/5158 3266/5150
f 3321/5238 3320/5237 3278/5168 3276/5166
f 3321/5238 3276/5166 3272/5159 3271/5158
f 3320/5237 3318/5235 3322/5239 3283/5173
f 3320/5237 3283/5173 3280/5170 3278/5168
f 3322/5239 3318/5235 3316/5234 3323/5240
f 3322/5239 3323/5240 3324/5241 3286/5176
f 3322/5239 3286/5176 3284/5174 3283/5173
f 3324/5242 3323/5243 3325/5244 3326/5245
f 3324/5242 3326/5245 3292/5207 3290/5246
f 3324/5241 3290/5247 3287/5177 3286/5176
f 3326/5245 3325/5244 3311/5248 3327/5249
f 3326/5245 3327/5249 3298/5208 3292/5207
f 3327/5250 3311/5251 3306/5252 3305/5253
f 3327/5250 3305/5253 3299/5203 3298/5202
f 3325/5244 3314/5229 3312/5228 3311/5248
f 3325/5244 3323/5243 3316/5231 3314/5229
f 3310/5220 3258/5133 3256/5131 3255/5130
f 3308/5218 3255/5130 3251/5125 3249/5123
f 3269/5254 299/5255 290/192 289/191
f 3269/5256 251/121 253/120 299/5257
f 3236/5110 3234/5109 793/1114 797/1113
f 3234/5109 3232/5258 794/5259 793/1114
f 3228/5260 3226/5261 879/5262 881/5263
f 3226/5261 3224/5182 880/5181 879/5262
f 3216/5080 3213/5077 3211/5075 3210/5074
f 3158/5008 3149/4998 3147/4996 3146/4995
f 3054/5264 3053/5265 3328/5266 2999/4792
f 3054/5264 2999/4792 2997/4790 2996/4789
f 3328/5266 3053/5265 3329/5267 3330/5268
f 3328/5266 3330/5268 3331/5269 3332/5270
f 3328/5266 3332/5270 3000/4793 2999/4792
f 3332/5271 3331/5272 3333/5273 3334/5274
f 3332/5271 3334/5274 3001/4796 3000/4795
f 3334/5275 3333/5276 3335/5277 3008/4809
f 3334/5275 3008/4809 3004/4802 3001/4801
f 3335/5277 3333/5276 3336/5278 3337/5279
f 3335/5277 3337/5279 3338/5280 3011/4812
f 3335/5277 3011/4812 3009/4810 3008/4809
f 3338/5280 3337/5279 3339/5281 915/1362
f 3338/5280 915/1362 914/1361 3014/4815
f 3338/5280 3014/4815 3012/4813 3011/4812
f 3339/5281 3340/5282 3341/5283 3342/5284
f 3339/5281 3342/5284 911/1358 915/1362
f 3339/5281 3337/5279 3336/5278 3340/5282
f 3342/5284 3341/5283 3343/5285 3344/5286
f 3342/5284 3344/5286 912/1359 911/1358
f 3344/5286 3343/5285 3345/5287 3346/5288
f 3344/5286 3346/5288 3347/5289 912/1359
f 3347/5289 3346/5288 3348/5290 3349/5291
f 3347/5289 3349/5291 3020/4821 3019/4820
f 3347/5289 3019/4820 913/1360 912/1359
f 3349/5291 3348/5290 3350/5292 3351/5293
f 3349/5291 3351/5293 3021/4822 3020/4821
f 3351/5293 3350/5292 3352/5294 3353/5295
f 3351/5293 3353/5295 3023/4824 3021/4822
f 3353/5296 3352/5297 3354/5298 3355/5299
f 3353/5296 3355/5299 3025/4828 3023/4827
f 3355/5299 3354/5298 3356/5300 3357/5301
f 3355/5299 3357/5301 3027/4830 3025/4828
f 3357/5302 3356/5303 3358/5304 3359/5305
f 3357/5306 3359/5307 3029/4834 3027/4833
f 3359/5305 3358/5304 3360/5308 3361/5309
f 3359/5305 3361/5309 3031/4838 3029/4837
f 3361/5309 3360/5308 3362/5310 3363/5311
f 3361/5309 3363/5311 3033/4840 3031/4838
f 3363/5311 3362/5310 3364/5312 910/1356
f 3363/5311 910/1356 909/1355 3033/4840
f 3364/5312 3362/5310 3365/5313 3366/5314
f 3364/5312 3366/5314 3367/5315 3368/5316
f 3364/5312 3368/5316 905/1351 910/1356
f 3368/5316 3367/5315 3369/5317 3370/5318
f 3368/5316 3370/5318 906/1352 905/1351
f 3370/5318 3369/5317 3371/5319 3372/5320
f 3370/5318 3372/5320 3373/5321 906/1352
f 3373/5321 3038/4845 907/1353 906/1352
f 3373/5321 3372/5320 3048/4855 3047/4854
f 3373/5321 3047/4854 3039/4846 3038/4845
f 3372/5320 3371/5319 3050/4857 3048/4855
f 3371/5319 3369/5317 3374/5322 3375/5323
f 3371/5319 3375/5323 3329/5324 3050/4857
f 3375/5325 3374/5326 3376/5327 3377/5328
f 3375/5325 3377/5328 3330/5268 3329/5267
f 3377/5329 3376/5330 3378/5331 3379/5332
f 3377/5328 3379/5333 3331/5269 3330/5268
f 3379/5332 3378/5331 3340/5334 3336/5335
f 3379/5332 3336/5335 3333/5273 3331/5272
f 3378/5331 3376/5330 3380/5336 3381/5337
f 3378/5331 3381/5337 3341/5338 3340/5334
f 3381/5339 3380/5340 3382/5341 3383/5342
f 3381/5343 3383/5344 3343/5285 3341/5283
f 3383/5342 3382/5341 3384/5345 3385/5346
f 3383/5344 3385/5347 3345/5287 3343/5285
f 3385/5346 3384/5345 3386/5348 3387/5349
f 3385/5347 3387/5350 3388/5351 3345/5287
f 3388/5351 3387/5350 918/1373 919/1372
f 3388/5351 919/1372 3350/5292 3348/5290
f 3388/5351 3348/5290 3346/5288 3345/5287
f 3387/5349 3386/5348 900/5352 918/5353
f 3386/5348 3389/5354 901/5355 900/5352
f 3386/5348 3384/5345 3390/5356 3389/5354
f 3390/5357 3365/5313 3391/5358 3389/5359
f 3390/5356 3384/5345 3382/5341 3392/5360
f 3390/5357 3392/5361 3366/5314 3365/5313
f 3392/5362 3382/5363 3380/5364 3393/5365
f 3392/5361 3393/5366 3367/5315 3366/5314
f 3393/5365 3380/5364 3376/5327 3374/5326
f 3393/5366 3374/5322 3369/5317 3367/5315
f 3391/5358 3360/5308 3358/5304 902/1344
f 3391/5358 902/1344 901/1343 3389/5359
f 3391/5358 3365/5313 3362/5310 3360/5308
f 3358/5304 3356/5303 903/1345 902/1344
f 3356/5300 3354/5298 904/1348 903/1347
f 3354/5298 3352/5297 917/1365 904/1348
f 3352/5294 3350/5292 919/1372 917/1371
f 3329/5324 3053/4860 3051/4858 3050/4857
f 3038/4845 3036/4843 908/1354 907/1353
f 3034/4841 3033/4840 909/1355 908/1354
f 3019/4820 3017/4818 916/1363 913/1360
f 3015/4816 3014/4815 914/1361 916/1363
f 2988/4777 2985/4776 2957/5367 2955/4712
f 2985/4769 2982/4763 2959/4722 2957/4721
f 2982/4763 2981/4762 2961/4724 2959/4722
f 2981/4768 2976/4767 2963/4728 2961/4727
f 2976/4751 2968/4735 2965/4732 2963/4731
f 2904/4647 2902/4646 720/983 719/982
f 2898/4632 2893/4624 2891/4621 722/4637
f 2891/4621 2888/4620 106/5368 722/4637
f 2890/4618 3394/5369 757/1034 756/1033
f 2890/4618 756/1033 2887/4614 2886/4613
f 2890/4618 760/1039 759/1038 3394/5369
f 3394/5370 807/5371 758/1036 757/1035
f 3394/5370 759/5372 3395/5373 807/5371
f 2887/4614 756/1033 755/1032 3396/5374
f 2887/4614 3396/5374 2884/4609 2883/4608
f 3396/5374 755/1032 754/1031 3397/5375
f 3396/5374 3397/5375 3398/5376 2884/4609
f 3398/5376 3397/5375 746/1020 748/1022
f 3398/5376 748/1022 3399/5377 2880/4604
f 3398/5376 2880/4604 2879/4603 2884/4609
f 3399/5377 748/1022 745/1019 3400/5378
f 3399/5377 3400/5378 3401/5379 2876/4599
f 3399/5377 2876/4599 2875/4598 2880/4604
f 3401/5379 3400/5378 3402/5380 3403/5381
f 3401/5379 3403/5381 3404/5382 2872/5383
f 3401/5379 2872/5383 2871/4597 2876/4599
f 3404/5382 3403/5381 3405/5384 3406/5385
f 3404/5386 3406/5387 3407/5388 3408/5389
f 3404/5386 3408/5389 2873/4592 2872/4591
f 3408/5390 3407/5391 3409/5392 3410/5393
f 3408/5394 3410/5395 2864/5396 2873/5397
f 3410/5398 3409/5399 3411/5400 2860/4573
f 3410/5398 2860/4573 2859/4572 2864/5401
f 3411/5400 3409/5399 777/1076 778/1075
f 3411/5400 778/1075 3412/5402 2856/4569
f 3411/5400 2856/4569 2855/4568 2860/4573
f 3412/5402 778/1075 776/1074 3413/5403
f 3412/5402 3413/5403 3414/5404 3415/5405
f 3412/5402 3415/5405 2857/4570 2856/4569
f 3415/5405 3414/5404 3416/5406 3417/5407
f 3415/5405 3417/5407 2849/4562 2857/4570
f 3417/5407 3416/5406 3418/5408 2845/4558
f 3417/5407 2845/4558 2844/4557 2849/4562
f 3418/5409 3416/5410 3419/5411 3420/5412
f 3418/5409 3420/5412 774/1064 773/1063
f 3418/5408 773/4550 2842/4549 2845/4558
f 3420/5413 3419/5414 3421/5415 3422/5416
f 3420/5413 3422/5416 775/5417 774/5418
f 3422/5419 3421/5420 3423/5421 3424/5422
f 3422/5419 3424/5422 752/1029 775/1067
f 3424/5422 3423/5421 3425/5423 3426/5424
f 3424/5422 3426/5424 753/1030 752/1029
f 3426/5424 3425/5423 743/1017 747/1021
f 3426/5424 747/1021 754/1031 753/1030
f 3425/5423 3427/5425 744/1018 743/1017
f 3425/5423 3423/5421 3428/5426 3427/5425
f 3428/5426 3429/5427 3430/5428 3427/5425
f 3428/5426 3423/5421 3421/5420 3431/5429
f 3428/5426 3431/5429 3432/5430 3429/5427
f 3432/5430 739/1007 738/1006 3429/5427
f 3432/5431 3431/5432 3433/5433 3434/5434
f 3432/5431 3434/5434 740/1010 739/1009
f 3434/5435 3433/5436 3414/5437 3413/5438
f 3434/5435 3413/5438 776/5439 740/5440
f 3433/5441 3431/5442 3421/5443 3419/5411
f 3433/5441 3419/5411 3416/5410 3414/5444
f 3430/5428 3405/5384 3403/5381 3402/5380
f 3430/5428 3402/5380 744/1018 3427/5425
f 3430/5428 3429/5427 738/1006 3405/5384
f 3409/5392 3407/5391 742/1014 777/1072
f 3407/5388 3406/5387 737/5445 742/5446
f 3406/5385 3405/5384 738/1006 737/1005
f 3402/5380 3400/5378 745/1019 744/1018
f 3397/5375 754/1031 747/1021 746/1020
f 2881/5447 726/5448 725/5449 717/5450
f 2877/5451 782/1087 723/1092 726/5452
f 2866/5453 2865/5454 3435/5455 2870/5456
f 2865/4580 2861/4574 785/1095 784/1094
f 2865/4580 784/1094 3436/5457 3435/5458
f 3436/5457 788/1098 3437/5459 727/991
f 3436/5457 727/991 107/990 3435/5458
f 3436/5457 784/1094 120/1093 788/1098
f 3437/5459 3438/5460 3439/5461 3440/5462
f 3437/5459 3440/5462 728/992 727/991
f 3437/5459 788/1098 787/1097 3438/5460
f 3440/5462 3439/5461 809/5463 127/5464
f 3440/5462 127/5464 129/5465 728/992
f 3439/5461 2837/4544 2836/4543 809/5463
f 3439/5461 3438/5460 2850/4563 2837/4544
f 3438/5460 787/1097 2851/4564 2850/4563
f 2850/4563 2846/4559 2838/4545 2837/4544
f 2836/4541 2835/4540 810/1146 809/1145
f 2789/4472 872/1287 146/1286 875/4488
f 2787/4471 2786/4759 873/1288 872/1287
f 2770/4446 2768/4443 2739/4375 2737/4374
f 2768/4443 2766/4442 2741/4377 2739/4375
f 2766/4439 2764/4433 3441/5466 2741/5467
f 3441/5466 2744/4382 2742/4381 2741/5467
f 3441/5466 2764/4433 2762/4432 2761/5468
f 3441/5466 2761/5468 2750/5469 2744/4382
f 2761/4426 2759/4421 2751/4394 2750/4393
f 2750/5469 2747/5470 2745/4383 2744/4382
f 2653/4248 2651/4245 765/5471 763/1044
f 2651/4245 2649/4242 766/5472 765/5471
f 2649/4242 2646/4230 2645/4229 766/5472
f 2645/4229 2643/4225 2639/4217 3442/5473
f 2645/4229 3442/5473 113/5474 766/5472
f 3442/5475 2639/5476 2637/4211 2636/4210
f 3442/5475 2636/4210 3443/5477 113/5478
f 2636/4210 2634/4205 114/4204 3443/5477
f 2584/4139 2577/4117 2575/4113 2574/4112
f 2558/4391 2376/3773 2372/3768 2371/3767
f 2375/3922 242/3921 241/5479 2370/5480
f 2295/3629 2047/3197 2045/3193 2044/3192
f 2238/3510 2234/3506 2159/3386 2157/3384
f 2230/3502 2162/3389 2160/3387 2159/3386
f 2226/3497 2225/3496 2163/3390 2162/3389
f 2225/3496 2221/3495 2220/5481 2167/3397
f 2225/3496 2167/3397 2164/3391 2163/3390
f 2220/3489 2216/3484 2215/3483 3444/5482
f 2220/3489 3444/5482 2168/5483 2167/5484
f 3444/5485 2215/5486 3445/5487 3446/5488
f 3444/5485 3446/5488 2169/3401 2168/3400
f 3446/5489 3445/5490 3447/5491 3448/5492
f 3446/5493 3448/5494 2171/3405 2169/3404
f 3448/5492 3447/5491 3449/5495 3450/5496
f 3448/5494 3450/5497 2173/3409 2171/3405
f 3450/5496 3449/5495 3451/5498 3452/5499
f 3450/5497 3452/5500 3453/5501 2173/3409
f 3453/5501 3452/5500 3454/5502 3455/5503
f 3453/5501 3455/5503 3456/5504 2176/3412
f 3453/5501 2176/3412 2174/3410 2173/3409
f 3456/5504 3455/5503 3457/5505 325/269
f 3456/5504 325/269 324/268 3458/5506
f 3456/5504 3458/5506 2177/3413 2176/3412
f 3458/5507 324/5508 329/5509 3459/5510
f 3458/5507 3459/5510 2178/3416 2177/3415
f 3459/5511 329/277 3460/5512 3461/5513
f 3459/5511 3461/5513 2180/3422 2178/3421
f 3461/5513 3460/5512 3462/5514 3463/5515
f 3461/5513 3463/5515 2182/3424 2180/3422
f 3463/5515 3462/5514 3464/5516 3465/5517
f 3463/5515 3465/5517 3466/5518 2182/3424
f 3466/5518 2185/3428 2183/3425 2182/3424
f 3466/5518 3465/5517 3467/5519 3468/5520
f 3466/5518 3468/5520 2187/3431 2185/3428
f 3468/5520 3467/5519 3469/5521 3470/5522
f 3468/5520 3470/5522 2189/3434 2187/3431
f 3470/5523 3469/5524 3471/5525 3472/5526
f 3470/5523 3472/5526 2191/3439 2189/3438
f 3472/5526 3471/5525 3473/5527 3474/5528
f 3472/5526 3474/5528 2193/3441 2191/3439
f 3474/5529 3473/5530 3475/5531 3476/5532
f 3474/5529 3476/5532 2198/5533 2193/5534
f 3476/5535 3475/5536 3477/5537 3478/5538
f 3476/5535 3478/5538 2199/3458 2198/3457
f 3478/5538 3477/5537 3479/5539 3480/5540
f 3478/5538 3480/5540 2201/3462 2199/3458
f 3480/5540 3479/5539 3481/5541 3482/5542
f 3480/5540 3482/5542 3483/5543 2201/3462
f 3483/5543 2205/3467 2202/3463 2201/3462
f 3483/5543 3482/5542 3484/5544 3485/5545
f 3483/5543 3485/5545 3486/5546 2205/3467
f 3486/5546 2210/5547 2206/3468 2205/3467
f 3486/5548 3485/5549 3449/5495 3447/5491
f 3486/5548 3447/5491 3445/5490 2210/5550
f 3485/5549 3484/5551 3451/5498 3449/5495
f 3484/5544 3482/5542 3481/5541 3487/5552
f 3484/5544 3487/5552 3488/5553 3451/5554
f 3488/5553 3487/5552 3489/5555 3490/5556
f 3488/5557 3490/5558 3491/5559 3454/5560
f 3488/5561 3454/5562 3452/5563 3451/5564
f 3491/5559 3490/5558 308/5565 307/5566
f 3491/5567 307/5568 3492/5569 3457/5505
f 3491/5567 3457/5505 3455/5503 3454/5502
f 3492/5570 307/5571 306/5572 3493/5573
f 3492/5574 3493/5575 327/5576 326/5577
f 3492/5569 326/270 325/269 3457/5505
f 3493/5578 306/232 305/231 3494/5579
f 3493/5578 3494/5579 3495/5580 327/273
f 3495/5580 3494/5579 3496/5581 3497/5582
f 3495/5580 3497/5582 3498/5583 3499/5584
f 3495/5580 3499/5584 328/274 327/273
f 3499/5585 3498/5586 3462/5514 3460/5512
f 3499/5585 3460/5512 329/277 328/276
f 3498/5583 3497/5582 3500/5587 3501/5588
f 3498/5586 3501/5589 3464/5516 3462/5514
f 3501/5588 3500/5587 271/154 270/153
f 3501/5589 270/159 274/158 3464/5516
f 3500/5587 3497/5582 3496/5581 3502/5590
f 3500/5587 3502/5590 3503/5591 271/154
f 3503/5591 3502/5590 277/166 276/165
f 3503/5591 276/165 280/169 3504/5592
f 3503/5591 3504/5592 272/155 271/154
f 3504/5593 3505/5594 275/162 272/161
f 3504/5595 280/5596 3506/5597 3505/5598
f 3506/5599 3475/5531 3473/5530 3505/5600
f 3506/5597 280/5596 279/5601 3507/5602
f 3506/5603 3507/5604 3477/5537 3475/5536
f 3507/5604 279/5605 281/5606 3508/5607
f 3507/5604 3508/5607 3479/5539 3477/5537
f 3508/5607 281/5606 3509/5608 3510/5609
f 3508/5607 3510/5609 3481/5541 3479/5539
f 3510/5609 3509/5608 309/239 3489/5555
f 3510/5609 3489/5555 3487/5552 3481/5541
f 3509/5610 281/172 278/171 3511/5611
f 3509/5608 3511/5612 304/240 309/239
f 3511/5613 278/167 277/166 3512/5614
f 3511/5613 3512/5614 305/231 304/230
f 3512/5614 277/166 3502/5590 3496/5581
f 3512/5614 3496/5581 3494/5579 305/231
f 3505/5594 3473/5527 3471/5525 275/162
f 3490/5556 3489/5555 309/239 308/238
f 3471/5525 3469/5524 273/163 275/162
f 3469/5521 3467/5519 274/158 273/157
f 3467/5519 3465/5517 3464/5516 274/158
f 3445/5487 2215/5486 2211/3476 2210/3475
f 2209/3473 266/145 16/144 2204/3474
f 2125/3319 2086/3251 2084/3249 2080/3244
f 2122/5615 2100/3273 2090/3257 2088/3256
f 2028/5616 2020/5617 693/5618 101/5619
f 2020/3153 2019/3152 3513/5620 693/5621
f 3513/5622 3514/5623 694/5624 693/5625
f 3513/5626 2019/5627 2005/3130 2003/3129
f 3513/5622 2003/3126 2001/3122 3514/5623
f 3514/5628 1990/5629 1988/3097 694/931
f 3514/5623 2001/3122 1994/3108 1990/3103
f 1988/3097 1986/3094 688/932 694/931
f 1986/3094 1984/3093 689/5630 688/932
f 1983/3082 701/943 3515/5631 3516/5632
f 1983/3082 3516/5632 1978/3077 1977/3076
f 1983/3082 1982/3081 697/944 701/943
f 3516/5632 3515/5631 3517/5633 3518/5634
f 3516/5632 3518/5634 3519/5635 1978/3077
f 3519/5636 3518/5637 3520/5638 3521/5639
f 3519/5636 3521/5639 3522/5640 1973/5641
f 3519/5635 1973/3070 1972/3069 1978/3077
f 3522/5642 3521/5643 3523/5644 3524/5645
f 3522/5640 3524/5646 835/5647 1968/5648
f 3522/5640 1968/5648 1967/5649 1973/5641
f 3524/5645 3523/5644 3525/5650 3526/5651
f 3524/5646 3526/5652 831/5653 835/5647
f 3526/5654 3527/5655 832/1204 831/1203
f 3527/5656 3528/5657 1955/5658 832/5659
f 3525/5650 3523/5644 3529/5660 3530/5661
f 3530/5661 3529/5660 3531/5662 3532/5663
f 3531/5662 3529/5660 3520/5664 3533/5665
f 3531/5662 3533/5665 830/5666 867/5667
f 3533/5668 3520/5638 3518/5637 3517/5669
f 3533/5668 3517/5669 828/5670 830/5671
f 3529/5660 3523/5644 3521/5643 3520/5664
f 3517/5633 3515/5631 709/1194 828/1193
f 3515/5631 701/943 700/942 709/1194
f 1980/5672 1979/5673 690/928 689/927
f 1968/3062 835/1208 834/1207 1963/3063
f 1891/2938 1888/2935 1886/2933 1876/2912
f 1886/2933 1880/2918 1877/2913 1876/2912
f 1879/2924 435/2847 382/385 381/384
f 1867/5674 1865/5675 3534/5676 2572/5677
f 1865/5678 1863/5679 3535/5680 3534/5681
f 3535/5680 1857/2877 1855/2876 3536/5682
f 3535/5683 3536/5684 190/5685 3534/5686
f 3535/5680 1863/5679 1859/2879 1857/2877
f 3536/5687 1855/2873 1853/2871 3537/5688
f 3536/5687 3537/5688 191/11 190/10
f 3537/5688 1853/2871 361/347 360/346
f 3537/5689 360/5690 359/5691 191/5692
f 1846/2860 3538/5693 193/20 197/19
f 1846/2860 197/19 1843/2856 1842/2855
f 1846/2860 437/487 436/486 3538/5693
f 3538/5694 3539/5695 194/15 193/14
f 3538/5694 436/496 441/495 3539/5695
f 3539/5695 441/495 423/460 422/459
f 3539/5695 422/459 414/443 194/15
f 1835/2838 375/373 371/372 370/2840
f 1819/2815 1817/2813 1801/2795 1799/2793
f 1815/2811 1804/2798 1802/2796 1801/2795
f 1779/2760 1777/2757 447/506 446/505
f 1770/2746 1760/2729 1756/2723 1755/2722
f 1764/2734 1273/1957 1271/1956 3540/5696
f 1764/5697 3540/5698 1759/2728 1758/2727
f 3540/5698 1271/1953 1269/1951 3541/5699
f 3540/5698 3541/5699 460/525 1759/2728
f 3541/5699 1269/1951 1267/1949 3542/5700
f 3541/5699 3542/5700 461/526 460/525
f 3542/5700 1267/1949 1266/1948 3543/5701
f 3542/5702 3543/5703 463/531 461/530
f 3543/5703 1266/1946 1265/1945 534/660
f 3543/5703 534/660 533/659 463/531
f 1759/2728 460/525 459/524 1754/2720
f 1731/2687 1729/2685 1728/2684 684/921
f 1727/2683 1726/2682 1725/2681 1724/5704
f 1721/2676 1720/2675 580/745 579/744
f 1713/5705 1712/5706 545/676 544/675
f 1646/2533 1644/2531 426/470 430/474
f 1644/2531 1643/2530 427/471 426/470
f 1613/2500 1609/2496 1525/2389 1523/2387
f 1505/2356 1503/2353 3544/5707 1625/2512
f 1503/2353 1501/2349 166/5708 3544/5707
f 1501/2349 1499/2348 975/5709 166/5708
f 1499/5710 988/5711 976/5712 975/5713
f 1497/5714 3545/5715 1453/2259 960/5716
f 1497/5714 960/5716 173/1482 989/1485
f 1497/5714 1495/2333 1494/2332 3545/5715
f 3545/5715 1458/2264 1454/2260 1453/2259
f 3545/5715 1494/2332 3546/5717 1458/2264
f 3546/5717 223/67 1459/2265 1458/2264
f 3546/5717 1494/2332 1491/2328 1490/2327
f 3546/5717 1490/2327 224/68 223/67
f 1490/2327 1488/2326 225/5718 224/68
f 1485/2317 1484/2316 212/51 211/50
f 1470/5719 1469/5720 206/5721 208/5722
f 1453/2259 1449/2255 957/1430 960/5716
f 1429/2220 1428/2219 985/2809 984/2226
f 1414/5723 3547/5724 510/5725 509/5726
f 1414/5723 479/5727 493/5728 3547/5724
f 3547/5724 3548/5729 3549/5730 510/5725
f 3547/5724 493/5728 494/5731 3548/5729
f 3548/5729 498/5732 3550/5733 3549/5730
f 3548/5729 494/5731 485/5734 498/5732
f 1410/5735 509/5736 504/5737 503/5738
f 1265/1945 1263/1942 1262/1941 535/5739
f 1265/1945 535/5739 68/657 534/660
f 1260/1937 1258/1936 587/5740 586/2633
f 1258/5741 1256/5742 3551/5743 587/5744
f 1255/1922 1254/1921 572/5745 571/5746
f 1254/5747 3552/5748 3553/5749 572/732
f 1254/1921 1252/1918 1251/1917 3552/5750
f 3553/5749 1225/1865 1223/1862 1222/1861
f 3553/5749 1222/1861 569/728 572/732
f 3553/5749 3552/5748 3554/5751 1225/1865
f 3554/5751 559/1869 1226/1866 1225/1865
f 3554/5752 3552/5750 1251/1917 3555/5753
f 3554/5752 3555/5753 560/708 559/707
f 3555/5754 1251/5755 1249/1913 3556/5756
f 3555/5754 3556/5756 561/711 560/710
f 3556/5756 1249/1913 1247/1911 3557/5757
f 3556/5756 3557/5757 3558/5758 561/711
f 3558/5758 3559/5759 562/712 561/711
f 3558/5758 3557/5757 3560/5760 553/5761
f 3558/5758 553/5761 552/5762 3559/5759
f 3560/5760 3557/5757 1247/1911 1244/1910
f 3560/5763 1244/1905 1238/1904 1237/5764
f 3560/5763 1237/5764 554/696 553/695
f 3559/5765 1229/1873 563/715 562/714
f 3559/5765 552/704 557/703 1229/1873
f 1222/1861 1218/1860 570/729 569/728
f 1221/1858 1220/1857 548/686 527/647
f 1217/1886 643/1885 91/762 593/766
f 1205/1828 1204/1827 568/726 567/725
f 1117/1688 1116/1687 1184/1794 3561/5766
f 1108/1679 1105/1676 1020/1545 1019/1544
f 1105/1676 1103/1674 1102/1673 1020/1545
f 1087/1647 1078/1635 1075/1632 1074/1631
f 1077/1634 626/822 948/1414 947/1413
f 1074/1631 1072/1629 1013/1537 1012/1536
f 1072/1629 1070/1627 1014/1538 1013/1537
f 1070/1627 1067/1624 1066/1623 1014/1538
f 1069/1626 951/1417 950/1416 1133/1713
f 1046/1595 1042/1594 1029/5767 1027/1554
f 1010/5768 1009/5769 3562/5770 3563/5771
f 1010/1530 3563/5772 3564/5773 596/1531
f 3564/5773 3563/5772 995/5774 994/1491
f 3564/5773 994/1491 993/1490 598/5775
f 3564/5776 598/5777 81/769 596/772
f 3563/5771 3562/5770 999/1502 995/5778
f 3562/5770 1008/5779 1000/1503 999/1502
f 3562/5770 1009/5769 597/5780 1008/5779
f 1008/5781 601/782 1007/1515 1000/1514
f 1007/1515 602/790 604/789 1005/1512
f 1007/1515 601/782 600/781 602/790
f 1002/1506 997/1498 996/1497 998/1507
f 999/1502 998/1501 996/5782 995/5778
f 993/1645 605/792 599/779 598/778
f 987/2229 986/5783 978/5784 977/2230
f 986/5783 985/5785 979/5786 978/5784
f 981/1475 171/1474 962/1438 961/1437
f 171/5787 980/5788 963/5789 962/5790
f 166/5791 974/5792 3565/5793 1626/5794
f 3544/5795 166/5796 1626/5797 1625/5798
f 970/1453 967/1452 64/605 496/595
f 969/2573 932/1393 928/1386 3566/5799
f 3566/5800 928/5801 927/5802 3567/5803
f 3567/5803 927/5802 929/1707 943/1408
f 966/1445 965/1444 935/1397 934/1396
f 950/1416 3568/5804 3569/5805 1133/1713
f 950/1416 164/1410 939/1402 938/1401
f 164/1410 949/1415 940/1403 939/1402
f 940/1403 517/631 516/630 933/1395
f 933/1395 516/630 500/604 499/603
f 898/1337 802/4868 130/1170 820/1172
f 891/1323 890/1322 3570/5806 3571/5807
f 891/1323 3571/5807 133/1189 826/1188
f 3571/5808 3570/5809 3572/5810 3573/5811
f 3571/5812 3573/5813 803/1124 133/1128
f 3573/5813 3572/5814 3574/5815 3575/5816
f 3573/5813 3575/5816 804/1125 803/1124
f 3575/5817 3574/5818 846/5819 888/5820
f 3575/5821 888/1319 2831/4535 804/4537
f 3574/5815 3572/5814 851/5822 855/5823
f 3574/5818 855/1255 847/5824 846/5819
f 3572/5810 3570/5809 852/1247 851/1246
f 3570/5806 890/1322 856/1259 852/1258
f 890/1322 889/1321 857/1264 856/1259
f 889/1332 850/1331 849/5825 857/5826
f 867/1282 830/5827 829/5828 862/1283
f 865/1278 864/1277 704/952 703/951
f 864/1275 863/1274 705/955 704/954
f 863/1274 862/1273 829/1197 713/967
f 863/1274 713/967 712/966 705/955
f 858/1268 845/1233 582/749 581/748
f 1954/5829 841/5830 143/5831 868/5832
f 855/1255 854/1254 848/5833 847/5824
f 3576/5834 780/1133 125/1129 805/5835
f 807/1131 3395/5836 824/1185 806/1132
f 3088/5837 122/5838 124/5839 800/5840
f 129/5841 781/5842 729/5843 728/5844
f 3577/5845 117/5846 3578/5847 121/5848
f 775/1067 752/1029 751/1028 770/1068
f 771/5849 770/5850 751/1026 750/1025
f 824/5851 3395/5852 113/5853 3579/5854
f 712/966 711/965 706/956 705/955
f 685/922 100/918 684/921 1728/2684
f 669/901 607/796 606/795 3580/5855
f 669/5856 3580/5857 659/5858 663/5859
f 3580/5855 606/795 3581/5860 3582/5861
f 3580/5857 3582/5862 660/5863 659/5858
f 661/5864 657/878 95/877 96/887
f 639/843 631/5865 630/5866 637/844
f 551/1979 1287/1978 661/1977 3583/5867
f 3550/5868 501/608 502/607 511/613
f 3550/5733 498/5732 497/5869 501/5870
f 516/630 65/614 502/607 500/604
f 494/5871 481/5872 483/5873 485/5874
f 492/584 63/568 484/567 488/585
f 489/5875 488/5876 484/572 487/571
f 465/535 449/509 448/508 456/536
f 441/495 440/494 54/465 423/460
f 440/5877 439/5878 425/5879 54/5880
f 422/459 421/458 415/444 414/443
f 421/456 420/455 418/451 415/450
f 417/447 198/2881 195/5881 413/448
f 414/443 413/442 195/16 194/15
f 410/434 354/433 352/5882 351/3333
f 409/5883 343/5884 340/302 339/301
f 365/355 364/354 355/342 358/341
f 364/352 363/351 356/338 355/337
f 337/5885 336/3365 334/3364 333/5886
f 332/286 315/3381 314/5887 322/291
f 299/218 298/217 296/5888 290/5889
f 298/222 288/221 297/210 296/209
f 233/85 232/84 205/37 204/36
f 229/79 228/78 218/62 222/66
f 228/78 227/5890 219/63 218/62
f 101/4239 691/5891 695/5892 692/4240
f 146/1290 869/5893 870/5894 871/1291
f 984/2226 985/2809 986/5895 987/2227
f 159/5896 925/1382 156/1374 157/1377
f 3549/5897 3550/5868 511/613 510/621
f 2022/3155 682/919 100/918 687/924
f 2027/5898 578/5899 577/5900 2024/5901
f 573/5902 78/738 587/754
f 1278/1965 1279/1964 648/5903
f 1277/1963 1276/1962 1278/1965
f 1291/1988 1289/1981 566/723 565/722
f 647/861 92/860 93/865 654/872
f 2840/4547 2839/4546 2841/4548 779/5904
f 779/1078 118/1077 780/1082 3576/5905
f 789/5906 122/5907 3088/5908
f 3568/5804 950/1416 938/1401
f 935/5909 965/1450 969/1449 3566/5910
f 1211/5911 1210/5912 1213/5913
f 3532/5663 3531/5662 867/5667 866/5914
f 3577/5915 121/5916 3578/5917
f 3578/5918 117/5919 3577/5920
f 2509/3980 2512/3983 30/5921 3584/5922
f 30/5921 17/5923 255/5924 3584/5922
f 254/138 15/107 2509/3980 3585/5925
f 2509/3980 3584/5922 255/5924 3585/5925
f 781/1089 783/1088 2870/4589 729/5926
f 729/5927 2870/5456 3435/5455 107/5928
f 454/514 1737/2693 1741/2697
f 454/514 1741/2697 1743/2699
f 454/514 1743/2699 448/5929
f 454/514 448/5929 451/511
f 2987/5930 2995/4799 3003/4798 870/5931
f 2980/4766 2984/4765 869/5932 873/5933
f 2984/5934 2987/5935 870/5936 869/5937
f 1/5 184/4096 2569/5938 2/9 192/12 408/422 2529/4011
f 2569/5939 3534/5940 190/5941 2/5942
f 2569/5939 2572/5943 3534/5940
f 185/5944 1/5 2529/4011
f 185/5944 2529/4011 2528/4010
f 185/5944 2528/4010 2391/3793
f 185/5945 2391/5946 2530/5947
f 347/5948 2143/5949 342/5950
f 2143/3356 2145/3359 342/5951
f 342/5952 2145/5953 34/5954
f 2145/5955 336/5956 34/5957
f 34/5958 336/5959 33/5960
f 1185/5961 1191/1809 1195/1813 524/643
f 1185/5961 1187/1801 1190/1804 1191/1809
f 524/5962 1112/1683 1117/1688 3561/5766
f 1112/1683 1111/1682 1117/1688
f 524/5963 522/5964 1107/5965 1112/5966
f 522/5967 612/805 1107/1678
f 522/5967 85/5968 83/802 612/805
f 3581/5969 71/1982 551/1979 3583/5867
f 3581/5860 606/795 83/794 71/5970
f 685/922 1724/5704 1723/5971 2027/5972
f 685/922 1728/2684 1727/2683 1724/5704
f 2008/5973 2005/5974 2019/5975 2023/5976
f 2008/5977 2007/5978 2006/5979 2005/5980
f 2017/5981 2016/5982 2011/5983 2009/5984
f 2016/3144 2018/3150 2011/5985
f 839/5986 838/5987 2014/5988 2015/5989
f 838/5990 2010/5991 2013/5992 2014/5993
f 577/742 76/741 77/746
f 577/742 77/746 585/5994
f 577/742 585/5994 2026/3163
f 764/5995 113/5996 3395/5373 3586/5997
f 3395/5373 759/5372 112/5998 3586/5997
f 112/5998 763/5999 764/5995 3586/5997
f 732/6000 731/6001 3062/6002 3587/6003
f 3062/4878 3066/4888 789/1100 3587/6004
f 789/6005 736/6006 732/6007 3587/6008
f 733/999 3087/4913 3086/4912
f 733/999 3086/4912 734/1000
f 2010/5991 2012/6009 2013/5992
f 163/6010 162/1714 1133/1713 3569/5805
f 163/6011 3569/6012 3566/6013
f 163/1407 3566/5800 3567/5803
f 163/1407 3567/5803 943/1408
f 941/1404 160/1394 936/1398
f 941/1404 161/1399 933/1395 160/1394
f 1214/6014 588/6015 592/6016
f 588/1853 1215/1849 593/1852 592/6017
f 980/6018 979/2808 1813/2807
f 980/6018 1813/2807 1812/2806
f 980/6018 1812/2806 1626/2513
f 980/6019 1626/6020 3565/6021
f 1206/1830 1201/2626 1697/2625 1702/2637
f 1206/1830 1203/1829 1202/6022 1201/2626
f 14/6023 254/138 3585/5925 255/5924
f 17/6024 30/6025 32/6026 31/6027
f 170/1464 975/1465 976/6028 173/1434
f 1208/6029 3588/6030 3589/6031 3590/6032
f 3594/6033 3595/6034 3596/6035 3597/6036
f 3594/6033 3598/6037 3599/6038 3595/6034
f 3594/6033 3597/6036 3600/6039 3598/6037
f 3599/6038 3601/6040 3602/6041 3595/6034
f 3602/6041 3603/6042 3604/6043 3605/6044
f 3602/6041 3605/6044 3596/6035 3595/6034
f 3603/6042 3602/6041 3601/6040
f 3606/6045 3607/6046 3608/6047 3609/6048
f 3606/6049 3609/6050 3610/6051 3611/6052
f 3606/6053 3611/6054 3612/6055 3607/6056
f 3612/6057 3613/6058 3614/6059 3607/6046
f 3612/6060 3611/6052 3615/6061 3616/6062
f 3612/6057 3616/6063 3617/6064 3613/6058
f 3617/6065 3618/6066 3619/6067 3613/6068
f 3619/6069 3618/6070 3620/6071 3621/6072
f 3619/6073 3621/6074 3622/6075 3623/6076
f 3619/6077 3623/6078 3614/6059 3613/6058
f 3623/6078 3622/6079 3624/6080 3625/6081
f 3623/6078 3625/6081 3626/6082 3614/6059
f 3626/6082 3625/6081 3627/6083 3628/6084
f 3626/6082 3628/6084 3629/6085 3608/6047
f 3626/6082 3608/6047 3607/6046 3614/6059
f 3629/6085 3628/6084 3630/6086 3631/6087
f 3629/6085 3631/6087 3632/6088 3633/6089
f 3629/6085 3633/6089 3609/6048 3608/6047
f 3633/6090 3632/6091 3634/6092 3635/6093
f 3633/6090 3635/6093 3610/6051 3609/6050
f 3635/6093 3634/6092 3636/6094 3637/6095
f 3635/6093 3637/6095 3638/6096 3610/6051
f 3638/6096 3615/6061 3611/6052 3610/6051
f 3630/6086 3628/6084 3627/6083 3639/6097
f 3639/6097 3627/6083 3640/6098 3641/6099
f 3641/6099 3640/6098 3642/6100 3643/6101
f 3643/6101 3642/6100 3644/6102 3645/6103
f 3645/6104 3644/6105 3646/6106 3647/6107
f 3648/6108 3646/6109 3649/6110 3650/6111
f 3649/6110 3651/6112 3652/6113 3650/6111
f 3649/6110 3646/6109 3644/6114 3653/6115
f 3649/6110 3653/6115 3654/6116 3651/6112
f 3654/6116 3655/6117 3656/6118 3651/6112
f 3654/6116 3653/6115 3657/6119 3658/6120
f 3654/6116 3658/6120 3659/6121 3655/6117
f 3659/6121 3660/6122 3661/6123 3655/6117
f 3659/6121 3658/6120 3622/6124 3621/6072
f 3659/6121 3621/6072 3620/6071 3660/6122
f 3661/6123 3662/6125 3656/6118 3655/6117
f 3662/6125 3663/6126 3664/6127 3656/6118
f 3664/6127 3652/6113 3651/6112 3656/6118
f 3658/6128 3657/6129 3624/6130 3622/6131
f 3657/6132 3653/6133 3644/6134 3642/6135
f 3657/6136 3642/6100 3640/6098 3624/6080
f 3640/6098 3627/6083 3625/6081 3624/6080
f 3647/6137 3646/6138 3648/6139
f 3665/6140 3667/6141 3668/6142 3669/6143
f 3665/6140 3670/6144 3671/6145 3667/6141
f 3666/6146 3672/6147 3673/6148 3674/6149
f 3666/6146 3674/6149 3675/6150 3676/6151
f 3677/6152 3678/6153 3669/6143 3668/6142
f 3675/6150 3674/6149 3679/6154 3680/6155
f 3681/6156 3682/6157 3683/6158 3684/6159
f 3679/6154 3674/6149 3673/6148 3685/6160
f 3671/6161 3670/6162 3686/6163 3687/6164
f 3686/6163 3670/6162 3688/6165 3689/6166
f 3689/6166 3688/6165 3690/6167 3691/6168
f 3691/6168 3690/6167 3692/6169 3693/6170
f 3693/6171 3692/6172 3694/6173 3695/6174
f 3695/6174 3694/6173 3696/6175 3697/6176
f 3696/6175 3694/6173 3698/6177 3699/6178
f 3696/6175 3699/6178 3700/6179 3701/6180
f 3698/6177 3694/6173 3692/6172 3702/6181
f 3692/6169 3690/6167 3703/6182 3702/6183
f 3672/6147 3666/6146 3676/6151
f 3688/6165 3670/6162 3665/6184 3669/6185
f 3703/6182 3688/6165 3669/6185 3678/6186
f 3703/6182 3690/6167 3688/6165
f 3705/6187 3709/6188 3710/6189 3711/6190
f 3705/6187 3712/6191 3706/6192 3709/6188
f 3705/6187 3713/6193 3714/6194 3712/6191
f 3707/6195 3714/6196 3713/6197 3708/6198
f 3710/6189 3715/6199 3716/6200 3711/6190
f 3716/6200 3715/6199 3717/6201 3718/6202
f 3718/6202 3717/6201 3704/6203
f 3719/6204 3720/6205 3721/6206 3722/6207
f 3719/6204 3722/6207 3723/6208 3724/6209
f 3719/6204 3724/6209 3725/6210 3720/6205
f 3723/6208 3722/6207 3726/6211 3727/6212
f 3726/6211 3722/6207 3721/6206 3728/6213
f 3729/6214 3730/6215 3731/6216 3732/6217
f 3729/6214 3732/6217 3733/6218 3734/6219
f 3730/6215 3729/6214 3734/6219
f 3735/6220 3739/6221 3740/6222 3741/6223
f 3736/6224 3742/6225 3743/6226 3744/6227
f 3737/6228 3745/6229 3746/6230 3747/6231
f 3738/6232 3748/6233 3749/6234 3750/6235
f 3749/6234 3748/6233 3747/6231 3746/6230
f 3749/6234 3746/6230 3740/6222 3743/6226
f 3749/6234 3743/6226 3742/6225 3750/6235
f 3746/6230 3745/6229 3741/6223 3740/6222
f 3743/6226 3740/6222 3739/6221 3744/6227
f 3751/6236 3752/6237 3753/6238 3754/6239
f 3751/6236 3754/6239 3755/6240
f 3751/6236 3756/6241 3757/6242 3752/6237
f 3751/6236 3755/6240 3758/6243 3759/6244
f 3751/6236 3759/6244 3760/6245 3756/6241
f 3760/6245 3761/6246 3762/6247 3756/6241
f 3762/6247 3763/6248 3757/6242 3756/6241
f 3758/6243 3755/6240 3764/6249 3765/6250
f 3764/6249 3755/6240 3754/6239 3766/6251
f 3767/6252 3754/6239 3753/6238
f 3768/6253 3772/6254 3773/6255 3774/6256
f 3769/6257 3775/6258 3776/6259 3777/6260
f 3770/6261 3778/6262 3773/6255 3772/6254
f 3771/6263 3777/6260 3776/6259 3779/6264
f 3779/6264 3776/6259 3773/6255 3778/6262
f 3776/6259 3775/6258 3774/6256 3773/6255
f 3780/6265 3781/6266 3782/6267 3783/6268
f 3780/6265 3783/6268 3784/6269 3785/6270
f 3784/6269 3783/6268 3786/6271 3787/6272
f 3787/6272 3786/6271 3788/6273 3789/6274
f 3786/6271 3783/6268 3782/6267 3790/6275
f 3790/6275 3782/6267 3791/6276 3792/6277
f 3792/6277 3791/6276 3793/6278 3794/6279
f 3795/6280 3791/6276 3782/6267 3781/6266
f 3781/6266 3780/6265 3785/6270
f 3796/6281 3797/6282 3798/6283
f 3797/6282 3799/6284 3800/6285 3798/6283
f 3801/6286 3802/6287 3803/6288 3804/6289
f 3800/6285 3799/6284 3805/6290 3801/6286
f 3801/6286 3804/6289 3800/6285
f 3801/6286 3805/6290 3806/6291 3802/6287
f 3806/6291 3807/6292 3808/6293 3802/6287
f 3808/6293 3809/6294 3810/6295 3811/6296
f 3808/6293 3811/6296 3803/6288 3802/6287
f 3808/6293 3807/6292 3812/6297 3809/6294
f 3812/6297 3813/6298 3814/6299 3809/6294
f 3814/6299 3815/6300 3816/6301 3817/6302
f 3814/6299 3817/6302 3810/6295 3809/6294
f 3814/6299 3813/6298 3818/6303 3815/6300
f 3819/6304 3820/6305 3821/6306
f 3821/6306 3820/6305 3822/6307 3823/6308
f 3823/6308 3822/6307 3824/6309 3825/6310
f 3825/6310 3824/6309 3826/6311 3827/6312
f 3827/6312 3826/6311 3828/6313 3829/6314
f 3829/6314 3828/6313 3830/6315 3831/6316
f 3831/6316 3830/6315 3832/6317 3833/6318
f 3833/6318 3832/6317 3834/6319 3835/6320
f 3591/6321 3590/6322 3592/6323
