# Blender 5.0.1
# www.blender.org
mtllib tripo_convert_8282057d-cffd-49ff-a8cf-e996cd0b2b0e.mtl
o tripo_node_8282057d-cffd-49ff-a8cf-e996cd0b2b0e
v 0.154906 -0.340944 0.134724
v 0.058513 -0.164181 0.141793
v 0.098981 0.404241 -0.007805
v 0.055328 0.370695 0.046414
v 0.048296 0.367988 0.054312
v 0.058705 0.362909 0.042539
v 0.067824 0.365034 0.041219
v 0.103033 0.371097 -0.022103
v 0.056577 0.481869 -0.067644
v 0.115221 -0.233969 -0.119272
v 0.103370 -0.245627 -0.138402
v 0.112116 -0.147170 -0.118498
v 0.154476 -0.334601 -0.094474
v 0.137223 -0.376483 -0.032222
v 0.143364 -0.456750 -0.013779
v 0.127432 -0.459674 -0.005477
v 0.084221 -0.454691 -0.024331
v 0.090112 -0.465387 -0.012685
v 0.123701 -0.459989 -0.071735
v 0.125302 -0.462806 -0.079159
v 0.102725 -0.460308 -0.055064
v 0.101996 -0.457631 -0.052760
v 0.093302 -0.451069 0.001748
v 0.103169 -0.454513 -0.001199
v 0.065661 -0.450892 0.003632
v 0.055343 -0.456178 -0.014298
v 0.024943 -0.458779 -0.037316
v 0.072124 -0.463913 -0.043294
v 0.071636 -0.469981 -0.139595
v 0.068670 -0.472055 -0.139055
v 0.055055 -0.452739 -0.101812
v 0.117604 -0.350711 -0.137285
v 0.106051 -0.412112 -0.135896
v 0.081939 -0.470168 -0.129961
v 0.084293 -0.474057 -0.134881
v 0.132256 -0.466751 -0.091158
v 0.131853 -0.472582 -0.089360
v 0.133028 -0.465631 -0.098955
v 0.117813 -0.476082 -0.104573
v 0.104935 -0.477182 -0.117150
v 0.063377 -0.467805 -0.123147
v 0.054887 -0.473213 -0.125423
v 0.026602 -0.487573 -0.112239
v 0.039615 -0.473833 -0.095305
v 0.042664 -0.471574 -0.109287
v 0.042692 -0.467641 -0.107681
v 0.025192 -0.474448 -0.042826
v 0.077971 -0.464206 -0.048258
v 0.098242 -0.480398 -0.013048
v 0.100783 -0.476606 -0.006582
v 0.096994 -0.486662 -0.035968
v 0.093602 -0.483503 -0.055849
v 0.069685 -0.480450 0.003640
v 0.077700 -0.476995 -0.027956
v 0.140340 -0.476541 -0.072661
v 0.153454 -0.474641 -0.033367
v 0.162108 -0.471401 -0.014382
v 0.167510 -0.475236 -0.017713
v 0.165814 -0.472942 -0.009934
v 0.163343 -0.476328 -0.009611
v 0.167600 -0.474884 -0.007062
v 0.082314 -0.474901 0.079220
v 0.140879 -0.471706 0.076769
v 0.160097 -0.466477 0.058559
v 0.138584 -0.473315 0.095609
v 0.132244 -0.468985 0.115957
v 0.089327 -0.466064 0.132534
v 0.062955 -0.475831 0.103360
v 0.117667 -0.469495 0.132713
v 0.122166 -0.465511 0.132199
v 0.097020 -0.460637 0.138475
v 0.102644 -0.457032 0.146814
v 0.109273 -0.463692 0.142738
v 0.124952 -0.369574 0.060011
v 0.139152 -0.453736 0.050289
v 0.137093 -0.452917 0.070492
v 0.082802 -0.454499 0.064386
v 0.133212 -0.457277 0.072211
v 0.122362 -0.452839 0.072642
v 0.078932 -0.462979 0.059635
v 0.077696 -0.470516 0.054754
v 0.077103 -0.456846 0.059607
v 0.076483 -0.464564 0.050383
v 0.074598 -0.457798 0.035992
v 0.155334 -0.453393 0.062901
v 0.131230 -0.451803 0.071285
v 0.052128 -0.467558 0.173271
v 0.042354 -0.450840 0.059054
v 0.080820 -0.353909 0.192447
v 0.064006 -0.416115 0.181213
v 0.053495 -0.466743 0.174344
v 0.037378 -0.457986 0.181481
v 0.040661 -0.474590 0.079106
v 0.075606 -0.471114 0.034066
v 0.050712 -0.474203 0.063715
v 0.046666 -0.449545 0.060689
v -0.023257 -0.462050 0.067154
v 0.006920 -0.477873 0.081067
v 0.015767 -0.471711 0.075036
v 0.009010 -0.471411 0.098581
v -0.006986 -0.468964 0.191686
v 0.020950 -0.462566 0.182658
v 0.025054 -0.463408 0.177357
v -0.015152 -0.459612 0.193480
v -0.029582 -0.456272 0.193550
v -0.048287 -0.449283 0.195628
v 0.031207 -0.319989 0.196677
v 0.019999 -0.452277 0.064500
v -0.000057 -0.444696 0.054659
v -0.039418 -0.465218 0.189623
v -0.028855 -0.451545 0.033687
v -0.066300 -0.483567 -0.034432
v -0.027744 -0.450653 0.003434
v -0.031741 -0.454241 -0.000145
v 0.017331 -0.479133 -0.051140
v 0.011023 -0.445156 -0.023333
v 0.001545 -0.474551 -0.047802
v 0.024659 -0.476836 -0.055009
v 0.033600 -0.484734 -0.110914
v -0.054278 -0.244507 -0.160879
v 0.003868 -0.139985 -0.151397
v -0.024047 -0.104957 -0.176539
v -0.016107 0.484164 -0.071590
v -0.061624 0.483689 -0.048657
v -0.094377 0.363646 -0.089600
v -0.096918 0.362393 -0.075829
v -0.100726 0.367880 -0.019587
v -0.106819 0.361072 -0.045902
v -0.099299 0.400848 -0.010756
v -0.047488 0.364353 0.057588
v 0.018360 0.487773 0.006707
v -0.013910 0.368051 0.064433
v -0.026329 0.367117 0.063941
v 0.020943 -0.006427 0.168844
v 0.010853 -0.005629 0.168701
v -0.116661 -0.013274 0.125315
v 0.158590 -0.330688 0.114677
v 0.125516 -0.337209 0.153301
v 0.128893 -0.349070 0.153996
v 0.128391 -0.361996 0.144310
v 0.162455 -0.353778 0.111580
v 0.056263 -0.156177 0.148570
v 0.010483 -0.181201 0.135067
v 0.023887 -0.191935 0.145554
v 0.080630 -0.189576 0.128757
v 0.092950 -0.169734 0.136985
v 0.069886 -0.152204 0.154668
v -0.014075 -0.138014 0.150015
v -0.002375 -0.154216 0.143420
v 0.032989 -0.139441 0.156831
v -0.005657 -0.124497 0.156774
v 0.101915 0.444081 -0.015788
v 0.074283 0.449911 0.031435
v 0.075558 0.412277 0.032109
v 0.104735 0.406607 -0.068775
v 0.104953 0.442793 -0.074022
v 0.103393 0.375980 -0.066848
v 0.039852 0.349726 0.044091
v 0.054216 0.349256 0.033207
v 0.067081 0.347721 0.023014
v 0.098234 0.355431 -0.026592
v 0.098425 0.354119 -0.045716
v 0.106989 0.360718 -0.048050
v 0.102791 0.364153 -0.059615
v 0.043553 0.480534 -0.085996
v 0.033522 0.485153 -0.053106
v 0.056422 0.484558 -0.041751
v 0.074660 0.483387 -0.035124
v 0.073033 0.480183 -0.072319
v 0.056178 0.477831 -0.101398
v 0.064612 -0.156775 -0.124656
v 0.068789 -0.138059 -0.131914
v 0.107164 -0.162113 -0.115096
v 0.076689 -0.172977 -0.116946
v 0.086450 -0.238181 -0.143361
v 0.090627 -0.230072 -0.137657
v 0.132873 -0.233946 -0.105072
v 0.132154 -0.247449 -0.112742
v 0.086659 -0.217968 -0.135511
v 0.117966 -0.219079 -0.118687
v 0.135114 -0.220481 -0.102537
v 0.132679 -0.258766 -0.117429
v 0.100142 -0.261741 -0.143743
v 0.145609 -0.139293 -0.101171
v 0.154221 -0.177860 -0.092283
v 0.132335 -0.182195 -0.104880
v 0.111969 -0.184618 -0.107888
v 0.056339 -0.120660 -0.133525
v 0.165154 -0.343372 -0.080177
v 0.133941 -0.357935 -0.128414
v 0.129089 -0.328064 -0.130443
v 0.164282 -0.316030 -0.086263
v 0.138161 -0.367774 -0.009174
v 0.092466 -0.386951 -0.026768
v 0.110251 -0.389132 -0.057919
v 0.153799 -0.373014 -0.042548
v 0.162746 -0.362091 -0.008007
v 0.157423 -0.465456 -0.020655
v 0.138184 -0.466480 -0.016551
v 0.133688 -0.458870 -0.013445
v 0.104428 -0.468315 -0.003557
v 0.130063 -0.471943 -0.008986
v 0.115851 -0.458738 -0.009729
v 0.099773 -0.459195 -0.006089
v 0.090351 -0.457051 -0.023120
v 0.092005 -0.455390 -0.030324
v 0.090533 -0.460863 -0.024112
v 0.076286 -0.463854 -0.013318
v 0.088775 -0.468794 -0.016157
v 0.091562 -0.470204 -0.007727
v 0.118171 -0.471089 -0.015683
v 0.113010 -0.462599 -0.019887
v 0.082549 -0.469965 -0.005798
v 0.086914 -0.472466 -0.005935
v 0.116813 -0.469825 -0.074604
v 0.127031 -0.470180 -0.081178
v 0.110010 -0.458653 -0.065493
v 0.105059 -0.468063 -0.066114
v 0.124594 -0.461849 -0.088593
v 0.116041 -0.463149 -0.080152
v 0.091902 -0.460860 -0.047430
v 0.092613 -0.470968 -0.055743
v 0.094861 -0.462345 -0.060097
v 0.082050 -0.458777 -0.046385
v 0.090908 -0.456263 -0.046936
v 0.079427 -0.461438 -0.040692
v 0.084907 -0.461375 -0.004137
v 0.070643 -0.460022 -0.000261
v 0.073114 -0.454117 0.005646
v 0.070738 -0.468057 0.013608
v 0.073763 -0.467320 0.007763
v 0.061355 -0.461941 -0.007696
v 0.049471 -0.443430 0.004752
v 0.049058 -0.443159 0.025530
v 0.063856 -0.455260 0.023112
v 0.086276 -0.466668 0.001352
v 0.071103 -0.470380 0.024253
v 0.060257 -0.463008 -0.024516
v 0.052271 -0.469914 -0.033145
v 0.046640 -0.452161 -0.020195
v 0.026712 -0.449637 -0.028514
v 0.035424 -0.463625 -0.032410
v 0.003567 -0.448337 -0.025543
v 0.037486 -0.462332 -0.059981
v 0.047780 -0.456932 -0.063150
v 0.025708 -0.458903 -0.039702
v -0.002212 -0.450880 -0.026078
v 0.064155 -0.478907 -0.060044
v 0.063462 -0.464754 -0.147030
v 0.070654 -0.447514 -0.153241
v 0.073340 -0.447085 -0.140440
v 0.071673 -0.449306 -0.128593
v 0.076372 -0.466425 -0.129695
v 0.085225 -0.479774 -0.130944
v 0.069574 -0.479681 -0.139730
v 0.059208 -0.473217 -0.139898
v 0.039720 -0.462795 -0.099989
v 0.049470 -0.464940 -0.112887
v 0.045170 -0.449129 -0.090304
v 0.030895 -0.458466 -0.091345
v 0.073830 -0.438363 -0.099376
v 0.061154 -0.436370 -0.086631
v 0.104674 -0.388014 -0.152135
v 0.097474 -0.380303 -0.160516
v 0.086112 -0.351503 -0.159941
v 0.088582 -0.336892 -0.158271
v 0.081408 -0.371516 -0.168950
v 0.106396 -0.463639 -0.071484
v 0.107827 -0.413626 -0.121781
v 0.085692 -0.437148 -0.124790
v 0.085902 -0.433676 -0.139747
v 0.114896 -0.392607 -0.140144
v 0.080857 -0.430106 -0.155670
v 0.091793 -0.412605 -0.156551
v 0.077913 -0.466390 -0.117523
v 0.066134 -0.470177 -0.120074
v 0.070599 -0.471372 -0.126905
v 0.123300 -0.467317 -0.095341
v 0.130863 -0.485593 -0.064204
v 0.125269 -0.477008 -0.082319
v 0.119632 -0.480891 -0.097021
v 0.099038 -0.478076 -0.117613
v 0.107505 -0.478952 -0.094471
v 0.113511 -0.470452 -0.085571
v 0.094850 -0.480567 -0.107388
v 0.079430 -0.479267 -0.124347
v 0.064526 -0.475855 -0.131378
v 0.056123 -0.465026 -0.124352
v 0.047983 -0.471257 -0.115920
v 0.053255 -0.467339 -0.109714
v 0.036409 -0.475293 -0.104792
v 0.031217 -0.473850 -0.099402
v 0.024565 -0.487521 -0.100436
v 0.008546 -0.488880 -0.107897
v 0.009352 -0.488794 -0.122706
v 0.043856 -0.478333 -0.115119
v 0.049429 -0.485518 -0.108785
v 0.031201 -0.476955 -0.081833
v 0.063138 -0.460295 -0.087533
v 0.042132 -0.478025 -0.047860
v 0.029854 -0.475041 -0.058321
v 0.088283 -0.476309 -0.012000
v 0.072521 -0.468259 -0.006875
v 0.089718 -0.475854 -0.005059
v 0.086814 -0.478505 -0.005306
v 0.119639 -0.484446 -0.031118
v 0.120633 -0.479512 -0.017714
v 0.101182 -0.475388 -0.010246
v 0.096464 -0.469523 -0.009237
v 0.118209 -0.467795 -0.012747
v 0.123838 -0.478259 -0.010830
v 0.130275 -0.485228 -0.001200
v 0.110751 -0.484192 0.001035
v 0.067442 -0.483427 -0.024367
v 0.084865 -0.484680 -0.043888
v 0.102724 -0.483962 -0.063020
v 0.115135 -0.481235 -0.074019
v 0.117594 -0.487680 -0.053132
v 0.072944 -0.485351 -0.057045
v 0.088391 -0.486714 -0.071338
v 0.077951 -0.478636 -0.001012
v 0.082004 -0.476197 -0.004234
v 0.087464 -0.479292 -0.002961
v 0.083220 -0.483170 0.021365
v 0.064260 -0.479262 0.030657
v 0.133878 -0.476100 -0.067720
v 0.084426 -0.477443 -0.032599
v 0.077907 -0.477543 -0.038707
v 0.069537 -0.476182 -0.028394
v 0.076452 -0.476445 -0.018689
v 0.087119 -0.476982 -0.021502
v 0.068727 -0.475224 -0.015758
v 0.143901 -0.477069 -0.050949
v 0.148014 -0.481965 -0.050091
v 0.135586 -0.485883 -0.042312
v 0.133492 -0.478836 -0.049148
v 0.142007 -0.477898 -0.034148
v 0.149189 -0.478082 -0.030298
v 0.155531 -0.462103 -0.029617
v 0.145821 -0.463486 -0.026185
v 0.088602 -0.474224 0.000150
v 0.085898 -0.476503 0.009870
v 0.159435 -0.475723 -0.012951
v 0.154068 -0.467157 -0.014272
v 0.150987 -0.474177 -0.012469
v 0.164966 -0.472829 -0.012584
v 0.150377 -0.484731 -0.004100
v 0.144815 -0.478105 -0.014113
v 0.164559 -0.474103 0.000751
v 0.168144 -0.470955 0.001413
v 0.157491 -0.477317 -0.000435
v 0.166571 -0.478047 0.009853
v 0.152362 -0.485804 0.010097
v 0.079022 -0.475021 0.070230
v 0.069367 -0.474764 0.073673
v 0.076510 -0.474587 0.084485
v 0.089922 -0.474409 0.100749
v 0.094621 -0.474897 0.089050
v 0.096190 -0.475265 0.076132
v 0.139506 -0.459700 0.072619
v 0.139561 -0.471637 0.075571
v 0.138480 -0.482165 0.094499
v 0.139940 -0.464535 0.066727
v 0.162006 -0.474290 0.044823
v 0.151657 -0.476586 0.043561
v 0.148558 -0.470148 0.055832
v 0.148657 -0.458349 0.054889
v 0.157393 -0.470158 0.061566
v 0.161262 -0.479671 0.048035
v 0.154006 -0.459407 0.062437
v 0.127698 -0.482035 0.111983
v 0.125695 -0.475592 0.082743
v 0.121261 -0.475175 0.095476
v 0.130320 -0.474082 0.103228
v 0.125497 -0.472217 0.115629
v 0.115854 -0.479549 0.127912
v 0.088267 -0.476036 0.141340
v 0.079586 -0.474009 0.125696
v 0.095107 -0.475736 0.128625
v 0.107055 -0.476000 0.137144
v 0.062722 -0.481829 0.117989
v 0.050434 -0.482918 0.121903
v 0.043636 -0.482843 0.102206
v 0.028540 -0.482029 0.084833
v 0.042520 -0.477881 0.076136
v 0.070077 -0.482407 0.134613
v 0.086579 -0.480564 0.110464
v 0.080210 -0.466881 0.116803
v 0.109321 -0.473940 0.122843
v 0.101343 -0.471526 0.133526
v 0.097981 -0.466509 0.147307
v 0.091923 -0.475853 0.151674
v 0.102042 -0.456972 0.145010
v 0.102735 -0.454991 0.145177
v 0.099844 -0.455789 0.144360
v 0.102664 -0.459129 0.132900
v 0.106326 -0.448577 0.138117
v 0.134000 -0.359330 0.037494
v 0.157550 -0.356174 0.045461
v 0.141799 -0.368738 0.077484
v 0.083090 -0.378408 0.055411
v 0.077824 -0.373453 0.025691
v 0.098210 -0.382004 0.089951
v 0.137859 -0.461003 0.052512
v 0.123857 -0.461063 0.048896
v 0.121772 -0.453110 0.046048
v 0.120361 -0.463244 0.054565
v 0.136165 -0.468233 0.058736
v 0.147104 -0.456514 0.059645
v 0.147018 -0.470244 0.061027
v 0.124850 -0.457539 0.065507
v 0.129592 -0.469985 0.063366
v 0.091404 -0.463431 0.061101
v 0.109582 -0.461485 0.065846
v 0.106108 -0.454349 0.068145
v 0.107050 -0.458249 0.062488
v 0.122165 -0.460626 0.069294
v 0.096286 -0.471305 0.058534
v 0.078148 -0.474910 0.062319
v 0.096410 -0.475242 0.066107
v 0.062494 -0.473552 0.058529
v 0.065722 -0.474664 0.066122
v 0.059771 -0.470081 0.051710
v 0.074020 -0.469671 0.044265
v 0.060303 -0.463466 0.044584
v 0.092843 -0.460020 0.040841
v 0.089003 -0.472022 0.038538
v 0.091188 -0.453134 0.037430
v 0.095306 -0.454702 0.040821
v 0.049060 -0.445341 0.042635
v 0.059324 -0.458607 0.043011
v 0.032650 -0.467074 0.166468
v 0.041570 -0.460638 0.161434
v 0.049792 -0.472569 0.156771
v 0.046887 -0.453036 0.159251
v 0.026129 -0.441559 0.046240
v 0.030748 -0.458705 0.065710
v 0.041666 -0.458080 0.066310
v 0.051835 -0.382059 0.205333
v 0.062034 -0.395371 0.198843
v 0.091728 -0.368772 0.184296
v 0.124066 -0.327099 0.151375
v 0.079909 -0.334614 0.182976
v 0.041699 -0.458356 0.174579
v 0.043059 -0.460201 0.180496
v 0.047029 -0.469555 0.180896
v 0.050615 -0.419411 0.190331
v 0.042917 -0.433044 0.187030
v 0.046296 -0.437559 0.173057
v 0.040299 -0.444575 0.152184
v 0.062548 -0.426301 0.156485
v 0.094178 -0.393880 0.151849
v 0.095834 -0.384356 0.169818
v 0.035681 -0.469805 0.182385
v 0.034238 -0.458476 0.175536
v 0.035084 -0.449115 0.172565
v 0.038246 -0.447881 0.184373
v 0.045903 -0.478893 0.171806
v 0.059894 -0.479315 0.166819
v 0.077219 -0.479958 0.159486
v 0.077101 -0.470294 0.167084
v 0.073413 -0.471173 0.160563
v 0.078561 -0.483512 0.084532
v 0.100511 -0.483929 0.097146
v 0.044815 -0.466944 0.075591
v 0.035763 -0.466519 0.070008
v 0.032018 -0.472678 0.077746
v 0.045155 -0.474350 0.091790
v 0.052670 -0.467363 0.087117
v 0.033629 -0.473248 0.095802
v 0.088266 -0.476324 0.028208
v 0.052231 -0.465917 0.061456
v 0.055315 -0.474559 0.072013
v 0.055431 -0.462899 0.070287
v 0.056289 -0.448423 0.067854
v 0.025578 -0.447284 0.095434
v 0.021923 -0.458562 0.096585
v 0.023342 -0.464442 0.071289
v 0.011231 -0.458962 0.079002
v 0.015526 -0.457729 0.098913
v -0.007682 -0.466861 0.097512
v -0.005735 -0.471841 0.078535
v -0.020648 -0.455550 0.051798
v -0.019118 -0.444987 0.068158
v 0.003532 -0.453311 0.117249
v -0.022744 -0.450412 0.043793
v -0.025675 -0.438981 0.024475
v -0.026598 -0.449733 0.032346
v -0.010684 -0.478115 0.047617
v 0.015727 -0.479551 0.036909
v 0.027849 -0.477841 0.060718
v -0.059895 -0.481899 0.112682
v -0.075440 -0.480204 0.086490
v -0.030095 -0.481460 0.080934
v -0.030775 -0.478132 0.122213
v 0.017850 -0.471711 0.098582
v 0.014375 -0.472190 0.125073
v -0.044114 -0.482159 0.054442
v -0.007098 -0.478585 0.178114
v 0.012714 -0.473926 0.173436
v 0.028592 -0.449137 0.188491
v 0.008201 -0.454172 0.198137
v -0.034201 -0.477100 0.175306
v -0.010061 -0.449104 0.196403
v 0.021278 -0.466608 0.169766
v 0.032098 -0.475844 0.173542
v -0.032366 -0.444839 0.195144
v -0.036646 -0.427077 0.197508
v -0.061590 -0.428177 0.192183
v -0.092716 -0.434890 0.176384
v -0.079914 -0.455741 0.176187
v 0.080950 -0.318725 0.183259
v 0.081201 -0.298207 0.183301
v 0.031372 -0.300130 0.200332
v 0.027812 -0.334387 0.201570
v -0.029661 -0.304251 0.201624
v -0.027280 -0.324573 0.200968
v -0.028915 -0.334957 0.202271
v 0.007455 -0.447324 0.059484
v 0.003068 -0.455665 0.064832
v 0.012361 -0.441483 0.045924
v 0.000748 -0.441340 0.044854
v -0.009574 -0.441766 0.044640
v -0.006171 -0.447940 0.056119
v -0.070912 -0.470803 0.174811
v -0.060675 -0.478723 0.165691
v -0.090692 -0.484790 -0.048761
v -0.066612 -0.488179 -0.073377
v -0.045685 -0.485755 -0.044034
v -0.035231 -0.483008 -0.024387
v -0.063635 -0.483875 -0.017793
v -0.101863 -0.484593 -0.025570
v -0.019540 -0.448382 -0.006783
v -0.010438 -0.456331 -0.026501
v -0.021886 -0.458583 -0.025101
v -0.021039 -0.444883 0.006527
v -0.018520 -0.446605 -0.024156
v 0.009946 -0.484794 -0.045143
v -0.000730 -0.486980 -0.064415
v 0.013355 -0.486422 -0.067299
v 0.048092 -0.483017 -0.037999
v 0.029103 -0.481358 -0.028431
v 0.019550 -0.479302 -0.069465
v -0.000561 -0.442383 -0.008527
v 0.013011 -0.441838 -0.008419
v 0.006906 -0.474250 -0.062803
v -0.003891 -0.453661 -0.054347
v 0.017173 -0.473541 -0.045289
v 0.041141 -0.486114 -0.074907
v 0.055027 -0.487945 -0.069921
v 0.036290 -0.485198 -0.122252
v 0.028044 -0.488012 -0.128033
v -0.055721 -0.255813 -0.163122
v -0.089240 -0.247183 -0.145735
v -0.080004 -0.234111 -0.145748
v -0.051392 -0.229083 -0.158283
v -0.024976 -0.236099 -0.165488
v -0.025702 -0.253718 -0.169506
v -0.012381 -0.218099 -0.159085
v -0.027771 -0.210901 -0.154598
v 0.002439 -0.206879 -0.141482
v 0.011211 -0.215977 -0.155628
v 0.024589 -0.129487 -0.149677
v 0.033967 -0.146702 -0.137581
v -0.000076 -0.158655 -0.141994
v -0.018387 -0.140571 -0.162937
v 0.006966 -0.123490 -0.167727
v -0.035119 -0.114658 -0.172359
v -0.063196 -0.101442 -0.161473
v -0.052610 -0.091632 -0.176378
v 0.028139 -0.086827 -0.186232
v 0.031861 -0.105038 -0.174144
v -0.013361 -0.119833 -0.177221
v 0.006546 0.485314 -0.064509
v 0.014866 0.479778 -0.104060
v -0.023371 0.479707 -0.101178
v -0.052332 0.482175 -0.074435
v -0.034091 0.485614 -0.052552
v -0.011248 0.489069 -0.034389
v -0.065423 0.479655 -0.088737
v -0.076197 0.482403 -0.048618
v -0.069465 0.485086 -0.021448
v -0.053903 0.485871 -0.029475
v -0.103409 0.366435 -0.060275
v -0.105407 0.376029 -0.051906
v -0.075796 0.351576 -0.103729
v -0.095247 0.353534 -0.082120
v -0.105254 0.395307 -0.041176
v -0.097294 0.386121 -0.082163
v -0.105478 0.364212 -0.048583
v -0.101683 0.363985 -0.059172
v -0.104020 0.357943 -0.062466
v -0.093371 0.352172 -0.064976
v -0.096393 0.354487 -0.047961
v -0.094669 0.357097 -0.021747
v -0.099862 0.366482 -0.027681
v -0.102091 0.378606 -0.017370
v -0.040988 0.365227 0.058637
v -0.038503 0.371787 0.056885
v -0.043841 0.372861 0.054897
v -0.059813 0.370110 0.044728
v -0.059697 0.359006 0.035903
v -0.042920 0.359645 0.045163
v -0.003050 0.488354 0.005367
v -0.010319 0.487713 0.024262
v 0.021424 0.487107 0.022558
v 0.052481 0.486418 0.004584
v 0.038958 0.487171 -0.007678
v 0.016893 0.488542 -0.019866
v 0.005023 0.366074 0.065995
v 0.011776 0.370796 0.060202
v -0.014162 0.372478 0.060748
v -0.001796 0.361022 0.062408
v -0.026214 0.372231 0.056293
v 0.016048 -0.014506 0.178845
v 0.039260 -0.014043 0.177028
v 0.074700 -0.009008 0.151149
v 0.076624 0.003641 0.160806
v 0.027653 0.009317 0.180619
v 0.080677 -0.016696 0.160097
v -0.029630 -0.000681 0.169354
v -0.023000 -0.007452 0.164475
v -0.084191 -0.009368 0.148322
v -0.085619 -0.002629 0.151892
v -0.087754 -0.014356 0.153348
v -0.130796 -0.025246 0.128553
v -0.092386 -0.025372 0.160599
v -0.149329 -0.014706 0.086454
v -0.157914 -0.025931 0.092422
v 0.008565 -0.477688 0.098336
v 0.011151 -0.475027 0.094730
v 0.019604 -0.478072 0.102800
v 0.024278 -0.479035 0.124471
v 0.015859 -0.469640 0.125662
v 0.021369 -0.457218 0.123006
v 0.016713 -0.470898 0.140193
v 0.027983 -0.457264 0.145982
v 0.044077 -0.450857 0.145867
v 0.036592 -0.448412 0.120918
v 0.037994 -0.459154 0.148197
v 0.029517 -0.458375 0.123653
v 0.025144 -0.469689 0.150933
v 0.021588 -0.470977 0.125067
v 0.045249 -0.473198 0.141022
v 0.038741 -0.473255 0.120548
v 0.053332 -0.473960 0.111888
v 0.061706 -0.473636 0.131048
v 0.074865 -0.470141 0.122891
v 0.063020 -0.468942 0.104088
v 0.068320 -0.473379 0.145884
v 0.083225 -0.471455 0.136662
v 0.089804 -0.458878 0.132021
v 0.081394 -0.458167 0.118333
v 0.088516 -0.471020 0.152335
v 0.095090 -0.458662 0.143821
v 0.092643 -0.470454 0.159357
v 0.100058 -0.465408 0.151248
v 0.092438 -0.449296 0.109599
v 0.077912 -0.448911 0.092043
v 0.068665 -0.457307 0.099117
v 0.100200 -0.448984 0.125005
v 0.097062 -0.457843 0.123683
v 0.088959 -0.458562 0.108979
v 0.083510 -0.473293 0.109641
v 0.070548 -0.473783 0.092615
v 0.074427 -0.459288 0.092621
v 0.093182 -0.472994 0.122138
v 0.100332 -0.474295 0.112645
v 0.106315 -0.474817 0.099924
v 0.116240 -0.474571 0.108994
v 0.110329 -0.475314 0.086175
v 0.112382 -0.475567 0.073767
v 0.112654 -0.472143 0.064580
v 0.126697 -0.471983 0.069686
v 0.061610 -0.474046 0.080793
v 0.062952 -0.460866 0.079838
v 0.065948 -0.449297 0.077375
v 0.050197 -0.457404 0.072584
v 0.058068 -0.456723 0.082911
v 0.035601 -0.456810 0.160816
v 0.026234 -0.462213 0.160904
v 0.026559 -0.454351 0.154931
v 0.018060 -0.440776 0.122616
v 0.047830 -0.427774 0.128627
v -0.006301 -0.433525 0.077223
v 0.014768 -0.418806 0.090246
v 0.053322 -0.401467 0.096946
v 0.083177 -0.398294 0.129830
v -0.013980 -0.429295 0.032110
v 0.000470 -0.418676 0.041575
v 0.030721 -0.399871 0.048193
v 0.001187 -0.420200 -0.000023
v 0.026471 -0.400617 0.011198
v 0.011536 -0.425493 -0.035180
v 0.034772 -0.405150 -0.021178
v 0.081750 -0.377506 0.000889
v 0.134900 -0.359298 0.012675
v 0.054894 -0.409436 -0.052980
v 0.083100 -0.411888 -0.078324
v 0.032578 -0.427943 -0.067955
v 0.001580 -0.437921 -0.044086
v 0.020591 -0.440543 -0.072481
v 0.012483 -0.453830 -0.075742
v 0.012886 -0.470995 -0.074248
v 0.023245 -0.470921 -0.088603
v 0.022034 -0.484858 -0.085035
v 0.008605 -0.488272 -0.087227
v -0.009145 -0.487912 -0.087530
v -0.013481 -0.489031 -0.112593
v -0.027080 -0.484859 -0.085114
v -0.036678 -0.485059 -0.111547
v -0.041715 -0.485468 -0.126778
v -0.015482 -0.489403 -0.129229
v -0.045718 -0.485039 -0.138231
v -0.016953 -0.489182 -0.141715
v 0.012336 -0.488574 -0.136494
v 0.013684 -0.487721 -0.147599
v 0.031020 -0.487843 -0.139138
v -0.017944 -0.486002 -0.151963
v -0.018418 -0.479329 -0.158507
v 0.013732 -0.481795 -0.156548
v -0.049063 -0.481266 -0.146834
v -0.050255 -0.472812 -0.154394
v -0.074492 -0.481403 -0.139344
v -0.079932 -0.471365 -0.142742
v -0.081945 -0.460103 -0.144206
v -0.049926 -0.463368 -0.158102
v -0.018076 -0.469543 -0.163814
v -0.016205 -0.454095 -0.170858
v 0.015104 -0.457317 -0.165571
v 0.013590 -0.472254 -0.161934
v -0.046725 -0.446710 -0.163248
v -0.078181 -0.439324 -0.152836
v -0.073983 -0.411815 -0.168096
v -0.040430 -0.417275 -0.174983
v -0.008346 -0.425121 -0.180851
v -0.036532 -0.393398 -0.183972
v -0.001802 -0.400665 -0.187270
v 0.034189 -0.412501 -0.181062
v 0.022663 -0.433901 -0.170919
v 0.057839 -0.419667 -0.172764
v 0.047889 -0.443188 -0.168221
v 0.040285 -0.462984 -0.162013
v 0.059720 -0.445395 -0.157824
v 0.054507 -0.464196 -0.152625
v 0.049289 -0.474090 -0.146825
v 0.036789 -0.475525 -0.157717
v 0.045821 -0.481067 -0.139934
v 0.034316 -0.484998 -0.150079
v 0.041464 -0.483529 -0.131778
v 0.055031 -0.478043 -0.133057
v 0.051108 -0.478727 -0.124881
v 0.063913 -0.485906 -0.131687
v 0.058269 -0.487353 -0.121656
v 0.079190 -0.487850 -0.121571
v 0.072491 -0.489266 -0.112404
v 0.062485 -0.489461 -0.100735
v 0.088308 -0.489375 -0.098396
v 0.076935 -0.489293 -0.088550
v 0.100558 -0.487538 -0.080760
v 0.110526 -0.484664 -0.089305
v 0.096750 -0.487213 -0.106654
v 0.069630 -0.423930 -0.162550
v 0.069293 -0.397590 -0.174151
v 0.082725 -0.404946 -0.166919
v 0.041801 -0.389353 -0.184726
v 0.046418 -0.365288 -0.184092
v 0.002051 -0.363716 -0.186947
v 0.004590 -0.351884 -0.180114
v 0.046631 -0.352441 -0.175310
v -0.000103 -0.381020 -0.189077
v -0.034712 -0.376392 -0.186041
v -0.033053 -0.362258 -0.184391
v -0.070786 -0.360138 -0.171384
v -0.068244 -0.349449 -0.167004
v -0.030870 -0.352077 -0.177536
v -0.072987 -0.372413 -0.174030
v -0.073381 -0.387971 -0.172934
v -0.109080 -0.382049 -0.151887
v -0.108028 -0.366960 -0.153122
v -0.103928 -0.354902 -0.150339
v -0.100358 -0.344671 -0.147597
v -0.141265 -0.360919 -0.122727
v -0.136049 -0.349320 -0.120137
v -0.135966 -0.339176 -0.120972
v -0.136083 -0.326076 -0.123435
v -0.102510 -0.333666 -0.151874
v -0.160960 -0.341654 -0.083929
v -0.162594 -0.329803 -0.085747
v -0.162198 -0.315478 -0.087143
v -0.179754 -0.307032 -0.047563
v -0.177925 -0.292411 -0.049247
v -0.160684 -0.301401 -0.088246
v -0.134702 -0.310690 -0.123702
v -0.180839 -0.324237 -0.046022
v -0.189307 -0.318436 -0.001329
v -0.187805 -0.299097 -0.003149
v -0.179065 -0.338663 -0.044479
v -0.186354 -0.334284 0.000971
v -0.182284 -0.329607 0.043855
v -0.185522 -0.311724 0.044541
v -0.180127 -0.347506 -0.043522
v -0.185442 -0.346275 0.002337
v -0.182335 -0.341559 0.044025
v -0.169303 -0.339825 0.086077
v -0.171667 -0.327899 0.085660
v -0.191538 -0.356620 0.002301
v -0.188569 -0.352762 0.046655
v -0.177033 -0.350303 0.090426
v -0.152195 -0.345448 0.130563
v -0.148126 -0.333569 0.125598
v -0.189938 -0.370042 0.048365
v -0.177524 -0.368144 0.092467
v -0.153822 -0.362850 0.134183
v -0.120105 -0.357383 0.169412
v -0.118376 -0.341064 0.164770
v -0.177256 -0.390372 0.093843
v -0.151975 -0.384221 0.136322
v -0.117826 -0.378447 0.171915
v -0.075878 -0.374743 0.197445
v -0.079014 -0.352530 0.195084
v -0.139564 -0.407588 0.139706
v -0.113860 -0.401938 0.171924
v -0.073306 -0.397954 0.196236
v -0.033856 -0.397431 0.208581
v -0.030270 -0.370085 0.211791
v 0.018274 -0.373459 0.213251
v 0.027203 -0.349530 0.209726
v -0.030437 -0.348665 0.208529
v 0.004417 -0.400493 0.211209
v 0.031003 -0.404117 0.205303
v -0.004891 -0.427890 0.200945
v 0.017576 -0.430456 0.200867
v 0.032150 -0.431867 0.195677
v 0.045003 -0.411783 0.200162
v -0.078410 -0.336469 0.188788
v -0.077325 -0.326847 0.185068
v -0.115121 -0.328569 0.157655
v -0.080010 -0.310760 0.186321
v -0.120086 -0.315374 0.159491
v -0.150518 -0.320036 0.125055
v -0.121350 -0.294295 0.155961
v -0.151672 -0.301588 0.123432
v -0.174269 -0.308180 0.085492
v -0.150005 -0.284587 0.120425
v -0.172403 -0.288772 0.083684
v -0.183740 -0.292707 0.042754
v -0.168266 -0.273831 0.081353
v -0.180373 -0.278174 0.040965
v -0.185186 -0.283783 -0.004025
v -0.174600 -0.266145 0.039286
v -0.178523 -0.274757 -0.005086
v -0.171930 -0.280777 -0.049793
v -0.179876 -0.266317 -0.006250
v -0.168476 -0.271660 -0.050126
v -0.152402 -0.280216 -0.085857
v -0.158401 -0.289399 -0.088960
v -0.127866 -0.285993 -0.120279
v -0.132999 -0.297907 -0.123490
v -0.098658 -0.292627 -0.148765
v -0.100408 -0.303911 -0.150145
v -0.101834 -0.318010 -0.151020
v -0.066298 -0.306605 -0.169556
v -0.067980 -0.321436 -0.170180
v -0.067998 -0.337790 -0.168215
v -0.030183 -0.323208 -0.179847
v -0.030411 -0.341524 -0.179653
v 0.008188 -0.321537 -0.184107
v 0.006190 -0.339799 -0.180924
v 0.050381 -0.318100 -0.176566
v 0.048263 -0.339148 -0.175045
v 0.092180 -0.313555 -0.157402
v 0.051365 -0.302299 -0.174426
v 0.093877 -0.298459 -0.154730
v 0.132020 -0.295169 -0.124018
v 0.131912 -0.308883 -0.126322
v 0.163513 -0.289274 -0.082490
v 0.164946 -0.301934 -0.083835
v 0.179750 -0.285000 -0.037319
v 0.183445 -0.295281 -0.036042
v 0.185275 -0.307884 -0.034079
v 0.186613 -0.289628 0.010924
v 0.188782 -0.301849 0.012403
v 0.190285 -0.315424 0.014088
v 0.184855 -0.322754 -0.032509
v 0.187069 -0.327433 0.015278
v 0.183982 -0.332777 -0.026664
v 0.186749 -0.336231 0.017233
v 0.188386 -0.341488 -0.023345
v 0.175444 -0.349387 -0.076904
v 0.191854 -0.350662 -0.019728
v 0.173803 -0.358698 -0.070240
v 0.137014 -0.377691 -0.111024
v 0.139688 -0.365968 -0.121536
v 0.168995 -0.365821 -0.063218
v 0.135689 -0.381261 -0.102226
v 0.161989 -0.369599 -0.054257
v 0.131159 -0.385466 -0.091150
v 0.107064 -0.413626 -0.107828
v 0.122017 -0.386721 -0.077798
v 0.099590 -0.413896 -0.093533
v 0.081582 -0.438924 -0.111894
v 0.066547 -0.452330 -0.115409
v 0.184348 -0.356818 -0.014811
v 0.174436 -0.359405 -0.011145
v 0.179979 -0.349350 0.018011
v 0.170936 -0.351998 0.017598
v 0.159716 -0.354175 0.016594
v 0.168418 -0.354751 0.048976
v 0.178057 -0.353507 0.053510
v 0.157830 -0.361378 0.099994
v 0.150227 -0.365396 0.090525
v 0.122997 -0.370138 0.132562
v 0.112982 -0.375692 0.116560
v 0.186162 -0.346754 0.059656
v 0.178340 -0.336695 0.065251
v 0.185201 -0.343301 0.017721
v 0.182512 -0.328343 0.063116
v 0.184922 -0.316457 0.061933
v 0.158631 -0.320849 0.110711
v 0.161862 -0.307256 0.111279
v 0.125393 -0.314390 0.153484
v 0.182840 -0.302159 0.060787
v 0.181068 -0.288422 0.059107
v 0.160272 -0.290963 0.109037
v 0.158131 -0.277628 0.106822
v 0.123486 -0.279006 0.149645
v 0.125314 -0.294651 0.152118
v 0.177791 -0.276439 0.056681
v 0.170499 -0.269420 0.054681
v 0.152175 -0.268654 0.102347
v 0.183390 -0.279429 0.009246
v 0.176263 -0.272461 0.006866
v 0.180145 -0.263880 0.005825
v 0.173534 -0.260298 0.054506
v 0.172703 -0.276735 -0.036353
v 0.173246 -0.269852 -0.038060
v 0.177446 -0.257873 -0.040802
v 0.181931 -0.250907 0.003605
v 0.156348 -0.279819 -0.078859
v 0.155101 -0.274125 -0.077910
v 0.158870 -0.264728 -0.079155
v 0.157839 -0.254012 -0.079535
v 0.173272 -0.246814 -0.043463
v 0.127215 -0.276250 -0.115011
v 0.131252 -0.270439 -0.118070
v 0.091683 -0.280930 -0.144060
v 0.095877 -0.273535 -0.145286
v 0.050949 -0.276566 -0.162090
v 0.052303 -0.266948 -0.164685
v 0.050583 -0.285195 -0.163774
v 0.008815 -0.287925 -0.173442
v 0.009453 -0.281355 -0.169985
v 0.093552 -0.287995 -0.150495
v 0.051523 -0.291306 -0.171054
v 0.009286 -0.296180 -0.179486
v -0.028751 -0.297944 -0.177449
v -0.026788 -0.288438 -0.170874
v 0.009091 -0.306296 -0.181923
v -0.029439 -0.307720 -0.178953
v -0.064118 -0.295529 -0.168714
v -0.060617 -0.286977 -0.162407
v -0.094281 -0.283983 -0.144684
v -0.093758 -0.279404 -0.144942
v -0.058758 -0.283537 -0.157232
v -0.123349 -0.276702 -0.117379
v -0.126034 -0.271150 -0.121766
v -0.125147 -0.259431 -0.123764
v -0.095007 -0.270835 -0.149370
v -0.153371 -0.272095 -0.087472
v -0.153933 -0.259948 -0.090392
v -0.150194 -0.246760 -0.091225
v -0.163159 -0.237142 -0.055839
v -0.156621 -0.223467 -0.057663
v -0.145047 -0.234356 -0.091608
v -0.120584 -0.247394 -0.122454
v -0.168388 -0.251972 -0.054650
v -0.177603 -0.240295 -0.011139
v -0.171526 -0.224450 -0.014807
v -0.171825 -0.263362 -0.053610
v -0.182004 -0.252778 -0.008636
v -0.178409 -0.242508 0.036250
v -0.173101 -0.228086 0.032819
v -0.180191 -0.257450 0.038623
v -0.168401 -0.250735 0.079617
v -0.163597 -0.236243 0.077023
v -0.164059 -0.262496 0.078751
v -0.144890 -0.259771 0.114049
v -0.147794 -0.246094 0.114022
v -0.146013 -0.270398 0.116035
v -0.118518 -0.266861 0.143951
v -0.120055 -0.255757 0.141798
v -0.121927 -0.277526 0.152248
v -0.082097 -0.271393 0.176121
v -0.081432 -0.262655 0.168571
v -0.081344 -0.286900 0.181160
v -0.030691 -0.284158 0.196542
v -0.031059 -0.269633 0.191859
v 0.028428 -0.266687 0.192198
v 0.026594 -0.256420 0.184839
v -0.029408 -0.259319 0.183429
v 0.030220 -0.281293 0.197351
v 0.080951 -0.279896 0.180005
v 0.078424 -0.266175 0.172625
v 0.076306 -0.255404 0.168606
v 0.119943 -0.265987 0.144519
v 0.120418 -0.256966 0.142362
v 0.123108 -0.244785 0.140862
v 0.078073 -0.242326 0.172699
v 0.153997 -0.259265 0.100807
v 0.158337 -0.244762 0.099594
v 0.154316 -0.231307 0.095849
v 0.121354 -0.229783 0.136019
v 0.174896 -0.246905 0.052866
v 0.173233 -0.235094 0.049340
v 0.169115 -0.223690 0.044921
v 0.150277 -0.218021 0.090123
v 0.179621 -0.240004 0.000895
v 0.175089 -0.228424 -0.001612
v 0.169375 -0.218517 -0.004699
v 0.163085 -0.212824 0.040716
v 0.167361 -0.235377 -0.044423
v 0.161234 -0.225001 -0.045084
v 0.161922 -0.216118 -0.047910
v 0.170601 -0.211593 -0.007897
v 0.154432 -0.241485 -0.079480
v 0.150640 -0.231097 -0.079478
v 0.151130 -0.221447 -0.081224
v 0.156114 -0.211386 -0.085993
v 0.170207 -0.207689 -0.053687
v 0.138841 -0.211081 -0.104387
v 0.136272 -0.198947 -0.100044
v 0.156254 -0.198927 -0.087622
v 0.115627 -0.210219 -0.115646
v 0.111595 -0.199976 -0.106100
v 0.079013 -0.201267 -0.113659
v 0.078481 -0.187277 -0.112751
v 0.081147 -0.210190 -0.124958
v 0.041441 -0.209018 -0.131354
v 0.038621 -0.201428 -0.119889
v 0.046599 -0.216741 -0.149008
v 0.049868 -0.229961 -0.157654
v 0.012053 -0.232650 -0.164467
v 0.051807 -0.242859 -0.160673
v 0.011581 -0.248282 -0.169774
v 0.053510 -0.253818 -0.162579
v 0.010731 -0.260241 -0.173465
v -0.026981 -0.265238 -0.171245
v 0.010095 -0.271870 -0.174357
v -0.026241 -0.275459 -0.169031
v -0.058490 -0.275194 -0.161347
v -0.057744 -0.265786 -0.164242
v -0.093021 -0.258683 -0.148319
v -0.115215 -0.235500 -0.121602
v -0.109607 -0.224310 -0.122594
v -0.138143 -0.223545 -0.091200
v -0.136539 -0.214108 -0.097021
v -0.159306 -0.205076 -0.065101
v -0.164411 -0.192933 -0.070347
v -0.139579 -0.204187 -0.106992
v -0.110885 -0.213592 -0.131461
v -0.152647 -0.212233 -0.059867
v -0.165055 -0.205006 -0.020920
v -0.174747 -0.196202 -0.023584
v -0.162385 -0.214118 -0.018126
v -0.159806 -0.204140 0.025507
v -0.166893 -0.197899 0.027542
v -0.166038 -0.213790 0.028425
v -0.148583 -0.207874 0.072358
v -0.148091 -0.198735 0.071710
v -0.157149 -0.221040 0.074683
v -0.140864 -0.215720 0.107302
v -0.134627 -0.203866 0.104244
v -0.144983 -0.231228 0.110576
v -0.120251 -0.227118 0.133590
v -0.117705 -0.212142 0.126394
v -0.122501 -0.241718 0.140213
v -0.087139 -0.235073 0.166500
v -0.085742 -0.220148 0.158417
v -0.084818 -0.250308 0.170216
v -0.032849 -0.248314 0.188610
v -0.034678 -0.233144 0.183489
v 0.023177 -0.230086 0.183986
v 0.022117 -0.215970 0.176061
v -0.035167 -0.219626 0.175907
v 0.025106 -0.244373 0.188752
v 0.077300 -0.228755 0.166916
v 0.077366 -0.212367 0.158278
v 0.120101 -0.213281 0.128828
v 0.118477 -0.200603 0.118353
v 0.077232 -0.199256 0.143641
v 0.145861 -0.206696 0.082586
v 0.147133 -0.196216 0.077866
v 0.119537 -0.191338 0.109093
v 0.165012 -0.203137 0.036502
v 0.175957 -0.195311 0.033318
v 0.159432 -0.188313 0.078550
v 0.179694 -0.202972 -0.012094
v 0.182909 -0.190730 -0.017244
v 0.183107 -0.182816 0.029240
v 0.171670 -0.196737 -0.058150
v 0.168930 -0.172657 -0.065779
v 0.181475 -0.167920 -0.024647
v 0.178723 -0.128409 -0.035650
v 0.183721 -0.125984 0.010342
v 0.183525 -0.162246 0.021307
v 0.162337 -0.134983 -0.073505
v 0.154075 -0.110149 -0.074781
v 0.172131 -0.104345 -0.041451
v 0.130860 -0.114182 -0.096937
v 0.131078 -0.097792 -0.114590
v 0.154077 -0.093294 -0.081817
v 0.097213 -0.106048 -0.126765
v 0.094881 -0.097390 -0.148224
v 0.092711 -0.082337 -0.161979
v 0.135113 -0.082441 -0.130977
v 0.049482 -0.108077 -0.156355
v 0.129918 -0.064272 -0.135970
v 0.161713 -0.062146 -0.098463
v 0.160788 -0.079613 -0.092494
v 0.086654 -0.065636 -0.168268
v 0.079605 -0.049227 -0.170022
v 0.124319 -0.046894 -0.139233
v 0.020756 -0.068314 -0.190148
v 0.015885 -0.049275 -0.189271
v 0.010878 -0.037002 -0.181277
v 0.068031 -0.035882 -0.157236
v -0.056844 -0.070572 -0.180970
v -0.057019 -0.047701 -0.180551
v -0.051920 -0.035425 -0.163051
v -0.057715 -0.028507 -0.177448
v 0.008679 -0.030774 -0.189075
v -0.114887 -0.046979 -0.147015
v -0.110640 -0.033897 -0.141295
v -0.114976 -0.026234 -0.148491
v -0.153126 -0.019831 -0.105848
v -0.157371 -0.007871 -0.109164
v -0.117585 -0.013697 -0.153523
v -0.061256 -0.018231 -0.184547
v -0.142743 -0.030721 -0.099005
v -0.169608 -0.026931 -0.054937
v -0.178250 -0.018170 -0.058432
v -0.154006 -0.042180 -0.103558
v -0.178381 -0.038462 -0.055583
v -0.182931 -0.032803 -0.001736
v -0.172059 -0.022297 -0.004488
v -0.157527 -0.058620 -0.102924
v -0.180817 -0.052750 -0.054847
v -0.186087 -0.046335 0.001240
v -0.180055 -0.041843 0.050294
v -0.176283 -0.027683 0.048370
v -0.180779 -0.066913 -0.051919
v -0.186845 -0.060226 0.002764
v -0.180895 -0.055993 0.053026
v -0.160692 -0.052651 0.096099
v -0.159870 -0.039145 0.094800
v -0.185689 -0.073289 0.004345
v -0.179542 -0.069205 0.055431
v -0.160896 -0.064942 0.097324
v -0.134425 -0.062753 0.130374
v -0.134365 -0.050822 0.130365
v -0.172684 -0.080600 0.055134
v -0.156522 -0.077110 0.095617
v -0.132155 -0.074564 0.127724
v -0.092839 -0.073542 0.161343
v -0.093784 -0.063011 0.163416
v -0.150211 -0.085068 0.090569
v -0.125494 -0.083631 0.119016
v -0.088117 -0.082806 0.152578
v -0.044678 -0.089240 0.174760
v -0.042209 -0.077157 0.178897
v -0.121808 -0.089655 0.111411
v -0.085113 -0.091643 0.139781
v -0.044330 -0.098625 0.163445
v -0.002724 -0.104945 0.176620
v -0.001228 -0.095392 0.182293
v -0.086362 -0.103211 0.132955
v -0.041399 -0.107031 0.153420
v -0.003487 -0.113605 0.168106
v 0.035941 -0.129081 0.168714
v 0.036161 -0.120357 0.177130
v -0.041160 -0.119374 0.149549
v -0.088475 -0.114575 0.141055
v -0.086496 -0.134886 0.144422
v -0.041826 -0.133751 0.149601
v -0.081686 -0.154161 0.140044
v -0.040127 -0.152988 0.144106
v -0.080162 -0.171773 0.139495
v -0.038948 -0.170978 0.138623
v 0.005146 -0.166979 0.138277
v 0.048943 -0.149342 0.153135
v -0.035447 -0.187040 0.144538
v -0.081392 -0.185061 0.146676
v -0.083441 -0.197897 0.149526
v -0.032115 -0.193305 0.157670
v -0.081560 -0.208073 0.148960
v -0.033228 -0.205461 0.169112
v 0.020599 -0.200629 0.164822
v -0.117872 -0.197641 0.123156
v -0.123408 -0.190018 0.128578
v -0.138984 -0.193274 0.107252
v -0.126703 -0.175855 0.133058
v -0.146489 -0.183093 0.112012
v -0.158862 -0.189540 0.074283
v -0.148825 -0.168757 0.113931
v -0.166386 -0.176207 0.077580
v -0.177740 -0.186260 0.027132
v -0.166001 -0.160155 0.078374
v -0.180145 -0.172025 0.025272
v -0.180854 -0.183034 -0.026496
v -0.180907 -0.151568 0.021886
v -0.180759 -0.164896 -0.030455
v -0.163079 -0.177599 -0.074845
v -0.178437 -0.135817 -0.035352
v -0.160182 -0.149995 -0.081495
v -0.131489 -0.164893 -0.120255
v -0.137803 -0.190516 -0.113110
v -0.104317 -0.176230 -0.144784
v -0.109770 -0.199663 -0.139251
v -0.086268 -0.180565 -0.153352
v -0.087347 -0.202136 -0.150660
v -0.084352 -0.218653 -0.145537
v -0.069735 -0.199143 -0.155684
v -0.064234 -0.214447 -0.156050
v -0.044726 -0.192772 -0.149787
v -0.040703 -0.203258 -0.149940
v -0.004929 -0.189296 -0.132436
v -0.004298 -0.198651 -0.134102
v 0.037720 -0.189946 -0.118941
v 0.037727 -0.178080 -0.122043
v -0.003482 -0.179858 -0.133065
v -0.001995 -0.169812 -0.137197
v 0.037663 -0.163310 -0.128661
v -0.045648 -0.180549 -0.148331
v -0.042440 -0.168390 -0.150934
v -0.035765 -0.156651 -0.155081
v -0.070338 -0.181273 -0.157384
v -0.064190 -0.164212 -0.160704
v -0.050088 -0.150564 -0.166571
v -0.032734 -0.135549 -0.172070
v -0.076560 -0.155004 -0.160876
v -0.057796 -0.139650 -0.166799
v -0.043330 -0.126192 -0.170806
v -0.071853 -0.127325 -0.156062
v -0.063843 -0.115015 -0.156674
v -0.111713 -0.116052 -0.127480
v -0.109890 -0.104608 -0.127589
v -0.114390 -0.096152 -0.135184
v -0.156700 -0.089249 -0.096733
v -0.158785 -0.074094 -0.101065
v -0.116369 -0.080456 -0.143306
v -0.148801 -0.098284 -0.088523
v -0.171416 -0.090386 -0.043181
v -0.179279 -0.080799 -0.048099
v -0.148966 -0.107107 -0.085696
v -0.168227 -0.100978 -0.039192
v -0.172175 -0.095578 0.007177
v -0.177910 -0.085199 0.005744
v -0.155014 -0.120773 -0.085915
v -0.174812 -0.111860 -0.038257
v -0.180345 -0.105748 0.011651
v -0.169124 -0.097531 0.059972
v -0.165188 -0.086098 0.055820
v -0.181342 -0.124830 0.015962
v -0.170039 -0.113357 0.065932
v -0.153037 -0.103166 0.092877
v -0.149562 -0.092925 0.087740
v -0.166826 -0.137990 0.075009
v -0.152395 -0.122527 0.103884
v -0.130126 -0.116362 0.119894
v -0.124799 -0.101094 0.109784
v -0.148815 -0.146965 0.112958
v -0.128941 -0.139057 0.128101
v -0.125870 -0.160621 0.131409
v -0.119130 -0.132748 -0.126235
v -0.088050 -0.145263 -0.152691
v -0.116299 -0.064028 -0.146013
v 0.057910 -0.143079 0.163008
v 0.063676 -0.137615 0.170115
v 0.083790 -0.147347 0.159486
v 0.094280 -0.138431 0.157669
v 0.067768 -0.128266 0.171592
v 0.112789 -0.161644 0.142361
v 0.123474 -0.148282 0.140882
v 0.131975 -0.128169 0.131968
v 0.103113 -0.124327 0.149382
v 0.143694 -0.170712 0.115043
v 0.146649 -0.154838 0.109303
v 0.153793 -0.127780 0.099856
v 0.159134 -0.098366 0.090513
v 0.141675 -0.095658 0.124415
v 0.171769 -0.157607 0.067805
v 0.174203 -0.125594 0.057088
v 0.174954 -0.098156 0.049175
v 0.169113 -0.083979 0.042246
v 0.157513 -0.081221 0.084016
v 0.180993 -0.099242 0.002798
v 0.178960 -0.086963 -0.003162
v 0.185645 -0.074377 -0.008177
v 0.182714 -0.071273 0.040621
v 0.173287 -0.089041 -0.046523
v 0.181819 -0.077563 -0.052596
v 0.179008 -0.059603 -0.056807
v 0.188170 -0.056703 -0.012382
v 0.188244 -0.037150 -0.016052
v 0.181420 -0.035088 0.031810
v 0.183175 -0.053295 0.036202
v 0.175743 -0.041412 -0.060079
v 0.167681 -0.027381 -0.060620
v 0.172572 -0.024422 -0.017527
v 0.159041 -0.042865 -0.102161
v 0.143737 -0.031094 -0.098129
v 0.152869 -0.023060 -0.106923
v 0.174097 -0.018844 -0.065582
v 0.116576 -0.034453 -0.136513
v 0.119577 -0.025521 -0.145281
v 0.070644 -0.026971 -0.173680
v 0.069665 -0.016069 -0.181534
v 0.121290 -0.013226 -0.150901
v 0.157741 -0.009534 -0.113081
v 0.120006 -0.000257 -0.153719
v 0.156554 0.003693 -0.115786
v 0.177190 0.007869 -0.072301
v 0.176966 -0.005501 -0.069106
v 0.187835 0.012362 -0.023708
v 0.188005 -0.001879 -0.021279
v 0.182668 -0.014892 -0.019133
v 0.181125 0.000914 0.026054
v 0.177579 -0.011105 0.026591
v 0.171554 -0.020992 0.027011
v 0.167316 -0.008193 0.071029
v 0.156552 -0.017470 0.068058
v 0.169451 -0.029915 0.076684
v 0.137942 -0.013979 0.100865
v 0.145637 -0.025754 0.108402
v 0.147477 -0.041810 0.112733
v 0.169645 -0.049206 0.079386
v 0.147509 -0.060145 0.117454
v 0.166807 -0.068079 0.082119
v 0.141542 -0.075429 0.118095
v 0.120706 -0.050033 0.142873
v 0.118356 -0.071117 0.142992
v 0.113838 -0.094695 0.142547
v 0.084705 -0.065987 0.166444
v 0.079023 -0.094645 0.159587
v 0.071583 -0.116268 0.165156
v 0.044137 -0.084819 0.177997
v 0.039840 -0.098792 0.179314
v 0.036888 -0.110908 0.182072
v 0.001992 -0.084024 0.186256
v 0.005161 -0.072242 0.186473
v -0.040296 -0.066555 0.182363
v 0.009090 -0.054981 0.187867
v -0.039627 -0.052306 0.185304
v -0.093316 -0.051379 0.163129
v -0.038413 -0.038013 0.183433
v -0.093038 -0.038475 0.162492
v -0.133795 -0.038139 0.129919
v -0.036945 -0.024798 0.181378
v 0.014380 -0.024355 0.184805
v -0.032964 -0.014359 0.175638
v 0.012135 -0.037858 0.186755
v 0.048000 -0.039516 0.181551
v 0.045339 -0.024522 0.180751
v 0.049485 -0.061949 0.182827
v 0.084321 -0.043346 0.164972
v 0.083151 -0.028072 0.163789
v 0.121297 -0.032810 0.142842
v 0.116852 -0.018590 0.138618
v 0.108797 -0.011514 0.129641
v 0.114519 -0.001602 0.136291
v 0.143669 -0.005102 0.104742
v 0.172629 0.004244 0.070864
v 0.145627 0.007232 0.106583
v 0.117095 0.010737 0.137695
v 0.146783 0.020347 0.107101
v 0.116203 0.023554 0.137539
v 0.074729 0.028208 0.162925
v 0.075610 0.015426 0.162560
v 0.026861 0.032885 0.177303
v 0.027523 0.021281 0.179485
v -0.030763 0.034661 0.173005
v -0.030796 0.023959 0.173612
v -0.029742 0.013028 0.174057
v -0.086494 0.024193 0.156979
v -0.088193 0.011538 0.157181
v -0.130258 0.019022 0.126620
v -0.129483 0.005733 0.126886
v -0.157988 0.011383 0.089186
v -0.156232 -0.002196 0.088944
v -0.179790 0.006016 0.048119
v -0.176415 -0.007407 0.047826
v -0.166417 -0.017806 0.044500
v -0.182271 -0.010285 -0.005041
v -0.186148 0.002688 -0.005307
v -0.181880 -0.002684 -0.061693
v -0.187786 0.016200 -0.005958
v -0.180603 0.010748 -0.062170
v -0.158223 0.005283 -0.110381
v -0.178999 0.023184 -0.062199
v -0.157243 0.017910 -0.111246
v -0.117140 0.011988 -0.154780
v -0.117438 -0.000231 -0.154871
v -0.064562 0.008068 -0.188792
v -0.062918 -0.004916 -0.186926
v 0.001316 0.008945 -0.199146
v 0.003618 -0.004615 -0.197725
v 0.005895 -0.018390 -0.195231
v 0.067625 -0.003201 -0.185091
v 0.065397 0.009908 -0.187596
v 0.117772 0.012141 -0.155343
v 0.061615 0.021659 -0.182874
v 0.112903 0.023102 -0.154136
v 0.147867 0.026709 -0.116907
v 0.154885 0.015799 -0.117933
v 0.169364 0.030671 -0.075239
v 0.176250 0.019914 -0.075189
v 0.181145 0.035970 -0.026973
v 0.186557 0.025495 -0.025828
v 0.177959 0.039260 0.019876
v 0.185690 0.029296 0.023215
v 0.183797 0.014963 0.024900
v 0.168734 0.031168 0.066023
v 0.170937 0.017556 0.068664
v 0.147677 0.034121 0.107102
v 0.164879 0.042566 0.061732
v 0.142449 0.046980 0.101845
v 0.109252 0.047746 0.130763
v 0.114301 0.036587 0.136222
v 0.071414 0.051786 0.153261
v 0.074638 0.041475 0.162248
v 0.023253 0.053818 0.167572
v 0.025751 0.044423 0.174465
v -0.028249 0.051113 0.166203
v -0.030029 0.043762 0.171589
v -0.077007 0.054321 0.151067
v -0.082542 0.046132 0.154973
v -0.084793 0.035734 0.156230
v -0.128124 0.043100 0.124406
v -0.129758 0.031290 0.126573
v -0.156403 0.035691 0.087334
v -0.157806 0.024231 0.088518
v -0.179509 0.033187 0.045382
v -0.180364 0.020301 0.046845
v -0.186703 0.028115 -0.007087
v -0.171962 0.043972 0.042215
v -0.181563 0.036257 -0.009325
v -0.175012 0.032921 -0.059992
v -0.168997 0.044955 -0.011061
v -0.166703 0.040169 -0.057696
v -0.142776 0.034731 -0.106245
v -0.152043 0.027838 -0.110198
v -0.113324 0.030187 -0.148039
v -0.115973 0.022299 -0.152789
v -0.057588 0.029411 -0.170356
v -0.062144 0.021374 -0.181687
v -0.001480 0.029264 -0.185189
v -0.000546 0.020916 -0.194577
v 0.056103 0.030290 -0.173057
v -0.004625 0.037695 -0.198009
v 0.058019 0.038938 -0.188916
v 0.110832 0.038012 -0.159700
v 0.105160 0.031267 -0.148047
v 0.147721 0.040638 -0.122823
v 0.138465 0.034621 -0.113958
v 0.170845 0.047118 -0.079777
v 0.159941 0.038773 -0.073318
v 0.182719 0.049755 -0.030043
v 0.170886 0.042918 -0.028610
v 0.178352 0.056382 0.016524
v 0.162349 0.046424 0.015322
v 0.166755 0.058321 0.060308
v 0.155165 0.049342 0.056120
v 0.144108 0.060600 0.100056
v 0.136321 0.052911 0.094379
v 0.109392 0.066656 0.131832
v 0.099898 0.055176 0.119388
v 0.070364 0.066322 0.153896
v 0.065999 0.057502 0.142924
v 0.022780 0.066216 0.166644
v 0.021923 0.059016 0.157207
v -0.026320 0.067877 0.165520
v -0.024839 0.058725 0.151189
v -0.075518 0.062764 0.150500
v -0.073884 0.058171 0.145233
v -0.120537 0.061213 0.116467
v -0.114405 0.055189 0.109685
v -0.122012 0.049780 0.117005
v -0.138424 0.052259 0.075902
v -0.150212 0.044063 0.083322
v -0.165228 0.048921 0.038111
v -0.149852 0.061383 0.082874
v -0.173066 0.054568 0.040735
v -0.180830 0.052938 -0.011042
v -0.181527 0.065787 0.041161
v -0.186534 0.063171 -0.011850
v -0.183442 0.058451 -0.066684
v -0.176912 0.046360 -0.061104
v -0.158238 0.054376 -0.116787
v -0.153792 0.042960 -0.113236
v -0.120346 0.050943 -0.159359
v -0.117785 0.037896 -0.155021
v -0.069619 0.049206 -0.193331
v -0.064331 0.036651 -0.184508
v -0.006474 0.050386 -0.204375
v -0.071128 0.064556 -0.193423
v -0.007344 0.065265 -0.206949
v 0.055792 0.065953 -0.198920
v 0.057225 0.050712 -0.194898
v 0.111530 0.067200 -0.170172
v 0.114540 0.050186 -0.166884
v 0.151486 0.070439 -0.134433
v 0.151736 0.053859 -0.131408
v 0.176032 0.072473 -0.086507
v 0.175152 0.058717 -0.083492
v 0.189667 0.076906 -0.037431
v 0.190481 0.062932 -0.034049
v 0.187017 0.083222 0.013235
v 0.185041 0.068979 0.015428
v 0.171606 0.087492 0.061823
v 0.172726 0.072012 0.063161
v 0.149595 0.090288 0.101157
v 0.148477 0.074801 0.101565
v 0.113170 0.093425 0.133117
v 0.112868 0.078975 0.134804
v 0.070804 0.095898 0.159197
v 0.071370 0.080396 0.160238
v 0.025503 0.093936 0.171565
v 0.025619 0.079361 0.172458
v -0.025588 0.087759 0.171253
v -0.026559 0.077137 0.171515
v -0.080407 0.080505 0.155312
v -0.079301 0.070325 0.154296
v -0.126592 0.080956 0.125906
v -0.125911 0.068067 0.123607
v -0.157489 0.082590 0.086268
v -0.155747 0.070931 0.086164
v -0.181799 0.078512 0.039609
v -0.158521 0.095803 0.085547
v -0.181155 0.092168 0.036619
v -0.188204 0.088449 -0.016932
v -0.188146 0.075044 -0.013210
v -0.181195 0.088357 -0.070003
v -0.183619 0.072517 -0.068880
v -0.158040 0.085291 -0.121030
v -0.158783 0.069201 -0.119781
v -0.122858 0.081746 -0.159554
v -0.122284 0.065771 -0.161282
v -0.071958 0.079268 -0.192359
v -0.118192 0.093555 -0.155229
v -0.069968 0.087504 -0.187459
v -0.009251 0.090166 -0.204005
v -0.008224 0.081139 -0.207000
v 0.051478 0.092098 -0.196304
v 0.053335 0.081329 -0.198392
v 0.103508 0.093980 -0.169802
v 0.106311 0.082491 -0.169707
v 0.143481 0.095601 -0.134472
v 0.147409 0.085590 -0.135071
v 0.170213 0.097975 -0.090275
v 0.174184 0.086366 -0.088930
v 0.182788 0.102310 -0.043331
v 0.187723 0.090696 -0.040893
v 0.181253 0.108152 0.008234
v 0.187427 0.098087 0.010326
v 0.164559 0.109797 0.055837
v 0.169199 0.101873 0.059501
v 0.141662 0.113248 0.090701
v 0.147255 0.105987 0.098757
v 0.107376 0.120355 0.124706
v 0.111069 0.108476 0.129425
v 0.067503 0.121567 0.149754
v 0.069600 0.110791 0.156410
v 0.022139 0.120824 0.158847
v 0.024443 0.109948 0.168455
v -0.025195 0.115903 0.164176
v -0.024954 0.101539 0.170079
v -0.079204 0.108915 0.152498
v -0.080102 0.093068 0.154974
v -0.121498 0.109113 0.121118
v -0.124958 0.094409 0.124689
v -0.155664 0.109374 0.082354
v -0.119365 0.122109 0.118727
v -0.154337 0.120299 0.080843
v -0.178434 0.116316 0.031671
v -0.178592 0.104520 0.033143
v -0.186132 0.112617 -0.020254
v -0.183046 0.100203 -0.018344
v -0.179049 0.108582 -0.071139
v -0.177976 0.098784 -0.067316
v -0.155590 0.108830 -0.121224
v -0.154748 0.097468 -0.121985
v -0.122634 0.107175 -0.159592
v -0.160315 0.124125 -0.123924
v -0.126548 0.122877 -0.166684
v -0.075315 0.116695 -0.196979
v -0.072951 0.098685 -0.193559
v -0.013061 0.115185 -0.211931
v -0.010900 0.100117 -0.207286
v 0.050485 0.118111 -0.206131
v 0.050725 0.102022 -0.200395
v 0.102700 0.120197 -0.182900
v 0.104099 0.104717 -0.177187
v 0.147417 0.121643 -0.143313
v 0.146512 0.106285 -0.139945
v 0.177073 0.124376 -0.096841
v 0.172994 0.108272 -0.093690
v 0.189708 0.125545 -0.049549
v 0.186292 0.110297 -0.045729
v 0.186861 0.131123 0.006197
v 0.184446 0.117158 0.007886
v 0.175873 0.138242 0.055930
v 0.171357 0.122305 0.056631
v 0.148247 0.143365 0.094552
v 0.144877 0.126160 0.093168
v 0.114793 0.147016 0.131141
v 0.112442 0.129022 0.129817
v 0.069430 0.152431 0.155614
v 0.067898 0.134162 0.152538
v 0.022799 0.153187 0.166435
v 0.022495 0.134096 0.166638
v -0.030986 0.150017 0.166283
v -0.027069 0.129228 0.168277
v -0.079893 0.144681 0.148895
v -0.077084 0.120740 0.147943
v -0.123036 0.140343 0.121317
v -0.081273 0.177861 0.145319
v -0.120876 0.173431 0.115899
v -0.156003 0.168595 0.077892
v -0.158013 0.135756 0.082395
v -0.181221 0.162266 0.029866
v -0.181221 0.132678 0.032348
v -0.189320 0.154743 -0.023381
v -0.191268 0.129239 -0.020668
v -0.181780 0.151323 -0.077140
v -0.182282 0.124727 -0.074528
v -0.160226 0.148677 -0.120958
v -0.174208 0.187073 -0.076845
v -0.154867 0.182274 -0.118215
v -0.121054 0.180340 -0.162059
v -0.123909 0.146406 -0.166342
v -0.077134 0.176310 -0.191053
v -0.077809 0.142767 -0.199391
v -0.019376 0.175240 -0.206752
v -0.016575 0.140698 -0.213429
v 0.041944 0.175755 -0.202984
v 0.047008 0.143362 -0.209292
v 0.092064 0.179502 -0.182798
v 0.098529 0.145547 -0.185755
v 0.138266 0.184475 -0.143513
v 0.144875 0.147213 -0.144825
v 0.165338 0.185550 -0.100661
v 0.174039 0.153092 -0.099436
v 0.176713 0.189799 -0.059893
v 0.185832 0.155263 -0.054516
v 0.176754 0.196454 -0.005476
v 0.184643 0.158051 0.001823
v 0.166270 0.202293 0.038703
v 0.172839 0.164298 0.048107
v 0.140918 0.205756 0.077350
v 0.149682 0.169155 0.089455
v 0.106435 0.208702 0.111763
v 0.112225 0.171020 0.124222
v 0.067861 0.215110 0.137629
v 0.069122 0.177533 0.150108
v 0.018403 0.216143 0.144472
v 0.021462 0.179557 0.160857
v -0.032950 0.216008 0.143234
v -0.033868 0.178186 0.160601
v -0.074978 0.215199 0.129318
v -0.027580 0.258112 0.118458
v -0.064726 0.256158 0.108530
v -0.096656 0.250695 0.088053
v -0.113085 0.213298 0.106049
v -0.124728 0.246828 0.057883
v -0.144278 0.207699 0.070101
v -0.146394 0.243077 0.018231
v -0.171514 0.200155 0.025690
v -0.153708 0.237580 -0.026442
v -0.175893 0.190350 -0.025525
v -0.152439 0.235115 -0.070112
v -0.122569 0.284871 -0.026899
v -0.120291 0.281073 -0.060840
v -0.109988 0.278931 -0.093600
v -0.136628 0.231159 -0.107626
v -0.087886 0.276001 -0.123215
v -0.109274 0.227816 -0.147016
v -0.055814 0.274154 -0.147905
v -0.068640 0.224664 -0.175030
v -0.017287 0.272272 -0.160257
v -0.019197 0.222867 -0.188489
v 0.022432 0.272218 -0.160164
v 0.032843 0.222777 -0.186822
v 0.059618 0.274144 -0.146248
v 0.078668 0.224507 -0.168598
v 0.092612 0.276990 -0.119054
v 0.119902 0.228276 -0.136984
v 0.113485 0.279136 -0.088883
v 0.142004 0.228242 -0.097487
v 0.123010 0.281805 -0.057572
v 0.153471 0.232625 -0.059247
v 0.123088 0.285557 -0.022661
v 0.154610 0.239100 -0.014918
v 0.113561 0.289748 0.009915
v 0.143313 0.244205 0.023727
v 0.097104 0.293865 0.037901
v 0.121824 0.250200 0.059055
v 0.073704 0.296234 0.059501
v 0.092099 0.254300 0.087884
v 0.046878 0.298753 0.075573
v 0.057711 0.258115 0.109024
v 0.015125 0.298118 0.083756
v 0.016220 0.258887 0.118957
v -0.017568 0.296975 0.083794
v 0.015388 0.321802 0.061333
v -0.010909 0.321160 0.061078
v -0.035708 0.320648 0.055627
v -0.047515 0.295192 0.076444
v -0.057004 0.319351 0.043562
v -0.073918 0.292718 0.061295
v -0.076009 0.319111 0.026387
v -0.098486 0.291247 0.039342
v -0.091224 0.318707 0.002006
v -0.114420 0.287540 0.007965
v -0.098172 0.315711 -0.026902
v -0.082906 0.334016 0.001367
v -0.089844 0.329928 -0.026407
v -0.090270 0.325242 -0.051662
v -0.097165 0.312229 -0.053796
v -0.086633 0.322828 -0.075325
v -0.091676 0.309569 -0.081207
v -0.070898 0.318037 -0.097871
v -0.074728 0.305272 -0.106404
v -0.048603 0.314501 -0.120404
v -0.049595 0.302981 -0.129107
v -0.020024 0.313567 -0.130934
v -0.017930 0.301788 -0.139219
v 0.009002 0.315456 -0.132509
v 0.013881 0.302776 -0.139891
v 0.038668 0.317800 -0.124750
v 0.045071 0.305184 -0.129945
v 0.065608 0.319583 -0.100429
v 0.074026 0.309422 -0.106191
v 0.085638 0.322608 -0.075664
v 0.093188 0.310887 -0.079742
v 0.093106 0.322834 -0.051464
v 0.100543 0.311480 -0.053643
v 0.092280 0.325992 -0.023024
v 0.100451 0.312578 -0.024053
v 0.085386 0.329262 0.000985
v 0.093699 0.315453 0.002960
v 0.071680 0.331937 0.020866
v 0.079329 0.316897 0.024846
v 0.056876 0.333710 0.035535
v 0.062032 0.318908 0.042535
v 0.038197 0.334186 0.045654
v 0.039926 0.319729 0.053758
v 0.016559 0.336032 0.053517
v 0.018602 0.349247 0.050936
v -0.006101 0.349336 0.050647
v -0.007769 0.336432 0.052566
v -0.028055 0.349285 0.048438
v -0.030671 0.335864 0.049104
v -0.045581 0.349154 0.038516
v -0.049923 0.335086 0.038312
v -0.064589 0.347979 0.027259
v -0.068778 0.334945 0.024671
v -0.079031 0.346603 0.002692
v -0.079416 0.357317 0.006829
v -0.085389 0.351266 -0.026893
v -0.088207 0.342337 -0.026479
v -0.091745 0.346828 -0.050024
v -0.089913 0.336627 -0.050721
v -0.088503 0.344432 -0.068012
v -0.086820 0.333933 -0.071843
v -0.076186 0.342247 -0.087450
v -0.072145 0.330282 -0.092494
v -0.055878 0.337485 -0.112251
v -0.051042 0.325645 -0.115425
v -0.028350 0.336416 -0.127097
v -0.023613 0.325041 -0.128023
v 0.002465 0.337895 -0.130131
v 0.005804 0.326906 -0.130521
v 0.033200 0.339702 -0.124785
v 0.035295 0.328630 -0.124733
v 0.061987 0.342947 -0.103496
v 0.062770 0.331205 -0.101145
v 0.083322 0.345738 -0.073217
v 0.083803 0.334101 -0.074537
v 0.093560 0.348407 -0.047693
v 0.092425 0.335924 -0.049166
v 0.091306 0.355297 -0.021154
v 0.089791 0.341153 -0.021907
v 0.078260 0.357773 0.016658
v 0.082037 0.344848 0.003222
v 0.088921 0.352391 -0.073487
v 0.065482 0.350747 -0.106689
v 0.071571 0.351108 -0.112974
v 0.101575 0.353712 -0.072722
v 0.077820 0.361970 -0.115858
v 0.034805 0.358078 -0.143165
v 0.032267 0.373127 -0.144679
v 0.077597 0.374240 -0.117015
v 0.033445 0.350255 -0.134153
v -0.003978 0.349850 -0.138266
v -0.007932 0.350700 -0.150115
v 0.031949 0.348925 -0.124878
v -0.000898 0.347443 -0.129962
v -0.033128 0.346209 -0.124483
v -0.040314 0.350009 -0.129311
v -0.050897 0.350838 -0.137059
v -0.061963 0.347581 -0.107646
v -0.082439 0.351994 -0.083279
v -0.062021 0.377002 -0.128526
v -0.015581 0.373067 -0.148702
v -0.074665 0.417024 -0.123935
v -0.024488 0.412833 -0.152963
v 0.030843 0.410623 -0.150988
v -0.030237 0.441602 -0.152975
v 0.029182 0.440934 -0.152450
v 0.078667 0.441245 -0.122914
v 0.078780 0.409349 -0.120003
v 0.027993 0.455495 -0.153030
v 0.078123 0.456607 -0.123728
v 0.104139 0.459137 -0.076496
v 0.073303 0.468707 -0.120045
v 0.097668 0.470724 -0.076200
v 0.099330 0.475152 -0.024696
v 0.101924 0.462882 -0.021107
v 0.070635 0.479280 0.023618
v 0.074660 0.467618 0.029042
v 0.027452 0.480926 0.047558
v 0.028174 0.471054 0.055589
v 0.026812 0.455236 0.057684
v -0.022484 0.473218 0.056362
v -0.025033 0.458942 0.057702
v -0.029739 0.433313 0.057984
v 0.023902 0.424419 0.060171
v -0.037151 0.400417 0.056609
v 0.019654 0.392546 0.061874
v 0.089101 0.370022 0.016459
v -0.077669 0.432785 0.027584
v -0.079444 0.401984 0.023956
v -0.087144 0.379276 0.014737
v -0.048156 0.383163 0.052919
v -0.014637 0.382390 0.062801
v -0.087825 0.364849 0.015700
v -0.072222 0.456104 0.030381
v -0.102521 0.450172 -0.015776
v -0.105394 0.421638 -0.020962
v -0.106781 0.447531 -0.066225
v -0.104719 0.420912 -0.072964
v -0.081419 0.444254 -0.119220
v -0.106779 0.463208 -0.060535
v -0.084089 0.458762 -0.116411
v -0.032652 0.456839 -0.151864
v -0.080398 0.469784 -0.109530
v -0.032809 0.468831 -0.146575
v 0.026041 0.468544 -0.148282
v -0.030739 0.473960 -0.134677
v 0.023474 0.474878 -0.137318
v 0.066221 0.475517 -0.112097
v 0.019728 0.477015 -0.123481
v 0.088601 0.478075 -0.074988
v 0.088055 0.482082 -0.029724
v 0.062164 0.485685 0.014560
v 0.025060 0.486249 0.036021
v -0.015248 0.487152 0.038103
v -0.020351 0.484130 0.050416
v -0.055633 0.484394 0.019491
v -0.064782 0.480499 0.027432
v -0.069789 0.469702 0.030922
v -0.094686 0.478252 -0.013651
v -0.100623 0.466347 -0.013641
v -0.101264 0.475156 -0.056428
v -0.082948 0.484218 -0.016807
v -0.089883 0.480525 -0.052666
v -0.074465 0.476557 -0.099772
v -0.027945 0.476579 -0.120319
v -0.044865 0.486068 0.008492
v -0.031243 0.487356 -0.007112
v -0.026403 0.358951 0.050854
v -0.004350 0.359216 0.052641
v 0.020787 0.359363 0.053043
v 0.018827 0.362221 0.060994
v 0.169462 -0.176304 0.075299
v 0.131352 -0.181456 0.111395
v -0.025146 -0.283808 -0.164769
v 0.128437 -0.283966 -0.118670
v -0.122216 -0.438799 0.147390
v -0.161688 -0.416202 0.098938
v -0.150643 -0.444574 0.110022
v -0.145235 -0.461622 0.114349
v -0.115479 -0.459986 0.150398
v -0.137164 -0.473088 0.113705
v -0.108245 -0.474044 0.149378
v -0.125297 -0.476353 0.106097
v -0.096959 -0.480996 0.141490
v -0.081332 -0.481902 0.130006
v -0.049017 -0.478222 0.149989
v -0.109106 -0.477609 0.097734
v -0.142325 -0.480550 0.070129
v -0.125325 -0.481436 0.067771
v -0.091957 -0.482917 0.060858
v -0.132899 -0.484142 0.038448
v -0.101113 -0.483184 0.038180
v -0.054297 -0.482813 0.030472
v -0.022016 -0.479338 0.019356
v -0.105818 -0.485012 0.000691
v -0.061283 -0.481940 0.001868
v -0.028417 -0.482320 -0.005019
v -0.005721 -0.480623 -0.014227
v 0.004290 -0.480803 0.007977
v -0.017517 -0.481918 -0.033628
v -0.003933 -0.485457 -0.041201
v 0.011562 -0.480895 -0.020985
v -0.030110 -0.483622 -0.053236
v -0.015731 -0.485390 -0.059904
v -0.043810 -0.486339 -0.081826
v -0.082811 -0.488671 -0.090149
v -0.055253 -0.487435 -0.106967
v -0.094215 -0.488752 -0.100833
v -0.063271 -0.487761 -0.120052
v -0.103378 -0.487114 -0.109880
v -0.069314 -0.487243 -0.131149
v -0.109982 -0.480173 -0.115720
v -0.130800 -0.480720 -0.079077
v -0.137436 -0.474622 -0.083442
v -0.141840 -0.465276 -0.088027
v -0.114466 -0.471006 -0.119725
v -0.143021 -0.448990 -0.096949
v -0.115551 -0.456506 -0.124171
v -0.140142 -0.417803 -0.108041
v -0.113000 -0.429935 -0.137544
v -0.143197 -0.395164 -0.119314
v -0.109816 -0.402808 -0.149902
v -0.142758 -0.375822 -0.122137
v -0.168496 -0.388215 -0.083302
v -0.168505 -0.368260 -0.085789
v -0.165648 -0.352628 -0.085610
v -0.185766 -0.360840 -0.043121
v -0.186793 -0.380321 -0.040790
v -0.192843 -0.373755 0.003336
v -0.184641 -0.405425 -0.035114
v -0.192876 -0.400145 0.006596
v -0.189623 -0.395399 0.050522
v -0.179571 -0.433648 0.019635
v -0.175346 -0.426714 0.058994
v -0.170270 -0.452341 0.071512
v -0.176391 -0.458253 0.032658
v -0.172081 -0.470332 0.036116
v -0.164153 -0.465778 0.075654
v -0.175227 -0.438030 -0.021096
v -0.172420 -0.460692 -0.012705
v -0.169398 -0.472894 -0.010694
v -0.162334 -0.481647 -0.010094
v -0.163024 -0.478277 0.037024
v -0.160508 -0.460877 -0.052604
v -0.158396 -0.473339 -0.049779
v -0.151664 -0.481977 -0.045039
v -0.140191 -0.484412 -0.039898
v -0.148918 -0.485052 -0.007682
v -0.121203 -0.483326 -0.072445
v -0.109429 -0.484448 -0.062771
v -0.126249 -0.485861 -0.034207
v -0.133260 -0.485743 -0.003582
v -0.149403 -0.481652 0.037805
v -0.156009 -0.476063 0.073810
v -0.162330 -0.441428 -0.058409
v -0.166152 -0.411204 -0.074002
v 0.049882 -0.480226 -0.012732
v 0.026098 -0.481055 -0.001426
v 0.038078 -0.479759 0.023708
v 0.045220 -0.477840 0.046155
v 0.067399 -0.480443 0.052139
v 0.056059 -0.482348 0.064460
v 0.082840 -0.483603 0.067058
v -0.012704 -0.481238 0.127168
v -0.026891 -0.480361 0.157673
v -0.006162 -0.480486 0.160833
v -0.000732 -0.481097 0.133239
v 0.010525 -0.477221 0.134211
v 0.009393 -0.478158 0.160124
v 0.016092 -0.470772 0.135521
v 0.019217 -0.469870 0.156227
v 0.030088 -0.478433 0.160051
v 0.043244 -0.481655 0.159383
v 0.027617 -0.478842 0.146901
v 0.040649 -0.481973 0.145550
v 0.055482 -0.482607 0.141725
v 0.058719 -0.482163 0.155088
v 0.036128 -0.482590 0.124407
v 0.029415 -0.482486 0.103505
v 0.017982 -0.478228 0.089196
v 0.074790 -0.482747 0.148255
v 0.017426 -0.470323 0.144641
v -0.010519 -0.431505 -0.009396
v -0.100150 0.366296 -0.027579
v 0.023039 -0.468647 -0.047427
v 0.000051 -0.440703 0.009796
v 0.014843 -0.439605 0.009775
v 0.032535 -0.440524 0.008217
v 0.030744 -0.442786 -0.012232
v 0.014198 -0.440072 0.030196
v 0.030677 -0.440524 0.028498
v 0.000846 -0.440521 0.030980
v -0.010735 -0.441470 0.031777
v -0.011871 -0.441670 0.008714
v -0.019610 -0.444667 0.032539
v -0.010856 -0.443983 -0.009036
v -0.018098 -0.445980 0.044526
v -0.013411 -0.452884 0.055868
v -0.001554 -0.466100 0.069831
v 0.011067 -0.472046 0.079252
v 0.010823 -0.474281 0.086213
v 0.012340 -0.474974 0.081747
v 0.012770 -0.475772 0.090735
v 0.009499 -0.474610 0.086148
v 0.107788 -0.472043 0.043938
v 0.110261 -0.476558 0.033082
v 0.111345 -0.477107 0.021347
v 0.087274 -0.476529 0.018811
v 0.109490 -0.477324 0.010466
v 0.131227 -0.477290 0.023127
v 0.132564 -0.477761 0.009727
v 0.132132 -0.478212 -0.002262
v 0.106363 -0.477210 0.000110
v 0.147040 -0.477769 0.009862
v 0.148690 -0.478028 -0.001748
v 0.156922 -0.477168 0.010148
v 0.144971 -0.477308 0.024860
v 0.154956 -0.476905 0.026170
v 0.168326 -0.471638 0.010119
v 0.140854 -0.476782 0.039962
v 0.164318 -0.474161 0.024806
v 0.128420 -0.476686 0.036566
v 0.124759 -0.472767 0.047628
v 0.136349 -0.472782 0.052002
v 0.106871 -0.461134 0.044791
v 0.109456 -0.450540 0.036685
v 0.105287 -0.455741 0.047115
v 0.095216 -0.453816 0.040983
v 0.089057 -0.463646 0.046234
v 0.099664 -0.470694 0.049007
v 0.120850 -0.479177 0.051255
v 0.137272 -0.482091 0.050392
v 0.094935 -0.481334 0.040125
v 0.121604 -0.485643 0.035129
v 0.137862 -0.485881 0.031858
v 0.151526 -0.485850 0.029901
v 0.149669 -0.482482 0.049452
v 0.118304 -0.485394 0.016398
v 0.135548 -0.486422 0.013288
v 0.098419 -0.484092 0.018321
v 0.096292 -0.480496 -0.002030
v 0.075566 -0.469330 0.044809
v 0.076952 -0.469177 0.045656
v 0.164608 -0.481124 0.028173
v 0.108850 -0.484117 0.080314
v 0.124650 -0.484278 0.087653
v 0.115150 -0.484125 0.104991
v 0.103715 -0.482433 0.120179
v 0.129637 -0.482381 0.071217
v 0.109819 -0.480202 0.062566
v 0.110348 -0.469267 0.057561
v 0.142080 -0.458973 -0.028109
v 0.136766 -0.461402 -0.025249
v 0.137779 -0.468768 -0.021861
v 0.138436 -0.479226 -0.025524
v 0.134051 -0.457139 -0.029197
v 0.112358 -0.458369 -0.026446
v 0.105755 -0.458141 -0.024972
v 0.102554 -0.455941 -0.027098
v 0.122494 -0.479026 -0.046286
v 0.130361 -0.478333 -0.033128
v 0.124024 -0.477915 -0.063940
v 0.113120 -0.479156 -0.059694
v 0.100390 -0.478853 -0.052528
v 0.110494 -0.478576 -0.041543
v 0.095080 -0.477894 -0.036042
v 0.099779 -0.477510 -0.025271
v 0.117257 -0.477995 -0.029885
v 0.087788 -0.477832 -0.044872
v 0.080844 -0.471213 -0.046501
v 0.072082 -0.471430 -0.039358
v 0.062393 -0.470579 -0.027685
v 0.062953 -0.470095 -0.012683
v 0.067075 -0.470926 -0.005861
v 0.069220 -0.473787 -0.007656
v 0.069296 -0.472723 -0.003512
v 0.070855 -0.470565 -0.005137
v 0.072179 -0.472289 -0.003181
v 0.072176 -0.468736 -0.006515
v 0.103452 -0.477197 -0.016545
v 0.121166 -0.474371 -0.022219
v 0.135034 -0.470488 -0.024988
v 0.121000 -0.465628 -0.022904
v 0.136904 -0.460892 -0.025934
v 0.145721 -0.463644 -0.026630
v 0.142212 -0.458217 -0.028218
v 0.119230 -0.457729 -0.025748
v 0.134016 -0.456766 -0.028480
v 0.104688 -0.468092 -0.018810
v 0.105405 -0.458400 -0.024308
v 0.102849 -0.455807 -0.027609
v 0.052932 -0.479630 -0.075230
v 0.038520 -0.475185 -0.085265
v 0.048740 -0.466336 -0.087099
v 0.059889 -0.468662 -0.108681
v 0.073665 -0.462958 -0.106165
v 0.049340 -0.477968 -0.109754
v 0.056800 -0.478203 -0.124244
v 0.065453 -0.480073 -0.097921
v 0.073369 -0.480383 -0.110642
v 0.087755 -0.480661 -0.097488
v 0.078564 -0.480263 -0.084822
v 0.087347 -0.477366 -0.068604
v 0.098516 -0.480301 -0.084976
v 0.103714 -0.472352 -0.076878
v 0.091069 -0.470974 -0.064716
v 0.049899 0.370145 0.051552
v 0.045281 0.370894 0.046998
v 0.044709 0.371312 0.055365
v 0.044829 0.370879 0.047482
v 0.044639 0.370888 0.047111
v 0.041885 0.370942 0.048434
v 0.086599 0.368849 0.011288
v 0.087981 0.369458 0.014688
v 0.090825 0.368255 0.002470
v 0.094253 0.369404 0.007398
v 0.087258 0.369165 0.013108
v 0.088767 0.368984 0.010523
v 0.087120 0.368694 0.009578
v 0.090491 0.369342 0.011912
v 0.089117 0.368387 0.005217
v 0.091107 0.368865 0.006680
v 0.092539 0.368830 0.004934
v 0.093273 0.369383 0.008581
v 0.089891 0.368903 0.008627
v 0.091969 0.369355 0.010156
v 0.087834 0.368519 0.007532
v 0.099816 0.364072 -0.061962
v 0.098571 0.365919 -0.030109
v 0.100953 0.366363 -0.026984
v 0.104577 0.364754 -0.058324
v 0.098437 0.364452 -0.055867
v 0.104219 0.364808 -0.054810
v 0.104144 0.366522 -0.032783
v 0.098328 0.365677 -0.034090
v 0.105648 0.366036 -0.037259
v 0.098290 0.365566 -0.038215
v 0.105701 0.365233 -0.042640
v 0.098283 0.365448 -0.042147
v 0.104880 0.364910 -0.047033
v 0.098323 0.365219 -0.046489
v 0.104251 0.364848 -0.051195
v 0.098359 0.364877 -0.050831
v 0.107667 -0.455849 -0.030062
v 0.110146 -0.458190 -0.025599
v 0.105732 -0.458023 -0.024724
v 0.103742 -0.456811 -0.026121
v 0.112558 -0.454490 -0.034077
v 0.115904 -0.457682 -0.026317
v 0.100365 -0.456003 -0.026744
v 0.103075 -0.454683 -0.034113
v 0.091490 -0.455623 -0.029667
v 0.094829 -0.454691 -0.034422
v 0.121532 -0.454284 -0.034222
v 0.122606 -0.457370 -0.027387
v 0.128151 -0.454723 -0.032681
v 0.128385 -0.456714 -0.028635
v 0.133729 -0.455398 -0.031441
v 0.134106 -0.456973 -0.029113
v 0.140498 -0.455020 -0.032331
v 0.141150 -0.456886 -0.030283
v 0.142112 -0.458769 -0.028215
v 0.136807 -0.461370 -0.025485
v 0.148816 -0.457048 -0.031397
v 0.149407 -0.459389 -0.029803
v 0.150518 -0.462060 -0.027967
v 0.145814 -0.463649 -0.026241
v 0.155845 -0.459679 -0.030606
v 0.155672 -0.461780 -0.029536
v 0.164302 -0.462315 -0.032639
v 0.163291 -0.464974 -0.032050
v 0.161647 -0.469280 -0.030965
v 0.155836 -0.469186 -0.028587
v 0.156089 -0.457378 -0.031687
v 0.164896 -0.459419 -0.033207
v 0.156228 -0.455212 -0.032968
v 0.164697 -0.456622 -0.033655
v 0.148514 -0.454894 -0.032859
v 0.076346 -0.475192 -0.002538
v 0.075606 -0.472612 -0.003221
v 0.077085 -0.472581 -0.003720
v 0.079157 -0.478016 -0.002507
v 0.079494 -0.471861 -0.004553
v 0.082099 -0.475661 -0.003926
v 0.082490 -0.470391 -0.005605
v 0.086949 -0.473120 -0.005919
v 0.091503 -0.470478 -0.007794
v 0.093314 -0.472958 -0.007450
v 0.090866 -0.477492 -0.005383
v 0.087312 -0.480046 -0.003670
v 0.095474 -0.470401 -0.008525
v 0.173830 -0.459969 -0.018242
v 0.170981 -0.466406 0.004662
v 0.168785 -0.470849 0.001356
v 0.171176 -0.466399 -0.017483
v 0.173828 -0.460704 -0.012643
v 0.172030 -0.464612 -0.012773
v 0.171017 -0.466419 -0.001064
v 0.172034 -0.464334 0.001138
v 0.173010 -0.462462 -0.003275
v 0.172666 -0.463128 -0.003145
v 0.172787 -0.463013 -0.007926
v 0.173131 -0.462243 -0.007776
v 0.080093 -0.463818 0.116327
v 0.079410 -0.464326 0.115553
v 0.078993 -0.461857 0.114155
v 0.080104 -0.461298 0.115501
v 0.081658 -0.461419 0.117713
v 0.081099 -0.465424 0.118269
v 0.079898 -0.466813 0.117055
v 0.078531 -0.462089 0.113595
v 0.085614 -0.457745 0.122282
v 0.087019 -0.460776 0.124957
v 0.084691 -0.461363 0.121934
v 0.085740 -0.463146 0.123816
v 0.086138 -0.458875 0.123279
v 0.085791 -0.459695 0.123014
v 0.085288 -0.459022 0.122159
v 0.086643 -0.461474 0.124621
v 0.086185 -0.460635 0.123787
v 0.086582 -0.459833 0.124125
v 0.084984 -0.460214 0.122044
v 0.085420 -0.460759 0.122777
v 0.084970 -0.461838 0.122435
v 0.085345 -0.462475 0.123108
v 0.085800 -0.461500 0.123483
v 0.086215 -0.462265 0.124240
v 0.017785 -0.469562 0.147688
v 0.018051 -0.469232 0.148656
v 0.018005 -0.469697 0.148646
v 0.018240 -0.468997 0.149345
v 0.018188 -0.469809 0.149437
v 0.019005 -0.469177 0.152010
v 0.019348 -0.469103 0.152746
v 0.018973 -0.469801 0.153042
v 0.018758 -0.470073 0.151947
v 0.018954 -0.468324 0.151578
v 0.019404 -0.468171 0.152524
v 0.019832 -0.468025 0.153421
v 0.019610 -0.468857 0.153838
v 0.019902 -0.468458 0.154803
v 0.019445 -0.469206 0.155442
v 0.019210 -0.469502 0.154249
v 0.020255 -0.467880 0.154310
v -0.096093 0.366405 -0.022530
v -0.095611 0.366033 -0.027434
v -0.098759 0.366382 -0.026248
v -0.096983 0.365865 -0.031752
v -0.100242 0.366259 -0.030158
v -0.100241 0.365910 -0.035405
v -0.100787 0.366103 -0.033331
v -0.023471 0.371429 0.057037
v -0.044836 0.371221 0.051052
v -0.044273 0.372382 0.055619
v -0.030141 0.371454 0.055551
v -0.034293 0.372165 0.057537
v 0.023122 0.371077 0.056251
v -0.027547 0.371332 0.055500
v -0.020417 0.371564 0.058947
v -0.018059 0.370948 0.052762
v -0.038778 0.372319 0.056978
v -0.037079 0.370882 0.052132
v 0.017573 0.371085 0.056562
v 0.017059 0.371115 0.059498
v 0.012665 0.371064 0.054485
v 0.011028 0.371199 0.059356
v 0.005654 0.370992 0.054180
v 0.005882 0.371474 0.059685
v -0.000090 0.370935 0.053629
v 0.000230 0.371642 0.060602
v -0.005551 0.370959 0.053422
v -0.006192 0.371857 0.061684
v -0.011169 0.370973 0.053159
v -0.012484 0.372105 0.061283
vt 0.052353 0.531091
vt 0.066346 0.540224
vt 0.034350 0.536547
vt 0.035440 0.527489
vt 0.089015 0.592655
vt 0.113561 0.592126
vt 0.112439 0.603905
vt 0.077464 0.609377
vt 0.426483 0.619951
vt 0.425505 0.627064
vt 0.390000 0.609431
vt 0.399729 0.602979
vt 0.451353 0.613035
vt 0.435975 0.630233
vt 0.440945 0.598093
vt 0.374727 0.644457
vt 0.382249 0.630981
vt 0.409560 0.641925
vt 0.381881 0.654854
vt 0.469177 0.889935
vt 0.440651 0.893437
vt 0.436296 0.855057
vt 0.463280 0.857277
vt 0.462371 0.934614
vt 0.436221 0.936004
vt 0.491965 0.903056
vt 0.484040 0.935091
vt 0.302110 0.690854
vt 0.285557 0.688887
vt 0.287076 0.676058
vt 0.299303 0.679339
vt 0.303976 0.683030
vt 0.303207 0.674442
vt 0.287640 0.664321
vt 0.335317 0.181136
vt 0.347180 0.184362
vt 0.350033 0.196692
vt 0.342748 0.200348
vt 0.497415 0.923047
vt 0.493049 0.930577
vt 0.108211 0.896388
vt 0.114932 0.911591
vt 0.090501 0.905516
vt 0.091831 0.886701
vt 0.094393 0.872639
vt 0.117261 0.887716
vt 0.129314 0.909407
vt 0.119239 0.788793
vt 0.110096 0.777022
vt 0.142776 0.773964
vt 0.134581 0.791922
vt 0.749718 0.605102
vt 0.744633 0.599367
vt 0.751022 0.581761
vt 0.758671 0.595203
vt 0.753590 0.568221
vt 0.763582 0.573357
vt 0.291964 0.567026
vt 0.270147 0.564388
vt 0.270013 0.556470
vt 0.294177 0.556136
vt 0.311346 0.557507
vt 0.308310 0.567043
vt 0.275032 0.573991
vt 0.303045 0.575706
vt 0.300153 0.583087
vt 0.269824 0.585137
vt 0.294456 0.505317
vt 0.320288 0.498373
vt 0.327830 0.526291
vt 0.310254 0.530065
vt 0.693777 0.559532
vt 0.719906 0.554113
vt 0.715930 0.568868
vt 0.701306 0.566652
vt 0.677431 0.587743
vt 0.662740 0.591464
vt 0.560572 0.733125
vt 0.567400 0.746077
vt 0.527757 0.728660
vt 0.519893 0.718034
vt 0.537456 0.709748
vt 0.576192 0.727515
vt 0.786010 0.323302
vt 0.772255 0.314575
vt 0.803825 0.294160
vt 0.813444 0.318062
vt 0.784182 0.337836
vt 0.760081 0.328667
vt 0.518577 0.339564
vt 0.511192 0.350033
vt 0.511006 0.335948
vt 0.516968 0.332488
vt 0.489544 0.327353
vt 0.490360 0.308967
vt 0.499948 0.312848
vt 0.498016 0.331917
vt 0.278413 0.670992
vt 0.283250 0.678680
vt 0.283027 0.690854
vt 0.279084 0.688917
vt 0.657616 0.014177
vt 0.655319 0.018150
vt 0.658614 0.021225
vt 0.653089 0.018874
vt 0.013927 0.452042
vt 0.008136 0.460741
vt 0.004195 0.451385
vt 0.011508 0.448208
vt 0.645392 0.016023
vt 0.648477 0.006373
vt 0.713562 0.181510
vt 0.708361 0.181696
vt 0.706404 0.167920
vt 0.713882 0.168274
vt 0.709367 0.186531
vt 0.707260 0.185013
vt 0.536454 0.283660
vt 0.527790 0.286488
vt 0.527920 0.277938
vt 0.532614 0.279134
vt 0.535916 0.293638
vt 0.528774 0.296690
vt 0.915673 0.016112
vt 0.920173 0.010736
vt 0.921647 0.019535
vt 0.913371 0.021102
vt 0.536648 0.303041
vt 0.536181 0.312555
vt 0.527418 0.308725
vt 0.918088 0.041699
vt 0.925604 0.040626
vt 0.927267 0.054178
vt 0.922173 0.049901
vt 0.538866 0.304376
vt 0.538866 0.312845
vt 0.051720 0.097788
vt 0.052965 0.103787
vt 0.049653 0.105931
vt 0.049653 0.099539
vt 0.525049 0.302790
vt 0.516317 0.296752
vt 0.517852 0.286270
vt 0.523372 0.288057
vt 0.522161 0.310104
vt 0.517710 0.307623
vt 0.494930 0.281521
vt 0.503647 0.288417
vt 0.503618 0.290588
vt 0.495162 0.287409
vt 0.525049 0.282426
vt 0.514664 0.279313
vt 0.147273 0.288314
vt 0.151100 0.299325
vt 0.136995 0.305333
vt 0.134382 0.295139
vt 0.489544 0.301167
vt 0.501741 0.299505
vt 0.087508 0.129832
vt 0.087508 0.144639
vt 0.075613 0.147382
vt 0.075861 0.139402
vt 0.249073 0.616269
vt 0.250493 0.604502
vt 0.255312 0.613494
vt 0.252665 0.625319
vt 0.168846 0.294796
vt 0.162340 0.290671
vt 0.451121 0.587811
vt 0.446456 0.594134
vt 0.437625 0.591937
vt 0.449375 0.581249
vt 0.434221 0.570685
vt 0.442328 0.568057
vt 0.435860 0.578765
vt 0.423457 0.576564
vt 0.435769 0.552275
vt 0.440771 0.555894
vt 0.086443 0.260379
vt 0.086151 0.279682
vt 0.079032 0.284770
vt 0.086494 0.262177
vt 0.433910 0.571417
vt 0.432089 0.549403
vt 0.087181 0.006909
vt 0.087389 0.001121
vt 0.092114 0.000728
vt 0.092114 0.004179
vt 0.931936 0.060561
vt 0.944182 0.054723
vt 0.939494 0.075490
vt 0.930878 0.076861
vt 0.447483 0.778554
vt 0.443032 0.771012
vt 0.451120 0.759529
vt 0.457651 0.765236
vt 0.107596 0.183461
vt 0.103853 0.167877
vt 0.112839 0.167877
vt 0.108510 0.184228
vt 0.016822 0.003019
vt 0.018504 0.004612
vt 0.015509 0.016427
vt 0.009915 0.007195
vt 0.478405 0.336883
vt 0.480814 0.328520
vt 0.485432 0.326197
vt 0.485520 0.338518
vt 0.044983 0.002762
vt 0.049434 0.007244
vt 0.040849 0.009772
vt 0.037742 0.001592
vt 0.942542 0.720080
vt 0.954182 0.713535
vt 0.957353 0.719815
vt 0.954049 0.725547
vt 0.942085 0.708767
vt 0.953393 0.704361
vt 0.926209 0.725067
vt 0.927580 0.711989
vt 0.492231 0.731098
vt 0.488897 0.721870
vt 0.496245 0.703655
vt 0.504245 0.696332
vt 0.390739 0.063645
vt 0.375297 0.089528
vt 0.363171 0.085110
vt 0.366846 0.069038
vt 0.923662 0.028904
vt 0.918831 0.030680
vt 0.075984 0.078991
vt 0.080600 0.082456
vt 0.076250 0.089296
vt 0.072612 0.084986
vt 0.489120 0.752248
vt 0.494941 0.759500
vt 0.473734 0.768234
vt 0.469305 0.759807
vt 0.462156 0.750063
vt 0.474184 0.741329
vt 0.499705 0.740568
vt 0.664451 0.650325
vt 0.666409 0.659207
vt 0.657623 0.661962
vt 0.658070 0.656221
vt 0.916775 0.006130
vt 0.919678 0.001085
vt 0.923952 0.007528
vt 0.194975 0.270441
vt 0.202305 0.258601
vt 0.212456 0.261409
vt 0.202478 0.271810
vt 0.483750 0.295722
vt 0.488203 0.290876
vt 0.483816 0.308967
vt 0.484965 0.312050
vt 0.931364 0.004807
vt 0.933189 0.015434
vt 0.925615 0.017745
vt 0.948273 0.005225
vt 0.946380 0.013262
vt 0.964519 0.001085
vt 0.962935 0.009730
vt 0.020472 0.018373
vt 0.021812 0.018572
vt 0.022374 0.027118
vt 0.016573 0.028758
vt 0.959226 0.736039
vt 0.953597 0.735287
vt 0.958988 0.727273
vt 0.020726 0.145079
vt 0.017855 0.140202
vt 0.020300 0.128687
vt 0.020726 0.132521
vt 0.976407 0.717609
vt 0.963883 0.716065
vt 0.964034 0.710559
vt 0.975053 0.709511
vt 0.224896 0.344999
vt 0.232869 0.341386
vt 0.234877 0.354320
vt 0.225546 0.359915
vt 0.543472 0.470672
vt 0.543106 0.485900
vt 0.536775 0.482779
vt 0.539432 0.460871
vt 0.019581 0.043400
vt 0.023111 0.033357
vt 0.022394 0.034166
vt 0.025331 0.038786
vt 0.001569 0.059529
vt 0.001569 0.038443
vt 0.960035 0.721076
vt 0.959950 0.081624
vt 0.949158 0.082902
vt 0.952055 0.071472
vt 0.963889 0.070382
vt 0.096389 0.265885
vt 0.096720 0.277424
vt 0.639105 0.015097
vt 0.643718 0.002321
vt 0.255762 0.260015
vt 0.263368 0.261689
vt 0.264738 0.263710
vt 0.243197 0.270550
vt 0.073862 0.520123
vt 0.073862 0.499965
vt 0.080600 0.507404
vt 0.078600 0.520443
vt 0.277278 0.610568
vt 0.283239 0.608240
vt 0.283250 0.623812
vt 0.275115 0.627373
vt 0.266946 0.628942
vt 0.268940 0.615148
vt 0.261520 0.283662
vt 0.242920 0.281113
vt 0.232024 0.280629
vt 0.224111 0.278030
vt 0.212127 0.274820
vt 0.224737 0.265078
vt 0.236855 0.254594
vt 0.239747 0.293848
vt 0.225123 0.290363
vt 0.004606 0.184228
vt 0.003316 0.177214
vt 0.001386 0.173452
vt 0.004606 0.170291
vt 0.277237 0.270605
vt 0.266013 0.262391
vt 0.283016 0.255190
vt 0.295642 0.262740
vt 0.723094 0.904144
vt 0.718551 0.909324
vt 0.707418 0.907993
vt 0.709337 0.902336
vt 0.692895 0.956645
vt 0.694542 0.950874
vt 0.700357 0.953995
vt 0.695147 0.962205
vt 0.686716 0.959672
vt 0.686148 0.951583
vt 0.686515 0.965701
vt 0.693296 0.904986
vt 0.691642 0.902548
vt 0.213727 0.244922
vt 0.223926 0.249532
vt 0.678772 0.902336
vt 0.694473 0.912766
vt 0.681977 0.910305
vt 0.132497 0.065992
vt 0.135868 0.066436
vt 0.135710 0.078459
vt 0.132497 0.080600
vt 0.681247 0.271604
vt 0.690854 0.269735
vt 0.690766 0.276820
vt 0.679486 0.274718
vt 0.093919 0.051513
vt 0.095108 0.045726
vt 0.101325 0.044009
vt 0.101325 0.052965
vt 0.065202 0.119957
vt 0.069085 0.119957
vt 0.068659 0.123757
vt 0.065611 0.124354
vt 0.491877 0.354638
vt 0.490670 0.348052
vt 0.495763 0.347299
vt 0.495116 0.353615
vt 0.086593 0.080666
vt 0.086686 0.085091
vt 0.087508 0.083212
vt 0.081581 0.076339
vt 0.224738 0.219317
vt 0.231126 0.214861
vt 0.241120 0.224708
vt 0.236325 0.231864
vt 0.274788 0.658614
vt 0.274083 0.642421
vt 0.283250 0.638307
vt 0.283219 0.652415
vt 0.970460 0.875630
vt 0.969808 0.877508
vt 0.962487 0.875302
vt 0.962544 0.872503
vt 0.971801 0.880733
vt 0.962397 0.880702
vt 0.242251 0.208705
vt 0.249109 0.217714
vt 0.691851 0.505558
vt 0.689790 0.498796
vt 0.696981 0.496517
vt 0.697588 0.506069
vt 0.696938 0.521630
vt 0.688995 0.516838
vt 0.682343 0.509930
vt 0.736813 0.701128
vt 0.744660 0.701586
vt 0.746741 0.706083
vt 0.736727 0.702143
vt 0.117184 0.170162
vt 0.117445 0.169418
vt 0.117445 0.184228
vt 0.111148 0.184138
vt 0.920137 0.871350
vt 0.930080 0.871878
vt 0.929691 0.879645
vt 0.920623 0.880206
vt 0.558506 0.058461
vt 0.560478 0.067382
vt 0.552444 0.066308
vt 0.547934 0.060523
vt 0.543747 0.314077
vt 0.546091 0.311690
vt 0.552542 0.322428
vt 0.548610 0.324628
vt 0.185424 0.385350
vt 0.182304 0.369795
vt 0.192583 0.371828
vt 0.190965 0.386878
vt 0.666007 0.540312
vt 0.667968 0.526986
vt 0.676219 0.532506
vt 0.674292 0.541112
vt 0.181811 0.355457
vt 0.193439 0.357107
vt 0.678570 0.549465
vt 0.682550 0.546263
vt 0.694617 0.552829
vt 0.691544 0.554532
vt 0.513393 0.254318
vt 0.518140 0.260995
vt 0.505442 0.259454
vt 0.506565 0.246313
vt 0.161199 0.128598
vt 0.161004 0.137341
vt 0.152339 0.140256
vt 0.153745 0.126851
vt 0.339863 0.233439
vt 0.349676 0.227892
vt 0.357080 0.233851
vt 0.347796 0.246105
vt 0.343114 0.262434
vt 0.331709 0.257241
vt 0.346588 0.213986
vt 0.356941 0.216590
vt 0.185935 0.353809
vt 0.193439 0.347627
vt 0.695352 0.543294
vt 0.704671 0.546025
vt 0.703717 0.554986
vt 0.143771 0.140474
vt 0.146259 0.132318
vt 0.513461 0.266864
vt 0.505442 0.267130
vt 0.039148 0.034450
vt 0.038317 0.033542
vt 0.037227 0.034543
vt 0.037227 0.032293
vt 0.738732 0.275241
vt 0.747325 0.292140
vt 0.731761 0.302165
vt 0.720860 0.276814
vt 0.760950 0.252566
vt 0.780395 0.263950
vt 0.734139 0.244702
vt 0.549238 0.073107
vt 0.553705 0.074576
vt 0.553092 0.085025
vt 0.547934 0.086001
vt 0.660917 0.096222
vt 0.659078 0.108345
vt 0.649804 0.105482
vt 0.648484 0.094362
vt 0.549975 0.067006
vt 0.648666 0.086967
vt 0.658085 0.087396
vt 0.272828 0.503276
vt 0.275604 0.513010
vt 0.270497 0.513853
vt 0.271160 0.507371
vt 0.282075 0.502714
vt 0.285312 0.511056
vt 0.749247 0.703039
vt 0.750594 0.707248
vt 0.750728 0.743299
vt 0.748552 0.747831
vt 0.744071 0.746856
vt 0.743163 0.737654
vt 0.744183 0.723975
vt 0.749931 0.726001
vt 0.488610 0.649190
vt 0.488722 0.631765
vt 0.492809 0.631912
vt 0.491306 0.654008
vt 0.750728 0.713772
vt 0.744574 0.714528
vt 0.487487 0.619331
vt 0.492809 0.618565
vt 0.737877 0.748425
vt 0.736743 0.734649
vt 0.058696 0.092805
vt 0.062177 0.089790
vt 0.062177 0.098585
vt 0.056737 0.099022
vt 0.683454 0.489090
vt 0.686777 0.493748
vt 0.677751 0.504125
vt 0.674254 0.499609
vt 0.694218 0.484532
vt 0.695757 0.490443
vt 0.167271 0.175665
vt 0.172713 0.174717
vt 0.172713 0.186531
vt 0.167026 0.185126
vt 0.015345 0.100240
vt 0.019871 0.101866
vt 0.020726 0.111699
vt 0.015345 0.112839
vt 0.548545 0.121485
vt 0.550922 0.108067
vt 0.559415 0.112082
vt 0.558372 0.122051
vt 0.071388 0.013817
vt 0.066209 0.005181
vt 0.067273 0.001363
vt 0.071388 0.002629
vt 0.075994 0.024324
vt 0.075994 0.032240
vt 0.075243 0.031195
vt 0.072410 0.026547
vt 0.149505 0.183720
vt 0.140295 0.184228
vt 0.140295 0.176418
vt 0.149685 0.171213
vt 0.122550 0.291478
vt 0.125256 0.310161
vt 0.122590 0.527352
vt 0.115056 0.513503
vt 0.124354 0.504177
vt 0.124354 0.520253
vt 0.479488 0.574538
vt 0.483042 0.562403
vt 0.489558 0.562901
vt 0.480271 0.575712
vt 0.041451 0.078297
vt 0.038374 0.076759
vt 0.040136 0.061994
vt 0.041451 0.061474
vt 0.115805 0.319546
vt 0.129203 0.326645
vt 0.118262 0.336399
vt 0.095606 0.340886
vt 0.114365 0.329699
vt 0.588563 0.038452
vt 0.598145 0.035320
vt 0.595182 0.041794
vt 0.587034 0.041614
vt 0.674358 0.102430
vt 0.697718 0.116628
vt 0.691992 0.128387
vt 0.668363 0.115672
vt 0.001208 0.527661
vt 0.034589 0.544187
vt 0.006098 0.542647
vt 0.010033 0.516276
vt 0.176185 0.626716
vt 0.188251 0.626307
vt 0.194039 0.636590
vt 0.186948 0.645024
vt 0.182334 0.659324
vt 0.168128 0.643925
vt 0.141570 0.623283
vt 0.146613 0.609497
vt 0.031425 0.369007
vt 0.043754 0.367288
vt 0.041667 0.369881
vt 0.035598 0.376226
vt 0.033286 0.357105
vt 0.032354 0.353057
vt 0.036807 0.352263
vt 0.038221 0.357632
vt 0.976407 0.756232
vt 0.975454 0.761023
vt 0.968179 0.760734
vt 0.969990 0.752647
vt 0.027909 0.379460
vt 0.028211 0.372219
vt 0.142692 0.043564
vt 0.142776 0.050663
vt 0.133299 0.048775
vt 0.133299 0.039104
vt 0.241881 0.540055
vt 0.251010 0.546873
vt 0.250033 0.559592
vt 0.241881 0.557773
vt 0.656622 0.752342
vt 0.638831 0.755334
vt 0.639176 0.749816
vt 0.657214 0.751191
vt 0.323297 0.232069
vt 0.322313 0.213487
vt 0.335466 0.216338
vt 0.609257 0.047983
vt 0.602395 0.048347
vt 0.603039 0.040557
vt 0.609817 0.042331
vt 0.610968 0.056465
vt 0.603437 0.058234
vt 0.634302 0.685196
vt 0.639470 0.681437
vt 0.644346 0.693917
vt 0.635475 0.695062
vt 0.927811 0.935970
vt 0.926105 0.925710
vt 0.933384 0.927636
vt 0.934452 0.940401
vt 0.181925 0.135809
vt 0.179660 0.140799
vt 0.174168 0.142096
vt 0.176472 0.133379
vt 0.703481 0.482330
vt 0.704488 0.489270
vt 0.312530 0.187853
vt 0.306117 0.188345
vt 0.304601 0.181735
vt 0.313187 0.180948
vt 0.295005 0.191136
vt 0.293814 0.182548
vt 0.167055 0.124764
vt 0.167055 0.142776
vt 0.082094 0.499186
vt 0.089923 0.501446
vt 0.089490 0.519658
vt 0.082094 0.522746
vt 0.110679 0.346722
vt 0.095874 0.349225
vt 0.269698 0.098628
vt 0.271736 0.123795
vt 0.263501 0.112588
vt 0.261856 0.089899
vt 0.954353 0.847632
vt 0.942516 0.842396
vt 0.959141 0.806370
vt 0.964347 0.824550
vt 0.580174 0.101325
vt 0.580322 0.086596
vt 0.580174 0.069102
vt 0.589529 0.080294
vt 0.263453 0.683945
vt 0.263453 0.671544
vt 0.268938 0.648552
vt 0.274039 0.679929
vt 0.348825 0.276969
vt 0.335515 0.301503
vt 0.318731 0.289845
vt 0.328154 0.272548
vt 0.395096 0.305017
vt 0.385111 0.325200
vt 0.363923 0.299843
vt 0.388816 0.283093
vt 0.097566 0.518199
vt 0.099022 0.503703
vt 0.612557 0.031756
vt 0.605043 0.033979
vt 0.649267 0.674293
vt 0.655601 0.690554
vt 0.261856 0.130898
vt 0.268646 0.149685
vt 0.353482 0.319347
vt 0.029937 0.612134
vt 0.029835 0.624382
vt 0.015683 0.625498
vt 0.009341 0.615179
vt 0.001525 0.605815
vt 0.017593 0.602014
vt 0.001711 0.477299
vt 0.014579 0.460526
vt 0.021283 0.472984
vt 0.009932 0.485900
vt 0.750303 0.173865
vt 0.737358 0.163940
vt 0.750253 0.158619
vt 0.755204 0.166005
vt 0.765385 0.162002
vt 0.773691 0.167935
vt 0.027909 0.362054
vt 0.034455 0.359514
vt 0.635418 0.032821
vt 0.635585 0.039172
vt 0.625378 0.035616
vt 0.626718 0.028124
vt 0.005859 0.618731
vt 0.006996 0.624449
vt 0.766155 0.153319
vt 0.778203 0.154566
vt 0.767325 0.139856
vt 0.785921 0.138801
vt 0.810162 0.142958
vt 0.802978 0.159162
vt 0.706842 0.072085
vt 0.671132 0.079314
vt 0.668835 0.064850
vt 0.704484 0.057403
vt 0.710540 0.080955
vt 0.673542 0.090466
vt 0.749370 0.053169
vt 0.749759 0.067907
vt 0.751952 0.074811
vt 0.125243 0.343346
vt 0.122688 0.348228
vt 0.133242 0.335965
vt 0.130666 0.347020
vt 0.137199 0.343600
vt 0.140204 0.350616
vt 0.131320 0.351760
vt 0.203261 0.567522
vt 0.208011 0.566993
vt 0.207850 0.577831
vt 0.201095 0.573901
vt 0.034787 0.452471
vt 0.036629 0.463908
vt 0.798033 0.171070
vt 0.504323 0.319076
vt 0.502101 0.319847
vt 0.504323 0.340821
vt 0.500698 0.338282
vt 0.308470 0.369547
vt 0.309607 0.390417
vt 0.285567 0.386013
vt 0.294762 0.361018
vt 0.302174 0.346395
vt 0.317567 0.361090
vt 0.328103 0.387692
vt 0.173335 0.352087
vt 0.178083 0.343548
vt 0.188947 0.332269
vt 0.191136 0.340590
vt 0.176846 0.354005
vt 0.169434 0.348078
vt 0.954214 0.621871
vt 0.961861 0.642382
vt 0.953142 0.642291
vt 0.942598 0.608888
vt 0.264532 0.325067
vt 0.271889 0.327423
vt 0.264715 0.341996
vt 0.257299 0.334544
vt 0.260854 0.301073
vt 0.273970 0.308651
vt 0.110537 0.070378
vt 0.110537 0.082902
vt 0.103732 0.080814
vt 0.104416 0.071570
vt 0.180972 0.317932
vt 0.184512 0.322572
vt 0.174089 0.329803
vt 0.170256 0.320530
vt 0.711576 0.307132
vt 0.709320 0.318502
vt 0.694925 0.307532
vt 0.693528 0.282808
vt 0.142776 0.522888
vt 0.140082 0.514423
vt 0.154291 0.513287
vt 0.154291 0.525049
vt 0.701119 0.284824
vt 0.713882 0.307753
vt 0.495189 0.204295
vt 0.493647 0.207595
vt 0.491258 0.226967
vt 0.481236 0.228681
vt 0.494184 0.198771
vt 0.502020 0.224574
vt 0.055268 0.065593
vt 0.053969 0.073691
vt 0.046626 0.069346
vt 0.046626 0.054371
vt 0.222532 0.340022
vt 0.214786 0.350640
vt 0.214639 0.343068
vt 0.714870 0.703768
vt 0.722182 0.708156
vt 0.703189 0.726350
vt 0.697509 0.716475
vt 0.719121 0.682193
vt 0.731073 0.688063
vt 0.705259 0.697218
vt 0.710032 0.667940
vt 0.699889 0.675792
vt 0.703852 0.652793
vt 0.715087 0.651043
vt 0.225494 0.507662
vt 0.236555 0.498058
vt 0.247149 0.511053
vt 0.228281 0.522812
vt 0.208501 0.508943
vt 0.218263 0.493181
vt 0.375876 0.846871
vt 0.369420 0.838404
vt 0.378285 0.815902
vt 0.387989 0.827443
vt 0.269433 0.519477
vt 0.266051 0.554457
vt 0.255248 0.567140
vt 0.253087 0.557449
vt 0.384921 0.884293
vt 0.368790 0.883395
vt 0.083621 0.944031
vt 0.087655 0.926948
vt 0.115634 0.936632
vt 0.099489 0.959856
vt 0.071778 0.968166
vt 0.064865 0.948279
vt 0.062038 0.926865
vt 0.051996 0.964353
vt 0.075845 0.981912
vt 0.046457 0.973627
vt 0.031843 0.959082
vt 0.042802 0.952193
vt 0.320371 0.964991
vt 0.318743 0.954794
vt 0.321061 0.942751
vt 0.327704 0.935954
vt 0.311580 0.977180
vt 0.312531 0.960006
vt 0.341244 0.927021
vt 0.336578 0.958109
vt 0.037621 0.111765
vt 0.040233 0.113354
vt 0.041451 0.121288
vt 0.037621 0.124354
vt 0.253782 0.680226
vt 0.249392 0.691813
vt 0.240451 0.692255
vt 0.244627 0.680459
vt 0.246987 0.661255
vt 0.255616 0.659810
vt 0.366152 0.410824
vt 0.366152 0.430632
vt 0.364161 0.425016
vt 0.364572 0.409081
vt 0.343292 0.904752
vt 0.327437 0.910664
vt 0.351808 0.174593
vt 0.352456 0.170059
vt 0.357471 0.168245
vt 0.358493 0.172138
vt 0.177370 0.434443
vt 0.184228 0.446810
vt 0.181091 0.455963
vt 0.177370 0.452767
vt 0.359244 0.186253
vt 0.355307 0.191136
vt 0.046954 0.892618
vt 0.039820 0.906721
vt 0.025066 0.904251
vt 0.038001 0.884724
vt 0.061010 0.871752
vt 0.063773 0.884944
vt 0.063321 0.903526
vt 0.354121 0.150744
vt 0.353648 0.138755
vt 0.359244 0.136109
vt 0.358268 0.151661
vt 0.186109 0.308595
vt 0.185702 0.317793
vt 0.180366 0.299868
vt 0.184460 0.294619
vt 0.358849 0.160825
vt 0.352810 0.158727
vt 0.866449 0.222593
vt 0.867290 0.229958
vt 0.859230 0.227226
vt 0.858934 0.210036
vt 0.071135 0.770921
vt 0.032210 0.778362
vt 0.030029 0.767590
vt 0.065248 0.757740
vt 0.868371 0.178567
vt 0.875575 0.182007
vt 0.795790 0.674011
vt 0.798927 0.673081
vt 0.794221 0.703508
vt 0.790433 0.674114
vt 0.782948 0.710924
vt 0.780286 0.674088
vt 0.798843 0.739942
vt 0.788240 0.742837
vt 0.635585 0.092454
vt 0.632919 0.093320
vt 0.632429 0.095208
vt 0.626728 0.088364
vt 0.625069 0.072229
vt 0.634312 0.071832
vt 0.529074 0.386878
vt 0.529074 0.367316
vt 0.538093 0.369180
vt 0.538866 0.386563
vt 0.196845 0.438901
vt 0.207034 0.439576
vt 0.209559 0.447559
vt 0.197749 0.453878
vt 0.077767 0.351860
vt 0.060203 0.353687
vt 0.055901 0.342343
vt 0.075089 0.340451
vt 0.492809 0.535494
vt 0.491241 0.553636
vt 0.484080 0.552937
vt 0.484256 0.534720
vt 0.484029 0.515483
vt 0.492809 0.515577
vt 0.474047 0.549655
vt 0.473726 0.532990
vt 0.473796 0.515841
vt 0.661768 0.709296
vt 0.667825 0.727564
vt 0.651476 0.727650
vt 0.649073 0.711967
vt 0.636637 0.711042
vt 0.637364 0.726466
vt 0.625830 0.725362
vt 0.627436 0.709018
vt 0.653602 0.739556
vt 0.637842 0.738452
vt 0.624884 0.737233
vt 0.610210 0.099012
vt 0.599252 0.099999
vt 0.597648 0.088771
vt 0.608179 0.087745
vt 0.626500 0.749336
vt 0.612299 0.109337
vt 0.600576 0.108520
vt 0.626045 0.755332
vt 0.612557 0.114946
vt 0.605516 0.115142
vt 0.177412 0.517988
vt 0.179622 0.529655
vt 0.170658 0.528986
vt 0.170658 0.516593
vt 0.174297 0.508945
vt 0.177025 0.509180
vt 0.048118 0.326649
vt 0.037347 0.325568
vt 0.039387 0.308859
vt 0.048360 0.309619
vt 0.595715 0.072489
vt 0.605902 0.072144
vt 0.048360 0.338518
vt 0.038621 0.338245
vt 0.295401 0.129330
vt 0.302003 0.131659
vt 0.301799 0.143889
vt 0.294777 0.141802
vt 0.588554 0.102178
vt 0.589853 0.111782
vt 0.295893 0.118935
vt 0.303309 0.123775
vt 0.313152 0.146218
vt 0.313135 0.162026
vt 0.302236 0.160039
vt 0.294271 0.158626
vt 0.313187 0.134543
vt 0.704471 0.535679
vt 0.696111 0.533279
vt 0.704607 0.524005
vt 0.312447 0.124189
vt 0.686961 0.528458
vt 0.685154 0.538226
vt 0.678509 0.522152
vt 0.671793 0.515762
vt 0.667372 0.510472
vt 0.661386 0.519744
vt 0.736261 0.711867
vt 0.736155 0.722414
vt 0.656430 0.528948
vt 0.313059 0.172973
vt 0.303317 0.172728
vt 0.294334 0.172611
vt 0.586030 0.060396
vt 0.585605 0.050397
vt 0.594106 0.049559
vt 0.594142 0.058842
vt 0.586268 0.074056
vt 0.704671 0.497248
vt 0.704669 0.508197
vt 0.628637 0.694374
vt 0.667825 0.740283
vt 0.159691 0.067914
vt 0.170411 0.070367
vt 0.168053 0.080272
vt 0.159691 0.080600
vt 0.047941 0.352555
vt 0.045931 0.344225
vt 0.050408 0.359244
vt 0.033582 0.344544
vt 0.196845 0.465175
vt 0.203586 0.461366
vt 0.974890 0.773349
vt 0.967974 0.775169
vt 0.951156 0.794530
vt 0.960034 0.768528
vt 0.193203 0.665523
vt 0.195409 0.653348
vt 0.753350 0.176090
vt 0.735904 0.191960
vt 0.713057 0.187681
vt 0.726081 0.174462
vt 0.936208 0.829546
vt 0.928279 0.810095
vt 0.942489 0.774979
vt 0.916450 0.785282
vt 0.920980 0.752738
vt 0.773207 0.192321
vt 0.790646 0.184283
vt 0.820053 0.201252
vt 0.807781 0.206598
vt 0.789698 0.223322
vt 0.751230 0.213445
vt 0.831327 0.225810
vt 0.812907 0.237759
vt 0.901750 0.635212
vt 0.925295 0.633409
vt 0.930804 0.659613
vt 0.907087 0.658827
vt 0.827668 0.256555
vt 0.792841 0.276900
vt 0.761144 0.304007
vt 0.868426 0.662050
vt 0.907651 0.686803
vt 0.874978 0.684072
vt 0.902860 0.713902
vt 0.875043 0.710561
vt 0.930075 0.688427
vt 0.943734 0.662008
vt 0.943107 0.687320
vt 0.957199 0.667272
vt 0.954847 0.687035
vt 0.693528 0.325266
vt 0.705802 0.327004
vt 0.964837 0.687502
vt 0.963385 0.700498
vt 0.153315 0.181925
vt 0.155053 0.170228
vt 0.162861 0.169649
vt 0.163502 0.181925
vt 0.971665 0.698809
vt 0.242862 0.336450
vt 0.252539 0.331258
vt 0.247330 0.345747
vt 0.254136 0.356699
vt 0.240781 0.369722
vt 0.262295 0.366500
vt 0.250067 0.383251
vt 0.242866 0.392618
vt 0.231517 0.377810
vt 0.237435 0.399753
vt 0.224482 0.383833
vt 0.215953 0.363752
vt 0.208552 0.367450
vt 0.206834 0.353380
vt 0.218207 0.388481
vt 0.572175 0.855855
vt 0.573574 0.849385
vt 0.594619 0.854620
vt 0.592095 0.861264
vt 0.233011 0.405129
vt 0.549534 0.851326
vt 0.550685 0.843294
vt 0.530197 0.851295
vt 0.527148 0.843057
vt 0.525745 0.834900
vt 0.551624 0.835898
vt 0.574999 0.841281
vt 0.577729 0.829014
vt 0.597219 0.835675
vt 0.595755 0.846612
vt 0.554606 0.823515
vt 0.529993 0.818769
vt 0.536272 0.796188
vt 0.561118 0.800900
vt 0.584772 0.807377
vt 0.565426 0.782602
vt 0.590036 0.789710
vt 0.612766 0.802843
vt 0.602879 0.819120
vt 0.626374 0.812330
vt 0.619364 0.828491
vt 0.613246 0.842880
vt 0.427307 0.759801
vt 0.436669 0.746907
vt 0.445245 0.754570
vt 0.436981 0.766837
vt 0.432744 0.774217
vt 0.422119 0.768338
vt 0.610144 0.852228
vt 0.430975 0.780665
vt 0.420038 0.776709
vt 0.606559 0.860624
vt 0.198485 0.355711
vt 0.199542 0.344291
vt 0.206567 0.343733
vt 0.202274 0.370778
vt 0.199649 0.335667
vt 0.206267 0.334739
vt 0.215022 0.335133
vt 0.040892 0.022079
vt 0.041936 0.016461
vt 0.050663 0.015669
vt 0.049327 0.023183
vt 0.044779 0.032240
vt 0.037742 0.029576
vt 0.206582 0.329508
vt 0.198048 0.330106
vt 0.198405 0.316715
vt 0.206828 0.317115
vt 0.217914 0.318440
vt 0.217656 0.329515
vt 0.209081 0.301691
vt 0.219565 0.304587
vt 0.239388 0.310238
vt 0.241612 0.320675
vt 0.490515 0.248707
vt 0.502020 0.248126
vt 0.214685 0.286848
vt 0.205141 0.284114
vt 0.200416 0.299810
vt 0.189402 0.298577
vt 0.196318 0.281517
vt 0.189197 0.316439
vt 0.190052 0.329614
vt 0.193012 0.344624
vt 0.193166 0.335664
vt 0.440374 0.778296
vt 0.449343 0.732957
vt 0.456952 0.741722
vt 0.463348 0.721445
vt 0.469187 0.730973
vt 0.481995 0.710573
vt 0.354152 0.104566
vt 0.333532 0.100942
vt 0.336891 0.083870
vt 0.345798 0.119748
vt 0.328082 0.116397
vt 0.304053 0.083132
vt 0.306089 0.073295
vt 0.337263 0.072872
vt 0.302450 0.095786
vt 0.276975 0.091646
vt 0.278208 0.081330
vt 0.301303 0.109219
vt 0.275738 0.103161
vt 0.250719 0.076729
vt 0.252692 0.068240
vt 0.279987 0.072649
vt 0.249053 0.085953
vt 0.536998 0.768158
vt 0.566519 0.770782
vt 0.537095 0.778851
vt 0.506428 0.777881
vt 0.506836 0.767521
vt 0.223769 0.077268
vt 0.226841 0.068179
vt 0.229527 0.060382
vt 0.200086 0.066077
vt 0.203978 0.057360
vt 0.440700 0.317368
vt 0.439333 0.286234
vt 0.446359 0.286311
vt 0.446347 0.318633
vt 0.455860 0.286700
vt 0.455204 0.318291
vt 0.643898 0.325246
vt 0.651401 0.325438
vt 0.646379 0.353897
vt 0.637504 0.353158
vt 0.626911 0.352711
vt 0.634137 0.323994
vt 0.621771 0.383232
vt 0.611007 0.382497
vt 0.616560 0.352400
vt 0.622855 0.324360
vt 0.634463 0.383707
vt 0.631879 0.417319
vt 0.617621 0.416703
vt 0.645228 0.384126
vt 0.643773 0.418163
vt 0.642451 0.449632
vt 0.629184 0.451086
vt 0.651738 0.384522
vt 0.652701 0.418607
vt 0.651256 0.449257
vt 0.652433 0.479443
vt 0.643536 0.479782
vt 0.660064 0.418518
vt 0.659367 0.451100
vt 0.436760 0.539333
vt 0.427565 0.542320
vt 0.418376 0.516348
vt 0.427855 0.513240
vt 0.414114 0.483928
vt 0.424062 0.483220
vt 0.660026 0.482671
vt 0.672110 0.451714
vt 0.673233 0.483451
vt 0.405987 0.516408
vt 0.401356 0.483964
vt 0.400460 0.448354
vt 0.412824 0.448741
vt 0.391044 0.516463
vt 0.387025 0.482715
vt 0.386298 0.446679
vt 0.388499 0.410432
vt 0.403225 0.412515
vt 0.372840 0.474696
vt 0.371563 0.445167
vt 0.822913 0.101101
vt 0.822436 0.118132
vt 0.791144 0.115386
vt 0.790568 0.098483
vt 0.761649 0.117183
vt 0.756048 0.097686
vt 0.720899 0.105288
vt 0.712110 0.090061
vt 0.754140 0.083153
vt 0.790696 0.082886
vt 0.733900 0.123186
vt 0.715189 0.129849
vt 0.744056 0.143383
vt 0.727932 0.147750
vt 0.717719 0.151360
vt 0.706037 0.137801
vt 0.722475 0.164486
vt 0.193942 0.618312
vt 0.180417 0.607253
vt 0.203450 0.633501
vt 0.206105 0.647025
vt 0.198777 0.646836
vt 0.410205 0.377553
vt 0.419222 0.342673
vt 0.431648 0.345295
vt 0.421292 0.378860
vt 0.415709 0.414300
vt 0.428770 0.378070
vt 0.423298 0.414916
vt 0.423664 0.449430
vt 0.816565 0.068847
vt 0.787353 0.066809
vt 0.787591 0.054915
vt 0.818733 0.058629
vt 0.430931 0.451113
vt 0.432690 0.484388
vt 0.445578 0.452628
vt 0.445072 0.485107
vt 0.640415 0.507778
vt 0.626711 0.507431
vt 0.628904 0.480647
vt 0.650500 0.507462
vt 0.447938 0.515299
vt 0.457395 0.484796
vt 0.461525 0.514261
vt 0.614610 0.480021
vt 0.615175 0.450463
vt 0.603675 0.478683
vt 0.604533 0.449554
vt 0.606415 0.416543
vt 0.595839 0.448473
vt 0.599997 0.415735
vt 0.602664 0.382218
vt 0.593674 0.415318
vt 0.596079 0.382146
vt 0.601413 0.354541
vt 0.607785 0.352240
vt 0.188203 0.008090
vt 0.192695 0.000967
vt 0.209838 0.012813
vt 0.205990 0.021890
vt 0.613524 0.324949
vt 0.230604 0.023975
vt 0.229303 0.032222
vt 0.474386 0.288098
vt 0.474386 0.318430
vt 0.465362 0.318095
vt 0.466082 0.287337
vt 0.474326 0.347396
vt 0.464768 0.346829
vt 0.453248 0.346585
vt 0.462073 0.375138
vt 0.449779 0.375364
vt 0.442149 0.374638
vt 0.445117 0.346317
vt 0.280236 0.065684
vt 0.280348 0.052821
vt 0.308547 0.052815
vt 0.307214 0.064967
vt 0.339900 0.048972
vt 0.338439 0.063454
vt 0.478347 0.683918
vt 0.487645 0.671444
vt 0.516143 0.683803
vt 0.368676 0.058386
vt 0.371292 0.041769
vt 0.340644 0.037368
vt 0.372579 0.030548
vt 0.524402 0.676508
vt 0.555347 0.693988
vt 0.548542 0.700899
vt 0.588738 0.713563
vt 0.583461 0.720527
vt 0.616011 0.733196
vt 0.613820 0.740281
vt 0.610074 0.748702
vt 0.174993 0.570465
vt 0.174973 0.579936
vt 0.141191 0.577427
vt 0.141573 0.568227
vt 0.141834 0.558162
vt 0.175173 0.559838
vt 0.604190 0.757903
vt 0.141612 0.550095
vt 0.171770 0.552172
vt 0.601878 0.766075
vt 0.140972 0.543690
vt 0.170836 0.544826
vt 0.208124 0.548303
vt 0.208408 0.554776
vt 0.570801 0.752618
vt 0.601494 0.773247
vt 0.600609 0.780665
vt 0.568774 0.760609
vt 0.527720 0.748071
vt 0.529696 0.737192
vt 0.831327 0.359068
vt 0.790600 0.363850
vt 0.788888 0.356883
vt 0.826936 0.353769
vt 0.529133 0.753717
vt 0.787049 0.348293
vt 0.822737 0.345536
vt 0.868426 0.747509
vt 0.870737 0.739165
vt 0.899999 0.741817
vt 0.902192 0.750728
vt 0.872618 0.727359
vt 0.900478 0.730028
vt 0.925812 0.735931
vt 0.925459 0.745403
vt 0.940319 0.733038
vt 0.938871 0.743005
vt 0.955678 0.749881
vt 0.819345 0.334114
vt 0.753874 0.344675
vt 0.756413 0.337056
vt 0.736995 0.328314
vt 0.741470 0.323040
vt 0.747291 0.316887
vt 0.724671 0.306861
vt 0.717571 0.310374
vt 0.700404 0.276593
vt 0.709419 0.276067
vt 0.698028 0.240860
vt 0.711929 0.241743
vt 0.700637 0.212351
vt 0.718437 0.215605
vt 0.111895 0.614605
vt 0.076456 0.619589
vt 0.042745 0.633454
vt 0.039621 0.625707
vt 0.111390 0.530991
vt 0.105296 0.538764
vt 0.071265 0.523629
vt 0.024676 0.646984
vt 0.020344 0.642967
vt 0.141046 0.538907
vt 0.009202 0.665523
vt 0.001527 0.663229
vt 0.169594 0.537278
vt 0.106673 0.544199
vt 0.106783 0.552319
vt 0.068295 0.547668
vt 0.001985 0.275293
vt 0.011062 0.272230
vt 0.013817 0.313678
vt 0.005144 0.314861
vt 0.105983 0.562929
vt 0.067109 0.556628
vt 0.105663 0.573155
vt 0.066985 0.568698
vt 0.067034 0.578773
vt 0.031317 0.578474
vt 0.031250 0.566790
vt 0.032099 0.552662
vt 0.105821 0.582501
vt 0.105538 0.588995
vt 0.068545 0.586725
vt 0.140982 0.585409
vt 0.141003 0.591886
vt 0.534260 0.501398
vt 0.527596 0.502020
vt 0.524153 0.468238
vt 0.530841 0.468541
vt 0.174400 0.588009
vt 0.171909 0.594964
vt 0.390991 0.605648
vt 0.364444 0.602973
vt 0.363998 0.597740
vt 0.392550 0.598918
vt 0.364869 0.588298
vt 0.392635 0.589111
vt 0.332391 0.600984
vt 0.332582 0.597180
vt 0.334005 0.589849
vt 0.333739 0.582236
vt 0.361849 0.580469
vt 0.298286 0.596567
vt 0.298652 0.591517
vt 0.264929 0.599787
vt 0.266479 0.593844
vt 0.235813 0.598677
vt 0.235348 0.591268
vt 0.234332 0.604659
vt 0.340323 0.022949
vt 0.309221 0.026768
vt 0.309773 0.021376
vt 0.340618 0.016497
vt 0.371216 0.015818
vt 0.372431 0.022234
vt 0.340826 0.028875
vt 0.309419 0.033928
vt 0.281403 0.034494
vt 0.283014 0.026349
vt 0.309234 0.041596
vt 0.280880 0.041713
vt 0.252718 0.049205
vt 0.253935 0.038625
vt 0.255538 0.030647
vt 0.258279 0.023242
vt 0.233927 0.017005
vt 0.234293 0.013838
vt 0.259790 0.019683
vt 0.213230 0.005649
vt 0.848008 0.704286
vt 0.848100 0.676065
vt 0.853395 0.675502
vt 0.851092 0.704588
vt 0.861727 0.676395
vt 0.858260 0.704911
vt 0.845745 0.646461
vt 0.854793 0.646666
vt 0.863454 0.649054
vt 0.576630 0.351867
vt 0.570626 0.379073
vt 0.560745 0.377908
vt 0.567693 0.351793
vt 0.576895 0.327076
vt 0.585509 0.325886
vt 0.586223 0.352153
vt 0.581382 0.379643
vt 0.574387 0.412680
vt 0.562806 0.410278
vt 0.595321 0.353754
vt 0.589673 0.380139
vt 0.583510 0.414263
vt 0.578142 0.447468
vt 0.567587 0.445228
vt 0.589177 0.448693
vt 0.586587 0.478387
vt 0.575998 0.476796
vt 0.438193 0.382272
vt 0.431179 0.380661
vt 0.434093 0.350506
vt 0.442146 0.350660
vt 0.431179 0.321130
vt 0.439204 0.321495
vt 0.595385 0.476990
vt 0.481648 0.510463
vt 0.472724 0.512258
vt 0.468678 0.483800
vt 0.476426 0.483603
vt 0.467580 0.455148
vt 0.475231 0.456594
vt 0.457568 0.453971
vt 0.461482 0.419618
vt 0.469537 0.422179
vt 0.449962 0.417549
vt 0.455997 0.380548
vt 0.466835 0.382269
vt 0.433026 0.415385
vt 0.441504 0.378462
vt 0.478921 0.346520
vt 0.487494 0.350433
vt 0.476351 0.384566
vt 0.747348 0.030387
vt 0.748325 0.039813
vt 0.703545 0.044529
vt 0.703623 0.034974
vt 0.667309 0.052508
vt 0.668133 0.043908
vt 0.668783 0.036811
vt 0.704296 0.028887
vt 0.007011 0.592554
vt 0.003345 0.581485
vt 0.033278 0.588941
vt 0.034066 0.595502
vt 0.008593 0.601043
vt 0.567966 0.106450
vt 0.575711 0.103675
vt 0.573603 0.142776
vt 0.563902 0.141993
vt 0.069054 0.593232
vt 0.563902 0.067214
vt 0.573628 0.063700
vt 0.754702 0.498231
vt 0.765420 0.498092
vt 0.764930 0.531967
vt 0.753315 0.533027
vt 0.745079 0.497756
vt 0.749205 0.461736
vt 0.758621 0.462226
vt 0.767761 0.461639
vt 0.777180 0.460753
vt 0.776368 0.496530
vt 0.763260 0.425677
vt 0.771731 0.425645
vt 0.781008 0.426202
vt 0.789413 0.426303
vt 0.786502 0.460246
vt 0.775770 0.394297
vt 0.784905 0.396148
vt 0.793283 0.398097
vt 0.356191 0.565968
vt 0.355253 0.559127
vt 0.382362 0.560593
vt 0.383341 0.566144
vt 0.788901 0.372525
vt 0.796785 0.374576
vt 0.331340 0.566640
vt 0.330959 0.559426
vt 0.330959 0.550983
vt 0.356150 0.551339
vt 0.312404 0.550093
vt 0.314179 0.542308
vt 0.330595 0.541812
vt 0.295183 0.550485
vt 0.740458 0.557735
vt 0.735081 0.574440
vt 0.725411 0.573202
vt 0.731002 0.555580
vt 0.717903 0.596399
vt 0.708516 0.592748
vt 0.726484 0.598749
vt 0.715017 0.625929
vt 0.707060 0.624395
vt 0.742100 0.575685
vt 0.735197 0.598417
vt 0.102418 0.272431
vt 0.110670 0.270735
vt 0.112839 0.301832
vt 0.099584 0.301933
vt 0.110959 0.328309
vt 0.099584 0.331610
vt 0.724949 0.626635
vt 0.736144 0.629115
vt 0.727824 0.656145
vt 0.745651 0.631756
vt 0.738813 0.661437
vt 0.753619 0.633886
vt 0.747004 0.665774
vt 0.738476 0.692342
vt 0.754508 0.669552
vt 0.744888 0.694442
vt 0.860914 0.757056
vt 0.853343 0.757138
vt 0.854824 0.733184
vt 0.861887 0.734331
vt 0.728241 0.712433
vt 0.865870 0.705563
vt 0.709989 0.732407
vt 0.717457 0.737260
vt 0.696109 0.751458
vt 0.689441 0.744870
vt 0.683195 0.737831
vt 0.677830 0.731039
vt 0.667738 0.754182
vt 0.662740 0.746461
vt 0.234631 0.933937
vt 0.229491 0.958694
vt 0.222092 0.954984
vt 0.228058 0.929234
vt 0.219307 0.980366
vt 0.208890 0.981012
vt 0.212415 0.952775
vt 0.218476 0.926225
vt 0.552890 0.348145
vt 0.560037 0.352125
vt 0.552538 0.376518
vt 0.546756 0.373379
vt 0.877557 0.652151
vt 0.890777 0.625755
vt 0.900199 0.628431
vt 0.884300 0.656311
vt 0.555425 0.407714
vt 0.548479 0.406207
vt 0.885231 0.624189
vt 0.891503 0.591683
vt 0.898586 0.590818
vt 0.557154 0.442168
vt 0.550173 0.440048
vt 0.555520 0.473642
vt 0.548782 0.473520
vt 0.527977 0.531707
vt 0.516094 0.534536
vt 0.511234 0.506589
vt 0.522030 0.502005
vt 0.508000 0.482518
vt 0.517747 0.479691
vt 0.504712 0.536742
vt 0.499461 0.509977
vt 0.496156 0.484122
vt 0.496390 0.459225
vt 0.508760 0.460282
vt 0.488365 0.512247
vt 0.484908 0.484847
vt 0.484486 0.458227
vt 0.487260 0.425475
vt 0.499657 0.427603
vt 0.476576 0.423034
vt 0.481466 0.383968
vt 0.492603 0.386727
vt 0.785734 0.014688
vt 0.784622 0.024094
vt 0.745530 0.024860
vt 0.746633 0.015738
vt 0.504436 0.351879
vt 0.515833 0.355435
vt 0.503606 0.389815
vt 0.746679 0.005775
vt 0.703934 0.019485
vt 0.704125 0.010067
vt 0.665931 0.027017
vt 0.665406 0.018424
vt 0.664131 0.008469
vt 0.703868 0.001456
vt 0.767551 0.560966
vt 0.756934 0.563046
vt 0.777919 0.529375
vt 0.780494 0.557124
vt 0.788872 0.523983
vt 0.792229 0.548610
vt 0.786326 0.493473
vt 0.794259 0.491390
vt 0.796785 0.518551
vt 0.793685 0.458307
vt 0.915664 0.425893
vt 0.907146 0.431453
vt 0.902111 0.396293
vt 0.911832 0.392614
vt 0.794604 0.424809
vt 0.925744 0.456398
vt 0.917638 0.461795
vt 0.909807 0.465175
vt 0.897443 0.435679
vt 0.340821 0.746704
vt 0.332479 0.748425
vt 0.332795 0.718518
vt 0.340821 0.715530
vt 0.384546 0.552801
vt 0.354720 0.542697
vt 0.383592 0.542940
vt 0.350051 0.524675
vt 0.379609 0.525713
vt 0.945320 0.275429
vt 0.915578 0.279575
vt 0.920250 0.247012
vt 0.947169 0.242187
vt 0.962590 0.238175
vt 0.962590 0.272257
vt 0.344078 0.497335
vt 0.373626 0.496161
vt 0.340499 0.480295
vt 0.368207 0.478842
vt 0.316849 0.482646
vt 0.307516 0.468376
vt 0.337155 0.467224
vt 0.284441 0.476365
vt 0.290159 0.110504
vt 0.286310 0.143202
vt 0.273640 0.153802
vt 0.277495 0.117549
vt 0.271432 0.467379
vt 0.263160 0.454888
vt 0.300643 0.454601
vt 0.290159 0.184497
vt 0.287057 0.202650
vt 0.226936 0.476256
vt 0.219022 0.461915
vt 0.245197 0.478980
vt 0.260942 0.490463
vt 0.203509 0.491497
vt 0.296098 0.441462
vt 0.332449 0.441693
vt 0.334728 0.455155
vt 0.257414 0.442714
vt 0.253788 0.431504
vt 0.292324 0.429181
vt 0.056453 0.375747
vt 0.051669 0.365375
vt 0.099948 0.356816
vt 0.105663 0.368990
vt 0.109401 0.382600
vt 0.061847 0.386919
vt 0.112990 0.393020
vt 0.070164 0.399157
vt 0.162685 0.369417
vt 0.163002 0.385626
vt 0.158875 0.398161
vt 0.067831 0.140095
vt 0.061309 0.130354
vt 0.105094 0.109145
vt 0.107738 0.114899
vt 0.204830 0.393562
vt 0.201655 0.404050
vt 0.031537 0.166956
vt 0.027660 0.161886
vt 0.813879 0.671500
vt 0.810099 0.632381
vt 0.819554 0.630308
vt 0.824033 0.671047
vt 0.823623 0.718556
vt 0.814276 0.718919
vt 0.806163 0.672298
vt 0.799639 0.637404
vt 0.220698 0.061025
vt 0.192312 0.042325
vt 0.194919 0.033423
vt 0.225679 0.050248
vt 0.224251 0.415664
vt 0.232587 0.406577
vt 0.025352 0.000686
vt 0.034543 0.001941
vt 0.034543 0.041451
vt 0.028293 0.038445
vt 0.917689 0.109672
vt 0.917021 0.069537
vt 0.924561 0.071303
vt 0.925744 0.108731
vt 0.918497 0.146605
vt 0.906536 0.147382
vt 0.907253 0.110252
vt 0.906958 0.068367
vt 0.905484 0.032512
vt 0.915887 0.032896
vt 0.896613 0.109377
vt 0.896676 0.068443
vt 0.894905 0.031723
vt 0.892614 0.001241
vt 0.902590 0.001039
vt 0.886926 0.068525
vt 0.884961 0.031229
vt 0.883512 0.001427
vt 0.760688 0.743791
vt 0.757165 0.713555
vt 0.765009 0.713122
vt 0.769147 0.743790
vt 0.140017 0.247556
vt 0.106606 0.241926
vt 0.109489 0.233171
vt 0.141172 0.239215
vt 0.170306 0.238312
vt 0.170513 0.245752
vt 0.290197 0.692431
vt 0.320510 0.697179
vt 0.320436 0.705121
vt 0.289235 0.701473
vt 0.140566 0.230902
vt 0.167510 0.228203
vt 0.202193 0.220632
vt 0.205684 0.229913
vt 0.323164 0.688645
vt 0.355680 0.685675
vt 0.358278 0.694910
vt 0.164214 0.221295
vt 0.195461 0.211166
vt 0.225371 0.195294
vt 0.232024 0.203283
vt 0.355009 0.676834
vt 0.385825 0.672350
vt 0.387638 0.680132
vt 0.191308 0.204283
vt 0.220388 0.186902
vt 0.243446 0.169899
vt 0.248707 0.176164
vt 0.384483 0.664621
vt 0.412732 0.651372
vt 0.413672 0.659160
vt 0.356339 0.668779
vt 0.355731 0.659249
vt 0.561217 0.445897
vt 0.571106 0.449581
vt 0.568849 0.478920
vt 0.558553 0.475932
vt 0.243536 0.989503
vt 0.236365 0.990224
vt 0.241982 0.955091
vt 0.251679 0.958718
vt 0.320820 0.663878
vt 0.321370 0.649945
vt 0.354507 0.649068
vt 0.323751 0.635112
vt 0.354555 0.634237
vt 0.323949 0.622385
vt 0.354286 0.620327
vt 0.386927 0.620478
vt 0.420648 0.633229
vt 0.356274 0.609809
vt 0.534109 0.402407
vt 0.545774 0.406476
vt 0.537895 0.430718
vt 0.526864 0.428820
vt 0.517254 0.429275
vt 0.526734 0.394948
vt 0.230285 0.719849
vt 0.220151 0.719876
vt 0.219715 0.677567
vt 0.229690 0.685010
vt 0.511066 0.428772
vt 0.515221 0.391090
vt 0.211840 0.723094
vt 0.206199 0.683463
vt 0.212185 0.639226
vt 0.222548 0.633919
vt 0.528923 0.360658
vt 0.532916 0.330056
vt 0.545774 0.336010
vt 0.519194 0.461257
vt 0.294228 0.603133
vt 0.320595 0.605890
vt 0.322647 0.614363
vt 0.290758 0.609914
vt 0.877557 0.514408
vt 0.884637 0.510736
vt 0.890497 0.528861
vt 0.882887 0.531293
vt 0.893400 0.506734
vt 0.899839 0.525745
vt 0.901218 0.555338
vt 0.890624 0.556255
vt 0.546756 0.499318
vt 0.554597 0.496395
vt 0.907951 0.523393
vt 0.911927 0.552967
vt 0.910143 0.591807
vt 0.671324 0.897257
vt 0.634226 0.897662
vt 0.631405 0.886173
vt 0.670492 0.886608
vt 0.709383 0.887050
vt 0.709549 0.897201
vt 0.669990 0.871288
vt 0.709679 0.873354
vt 0.744700 0.876690
vt 0.743535 0.888396
vt 0.741804 0.898110
vt 0.709252 0.851676
vt 0.745784 0.855844
vt 0.777778 0.861944
vt 0.775829 0.881317
vt 0.773230 0.892039
vt 0.202155 0.948572
vt 0.184590 0.940293
vt 0.191618 0.914830
vt 0.207500 0.921840
vt 0.196052 0.900437
vt 0.210879 0.903498
vt 0.223756 0.904456
vt 0.211207 0.890158
vt 0.222435 0.887480
vt 0.234241 0.879360
vt 0.234890 0.902587
vt 0.691501 0.701534
vt 0.679875 0.700929
vt 0.682140 0.681610
vt 0.690163 0.681843
vt 0.688526 0.651813
vt 0.695088 0.654191
vt 0.699179 0.621688
vt 0.692098 0.618727
vt 0.699529 0.590446
vt 0.682975 0.648275
vt 0.230946 0.539649
vt 0.229681 0.531700
vt 0.253303 0.523799
vt 0.256522 0.535311
vt 0.673675 0.678652
vt 0.202540 0.542714
vt 0.203037 0.533275
vt 0.204248 0.523528
vt 0.185830 0.544720
vt 0.187483 0.531339
vt 0.191249 0.519147
vt 0.196795 0.505662
vt 0.180110 0.870447
vt 0.187802 0.882517
vt 0.179120 0.889838
vt 0.171218 0.874627
vt 0.164183 0.862992
vt 0.172253 0.856319
vt 0.259957 0.575711
vt 0.269433 0.571312
vt 0.736911 0.548077
vt 0.723779 0.544792
vt 0.726602 0.530013
vt 0.736911 0.529583
vt 0.362175 0.832723
vt 0.367874 0.814287
vt 0.720958 0.498405
vt 0.728160 0.494620
vt 0.371603 0.774102
vt 0.379984 0.773299
vt 0.378219 0.732725
vt 0.389863 0.732331
vt 0.393080 0.774165
vt 0.368886 0.735614
vt 0.025467 0.169899
vt 0.046631 0.198257
vt 0.040124 0.205074
vt 0.016841 0.175480
vt 0.364116 0.773136
vt 0.362175 0.734826
vt 0.744290 0.817775
vt 0.743487 0.824564
vt 0.707766 0.826240
vt 0.708936 0.817893
vt 0.673261 0.828922
vt 0.672446 0.821017
vt 0.745180 0.834225
vt 0.708197 0.834036
vt 0.670930 0.836664
vt 0.635619 0.838085
vt 0.637258 0.829338
vt 0.670453 0.851066
vt 0.633495 0.850371
vt 0.257608 0.877238
vt 0.251931 0.898785
vt 0.243213 0.897426
vt 0.245781 0.873609
vt 0.630642 0.869618
vt 0.274696 0.885371
vt 0.266695 0.905985
vt 0.259893 0.925548
vt 0.246340 0.922430
vt 0.608557 0.863082
vt 0.605703 0.882199
vt 0.283555 0.914306
vt 0.276093 0.931979
vt 0.265088 0.963078
vt 0.297976 0.916532
vt 0.290007 0.937020
vt 0.289275 0.646418
vt 0.290562 0.631516
vt 0.306278 0.918073
vt 0.300520 0.938581
vt 0.289235 0.621037
vt 0.608086 0.898110
vt 0.432735 0.520443
vt 0.432735 0.491343
vt 0.442146 0.489372
vt 0.440945 0.517425
vt 0.238395 0.923947
vt 0.139437 0.226047
vt 0.238862 0.897784
vt 0.236365 0.872883
vt 0.112867 0.227170
vt 0.075866 0.218619
vt 0.079422 0.211407
vt 0.777387 0.826196
vt 0.778362 0.838218
vt 0.708571 0.500987
vt 0.710072 0.527682
vt 0.164183 0.928097
vt 0.172313 0.899508
vt 0.708066 0.539554
vt 0.071530 0.227550
vt 0.886040 0.107918
vt 0.895084 0.147322
vt 0.883512 0.145640
vt 0.400622 0.733375
vt 0.404860 0.774662
vt 0.403906 0.825552
vt 0.411416 0.735516
vt 0.416407 0.775498
vt 0.419118 0.824735
vt 0.198752 0.888776
vt 0.668457 0.696541
vt 0.266963 0.501755
vt 0.268413 0.516660
vt 0.110096 0.802575
vt 0.118939 0.810602
vt 0.571106 0.492728
vt 0.562154 0.495112
vt 0.427957 0.639020
vt 0.432761 0.643910
vt 0.446646 0.633772
vt 0.454750 0.639147
vt 0.436309 0.650598
vt 0.466579 0.618626
vt 0.475068 0.627217
vt 0.482002 0.639334
vt 0.461646 0.647087
vt 0.881991 0.340033
vt 0.894027 0.336119
vt 0.891769 0.365939
vt 0.881941 0.369265
vt 0.940951 0.146263
vt 0.945918 0.172903
vt 0.926921 0.178430
vt 0.927169 0.152195
vt 0.905952 0.183418
vt 0.904996 0.156265
vt 0.947367 0.206638
vt 0.923879 0.211971
vt 0.903663 0.215433
vt 0.891774 0.218360
vt 0.892763 0.186394
vt 0.899954 0.249762
vt 0.890199 0.252707
vt 0.847401 0.145247
vt 0.838187 0.150272
vt 0.828211 0.118945
vt 0.840735 0.113195
vt 0.896698 0.280739
vt 0.885474 0.283250
vt 0.858962 0.169675
vt 0.849926 0.176168
vt 0.174137 0.653725
vt 0.175804 0.667369
vt 0.144754 0.663788
vt 0.142341 0.651326
vt 0.367426 0.456989
vt 0.366461 0.467031
vt 0.364431 0.443844
vt 0.146338 0.677986
vt 0.110646 0.676434
vt 0.108717 0.662792
vt 0.106450 0.649717
vt 0.176716 0.681176
vt 0.175221 0.692665
vt 0.144544 0.690028
vt 0.361772 0.430717
vt 0.329865 0.427659
vt 0.204953 0.686958
vt 0.199277 0.697762
vt 0.219282 0.145882
vt 0.224528 0.136946
vt 0.248707 0.161195
vt 0.244491 0.166956
vt 0.012736 0.415664
vt 0.001444 0.406478
vt 0.028033 0.395405
vt 0.033785 0.404773
vt 0.191665 0.124798
vt 0.192706 0.117006
vt 0.879290 0.104996
vt 0.881990 0.144082
vt 0.873199 0.148635
vt 0.869503 0.106965
vt 0.867939 0.068212
vt 0.879045 0.067450
vt 0.153060 0.120166
vt 0.152171 0.107071
vt 0.859967 0.108701
vt 0.858223 0.069827
vt 0.858914 0.035172
vt 0.868964 0.033937
vt 0.879342 0.033744
vt 0.861235 0.002230
vt 0.871757 0.001282
vt 0.881990 0.003015
vt 0.649199 0.812302
vt 0.647424 0.802582
vt 0.680057 0.797632
vt 0.680277 0.806225
vt 0.681592 0.814579
vt 0.652805 0.821969
vt 0.627165 0.831327
vt 0.622689 0.824207
vt 0.712353 0.802974
vt 0.713358 0.813357
vt 0.111981 0.688680
vt 0.080015 0.690270
vt 0.076236 0.678300
vt 0.053517 0.693236
vt 0.049774 0.682792
vt 0.047780 0.670667
vt 0.075375 0.664325
vt 0.045383 0.657221
vt 0.074051 0.651200
vt 0.824431 0.086814
vt 0.820206 0.056794
vt 0.831613 0.054911
vt 0.835550 0.082675
vt 0.819344 0.029674
vt 0.833015 0.029938
vt 0.849121 0.029818
vt 0.842663 0.052327
vt 0.889913 0.159067
vt 0.838124 0.001544
vt 0.858962 0.005197
vt 0.470785 0.666240
vt 0.445839 0.671578
vt 0.439477 0.657690
vt 0.490506 0.660460
vt 0.421396 0.684137
vt 0.417570 0.674700
vt 0.414886 0.666776
vt 0.390746 0.688780
vt 0.393690 0.697016
vt 0.360365 0.702996
vt 0.397520 0.709329
vt 0.361704 0.713653
vt 0.321364 0.713316
vt 0.762318 0.674415
vt 0.764670 0.632799
vt 0.774807 0.632409
vt 0.771022 0.674093
vt 0.773564 0.712550
vt 0.754517 0.674960
vt 0.778534 0.743411
vt 0.784335 0.631985
vt 0.792615 0.599894
vt 0.801102 0.601163
vt 0.793551 0.631761
vt 0.364930 0.732324
vt 0.363255 0.723397
vt 0.400594 0.721121
vt 0.402860 0.730226
vt 0.426697 0.716816
vt 0.425475 0.727494
vt 0.426692 0.701007
vt 0.451758 0.692930
vt 0.452577 0.708786
vt 0.452450 0.719500
vt 0.475335 0.682832
vt 0.478138 0.697673
vt 0.479454 0.709887
vt 0.021889 0.679172
vt 0.023547 0.690461
vt 0.002918 0.696522
vt 0.001217 0.687661
vt 0.022738 0.667048
vt 0.881542 0.150599
vt 0.888899 0.155589
vt 0.028544 0.697762
vt 0.770419 0.821537
vt 0.773664 0.812380
vt 0.803693 0.821708
vt 0.796830 0.831327
vt 0.741272 0.814706
vt 0.742649 0.806524
vt 0.711764 0.793353
vt 0.744548 0.798090
vt 0.775061 0.803744
vt 0.746004 0.789690
vt 0.776814 0.796455
vt 0.000761 0.768613
vt 0.000991 0.759472
vt 0.030524 0.749601
vt 0.030318 0.758816
vt 0.003125 0.777566
vt 0.065153 0.741543
vt 0.064980 0.749425
vt 0.107722 0.738700
vt 0.108086 0.746209
vt 0.107662 0.753958
vt 0.149716 0.746891
vt 0.151388 0.755801
vt 0.150152 0.767010
vt 0.108204 0.764627
vt 0.478973 0.015570
vt 0.481009 0.024098
vt 0.441486 0.025011
vt 0.440926 0.016363
vt 0.183076 0.763985
vt 0.174320 0.778362
vt 0.408592 0.028644
vt 0.408394 0.020096
vt 0.797978 0.376106
vt 0.807996 0.374862
vt 0.807940 0.403964
vt 0.797978 0.405337
vt 0.084471 0.034189
vt 0.117275 0.026186
vt 0.119568 0.036839
vt 0.086840 0.043988
vt 0.156272 0.025790
vt 0.155955 0.037181
vt 0.226857 0.665767
vt 0.226209 0.629481
vt 0.234890 0.630634
vt 0.234890 0.667825
vt 0.805996 0.768494
vt 0.796662 0.773021
vt 0.800002 0.443909
vt 0.809695 0.442947
vt 0.809755 0.484908
vt 0.798006 0.483838
vt 0.819725 0.442368
vt 0.819600 0.484390
vt 0.818284 0.521503
vt 0.808505 0.521593
vt 0.799316 0.520272
vt 0.828668 0.483636
vt 0.827578 0.521309
vt 0.828812 0.629801
vt 0.837407 0.630418
vt 0.841547 0.671109
vt 0.833425 0.671241
vt 0.842842 0.717049
vt 0.833418 0.717874
vt 0.838962 0.764239
vt 0.829207 0.765657
vt 0.819000 0.766724
vt 0.137562 0.127713
vt 0.138900 0.136957
vt 0.091182 0.138033
vt 0.089947 0.129670
vt 0.809333 0.804845
vt 0.799639 0.803275
vt 0.808602 0.766933
vt 0.140221 0.146288
vt 0.092506 0.146804
vt 0.863719 0.151149
vt 0.854235 0.153139
vt 0.851115 0.110215
vt 0.052560 0.153262
vt 0.094733 0.156275
vt 0.055753 0.161450
vt 0.843989 0.111388
vt 0.842574 0.073668
vt 0.849443 0.071389
vt 0.232587 0.430994
vt 0.229944 0.439844
vt 0.202727 0.433984
vt 0.204565 0.425141
vt 0.849991 0.036821
vt 0.169248 0.430033
vt 0.170062 0.421526
vt 0.169794 0.411760
vt 0.203606 0.416116
vt 0.134793 0.427491
vt 0.134320 0.418678
vt 0.134006 0.408678
vt 0.100902 0.418053
vt 0.100432 0.407723
vt 0.100180 0.397748
vt 0.133938 0.399080
vt 0.169234 0.401372
vt 0.068048 0.419124
vt 0.069046 0.409538
vt 0.070324 0.400524
vt 0.102503 0.427302
vt 0.070027 0.429763
vt 0.044353 0.432860
vt 0.042065 0.423432
vt 0.042456 0.413718
vt 0.022364 0.439844
vt 0.017203 0.430931
vt 0.002000 0.750355
vt 0.030168 0.740271
vt 0.582620 0.054106
vt 0.577853 0.063328
vt 0.554627 0.053901
vt 0.558171 0.045862
vt 0.065681 0.733814
vt 0.522521 0.046044
vt 0.523020 0.039282
vt 0.106923 0.732513
vt 0.486935 0.046851
vt 0.484472 0.039545
vt 0.482727 0.032077
vt 0.522374 0.032800
vt 0.443941 0.041689
vt 0.442824 0.033084
vt 0.148100 0.738880
vt 0.410883 0.045285
vt 0.409532 0.037256
vt 0.379385 0.054316
vt 0.378359 0.045336
vt 0.817469 0.374457
vt 0.818542 0.403855
vt 0.828076 0.404072
vt 0.828512 0.442424
vt 0.835933 0.406105
vt 0.834455 0.443812
vt 0.835497 0.481582
vt 0.151214 0.267130
vt 0.113636 0.266705
vt 0.116459 0.257384
vt 0.150616 0.260567
vt 0.188288 0.248151
vt 0.190016 0.255569
vt 0.834586 0.520167
vt 0.221598 0.230986
vt 0.224527 0.233681
vt 0.832268 0.554024
vt 0.824892 0.556137
vt 0.224412 0.170833
vt 0.222021 0.177319
vt 0.181848 0.169513
vt 0.185909 0.161555
vt 0.188395 0.150727
vt 0.225679 0.163185
vt 0.141085 0.163780
vt 0.141033 0.155799
vt 0.098133 0.164743
vt 0.125795 0.062839
vt 0.083368 0.070765
vt 0.078170 0.061945
vt 0.123137 0.050544
vt 0.167189 0.055686
vt 0.166239 0.065952
vt 0.060959 0.168863
vt 0.203034 0.069951
vt 0.198912 0.079242
vt 0.034961 0.177319
vt 0.028400 0.170704
vt 0.231714 0.091699
vt 0.225593 0.100120
vt 0.221725 0.043337
vt 0.194279 0.023403
vt 0.196325 0.016997
vt 0.224527 0.037043
vt 0.254464 0.121550
vt 0.246368 0.126657
vt 0.162816 0.010759
vt 0.162385 0.003342
vt 0.616515 0.799088
vt 0.610723 0.791110
vt 0.640708 0.778021
vt 0.646641 0.789956
vt 0.129973 0.012457
vt 0.127929 0.000843
vt 0.672027 0.770947
vt 0.674291 0.781424
vt 0.099534 0.013503
vt 0.096148 0.006078
vt 0.705678 0.768441
vt 0.705443 0.777139
vt 0.739815 0.769651
vt 0.736165 0.782796
vt 0.069822 0.023303
vt 0.048015 0.047334
vt 0.040356 0.039617
vt 0.064756 0.018284
vt 0.769832 0.778471
vt 0.764921 0.787868
vt 0.027536 0.069665
vt 0.020308 0.064870
vt 0.797936 0.792253
vt 0.792476 0.799088
vt 0.012789 0.100395
vt 0.005155 0.098566
vt 0.020341 0.170411
vt 0.013489 0.165652
vt 0.027102 0.138854
vt 0.036752 0.146725
vt 0.012557 0.135195
vt 0.000969 0.136449
vt 0.050441 0.117875
vt 0.053722 0.121931
vt 0.012044 0.171667
vt 0.007332 0.173500
vt 0.085762 0.101095
vt 0.088932 0.108522
vt 0.033927 0.204969
vt 0.027628 0.209987
vt 0.056151 0.226029
vt 0.049267 0.234192
vt 0.445191 0.049217
vt 0.413717 0.052828
vt 0.081016 0.249543
vt 0.077173 0.254229
vt 0.383598 0.063328
vt 0.151771 0.098080
vt 0.118600 0.103563
vt 0.116637 0.091806
vt 0.151925 0.090720
vt 0.189740 0.097286
vt 0.186778 0.107385
vt 0.153673 0.080814
vt 0.191634 0.089556
vt 0.469982 0.061046
vt 0.470735 0.068817
vt 0.430070 0.070679
vt 0.432569 0.061046
vt 0.223388 0.112102
vt 0.218456 0.119828
vt 0.391506 0.071733
vt 0.392722 0.062870
vt 0.253386 0.136071
vt 0.245799 0.144504
vt 0.863567 0.341804
vt 0.854450 0.344185
vt 0.847564 0.305516
vt 0.857829 0.304568
vt 0.272887 0.165723
vt 0.267017 0.170411
vt 0.843332 0.260979
vt 0.854870 0.259610
vt 0.014508 0.122222
vt 0.041805 0.087714
vt 0.049911 0.096283
vt 0.018943 0.126657
vt 0.845193 0.215330
vt 0.855761 0.215500
vt 0.832899 0.262634
vt 0.834391 0.215769
vt 0.096905 0.690683
vt 0.098422 0.700515
vt 0.051871 0.705999
vt 0.049902 0.696263
vt 0.853827 0.175606
vt 0.863567 0.176404
vt 0.908509 0.909215
vt 0.897195 0.911630
vt 0.893894 0.869185
vt 0.906195 0.866521
vt 0.916340 0.864577
vt 0.917684 0.905849
vt 0.891950 0.830008
vt 0.904220 0.828764
vt 0.915346 0.826199
vt 0.894331 0.791068
vt 0.904707 0.790253
vt 0.914028 0.790552
vt 0.896408 0.756460
vt 0.906795 0.754653
vt 0.917684 0.756452
vt 0.160296 0.470421
vt 0.161078 0.480882
vt 0.123767 0.478540
vt 0.123442 0.468540
vt 0.605277 0.781268
vt 0.637460 0.768247
vt 0.086237 0.477256
vt 0.087125 0.465974
vt 0.671481 0.759861
vt 0.054486 0.477396
vt 0.055702 0.466628
vt 0.705026 0.757907
vt 0.704650 0.748158
vt 0.739567 0.751705
vt 0.740384 0.760246
vt 0.625972 0.005127
vt 0.626374 0.015104
vt 0.595932 0.022831
vt 0.596134 0.011960
vt 0.773524 0.768092
vt 0.562841 0.024843
vt 0.562722 0.014615
vt 0.560243 0.004195
vt 0.594978 0.000734
vt 0.525029 0.021560
vt 0.524152 0.014056
vt 0.524001 0.006301
vt 0.483980 0.014610
vt 0.484604 0.007129
vt 0.487161 0.000923
vt 0.449019 0.010381
vt 0.449248 0.000734
vt 0.048694 0.111551
vt 0.082133 0.093613
vt 0.049511 0.259154
vt 0.041984 0.260965
vt 0.031198 0.226274
vt 0.038539 0.226121
vt 0.115762 0.083511
vt 0.541034 0.063662
vt 0.542335 0.072241
vt 0.509450 0.074768
vt 0.509350 0.065301
vt 0.543138 0.082011
vt 0.508533 0.085026
vt 0.469548 0.087864
vt 0.470980 0.077692
vt 0.430362 0.092792
vt 0.429823 0.081187
vt 0.391350 0.094750
vt 0.390772 0.082889
vt 0.843589 0.344275
vt 0.832527 0.344097
vt 0.826673 0.308487
vt 0.836890 0.306870
vt 0.823302 0.264162
vt 0.146638 0.710324
vt 0.183889 0.716800
vt 0.181075 0.726297
vt 0.145585 0.717304
vt 0.101210 0.718566
vt 0.099974 0.711609
vt 0.145202 0.699795
vt 0.056506 0.724727
vt 0.054549 0.716791
vt 0.017990 0.734608
vt 0.015270 0.726702
vt 0.010562 0.716123
vt 0.883603 0.870790
vt 0.875681 0.871730
vt 0.874837 0.832839
vt 0.881475 0.831719
vt 0.876206 0.795005
vt 0.884254 0.792809
vt 0.194540 0.497577
vt 0.193646 0.506626
vt 0.161508 0.500796
vt 0.161767 0.491420
vt 0.194590 0.487131
vt 0.123774 0.497799
vt 0.124300 0.489349
vt 0.087038 0.495029
vt 0.085976 0.488126
vt 0.058279 0.496422
vt 0.054149 0.489194
vt 0.028020 0.502477
vt 0.026488 0.492803
vt 0.025796 0.481317
vt 0.003959 0.506626
vt 0.000683 0.497726
vt 0.624952 0.025182
vt 0.595196 0.032949
vt 0.010608 0.396089
vt 0.001627 0.393211
vt 0.010266 0.369099
vt 0.020274 0.373285
vt 0.562220 0.035694
vt 0.020588 0.341845
vt 0.031858 0.342925
vt 0.525681 0.031150
vt 0.027335 0.303448
vt 0.038555 0.302300
vt 0.484394 0.023498
vt 0.021523 0.264982
vt 0.032656 0.262828
vt 0.046861 0.300985
vt 0.012291 0.228510
vt 0.022492 0.226685
vt 0.012044 0.266630
vt 0.004541 0.229812
vt 0.541922 0.092145
vt 0.541779 0.100234
vt 0.507055 0.103072
vt 0.507012 0.094307
vt 0.001627 0.194171
vt 0.011098 0.192763
vt 0.469301 0.105788
vt 0.469311 0.096409
vt 0.431329 0.107613
vt 0.433113 0.100032
vt 0.393302 0.111890
vt 0.391606 0.103627
vt 0.879687 0.641559
vt 0.872246 0.642891
vt 0.864799 0.608939
vt 0.875622 0.606662
vt 0.207839 0.734608
vt 0.209559 0.726100
vt 0.860779 0.645948
vt 0.851812 0.610123
vt 0.851488 0.566188
vt 0.864771 0.564807
vt 0.874354 0.564156
vt 0.853667 0.519801
vt 0.865335 0.519070
vt 0.873124 0.518504
vt 0.859250 0.479130
vt 0.871753 0.479974
vt 0.879687 0.480260
vt 0.871732 0.913517
vt 0.859435 0.916327
vt 0.855171 0.878651
vt 0.866894 0.875293
vt 0.879324 0.911186
vt 0.854499 0.835121
vt 0.866074 0.834173
vt 0.855591 0.794610
vt 0.868035 0.795291
vt 0.859873 0.761607
vt 0.871720 0.761565
vt 0.878178 0.762114
vt 0.666872 0.297573
vt 0.656305 0.295293
vt 0.674067 0.258287
vt 0.683122 0.261639
vt 0.214165 0.182765
vt 0.179719 0.195360
vt 0.178948 0.188730
vt 0.211922 0.176981
vt 0.687670 0.222815
vt 0.697339 0.227044
vt 0.143972 0.201734
vt 0.142755 0.191391
vt 0.144940 0.213013
vt 0.109703 0.212015
vt 0.110577 0.200055
vt 0.111846 0.190570
vt 0.073532 0.207523
vt 0.074835 0.195489
vt 0.076674 0.187407
vt 0.004070 0.852053
vt 0.001496 0.839111
vt 0.033747 0.828242
vt 0.035796 0.841754
vt 0.042738 0.185236
vt 0.045294 0.176981
vt 0.067651 0.823214
vt 0.068708 0.836754
vt 0.069848 0.847664
vt 0.036746 0.851230
vt 0.107408 0.822690
vt 0.105364 0.837319
vt 0.104725 0.847684
vt 0.144317 0.827233
vt 0.143338 0.844608
vt 0.145249 0.852053
vt 0.177319 0.833300
vt 0.175515 0.846967
vt 0.017897 0.304097
vt 0.605403 0.679340
vt 0.567465 0.679340
vt 0.567302 0.656728
vt 0.603868 0.655719
vt 0.641328 0.651638
vt 0.643133 0.674785
vt 0.306775 0.691542
vt 0.306775 0.654315
vt 0.316143 0.656302
vt 0.317793 0.693157
vt 0.544623 0.111518
vt 0.544346 0.135901
vt 0.510307 0.136951
vt 0.509291 0.115071
vt 0.471248 0.137016
vt 0.470915 0.118172
vt 0.431207 0.139559
vt 0.430605 0.119872
vt 0.397599 0.141169
vt 0.393095 0.123514
vt 0.434355 0.165392
vt 0.402469 0.165268
vt 0.368126 0.166951
vt 0.361940 0.142667
vt 0.359612 0.125594
vt 0.332574 0.881236
vt 0.307647 0.881990
vt 0.313454 0.849497
vt 0.338839 0.847187
vt 0.836428 0.609566
vt 0.833108 0.568345
vt 0.313117 0.807059
vt 0.338554 0.802110
vt 0.835843 0.522895
vt 0.307038 0.762088
vt 0.330709 0.755657
vt 0.347393 0.750968
vt 0.355790 0.797376
vt 0.295920 0.725563
vt 0.319823 0.717963
vt 0.841304 0.918836
vt 0.837092 0.881303
vt 0.813919 0.881381
vt 0.810507 0.837204
vt 0.836262 0.836238
vt 0.812581 0.800029
vt 0.835006 0.796461
vt 0.618254 0.313345
vt 0.596702 0.300991
vt 0.611040 0.276588
vt 0.635530 0.287186
vt 0.637400 0.322398
vt 0.627933 0.240610
vt 0.655431 0.251124
vt 0.640239 0.209124
vt 0.668154 0.217926
vt 0.650276 0.178884
vt 0.678607 0.185972
vt 0.696421 0.191551
vt 0.658012 0.149600
vt 0.686828 0.156245
vt 0.704671 0.160881
vt 0.659856 0.123562
vt 0.688125 0.129243
vt 0.002591 0.823197
vt 0.033076 0.811396
vt 0.032820 0.786940
vt 0.068942 0.782322
vt 0.067684 0.805425
vt 0.498476 0.646465
vt 0.504405 0.617797
vt 0.536037 0.624533
vt 0.532202 0.654864
vt 0.108505 0.803559
vt 0.567349 0.626409
vt 0.530203 0.674665
vt 0.539940 0.588446
vt 0.566720 0.591665
vt 0.594993 0.593115
vt 0.600259 0.625495
vt 0.624844 0.589919
vt 0.634536 0.622026
vt 0.654752 0.582763
vt 0.670083 0.616600
vt 0.677066 0.643996
vt 0.510259 0.164712
vt 0.507311 0.195912
vt 0.474652 0.196583
vt 0.472227 0.162772
vt 0.442467 0.199055
vt 0.476846 0.230064
vt 0.451569 0.230562
vt 0.426798 0.231859
vt 0.413701 0.199294
vt 0.403493 0.231837
vt 0.382887 0.199744
vt 0.270132 0.877305
vt 0.229400 0.865604
vt 0.233659 0.841978
vt 0.275367 0.847295
vt 0.234672 0.813577
vt 0.275700 0.810893
vt 0.231531 0.784421
vt 0.271252 0.772687
vt 0.224116 0.757253
vt 0.262325 0.739149
vt 0.213424 0.733203
vt 0.249344 0.709116
vt 0.279988 0.691963
vt 0.551254 0.299327
vt 0.525005 0.265680
vt 0.537583 0.250487
vt 0.568919 0.279377
vt 0.577893 0.322398
vt 0.549049 0.232114
vt 0.582207 0.256509
vt 0.560213 0.209224
vt 0.595434 0.227057
vt 0.569164 0.185683
vt 0.605970 0.199086
vt 0.575639 0.163607
vt 0.613572 0.170794
vt 0.579982 0.144689
vt 0.618949 0.145521
vt 0.581727 0.128445
vt 0.621029 0.124160
vt 0.492201 0.573759
vt 0.509638 0.538099
vt 0.525515 0.545462
vt 0.513142 0.582093
vt 0.477372 0.609521
vt 0.545388 0.550702
vt 0.532912 0.522849
vt 0.548995 0.526792
vt 0.566325 0.528797
vt 0.566721 0.553641
vt 0.584343 0.528737
vt 0.589206 0.554071
vt 0.603021 0.526052
vt 0.613334 0.551437
vt 0.622416 0.520669
vt 0.636324 0.546091
vt 0.638880 0.514409
vt 0.655970 0.537893
vt 0.678188 0.573187
vt 0.478231 0.251719
vt 0.499168 0.250794
vt 0.499633 0.261745
vt 0.479418 0.261760
vt 0.460567 0.260848
vt 0.458207 0.251797
vt 0.442836 0.261291
vt 0.437598 0.252363
vt 0.424919 0.259441
vt 0.417717 0.251093
vt 0.196828 0.871099
vt 0.204118 0.858368
vt 0.222490 0.881990
vt 0.192975 0.856610
vt 0.198711 0.840011
vt 0.208795 0.839792
vt 0.199445 0.818986
vt 0.209371 0.816479
vt 0.196167 0.797847
vt 0.206300 0.793218
vt 0.190434 0.776250
vt 0.199913 0.770501
vt 0.181610 0.756561
vt 0.189337 0.749542
vt 0.172366 0.742047
vt 0.180877 0.735528
vt 0.507842 0.242623
vt 0.519219 0.229625
vt 0.512706 0.221476
vt 0.522720 0.207939
vt 0.529727 0.214762
vt 0.531655 0.189077
vt 0.540464 0.196057
vt 0.538154 0.171690
vt 0.548382 0.176979
vt 0.542691 0.155686
vt 0.554386 0.160033
vt 0.545656 0.143001
vt 0.558100 0.144892
vt 0.547249 0.132801
vt 0.559535 0.133195
vt 0.787573 0.565849
vt 0.785980 0.584012
vt 0.768830 0.586251
vt 0.772424 0.563612
vt 0.438439 0.532176
vt 0.447318 0.532737
vt 0.451918 0.548114
vt 0.443388 0.549676
vt 0.787573 0.602779
vt 0.771957 0.610254
vt 0.457912 0.530437
vt 0.460639 0.545748
vt 0.462717 0.563877
vt 0.454061 0.565974
vt 0.534389 0.510917
vt 0.549491 0.513690
vt 0.464104 0.580087
vt 0.454925 0.582975
vt 0.564847 0.516102
vt 0.562534 0.506768
vt 0.577289 0.506110
vt 0.581059 0.515826
vt 0.593577 0.505912
vt 0.598168 0.514177
vt 0.612653 0.500999
vt 0.616495 0.509330
vt 0.501555 0.270676
vt 0.518691 0.268721
vt 0.525740 0.275749
vt 0.505623 0.278115
vt 0.480817 0.277246
vt 0.480447 0.270780
vt 0.463919 0.276523
vt 0.462319 0.269066
vt 0.450356 0.276432
vt 0.446450 0.269073
vt 0.435175 0.276306
vt 0.430092 0.267909
vt 0.808237 0.568694
vt 0.800910 0.572747
vt 0.800803 0.551156
vt 0.808674 0.547209
vt 0.815207 0.544208
vt 0.815207 0.566369
vt 0.802051 0.528096
vt 0.810193 0.524962
vt 0.189996 0.842727
vt 0.191052 0.822580
vt 0.183264 0.827013
vt 0.180456 0.804530
vt 0.187967 0.801154
vt 0.175553 0.782110
vt 0.183122 0.779638
vt 0.409407 0.598370
vt 0.401691 0.598683
vt 0.399980 0.572897
vt 0.408671 0.571938
vt 0.416815 0.570935
vt 0.416815 0.597481
vt 0.400761 0.545538
vt 0.408817 0.546797
vt 0.416671 0.547301
vt 0.401947 0.526092
vt 0.410741 0.528248
vt 0.505813 0.216388
vt 0.515412 0.201800
vt 0.508360 0.196753
vt 0.514091 0.177473
vt 0.522411 0.182579
vt 0.525747 0.150582
vt 0.528986 0.164177
vt 0.285557 0.646034
vt 0.295736 0.655444
vt 0.533231 0.147907
vt 0.057282 0.020726
vt 0.057282 0.001845
vt 0.061569 0.002705
vt 0.062177 0.016613
vt 0.395418 0.542643
vt 0.397708 0.522326
vt 0.881927 0.335586
vt 0.861408 0.357510
vt 0.856034 0.354053
vt 0.880631 0.326275
vt 0.896874 0.317981
vt 0.900413 0.324446
vt 0.393555 0.572574
vt 0.674734 0.912791
vt 0.672163 0.949809
vt 0.663382 0.947611
vt 0.669468 0.903998
vt 0.665099 0.983581
vt 0.654327 0.984417
vt 0.654453 0.947378
vt 0.659727 0.906832
vt 0.672361 0.979780
vt 0.846047 0.384611
vt 0.848177 0.412064
vt 0.840106 0.416582
vt 0.838550 0.384179
vt 0.853055 0.384431
vt 0.853986 0.408865
vt 0.862396 0.431249
vt 0.859488 0.436725
vt 0.174006 0.807802
vt 0.169220 0.783806
vt 0.176208 0.831337
vt 0.377575 0.119748
vt 0.382309 0.094182
vt 0.386869 0.075702
vt 0.386878 0.119748
vt 0.855259 0.445377
vt 0.878230 0.449234
vt 0.882478 0.458139
vt 0.898020 0.459791
vt 0.900413 0.468629
vt 0.794278 0.556451
vt 0.795412 0.531867
vt 0.794475 0.578014
vt 0.232666 0.703396
vt 0.240759 0.704671
vt 0.439550 0.283250
vt 0.453623 0.281970
vt 0.225428 0.589529
vt 0.225428 0.545170
vt 0.238678 0.540398
vt 0.241799 0.578866
vt 0.502542 0.888453
vt 0.522640 0.879697
vt 0.516316 0.913658
vt 0.500406 0.919892
vt 0.966209 0.350033
vt 0.930138 0.339721
vt 0.925512 0.311078
vt 0.967195 0.320640
vt 0.543191 0.905896
vt 0.543189 0.946829
vt 0.518218 0.949049
vt 0.508009 0.951370
vt 0.563330 0.900856
vt 0.564174 0.944734
vt 0.626624 0.985618
vt 0.604906 0.984781
vt 0.605573 0.944794
vt 0.628805 0.945673
vt 0.610719 0.904750
vt 0.637445 0.904816
vt 0.594527 0.984495
vt 0.594527 0.944270
vt 0.598708 0.905210
vt 0.424234 0.936578
vt 0.416540 0.967195
vt 0.407460 0.963045
vt 0.414877 0.934675
vt 0.417251 0.897419
vt 0.426784 0.896017
vt 0.414020 0.858217
vt 0.423566 0.855649
vt 0.407460 0.834743
vt 0.415404 0.829708
vt 0.923431 0.432161
vt 0.917585 0.398118
vt 0.928498 0.397812
vt 0.935594 0.432665
vt 0.917772 0.360682
vt 0.927775 0.359424
vt 0.946147 0.357041
vt 0.950072 0.397004
vt 0.962219 0.435205
vt 0.970115 0.352946
vt 0.972601 0.395243
vt 0.994829 0.446752
vt 0.743620 0.904109
vt 0.765749 0.896785
vt 0.768089 0.938534
vt 0.748839 0.943250
vt 0.735785 0.953334
vt 0.731927 0.913497
vt 0.983522 0.345506
vt 0.980925 0.370399
vt 0.725956 0.954336
vt 0.724298 0.924875
vt 0.783262 0.892293
vt 0.783232 0.932462
vt 0.789492 0.970530
vt 0.772055 0.976407
vt 0.359424 0.910717
vt 0.379986 0.905510
vt 0.381178 0.942427
vt 0.361918 0.948973
vt 0.380865 0.983081
vt 0.360848 0.988464
vt 0.331180 0.994829
vt 0.392372 0.937384
vt 0.391475 0.980051
vt 0.922926 0.292408
vt 0.922017 0.282764
vt 0.967171 0.289790
vt 0.967195 0.300210
vt 0.574258 0.898675
vt 0.582464 0.861400
vt 0.591831 0.863961
vt 0.583876 0.898337
vt 0.584481 0.941738
vt 0.574275 0.943441
vt 0.147382 0.946366
vt 0.124285 0.983128
vt 0.117742 0.977243
vt 0.139753 0.943756
vt 0.139761 0.907089
vt 0.147142 0.905704
vt 0.591831 0.977197
vt 0.582589 0.981012
vt 0.129661 0.940895
vt 0.124685 0.878863
vt 0.128504 0.873695
vt 0.095914 0.862118
vt 0.096616 0.853192
vt 0.058263 0.861861
vt 0.055380 0.853192
vt 0.030770 0.877368
vt 0.024087 0.871611
vt 0.014403 0.902191
vt 0.004530 0.900864
vt 0.010982 0.934912
vt 0.002331 0.937816
vt 0.802677 0.890780
vt 0.801164 0.927520
vt 0.792298 0.929828
vt 0.793377 0.890329
vt 0.799433 0.860182
vt 0.808299 0.863304
vt 0.808299 0.962968
vt 0.799666 0.967374
vt 0.391677 0.903167
vt 0.400194 0.902883
vt 0.400695 0.934050
vt 0.041697 0.992634
vt 0.017131 0.972313
vt 0.023808 0.965925
vt 0.043818 0.983884
vt 0.079326 0.991867
vt 0.082987 0.999435
vt 0.399028 0.974619
vt 0.109790 0.970019
vt 0.022077 0.932170
vt 0.037148 0.929352
vt 0.395208 0.598740
vt 0.466454 0.282090
vt 0.238258 0.681802
vt 0.238583 0.663819
vt 0.240735 0.638217
vt 0.249736 0.632696
vt 0.232666 0.613913
vt 0.238607 0.606654
vt 0.462256 0.607951
vt 0.463614 0.593406
vt 0.472083 0.590369
vt 0.471295 0.603147
vt 0.471278 0.578044
vt 0.079109 0.321758
vt 0.080600 0.334984
vt 0.073909 0.338518
vt 0.067975 0.322465
vt 0.070229 0.313155
vt 0.080600 0.310325
vt 0.469955 0.561765
vt 0.119681 0.184228
vt 0.119681 0.165887
vt 0.125282 0.166769
vt 0.126657 0.181900
vt 0.468029 0.543296
vt 0.472083 0.522415
vt 0.443514 0.519532
vt 0.454330 0.520432
vt 0.534824 0.138466
vt 0.451066 0.727044
vt 0.421391 0.734608
vt 0.799101 0.583216
vt 0.805996 0.588106
vt 0.865063 0.262986
vt 0.872745 0.254601
vt 0.888899 0.298495
vt 0.885324 0.301673
vt 0.957305 0.169699
vt 0.961075 0.202506
vt 0.891436 0.401171
vt 0.903702 0.364334
vt 0.907582 0.332431
vt 0.925744 0.334478
vt 0.914690 0.362024
vt 0.786149 0.774908
vt 0.399292 0.880152
vt 0.230285 0.602821
vt 0.223596 0.605514
vt 0.846387 0.756759
vt 0.848065 0.731941
vt 0.853303 0.782968
vt 0.845745 0.781426
vt 0.284388 0.021743
vt 0.430663 0.282628
vt 0.435238 0.282937
vt 0.435238 0.308581
vt 0.431267 0.308007
vt 0.762156 0.638607
vt 0.209951 0.598162
vt 0.211771 0.605648
vt 0.769151 0.602492
vt 0.332687 0.573655
vt 0.779596 0.370201
vt 0.766890 0.393978
vt 0.754107 0.425724
vt 0.528062 0.431970
vt 0.534260 0.431860
vt 0.637941 0.073128
vt 0.637796 0.062337
vt 0.598589 0.329743
vt 0.605111 0.327497
vt 0.398264 0.006292
vt 0.399083 0.012548
vt 0.401606 0.021649
vt 0.296452 0.601437
vt 0.420814 0.000967
vt 0.426026 0.008477
vt 0.200314 0.601043
vt 0.204845 0.593564
vt 0.639842 0.086818
vt 0.011819 0.352231
vt 0.001985 0.354638
vt 0.753134 0.352047
vt 0.925140 0.564443
vt 0.926704 0.535008
vt 0.946677 0.549054
vt 0.948772 0.578014
vt 0.934196 0.501759
vt 0.948772 0.515362
vt 0.371651 0.435884
vt 0.373726 0.402481
vt 0.384575 0.408405
vt 0.384575 0.442146
vt 0.833630 0.147773
vt 0.830735 0.162933
vt 0.066826 0.433355
vt 0.100454 0.430776
vt 0.097326 0.440241
vt 0.064066 0.443745
vt 0.826958 0.173865
vt 0.097919 0.449821
vt 0.064805 0.454859
vt 0.427178 0.315768
vt 0.414127 0.310992
vt 0.412942 0.282819
vt 0.427178 0.283512
vt 0.416268 0.347394
vt 0.404937 0.341008
vt 0.401746 0.372828
vt 0.393693 0.363457
vt 0.376462 0.345989
vt 0.379253 0.380298
vt 0.366350 0.360929
vt 0.343045 0.335468
vt 0.323005 0.320122
vt 0.345688 0.379328
vt 0.328314 0.351458
vt 0.311145 0.334225
vt 0.296312 0.324050
vt 0.305860 0.308807
vt 0.289381 0.339312
vt 0.279882 0.334320
vt 0.285388 0.316282
vt 0.282697 0.355169
vt 0.273186 0.349221
vt 0.271133 0.375452
vt 0.281869 0.402840
vt 0.260547 0.392850
vt 0.279911 0.414210
vt 0.255821 0.403151
vt 0.277820 0.423442
vt 0.251403 0.411381
vt 0.531402 0.858142
vt 0.502023 0.861264
vt 0.499086 0.854254
vt 0.247668 0.417597
vt 0.368455 0.120344
vt 0.360618 0.122051
vt 0.361508 0.094540
vt 0.368455 0.092375
vt 0.470498 0.857673
vt 0.468541 0.849638
vt 0.496904 0.846505
vt 0.469767 0.835961
vt 0.496897 0.835376
vt 0.473714 0.812049
vt 0.501533 0.813835
vt 0.474124 0.793245
vt 0.506256 0.792286
vt 0.474419 0.779508
vt 0.474932 0.769507
vt 0.670545 0.323263
vt 0.684895 0.324552
vt 0.680375 0.352860
vt 0.665571 0.351872
vt 0.654189 0.352486
vt 0.659608 0.323365
vt 0.661339 0.384601
vt 0.675746 0.385557
vt 0.672672 0.418638
vt 0.694575 0.388543
vt 0.692248 0.419926
vt 0.690889 0.452214
vt 0.689671 0.483512
vt 0.718055 0.427288
vt 0.714918 0.456251
vt 0.927895 0.458934
vt 0.946223 0.472345
vt 0.916678 0.490484
vt 0.734564 0.464065
vt 0.731410 0.491498
vt 0.709562 0.485219
vt 0.736894 0.435631
vt 0.746122 0.437402
vt 0.744897 0.466170
vt 0.719606 0.396900
vt 0.736787 0.401943
vt 0.745987 0.402723
vt 0.189224 0.462596
vt 0.185814 0.469923
vt 0.155717 0.453618
vt 0.159969 0.445802
vt 0.735598 0.371880
vt 0.744988 0.373303
vt 0.210710 0.480052
vt 0.204738 0.485900
vt 0.335663 0.425994
vt 0.334574 0.417001
vt 0.357701 0.409116
vt 0.361085 0.418121
vt 0.177319 0.384092
vt 0.168785 0.384575
vt 0.170512 0.359098
vt 0.177319 0.358037
vt 0.306530 0.427178
vt 0.307114 0.418727
vt 0.308478 0.407613
vt 0.332703 0.406219
vt 0.354077 0.397898
vt 0.385064 0.390512
vt 0.150252 0.461534
vt 0.126899 0.454558
vt 0.129564 0.444728
vt 0.179361 0.477256
vt 0.131864 0.435415
vt 0.737993 0.344517
vt 0.745263 0.347226
vt 0.720939 0.368543
vt 0.725548 0.338716
vt 0.697821 0.358586
vt 0.702201 0.331699
vt 0.445503 0.815431
vt 0.445766 0.797051
vt 0.744381 0.493631
vt 0.275111 0.289431
vt 0.291530 0.299361
vt 0.301872 0.281628
vt 0.312415 0.267923
vt 0.307614 0.252049
vt 0.319863 0.254015
vt 0.310994 0.236648
vt 0.071388 0.499201
vt 0.071388 0.520777
vt 0.053484 0.522746
vt 0.058937 0.498715
vt 0.385089 0.270180
vt 0.409132 0.266253
vt 0.422296 0.263287
vt 0.402848 0.252291
vt 0.413457 0.245649
vt 0.384010 0.260359
vt 0.358641 0.268849
vt 0.357744 0.268132
vt 0.379600 0.252866
vt 0.395925 0.242949
vt 0.015307 0.634984
vt 0.006762 0.649403
vt 0.001525 0.645817
vt 0.005475 0.633651
vt 0.402111 0.235211
vt 0.634343 0.049493
vt 0.624421 0.045828
vt 0.615360 0.044468
vt 0.615954 0.034895
vt 0.387711 0.230346
vt 0.380756 0.237289
vt 0.375200 0.230051
vt 0.382533 0.222757
vt 0.367079 0.222594
vt 0.373855 0.215094
vt 0.615766 0.054795
vt 0.624759 0.055657
vt 0.616642 0.070684
vt 0.364230 0.241547
vt 0.619121 0.086690
vt 0.354177 0.254243
vt 0.349427 0.266883
vt 0.363409 0.208115
vt 0.368884 0.201858
vt 0.380122 0.209394
vt 0.388644 0.215870
vt 0.352932 0.202356
vt 0.357736 0.195860
vt 0.634378 0.058099
vt 0.377294 0.248572
vt 0.371823 0.253997
vt 0.911220 0.526205
vt 0.152894 0.503718
vt 0.147300 0.505745
vt 0.938296 0.635311
vt 0.917240 0.607359
vt 0.930892 0.608170
vt 0.922887 0.856916
vt 0.928253 0.868173
vt 0.149451 0.772551
vt 0.103716 0.770656
vt 0.325443 0.887982
vt 0.341290 0.880435
vt 0.363655 0.876179
vt 0.318907 0.918959
vt 0.420738 0.571222
vt 0.420738 0.539078
vt 0.425789 0.545903
vt 0.425345 0.573573
vt 0.536775 0.433100
vt 0.540448 0.434300
vt 0.011104 0.079572
vt 0.006233 0.082902
vt 0.161399 0.334363
vt 0.157323 0.324194
vt 0.153467 0.311716
vt 0.167932 0.307403
vt 0.180105 0.305996
vt 0.451358 0.567080
vt 0.143517 0.330297
vt 0.140100 0.318587
vt 0.146680 0.339661
vt 0.149336 0.347843
vt 0.165435 0.342260
vt 0.151234 0.354275
vt 0.177273 0.336777
vt 0.186448 0.326498
vt 0.212778 0.548250
vt 0.218980 0.547136
vt 0.217439 0.554873
vt 0.212715 0.555566
vt 0.142592 0.356616
vt 0.153238 0.359244
vt 0.219266 0.561647
vt 0.214266 0.565709
vt 0.206253 0.557533
vt 0.221073 0.587082
vt 0.215896 0.582205
vt 0.213107 0.594134
vt 0.205691 0.589585
vt 0.040468 0.380731
vt 0.031985 0.386878
vt 0.101325 0.016926
vt 0.101325 0.027634
vt 0.097705 0.024255
vt 0.098399 0.019095
vt 0.034543 0.117078
vt 0.034543 0.124354
vt 0.030826 0.122295
vt 0.031266 0.118068
vt 0.924394 0.911385
vt 0.932427 0.911043
vt 0.941082 0.911681
vt 0.940103 0.929492
vt 0.942247 0.941864
vt 0.948779 0.914345
vt 0.946453 0.931566
vt 0.946889 0.940337
vt 0.942131 0.896997
vt 0.952031 0.897648
vt 0.960695 0.899417
vt 0.955956 0.917860
vt 0.953936 0.930685
vt 0.121961 0.080252
vt 0.121961 0.065259
vt 0.128595 0.067296
vt 0.128959 0.080600
vt 0.504899 0.315978
vt 0.506626 0.302785
vt 0.953644 0.887092
vt 0.962286 0.887293
vt 0.970507 0.886773
vt 0.965578 0.901514
vt 0.954627 0.879841
vt 0.942493 0.886783
vt 0.942736 0.879341
vt 0.956200 0.871350
vt 0.931027 0.887950
vt 0.944937 0.872593
vt 0.932033 0.897407
vt 0.923688 0.898610
vt 0.921872 0.889647
vt 0.561894 0.076764
vt 0.561640 0.085486
vt 0.560190 0.098041
vt 0.552286 0.097685
vt 0.087508 0.030462
vt 0.078159 0.032240
vt 0.081391 0.021585
vt 0.087508 0.020105
vt 0.660917 0.119748
vt 0.653818 0.117609
vt 0.160168 0.504113
vt 0.168108 0.507673
vt 0.164671 0.516224
vt 0.156603 0.515305
vt 0.621768 0.722433
vt 0.612046 0.727699
vt 0.604500 0.712775
vt 0.616455 0.711654
vt 0.600757 0.701027
vt 0.612242 0.700291
vt 0.077034 0.185271
vt 0.077034 0.168824
vt 0.085645 0.169443
vt 0.089811 0.186531
vt 0.285701 0.219677
vt 0.276498 0.226205
vt 0.268095 0.217627
vt 0.279067 0.210155
vt 0.261482 0.210080
vt 0.273632 0.202986
vt 0.266390 0.235913
vt 0.257803 0.226711
vt 0.259884 0.246784
vt 0.250925 0.235828
vt 0.289515 0.240211
vt 0.275266 0.247204
vt 0.263245 0.256679
vt 0.395346 0.405301
vt 0.390136 0.390195
vt 0.402998 0.379076
vt 0.402998 0.399966
vt 0.101325 0.170111
vt 0.101325 0.186531
vt 0.091684 0.183948
vt 0.092773 0.174886
vt 0.599159 0.692023
vt 0.599814 0.683366
vt 0.609448 0.684765
vt 0.610245 0.692398
vt 0.254588 0.202536
vt 0.267784 0.196330
vt 0.308804 0.215326
vt 0.307019 0.202659
vt 0.321301 0.201324
vt 0.334831 0.201971
vt 0.320283 0.190664
vt 0.334316 0.191213
vt 0.244102 0.430748
vt 0.242143 0.439844
vt 0.233103 0.438524
vt 0.234308 0.428353
vt 0.233103 0.412914
vt 0.243851 0.416911
vt 0.305401 0.191275
vt 0.294790 0.206269
vt 0.292226 0.196529
vt 0.297092 0.221821
vt 0.048604 0.525049
vt 0.039734 0.524810
vt 0.042264 0.512788
vt 0.052965 0.511635
vt 0.298712 0.250652
vt 0.290159 0.526616
vt 0.282333 0.552683
vt 0.277771 0.549943
vt 0.283683 0.525353
vt 0.274550 0.526234
vt 0.270497 0.548061
vt 0.039734 0.504842
vt 0.047546 0.500921
vt 0.151758 0.594681
vt 0.036846 0.502763
vt 0.035923 0.502165
vt 0.036846 0.522746
vt 0.029095 0.508952
vt 0.112839 0.501924
vt 0.111162 0.514475
vt 0.102018 0.525049
vt 0.102018 0.504177
vt 0.617543 0.686313
vt 0.619707 0.691264
vt 0.552683 0.337343
vt 0.547423 0.339449
vt 0.246661 0.243342
vt 0.709857 0.150548
vt 0.713882 0.151263
vt 0.712308 0.154840
vt 0.706649 0.156615
vt 0.688025 0.282715
vt 0.679850 0.282527
vt 0.688039 0.297037
vt 0.681582 0.295431
vt 0.232076 0.240519
vt 0.243923 0.248201
vt 0.224751 0.235849
vt 0.001245 0.415697
vt 0.004734 0.416387
vt 0.008262 0.432178
vt 0.003479 0.433570
vt 0.008902 0.437115
vt 0.011218 0.438697
vt 0.016120 0.445179
vt 0.695073 0.921133
vt 0.684016 0.918702
vt 0.707079 0.915854
vt 0.706671 0.924531
vt 0.704678 0.935096
vt 0.694605 0.930611
vt 0.716378 0.917994
vt 0.713252 0.928120
vt 0.708898 0.939396
vt 0.694419 0.942642
vt 0.685777 0.941877
vt 0.684857 0.928604
vt 0.702325 0.945654
vt 0.263539 0.646417
vt 0.264827 0.654008
vt 0.257474 0.653783
vt 0.257503 0.645407
vt 0.257599 0.638993
vt 0.262915 0.640430
vt 0.257668 0.629074
vt 0.262583 0.631603
vt 0.119748 0.074037
vt 0.113641 0.075994
vt 0.113641 0.067848
vt 0.119310 0.069449
vt 0.251629 0.640600
vt 0.260286 0.618532
vt 0.264199 0.622430
vt 0.262834 0.614528
vt 0.264827 0.616585
vt 0.061433 0.069085
vt 0.060534 0.063640
vt 0.066783 0.057496
vt 0.066783 0.066614
vt 0.018808 0.059874
vt 0.018853 0.057494
vt 0.020612 0.057665
vt 0.020726 0.059874
vt 0.055268 0.022968
vt 0.053269 0.023028
vt 0.053269 0.019470
vt 0.054186 0.021075
vt 0.527448 0.319544
vt 0.534970 0.322398
vt 0.678808 0.941351
vt 0.678626 0.927504
vt 0.677342 0.916979
vt 0.158896 0.042615
vt 0.158896 0.052965
vt 0.152971 0.051944
vt 0.152745 0.040025
vt 0.296441 0.544049
vt 0.292450 0.536012
vt 0.303976 0.539521
vt 0.303550 0.548077
vt 0.105639 0.041949
vt 0.110537 0.042253
vt 0.110537 0.050663
vt 0.105366 0.046530
vt 0.651051 0.050663
vt 0.647831 0.039449
vt 0.654085 0.038436
vt 0.654763 0.049119
vt 0.645809 0.027464
vt 0.653956 0.028753
vt 0.094417 0.018800
vt 0.094417 0.029937
vt 0.089442 0.028129
vt 0.091721 0.020309
vt 0.641791 0.040077
vt 0.639105 0.026717
vt 0.679236 0.952975
vt 0.680754 0.967195
vt 0.679515 0.964809
vt 0.510535 0.321323
vt 0.509671 0.305396
vt 0.517538 0.319400
vt 0.957488 0.050534
vt 0.970392 0.050551
vt 0.096530 0.297580
vt 0.087215 0.301373
vt 0.658028 0.688551
vt 0.657623 0.671201
vt 0.667825 0.667509
vt 0.667635 0.682699
vt 0.077668 0.306160
vt 0.096720 0.317306
vt 0.086635 0.319332
vt 0.095548 0.329189
vt 0.086351 0.328978
vt 0.974581 0.031383
vt 0.959846 0.031593
vt 0.960633 0.020589
vt 0.976407 0.019516
vt 0.946331 0.022246
vt 0.974846 0.011804
vt 0.946329 0.033763
vt 0.934004 0.039516
vt 0.934466 0.025054
vt 0.927732 0.027261
vt 0.929999 0.039922
vt 0.677151 0.605398
vt 0.684803 0.605168
vt 0.684941 0.614077
vt 0.677396 0.615132
vt 0.671113 0.604980
vt 0.680679 0.589160
vt 0.681154 0.593519
vt 0.686248 0.594587
vt 0.686248 0.621017
vt 0.679649 0.621768
vt 0.091812 0.336215
vt 0.086052 0.335061
vt 0.002327 0.022806
vt 0.004179 0.014206
vt 0.426035 0.589227
vt 0.025331 0.042892
vt 0.025331 0.054140
vt 0.019783 0.055268
vt 0.020853 0.047042
vt 0.168342 0.043475
vt 0.179622 0.043475
vt 0.178258 0.055268
vt 0.169337 0.054239
vt 0.488203 0.379970
vt 0.482516 0.377117
vt 0.488203 0.359357
vt 0.487837 0.356767
vt 0.282082 0.658118
vt 0.283250 0.665251
vt 0.306908 0.115112
vt 0.138171 0.181925
vt 0.130672 0.181925
vt 0.132923 0.168287
vt 0.138013 0.173452
vt 0.116401 0.023028
vt 0.116401 0.014623
vt 0.120808 0.015561
vt 0.122051 0.022902
vt 0.221073 0.547571
vt 0.025331 0.101325
vt 0.019959 0.093941
vt 0.025331 0.086428
vt 0.025056 0.091933
vt 0.052724 0.044856
vt 0.054424 0.061025
vt 0.081581 0.092114
vt 0.292450 0.528851
vt 0.302010 0.530946
vt 0.001743 0.007361
vt 0.002303 0.001393
vt 0.002303 0.013817
vt 0.092114 0.045177
vt 0.092114 0.055183
vt 0.083270 0.055268
vt 0.083334 0.051649
vt 0.105738 0.025331
vt 0.104329 0.016773
vt 0.112839 0.016773
vt 0.168108 0.525049
vt 0.401961 0.378787
vt 0.001707 0.082365
vt 0.002303 0.073264
vt 0.002303 0.085205
vt 0.050663 0.003438
vt 0.049886 0.004606
vt 0.049886 0.001707
vt 0.039148 0.085205
vt 0.035257 0.085205
vt 0.037623 0.078717
vt 0.145079 0.078297
vt 0.138327 0.072594
vt 0.138400 0.066779
vt 0.145079 0.067778
vt 0.482270 0.280290
vt 0.487200 0.279652
vt 0.478405 0.287375
vt 0.075994 0.059874
vt 0.069685 0.056058
vt 0.075994 0.051701
vt 0.080600 0.089427
vt 0.073433 0.094417
vt 0.143771 0.122447
vt 0.153772 0.124086
vt 0.048360 0.075474
vt 0.046372 0.082902
vt 0.044616 0.080949
vt 0.044616 0.073102
vt 0.180366 0.284672
vt 0.183333 0.261877
vt 0.186531 0.289720
vt 0.052616 0.243642
vt 0.075994 0.296315
vt 0.065762 0.317404
vt 0.052616 0.331610
vt 0.994829 0.337344
vt 0.990317 0.349152
vt 0.349353 0.149561
vt 0.349574 0.178462
vt 0.315677 0.166190
vt 0.316290 0.131495
vt 0.337501 0.151921
vt 0.059874 0.071338
vt 0.058841 0.073691
vt 0.058841 0.067021
vt 0.034789 0.065050
vt 0.036845 0.070023
vt 0.034789 0.080600
vt 0.209559 0.637888
vt 0.204096 0.623925
vt 0.209559 0.605349
vt 0.350033 0.115686
vt 0.028039 0.089811
vt 0.026935 0.078866
vt 0.032240 0.072823
vt 0.032240 0.086883
vt 0.119748 0.040070
vt 0.119748 0.047545
vt 0.114415 0.048360
vt 0.115659 0.040515
vt 0.545254 0.350531
vt 0.549465 0.350761
vt 0.546118 0.363032
vt 0.543747 0.366595
vt 0.545540 0.370758
vt 0.687380 0.317793
vt 0.682400 0.311827
vt 0.686435 0.309483
vt 0.690854 0.316413
vt 0.273776 0.606292
vt 0.275745 0.600633
vt 0.508158 0.285554
vt 0.508857 0.283817
vt 0.080600 0.051323
vt 0.080600 0.055268
vt 0.079070 0.052815
vt 0.080283 0.051632
vt 0.024864 0.021132
vt 0.025331 0.027511
vt 0.024864 0.027634
vt 0.001245 0.458572
vt 0.004541 0.465175
vt 0.339949 0.216873
vt 0.342450 0.203390
vt 0.345779 0.204784
vt 0.291652 0.507643
vt 0.298768 0.517337
vt 0.299370 0.527352
vt 0.291652 0.525308
vt 0.052167 0.013817
vt 0.052167 0.002687
vt 0.055268 0.003696
vt 0.632387 0.101266
vt 0.632611 0.105931
vt 0.618576 0.100113
vt 0.626667 0.098353
vt 0.319039 0.919041
vt 0.319626 0.912969
vt 0.311580 0.915525
vt 0.314805 0.888030
vt 0.023028 0.001615
vt 0.023028 0.006909
vt 0.021177 0.002732
vt 0.314970 0.944792
vt 0.973830 0.799963
vt 0.976407 0.790471
vt 0.071388 0.032418
vt 0.068270 0.036846
vt 0.068270 0.028592
vt 0.070493 0.026441
vt 0.611243 0.682623
vt 0.621768 0.684821
vt 0.383658 0.506786
vt 0.384575 0.499365
vt 0.384575 0.531957
vt 0.006783 0.006909
vt 0.007092 0.001111
vt 0.007250 0.000847
vt 0.009211 0.001948
vt 0.006783 0.000733
vt 0.030482 0.097770
vt 0.029246 0.098479
vt 0.029608 0.096310
vt 0.030993 0.096561
vt 0.028087 0.099022
vt 0.027968 0.096272
vt 0.032240 0.090804
vt 0.031916 0.093161
vt 0.030089 0.093034
vt 0.030097 0.091371
vt 0.027955 0.091937
vt 0.027955 0.093071
vt 0.029863 0.094709
vt 0.027955 0.094579
vt 0.031554 0.095072
vt 0.215418 0.439427
vt 0.216412 0.443914
vt 0.212131 0.444685
vt 0.211874 0.442093
vt 0.216221 0.462881
vt 0.214442 0.465175
vt 0.212089 0.460891
vt 0.216415 0.459950
vt 0.211005 0.457603
vt 0.216453 0.456909
vt 0.211005 0.453656
vt 0.216467 0.454010
vt 0.211629 0.450422
vt 0.216453 0.450812
vt 0.212101 0.447352
vt 0.216446 0.447617
vt 0.258411 0.183990
vt 0.261879 0.182385
vt 0.262524 0.185564
vt 0.261403 0.186894
vt 0.255327 0.180337
vt 0.261284 0.178142
vt 0.260889 0.189268
vt 0.255357 0.187270
vt 0.258749 0.195742
vt 0.255166 0.193285
vt 0.255166 0.173776
vt 0.260444 0.173241
vt 0.256306 0.168979
vt 0.259447 0.168974
vt 0.257251 0.164973
vt 0.259095 0.164846
vt 0.131646 0.505149
vt 0.133475 0.505086
vt 0.134558 0.509755
vt 0.132668 0.510126
vt 0.130783 0.510705
vt 0.127721 0.507073
vt 0.133557 0.515562
vt 0.131527 0.516093
vt 0.129237 0.516988
vt 0.127234 0.513774
vt 0.132128 0.520660
vt 0.130385 0.520745
vt 0.131842 0.527352
vt 0.129856 0.527098
vt 0.126592 0.526653
vt 0.125335 0.522196
vt 0.134008 0.520584
vt 0.133939 0.527271
vt 0.135868 0.520510
vt 0.135868 0.526651
vt 0.135443 0.515235
vt 0.095294 0.070884
vt 0.097279 0.070412
vt 0.097351 0.071554
vt 0.093208 0.072960
vt 0.097923 0.073372
vt 0.095014 0.075200
vt 0.099022 0.075600
vt 0.096992 0.078881
vt 0.099020 0.082321
vt 0.097134 0.083608
vt 0.093639 0.081657
vt 0.091651 0.078932
vt 0.099022 0.085205
vt 0.036318 0.004631
vt 0.036846 0.006358
vt 0.036318 0.009211
vt 0.001229 0.091597
vt 0.004606 0.092232
vt 0.004178 0.095372
vt 0.001229 0.096720
vt 0.110537 0.124136
vt 0.106955 0.126657
vt 0.107054 0.122923
vt 0.109131 0.121884
vt 0.107111 0.119577
vt 0.106955 0.120095
vt 0.036365 0.018423
vt 0.036768 0.018261
vt 0.036365 0.014919
vt 0.036846 0.014956
vt 0.048260 0.049856
vt 0.048880 0.049937
vt 0.050663 0.052965
vt 0.047560 0.052965
vt 0.029957 0.046346
vt 0.029122 0.046196
vt 0.029421 0.044099
vt 0.030701 0.044534
vt 0.032240 0.045807
vt 0.030509 0.048272
vt 0.028889 0.048360
vt 0.028889 0.043918
vt 0.064480 0.035816
vt 0.064366 0.036988
vt 0.063701 0.037144
vt 0.063616 0.036263
vt 0.064174 0.038960
vt 0.063543 0.039016
vt 0.063572 0.038080
vt 0.064269 0.037982
vt 0.062031 0.037083
vt 0.062809 0.036681
vt 0.062901 0.037422
vt 0.062031 0.037632
vt 0.062031 0.039148
vt 0.062031 0.038371
vt 0.062856 0.038227
vt 0.062827 0.039079
vt 0.013446 0.002303
vt 0.013312 0.001613
vt 0.013649 0.001656
vt 0.013217 0.001122
vt 0.013817 0.001122
vt 0.073038 0.061965
vt 0.073073 0.061383
vt 0.073655 0.061437
vt 0.073691 0.062177
vt 0.072363 0.062177
vt 0.072365 0.061420
vt 0.072367 0.060701
vt 0.073050 0.060625
vt 0.038551 0.013009
vt 0.038424 0.012290
vt 0.039148 0.012169
vt 0.039148 0.012988
vt 0.039148 0.013817
vt 0.038566 0.013744
vt 0.072369 0.059989
vt 0.072895 0.059914
vt 0.079396 0.011514
vt 0.077972 0.008182
vt 0.080432 0.008297
vt 0.077972 0.004838
vt 0.080600 0.005215
vt 0.079435 0.001532
vt 0.080276 0.002863
vt 0.351310 0.754572
vt 0.350015 0.752245
vt 0.354638 0.750762
vt 0.352295 0.757636
vt 0.069085 0.096719
vt 0.065849 0.095788
vt 0.065420 0.091634
vt 0.069085 0.090952
vt 0.067324 0.085505
vt 0.065469 0.088304
vt 0.353536 0.720284
vt 0.353110 0.724361
vt 0.350928 0.724629
vt 0.354466 0.728055
vt 0.350821 0.729074
vt 0.354439 0.733235
vt 0.350404 0.732844
vt 0.354638 0.737490
vt 0.349533 0.736968
vt 0.354597 0.741521
vt 0.348513 0.741650
vt 0.354592 0.745669
vt 0.348593 0.746292
s 1
usemtl tripo_mat_8282057d-cffd-49ff-a8cf-e996cd0b2b0e
f 1/1 137/2 138/3 139/4
f 1/5 139/6 140/7 141/8
f 2/9 142/10 143/11 144/12
f 146/13 147/14 142/10 2/9
f 2/9 144/12 145/15 146/13
f 148/16 149/17 150/18 151/19
f 3/20 152/21 153/22 154/23
f 3/20 155/24 156/25 152/21
f 3/20 8/26 157/27 155/24
f 5/28 158/29 159/30 6/31
f 4/32 5/28 6/31 7/33
f 6/31 159/30 160/34 7/33
f 8/35 161/36 162/37 163/38
f 8/26 163/39 164/40 157/27
f 9/41 165/42 166/43 167/44
f 9/41 167/44 168/45 169/46
f 9/41 169/46 170/47 165/42
f 171/48 172/49 173/50 174/51
f 175/52 176/53 10/54 11/55
f 10/54 177/56 178/57 11/55
f 10/58 176/59 179/60 180/61
f 10/58 180/61 181/62 177/63
f 11/64 178/65 182/66 183/67
f 12/68 184/69 185/70 186/71
f 12/72 186/73 187/74 173/75
f 12/72 173/75 172/76 188/77
f 13/78 189/79 190/80 32/81
f 13/78 32/81 191/82 192/83
f 14/84 193/85 194/86 195/87
f 14/84 196/88 197/89 193/85
f 15/90 198/91 199/92 200/93
f 16/94 24/95 201/96 202/97
f 16/98 203/99 204/100 24/101
f 17/102 205/103 206/104 207/105
f 17/106 208/107 18/108 205/109
f 17/102 207/105 209/110 208/111
f 18/112 210/113 211/114 212/115
f 18/112 213/116 214/117 210/113
f 19/118 215/119 216/120 20/121
f 19/118 217/122 218/123 215/119
f 20/124 219/125 220/126 19/127
f 21/128 221/129 222/130 218/123
f 22/131 223/132 224/133 225/134
f 22/135 225/136 221/129 21/128
f 225/137 224/138 226/139 221/140
f 23/141 227/142 228/143 229/144
f 23/141 24/145 204/146 227/142
f 25/147 230/148 231/149 229/150
f 25/151 229/144 228/143 232/152
f 25/153 233/154 234/155 235/156
f 23/157 236/158 201/96 24/95
f 23/157 229/150 231/149 236/158
f 25/159 235/160 237/161 230/162
f 26/163 25/164 232/165 238/166
f 240/167 233/154 25/153 26/168
f 26/169 238/170 239/171 240/172
f 27/173 241/174 242/175 47/176
f 27/173 243/177 116/178 241/174
f 27/179 244/180 245/181 246/182
f 27/173 246/183 247/184 243/177
f 28/185 226/186 224/187 48/188
f 28/189 248/190 239/191 238/192
f 29/193 249/194 250/195 251/196
f 29/197 251/198 252/199 30/200
f 29/201 30/202 41/203 253/204
f 29/205 35/206 254/207 255/208
f 29/209 255/210 256/211 249/212
f 31/213 257/214 46/215 258/216
f 31/213 259/217 260/218 257/214
f 31/213 261/219 262/220 259/217
f 32/81 190/80 263/221 264/222
f 32/81 265/223 266/224 191/82
f 32/225 264/226 267/227 265/228
f 19/127 220/126 268/229 217/230
f 20/231 216/232 36/233 219/234
f 33/235 269/236 270/237 271/238
f 33/235 271/238 273/239 274/240
f 33/235 274/240 263/221 272/241
f 34/242 275/243 276/244 277/245
f 36/246 38/247 278/248 219/125
f 37/249 55/250 279/251 280/252
f 39/253 281/254 40/255 282/256
f 39/257 283/258 284/259 278/248
f 39/257 282/260 285/261 283/258
f 40/255 254/207 35/206 282/256
f 35/262 286/263 285/261 282/260
f 30/202 288/264 42/265 41/203
f 41/203 42/265 289/266 290/267
f 42/268 288/269 258/216 289/270
f 43/271 119/272 44/273 291/274
f 43/275 291/276 292/277 293/278
f 43/279 293/280 294/281 295/282
f 44/283 296/284 297/285 298/286
f 44/287 290/267 289/266 45/288
f 44/287 45/288 46/289 291/290
f 44/287 245/291 299/292 290/267
f 45/293 289/270 258/216 46/215
f 46/215 257/214 292/277 291/276
f 47/294 242/295 300/296 301/297
f 47/298 301/299 244/180 27/179
f 208/111 209/110 302/300 303/301
f 49/302 304/303 305/304 51/305
f 49/306 306/307 307/308 308/309
f 50/310 309/311 310/312 311/313
f 50/310 311/313 312/314 313/315
f 51/305 305/304 314/316 315/317
f 51/305 315/317 52/318 316/319
f 51/305 316/319 317/320 318/321
f 51/305 318/321 306/322 49/302
f 52/318 315/317 319/323 320/324
f 53/325 321/326 322/327 323/328
f 53/329 323/330 324/331 325/332
f 37/333 216/334 326/335 55/336
f 54/337 327/338 328/339 329/340
f 54/337 330/341 331/342 327/338
f 54/337 329/340 332/343 330/341
f 55/336 326/335 333/344 334/345
f 55/250 334/346 335/347 279/251
f 56/348 333/344 336/349 337/350
f 56/351 338/352 334/353 333/354
f 56/355 339/356 340/357 338/358
f 341/359 236/360 231/361 342/362
f 57/363 343/364 60/365 59/366
f 57/367 344/368 345/369 343/370
f 57/371 59/372 346/373 344/374
f 58/375 61/376 347/377 348/378
f 58/379 348/380 199/381 198/382
f 59/383 60/384 349/385 350/386
f 60/384 343/387 351/388 349/385
f 61/376 352/389 353/390 347/377
f 62/391 354/392 355/393 356/394
f 62/391 356/394 357/395 358/396
f 62/391 358/396 359/397 354/392
f 63/398 360/399 78/400 361/401
f 63/402 361/403 65/404 362/405
f 64/406 364/407 365/408 366/409
f 64/410 366/411 367/412 85/413
f 64/414 368/415 369/416 364/417
f 65/418 66/419 371/420 362/421
f 65/422 372/423 373/424 374/425
f 66/419 70/426 376/427 371/420
f 66/428 375/429 69/430 70/431
f 67/432 71/433 377/434 378/435
f 67/436 379/437 380/438 71/439
f 68/440 381/441 382/442 383/443
f 68/440 383/443 384/444 385/445
f 68/440 378/446 386/447 381/441
f 69/448 380/449 376/427 70/426
f 69/430 389/450 390/451 73/452
f 69/453 73/454 71/439 380/438
f 71/433 391/455 392/456 377/434
f 72/457 393/458 394/459 395/460
f 74/461 398/462 399/463 400/464
f 74/461 401/465 402/466 398/462
f 74/461 400/464 403/467 401/465
f 75/468 404/469 405/470 406/471
f 75/472 406/473 407/474 408/475
f 75/468 409/476 367/412 404/469
f 75/472 408/475 410/477 409/478
f 76/479 411/480 79/481 86/482
f 76/479 363/483 412/484 411/480
f 76/485 86/486 78/400 360/399
f 77/487 82/488 80/489 413/490
f 77/487 413/490 414/491 415/492
f 77/493 415/494 416/495 82/496
f 79/497 415/492 414/491 417/498
f 79/499 411/500 416/495 415/494
f 80/489 81/501 418/502 413/490
f 80/503 82/504 83/505 81/506
f 81/507 419/508 420/509 418/510
f 81/507 421/511 422/512 419/508
f 81/513 83/514 423/515 421/516
f 83/517 424/518 425/519 423/520
f 84/521 426/522 427/523 94/524
f 84/525 428/526 429/527 426/528
f 85/529 367/530 409/531 370/532
f 84/533 94/534 237/535 235/536
f 84/537 235/156 234/155 430/538
f 84/539 430/540 88/541 431/542
f 87/543 433/544 435/545 91/546
f 88/547 96/548 425/549 431/550
f 88/551 430/538 436/552 108/553
f 88/551 108/553 476/554 437/555
f 88/556 437/557 438/558 96/559
f 89/560 439/561 440/562 441/563
f 89/564 138/3 442/565 443/566
f 89/564 441/567 139/4 138/3
f 90/568 447/569 448/570 449/571
f 90/568 449/571 450/572 451/573
f 90/568 451/573 452/574 453/575
f 92/576 102/577 103/578 454/579
f 92/580 445/581 444/582 455/583
f 92/584 455/585 456/586 457/587
f 92/576 454/579 446/588 445/589
f 91/590 446/591 458/592 459/593
f 91/594 459/595 460/596 461/597
f 91/598 461/599 462/600 87/601
f 68/440 463/602 464/603 387/604
f 93/605 465/606 466/607 467/608
f 93/605 468/609 469/610 465/606
f 93/611 467/612 470/613 468/614
f 94/615 427/616 471/617 237/618
f 95/619 421/620 423/621 472/622
f 95/623 473/624 422/512 421/511
f 95/625 472/626 474/627 473/628
f 96/629 475/630 474/627 472/626
f 96/631 472/622 423/621 425/632
f 476/633 477/634 478/635 437/636
f 476/554 108/553 479/637 480/638
f 97/639 481/640 482/641 483/642
f 97/643 484/644 485/645 481/646
f 483/647 111/648 113/649 487/650
f 97/651 483/652 487/653 484/654
f 98/655 489/656 490/657 491/658
f 98/655 491/658 385/445 384/444
f 492/659 493/660 494/661 495/662
f 99/663 478/635 477/634 496/664
f 99/665 467/608 466/607 478/666
f 99/667 496/668 470/613 467/612
f 100/669 482/641 481/640 497/670
f 98/655 494/661 498/671 489/656
f 101/672 499/673 500/674 102/675
f 101/672 102/675 501/676 502/677
f 101/678 110/679 503/680 499/681
f 101/682 502/683 504/684 104/685
f 101/682 104/685 105/686 110/687
f 102/577 92/576 457/688 501/689
f 103/690 505/691 506/692 454/693
f 103/694 102/675 500/674 505/695
f 104/685 504/684 507/696 105/686
f 105/686 507/696 106/697 110/687
f 106/697 507/696 508/698 509/699
f 106/697 509/699 510/700 511/701
f 107/702 512/703 513/704 514/705
f 107/702 515/706 443/707 512/703
f 107/702 514/705 516/708 517/709
f 107/702 517/709 518/710 515/706
f 108/553 519/711 520/712 479/637
f 108/553 436/552 521/713 519/711
f 109/714 519/711 521/713 522/715
f 109/714 522/715 523/716 524/717
f 109/718 524/719 520/720 519/721
f 110/679 525/722 526/723 503/680
f 110/687 106/697 511/701 525/724
f 111/725 488/726 114/727 113/728
f 112/729 527/730 528/731 529/732
f 112/729 529/732 530/733 531/734
f 112/729 531/734 532/735 527/730
f 113/736 533/737 534/738 535/739
f 113/736 114/740 536/741 533/737
f 113/742 535/743 537/744 487/745
f 115/746 538/747 539/748 540/749
f 115/746 541/750 542/751 538/747
f 115/752 540/753 543/754 118/755
f 116/756 243/757 544/758 545/759
f 117/760 546/761 547/762 537/763
f 548/764 118/765 546/766 117/767
f 117/760 537/763 535/768 548/769
f 115/770 118/771 549/772 550/773
f 118/771 548/774 298/775 549/772
f 119/776 551/777 296/778 44/779
f 119/780 43/279 552/781 551/782
f 120/783 553/784 554/785 555/786
f 557/787 558/788 553/784 120/783
f 120/783 555/786 556/789 557/787
f 559/790 560/791 561/792 562/793
f 121/794 563/795 564/796 565/797
f 121/794 566/798 567/799 563/795
f 122/800 568/801 569/802 570/803
f 572/804 573/805 568/806 122/807
f 122/800 570/803 571/808 572/809
f 123/810 574/811 575/812 576/813
f 123/810 576/813 577/814 578/815
f 123/810 578/815 579/816 574/811
f 124/817 577/814 580/818 581/819
f 124/817 581/819 582/820 583/821
f 124/817 583/821 578/815 577/814
f 125/822 126/823 584/824 585/825
f 125/822 586/826 587/827 126/823
f 125/822 585/825 588/828 589/829
f 128/830 590/831 591/832 592/833
f 128/834 592/835 593/836 594/837
f 128/834 594/837 595/838 127/839
f 128/840 127/841 596/842 590/843
f 129/844 588/828 585/825 597/845
f 130/846 598/847 599/848 600/849
f 602/850 603/851 598/852 130/853
f 130/846 600/849 601/854 602/855
f 131/856 604/857 605/858 606/859
f 131/856 606/859 607/860 608/861
f 131/856 608/861 609/862 604/857
f 132/863 610/864 611/865 612/866
f 132/867 133/868 613/869 610/870
f 132/863 612/866 614/871 133/872
f 133/872 614/871 599/848 598/847
f 134/873 135/874 615/875 616/876
f 134/877 617/878 618/879 619/880
f 134/873 616/876 620/881 617/882
f 623/883 624/884 136/885 625/886
f 136/885 626/887 627/888 625/886
f 136/885 628/889 629/890 626/887
f 100/891 630/892 631/893 632/894
f 100/891 632/894 633/895 634/896
f 100/897 634/898 635/899 480/900
f 635/901 634/902 636/903 637/904
f 635/905 637/906 638/907 639/908
f 635/905 639/908 476/554 480/638
f 639/909 638/910 640/911 641/912
f 639/909 641/912 477/913 476/914
f 641/912 640/911 642/915 643/916
f 641/912 643/916 496/917 477/913
f 643/918 642/919 644/920 645/921
f 643/918 645/921 470/613 496/668
f 645/921 646/922 468/614 470/613
f 645/921 644/920 647/923 646/922
f 647/923 648/924 649/925 646/922
f 647/923 644/920 434/926 650/927
f 647/923 650/927 651/928 648/924
f 651/929 652/930 653/931 648/932
f 651/928 650/927 462/600 654/933
f 651/929 654/934 655/935 652/930
f 654/933 462/600 461/599 656/936
f 654/934 656/937 657/938 655/935
f 656/939 461/940 460/941 392/942
f 656/939 392/942 391/943 657/944
f 653/945 658/946 659/947 660/948
f 653/931 660/949 649/950 648/932
f 653/945 652/951 661/952 658/946
f 661/953 662/954 663/955 658/956
f 661/957 652/930 655/935 397/958
f 661/953 397/959 396/960 662/954
f 663/955 664/961 665/962 666/963
f 663/955 666/963 659/964 658/956
f 663/955 662/954 667/965 664/961
f 667/966 668/967 357/395 664/968
f 667/965 662/954 396/960 390/969
f 667/966 390/451 389/450 668/967
f 668/967 669/970 358/396 357/395
f 668/967 389/450 670/971 669/970
f 670/971 373/424 671/972 669/970
f 670/971 389/450 69/430 375/429
f 670/971 375/429 374/425 373/424
f 671/972 672/973 420/509 359/397
f 671/972 359/397 358/396 669/970
f 671/972 373/424 372/423 672/973
f 672/973 673/974 418/510 420/509
f 672/973 372/423 674/975 673/974
f 674/976 417/498 414/491 673/977
f 674/975 372/423 65/422 361/978
f 674/976 361/401 78/400 417/498
f 673/977 414/491 413/490 418/502
f 666/963 665/962 675/979 676/980
f 666/963 676/980 677/981 659/964
f 677/981 676/980 474/627 475/630
f 677/982 475/983 678/984 679/985
f 677/982 679/985 660/949 659/986
f 679/985 678/984 465/606 469/610
f 679/985 469/610 649/950 660/949
f 678/984 475/983 96/559 438/558
f 678/984 438/558 466/607 465/606
f 676/980 675/979 473/628 474/627
f 675/987 355/393 422/512 473/624
f 675/987 665/988 356/394 355/393
f 665/988 664/968 357/395 356/394
f 650/927 434/926 87/601 462/600
f 649/925 469/989 468/614 646/922
f 644/920 642/919 432/990 434/926
f 642/991 640/992 433/993 432/994
f 640/911 638/910 435/545 433/544
f 638/907 637/906 680/995 435/996
f 680/995 681/997 455/583 444/582
f 680/995 444/582 91/998 435/996
f 680/999 637/904 636/903 681/1000
f 681/1001 682/1002 456/586 455/585
f 682/1002 485/645 683/1003 450/1004
f 682/1005 450/572 449/571 456/1006
f 683/1007 684/1008 451/1009 450/1010
f 683/1003 485/645 484/644 685/1011
f 683/1003 685/1011 686/1012 684/1013
f 686/1012 687/1014 688/1015 684/1013
f 686/1016 685/1017 689/1018 690/1019
f 686/1016 690/1019 691/1020 687/1021
f 691/1020 401/465 403/467 687/1021
f 691/1020 690/1019 692/1022 693/1023
f 691/1020 693/1023 402/466 401/465
f 693/1024 692/1025 694/1026 695/1027
f 693/1023 695/1028 696/1029 402/466
f 696/1029 194/86 193/85 697/1030
f 696/1029 697/1030 398/462 402/466
f 696/1031 695/1027 698/1032 194/1033
f 698/1032 699/1034 195/1035 194/1033
f 698/1032 695/1027 694/1026 700/1036
f 698/1032 700/1036 262/220 699/1034
f 700/1036 694/1026 701/1037 702/1038
f 700/1036 702/1038 259/217 262/220
f 702/1038 701/1037 547/1039 703/1040
f 702/1038 703/1040 260/218 259/217
f 703/1041 547/762 546/761 704/1042
f 703/1040 704/1043 705/1044 260/218
f 705/1045 704/1046 543/1047 706/1048
f 705/1044 706/1049 293/278 292/277
f 705/1044 292/277 257/214 260/218
f 706/1050 543/1051 540/749 707/1052
f 706/1050 707/1052 294/281 293/280
f 707/1052 540/749 539/748 708/1053
f 707/1052 708/1053 709/1054 294/281
f 709/1054 708/1053 710/1055 711/1056
f 709/1054 711/1056 712/1057 713/1058
f 709/1054 713/1058 295/282 294/281
f 713/1058 712/1057 714/1059 715/1060
f 713/1058 715/1060 716/1061 295/282
f 716/1061 717/1062 718/1063 552/781
f 716/1061 552/781 43/279 295/282
f 716/1061 715/1060 719/1064 717/1062
f 719/1065 720/1066 721/1067 717/1068
f 719/1064 715/1060 714/1059 722/1069
f 719/1065 722/1070 723/1071 720/1066
f 723/1071 722/1070 724/1072 725/1073
f 723/1071 725/1073 726/1074 727/1075
f 723/1071 727/1075 728/1076 720/1066
f 728/1076 729/1077 730/1078 731/1079
f 728/1076 731/1079 721/1067 720/1066
f 728/1076 727/1075 732/1080 729/1077
f 732/1080 727/1075 726/1074 733/1081
f 732/1080 733/1081 734/1082 735/1083
f 732/1080 735/1083 736/1084 729/1077
f 736/1084 735/1083 737/1085 738/1086
f 736/1084 738/1086 739/1087 740/1088
f 736/1084 740/1088 730/1078 729/1077
f 740/1088 739/1087 741/1089 742/1090
f 740/1088 742/1090 743/1091 730/1078
f 743/1092 742/1093 744/1094 745/1095
f 743/1092 745/1095 746/1096 747/1097
f 743/1091 747/1098 731/1079 730/1078
f 747/1097 746/1096 748/1099 749/1100
f 747/1098 749/1101 721/1067 731/1079
f 749/1102 748/1103 750/1104 718/1063
f 749/1102 718/1063 717/1062 721/1105
f 750/1104 748/1103 751/1106 752/1107
f 750/1104 752/1107 296/1108 551/782
f 750/1104 551/782 552/781 718/1063
f 752/1109 751/1110 753/1111 754/1112
f 752/1109 754/1112 297/1113 296/1114
f 754/1115 753/1116 755/1117 756/1118
f 754/1115 756/1118 757/1119 297/1120
f 757/1119 756/1118 758/1121 759/1122
f 757/1119 759/1122 550/1123 549/1124
f 757/1125 549/772 298/775 297/1126
f 759/1122 758/1121 760/1127 320/324
f 759/1122 320/324 319/323 550/1123
f 760/1127 761/1128 317/320 316/319
f 760/1127 316/319 52/318 320/324
f 760/1127 758/1121 762/1129 761/1128
f 762/1129 40/1130 281/1131 761/1128
f 762/1129 758/1121 756/1118 755/1117
f 762/1129 755/1117 254/1132 40/1130
f 761/1128 281/1131 280/252 317/320
f 755/1117 753/1116 255/1133 254/1132
f 753/1111 751/1110 256/211 255/210
f 751/1106 748/1103 746/1134 256/1135
f 746/1096 745/1095 249/194 256/1136
f 745/1095 744/1094 250/195 249/194
f 744/1094 742/1093 741/1137 763/1138
f 744/1094 763/1138 273/239 250/195
f 763/1138 741/1137 764/1139 765/1140
f 763/1138 765/1140 274/240 273/239
f 765/1140 764/1139 267/1141 264/222
f 765/1140 264/222 263/221 274/240
f 764/1142 766/1143 767/1144 267/227
f 764/1142 741/1145 739/1146 766/1143
f 767/1144 768/1147 769/1148 770/1149
f 767/1144 770/1149 265/228 267/227
f 767/1144 766/1143 771/1150 768/1147
f 771/1150 772/1151 773/1152 768/1147
f 771/1150 766/1143 739/1146 738/1153
f 771/1150 738/1153 737/1154 772/1151
f 773/1152 774/1155 775/1156 776/1157
f 773/1152 776/1157 769/1148 768/1147
f 773/1152 772/1151 777/1158 774/1155
f 777/1159 772/1160 737/1085 778/1161
f 777/1159 778/1161 779/1162 780/1163
f 777/1158 780/1164 781/1165 774/1155
f 781/1165 782/1166 775/1156 774/1155
f 781/1165 780/1164 783/1167 784/1168
f 781/1169 784/1170 785/1171 782/1172
f 785/1171 786/1173 787/1174 782/1172
f 785/1175 784/1176 788/1177 789/1178
f 785/1175 789/1178 790/1179 786/1180
f 790/1179 791/1181 792/1182 793/1183
f 790/1179 793/1183 794/1184 786/1180
f 790/1179 789/1178 795/1185 791/1181
f 795/1185 796/1186 797/1187 791/1181
f 795/1185 789/1178 788/1177 798/1188
f 795/1185 798/1188 799/1189 796/1186
f 799/1189 800/1190 801/1191 796/1186
f 799/1189 798/1188 802/1192 803/1193
f 799/1189 803/1193 804/1194 800/1190
f 804/1194 805/1195 806/1196 800/1190
f 804/1194 803/1193 807/1197 808/1198
f 804/1199 808/1200 809/1201 805/1202
f 809/1201 810/1203 811/1204 805/1202
f 809/1205 808/1198 812/1206 813/1207
f 809/1201 813/1208 814/1209 810/1203
f 814/1209 815/1210 816/1211 810/1203
f 814/1209 813/1208 817/1212 818/1213
f 814/1209 818/1213 819/1214 815/1210
f 819/1214 820/1215 821/1216 815/1210
f 819/1214 818/1213 822/1217 823/1218
f 819/1219 823/1220 824/1221 820/1222
f 824/1221 825/1223 826/1224 820/1222
f 824/1221 823/1220 510/700 509/699
f 824/1221 509/699 508/698 825/1223
f 826/1224 827/1225 828/1226 829/1227
f 826/1224 829/1227 821/1228 820/1222
f 826/1224 825/1223 830/1229 827/1225
f 830/1229 831/1230 439/561 827/1225
f 830/1229 825/1223 508/698 832/1231
f 830/1229 832/1231 833/1232 831/1230
f 833/1232 834/1233 835/1234 831/1230
f 833/1232 832/1231 504/684 502/683
f 833/1232 502/683 501/1235 834/1233
f 835/1236 447/569 90/568 440/1237
f 835/1234 440/562 439/561 831/1230
f 835/1236 834/1238 448/570 447/569
f 834/1238 501/1239 457/1240 448/570
f 832/1231 508/698 507/696 504/684
f 829/1241 828/1242 515/1243 518/1244
f 829/1241 518/1244 836/1245 821/1216
f 836/1245 518/1244 517/1246 837/1247
f 836/1245 837/1247 838/1248 816/1211
f 836/1245 816/1211 815/1210 821/1216
f 838/1249 837/1250 839/1251 840/1252
f 838/1248 840/1253 841/1254 811/1204
f 838/1248 811/1204 810/1203 816/1211
f 841/1254 840/1253 842/1255 843/1256
f 841/1257 843/1258 844/1259 806/1196
f 841/1257 806/1196 805/1195 811/1260
f 844/1261 843/1256 845/1262 846/1263
f 844/1259 846/1264 847/1265 801/1191
f 844/1259 801/1191 800/1190 806/1196
f 847/1265 846/1264 848/1266 849/1267
f 847/1265 849/1267 850/1268 797/1187
f 847/1265 797/1187 796/1186 801/1191
f 850/1268 849/1267 851/1269 852/1270
f 850/1268 852/1270 853/1271 792/1182
f 850/1268 792/1182 791/1181 797/1187
f 853/1271 852/1270 854/1272 855/1273
f 853/1271 855/1273 856/1274 857/1275
f 853/1271 857/1275 793/1183 792/1182
f 857/1276 856/1277 858/1278 859/1279
f 857/1275 859/1280 794/1184 793/1183
f 859/1279 858/1278 860/1281 861/1282
f 859/1283 861/1284 862/1285 794/1286
f 862/1285 861/1284 863/1287 864/1288
f 862/1285 864/1288 865/1289 787/1174
f 862/1285 787/1174 786/1173 794/1286
f 865/1289 864/1288 866/1290 867/1291
f 865/1289 867/1291 776/1292 775/1293
f 865/1289 775/1293 782/1172 787/1174
f 867/1294 866/1295 868/1296 869/1297
f 867/1294 869/1297 769/1148 776/1157
f 869/1297 868/1296 870/1298 871/1299
f 869/1297 871/1299 770/1149 769/1148
f 871/1300 870/1301 872/1302 266/224
f 871/1299 266/1303 265/228 770/1149
f 872/1304 870/1298 873/1305 874/1306
f 872/1302 874/1307 875/1308 876/1309
f 872/1302 876/1309 191/82 266/224
f 876/1309 875/1308 877/1310 878/1311
f 876/1309 878/1311 192/83 191/82
f 878/1311 877/1310 879/1312 880/1313
f 878/1311 880/1313 881/1314 192/83
f 881/1315 880/1316 882/1317 883/1318
f 881/1315 883/1318 884/1319 885/1320
f 881/1314 885/1321 13/78 192/83
f 885/1320 884/1319 886/1322 887/1323
f 885/1321 887/1324 189/79 13/78
f 887/1323 886/1322 888/1325 889/1326
f 887/1323 889/1326 890/1327 189/1328
f 890/1329 889/1330 891/1331 892/1332
f 890/1329 892/1332 893/1333 894/1334
f 890/1329 894/1334 190/80 189/79
f 894/1334 893/1333 33/235 272/241
f 894/1334 272/241 263/221 190/80
f 893/1335 892/1336 895/1337 896/1338
f 893/1333 896/1339 269/236 33/235
f 896/1338 895/1337 897/1340 898/1341
f 896/1342 898/1343 899/1344 269/1345
f 899/1344 898/1343 900/1346 901/1347
f 899/1344 901/1347 261/219 902/1348
f 899/1344 902/1348 270/1349 269/1345
f 902/1348 261/219 31/213 903/1350
f 902/1348 903/1350 252/1351 270/1349
f 903/1350 31/213 258/216 288/269
f 903/1350 288/269 30/1352 252/1351
f 901/1347 900/1346 195/1035 699/1034
f 901/1347 699/1034 262/220 261/219
f 900/1353 898/1341 897/1340 196/88
f 900/1353 196/88 14/84 195/87
f 897/1340 895/1337 904/1354 905/1355
f 897/1340 905/1355 197/89 196/88
f 905/1355 904/1354 906/1356 907/1357
f 905/1355 907/1357 908/1358 197/89
f 908/1358 907/1357 909/1359 399/463
f 908/1358 399/463 398/462 697/1030
f 908/1358 697/1030 193/85 197/89
f 909/1359 910/1360 911/1361 912/1362
f 909/1359 912/1362 400/464 399/463
f 909/1359 907/1357 906/1356 910/1360
f 912/1362 911/1361 913/1363 914/1364
f 912/1362 914/1364 403/467 400/464
f 914/1364 913/1363 452/1365 688/1366
f 914/1364 688/1366 687/1021 403/467
f 913/1367 911/1368 141/8 140/7
f 913/1367 140/7 453/575 452/574
f 911/1368 910/1369 915/1370 141/8
f 915/1371 916/1372 1/1 141/1373
f 915/1370 910/1369 906/1374 917/1375
f 915/1371 917/1376 888/1325 916/1372
f 917/1375 906/1374 904/1377 891/1378
f 917/1376 891/1379 889/1326 888/1325
f 916/1372 918/1380 137/2 1/1
f 916/1372 888/1325 886/1322 918/1380
f 918/1380 919/1381 920/1382 137/2
f 918/1380 886/1322 884/1319 919/1381
f 920/1383 921/1384 922/1385 442/1386
f 920/1382 442/565 138/3 137/2
f 920/1382 919/1381 923/1387 921/1388
f 923/1387 924/1389 925/1390 921/1388
f 923/1387 919/1381 884/1319 883/1318
f 923/1387 883/1318 882/1317 924/1389
f 925/1390 926/1391 927/1392 928/1393
f 925/1390 928/1393 922/1394 921/1388
f 925/1390 924/1389 929/1395 926/1391
f 929/1395 930/1396 931/1397 926/1391
f 929/1395 924/1389 882/1317 932/1398
f 929/1395 932/1398 933/1399 930/1396
f 933/1400 934/1401 935/1402 930/1403
f 933/1399 932/1398 879/1404 936/1405
f 933/1406 936/1407 937/1408 934/1409
f 937/1408 938/1410 939/1411 934/1409
f 937/1408 936/1407 940/1412 941/1413
f 937/1408 941/1413 942/1414 938/1410
f 942/1414 943/1415 944/1416 938/1410
f 942/1414 941/1413 945/1417 946/1418
f 942/1414 946/1418 182/66 943/1415
f 946/1418 945/1417 947/1419 948/1420
f 946/1418 948/1420 183/67 182/66
f 948/1420 949/1421 950/1422 183/67
f 948/1420 947/1419 951/1423 949/1421
f 951/1424 952/1425 953/1426 949/1427
f 951/1424 947/1428 954/1429 955/1430
f 951/1424 955/1430 956/1431 952/1425
f 956/1431 957/1432 958/1433 952/1425
f 956/1431 955/1430 873/1305 959/1434
f 956/1431 959/1434 960/1435 957/1432
f 960/1435 959/1434 868/1296 866/1295
f 960/1435 866/1295 864/1436 863/1437
f 960/1435 863/1437 961/1438 957/1432
f 961/1438 962/1439 958/1433 957/1432
f 961/1438 863/1437 861/1282 860/1281
f 961/1438 860/1281 963/1440 962/1439
f 963/1440 964/1441 965/1442 962/1439
f 963/1440 860/1281 858/1278 966/1443
f 963/1444 966/1445 967/1446 964/1447
f 967/1446 968/1448 969/1449 964/1447
f 967/1446 966/1445 970/1450 971/1451
f 967/1446 971/1451 972/1452 968/1448
f 972/1453 973/1454 974/1455 975/1456
f 972/1453 975/1456 976/1457 968/1458
f 972/1453 971/1459 977/1460 973/1454
f 977/1460 978/1461 979/1462 973/1454
f 977/1460 971/1459 970/1463 980/1464
f 977/1460 980/1464 981/1465 978/1461
f 981/1465 982/1466 983/1467 978/1461
f 981/1465 980/1464 855/1273 854/1272
f 981/1465 854/1272 984/1468 982/1466
f 984/1468 985/1469 986/1470 982/1466
f 984/1468 854/1272 852/1270 851/1269
f 984/1471 851/1472 987/1473 985/1474
f 987/1473 988/1475 989/1476 985/1474
f 987/1477 851/1269 849/1267 848/1266
f 987/1478 848/1479 990/1480 988/1481
f 990/1480 991/1482 992/1483 988/1481
f 990/1480 848/1479 846/1263 845/1262
f 990/1480 845/1262 993/1484 991/1482
f 993/1484 994/1485 995/1486 991/1482
f 993/1484 845/1262 843/1256 842/1255
f 993/1484 842/1255 996/1487 994/1485
f 996/1487 997/1488 998/1489 994/1485
f 996/1487 842/1255 840/1253 839/1490
f 996/1487 839/1490 516/1491 997/1488
f 998/1489 999/1492 1000/1493 1001/1494
f 998/1489 1001/1494 995/1486 994/1485
f 998/1495 997/1496 1002/1497 999/1498
f 1002/1497 1003/1499 1004/1500 999/1498
f 1002/1497 997/1496 516/708 514/705
f 1002/1497 514/705 513/704 1003/1499
f 1004/1500 1005/1501 1000/1502 999/1498
f 1004/1503 1003/1504 927/1392 1006/1505
f 1004/1503 1006/1505 1007/1506 1005/1507
f 1007/1508 1008/1509 1009/1510 1005/1511
f 1007/1506 1006/1505 931/1397 1010/1512
f 1007/1508 1010/1513 1011/1514 1008/1509
f 1011/1515 1012/1516 1013/1517 1008/1518
f 1011/1515 1010/1519 935/1520 1014/1521
f 1011/1515 1014/1521 1015/1522 1012/1516
f 1015/1522 1016/1523 1017/1524 1012/1516
f 1015/1522 1014/1521 939/1525 1018/1526
f 1015/1522 1018/1526 1019/1527 1016/1523
f 1019/1527 1020/1528 1021/1529 1016/1523
f 1019/1527 1018/1526 944/1530 1022/1531
f 1019/1527 1022/1531 1023/1532 1020/1528
f 1023/1533 1024/1534 1025/1535 1020/1536
f 1023/1532 1022/1531 1026/1537 1027/1538
f 1023/1533 1027/1539 1028/1540 1024/1534
f 1028/1540 1029/1541 1030/1542 1024/1534
f 1028/1540 1027/1539 177/63 181/62
f 1028/1540 181/62 1031/1543 1029/1541
f 1031/1543 1032/1544 1033/1545 1029/1541
f 1031/1543 181/62 180/61 1034/1546
f 1031/1547 1034/1548 1035/1549 1032/1550
f 1035/1549 1036/1551 1037/1552 187/74
f 1035/1549 187/74 186/73 1032/1550
f 1035/1549 1034/1548 1038/1553 1036/1551
f 1038/1553 1039/1554 1040/1555 1036/1551
f 1038/1553 1034/1548 180/1556 179/1557
f 1038/1558 179/1559 1041/1560 1039/1561
f 1041/1560 562/1562 561/1563 1039/1561
f 1041/1564 179/1557 176/53 1042/1565
f 1041/1564 1042/1565 1043/1566 562/793
f 1043/1566 1042/1565 1044/1567 1045/1568
f 1043/1566 1045/1568 558/788 557/787
f 1043/1566 557/787 559/790 562/793
f 1045/1568 1044/1567 1046/1569 1047/1570
f 1045/1568 1047/1570 1048/1571 558/788
f 1048/1571 1047/1570 1049/1572 1050/1573
f 1048/1574 1050/1575 1051/1576 1052/1577
f 1048/1571 1052/1578 553/784 558/788
f 1052/1577 1051/1576 969/1449 1053/1579
f 1052/1578 1053/1580 554/785 553/784
f 1053/1580 969/1581 968/1582 976/1583
f 1053/1580 976/1583 1054/1584 554/785
f 1054/1584 1055/1585 555/786 554/785
f 1054/1584 976/1583 975/1586 1056/1587
f 1054/1588 1056/1589 1057/1590 1055/1591
f 1057/1590 1058/1592 1059/1593 1060/1594
f 1057/1590 1060/1594 1061/1595 1055/1591
f 1057/1596 1056/1597 1062/1598 1058/1599
f 1062/1600 1063/1601 1064/1602 1058/1603
f 1062/1598 1056/1597 975/1456 974/1455
f 1062/1598 974/1455 1065/1604 1063/1605
f 1065/1606 1066/1607 1067/1608 1063/1601
f 1065/1604 974/1455 973/1454 979/1462
f 1065/1604 979/1462 1068/1609 1066/1610
f 1068/1609 1069/1611 1070/1612 1066/1610
f 1068/1609 979/1462 978/1461 983/1467
f 1068/1613 983/1614 1071/1615 1069/1616
f 1071/1615 1072/1617 1073/1618 1069/1616
f 1071/1615 983/1614 982/1619 986/1620
f 1071/1615 986/1620 1074/1621 1072/1617
f 1074/1621 1075/1622 1076/1623 1072/1617
f 1074/1621 986/1620 985/1624 989/1625
f 1074/1621 989/1625 1077/1626 1075/1622
f 1077/1626 1078/1627 1079/1628 1075/1622
f 1077/1626 989/1625 988/1481 992/1483
f 1077/1626 992/1483 1080/1629 1078/1627
f 1080/1629 1081/1630 1082/1631 1078/1627
f 1080/1629 992/1483 991/1482 995/1486
f 1080/1632 995/1633 1001/1634 1081/1635
f 1082/1631 1083/1636 1084/1637 1085/1638
f 1082/1631 1085/1638 1079/1628 1078/1627
f 1082/1639 1081/1635 1086/1640 1083/1641
f 1086/1640 1009/1642 1087/1643 1083/1641
f 1086/1640 1081/1635 1001/1634 1000/1502
f 1086/1640 1000/1502 1005/1501 1009/1642
f 1087/1643 1088/1644 1084/1645 1083/1641
f 1087/1646 1009/1647 1008/1518 1013/1517
f 1087/1646 1013/1517 1089/1648 1088/1649
f 1089/1648 1090/1650 1091/1651 1088/1649
f 1089/1648 1013/1517 1012/1516 1017/1524
f 1089/1648 1017/1524 1092/1652 1090/1650
f 1092/1652 1093/1653 1094/1654 1090/1650
f 1092/1652 1017/1524 1016/1523 1021/1529
f 1092/1652 1021/1529 1095/1655 1093/1653
f 1095/1656 1096/1657 1097/1658 1093/1659
f 1095/1655 1021/1529 1020/1528 1025/1660
f 1095/1656 1025/1661 1098/1662 1096/1657
f 1098/1662 1099/1663 1100/1664 1096/1657
f 1098/1665 1025/1666 1024/1667 1030/1668
f 1098/1669 1030/1542 1101/1670 1099/1671
f 1101/1670 1102/1672 1103/1673 1099/1671
f 1101/1670 1030/1542 1029/1541 1033/1545
f 1101/1670 1033/1545 185/70 1102/1672
f 1103/1674 1104/1675 1105/1676 1106/1677
f 1103/1674 1106/1677 1100/1678 1099/1679
f 1103/1673 1102/1672 1107/1680 1104/1681
f 1107/1680 1108/1682 1109/1683 1104/1681
f 1107/1680 1102/1672 185/70 184/69
f 1107/1680 184/69 1110/1684 1108/1682
f 1110/1684 1111/1685 1112/1686 1108/1682
f 1110/1684 184/69 12/68 1113/1687
f 1110/1688 1113/1689 1114/1690 1111/1691
f 1114/1692 1115/1693 1116/1694 1111/1685
f 1114/1690 1113/1689 1117/1695 572/1696
f 1114/1692 572/1697 571/1698 1115/1693
f 1117/1699 1113/1687 12/68 188/1700
f 1117/1699 188/1700 563/795 567/799
f 1117/1699 567/799 573/1701 572/1697
f 1116/1694 1118/1702 1119/1703 1120/1704
f 1116/1694 1120/1704 1112/1686 1111/1685
f 1116/1694 1115/1693 1121/1705 1118/1702
f 1121/1705 1122/1706 1123/1707 1118/1702
f 1121/1708 1115/1709 571/1710 1124/1711
f 1121/1708 1124/1711 1125/1712 1122/1713
f 1125/1712 1126/1714 1127/1715 1122/1713
f 1125/1712 1124/1711 1128/1716 1129/1717
f 1125/1712 1129/1717 1130/1718 1126/1714
f 1130/1719 1131/1720 1132/1721 1126/1722
f 1130/1718 1129/1717 1133/1723 1134/1724
f 1130/1719 1134/1725 1135/1726 1131/1720
f 1135/1727 1136/1728 1137/1729 1138/1730
f 1135/1727 1138/1730 1139/1731 1131/1732
f 1135/1727 1134/1733 1140/1734 1136/1728
f 1140/1735 1141/1736 1142/1737 1136/1738
f 1140/1739 1134/1724 1133/1723 1143/1740
f 1140/1741 1143/1742 1144/1743 1141/1744
f 1144/1745 1145/1746 1146/1747 1141/1748
f 1144/1745 1143/1749 1147/1750 1148/1751
f 1144/1745 1148/1751 1149/1752 1145/1746
f 1149/1752 1150/1753 1151/1754 1145/1746
f 1149/1752 1148/1751 1152/1755 1153/1756
f 1149/1752 1153/1756 1154/1757 1150/1753
f 1154/1757 1155/1758 1156/1759 1150/1753
f 1154/1757 1153/1756 1157/1760 1158/1761
f 1154/1757 1158/1761 1159/1762 1155/1758
f 1159/1763 1160/1764 1161/1765 1155/1766
f 1159/1767 1158/1768 1162/1769 1163/1770
f 1159/1767 1163/1770 1164/1771 1160/1772
f 1164/1773 1165/1774 1166/1775 1160/1776
f 1164/1771 1163/1770 1167/1777 1168/1778
f 1164/1771 1168/1778 1169/1779 1165/1780
f 1169/1781 1170/1782 1171/1783 1165/1774
f 1169/1779 1168/1778 1172/1784 1173/1785
f 1169/1779 1173/1785 1174/1786 1170/1787
f 1174/1788 1175/1789 1176/1790 1170/1782
f 1174/1786 1173/1785 1177/1791 1178/1792
f 1174/1786 1178/1792 1179/1793 1175/1794
f 1179/1795 1180/1796 1181/1797 1175/1789
f 1179/1795 1178/1798 1182/1799 151/19
f 1179/1800 151/1801 150/1802 1180/1803
f 1182/1804 1178/1805 1177/1806 1183/1807
f 1182/1799 1183/1808 1184/1809 1185/1810
f 1182/1799 1185/1810 148/16 151/19
f 1185/1810 1184/1809 1186/1811 1187/1812
f 1185/1810 1187/1812 149/17 148/16
f 1187/1812 1186/1811 1188/1813 1189/1814
f 1187/1812 1189/1814 1190/1815 149/17
f 1190/1815 1191/1816 150/18 149/17
f 1190/1815 1189/1814 1192/1817 143/11
f 1190/1815 143/11 142/10 1191/1816
f 1192/1818 1189/1819 1188/1820 1193/1821
f 1192/1818 1193/1821 1194/1822 1195/1823
f 1192/1824 1195/1825 144/1826 143/1827
f 1195/1823 1194/1822 1196/1828 1197/1829
f 1195/1825 1197/1830 1198/1831 144/1826
f 1198/1831 1091/1832 145/1833 144/1826
f 1198/1834 1197/1829 1085/1638 1084/1637
f 1198/1834 1084/1637 1088/1835 1091/1836
f 1197/1829 1196/1828 1079/1628 1085/1638
f 1196/1828 1194/1822 1199/1837 1076/1623
f 1196/1828 1076/1623 1075/1622 1079/1628
f 1199/1838 1194/1839 1193/1840 1200/1841
f 1199/1842 1200/1843 1201/1844 1073/1845
f 1199/1837 1073/1618 1072/1617 1076/1623
f 1201/1844 1200/1843 1202/1846 1203/1847
f 1201/1844 1203/1847 1204/1848 1070/1849
f 1201/1850 1070/1612 1069/1611 1073/1851
f 1204/1848 1203/1847 1205/1852 1206/1853
f 1204/1848 1206/1853 1207/1854 1067/1608
f 1204/1848 1067/1608 1066/1607 1070/1849
f 1207/1855 1206/1856 1208/1857 1209/1858
f 1207/1855 1209/1858 1210/1859 1064/1860
f 1207/1854 1064/1602 1063/1601 1067/1608
f 1210/1859 1209/1858 1211/1861 1212/1862
f 1210/1859 1212/1862 1213/1863 1059/1864
f 1210/1859 1059/1864 1058/1865 1064/1860
f 1213/1863 1212/1862 1214/1866 1215/1867
f 1213/1863 1215/1867 1216/1868 1217/1869
f 1213/1863 1217/1869 1060/1870 1059/1864
f 1217/1871 1216/1872 1218/1873 1219/1874
f 1217/1871 1219/1874 1061/1595 1060/1594
f 1219/1874 1218/1873 1220/1875 1221/1876
f 1219/1874 1221/1876 1222/1877 1061/1595
f 1222/1877 1221/1876 1223/1878 1224/1879
f 1222/1877 1224/1879 556/1880 555/1881
f 1222/1877 555/1881 1055/1591 1061/1595
f 1224/1882 1223/1883 1225/1884 1226/1885
f 1224/1882 1226/1885 560/791 556/789
f 1226/1885 1225/1884 1227/1886 1228/1887
f 1226/1885 1228/1887 561/792 560/791
f 1228/1887 1227/1886 1229/1888 1040/1555
f 1228/1887 1040/1555 1039/1554 561/792
f 1229/1888 1230/1889 174/1890 1037/1552
f 1229/1888 1037/1552 1036/1551 1040/1555
f 1229/1888 1227/1886 1231/1891 1230/1889
f 1231/1892 1232/1893 1233/1894 1230/1895
f 1231/1891 1227/1886 1225/1884 1234/1896
f 1231/1892 1234/1897 1235/1898 1232/1893
f 1235/1898 1236/1899 565/797 1232/1893
f 1235/1898 1234/1897 1237/1900 1238/1901
f 1235/1898 1238/1901 1239/1902 1236/1899
f 1239/1902 1240/1903 566/798 1236/1899
f 1239/1904 1238/1905 1241/1906 1242/1907
f 1239/1904 1242/1907 1243/1908 1240/1909
f 1243/1910 568/806 573/805 1240/1911
f 1243/1912 1242/1913 1244/1914 1245/1915
f 1243/1916 1245/1917 569/802 568/801
f 1245/1915 1244/1914 1246/1918 1247/1919
f 1245/1917 1247/1920 1248/1921 569/802
f 1248/1921 1249/1922 1250/1923 1251/1924
f 1248/1921 1251/1924 570/803 569/802
f 1248/1921 1247/1920 1252/1925 1249/1922
f 1252/1926 1253/1927 1254/1928 1249/1929
f 1252/1925 1247/1920 1246/1930 1255/1931
f 1252/1932 1255/1933 1256/1934 1253/1935
f 1256/1934 1257/1936 1258/1937 1253/1935
f 1256/1934 1255/1933 1259/1938 1260/1939
f 1256/1934 1260/1939 1261/1940 1257/1936
f 1261/1940 1262/1941 1263/1942 1257/1936
f 1261/1940 1260/1939 1214/1866 1264/1943
f 1261/1940 1264/1943 1265/1944 1262/1941
f 1265/1945 1266/1946 1267/1947 1262/1948
f 1265/1944 1264/1943 1211/1861 1268/1949
f 1265/1945 1268/1950 1269/1951 1266/1946
f 1269/1951 1270/1952 1271/1953 1266/1946
f 1269/1954 1268/1949 1208/1857 1272/1955
f 1269/1951 1272/1956 1273/1957 1270/1952
f 1273/1957 1184/1958 1183/1807 1270/1952
f 1273/1957 1272/1956 1205/1959 1274/1960
f 1273/1961 1274/1962 1186/1811 1184/1809
f 1274/1960 1205/1959 1203/1963 1202/1964
f 1274/1962 1202/1965 1188/1813 1186/1811
f 1272/1955 1208/1857 1206/1856 1205/1966
f 1271/1967 1177/1968 1173/1969 1172/1970
f 1271/1953 1172/1971 1267/1947 1266/1946
f 1271/1953 1270/1952 1183/1807 1177/1806
f 1268/1949 1211/1861 1209/1858 1208/1857
f 1267/1972 1172/1784 1168/1778 1167/1777
f 1267/1947 1167/1973 1263/1974 1262/1948
f 1264/1943 1214/1866 1212/1862 1211/1861
f 1263/1975 1167/1777 1163/1770 1162/1769
f 1263/1975 1162/1769 1258/1976 1257/1977
f 1260/1939 1259/1938 1215/1867 1214/1866
f 1259/1938 1255/1933 1246/1978 1275/1979
f 1259/1938 1275/1979 1216/1868 1215/1867
f 1275/1980 1246/1918 1244/1914 1276/1981
f 1275/1982 1276/1983 1218/1873 1216/1872
f 1276/1981 1244/1914 1242/1913 1241/1984
f 1276/1983 1241/1906 1220/1875 1218/1873
f 1258/1976 1162/1769 1158/1768 1157/1985
f 1258/1976 1157/1985 1254/1928 1253/1927
f 1254/1986 1157/1760 1153/1756 1152/1755
f 1254/1986 1152/1755 1250/1987 1249/1988
f 1251/1924 1250/1923 1147/1989 1277/1990
f 1251/1924 1277/1990 1128/1991 570/803
f 1277/1990 1147/1989 1143/1992 1133/1993
f 1277/1990 1133/1993 1129/1994 1128/1991
f 1250/1987 1152/1755 1148/1751 1147/1750
f 1241/1906 1238/1905 1237/1995 1220/1875
f 1240/1903 573/1701 567/799 566/798
f 1237/1996 1234/1896 1225/1884 1223/1883
f 1237/1995 1223/1878 1221/1876 1220/1875
f 1236/1899 566/798 121/794 565/797
f 1233/1894 564/796 172/1997 171/1998
f 1233/1999 171/48 174/51 1230/2000
f 1233/1894 1232/1893 565/797 564/796
f 1202/1965 1200/1841 1193/1840 1188/1813
f 1191/2001 1278/2002 1180/1803 150/1802
f 1191/1816 142/10 147/14 1278/2003
f 1278/2003 1279/2004 1181/1797 1180/1796
f 1278/2003 147/14 1280/2005 1279/2004
f 1280/2005 1281/2006 1282/2007 1279/2004
f 1280/2005 147/14 146/13 1283/2008
f 1280/2005 1283/2008 1284/2009 1281/2006
f 1284/2009 1285/2010 1286/2011 1281/2006
f 1284/2012 1283/2013 1287/2014 1288/2015
f 1284/2016 1288/2017 1289/2018 1285/2019
f 1289/2018 1290/2020 1291/2021 1285/2019
f 1289/2018 1288/2017 1292/2022 1293/2023
f 1289/2018 1293/2023 1294/2024 1290/2020
f 1294/2024 1295/2025 1296/2026 1290/2020
f 1294/2024 1293/2023 1105/1676 1297/2027
f 1294/2024 1297/2027 1298/2028 1295/2025
f 1298/2029 1299/2030 1300/2031 1295/2032
f 1298/2028 1297/2027 1109/2033 1301/2034
f 1298/2029 1301/2035 1302/2036 1299/2030
f 1302/2037 1303/2038 1304/2039 1299/2040
f 1302/2041 1301/2042 1112/1686 1120/1704
f 1302/2041 1120/1704 1119/1703 1303/2043
f 1304/2039 1305/2044 1306/2045 1307/2046
f 1304/2039 1307/2046 1300/2047 1299/2040
f 1304/2039 1303/2038 1308/2048 1305/2044
f 1308/2048 1309/2049 1310/2050 1305/2044
f 1308/2051 1303/2043 1119/1703 1311/2052
f 1308/2048 1311/2053 1312/2054 1309/2049
f 1312/2055 1313/2056 1314/2057 1309/2058
f 1312/2059 1311/2060 1123/2061 1315/2062
f 1312/2055 1315/2063 1316/2064 1313/2056
f 1316/2065 1317/2066 1318/2067 1319/2068
f 1316/2065 1319/2068 1320/2069 1313/2070
f 1316/2064 1315/2063 1127/2071 1317/2072
f 1320/2069 1319/2068 1321/2073 1322/2074
f 1320/2069 1322/2074 1323/2075 1324/2076
f 1320/2069 1324/2076 1314/2077 1313/2070
f 1324/2076 1323/2075 1325/2078 1326/2079
f 1324/2076 1326/2079 1327/2080 1314/2077
f 1327/2081 1326/2082 1328/2083 1329/2084
f 1327/2081 1329/2084 1330/2085 1310/2086
f 1327/2081 1310/2086 1309/2087 1314/2088
f 1330/2085 1329/2084 1331/2089 1332/2090
f 1330/2091 1332/2092 1333/2093 1306/2045
f 1330/2091 1306/2045 1305/2044 1310/2050
f 1333/2093 1332/2092 1334/2094 1335/2095
f 1333/2093 1335/2095 1336/2096 1337/2097
f 1333/2093 1337/2097 1307/2046 1306/2045
f 1337/2097 1336/2096 1338/2098 1339/2099
f 1337/2097 1339/2099 1300/2047 1307/2046
f 1339/2100 1338/2101 1340/2102 1296/2103
f 1339/2100 1296/2103 1295/2032 1300/2031
f 1340/2102 1338/2101 1341/2104 1342/2105
f 1340/2102 1342/2105 1343/2106 1291/2107
f 1340/2108 1291/2021 1290/2020 1296/2026
f 1343/2106 1342/2105 1344/2109 1345/2110
f 1343/2111 1345/2112 1346/2113 1286/2011
f 1343/2111 1286/2011 1285/2010 1291/2114
f 1346/2113 1345/2112 1347/2115 1348/2116
f 1346/2113 1348/2116 1349/2117 1282/2007
f 1346/2113 1282/2007 1281/2006 1286/2011
f 1349/2117 1348/2116 1350/2118 1176/1790
f 1349/2117 1176/1790 1175/1789 1181/1797
f 1349/2117 1181/1797 1279/2004 1282/2007
f 1350/2118 1348/2116 1347/2115 1351/2119
f 1350/2118 1351/2119 1352/2120 1171/1783
f 1350/2118 1171/1783 1170/1782 1176/1790
f 1352/2120 1351/2119 1353/2121 1354/2122
f 1352/2120 1354/2122 1355/2123 1166/1775
f 1352/2120 1166/1775 1165/1774 1171/1783
f 1355/2124 1354/2125 1356/2126 1357/2127
f 1355/2124 1357/2127 1358/2128 1161/1765
f 1355/2124 1161/1765 1160/1764 1166/2129
f 1358/2128 1357/2127 627/888 626/887
f 1358/2128 626/887 629/890 1156/2130
f 1358/2128 1156/2130 1155/1766 1161/1765
f 1357/2127 1356/2126 1359/2131 627/888
f 1359/2131 1360/2132 615/2133 1361/2134
f 1359/2131 1361/2134 625/886 627/888
f 1359/2135 1356/2136 1362/2137 1360/2138
f 1362/2137 1363/2139 1364/2140 1360/2138
f 1362/2137 1356/2136 1354/2122 1353/2121
f 1362/2137 1353/2121 1365/2141 1363/2139
f 1365/2141 1353/2121 1351/2119 1347/2115
f 1365/2141 1347/2115 1345/2112 1344/2142
f 1365/2141 1344/2142 1366/2143 1363/2139
f 1366/2143 1367/2144 1364/2140 1363/2139
f 1366/2143 1344/2142 1342/2145 1341/2146
f 1366/2143 1341/2146 1368/2147 1367/2144
f 1368/2148 1369/2149 620/2150 1367/2151
f 1368/2148 1341/2152 1338/2098 1336/2096
f 1368/2148 1336/2096 1335/2095 1369/2149
f 1369/2153 1370/2154 617/882 620/881
f 1369/2149 1335/2095 1334/2094 1370/2155
f 1370/2156 1371/2157 618/2158 617/2159
f 1370/2156 1334/2160 1372/2161 1371/2157
f 1372/2161 1331/2089 1373/2162 1374/2163
f 1372/2161 1374/2163 1375/2164 1371/2157
f 1372/2161 1334/2160 1332/2090 1331/2089
f 1375/2164 1374/2163 1376/2165 1377/2166
f 1375/2167 1377/2168 1378/2169 1379/2170
f 1375/2167 1379/2170 618/879 1371/2171
f 1379/2170 1378/2169 1380/2172 1381/2173
f 1379/2170 1381/2173 619/880 618/879
f 1381/2173 1380/2172 1382/2174 1383/2175
f 1381/2173 1383/2175 1384/2176 619/880
f 1384/2176 1383/2175 1385/2177 1386/2178
f 1384/2176 1386/2178 624/2179 621/2180
f 1384/2176 621/2180 134/877 619/880
f 1386/2181 1385/2182 1387/2183 1388/2184
f 1386/2178 1388/2185 136/2186 624/2179
f 1388/2184 1387/2183 1389/2187 1390/2188
f 1390/2189 1389/2190 1391/2191 1392/2192
f 1390/2193 1392/2194 1393/2195 628/2196
f 1393/2195 1392/2194 1394/2197 1146/2198
f 1393/2199 1146/2200 1145/2201 1151/2202
f 1393/2203 1151/2204 629/890 628/889
f 1394/2205 1392/2192 1391/2191 1395/2206
f 1394/2205 1395/2206 1396/2207 1142/2208
f 1394/2197 1142/1737 1141/1736 1146/2198
f 1396/2207 1395/2206 1397/2209 1398/2210
f 1396/2207 1398/2210 1399/2211 1137/2212
f 1396/2207 1137/2212 1136/2213 1142/2208
f 1399/2211 1398/2210 1400/2214 1401/2215
f 1399/2216 1401/2217 1402/2218 1403/2219
f 1399/2216 1403/2219 1138/1730 1137/1729
f 1403/2219 1402/2218 1404/2220 1405/2221
f 1403/2219 1405/2221 1139/1731 1138/1730
f 1405/2221 1404/2220 1406/2222 1407/2223
f 1405/2221 1407/2223 1408/2224 1139/1731
f 1408/2225 1407/2226 1409/2227 1318/2228
f 1408/2224 1318/2229 1317/2230 1132/2231
f 1408/2224 1132/2231 1131/1732 1139/1731
f 1409/2227 1407/2226 1406/2232 1410/2233
f 1409/2234 1410/2235 1411/2236 1321/2073
f 1409/2234 1321/2073 1319/2068 1318/2067
f 1411/2237 1410/2233 1412/2238 1413/2239
f 1411/2236 1413/2240 1414/2241 1415/2242
f 1411/2236 1415/2242 1322/2074 1321/2073
f 1415/2243 1414/2244 1416/2245 1417/2246
f 1415/2242 1417/2247 1323/2075 1322/2074
f 1417/2246 1416/2245 1418/2248 1419/2249
f 1417/2246 1419/2249 1325/2250 1323/2251
f 1419/2249 1418/2248 1420/2252 1421/2253
f 1419/2249 1421/2253 1422/2254 1325/2250
f 1422/2254 1421/2253 1423/2255 1424/2256
f 1422/2254 1424/2256 1373/2257 1328/2258
f 1422/2254 1328/2258 1326/2259 1325/2250
f 1424/2256 1423/2255 1425/2260 1376/2261
f 1424/2256 1376/2261 1374/2262 1373/2257
f 1425/2260 1423/2255 1426/2263 1427/2264
f 1425/2260 1427/2264 1428/2265 1429/2266
f 1425/2260 1429/2266 1377/2267 1376/2261
f 1429/2266 1428/2265 1430/2268 1431/2269
f 1429/2270 1431/2271 1378/2169 1377/2168
f 1431/2272 1430/2273 1432/2274 1433/2275
f 1431/2271 1433/2276 1380/2172 1378/2169
f 1433/2275 1432/2274 1434/2277 1435/2278
f 1433/2276 1435/2279 1382/2174 1380/2172
f 1435/2278 1434/2277 1436/2280 1437/2281
f 1435/2278 1437/2281 1438/2282 1382/2283
f 1438/2282 1437/2281 1439/2284 1440/2285
f 1438/2282 1440/2285 1387/2183 1385/2182
f 1438/2286 1385/2177 1383/2175 1382/2174
f 1440/2285 1439/2284 1441/2287 1442/2288
f 1440/2285 1442/2288 1389/2187 1387/2183
f 1442/2288 1441/2287 1443/2289 1444/2290
f 1442/2291 1444/2292 1391/2191 1389/2190
f 1444/2292 1443/2293 1445/2294 1397/2209
f 1444/2292 1397/2209 1395/2206 1391/2191
f 1445/2294 1443/2293 1446/2295 1447/2296
f 1445/2294 1447/2296 1448/2297 1400/2214
f 1445/2294 1400/2214 1398/2210 1397/2209
f 1448/2298 1447/2299 1449/2300 1450/2301
f 1448/2298 1450/2301 1451/2302 1452/2303
f 1448/2297 1452/2304 1401/2215 1400/2214
f 1452/2303 1451/2302 1453/2305 1454/2306
f 1452/2304 1454/2307 1402/2308 1401/2215
f 1454/2309 1453/2310 1455/2311 1456/2312
f 1454/2309 1456/2312 1404/2313 1402/2314
f 1456/2312 1455/2311 1457/2315 1458/2316
f 1456/2312 1458/2316 1406/2232 1404/2313
f 1458/2316 1457/2315 1459/2317 1412/2238
f 1458/2316 1412/2238 1410/2233 1406/2232
f 1459/2318 1457/2319 1460/2320 1461/2321
f 1459/2318 1461/2321 1462/2322 1463/2323
f 1459/2317 1463/2324 1413/2239 1412/2238
f 1463/2323 1462/2322 1464/2325 1465/2326
f 1463/2324 1465/2327 1414/2328 1413/2239
f 1465/2326 1464/2325 1466/2329 1467/2330
f 1465/2331 1467/2332 1416/2333 1414/2334
f 1467/2330 1466/2329 1468/2335 1469/2336
f 1467/2332 1469/2337 1418/2338 1416/2333
f 1469/2339 1468/2340 1470/2341 1471/2342
f 1469/2337 1471/2343 1420/2344 1418/2338
f 1471/2342 1470/2341 1472/2345 1473/2346
f 1471/2343 1473/2347 1426/2348 1420/2344
f 1473/2346 1472/2345 1474/2349 1475/2350
f 1475/2350 1474/2349 1476/2351 1477/2352
f 1475/2353 1477/2354 1428/2355 1427/2356
f 1477/2352 1476/2351 1478/2357 1479/2358
f 1477/2354 1479/2359 1430/2360 1428/2355
f 1479/2358 1478/2357 1480/2361 1481/2362
f 1479/2359 1481/2363 1432/2364 1430/2360
f 1481/2365 1480/2366 1482/2367 1483/2368
f 1481/2363 1483/2369 1434/2370 1432/2364
f 1483/2368 1482/2367 1484/2371 1485/2372
f 1483/2369 1485/2373 1436/2374 1434/2370
f 1485/2372 1484/2371 1486/2375 1487/2376
f 1485/2373 1487/2377 1488/2378 1436/2374
f 1488/2378 1487/2377 1489/2379 1490/2380
f 1488/2381 1490/2382 1441/2287 1439/2284
f 1488/2381 1439/2284 1437/2281 1436/2280
f 1490/2380 1489/2379 1491/2383 1446/2384
f 1490/2382 1446/2385 1443/2289 1441/2287
f 1491/2386 1489/2387 1492/2388 1493/2389
f 1491/2386 1493/2389 1494/2390 1449/2391
f 1491/2383 1449/2300 1447/2299 1446/2384
f 1494/2390 1493/2389 1495/2392 1496/2393
f 1494/2394 1496/2395 1497/2396 1498/2397
f 1494/2390 1498/2398 1450/2399 1449/2391
f 1498/2397 1497/2396 1499/2400 1500/2401
f 1498/2398 1500/2402 1451/2403 1450/2399
f 1500/2404 1499/2405 1501/2406 1502/2407
f 1500/2402 1502/2408 1453/2409 1451/2403
f 1502/2407 1501/2406 1503/2410 1504/2411
f 1502/2412 1504/2413 1455/2414 1453/2415
f 1504/2411 1503/2410 1505/2416 1460/2417
f 1504/2413 1460/2320 1457/2319 1455/2414
f 1505/2416 1503/2410 1506/2418 1507/2419
f 1505/2420 1507/2421 1508/2422 1509/2423
f 1505/2416 1509/2424 1461/2425 1460/2417
f 1509/2426 1508/2427 1510/2428 1511/2429
f 1509/2426 1511/2429 1462/2430 1461/2431
f 1511/2429 1510/2428 1512/2432 1513/2433
f 1511/2429 1513/2433 1464/2434 1462/2430
f 1513/2433 1512/2432 1514/2435 1515/2436
f 1513/2433 1515/2436 1466/2437 1464/2434
f 1515/2436 1514/2435 1516/2438 1517/2439
f 1515/2436 1517/2439 1468/2440 1466/2437
f 1517/2441 1516/2442 1518/2443 1519/2444
f 1517/2445 1519/2446 1470/2341 1468/2340
f 1519/2444 1518/2443 1520/2447 1521/2448
f 1519/2446 1521/2449 1472/2345 1470/2341
f 1521/2448 1520/2447 1522/2450 1523/2451
f 1521/2449 1523/2452 1474/2349 1472/2345
f 1523/2452 1522/2453 1524/2454 1525/2455
f 1523/2452 1525/2455 1476/2351 1474/2349
f 1525/2456 1524/2457 1526/2458 1527/2459
f 1525/2455 1527/2460 1478/2357 1476/2351
f 1527/2459 1526/2458 1528/2461 1529/2462
f 1527/2459 1529/2462 1480/2463 1478/2464
f 1529/2462 1528/2461 1530/2465 1531/2466
f 1529/2462 1531/2466 1482/2467 1480/2463
f 1531/2466 1530/2465 1532/2468 1533/2469
f 1531/2466 1533/2469 1484/2470 1482/2467
f 1533/2469 1532/2468 1534/2471 1535/2472
f 1533/2473 1535/2474 1486/2375 1484/2371
f 1535/2475 1534/2476 1536/2477 1537/2478
f 1535/2474 1537/2479 1492/2388 1486/2375
f 1537/2480 1536/2481 1538/2482 1495/2483
f 1537/2479 1495/2392 1493/2389 1492/2388
f 1538/2482 1536/2481 1539/2484 1540/2485
f 1538/2482 1540/2485 1541/2486 1542/2487
f 1538/2482 1542/2487 1496/2395 1495/2483
f 1542/2487 1541/2486 1543/2488 1544/2489
f 1542/2487 1544/2489 1497/2396 1496/2395
f 1544/2489 1543/2488 1545/2490 1546/2491
f 1544/2489 1546/2491 1499/2400 1497/2396
f 1546/2492 1545/2493 1547/2494 1548/2495
f 1546/2492 1548/2495 1501/2406 1499/2405
f 1548/2495 1547/2494 1549/2496 1506/2418
f 1548/2495 1506/2418 1503/2410 1501/2406
f 1549/2497 1547/2498 1550/2499 1551/2500
f 1549/2497 1551/2500 1552/2501 1553/2502
f 1549/2497 1553/2502 1507/2421 1506/2503
f 1553/2502 1552/2501 1554/2504 1555/2505
f 1553/2502 1555/2505 1508/2422 1507/2421
f 1555/2505 1554/2504 1556/2506 1557/2507
f 1555/2505 1557/2507 1510/2508 1508/2422
f 1557/2509 1556/2510 1558/2511 1559/2512
f 1557/2509 1559/2512 1512/2432 1510/2428
f 1559/2512 1558/2511 1560/2513 1561/2514
f 1559/2512 1561/2514 1514/2435 1512/2432
f 1561/2515 1560/2516 1562/2517 1563/2518
f 1561/2515 1563/2518 1516/2442 1514/2519
f 1563/2518 1562/2517 1564/2520 1565/2521
f 1563/2518 1565/2521 1518/2443 1516/2442
f 1565/2521 1564/2520 1566/2522 1567/2523
f 1565/2521 1567/2523 1520/2447 1518/2443
f 1567/2523 1566/2522 1568/2524 1569/2525
f 1567/2523 1569/2525 1522/2450 1520/2447
f 1569/2525 1568/2524 1570/2526 1571/2527
f 1569/2525 1571/2527 1524/2528 1522/2450
f 1571/2527 1570/2526 1572/2529 1573/2530
f 1571/2531 1573/2532 1526/2458 1524/2457
f 1573/2533 1572/2534 1574/2535 1575/2536
f 1573/2532 1575/2537 1528/2461 1526/2458
f 1575/2536 1574/2535 1576/2538 1577/2539
f 1575/2537 1577/2540 1530/2465 1528/2461
f 1577/2539 1576/2538 1578/2541 1579/2542
f 1577/2540 1579/2543 1532/2468 1530/2465
f 1579/2542 1578/2541 1580/2544 1581/2545
f 1579/2542 1581/2545 1534/2476 1532/2546
f 1581/2545 1580/2544 1582/2547 1539/2548
f 1581/2545 1539/2548 1536/2477 1534/2476
f 1582/2547 1580/2544 1583/2549 1584/2550
f 1582/2551 1584/2552 1585/2553 1586/2554
f 1582/2547 1586/2555 1540/2556 1539/2548
f 1586/2554 1585/2553 1587/2557 1588/2558
f 1586/2554 1588/2558 1541/2486 1540/2485
f 1588/2558 1587/2557 1589/2559 1590/2560
f 1588/2558 1590/2560 1543/2488 1541/2486
f 1590/2560 1589/2559 1591/2561 1592/2562
f 1590/2560 1592/2562 1545/2490 1543/2488
f 1592/2563 1591/2564 1593/2565 1550/2566
f 1592/2567 1550/2499 1547/2498 1545/2568
f 1593/2565 1591/2564 1594/2569 1595/2570
f 1593/2565 1595/2570 1596/2571 1597/2572
f 1593/2565 1597/2572 1551/2573 1550/2566
f 1597/2572 1596/2571 1598/2574 1599/2575
f 1597/2572 1599/2575 1552/2576 1551/2573
f 1599/2575 1598/2574 1600/2577 1601/2578
f 1599/2575 1601/2578 1554/2579 1552/2576
f 1601/2580 1600/2581 1602/2582 1603/2583
f 1601/2580 1603/2583 1556/2510 1554/2584
f 1603/2583 1602/2582 1604/2585 1605/2586
f 1603/2583 1605/2586 1558/2511 1556/2510
f 1605/2586 1604/2585 1606/2587 1607/2588
f 1605/2586 1607/2588 1560/2513 1558/2511
f 1607/2588 1606/2587 1608/2589 1609/2590
f 1607/2588 1609/2590 1562/2591 1560/2513
f 1609/2592 1608/2593 1610/2594 1611/2595
f 1609/2596 1611/2597 1564/2598 1562/2599
f 1611/2595 1610/2594 1612/2600 1613/2601
f 1611/2597 1613/2602 1566/2603 1564/2598
f 1613/2602 1612/2604 1614/2605 1615/2606
f 1613/2602 1615/2606 1568/2607 1566/2603
f 1615/2606 1614/2605 1616/2608 1617/2609
f 1615/2606 1617/2609 1570/2610 1568/2607
f 1617/2611 1616/2612 1618/2613 1619/2614
f 1617/2609 1619/2615 1572/2616 1570/2610
f 1619/2614 1618/2613 1620/2617 1621/2618
f 1619/2614 1621/2618 1574/2619 1572/2620
f 1621/2618 1620/2617 1622/2621 1623/2622
f 1621/2618 1623/2622 1576/2623 1574/2619
f 1623/2622 1622/2621 1624/2624 1625/2625
f 1623/2622 1625/2625 1578/2626 1576/2623
f 1625/2625 1624/2624 1626/2627 1583/2628
f 1625/2629 1583/2549 1580/2544 1578/2541
f 1626/2630 1624/2631 1627/2632 1628/2633
f 1626/2630 1628/2633 1629/2634 1630/2635
f 1626/2636 1630/2637 1584/2638 1583/2639
f 1630/2640 1629/2641 1631/2642 1632/2643
f 1630/2640 1632/2643 1585/2553 1584/2552
f 1632/2643 1631/2642 1633/2644 1634/2645
f 1632/2643 1634/2645 1587/2557 1585/2553
f 1634/2645 1633/2644 1635/2646 1636/2647
f 1634/2645 1636/2647 1589/2559 1587/2557
f 1636/2647 1635/2646 1637/2648 1594/2649
f 1636/2647 1594/2649 1591/2561 1589/2559
f 1637/2648 1635/2646 1638/2650 1639/2651
f 1637/2648 1639/2651 1640/2652 1641/2653
f 1637/2648 1641/2653 1595/2654 1594/2649
f 1641/2655 1640/2656 1642/2657 1643/2658
f 1641/2659 1643/2660 1596/2571 1595/2570
f 1643/2658 1642/2657 1644/2661 1645/2662
f 1643/2660 1645/2663 1598/2574 1596/2571
f 1645/2662 1644/2661 1646/2664 1647/2665
f 1645/2662 1647/2665 1600/2666 1598/2667
f 1647/2665 1646/2664 1648/2668 1649/2669
f 1647/2670 1649/2671 1602/2582 1600/2581
f 1649/2671 1648/2672 1650/2673 1651/2674
f 1649/2671 1651/2674 1604/2585 1602/2582
f 1651/2674 1650/2673 1652/2675 1653/2676
f 1651/2674 1653/2676 1606/2587 1604/2585
f 1653/2677 1652/2678 1654/2679 1655/2680
f 1653/2677 1655/2680 1608/2593 1606/2681
f 1655/2680 1654/2679 1656/2682 1657/2683
f 1655/2680 1657/2683 1610/2594 1608/2593
f 1657/2683 1656/2682 1658/2684 1659/2685
f 1657/2683 1659/2685 1612/2600 1610/2594
f 1659/2685 1658/2684 1660/2686 1661/2687
f 1659/2685 1661/2687 1614/2688 1612/2600
f 1661/2687 1660/2686 1662/2689 1663/2690
f 1661/2687 1663/2690 1616/2691 1614/2688
f 1663/2690 1662/2689 1664/2692 1665/2693
f 1663/2694 1665/2695 1618/2613 1616/2612
f 1665/2695 1664/2696 1666/2697 1667/2698
f 1665/2695 1667/2698 1620/2617 1618/2613
f 1667/2699 1666/2700 1668/2701 1669/2702
f 1667/2698 1669/2703 1622/2621 1620/2617
f 1669/2702 1668/2701 1670/2704 1627/2632
f 1669/2702 1627/2632 1624/2631 1622/2705
f 1670/2704 1668/2701 1671/2706 1672/2707
f 1670/2704 1672/2707 1673/2708 1674/2709
f 1670/2704 1674/2709 1628/2633 1627/2632
f 1674/2709 1673/2708 1675/2710 1676/2711
f 1674/2709 1676/2711 1629/2634 1628/2633
f 1676/2711 1675/2710 1677/2712 1678/2713
f 1676/2711 1678/2713 1631/2714 1629/2634
f 1678/2715 1677/2716 1679/2717 1680/2718
f 1678/2715 1680/2718 1633/2644 1631/2642
f 1680/2718 1679/2717 1681/2719 1638/2650
f 1680/2718 1638/2650 1635/2646 1633/2644
f 1681/2719 1679/2717 1682/2720 1683/2721
f 1681/2719 1683/2721 1684/2722 1685/2723
f 1681/2719 1685/2723 1639/2651 1638/2650
f 1685/2723 1684/2722 1686/2724 1687/2725
f 1685/2723 1687/2725 1640/2652 1639/2651
f 1687/2726 1686/2727 1688/2728 1689/2729
f 1687/2726 1689/2729 1642/2657 1640/2656
f 1689/2729 1688/2728 1690/2730 1691/2731
f 1689/2729 1691/2731 1644/2661 1642/2657
f 1691/2731 1690/2730 1692/2732 1693/2733
f 1691/2731 1693/2733 1646/2664 1644/2661
f 1693/2733 1692/2732 1694/2734 1695/2735
f 1693/2733 1695/2735 1648/2668 1646/2664
f 1695/2735 1694/2734 1696/2736 1697/2737
f 1695/2735 1697/2737 1650/2738 1648/2668
f 1697/2739 1696/2740 1698/2741 1699/2742
f 1697/2739 1699/2742 1652/2678 1650/2743
f 1699/2742 1698/2741 1700/2744 1701/2745
f 1699/2742 1701/2745 1654/2679 1652/2678
f 1701/2745 1700/2744 1702/2746 1703/2747
f 1701/2745 1703/2747 1656/2682 1654/2679
f 1703/2747 1702/2746 1704/2748 1705/2749
f 1703/2747 1705/2749 1658/2684 1656/2682
f 1705/2749 1704/2748 1706/2750 1707/2751
f 1705/2749 1707/2751 1660/2686 1658/2684
f 1707/2751 1706/2750 1708/2752 1709/2753
f 1707/2751 1709/2753 1662/2689 1660/2686
f 1709/2753 1708/2752 1710/2754 1711/2755
f 1709/2753 1711/2755 1664/2692 1662/2689
f 1711/2756 1710/2757 1712/2758 1713/2759
f 1711/2756 1713/2759 1666/2700 1664/2760
f 1713/2759 1712/2758 1714/2761 1671/2706
f 1713/2759 1671/2706 1668/2701 1666/2700
f 1714/2761 1712/2758 1715/2762 1716/2763
f 1714/2761 1716/2763 1717/2764 1718/2765
f 1714/2761 1718/2765 1672/2707 1671/2706
f 1718/2765 1717/2764 1719/2766 1720/2767
f 1718/2765 1720/2767 1673/2708 1672/2707
f 1720/2767 1719/2766 1721/2768 1722/2769
f 1720/2767 1722/2769 1675/2710 1673/2708
f 1722/2769 1721/2768 1723/2770 1724/2771
f 1722/2769 1724/2771 1677/2712 1675/2710
f 1724/2771 1723/2770 1725/2772 1682/2773
f 1724/2771 1682/2773 1679/2774 1677/2712
f 1725/2775 1723/2776 1726/2777 1727/2778
f 1725/2775 1727/2778 1728/2779 1729/2780
f 1725/2775 1729/2780 1683/2721 1682/2720
f 1729/2780 1728/2779 1730/2781 1731/2782
f 1729/2780 1731/2782 1684/2722 1683/2721
f 1731/2782 1730/2781 1732/2783 1733/2784
f 1731/2785 1733/2786 1686/2727 1684/2787
f 1733/2786 1732/2788 1734/2789 1735/2790
f 1733/2786 1735/2790 1688/2728 1686/2727
f 1735/2790 1734/2789 1736/2791 1737/2792
f 1735/2790 1737/2792 1690/2730 1688/2728
f 1737/2792 1736/2791 1738/2793 1739/2794
f 1737/2792 1739/2794 1692/2732 1690/2730
f 1739/2794 1738/2793 1740/2795 1741/2796
f 1739/2794 1741/2796 1694/2734 1692/2732
f 1741/2796 1740/2795 1742/2797 1743/2798
f 1741/2796 1743/2798 1696/2736 1694/2734
f 1743/2798 1742/2797 1744/2799 1745/2800
f 1743/2801 1745/2802 1698/2741 1696/2740
f 1745/2802 1744/2803 1746/2804 1747/2805
f 1745/2802 1747/2805 1700/2744 1698/2741
f 1747/2805 1746/2804 1748/2806 1749/2807
f 1747/2805 1749/2807 1702/2746 1700/2744
f 1749/2807 1748/2806 1750/2808 1751/2809
f 1749/2807 1751/2809 1704/2748 1702/2746
f 1751/2809 1750/2808 1752/2810 1753/2811
f 1751/2809 1753/2811 1706/2750 1704/2748
f 1753/2811 1752/2810 1754/2812 1755/2813
f 1753/2811 1755/2813 1708/2752 1706/2750
f 1755/2813 1754/2812 1756/2814 1757/2815
f 1755/2816 1757/2817 1710/2818 1708/2819
f 1757/2820 1756/2821 1758/2822 1715/2823
f 1757/2817 1715/2824 1712/2825 1710/2818
f 1758/2822 1756/2821 158/2826 1759/2827
f 1758/2822 1759/2827 1760/2828 1761/2829
f 1758/2830 1761/2831 1716/2763 1715/2762
f 1761/2829 1760/2828 1762/2832 1763/2833
f 1761/2831 1763/2834 1717/2764 1716/2763
f 1763/2834 1762/2835 1764/2836 1765/2837
f 1763/2834 1765/2837 1719/2766 1717/2764
f 1765/2837 1764/2836 1766/2838 1767/2839
f 1765/2837 1767/2839 1721/2768 1719/2766
f 1767/2839 1766/2838 1768/2840 1726/2841
f 1767/2839 1726/2841 1723/2770 1721/2768
f 1768/2842 1766/2843 602/2844 1769/2845
f 1768/2842 1769/2845 1770/2846 1771/2847
f 1768/2842 1771/2847 1727/2778 1726/2777
f 1771/2847 1770/2846 1772/2848 1773/2849
f 1771/2847 1773/2849 1728/2779 1727/2778
f 1773/2849 1772/2848 1774/2850 1775/2851
f 1773/2849 1775/2851 1730/2781 1728/2779
f 1775/2851 1774/2850 1776/2852 1777/2853
f 1775/2851 1777/2853 1732/2783 1730/2781
f 1777/2854 1776/2855 1778/2856 1779/2857
f 1777/2854 1779/2857 1734/2858 1732/2859
f 1779/2857 1778/2856 1780/2860 1781/2861
f 1779/2862 1781/2863 1736/2791 1734/2789
f 1781/2863 1780/2864 1782/2865 1783/2866
f 1781/2863 1783/2866 1738/2793 1736/2791
f 1783/2866 1782/2865 1784/2867 1785/2868
f 1783/2866 1785/2868 1740/2795 1738/2793
f 1785/2869 1784/2870 1786/2871 1787/2872
f 1785/2869 1787/2872 1742/2873 1740/2874
f 1787/2872 1786/2871 1788/2875 1789/2876
f 1787/2872 1789/2876 1744/2877 1742/2873
f 1789/2876 1788/2875 1790/2878 1791/2879
f 1789/2880 1791/2881 1746/2804 1744/2803
f 1791/2881 1790/2882 1792/2883 1793/2884
f 1791/2881 1793/2884 1748/2806 1746/2804
f 1793/2884 1792/2883 1794/2885 1795/2886
f 1793/2884 1795/2886 1750/2808 1748/2806
f 1795/2887 1794/2888 7/33 160/34
f 1795/2886 160/2889 1752/2810 1750/2808
f 1792/2890 1790/2891 162/2892 161/2893
f 1790/2878 1788/2875 1796/2894 162/2895
f 1796/2896 1797/2897 1798/2898 1799/2899
f 1796/2896 1799/2899 163/2900 162/2901
f 1796/2894 1788/2875 1786/2871 1797/2902
f 1799/2903 1798/2904 1800/2905 164/2906
f 1800/2905 1801/2907 1802/2908 1803/2909
f 1800/2905 1803/2909 157/2910 164/2906
f 1800/2905 1798/2904 1804/2911 1801/2907
f 1804/2912 1805/2913 1806/2914 1801/2915
f 1804/2912 1798/2898 1797/2897 1807/2916
f 1804/2912 1807/2916 1808/2917 1805/2913
f 1808/2917 1809/2918 1810/2919 1805/2913
f 1808/2920 1807/2921 1784/2867 1782/2865
f 1808/2920 1782/2865 1780/2864 1809/2922
f 1810/2923 586/2924 125/2925 1811/2926
f 1810/2919 1811/2927 1806/2914 1805/2913
f 1810/2919 1809/2918 1812/2928 586/2929
f 1812/2928 1813/2930 587/2931 586/2929
f 1812/2932 1809/2933 1780/2860 1778/2856
f 1812/2932 1778/2856 1776/2855 1813/2934
f 1813/2935 593/836 592/835 587/2936
f 1813/2937 1776/2852 1774/2850 593/2938
f 1811/2939 125/2940 589/2941 1814/2942
f 1811/2943 1814/2944 1815/2945 1806/2946
f 1815/2947 1814/2948 1816/2949 1817/2950
f 1815/2945 1817/2951 1818/2952 1802/2953
f 1815/2945 1802/2953 1801/2954 1806/2946
f 1818/2952 1817/2951 1819/2955 1820/2956
f 1818/2957 1820/2958 1821/2959 1822/2960
f 1818/2957 1822/2960 1803/2909 1802/2908
f 1822/2960 1821/2959 156/2961 155/2962
f 1822/2960 155/2962 157/2910 1803/2909
f 1821/2959 1820/2958 1823/2963 1824/2964
f 1821/2959 1824/2964 1825/2965 156/2961
f 1825/2966 1824/2967 1826/2968 1827/2969
f 1825/2966 1827/2969 1828/2970 1829/2971
f 1825/2966 1829/2971 152/21 156/25
f 1829/2971 1828/2970 1830/2972 1831/2973
f 1829/2971 1831/2973 153/22 152/21
f 1831/2973 1830/2972 1832/2974 1833/2975
f 1831/2976 1833/2977 1834/2978 153/2979
f 1834/2978 1833/2977 1835/2980 1836/2981
f 1834/2978 1836/2981 1837/2982 1838/2983
f 1834/2978 1838/2983 154/2984 153/2979
f 1838/2983 1837/2982 1839/2985 1840/2986
f 1838/2983 1840/2986 1841/2987 154/2984
f 1839/2988 1837/2989 1842/2990 1843/2991
f 1839/2988 1843/2991 1844/2992 1845/2993
f 1839/2985 1845/2994 1846/2995 1840/2986
f 1845/2993 1844/2992 1847/2996 601/2997
f 1842/2990 1837/2989 1836/2998 1848/2999
f 1842/2990 1848/2999 1849/3000 1850/3001
f 1850/3002 1849/3003 1851/3004 1852/3005
f 1850/3002 1852/3005 589/829 588/828
f 1852/3005 1851/3004 1853/3006 1816/3007
f 1852/3005 1816/3007 1814/3008 589/829
f 1853/3006 1851/3004 1854/3009 1855/3010
f 1853/3011 1855/3012 1856/3013 1819/3014
f 1853/3011 1819/3014 1817/2950 1816/2949
f 1856/3015 1855/3016 1857/3017 1858/3018
f 1856/3015 1858/3018 1859/3019 1823/3020
f 1856/3015 1823/3020 1820/2956 1819/2955
f 1859/3021 1858/3022 1860/3023 1861/3024
f 1859/3021 1861/3024 1862/3025 1826/3026
f 1859/3019 1826/3027 1824/3028 1823/3020
f 1862/3025 1861/3024 1863/3029 170/47
f 1862/3025 170/47 169/46 1864/3030
f 1862/3025 1864/3030 1827/3031 1826/3026
f 1864/3030 169/46 168/45 1865/3032
f 1864/3030 1865/3032 1828/3033 1827/3031
f 1865/3032 168/45 607/860 1866/3034
f 1865/3032 1866/3034 1830/3035 1828/3033
f 1866/3034 607/860 606/859 1867/3036
f 1866/3034 1867/3036 1832/3037 1830/3035
f 1867/3036 606/859 605/858 1868/3038
f 1867/3036 1868/3038 1869/3039 1832/3037
f 1869/3039 1868/3038 1870/3040 1871/3041
f 1869/3042 1871/3043 1872/3044 1835/3045
f 1869/3042 1835/3045 1833/3046 1832/3047
f 1872/3044 1871/3043 1873/3048 1874/3049
f 1872/3044 1874/3049 1849/3000 1848/2999
f 1872/3044 1848/2999 1836/2998 1835/3045
f 1874/3050 1873/3051 1875/3052 1854/3009
f 1874/3050 1854/3009 1851/3004 1849/3003
f 1875/3053 1873/3054 1876/3055 1877/3056
f 1875/3053 1877/3056 1878/3057 1857/3058
f 1875/3052 1857/3059 1855/3010 1854/3009
f 1878/3057 1877/3056 581/819 580/818
f 1878/3057 580/818 1879/3060 1860/3023
f 1878/3057 1860/3023 1858/3022 1857/3058
f 1879/3060 580/818 577/814 576/813
f 1879/3060 576/813 575/812 1863/3029
f 1879/3060 1863/3029 1861/3024 1860/3023
f 1877/3056 1876/3055 582/820 581/819
f 1876/3055 1870/3040 1880/3061 582/820
f 1876/3055 1873/3054 1871/3041 1870/3040
f 1880/3061 605/858 604/857 1881/3062
f 1880/3061 1881/3062 583/821 582/820
f 1880/3061 1870/3040 1868/3038 605/858
f 1881/3062 604/857 609/862 579/816
f 1881/3062 579/816 578/815 583/821
f 1863/3029 575/812 165/42 170/47
f 1807/3063 1797/2902 1786/2871 1784/2870
f 1774/2850 1772/2848 594/3064 593/2938
f 1772/3065 1770/3066 595/838 594/837
f 1770/3066 1769/3067 1847/3068 595/838
f 1769/3067 602/3069 601/3070 1847/3068
f 1766/3071 1764/3072 603/3073 602/3074
f 1764/3072 1762/2832 1882/3075 603/3073
f 1882/3076 1883/3077 613/3078 133/3079
f 1882/3076 133/3079 598/3080 603/3081
f 1882/3075 1762/2832 1760/2828 1883/3082
f 1883/3083 1884/3084 1885/3085 613/3086
f 1883/3082 1760/2828 1759/2827 1884/3087
f 1759/2827 158/2826 5/3088 1884/3087
f 1756/2821 1754/3089 159/3090 158/2826
f 1754/2812 1752/2810 160/2889 159/3091
f 1492/2388 1489/2387 1487/2376 1486/2375
f 1426/2263 1423/2255 1421/2253 1420/2252
f 1373/2162 1331/2089 1329/2084 1328/2083
f 1367/2144 620/3092 616/3093 1364/2140
f 1364/3094 616/3095 615/2133 1360/2132
f 1361/3096 615/875 135/874 622/3097
f 1361/3096 622/3097 623/3098 625/3099
f 1317/2072 1127/2071 1126/1722 1132/1721
f 1315/2062 1123/2061 1122/1713 1127/1715
f 1311/2052 1119/1703 1118/1702 1123/1707
f 1301/2042 1109/1683 1108/1682 1112/1686
f 1297/2027 1105/1676 1104/1675 1109/2033
f 1293/2023 1292/2022 1106/1677 1105/1676
f 1292/2022 1288/2017 1287/3100 1886/3101
f 1292/2022 1886/3101 1100/1678 1106/1677
f 1886/3102 1287/2014 1887/3103 1097/1658
f 1886/3102 1097/1658 1096/1657 1100/1664
f 1887/3103 1287/2014 1283/2013 146/3104
f 1887/3103 146/3104 145/3105 1094/3106
f 1887/3103 1094/3106 1093/1659 1097/1658
f 1156/2130 629/890 1151/2204 1150/3107
f 1128/1991 1124/3108 571/808 570/803
f 1094/3109 145/1833 1091/1832 1090/3110
f 1051/1576 1050/1575 1888/3111 965/3112
f 1051/1576 965/3112 964/1447 969/1449
f 1888/3111 1050/1575 1049/3113 953/3114
f 1888/3115 953/1426 952/1425 958/1433
f 1888/3116 958/3117 962/3118 965/3119
f 1049/1572 1047/1570 1046/1569 950/3120
f 1049/3121 950/1422 949/1421 953/3122
f 1046/1569 1044/1567 175/52 11/55
f 1046/1569 11/55 183/3123 950/3120
f 1044/1567 1042/1565 176/53 175/52
f 1037/1552 174/1890 173/75 187/74
f 1033/1545 1032/1544 186/71 185/70
f 1027/1539 1026/3124 178/65 177/63
f 1026/1537 1022/1531 944/1530 943/3125
f 1026/3124 943/1415 182/66 178/65
f 1018/1526 939/1525 938/3126 944/1530
f 1014/1521 935/1520 934/3127 939/1525
f 1010/3128 931/3129 930/1403 935/1402
f 1006/1505 927/1392 926/1391 931/1397
f 1003/1499 513/704 928/3130 927/3131
f 980/1464 970/1463 856/1274 855/1273
f 970/1463 966/3132 858/3133 856/1274
f 959/1434 873/1305 870/1298 868/1296
f 955/1430 954/1429 874/1306 873/1305
f 954/1429 947/1428 945/3134 1889/3135
f 954/1429 1889/3135 875/3136 874/1306
f 1889/3137 945/1417 941/1413 940/1412
f 1889/3135 940/3138 877/3139 875/3136
f 940/3140 936/1405 879/1404 877/3141
f 932/1398 882/1317 880/1316 879/1404
f 928/3130 513/704 512/703 922/3142
f 922/1385 512/3143 443/3144 442/1386
f 904/1354 895/1337 892/1336 891/3145
f 839/1251 837/1250 517/709 516/708
f 828/1226 89/560 443/707 515/706
f 828/1226 827/1225 439/561 89/560
f 823/3146 822/3147 1890/3148 510/3149
f 1890/3148 822/3147 1891/3150 1892/3151
f 1890/3152 1892/3153 1893/3154 1894/3155
f 1890/3156 1894/3157 511/701 510/700
f 1894/3158 1893/3159 1895/3160 1896/3161
f 1894/3157 1896/3162 525/724 511/701
f 1896/3161 1895/3160 1897/3163 1898/3164
f 1896/3161 1898/3164 526/723 525/722
f 1898/3165 1899/3166 1900/3167 526/3168
f 1898/3165 1897/3169 1901/3170 1899/3166
f 1901/3170 493/660 492/659 1899/3166
f 1901/3170 1897/3169 1902/3171 1903/3172
f 1901/3170 1903/3172 1904/3173 493/660
f 1904/3173 498/671 494/661 493/660
f 1904/3173 1903/3172 1905/3174 1906/3175
f 1904/3173 1906/3175 1907/3176 498/671
f 1907/3176 1908/3177 489/656 498/671
f 1907/3176 1906/3175 1909/3178 1910/3179
f 1907/3176 1910/3179 1911/3180 1908/3177
f 1911/3180 1912/3181 1913/3182 1908/3177
f 1911/3180 1910/3179 531/734 530/733
f 1911/3180 530/733 1914/3183 1912/3181
f 1914/3183 1915/3184 1916/3185 1912/3181
f 1914/3183 530/733 529/732 1917/3186
f 1914/3183 1917/3186 1918/3187 1915/3184
f 1918/3187 539/748 538/747 1915/3184
f 1918/3187 1917/3186 1919/3188 710/1055
f 1918/3187 710/1055 708/1053 539/748
f 1919/3188 1917/3186 529/732 528/731
f 1919/3188 528/731 1920/3189 1921/3190
f 1919/3188 1921/3190 711/1056 710/1055
f 1921/3190 1920/3189 1922/3191 1923/3192
f 1921/3190 1923/3192 712/1057 711/1056
f 1923/3192 1922/3191 1924/3193 1925/3194
f 1923/3192 1925/3194 714/1059 712/1057
f 1925/3195 1924/3196 1926/3197 724/1072
f 1925/3194 724/3198 722/1069 714/1059
f 1926/3199 1924/3200 1927/3201 1928/3202
f 1926/3197 1928/3203 1929/3204 1930/3205
f 1926/3197 1930/3205 725/1073 724/1072
f 1930/3205 1929/3204 1931/3206 1932/3207
f 1930/3205 1932/3207 726/1074 725/1073
f 1932/3207 1931/3206 1933/3208 1934/3209
f 1932/3207 1934/3209 733/1081 726/1074
f 1934/3209 1933/3208 1935/3210 1936/3211
f 1934/3209 1936/3211 734/1082 733/1081
f 1936/3211 1935/3210 1937/3212 779/1162
f 1936/3211 779/1162 778/1161 734/1082
f 1937/3212 783/3213 780/1163 779/1162
f 1937/3214 1935/3215 1938/3216 1939/3217
f 1937/3214 1939/3217 1940/3218 783/3219
f 1940/3218 802/1192 798/1188 788/1177
f 1940/3218 788/1177 784/1176 783/3219
f 1940/3218 1939/3217 1941/3220 802/1192
f 1941/3220 807/1197 803/1193 802/1192
f 1941/3220 1939/3217 1938/3216 1942/3221
f 1941/3220 1942/3221 1943/3222 807/1197
f 1943/3222 812/1206 808/1198 807/1197
f 1943/3222 1942/3221 1944/3223 1945/3224
f 1943/3222 1945/3224 1946/3225 812/1206
f 1946/3225 817/3226 813/1207 812/1206
f 1946/3225 1945/3224 1947/3227 1948/3228
f 1946/3229 1948/3230 1891/3150 817/3231
f 1948/3228 1949/3232 1892/3233 1891/3234
f 1948/3228 1947/3227 1950/3235 1949/3232
f 1950/3235 1951/3236 1952/3237 1949/3232
f 1950/3235 1947/3227 1953/3238 1954/3239
f 1950/3235 1954/3239 1955/3240 1951/3236
f 1955/3241 1956/3242 1957/3243 1951/3244
f 1955/3240 1954/3239 1958/3245 1959/3246
f 1955/3241 1959/3247 1960/3248 1956/3242
f 1960/3249 1961/3250 1962/3251 1956/3252
f 1960/3253 1959/3254 1928/3255 1927/3256
f 1960/3249 1927/3257 1963/3258 1961/3250
f 1963/3258 1922/3191 1920/3189 1964/3259
f 1963/3258 1964/3259 1965/3260 1961/3250
f 1963/3258 1927/3257 1924/3193 1922/3191
f 1965/3260 532/735 1909/3178 1966/3261
f 1965/3260 1966/3261 1962/3251 1961/3250
f 1965/3260 1964/3259 527/730 532/735
f 1966/3261 1909/3178 1906/3175 1905/3174
f 1966/3261 1905/3174 1967/3262 1962/3251
f 1967/3262 1905/3174 1903/3172 1902/3171
f 1967/3263 1902/3264 1968/3265 1957/3243
f 1967/3263 1957/3243 1956/3242 1962/3266
f 1968/3265 1902/3264 1897/3163 1895/3160
f 1968/3265 1895/3160 1893/3159 1952/3267
f 1968/3265 1952/3267 1951/3244 1957/3243
f 1964/3259 1920/3189 528/731 527/730
f 1959/3246 1958/3245 1929/3268 1928/3269
f 1958/3245 1954/3239 1953/3238 1969/3270
f 1958/3245 1969/3270 1931/3271 1929/3268
f 1969/3270 1953/3238 1944/3223 1970/3272
f 1969/3270 1970/3272 1933/3273 1931/3271
f 1970/3272 1944/3223 1942/3221 1938/3216
f 1970/3274 1938/3275 1935/3210 1933/3208
f 1953/3238 1947/3227 1945/3224 1944/3223
f 1952/3237 1893/3276 1892/3233 1949/3232
f 1916/3185 542/751 1971/3277 1972/3278
f 1916/3185 1972/3278 1913/3182 1912/3181
f 1916/3185 1915/3184 538/747 542/751
f 1972/3278 1971/3277 53/329 1973/3279
f 1972/3278 1973/3279 490/657 1913/3182
f 1973/3279 53/329 325/332 1974/3280
f 1973/3279 1974/3280 491/658 490/657
f 1974/3280 325/332 1975/3281 1976/3282
f 1974/3280 1976/3282 385/445 491/658
f 1976/3282 1975/3281 1977/3283 463/602
f 1976/3284 463/3285 68/3286 385/3287
f 1971/3277 314/316 305/304 53/329
f 1971/3277 542/751 541/750 314/316
f 1913/3182 490/657 489/656 1908/3177
f 1910/3179 1909/3178 532/735 531/734
f 1900/3167 495/662 1978/3288 1979/3289
f 1900/3167 1979/3289 503/3290 526/3168
f 1900/3167 1899/3166 492/659 495/662
f 1979/3289 1980/3291 499/3292 503/3290
f 1979/3289 1978/3288 1981/3293 1980/3291
f 1981/3293 630/3294 100/3295 1982/3296
f 1981/3293 1982/3296 1983/3297 1980/3291
f 1981/3293 1978/3288 98/655 630/3294
f 1983/3298 1982/3299 1984/3300 1985/3301
f 1983/3298 1985/3301 505/695 500/674
f 1983/3297 500/3302 499/3292 1980/3291
f 1985/3303 1986/3304 506/692 505/691
f 1986/3304 1987/3305 458/3306 506/692
f 1986/3307 1988/3308 1989/3309 1987/3310
f 1989/3309 1990/3311 1991/3312 1987/3310
f 1989/3313 1988/3314 633/895 1992/3315
f 1989/3309 1992/3316 382/442 1990/3311
f 1992/3315 633/895 632/894 1993/3317
f 1992/3316 1993/3318 383/443 382/442
f 1993/3318 1994/3319 384/444 383/443
f 1991/3312 1995/3320 460/3321 459/3322
f 1991/3312 459/3322 458/3323 1987/3310
f 1991/3312 1990/3311 386/447 1995/3320
f 1995/3320 377/3324 392/3325 460/3321
f 1995/3320 386/447 378/446 377/3324
f 1990/3311 382/442 381/441 386/447
f 1988/3314 1996/3326 634/896 633/895
f 1984/3327 1982/3296 100/3295 497/3328
f 1978/3288 495/662 494/661 98/655
f 1891/3150 822/3147 818/3329 817/3231
f 778/1161 737/1085 735/1083 734/1082
f 704/3330 546/766 118/765 543/3331
f 701/1037 694/1026 692/1025 1997/3332
f 701/1037 1997/3332 537/744 547/1039
f 1997/3332 692/1025 690/3333 689/3334
f 1997/3332 689/3334 487/745 537/744
f 689/3335 685/1011 484/644 487/3336
f 688/1366 452/1365 451/1009 684/1008
f 624/2179 623/3337 622/3338 621/2180
f 609/862 166/43 574/811 579/816
f 609/862 608/861 167/44 166/43
f 608/861 607/860 168/45 167/44
f 129/844 597/845 1844/3339 1843/3340
f 129/844 1843/3340 1842/3341 1850/3002
f 1850/3002 588/828 129/844
f 597/845 585/825 584/824 1998/3342
f 575/812 574/811 166/43 165/42
f 564/796 563/795 188/1700 172/1997
f 560/791 559/790 557/787 556/789
f 550/1123 319/323 541/750 115/746
f 548/3343 535/3344 534/3345 1999/3346
f 548/3347 1999/3348 44/283 298/286
f 1999/3346 534/3345 247/184 246/183
f 1999/3349 246/3350 245/291 44/287
f 545/759 544/758 2000/3351 2001/3352
f 545/759 2001/3352 2002/3353 2003/3354
f 545/759 2003/3354 241/3355 116/756
f 2003/3354 2002/3353 233/154 240/167
f 2003/3356 240/172 242/175 241/174
f 2002/3353 2001/3352 2004/3357 2005/3358
f 2002/3353 2005/3358 234/155 233/154
f 2005/3358 2004/3357 521/713 436/552
f 2005/3358 436/552 430/538 234/155
f 2004/3357 2006/3359 522/715 521/713
f 2004/3357 2001/3352 2000/3351 2006/3359
f 2006/3359 2007/3360 523/716 522/715
f 2006/3359 2000/3351 2008/3361 2007/3360
f 2008/3361 536/741 2009/3362 2007/3360
f 2008/3361 2000/3351 544/758 2010/3363
f 2008/3361 2010/3363 533/737 536/741
f 2010/3363 544/758 243/757 247/3364
f 2010/3363 247/3364 534/738 533/737
f 2009/3365 488/3366 486/3367 2011/3368
f 2009/3362 2011/3369 523/716 2007/3360
f 2009/3362 536/741 114/740 488/3370
f 2011/3368 486/3367 483/3371 2012/3372
f 2011/3368 2012/3372 524/719 523/3373
f 2012/3372 483/3371 482/3374 2013/3375
f 2012/3372 2013/3375 520/720 524/719
f 2013/3375 2014/3376 479/3377 520/720
f 541/750 319/323 315/317 314/316
f 506/3378 458/3379 446/588 454/579
f 630/3380 98/3381 2015/3382 631/3383
f 2016/3384 1994/3385 2017/3386 2018/3387
f 478/666 466/607 438/558 437/557
f 471/617 427/616 2019/3388 2020/3389
f 471/617 2020/3389 2021/3390 2022/3391
f 471/617 2022/3391 230/3392 237/618
f 2022/3391 2021/3390 2023/3393 342/3394
f 2022/3391 342/3394 231/3395 230/3392
f 2023/3393 2021/3390 2024/3396 2025/3397
f 2023/3393 2025/3397 2026/3398 2027/3399
f 2023/3393 2027/3399 341/3400 342/3394
f 2027/3401 2026/3402 202/3403 201/3404
f 2027/3405 201/96 236/158 341/3406
f 2026/3398 2025/3397 2028/3407 2029/3408
f 2026/3398 2029/3408 345/3409 202/3410
f 2029/3408 2028/3407 2030/3411 351/388
f 2029/3408 351/388 343/387 345/3409
f 2030/3411 2028/3407 2031/3412 2032/3413
f 2030/3411 2033/3414 349/385 351/388
f 2032/3413 2031/3412 2034/3415 365/408
f 2032/3413 365/408 364/407 2035/3416
f 2034/3415 2036/3417 2037/3418 2038/3419
f 2034/3415 2038/3419 366/409 365/408
f 2034/3415 2031/3412 2024/3396 2036/3417
f 2038/3420 2037/3421 405/470 404/469
f 2038/3420 404/469 367/412 366/411
f 2037/3421 2019/3422 2039/3423 405/470
f 2037/3418 2036/3417 2020/3389 2019/3388
f 2039/3424 2040/3425 406/3426 405/3427
f 2039/3423 2019/3422 427/523 426/522
f 2040/3428 2041/3429 407/474 406/473
f 2041/3430 2042/3431 2043/3432 2044/3433
f 2041/3434 2044/3435 2045/3436 407/3437
f 2045/3436 2046/3438 408/3439 407/3437
f 2045/3440 2044/3441 2047/3442 2048/3443
f 2045/3444 2048/3445 2049/3446 2046/3447
f 2049/3446 2050/3448 2051/3449 2046/3447
f 2049/3446 2048/3445 2052/3450 2053/3451
f 2049/3446 2053/3451 353/390 2050/3448
f 2053/3451 2052/3450 313/3452 312/3453
f 2053/3451 312/3453 347/377 353/390
f 2052/3450 2048/3445 2047/3454 2054/3455
f 2052/3450 2054/3455 2055/3456 313/3452
f 2054/3457 2047/3458 2056/3459 324/3460
f 2057/3461 2047/3462 2044/3463 2043/3464
f 2051/3465 369/3466 368/3467 410/3468
f 2051/3465 410/3468 408/3439 2046/3438
f 2051/3449 2050/3448 2058/3469 369/3470
f 2050/3448 353/390 352/389 2058/3469
f 2036/3417 2024/3396 2021/3390 2020/3389
f 2031/3412 2028/3407 2025/3397 2024/3396
f 464/603 2059/3471 2060/3472 2061/3473
f 464/603 2061/3473 2062/3474 387/604
f 464/603 463/602 1977/3283 2059/3471
f 2062/3474 2061/3473 371/3475 376/3476
f 2062/3477 376/3478 380/3479 379/3480
f 2062/3477 379/3480 388/3481 387/3482
f 2061/3473 2060/3472 362/3483 371/3475
f 2060/3472 2063/3484 63/3485 362/3483
f 2060/3472 2059/3471 2064/3486 2063/3484
f 2064/3487 2065/3488 412/3489 2063/3490
f 2064/3486 2059/3471 1977/3283 424/3491
f 2064/3492 424/3493 83/3494 2065/3495
f 2065/3495 416/3496 411/480 412/484
f 2065/3495 83/3494 82/3497 416/3496
f 2063/3490 412/3489 363/3498 63/3499
f 457/1240 456/1006 449/571 448/570
f 453/575 140/7 139/6 441/3500
f 453/575 441/3500 440/1237 90/568
f 2056/3501 424/3502 1977/3503 1975/3504
f 1975/3505 325/3506 324/3507 2056/3508
f 422/512 355/393 354/392 419/508
f 420/509 419/508 354/392 359/397
f 410/3468 368/3467 370/3509 409/3510
f 369/416 2058/3511 2035/3512 364/417
f 348/378 347/377 312/3453 311/3513
f 348/380 311/313 310/312 199/381
f 345/369 344/368 16/94 202/97
f 340/3514 2066/3515 2067/3516 2068/3517
f 340/357 2068/3518 2069/3519 338/358
f 2069/3519 2068/3518 211/3520 307/3521
f 2069/3522 307/3523 306/322 335/347
f 2069/3522 335/347 334/346 338/3524
f 2068/3517 2067/3516 212/115 211/114
f 2067/3525 2070/3526 2071/3527 212/3528
f 2072/3529 2073/3530 206/3531 205/109
f 336/349 2074/3532 2075/3533 337/350
f 336/349 333/344 326/335 2076/3534
f 336/349 2076/3534 2077/3535 2074/3532
f 2077/3535 2078/3536 2079/3537 2074/3532
f 2077/3535 2076/3534 215/3538 218/3539
f 2077/3535 218/3539 222/3540 2078/3536
f 2079/3537 2080/3541 2081/3542 2082/3543
f 2079/3537 2082/3543 2075/3533 2074/3532
f 2079/3537 2078/3536 2083/3544 2080/3541
f 2083/3544 328/339 327/338 2080/3541
f 2083/3545 2078/3546 222/3547 2084/3548
f 2083/3545 2084/3548 2085/3549 328/3550
f 2085/3549 2086/3551 329/3552 328/3550
f 2085/3553 2084/3554 226/3555 28/3556
f 2085/3549 28/3557 238/166 2086/3551
f 2086/3551 2087/3558 332/3559 329/3552
f 2086/3551 238/166 232/165 2087/3558
f 2087/3558 2088/3560 2089/3561 332/3559
f 2087/3562 232/3563 228/3564 2088/3565
f 2088/3566 2090/3567 2091/3568 2089/3569
f 2090/3570 2092/3571 2093/3572 2091/3573
f 2084/3574 222/130 221/129 226/3575
f 2082/3543 2081/3542 2094/3576 2095/3577
f 2082/3543 2095/3577 2096/3578 2075/3533
f 2096/3579 2095/3580 2097/3581 2098/3582
f 2096/3583 2099/3584 337/3585 2075/3586
f 2100/3587 2099/3588 2096/3589 2098/3590
f 2098/3591 2097/3592 2101/3593 2102/3594
f 2101/3593 2097/3592 2103/3595 2104/3596
f 2104/3597 207/3598 206/3599 2105/3600
f 2104/3596 2103/3595 209/110 207/105
f 2103/3595 2097/3592 2095/3601 2094/3602
f 2103/3595 2094/3602 302/300 209/110
f 2094/3576 2081/3542 331/342 302/3603
f 2081/3542 2080/3541 327/338 331/342
f 2076/3534 326/335 216/334 215/3538
f 335/347 306/322 318/321 279/251
f 332/343 2089/3604 303/3605 330/341
f 331/342 330/341 303/3605 302/3603
f 318/321 317/320 280/252 279/251
f 2055/3456 2054/3455 324/331 323/330
f 310/3606 309/3607 204/146 203/3608
f 310/3606 203/3608 200/93 199/92
f 301/297 300/296 2106/3609 2107/3610
f 301/299 2107/3611 2108/3612 244/180
f 2108/3613 2109/3614 2110/3615 299/3616
f 2108/3612 299/3617 245/181 244/180
f 2108/3612 2107/3611 2111/3618 2109/3619
f 2111/3618 2112/3620 276/3621 2109/3619
f 2111/3622 2107/3610 2106/3609 2113/3623
f 2111/3622 2113/3623 2114/3624 2112/3625
f 2114/3624 2115/3626 285/261 286/263
f 2114/3624 286/263 287/3627 2112/3625
f 2114/3624 2113/3623 2116/3628 2115/3626
f 2116/3628 2117/3629 2118/3630 2115/3626
f 2116/3628 2113/3623 2106/3609 248/190
f 2116/3628 248/190 28/189 2117/3629
f 2118/3630 2119/3631 284/259 283/258
f 2118/3630 283/258 285/261 2115/3626
f 2118/3630 2117/3629 2120/3632 2119/3631
f 2120/3633 223/3634 268/3635 2119/3636
f 2120/3633 2117/3637 28/3638 48/3639
f 2120/3633 48/3639 224/3640 223/3634
f 2119/3636 268/3635 220/3641 284/3642
f 2112/3620 287/3643 277/3644 276/3621
f 2110/3645 275/3646 253/204 41/203
f 2110/3645 41/203 290/267 299/292
f 2110/3615 2109/3614 276/244 275/243
f 2106/3609 300/296 239/191 248/190
f 300/3647 242/175 240/172 239/171
f 284/259 220/126 219/125 278/248
f 287/3648 286/3649 34/3650 277/3651
f 273/239 271/238 251/196 250/195
f 271/3652 270/3653 252/3654 251/3655
f 268/229 223/132 22/131 217/230
f 1885/3656 1884/3657 5/3658 2121/3659
f 15/3660 200/3661 203/99 16/98
f 21/128 218/123 217/122 22/135
f 65/422 374/425 375/429 66/428
f 73/3662 390/969 396/960 397/959
f 78/400 86/486 79/497 417/498
f 87/3663 434/3664 432/3665 433/3666
f 91/3667 444/3668 445/3669 446/3670
f 111/3671 483/3371 486/3367 488/3366
f 63/3672 363/3673 76/3674 360/3675
f 1388/3676 1390/2193 628/2196 136/3677
f 350/386 349/385 2033/3414
f 346/373 59/372 350/3678
f 339/3679 56/3680 337/3585 2099/3584
f 321/3681 53/3682 305/3683
f 2040/3684 2039/3685 426/3686 429/3687
f 2042/3688 2041/3689 2040/3690
f 2057/3691 2043/3432 2042/3431
f 2056/3459 2047/3458 2057/3692
f 1996/3326 1988/3314 1986/3304 1985/3303
f 636/3693 634/3694 1996/3695
f 393/3696 72/3697 395/3698
f 2017/3699 1994/3700 2016/3701
f 286/3702 35/3703 29/3704 253/3705
f 37/3706 280/3707 281/254 39/253 278/3708
f 37/3709 278/3710 38/3711
f 37/3712 38/3713 36/233
f 37/3712 36/233 216/232
f 397/3714 655/3715 71/439 73/454
f 655/3716 657/3717 391/3718 71/3719
f 1885/3720 2121/3721 611/3722
f 1885/3720 611/3722 610/870
f 1885/3720 610/870 613/869
f 1841/3723 1840/3724 1846/3725 600/3726
f 1846/2995 1845/2994 601/3727 600/3728
f 1794/3729 1792/3730 161/36 8/35 3/3731 154/3732 1841/3733
f 2121/3734 5/3735 4/3736
f 2121/3737 4/3738 7/3739
f 2121/3740 7/3741 1794/3742
f 2121/3743 1794/3729 1841/3733
f 198/3744 15/3745 16/3746 344/3747
f 58/3748 198/3749 344/3750 346/3751
f 2033/3752 352/3753 61/3754 346/3755
f 61/3754 58/3756 346/3755
f 2033/3752 2035/3512 2058/3511 352/3753
f 2033/3414 2030/3411 2032/3413 2035/3416
f 2072/3529 212/3528 2071/3527
f 2072/3529 205/109 18/108 212/3528
f 304/3757 49/3758 308/3759 210/3760
f 308/3759 307/3521 211/3520 210/3760
f 309/311 50/310 2055/3761 323/3762
f 50/310 313/315 2055/3761
f 2090/3763 227/142 204/146 309/3607
f 2090/3763 2088/3764 228/143 227/142
f 303/3765 2089/3766 2091/3767 2093/3768
f 213/3769 303/3770 2093/3771
f 213/3772 18/108 208/107 303/3773
f 388/3774 379/3775 67/3776 378/446
f 428/3777 84/3778 425/3779 424/3780
f 84/3781 431/3782 425/3783
f 2015/3784 98/3785 384/3786 1994/3787
f 2015/3784 1994/3787 631/893
f 1994/3787 1993/3317 632/894 631/893
f 596/3788 127/3789 597/845 1998/3342
f 127/3789 1844/3339 597/845
f 127/3789 595/3790 1847/3791 1844/3339
f 584/3792 592/3793 591/3794
f 584/824 126/823 587/827 592/3795
f 497/3796 481/646 485/645 636/3797
f 485/645 682/1002 681/1001 636/3797
f 34/3798 286/3799 253/3800 275/3801
f 64/3802 85/3803 370/3509 368/3467
f 68/440 387/604 388/3774 378/446
f 135/3804 134/3805 622/3806
f 134/877 621/2180 622/3338
f 1473/2347 1475/2353 1427/2356 1426/2348
f 2123/3807 2124/3808 2125/3809 2126/3810
f 2124/3808 2122/3811 2125/3809
f 2127/3812 2131/3813 2132/3814 2133/3815
f 2128/3816 2134/3817 2132/3814 2131/3813
f 2129/3818 2135/3819 2136/3820 2137/3821
f 2130/3822 2137/3821 2136/3820 2138/3823
f 2138/3823 2136/3820 2139/3824 2140/3825
f 2140/3825 2139/3824 2132/3814 2134/3817
f 2139/3824 2136/3820 2135/3819 2141/3826
f 2139/3824 2141/3826 2133/3815 2132/3814
f 2142/3827 2146/3828 2147/3829 2145/3830
f 2143/3831 2144/3832 2148/3833 2149/3834
f 2149/3834 2148/3833 2150/3835 2151/3836
f 2151/3836 2150/3835 2152/3837 2153/3838
f 2153/3838 2152/3837 2154/3839 2155/3840
f 2155/3840 2154/3839 2156/3841 2157/3842
f 2157/3842 2156/3841 2147/3829 2146/3828
f 2158/3843 2159/3844 2160/3845 2161/3846
f 2158/3843 2162/3847 2163/3848 2159/3844
f 2158/3843 2161/3846 2164/3849 2165/3850
f 2165/3850 2164/3849 2166/3851 2167/3852
f 2163/3848 2162/3847 2168/3853 2169/3854
f 2169/3854 2168/3853 2170/3855 2171/3856
f 2171/3856 2170/3855 2172/3857 2173/3858
f 2173/3859 2172/3860 2174/3861 2175/3862
f 2173/3859 2175/3862 2176/3863 2177/3864
f 2176/3863 2175/3862 2178/3865 2179/3866
f 2176/3863 2179/3866 2180/3867 2181/3868
f 2180/3867 2179/3866 2182/3869 2183/3870
f 2183/3870 2182/3869 2184/3871 2185/3872
f 2183/3870 2185/3872 2186/3873 2187/3874
f 2184/3871 2182/3869 2188/3875 2189/3876
f 2189/3876 2188/3875 2190/3877 2191/3878
f 2190/3877 2188/3875 2178/3865 2192/3879
f 2192/3879 2178/3865 2175/3862 2174/3861
f 2188/3875 2182/3869 2179/3866 2178/3865
f 2162/3847 2158/3843 2165/3850
f 2193/3880 2194/3881 2195/3882 2196/3883
f 2196/3883 2195/3882 2197/3884 2198/3885
f 2197/3884 2199/3886 2200/3887 2198/3885
f 2200/3887 2201/3888 2202/3889 2203/3890
f 2200/3887 2203/3890 2204/3891 2198/3885
f 2205/3892 2202/3889 2201/3888
f 2194/3893 2193/3894 2196/3895
f 2206/3896 2210/3897 2211/3898 2209/3899
f 2207/3900 2208/3901 2212/3902 2213/3903
f 2212/3902 2214/3904 2215/3905 2213/3903
f 2215/3906 2214/3907 2216/3908 2217/3909
f 2217/3910 2216/3911 2211/3912 2210/3913
f 2218/3914 2219/3915 2220/3916 2221/3917
f 2218/3914 2221/3917 2222/3918 2223/3919
f 2218/3914 2223/3919 2224/3920 2219/3915
f 2219/3915 2224/3920 2225/3921 2220/3916
f 2226/3922 2230/3923 2231/3924 2232/3925
f 2227/3926 2233/3927 2234/3928 2235/3929
f 2228/3930 2236/3931 2237/3932 2238/3933
f 2229/3934 2239/3935 2240/3936 2241/3937
f 2240/3936 2239/3935 2238/3933 2237/3932
f 2240/3936 2237/3932 2231/3924 2234/3928
f 2240/3936 2234/3928 2233/3927 2241/3937
f 2237/3932 2236/3931 2232/3925 2231/3924
f 2234/3928 2231/3924 2230/3923 2235/3929
f 2242/3938 2243/3939 2244/3940
f 2243/3939 2245/3941 2246/3942 2244/3940
f 2247/3943 2248/3944 2249/3945 2250/3946
f 2247/3943 2251/3947 2252/3948 2248/3944
f 2252/3948 2253/3949 2254/3950 2248/3944
f 2254/3951 2255/3952 2256/3953 2257/3954
f 2254/3951 2257/3954 2249/3955 2248/3956
f 2254/3950 2253/3949 2258/3957 2255/3958
f 2251/3947 2247/3943 2250/3946
f 2259/3959 2260/3960 2261/3961
f 2260/3960 2262/3962 2263/3963 2261/3961
f 2263/3963 2262/3962 2264/3964 2265/3965
f 2266/3966 2273/3967 2274/3968 2272/3969
f 2267/3970 2268/3971 2275/3972 2276/3973
f 2269/3974 2276/3973 2275/3972 2270/3975
f 2271/3976 2277/3977 2278/3978
f 2278/3978 2277/3977 2279/3979 2280/3980
f 2280/3980 2279/3979 2281/3981 2282/3982
f 2282/3982 2281/3981 2283/3983 2284/3984
f 2284/3984 2283/3983 2285/3985 2286/3986
f 2286/3986 2285/3985 2287/3987 2288/3988
f 2288/3988 2287/3987 2274/3968 2273/3967
f 2273/3967 2266/3966 2272/3969
