# Blender 5.0.1
# www.blender.org
mtllib tripo_convert_395cb931-78cc-45f9-8f61-316424b09863.mtl
o tripo_node_395cb931-78cc-45f9-8f61-316424b09863
v 0.192037 0.177123 0.253828
v 0.186252 0.124261 0.337253
v 0.180546 0.149496 0.253871
v 0.350399 0.110313 0.250890
v 0.354757 0.112576 0.193909
v 0.263309 0.110322 0.256669
v 0.378717 0.031503 0.315516
v 0.360196 0.050571 0.340854
v 0.322984 -0.000419 0.357079
v 0.181823 0.023477 0.387120
v 0.242851 0.089070 0.336944
v 0.301742 0.079958 0.286511
v 0.078771 0.130494 0.396251
v 0.078963 0.150965 0.313954
v 0.139636 0.134943 0.310953
v 0.023182 0.045830 0.454723
v 0.052826 0.253129 0.243337
v 0.146285 0.259247 0.258894
v 0.097401 0.185902 0.258611
v 0.135547 0.293115 0.225672
v 0.055268 0.178517 0.247589
v 0.027742 0.362361 0.165162
v 0.005825 0.344720 0.183147
v 0.050210 0.391483 0.100279
v 0.242641 0.333409 0.024001
v 0.241427 0.327608 -0.021298
v 0.033049 0.434338 0.036232
v 0.115022 0.331196 0.024024
v 0.095003 0.334755 0.154135
v 0.145439 0.304213 0.146836
v 0.143368 0.292026 0.111518
v 0.283300 0.271340 0.124059
v 0.217527 0.280324 0.190065
v 0.225173 0.284022 0.171560
v 0.189986 0.313827 0.139766
v 0.352229 0.012771 0.189081
v 0.404070 0.092498 -0.015521
v 0.427442 0.104811 0.015442
v 0.391982 0.067272 0.180542
v 0.430771 0.090735 0.092615
v 0.464041 0.130254 0.083491
v 0.459411 0.127164 0.062869
v 0.443225 0.139550 0.045310
v 0.350368 0.167842 0.124734
v 0.276977 0.237764 0.181457
v 0.363075 0.234702 0.079789
v 0.279390 0.308433 0.014065
v 0.319403 0.271181 0.007725
v 0.270584 0.312214 -0.042198
v 0.272406 0.292020 -0.092525
v 0.289174 0.243602 -0.171831
v 0.287846 0.167722 -0.049615
v 0.147069 0.248172 -0.116302
v 0.156100 0.327105 -0.045620
v 0.172844 0.345236 -0.051432
v 0.104936 0.398321 -0.022957
v 0.101982 0.320209 -0.083601
v 0.032107 0.348523 -0.029102
v 0.040407 0.353489 -0.029440
v -0.005872 0.469906 -0.039178
v 0.021160 0.424664 -0.058599
v 0.012475 0.444696 -0.080455
v 0.036692 0.351619 -0.065047
v 0.042995 0.354049 -0.101485
v 0.109641 0.287631 -0.178539
v 0.118525 0.313865 -0.251201
v 0.045859 0.273623 -0.302265
v 0.026547 0.274995 -0.178747
v 0.013590 0.244788 -0.133850
v 0.000235 0.263739 -0.332253
v 0.101470 0.199498 -0.327831
v 0.080095 0.213109 -0.356777
v 0.132768 0.259378 -0.301892
v 0.216256 0.271510 -0.253951
v 0.182870 0.304581 -0.205181
v 0.124941 0.308630 -0.208786
v 0.149423 0.305813 -0.224734
v 0.264358 0.231176 -0.183755
v 0.243429 0.157701 -0.326359
v 0.259231 0.156113 -0.284430
v 0.249243 0.138239 -0.252910
v 0.252103 -0.002267 -0.270235
v 0.066743 0.117639 -0.428577
v 0.026234 0.128514 -0.416611
v 0.007818 0.169543 -0.416910
v 0.219947 0.029777 -0.418910
v 0.323750 0.037663 -0.205821
v 0.347890 0.051359 -0.170142
v 0.273741 0.030712 -0.199163
v 0.283047 0.147053 -0.113310
v 0.279821 0.172317 -0.026001
v 0.315202 0.136319 -0.040548
v 0.292334 0.094843 -0.093330
v 0.311797 0.100196 -0.099091
v 0.411751 0.078225 -0.100449
v 0.355448 0.041676 -0.181014
v 0.408202 0.059656 -0.189917
v 0.371565 0.110807 -0.012161
v 0.470251 0.022118 -0.006475
v 0.431760 0.051263 -0.141946
v 0.430856 0.027172 -0.173822
v 0.472864 0.030825 -0.044255
v 0.476422 -0.045907 -0.044498
v 0.446136 -0.183847 0.005865
v 0.391735 -0.245714 -0.128842
v 0.363141 -0.243932 -0.180837
v 0.359406 -0.133335 -0.140097
v 0.305043 -0.023807 -0.245540
v 0.299883 -0.064167 -0.212104
v 0.258517 -0.212804 -0.213311
v 0.204127 -0.268343 -0.248076
v 0.245593 -0.243385 -0.233499
v 0.235023 -0.232844 -0.196146
v 0.203710 -0.277649 -0.263706
v 0.287398 -0.242805 -0.180963
v 0.319740 -0.241113 -0.180987
v 0.044556 -0.008420 -0.411106
v 0.043742 -0.214583 -0.335435
v 0.031846 -0.245136 -0.313621
v -0.029322 -0.183934 -0.321652
v 0.071560 -0.109342 -0.453945
v 0.068549 -0.055534 -0.428886
v 0.212873 -0.053650 -0.374521
v 0.216166 -0.002034 -0.389893
v 0.214357 -0.141787 -0.340230
v 0.244167 -0.060757 -0.252306
v 0.216938 -0.071466 -0.322933
v 0.231889 -0.045896 -0.264197
v 0.268225 -0.243754 -0.285729
v 0.306766 -0.169582 -0.279065
v 0.238239 -0.268664 -0.275646
v 0.234881 -0.277045 -0.204356
v 0.247043 -0.314091 -0.209246
v 0.258610 -0.316394 -0.231863
v 0.233132 -0.329125 -0.302023
v 0.255927 -0.412101 -0.202109
v 0.246254 -0.357874 -0.272365
v 0.118883 -0.365959 -0.295800
v 0.026576 -0.289125 -0.235058
v 0.008666 -0.271034 -0.259257
v 0.035693 -0.316891 -0.202882
v 0.079787 -0.381392 -0.241227
v 0.024123 -0.408266 0.007505
v 0.087740 -0.388434 0.017089
v 0.175874 -0.376785 0.029006
v 0.361357 -0.333496 0.081941
v 0.362695 -0.253009 0.094307
v 0.333045 -0.242868 0.063653
v 0.334325 -0.272774 0.021592
v 0.310760 -0.239803 0.045369
v 0.334041 -0.276001 0.020458
v 0.238843 -0.383538 0.060885
v 0.270892 -0.240766 0.135511
v 0.319145 -0.292257 0.147374
v 0.238492 -0.424340 0.133094
v 0.267966 -0.383986 0.185605
v 0.221764 -0.232785 0.213132
v 0.209444 -0.224457 0.218502
v 0.275111 -0.255714 0.191847
v 0.248519 -0.233227 0.143497
v 0.283246 -0.252901 0.207491
v 0.312328 -0.146525 0.293582
v 0.254227 -0.253343 0.325177
v 0.300557 -0.130661 0.365779
v 0.327616 -0.116658 0.344902
v 0.336096 -0.113120 0.331270
v 0.290275 -0.019833 0.348576
v 0.359630 -0.045617 0.272531
v 0.325300 -0.105339 0.245355
v 0.446731 -0.030082 0.048101
v 0.375064 -0.086365 0.099801
v 0.312944 -0.075368 0.144281
v 0.238211 -0.267535 0.378383
v -0.027011 -0.239208 0.352545
v 0.030439 -0.205634 0.285455
v 0.091627 -0.158570 0.316330
v 0.105654 -0.165784 0.333076
v 0.106494 -0.104164 0.391066
v 0.099650 0.030237 0.415831
v 0.192960 -0.061372 0.352586
v 0.049041 -0.000023 0.431664
v 0.035463 -0.083849 0.416696
v 0.030064 -0.029293 0.430914
v 0.177205 -0.111536 0.372769
v 0.048445 -0.143852 0.355658
v 0.143556 -0.285618 0.252108
v 0.192651 -0.279575 0.273007
v -0.014325 -0.401571 0.276069
v 0.066147 -0.409196 0.107383
v 0.071515 -0.392367 0.065265
v 0.173721 -0.384713 0.146503
v 0.053647 -0.387123 0.014441
v -0.076253 -0.432198 0.001583
v -0.027505 -0.396508 0.039457
v -0.143283 -0.411425 0.046013
v -0.114256 -0.400661 0.142879
v -0.048249 -0.392400 0.121233
v -0.131381 -0.440077 0.088621
v -0.273215 -0.409775 0.140005
v -0.032881 -0.382506 0.271278
v -0.039580 -0.363877 0.321011
v -0.165406 -0.297834 0.235630
v -0.053016 -0.273952 0.381724
v -0.125969 -0.135821 0.391145
v -0.042316 -0.262372 0.361917
v -0.158720 -0.201192 0.365495
v -0.380544 -0.089830 0.096280
v -0.384136 -0.169535 0.118256
v -0.432722 -0.049066 0.054904
v -0.293774 -0.126025 0.161161
v -0.264612 -0.042000 0.390794
v -0.298037 -0.113745 0.334276
v -0.269698 -0.145151 0.324050
v -0.271340 -0.155491 0.286071
v -0.261493 -0.137512 0.364139
v -0.252160 -0.174543 0.347164
v -0.302840 -0.210261 0.217323
v -0.381109 -0.202353 0.128273
v -0.251794 -0.230069 0.326623
v -0.299677 -0.229490 0.246899
v -0.230312 -0.381134 0.211946
v -0.304315 -0.382361 0.096506
v -0.334472 -0.222330 0.076217
v -0.368696 -0.198760 0.130492
v -0.327864 -0.262227 0.031416
v -0.311775 -0.387218 -0.142629
v -0.009150 -0.408235 0.009551
v -0.068270 -0.447234 -0.161597
v -0.195132 -0.376251 -0.187134
v -0.055838 -0.293800 -0.340446
v -0.168053 -0.303692 -0.256991
v -0.340061 -0.352146 -0.181754
v -0.180887 -0.305358 -0.218004
v -0.222735 -0.256041 -0.253753
v -0.247292 -0.263022 -0.295395
v -0.149551 -0.328690 -0.296660
v -0.230545 -0.231293 -0.349768
v -0.191272 -0.164420 -0.388948
v -0.286457 -0.162341 -0.321417
v -0.265564 -0.229093 -0.259978
v -0.304496 -0.065144 -0.221975
v -0.323574 -0.032124 -0.286196
v -0.306067 -0.093520 -0.340140
v -0.261544 -0.044024 -0.395044
v -0.166103 -0.031636 -0.382031
v -0.214578 -0.027568 -0.396099
v -0.170919 -0.238835 -0.358004
v 0.015586 -0.030318 -0.415883
v -0.046132 -0.217872 -0.352691
v -0.336914 -0.195438 -0.194435
v -0.288258 -0.192777 -0.201402
v -0.279557 -0.196038 -0.194676
v -0.309899 -0.114609 -0.161343
v -0.378892 -0.131391 -0.125027
v -0.419496 -0.120823 -0.097625
v -0.368324 -0.098727 -0.143883
v -0.341367 -0.142924 -0.159400
v -0.388856 -0.262205 -0.137949
v -0.443001 -0.193382 -0.015989
v -0.383372 0.066348 -0.221291
v -0.376625 -0.018126 -0.184653
v -0.405152 0.099646 -0.143026
v -0.368600 0.185769 -0.067429
v -0.359475 0.093470 -0.064464
v -0.105955 0.185207 -0.213621
v -0.239944 0.201825 -0.253982
v -0.316653 0.118287 -0.267162
v -0.108169 0.048973 -0.337959
v -0.087354 0.061413 -0.338019
v -0.024852 -0.018124 -0.407081
v -0.012615 0.188004 -0.399385
v -0.084441 0.023282 -0.405265
v -0.142095 0.020558 -0.407366
v -0.240022 0.042710 -0.357724
v -0.258238 0.160187 -0.274135
v -0.108040 0.193551 -0.212720
v -0.130710 0.420600 -0.227726
v -0.180489 0.327743 -0.209624
v -0.209300 0.286303 -0.177924
v -0.195648 0.334153 -0.125358
v -0.194512 0.259516 -0.213155
v -0.170048 0.313564 -0.229812
v -0.155533 0.357694 -0.201638
v -0.118303 0.343776 -0.234353
v -0.061249 0.273509 -0.227119
v -0.057086 0.245928 -0.350682
v -0.071680 0.336982 -0.181569
v -0.051587 0.265814 -0.149640
v -0.104194 0.304892 -0.212611
v -0.066173 0.290582 -0.162100
v -0.029813 0.260759 -0.138733
v -0.068284 0.345076 -0.142993
v 0.005653 0.385101 -0.056118
v -0.054280 0.377578 -0.137402
v -0.072225 0.370293 -0.185509
v -0.188555 0.401407 -0.158992
v -0.250112 0.398497 -0.074576
v -0.344798 0.223086 -0.088023
v -0.299282 0.213770 -0.159114
v -0.343729 0.249460 -0.025364
v -0.276078 0.241743 -0.004087
v -0.267045 0.215012 0.091577
v -0.306435 0.213377 0.130073
v -0.326867 0.193034 0.098363
v -0.311982 0.200243 0.054971
v -0.358731 0.230590 -0.003633
v -0.453683 0.076818 0.004506
v -0.435245 0.091121 0.113097
v -0.468787 0.035763 -0.049898
v -0.405777 0.179339 0.161416
v -0.292733 0.120796 0.160735
v -0.410055 0.138355 0.099151
v -0.384746 0.153850 0.040029
v -0.191131 0.305724 0.095685
v -0.176630 0.263046 0.108293
v -0.184552 0.262762 0.129567
v -0.243971 0.223030 0.182922
v -0.221215 0.094207 0.153883
v -0.180676 0.240657 0.161388
v -0.146496 0.167820 0.142258
v -0.110124 0.179700 0.164854
v -0.041828 0.337440 0.178680
v -0.126300 0.308489 0.168953
v -0.075372 0.376434 0.060853
v -0.012692 0.420040 0.043812
v -0.158309 0.460457 -0.035684
v -0.274693 0.445247 -0.020100
v -0.159260 0.404609 0.050847
v -0.109779 0.331938 0.171790
v -0.095565 0.341431 0.169202
v -0.135689 0.318180 0.182822
v -0.167281 0.339329 0.186121
v -0.073520 0.233548 0.192746
v -0.064494 0.259731 0.281225
v -0.096125 0.177387 0.197302
v -0.061749 0.263587 0.290796
v -0.036436 0.284002 0.280621
v -0.029729 0.155317 0.373454
v -0.060553 0.149400 0.249427
v -0.091200 0.147364 0.230731
v -0.053447 0.080573 0.385687
v -0.087959 0.067995 0.341443
v -0.130651 0.047125 0.368075
v -0.124540 0.104273 0.329498
v -0.173344 0.108116 0.202188
v -0.140584 0.136912 0.186559
v -0.229176 0.084904 0.229680
v -0.291341 0.095651 0.183187
v -0.298246 0.059015 0.309975
v -0.320880 0.054832 0.306694
v -0.229698 0.035752 0.365979
v -0.183753 0.036048 0.367967
v -0.304332 -0.039657 0.399199
v -0.375548 0.025971 0.160016
v -0.382497 0.043307 0.220404
v -0.395957 0.071674 0.232177
v -0.373728 0.067499 0.284344
v -0.340542 0.103137 0.237993
v -0.367079 0.085612 0.273993
v -0.152046 0.158348 0.285486
v -0.198496 0.064592 0.336328
v -0.321124 0.106821 0.218383
v -0.309005 0.170012 0.189460
v -0.185032 0.324266 0.160946
v -0.220114 0.172383 0.219850
v 0.142769 0.198922 0.266015
v 0.123064 0.150937 0.273021
v 0.243512 0.204536 0.205066
v 0.222831 0.226065 0.220135
v 0.154172 0.147763 0.337434
v 0.158278 0.153065 0.362689
v 0.213035 0.110383 0.359540
v 0.186512 0.104114 0.320184
v 0.155165 0.125537 0.288211
v 0.199535 0.106997 0.288770
v 0.227643 0.134889 0.251436
v 0.114815 0.123844 0.279031
v 0.327329 0.147803 0.223719
v 0.297355 0.133732 0.239817
v 0.339419 0.147222 0.184631
v 0.382077 0.088215 0.249582
v 0.389192 0.104599 0.185372
v 0.405210 0.139966 0.126613
v 0.381094 0.147982 0.114770
v 0.256746 0.090681 0.294125
v 0.272718 0.185273 0.205283
v 0.354611 0.074356 0.311860
v 0.379176 0.062967 0.308923
v 0.331918 0.061033 0.326814
v 0.387226 0.047138 0.303075
v 0.378809 0.039394 0.338243
v 0.378189 0.005656 0.326194
v 0.371338 0.005650 0.301848
v 0.376609 0.035688 0.290226
v 0.348680 0.049139 0.351786
v 0.356344 0.032498 0.353784
v 0.332537 0.034997 0.363513
v 0.253173 0.068317 0.392237
v 0.246092 0.044453 0.383221
v 0.334327 -0.058884 0.325824
v 0.357647 -0.059180 0.320737
v 0.360010 0.000294 0.342503
v 0.164321 0.054371 0.411790
v 0.151263 0.001213 0.380335
v 0.208378 -0.021043 0.348832
v 0.228448 0.009905 0.364137
v 0.231771 0.098921 0.374792
v 0.279727 0.081444 0.342314
v 0.050403 0.150165 0.394632
v 0.015319 0.122782 0.410523
v 0.059288 0.103719 0.419743
v 0.146288 0.117893 0.399333
v 0.141290 0.142286 0.387718
v 0.075977 0.174393 0.383237
v 0.090215 0.166862 0.326219
v 0.102677 0.125925 0.303855
v 0.028875 0.158957 0.299158
v 0.027166 0.186701 0.316976
v 0.035462 0.133496 0.281998
v 0.093976 0.185760 0.341063
v 0.012339 0.054936 0.455660
v 0.004981 0.039068 0.447491
v 0.015989 0.021776 0.445396
v 0.038487 0.053020 0.452993
v 0.030175 0.069096 0.455014
v 0.043260 0.029406 0.439161
v 0.067035 0.277576 0.247110
v 0.009668 0.283864 0.278062
v 0.010150 0.251155 0.267632
v 0.070443 0.234503 0.218058
v 0.109967 0.273021 0.216469
v 0.014269 0.213968 0.241982
v 0.171255 0.249761 0.254233
v 0.168043 0.267470 0.236659
v 0.141862 0.274619 0.244022
v 0.123773 0.250915 0.224476
v 0.121250 0.230408 0.251514
v 0.087954 0.203185 0.241798
v 0.056792 0.153696 0.259421
v 0.161813 0.285339 0.216970
v 0.145239 0.303138 0.193728
v 0.100286 0.313589 0.189518
v 0.083309 0.210788 0.209885
v 0.028048 0.184353 0.227963
v 0.006079 0.367210 0.156651
v -0.018847 0.348288 0.186722
v 0.037512 0.336977 0.181355
v 0.072112 0.364977 0.141802
v -0.028758 0.317485 0.244904
v 0.001244 0.308324 0.240685
v 0.051784 0.301530 0.231262
v -0.002044 0.388565 0.084023
v -0.023913 0.367915 0.141888
v 0.110664 0.367264 0.116800
v 0.099313 0.404331 0.084559
v 0.214590 0.340658 0.011312
v 0.241764 0.318764 0.066627
v 0.291129 0.302278 0.067505
v 0.199119 0.332422 0.065297
v 0.180630 0.345733 -0.001164
v 0.242354 0.329898 -0.061793
v 0.181762 0.327337 -0.075693
v 0.089357 0.429629 0.034106
v 0.086965 0.437689 0.010705
v 0.041573 0.449373 -0.004729
v 0.117769 0.337757 -0.018018
v 0.124547 0.379656 0.011004
v 0.119151 0.361473 0.050459
v 0.111939 0.305632 0.044476
v 0.101623 0.307088 -0.028405
v 0.123452 0.338275 0.086609
v 0.122882 0.325441 0.150905
v 0.179620 0.303267 0.179624
v 0.124659 0.358471 0.105147
v 0.194743 0.305193 0.167631
v 0.175219 0.319193 0.153110
v 0.171234 0.325779 0.119960
v 0.133164 0.273511 0.060190
v 0.250872 0.269930 0.153448
v 0.270795 0.260668 0.164395
v 0.305193 0.260410 0.126016
v 0.315480 0.270948 0.065763
v 0.227082 0.257262 0.208567
v 0.207784 0.297744 0.142280
v 0.226079 0.297265 0.105691
v 0.189058 0.317980 0.111198
v 0.353150 0.030948 0.213973
v 0.338404 0.010213 0.234602
v 0.322710 -0.022374 0.208301
v 0.337889 -0.026366 0.173954
v 0.376824 0.035747 0.137062
v 0.379747 0.061838 0.153266
v 0.420048 0.125575 0.025687
v 0.401152 0.067880 -0.062515
v 0.361979 0.087707 -0.051280
v 0.441134 0.071440 -0.023282
v 0.436730 0.043091 -0.051226
v 0.448782 0.105656 0.025699
v 0.412856 0.101959 0.130070
v 0.411034 0.082957 0.174072
v 0.396938 0.053033 0.245455
v 0.378208 0.041554 0.234986
v 0.450130 0.129814 0.100164
v 0.420297 0.124118 0.132083
v 0.445526 0.039811 0.066057
v 0.464318 0.044620 0.028308
v 0.463849 0.100422 0.066004
v 0.443840 0.157847 0.075544
v 0.431035 0.151166 0.088802
v 0.462311 0.103585 0.043926
v 0.409322 0.163711 0.022378
v 0.421049 0.180585 0.036654
v 0.402465 0.172452 0.073765
v 0.360607 0.203454 0.097774
v 0.326232 0.206810 0.155448
v 0.302942 0.208105 0.189344
v 0.317355 0.238833 0.140785
v 0.411916 0.182600 0.058967
v 0.370550 0.242029 0.032007
v 0.322025 0.287385 0.029220
v 0.291012 0.279487 0.008595
v 0.269031 0.282593 -0.007673
v 0.359130 0.231916 0.012452
v 0.334645 0.218737 -0.007804
v 0.275714 0.281588 -0.029493
v 0.292615 0.278574 -0.060441
v 0.286029 0.304244 -0.074594
v 0.235104 0.307236 -0.082483
v 0.303857 0.278051 -0.104659
v 0.283796 0.273479 -0.102142
v 0.234295 0.280938 -0.091739
v 0.315148 0.240225 -0.121486
v 0.309403 0.192293 -0.113242
v 0.296682 0.196897 -0.144762
v 0.262381 0.199878 -0.168810
v 0.286818 0.270631 -0.176487
v 0.314924 0.263902 -0.125414
v 0.264535 0.127222 -0.073530
v 0.270700 0.136989 -0.093322
v 0.300358 0.182722 -0.075404
v 0.284231 0.116401 -0.067801
v 0.309727 0.158140 -0.019416
v 0.302411 0.233455 -0.082301
v 0.284710 0.227604 -0.047146
v 0.268976 0.216488 -0.020930
v 0.182595 0.274357 -0.106463
v 0.182851 0.279671 -0.132450
v 0.134535 0.260997 -0.136820
v 0.135857 0.266888 -0.110525
v 0.179605 0.280639 -0.087845
v 0.067446 0.244609 -0.155210
v 0.068071 0.241987 -0.131521
v 0.068905 0.257888 -0.127407
v 0.158198 0.329782 -0.008602
v 0.134748 0.306211 -0.097043
v 0.135560 0.302011 -0.074045
v 0.144608 0.299595 -0.019012
v 0.132811 0.302801 -0.110523
v 0.121320 0.405170 -0.017688
v 0.103424 0.376432 -0.050761
v 0.076731 0.378485 -0.043433
v 0.068211 0.377692 -0.023861
v 0.099325 0.406902 -0.012373
v 0.112308 0.417883 -0.005889
v 0.073820 0.356610 -0.080060
v 0.102673 0.333181 -0.076271
v 0.114712 0.284246 -0.027254
v 0.092478 0.321784 -0.119669
v 0.018286 0.343326 -0.139517
v 0.048908 0.357767 -0.061066
v -0.010335 0.366181 -0.048436
v 0.022592 0.371476 -0.040647
v 0.044782 0.395557 -0.034547
v 0.043562 0.450614 -0.023520
v 0.008648 0.466193 -0.054173
v -0.035895 0.472989 -0.097127
v -0.056857 0.456095 -0.056814
v -0.019049 0.460509 0.004627
v 0.011392 0.458224 -0.066412
v 0.038116 0.439421 -0.034730
v -0.022891 0.449457 -0.113643
v -0.024120 0.469737 -0.115934
v -0.022184 0.426302 -0.107652
v 0.000664 0.403979 -0.073991
v -0.025617 0.407119 -0.107836
v 0.067967 0.299890 -0.229145
v 0.067207 0.290265 -0.195497
v 0.067569 0.264442 -0.173315
v 0.125280 0.274502 -0.155335
v 0.163583 0.293240 -0.170834
v 0.155928 0.304623 -0.246414
v 0.059553 0.303431 -0.261852
v 0.045455 0.267674 -0.314970
v -0.004571 0.275920 -0.314373
v 0.001350 0.276284 -0.286141
v 0.061907 0.288569 -0.285765
v 0.084108 0.266548 -0.297837
v 0.072545 0.251663 -0.317073
v 0.015890 0.263285 -0.160502
v 0.010886 0.295195 -0.193855
v -0.014846 0.279380 -0.172283
v 0.010415 0.262522 -0.133443
v -0.021860 0.265122 -0.152025
v -0.029375 0.265169 -0.343202
v -0.045188 0.278288 -0.317420
v 0.030406 0.253478 -0.343385
v 0.001601 0.243812 -0.374550
v 0.172111 0.174198 -0.326104
v 0.162758 0.124405 -0.385916
v 0.097251 0.155774 -0.384909
v 0.066086 0.193751 -0.395859
v 0.114092 0.231625 -0.304171
v 0.172211 0.200824 -0.304813
v 0.061377 0.245987 -0.351689
v 0.035248 0.232605 -0.397074
v 0.124849 0.286585 -0.293066
v 0.171604 0.278531 -0.285951
v 0.172765 0.242427 -0.304035
v 0.122243 0.300370 -0.274699
v 0.165372 0.297434 -0.267741
v 0.204083 0.242355 -0.293162
v 0.213252 0.299848 -0.238082
v 0.226608 0.256655 -0.238007
v 0.208477 0.236965 -0.276162
v 0.203339 0.304020 -0.219857
v 0.224833 0.288461 -0.142780
v 0.258569 0.289845 -0.155489
v 0.227641 0.236149 -0.224289
v 0.225927 0.188658 -0.195114
v 0.261925 0.127469 -0.304036
v 0.247751 0.124585 -0.324850
v 0.216178 0.169869 -0.329454
v 0.209393 0.205605 -0.297612
v 0.228633 0.211049 -0.291061
v 0.227700 0.197893 -0.270915
v 0.230979 0.110571 -0.381489
v 0.207409 0.112508 -0.383371
v 0.234997 0.094704 -0.366727
v 0.228645 0.157108 -0.239663
v 0.259530 0.094972 -0.245549
v 0.283176 0.100492 -0.262031
v 0.235591 0.092163 -0.232559
v 0.228268 -0.001729 -0.275273
v 0.239424 0.041430 -0.286211
v 0.268964 0.018930 -0.276588
v 0.262478 -0.031024 -0.249160
v 0.038363 0.168719 -0.413915
v 0.146325 0.086241 -0.434265
v 0.137250 0.062589 -0.460041
v 0.044449 0.091099 -0.445982
v -0.008503 0.136526 -0.418673
v -0.027892 0.095348 -0.435421
v 0.011894 0.216806 -0.411956
v -0.033294 0.150305 -0.415115
v 0.227290 0.039186 -0.401726
v 0.214126 0.019550 -0.397597
v 0.214558 0.012566 -0.420612
v 0.221367 0.036835 -0.436306
v 0.230228 0.058027 -0.416541
v 0.211750 0.008909 -0.439814
v 0.337738 0.028420 -0.227625
v 0.308449 0.055629 -0.261592
v 0.303133 0.061871 -0.238901
v 0.281035 0.054171 -0.222585
v 0.292112 0.033787 -0.201227
v 0.288968 0.038975 -0.183555
v 0.321999 0.043012 -0.176542
v 0.364908 0.031298 -0.205182
v 0.313629 0.056917 -0.162996
v 0.352089 0.071083 -0.153455
v 0.377617 0.059937 -0.174150
v 0.260019 0.048161 -0.211224
v 0.252841 0.054667 -0.194115
v 0.269307 0.038085 -0.184638
v 0.260394 0.108314 -0.119001
v 0.275063 0.130818 -0.133614
v 0.295833 0.214524 -0.007698
v 0.328523 0.126772 -0.054163
v 0.370698 0.147462 -0.003268
v 0.301127 0.117768 -0.072300
v 0.275268 0.091918 -0.095482
v 0.301658 0.066628 -0.124422
v 0.277468 0.070035 -0.126913
v 0.320060 0.116422 -0.082556
v 0.329807 0.086130 -0.120755
v 0.349813 0.103809 -0.107728
v 0.456212 0.044028 -0.063399
v 0.405939 0.075342 -0.166155
v 0.383670 0.090757 -0.134829
v 0.469778 0.026324 -0.081166
v 0.363869 0.100260 -0.082501
v 0.391177 0.050069 -0.200657
v 0.424004 0.048121 -0.188302
v 0.402606 0.034834 -0.202132
v 0.340704 0.119973 -0.070429
v 0.482514 0.011258 -0.026065
v 0.464744 0.028479 -0.031224
v 0.461535 0.054528 -0.002162
v 0.471859 -0.005834 0.010711
v 0.438303 0.011478 -0.146362
v 0.428701 -0.024446 -0.161482
v 0.412252 0.012263 -0.192592
v 0.486776 0.014997 -0.048667
v 0.453698 -0.081986 -0.040134
v 0.430201 -0.116721 -0.070590
v 0.447255 -0.095717 -0.094798
v 0.454410 -0.047369 0.010507
v 0.448649 -0.076099 -0.116198
v 0.474296 -0.030692 -0.071983
v 0.436258 -0.177922 0.032595
v 0.382675 -0.221850 0.026163
v 0.426978 -0.212394 -0.017181
v 0.438070 -0.190450 -0.042299
v 0.448962 -0.155299 -0.007361
v 0.429398 -0.141295 0.017522
v 0.384447 -0.267849 -0.091780
v 0.328070 -0.359595 -0.123382
v 0.337172 -0.366168 -0.163131
v 0.327999 -0.360506 -0.189903
v 0.349905 -0.168258 -0.158068
v 0.368740 -0.169767 -0.111281
v 0.336470 -0.120637 -0.157049
v 0.386535 -0.101000 -0.139413
v 0.389552 -0.128058 -0.121819
v 0.373766 -0.007192 -0.201478
v 0.376007 -0.040986 -0.170190
v 0.271285 -0.054589 -0.239607
v 0.303935 -0.128908 -0.225397
v 0.287249 -0.082839 -0.274597
v 0.223500 -0.247326 -0.209421
v 0.293769 -0.191500 -0.233689
v 0.305163 -0.202644 -0.194953
v 0.250042 -0.263261 -0.181490
v 0.211810 -0.261809 -0.233903
v 0.218398 -0.275898 -0.233860
v 0.207995 -0.277709 -0.252024
v 0.210692 -0.269863 -0.258996
v 0.225099 -0.259102 -0.250735
v 0.215434 -0.295834 -0.279744
v 0.227571 -0.284424 -0.283829
v 0.219213 -0.300849 -0.263378
v 0.294138 -0.282774 -0.183022
v 0.262379 -0.302504 -0.181848
v 0.325596 -0.285657 -0.182864
v 0.326265 -0.215312 -0.193610
v 0.349149 -0.269170 -0.179952
v 0.037777 0.041850 -0.438099
v 0.125872 0.029154 -0.449279
v 0.117014 -0.004110 -0.433684
v 0.098000 -0.060812 -0.446491
v 0.045511 -0.077743 -0.438455
v 0.088450 -0.207531 -0.393246
v 0.089447 -0.239751 -0.372942
v 0.070412 -0.176035 -0.395712
v 0.083715 -0.279956 -0.363972
v 0.005045 -0.193305 -0.310936
v 0.017520 -0.179061 -0.348120
v -0.016078 -0.213410 -0.298393
v -0.020338 -0.175748 -0.332087
v -0.063360 -0.129395 -0.331011
v -0.045719 -0.112152 -0.334600
v -0.040479 -0.246988 -0.324124
v -0.082170 -0.149973 -0.355944
v 0.100535 -0.159470 -0.444757
v 0.087687 -0.161149 -0.428211
v 0.056324 -0.131988 -0.438153
v 0.102163 -0.113087 -0.453106
v 0.116716 -0.155635 -0.450574
v 0.027873 -0.091124 -0.430410
v 0.219159 -0.010057 -0.350599
v 0.218523 -0.009221 -0.309649
v 0.226581 -0.047322 -0.315437
v 0.201598 -0.090863 -0.363123
v 0.212622 -0.018794 -0.409704
v 0.168411 -0.072311 -0.411456
v 0.195419 -0.028032 -0.425818
v 0.161744 -0.103804 -0.406983
v 0.216633 0.027283 -0.346051
v 0.194549 -0.114505 -0.351797
v 0.215599 -0.080604 -0.296670
v 0.222708 -0.092425 -0.280777
v 0.183691 -0.172484 -0.393145
v 0.164272 -0.135761 -0.401535
v 0.237600 -0.183496 -0.349963
v 0.200210 -0.207974 -0.392412
v 0.266770 -0.153163 -0.332896
v 0.265431 -0.131810 -0.317237
v 0.310647 -0.137144 -0.286942
v 0.287513 -0.159857 -0.317706
v 0.250897 -0.090034 -0.280741
v 0.229441 -0.045942 -0.283104
v 0.218514 -0.006434 -0.285823
v 0.282552 -0.194409 -0.271066
v 0.267629 -0.205871 -0.246991
v 0.261150 -0.229159 -0.251706
v 0.252847 -0.262246 -0.277242
v 0.242462 -0.298367 -0.303655
v 0.248340 -0.302664 -0.320100
v 0.290147 -0.176535 -0.300204
v 0.312145 -0.167680 -0.229055
v 0.242065 -0.310377 -0.189592
v 0.245459 -0.299637 -0.221901
v 0.232165 -0.297352 -0.244677
v 0.253683 -0.356725 -0.193297
v 0.252613 -0.336505 -0.219186
v 0.289026 -0.343245 -0.184339
v 0.254779 -0.352282 -0.242772
v 0.247698 -0.326195 -0.253907
v 0.228158 -0.317445 -0.297793
v 0.234271 -0.330470 -0.273308
v 0.225854 -0.340283 -0.321529
v 0.215219 -0.384926 -0.277699
v 0.260516 -0.389422 -0.207503
v 0.263230 -0.417859 -0.145722
v 0.185825 -0.454457 -0.142123
v 0.175924 -0.421991 -0.192474
v 0.258170 -0.378121 -0.204833
v 0.140975 -0.391032 -0.298959
v 0.120667 -0.427604 -0.223900
v 0.092962 -0.323374 -0.260488
v 0.132033 -0.339714 -0.315640
v 0.150858 -0.360757 -0.335307
v 0.063466 -0.295981 -0.283430
v 0.055798 -0.358396 -0.202004
v 0.010131 -0.360457 -0.132378
v -0.012562 -0.370565 -0.137393
v 0.003068 -0.342331 -0.193997
v 0.028530 -0.385370 -0.140512
v -0.000825 -0.401852 -0.014265
v 0.012142 -0.412338 -0.017425
v 0.026285 -0.413666 0.040863
v -0.000207 -0.420586 0.032670
v 0.026000 -0.439632 -0.021310
v 0.045745 -0.426864 0.001661
v 0.101707 -0.448915 -0.005591
v 0.111794 -0.387359 0.019787
v 0.085661 -0.410567 0.052238
v 0.190490 -0.441990 -0.004614
v 0.267849 -0.404441 -0.012229
v 0.226884 -0.315749 0.023886
v 0.288808 -0.358304 0.066302
v 0.245723 -0.416578 0.095258
v 0.152955 -0.417782 0.053460
v 0.307974 -0.283717 0.018331
v 0.319424 -0.320909 0.001726
v 0.348703 -0.308420 0.050800
v 0.363744 -0.297322 0.055378
v 0.376244 -0.328108 0.093893
v 0.366607 -0.357842 0.116025
v 0.351735 -0.355234 0.092069
v 0.332012 -0.333772 0.055375
v 0.364763 -0.262894 0.083570
v 0.351152 -0.247394 0.114415
v 0.338207 -0.267235 0.106391
v 0.326649 -0.283438 0.101883
v 0.365956 -0.275647 0.066034
v 0.323320 -0.235094 0.057577
v 0.341775 -0.355798 -0.020333
v 0.320144 -0.384195 0.099938
v 0.315716 -0.248697 0.134216
v 0.336966 -0.236235 0.142655
v 0.285852 -0.221820 0.138112
v 0.259826 -0.215923 0.141834
v 0.307658 -0.257877 0.124462
v 0.328064 -0.237023 0.063083
v 0.328588 -0.234280 0.065011
v 0.338315 -0.237570 0.110569
v 0.292919 -0.342763 0.190851
v 0.336201 -0.371848 0.152272
v 0.326817 -0.319720 0.176008
v 0.358650 -0.337901 0.134366
v 0.367405 -0.312808 0.106090
v 0.334531 -0.301884 0.117383
v 0.137493 -0.426758 0.079185
v 0.333198 -0.394780 0.126066
v 0.220225 -0.390527 0.184558
v 0.202723 -0.412583 0.140217
v 0.254677 -0.329954 0.240233
v 0.219122 -0.331012 0.238240
v 0.276331 -0.305455 0.227713
v 0.242992 -0.249436 0.181065
v 0.230652 -0.240040 0.173900
v 0.219578 -0.222004 0.260006
v 0.238777 -0.238501 0.239460
v 0.220661 -0.208647 0.212092
v 0.227545 -0.200917 0.256509
v 0.254670 -0.255496 0.264183
v 0.283868 -0.266793 0.144070
v 0.232599 -0.224893 0.166994
v 0.322247 -0.154202 0.316980
v 0.357121 -0.122219 0.295616
v 0.298119 -0.210464 0.337196
v 0.284297 -0.209224 0.321326
v 0.280968 -0.166190 0.278441
v 0.289417 -0.142305 0.242888
v 0.327433 -0.131605 0.259844
v 0.264897 -0.206366 0.299900
v 0.242665 -0.237075 0.304193
v 0.269734 -0.258993 0.354449
v 0.236897 -0.278956 0.361459
v 0.233125 -0.285880 0.326309
v 0.325548 -0.131268 0.351377
v 0.302644 -0.113936 0.352132
v 0.250670 -0.152432 0.383072
v 0.270169 -0.183072 0.366855
v 0.239397 -0.122807 0.379672
v 0.324249 -0.103917 0.324498
v 0.292861 -0.096064 0.330720
v 0.345233 -0.090658 0.307556
v 0.326946 -0.086834 0.311736
v 0.369761 -0.095355 0.297932
v 0.295664 -0.053496 0.327395
v 0.370823 -0.053969 0.292419
v 0.371114 -0.088040 0.279152
v 0.355368 -0.065495 0.256745
v 0.341145 -0.019390 0.245099
v 0.357322 -0.002394 0.276183
v 0.347675 -0.083425 0.248442
v 0.361420 -0.111183 0.268701
v 0.300791 -0.089494 0.223919
v 0.330367 -0.044562 0.222860
v 0.449253 0.000079 0.056308
v 0.421401 -0.060292 0.061791
v 0.426596 -0.095972 0.008788
v 0.417477 -0.024120 0.086960
v 0.390108 -0.155926 0.109401
v 0.408989 -0.160212 0.081164
v 0.396539 -0.113584 0.068507
v 0.394333 0.013056 0.100835
v 0.349959 -0.042985 0.131414
v 0.381545 -0.208223 0.129684
v 0.363261 -0.211535 0.097379
v 0.359026 -0.160167 0.123009
v 0.290462 -0.069379 0.174995
v 0.268576 -0.160916 0.157140
v 0.281576 -0.171575 0.142770
v 0.331865 -0.110327 0.124601
v 0.259097 -0.249417 0.369907
v 0.220220 -0.248851 0.384254
v 0.208082 -0.258388 0.361364
v 0.236161 -0.228821 0.381465
v -0.017502 -0.260522 0.346852
v -0.019953 -0.221282 0.319835
v -0.010813 -0.212477 0.340961
v -0.005062 -0.209680 0.367210
v 0.020965 -0.234928 0.299767
v -0.005547 -0.233707 0.308222
v 0.006201 -0.270088 0.344581
v 0.045157 -0.251502 0.306165
v 0.056422 -0.205668 0.280977
v 0.018767 -0.182659 0.288084
v 0.112022 -0.241224 0.275016
v 0.132396 -0.216897 0.287668
v 0.140896 -0.209045 0.318666
v 0.113090 -0.146123 0.382228
v 0.136214 -0.038418 0.389074
v 0.082047 -0.014130 0.421619
v 0.072073 -0.054690 0.421847
v 0.063131 -0.103291 0.414398
v 0.079850 -0.121485 0.393316
v 0.137361 -0.137594 0.402871
v 0.138218 -0.102007 0.370789
v 0.078522 0.062969 0.443045
v 0.155679 0.079057 0.424507
v 0.218603 -0.097179 0.359430
v -0.012570 -0.055781 0.410699
v 0.014918 -0.117738 0.401152
v 0.038255 -0.138098 0.399130
v 0.061977 -0.132252 0.339892
v 0.180321 -0.133951 0.395222
v 0.051083 -0.142717 0.385113
v 0.020517 -0.170800 0.368829
v 0.019256 -0.173811 0.336635
v 0.020527 -0.175435 0.308429
v 0.080165 -0.322291 0.281874
v 0.085144 -0.350347 0.252823
v 0.128114 -0.309264 0.214346
v 0.076241 -0.284530 0.308219
v 0.163607 -0.324065 0.199763
v 0.190663 -0.324719 0.225756
v 0.239564 -0.297260 0.279233
v 0.199306 -0.274739 0.317734
v 0.007545 -0.430294 0.202797
v 0.029057 -0.418285 0.194348
v 0.023253 -0.399247 0.256872
v 0.024246 -0.386530 0.297972
v -0.016987 -0.422158 0.205183
v 0.038318 -0.436109 0.107337
v 0.064993 -0.386710 0.170527
v 0.097136 -0.361261 0.134801
v 0.126792 -0.408936 0.093698
v 0.131653 -0.369226 0.131401
v 0.191477 -0.373146 0.175387
v 0.152202 -0.340090 0.161922
v -0.058219 -0.416593 0.005905
v -0.123851 -0.405900 0.013693
v -0.125509 -0.428831 0.005091
v -0.126357 -0.456850 -0.011735
v -0.058734 -0.451139 -0.007721
v -0.029493 -0.428683 -0.001950
v 0.018803 -0.451634 0.108288
v -0.010665 -0.435430 0.113432
v -0.026343 -0.422087 0.115255
v -0.036934 -0.388144 0.054849
v -0.100028 -0.422267 0.094326
v -0.050356 -0.395953 0.025556
v -0.198364 -0.407714 0.165531
v -0.211258 -0.420955 0.132027
v -0.153334 -0.434754 0.129500
v -0.168687 -0.417461 0.170027
v -0.125889 -0.391452 0.025162
v -0.050525 -0.398936 0.011585
v -0.236606 -0.422708 0.113042
v -0.236118 -0.411227 0.079388
v -0.183755 -0.385127 0.040482
v -0.174114 -0.373358 0.029374
v -0.244383 -0.392026 0.068499
v -0.090671 -0.394556 0.111843
v -0.103644 -0.349300 0.157854
v -0.127563 -0.376573 0.171648
v -0.131118 -0.422739 0.136850
v -0.148274 -0.403068 0.173065
v -0.056372 -0.371496 0.091693
v -0.038582 -0.392915 0.202874
v -0.059088 -0.358182 0.176353
v -0.074626 -0.330686 0.154871
v -0.260924 -0.408433 0.153326
v -0.298478 -0.384467 0.156468
v -0.326528 -0.360258 0.149432
v -0.334252 -0.373801 0.119784
v -0.065345 -0.357776 0.243273
v -0.068509 -0.350627 0.309268
v -0.091041 -0.318074 0.276729
v -0.084400 -0.301741 0.368882
v -0.088014 -0.297352 0.349888
v -0.023553 -0.336737 0.347856
v -0.149549 -0.272092 0.228137
v -0.176292 -0.250010 0.263503
v -0.188701 -0.290640 0.258290
v -0.149857 -0.334461 0.211731
v -0.127029 -0.308905 0.197120
v -0.173750 -0.361174 0.223876
v -0.016172 -0.296609 0.361737
v -0.087811 -0.225444 0.390145
v -0.120482 -0.248245 0.378201
v -0.114903 -0.167687 0.382142
v -0.069592 -0.121930 0.382470
v -0.097486 -0.069066 0.375441
v -0.157203 -0.080637 0.385089
v -0.176382 -0.153862 0.380599
v -0.015913 -0.202219 0.386871
v -0.124767 -0.256452 0.322140
v -0.144438 -0.227138 0.313556
v -0.122470 -0.250402 0.271640
v -0.097510 -0.279203 0.306644
v -0.215511 -0.174730 0.346680
v -0.204776 -0.206431 0.353441
v -0.156307 -0.213893 0.341552
v -0.128575 -0.255366 0.356376
v -0.191612 -0.217298 0.337631
v -0.409266 -0.083362 0.057813
v -0.404175 -0.127300 0.063936
v -0.386313 -0.131453 0.097568
v -0.348194 -0.068541 0.115385
v -0.401473 -0.002360 0.091907
v -0.427145 -0.028910 0.075909
v -0.339554 -0.157744 0.130244
v -0.394178 -0.194850 0.112322
v -0.415756 -0.155960 0.067825
v -0.423381 -0.174691 0.065806
v -0.331846 -0.199474 0.136562
v -0.456510 -0.039731 0.017494
v -0.434210 -0.086627 0.002260
v -0.460563 0.000141 0.035990
v -0.297189 -0.076544 0.211277
v -0.330456 -0.034407 0.189036
v -0.337020 -0.057385 0.140469
v -0.303505 -0.141821 0.140217
v -0.295469 -0.170116 0.202711
v -0.300429 -0.112516 0.236744
v -0.281417 -0.028160 0.401023
v -0.297803 -0.031970 0.401069
v -0.282479 -0.059124 0.400275
v -0.231964 -0.063676 0.391498
v -0.245172 -0.029255 0.399538
v -0.235713 -0.108190 0.394629
v -0.292899 -0.070951 0.390083
v -0.307423 -0.066361 0.369724
v -0.310256 -0.047614 0.353577
v -0.303637 -0.072707 0.310176
v -0.293074 -0.140208 0.275858
v -0.263107 -0.165939 0.323283
v -0.278831 -0.190469 0.276844
v -0.265808 -0.196152 0.314334
v -0.304940 -0.185960 0.236068
v -0.251731 -0.197545 0.330249
v -0.311687 -0.234539 0.196407
v -0.297643 -0.252692 0.215493
v -0.294853 -0.221865 0.172163
v -0.368390 -0.209216 0.099952
v -0.346742 -0.215190 0.121646
v -0.270075 -0.226728 0.304140
v -0.229703 -0.237912 0.314856
v -0.275931 -0.277020 0.238514
v -0.284141 -0.228201 0.276576
v -0.263686 -0.338668 0.210251
v -0.290687 -0.334415 0.187323
v -0.248312 -0.367302 0.204226
v -0.194352 -0.375036 0.225527
v -0.214189 -0.297614 0.278806
v -0.237476 -0.304104 0.279033
v -0.245984 -0.303420 0.275301
v -0.317538 -0.356039 0.082463
v -0.350458 -0.336447 0.097281
v -0.415006 -0.197868 0.058385
v -0.390233 -0.210038 0.042809
v -0.378106 -0.246755 0.015383
v -0.307025 -0.225572 0.113559
v -0.321633 -0.272404 0.045342
v -0.306744 -0.260851 0.076133
v -0.301349 -0.282584 0.020310
v -0.299059 -0.289824 0.035290
v -0.342685 -0.316588 0.000456
v -0.311198 -0.314865 0.003249
v -0.257503 -0.347146 0.056697
v -0.240352 -0.327403 0.038864
v -0.255754 -0.369588 -0.001652
v -0.250997 -0.332422 0.005936
v -0.292876 -0.387996 -0.014023
v -0.350049 -0.347026 -0.155067
v -0.369243 -0.292411 -0.101269
v -0.289074 -0.393044 -0.182872
v -0.213040 -0.432323 -0.177759
v -0.221437 -0.438286 -0.154148
v -0.223972 -0.437690 -0.116007
v -0.310666 -0.398681 -0.098119
v -0.018722 -0.414461 0.002439
v -0.011403 -0.410864 -0.017369
v -0.132543 -0.461910 -0.136042
v -0.135439 -0.460732 -0.162713
v -0.086686 -0.452303 -0.189241
v -0.058053 -0.409673 -0.249187
v -0.043784 -0.395587 -0.243541
v -0.058479 -0.457655 -0.073766
v -0.125705 -0.471858 -0.076470
v -0.201915 -0.411569 -0.185461
v -0.269419 -0.373743 -0.185363
v -0.235281 -0.337018 -0.178736
v -0.202818 -0.309694 -0.172448
v -0.155637 -0.376872 -0.175493
v -0.140475 -0.425490 -0.182448
v -0.035325 -0.303573 -0.313222
v -0.065875 -0.303303 -0.360023
v -0.054004 -0.336318 -0.336689
v -0.128978 -0.261018 -0.356105
v -0.092264 -0.246960 -0.364577
v -0.101216 -0.310086 -0.359435
v -0.141527 -0.294481 -0.353192
v -0.166554 -0.326782 -0.250607
v -0.138615 -0.361316 -0.280393
v -0.134945 -0.365442 -0.220653
v -0.178284 -0.281600 -0.249837
v -0.186773 -0.299383 -0.309896
v -0.160220 -0.315664 -0.304379
v -0.315166 -0.321727 -0.189692
v -0.131877 -0.367196 -0.183197
v -0.186130 -0.299610 -0.180529
v -0.273294 -0.299473 -0.185264
v -0.326246 -0.254348 -0.180239
v -0.259782 -0.264065 -0.179203
v -0.222538 -0.278015 -0.304010
v -0.223033 -0.241872 -0.212338
v -0.261474 -0.208218 -0.215067
v -0.250171 -0.250877 -0.330061
v -0.226199 -0.280004 -0.340605
v -0.268535 -0.209276 -0.317346
v -0.156440 -0.320842 -0.339968
v -0.127831 -0.342700 -0.334917
v -0.230529 -0.196235 -0.353579
v -0.212264 -0.249552 -0.360181
v -0.197227 -0.212260 -0.379959
v -0.235152 -0.161755 -0.356424
v -0.269220 -0.110763 -0.377364
v -0.245498 -0.101218 -0.395929
v -0.231503 -0.092337 -0.395790
v -0.153382 -0.133636 -0.392672
v -0.093128 -0.164510 -0.374518
v -0.122696 -0.193405 -0.369026
v -0.290664 -0.194934 -0.250983
v -0.312290 -0.170177 -0.238688
v -0.313585 -0.124237 -0.305950
v -0.293695 -0.108930 -0.361076
v -0.285838 -0.196569 -0.214487
v -0.302119 -0.057884 -0.293802
v -0.300393 -0.091761 -0.295466
v -0.304963 -0.125238 -0.227994
v -0.295902 -0.096476 -0.174053
v -0.322174 -0.079916 -0.156781
v -0.329636 -0.052709 -0.184477
v -0.340630 -0.015131 -0.201283
v -0.326634 -0.021043 -0.236880
v -0.331156 -0.014564 -0.320016
v -0.310354 -0.045078 -0.347380
v -0.348531 0.028428 -0.264238
v -0.301158 -0.067094 -0.351328
v -0.303496 -0.064251 -0.382041
v -0.198556 -0.082736 -0.377335
v -0.247201 -0.046346 -0.388198
v -0.204333 -0.055490 -0.368095
v -0.224855 -0.007554 -0.408149
v -0.293384 -0.059635 -0.395141
v -0.311130 -0.016801 -0.388974
v -0.282083 -0.001797 -0.392606
v -0.234675 0.020283 -0.392714
v -0.180838 0.011719 -0.405550
v -0.129863 -0.020628 -0.386519
v -0.103132 -0.056448 -0.342517
v -0.121258 -0.081688 -0.341598
v -0.185011 -0.265784 -0.351561
v -0.151975 -0.217052 -0.363561
v -0.027323 0.021957 -0.409765
v -0.068109 -0.230574 -0.369706
v -0.369167 -0.187735 -0.143082
v -0.351018 -0.154174 -0.128223
v -0.356714 -0.264291 -0.179398
v -0.303426 -0.182944 -0.192833
v -0.297833 -0.219315 -0.194027
v -0.311228 -0.141717 -0.175136
v -0.301323 -0.179527 -0.207315
v -0.332493 -0.107356 -0.155004
v -0.298508 -0.137753 -0.195742
v -0.412198 -0.086605 -0.129202
v -0.378739 -0.117308 -0.143259
v -0.396278 -0.147622 -0.072710
v -0.438415 -0.115282 -0.048728
v -0.453119 -0.087450 -0.050362
v -0.460820 -0.081945 -0.083775
v -0.460121 -0.065417 -0.111257
v -0.436999 -0.137625 -0.036684
v -0.380893 -0.076206 -0.137363
v -0.422588 -0.223203 -0.046504
v -0.423997 -0.203904 -0.064777
v -0.408467 -0.173205 -0.072732
v -0.434601 -0.199227 0.005675
v -0.445928 -0.175474 0.010237
v -0.448198 -0.174110 -0.017682
v -0.388105 0.107664 -0.141052
v -0.396599 0.138130 -0.150180
v -0.407812 0.135630 -0.184899
v -0.414476 0.089472 -0.200535
v -0.407066 0.116528 -0.224579
v -0.382376 0.095095 -0.252340
v -0.418489 0.020769 -0.179137
v -0.436718 0.035808 -0.157214
v -0.367246 0.039898 -0.214828
v -0.400379 0.005801 -0.182301
v -0.355127 0.063523 -0.306050
v -0.358787 0.043336 -0.285346
v -0.377123 -0.050541 -0.158957
v -0.415133 -0.047388 -0.144908
v -0.424179 0.098898 -0.179803
v -0.438117 0.058840 -0.134121
v -0.423136 0.079994 -0.111391
v -0.401322 0.078621 -0.085844
v -0.382266 0.086330 -0.094898
v -0.365705 0.101801 -0.095876
v -0.355602 0.183077 -0.009864
v -0.358763 0.209433 -0.004384
v -0.362948 0.219016 -0.034237
v -0.367605 0.141410 -0.078930
v -0.350911 0.136211 -0.036111
v -0.364899 0.227547 -0.062883
v -0.371082 0.204421 -0.098958
v -0.373148 0.077999 -0.060544
v -0.369083 0.113933 -0.012445
v -0.096604 0.202428 -0.244199
v -0.089991 0.162670 -0.267769
v -0.098384 0.148310 -0.242830
v -0.118021 0.146692 -0.236960
v -0.269664 0.213212 -0.229129
v -0.219025 0.232673 -0.213455
v -0.193080 0.223076 -0.255307
v -0.284515 0.090320 -0.299821
v -0.330596 0.076309 -0.313627
v -0.360487 0.104724 -0.262100
v -0.362102 0.143671 -0.227783
v -0.312704 0.175104 -0.232676
v -0.225954 0.125667 -0.292679
v -0.098259 0.041847 -0.330694
v -0.094715 0.035051 -0.358751
v -0.110913 0.046682 -0.358163
v -0.130083 0.066482 -0.350869
v -0.118335 0.062454 -0.327229
v -0.108349 0.058034 -0.311470
v -0.089655 0.078229 -0.328673
v -0.081630 0.092294 -0.357713
v -0.082782 0.062524 -0.359852
v -0.085253 0.042567 -0.359005
v -0.089716 0.048080 -0.330602
v -0.096887 0.064419 -0.312189
v -0.031180 -0.047421 -0.396922
v -0.090419 0.001379 -0.394829
v -0.070246 0.033906 -0.418386
v -0.044178 0.146293 -0.387414
v -0.030012 0.170820 -0.369869
v -0.045497 0.198011 -0.358851
v -0.031504 0.217653 -0.380126
v -0.017700 0.234040 -0.384691
v -0.093912 0.031697 -0.386617
v -0.082253 0.041198 -0.391341
v -0.124156 0.040447 -0.403200
v -0.115148 0.045589 -0.386432
v -0.172210 0.064264 -0.396549
v -0.153826 0.071224 -0.394678
v -0.195940 0.045318 -0.395217
v -0.286558 0.031180 -0.345863
v -0.254424 0.060099 -0.326281
v -0.213835 0.075796 -0.344414
v -0.200471 0.188071 -0.294231
v -0.190932 0.148404 -0.311745
v -0.092028 0.224212 -0.201677
v -0.091269 0.237858 -0.230683
v -0.101336 0.221341 -0.189141
v -0.120030 0.202249 -0.231157
v -0.114549 0.239375 -0.202361
v -0.109648 0.429145 -0.206700
v -0.085223 0.416069 -0.213974
v -0.108848 0.406505 -0.238665
v -0.140135 0.400062 -0.220482
v -0.159264 0.418227 -0.205775
v -0.148600 0.439962 -0.204813
v -0.128350 0.389948 -0.240230
v -0.132290 0.445664 -0.185778
v -0.146678 0.361190 -0.232640
v -0.189184 0.322516 -0.160000
v -0.203400 0.273670 -0.201469
v -0.230715 0.277579 -0.131963
v -0.202548 0.312337 -0.131837
v -0.239772 0.251215 -0.202052
v -0.257573 0.250317 -0.177637
v -0.183764 0.344515 -0.142717
v -0.236198 0.340576 -0.105573
v -0.215336 0.359998 -0.103620
v -0.201697 0.380902 -0.123627
v -0.169241 0.272518 -0.235206
v -0.151214 0.317543 -0.227186
v -0.148130 0.282601 -0.245333
v -0.129718 0.354108 -0.240248
v -0.166708 0.381548 -0.183603
v -0.100593 0.353215 -0.235387
v -0.131448 0.313688 -0.222339
v -0.111137 0.374894 -0.245557
v -0.058759 0.276678 -0.278973
v -0.080404 0.257637 -0.280448
v -0.012528 0.291087 -0.247375
v -0.072714 0.256994 -0.187607
v -0.067852 0.241210 -0.330234
v -0.049429 0.262428 -0.348003
v -0.063235 0.268299 -0.319825
v -0.065906 0.317300 -0.153864
v -0.073689 0.321170 -0.200846
v -0.082561 0.361289 -0.224403
v -0.045592 0.272776 -0.164092
v -0.036388 0.293474 -0.140380
v -0.079618 0.251350 -0.171044
v -0.092629 0.270765 -0.181696
v -0.126579 0.262980 -0.222786
v -0.139352 0.278072 -0.235627
v -0.042896 0.317675 -0.144097
v 0.008411 0.292663 -0.136812
v -0.053318 0.357633 -0.094548
v -0.022189 0.347183 -0.098258
v -0.048322 0.336639 -0.144921
v -0.016743 0.387416 -0.068019
v 0.019983 0.394684 -0.055237
v -0.047843 0.394466 -0.156831
v -0.040100 0.383364 -0.102116
v -0.071349 0.400387 -0.210181
v -0.050067 0.414396 -0.164498
v -0.091118 0.387350 -0.239846
v -0.187810 0.435097 -0.163066
v -0.219516 0.425488 -0.104479
v -0.255571 0.438191 -0.063307
v -0.218488 0.450318 -0.096168
v -0.272971 0.362349 -0.085077
v -0.290825 0.361629 -0.071619
v -0.282046 0.403711 -0.058624
v -0.276196 0.434779 -0.047400
v -0.341138 0.207962 -0.112402
v -0.327686 0.246766 -0.079775
v -0.293679 0.240816 -0.120587
v -0.342404 0.189638 -0.167348
v -0.291775 0.225451 -0.196585
v -0.344825 0.191907 -0.201859
v -0.347701 0.253949 -0.054528
v -0.316904 0.221214 0.013873
v -0.310712 0.245318 -0.013364
v -0.265318 0.218267 0.028242
v -0.226945 0.235114 0.016708
v -0.257366 0.268423 -0.012634
v -0.294827 0.285277 -0.029686
v -0.312601 0.217526 0.171236
v -0.249806 0.221403 0.148879
v -0.212647 0.253768 0.120707
v -0.222186 0.236350 0.069460
v -0.365266 0.199126 0.143723
v -0.367772 0.200094 0.168426
v -0.365108 0.191859 0.109259
v -0.357080 0.198655 0.051521
v -0.376937 0.187639 0.050732
v -0.431044 0.089139 -0.007389
v -0.427660 0.057270 -0.043398
v -0.457851 0.041010 -0.018116
v -0.439018 0.109244 0.083797
v -0.430756 0.108824 0.072758
v -0.464055 0.060291 0.038082
v -0.422446 0.121282 0.144784
v -0.426701 0.135133 0.128749
v -0.423177 0.069376 0.103972
v -0.406571 0.052915 0.168302
v -0.417039 0.072070 0.178591
v -0.406280 0.093001 0.183315
v -0.466412 0.030975 -0.035040
v -0.435091 0.048782 -0.062880
v -0.448878 0.049475 -0.076545
v -0.482915 0.019819 -0.057057
v -0.486569 0.014942 -0.029126
v -0.414849 0.159913 0.149858
v -0.404110 0.144998 0.168879
v -0.390888 0.162814 0.188348
v -0.357347 0.173243 0.189750
v -0.401202 0.186613 0.139182
v -0.412381 0.165436 0.130765
v -0.228473 0.081689 0.175034
v -0.248726 0.141805 0.185829
v -0.317750 0.129984 0.202861
v -0.403769 0.163214 0.102705
v -0.404772 0.116235 0.066001
v -0.422406 0.142058 0.114065
v -0.396714 0.089499 -0.007626
v -0.394641 0.184038 0.107543
v -0.199930 0.316229 0.063886
v -0.187834 0.281085 0.052814
v -0.179970 0.279580 0.101678
v -0.187437 0.315615 0.133888
v -0.210138 0.350681 0.094943
v -0.192249 0.251751 0.055284
v -0.202816 0.253902 0.146860
v -0.178345 0.275709 0.142414
v -0.197035 0.226235 0.184990
v -0.201186 0.150583 0.211220
v -0.203441 0.085874 0.216838
v -0.162250 0.237533 0.157454
v -0.175195 0.273445 0.167312
v -0.169472 0.159244 0.177755
v -0.132413 0.167218 0.152415
v -0.165859 0.198655 0.150823
v -0.185485 0.192885 0.182622
v -0.145418 0.200777 0.147329
v -0.087796 0.219429 0.140922
v -0.101845 0.229217 0.140457
v -0.126203 0.207369 0.151143
v -0.123790 0.148429 0.193181
v -0.077030 0.226499 0.165626
v -0.111836 0.148863 0.204894
v -0.069891 0.340691 0.161215
v -0.066582 0.325339 0.160445
v -0.042796 0.318965 0.175734
v -0.066975 0.355690 0.128299
v -0.042137 0.306807 0.237113
v -0.047143 0.293247 0.222473
v -0.108942 0.322276 0.161697
v -0.123028 0.287504 0.160071
v -0.106852 0.291778 0.142563
v -0.131960 0.275023 0.172253
v -0.114918 0.242328 0.153226
v -0.119609 0.380402 0.095540
v -0.102921 0.359405 0.142189
v -0.069944 0.439807 0.013989
v -0.121190 0.475055 -0.103478
v -0.159413 0.476632 -0.137895
v -0.196888 0.459432 -0.078822
v -0.242553 0.452153 -0.044313
v -0.229615 0.447913 -0.020382
v -0.219779 0.425760 0.010582
v -0.161976 0.424112 0.007411
v -0.283529 0.425931 -0.028972
v -0.274972 0.413958 -0.011528
v -0.274099 0.436028 -0.007073
v -0.256315 0.442508 -0.011024
v -0.263740 0.450543 -0.030050
v -0.193603 0.413239 0.057270
v -0.161843 0.384899 0.115286
v -0.089857 0.325927 0.158514
v -0.139862 0.343512 0.183485
v -0.164212 0.319765 0.189079
v -0.153060 0.270178 0.177886
v -0.149782 0.362519 0.160104
v -0.175354 0.353468 0.170410
v -0.086143 0.202046 0.213624
v -0.070435 0.243465 0.237176
v -0.058431 0.265182 0.203535
v -0.052640 0.281634 0.163738
v -0.051114 0.278644 0.269001
v -0.058546 0.266820 0.257237
v -0.067383 0.248267 0.272885
v -0.055742 0.242900 0.281107
v -0.087462 0.156471 0.222086
v -0.085352 0.181342 0.231990
v -0.090525 0.144424 0.219748
v -0.029034 0.244195 0.283457
v -0.002993 0.172923 0.365796
v -0.064282 0.174098 0.335039
v -0.072898 0.135299 0.341298
v -0.061104 0.105501 0.378051
v -0.013049 0.099833 0.425252
v -0.077365 0.089102 0.356443
v -0.068751 0.137129 0.240213
v -0.074139 0.162969 0.245606
v -0.028728 0.144630 0.263339
v -0.027636 0.126411 0.258034
v -0.033299 0.171148 0.268461
v -0.066706 0.135996 0.232085
v -0.115151 0.155081 0.229864
v -0.092545 0.175325 0.256371
v -0.059618 0.062704 0.373602
v -0.030525 0.053155 0.407387
v -0.027214 0.073189 0.416432
v -0.125977 0.075035 0.335454
v -0.125594 0.056326 0.343241
v -0.090547 0.047703 0.358836
v -0.057888 0.043985 0.370940
v -0.066918 0.030654 0.381123
v -0.182655 0.029438 0.390120
v -0.110738 0.038967 0.380026
v -0.102180 0.118236 0.325571
v -0.113918 0.151636 0.308017
v -0.149962 0.125296 0.318533
v -0.176459 0.094154 0.328295
v -0.202580 0.105975 0.271613
v -0.171197 0.129147 0.263368
v -0.152058 0.154179 0.253071
v -0.133245 0.153669 0.237224
v -0.231110 0.089813 0.268232
v -0.254515 0.082767 0.206635
v -0.273288 0.091409 0.251745
v -0.304847 0.086946 0.227998
v -0.325678 0.073232 0.297283
v -0.294490 0.033701 0.330638
v -0.257977 0.049837 0.330448
v -0.277655 0.076376 0.306185
v -0.326488 0.086692 0.287169
v -0.341543 0.047340 0.307112
v -0.321102 0.019080 0.337671
v -0.352260 0.072072 0.292295
v -0.259162 0.017336 0.376772
v -0.306721 -0.022642 0.394569
v -0.314518 -0.034000 0.389996
v -0.381964 0.015446 0.113215
v -0.361617 0.032002 0.237266
v -0.348972 -0.007827 0.267266
v -0.366546 0.039915 0.263939
v -0.388819 0.050239 0.236081
v -0.383339 0.090276 0.234834
v -0.386242 0.113701 0.196212
v -0.374333 0.051209 0.274159
v -0.361662 0.024277 0.298598
v -0.355567 0.035654 0.307745
v -0.361822 0.104111 0.238585
v -0.351103 0.085565 0.277187
v -0.342167 0.140658 0.217321
v -0.319562 0.085844 0.261868
v -0.365692 0.129485 0.213847
v -0.173314 0.142857 0.292401
v -0.164825 0.140153 0.309556
v -0.123904 0.166236 0.300215
v -0.130560 0.184172 0.294988
v -0.199416 0.110138 0.315990
v -0.226477 0.089025 0.314394
v -0.231285 0.093004 0.297226
v -0.277829 0.089226 0.284748
v -0.208604 0.115649 0.298407
v -0.065412 0.195508 0.332927
v -0.062143 0.210682 0.320023
v -0.054496 0.205914 0.301055
v -0.112983 0.183296 0.273053
v -0.043530 0.196547 0.280383
v 0.023472 0.199142 0.332220
v 0.017959 0.201026 0.346115
v 0.091057 0.192563 0.365656
v 0.009969 0.187864 0.357985
v -0.340957 -0.011212 0.335427
v -0.332223 0.003560 0.336427
v -0.321478 -0.027797 0.373127
v -0.317334 -0.014072 0.377306
v -0.301229 -0.003040 0.378215
v -0.291261 -0.014888 0.395698
v -0.260381 -0.005951 0.401733
v -0.163963 -0.026475 0.396355
v -0.175377 0.008894 0.408992
v -0.093407 -0.010265 0.398650
v -0.096333 0.022222 0.399015
v -0.057392 0.016029 0.399023
v -0.052178 -0.015560 0.394410
v -0.022030 0.008080 0.423344
v -0.036798 0.031584 0.403511
v -0.008083 0.042020 0.435426
v -0.039706 -0.083978 0.378314
v -0.038992 -0.175341 0.386851
v -0.006333 -0.143712 0.378940
v 0.014661 -0.162131 0.382246
v -0.333187 -0.023098 0.328354
v -0.317798 -0.039773 0.294596
v -0.356558 0.012586 0.287427
v -0.451264 0.040252 0.061981
v -0.472035 0.019478 -0.001557
v 0.001992 0.061468 0.442207
v 0.017333 0.081339 0.443704
v 0.065435 0.081388 0.442973
v 0.149776 0.099628 0.417929
v 0.255164 0.085324 0.398412
v 0.248387 0.098445 0.386881
v 0.325330 0.057570 0.365853
v 0.306731 0.070713 0.355102
v -0.024796 0.134843 0.247182
v -0.021004 0.158046 0.241323
v -0.063507 0.149389 0.227550
v -0.030023 0.175771 0.239178
v -0.064627 0.170830 0.239218
v -0.032620 0.205814 0.260088
v -0.058544 0.210461 0.262823
v -0.074799 0.224671 0.256203
v 0.043744 0.123958 0.265606
v -0.064114 0.289778 0.144940
v -0.087610 0.294299 0.139601
v -0.190906 0.382818 0.119696
v -0.210029 0.368888 0.110568
v -0.211301 0.408061 0.066709
v -0.224179 0.389393 0.069359
v -0.227656 0.366758 0.061427
v -0.254801 0.412115 0.030558
v -0.257683 0.384356 0.028174
v -0.250644 0.342277 0.012362
v -0.218270 0.324600 0.039079
v -0.243619 0.304789 -0.009281
v -0.209966 0.285836 0.021302
v -0.246856 0.282570 -0.020565
v -0.210088 0.255767 0.015570
v -0.275026 0.338011 -0.037647
v -0.280594 0.313919 -0.045610
v -0.289447 0.352666 -0.053971
v -0.296790 0.323148 -0.057681
v -0.313984 0.285667 -0.047694
v -0.299676 0.324003 -0.070792
v -0.318121 0.287544 -0.064220
v -0.286845 0.318286 -0.082778
v -0.306780 0.278407 -0.082154
v -0.286670 0.394122 -0.039967
v -0.274134 0.375869 -0.019642
v -0.242156 0.423296 0.024209
v -0.139270 0.234581 0.161505
v -0.179423 0.462199 -0.156807
v -0.097920 0.464499 -0.150086
v -0.080762 0.447884 -0.165666
v -0.063234 0.434204 -0.167733
v -0.392865 0.074344 -0.055561
v -0.471140 -0.019518 -0.075843
v -0.477600 -0.023266 -0.052736
v -0.459023 0.030918 -0.092343
v -0.452233 -0.003640 -0.108783
v -0.448241 -0.034227 -0.135450
v -0.473653 -0.028446 -0.027716
v -0.265198 0.301483 -0.100914
v -0.386048 0.173546 -0.198394
v -0.382582 0.180235 -0.161738
v -0.284974 0.225991 -0.219583
v -0.337706 0.188190 -0.218825
v -0.380799 0.164007 -0.216082
v -0.406178 0.149030 -0.218194
v -0.408730 0.157654 -0.195300
v -0.392585 0.133079 -0.232598
v -0.418783 0.126742 -0.210754
v -0.396124 0.165913 -0.150948
v 0.008550 0.321059 -0.139333
v 0.079340 0.304945 -0.127945
v 0.070894 0.282372 -0.128549
v 0.134447 0.284161 -0.111068
v 0.180825 0.304656 -0.081876
v -0.133349 0.215182 -0.255051
v -0.146838 0.227547 -0.272036
v -0.162845 0.233536 -0.277605
v -0.145429 0.173700 -0.271593
v -0.159155 0.187422 -0.295693
v -0.174568 0.193309 -0.305333
v -0.140765 0.139247 -0.302290
v -0.155689 0.151339 -0.320313
v -0.175456 0.152776 -0.323416
v -0.161980 0.101056 -0.347040
v -0.172567 0.103136 -0.357332
v -0.185799 0.096664 -0.355659
v -0.141712 0.069264 -0.376825
v -0.150668 0.095631 -0.329625
v -0.133751 0.088156 -0.306647
v -0.127748 0.124398 -0.285585
v -0.115204 0.114175 -0.271344
v -0.120384 0.082948 -0.291432
v -0.133235 0.159805 -0.251642
v -0.100761 0.088858 -0.297243
v -0.095078 0.116850 -0.271712
v -0.081331 0.129875 -0.285363
v -0.088189 0.103903 -0.311675
v -0.069992 0.122508 -0.338642
v -0.059072 0.147187 -0.318480
v -0.072552 0.178798 -0.309471
v -0.082893 0.222962 -0.290898
v -0.071231 0.100712 -0.400566
v -0.056227 0.101692 -0.427734
v -0.063776 0.058521 -0.428142
v -0.074985 0.063748 -0.398824
v -0.031425 0.051782 -0.430154
v -0.034939 0.286880 -0.187599
v 0.001790 0.305584 -0.214461
v -0.321685 0.017268 -0.353641
v -0.328345 0.001956 -0.339286
v -0.316808 -0.031968 -0.373447
v -0.030639 -0.079920 -0.362632
v -0.088423 -0.030260 -0.363623
v 0.017105 -0.119109 -0.409363
v -0.010267 -0.157439 -0.365528
v 0.043251 -0.154363 -0.409002
v -0.446028 -0.153619 0.006380
v -0.444058 -0.156494 -0.025748
v -0.434285 -0.136907 -0.000375
v -0.423030 -0.117060 -0.002299
v -0.406875 -0.233765 -0.019703
v -0.357895 -0.311538 -0.059518
v -0.365622 -0.319517 -0.022252
v -0.315793 -0.405769 -0.058016
v -0.310168 -0.403106 -0.035101
v -0.226089 -0.460969 -0.043453
v -0.218334 -0.437526 -0.011113
v -0.227590 -0.458332 -0.073541
v -0.123865 -0.477826 -0.039706
v -0.051748 -0.462431 -0.030049
v -0.019764 -0.430228 -0.020566
v -0.023483 -0.420967 -0.060177
v -0.013006 -0.398403 -0.053687
v -0.029411 -0.400772 -0.147610
v -0.017176 -0.354485 -0.215107
v -0.000716 -0.387496 -0.050422
v 0.014582 -0.405493 -0.053689
v 0.030062 -0.436061 -0.059182
v 0.049576 -0.423733 -0.146417
v 0.113283 -0.460548 -0.143589
v 0.101418 -0.475689 -0.069671
v 0.195951 -0.466326 -0.082375
v 0.194178 -0.467932 -0.039265
v 0.097188 -0.476498 -0.033127
v 0.283098 -0.432848 -0.041375
v 0.277055 -0.433341 -0.088111
v 0.334522 -0.362974 -0.069070
v 0.379395 -0.281357 -0.050353
v -0.204001 -0.402455 0.011191
v -0.186797 -0.382556 0.022514
v -0.238971 -0.313449 0.021198
v -0.241624 -0.245596 -0.182688
v -0.079286 -0.311763 -0.367835
v -0.067864 -0.353718 -0.348773
v -0.090269 -0.352539 -0.348858
v -0.077263 -0.383339 -0.305219
v -0.102509 -0.382201 -0.296969
v -0.075861 -0.414720 -0.246274
v -0.097490 -0.401820 -0.234278
v -0.095780 -0.441369 -0.200127
v -0.106362 -0.417974 -0.198002
v -0.138629 -0.448860 -0.180117
v -0.056764 -0.372623 -0.304367
v -0.031482 -0.349089 -0.291627
v -0.193271 -0.297638 -0.341329
v -0.136479 -0.107892 -0.367208
v -0.311076 -0.313977 0.052178
v -0.334780 -0.291633 0.062561
v -0.343351 -0.314227 0.120039
v -0.322934 -0.277450 0.091135
v -0.329515 -0.283585 0.148084
v -0.307648 -0.263553 0.128190
v -0.287057 -0.244297 0.115809
v -0.274199 -0.205731 0.146168
v -0.289822 -0.197715 0.136990
v -0.318028 -0.311074 0.171669
v -0.259956 -0.292656 0.262586
v -0.208302 -0.241260 0.298327
v -0.151208 -0.237145 0.265080
v -0.176067 -0.225116 0.310230
v -0.125045 -0.261527 0.227593
v -0.102153 -0.280368 0.240736
v -0.103417 -0.303929 0.195341
v -0.090168 -0.327067 0.208969
v 0.023615 -0.355375 0.326441
v 0.019777 -0.305067 0.349906
v 0.110272 -0.326786 0.171827
v 0.067368 -0.360771 0.217709
v 0.157001 -0.201803 0.371400
v 0.171243 -0.196929 0.401915
v 0.198651 -0.176347 0.395547
v 0.257483 -0.280945 0.276972
v 0.284468 -0.075551 0.321457
v 0.298887 -0.186115 0.351923
v 0.310456 -0.191775 0.138672
v 0.352063 -0.226685 0.138275
v 0.339268 -0.226414 0.107431
v 0.327297 -0.229827 0.067409
v 0.326910 -0.228914 0.067859
v 0.243538 -0.206581 0.164616
v 0.258835 -0.152274 0.194062
v 0.235578 -0.192955 0.207066
v 0.263756 -0.144906 0.224553
v 0.245370 -0.179656 0.245810
v 0.290296 -0.075042 0.203250
v 0.437769 -0.122103 -0.027637
v 0.421701 -0.164499 -0.056823
v 0.359001 0.026576 0.270480
v 0.373619 -0.056673 0.310718
v 0.113869 -0.317104 -0.336770
v 0.140669 -0.333831 -0.360683
v 0.117880 -0.289998 -0.393641
v 0.136457 -0.287664 -0.402815
v 0.160732 -0.336876 -0.369154
v 0.117064 -0.244661 -0.403668
v 0.132314 -0.245830 -0.420848
v 0.150794 -0.242310 -0.423236
v 0.156469 -0.279671 -0.402353
v 0.107614 -0.208559 -0.418266
v 0.123562 -0.210172 -0.434402
v 0.141529 -0.205717 -0.436746
v 0.156343 -0.197419 -0.424007
v 0.168499 -0.230511 -0.414909
v 0.135243 -0.149384 -0.434011
v 0.122311 -0.113518 -0.435840
v 0.119791 -0.067092 -0.449599
v 0.138816 -0.075222 -0.441830
v 0.160343 -0.014439 -0.448708
v 0.179807 -0.025491 -0.440988
v 0.178656 0.019248 -0.452415
v 0.200869 0.011446 -0.447791
v 0.190796 0.050371 -0.453606
v 0.213019 0.043333 -0.446795
v 0.196936 0.075499 -0.430634
v 0.220933 0.072469 -0.428897
v 0.196648 -0.243486 -0.369245
v 0.172402 -0.264775 -0.389926
v 0.225539 -0.285484 -0.340679
v 0.199099 -0.312567 -0.354996
v 0.178651 -0.330059 -0.368099
v 0.197653 -0.360497 -0.331138
v 0.175600 -0.368327 -0.335111
v 0.172577 -0.392403 -0.281076
v 0.261111 -0.224307 -0.325368
v 0.245952 -0.203854 -0.342654
v 0.311457 -0.355427 -0.189941
v 0.299912 -0.150927 -0.188276
v 0.307884 -0.185883 -0.193949
v 0.322937 -0.156656 -0.179860
v 0.334573 -0.199138 -0.196723
v 0.305875 -0.096864 -0.167366
v 0.375053 -0.070854 -0.139684
v 0.442190 -0.054582 -0.127405
v 0.465149 -0.014203 -0.099040
v 0.219031 0.036376 -0.313326
v 0.226127 0.044703 -0.296946
v 0.241578 0.083999 -0.319469
v 0.248484 0.090667 -0.302341
v 0.266962 0.078138 -0.289098
v 0.283401 0.096039 -0.279767
v 0.295872 0.041785 -0.278601
v 0.330140 0.008139 -0.240294
v 0.370113 0.015842 -0.209511
v 0.236578 0.063761 -0.352088
v 0.282673 0.053931 -0.163576
v 0.260606 0.055605 -0.161924
v 0.259886 0.077036 -0.131087
v 0.260595 0.097115 -0.103648
v 0.255838 0.092374 -0.140171
v 0.246721 0.072936 -0.166189
v 0.236769 0.114791 -0.171791
v 0.256831 0.127844 -0.149989
v 0.233351 0.098846 -0.203581
v 0.218497 0.172087 -0.219306
v 0.209923 0.221424 -0.251814
v 0.275707 0.287177 -0.167549
v 0.235054 0.273922 -0.108117
v 0.279992 0.272367 -0.118543
v 0.302814 0.275410 -0.122923
v 0.310917 0.267939 -0.094917
v 0.078455 0.417598 -0.017736
v 0.085445 0.433766 -0.004973
v 0.121246 0.419652 0.009375
v 0.130744 0.395114 -0.004786
v 0.117774 0.408847 0.026871
v 0.116557 0.389248 0.069131
v 0.122461 0.359987 -0.046428
v 0.146706 0.299230 0.041930
v 0.159600 0.320697 0.063025
v 0.176390 0.337498 0.066855
v 0.411447 0.099730 0.182216
v 0.399294 0.070003 0.251086
v -0.296945 0.270067 -0.091927
v 0.369698 -0.210723 0.061210
v 0.324135 -0.278607 0.019271
v 0.324422 -0.230279 0.064722
v 0.323382 -0.230010 0.064519
v 0.323170 -0.229458 0.065235
v 0.324545 -0.230133 0.065162
v 0.325771 -0.230735 0.065097
v 0.325421 -0.230543 0.064910
v 0.324652 -0.229622 0.065393
v 0.323614 -0.228900 0.065587
v 0.322182 -0.229499 0.064461
v 0.326537 -0.230854 0.065109
v 0.325917 -0.229660 0.065891
v 0.325154 -0.228575 0.066519
v 0.324118 -0.227837 0.066728
v 0.322435 -0.228338 0.065582
v 0.327046 -0.229875 0.066179
v 0.326445 -0.228614 0.067028
v 0.325684 -0.227522 0.067662
v 0.324668 -0.226775 0.067888
v 0.322957 -0.227265 0.066740
v 0.327578 -0.228816 0.067328
v 0.326975 -0.227550 0.068181
v 0.326232 -0.226450 0.068830
v 0.325427 -0.225623 0.069214
v 0.323754 -0.226132 0.068066
v 0.328048 -0.227633 0.068559
v 0.327496 -0.226372 0.069429
v 0.326963 -0.225155 0.070269
v 0.328619 -0.228937 0.067660
v 0.328148 -0.230119 0.066428
v 0.329193 -0.230246 0.066757
v 0.328679 -0.231407 0.065526
v 0.329769 -0.231562 0.065849
v 0.329308 -0.232471 0.064909
v 0.330402 -0.233009 0.064851
v 0.327602 -0.231134 0.065312
v 0.328104 -0.231881 0.064973
v 0.326913 -0.231295 0.065036
v 0.322015 -0.226662 0.066871
v 0.320313 -0.227180 0.065702
v 0.321244 -0.227806 0.065546
v 0.318991 -0.227582 0.064794
v 0.319810 -0.228486 0.064349
v 0.320988 -0.228989 0.064404
v 0.319519 -0.227666 0.065429
v 0.320726 -0.228258 0.065365
v 0.321939 -0.228854 0.065301
v 0.318439 -0.227135 0.065487
v 0.317640 -0.226743 0.065529
vt 0.425302 0.922801
vt 0.417549 0.897820
vt 0.440196 0.889336
vt 0.438849 0.918482
vt 0.414862 0.952976
vt 0.404690 0.940510
vt 0.830292 0.647863
vt 0.830108 0.666714
vt 0.817808 0.667027
vt 0.819539 0.633975
vt 0.838906 0.640884
vt 0.843276 0.667271
vt 0.623542 0.555112
vt 0.646436 0.549992
vt 0.645272 0.572594
vt 0.619735 0.578151
vt 0.638642 0.530670
vt 0.650279 0.531046
vt 0.607615 0.636985
vt 0.590661 0.619040
vt 0.605133 0.608815
vt 0.636594 0.622270
vt 0.237377 0.560279
vt 0.211588 0.551313
vt 0.213711 0.533785
vt 0.232617 0.536364
vt 0.230547 0.577187
vt 0.203156 0.563354
vt 0.967543 0.321224
vt 0.950866 0.318453
vt 0.947481 0.285398
vt 0.959859 0.280359
vt 0.178127 0.534969
vt 0.188452 0.520541
vt 0.623368 0.598037
vt 0.642996 0.601182
vt 0.581647 0.587621
vt 0.259480 0.583426
vt 0.254104 0.594373
vt 0.651128 0.642252
vt 0.638425 0.649381
vt 0.252814 0.605415
vt 0.248488 0.601009
vt 0.264117 0.606756
vt 0.071460 0.606488
vt 0.057364 0.612262
vt 0.050740 0.605255
vt 0.059931 0.600423
vt 0.058021 0.590695
vt 0.071061 0.594445
vt 0.654560 0.657775
vt 0.660492 0.653776
vt 0.665052 0.659620
vt 0.654160 0.667432
vt 0.529086 0.246222
vt 0.518059 0.260333
vt 0.479556 0.239994
vt 0.487750 0.230356
vt 0.558658 0.233570
vt 0.566006 0.242332
vt 0.541642 0.260645
vt 0.527230 0.268723
vt 0.477088 0.199874
vt 0.456758 0.202058
vt 0.447055 0.170469
vt 0.478012 0.181878
vt 0.507289 0.197293
vt 0.498847 0.213781
vt 0.830483 0.616783
vt 0.850874 0.612993
vt 0.853798 0.637752
vt 0.812215 0.623653
vt 0.827617 0.601817
vt 0.850332 0.853429
vt 0.866115 0.859351
vt 0.866115 0.887530
vt 0.849406 0.874142
vt 0.239354 0.760884
vt 0.223871 0.763664
vt 0.212191 0.744875
vt 0.235387 0.741859
vt 0.266068 0.776091
vt 0.231901 0.778629
vt 0.272144 0.765219
vt 0.906633 0.193028
vt 0.897630 0.188615
vt 0.914333 0.164746
vt 0.919516 0.181557
vt 0.904986 0.214676
vt 0.889789 0.216588
vt 0.919031 0.210483
vt 0.131975 0.201616
vt 0.145146 0.197222
vt 0.145146 0.216786
vt 0.132418 0.220242
vt 0.741543 0.248378
vt 0.761120 0.233417
vt 0.768955 0.239863
vt 0.751607 0.260548
vt 0.854218 0.658977
vt 0.441252 0.252873
vt 0.447610 0.253707
vt 0.443150 0.261578
vt 0.433409 0.262670
vt 0.413444 0.145622
vt 0.415381 0.153563
vt 0.407178 0.155255
vt 0.407200 0.144289
vt 0.421737 0.135893
vt 0.427618 0.148553
vt 0.256120 0.888759
vt 0.267645 0.881292
vt 0.276084 0.911340
vt 0.259558 0.911667
vt 0.243496 0.878444
vt 0.260253 0.857819
vt 0.238605 0.908593
vt 0.271937 0.083045
vt 0.276581 0.071544
vt 0.286312 0.078750
vt 0.279882 0.089928
vt 0.920850 0.338416
vt 0.930495 0.336161
vt 0.935118 0.352601
vt 0.919354 0.357032
vt 0.390492 0.898581
vt 0.406553 0.889336
vt 0.393516 0.910950
vt 0.627153 0.513089
vt 0.617711 0.504948
vt 0.632408 0.493904
vt 0.643750 0.498967
vt 0.618443 0.532659
vt 0.607333 0.517404
vt 0.289351 0.098696
vt 0.296047 0.087570
vt 0.304462 0.101256
vt 0.298206 0.122655
vt 0.221528 0.470217
vt 0.223667 0.484082
vt 0.210708 0.485405
vt 0.210708 0.468513
vt 0.605414 0.498822
vt 0.628355 0.478936
vt 0.302564 0.165619
vt 0.301534 0.176874
vt 0.280961 0.179378
vt 0.286851 0.168912
vt 0.321006 0.150986
vt 0.336359 0.171238
vt 0.292651 0.154476
vt 0.251735 0.169192
vt 0.257507 0.155571
vt 0.270377 0.134543
vt 0.314017 0.134038
vt 0.328439 0.195092
vt 0.299362 0.191814
vt 0.338513 0.138981
vt 0.356372 0.155323
vt 0.176697 0.416326
vt 0.165072 0.434308
vt 0.155630 0.410147
vt 0.174824 0.402959
vt 0.193974 0.427937
vt 0.187099 0.449031
vt 0.389038 0.091413
vt 0.388500 0.106414
vt 0.365613 0.103286
vt 0.371336 0.082708
vt 0.099124 0.449829
vt 0.071759 0.467135
vt 0.069109 0.444240
vt 0.083101 0.436114
vt 0.104695 0.467062
vt 0.078254 0.479893
vt 0.364476 0.195857
vt 0.376984 0.171687
vt 0.386035 0.177676
vt 0.383550 0.201173
vt 0.347401 0.211324
vt 0.976658 0.043824
vt 0.970617 0.025365
vt 0.991373 0.025351
vt 0.992567 0.045982
vt 0.972367 0.058937
vt 0.954210 0.029734
vt 0.994604 0.066624
vt 0.318939 0.121133
vt 0.296591 0.017074
vt 0.287660 0.005004
vt 0.313053 0.001689
vt 0.316465 0.014217
vt 0.286638 0.031555
vt 0.262552 0.023193
vt 0.264636 0.012008
vt 0.263266 0.002624
vt 0.319546 0.108427
vt 0.316965 0.088970
vt 0.324807 0.084777
vt 0.328728 0.097698
vt 0.614465 0.851165
vt 0.619843 0.864986
vt 0.603618 0.866792
vt 0.598796 0.845907
vt 0.270615 0.051165
vt 0.252644 0.043139
vt 0.349716 0.048024
vt 0.332507 0.056955
vt 0.331129 0.045264
vt 0.351156 0.036557
vt 0.209124 0.466004
vt 0.206286 0.476783
vt 0.179554 0.466496
vt 0.318646 0.433890
vt 0.292822 0.442575
vt 0.296089 0.431802
vt 0.311667 0.428520
vt 0.316118 0.067325
vt 0.306078 0.056346
vt 0.320798 0.035947
vt 0.324755 0.067572
vt 0.309372 0.411013
vt 0.322773 0.414850
vt 0.316758 0.402087
vt 0.292822 0.402972
vt 0.308471 0.391053
vt 0.325983 0.401846
vt 0.317487 0.387923
vt 0.067166 0.660405
vt 0.061029 0.650093
vt 0.074348 0.642457
vt 0.090021 0.655268
vt 0.048622 0.680387
vt 0.038295 0.673992
vt 0.085753 0.667671
vt 0.445782 0.094151
vt 0.461611 0.087314
vt 0.460894 0.109454
vt 0.449935 0.109454
vt 0.352841 0.112989
vt 0.356915 0.138007
vt 0.338020 0.134128
vt 0.338020 0.112044
vt 0.109536 0.538018
vt 0.099395 0.555213
vt 0.083381 0.558172
vt 0.085304 0.537036
vt 0.084671 0.254600
vt 0.088748 0.235470
vt 0.096027 0.227182
vt 0.102316 0.254600
vt 0.262157 0.468717
vt 0.260463 0.457193
vt 0.271256 0.450098
vt 0.271256 0.468749
vt 0.034486 0.659972
vt 0.012285 0.680519
vt 0.022883 0.660289
vt 0.042598 0.629484
vt 0.051468 0.636862
vt 0.380101 0.697260
vt 0.401031 0.701225
vt 0.391592 0.717045
vt 0.380795 0.713957
vt 0.356703 0.720849
vt 0.345132 0.712341
vt 0.363429 0.674197
vt 0.369222 0.661031
vt 0.392194 0.682281
vt 0.404504 0.692952
vt 0.153193 0.561688
vt 0.143955 0.557724
vt 0.139388 0.545656
vt 0.155442 0.545100
vt 0.920107 0.269479
vt 0.931889 0.259135
vt 0.937113 0.266812
vt 0.926196 0.276384
vt 0.141256 0.568225
vt 0.131904 0.562995
vt 0.125355 0.554959
vt 0.016656 0.516962
vt 0.016573 0.532994
vt 0.003493 0.528588
vt 0.001703 0.516962
vt 0.975569 0.279492
vt 0.952637 0.256648
vt 0.974008 0.257803
vt 0.180147 0.507836
vt 0.210065 0.505593
vt 0.556875 0.580422
vt 0.580297 0.571834
vt 0.564500 0.596827
vt 0.231015 0.484442
vt 0.227869 0.503511
vt 0.208747 0.490046
vt 0.343315 0.025315
vt 0.975569 0.241196
vt 0.949297 0.247540
vt 0.176075 0.495577
vt 0.154804 0.487533
vt 0.164685 0.457139
vt 0.154609 0.524243
vt 0.143359 0.524017
vt 0.157467 0.446341
vt 0.152800 0.435622
vt 0.417669 0.680998
vt 0.428299 0.697135
vt 0.423127 0.706123
vt 0.414276 0.695638
vt 0.427726 0.730045
vt 0.414792 0.732114
vt 0.153056 0.457864
vt 0.145775 0.483843
vt 0.141151 0.420799
vt 0.142159 0.434379
vt 0.126096 0.435481
vt 0.123906 0.422781
vt 0.137616 0.402868
vt 0.451852 0.495790
vt 0.450329 0.477610
vt 0.463990 0.475719
vt 0.463990 0.497302
vt 0.630795 0.765545
vt 0.625733 0.773447
vt 0.615424 0.757043
vt 0.625275 0.755532
vt 0.649203 0.761027
vt 0.648637 0.774415
vt 0.162698 0.867665
vt 0.142823 0.848985
vt 0.155343 0.831110
vt 0.166020 0.843703
vt 0.181953 0.852182
vt 0.176742 0.867331
vt 0.157378 0.877528
vt 0.137553 0.857642
vt 0.152555 0.799186
vt 0.176664 0.794810
vt 0.177131 0.805366
vt 0.151164 0.813808
vt 0.384424 0.325283
vt 0.399745 0.333117
vt 0.393716 0.349777
vt 0.384424 0.349214
vt 0.694493 0.634257
vt 0.705849 0.630149
vt 0.709072 0.645081
vt 0.698524 0.654345
vt 0.622900 0.099936
vt 0.614339 0.094098
vt 0.617017 0.071682
vt 0.630346 0.073158
vt 0.696879 0.612416
vt 0.709072 0.611219
vt 0.337868 0.467055
vt 0.337315 0.446060
vt 0.349777 0.447560
vt 0.349777 0.468749
vt 0.185596 0.100702
vt 0.179922 0.104695
vt 0.167800 0.083270
vt 0.177283 0.081998
vt 0.695029 0.164436
vt 0.706499 0.170178
vt 0.707795 0.201641
vt 0.698685 0.201889
vt 0.688941 0.743691
vt 0.724635 0.739791
vt 0.723978 0.747680
vt 0.693975 0.753262
vt 0.525377 0.864316
vt 0.542506 0.865733
vt 0.547478 0.878012
vt 0.523409 0.876061
vt 0.500603 0.850579
vt 0.511601 0.848964
vt 0.538224 0.850043
vt 0.059002 0.504440
vt 0.058343 0.497755
vt 0.401434 0.162207
vt 0.403485 0.153581
vt 0.413425 0.173096
vt 0.402919 0.181141
vt 0.393129 0.179632
vt 0.395100 0.160385
vt 0.836721 0.229471
vt 0.830309 0.229398
vt 0.828539 0.221337
vt 0.837562 0.221231
vt 0.261684 0.306947
vt 0.261684 0.278912
vt 0.271030 0.287774
vt 0.267798 0.303588
vt 0.202462 0.079711
vt 0.202193 0.074032
vt 0.224532 0.064676
vt 0.233349 0.073265
vt 0.222589 0.433941
vt 0.221820 0.452093
vt 0.211882 0.447055
vt 0.207107 0.425027
vt 0.207107 0.391194
vt 0.223667 0.401280
vt 0.387366 0.199219
vt 0.389424 0.195370
vt 0.403505 0.199357
vt 0.402083 0.205961
vt 0.034195 0.744808
vt 0.048862 0.753835
vt 0.035367 0.755645
vt 0.030665 0.747258
vt 0.837562 0.267175
vt 0.828215 0.268876
vt 0.824080 0.253525
vt 0.834928 0.249593
vt 0.157352 0.001067
vt 0.185515 0.005816
vt 0.179195 0.012205
vt 0.156523 0.010354
vt 0.791977 0.205941
vt 0.791511 0.195755
vt 0.818352 0.194579
vt 0.817406 0.214415
vt 0.389038 0.230000
vt 0.369561 0.227232
vt 0.029206 0.779458
vt 0.033866 0.792824
vt 0.026952 0.792601
vt 0.013613 0.777804
vt 0.153272 0.025611
vt 0.132096 0.027332
vt 0.126346 0.022506
vt 0.154774 0.017144
vt 0.056635 0.792952
vt 0.053433 0.802703
vt 0.044670 0.775998
vt 0.062045 0.786275
vt 0.730005 0.181578
vt 0.747430 0.173854
vt 0.751902 0.200550
vt 0.737006 0.201585
vt 0.720693 0.201493
vt 0.717483 0.174407
vt 0.728904 0.155962
vt 0.688688 0.039107
vt 0.675296 0.051877
vt 0.671536 0.038272
vt 0.675523 0.028393
vt 0.714341 0.053137
vt 0.702702 0.061928
vt 0.735394 0.040916
vt 0.740075 0.036085
vt 0.756372 0.052628
vt 0.746253 0.060878
vt 0.721681 0.029959
vt 0.733608 0.025681
vt 0.722633 0.042807
vt 0.726317 0.221259
vt 0.716133 0.226621
vt 0.738381 0.228775
vt 0.725755 0.241388
vt 0.749786 0.741472
vt 0.750545 0.749756
vt 0.700722 0.228056
vt 0.427773 0.240282
vt 0.430678 0.255701
vt 0.424766 0.259359
vt 0.424766 0.240069
vt 0.714003 0.245005
vt 0.761661 0.043871
vt 0.775047 0.049381
vt 0.771296 0.064494
vt 0.755718 0.029673
vt 0.776299 0.026927
vt 0.921149 0.498580
vt 0.952678 0.494400
vt 0.954417 0.530069
vt 0.925117 0.531448
vt 0.517294 0.824564
vt 0.491397 0.842320
vt 0.482844 0.819741
vt 0.501665 0.814883
vt 0.877846 0.876635
vt 0.891967 0.864632
vt 0.904863 0.891719
vt 0.897102 0.904804
vt 0.501725 0.797019
vt 0.518717 0.796284
vt 0.882271 0.848249
vt 0.890911 0.842853
vt 0.478913 0.796284
vt 0.907261 0.859494
vt 0.912259 0.846114
vt 0.927532 0.860645
vt 0.917410 0.876910
vt 0.696158 0.028592
vt 0.679330 0.017293
vt 0.045756 0.380821
vt 0.025348 0.379669
vt 0.023643 0.367869
vt 0.036844 0.358996
vt 0.048263 0.354042
vt 0.057085 0.373476
vt 0.198624 0.903756
vt 0.195355 0.893727
vt 0.215883 0.901172
vt 0.220098 0.908945
vt 0.654328 0.034642
vt 0.651274 0.022913
vt 0.624413 0.042600
vt 0.615773 0.027533
vt 0.744515 0.146040
vt 0.751902 0.161639
vt 0.710940 0.147422
vt 0.717231 0.127156
vt 0.197054 0.882437
vt 0.202921 0.857091
vt 0.899460 0.124253
vt 0.885933 0.107918
vt 0.900186 0.104529
vt 0.906565 0.113413
vt 0.919242 0.930360
vt 0.912549 0.919048
vt 0.920316 0.899025
vt 0.929170 0.901265
vt 0.871687 0.133669
vt 0.866297 0.124795
vt 0.985087 0.489495
vt 0.984877 0.523006
vt 0.974299 0.526089
vt 0.973325 0.491753
vt 0.573910 0.372964
vt 0.562049 0.377416
vt 0.547061 0.359591
vt 0.552309 0.350875
vt 0.862627 0.104687
vt 0.875439 0.097205
vt 0.244298 0.253128
vt 0.246437 0.270909
vt 0.232716 0.269084
vt 0.232421 0.240062
vt 0.113063 0.102686
vt 0.123731 0.092308
vt 0.123731 0.120987
vt 0.110826 0.121351
vt 0.654345 0.367583
vt 0.647806 0.375951
vt 0.638664 0.358093
vt 0.653469 0.354749
vt 0.512878 0.414577
vt 0.525940 0.412197
vt 0.518857 0.435477
vt 0.504265 0.428281
vt 0.490055 0.418450
vt 0.506534 0.408763
vt 0.215489 0.153050
vt 0.213313 0.124300
vt 0.229681 0.116088
vt 0.234632 0.135731
vt 0.915382 0.560403
vt 0.951796 0.559520
vt 0.243442 0.181612
vt 0.235751 0.193951
vt 0.201112 0.162778
vt 0.199771 0.139136
vt 0.186582 0.129769
vt 0.200464 0.118830
vt 0.170355 0.145976
vt 0.194732 0.104561
vt 0.211915 0.099223
vt 0.178632 0.118925
vt 0.517707 0.340128
vt 0.523318 0.348023
vt 0.511910 0.349801
vt 0.509449 0.340204
vt 0.521009 0.331865
vt 0.531662 0.340024
vt 0.507374 0.331525
vt 0.890898 0.035304
vt 0.903928 0.034701
vt 0.906565 0.059816
vt 0.895330 0.056883
vt 0.232421 0.314086
vt 0.232760 0.292234
vt 0.246052 0.295005
vt 0.247389 0.310123
vt 0.033713 0.943449
vt 0.020460 0.935404
vt 0.022906 0.926750
vt 0.038802 0.930187
vt 0.052143 0.939135
vt 0.050559 0.952402
vt 0.034632 0.956533
vt 0.052125 0.931927
vt 0.306877 0.033847
vt 0.306386 0.046452
vt 0.296852 0.047589
vt 0.296852 0.028481
vt 0.309725 0.019104
vt 0.314086 0.032254
vt 0.880972 0.045747
vt 0.879694 0.057771
vt 0.870291 0.056959
vt 0.872892 0.045100
vt 0.256080 0.307894
vt 0.257827 0.295968
vt 0.012547 0.931077
vt 0.014189 0.923237
vt 0.175647 0.816328
vt 0.194481 0.805756
vt 0.187593 0.818602
vt 0.380667 0.738417
vt 0.388606 0.718393
vt 0.398380 0.723742
vt 0.388355 0.750204
vt 0.113290 0.491555
vt 0.116856 0.522407
vt 0.097055 0.520153
vt 0.104501 0.496540
vt 0.384795 0.763285
vt 0.409050 0.767010
vt 0.399349 0.782343
vt 0.072315 0.861263
vt 0.074337 0.870801
vt 0.058233 0.873757
vt 0.051608 0.868522
vt 0.047687 0.883322
vt 0.039616 0.881021
vt 0.042412 0.901451
vt 0.032097 0.897116
vt 0.064355 0.882133
vt 0.055731 0.889175
vt 0.478966 0.431223
vt 0.488795 0.433283
vt 0.494923 0.445813
vt 0.478966 0.449713
vt 0.070969 0.900268
vt 0.057739 0.903568
vt 0.198906 0.247962
vt 0.214149 0.256715
vt 0.209117 0.277353
vt 0.198906 0.280275
vt 0.068563 0.530680
vt 0.044157 0.538654
vt 0.039175 0.518660
vt 0.057651 0.511949
vt 0.076049 0.561999
vt 0.064249 0.568972
vt 0.084523 0.511460
vt 0.075078 0.501601
vt 0.065302 0.938808
vt 0.065132 0.953850
vt 0.026099 0.520387
vt 0.023643 0.529368
vt 0.021068 0.184310
vt 0.029111 0.181336
vt 0.030926 0.193197
vt 0.022102 0.193478
vt 0.075589 0.951794
vt 0.080901 0.939597
vt 0.095009 0.499835
vt 0.428299 0.766501
vt 0.421849 0.782835
vt 0.097255 0.583085
vt 0.085703 0.587145
vt 0.087542 0.575120
vt 0.104518 0.570670
vt 0.570189 0.573231
vt 0.556075 0.552938
vt 0.580142 0.556682
vt 0.580882 0.562636
vt 0.116599 0.579872
vt 0.101005 0.595447
vt 0.036060 0.552723
vt 0.026600 0.540696
vt 0.573214 0.481306
vt 0.568889 0.496206
vt 0.552193 0.491418
vt 0.562334 0.471566
vt 0.081171 0.574744
vt 0.075606 0.583483
vt 0.200281 0.293783
vt 0.206888 0.295050
vt 0.535543 0.554975
vt 0.515585 0.541154
vt 0.528757 0.530811
vt 0.549001 0.574512
vt 0.537029 0.519558
vt 0.561684 0.538855
vt 0.755105 0.928305
vt 0.765272 0.926321
vt 0.777420 0.957257
vt 0.753109 0.946097
vt 0.492985 0.584152
vt 0.476610 0.573705
vt 0.488509 0.561989
vt 0.505110 0.575929
vt 0.901896 0.975397
vt 0.891163 0.975569
vt 0.887857 0.959462
vt 0.904186 0.961729
vt 0.454561 0.521600
vt 0.443551 0.539250
vt 0.392047 0.525486
vt 0.392270 0.509619
vt 0.392161 0.495725
vt 0.447738 0.493906
vt 0.230186 0.994604
vt 0.230186 0.967215
vt 0.263143 0.966915
vt 0.265264 0.990596
vt 0.489969 0.501146
vt 0.488752 0.488967
vt 0.510207 0.502375
vt 0.500253 0.513275
vt 0.477987 0.518896
vt 0.473717 0.494999
vt 0.544088 0.463767
vt 0.531164 0.481334
vt 0.501282 0.453542
vt 0.497348 0.436095
vt 0.030479 0.943934
vt 0.030244 0.968904
vt 0.001846 0.954836
vt 0.013834 0.935477
vt 0.195795 0.430311
vt 0.207621 0.440328
vt 0.209390 0.449713
vt 0.195795 0.447919
vt 0.431295 0.461011
vt 0.449591 0.455033
vt 0.448067 0.475139
vt 0.427228 0.482609
vt 0.408839 0.478821
vt 0.416774 0.467156
vt 0.718715 0.959752
vt 0.720715 0.966512
vt 0.713970 0.968709
vt 0.713774 0.959339
vt 0.370031 0.747322
vt 0.366425 0.749064
vt 0.364097 0.739883
vt 0.371681 0.739226
vt 0.371630 0.749384
vt 0.368210 0.754281
vt 0.362421 0.725034
vt 0.373571 0.725034
vt 0.399383 0.467643
vt 0.407980 0.460881
vt 0.848875 0.550156
vt 0.836753 0.553840
vt 0.834748 0.546008
vt 0.849459 0.545022
vt 0.713312 0.953489
vt 0.700803 0.957797
vt 0.701115 0.949394
vt 0.257770 0.518607
vt 0.266821 0.535189
vt 0.255732 0.549373
vt 0.244610 0.534236
vt 0.271566 0.512168
vt 0.280873 0.530905
vt 0.261716 0.498956
vt 0.272521 0.500706
vt 0.288263 0.519257
vt 0.178663 0.198228
vt 0.187537 0.180622
vt 0.223336 0.203917
vt 0.211820 0.213484
vt 0.192313 0.235533
vt 0.179925 0.225043
vt 0.165777 0.231557
vt 0.161805 0.202736
vt 0.338535 0.943594
vt 0.352044 0.954865
vt 0.335886 0.978059
vt 0.323450 0.943498
vt 0.370162 0.963388
vt 0.348191 0.992481
vt 0.322847 0.994604
vt 0.319600 0.974937
vt 0.362516 0.906183
vt 0.378026 0.882979
vt 0.390228 0.913348
vt 0.384017 0.918462
vt 0.630059 0.705947
vt 0.636499 0.708969
vt 0.623497 0.716210
vt 0.612854 0.706295
vt 0.105880 0.242534
vt 0.103097 0.215254
vt 0.114481 0.211959
vt 0.111949 0.242515
vt 0.613583 0.683193
vt 0.632840 0.683985
vt 0.027445 0.339248
vt 0.010873 0.342639
vt 0.015968 0.307376
vt 0.028553 0.308678
vt 0.949877 0.687549
vt 0.975569 0.689878
vt 0.972075 0.698792
vt 0.951188 0.696446
vt 0.171077 0.251958
vt 0.183436 0.259001
vt 0.180657 0.278858
vt 0.172613 0.276511
vt 0.159034 0.255928
vt 0.155000 0.232524
vt 0.884984 0.045209
vt 0.872508 0.032315
vt 0.872937 0.012619
vt 0.888700 0.016616
vt 0.482557 0.366907
vt 0.488405 0.394822
vt 0.476281 0.392331
vt 0.464694 0.373889
vt 0.496479 0.347785
vt 0.503915 0.355603
vt 0.501291 0.374428
vt 0.463179 0.345574
vt 0.488200 0.338904
vt 0.448895 0.349585
vt 0.416333 0.128327
vt 0.408960 0.133249
vt 0.402305 0.109131
vt 0.416401 0.109131
vt 0.177846 0.546396
vt 0.161557 0.551203
vt 0.157878 0.523646
vt 0.164656 0.516339
vt 0.177251 0.572824
vt 0.157878 0.575824
vt 0.199873 0.552242
vt 0.195082 0.573476
vt 0.191155 0.401390
vt 0.202252 0.400788
vt 0.202252 0.423540
vt 0.190579 0.413296
vt 0.047432 0.109662
vt 0.061865 0.107115
vt 0.061865 0.128489
vt 0.043856 0.126964
vt 0.487509 0.426997
vt 0.389299 0.254137
vt 0.397366 0.270356
vt 0.384454 0.273635
vt 0.384455 0.249575
vt 0.472116 0.404781
vt 0.453347 0.380174
vt 0.489500 0.409614
vt 0.502060 0.403043
vt 0.469309 0.414075
vt 0.422326 0.432890
vt 0.445619 0.436895
vt 0.436797 0.446587
vt 0.425866 0.445727
vt 0.415823 0.452955
vt 0.410724 0.436189
vt 0.831040 0.518570
vt 0.833170 0.529928
vt 0.821893 0.547240
vt 0.815416 0.547481
vt 0.462158 0.434513
vt 0.454977 0.423248
vt 0.460948 0.413430
vt 0.476068 0.428476
vt 0.464024 0.457554
vt 0.836864 0.536690
vt 0.848961 0.536453
vt 0.713050 0.984276
vt 0.701967 0.995119
vt 0.696138 0.987144
vt 0.699501 0.979783
vt 0.700856 0.967560
vt 0.725728 0.977685
vt 0.682297 0.999363
vt 0.685379 0.985480
vt 0.688281 0.978490
vt 0.273601 0.562825
vt 0.396795 0.484194
vt 0.388131 0.478481
vt 0.114345 0.242083
vt 0.126110 0.241612
vt 0.125998 0.251928
vt 0.114345 0.254600
vt 0.684970 0.968068
vt 0.681050 0.944660
vt 0.687152 0.944840
vt 0.684695 0.958003
vt 0.671967 0.962567
vt 0.822968 0.558558
vt 0.817285 0.561547
vt 0.379108 0.428516
vt 0.371193 0.446473
vt 0.372844 0.419756
vt 0.393873 0.420135
vt 0.351988 0.484548
vt 0.351990 0.442083
vt 0.362231 0.480653
vt 0.351322 0.511458
vt 0.315463 0.505163
vt 0.325887 0.478047
vt 0.675779 0.976542
vt 0.375536 0.460469
vt 0.366014 0.480434
vt 0.748963 0.446190
vt 0.752363 0.430927
vt 0.789439 0.439945
vt 0.772537 0.464988
vt 0.785284 0.789894
vt 0.783664 0.757226
vt 0.809106 0.773304
vt 0.795654 0.803387
vt 0.783551 0.813767
vt 0.772651 0.793554
vt 0.373333 0.866765
vt 0.347204 0.879547
vt 0.336027 0.860311
vt 0.371589 0.847050
vt 0.798523 0.737625
vt 0.818526 0.737555
vt 0.547018 0.712121
vt 0.506999 0.706197
vt 0.506030 0.695017
vt 0.536265 0.696238
vt 0.791785 0.703416
vt 0.804695 0.698381
vt 0.885150 0.513816
vt 0.883277 0.527045
vt 0.872294 0.522153
vt 0.873187 0.514069
vt 0.506166 0.874583
vt 0.492997 0.865688
vt 0.503756 0.860038
vt 0.513958 0.868267
vt 0.231792 0.472688
vt 0.243676 0.467555
vt 0.249841 0.480990
vt 0.234572 0.485080
vt 0.802796 0.659104
vt 0.790530 0.653112
vt 0.802523 0.628421
vt 0.808069 0.642640
vt 0.493717 0.886630
vt 0.469591 0.876830
vt 0.771035 0.632924
vt 0.799593 0.618047
vt 0.134438 0.456964
vt 0.120627 0.469400
vt 0.110751 0.462423
vt 0.128685 0.444318
vt 0.795352 0.589007
vt 0.759760 0.593367
vt 0.761374 0.551905
vt 0.811388 0.554336
vt 0.835265 0.377308
vt 0.826306 0.340175
vt 0.857670 0.333058
vt 0.855679 0.357824
vt 0.877259 0.364616
vt 0.851450 0.396903
vt 0.824833 0.409263
vt 0.827814 0.401357
vt 0.810506 0.512535
vt 0.790184 0.513873
vt 0.866093 0.300689
vt 0.846881 0.298242
vt 0.848149 0.289244
vt 0.871608 0.293141
vt 0.885855 0.304841
vt 0.873638 0.310574
vt 0.852050 0.312083
vt 0.028308 0.834269
vt 0.021605 0.834114
vt 0.023462 0.802023
vt 0.025136 0.814358
vt 0.227049 0.638614
vt 0.226723 0.648180
vt 0.215074 0.646472
vt 0.223391 0.633321
vt 0.218128 0.626299
vt 0.205358 0.645843
vt 0.011878 0.832397
vt 0.002279 0.809638
vt 0.003313 0.834176
vt 0.001164 0.810053
vt 0.786530 0.989846
vt 0.804792 0.974152
vt 0.806629 0.979734
vt 0.811388 0.499222
vt 0.809888 0.499911
vt 0.768034 0.509645
vt 0.879667 0.329929
vt 0.207581 0.683250
vt 0.216996 0.664712
vt 0.228107 0.661674
vt 0.219251 0.682929
vt 0.214395 0.694597
vt 0.204539 0.694831
vt 0.039383 0.835847
vt 0.027270 0.811335
vt 0.028521 0.811352
vt 0.042779 0.828690
vt 0.226821 0.654494
vt 0.210811 0.663479
vt 0.550484 0.936704
vt 0.567791 0.952356
vt 0.532487 0.961367
vt 0.530331 0.933555
vt 0.047558 0.848942
vt 0.024277 0.867393
vt 0.017855 0.854620
vt 0.031112 0.846422
vt 0.050307 0.866839
vt 0.027496 0.875632
vt 0.081329 0.841222
vt 0.086191 0.847438
vt 0.117303 0.542511
vt 0.120617 0.497141
vt 0.134075 0.494751
vt 0.134438 0.535090
vt 0.894668 0.366169
vt 0.894116 0.327447
vt 0.582633 0.975569
vt 0.589941 0.949584
vt 0.597238 0.964909
vt 0.535156 0.975569
vt 0.569887 0.917711
vt 0.585651 0.914223
vt 0.555141 0.912039
vt 0.105152 0.827471
vt 0.085142 0.827705
vt 0.087106 0.819781
vt 0.111528 0.823648
vt 0.125533 0.838372
vt 0.110247 0.841532
vt 0.201146 0.660404
vt 0.191524 0.662084
vt 0.189147 0.641498
vt 0.199883 0.640271
vt 0.112345 0.857727
vt 0.059241 0.831884
vt 0.073837 0.813539
vt 0.087673 0.814272
vt 0.064679 0.819054
vt 0.541656 0.893901
vt 0.149276 0.600261
vt 0.147434 0.612815
vt 0.126184 0.605246
vt 0.129986 0.593554
vt 0.179279 0.592651
vt 0.181461 0.602216
vt 0.162600 0.624083
vt 0.148802 0.639632
vt 0.135619 0.625924
vt 0.184123 0.615319
vt 0.207197 0.603557
vt 0.202464 0.615765
vt 0.207109 0.587506
vt 0.224030 0.589162
vt 0.225802 0.605116
vt 0.161390 0.121390
vt 0.158287 0.134252
vt 0.151345 0.136009
vt 0.151295 0.123691
vt 0.644379 0.866963
vt 0.638715 0.893633
vt 0.621668 0.884913
vt 0.641085 0.853732
vt 0.159568 0.091508
vt 0.171319 0.095970
vt 0.007138 0.485504
vt 0.004748 0.490164
vt 0.002590 0.480780
vt 0.007138 0.474355
vt 0.139913 0.136082
vt 0.137395 0.120895
vt 0.146057 0.141053
vt 0.131067 0.147525
vt 0.130039 0.138622
vt 0.576864 0.217735
vt 0.592768 0.223710
vt 0.586357 0.236493
vt 0.576252 0.228499
vt 0.528790 0.228322
vt 0.546149 0.220685
vt 0.091921 0.481199
vt 0.095177 0.492416
vt 0.082269 0.497302
vt 0.082269 0.480414
vt 0.093439 0.618984
vt 0.101639 0.625747
vt 0.086131 0.635792
vt 0.076870 0.619972
vt 0.124794 0.634089
vt 0.110368 0.629885
vt 0.119113 0.617028
vt 0.123557 0.648761
vt 0.097781 0.646306
vt 0.335871 0.653156
vt 0.329942 0.638687
vt 0.351032 0.642490
vt 0.348632 0.661217
vt 0.317484 0.657743
vt 0.303137 0.636639
vt 0.331388 0.672984
vt 0.877467 0.906185
vt 0.904186 0.918560
vt 0.903655 0.933989
vt 0.883463 0.927838
vt 0.295694 0.675822
vt 0.339897 0.693240
vt 0.306705 0.701823
vt 0.289979 0.655149
vt 0.955243 0.461898
vt 0.938221 0.467567
vt 0.943071 0.438443
vt 0.944729 0.448862
vt 0.284169 0.709979
vt 0.311321 0.718712
vt 0.281302 0.725728
vt 0.238841 0.707852
vt 0.237814 0.697663
vt 0.275134 0.690652
vt 0.586101 0.907264
vt 0.578290 0.906586
vt 0.585263 0.889164
vt 0.592364 0.895278
vt 0.887883 0.467935
vt 0.888005 0.456053
vt 0.901077 0.457172
vt 0.896046 0.472318
vt 0.604221 0.905732
vt 0.596046 0.914877
vt 0.542071 0.190927
vt 0.543536 0.196527
vt 0.525845 0.183342
vt 0.535157 0.176480
vt 0.547178 0.172690
vt 0.547616 0.203843
vt 0.189318 0.926221
vt 0.195239 0.938009
vt 0.172186 0.948672
vt 0.175939 0.921586
vt 0.198391 0.913880
vt 0.191913 0.902987
vt 0.837042 0.557719
vt 0.848364 0.554115
vt 0.843600 0.579677
vt 0.833511 0.570846
vt 0.530343 0.112859
vt 0.544360 0.086310
vt 0.572739 0.096536
vt 0.567206 0.111202
vt 0.934581 0.388246
vt 0.942257 0.421819
vt 0.927621 0.420723
vt 0.925781 0.394634
vt 0.903165 0.388481
vt 0.895313 0.369184
vt 0.500481 0.133062
vt 0.485999 0.164076
vt 0.456594 0.150353
vt 0.467962 0.134374
vt 0.483931 0.116537
vt 0.498927 0.117808
vt 0.148659 0.027888
vt 0.160031 0.030673
vt 0.165817 0.041020
vt 0.143063 0.044418
vt 0.424610 0.171789
vt 0.443338 0.205969
vt 0.440875 0.142015
vt 0.516417 0.179261
vt 0.126859 0.072640
vt 0.149434 0.062626
vt 0.142775 0.083568
vt 0.512260 0.146072
vt 0.446116 0.126096
vt 0.386113 0.287712
vt 0.409438 0.273744
vt 0.409607 0.297319
vt 0.377680 0.305146
vt 0.469336 0.111992
vt 0.478720 0.094444
vt 0.492422 0.097085
vt 0.508578 0.109141
vt 0.164770 0.062074
vt 0.539329 0.132474
vt 0.552644 0.130096
vt 0.545610 0.150350
vt 0.531487 0.153154
vt 0.519254 0.154534
vt 0.532291 0.124744
vt 0.556788 0.113302
vt 0.833787 0.048889
vt 0.816391 0.032445
vt 0.853244 0.016996
vt 0.854218 0.032229
vt 0.601150 0.095489
vt 0.590995 0.059982
vt 0.607873 0.054072
vt 0.612787 0.083473
vt 0.571572 0.069281
vt 0.837545 0.070961
vt 0.823823 0.074659
vt 0.810576 0.062375
vt 0.797331 0.055945
vt 0.785860 0.049238
vt 0.794622 0.028737
vt 0.980328 0.640306
vt 0.980328 0.663863
vt 0.957648 0.660452
vt 0.959568 0.643718
vt 0.594438 0.000824
vt 0.624904 0.002089
vt 0.628171 0.013967
vt 0.607507 0.016050
vt 0.595137 0.019280
vt 0.565622 0.001674
vt 0.707231 0.268907
vt 0.718536 0.274952
vt 0.693466 0.299190
vt 0.681576 0.297235
vt 0.456044 0.860232
vt 0.465910 0.844740
vt 0.429247 0.855321
vt 0.432265 0.831442
vt 0.432504 0.878674
vt 0.854218 0.154031
vt 0.846051 0.161802
vt 0.819733 0.150325
vt 0.826422 0.141657
vt 0.831172 0.116035
vt 0.844270 0.117924
vt 0.810191 0.109609
vt 0.793053 0.116049
vt 0.803335 0.093908
vt 0.828703 0.093602
vt 0.787036 0.092108
vt 0.930649 0.061627
vt 0.921075 0.067909
vt 0.922576 0.036591
vt 0.934157 0.038826
vt 0.948886 0.043140
vt 0.938378 0.072273
vt 0.924288 0.082856
vt 0.681306 0.379151
vt 0.663774 0.377079
vt 0.658983 0.337082
vt 0.675177 0.339152
vt 0.684842 0.341237
vt 0.689156 0.373889
vt 0.177268 0.747143
vt 0.168785 0.745667
vt 0.156309 0.710654
vt 0.155466 0.693667
vt 0.717581 0.360208
vt 0.723519 0.384176
vt 0.688433 0.387530
vt 0.667167 0.389913
vt 0.762184 0.334470
vt 0.759330 0.349350
vt 0.733025 0.343954
vt 0.748831 0.328730
vt 0.718875 0.394648
vt 0.685850 0.393596
vt 0.766160 0.359996
vt 0.764230 0.376760
vt 0.745045 0.393280
vt 0.742706 0.398962
vt 0.770734 0.384745
vt 0.135300 0.710435
vt 0.145547 0.721972
vt 0.117081 0.729329
vt 0.117613 0.711821
vt 0.139822 0.697658
vt 0.121186 0.696081
vt 0.701563 0.343892
vt 0.705888 0.360623
vt 0.708823 0.305567
vt 0.721817 0.323611
vt 0.731766 0.338061
vt 0.454549 0.499599
vt 0.471128 0.499599
vt 0.467346 0.516338
vt 0.455337 0.514797
vt 0.787296 0.352274
vt 0.784669 0.345283
vt 0.805664 0.349884
vt 0.821634 0.358376
vt 0.817221 0.371013
vt 0.733489 0.293497
vt 0.745509 0.264349
vt 0.757926 0.285066
vt 0.732566 0.254931
vt 0.756290 0.509199
vt 0.762790 0.471296
vt 0.770346 0.472428
vt 0.771424 0.504062
vt 0.555112 0.015224
vt 0.518680 0.022335
vt 0.522512 0.002506
vt 0.067287 0.719277
vt 0.063917 0.733120
vt 0.042090 0.728663
vt 0.054124 0.712027
vt 0.088987 0.714879
vt 0.088933 0.731486
vt 0.089659 0.697591
vt 0.540380 0.029766
vt 0.521481 0.030307
vt 0.490869 0.023747
vt 0.492447 0.004921
vt 0.449376 0.036485
vt 0.465191 0.031226
vt 0.461345 0.061988
vt 0.436956 0.067667
vt 0.444284 0.012420
vt 0.468448 0.005109
vt 0.423094 0.041590
vt 0.530478 0.040513
vt 0.519403 0.043250
vt 0.553680 0.172210
vt 0.556788 0.210580
vt 0.792572 0.274447
vt 0.806342 0.283547
vt 0.786288 0.298136
vt 0.774196 0.276530
vt 0.611054 0.125523
vt 0.625836 0.105145
vt 0.641531 0.126468
vt 0.628317 0.135529
vt 0.082143 0.981748
vt 0.077899 0.992225
vt 0.053167 0.988999
vt 0.052591 0.977812
vt 0.009209 0.747143
vt 0.001367 0.728511
vt 0.011791 0.730664
vt 0.019079 0.744904
vt 0.131576 0.343976
vt 0.131484 0.321072
vt 0.151055 0.326362
vt 0.149859 0.343788
vt 0.121958 0.360872
vt 0.090676 0.332211
vt 0.102813 0.318857
vt 0.114362 0.310709
vt 0.164559 0.352621
vt 0.161223 0.371809
vt 0.327877 0.413821
vt 0.340259 0.413821
vt 0.338670 0.424032
vt 0.335969 0.428299
vt 0.015679 0.623412
vt 0.018994 0.595517
vt 0.028553 0.595275
vt 0.028553 0.621636
vt 0.052970 0.331328
vt 0.066861 0.339298
vt 0.069004 0.356915
vt 0.052970 0.352230
vt 0.001118 0.610502
vt 0.004439 0.592662
vt 0.113227 0.289788
vt 0.138437 0.294236
vt 0.092263 0.293059
vt 0.146364 0.396936
vt 0.116809 0.410453
vt 0.097932 0.390047
vt 0.114409 0.372629
vt 0.155583 0.387200
vt 0.060676 0.452102
vt 0.033609 0.458792
vt 0.036508 0.426857
vt 0.055945 0.419451
vt 0.379862 0.012906
vt 0.368525 0.010548
vt 0.365462 0.003263
vt 0.379137 0.000824
vt 0.395962 0.018569
vt 0.378881 0.023821
vt 0.409783 0.003658
vt 0.688249 0.115134
vt 0.663048 0.112139
vt 0.685083 0.082837
vt 0.695728 0.088234
vt 0.002162 0.402807
vt 0.000969 0.374088
vt 0.011307 0.370484
vt 0.020928 0.392125
vt 0.016415 0.428633
vt 0.672729 0.127030
vt 0.665357 0.134465
vt 0.654165 0.129973
vt 0.937498 0.992225
vt 0.923800 0.992225
vt 0.911642 0.977592
vt 0.919494 0.974943
vt 0.911735 0.957988
vt 0.936420 0.963769
vt 0.987466 0.284131
vt 0.987466 0.300384
vt 0.968638 0.296328
vt 0.968472 0.283271
vt 0.678992 0.141693
vt 0.692619 0.140938
vt 0.693863 0.170579
vt 0.674759 0.158295
vt 0.654865 0.089914
vt 0.682235 0.074456
vt 0.806533 0.679075
vt 0.813767 0.690036
vt 0.793656 0.690036
vt 0.797849 0.660944
vt 0.660609 0.148695
vt 0.651900 0.143368
vt 0.691091 0.184807
vt 0.692592 0.200739
vt 0.678961 0.200893
vt 0.678662 0.183550
vt 0.030309 0.487074
vt 0.015267 0.484159
vt 0.016122 0.470174
vt 0.000969 0.470589
vt 0.015794 0.455586
vt 0.917288 0.627233
vt 0.916159 0.616825
vt 0.931077 0.620628
vt 0.933100 0.634780
vt 0.561547 0.077638
vt 0.544035 0.078521
vt 0.542098 0.067778
vt 0.557003 0.073866
vt 0.644489 0.156727
vt 0.656584 0.163569
vt 0.002674 0.704430
vt 0.013573 0.710746
vt 0.660252 0.201518
vt 0.667114 0.173226
vt 0.646604 0.231541
vt 0.662047 0.239044
vt 0.658837 0.267417
vt 0.635356 0.242528
vt 0.787558 0.319059
vt 0.776944 0.310511
vt 0.084198 0.670609
vt 0.088784 0.685645
vt 0.045783 0.699789
vt 0.041902 0.689060
vt 0.623934 0.243806
vt 0.631219 0.196622
vt 0.635155 0.198263
vt 0.800270 0.378131
vt 0.810043 0.388832
vt 0.829743 0.387163
vt 0.951775 0.621637
vt 0.925508 0.592411
vt 0.940605 0.594335
vt 0.198313 0.358113
vt 0.192677 0.327165
vt 0.214073 0.323701
vt 0.223052 0.347132
vt 0.950652 0.642448
vt 0.226308 0.354226
vt 0.218110 0.369142
vt 0.830423 0.424311
vt 0.813531 0.424729
vt 0.812885 0.416801
vt 0.827371 0.416181
vt 0.899427 0.129500
vt 0.899427 0.159422
vt 0.885653 0.155858
vt 0.884968 0.138172
vt 0.350431 0.349959
vt 0.361366 0.356071
vt 0.349569 0.390227
vt 0.335150 0.362102
vt 0.798182 0.331144
vt 0.791728 0.313957
vt 0.816147 0.301048
vt 0.816147 0.337880
vt 0.252220 0.111934
vt 0.238633 0.135628
vt 0.235379 0.081412
vt 0.252220 0.066538
vt 0.379538 0.626233
vt 0.402705 0.640004
vt 0.393890 0.650776
vt 0.363746 0.642051
vt 0.325120 0.628529
vt 0.330140 0.617706
vt 0.336504 0.600506
vt 0.382361 0.604360
vt 0.437672 0.716210
vt 0.438695 0.709847
vt 0.447558 0.708987
vt 0.448892 0.715638
vt 0.668370 0.393244
vt 0.267342 0.606996
vt 0.292187 0.599003
vt 0.289949 0.611618
vt 0.269451 0.620634
vt 0.494057 0.649634
vt 0.503439 0.636469
vt 0.539054 0.645327
vt 0.540810 0.655184
vt 0.456587 0.668322
vt 0.453253 0.642472
vt 0.479460 0.630590
vt 0.602158 0.352820
vt 0.590855 0.365141
vt 0.571727 0.335651
vt 0.594484 0.327231
vt 0.614314 0.322249
vt 0.618075 0.359564
vt 0.613046 0.383306
vt 0.581709 0.705265
vt 0.593727 0.670320
vt 0.607017 0.660997
vt 0.612054 0.650858
vt 0.593834 0.649740
vt 0.048349 0.261723
vt 0.067505 0.264056
vt 0.050160 0.287668
vt 0.035784 0.272774
vt 0.500246 0.746734
vt 0.478900 0.758947
vt 0.478206 0.730181
vt 0.512739 0.732423
vt 0.378574 0.123299
vt 0.367940 0.127150
vt 0.367436 0.107148
vt 0.384639 0.113240
vt 0.506854 0.751188
vt 0.517093 0.749086
vt 0.513802 0.776647
vt 0.499027 0.773113
vt 0.547303 0.311360
vt 0.565204 0.305904
vt 0.558848 0.338713
vt 0.477690 0.712199
vt 0.517549 0.714860
vt 0.587811 0.305260
vt 0.576320 0.275155
vt 0.601675 0.293051
vt 0.541538 0.752357
vt 0.533970 0.775013
vt 0.546770 0.733446
vt 0.565639 0.756822
vt 0.548127 0.771726
vt 0.571038 0.736667
vt 0.551450 0.789011
vt 0.533742 0.792352
vt 0.570350 0.785416
vt 0.491519 0.768670
vt 0.495011 0.789805
vt 0.477903 0.786160
vt 0.385469 0.145263
vt 0.379753 0.147535
vt 0.385469 0.168940
vt 0.364174 0.151750
vt 0.828042 0.976176
vt 0.815119 0.985350
vt 0.806439 0.965241
vt 0.830242 0.959399
vt 0.836064 0.985012
vt 0.824207 0.999363
vt 0.848342 0.967366
vt 0.575055 0.152284
vt 0.574819 0.127589
vt 0.601539 0.114803
vt 0.604377 0.126571
vt 0.043301 0.215704
vt 0.033529 0.180736
vt 0.041416 0.179616
vt 0.066257 0.210558
vt 0.084899 0.231434
vt 0.065843 0.237040
vt 0.854218 0.944500
vt 0.831054 0.942922
vt 0.589982 0.790165
vt 0.585101 0.754524
vt 0.600754 0.750087
vt 0.611515 0.785010
vt 0.574819 0.100326
vt 0.602139 0.101565
vt 0.681600 0.558135
vt 0.687642 0.537155
vt 0.709389 0.540491
vt 0.711128 0.554177
vt 0.805227 0.942922
vt 0.583887 0.737013
vt 0.956091 0.978194
vt 0.958201 0.946391
vt 0.974449 0.947924
vt 0.985087 0.980328
vt 0.508873 0.937227
vt 0.510282 0.964031
vt 0.493263 0.965735
vt 0.489392 0.948571
vt 0.479708 0.934193
vt 0.493119 0.921263
vt 0.506230 0.901648
vt 0.521741 0.904922
vt 0.505725 0.883208
vt 0.525855 0.878424
vt 0.478574 0.899068
vt 0.722931 0.536930
vt 0.731980 0.546156
vt 0.943566 0.885431
vt 0.950377 0.906793
vt 0.933569 0.904170
vt 0.934990 0.874828
vt 0.056778 0.178681
vt 0.043960 0.156464
vt 0.059584 0.164835
vt 0.038583 0.153987
vt 0.989845 0.242703
vt 0.966005 0.235421
vt 0.974487 0.229761
vt 0.989523 0.236533
vt 0.020453 0.177271
vt 0.021594 0.154599
vt 0.022658 0.132610
vt 0.038488 0.132346
vt 0.063552 0.131958
vt 0.062647 0.147808
vt 0.081702 0.164292
vt 0.085536 0.147512
vt 0.104166 0.151284
vt 0.099831 0.167146
vt 0.970052 0.212201
vt 0.976344 0.182623
vt 0.989845 0.189077
vt 0.989356 0.218431
vt 0.950820 0.221519
vt 0.378330 0.340110
vt 0.374416 0.354536
vt 0.365612 0.351038
vt 0.365612 0.329478
vt 0.023000 0.252637
vt 0.035025 0.245144
vt 0.030279 0.232916
vt 0.048014 0.240534
vt 0.146540 0.188808
vt 0.154013 0.172220
vt 0.002765 0.338272
vt 0.006525 0.307146
vt 0.308806 0.786753
vt 0.284834 0.803448
vt 0.271764 0.792949
vt 0.279779 0.778595
vt 0.323152 0.818654
vt 0.304257 0.834523
vt 0.582152 0.727609
vt 0.586281 0.730988
vt 0.586402 0.251808
vt 0.603285 0.253727
vt 0.607558 0.262311
vt 0.610178 0.264345
vt 0.615513 0.276458
vt 0.596988 0.269591
vt 0.595859 0.224119
vt 0.609251 0.232707
vt 0.561220 0.272459
vt 0.595233 0.727442
vt 0.594860 0.734575
vt 0.615793 0.219905
vt 0.607885 0.211133
vt 0.618788 0.202719
vt 0.626386 0.217804
vt 0.593095 0.523982
vt 0.604377 0.519304
vt 0.604377 0.541250
vt 0.592992 0.538339
vt 0.679378 0.646195
vt 0.672062 0.623846
vt 0.690037 0.622929
vt 0.689428 0.645489
vt 0.675346 0.663045
vt 0.655172 0.635725
vt 0.690037 0.668622
vt 0.652287 0.607939
vt 0.657908 0.595655
vt 0.674532 0.596265
vt 0.689047 0.596537
vt 0.643870 0.612196
vt 0.594623 0.198187
vt 0.594527 0.185454
vt 0.585831 0.203249
vt 0.441227 0.645608
vt 0.431123 0.623507
vt 0.476578 0.611222
vt 0.479417 0.622028
vt 0.256442 0.839747
vt 0.251416 0.824165
vt 0.354536 0.846954
vt 0.342689 0.854218
vt 0.194756 0.051408
vt 0.185059 0.054727
vt 0.184701 0.041954
vt 0.195114 0.041954
vt 0.234304 0.852721
vt 0.227925 0.846115
vt 0.256838 0.851654
vt 0.359259 0.798522
vt 0.364357 0.809963
vt 0.352548 0.822974
vt 0.351404 0.796742
vt 0.725349 0.439562
vt 0.723830 0.420781
vt 0.741451 0.421773
vt 0.744577 0.441462
vt 0.691966 0.433957
vt 0.688980 0.419176
vt 0.630355 0.142220
vt 0.630551 0.155110
vt 0.607494 0.156165
vt 0.603404 0.145812
vt 0.751348 0.473464
vt 0.737718 0.472063
vt 0.448476 0.907765
vt 0.475263 0.886253
vt 0.459467 0.916624
vt 0.463706 0.937242
vt 0.466176 0.953261
vt 0.448476 0.954003
vt 0.448757 0.931633
vt 0.611774 0.171153
vt 0.628065 0.180429
vt 0.337444 0.810826
vt 0.331116 0.781533
vt 0.347178 0.778351
vt 0.219922 0.372697
vt 0.235564 0.384611
vt 0.230673 0.397366
vt 0.219922 0.396227
vt 0.364599 0.774501
vt 0.373995 0.779414
vt 0.732467 0.856438
vt 0.729182 0.878561
vt 0.716175 0.879320
vt 0.714053 0.866628
vt 0.666242 0.291793
vt 0.645439 0.298610
vt 0.642877 0.278610
vt 0.666242 0.267660
vt 0.405982 0.789931
vt 0.425527 0.785456
vt 0.421210 0.799174
vt 0.404049 0.807453
vt 0.776121 0.863639
vt 0.782835 0.869438
vt 0.761865 0.886090
vt 0.753678 0.870360
vt 0.380224 0.764753
vt 0.372317 0.758735
vt 0.623366 0.294296
vt 0.626320 0.306703
vt 0.887530 0.841514
vt 0.870444 0.838807
vt 0.872843 0.816495
vt 0.887003 0.818669
vt 0.034449 0.588121
vt 0.040450 0.608945
vt 0.030578 0.609136
vt 0.033542 0.584160
vt 0.410563 0.668991
vt 0.400553 0.685278
vt 0.385460 0.662784
vt 0.403001 0.646183
vt 0.395448 0.968755
vt 0.399745 0.992225
vt 0.375722 0.990108
vt 0.375722 0.959113
vt 0.043043 0.055748
vt 0.026984 0.030427
vt 0.055088 0.027322
vt 0.077325 0.050315
vt 0.084837 0.073573
vt 0.052517 0.078585
vt 0.926093 0.792857
vt 0.932739 0.794188
vt 0.926127 0.806524
vt 0.919344 0.799959
vt 0.912001 0.788367
vt 0.923715 0.783551
vt 0.932497 0.781232
vt 0.877932 0.758513
vt 0.876618 0.767726
vt 0.861208 0.764376
vt 0.869360 0.752537
vt 0.875899 0.745407
vt 0.884763 0.755677
vt 0.887530 0.767700
vt 0.137197 0.198092
vt 0.121825 0.166667
vt 0.129479 0.160423
vt 0.138427 0.160794
vt 0.424783 0.945104
vt 0.446009 0.949736
vt 0.443872 0.962195
vt 0.428147 0.962061
vt 0.807082 0.781995
vt 0.825192 0.785335
vt 0.823713 0.800454
vt 0.808291 0.800658
vt 0.191935 0.085665
vt 0.201532 0.082178
vt 0.865589 0.725465
vt 0.871146 0.734778
vt 0.864737 0.735828
vt 0.855545 0.724395
vt 0.115878 0.145678
vt 0.916410 0.828044
vt 0.902758 0.814544
vt 0.909285 0.809288
vt 0.918036 0.817352
vt 0.099871 0.125895
vt 0.109166 0.126093
vt 0.085609 0.129144
vt 0.294524 0.939646
vt 0.314049 0.940612
vt 0.314086 0.965014
vt 0.287736 0.962181
vt 0.285367 0.923660
vt 0.314086 0.920098
vt 0.276745 0.943556
vt 0.108988 0.052712
vt 0.105574 0.073743
vt 0.060351 0.100960
vt 0.081965 0.104913
vt 0.596497 0.994604
vt 0.603363 0.976007
vt 0.618508 0.978868
vt 0.613628 0.994336
vt 0.034658 0.568139
vt 0.040450 0.568346
vt 0.962774 0.110855
vt 0.959683 0.099930
vt 0.977948 0.099504
vt 0.976758 0.111834
vt 0.897047 0.173130
vt 0.882276 0.174791
vt 0.877607 0.163640
vt 0.894479 0.161379
vt 0.237946 0.369600
vt 0.233649 0.378999
vt 0.222074 0.370465
vt 0.225840 0.359490
vt 0.250108 0.375616
vt 0.242091 0.384967
vt 0.894023 0.188346
vt 0.881968 0.190560
vt 0.769543 0.824486
vt 0.759188 0.813692
vt 0.767759 0.800904
vt 0.781770 0.820433
vt 0.288293 0.452132
vt 0.295050 0.479561
vt 0.275505 0.470889
vt 0.272150 0.441860
vt 0.784481 0.847677
vt 0.772417 0.852546
vt 0.287667 0.499682
vt 0.272150 0.484889
vt 0.812346 0.851856
vt 0.823715 0.845660
vt 0.833083 0.862542
vt 0.825405 0.874574
vt 0.741431 0.852846
vt 0.743951 0.841931
vt 0.756345 0.843918
vt 0.750513 0.858587
vt 0.710262 0.892433
vt 0.710225 0.903849
vt 0.688619 0.892867
vt 0.695808 0.881160
vt 0.723341 0.855381
vt 0.722923 0.840054
vt 0.122830 0.010964
vt 0.106648 0.017602
vt 0.101079 0.004246
vt 0.121435 0.001558
vt 0.794099 0.846681
vt 0.798580 0.831148
vt 0.819716 0.843757
vt 0.801175 0.858976
vt 0.225147 0.422312
vt 0.233319 0.418695
vt 0.238723 0.436621
vt 0.228163 0.441792
vt 0.234030 0.398820
vt 0.243169 0.401610
vt 0.750714 0.791847
vt 0.761474 0.786462
vt 0.743906 0.814183
vt 0.737526 0.794334
vt 0.142201 0.799834
vt 0.135023 0.804775
vt 0.140172 0.780586
vt 0.149358 0.784627
vt 0.248181 0.404810
vt 0.251436 0.391157
vt 0.256041 0.399178
vt 0.242013 0.418368
vt 0.628399 0.958762
vt 0.649586 0.969911
vt 0.643892 0.982141
vt 0.752331 0.101487
vt 0.737884 0.080140
vt 0.765548 0.082394
vt 0.607895 0.957214
vt 0.814541 0.822296
vt 0.824767 0.827215
vt 0.185498 0.064435
vt 0.192137 0.058581
vt 0.819619 0.839867
vt 0.809313 0.828470
vt 0.139545 0.445912
vt 0.149254 0.439120
vt 0.149905 0.461611
vt 0.138035 0.461611
vt 0.113822 0.783616
vt 0.123751 0.784573
vt 0.124459 0.805263
vt 0.107673 0.796116
vt 0.108215 0.768180
vt 0.116769 0.761908
vt 0.713565 0.259359
vt 0.707973 0.249079
vt 0.720875 0.256243
vt 0.114195 0.750560
vt 0.100601 0.757998
vt 0.105475 0.746947
vt 0.596497 0.939180
vt 0.604333 0.938958
vt 0.599566 0.956780
vt 0.132340 0.750604
vt 0.135100 0.759670
vt 0.154980 0.754252
vt 0.159422 0.768076
vt 0.253777 0.419179
vt 0.246735 0.441426
vt 0.241755 0.436922
vt 0.782242 0.759812
vt 0.781806 0.773263
vt 0.772021 0.774464
vt 0.770405 0.763710
vt 0.768915 0.748744
vt 0.749830 0.763242
vt 0.402627 0.266497
vt 0.387366 0.246759
vt 0.398453 0.237411
vt 0.409711 0.260657
vt 0.782835 0.787593
vt 0.773654 0.783178
vt 0.042060 0.764057
vt 0.051882 0.767029
vt 0.035300 0.768137
vt 0.086213 0.783917
vt 0.086275 0.796620
vt 0.070065 0.775200
vt 0.099438 0.773715
vt 0.077594 0.762942
vt 0.108016 0.814579
vt 0.084758 0.805723
vt 0.125807 0.818526
vt 0.726955 0.819871
vt 0.715740 0.808037
vt 0.698861 0.835653
vt 0.696687 0.858976
vt 0.678151 0.851399
vt 0.687440 0.830580
vt 0.672289 0.865404
vt 0.667054 0.885785
vt 0.657215 0.887118
vt 0.655178 0.865639
vt 0.653163 0.849704
vt 0.664323 0.847030
vt 0.804525 0.929187
vt 0.817002 0.923926
vt 0.816191 0.939741
vt 0.795935 0.942257
vt 0.794442 0.922239
vt 0.807965 0.900369
vt 0.829863 0.897283
vt 0.843745 0.916022
vt 0.176540 0.703125
vt 0.194845 0.706079
vt 0.186177 0.732866
vt 0.171908 0.724847
vt 0.442612 0.790407
vt 0.436327 0.803217
vt 0.430425 0.771036
vt 0.437260 0.776291
vt 0.984943 0.416331
vt 0.976898 0.429724
vt 0.958662 0.417495
vt 0.972033 0.405813
vt 0.959665 0.394002
vt 0.940786 0.399646
vt 0.939476 0.379007
vt 0.965325 0.380509
vt 0.984551 0.389884
vt 0.103388 0.921159
vt 0.083792 0.923289
vt 0.095755 0.893455
vt 0.122148 0.902769
vt 0.139354 0.925706
vt 0.120148 0.932923
vt 0.228752 0.644939
vt 0.229957 0.616138
vt 0.254600 0.622330
vt 0.250104 0.647207
vt 0.097122 0.950103
vt 0.085640 0.950948
vt 0.113918 0.951017
vt 0.139455 0.947233
vt 0.939476 0.426894
vt 0.951266 0.444955
vt 0.150533 0.902333
vt 0.154663 0.926654
vt 0.430751 0.742625
vt 0.440088 0.745748
vt 0.125069 0.976334
vt 0.125472 0.964708
vt 0.147525 0.959903
vt 0.144560 0.978711
vt 0.661976 0.487363
vt 0.683326 0.451391
vt 0.685447 0.457620
vt 0.671969 0.494804
vt 0.582458 0.517527
vt 0.570773 0.503635
vt 0.585037 0.465376
vt 0.593637 0.479537
vt 0.598234 0.449333
vt 0.604021 0.457471
vt 0.530742 0.820902
vt 0.534882 0.810320
vt 0.565586 0.822203
vt 0.562793 0.832177
vt 0.576974 0.432476
vt 0.587821 0.428916
vt 0.301377 0.464005
vt 0.296469 0.468749
vt 0.294118 0.447057
vt 0.302188 0.447057
vt 0.334001 0.740723
vt 0.323323 0.739029
vt 0.327022 0.726403
vt 0.336516 0.733549
vt 0.759405 0.668772
vt 0.770937 0.668644
vt 0.769580 0.680240
vt 0.755843 0.683828
vt 0.738773 0.564826
vt 0.738576 0.581236
vt 0.722904 0.585055
vt 0.720853 0.568032
vt 0.624873 0.439896
vt 0.630551 0.449406
vt 0.619764 0.454710
vt 0.615540 0.446326
vt 0.544188 0.618534
vt 0.520697 0.637689
vt 0.513651 0.636056
vt 0.524771 0.607724
vt 0.513651 0.572158
vt 0.549650 0.590718
vt 0.883721 0.474392
vt 0.910420 0.474392
vt 0.904169 0.485086
vt 0.881539 0.488130
vt 0.740084 0.940094
vt 0.728142 0.938212
vt 0.738232 0.908334
vt 0.753451 0.926729
vt 0.736821 0.948690
vt 0.724557 0.951775
vt 0.701934 0.445990
vt 0.697009 0.463992
vt 0.698933 0.436990
vt 0.772458 0.895905
vt 0.721494 0.908434
vt 0.718064 0.936634
vt 0.896183 0.717893
vt 0.900237 0.704588
vt 0.916693 0.713167
vt 0.904784 0.728650
vt 0.882478 0.726896
vt 0.879015 0.701883
vt 0.246708 0.170830
vt 0.253358 0.174171
vt 0.256979 0.197493
vt 0.243691 0.197493
vt 0.080901 0.376191
vt 0.080747 0.386819
vt 0.072253 0.392607
vt 0.072253 0.374139
vt 0.729626 0.980328
vt 0.725928 0.970086
vt 0.730566 0.963898
vt 0.737760 0.979796
vt 0.562024 0.597779
vt 0.568685 0.605964
vt 0.550107 0.606594
vt 0.550917 0.594061
vt 0.228752 0.599784
vt 0.254469 0.608880
vt 0.985087 0.144761
vt 0.968389 0.129773
vt 0.970863 0.114680
vt 0.985087 0.114514
vt 0.861356 0.720969
vt 0.828830 0.713477
vt 0.836077 0.690320
vt 0.860928 0.692746
vt 0.980328 0.601997
vt 0.969027 0.597763
vt 0.963572 0.575033
vt 0.980328 0.569618
vt 0.015306 0.236045
vt 0.010138 0.239691
vt 0.012014 0.220889
vt 0.021415 0.222632
vt 0.663863 0.040501
vt 0.662105 0.059544
vt 0.644558 0.057658
vt 0.656506 0.038803
vt 0.343632 0.318844
vt 0.345271 0.301224
vt 0.359295 0.294500
vt 0.359295 0.311729
vt 0.925254 0.192734
vt 0.920893 0.189865
vt 0.929386 0.177388
vt 0.938622 0.181160
vt 0.391195 0.159422
vt 0.391195 0.135516
vt 0.398948 0.135446
vt 0.404504 0.150308
vt 0.175232 0.333014
vt 0.180114 0.317392
vt 0.187975 0.315830
vt 0.187975 0.333121
vt 0.885154 0.613280
vt 0.887007 0.626311
vt 0.865350 0.631740
vt 0.865611 0.621782
vt 0.871295 0.603463
vt 0.896650 0.588206
vt 0.905042 0.598616
vt 0.860996 0.615835
vt 0.317370 0.001594
vt 0.333121 0.001396
vt 0.331124 0.008620
vt 0.317370 0.010341
vt 0.275080 0.188268
vt 0.290146 0.209720
vt 0.274921 0.203268
vt 0.918758 0.538947
vt 0.887040 0.537318
vt 0.886572 0.528382
vt 0.918337 0.527141
vt 0.915452 0.545897
vt 0.889738 0.546174
vt 0.937031 0.124343
vt 0.929770 0.116202
vt 0.933011 0.111065
vt 0.944650 0.120156
vt 0.931682 0.134040
vt 0.922043 0.131296
vt 0.936315 0.139831
vt 0.921885 0.153586
vt 0.315188 0.227162
vt 0.295061 0.241228
vt 0.278421 0.223392
vt 0.348929 0.243433
vt 0.847313 0.253855
vt 0.850443 0.218923
vt 0.873478 0.218489
vt 0.873313 0.250198
vt 0.881318 0.276303
vt 0.870707 0.280614
vt 0.349671 0.291750
vt 0.324687 0.317104
vt 0.311051 0.304295
vt 0.325095 0.280209
vt 0.464742 0.091802
vt 0.474880 0.095374
vt 0.470575 0.104695
vt 0.463208 0.099298
vt 0.313317 0.335501
vt 0.306781 0.331618
vt 0.313993 0.325923
vt 0.320487 0.333362
vt 0.463208 0.085742
vt 0.475887 0.085453
vt 0.306618 0.268992
vt 0.298991 0.284007
vt 0.280245 0.256800
vt 0.921347 0.111928
vt 0.927459 0.104881
vt 0.949417 0.109439
vt 0.911544 0.108412
vt 0.914836 0.102003
vt 0.266618 0.212977
vt 0.958294 0.123260
vt 0.945912 0.144716
vt 0.961292 0.115289
vt 0.243954 0.240153
vt 0.252361 0.229798
vt 0.262713 0.240930
vt 0.250964 0.248472
vt 0.004188 0.189291
vt 0.012466 0.184025
vt 0.018458 0.197588
vt 0.001789 0.198131
vt 0.887170 0.579403
vt 0.870669 0.589184
vt 0.871209 0.566285
vt 0.890601 0.562477
vt 0.911188 0.563431
vt 0.856990 0.550334
vt 0.853995 0.546344
vt 0.863492 0.534397
vt 0.866833 0.542729
vt 0.868735 0.551132
vt 0.857612 0.556620
vt 0.222536 0.255120
vt 0.224001 0.261930
vt 0.216674 0.262120
vt 0.219546 0.251280
vt 0.856006 0.602847
vt 0.858003 0.592060
vt 0.853995 0.608163
vt 0.269816 0.947016
vt 0.258808 0.944197
vt 0.259373 0.932153
vt 0.277204 0.932857
vt 0.229341 0.160965
vt 0.240881 0.141972
vt 0.167204 0.347576
vt 0.167204 0.333323
vt 0.190355 0.346239
vt 0.187786 0.364599
vt 0.184708 0.761400
vt 0.194344 0.773188
vt 0.176461 0.739945
vt 0.202991 0.728793
vt 0.180352 0.385469
vt 0.168478 0.375977
vt 0.916161 0.251512
vt 0.923076 0.254718
vt 0.919636 0.263922
vt 0.910412 0.257076
vt 0.916468 0.238232
vt 0.925601 0.237676
vt 0.903524 0.240159
vt 0.428555 0.197476
vt 0.430270 0.209371
vt 0.426231 0.209390
vt 0.423097 0.197289
vt 0.752308 0.136811
vt 0.757360 0.127248
vt 0.766777 0.143913
vt 0.757261 0.148627
vt 0.476991 0.291033
vt 0.489479 0.291010
vt 0.487500 0.306092
vt 0.471574 0.300345
vt 0.459206 0.282498
vt 0.466336 0.274607
vt 0.473585 0.262629
vt 0.642016 0.718046
vt 0.656857 0.706469
vt 0.660146 0.714788
vt 0.648355 0.729231
vt 0.481930 0.318232
vt 0.463510 0.304391
vt 0.643637 0.746105
vt 0.636467 0.740593
vt 0.667480 0.724312
vt 0.692000 0.717217
vt 0.695901 0.726325
vt 0.661665 0.734488
vt 0.689961 0.695632
vt 0.651837 0.695784
vt 0.639777 0.694643
vt 0.638148 0.676474
vt 0.658718 0.680801
vt 0.675548 0.688287
vt 0.645738 0.079160
vt 0.663863 0.080901
vt 0.981939 0.793863
vt 0.974238 0.808587
vt 0.947487 0.800012
vt 0.952410 0.783913
vt 0.951407 0.346805
vt 0.927167 0.332116
vt 0.934796 0.318320
vt 0.961292 0.328279
vt 0.418192 0.187011
vt 0.430678 0.187011
vt 0.741543 0.106987
vt 0.774139 0.114683
vt 0.763756 0.120330
vt 0.742544 0.116856
vt 0.965149 0.819034
vt 0.947183 0.815234
vt 0.989845 0.824912
vt 0.972147 0.833261
vt 0.948478 0.835983
vt 0.902095 0.494752
vt 0.894143 0.505229
vt 0.975779 0.851000
vt 0.955237 0.853385
vt 0.729980 0.669490
vt 0.738256 0.655703
vt 0.739842 0.665302
vt 0.734663 0.684509
vt 0.718319 0.666979
vt 0.735389 0.648222
vt 0.716763 0.686644
vt 0.749830 0.663677
vt 0.749166 0.685971
vt 0.749214 0.649263
vt 0.711820 0.707594
vt 0.728628 0.710835
vt 0.694962 0.069581
vt 0.694236 0.065482
vt 0.701105 0.064655
vt 0.701934 0.071027
vt 0.070707 0.362647
vt 0.081294 0.345434
vt 0.575617 0.804897
vt 0.559367 0.790438
vt 0.605624 0.825677
vt 0.592186 0.829092
vt 0.609544 0.788813
vt 0.627884 0.823933
vt 0.612448 0.837004
vt 0.594904 0.837250
vt 0.578100 0.404788
vt 0.570773 0.401633
vt 0.588592 0.401852
vt 0.600241 0.420190
vt 0.258050 0.389847
vt 0.266497 0.396568
vt 0.265052 0.414022
vt 0.258050 0.412536
vt 0.571966 0.382051
vt 0.578059 0.377521
vt 0.605116 0.710595
vt 0.613895 0.713457
vt 0.613834 0.730140
vt 0.606256 0.730381
vt 0.587831 0.381431
vt 0.599213 0.396977
vt 0.757850 0.643988
vt 0.757438 0.664744
vt 0.744669 0.640622
vt 0.751136 0.636458
vt 0.731608 0.625150
vt 0.719484 0.621805
vt 0.712770 0.610455
vt 0.724563 0.606737
vt 0.911324 0.499615
vt 0.906550 0.516338
vt 0.735600 0.604496
vt 0.740904 0.620811
vt 0.920885 0.313480
vt 0.916441 0.324627
vt 0.907814 0.321516
vt 0.913978 0.301072
vt 0.919604 0.296728
vt 0.681722 0.674954
vt 0.695777 0.675697
vt 0.702077 0.595554
vt 0.090557 0.970810
vt 0.099736 0.968248
vt 0.749522 0.947252
vt 0.749095 0.959347
vt 0.726394 0.954573
vt 0.000737 0.223160
vt 0.359295 0.028553
vt 0.346658 0.021722
vt 0.342282 0.002690
vt 0.359295 0.006344
vt 0.694620 0.668212
vt 0.713401 0.656326
vt 0.900765 0.357704
vt 0.901970 0.341945
vt 0.911283 0.344240
vt 0.909400 0.359295
vt 0.933538 0.798767
vt 0.933912 0.811852
vt 0.937478 0.780182
vt 0.933538 0.834788
vt 0.938375 0.856597
vt 0.728336 0.642065
vt 0.662023 0.670449
vt 0.900765 0.270222
vt 0.908849 0.264886
vt 0.791484 0.134561
vt 0.792352 0.171785
vt 0.782249 0.171517
vt 0.778692 0.138667
vt 0.770254 0.171826
vt 0.780051 0.209501
vt 0.771390 0.207088
vt 0.890208 0.245499
vt 0.903302 0.266497
vt 0.787248 0.209524
vt 0.780806 0.243340
vt 0.235317 0.792352
vt 0.199135 0.791538
vt 0.197941 0.782296
vt 0.270635 0.790295
vt 0.816377 0.703123
vt 0.828306 0.699945
vt 0.160365 0.782782
vt 0.163557 0.775532
vt 0.159069 0.792352
vt 0.529634 0.290857
vt 0.532994 0.323603
vt 0.524213 0.320973
vt 0.520407 0.293898
vt 0.639540 0.667531
vt 0.757595 0.706692
vt 0.770937 0.700428
vt 0.610434 0.409165
vt 0.611761 0.754281
vt 0.605116 0.752903
vt 0.265491 0.070145
vt 0.267898 0.089566
vt 0.258800 0.088140
vt 0.257205 0.068664
vt 0.276015 0.091103
vt 0.272755 0.111801
vt 0.265997 0.111623
vt 0.257205 0.111052
vt 0.749659 0.709310
vt 0.757850 0.709285
vt 0.757020 0.719384
vt 0.749530 0.720372
vt 0.735951 0.725558
vt 0.366292 0.025108
vt 0.362355 0.010995
vt 0.400239 0.055136
vt 0.382388 0.061236
vt 0.698192 0.739999
vt 0.412995 0.086385
vt 0.400866 0.095085
vt 0.660412 0.748423
vt 0.662873 0.759040
vt 0.644094 0.758076
vt 0.413412 0.107794
vt 0.426690 0.100323
vt 0.450671 0.299716
vt 0.436513 0.305972
vt 0.437833 0.283215
vt 0.451947 0.289657
vt 0.411642 0.448459
vt 0.400053 0.452093
vt 0.400053 0.433684
vt 0.407944 0.438103
vt 0.448024 0.268755
vt 0.456986 0.084728
vt 0.405810 0.321354
vt 0.487176 0.057221
vt 0.486503 0.079180
vt 0.372967 0.323603
vt 0.502663 0.057749
vt 0.497840 0.081402
vt 0.360123 0.320337
vt 0.363681 0.303498
vt 0.512083 0.060028
vt 0.505096 0.081298
vt 0.500255 0.100827
vt 0.755266 0.726067
vt 0.747641 0.728110
vt 0.271337 0.120768
vt 0.264391 0.121351
vt 0.007837 0.356509
vt 0.001422 0.355402
vt 0.676950 0.844700
vt 0.655183 0.842087
vt 0.656969 0.835276
vt 0.676707 0.831471
vt 0.651905 0.816829
vt 0.667848 0.811315
vt 0.629455 0.843502
vt 0.629084 0.836296
vt 0.611923 0.844700
vt 0.295504 0.524658
vt 0.296391 0.509493
vt 0.309327 0.506785
vt 0.309327 0.528235
vt 0.032935 0.381585
vt 0.634366 0.777635
vt 0.610678 0.435807
vt 0.054647 0.326088
vt 0.071269 0.303467
vt 0.042537 0.324093
vt 0.064340 0.290468
vt 0.087605 0.276081
vt 0.745341 0.123961
vt 0.506826 0.318032
vt 0.506168 0.301407
vt 0.453366 0.259961
vt 0.123731 0.140387
vt 0.115867 0.139662
vt 0.116003 0.129232
vt 0.123731 0.128299
vt 0.457823 0.251537
vt 0.220602 0.720947
vt 0.228843 0.715057
vt 0.242674 0.727849
vt 0.414737 0.172450
vt 0.250857 0.723876
vt 0.283008 0.745841
vt 0.277363 0.753685
vt 0.435938 0.210124
vt 0.472950 0.245724
vt 0.325983 0.770382
vt 0.320413 0.777458
vt 0.806214 0.617875
vt 0.800856 0.610983
vt 0.816241 0.578179
vt 0.821365 0.589011
vt 0.311750 0.779416
vt 0.822899 0.567563
vt 0.834864 0.577441
vt 0.854218 0.594330
vt 0.507832 0.264391
vt 0.519808 0.270923
vt 0.659609 0.442690
vt 0.662312 0.442384
vt 0.665052 0.464121
vt 0.658375 0.463277
vt 0.648690 0.461403
vt 0.653471 0.441957
vt 0.216674 0.318844
vt 0.218951 0.314081
vt 0.230234 0.312820
vt 0.230017 0.318541
vt 0.208058 0.946228
vt 0.213503 0.927989
vt 0.221391 0.930817
vt 0.219642 0.947016
vt 0.219642 0.302368
vt 0.230805 0.299968
vt 0.238336 0.932989
vt 0.241249 0.944990
vt 0.217422 0.280082
vt 0.227411 0.275871
vt 0.858676 0.569883
vt 0.222749 0.902158
vt 0.643963 0.454789
vt 0.657019 0.497530
vt 0.925601 0.205121
vt 0.143486 0.250698
vt 0.133925 0.252220
vt 0.322092 0.028553
vt 0.332685 0.027266
vt 0.920842 0.567848
vt 0.903730 0.125363
vt 0.913465 0.127481
vt 0.912482 0.158626
vt 0.905382 0.160778
vt 0.019036 0.180814
vt 0.004353 0.180837
vt 0.002888 0.152399
vt 0.014465 0.149522
vt 0.872109 0.732866
vt 0.867691 0.702216
vt 0.004570 0.123344
vt 0.014961 0.126876
vt 0.870276 0.682608
vt 0.881695 0.683913
vt 0.872267 0.657290
vt 0.884377 0.661244
vt 0.905123 0.668214
vt 0.903961 0.690081
vt 0.925433 0.672779
vt 0.923766 0.696339
vt 0.937498 0.673237
vt 0.937498 0.700893
vt 0.928331 0.718120
vt 0.941697 0.368680
vt 0.969150 0.372436
vt 0.387003 0.109167
vt 0.399745 0.108405
vt 0.399745 0.133248
vt 0.385383 0.130015
vt 0.920588 0.647712
vt 0.932726 0.648557
vt 0.994020 0.376457
vt 0.919425 0.635487
vt 0.932828 0.637868
vt 0.476442 0.817225
vt 0.471988 0.824061
vt 0.457511 0.809724
vt 0.466931 0.802901
vt 0.468482 0.829484
vt 0.453199 0.816756
vt 0.994604 0.394097
vt 0.705205 0.513980
vt 0.705717 0.494996
vt 0.714009 0.494930
vt 0.716210 0.514792
vt 0.716210 0.531221
vt 0.700838 0.532994
vt 0.656851 0.905235
vt 0.664863 0.907328
vt 0.484215 0.830521
vt 0.482672 0.839941
vt 0.756009 0.192734
vt 0.755878 0.171897
vt 0.765815 0.169852
vt 0.764225 0.190629
vt 0.900589 0.644974
vt 0.898840 0.631684
vt 0.883039 0.639068
vt 0.882927 0.629189
vt 0.755878 0.155918
vt 0.766178 0.154293
vt 0.872856 0.636067
vt 0.292769 0.313515
vt 0.300850 0.311190
vt 0.019036 0.104053
vt 0.011902 0.100065
vt 0.290439 0.289076
vt 0.271485 0.267959
vt 0.000737 0.242703
vt 0.933035 0.160017
vt 0.942599 0.162633
vt 0.922481 0.171119
vt 0.885235 0.287912
vt 0.893501 0.272487
vt 0.897047 0.284384
vt 0.330371 0.326907
vt 0.887347 0.249991
vt 0.888227 0.216840
vt 0.704944 0.800346
vt 0.730493 0.786164
vt 0.856698 0.194122
vt 0.857511 0.181975
vt 0.819857 0.183904
vt 0.853972 0.174801
vt 0.100387 0.031838
vt 0.107060 0.040116
vt 0.315802 0.758429
vt 0.304836 0.761420
vt 0.303940 0.738792
vt 0.313670 0.735625
vt 0.085259 0.812428
vt 0.951630 0.163712
vt 0.952127 0.183748
vt 0.961292 0.170433
vt 0.749522 0.975996
vt 0.568685 0.632746
vt 0.552461 0.632930
vt 0.714053 0.951272
vt 0.114774 0.965695
vt 0.140743 0.957596
vt 0.687244 0.500607
vt 0.680546 0.523934
vt 0.664591 0.514927
vt 0.701934 0.504321
vt 0.689093 0.528949
vt 0.366634 0.755226
vt 0.358745 0.768307
vt 0.344839 0.750296
vt 0.354021 0.744887
vt 0.681418 0.541322
vt 0.673209 0.535148
vt 0.608948 0.463580
vt 0.596258 0.483278
vt 0.883031 0.388866
vt 0.885150 0.410218
vt 0.869362 0.416401
vt 0.869362 0.380179
vt 0.695124 0.574383
vt 0.666345 0.589862
vt 0.663545 0.578727
vt 0.649249 0.383126
vt 0.641445 0.403324
vt 0.632859 0.395651
vt 0.639339 0.374577
vt 0.338031 0.755599
vt 0.325731 0.756806
vt 0.666367 0.395288
vt 0.658984 0.412480
vt 0.655445 0.431516
vt 0.635608 0.431075
vt 0.691058 0.404057
vt 0.576392 0.154042
vt 0.587382 0.167932
vt 0.578718 0.181539
vt 0.563175 0.159874
vt 0.113506 0.258831
vt 0.145759 0.256568
vt 0.144376 0.270397
vt 0.112803 0.268583
vt 0.092205 0.262105
vt 0.621923 0.426689
vt 0.472325 0.021415
vt 0.472782 0.001863
vt 0.483026 0.001221
vt 0.483026 0.019704
vt 0.345934 0.729607
vt 0.338816 0.716897
vt 0.147525 0.992966
vt 0.122172 0.994604
vt 0.130654 0.879916
vt 0.154663 0.882828
vt 0.295730 0.534120
vt 0.309327 0.533766
vt 0.308769 0.548146
vt 0.295730 0.549650
vt 0.678799 0.913897
vt 0.701017 0.923275
vt 0.858378 0.911484
vt 0.866007 0.931126
vt 0.848754 0.935336
vt 0.842694 0.887557
vt 0.851408 0.880745
vt 0.865221 0.905599
vt 0.874439 0.926103
vt 0.881581 0.937591
vt 0.870707 0.942257
vt 0.022661 0.016658
vt 0.046428 0.015038
vt 0.011849 0.029988
vt 0.008680 0.018527
vt 0.751844 0.421587
vt 0.739807 0.412194
vt 0.751902 0.409774
vt 0.021079 0.052460
vt 0.009180 0.050812
vt 0.001768 0.032851
vt 0.340792 0.830746
vt 0.356876 0.832919
vt 0.349745 0.839941
vt 0.720309 0.409396
vt 0.373062 0.817581
vt 0.379024 0.826059
vt 0.367683 0.838963
vt 0.656919 0.331281
vt 0.644520 0.333121
vt 0.077116 0.009235
vt 0.081467 0.018902
vt 0.136381 0.814640
vt 0.259359 0.383188
vt 0.303940 0.723858
vt 0.316465 0.722710
vt 0.021404 0.763492
vt 0.417529 0.212273
vt 0.425919 0.232849
vt 0.742730 0.786139
vt 0.748273 0.776009
vt 0.710965 0.777928
vt 0.716996 0.769200
vt 0.721868 0.758804
vt 0.693843 0.769883
vt 0.693830 0.761182
vt 0.674229 0.774008
vt 0.675227 0.762124
vt 0.673444 0.785307
vt 0.646390 0.787593
vt 0.694177 0.773262
vt 0.795442 0.149539
vt 0.808542 0.144406
vt 0.809008 0.170054
vt 0.795442 0.187975
vt 0.977948 0.072650
vt 0.977331 0.083950
vt 0.955632 0.085938
vt 0.954177 0.074009
vt 0.956235 0.066341
vt 0.976761 0.066225
vt 0.984429 0.330774
vt 0.984305 0.341620
vt 0.964299 0.338445
vt 0.964590 0.324207
vt 0.139361 0.042616
vt 0.126718 0.060823
vt 0.121757 0.057134
vt 0.133978 0.038108
vt 0.893082 0.732681
vt 0.907820 0.730532
vt 0.907387 0.750900
vt 0.894730 0.751055
vt 0.121767 0.080421
vt 0.113695 0.076699
vt 0.109728 0.104441
vt 0.106076 0.103321
vt 0.098941 0.103288
vt 0.083393 0.384958
vt 0.090104 0.386129
vt 0.092798 0.409263
vt 0.083393 0.409238
vt 0.890093 0.772445
vt 0.896668 0.771602
vt 0.899865 0.794334
vt 0.890456 0.797544
vt 0.906576 0.769234
vt 0.920234 0.766614
vt 0.014714 0.371192
vt 0.014714 0.349269
vt 0.025477 0.346676
vt 0.026174 0.363883
vt 0.919800 0.751485
vt 0.930156 0.751690
vt 0.929894 0.765408
vt 0.920851 0.729559
vt 0.932739 0.730898
vt 0.963332 0.350672
vt 0.984189 0.355611
vt 0.985087 0.366433
vt 0.963332 0.360793
vt 0.957126 0.459296
vt 0.967307 0.459023
vt 0.967718 0.472575
vt 0.961680 0.474456
vt 0.961196 0.442623
vt 0.970810 0.443040
vt 0.885744 0.798471
vt 0.874897 0.798228
vt 0.874679 0.781968
vt 0.886177 0.781517
vt 0.011897 0.444613
vt 0.002133 0.444955
vt 0.002133 0.424156
vt 0.011752 0.426484
vt 0.856886 0.779768
vt 0.854676 0.793418
vt 0.431714 0.989845
vt 0.447170 0.988870
vt 0.850874 0.809460
vt 0.846131 0.832530
vt 0.863799 0.855407
vt 0.839154 0.848336
vt 0.468749 0.970196
vt 0.464284 0.989845
vt 0.842317 0.754873
vt 0.830150 0.746234
vt 0.843912 0.730455
vt 0.854344 0.741621
vt 0.828815 0.772815
vt 0.816298 0.765657
vt 0.146830 0.153407
vt 0.159444 0.162477
vt 0.159127 0.136877
vt 0.151081 0.744808
vt 0.597274 0.976421
vt 0.733685 0.250794
vt 0.617895 0.937505
vt 0.749052 0.232818
vt 0.729687 0.108264
vt 0.721184 0.088411
vt 0.779999 0.068616
vt 0.776725 0.087347
vt 0.783973 0.053787
vt 0.787593 0.028695
vt 0.238381 0.464061
vt 0.222074 0.468749
vt 0.195114 0.684189
vt 0.168652 0.684189
vt 0.797382 0.869187
vt 0.041336 0.110218
vt 0.030358 0.078164
vt 0.023640 0.110782
vt 0.016758 0.077694
vt 0.312708 0.979970
vt 0.290966 0.980328
vt 0.751902 0.508807
vt 0.741372 0.507624
vt 0.750365 0.532837
vt 0.739712 0.531357
vt 0.728705 0.527471
vt 0.729614 0.505714
vt 0.738698 0.550704
vt 0.454331 0.311211
vt 0.468749 0.311211
vt 0.467230 0.325983
vt 0.457549 0.325082
vt 0.727936 0.470981
vt 0.361937 0.035506
vt 0.368813 0.037170
vt 0.367466 0.049651
vt 0.361937 0.049968
vt 0.772482 0.007498
vt 0.787523 0.008425
vt 0.395801 0.427218
vt 0.397366 0.463999
vt 0.379795 0.473508
vt 0.379795 0.437031
vt 0.940472 0.195209
vt 0.958980 0.185019
vt 0.958121 0.203832
vt 0.939832 0.211638
vt 0.951041 0.892265
vt 0.945629 0.871623
vt 0.982510 0.876113
vt 0.985468 0.906870
vt 0.984252 0.925601
vt 0.956331 0.913421
vt 0.129032 0.206004
vt 0.101806 0.179658
vt 0.114610 0.174998
vt 0.936868 0.736532
vt 0.934183 0.713229
vt 0.954112 0.711501
vt 0.954756 0.742660
vt 0.956179 0.761420
vt 0.940112 0.753347
vt 0.971509 0.715727
vt 0.975569 0.746773
vt 0.999363 0.880259
vt 0.976931 0.859382
vt 0.998193 0.861531
vt 0.936558 0.859382
vt 0.970810 0.483245
vt 0.966203 0.485405
vt 0.161802 0.295148
vt 0.161802 0.309147
vt 0.156634 0.309327
vt 0.157174 0.295377
vt 0.426807 0.646453
vt 0.428299 0.676804
vt 0.408106 0.629080
vt 0.428299 0.632890
vt 0.629958 0.329326
vt 0.219510 0.854218
vt 0.213741 0.845307
vt 0.225509 0.836889
vt 0.027405 0.549261
vt 0.026540 0.563617
vt 0.016761 0.560440
vt 0.018035 0.543456
vt 0.224052 0.825961
vt 0.244933 0.813187
vt 0.005817 0.559178
vt 0.009528 0.535909
vt 0.153807 0.297710
vt 0.158015 0.277047
vt 0.299723 0.837400
vt 0.308835 0.840559
vt 0.311706 0.868494
vt 0.299723 0.865731
vt 0.924987 0.562905
vt 0.934596 0.568399
vt 0.189151 0.299052
vt 0.210555 0.301666
vt 0.494364 0.591190
vt 0.496112 0.602538
vt 0.471518 0.596332
vt 0.427681 0.601110
vt 0.433812 0.583728
vt 0.461915 0.576240
vt 0.253271 0.318249
vt 0.301405 0.326993
vt 0.297557 0.336379
vt 0.250746 0.333642
vt 0.706368 0.439195
vt 0.723349 0.445689
vt 0.723349 0.494923
vt 0.706046 0.487639
vt 0.331877 0.365164
vt 0.317479 0.377675
vt 0.289251 0.348840
vt 0.252160 0.345563
vt 0.389709 0.574896
vt 0.388092 0.585563
vt 0.338603 0.578877
vt 0.341489 0.564638
vt 0.295225 0.569917
vt 0.298067 0.552191
vt 0.961292 0.050339
vt 0.945249 0.079885
vt 0.347398 0.402889
vt 0.333874 0.410453
vt 0.437111 0.649109
vt 0.438063 0.678328
vt 0.926005 0.090419
vt 0.461585 0.693079
vt 0.443424 0.699934
vt 0.465315 0.704447
vt 0.501618 0.678589
vt 0.541103 0.681788
vt 0.467121 0.712232
vt 0.854006 0.520760
vt 0.855941 0.509886
vt 0.814103 0.512112
vt 0.814890 0.497648
vt 0.858367 0.495510
vt 0.875824 0.501358
vt 0.790208 0.661763
vt 0.772651 0.706848
vt 0.774922 0.664569
vt 0.818525 0.479111
vt 0.829582 0.445553
vt 0.864296 0.456464
vt 0.865331 0.420292
vt 0.885150 0.426452
vt 0.880800 0.462883
vt 0.835652 0.419051
vt 0.755214 0.638382
vt 0.741962 0.594429
vt 0.249652 0.513958
vt 0.231792 0.508761
vt 0.741723 0.548897
vt 0.311704 0.553804
vt 0.313147 0.534576
vt 0.348621 0.540798
vt 0.350141 0.562602
vt 0.392098 0.551115
vt 0.396570 0.573361
vt 0.436525 0.558369
vt 0.426904 0.583200
vt 0.753109 0.987936
vt 0.293006 0.494420
vt 0.308621 0.456361
vt 0.436431 0.701313
vt 0.950170 0.000683
vt 0.930130 0.000999
vt 0.299688 0.388817
vt 0.282244 0.365307
vt 0.917908 0.005451
vt 0.290515 0.397891
vt 0.264705 0.368196
vt 0.914940 0.032794
vt 0.911555 0.009349
vt 0.286442 0.404280
vt 0.254998 0.376771
vt 0.781716 0.415354
vt 0.781194 0.405704
vt 0.235979 0.353508
vt 0.466624 0.966051
vt 0.602958 0.179653
vt 0.931557 0.956989
vt 0.934703 0.940384
vt 0.954154 0.945729
vt 0.948770 0.961292
vt 0.600248 0.561547
vt 0.593457 0.560252
vt 0.912818 0.957115
vt 0.912818 0.929624
vt 0.583185 0.725809
vt 0.554099 0.718992
vt 0.613767 0.290166
vt 0.623952 0.323152
vt 0.635897 0.669702
vt 0.612710 0.642480
vt 0.081587 0.262567
vt 0.059641 0.293776
vt 0.593709 0.637655
vt 0.593905 0.630970
vt 0.045478 0.305503
vt 0.030721 0.292235
vt 0.459868 0.792352
vt 0.450636 0.792321
vt 0.447777 0.769678
vt 0.458391 0.765716
vt 0.440629 0.739617
vt 0.453085 0.734599
vt 0.185323 0.261570
vt 0.195114 0.255797
vt 0.195114 0.283153
vt 0.183845 0.280708
vt 0.453410 0.716257
vt 0.629592 0.390202
vt 0.628500 0.402125
vt 0.608165 0.392609
vt 0.630551 0.362078
vt 0.291754 0.621289
vt 0.274213 0.627707
vt 0.581006 0.369734
vt 0.266765 0.650354
vt 0.260696 0.650776
vt 0.536385 0.638871
vt 0.568288 0.635193
vt 0.571052 0.644978
vt 0.572691 0.662603
vt 0.567303 0.710657
vt 0.023217 0.278760
vt 0.012284 0.262611
vt 0.001768 0.249141
vt 0.015063 0.242324
vt 0.515870 0.791740
vt 0.088656 0.186609
vt 0.091819 0.224392
vt 0.077774 0.198845
vt 0.016072 0.274179
vt 0.002765 0.275218
vt 0.718381 0.563926
vt 0.967010 0.922269
vt 0.956091 0.924165
vt 0.916136 0.085978
vt 0.911555 0.069210
vt 0.352325 0.322196
vt 0.364054 0.325195
vt 0.335150 0.322813
vt 0.666635 0.535117
vt 0.668622 0.559835
vt 0.652695 0.561547
vt 0.652695 0.533253
vt 0.654418 0.519536
vt 0.666546 0.519852
vt 0.995946 0.764293
vt 0.992167 0.792352
vt 0.978355 0.787974
vt 0.979850 0.763585
vt 0.979666 0.750948
vt 0.996984 0.750631
vt 0.959686 0.780473
vt 0.959628 0.764410
vt 0.956999 0.750631
vt 0.045444 0.511078
vt 0.032115 0.513386
vt 0.047600 0.489466
vt 0.206830 0.388482
vt 0.186240 0.401623
vt 0.182557 0.392856
vt 0.196985 0.380091
vt 0.524238 0.060297
vt 0.537223 0.037294
vt 0.549151 0.051021
vt 0.524238 0.077601
vt 0.015692 0.513958
vt 0.696934 0.234610
vt 0.700112 0.255447
vt 0.676214 0.263029
vt 0.680844 0.237313
vt 0.701934 0.270935
vt 0.681950 0.277204
vt 0.916159 0.588762
vt 0.040175 0.686149
vt 0.645498 0.199132
vt 0.023665 0.718265
vt 0.043846 0.741921
vt 0.024085 0.734927
vt 0.818691 0.287995
vt 0.799866 0.305161
vt 0.818075 0.273293
vt 0.830423 0.277677
vt 0.066751 0.745530
vt 0.778507 0.317229
vt 0.766712 0.307014
vt 0.928777 0.220725
vt 0.942257 0.212846
vt 0.942257 0.238302
vt 0.931790 0.247461
vt 0.746097 0.314997
vt 0.755145 0.325131
vt 0.093740 0.741928
vt 0.118764 0.745902
vt 0.121484 0.684171
vt 0.640458 0.273585
vt 0.982846 0.316465
vt 0.969438 0.310050
vt 0.798998 0.259197
vt 0.771893 0.253727
vt 0.771990 0.244185
vt 0.800602 0.249350
vt 0.788698 0.471296
vt 0.792352 0.494101
vt 0.052591 0.960484
vt 0.083280 0.957658
vt 0.578460 0.027767
vt 0.555282 0.040953
vt 0.166930 0.966051
vt 0.157115 0.951250
vt 0.181211 0.956418
vt 0.157115 0.916398
vt 0.150486 0.742312
vt 0.139673 0.685888
vt 0.472111 0.834981
vt 0.435682 0.821104
vt 0.490881 0.285532
vt 0.490716 0.264115
vt 0.511579 0.269101
vt 0.509945 0.285532
vt 0.449713 0.247461
vt 0.433175 0.243213
vt 0.430706 0.223799
vt 0.449713 0.226484
vt 0.411121 0.886605
vt 0.407486 0.855815
vt 0.388029 0.887530
vt 0.388029 0.855526
vt 0.407254 0.824486
vt 0.389551 0.820844
vt 0.778968 0.116369
vt 0.941282 0.661701
vt 0.939662 0.644738
vt 0.921601 0.461684
vt 0.903215 0.421838
vt 0.956131 0.602775
vt 0.970177 0.600126
vt 0.887578 0.423275
vt 0.887578 0.390435
vt 0.623865 0.935732
vt 0.631384 0.920836
vt 0.651127 0.926074
vt 0.651966 0.947016
vt 0.651966 0.896191
vt 0.574837 0.894825
vt 0.564022 0.890380
vt 0.226046 0.624349
vt 0.214722 0.623026
vt 0.110629 0.868973
vt 0.082867 0.865368
vt 0.133894 0.861925
vt 0.135628 0.875632
vt 0.167279 0.887114
vt 0.126859 0.117996
vt 0.552002 0.209980
vt 0.569205 0.222708
vt 0.518790 0.081342
vt 0.104695 0.402037
vt 0.103391 0.414396
vt 0.096529 0.418781
vt 0.096529 0.397860
vt 0.854218 0.551186
vt 0.854218 0.580582
vt 0.199873 0.943836
vt 0.617073 0.870086
vt 0.603724 0.870388
vt 0.170127 0.587204
vt 0.645839 0.845026
vt 0.237879 0.681392
vt 0.263249 0.668279
vt 0.273123 0.655279
vt 0.235903 0.657628
vt 0.251053 0.649673
vt 0.956097 0.477419
vt 0.956533 0.485405
vt 0.942474 0.484943
vt 0.940276 0.480200
vt 0.920278 0.485405
vt 0.920779 0.484039
vt 0.920844 0.483791
vt 0.214288 0.707332
vt 0.204168 0.707328
vt 0.182086 0.679280
vt 0.156827 0.680519
vt 0.157963 0.666248
vt 0.181071 0.662489
vt 0.192413 0.679218
vt 0.155453 0.652186
vt 0.175382 0.644198
vt 0.115378 0.673382
vt 0.119296 0.660548
vt 0.240798 0.720832
vt 0.286559 0.626299
vt 0.871845 0.953553
vt 0.873223 0.975393
vt 0.522173 0.574260
vt 0.515240 0.562042
vt 0.494311 0.550608
vt 0.107892 0.611847
vt 0.112245 0.603355
vt 0.064468 0.623692
vt 0.095023 0.607733
vt 0.096422 0.598958
vt 0.571405 0.249306
vt 0.547898 0.269457
vt 0.436527 0.388096
vt 0.433402 0.370512
vt 0.442575 0.369777
vt 0.442575 0.390228
vt 0.513395 0.965524
vt 0.515355 0.952695
vt 0.011240 0.869105
vt 0.008008 0.857238
vt 0.031196 0.834807
vt 0.824833 0.304534
vt 0.311952 0.889679
vt 0.305470 0.873928
vt 0.324476 0.912474
vt 0.293063 0.892269
vt 0.289519 0.875353
vt 0.303027 0.917368
vt 0.294681 0.918462
vt 0.283183 0.891897
vt 0.378232 0.944587
vt 0.357633 0.936512
vt 0.360008 0.926152
vt 0.378330 0.936649
vt 0.167076 0.314148
vt 0.175885 0.316485
vt 0.169527 0.329552
vt 0.159250 0.329250
vt 0.341608 0.929073
vt 0.344118 0.919053
vt 0.171414 0.300016
vt 0.180197 0.301865
vt 0.403377 0.342925
vt 0.410650 0.350030
vt 0.400910 0.359034
vt 0.391425 0.353816
vt 0.416343 0.328328
vt 0.423809 0.337888
vt 0.436966 0.355430
vt 0.427810 0.365529
vt 0.429097 0.321020
vt 0.434373 0.331766
vt 0.452066 0.320823
vt 0.454069 0.327875
vt 0.206657 0.248238
vt 0.200525 0.242650
vt 0.229008 0.228193
vt 0.234718 0.235079
vt 0.484994 0.329564
vt 0.244140 0.218242
vt 0.251859 0.224797
vt 0.505422 0.326107
vt 0.255958 0.207801
vt 0.263741 0.213683
vt 0.521337 0.325317
vt 0.262823 0.194771
vt 0.272445 0.200155
vt 0.534871 0.331746
vt 0.985087 0.551333
vt 0.974331 0.554211
vt 0.118673 0.237944
vt 0.119388 0.212394
vt 0.128490 0.208931
vt 0.128490 0.235955
vt 0.973611 0.569223
vt 0.950138 0.575824
vt 0.418394 0.371650
vt 0.403248 0.384884
vt 0.388307 0.374062
vt 0.378123 0.367558
vt 0.394485 0.405925
vt 0.376608 0.398184
vt 0.364157 0.390960
vt 0.357150 0.413216
vt 0.347994 0.408935
vt 0.356522 0.388499
vt 0.369442 0.365167
vt 0.337273 0.435009
vt 0.279007 0.869802
vt 0.287566 0.843648
vt 0.295062 0.856671
vt 0.197738 0.947673
vt 0.212158 0.951379
vt 0.226046 0.992225
vt 0.196053 0.992225
vt 0.329203 0.422213
vt 0.428312 0.412222
vt 0.432303 0.400301
vt 0.438066 0.393866
vt 0.457959 0.402933
vt 0.319600 0.924784
vt 0.320520 0.914939
vt 0.268334 0.585316
vt 0.285946 0.564703
vt 0.293860 0.564023
vt 0.271395 0.590100
vt 0.671967 0.996742
vt 0.261555 0.575728
vt 0.290794 0.505753
vt 0.249213 0.557059
vt 0.849459 0.523978
vt 0.032726 0.985087
vt 0.048762 0.969992
vt 0.049968 0.985087
vt 0.455415 0.474400
vt 0.003309 0.982232
vt 0.260308 0.491013
vt 0.250914 0.476555
vt 0.260491 0.474324
vt 0.274236 0.492379
vt 0.242520 0.449966
vt 0.257727 0.454189
vt 0.466937 0.472459
vt 0.476999 0.454313
vt 0.489729 0.477589
vt 0.264644 0.424033
vt 0.273977 0.435262
vt 0.518908 0.497708
vt 0.289591 0.404026
vt 0.293860 0.411433
vt 0.543801 0.511542
vt 0.565849 0.523811
vt 0.582962 0.528667
vt 0.582962 0.546816
vt 0.051125 0.577459
vt 0.872508 0.001084
vt 0.889909 0.001038
vt 0.501141 0.392622
vt 0.519271 0.386725
vt 0.524393 0.394326
vt 0.526702 0.401405
vt 0.544314 0.382769
vt 0.548725 0.390835
vt 0.548803 0.400679
vt 0.566953 0.388562
vt 0.560333 0.405583
vt 0.551210 0.421248
vt 0.542403 0.413083
vt 0.635263 0.336425
vt 0.654345 0.337770
vt 0.548343 0.443368
vt 0.538346 0.438491
vt 0.552211 0.457444
vt 0.028806 0.228426
vt 0.021068 0.220023
vt 0.023132 0.208934
vt 0.030933 0.211111
vt 0.568627 0.463730
vt 0.900913 0.083098
vt 0.892908 0.079572
vt 0.515268 0.372556
vt 0.535200 0.369322
vt 0.775215 0.887503
vt 0.792182 0.889666
vt 0.792352 0.918462
vt 0.775215 0.913453
vt 0.690877 0.782791
vt 0.699554 0.804859
vt 0.677581 0.820906
vt 0.677581 0.785511
vt 0.444955 0.110875
vt 0.440921 0.122255
vt 0.422086 0.130869
vt 0.422086 0.107685
vt 0.470988 0.480161
vt 0.250753 0.951050
vt 0.271256 0.952122
vt 0.579679 0.471818
vt 0.075782 0.880913
vt 0.080901 0.892968
vt 0.078942 0.920112
vt 0.059513 0.923592
vt 0.039477 0.921218
vt 0.025734 0.915390
vt 0.016814 0.909945
vt 0.024802 0.894455
vt 0.866115 0.035692
vt 0.857690 0.034116
vt 0.857386 0.019007
vt 0.865183 0.018182
vt 0.193538 0.796660
vt 0.206051 0.800696
vt 0.205501 0.808575
vt 0.855544 0.001510
vt 0.866115 0.003304
vt 0.841517 0.051906
vt 0.841841 0.044023
vt 0.858689 0.046255
vt 0.854316 0.056171
vt 0.220098 0.811949
vt 0.213415 0.826379
vt 0.198187 0.823054
vt 0.846016 0.072150
vt 0.861367 0.077341
vt 0.849639 0.106188
vt 0.837871 0.102101
vt 0.874650 0.082735
vt 0.850678 0.131178
vt 0.215766 0.860727
vt 0.213444 0.887467
vt 0.856819 0.142534
vt 0.014277 0.084937
vt 0.002667 0.088039
vt 0.002667 0.059029
vt 0.010443 0.063272
vt 0.406785 0.691626
vt 0.259359 0.270770
vt 0.224609 0.094546
vt 0.872062 0.139397
vt 0.861659 0.149904
vt 0.929170 0.883707
vt 0.613505 0.017640
vt 0.653555 0.012987
vt 0.721927 0.110654
vt 0.700286 0.122850
vt 0.703149 0.100970
vt 0.705562 0.089952
vt 0.725137 0.102067
vt 0.096495 0.429177
vt 0.092568 0.436285
vt 0.073348 0.416583
vt 0.080765 0.409269
vt 0.185596 0.024525
vt 0.183896 0.035676
vt 0.176294 0.034079
vt 0.176882 0.024155
vt 0.104974 0.431748
vt 0.107259 0.438871
vt 0.130023 0.847403
vt 0.138702 0.831892
vt 0.614339 0.056279
vt 0.629366 0.050485
vt 0.178538 0.057087
vt 0.169976 0.057203
vt 0.700139 0.148102
vt 0.685285 0.007498
vt 0.702623 0.020241
vt 0.915209 0.837358
vt 0.888929 0.826839
vt 0.748247 0.016429
vt 0.129269 0.012697
vt 0.176557 0.017624
vt 0.001219 0.767988
vt 0.821860 0.234435
vt 0.197240 0.026900
vt 0.199648 0.020016
vt 0.815559 0.227343
vt 0.204553 0.014114
vt 0.216542 0.027118
vt 0.209488 0.030621
vt 0.219568 0.040430
vt 0.210500 0.039940
vt 0.215100 0.008975
vt 0.224251 0.023324
vt 0.227092 0.037798
vt 0.240821 0.001067
vt 0.243113 0.014098
vt 0.243644 0.028180
vt 0.211184 0.061600
vt 0.201291 0.054386
vt 0.994604 0.014833
vt 0.972740 0.008004
vt 0.285485 0.301914
vt 0.287912 0.291579
vt 0.952244 0.003631
vt 0.417872 0.194764
vt 0.868494 0.945606
vt 0.868494 0.977688
vt 0.854470 0.977948
vt 0.854093 0.957746
vt 0.531950 0.836054
vt 0.575225 0.836054
vt 0.566598 0.850093
vt 0.576341 0.862019
vt 0.578917 0.873182
vt 0.058343 0.416326
vt 0.068882 0.415512
vt 0.361234 0.113513
vt 0.340058 0.105557
vt 0.344793 0.097979
vt 0.640762 0.077645
vt 0.642448 0.048290
vt 0.101844 0.471539
vt 0.118972 0.470781
vt 0.116844 0.488554
vt 0.101844 0.490164
vt 0.135813 0.523287
vt 0.939031 0.291410
vt 0.940038 0.317388
vt 0.001566 0.679440
vt 0.016495 0.657448
vt 0.198808 0.571444
vt 0.226983 0.588737
vt 0.035485 0.627428
vt 0.349375 0.079511
vt 0.377980 0.058863
vt 0.333735 0.081769
vt 0.400000 0.970810
vt 0.391493 0.943256
vt 0.292715 0.050731
vt 0.262253 0.121410
vt 0.276365 0.884828
vt 0.270460 0.846091
vt 0.231240 0.872849
vt 0.935118 0.380710
vt 0.919460 0.377750
vt 0.251196 0.853813
vt 0.806194 0.668776
vt 0.533944 0.279584
vt 0.637037 0.661734
vt 0.046396 0.349654
vt 0.030116 0.349777
vt 0.030116 0.323467
vt 0.049968 0.338029
vt 0.093021 0.033158
vt 0.383738 0.289023
vt 0.378798 0.251553
vt 0.805074 0.242849
vt 0.786064 0.225159
vt 0.201371 0.673869
vt 0.840077 0.677499
vt 0.861356 0.656534
vt 0.956686 0.159422
vt 0.956859 0.133364
vt 0.674746 0.947016
vt 0.666378 0.931383
vt 0.653163 0.944752
vt 0.659762 0.927929
vt 0.806459 0.970088
vt 0.791383 0.953247
vt 0.788771 0.921884
vt 0.933691 0.434445
vt 0.922937 0.464787
vt 0.026610 0.807886
vt 0.810187 0.504615
vt 0.826540 0.293658
vt 0.825667 0.297708
vt 0.002029 0.019150
vt 0.002183 0.019596
vt 0.001798 0.019765
vt 0.001798 0.019144
vt 0.002164 0.008917
vt 0.002379 0.008900
vt 0.002379 0.009518
vt 0.002281 0.009338
vt 0.078820 0.005573
vt 0.078388 0.005722
vt 0.078566 0.005185
vt 0.079272 0.005422
vt 0.078920 0.004768
vt 0.079750 0.005130
vt 0.077908 0.005897
vt 0.077955 0.005199
vt 0.078096 0.004566
vt 0.078445 0.004140
vt 0.079377 0.004445
vt 0.077448 0.005318
vt 0.077472 0.004581
vt 0.077611 0.003944
vt 0.077948 0.003511
vt 0.078891 0.003811
vt 0.076961 0.004692
vt 0.076985 0.003952
vt 0.077112 0.003310
vt 0.077329 0.002829
vt 0.078258 0.003139
vt 0.076477 0.003993
vt 0.076477 0.003256
vt 0.076477 0.002543
vt 0.076477 0.004756
vt 0.076961 0.005454
vt 0.076477 0.005522
vt 0.076978 0.006208
vt 0.076477 0.006292
vt 0.076882 0.006822
vt 0.076477 0.007138
vt 0.077446 0.006055
vt 0.077328 0.006474
vt 0.077769 0.006130
vt 0.004759 0.002379
vt 0.004644 0.002137
vt 0.004759 0.001665
vt 0.004754 0.001806
vt 0.079223 0.003463
vt 0.080167 0.003779
vt 0.079846 0.004141
vt 0.080901 0.004024
vt 0.080694 0.004550
vt 0.080225 0.004838
vt 0.002315 0.020652
vt 0.002379 0.021172
vt 0.001798 0.021415
vt 0.001798 0.020870
vt 0.001798 0.020322
vt 0.002249 0.020125
vt 0.002379 0.004219
vt 0.002015 0.004759
vt 0.002015 0.004134
vt 0.002209 0.003702
vt 0.002083 0.003319
s 1
usemtl tripo_mat_395cb931-78cc-45f9-8f61-316424b09863
f 1/1 366/2 367/3 3/4
f 1/1 3/4 368/5 369/6
f 2/7 370/8 371/9 372/10
f 2/7 373/11 15/12 370/8
f 3/13 374/14 375/15 376/16
f 3/13 367/17 377/18 374/14
f 4/19 378/20 379/21 12/22
f 4/23 5/24 380/25 378/26
f 4/23 381/27 382/28 5/24
f 5/29 382/30 383/31 384/32
f 5/24 384/33 44/34 380/25
f 6/35 376/16 375/15 385/36
f 6/35 379/21 386/37 376/16
f 6/35 385/36 12/22 379/21
f 4/23 387/38 388/39 381/27
f 4/19 12/22 389/40 387/41
f 7/42 390/43 388/39 391/44
f 393/45 394/46 390/47 7/48
f 7/48 391/49 392/50 393/45
f 8/51 395/52 396/53 391/54
f 8/51 387/41 389/40 395/52
f 9/55 397/56 398/57 399/58
f 9/55 400/59 401/60 402/61
f 9/55 402/61 396/62 397/56
f 10/63 403/64 179/65 404/66
f 10/63 404/66 405/67 406/68
f 10/63 406/68 399/58 403/64
f 11/69 385/70 375/71 373/11
f 11/69 373/11 2/7 372/10
f 11/69 372/10 407/72 408/73
f 11/74 408/75 12/76 385/77
f 13/78 409/79 410/80 411/81
f 413/82 414/83 409/79 13/78
f 13/78 411/81 412/84 413/82
f 14/85 415/86 15/87 416/88
f 14/85 417/89 418/90 415/86
f 14/85 416/88 419/91 417/89
f 15/92 374/93 377/94 416/95
f 15/96 415/97 420/98 370/99
f 15/12 373/11 375/71 374/100
f 16/101 421/102 422/103 423/104
f 16/105 424/106 425/107 421/108
f 16/105 423/109 426/110 424/106
f 17/111 427/112 428/113 429/114
f 17/111 430/115 431/116 427/112
f 17/111 429/114 432/117 430/115
f 18/118 433/119 434/120 435/121
f 18/122 435/123 436/124 437/125
f 18/126 437/127 366/2 433/128
f 19/129 438/130 21/131 439/132
f 366/133 437/134 438/130 19/129
f 19/129 439/132 367/17 366/133
f 20/135 440/136 441/137 442/138
f 20/135 435/121 434/120 440/136
f 20/139 431/140 436/141 435/142
f 21/131 438/130 443/143 444/144
f 22/145 445/146 446/147 23/148
f 448/149 24/150 445/146 22/145
f 22/145 23/148 447/151 448/149
f 23/148 446/147 449/152 450/153
f 23/148 450/153 451/154 447/151
f 448/149 447/151 442/138 29/155
f 24/150 452/156 453/157 445/146
f 24/150 448/149 454/158 455/159
f 25/160 47/161 26/162 456/163
f 25/160 457/164 458/165 47/161
f 25/166 456/167 459/168 457/169
f 26/170 55/171 460/172 456/173
f 26/170 461/174 462/175 55/171
f 27/176 24/150 455/159 463/177
f 27/176 463/177 464/178 465/179
f 27/176 325/180 452/156 24/150
f 28/181 466/182 467/183 468/184
f 28/181 469/185 470/186 466/182
f 28/181 468/184 471/187 469/185
f 29/155 442/138 441/137 472/188
f 29/155 472/188 454/158 448/149
f 30/189 472/190 441/191 473/192
f 30/189 31/193 471/194 474/195
f 30/189 474/195 454/196 472/190
f 30/197 473/198 475/199 476/200
f 30/201 476/202 477/203 31/204
f 31/193 478/205 469/206 471/194
f 32/207 479/208 480/209 481/210
f 32/211 481/212 482/213 458/165
f 33/214 480/215 479/216 34/217
f 33/218 483/219 45/220 480/209
f 33/218 34/221 475/199 473/198
f 34/217 479/216 484/222 475/223
f 35/224 484/222 485/225 486/226
f 35/224 476/227 475/223 484/222
f 35/224 486/226 477/228 476/227
f 36/229 487/230 488/231 489/232
f 491/233 492/234 487/230 36/229
f 36/229 489/232 490/235 491/233
f 37/236 98/237 493/238 38/239
f 37/240 494/241 495/242 98/243
f 37/244 496/245 497/246 494/247
f 37/248 38/249 498/250 496/251
f 38/252 493/253 43/254 498/255
f 39/256 492/234 499/257 500/258
f 39/256 500/258 501/259 502/260
f 40/261 503/262 504/263 499/264
f 40/261 499/264 492/265 491/266
f 40/261 505/267 506/268 507/269
f 40/261 507/269 41/270 503/262
f 41/271 42/272 43/273 508/274
f 41/275 508/276 509/277 503/278
f 41/271 507/279 510/280 42/272
f 42/272 510/280 498/281 43/273
f 43/282 493/283 511/284 512/285
f 44/286 384/32 513/287 514/288
f 44/34 514/289 515/290 380/25
f 45/291 368/292 386/37 516/293
f 45/294 516/295 515/290 517/296
f 45/220 517/297 481/210 480/209
f 46/298 514/288 513/287 518/299
f 46/300 482/213 481/212 517/296
f 46/300 519/301 520/302 482/213
f 46/300 518/303 512/304 519/301
f 46/300 517/296 515/290 514/289
f 47/161 458/165 482/213 520/302
f 47/161 521/305 522/306 26/162
f 47/307 520/308 48/309 521/310
f 48/309 523/311 524/312 521/310
f 48/313 520/302 519/301 523/314
f 49/315 525/316 526/317 527/318
f 26/162 522/306 525/316 49/315
f 49/315 527/318 461/319 26/162
f 50/320 528/321 461/322 527/323
f 50/324 527/325 529/326 530/327
f 50/324 530/327 531/328 528/329
f 51/330 532/331 533/332 534/333
f 51/330 534/333 535/334 78/335
f 51/330 536/336 537/337 532/331
f 52/338 538/339 539/340 540/341
f 52/342 92/343 541/344 538/345
f 52/346 91/347 542/348 92/349
f 52/350 540/351 543/352 544/353
f 52/346 544/354 545/355 91/347
f 53/356 546/357 547/358 548/359
f 53/360 549/361 550/362 546/363
f 53/364 548/365 551/366 552/367
f 53/368 552/369 553/370 549/371
f 54/372 554/373 460/374 55/375
f 54/372 55/375 555/376 556/377
f 54/372 556/377 557/378 554/373
f 55/171 462/175 558/379 555/380
f 56/381 559/382 560/383 561/384
f 56/381 561/384 562/385 563/386
f 56/387 563/388 564/389 559/390
f 57/391 64/392 565/393 566/394
f 57/395 566/396 470/397 567/398
f 57/399 556/400 555/401 568/402
f 57/399 568/402 569/403 64/404
f 58/405 59/406 570/407 63/408
f 58/409 571/410 572/411 59/412
f 59/413 572/414 573/415 562/416
f 60/417 465/418 574/419 575/420
f 60/421 575/422 576/423 577/424
f 60/425 578/426 27/176 465/179
f 61/427 62/428 579/429 580/430
f 62/431 581/432 582/433 579/434
f 62/428 61/427 583/435 581/436
f 61/427 584/437 585/438 583/435
f 65/439 76/440 586/441 587/442
f 65/439 587/442 588/443 589/444
f 65/439 589/444 590/445 76/440
f 66/446 76/447 77/448 591/449
f 66/446 592/450 586/451 76/447
f 67/452 593/453 594/454 595/455
f 597/456 598/457 593/453 67/452
f 67/452 595/455 596/458 597/456
f 68/459 599/460 551/366 588/443
f 68/459 600/461 601/462 599/460
f 68/459 588/443 587/442 600/461
f 69/463 602/464 553/370 552/369
f 69/465 552/367 551/366 599/460
f 69/466 603/467 291/468 602/469
f 69/465 599/460 601/462 603/470
f 70/471 604/472 605/473 594/454
f 70/471 606/474 607/475 604/472
f 70/471 594/454 593/453 606/474
f 71/476 608/477 609/478 610/479
f 71/480 610/481 611/482 72/483
f 71/484 612/485 613/486 608/487
f 71/480 72/483 614/488 598/489
f 71/484 598/490 597/491 612/485
f 72/483 611/482 615/492 614/488
f 73/493 612/485 597/491 616/494
f 73/493 616/494 617/495 618/496
f 66/446 619/497 596/458 592/450
f 66/446 591/449 620/498 619/497
f 74/499 621/500 618/501 617/502
f 74/499 617/502 620/503 622/504
f 74/505 623/506 624/507 621/508
f 75/509 625/510 591/449 77/448
f 75/509 626/511 627/512 625/510
f 75/513 77/514 76/440 590/445
f 75/513 590/445 547/515 626/516
f 78/335 628/517 623/506 51/330
f 78/335 535/334 629/518 628/517
f 79/519 80/520 630/521 631/522
f 79/523 632/524 633/525 634/526
f 79/519 634/527 635/528 80/520
f 79/529 636/530 637/531 632/532
f 79/533 631/534 638/535 636/536
f 80/520 635/528 639/537 81/538
f 81/539 640/540 641/541 80/542
f 81/543 639/544 642/545 640/546
f 82/547 643/548 644/549 645/550
f 82/551 645/552 108/553 646/554
f 82/551 646/554 128/555 643/556
f 83/557 647/558 611/559 610/560
f 83/561 610/479 609/478 648/562
f 83/557 648/563 649/564 650/565
f 84/566 651/567 85/568 647/558
f 650/565 652/569 651/567 84/566
f 84/566 647/558 83/557 650/565
f 85/568 271/570 653/571 647/558
f 85/568 651/567 654/572 271/570
f 86/573 655/574 656/575 657/576
f 86/573 658/577 659/578 655/574
f 86/573 657/576 660/579 658/577
f 87/580 661/581 662/582 663/583
f 87/584 663/585 664/586 665/587
f 87/588 665/589 666/590 667/591
f 87/588 96/592 668/593 661/594
f 87/588 667/591 88/595 96/592
f 88/596 667/597 669/598 670/599
f 88/596 670/599 671/600 96/601
f 89/602 672/603 673/604 674/605
f 89/606 665/587 664/586 672/607
f 89/608 674/609 666/590 665/589
f 90/610 539/340 675/611 676/612
f 90/610 533/332 540/341 539/340
f 90/610 676/612 534/333 533/332
f 91/613 545/614 677/615 542/616
f 92/617 98/618 495/619 678/620
f 92/621 542/616 679/622 98/623
f 92/624 678/625 680/626 541/627
f 93/628 681/629 541/627 680/626
f 93/628 682/630 683/631 681/629
f 93/628 680/626 684/632 94/633
f 93/634 94/635 685/636 682/637
f 94/633 684/632 686/638 685/639
f 95/640 494/641 497/642 687/643
f 95/644 100/645 688/646 689/647
f 95/644 687/648 690/649 100/645
f 95/644 691/650 495/619 494/247
f 95/644 689/647 686/651 691/650
f 96/592 671/652 692/653 668/593
f 97/654 688/646 100/645 693/655
f 97/656 693/657 694/658 692/659
f 97/660 692/653 671/652 688/661
f 695/662 678/620 495/619 691/650
f 98/623 679/622 511/663 493/664
f 99/665 696/666 697/667 698/668
f 699/669 103/670 696/671 99/672
f 99/665 698/668 506/673 699/674
f 100/645 700/675 101/676 693/655
f 101/677 700/678 701/679 702/680
f 102/681 697/667 696/666 703/682
f 102/683 687/643 497/642 697/684
f 102/681 703/682 690/649 687/648
f 103/670 704/685 705/686 706/687
f 103/670 699/669 707/688 704/685
f 103/670 706/687 708/689 709/690
f 104/691 710/692 711/693 712/694
f 104/695 712/696 713/697 714/698
f 104/699 714/700 715/701 710/702
f 105/703 716/704 717/705 718/706
f 105/703 718/706 719/707 106/708
f 105/709 106/710 720/711 721/712
f 107/713 722/714 723/715 724/716
f 107/713 724/716 721/717 720/718
f 108/553 725/719 726/720 109/721
f 108/553 109/721 727/722 646/554
f 109/723 728/724 729/725 727/726
f 110/727 113/728 730/729 112/730
f 110/731 731/732 732/733 115/734
f 110/731 115/734 733/735 113/736
f 111/737 734/738 735/739 736/740
f 111/741 737/742 738/743 734/744
f 111/741 736/745 114/746 737/742
f 112/747 730/748 734/744 738/743
f 113/736 733/735 132/749 730/750
f 114/751 739/752 740/753 737/754
f 114/755 736/740 741/756 739/757
f 115/758 742/759 743/760 733/761
f 115/758 116/762 744/763 742/759
f 116/762 115/758 732/764 745/765
f 116/762 745/765 746/766 744/763
f 117/767 747/768 748/769 749/770
f 117/767 749/770 750/771 122/772
f 117/767 122/772 751/773 248/774
f 752/775 753/776 118/777 754/778
f 118/777 753/776 755/779 119/780
f 119/780 756/781 757/782 118/777
f 119/783 140/784 758/785 756/786
f 120/787 759/788 756/789 758/790
f 120/791 760/792 761/793 759/794
f 120/787 758/790 762/795 249/796
f 120/797 249/798 763/799 760/800
f 121/801 764/802 765/803 766/804
f 121/805 767/806 768/807 764/808
f 121/805 751/773 122/772 750/771
f 121/805 766/809 769/810 751/773
f 123/811 770/812 771/813 772/814
f 123/815 772/816 127/817 773/818
f 123/815 774/819 124/820 770/821
f 123/815 775/822 776/823 774/819
f 123/815 773/818 777/824 775/822
f 124/820 774/819 657/576 656/575
f 124/825 656/826 778/827 770/828
f 125/829 779/830 780/831 781/832
f 125/829 782/833 783/834 779/830
f 125/829 784/835 785/836 782/833
f 786/837 787/838 788/839 789/840
f 126/841 727/842 729/843 790/844
f 126/845 128/555 646/554 727/722
f 126/846 790/847 781/848 128/849
f 127/817 780/850 779/851 773/818
f 127/817 772/816 791/852 780/850
f 128/555 791/852 792/853 643/556
f 128/555 781/854 780/850 791/852
f 129/855 793/856 794/857 795/858
f 129/855 795/858 112/859 796/860
f 129/861 796/862 797/863 798/864
f 130/865 799/866 789/867 788/868
f 731/732 793/856 799/866 130/865
f 130/865 788/868 800/869 731/732
f 131/870 738/871 737/754 740/753
f 131/870 740/753 797/863 796/862
f 132/872 801/873 133/874 802/875
f 132/872 802/875 803/876 735/739
f 132/872 735/739 734/738 730/877
f 133/874 801/873 804/878 805/879
f 133/874 805/879 134/880 802/875
f 742/759 744/763 806/881 743/760
f 132/749 733/735 743/882 801/883
f 134/884 805/885 807/886 808/887
f 134/880 808/888 803/876 802/875
f 135/889 809/890 810/891 137/892
f 798/864 797/863 809/893 135/894
f 135/895 137/896 811/897 798/898
f 136/899 812/900 137/896 813/901
f 136/899 813/901 719/707 718/706
f 136/899 718/706 717/705 814/902
f 136/899 814/902 815/903 816/904
f 137/892 810/891 808/888 807/905
f 137/896 807/906 817/907 813/901
f 138/908 818/909 819/910 142/911
f 138/912 142/913 820/914 821/915
f 138/912 821/915 822/916 818/917
f 139/918 823/919 820/920 141/921
f 139/918 140/784 119/783 823/919
f 824/922 141/923 820/914 142/913
f 141/924 825/925 826/926 827/927
f 141/923 824/922 828/928 825/929
f 143/930 227/931 829/932 830/933
f 143/934 831/935 832/936 227/937
f 143/938 830/939 833/940 834/941
f 143/942 834/943 144/944 192/945
f 143/934 192/946 190/947 831/935
f 144/944 834/943 835/948 836/949
f 144/950 837/951 190/952 192/953
f 145/954 836/949 835/948 838/955
f 145/954 838/955 839/956 840/957
f 145/958 840/959 841/960 152/961
f 145/958 152/961 842/962 843/963
f 145/958 843/963 144/964 836/965
f 844/966 840/957 839/956 845/967
f 146/968 846/969 847/970 848/971
f 146/968 848/971 849/972 850/973
f 146/968 850/973 851/974 846/969
f 147/975 852/976 150/977 148/978
f 147/979 853/980 854/981 852/982
f 856/983 852/982 854/981 855/984
f 856/985 149/986 150/977 852/976
f 149/986 856/985 847/987 151/988
f 149/989 711/693 857/990 150/991
f 149/992 151/993 845/967 858/994
f 152/961 841/960 859/995 842/962
f 153/996 860/997 861/998 862/999
f 153/996 862/999 863/1000 160/1001
f 853/1002 865/1003 866/1004 867/1005
f 853/980 867/1006 861/998 860/997
f 853/980 860/997 864/1007 854/981
f 868/1008 156/1009 869/1010 870/1011
f 154/1012 871/1013 872/1014 873/1015
f 154/1012 870/1016 869/1017 871/1013
f 154/1012 159/1018 161/1019 870/1016
f 155/1020 874/1021 843/1022 842/1023
f 155/1024 842/962 859/995 875/1025
f 155/1026 156/1009 876/1027 877/1028
f 155/1026 875/1029 869/1010 156/1009
f 156/1009 878/1030 879/1031 876/1027
f 156/1009 868/1008 880/1032 878/1030
f 157/1033 881/1034 882/1035 158/1036
f 158/1036 883/1037 884/1038 157/1033
f 158/1039 885/1040 886/1041 883/1042
f 159/1018 884/1038 887/1043 161/1019
f 159/1018 881/1034 157/1033 884/1038
f 159/1018 154/1012 888/1044 881/1034
f 160/1045 889/1046 882/1035 153/1047
f 161/1048 880/1032 868/1008 870/1011
f 890/1049 162/1050 891/1051 166/1052
f 162/1050 890/1049 892/1053 893/1054
f 162/1050 894/1055 895/1056 896/1057
f 162/1050 893/1054 897/1058 894/1055
f 163/1059 898/1060 897/1058 893/1054
f 163/1059 893/1054 892/1053 899/1061
f 163/1059 899/1061 900/1062 901/1063
f 164/1064 902/1065 165/1066 903/1067
f 164/1068 904/1069 905/1070 902/1071
f 164/1064 903/1067 906/1072 904/1073
f 165/1074 902/1075 166/1076 907/1077
f 165/1066 907/1078 908/1079 903/1067
f 166/1080 909/1081 910/1082 907/1078
f 166/1083 891/1084 911/1085 909/1086
f 167/1087 9/55 399/58 406/68
f 167/1087 912/1088 400/59 9/55
f 167/1087 406/68 405/67 912/1088
f 168/1089 913/1090 914/1091 915/1092
f 168/1093 915/1094 916/1095 917/1096
f 169/1097 918/1098 919/1099 896/1057
f 169/1097 920/1100 921/1101 918/1098
f 169/1097 896/1057 895/1056 920/1100
f 170/1102 707/1103 699/1104 922/1105
f 170/1102 923/1106 924/1107 707/1103
f 170/1102 922/1105 925/1108 923/1106
f 171/1109 926/1110 927/1111 928/1112
f 171/1113 925/1108 929/1114 930/1115
f 171/1113 928/1116 923/1106 925/1108
f 931/1117 932/1118 926/1119 933/1120
f 172/1121 930/1115 490/1122 934/1123
f 172/1121 935/1124 936/1125 937/1126
f 172/1121 937/1126 171/1113 930/1115
f 153/1047 882/1035 881/1034 888/1044
f 173/1127 900/1128 899/1129 938/1130
f 173/1131 939/1132 940/1133 900/1134
f 173/1127 938/1130 941/1135 939/1136
f 174/1137 942/1138 943/1139 944/1140
f 174/1137 944/1140 945/1141 205/1142
f 946/1143 947/1144 948/1145 949/1146
f 175/1147 946/1143 949/1146 950/1148
f 175/1149 951/1150 947/1151 946/1152
f 176/1153 950/1154 952/1155 953/1156
f 176/1157 953/1158 954/1159 177/1160
f 177/1160 955/1161 178/1162 176/1157
f 178/1163 956/1164 957/1165 958/1166
f 178/1163 958/1166 959/1167 960/1168
f 178/1169 955/1170 961/1171 962/1172
f 179/65 963/1173 424/106 426/110
f 179/65 403/64 964/1174 963/1173
f 179/65 957/1165 956/1164 404/66
f 179/65 426/110 181/1175 957/1165
f 180/1176 405/67 404/66 956/1164
f 180/1177 962/1172 184/1178 965/1179
f 180/1176 956/1164 178/1163 962/1180
f 181/1175 426/110 423/109 183/1181
f 181/1175 183/1181 958/1166 957/1165
f 182/1182 183/1183 966/1184 967/1185
f 182/1186 967/1187 968/1188 959/1167
f 182/1186 959/1167 958/1166 183/1181
f 178/1163 960/1168 969/1189 176/1153
f 184/1178 970/1190 906/1072 965/1179
f 184/1178 962/1172 961/1171 970/1190
f 185/1191 971/1192 972/1193 973/1194
f 185/1191 973/1194 974/1195 969/1196
f 185/1191 969/1196 960/1197 971/1192
f 186/1198 187/1199 953/1200 952/1201
f 186/1202 975/1203 976/1204 977/1205
f 186/1202 952/1155 978/1206 975/1203
f 186/1198 977/1207 979/1208 980/1209
f 186/1198 980/1209 879/1210 187/1199
f 187/1199 879/1210 878/1211 981/1212
f 187/1213 981/1214 901/1215 982/1216
f 188/1217 983/1218 984/1219 985/1220
f 188/1217 985/1220 986/1221 201/1222
f 188/1223 200/1224 987/1225 983/1226
f 189/1227 988/1228 831/935 190/947
f 189/1227 989/1229 984/1230 988/1228
f 189/1227 190/947 990/1231 989/1229
f 190/1232 837/1233 874/1234 991/1235
f 190/1232 991/1235 992/1236 990/1237
f 191/1238 992/1236 991/1235 877/1239
f 191/1238 993/1240 994/1241 992/1236
f 191/1238 877/1239 876/1242 993/1240
f 979/1208 994/1241 993/1240 980/1209
f 193/1243 995/1244 996/1245 997/1246
f 193/1243 997/1246 998/1247 999/1248
f 193/1243 999/1248 1000/1249 995/1244
f 194/1250 832/1251 1001/1252 1002/1253
f 194/1250 1002/1253 1003/1254 1004/1255
f 194/1256 1004/1257 1005/1258 198/1259
f 194/1250 198/1260 195/1261 1006/1262
f 194/1250 1006/1262 227/1263 832/1251
f 1007/1264 1008/1265 1009/1266 1010/1267
f 195/1261 1011/1268 1012/1269 1006/1262
f 195/1261 198/1260 1013/1270 1014/1271
f 195/1261 1015/1272 1016/1273 1011/1268
f 195/1261 1014/1271 1017/1274 1015/1272
f 196/1275 1018/1276 1019/1277 1020/1278
f 196/1275 1021/1279 1005/1258 1018/1276
f 196/1275 1020/1278 1022/1280 1021/1279
f 197/1281 1023/1282 1004/1255 1003/1254
f 197/1281 1003/1254 1024/1283 1025/1284
f 197/1281 1025/1284 1026/1285 1023/1282
f 198/1286 1005/1287 1021/1288 1009/1289
f 198/1260 1009/1266 1008/1265 1013/1270
f 199/1290 1027/1291 1028/1292 1029/1293
f 1013/1270 1008/1265 1027/1291 199/1290
f 199/1290 1029/1293 1030/1294 1013/1270
f 200/1224 1031/1295 1024/1283 987/1225
f 200/1224 1032/1296 1033/1297 1031/1295
f 200/1224 188/1223 201/1298 1032/1296
f 201/1299 1034/1300 1035/1301 1032/1302
f 201/1222 1036/1303 203/1304 1034/1305
f 202/1306 1037/1307 1038/1308 1039/1309
f 202/1306 1040/1310 1041/1311 1037/1307
f 202/1306 1039/1309 1042/1312 1040/1310
f 203/1304 1036/1303 1043/1313 205/1314
f 203/1304 1044/1315 1045/1316 1034/1305
f 204/1317 1046/1318 1047/1319 1048/1320
f 1050/1321 206/1322 1046/1318 204/1317
f 204/1317 1048/1320 1049/1323 1050/1321
f 205/1314 1043/1313 942/1324 174/1325
f 205/1142 945/1141 1051/1326 203/1327
f 1052/1328 1053/1329 1054/1330 1055/1331
f 206/1332 1050/1333 1056/1334 1057/1335
f 206/1336 1058/1337 1059/1338 1045/1339
f 206/1340 1057/1341 1060/1342 1058/1343
f 207/1344 1061/1345 1062/1346 1063/1347
f 207/1344 1064/1348 1065/1349 1066/1350
f 207/1344 1066/1350 209/1351 1061/1345
f 1063/1347 208/1352 1067/1353 207/1344
f 208/1354 1068/1355 218/1356 224/1357
f 208/1358 1069/1359 1070/1360 1068/1361
f 208/1362 224/1363 1071/1364 1067/1365
f 208/1358 1063/1366 1062/1367 1069/1359
f 209/1351 1072/1368 1073/1369 1061/1345
f 209/1351 1066/1350 1074/1370 1072/1368
f 210/1371 1075/1372 1076/1373 1077/1374
f 210/1371 1077/1374 1064/1348 1078/1375
f 210/1376 1079/1377 1080/1378 1075/1379
f 211/1380 1081/1381 1082/1382 1083/1383
f 211/1380 1084/1384 1085/1385 1081/1381
f 211/1380 1083/1383 1086/1386 1084/1384
f 212/1387 215/1388 1087/1389 1088/1390
f 212/1391 1088/1392 1089/1393 1090/1394
f 212/1391 1090/1394 1080/1378 1091/1395
f 213/1396 1092/1397 216/1398 215/1388
f 1091/1399 214/1400 1092/1401 213/1402
f 213/1402 215/1403 212/1404 1091/1399
f 214/1405 1093/1406 1094/1407 1092/1408
f 214/1409 1091/1410 1095/1411 1093/1412
f 215/1388 1086/1413 1083/1414 1087/1389
f 215/1388 1056/1334 1050/1333 1086/1413
f 216/1415 1096/1416 1056/1417 215/1418
f 216/1398 1092/1397 1094/1419 1096/1420
f 217/1421 1097/1422 1098/1423 220/1424
f 1079/1377 1099/1425 1097/1426 217/1427
f 217/1427 220/1428 1095/1429 1079/1377
f 218/1430 1068/1431 1100/1432 1101/1433
f 218/1434 1101/1435 1071/1436 224/1437
f 219/1438 1057/1335 1056/1334 1096/1420
f 219/1438 1096/1420 1094/1419 1102/1439
f 219/1440 1103/1441 1060/1342 1057/1341
f 220/1424 1098/1423 1104/1442 1105/1443
f 220/1424 1105/1443 1093/1412 1095/1411
f 1106/1444 1107/1445 1028/1446 1108/1447
f 221/1448 1007/1264 1010/1267 1109/1449
f 221/1450 1109/1451 1110/1452 1111/1453
f 221/1454 1111/1455 1112/1456 1108/1447
f 222/1457 1014/1271 1013/1270 1030/1294
f 222/1457 1113/1458 1017/1274 1014/1271
f 222/1457 1030/1294 1114/1459 1113/1458
f 223/1460 1100/1432 1115/1461 1116/1462
f 223/1463 1116/1464 1117/1465 225/1466
f 223/1460 1118/1467 1101/1433 1100/1432
f 225/1466 1119/1468 1120/1469 223/1463
f 225/1470 1121/1471 1122/1472 1119/1473
f 225/1474 1123/1475 1124/1476 1121/1477
f 1125/1478 1126/1479 1015/1480 1017/1481
f 1127/1482 1128/1483 1124/1484 1129/1485
f 1130/1486 226/1487 1131/1488 258/1489
f 226/1490 1130/1491 232/1492 1132/1493
f 226/1490 1132/1493 1133/1494 1134/1495
f 226/1490 1134/1495 1135/1496 1136/1497
f 227/1498 1137/1499 1138/1500 829/1501
f 227/1263 1006/1262 1012/1269 1137/1502
f 228/1503 1139/1504 1140/1505 1141/1506
f 228/1507 1141/1508 1142/1509 1143/1510
f 228/1507 1144/1511 1145/1512 1139/1513
f 229/1514 1146/1515 1147/1516 1148/1517
f 229/1514 1148/1517 1149/1518 1150/1519
f 229/1514 1150/1519 1151/1520 1146/1515
f 140/1521 1152/1522 762/795 758/790
f 230/1523 1153/1524 249/796 762/795
f 230/1523 762/795 1152/1522 1154/1525
f 1155/1526 1156/1527 1157/1528 1158/1529
f 1159/1530 1160/1531 1161/1532 233/1533
f 231/1534 1159/1535 233/1536 1162/1537
f 231/1538 1162/1539 1163/1540 1164/1541
f 232/1542 1165/1543 1147/1516 1132/1544
f 233/1533 1161/1532 1166/1545 1167/1546
f 1168/1547 1165/1543 1169/1548 1170/1549
f 234/1550 1171/1551 1163/1540 1162/1539
f 234/1550 1162/1539 233/1533 1172/1552
f 234/1550 240/1553 235/1554 1171/1551
f 234/1550 1172/1552 1173/1555 240/1553
f 235/1554 1174/1556 1175/1557 1171/1551
f 235/1554 240/1553 1176/1558 1174/1556
f 236/1559 1164/1541 1177/1560 1178/1561
f 1159/1535 231/1534 1164/1562 236/1563
f 236/1563 1178/1564 1160/1565 1159/1535
f 237/1566 1174/1567 1176/1568 1179/1569
f 237/1566 1180/1570 1175/1571 1174/1567
f 237/1566 1179/1569 1181/1572 1180/1570
f 238/1573 1182/1574 1183/1575 1184/1576
f 238/1577 1184/1578 1185/1579 1186/1580
f 238/1577 1186/1580 1187/1581 1188/1582
f 238/1583 1181/1572 1179/1569 1182/1584
f 239/1585 1176/1558 240/1553 1189/1586
f 239/1585 1189/1586 1190/1587 1191/1588
f 239/1589 1192/1590 1183/1575 1182/1574
f 239/1591 1191/1592 243/1593 1192/1594
f 239/1595 1182/1584 1179/1569 1176/1568
f 240/1553 1173/1555 1193/1596 1189/1586
f 241/1597 1194/1598 1195/1599 1196/1600
f 241/1601 1197/1602 1198/1603 1199/1604
f 241/1601 1199/1604 1200/1605 1201/1606
f 241/1601 1201/1606 242/1607 1194/1608
f 242/1607 1202/1609 1203/1610 1194/1608
f 242/1607 1201/1606 1204/1611 1202/1609
f 243/1593 1205/1612 1206/1613 1192/1594
f 243/1614 1191/1615 1195/1616 1205/1617
f 1207/1618 1185/1579 1208/1619 1209/1620
f 244/1621 1208/1619 1185/1579 1184/1578
f 244/1622 1210/1623 246/1624 1208/1625
f 244/1621 1184/1578 1183/1626 1211/1627
f 244/1621 1211/1627 1212/1628 1213/1629
f 244/1621 1213/1629 1214/1630 1210/1631
f 245/1632 1215/1633 273/1634 1216/1635
f 245/1636 1217/1637 1218/1638 1209/1639
f 246/1624 1210/1623 1215/1640 245/1636
f 246/1624 245/1636 1209/1639 1208/1625
f 247/1641 1219/1642 1180/1643 1181/1644
f 1155/1526 1158/1529 1219/1645 247/1646
f 247/1646 1181/1647 1220/1648 1155/1526
f 248/774 751/773 769/810 270/1649
f 248/774 270/1649 1221/1650 117/767
f 249/798 1222/1651 1187/1652 763/799
f 250/1653 1223/1654 1224/1655 257/1656
f 250/1653 1225/1657 258/1658 1223/1654
f 252/1659 251/1660 1193/1596 1173/1555
f 250/1661 1226/1662 251/1663 252/1664
f 250/1661 252/1664 1173/1665 1227/1666
f 250/1661 257/1667 1228/1668 1226/1662
f 250/1661 1227/1666 1169/1548 1225/1669
f 251/1660 1226/1670 1229/1671 1193/1596
f 253/1672 1230/1673 1198/1674 1197/1675
f 253/1672 1228/1668 257/1667 1230/1673
f 253/1676 1197/1677 1231/1678 1228/1679
f 254/1680 255/1681 1232/1682 1233/1683
f 254/1680 1224/1684 1234/1685 255/1681
f 254/1680 1233/1683 257/1686 1224/1684
f 255/1681 1235/1687 1236/1688 1237/1689
f 255/1681 1237/1689 1238/1690 1232/1682
f 255/1681 1234/1685 1239/1691 1235/1687
f 256/1692 1240/1693 1198/1674 1230/1673
f 257/1667 1233/1694 256/1692 1230/1673
f 258/1695 1131/1696 1241/1697 1242/1698
f 258/1658 1242/1699 1243/1700 1223/1654
f 258/1658 1225/1657 232/1701 1130/1702
f 259/1703 1244/1704 1245/1705 1246/1706
f 259/1707 1246/1708 1242/1699 1241/1709
f 1247/1710 1248/1711 1249/1712 262/1713
f 260/1714 1250/1715 1251/1716 1252/1717
f 260/1714 1253/1718 1254/1719 1250/1715
f 260/1720 1255/1721 1256/1722 1253/1723
f 260/1714 1252/1717 1257/1724 1258/1725
f 260/1726 1258/1727 1204/1611 1255/1728
f 261/1729 1259/1730 1260/1731 1256/1732
f 261/1729 1200/1605 1199/1604 1259/1730
f 261/1733 1256/1722 1255/1721 1200/1734
f 262/1713 1261/1735 1262/1736 1263/1737
f 262/1738 1263/1739 1264/1740 1265/1741
f 262/1713 1265/1742 1266/1743 1247/1710
f 263/1744 1267/1745 1268/1746 1269/1747
f 263/1748 1270/1749 1271/1750 1267/1751
f 263/1752 1269/1753 1272/1754 1273/1755
f 264/1756 1274/1757 1275/1758 1271/1759
f 264/1760 1266/1743 1265/1742 1274/1761
f 264/1762 1271/1750 1270/1749 1266/1763
f 265/1764 1276/1765 1277/1766 1278/1767
f 265/1768 1278/1769 1279/1770 276/1771
f 266/1772 1280/1773 1281/1774 1282/1775
f 267/1776 1283/1777 1284/1778 1285/1779
f 267/1780 1286/1781 1287/1782 275/1783
f 267/1780 275/1783 1288/1784 1283/1785
f 268/1786 1289/1787 1290/1788 1291/1789
f 268/1786 1291/1789 1292/1790 1293/1791
f 268/1786 1293/1791 1294/1792 1289/1787
f 269/1793 1295/1794 1296/1795 1297/1796
f 269/1793 1297/1796 1298/1797 1299/1798
f 269/1793 1299/1798 1300/1799 1295/1794
f 270/1649 1301/1800 1302/1801 272/1802
f 270/1649 272/1802 1303/1803 1221/1650
f 271/1804 654/1805 1304/1806 1305/1807
f 271/1808 1305/1809 1306/1810 1307/1811
f 271/570 1307/1812 1308/1813 653/571
f 272/1814 1309/1815 1310/1816 1303/1817
f 272/1802 1302/1801 273/1634 1311/1818
f 272/1819 1311/1820 1312/1821 1309/1822
f 273/1634 1313/1823 1314/1824 1311/1818
f 273/1634 1215/1633 1315/1825 1313/1823
f 274/1826 1214/1827 1213/1828 1316/1829
f 1318/1830 1315/1831 1214/1827 274/1826
f 274/1826 1316/1829 1317/1832 1318/1830
f 275/1783 1319/1833 1320/1834 1288/1784
f 1317/1835 1283/1785 1288/1784 1318/1836
f 265/1837 1321/1838 1322/1839 1276/1840
f 265/1768 276/1771 1323/1841 1321/1842
f 276/1843 1324/1844 1325/1845 1323/1846
f 277/1847 1326/1848 1327/1849 1328/1850
f 277/1851 1329/1852 1330/1853 1331/1854
f 277/1851 1328/1855 1332/1856 1329/1852
f 277/1847 1331/1857 1333/1858 1326/1848
f 278/1859 283/1860 1334/1861 282/1862
f 278/1863 279/1864 1335/1865 283/1866
f 278/1859 282/1862 1336/1867 279/1868
f 279/1864 1337/1869 1338/1870 1335/1865
f 279/1871 1336/1872 1339/1873 1340/1874
f 280/1875 1341/1876 1335/1877 1338/1878
f 280/1879 1338/1880 1342/1881 1343/1882
f 280/1875 1343/1883 1344/1884 1341/1876
f 281/1885 1281/1886 1339/1887 1336/1888
f 281/1889 1336/1867 282/1862 1345/1890
f 281/1889 1345/1890 1282/1891 1281/1892
f 282/1893 1346/1894 1347/1895 1345/1896
f 282/1893 1334/1897 1348/1898 1346/1894
f 283/1860 1329/1899 1332/1900 1334/1861
f 283/1860 1349/1901 1330/1902 1329/1899
f 283/1860 1335/1877 1341/1876 1349/1901
f 284/1903 1350/1904 289/1905 1351/1906
f 284/1907 1348/1898 1352/1908 1350/1909
f 284/1907 1351/1910 1346/1894 1348/1898
f 285/1911 1353/1912 1354/1913 1322/1839
f 285/1914 1355/1915 595/455 1353/1916
f 285/1911 1322/1839 1321/1838 1356/1917
f 286/1918 1307/1811 1306/1810 1357/1919
f 286/1920 1358/1921 1308/1813 1307/1812
f 286/1918 1357/1919 1359/1922 1358/1923
f 287/1924 295/1925 292/1926 1360/1927
f 287/1928 1361/1929 1362/1930 295/1931
f 287/1928 1360/1932 290/1933 1361/1929
f 288/1934 291/1935 603/470 1363/1936
f 288/1937 290/1933 1364/1938 291/1939
f 288/1940 1363/1941 1356/1917 1365/1942
f 288/1937 1365/1943 1366/1944 290/1933
f 289/1905 1361/1929 290/1933 1366/1944
f 289/1905 1366/1944 1325/1945 1367/1946
f 289/1947 1367/1948 1368/1949 1351/1910
f 289/1905 1350/1904 1362/1930 1361/1929
f 290/1950 1360/1951 1369/1952 1364/1953
f 291/1954 1364/1953 1370/1955 602/464
f 292/1956 1371/1957 1372/1958 1373/1959
f 292/1960 1373/1961 1369/1952 1360/1951
f 293/1962 572/411 571/410 1374/1963
f 293/1962 1374/1963 584/437 1375/1964
f 294/1965 1376/1966 585/438 1377/1967
f 294/1965 292/1968 295/1931 1376/1966
f 294/1965 1377/1967 1371/1969 292/1968
f 295/1931 1378/1970 1379/1971 1376/1966
f 295/1931 1362/1930 1380/1972 1378/1970
f 296/1973 1381/1974 1330/1902 1349/1901
f 296/1973 1349/1901 1341/1876 1344/1884
f 296/1973 1344/1884 1382/1975 1381/1974
f 297/1976 1383/1977 1384/1978 1382/1975
f 297/1976 1382/1975 1344/1884 1343/1883
f 297/1979 1343/1882 1342/1881 1385/1980
f 297/1979 1385/1980 1386/1981 1387/1982
f 297/1979 1387/1982 1388/1983 1383/1984
f 298/1985 1389/1986 1273/1987 1272/1988
f 298/1985 1390/1989 1391/1990 1389/1986
f 299/1991 1392/1992 1389/1986 1391/1990
f 299/1993 1393/1994 1394/1995 1392/1996
f 300/1997 1395/1998 1272/1754 1269/1753
f 300/1997 1269/1753 1268/1999 306/2000
f 300/2001 306/2002 1396/2003 1397/2004
f 301/2005 1397/2004 1396/2003 1398/2006
f 301/2005 1398/2006 1399/2007 1400/2008
f 301/2005 1400/2008 1401/2009 1397/2004
f 303/2010 1402/2011 1403/2012 302/2013
f 302/2013 305/2014 304/2015 303/2010
f 302/2016 1403/2017 1404/2018 1405/2019
f 303/2010 1406/2020 1407/2021 1402/2011
f 303/2010 304/2015 1408/2022 1406/2020
f 304/2015 305/2014 1409/2023 1408/2022
f 305/2024 1396/2003 306/2002 1409/2025
f 305/2014 302/2013 1398/2026 1396/2027
f 306/2000 1268/1999 1410/2028 1409/2029
f 307/2030 1411/2031 1412/2032 1413/2033
f 307/2034 1414/2035 1415/2036 1411/2037
f 307/2038 1416/2039 308/2040 1414/2041
f 308/2040 1417/2042 1418/2043 1414/2041
f 308/2044 1419/2045 1420/2046 1421/2047
f 308/2040 1421/2048 1422/2049 1417/2042
f 309/2050 1423/2051 1424/2052 1425/2053
f 309/2054 1426/2055 1427/2056 1423/2057
f 310/2058 1428/2059 1429/2060 1430/2061
f 310/2062 1430/2063 1431/2064 1407/2065
f 310/2066 1432/2067 1433/2068 1428/2069
f 311/2070 1434/2071 318/2072 1435/2073
f 311/2070 1435/2073 317/2074 363/2075
f 311/2076 363/2077 1436/2078 348/2079
f 312/2080 1437/2081 313/2082 1438/2083
f 312/2080 1439/2084 1433/2085 1437/2081
f 312/2086 1438/2087 1415/2036 1439/2088
f 313/2082 1275/1758 1440/2089 1438/2083
f 313/2082 1267/1745 1271/1759 1275/1758
f 313/2082 1410/2090 1268/1746 1267/1745
f 313/2082 1437/2081 1441/2091 1410/2090
f 314/2092 1442/2093 1443/2094 1444/2095
f 314/2092 1445/2096 1446/2097 1442/2093
f 315/2098 1444/2099 1443/2100 1447/2101
f 316/2102 1448/2103 319/2104 1449/2105
f 315/2106 316/2107 1449/2108 1444/2109
f 316/2110 315/2111 1404/2112 1448/2113
f 317/2114 1448/2115 1404/2018 1403/2017
f 317/2116 1450/2117 319/2118 1448/2119
f 318/2120 345/2121 1451/2122 1435/2123
f 318/2124 1434/2125 1452/2126 345/2127
f 319/2128 1453/2129 1454/2130 1449/2131
f 320/2132 1455/2133 346/2134 1456/2135
f 320/2136 1457/2137 1458/2138 1455/2139
f 320/2140 1456/2141 1459/2142 1457/2143
f 321/2144 1460/2145 1461/2146 1462/2147
f 321/2148 1462/2149 1459/2150 1456/2151
f 321/2152 1456/2153 346/2154 1463/2155
f 321/2152 335/2156 1464/2157 1460/2158
f 321/2152 1463/2155 1465/2159 335/2156
f 322/2160 1466/2161 1467/2162 1468/2163
f 322/2164 453/157 1469/2165 1466/2166
f 322/2164 446/147 445/146 453/157
f 322/2167 1470/2168 449/2169 446/2170
f 322/2167 1468/2171 1471/2172 1470/2168
f 323/2173 1472/2174 329/2175 331/2176
f 323/2173 1473/2177 1474/2178 1472/2174
f 323/2173 331/2176 1475/2179 1473/2177
f 1473/2177 1475/2179 1476/2180 1474/2178
f 324/2181 1477/2182 1478/2183 1469/2165
f 324/2181 1469/2165 453/157 452/156
f 324/2181 452/156 325/180 1479/2184
f 325/180 27/176 578/426 1479/2184
f 326/2185 1480/2186 1481/2187 1482/2188
f 326/2185 1482/2188 1483/2189 1484/2190
f 326/2191 1484/2192 1485/2193 1486/2194
f 327/2195 1487/2196 1488/2197 1489/2198
f 327/2199 1489/2200 1490/2201 1491/2202
f 327/2195 1491/2203 1388/2204 1487/2196
f 328/2205 1486/2194 1485/2193 1492/2206
f 328/2205 1492/2206 1493/2207 1477/2182
f 328/2205 1477/2182 324/2181 1486/2194
f 329/2175 1472/2174 1494/2208 330/2209
f 329/2175 330/2209 1495/2210 331/2176
f 330/2209 1494/2208 1467/2211 1466/2212
f 330/2213 1466/2166 1469/2165 1478/2183
f 331/2176 1496/2214 1497/2215 1475/2179
f 331/2176 1495/2210 332/2216 1496/2214
f 332/2217 1495/2218 1498/2219 1499/2220
f 332/2221 1499/2222 364/2223 1496/2224
f 333/2225 1500/2226 1501/2227 1502/2228
f 333/2225 1464/2157 335/2156 1500/2226
f 333/2225 1502/2228 1503/2229 1464/2157
f 334/2230 336/2231 337/2232 1504/2233
f 334/2230 1504/2233 1505/2234 1506/2235
f 334/2236 1506/2237 1507/2238 336/2239
f 335/2156 1508/2240 1509/2241 1500/2226
f 335/2156 1465/2159 1510/2242 1508/2240
f 336/2243 1507/2244 1511/2245 337/2246
f 337/2247 428/2248 450/153 449/152
f 337/2232 449/2169 1470/2168 1504/2233
f 337/2246 1511/2245 429/114 428/113
f 338/2249 1512/2250 1513/2251 1514/2252
f 338/2253 410/80 409/79 1512/2254
f 338/2253 1515/2255 1516/2256 410/80
f 338/2249 1514/2252 1517/2257 1515/2258
f 339/2259 1518/2260 340/2261 1519/2262
f 339/2259 1520/2263 1521/2264 1518/2260
f 339/2259 1519/2262 1522/2265 1520/2263
f 340/2266 1518/2267 1523/2268 1510/2269
f 340/2270 1524/2271 1525/2272 1519/2273
f 341/2274 1515/2275 1517/2276 1526/2277
f 341/2274 1526/2277 1527/2278 1528/2279
f 341/2274 1528/2279 1516/2280 1515/2275
f 342/2281 1529/2282 1530/2283 1531/2284
f 342/2285 1532/2286 1526/2277 1517/2276
f 342/2281 1531/2284 1533/2287 1532/2288
f 343/2289 352/2290 1534/2291 1535/2292
f 343/2289 1530/2283 361/2293 352/2290
f 343/2289 1535/2292 1531/2284 1530/2283
f 344/2294 1536/2295 1537/2296 1538/2297
f 344/2294 1538/2297 1539/2298 1529/2282
f 344/2294 1529/2282 342/2281 1536/2295
f 345/2299 346/2134 1455/2133 1451/2300
f 345/2301 1452/2302 1540/2303 1541/2304
f 345/2305 1541/2306 1542/2307 346/2308
f 340/2266 1510/2269 1465/2309 1524/2310
f 346/2311 1542/2312 1543/2313 1463/2314
f 347/2315 1544/2316 1540/2303 1452/2302
f 347/2315 1452/2302 1434/2317 1545/2318
f 347/2315 1545/2318 1546/2319 1544/2316
f 348/2079 1436/2078 362/2320 1547/2321
f 348/2322 1547/2323 1546/2319 1545/2318
f 349/2324 1548/2325 350/2326 1549/2327
f 1551/2328 1552/2329 1548/2325 349/2324
f 349/2324 1549/2327 1550/2330 1551/2328
f 350/2326 1553/2331 1554/2332 1549/2327
f 350/2326 1548/2325 1555/2333 1553/2331
f 351/2334 352/2290 361/2293 1550/2330
f 351/2334 1550/2330 1549/2327 1556/2335
f 351/2334 1556/2335 1534/2291 352/2290
f 353/2336 1087/1389 1083/1414 1082/2337
f 353/2336 1082/2337 1557/2338 1558/2339
f 353/2336 1558/2339 1088/1390 1087/1389
f 354/2340 1559/2341 1077/1374 1076/1373
f 354/2342 1420/2046 1419/2045 1559/2343
f 354/2342 1560/2344 355/2345 1420/2046
f 354/2342 1076/2346 1561/2347 1560/2344
f 355/2345 1560/2344 1562/2348 1563/2349
f 355/2345 1563/2349 1421/2047 1420/2046
f 356/2350 1422/2049 1421/2048 1563/2351
f 356/2350 1564/2352 1565/2353 1422/2049
f 356/2354 1563/2355 1562/2356 1566/2357
f 356/2350 1566/2358 357/2359 1564/2352
f 357/2360 1566/2361 1567/2362 1568/2363
f 357/2359 359/2364 1569/2365 1564/2352
f 357/2366 1568/2367 1553/2331 1555/2333
f 357/2366 1555/2333 1570/2368 359/2369
f 358/2370 362/2371 1436/2372 1571/2373
f 358/2374 1572/2375 1547/2321 362/2320
f 358/2370 1571/2373 1573/2376 1569/2377
f 359/2369 1570/2368 358/2370 1569/2377
f 360/2378 1574/2379 1575/2380 1576/2381
f 1542/2307 1541/2306 1574/2379 360/2378
f 360/2378 1576/2381 1577/2382 1542/2307
f 361/2293 1539/2298 1578/2383 1579/2384
f 361/2293 1579/2384 1551/2328 1550/2330
f 363/2385 1431/2064 1571/2373 1436/2372
f 310/2386 1407/2021 1406/2020 1432/2387
f 364/2388 1445/2389 1449/2108 1454/2390
f 364/2223 1454/2130 1497/2391 1496/2224
f 365/2392 1451/2393 1455/2394 1458/2395
f 1579/2384 1580/2396 1581/2397 1551/2328
f 1579/2398 1578/2399 1582/2400 1580/2401
f 1582/2402 1540/2303 1544/2316 1580/2403
f 1582/2400 1578/2399 1575/2380 1574/2379
f 1582/2402 1574/2404 1541/2304 1540/2303
f 1581/2405 1546/2319 1547/2323 1572/2406
f 1581/2397 1572/2407 1552/2329 1551/2328
f 1581/2405 1580/2403 1544/2316 1546/2319
f 1578/2383 1539/2298 1538/2297 1575/2408
f 1577/2382 1576/2381 1583/2409 1584/2410
f 1577/2411 1584/2412 1585/2413 1586/2414
f 1577/2411 1586/2414 1543/2313 1542/2312
f 1586/2414 1585/2413 1587/2415 1525/2272
f 1586/2414 1525/2272 1524/2271 1543/2313
f 1587/2415 1585/2413 1588/2416 418/2417
f 1587/2418 418/90 417/89 1522/2265
f 1587/2418 1522/2265 1519/2262 1525/2419
f 1588/2416 1585/2413 1584/2412 1589/2420
f 1588/2416 1589/2420 1590/2421 420/98
f 1588/2416 420/98 415/97 418/2417
f 1590/2422 1589/2423 1591/2424 414/83
f 1590/2422 414/83 413/82 371/2425
f 1590/2426 371/9 370/8 420/2427
f 1591/2424 1583/2428 1513/2429 1512/2254
f 1591/2424 1512/2254 409/79 414/83
f 1591/2424 1589/2423 1584/2430 1583/2428
f 1583/2431 1576/2432 1537/2433 1513/2434
f 1576/2435 1575/2408 1538/2297 1537/2296
f 1573/2436 1430/2061 1429/2060 1565/2437
f 1573/2438 1565/2353 1564/2352 1569/2365
f 1573/2376 1571/2373 1431/2064 1430/2063
f 1572/2407 358/2370 1570/2368 1552/2329
f 1570/2368 1555/2333 1548/2325 1552/2329
f 1568/2363 1567/2362 1592/2439 1593/2440
f 1568/2441 1593/2442 1554/2443 1553/2444
f 1593/2442 1592/2445 1594/2446 1595/2447
f 1593/2442 1595/2447 1596/2448 1554/2443
f 1596/2449 1595/2450 1557/2451 1597/2452
f 1596/2449 1597/2452 1598/2453 1556/2335
f 1596/2449 1556/2335 1549/2327 1554/2332
f 1598/2454 1597/2455 1081/1381 1085/1385
f 1598/2454 1085/1385 1599/2456 1600/2457
f 1598/2453 1600/2458 1534/2291 1556/2335
f 1600/2457 1599/2456 1601/2459 1602/2460
f 1600/2458 1602/2461 1535/2292 1534/2291
f 1602/2461 1601/2462 1603/2463 1533/2287
f 1602/2461 1533/2287 1531/2284 1535/2292
f 1603/2464 1601/2459 1048/1320 1604/2465
f 1603/2466 1604/2467 1605/2468 1606/2469
f 1603/2470 1606/2471 1532/2472 1533/2473
f 1606/2469 1605/2468 1607/2474 1527/2278
f 1606/2469 1527/2278 1526/2277 1532/2286
f 1604/2465 1048/1320 1047/1319 1608/2475
f 1604/2467 1608/2476 966/1184 1605/2468
f 1608/2475 1047/1319 1609/2477 1610/2478
f 1608/2476 1610/2479 967/1185 966/1184
f 1610/2478 1609/2477 1051/2480 1611/2481
f 1610/2479 1611/2482 968/2483 967/1185
f 1611/2481 1051/2480 945/2484 972/2485
f 1611/2481 972/2485 971/2486 968/1188
f 1609/2477 1044/1315 203/1304 1051/2480
f 1609/2477 1047/1319 1046/1318 1044/1315
f 1601/2459 1599/2456 1049/1323 1048/1320
f 1599/2456 1085/1385 1084/1384 1049/1323
f 1597/2452 1557/2451 1082/2487 1081/2488
f 1595/2447 1594/2446 1558/2489 1557/2490
f 1594/2491 1089/1393 1088/1392 1558/2492
f 1594/2493 1592/2494 1612/2495 1089/2496
f 1612/2495 1613/2497 1090/2498 1089/2496
f 1612/2495 1592/2494 1567/2499 1614/2500
f 1612/2495 1614/2500 1561/2347 1613/2497
f 1614/2500 1567/2499 1566/2501 1562/2348
f 1614/2502 1562/2503 1560/2504 1561/2505
f 1613/2506 1075/1379 1080/1378 1090/1394
f 1613/2497 1561/2347 1076/2346 1075/2507
f 1565/2353 1429/2508 1417/2042 1422/2049
f 1559/2341 1065/1349 1064/1348 1077/1374
f 1559/2341 1419/2509 1615/2510 1065/1349
f 1615/2510 1074/1370 1066/1350 1065/1349
f 1615/2510 1419/2509 308/2511 1416/2512
f 1615/2510 1416/2512 1616/2513 1074/1370
f 1543/2313 1524/2271 1465/2514 1463/2314
f 1539/2298 361/2293 1530/2283 1529/2282
f 1537/2433 1536/2515 1514/2516 1513/2434
f 1536/2515 342/2285 1517/2276 1514/2516
f 1607/2474 422/103 421/102 1617/2517
f 1607/2474 1617/2517 1528/2279 1527/2278
f 1617/2518 421/2519 425/2520 1618/2521
f 1617/2517 1618/2522 1516/2280 1528/2279
f 1618/2523 425/2524 1619/2525 411/81
f 1618/2523 411/81 410/80 1516/2256
f 1619/2526 425/107 424/106 963/1173
f 1619/2525 963/2527 964/2528 1620/2529
f 1619/2525 1620/2529 412/84 411/81
f 1620/2530 964/1174 398/57 1621/2531
f 1620/2529 1621/2532 1622/2533 412/84
f 1622/2534 1621/2535 1623/2536 1624/2537
f 1622/2534 1624/2537 408/73 407/72
f 1622/2533 407/2538 413/82 412/84
f 1624/2537 1623/2536 395/2539 389/2540
f 1624/2537 389/2540 12/2541 408/73
f 1623/2542 1621/2531 398/57 397/56
f 1623/2542 397/56 396/62 395/2543
f 1523/2544 1518/2545 1521/2546 1625/2547
f 1523/2544 1625/2547 1626/2548 1627/2549
f 1523/2550 1627/2551 1508/2552 1510/2553
f 1627/2554 1626/2555 1628/2556 1629/2557
f 1627/2551 1629/2558 1509/2559 1508/2552
f 1629/2557 1628/2556 1630/2560 1631/2561
f 1629/2558 1631/2562 1632/2563 1509/2559
f 1632/2564 1501/2227 1500/2226 1509/2241
f 1632/2563 1631/2562 1507/2238 1506/2237
f 1632/2564 1506/2235 1505/2234 1501/2227
f 1631/2561 1630/2560 1511/2245 1507/2244
f 1630/2560 1628/2556 444/2565 432/117
f 1630/2560 432/117 429/114 1511/2245
f 1628/2566 1626/2548 21/131 444/144
f 1626/2548 1625/2547 439/132 21/131
f 1625/2547 1521/2546 1633/2567 439/132
f 1633/2568 1521/2264 1520/2263 419/91
f 1633/2569 419/2570 416/95 377/94
f 1633/2567 377/18 367/17 439/132
f 1522/2265 417/89 419/91 1520/2263
f 1505/2234 1504/2233 1470/2168 1471/2172
f 1505/2234 1471/2172 1502/2228 1501/2227
f 1503/2229 1502/2228 1471/2172 1468/2171
f 1503/2571 1468/2163 1467/2162 1634/2572
f 1503/2229 1634/2573 1460/2158 1464/2157
f 1634/2574 1467/2211 1494/2208 1635/2575
f 1634/2574 1635/2575 1461/2576 1460/2577
f 1635/2575 1494/2208 1472/2174 1474/2178
f 1635/2575 1474/2178 1476/2180 1461/2576
f 364/2578 1499/2579 1636/2580 1637/2581
f 364/2582 1637/2583 1446/2097 1445/2096
f 1637/2581 1636/2580 1638/2584 1639/2585
f 1637/2583 1639/2586 1640/2587 1446/2097
f 1640/2587 1639/2586 1641/2588 1642/2589
f 1640/2587 1642/2589 1643/2590 1644/2591
f 1640/2587 1644/2591 1442/2093 1446/2097
f 1644/2591 1643/2590 1645/2592 1646/2593
f 1644/2591 1646/2593 1443/2094 1442/2093
f 1646/2593 1645/2592 1647/2594 1648/2595
f 1646/2593 1648/2595 1447/2596 1443/2094
f 1648/2597 1647/2598 1400/2008 1399/2007
f 1648/2599 1399/2600 1405/2601 1447/2602
f 1647/2594 1645/2592 1649/2603 1650/2604
f 1647/2598 1650/2605 1401/2009 1400/2008
f 1650/2604 1649/2603 1651/2606 1652/2607
f 1650/2608 1652/2609 1653/2610 1401/2611
f 1653/2610 1652/2609 1654/2612 1655/2613
f 1653/2610 1655/2613 1395/1998 300/1997
f 1653/2614 300/2001 1397/2004 1401/2009
f 1655/2615 1654/2616 1656/2617 1657/2618
f 1655/2615 1657/2618 1390/2619 1395/2620
f 1654/2621 1386/1981 1385/1980 1656/2622
f 1654/2612 1652/2609 1651/2623 1386/2624
f 1651/2625 1658/2626 1387/2627 1386/2628
f 1651/2606 1649/2603 1659/2629 1658/2630
f 1659/2629 1488/2631 1487/2632 1658/2630
f 1659/2629 1649/2603 1645/2592 1643/2590
f 1659/2629 1643/2590 1642/2589 1488/2631
f 1658/2626 1487/2633 1388/2634 1387/2627
f 1642/2589 1641/2588 1489/2635 1488/2631
f 1641/2636 1660/2637 1490/2201 1489/2200
f 1641/2638 1639/2585 1638/2584 1660/2639
f 1660/2637 1485/2193 1484/2192 1490/2201
f 1660/2637 1638/2640 1492/2206 1485/2193
f 1638/2640 1636/2641 1493/2207 1492/2206
f 1636/2641 1499/2220 1498/2219 1493/2207
f 1498/2219 1478/2183 1477/2182 1493/2207
f 1498/2219 1495/2218 330/2213 1478/2183
f 1497/2391 1454/2130 1453/2129 1661/2642
f 1497/2215 1661/2643 1476/2180 1475/2179
f 1661/2643 1453/2644 1459/2142 1462/2645
f 1661/2643 1462/2645 1461/2576 1476/2180
f 1491/2646 1483/2189 1383/2647 1388/2648
f 1491/2202 1490/2201 1484/2192 1483/2649
f 1486/2194 324/2181 1479/2184 326/2191
f 1483/2189 1482/2188 1384/2650 1383/2647
f 1482/2188 1481/2187 1662/2651 1384/2650
f 1662/2652 1331/2653 1330/1902 1381/1974
f 1662/2652 1381/1974 1382/1975 1384/1978
f 1662/2651 1481/2187 1333/1858 1331/1857
f 1481/2187 1480/2186 1663/2654 1333/1858
f 1663/2654 1664/2655 1326/1848 1333/1858
f 1663/2654 1480/2186 577/424 576/423
f 1663/2654 576/423 582/2656 1664/2655
f 1664/2655 1665/2657 1327/1849 1326/1848
f 1664/2658 582/433 581/432 1665/2659
f 1665/2660 1379/2661 1378/2662 1327/2663
f 1665/2664 581/436 583/435 1379/1971
f 1459/2142 1453/2644 319/2665 1457/2143
f 1458/2666 1457/2143 319/2665 1450/2667
f 1449/2108 1445/2389 314/2668 1444/2109
f 315/2111 1447/2669 1405/2670 1404/2112
f 1441/2091 1437/2081 1433/2085 1432/2671
f 1441/2672 1432/2387 1406/2020 1408/2022
f 1441/2672 1408/2022 1409/2023 1410/2673
f 1440/2674 1666/2675 1412/2676 1411/2037
f 1440/2674 1411/2037 1415/2036 1438/2087
f 1440/2674 1275/2677 1274/2678 1666/2675
f 1666/2679 1264/2680 1424/2681 1412/2682
f 1666/2675 1274/2678 1265/2683 1264/2684
f 1439/2685 1415/2686 1414/2041 1418/2043
f 1439/2685 1418/2043 1428/2069 1433/2068
f 348/2687 1545/2688 1434/2689 311/2690
f 363/2385 1402/2691 1407/2065 1431/2064
f 363/2385 317/2692 1403/2693 1402/2691
f 1429/2508 1428/2069 1418/2043 1417/2042
f 1426/2694 1667/2695 1668/2696 1427/2697
f 1426/2055 309/2054 1425/2698 1669/2699
f 1426/2694 1669/2700 1670/2701 1667/2695
f 1670/2701 1671/2702 1238/2703 1667/2695
f 1670/2701 1669/2700 1262/2704 1254/1719
f 1670/2701 1254/1719 1253/1718 1671/2702
f 1671/2705 1260/2706 1232/2707 1238/2708
f 1671/2705 1253/1723 1256/1722 1260/2706
f 1669/2699 1425/2698 1263/1737 1262/1736
f 1668/2709 1237/2710 1236/2711 1672/2712
f 1668/2709 1672/2712 1616/2513 1427/2713
f 1668/2696 1667/2695 1238/2703 1237/2714
f 1672/2712 1236/2711 1073/1369 1072/1368
f 1672/2712 1072/1368 1074/1370 1616/2513
f 1425/2698 1424/2681 1264/2680 1263/1737
f 1424/2715 1423/2716 1413/2717 1412/2718
f 1413/2719 1423/2057 1427/2056 1616/2720
f 1413/2033 1616/2721 1416/2722 307/2030
f 1405/2723 1399/2724 1398/2026 302/2013
f 1395/2725 1390/2726 298/2727 1272/2728
f 1673/2729 1342/1881 1338/1880 1337/2730
f 1673/2729 1656/2622 1385/1980 1342/1881
f 1394/2731 1674/2732 1675/2733 1392/1992
f 1394/2731 1393/2734 1676/2735 1677/2736
f 1394/2731 1677/2736 1678/2737 1674/2732
f 1678/2737 1679/2738 1680/2739 1674/2732
f 1678/2740 1677/2741 1287/1782 1286/1781
f 1678/2740 1286/1781 1681/2742 1679/2743
f 1681/2744 1251/1716 1682/2745 1679/2746
f 1681/2742 1286/1781 267/1780 1285/2747
f 1681/2742 1285/2747 1252/2748 1251/2749
f 1682/2750 1261/1735 262/1713 1249/1712
f 1682/2750 1249/1712 1680/2751 1679/2752
f 1682/2745 1251/1716 1250/1715 1261/2753
f 1680/2751 1249/1712 1248/1711 1683/2754
f 1680/2751 1683/2754 1675/2755 1674/2756
f 1683/2757 1248/2758 1270/1749 263/1748
f 1683/2754 263/1752 1273/1755 1675/2755
f 1677/2741 1676/2759 1280/2760 1287/1782
f 1676/2735 1393/2734 1340/1874 1339/1873
f 1676/2759 1339/1887 1281/1886 1280/2760
f 1675/2733 1273/1987 1389/1986 1392/1992
f 1380/1972 1362/1930 1350/1904 1352/2761
f 1380/2762 1352/1908 1332/1856 1328/1855
f 1380/2763 1328/2764 1327/2663 1378/2662
f 1379/1971 583/435 585/438 1376/1966
f 1377/1967 585/438 584/437 1374/1963
f 1377/1967 1374/1963 571/410 1371/1969
f 293/1962 1375/1964 573/2765 572/411
f 1373/1959 1372/1958 64/2766 569/2767
f 1373/1961 569/2768 1684/2769 1369/1952
f 1684/2769 1370/1955 1364/1953 1369/1952
f 1684/2769 569/2768 568/2770 1685/2771
f 1684/2769 1685/2771 1686/2772 1370/1955
f 1686/2772 553/370 602/464 1370/1955
f 1686/2772 1685/2771 558/2773 1687/2774
f 1686/2772 1687/2774 549/371 553/370
f 1687/2774 1688/2775 550/2776 549/371
f 1687/2774 558/2773 462/2777 1688/2775
f 1688/2775 528/329 531/328 550/2776
f 1688/2775 462/2777 461/2778 528/329
f 1685/2771 568/2770 555/2779 558/2773
f 1372/2780 1371/2781 571/2782 58/2783
f 1372/1958 58/405 63/408 64/2766
f 1368/2784 1367/2785 1689/2786 1690/2787
f 1368/2784 1690/2787 1691/2788 1347/2789
f 1368/1949 1347/1895 1346/1894 1351/1910
f 1690/2790 1689/2791 1692/2792 1693/2793
f 1690/2794 1693/2795 1694/2796 1691/2797
f 1693/2798 1692/2799 1695/2800 1696/2801
f 1693/2795 1696/2802 1697/2803 1694/2796
f 1697/2803 1696/2802 1698/2804 1699/2805
f 1697/2803 1699/2805 1700/2806 1320/1834
f 1697/2803 1320/1834 1319/1833 1694/2796
f 1700/2807 1699/2808 1314/2809 1313/2810
f 1700/2806 1313/1823 1315/1825 1318/1836
f 1700/2806 1318/1836 1288/1784 1320/1834
f 1699/2811 1698/2812 1701/2813 1314/2814
f 1701/2813 1292/1790 1291/1789 1312/1821
f 1701/2813 1312/1821 1311/1820 1314/2814
f 1701/2813 1698/2812 1702/2815 1292/1790
f 1702/2815 1703/2816 1293/1791 1292/1790
f 1702/2815 1698/2812 1696/2801 1695/2800
f 1702/2817 1695/2818 1704/2819 1703/2820
f 1704/2821 1705/2822 1706/2823 1703/2816
f 1704/2821 1695/2800 1692/2799 1707/2824
f 1704/2821 1707/2824 1279/2825 1705/2822
f 1707/2826 1692/2792 1689/2791 1324/2827
f 1707/2826 1324/2827 276/2828 1279/2829
f 1706/2830 1708/2831 1300/2832 1294/2833
f 1706/2823 1294/1792 1293/1791 1703/2816
f 1706/2830 1705/2834 1709/2835 1708/2831
f 1709/2836 1710/2837 1711/2838 1708/2839
f 1709/2840 1705/2841 1279/2842 1278/2843
f 1709/2836 1278/1767 1277/1766 1710/2837
f 1711/2838 1712/2844 1296/1795 1295/1794
f 1711/2838 1295/1794 1300/1799 1708/2839
f 1711/2838 1710/2837 1713/2845 1712/2844
f 1713/2846 1305/1807 1304/1806 1712/2847
f 1713/2845 1710/2837 1277/1766 1714/2848
f 1713/2845 1714/2848 1306/1810 1305/1809
f 1714/2848 1277/1766 1276/1765 1715/2849
f 1714/2848 1715/2849 1357/1919 1306/1810
f 1715/2849 1276/1765 1322/2850 1354/2851
f 1715/2849 1354/2851 1359/1922 1357/1919
f 1712/2847 1304/1806 1716/2852 1296/2853
f 1716/2854 1717/2855 1718/2856 1719/2857
f 1716/2854 1719/2857 1297/1796 1296/1795
f 1716/2854 1304/2858 654/2859 1717/2855
f 1719/2857 1718/2856 1303/1817 1310/1816
f 1719/2857 1310/1816 1298/1797 1297/1796
f 1718/2860 1720/2861 1221/1650 1303/1803
f 1718/2860 1717/2862 652/569 1720/2861
f 1720/2861 747/768 117/767 1221/1650
f 1720/2861 652/569 650/565 747/768
f 1717/2862 654/572 651/567 652/569
f 1689/2786 1367/2785 1325/1845 1324/1844
f 1366/1944 1365/1943 1323/2863 1325/1945
f 1365/1942 1356/1917 1321/1838 1323/2864
f 1363/1936 603/470 601/462 1721/2865
f 1363/1941 1721/2866 285/1911 1356/1917
f 1721/2865 601/462 600/461 1722/2867
f 1721/2868 1722/2869 1355/1915 285/1914
f 1722/2867 600/461 587/442 586/441
f 1722/2869 586/451 592/450 1355/1915
f 1359/2870 1354/2871 1353/1916 605/473
f 1359/2870 605/473 604/472 1358/2872
f 1358/2872 604/472 607/475 1308/2873
f 1355/1915 592/450 596/458 595/455
f 1353/1916 595/455 594/454 605/473
f 1352/1908 1348/1898 1334/1897 1332/1856
f 1347/1895 1691/2874 1282/2875 1345/1896
f 1340/2876 1393/1994 299/1993 1391/2877
f 1340/1874 1391/1990 1337/2878 279/1871
f 1317/1835 1316/2879 1284/2880 1283/1785
f 1316/2879 1723/2881 1257/2882 1284/2880
f 1316/1829 1213/1828 1212/2883 1723/2884
f 1723/2885 1724/2886 1258/1725 1257/1724
f 1723/2885 1212/2887 1725/2888 1724/2886
f 1725/2888 1203/2889 1202/2890 1724/2886
f 1725/2888 1212/2887 1211/2891 1206/1613
f 1725/2892 1206/2893 1205/2894 1203/2895
f 1724/2886 1202/2890 1204/2896 1258/1725
f 1315/1825 1215/1633 1210/1631 1214/1630
f 1312/1821 1291/1789 1290/1788 1309/1822
f 1310/2897 1309/2898 1290/2899 1298/2900
f 1308/2873 607/475 615/2901 653/2902
f 1302/2903 1301/2904 1726/2905 1727/2906
f 1302/2907 1727/2908 1216/2909 273/2910
f 1726/2911 1301/2912 1728/2913 1729/2914
f 1726/2911 1729/2914 759/2915 761/2916
f 1726/2917 761/793 1217/2918 1727/2919
f 1729/2920 1728/2921 1730/2922 757/2923
f 1729/2920 757/2923 756/2924 759/2925
f 1730/2922 766/804 765/803 754/2926
f 1730/2922 754/2926 118/2927 757/2923
f 1730/2928 1728/2913 769/2929 766/2930
f 1728/2913 1301/2912 270/2931 769/2929
f 1300/2832 1299/2932 1289/2933 1294/2833
f 1299/2934 1298/2935 1290/2936 1289/2937
f 1285/2747 1284/2880 1257/2882 1252/2748
f 1319/2938 275/2939 266/1772 1282/1775
f 1319/2938 1282/1775 1691/2940 1694/2941
f 1270/1749 1248/2758 1247/2942 1266/1763
f 1262/2704 1261/2753 1250/1715 1254/1719
f 1255/1728 1204/1611 1201/1606 1200/1605
f 1246/1708 1245/2943 1731/2944 1732/2945
f 1246/1708 1732/2945 1243/1700 1242/1699
f 1732/2946 1731/2947 1733/2948 1239/2949
f 1732/2945 1239/2950 1234/2951 1243/1700
f 1733/2948 1731/2947 1070/1360 1069/1359
f 1733/2948 1069/1359 1062/1367 1734/2952
f 1733/2948 1734/2952 1235/2953 1239/2949
f 1734/2954 1062/1346 1061/1345 1073/1369
f 1734/2954 1073/1369 1236/2711 1235/2955
f 1731/2956 1245/2957 1115/2958 1070/2959
f 1245/2960 1244/2961 1116/1462 1115/1461
f 1244/2962 1735/2963 1117/1465 1116/1464
f 1244/2964 259/2965 1241/1697 1735/2966
f 1735/2966 1736/2967 1737/2968 1117/2969
f 1735/2966 1241/1697 1131/1696 1736/2967
f 1737/2970 1738/2971 1739/2972 1123/2973
f 1737/2970 1123/2973 225/1466 1117/1465
f 1737/2974 1736/2975 1136/2976 1738/2977
f 1739/2972 1740/2978 1741/2979 1129/2980
f 1739/2972 1129/2980 1124/2981 1123/2973
f 1739/2982 1738/2983 1742/2984 1740/2985
f 1742/2984 1145/2986 1743/2987 1740/2985
f 1742/2984 1738/2983 1136/1497 1135/1496
f 1742/2984 1135/1496 1139/1504 1145/2986
f 1743/2988 1744/2989 999/1248 998/1247
f 1743/2990 998/2991 1741/2979 1740/2978
f 1743/2992 1145/1512 1144/1511 1744/2993
f 1744/2989 1745/2994 1000/1249 999/1248
f 1744/2993 1144/1511 1746/2995 1745/2996
f 1746/2995 1747/2997 1138/1500 1745/2996
f 1746/2995 1144/1511 228/1507 1748/2998
f 1746/2995 1748/2998 826/926 1747/2997
f 1748/2998 228/1507 1143/1510 1749/2999
f 1748/2998 1749/2999 827/927 826/926
f 1747/2997 1750/3000 829/1501 1138/1500
f 1747/2997 826/926 825/925 1750/3000
f 1750/3001 1751/3002 830/933 829/932
f 1750/3001 825/3003 828/3004 1751/3002
f 1751/3002 1752/3005 833/3006 830/933
f 1751/3007 828/928 1753/3008 1752/3009
f 1753/3010 1754/3011 1755/3012 1752/3005
f 1753/3008 828/928 824/922 142/913
f 1753/3010 142/911 819/910 1754/3011
f 1755/3012 1756/3013 1757/3014 1758/3015
f 1755/3012 1758/3015 833/3006 1752/3005
f 1755/3012 1754/3011 815/3016 1756/3013
f 1758/3017 1757/3018 838/955 835/948
f 1758/3019 835/3020 834/941 833/940
f 1757/3018 1759/3021 839/956 838/955
f 1757/3022 1756/3023 1760/3024 1759/3025
f 1760/3024 1761/3026 858/3027 1759/3025
f 1760/3024 1756/3023 815/903 814/902
f 1760/3024 814/902 717/705 1761/3026
f 1761/3026 1762/3028 149/3029 858/3027
f 1761/3026 717/705 716/704 1762/3028
f 1762/3030 712/694 711/693 149/989
f 1762/3028 716/704 713/697 712/696
f 1759/3021 858/994 845/967 839/956
f 1754/3031 819/3032 816/904 815/903
f 1745/2996 1138/1500 1137/1499 1000/3033
f 1741/3034 998/1247 997/1246 1763/3035
f 1741/2979 1763/3036 1127/3037 1129/2980
f 1763/3035 997/1246 996/1245 1764/3038
f 1763/3036 1764/3039 1128/3040 1127/3037
f 1764/3038 996/1245 1011/3041 1016/3042
f 1764/3039 1016/3043 1765/3044 1128/3040
f 1765/3045 1016/1273 1015/1272 1126/3046
f 1765/3045 1126/3046 1122/1472 1121/1471
f 1765/3044 1121/3047 1124/2981 1128/3040
f 1736/2967 1131/1696 226/1490 1136/1497
f 1243/1700 1234/2951 1224/1655 1223/1654
f 1259/1730 1199/1604 1198/1603 1240/3048
f 1240/1693 256/1692 1233/1694 1232/2707
f 1240/1693 1232/2707 1260/2706 1259/3049
f 1231/3050 1196/3051 1190/3052 1229/3053
f 1231/1678 1229/3054 1226/3055 1228/1679
f 1231/3050 1197/3056 241/3057 1196/3051
f 1229/1671 1190/1587 1189/1586 1193/1596
f 1227/3058 1173/1555 1172/1552 1766/3059
f 1227/1666 1766/3060 1170/1549 1169/1548
f 1766/3060 1167/3061 1149/1518 1170/1549
f 1766/3059 1172/1552 233/1533 1167/1546
f 1225/1669 1169/1548 1165/1543 232/1542
f 1222/3062 249/796 1153/1524 1767/3063
f 1222/3064 1767/3065 1157/1528 1156/1527
f 1222/3064 1156/1527 1188/1582 1187/1581
f 1767/3063 1153/1524 1768/3066 1769/3067
f 1767/3065 1769/3068 1178/3069 1157/1528
f 1769/3070 1768/3071 1770/3072 1771/3073
f 1769/3070 1771/3073 1160/1531 1178/1561
f 1771/3073 1770/3072 1772/3074 1773/3075
f 1771/3073 1773/3075 1161/1532 1160/1531
f 1773/3076 1772/3077 1774/3078 1775/3079
f 1773/3075 1775/3080 1166/1545 1161/1532
f 1775/3081 1774/3082 1776/3083 1151/1520
f 1775/3081 1151/1520 1150/1519 1166/3084
f 1776/3085 1774/3086 1141/1506 1140/1505
f 1776/3085 1140/1505 1134/1495 1133/1494
f 1776/3083 1133/3087 1146/1515 1151/1520
f 1774/3086 1772/3088 1142/3089 1141/1506
f 1772/3090 1770/3091 1777/3092 1142/1509
f 1777/3092 1778/3093 1143/1510 1142/1509
f 1777/3092 1770/3091 1768/3066 1154/1525
f 1777/3092 1154/1525 1152/1522 1778/3093
f 1778/3093 139/3094 1749/2999 1143/1510
f 1778/3093 1152/1522 140/1521 139/3094
f 1768/3066 1153/1524 230/1523 1154/1525
f 1219/1645 1158/1529 1177/3095 1779/3096
f 1219/1645 1779/3096 1175/3097 1180/3098
f 1779/3099 1177/1560 1164/1541 1163/1540
f 1779/3099 1163/1540 1171/1551 1175/1557
f 1218/3100 1217/2918 761/793 760/792
f 1218/3100 760/792 763/3101 1780/3102
f 1218/3100 1780/3102 1207/1618 1209/1620
f 1780/3103 763/799 1187/1652 1186/3104
f 1780/3102 1186/1580 1185/1579 1207/1618
f 1216/2909 1727/2908 1217/1637 245/1636
f 1211/2891 1183/3105 1192/1594 1206/1613
f 1205/3106 1195/1599 1194/1598 1203/3107
f 1196/3051 1195/1616 1191/1615 1190/3052
f 1220/1648 1188/1582 1156/1527 1155/1526
f 1220/1648 1181/1647 238/1577 1188/1582
f 1178/3069 1177/3095 1158/1529 1157/1528
f 1170/1549 1149/1518 1148/1517 1168/1547
f 1168/1547 1148/1517 1147/1516 1165/1543
f 1167/3061 1166/3084 1150/1519 1149/1518
f 1147/1516 1146/1515 1133/3087 1132/1544
f 1140/1505 1139/1504 1135/1496 1134/1495
f 1137/3108 1012/3109 995/1244 1000/1249
f 1126/1479 1125/1478 1781/3110 1122/3111
f 1781/3110 1125/1478 1017/1481 1113/3112
f 1781/3113 1113/3114 1114/3115 1782/3116
f 1781/3113 1782/3116 1119/3117 1122/3118
f 1782/3119 1114/3120 1783/3121 1784/3122
f 1782/3119 1784/3122 1120/3123 1119/3124
f 1784/3122 1783/3121 1785/3125 1786/3126
f 1784/3122 1786/3126 1787/3127 1120/3123
f 1787/3128 1786/3129 1099/1425 1788/3130
f 1787/3131 1788/3132 1789/3133 1118/3134
f 1787/3131 1118/3134 223/1463 1120/1469
f 1789/3133 1788/3132 210/1371 1078/1375
f 1789/3135 1078/3136 1067/3137 1071/1436
f 1789/3135 1071/1436 1101/1435 1118/3138
f 1788/3130 1099/1425 1079/1377 210/1376
f 1786/3129 1785/3139 1097/1426 1099/1425
f 1785/3140 1783/3141 1029/3142 1790/3143
f 1785/3140 1790/3143 1098/1423 1097/1422
f 1790/3143 1029/3142 1028/1446 1107/1445
f 1790/3143 1107/1445 1104/1442 1098/1423
f 1783/3141 1114/3144 1030/3145 1029/3142
f 1115/1461 1100/1432 1068/1431 1070/3146
f 1112/3147 1111/1453 1103/1441 219/1440
f 1112/1456 219/1438 1102/1439 1791/3148
f 1112/1456 1791/3148 1106/1444 1108/1447
f 1791/3148 1102/1439 1105/1443 1104/1442
f 1791/3148 1104/1442 1107/1445 1106/1444
f 1111/1453 1110/1452 1792/3149 1103/1441
f 1792/3149 1110/1452 1039/1309 1038/1308
f 1792/3149 1038/1308 1793/3150 1794/3151
f 1792/3149 1794/3151 1060/1342 1103/1441
f 1794/3152 1793/3153 1054/1330 1053/1329
f 1794/3152 1053/1329 1058/3154 1060/3155
f 1793/3150 1038/1308 1037/1307 1795/3156
f 1793/3153 1795/3157 1796/3158 1054/1330
f 1796/3159 1795/3160 1797/3161 1798/3162
f 1796/3158 1798/3163 1031/1295 1033/1297
f 1796/3158 1033/1297 1055/1331 1054/1330
f 1798/3163 1797/3164 1026/1285 1025/1284
f 1798/3163 1025/1284 1024/1283 1031/1295
f 1797/3165 1041/1311 1019/1277 1026/3166
f 1797/3165 1795/3156 1037/1307 1041/1311
f 1110/1452 1109/1451 1042/1312 1039/1309
f 1109/1451 1010/3167 1022/1280 1042/1312
f 221/1448 1027/1291 1008/1265 1007/1264
f 221/1454 1108/1447 1028/1446 1027/3168
f 1105/3169 1102/3170 1094/1407 1093/1406
f 1095/1429 1091/1395 1080/1378 1079/1377
f 1086/1386 1050/1321 1049/1323 1084/1384
f 1078/1375 1064/1348 207/1344 1067/1353
f 1059/3171 1052/1328 1055/1331 1035/3172
f 1059/3171 1035/3172 1034/3173 1045/3174
f 1059/3171 1058/3154 1053/1329 1052/1328
f 1055/3175 1033/3176 1032/1302 1035/1301
f 206/1336 1045/1339 1044/3177 1046/3178
f 1043/1313 1036/1303 1799/3179 1800/3180
f 1043/3181 1800/3182 948/1145 942/3183
f 1800/3180 1799/3179 975/1203 978/1206
f 1800/3182 978/3184 949/1146 948/1145
f 1799/3179 1036/1303 201/1222 986/1221
f 1799/3179 986/1221 976/1204 975/1203
f 1042/1312 1022/1280 1020/1278 1040/1310
f 1041/1311 1040/1310 1020/1278 1019/1277
f 1026/3166 1019/1277 1018/1276 1023/3185
f 1024/1283 1003/1254 1002/1253 987/1225
f 1023/3185 1018/1276 1005/1258 1004/1257
f 1022/1280 1010/3167 1009/3186 1021/1279
f 1012/3109 1011/3041 996/1245 995/1244
f 1002/1253 1001/1252 983/1226 987/1225
f 1001/3187 832/936 831/935 988/1228
f 1001/3187 988/1228 984/1230 983/3188
f 994/3189 1801/3190 990/3191 992/3192
f 994/3193 979/3194 977/3195 1801/3196
f 1801/3197 1802/3198 989/1229 990/1231
f 1801/3197 977/3199 976/3200 1802/3198
f 1802/3198 985/3201 984/1230 989/1229
f 1802/3198 976/3200 986/3202 985/3201
f 993/1240 876/1242 879/1210 980/1209
f 991/1235 874/1234 155/3203 877/1239
f 982/1216 901/1215 900/3204 940/3205
f 982/3206 940/1133 1803/3207 954/1159
f 982/1216 954/3208 953/3209 187/1213
f 1803/3207 940/1133 939/1132 1804/3210
f 1803/3207 1804/3210 961/3211 955/1161
f 1803/3207 955/1161 177/1160 954/1159
f 1804/3212 939/1136 941/1135 1805/3213
f 1804/3212 1805/3213 970/3214 961/3215
f 1805/3213 941/1135 905/1070 904/1069
f 1805/3213 904/1069 906/3216 970/3214
f 981/3217 878/1030 880/1032 1806/3218
f 981/3219 1806/3220 163/1059 901/1063
f 1806/3221 880/3222 161/1019 887/1043
f 1806/3221 887/1043 898/3223 163/3224
f 978/3184 952/3225 950/1148 949/1146
f 973/1194 944/1140 943/1139 974/1195
f 973/1194 972/1193 945/1141 944/1140
f 971/2486 960/1168 959/1167 968/1188
f 965/1179 906/1072 903/1067 908/1079
f 965/1179 908/1079 1807/3226 180/1177
f 1807/3226 908/1079 907/1078 910/1082
f 1807/3227 910/3228 400/59 912/1088
f 1807/3227 912/1088 405/67 180/1176
f 964/1174 403/64 399/58 398/57
f 950/1154 176/1153 969/1189 974/3229
f 951/3230 175/3231 950/3232 974/3233
f 951/1150 974/3234 943/3235 947/1151
f 948/1145 947/1144 943/3236 942/3183
f 941/1135 938/1130 1808/3237 905/1070
f 1808/3237 938/1130 899/1129 892/3238
f 1808/3239 892/1053 890/1049 166/1052
f 1808/3237 166/3240 902/1071 905/1070
f 937/1126 936/1125 1809/3241 933/3242
f 937/1126 933/3242 926/3243 171/1113
f 1809/3241 862/999 861/998 1810/3244
f 1809/3241 1810/3244 931/3245 933/3242
f 1809/3241 936/1125 863/1000 862/999
f 1810/3246 861/3247 867/3248 1811/3249
f 1810/3246 1811/3249 932/1118 931/1117
f 1811/3249 867/3248 866/3250 1812/3251
f 1811/3249 1812/3251 1813/3252 932/1118
f 936/1125 935/1124 1814/3253 863/1000
f 1814/3253 889/3254 160/1001 863/1000
f 1814/3255 935/3256 1815/3257 1816/3258
f 1814/3255 1816/3258 885/1040 889/3259
f 1816/3258 1815/3257 1817/3260 1818/3261
f 1816/3258 1818/3261 886/1041 885/1040
f 1818/3261 1817/3260 895/1056 894/1055
f 1818/3261 894/1055 897/1058 886/1041
f 1817/3260 1815/3257 934/3262 1819/3263
f 1817/3260 1819/3263 920/1100 895/1056
f 1819/3263 934/3262 490/235 489/232
f 1819/3263 489/232 921/1101 920/1100
f 1815/3264 935/1124 172/1121 934/1123
f 930/1115 929/1114 491/266 490/1122
f 929/1114 925/1108 922/1105 505/267
f 929/1114 505/267 40/261 491/266
f 928/1112 927/1111 710/702 715/701
f 928/1116 715/3265 924/1107 923/1106
f 924/3266 715/701 714/700 1820/3267
f 924/3268 1820/3269 704/685 707/688
f 1820/3269 714/698 713/697 1821/3270
f 1820/3269 1821/3270 705/686 704/685
f 1821/3270 713/697 716/704 105/703
f 1821/3270 105/703 721/717 705/686
f 922/1105 699/1104 506/268 505/267
f 921/1101 489/232 488/231 916/1095
f 921/1101 916/1095 915/1094 918/1098
f 919/1099 918/1098 915/1094 914/3271
f 919/1099 914/3271 911/3272 891/1051
f 919/1099 891/1051 162/1050 896/1057
f 917/1096 916/1095 488/231 1822/3273
f 917/1096 1822/3273 394/46 393/45
f 917/1096 393/45 913/3274 168/1093
f 1822/3273 488/231 487/230 502/260
f 1822/3273 502/260 501/259 394/46
f 914/3271 913/3274 1823/3275 911/3272
f 1823/3275 913/3274 393/45 392/50
f 1823/3276 392/3277 402/61 401/60
f 1823/3276 401/60 909/1086 911/1085
f 910/3228 909/1086 401/60 400/59
f 898/3223 887/1043 884/1038 883/1037
f 898/1060 883/1042 886/1041 897/1058
f 889/3278 885/3279 158/3280 882/3281
f 875/1025 859/995 850/973 849/972
f 875/1029 849/3282 871/3283 869/1010
f 874/1021 837/951 144/950 843/1022
f 872/1014 871/1013 849/3284 848/3285
f 872/1014 848/3285 847/987 856/985
f 873/1015 855/3286 888/1044 154/1012
f 859/995 841/960 851/974 850/973
f 851/974 841/960 840/959 844/3287
f 827/927 1749/2999 139/3094 141/924
f 823/919 1824/3288 821/3289 820/920
f 823/919 119/783 755/3290 1824/3288
f 1824/3288 1825/3291 822/3292 821/3289
f 1824/3288 755/3290 1826/3293 1825/3291
f 1826/3293 1827/3294 1828/3295 1825/3291
f 1826/3296 755/779 753/776 1829/3297
f 1826/3296 1829/3297 1830/3298 1827/3299
f 1830/3300 1831/3301 1832/3302 1827/3303
f 1830/3298 1829/3297 1833/3304 1834/3305
f 1830/3300 1834/3306 1835/3307 1831/3301
f 1835/3308 1836/3309 1837/3310 1831/3311
f 1835/3307 1834/3306 764/808 768/807
f 1835/3308 768/3312 1838/3313 1836/3309
f 1838/3313 783/3314 782/3315 1836/3309
f 1838/3313 768/3312 767/3316 1839/3317
f 1838/3313 1839/3317 777/824 783/3314
f 1839/3317 767/3316 1840/3318 1841/3319
f 1839/3317 1841/3319 775/822 777/824
f 1841/3320 1840/3321 1842/3322 1843/3323
f 1841/3319 1843/3324 776/823 775/822
f 1843/3323 1842/3322 1844/3325 1845/3326
f 1843/3324 1845/3327 660/579 776/823
f 1845/3326 1844/3325 1846/3328 1847/3329
f 1845/3327 1847/3330 658/577 660/579
f 1847/3329 1846/3328 1848/3331 1849/3332
f 1847/3330 1849/3333 659/578 658/577
f 1849/3334 1848/3335 637/531 636/530
f 1849/3336 636/3337 638/3338 659/3339
f 1848/3335 1846/3340 649/3341 648/562
f 1848/3335 648/562 609/478 637/531
f 1846/3328 1844/3325 748/769 649/564
f 1844/3325 1842/3322 749/770 748/769
f 1842/3322 1840/3321 750/771 749/770
f 1840/3321 767/806 121/805 750/771
f 1837/3310 785/3342 1850/3343 1851/3344
f 1837/3310 1851/3344 1832/3345 1831/3311
f 1837/3310 1836/3309 782/3315 785/3342
f 1851/3344 1850/3343 1852/3346 1853/3347
f 1851/3344 1853/3347 1854/3348 1832/3345
f 1854/3348 1853/3347 811/897 1855/3349
f 1854/3348 1855/3349 1856/3350 1828/3351
f 1854/3348 1828/3351 1827/3352 1832/3345
f 1856/3350 1855/3349 812/900 1857/3353
f 1856/3354 1857/3355 818/3356 822/3292
f 1856/3354 822/3292 1825/3291 1828/3295
f 1857/3357 812/3358 136/3359 816/3360
f 1857/3353 816/904 819/3032 818/3361
f 1855/3349 811/897 137/896 812/900
f 1853/3347 1852/3346 798/898 811/897
f 1852/3346 1858/3362 129/855 798/898
f 1852/3346 1850/3343 1859/3363 1858/3362
f 1859/3363 789/867 799/866 1858/3362
f 1859/3363 1850/3343 785/3342 784/3364
f 1859/3363 784/3364 786/3365 789/867
f 1858/3362 799/866 793/856 129/855
f 1834/3305 1833/3304 765/3366 764/3367
f 1833/3304 1829/3297 753/776 752/775
f 1833/3304 752/775 754/778 765/3366
f 817/3368 1860/3369 719/3370 813/3371
f 817/3372 807/905 805/879 804/878
f 817/3368 804/3373 806/881 1860/3369
f 1860/3369 746/766 106/3374 719/3370
f 1860/3369 806/881 744/763 746/766
f 810/891 809/890 739/757 741/756
f 810/891 741/756 803/876 808/888
f 809/893 797/863 740/753 739/752
f 806/881 804/3373 801/3375 743/760
f 803/876 741/756 736/740 735/739
f 131/870 796/862 112/3376 738/871
f 800/3377 728/724 1861/3378 1862/3379
f 800/869 1862/3380 732/733 731/732
f 800/3377 788/3381 729/725 728/724
f 1862/3382 1861/3383 1863/3384 1864/3385
f 1862/3382 1864/3385 745/765 732/764
f 1861/3383 1865/3386 722/3387 1863/3384
f 1861/3388 728/3389 109/721 1865/3390
f 1865/3386 1866/3391 723/3392 722/3387
f 1865/3390 109/721 726/720 1866/3393
f 1866/3391 1867/3394 708/3395 723/3392
f 1866/3393 726/720 701/679 1867/3396
f 1867/3396 1868/3397 709/690 708/689
f 1867/3396 701/679 700/678 1868/3397
f 1868/3397 690/3398 703/3399 709/690
f 1868/3400 700/675 100/645 690/649
f 792/3401 791/3402 772/814 771/813
f 792/853 771/3403 1869/3404 1870/3405
f 792/853 1870/3405 644/3406 643/556
f 1870/3405 1869/3404 1871/3407 1872/3408
f 1870/3405 1872/3408 1873/3409 644/3406
f 1873/3409 1872/3408 630/3410 1874/3411
f 1873/3409 1874/3411 662/3412 1875/3413
f 1873/3414 1875/3415 645/550 644/549
f 1875/3413 662/3412 661/3416 1876/3417
f 1875/3413 1876/3417 108/553 645/552
f 1876/3417 1877/3418 725/719 108/553
f 1876/3419 661/3420 668/3421 1877/3422
f 1877/3418 694/3423 702/680 725/719
f 1877/3422 668/3421 692/659 694/658
f 1874/3424 630/521 80/520 641/3425
f 1874/3424 641/3425 663/583 662/582
f 1872/3408 1871/3407 631/534 630/3410
f 1871/3407 1869/3404 778/3426 1878/3427
f 1871/3407 1878/3427 638/535 631/534
f 1878/3427 778/3426 656/575 655/574
f 1878/3427 655/574 659/578 638/535
f 1869/3404 771/3403 770/821 778/3426
f 790/3428 729/3429 788/3430 787/3431
f 790/3432 787/3433 125/3434 781/3435
f 787/3436 786/3437 784/3438 125/3439
f 783/3314 777/824 773/818 779/851
f 776/823 660/579 657/576 774/819
f 748/769 747/768 650/565 649/564
f 1863/3440 722/714 107/713 720/718
f 795/858 794/857 110/731 112/859
f 794/857 793/856 731/732 110/731
f 726/720 725/719 702/680 701/679
f 724/716 706/687 705/686 721/717
f 724/716 723/715 708/689 706/687
f 1864/3441 1863/3442 720/711 106/710
f 1864/3385 106/3374 746/766 745/765
f 709/690 703/3399 696/671 103/670
f 702/680 694/3423 693/3443 101/677
f 698/668 510/280 507/279 506/673
f 698/668 697/667 497/246 496/245
f 698/668 496/245 498/281 510/280
f 695/3444 691/3445 686/638 684/632
f 695/3444 684/632 680/626 678/625
f 689/3446 688/661 671/652 670/3447
f 689/3446 670/3447 685/639 686/638
f 685/639 670/3447 669/3448 682/630
f 683/631 682/630 669/3448 1879/3449
f 683/631 1879/3449 1880/3450 1881/3451
f 683/3452 1881/3453 1882/3454 681/3455
f 1882/3456 1881/3457 1883/3458 675/611
f 1882/3456 675/611 539/340 538/339
f 1882/3454 538/3459 541/3460 681/3455
f 1883/3461 1881/3462 1880/3463 1884/3464
f 1883/3458 1884/3465 1885/3466 1886/3467
f 1883/3458 1886/3467 676/612 675/611
f 1886/3467 1885/3466 629/518 535/334
f 1886/3467 535/334 534/333 676/612
f 1885/3468 1884/3464 673/604 1887/3469
f 1885/3468 1887/3469 1888/3470 629/3471
f 1888/3470 1887/3469 642/3472 639/537
f 1888/3470 639/537 635/528 1889/3473
f 1888/3474 1889/3475 628/517 629/518
f 1889/3473 635/528 634/527 624/3476
f 1889/3475 624/507 623/506 628/517
f 1887/3469 673/604 672/603 642/3472
f 1884/3464 1880/3463 674/605 673/604
f 1880/3450 1879/3449 666/590 674/609
f 1879/3449 669/3448 667/591 666/590
f 679/622 542/616 677/615 524/312
f 679/622 524/312 523/311 511/663
f 677/3477 545/3478 525/3479 522/3480
f 677/615 522/3481 521/310 524/312
f 672/607 664/586 640/540 642/3482
f 664/586 663/585 641/541 640/540
f 653/571 615/3483 611/559 647/558
f 637/531 609/478 608/477 632/532
f 634/527 633/3484 621/3485 624/3476
f 633/525 632/524 608/487 613/486
f 633/525 613/486 618/496 621/3486
f 627/512 1890/3487 622/3488 625/510
f 627/3489 626/516 1891/3490 1892/3491
f 627/3489 1892/3491 1893/3492 1890/3493
f 1893/3494 537/3495 536/3496 1890/3497
f 1893/3498 1892/3499 530/3500 529/3501
f 1893/3494 529/3502 1894/3503 537/3495
f 1894/3504 543/3505 532/331 537/337
f 1894/3503 529/3502 527/318 526/317
f 1894/3506 526/3507 544/353 543/352
f 1892/3499 1891/3508 531/3509 530/3500
f 1891/3490 626/516 547/515 546/3510
f 1891/3508 546/363 550/362 531/3509
f 1890/3497 536/3496 74/499 622/504
f 625/510 622/3488 620/498 591/449
f 623/506 74/505 536/336 51/330
f 620/498 617/3511 616/3512 619/497
f 619/3513 616/494 597/491 596/3514
f 618/496 613/486 612/485 73/493
f 615/2901 607/475 606/474 614/3515
f 614/3515 606/474 593/453 598/457
f 590/445 589/444 548/365 547/515
f 589/444 588/443 551/366 548/365
f 582/433 576/3516 575/420 579/434
f 579/434 575/420 574/419 580/3517
f 61/427 580/430 1895/3518 573/2765
f 1375/1964 584/437 61/427 573/2765
f 1895/3519 563/388 562/416 573/415
f 1895/3520 580/3517 574/419 1896/3521
f 1895/3519 1896/3522 564/389 563/388
f 1896/3521 574/419 465/418 464/3523
f 1896/3521 464/3523 1897/3524 564/3525
f 1897/3524 1898/3526 559/3527 564/3525
f 1897/3524 464/3523 463/3528 1899/3529
f 1897/3524 1899/3529 467/3530 1898/3526
f 1899/3529 463/3528 455/3531 1900/3532
f 1899/3529 1900/3532 468/3533 467/3530
f 1900/3532 455/3531 454/196 474/195
f 1900/3532 474/195 471/194 468/3533
f 1898/3526 1901/3534 560/3535 559/3527
f 1898/3536 467/183 466/182 1901/3537
f 1901/3538 566/394 565/393 560/3539
f 1901/3537 466/182 470/186 566/3540
f 570/407 565/3541 64/2766 63/408
f 57/3542 567/3543 557/3544 556/3545
f 567/398 470/397 469/206 478/205
f 567/3546 478/3547 1902/3548 557/378
f 561/384 560/383 565/3541 570/407
f 561/384 570/407 59/406 562/385
f 557/378 1902/3548 1903/3549 554/373
f 554/373 1903/3549 1904/3550 460/374
f 1904/3551 459/3552 456/173 460/172
f 1904/3550 1903/3549 31/204 477/203
f 1904/3553 477/3554 486/3555 459/168
f 545/3556 544/353 526/3507 525/3557
f 543/3558 540/3559 533/3560 532/3561
f 523/314 519/301 512/304 511/3562
f 518/303 508/274 43/273 512/304
f 518/299 513/287 509/277 508/276
f 516/295 378/26 380/25 515/290
f 516/293 386/37 379/21 378/20
f 513/287 384/32 383/31 509/277
f 509/277 383/31 504/3563 503/278
f 504/3563 383/31 382/30 1905/3564
f 504/3565 1905/3566 500/258 499/257
f 1905/3567 382/28 381/27 1906/3568
f 1905/3566 1906/3569 501/259 500/258
f 1906/3568 381/27 388/39 390/43
f 1906/3569 390/47 394/46 501/259
f 502/260 487/230 492/234 39/256
f 486/3555 485/3570 457/169 459/168
f 485/3570 32/207 458/3571 457/169
f 485/3570 484/3572 479/208 32/207
f 45/3573 483/3574 369/6 368/5
f 483/219 33/218 440/136 434/120
f 483/219 434/120 433/119 369/3575
f 33/218 473/198 441/137 440/136
f 451/154 450/153 428/2248 427/3576
f 451/3577 427/112 431/116 20/3578
f 451/154 20/135 442/138 447/151
f 444/2565 443/3579 430/115 432/117
f 443/3580 438/3581 437/125 436/124
f 443/3579 436/3582 431/116 430/115
f 433/128 366/2 1/1 369/6
f 1605/2468 966/1184 183/1183 423/104
f 422/103 1607/2474 1605/2468 423/104
f 413/3583 407/72 372/10 371/9
f 402/61 392/3277 391/3584 396/62
f 8/51 391/54 388/3585 387/41
f 386/37 368/292 3/13 376/16
f 1903/3549 1902/3548 478/3547 31/204
f 873/3586 872/3587 856/3588 855/3589
f 275/1783 1287/1782 1280/2760 266/3590
f 1480/3591 326/2191 1479/2184 577/3592
f 1479/3593 578/3594 60/421 577/424
f 854/981 864/1007 888/3595 855/984
f 1451/2122 365/3596 317/3597 1435/2123
f 365/3598 1458/3599 1450/2117 317/2116
f 1673/2729 1337/2730 1391/3600 1907/3601
f 1391/3600 1390/3602 1657/3603 1907/3601
f 1657/3603 1656/2622 1673/2729 1907/3601
f 1813/3604 857/990 711/693 1908/3605
f 711/693 710/692 927/3606 1908/3605
f 927/3607 926/1119 932/1118 1908/3608
f 932/1118 1813/3252 1908/3608
f 865/1003 148/978 150/977 857/3609
f 865/1003 853/1002 147/975 148/978
f 153/996 888/3595 864/1007 860/997
f 151/993 1909/3610 845/967
f 151/3611 847/970 846/969 1909/3612
f 846/969 851/974 844/3287 1909/3612
f 844/966 845/967 1909/3610
f 1910/3613 1911/3614 1912/3615 1913/3616
f 1910/3617 1913/3618 1914/3619 1915/3620
f 1910/3621 1915/3622 1916/3623 1911/3624
f 1916/3623 1917/3625 1918/3626 1911/3624
f 1916/3623 1915/3622 1919/3627 1920/3628
f 1916/3623 1920/3628 1921/3629 1917/3625
f 1921/3629 1922/3630 1923/3631 1917/3625
f 1921/3629 1920/3628 1924/3632 1925/3633
f 1921/3629 1925/3633 1926/3634 1922/3630
f 1926/3634 1927/3635 1928/3636 1922/3630
f 1926/3634 1925/3633 1929/3637 1930/3638
f 1926/3634 1930/3638 1931/3639 1927/3635
f 1931/3639 1932/3640 1933/3641 1927/3635
f 1931/3639 1930/3638 1934/3642 1935/3643
f 1931/3639 1935/3643 1936/3644 1932/3640
f 1934/3642 1930/3638 1929/3637 1937/3645
f 1937/3645 1929/3637 1938/3646 1939/3647
f 1939/3647 1938/3646 1940/3648 1941/3649
f 1941/3649 1940/3648 1942/3650 1943/3651
f 1942/3650 1940/3648 1944/3652 1945/3653
f 1945/3653 1944/3652 1919/3627 1946/3654
f 1946/3655 1919/3656 1915/3657 1914/3658
f 1944/3652 1924/3632 1920/3628 1919/3627
f 1944/3652 1940/3648 1938/3646 1924/3632
f 1938/3646 1929/3637 1925/3633 1924/3632
f 1933/3641 1947/3659 1928/3636 1927/3635
f 1947/3659 1948/3660 1949/3661 1928/3636
f 1949/3661 1948/3660 1950/3662 1951/3663
f 1949/3661 1951/3663 1952/3664 1923/3631
f 1949/3661 1923/3631 1922/3630 1928/3636
f 1952/3665 1951/3666 1953/3667 1954/3668
f 1952/3665 1954/3668 1955/3669 1918/3670
f 1952/3664 1918/3626 1917/3625 1923/3631
f 1955/3669 1912/3615 1911/3614 1918/3670
f 1953/3671 1951/3672 1950/3673 1956/3674
f 1956/3674 1950/3673 1957/3675
