# Blender 5.0.1
# www.blender.org
mtllib tripo_convert_d700d58f-2a65-4085-beac-ce4486724970.mtl
o tripo_node_d700d58f-2a65-4085-beac-ce4486724970
v 0.000392 -0.042751 0.120178
v 0.000945 0.078316 0.043655
v 0.002125 -0.056862 0.314514
v 0.002125 -0.056862 0.314514
v 0.002125 -0.056862 0.314514
v 0.002125 -0.056862 0.314514
v 0.002125 -0.056862 0.314514
v 0.002125 -0.056862 0.314514
v 0.002125 -0.056862 0.314514
v 0.002190 -0.014337 0.074776
v 0.002311 0.098160 -0.010613
v 0.002832 -0.104950 0.257111
v 0.002928 -0.100441 -0.380707
v 0.003230 -0.004176 -0.074654
v 0.004448 -0.030819 0.050163
v 0.004469 -0.103004 -0.313660
v 0.004987 -0.048645 0.024473
v 0.005140 -0.143066 0.155853
v 0.005285 -0.011563 -0.101410
v 0.005483 -0.052975 -0.021555
v 0.005538 -0.003723 0.068550
v 0.005878 0.081367 -0.058849
v 0.006012 -0.056408 0.313232
v 0.006150 -0.056816 0.312775
v 0.006150 -0.056816 0.312775
v 0.006150 -0.056816 0.312775
v 0.006150 -0.056816 0.312775
v 0.006335 0.066391 -0.063995
v 0.006358 -0.099724 0.380859
v 0.006905 0.023552 -0.078850
v 0.007428 0.091980 0.025328
v 0.007704 -0.022972 -0.088913
v 0.007845 -0.022320 -0.066208
v 0.007954 -0.025251 0.063011
v 0.009173 0.091621 -0.035053
v 0.009852 0.077126 0.053524
v 0.009923 0.011104 0.072380
v 0.010665 -0.068398 0.021313
v 0.012873 0.082390 -0.051228
v 0.013415 -0.018244 0.092003
v 0.013435 -0.018286 -0.093040
v 0.013563 -0.061649 0.308502
v 0.014438 -0.164139 0.169952
v 0.014454 -0.203354 0.059837
v 0.014744 -0.056824 0.308990
v 0.014769 -0.094772 -0.383301
v 0.015646 -0.021141 0.109016
v 0.016031 -0.099129 -0.383911
v 0.016535 -0.057419 -0.382233
v 0.017586 -0.215485 -0.016338
v 0.017633 -0.057407 0.380707
v 0.018114 -0.024832 -0.083023
v 0.018497 -0.031141 -0.112122
v 0.018721 0.049507 0.072426
v 0.019089 -0.177017 0.209976
v 0.020548 -0.089813 0.053543
v 0.021017 0.036022 0.073982
v 0.021931 -0.166153 0.236572
v 0.022469 0.043720 -0.084496
v 0.022476 0.057903 -0.073669
v 0.022675 -0.083717 0.489868
v 0.023331 0.034359 0.081482
v 0.023373 -0.056072 0.345337
v 0.023373 -0.056072 0.345337
v 0.023373 -0.056072 0.345337
v 0.023394 -0.102676 0.345154
v 0.023527 0.058472 0.065353
v 0.023911 0.028482 -0.083778
v 0.023985 -0.102371 -0.345886
v 0.023991 0.082283 0.049366
v 0.024353 -0.056095 -0.345642
v 0.024799 -0.017191 -0.084061
v 0.024881 -0.057034 0.308441
v 0.025179 -0.098747 -0.383575
v 0.025511 -0.017202 0.079094
v 0.026299 -0.129730 -0.127899
v 0.026337 -0.109886 -0.043907
v 0.026899 -0.011950 -0.077217
v 0.026974 -0.102066 0.308105
v 0.027222 0.061089 0.072151
v 0.027298 -0.052814 0.019472
v 0.027874 -0.113747 0.043427
v 0.028004 -0.040062 0.031860
v 0.028553 -0.112556 -0.060101
v 0.028570 0.072502 -0.064636
v 0.028820 -0.031105 0.083580
v 0.029432 -0.169983 -0.106995
v 0.029516 -0.039875 0.077187
v 0.029812 -0.034290 0.093132
v 0.029922 -0.148804 0.119568
v 0.030029 -0.049908 -0.024338
v 0.031693 -0.151337 -0.156662
v 0.032215 -0.104347 0.042240
v 0.032333 -0.109848 0.064003
v 0.032589 -0.056625 0.311157
v 0.032719 -0.045841 -0.050091
v 0.032902 -0.056328 0.034107
v 0.033489 0.027946 0.077995
v 0.033611 -0.095123 -0.456299
v 0.033806 -0.099556 -0.380585
v 0.033863 -0.128540 0.148438
v 0.033867 -0.097839 -0.381775
v 0.034458 -0.061882 0.309326
v 0.034664 -0.057812 0.309937
v 0.034714 -0.106003 -0.045551
v 0.034760 -0.010453 -0.087379
v 0.034988 -0.009134 0.078491
v 0.035515 -0.037212 -0.043312
v 0.035599 -0.013713 0.072189
v 0.035851 -0.145538 0.254303
v 0.036278 0.102097 -0.006289
v 0.036285 -0.171127 -0.233551
v 0.036682 -0.060650 -0.041416
v 0.037189 -0.075493 -0.490631
v 0.037426 -0.059208 0.311188
v 0.037609 -0.097900 -0.380524
v 0.037640 -0.094246 -0.380615
v 0.037739 -0.098572 -0.380096
v 0.037739 -0.098572 -0.380096
v 0.037762 -0.101707 -0.310608
v 0.038010 -0.098007 -0.380219
v 0.038010 -0.098007 -0.380219
v 0.038364 -0.039261 0.113815
v 0.038750 -0.002345 -0.081833
v 0.038754 -0.058041 0.311218
v 0.039005 -0.044270 0.049324
v 0.039314 -0.094810 0.459961
v 0.039387 -0.129486 -0.260651
v 0.039696 -0.097954 -0.379791
v 0.039696 -0.097954 -0.379791
v 0.039696 -0.097954 -0.379791
v 0.039883 -0.057110 0.123497
v 0.040009 -0.058178 0.311768
v 0.040562 -0.057808 -0.311249
v 0.041523 -0.058334 0.312195
v 0.041523 -0.058334 0.312195
v 0.041523 -0.058334 0.312195
v 0.041817 -0.128448 0.126602
v 0.042007 -0.058010 0.306702
v 0.042007 -0.058010 0.306702
v 0.042561 -0.094345 -0.379059
v 0.043404 -0.171097 -0.174240
v 0.043407 -0.213181 0.038097
v 0.043575 -0.097748 -0.391205
v 0.043598 -0.058495 0.313141
v 0.043789 -0.098183 0.379120
v 0.043842 -0.085403 -0.048313
v 0.044003 -0.102150 0.072693
v 0.044128 -0.098213 -0.378326
v 0.044132 -0.059933 0.312805
v 0.044392 -0.026865 0.066414
v 0.044449 -0.057789 0.314026
v 0.044449 -0.057789 0.314026
v 0.044464 -0.066299 -0.485840
v 0.045048 -0.124420 0.063507
v 0.045197 -0.059353 0.313751
v 0.046028 -0.058483 0.314026
v 0.046162 -0.035072 -0.067223
v 0.046726 -0.057720 0.237717
v 0.046787 0.097694 0.028927
v 0.047516 -0.047367 -0.081924
v 0.049042 -0.121658 -0.071304
v 0.049381 0.076996 -0.063492
v 0.049561 -0.193604 0.082153
v 0.050770 -0.181839 -0.203506
v 0.051128 -0.058262 0.165024
v 0.051403 -0.102867 -0.261444
v 0.051830 -0.100327 0.317322
v 0.052113 -0.052383 0.046028
v 0.052246 -0.068390 0.059174
v 0.052704 -0.127869 -0.146591
v 0.052753 -0.031593 0.104942
v 0.053074 -0.089699 0.050667
v 0.053413 -0.035378 0.097504
v 0.053764 -0.066483 0.484528
v 0.054287 -0.061180 -0.473358
v 0.055389 0.004242 -0.083954
v 0.055439 -0.071999 -0.061935
v 0.056301 0.001855 0.076744
v 0.057087 -0.089973 0.480072
v 0.057590 0.084099 0.050144
v 0.057682 -0.132309 -0.052052
v 0.057728 -0.058781 -0.122787
v 0.058865 -0.061256 0.467529
v 0.059021 -0.132416 0.050983
v 0.059250 -0.051407 -0.048496
v 0.060211 -0.033756 -0.103371
v 0.060741 0.059177 -0.081833
v 0.061077 -0.177399 0.182327
v 0.061718 0.004888 0.085228
v 0.061737 -0.121223 0.262726
v 0.061920 0.056393 0.067909
v 0.062012 -0.085579 -0.483948
v 0.062046 0.088356 -0.049294
v 0.062538 -0.047806 0.027233
v 0.062828 0.036102 -0.089111
v 0.062988 0.036171 0.082497
v 0.064507 0.097336 -0.031979
v 0.064575 -0.047634 -0.031536
v 0.065010 -0.098976 -0.331451
v 0.065018 -0.103851 0.049847
v 0.065033 0.056152 0.075478
v 0.065109 -0.060295 0.358551
v 0.065880 -0.097656 -0.356964
v 0.065948 0.033680 -0.083313
v 0.066177 -0.014921 0.073410
v 0.066254 -0.059944 0.332581
v 0.066322 -0.099068 0.334015
v 0.066635 -0.020706 0.068169
v 0.066864 0.056770 -0.075005
v 0.066940 0.035973 0.075348
v 0.067818 -0.059383 0.352631
v 0.067818 -0.059383 0.352631
v 0.068314 -0.094498 -0.049988
v 0.068436 -0.082489 0.482605
v 0.068558 -0.059975 -0.163589
v 0.068581 -0.047630 -0.095497
v 0.068642 -0.009204 -0.087685
v 0.068748 -0.121674 -0.051853
v 0.068764 -0.061993 0.347015
v 0.068764 -0.061993 0.347015
v 0.068764 -0.061993 0.347015
v 0.068764 -0.061993 0.347015
v 0.068771 -0.061607 0.348328
v 0.068832 -0.060982 0.341003
v 0.069084 -0.060223 -0.353546
v 0.069229 -0.063614 0.344910
v 0.069229 -0.063614 0.344910
v 0.069328 -0.123314 0.051048
v 0.069458 -0.022163 0.079254
v 0.069519 -0.158875 -0.250458
v 0.069710 -0.103310 -0.050270
v 0.069778 -0.017996 -0.075546
v 0.069878 -0.214508 -0.042759
v 0.070290 -0.122925 0.073959
v 0.070320 -0.039997 0.052288
v 0.070465 -0.036514 0.044491
v 0.070465 -0.044029 0.207184
v 0.072090 -0.026176 -0.080307
v 0.072563 -0.011509 0.073875
v 0.072693 0.022423 -0.087318
v 0.072731 -0.097176 0.356598
v 0.072945 -0.050697 0.086266
v 0.073372 -0.021820 -0.085884
v 0.073547 -0.061615 0.082329
v 0.073647 -0.044037 -0.207336
v 0.074776 -0.047844 0.184021
v 0.075340 -0.091652 -0.466095
v 0.076256 -0.015879 0.073402
v 0.076324 -0.070175 -0.478638
v 0.076485 -0.054363 0.033600
v 0.077477 -0.100174 0.262024
v 0.077690 -0.016619 -0.081871
v 0.077698 0.026743 0.074394
v 0.081665 -0.060333 -0.032890
v 0.081795 -0.052814 0.094719
v 0.081856 0.097786 0.006382
v 0.081955 -0.009447 0.078926
v 0.081955 -0.009447 0.078926
v 0.082672 -0.090996 0.458130
v 0.082901 -0.087936 0.037796
v 0.083305 -0.016987 0.064903
v 0.083817 -0.074478 0.027807
v 0.083931 0.088684 -0.036396
v 0.083977 -0.089951 0.066963
v 0.084213 -0.191071 -0.089645
v 0.084587 -0.073143 0.027954
v 0.084732 -0.054432 0.066826
v 0.084846 -0.052464 -0.000527
v 0.084969 -0.048004 -0.115791
v 0.084969 -0.066002 0.030869
v 0.085320 -0.052971 0.233414
v 0.085358 -0.065865 0.025896
v 0.085571 -0.067123 -0.461853
v 0.085625 -0.063042 0.351288
v 0.086143 -0.078194 -0.032314
v 0.086357 0.054928 -0.052864
v 0.086456 -0.067261 0.456482
v 0.086739 -0.047600 0.095932
v 0.087265 -0.049156 -0.180649
v 0.087395 -0.146729 0.148651
v 0.087463 -0.183838 0.198685
v 0.087914 -0.073669 0.026764
v 0.087914 -0.073669 0.026764
v 0.088058 0.087891 0.028547
v 0.088112 -0.168625 0.164291
v 0.088371 0.046051 0.047176
v 0.088593 -0.031643 -0.049561
v 0.089233 -0.062668 -0.075508
v 0.089737 -0.063744 0.119087
v 0.089920 -0.134735 0.063889
v 0.089989 -0.083710 -0.462006
v 0.090088 -0.061649 -0.244843
v 0.090378 -0.119614 -0.076241
v 0.090591 -0.049202 0.114037
v 0.090637 -0.007960 -0.072823
v 0.091156 -0.056168 0.113724
v 0.091675 -0.097961 0.031116
v 0.091782 -0.081154 0.462158
v 0.091919 0.056767 0.039017
v 0.092453 0.092522 -0.017679
v 0.092545 -0.069435 -0.437317
v 0.092613 -0.007957 0.070686
v 0.092690 -0.098267 -0.262817
v 0.093277 0.019556 -0.074135
v 0.093575 -0.084503 -0.074051
v 0.093674 -0.029274 -0.060757
v 0.093758 -0.026070 0.055893
v 0.093834 -0.040874 0.027449
v 0.094040 0.068054 -0.057732
v 0.094368 -0.064720 -0.348022
v 0.094460 -0.113861 -0.036705
v 0.094559 -0.097778 -0.027975
v 0.094589 -0.136154 -0.051777
v 0.094604 -0.114578 0.037277
v 0.094673 -0.056797 -0.113853
v 0.095047 0.063644 -0.030785
v 0.095505 -0.064606 0.158539
v 0.095528 -0.076500 -0.008404
v 0.095734 -0.090874 0.365814
v 0.095856 -0.072227 0.075897
v 0.096199 0.065536 0.012117
v 0.096214 0.002953 -0.083191
v 0.096901 -0.122337 0.125320
v 0.096916 0.013809 0.075302
v 0.097488 -0.023659 0.065849
v 0.097565 -0.220398 0.009418
v 0.098022 -0.030914 0.059471
v 0.098228 0.048466 -0.054646
v 0.098236 0.050606 0.061081
v 0.098579 0.055206 -0.065613
v 0.098862 0.014513 0.045273
v 0.098923 -0.089973 -0.355408
v 0.098984 -0.078102 -0.408051
v 0.099670 -0.020689 0.048599
v 0.099861 -0.069260 -0.337067
v 0.100372 0.039700 -0.041168
v 0.100441 0.011217 -0.069229
v 0.101074 0.037819 0.036148
v 0.101448 0.053478 0.053188
v 0.101616 -0.096436 0.000843
v 0.101913 -0.069817 0.332703
v 0.102112 0.069321 0.045036
v 0.102112 -0.058815 -0.094353
v 0.102394 0.018496 -0.043377
v 0.103157 -0.078369 0.370544
v 0.103333 0.035309 -0.026997
v 0.103516 -0.005182 0.059464
v 0.104019 0.031754 0.026171
v 0.104141 -0.120514 -0.125961
v 0.104355 -0.042854 -0.006834
v 0.104721 -0.094604 0.262390
v 0.104889 0.063805 0.009760
v 0.105064 -0.065987 0.248016
v 0.105133 -0.002729 -0.051746
v 0.105133 -0.112816 -0.001334
v 0.106400 -0.134064 -0.067841
v 0.106667 0.020048 0.011543
v 0.107498 0.058426 -0.034580
v 0.107689 0.043106 0.005507
v 0.108253 0.080452 0.004122
v 0.108475 -0.031586 0.035652
v 0.108650 -0.070473 0.250946
v 0.109421 0.009653 -0.022530
v 0.109512 -0.007007 -0.015201
v 0.109810 -0.032669 -0.040482
v 0.109818 -0.046524 0.103935
v 0.110710 0.009222 0.018354
v 0.110992 -0.137146 0.047997
v 0.111015 -0.071106 -0.251984
v 0.111526 -0.085068 -0.259338
v 0.112053 0.019432 -0.004297
v 0.112999 -0.012962 0.033943
v 0.113533 -0.118484 0.141663
v 0.113647 -0.065277 -0.083138
v 0.113754 -0.010270 -0.039963
v 0.114189 -0.051483 -0.094894
v 0.114471 -0.083839 0.258667
v 0.114799 -0.023363 -0.035385
v 0.114822 -0.073395 0.080414
v 0.115700 0.070961 -0.028111
v 0.116531 -0.049320 -0.059395
v 0.116592 -0.000042 0.012836
v 0.116905 -0.062553 0.162613
v 0.117340 -0.202301 0.073616
v 0.117409 -0.175934 0.103729
v 0.117645 -0.071671 -0.117981
v 0.117851 -0.073563 0.152405
v 0.117950 -0.035046 0.017120
v 0.117981 -0.058144 -0.041649
v 0.118042 0.067596 0.019981
v 0.118202 -0.024452 0.029533
v 0.118469 -0.072495 -0.152344
v 0.118874 -0.001229 -0.014073
v 0.118912 -0.048676 0.059525
v 0.119415 -0.072617 0.117241
v 0.119530 -0.048740 -0.103264
v 0.120003 -0.019394 -0.003923
v 0.120163 -0.030170 0.033508
v 0.120789 -0.031139 -0.040752
v 0.121124 -0.051479 0.043865
v 0.123055 -0.073830 -0.039291
v 0.123764 -0.118591 0.041016
v 0.123940 -0.126038 0.073532
v 0.124260 -0.064125 0.084435
v 0.124359 0.014125 -0.003020
v 0.124878 -0.111488 -0.142105
v 0.125992 -0.032284 -0.004370
v 0.126587 -0.050980 -0.067261
v 0.128571 -0.106323 0.123581
v 0.128937 -0.090385 0.145523
v 0.130615 -0.115448 -0.038002
v 0.131393 -0.080475 0.043579
v 0.131607 -0.058857 0.072319
v 0.131790 -0.099037 -0.123535
v 0.132690 -0.086548 0.054558
v 0.133469 -0.085350 -0.051178
v 0.135300 -0.114006 0.026045
v 0.135300 -0.137634 -0.037930
v 0.135498 -0.073715 0.070404
v 0.136292 -0.153229 0.115593
v 0.136703 -0.073608 -0.072289
v 0.137360 -0.116409 -0.000719
v 0.140060 -0.064346 0.087349
v 0.141510 -0.069839 0.036652
v 0.141983 -0.183060 0.227997
v 0.142258 -0.138138 -0.000764
v 0.142426 -0.137222 0.028389
v 0.142471 -0.120766 -0.010943
v 0.142685 -0.127228 0.121407
v 0.144958 -0.064827 0.106163
v 0.145844 -0.053013 -0.232544
v 0.146896 -0.112465 0.268066
v 0.147141 -0.088379 0.146118
v 0.147171 -0.047192 0.211563
v 0.147171 -0.167557 0.249420
v 0.147202 -0.080627 0.258270
v 0.147202 -0.187286 0.214310
v 0.147247 -0.050591 0.181030
v 0.147263 -0.057186 0.237274
v 0.147308 -0.163971 -0.155685
v 0.147324 -0.187576 -0.210159
v 0.147339 -0.066452 0.158752
v 0.147354 -0.095551 -0.144424
v 0.147369 -0.148926 -0.262970
v 0.147385 -0.078041 -0.257111
v 0.147476 -0.045570 -0.199814
v 0.147476 -0.061512 -0.163910
v 0.147491 -0.155151 0.149384
v 0.147507 -0.178406 -0.236908
v 0.147720 -0.125000 0.140152
v 0.147812 -0.179138 0.170792
v 0.147842 -0.111298 -0.268768
v 0.147995 -0.135132 -0.141922
v 0.148193 -0.050503 0.036186
v 0.148392 -0.041451 -0.057293
v 0.148727 -0.054535 0.089447
v 0.149887 -0.185242 -0.183304
v 0.149994 -0.041576 0.057541
v 0.150116 -0.146194 0.263550
v 0.150909 -0.042263 -0.039467
v 0.154831 -0.065163 -0.036797
v 0.158218 -0.062859 0.067070
v 0.158661 -0.058502 -0.069153
v 0.161743 -0.068298 0.073502
v 0.161850 -0.037533 0.032761
v 0.161957 -0.122849 -0.069496
v 0.162079 -0.093727 0.027048
v 0.162628 -0.066017 -0.103180
v 0.162766 -0.096428 -0.029961
v 0.163925 -0.079987 0.007265
v 0.164368 -0.067284 -0.072868
v 0.165375 -0.084572 0.027279
v 0.166443 -0.036587 0.052048
v 0.166611 -0.135101 0.054775
v 0.166840 -0.121864 0.066727
v 0.167114 -0.069092 0.043743
v 0.167160 -0.055618 -0.085365
v 0.167206 -0.165100 -0.109856
v 0.167755 -0.081139 -0.027531
v 0.167816 -0.061012 -0.010193
v 0.168350 -0.062016 -0.081001
v 0.168686 -0.054642 -0.034992
v 0.168854 -0.137329 -0.003539
v 0.170944 -0.037117 -0.054913
v 0.172485 -0.045921 0.035480
v 0.172485 -0.067467 -0.048229
v 0.174149 -0.086334 -0.040928
v 0.174210 -0.039574 -0.037159
v 0.174210 -0.054501 -0.096252
v 0.174210 -0.135666 -0.045910
v 0.174561 -0.042538 -0.016851
v 0.174667 -0.089729 0.035641
v 0.174683 -0.055939 0.097000
v 0.174805 -0.060287 0.025995
v 0.175079 -0.060989 0.075661
v 0.177185 -0.057823 -0.026247
v 0.179276 -0.061592 0.040977
v 0.180176 -0.117188 0.269531
v 0.180344 -0.053886 -0.037128
v 0.181564 -0.214539 0.047482
v 0.181610 -0.047703 0.020464
v 0.182983 -0.046284 0.066025
v 0.183380 -0.117546 -0.052700
v 0.183517 -0.060699 -0.060013
v 0.184113 -0.053276 0.075684
v 0.184250 -0.193481 -0.085526
v 0.184357 -0.060795 -0.165802
v 0.184723 -0.130356 0.035706
v 0.185654 -0.060722 0.056847
v 0.186050 -0.055798 -0.236130
v 0.186600 -0.057556 0.169693
v 0.187027 -0.089386 0.263031
v 0.187347 -0.103874 -0.140289
v 0.187546 -0.064857 0.245392
v 0.187546 -0.132034 -0.269409
v 0.187607 -0.183304 0.230469
v 0.187805 -0.079521 -0.150055
v 0.188171 -0.178070 -0.167877
v 0.188950 -0.197723 0.079231
v 0.189056 -0.183014 0.175949
v 0.189178 -0.063087 0.093781
v 0.189224 -0.048702 -0.194504
v 0.189499 -0.144897 0.142456
v 0.190384 -0.051331 0.221359
v 0.190384 -0.178162 -0.240524
v 0.190430 -0.058239 -0.050114
v 0.190445 -0.086540 0.108833
v 0.190475 -0.113998 0.038277
v 0.190582 -0.078430 0.149918
v 0.191833 -0.122917 -0.021132
v 0.191910 -0.095207 -0.266418
v 0.191971 -0.079247 -0.106499
v 0.192169 -0.157990 -0.259094
v 0.192215 -0.167419 0.251556
v 0.192612 -0.208801 -0.061874
v 0.192627 -0.188660 0.203476
v 0.193314 -0.112289 0.137878
v 0.194107 -0.043423 0.031345
v 0.194473 -0.042118 -0.032993
v 0.194778 -0.042709 -0.045418
v 0.194839 -0.056351 0.059948
v 0.194916 -0.050434 0.052101
v 0.195099 -0.087921 -0.005002
v 0.195251 -0.075897 0.011481
v 0.196442 -0.051144 -0.060421
v 0.197372 -0.064087 -0.006180
v 0.198196 -0.221649 0.010489
v 0.198349 -0.045799 0.044216
v 0.198700 -0.059063 -0.086967
v 0.198868 -0.157761 -0.148926
v 0.199142 -0.164978 0.153595
v 0.199173 -0.050114 0.195206
v 0.199478 -0.055050 0.008672
v 0.199570 -0.134995 -0.140411
v 0.200043 -0.046082 -0.067917
v 0.202423 -0.044556 0.063309
v 0.204361 -0.050137 0.033417
v 0.206436 -0.188293 -0.207840
v 0.207199 -0.048164 -0.024269
v 0.207199 -0.148697 -0.111435
v 0.210037 -0.219986 -0.025057
v 0.212830 -0.052635 -0.069931
v 0.213043 -0.033741 0.000106
v 0.213776 -0.052113 0.068527
v 0.214447 -0.179840 0.094452
v 0.215988 -0.039108 -0.043629
v 0.221313 -0.147964 0.108620
v 0.222107 -0.043163 -0.037460
v 0.222382 -0.042274 0.034218
v 0.224045 -0.039398 0.004129
v 0.226761 -0.144501 0.261597
v 0.230804 -0.118599 0.108971
v 0.235107 -0.098808 0.234573
v 0.235245 -0.089134 0.225479
v 0.235870 -0.133575 0.182968
v 0.236099 -0.146103 -0.172440
v 0.236130 -0.093170 -0.174393
v 0.236191 -0.084114 0.215057
v 0.236191 -0.141418 -0.191147
v 0.236374 -0.092705 0.256866
v 0.236465 -0.119553 -0.164490
v 0.236588 -0.124992 0.225952
v 0.236618 -0.081001 0.195724
v 0.236694 -0.153793 0.180710
v 0.236725 -0.099411 -0.214813
v 0.236786 -0.114822 0.241028
v 0.236832 -0.090668 -0.229279
v 0.236877 -0.121468 -0.226501
v 0.236923 -0.113846 -0.241486
v 0.237000 -0.100479 0.189545
v 0.237030 -0.137711 0.238159
v 0.237198 -0.080627 -0.203445
v 0.237228 -0.121552 -0.181366
v 0.237244 -0.120903 0.179733
v 0.237274 -0.110298 0.182892
v 0.237381 -0.145355 0.171646
v 0.237503 -0.111801 0.223877
v 0.237549 -0.131348 0.165253
v 0.237625 -0.155045 0.222717
v 0.237671 -0.144287 0.204407
v 0.237686 -0.158401 0.191025
v 0.237701 -0.158401 -0.216202
v 0.237762 -0.143936 -0.209351
v 0.237793 -0.102547 -0.189529
v 0.237808 -0.142242 0.212143
v 0.237823 -0.159668 -0.195328
v 0.237900 -0.142090 0.193359
v 0.237976 -0.104813 0.167236
v 0.238159 -0.103561 0.218918
v 0.238159 -0.137817 0.221832
v 0.238464 -0.117142 0.164047
v 0.238495 -0.098267 0.209091
v 0.238571 -0.089539 0.178329
v 0.238724 -0.160141 0.201096
v 0.239655 -0.140594 -0.237518
v 0.240433 -0.063690 0.175293
v 0.240829 -0.137665 -0.224289
v 0.240845 -0.158737 0.211365
v 0.241211 -0.086113 0.151886
v 0.242157 -0.146347 0.147614
v 0.242371 -0.072372 0.241714
v 0.244003 -0.117783 0.143295
v 0.245758 -0.060081 0.215057
v 0.245850 -0.164322 -0.161972
v 0.246323 -0.180237 0.193405
v 0.246490 -0.115570 0.261841
v 0.248611 -0.134811 -0.146194
v 0.249619 -0.058903 -0.198166
v 0.250092 -0.089264 -0.253693
v 0.253693 -0.074341 -0.165512
v 0.253906 -0.107353 -0.146744
v 0.254211 -0.138046 -0.259552
v 0.255035 -0.175125 -0.180374
v 0.255127 -0.216797 0.028126
v 0.256927 -0.116356 0.224243
v 0.256989 -0.167496 0.167740
v 0.257629 -0.176437 0.221283
v 0.259857 -0.083214 0.202713
v 0.259888 -0.070473 -0.232376
v 0.259918 -0.162018 0.240967
v 0.260834 -0.136673 0.236069
v 0.261261 -0.070465 0.223068
v 0.261383 -0.110497 0.237991
v 0.261597 -0.117516 0.182602
v 0.261658 -0.089828 0.246216
v 0.262177 -0.152161 -0.182236
v 0.262268 -0.158157 -0.208847
v 0.262299 -0.109398 0.167084
v 0.262451 -0.115479 -0.239731
v 0.262665 -0.162003 -0.241669
v 0.262817 -0.083405 0.163467
v 0.262970 -0.123932 -0.165359
v 0.262970 -0.142517 0.170914
v 0.263031 -0.137512 0.253418
v 0.263336 -0.066605 0.197861
v 0.263367 -0.143280 -0.102760
v 0.263428 -0.086502 -0.183746
v 0.263763 -0.144974 -0.233429
v 0.264282 -0.111374 -0.255280
v 0.264587 -0.173370 -0.217941
v 0.264740 -0.148148 -0.157928
v 0.264801 -0.159134 0.199829
v 0.264923 -0.089058 -0.227219
v 0.264954 -0.068848 -0.210068
v 0.265106 -0.136169 0.153534
v 0.265381 -0.087563 0.182007
v 0.265594 -0.109680 0.153244
v 0.265778 -0.091766 -0.163498
v 0.265778 -0.154388 0.225143
v 0.265778 -0.168930 0.186569
v 0.265961 -0.209518 0.046070
v 0.266418 -0.111641 0.249451
v 0.266663 -0.105919 0.215073
v 0.266907 -0.085182 0.222061
v 0.268066 -0.047653 0.024811
v 0.268127 -0.128586 -0.185989
v 0.270874 -0.135590 0.190430
v 0.272644 -0.103355 0.198929
v 0.273651 -0.099663 0.094910
v 0.274078 -0.138931 0.207870
v 0.275635 -0.122253 -0.101357
v 0.277924 -0.047260 -0.010951
v 0.278107 -0.188217 0.075348
v 0.279022 -0.136398 0.099342
v 0.279205 -0.088211 -0.087700
v 0.279297 -0.189850 -0.074707
v 0.279663 -0.106880 -0.193390
v 0.280823 -0.114014 -0.218018
v 0.283508 -0.051361 -0.030878
v 0.284760 -0.135971 -0.200516
v 0.288696 -0.119194 0.212372
v 0.289215 -0.122902 0.194809
v 0.290833 -0.211929 -0.032562
v 0.290894 -0.216492 0.003871
v 0.293793 -0.161728 -0.090263
v 0.302399 -0.156967 0.089622
v 0.309174 -0.059639 0.038120
v 0.314392 -0.068993 0.054142
v 0.319336 -0.194336 0.056099
v 0.322540 -0.087036 0.070908
v 0.323364 -0.087532 -0.071663
v 0.328674 -0.066200 -0.041805
v 0.328949 -0.058922 0.015825
v 0.332031 -0.206558 0.021624
v 0.333923 -0.190430 -0.056046
v 0.337128 -0.060181 -0.008629
v 0.341125 -0.121475 0.078896
v 0.341522 -0.152893 -0.078613
v 0.342255 -0.204895 -0.018269
v 0.346405 -0.169540 0.068169
v 0.373779 -0.071884 -0.013028
v 0.374329 -0.075157 0.021496
v 0.374939 -0.124817 -0.065147
v 0.375122 -0.090698 -0.046379
v 0.375305 -0.143692 0.063660
v 0.375305 -0.180756 0.043625
v 0.375458 -0.089775 0.044086
v 0.375549 -0.191086 0.025291
v 0.375580 -0.186646 -0.035999
v 0.376038 -0.169373 -0.053593
v 0.376129 -0.123207 0.062637
v 0.376190 -0.196045 0.000260
v 0.396942 -0.089615 -0.026268
v 0.397247 -0.120888 -0.051064
v 0.399200 -0.178574 0.020348
v 0.399689 -0.086411 0.015186
v 0.401428 -0.178619 -0.017254
v 0.401550 -0.107979 0.040203
v 0.404175 -0.156784 -0.040417
v 0.405701 -0.146790 0.043327
v 0.418671 -0.109848 -0.018730
v 0.423615 -0.122986 0.015281
v 0.425232 -0.152161 0.008688
v 0.427551 -0.139526 -0.014053
v -0.000446 -0.102600 0.314148
v -0.000674 -0.166870 0.106750
v -0.000802 0.086105 -0.034973
v -0.001044 0.090843 0.024395
v -0.001881 0.084953 0.031368
v -0.002730 -0.056366 -0.326355
v -0.003099 -0.056404 0.303619
v -0.003099 -0.056404 0.303619
v -0.003225 -0.058258 0.468353
v -0.003614 -0.010927 0.057735
v -0.004670 -0.010266 -0.064667
v -0.005140 -0.056923 0.319611
v -0.005140 -0.056923 0.319611
v -0.005140 -0.056923 0.319611
v -0.005140 -0.056923 0.319611
v -0.005140 -0.056923 0.319611
v -0.005140 -0.056923 0.319611
v -0.005772 -0.056202 0.321777
v -0.005772 -0.056202 0.321777
v -0.005772 -0.056202 0.321777
v -0.006342 -0.056011 -0.232956
v -0.007208 0.052368 -0.064415
v -0.007894 -0.104790 -0.256622
v -0.008549 -0.059959 0.320465
v -0.008549 -0.059959 0.320465
v -0.008787 -0.003372 0.084801
v -0.009871 -0.056946 0.324005
v -0.010575 -0.011809 0.079796
v -0.010944 -0.056923 0.325775
v -0.010944 -0.056923 0.325775
v -0.012062 0.031975 0.060181
v -0.012356 -0.099403 -0.369049
v -0.012374 -0.060177 0.326630
v -0.012374 -0.060177 0.326630
v -0.012523 -0.048748 0.216705
v -0.014306 -0.057491 -0.359955
v -0.014395 -0.056728 0.331116
v -0.014395 -0.056728 0.331116
v -0.014395 -0.056728 0.331116
v -0.014395 -0.056728 0.331116
v -0.014395 -0.056728 0.331116
v -0.014568 0.069382 -0.045639
v -0.014797 -0.047302 0.198166
v -0.014837 -0.048435 -0.192673
v -0.015124 -0.058002 0.332367
v -0.015124 -0.058002 0.332367
v -0.015460 -0.011489 0.099899
v -0.015642 -0.000671 0.052975
v -0.015863 -0.059948 -0.334473
v -0.016060 -0.056835 -0.335968
v -0.016087 -0.058807 -0.473419
v -0.016169 -0.056950 0.334198
v -0.016418 -0.056660 -0.353485
v -0.016472 -0.059032 -0.356354
v -0.016737 -0.052200 0.180313
v -0.017094 -0.057331 -0.353455
v -0.017353 -0.099953 0.360229
v -0.017359 -0.056328 -0.339752
v -0.017443 -0.057449 -0.351593
v -0.017529 -0.057148 0.354858
v -0.017570 -0.056488 0.339233
v -0.017679 0.000264 0.092216
v -0.018394 -0.057110 -0.343781
v -0.018875 -0.101196 -0.344238
v -0.019009 -0.058186 -0.345795
v -0.019342 -0.102272 0.340485
v -0.019581 0.053497 0.047508
v -0.020205 -0.056412 0.165405
v -0.021053 -0.094528 0.469025
v -0.022635 -0.095566 -0.454285
v -0.023468 -0.008953 -0.097160
v -0.023638 -0.210434 0.020824
v -0.024166 0.073952 -0.012773
v -0.024183 -0.057079 0.317505
v -0.024702 0.039795 -0.053158
v -0.026890 0.006042 -0.048222
v -0.027073 0.024784 0.043854
v -0.027517 0.009808 -0.080635
v -0.028446 -0.005391 0.092415
v -0.029119 0.058563 0.024626
v -0.030405 -0.126541 -0.157227
v -0.031601 -0.190628 0.075363
v -0.031624 0.002937 -0.063591
v -0.032452 -0.065453 0.486115
v -0.033257 -0.048149 -0.210434
v -0.033760 -0.084824 -0.487823
v -0.035416 -0.057301 0.230026
v -0.035816 0.039890 -0.030214
v -0.036427 -0.091652 -0.481232
v -0.036823 0.031494 0.023090
v -0.037277 0.014606 -0.024223
v -0.037933 -0.056854 -0.166687
v -0.038406 -0.094574 0.453644
v -0.038902 0.017000 0.055809
v -0.039135 0.016340 0.012542
v -0.040062 -0.125656 0.126404
v -0.040134 -0.059174 -0.406555
v -0.040340 -0.059715 0.437866
v -0.040848 -0.057301 -0.127655
v -0.041401 -0.094246 0.451263
v -0.041512 -0.039730 -0.121223
v -0.041561 -0.094193 -0.452972
v -0.043461 -0.058067 0.252930
v -0.043484 0.011343 0.044144
v -0.043667 -0.066589 -0.486267
v -0.043736 -0.161163 -0.227280
v -0.043991 -0.058376 0.127182
v -0.044071 -0.098412 -0.352509
v -0.044128 -0.201401 -0.051491
v -0.044273 -0.125443 -0.127014
v -0.044525 -0.143280 0.118790
v -0.044598 -0.058781 0.164383
v -0.045181 -0.167023 -0.199066
v -0.045307 -0.097733 0.361603
v -0.045315 -0.102493 0.254700
v -0.045670 -0.059448 0.258118
v -0.046021 -0.120911 0.251099
v -0.046288 -0.142151 -0.244888
v -0.046783 0.021313 0.062241
v -0.046860 -0.116608 -0.251831
v -0.046871 -0.102501 -0.255310
v -0.046913 -0.058651 -0.259247
v -0.047005 -0.157181 0.230774
v -0.047073 0.007697 0.075073
v -0.047626 -0.134888 0.161255
v -0.047642 -0.166092 0.210419
v -0.047806 -0.164993 0.193436
v -0.047897 -0.148300 0.168976
v -0.048027 -0.149490 -0.169830
v -0.048134 -0.123375 0.158005
v -0.048264 -0.160126 0.181976
v -0.048275 -0.172913 0.095337
v -0.048828 0.024555 -0.029947
v -0.049164 -0.058357 0.260223
v -0.051025 0.027374 -0.048954
v -0.051231 -0.143799 0.242584
v -0.051918 0.018955 -0.012538
v -0.053471 -0.148071 -0.116386
v -0.053650 0.032166 0.012272
v -0.054428 -0.073380 0.488434
v -0.054653 0.013241 -0.066795
v -0.056679 -0.161072 -0.184753
v -0.062073 -0.085815 0.481812
v -0.062775 -0.076813 -0.487457
v -0.063240 0.035492 -0.012681
v -0.063606 -0.061474 0.450012
v -0.063644 -0.059959 0.229919
v -0.064285 -0.051941 0.210144
v -0.064728 0.032921 0.023151
v -0.064827 -0.052254 0.194122
v -0.064980 0.024454 -0.042110
v -0.065323 0.024477 0.042397
v -0.065643 -0.044498 0.121620
v -0.066216 -0.060284 0.250458
v -0.071220 0.031225 -0.004121
v -0.071632 -0.064598 -0.478027
v -0.072716 -0.060356 0.178223
v -0.073502 -0.062767 0.163635
v -0.073639 -0.063293 -0.127914
v -0.073738 -0.062553 -0.172897
v -0.074158 -0.063301 0.127136
v -0.075317 -0.174973 -0.089279
v -0.077713 -0.090912 0.452148
v -0.078766 -0.087082 -0.473480
v -0.079170 -0.062775 -0.396454
v -0.079483 -0.090996 -0.451691
v -0.079811 -0.088776 0.469818
v -0.080498 -0.064346 0.467468
v -0.081894 -0.027487 0.111443
v -0.081909 -0.012739 0.098770
v -0.084854 -0.064346 -0.451721
v -0.085938 -0.064903 0.411224
v -0.086449 -0.076141 0.470917
v -0.087593 -0.097023 0.255829
v -0.087730 -0.087494 0.451355
v -0.087769 -0.021006 -0.106712
v -0.088020 -0.088242 -0.453003
v -0.088966 -0.194275 0.051041
v -0.091026 -0.072975 -0.465668
v -0.091599 -0.072075 0.451202
v -0.092400 -0.088623 -0.387848
v -0.092453 -0.097229 -0.248627
v -0.093605 0.010252 0.068642
v -0.094109 -0.065544 0.258331
v -0.094650 -0.110855 0.159012
v -0.094978 -0.088272 0.360962
v -0.095970 -0.070030 0.126816
v -0.096191 -0.065102 -0.233322
v -0.096352 -0.159088 0.186768
v -0.096664 -0.094826 -0.257690
v -0.097351 -0.069740 -0.351837
v -0.098007 -0.109535 0.125336
v -0.098114 0.001478 -0.081772
v -0.098129 -0.109337 -0.126907
v -0.098557 -0.108650 -0.160477
v -0.099167 -0.095673 0.247055
v -0.099625 -0.071632 -0.127411
v -0.100349 -0.067390 0.175644
v -0.100822 -0.091240 0.256256
v -0.101509 -0.067772 -0.259735
v -0.101517 -0.078369 0.354004
v -0.101578 -0.069618 0.258392
v -0.101685 -0.199203 0.022934
v -0.101921 -0.073799 0.166718
v -0.102013 -0.071846 -0.173050
v -0.102425 -0.078407 -0.342224
v -0.105179 -0.199936 -0.016832
v -0.105476 -0.188095 -0.058842
v -0.105568 -0.086098 -0.257996
v -0.105644 -0.124649 0.119843
v -0.106140 -0.070938 0.235413
v -0.106621 -0.079247 0.256958
v -0.107254 -0.093742 0.163071
v -0.107742 -0.084190 -0.165955
v -0.108047 -0.089317 -0.127579
v -0.108208 -0.088051 0.126999
v -0.109108 -0.081223 -0.242096
v -0.109642 -0.075554 0.171539
v -0.111008 -0.052029 0.121277
v -0.111099 -0.174637 0.078537
v -0.114815 -0.156799 0.222443
v -0.116379 0.029633 -0.016747
v -0.116737 -0.161057 0.202927
v -0.121803 -0.144165 -0.172699
v -0.122177 -0.149536 -0.232452
v -0.124092 0.029646 0.015098
v -0.124214 0.016218 -0.054241
v -0.126724 -0.059719 0.183823
v -0.130707 -0.147369 0.102722
v -0.131622 -0.061554 -0.121834
v -0.131866 -0.141617 0.171051
v -0.134537 -0.159546 -0.210129
v -0.134689 -0.040512 -0.113823
v -0.136246 -0.054768 0.201187
v -0.140274 -0.098824 0.120621
v -0.140976 -0.055130 -0.208572
v -0.141418 -0.136887 -0.107773
v -0.142487 -0.006206 0.083458
v -0.142853 0.036587 -0.006088
v -0.143005 -0.102142 0.245697
v -0.144943 -0.124649 -0.244522
v -0.145767 -0.075134 0.120247
v -0.146469 0.026039 -0.027090
v -0.149475 0.009728 0.060440
v -0.150620 -0.060760 0.221420
v -0.151215 -0.012703 -0.090057
v -0.151321 0.034149 0.017754
v -0.152512 -0.066277 -0.230072
v -0.153320 -0.068947 0.177216
v -0.153381 -0.151077 0.187485
v -0.154251 -0.155273 0.209213
v -0.154419 -0.025417 0.099518
v -0.155380 -0.052410 0.113792
v -0.156708 -0.118057 -0.164917
v -0.157822 -0.084641 -0.170395
v -0.158005 -0.062965 -0.183823
v -0.158066 -0.092995 0.165970
v -0.158966 0.054985 0.003036
v -0.159653 -0.104630 -0.245590
v -0.159836 -0.122871 0.241653
v -0.161774 0.047096 -0.015307
v -0.162918 -0.175888 0.056641
v -0.163544 -0.138596 0.233307
v -0.163742 0.022568 0.031754
v -0.166885 0.030987 -0.024750
v -0.167099 0.049458 0.018669
v -0.168381 -0.185944 0.021322
v -0.168625 -0.079872 0.235077
v -0.168961 -0.060337 0.207199
v -0.169235 -0.120544 0.167526
v -0.171097 -0.138397 0.177277
v -0.171646 0.029739 0.025457
v -0.172440 -0.177368 -0.049862
v -0.173050 -0.154388 0.082596
v -0.177933 -0.064934 0.190979
v -0.178284 -0.148666 -0.196030
v -0.179321 -0.136276 -0.178711
v -0.180847 -0.139236 -0.229935
v -0.181396 -0.144653 0.218414
v -0.183731 0.004997 -0.060143
v -0.185165 -0.088852 -0.112556
v -0.185394 -0.152542 -0.081131
v -0.186249 -0.183044 -0.010801
v -0.187134 -0.111786 0.106331
v -0.191162 -0.066254 -0.208237
v -0.196701 -0.108131 -0.105354
v -0.198380 -0.005391 0.069237
v -0.202225 -0.133057 0.185791
v -0.202438 -0.138779 0.199280
v -0.202789 -0.104340 0.235062
v -0.202927 -0.098907 -0.175339
v -0.203323 0.017214 -0.033966
v -0.203369 -0.108307 0.174026
v -0.203796 -0.077866 0.220779
v -0.203873 0.015911 0.033321
v -0.205017 0.113350 -0.018854
v -0.206070 -0.116692 -0.232346
v -0.206207 -0.107819 0.178665
v -0.206223 -0.096901 0.229584
v -0.206284 -0.128571 0.189346
v -0.206589 -0.075432 0.205185
v -0.206589 -0.076454 -0.210556
v -0.206635 -0.085716 -0.227005
v -0.206650 -0.114075 -0.178329
v -0.206680 -0.121399 0.227203
v -0.206772 0.026218 0.029404
v -0.206772 -0.132706 0.215652
v -0.206787 0.026720 -0.029818
v -0.207214 -0.088341 0.181274
v -0.207321 -0.087265 -0.182922
v -0.207870 -0.135681 -0.205795
v -0.208496 -0.049385 0.099953
v -0.210236 0.148041 -0.004903
v -0.211960 0.146637 0.008501
v -0.214096 0.061138 -0.027571
v -0.214127 -0.079033 0.104057
v -0.214279 0.060345 0.026838
v -0.216202 0.101974 0.022795
v -0.216415 0.107803 0.018536
v -0.217911 0.115013 0.021160
v -0.218002 0.117012 -0.021324
v -0.218140 0.117058 -0.018721
v -0.218842 0.114250 -0.022177
v -0.218872 0.118454 -0.021061
v -0.218872 0.118454 -0.021061
v -0.219025 0.097481 0.024054
v -0.219177 0.093552 -0.024702
v -0.221619 0.007555 -0.043095
v -0.221817 0.126312 -0.020897
v -0.221817 0.126312 -0.020897
v -0.222610 -0.032600 -0.087593
v -0.222855 0.154968 -0.013849
v -0.223053 -0.000270 0.053295
v -0.224396 0.009324 0.038116
v -0.225174 0.135178 0.020082
v -0.225662 -0.171692 0.006870
v -0.227203 -0.060558 -0.098740
v -0.227219 0.082405 0.026493
v -0.227234 -0.006520 -0.062004
v -0.228592 -0.007095 0.060379
v -0.230011 -0.138519 0.075012
v -0.231644 0.140182 0.016970
v -0.231964 0.007710 0.067299
v -0.233414 0.012425 0.034157
v -0.234436 -0.011333 0.063286
v -0.234680 -0.082878 -0.213867
v -0.235016 -0.126984 0.213287
v -0.235626 -0.120476 0.086456
v -0.235641 -0.086937 0.189026
v -0.235748 -0.084946 0.217590
v -0.235825 -0.102165 -0.227600
v -0.235840 -0.126495 -0.216080
v -0.235855 -0.121819 -0.188126
v -0.235855 -0.121956 0.187439
v -0.235870 -0.088203 -0.189529
v -0.235870 -0.113144 0.224579
v -0.236313 -0.025072 0.075836
v -0.236877 -0.006758 0.084236
v -0.236893 -0.128220 -0.081329
v -0.238754 -0.164642 0.026066
v -0.239273 0.072937 -0.028940
v -0.239822 0.072556 0.028444
v -0.242020 0.145508 0.020792
v -0.244049 0.191132 -0.000193
v -0.244110 0.145721 -0.022175
v -0.247696 0.007222 0.110352
v -0.249603 -0.006275 -0.117424
v -0.250336 -0.014170 -0.061478
v -0.251984 0.107262 0.027578
v -0.252045 0.014634 -0.034435
v -0.252472 0.197037 -0.000497
v -0.252502 0.105858 -0.028700
v -0.254639 0.001262 -0.133850
v -0.255096 -0.150024 0.047909
v -0.255524 0.103889 0.028332
v -0.256958 0.012001 0.116753
v -0.257599 -0.090096 0.088379
v -0.257782 -0.085785 -0.089401
v -0.257996 -0.106911 -0.084305
v -0.258453 -0.000158 0.142075
v -0.258575 0.184418 -0.017872
v -0.259003 0.189163 0.015690
v -0.259247 -0.009779 -0.131531
v -0.259644 -0.006362 0.139084
v -0.260254 0.070503 0.029982
v -0.261597 0.071060 -0.030920
v -0.261688 0.189987 -0.014865
v -0.262115 0.146454 0.023865
v -0.264801 0.145432 -0.024101
v -0.266327 0.010851 -0.148239
v -0.266846 0.143646 0.022978
v -0.266846 0.143646 0.022978
v -0.266846 0.143646 0.022978
v -0.267609 -0.144104 -0.049725
v -0.268707 0.015296 0.034058
v -0.268951 0.008294 0.159683
v -0.269165 0.142548 0.023506
v -0.269318 -0.053898 0.081841
v -0.269867 0.142410 0.021265
v -0.269867 0.142410 0.021265
v -0.270325 0.073845 -0.031057
v -0.270996 -0.008720 0.160217
v -0.272644 0.073639 0.031042
v -0.273132 0.140152 0.021132
v -0.273743 0.139908 -0.022278
v -0.273834 0.140472 -0.024599
v -0.274017 0.181595 0.018270
v -0.274384 0.200806 0.013054
v -0.275482 0.200989 -0.013355
v -0.276184 0.137238 0.025606
v -0.276367 0.137054 -0.026363
v -0.277222 -0.005296 -0.183044
v -0.277344 -0.017183 0.054184
v -0.277740 0.047802 0.032459
v -0.279877 0.182251 -0.018763
v -0.280182 0.133362 -0.024509
v -0.281036 0.132462 -0.025944
v -0.281677 0.132858 -0.023321
v -0.282471 0.130508 -0.026154
v -0.282471 0.130508 -0.026154
v -0.282806 0.131927 0.025330
v -0.282837 0.129578 -0.026381
v -0.282837 0.129578 -0.026381
v -0.283112 -0.151688 -0.016140
v -0.284210 0.086922 0.028555
v -0.284454 0.127686 -0.024851
v -0.284851 0.090286 0.030737
v -0.285370 0.125763 -0.024883
v -0.286041 0.186478 0.019711
v -0.286163 -0.017889 -0.052040
v -0.286255 0.140945 0.025597
v -0.286255 0.140945 0.025597
v -0.286346 0.092773 -0.030720
v -0.287140 0.215179 -0.001674
v -0.287598 0.044113 -0.034039
v -0.287811 0.172256 -0.022242
v -0.288055 0.103661 0.031326
v -0.288055 0.184418 -0.020863
v -0.288177 0.121185 -0.027630
v -0.288361 0.101425 0.029514
v -0.288483 0.115791 0.028683
v -0.288757 0.103394 0.029408
v -0.289215 0.104843 0.028311
v -0.289459 0.115433 -0.030016
v -0.292358 0.006649 0.216476
v -0.295502 0.008590 -0.221954
v -0.296173 -0.009153 -0.217377
v -0.296722 -0.004129 0.224518
v -0.296875 -0.004897 -0.225540
v -0.298401 0.015558 -0.123070
v -0.299530 -0.009200 0.221191
v -0.300720 0.089600 0.031380
v -0.301971 0.011105 0.223175
v -0.302948 -0.018276 0.045002
v -0.306702 -0.018499 -0.045025
v -0.306824 0.092010 -0.031681
v -0.308685 -0.007452 0.234787
v -0.308716 -0.001118 -0.238647
v -0.309235 -0.015014 0.151627
v -0.309692 0.208847 -0.016771
v -0.310211 0.164505 0.023170
v -0.311035 0.006227 0.237305
v -0.311859 0.014731 0.049606
v -0.312195 0.014920 -0.050640
v -0.312408 -0.017359 0.050213
v -0.315186 0.213867 0.013982
v -0.315277 0.015305 0.152344
v -0.315704 -0.017252 -0.051769
v -0.320160 0.223709 -0.000365
v -0.321442 -0.017519 0.050411
v -0.324799 0.169342 -0.022100
v -0.326538 0.040192 -0.034233
v -0.328339 -0.127457 -0.032909
v -0.328735 -0.133820 -0.015814
v -0.329163 0.195282 0.019442
v -0.329346 -0.112122 -0.049831
v -0.329498 -0.118942 0.043140
v -0.329895 0.013560 -0.231262
v -0.330017 -0.011930 -0.241028
v -0.330414 -0.088699 0.059597
v -0.330444 -0.028719 -0.044994
v -0.330688 0.015431 0.121269
v -0.330719 -0.056183 -0.059528
v -0.330841 -0.056534 0.059086
v -0.330872 -0.133682 0.014935
v -0.331116 -0.077805 -0.062355
v -0.331329 -0.017323 0.037010
v -0.333191 -0.030180 0.044193
v -0.333344 0.014744 0.034088
v -0.333588 -0.017603 -0.037460
v -0.334290 -0.015842 -0.125732
v -0.334442 0.015138 -0.118149
v -0.334656 0.014536 -0.034565
v -0.335083 0.009990 -0.245850
v -0.335754 -0.003875 0.249084
v -0.337646 -0.015388 0.126053
v -0.337891 -0.015865 0.142822
v -0.338165 0.013739 -0.143860
v -0.338165 0.166061 0.022562
v -0.338257 0.014347 0.131500
v -0.338776 0.168198 0.023514
v -0.343689 -0.009117 -0.250214
v -0.344696 0.104378 0.029913
v -0.345154 0.009557 0.247162
v -0.345764 0.159836 -0.025131
v -0.345795 -0.012590 0.243820
v -0.346344 0.013394 0.050884
v -0.347778 0.220749 -0.001439
v -0.348572 0.109306 -0.029989
v -0.348999 0.013695 -0.049122
v -0.350403 0.033428 0.031673
v -0.351318 0.013782 -0.053177
v -0.351868 0.157242 0.024057
v -0.351929 0.013736 0.235046
v -0.353607 0.211044 -0.014305
v -0.353882 0.154221 -0.024824
v -0.354309 0.014213 -0.211838
v -0.354919 0.164642 -0.024044
v -0.355713 -0.014595 -0.212357
v -0.356750 0.013247 0.209961
v -0.357422 -0.013566 0.210434
v -0.358795 0.014060 -0.209076
v -0.358795 -0.014406 -0.209869
v -0.360748 -0.014355 0.208115
v -0.361328 0.014115 0.207153
v -0.362885 0.215027 0.007727
v -0.363342 -0.005111 0.250549
v -0.365875 0.012244 0.133484
v -0.367096 0.013652 -0.141983
v -0.367218 0.013736 0.150528
v -0.368103 0.007082 -0.249771
v -0.368896 -0.014882 0.052135
v -0.369141 0.027086 -0.031002
v -0.369965 -0.014766 -0.050064
v -0.371368 0.013442 0.148392
v -0.372437 -0.014607 -0.109337
v -0.372589 -0.117989 0.000717
v -0.376343 0.011809 0.045940
v -0.377563 0.012496 0.208633
v -0.377716 0.012966 -0.209671
v -0.378510 -0.108719 -0.024181
v -0.379944 0.194733 0.017021
v -0.380219 0.012973 0.207382
v -0.381256 0.193222 -0.018148
v -0.381378 0.157272 -0.021172
v -0.382294 0.007111 0.246170
v -0.383331 -0.044899 -0.034462
v -0.384399 -0.046013 0.033142
v -0.384644 0.012528 0.210175
v -0.386719 0.010710 0.051640
v -0.386871 -0.011971 0.047726
v -0.386902 -0.012946 0.240814
v -0.387085 -0.012753 0.097946
v -0.387451 0.011354 -0.239731
v -0.388397 0.208344 -0.004366
v -0.388641 0.009696 -0.028629
v -0.388916 -0.011753 0.027390
v -0.390076 -0.006754 -0.248657
v -0.390717 -0.039207 0.027988
v -0.392395 -0.010489 -0.027523
v -0.392426 0.008369 -0.049858
v -0.392700 0.008202 0.027283
v -0.392792 -0.005963 0.246704
v -0.393341 -0.009112 -0.048538
v -0.394165 0.148621 0.021648
v -0.394165 -0.008077 0.048531
v -0.394867 0.006208 0.047646
v -0.395538 -0.000442 -0.048641
v -0.399475 0.148438 -0.021433
v -0.400665 -0.010916 -0.135925
v -0.400696 0.009100 0.137802
v -0.400909 -0.013049 0.208878
v -0.401367 0.021622 -0.025080
v -0.402313 -0.039410 -0.023575
v -0.402374 0.193115 0.011797
v -0.402435 -0.013455 -0.229126
v -0.402740 0.093910 0.023369
v -0.402832 0.010285 -0.153000
v -0.403351 -0.090492 -0.027227
v -0.403534 -0.064369 -0.031349
v -0.403564 -0.012664 -0.209854
v -0.404205 -0.005537 -0.122864
v -0.405457 -0.008797 0.153091
v -0.406067 0.160568 0.018307
v -0.406342 0.020624 0.022324
v -0.406372 0.008476 0.233994
v -0.406494 0.008032 -0.235458
v -0.407104 0.009580 -0.209808
v -0.407166 0.001663 0.150528
v -0.407288 -0.009925 0.231659
v -0.407379 -0.055336 0.027281
v -0.407440 -0.025986 0.016279
v -0.408539 0.008220 0.208572
v -0.408783 -0.041817 0.020617
v -0.409424 -0.008904 0.208664
v -0.409668 0.108841 -0.022671
v -0.409851 -0.091461 0.022335
v -0.410431 0.192474 -0.006240
v -0.410919 0.162094 -0.018164
v -0.411255 -0.007356 -0.227417
v -0.411530 0.019941 -0.018217
v -0.411896 -0.001224 0.226532
v -0.412201 0.191025 0.003632
v -0.412415 -0.082069 0.024490
v -0.413177 -0.021183 -0.004353
v -0.413452 -0.096977 -0.004471
v -0.417755 0.019096 0.004070
v -0.418427 -0.042355 -0.004180
v -0.418549 -0.090019 0.005533
v -0.419159 0.156311 0.014156
v -0.419312 0.127182 0.016853
v -0.420288 0.166428 0.008698
v -0.420990 -0.071495 -0.017584
v -0.421570 0.151779 -0.013975
v -0.423279 0.164444 -0.005717
v -0.423706 0.082222 0.007830
v -0.423706 0.086235 -0.009707
v -0.425903 -0.064079 0.003084
v -0.427643 0.130585 -0.000118
vt 0.609131 0.402100
vt 0.655029 0.399658
vt 0.619141 0.413086
vt 0.608154 0.389893
vt 0.630615 0.375977
vt 0.600586 0.379639
vt 0.674561 0.413330
vt 0.618896 0.363770
vt 0.639893 0.428711
vt 0.594971 0.431885
vt 0.606689 0.444336
vt 0.618896 0.451660
vt 0.646973 0.499756
vt 0.618896 0.558350
vt 0.682617 0.422852
vt 0.667236 0.478516
vt 0.674561 0.497803
vt 0.705078 0.487793
vt 0.647461 0.509277
vt 0.640137 0.523193
vt 0.645996 0.514648
vt 0.646240 0.522217
vt 0.648438 0.517090
vt 0.655762 0.527832
vt 0.705566 0.505859
vt 0.706299 0.493896
vt 0.709229 0.495117
vt 0.710693 0.495361
vt 0.710693 0.492432
vt 0.711182 0.494385
vt 0.712891 0.493896
vt 0.720215 0.483887
vt 0.717529 0.495850
vt 0.719482 0.496094
vt 0.706055 0.416992
vt 0.759277 0.534912
vt 0.684570 0.403320
vt 0.745361 0.365723
vt 0.761963 0.358398
vt 0.704102 0.402100
vt 0.737549 0.356934
vt 0.678467 0.396240
vt 0.698730 0.394287
vt 0.729736 0.339600
vt 0.675049 0.376465
vt 0.697510 0.335938
vt 0.700439 0.309570
vt 0.674561 0.324219
vt 0.662109 0.306885
vt 0.671875 0.297852
vt 0.670654 0.281494
vt 0.636230 0.238525
vt 0.619141 0.306885
vt 0.617188 0.360352
vt 0.600098 0.361328
vt 0.711182 0.012939
vt 0.721436 0.010986
vt 0.709229 0.026123
vt 0.716309 0.030273
vt 0.705811 0.037598
vt 0.718262 0.041260
vt 0.723877 0.030518
vt 0.731934 0.003174
vt 0.139893 0.787598
vt 0.134766 0.793701
vt 0.126953 0.782715
vt 0.146729 0.794189
vt 0.122314 0.844238
vt 0.142578 0.908447
vt 0.174316 0.892578
vt 0.182617 0.894287
vt 0.164551 0.837402
vt 0.175781 0.838867
vt 0.183350 0.888672
vt 0.191162 0.884277
vt 0.197998 0.892822
vt 0.164551 0.793213
vt 0.197998 0.880859
vt 0.218262 0.880371
vt 0.221436 0.893311
vt 0.180420 0.811768
vt 0.183105 0.773682
vt 0.164551 0.780029
vt 0.202637 0.879395
vt 0.226807 0.868896
vt 0.194580 0.776855
vt 0.228760 0.869629
vt 0.230713 0.872070
vt 0.237549 0.880615
vt 0.812744 0.078125
vt 0.858887 0.082031
vt 0.744629 0.079590
vt 0.139404 0.563721
vt 0.118164 0.557861
vt 0.142334 0.508789
vt 0.151123 0.510254
vt 0.152344 0.567383
vt 0.162109 0.555176
vt 0.158447 0.512451
vt 0.161865 0.510986
vt 0.170166 0.501953
vt 0.163086 0.491943
vt 0.182373 0.488281
vt 0.165039 0.477539
vt 0.118164 0.494629
vt 0.126465 0.507568
vt 0.114990 0.546387
vt 0.098145 0.555664
vt 0.108643 0.539307
vt 0.087891 0.508301
vt 0.096680 0.535645
vt 0.082520 0.540771
vt 0.077637 0.557617
vt 0.064453 0.554443
vt 0.059326 0.498047
vt 0.063721 0.491211
vt 0.107910 0.478027
vt 0.059082 0.474365
vt 0.164062 0.458984
vt 0.098877 0.462891
vt 0.160400 0.442627
vt 0.059814 0.464111
vt 0.093262 0.447998
vt 0.056396 0.452881
vt 0.053955 0.444092
vt 0.941162 0.357178
vt 0.940918 0.354248
vt 0.942383 0.357422
vt 0.933838 0.367432
vt 0.940918 0.348389
vt 0.944336 0.358887
vt 0.907227 0.305176
vt 0.889160 0.342041
vt 0.894531 0.315186
vt 0.890137 0.276855
vt 0.866699 0.311768
vt 0.879883 0.270264
vt 0.890381 0.264893
vt 0.940430 0.329346
vt 0.942139 0.333252
vt 0.942139 0.330566
vt 0.942627 0.332764
vt 0.942871 0.332275
vt 0.945068 0.323730
vt 0.947510 0.321533
vt 0.944824 0.328125
vt 0.946289 0.327148
vt 0.965576 0.323975
vt 0.993164 0.862793
vt 0.994629 0.858887
vt 0.994385 0.866943
vt 0.607422 0.141846
vt 0.604736 0.120605
vt 0.606934 0.082031
vt 0.599365 0.070312
vt 0.590820 0.115723
vt 0.590088 0.121826
vt 0.592773 0.124268
vt 0.589844 0.123535
vt 0.591797 0.125000
vt 0.590820 0.125977
vt 0.593750 0.126221
vt 0.592285 0.128662
vt 0.594482 0.126953
vt 0.593994 0.128174
vt 0.988037 0.869141
vt 0.988770 0.872314
vt 0.988037 0.873047
vt 0.999023 0.870361
vt 1.000000 0.869385
vt 0.999756 0.871826
vt 0.346680 0.082520
vt 0.344971 0.083008
vt 0.353760 0.077148
vt 0.347900 0.083008
vt 0.351562 0.080566
vt 0.348877 0.077881
vt 0.355713 0.077393
vt 0.355713 0.076416
vt 0.360596 0.070068
vt 0.361084 0.058350
vt 0.360840 0.066162
vt 0.354736 0.059082
vt 0.368652 0.065430
vt 0.361816 0.067383
vt 0.362549 0.070068
vt 0.396240 0.030518
vt 0.420654 0.058838
vt 0.345459 0.069092
vt 0.346924 0.062988
vt 0.344238 0.070557
vt 0.349121 0.060547
vt 0.351807 0.052490
vt 0.327637 0.046143
vt 0.345459 0.074951
vt 0.346191 0.076660
vt 0.345947 0.080566
vt 0.000000 0.819824
vt 0.000000 0.799316
vt 0.005859 0.800293
vt 0.486816 0.018799
vt 0.473389 0.034424
vt 0.473877 0.010010
vt 0.490234 0.025146
vt 0.487061 0.017822
vt 0.487793 0.018066
vt 0.999512 0.858887
vt 1.000000 0.863770
vt 0.999023 0.864990
vt 0.991943 0.607910
vt 0.988281 0.592285
vt 0.991943 0.606445
vt 0.992432 0.606934
vt 0.991211 0.613770
vt 0.997070 0.617188
vt 0.999756 0.621094
vt 0.996094 0.621826
vt 0.988281 0.614502
vt 0.989746 0.621826
vt 0.007324 0.865967
vt 0.007324 0.855957
vt 0.009521 0.857422
vt 0.991943 0.663574
vt 0.995117 0.669189
vt 0.997314 0.689209
vt 0.995117 0.668213
vt 0.996338 0.668701
vt 0.996582 0.667480
vt 0.994873 0.666748
vt 0.995850 0.663574
vt 0.991699 0.661865
vt 0.989014 0.663818
vt 0.989990 0.661133
vt 0.999023 0.663574
vt 0.997070 0.663818
vt 0.990479 0.810303
vt 0.990234 0.810303
vt 0.988281 0.790283
vt 0.988525 0.811768
vt 0.995361 0.796387
vt 0.997559 0.796875
vt 0.995850 0.816895
vt 0.001953 0.866699
vt 0.002686 0.869873
vt 0.000244 0.866211
vt 0.997314 0.135010
vt 0.999023 0.134521
vt 0.997559 0.135742
vt 0.997070 0.136963
vt 0.997314 0.132324
vt 0.998779 0.137207
vt 0.991943 0.135986
vt 0.998047 0.137695
vt 1.000000 0.141602
vt 0.988525 0.857666
vt 0.988525 0.864990
vt 0.988281 0.854004
vt 0.730713 0.274414
vt 0.740723 0.312256
vt 0.673340 0.275879
vt 0.665527 0.222168
vt 0.762939 0.296387
vt 0.764404 0.321289
vt 0.716797 0.228027
vt 0.682373 0.196045
vt 0.774414 0.273438
vt 0.794678 0.277832
vt 0.773926 0.322510
vt 0.767822 0.351807
vt 0.788086 0.253662
vt 0.816650 0.259766
vt 0.732910 0.203125
vt 0.719482 0.160400
vt 0.759521 0.186768
vt 0.781006 0.162598
vt 0.821533 0.242188
vt 0.802734 0.226562
vt 0.851562 0.246582
vt 0.862793 0.229980
vt 0.832764 0.222168
vt 0.814697 0.157471
vt 0.788330 0.126221
vt 0.855469 0.200439
vt 0.831787 0.142334
vt 0.861328 0.139160
vt 0.883301 0.208984
vt 0.890137 0.232178
vt 0.885498 0.243652
vt 0.911621 0.245605
vt 0.579834 0.365723
vt 0.500244 0.371094
vt 0.497559 0.342529
vt 0.456787 0.373291
vt 0.557617 0.383301
vt 0.496094 0.403320
vt 0.454346 0.411133
vt 0.554199 0.407227
vt 0.580078 0.401367
vt 0.597168 0.387207
vt 0.588867 0.428711
vt 0.497559 0.433350
vt 0.455566 0.443604
vt 0.572266 0.430420
vt 0.553711 0.439453
vt 0.506592 0.464355
vt 0.455811 0.481201
vt 0.573730 0.456055
vt 0.595947 0.473389
vt 0.493896 0.495850
vt 0.583252 0.491699
vt 0.602051 0.510498
vt 0.552490 0.481934
vt 0.562500 0.513428
vt 0.588623 0.535645
vt 0.522461 0.555908
vt 0.503662 0.523682
vt 0.476318 0.529053
vt 0.095703 0.659424
vt 0.106689 0.659180
vt 0.110840 0.690918
vt 0.100342 0.713623
vt 0.121338 0.698975
vt 0.085693 0.720703
vt 0.075684 0.661377
vt 0.111328 0.730713
vt 0.128174 0.726562
vt 0.105225 0.752441
vt 0.092285 0.745117
vt 0.094727 0.750244
vt 0.110596 0.759277
vt 0.096924 0.767822
vt 0.082764 0.762939
vt 0.081299 0.746582
vt 0.073242 0.762207
vt 0.069336 0.775391
vt 0.072021 0.748047
vt 0.073242 0.721436
vt 0.065674 0.732666
vt 0.064209 0.748047
vt 0.055664 0.697021
vt 0.064697 0.658203
vt 0.051758 0.718750
vt 0.724854 0.943604
vt 0.735352 0.939453
vt 0.735107 0.954102
vt 0.720459 0.952637
vt 0.748047 0.954590
vt 0.710449 0.927734
vt 0.701172 0.923096
vt 0.718262 0.924561
vt 0.703857 0.917480
vt 0.684082 0.888916
vt 0.681885 0.875732
vt 0.709473 0.908936
vt 0.689697 0.871826
vt 0.703857 0.878906
vt 0.716797 0.911865
vt 0.704346 0.847900
vt 0.744629 0.935059
vt 0.746094 0.885986
vt 0.758057 0.815430
vt 0.763428 0.956055
vt 0.768555 0.880859
vt 0.781250 0.838867
vt 0.756836 0.924561
vt 0.768555 0.936035
vt 0.779785 0.948486
vt 0.770508 0.889160
vt 0.797119 0.870361
vt 0.761230 0.925049
vt 0.768311 0.932129
vt 0.785645 0.906982
vt 0.791260 0.901367
vt 0.770508 0.933594
vt 0.811523 0.922607
vt 0.794678 0.910156
vt 0.829834 0.875244
vt 0.734619 0.526855
vt 0.714844 0.518799
vt 0.733887 0.516846
vt 0.748535 0.534180
vt 0.728760 0.530762
vt 0.702637 0.523438
vt 0.747559 0.542236
vt 0.757812 0.550537
vt 0.740234 0.539795
vt 0.705322 0.549561
vt 0.741455 0.553711
vt 0.734375 0.553467
vt 0.739014 0.589844
vt 0.748535 0.591553
vt 0.755127 0.599121
vt 0.757324 0.643311
vt 0.763916 0.641846
vt 0.749512 0.639404
vt 0.737793 0.641846
vt 0.722168 0.618652
vt 0.693604 0.599121
vt 0.697510 0.644531
vt 0.671387 0.639160
vt 0.667969 0.637451
vt 0.708008 0.551758
vt 0.688965 0.592773
vt 0.657715 0.638916
vt 0.669434 0.579834
vt 0.671143 0.531250
vt 0.637695 0.628906
vt 0.642578 0.567627
vt 0.613037 0.611816
vt 0.613281 0.626709
vt 0.632324 0.575928
vt 0.607666 0.613037
vt 0.590332 0.623535
vt 0.572021 0.640137
vt 0.558594 0.626465
vt 0.593750 0.613037
vt 0.612549 0.601318
vt 0.630615 0.570068
vt 0.610352 0.582275
vt 0.626953 0.560303
vt 0.590088 0.601562
vt 0.607422 0.574219
vt 0.575928 0.609375
vt 0.570312 0.608398
vt 0.558594 0.587891
vt 0.294678 0.037109
vt 0.305420 0.003418
vt 0.320068 0.033203
vt 0.993164 0.271240
vt 0.995361 0.247559
vt 0.996582 0.271973
vt 0.929932 0.056396
vt 0.976562 0.035889
vt 0.966064 0.056396
vt 0.922607 0.034912
vt 0.980713 0.010498
vt 0.914062 0.010986
vt 0.777588 0.665039
vt 0.744873 0.666992
vt 0.725342 0.651855
vt 0.734375 0.690186
vt 0.788574 0.649170
vt 0.830811 0.640625
vt 0.726807 0.711914
vt 0.695068 0.718506
vt 0.817627 0.666504
vt 0.834229 0.669189
vt 0.863281 0.675781
vt 0.797363 0.674072
vt 0.846436 0.687256
vt 0.824707 0.680176
vt 0.835449 0.690674
vt 0.852539 0.707275
vt 0.879395 0.746826
vt 0.810791 0.699951
vt 0.842285 0.712646
vt 0.853027 0.724365
vt 0.850342 0.739990
vt 0.837646 0.736572
vt 0.836670 0.755859
vt 0.821289 0.772217
vt 0.816162 0.795898
vt 0.815430 0.759521
vt 0.817139 0.725098
vt 0.802002 0.774414
vt 0.768311 0.776123
vt 0.749756 0.793701
vt 0.792969 0.762451
vt 0.801758 0.743896
vt 0.799561 0.719727
vt 0.772705 0.760498
vt 0.778564 0.730957
vt 0.786865 0.711914
vt 0.749756 0.756836
vt 0.744629 0.730957
vt 0.765869 0.714355
vt 0.765869 0.692139
vt 0.723633 0.747314
vt 0.734619 0.734375
vt 0.742432 0.707275
vt 0.749512 0.688477
vt 0.762939 0.677002
vt 0.355713 0.531006
vt 0.368652 0.531250
vt 0.361084 0.541260
vt 0.352051 0.522705
vt 0.376953 0.520264
vt 0.358887 0.512207
vt 0.400635 0.548584
vt 0.379395 0.551270
vt 0.402832 0.528320
vt 0.383301 0.510254
vt 0.365479 0.501465
vt 0.412842 0.514648
vt 0.392334 0.499756
vt 0.380127 0.487793
vt 0.409912 0.502930
vt 0.396240 0.492432
vt 0.373535 0.484863
vt 0.385498 0.466309
vt 0.402344 0.469482
vt 0.414551 0.497070
vt 0.417725 0.501465
vt 0.427979 0.498291
vt 0.416504 0.473389
vt 0.428955 0.478516
vt 0.444824 0.484131
vt 0.442383 0.501465
vt 0.482178 0.500244
vt 0.473633 0.511963
vt 0.419678 0.459473
vt 0.396240 0.454590
vt 0.372314 0.443848
vt 0.401123 0.441650
vt 0.426270 0.435303
vt 0.376709 0.419189
vt 0.400391 0.426514
vt 0.420410 0.416748
vt 0.402344 0.399902
vt 0.381836 0.413574
vt 0.378418 0.408447
vt 0.386230 0.400391
vt 0.389893 0.383057
vt 0.381836 0.388916
vt 0.387207 0.370605
vt 0.381836 0.363525
vt 0.376953 0.385498
vt 0.371582 0.408203
vt 0.562500 0.125977
vt 0.572266 0.144287
vt 0.566162 0.157227
vt 0.619385 0.166748
vt 0.673096 0.150879
vt 0.645020 0.179443
vt 0.567871 0.194336
vt 0.545654 0.172363
vt 0.619629 0.201172
vt 0.677002 0.192139
vt 0.623779 0.229492
vt 0.572021 0.224854
vt 0.529297 0.218506
vt 0.536621 0.239990
vt 0.572998 0.253418
vt 0.598145 0.262939
vt 0.538330 0.269531
vt 0.572021 0.285156
vt 0.526123 0.294434
vt 0.562988 0.303955
vt 0.570312 0.324463
vt 0.551758 0.337891
vt 0.589355 0.311768
vt 0.589600 0.297607
vt 0.588135 0.282715
vt 0.610596 0.304199
vt 0.608887 0.280273
vt 0.613525 0.260986
vt 0.115479 0.198975
vt 0.127197 0.196289
vt 0.135986 0.231689
vt 0.125732 0.232666
vt 0.107422 0.201416
vt 0.127441 0.250732
vt 0.112061 0.225098
vt 0.099854 0.204346
vt 0.116455 0.252197
vt 0.104248 0.245117
vt 0.088623 0.206787
vt 0.078857 0.209717
vt 0.111328 0.263428
vt 0.124268 0.277100
vt 0.132812 0.265625
vt 0.117188 0.278320
vt 0.101318 0.266846
vt 0.078613 0.238037
vt 0.073486 0.212646
vt 0.085449 0.269287
vt 0.071289 0.247803
vt 0.063721 0.255615
vt 0.104492 0.284668
vt 0.073730 0.277100
vt 0.057129 0.256836
vt 0.060791 0.271973
vt 0.096680 0.292236
vt 0.078613 0.290771
vt 0.059082 0.282715
vt 0.070557 0.294189
vt 0.058838 0.294678
vt 0.084717 0.309814
vt 0.089111 0.303711
vt 0.104248 0.303223
vt 0.098877 0.316162
vt 0.118652 0.314941
vt 0.120117 0.295654
vt 0.105713 0.287109
vt 0.117432 0.281738
vt 0.130127 0.283203
vt 0.131836 0.295898
vt 0.921143 0.126953
vt 0.911621 0.081787
vt 0.935059 0.120361
vt 0.934570 0.165039
vt 0.900879 0.087158
vt 0.904297 0.124023
vt 0.912109 0.158936
vt 0.890381 0.088867
vt 0.892090 0.077393
vt 0.904053 0.148438
vt 0.906982 0.162842
vt 0.887451 0.170410
vt 0.878662 0.125977
vt 0.864258 0.083008
vt 0.862305 0.109863
vt 0.880615 0.154297
vt 0.881348 0.184082
vt 0.867920 0.128418
vt 0.843506 0.108398
vt 0.875000 0.156738
vt 0.870850 0.156982
vt 0.875488 0.200439
vt 0.119629 0.969727
vt 0.143066 0.937256
vt 0.125488 0.997803
vt 0.143066 0.975342
vt 0.988281 0.491699
vt 0.999512 0.526367
vt 0.992676 0.526611
vt 0.056396 0.851807
vt 0.064697 0.857910
vt 0.054443 0.892090
vt 0.070557 0.895264
vt 0.070312 0.859863
vt 0.053955 0.935059
vt 0.076660 0.861328
vt 0.081787 0.915771
vt 0.055664 0.955811
vt 0.094482 0.873047
vt 0.070312 0.951416
vt 0.097168 0.926270
vt 0.054688 0.973633
vt 0.111816 0.919678
vt 0.121338 0.954590
vt 0.104492 0.870361
vt 0.119873 0.902832
vt 0.161377 0.926514
vt 0.994873 0.791504
vt 0.988281 0.770508
vt 0.999756 0.765869
vt 0.508545 0.836182
vt 0.510254 0.820801
vt 0.521240 0.835938
vt 0.529541 0.818604
vt 0.496826 0.819092
vt 0.534668 0.838379
vt 0.548828 0.836426
vt 0.541016 0.863037
vt 0.525635 0.866455
vt 0.489746 0.824219
vt 0.487061 0.790527
vt 0.478271 0.794434
vt 0.504639 0.859619
vt 0.523438 0.893799
vt 0.503906 0.888184
vt 0.476318 0.839111
vt 0.451416 0.781982
vt 0.445068 0.812500
vt 0.476318 0.864746
vt 0.492432 0.890625
vt 0.482422 0.908447
vt 0.455078 0.840576
vt 0.427979 0.814209
vt 0.456055 0.869141
vt 0.463867 0.908936
vt 0.434326 0.839600
vt 0.440918 0.881836
vt 0.450684 0.910400
vt 0.434326 0.899414
vt 0.426025 0.854980
vt 0.403564 0.838379
vt 0.406738 0.866211
vt 0.416016 0.908691
vt 0.214600 0.776367
vt 0.231689 0.774658
vt 0.221436 0.782227
vt 0.261719 0.795410
vt 0.241455 0.803467
vt 0.212402 0.795166
vt 0.220947 0.805664
vt 0.237061 0.816650
vt 0.230225 0.816162
vt 0.274658 0.812256
vt 0.265625 0.781250
vt 0.236328 0.762207
vt 0.283691 0.798340
vt 0.242432 0.831787
vt 0.234863 0.834717
vt 0.231934 0.858643
vt 0.240479 0.847412
vt 0.261963 0.854736
vt 0.243164 0.858398
vt 0.282227 0.849365
vt 0.284912 0.841064
vt 0.310791 0.854492
vt 0.312744 0.842529
vt 0.291016 0.830566
vt 0.317871 0.825928
vt 0.325928 0.839600
vt 0.335205 0.823975
vt 0.303955 0.818604
vt 0.321777 0.817139
vt 0.333740 0.802490
vt 0.297119 0.795410
vt 0.317383 0.800537
vt 0.317383 0.783203
vt 0.340576 0.796143
vt 0.332764 0.776611
vt 0.310303 0.754150
vt 0.272705 0.767090
vt 0.299316 0.777344
vt 0.236572 0.747803
vt 0.213135 0.732422
vt 0.270752 0.752686
vt 0.306641 0.762695
vt 0.247559 0.734131
vt 0.226807 0.723145
vt 0.278564 0.738770
vt 0.241699 0.705811
vt 0.296143 0.733643
vt 0.285645 0.708252
vt 0.048096 0.937744
vt 0.025635 0.937744
vt 0.044922 0.857178
vt 0.950195 0.538330
vt 0.974854 0.489502
vt 0.979736 0.517822
vt 0.985596 0.460693
vt 0.974365 0.449951
vt 0.947754 0.510986
vt 0.951172 0.474854
vt 0.962646 0.451172
vt 0.954346 0.447754
vt 0.933594 0.508301
vt 0.928955 0.540771
vt 0.931396 0.485596
vt 0.907715 0.522461
vt 0.901855 0.514893
vt 0.942627 0.449219
vt 0.923340 0.477539
vt 0.894043 0.501953
vt 0.914307 0.472412
vt 0.932373 0.448975
vt 0.932617 0.434570
vt 0.935059 0.421631
vt 0.921143 0.443115
vt 0.551758 0.884277
vt 0.573242 0.892090
vt 0.513916 0.907227
vt 0.641113 0.884521
vt 0.616455 0.898193
vt 0.552002 0.906250
vt 0.515137 0.907715
vt 0.610352 0.910645
vt 0.647949 0.901855
vt 0.419434 0.326904
vt 0.458984 0.350830
vt 0.406494 0.357910
vt 0.371094 0.356934
vt 0.369385 0.340088
vt 0.386963 0.314209
vt 0.435791 0.304199
vt 0.330566 0.357422
vt 0.395264 0.289551
vt 0.359619 0.313232
vt 0.381836 0.257568
vt 0.385986 0.200195
vt 0.997803 0.411621
vt 0.993408 0.383301
vt 0.999756 0.384277
vt 0.990234 0.405518
vt 0.990234 0.379639
vt 0.998779 0.429199
vt 0.234131 0.115479
vt 0.196533 0.120850
vt 0.226074 0.093506
vt 0.196045 0.094971
vt 0.157715 0.127686
vt 0.220703 0.136719
vt 0.268799 0.125244
vt 0.041260 0.257324
vt 0.045898 0.280029
vt 0.039307 0.271240
vt 0.045166 0.259521
vt 0.036621 0.244873
vt 0.042480 0.243896
vt 0.052246 0.261719
vt 0.049316 0.245605
vt 0.027588 0.230713
vt 0.010254 0.217285
vt 0.046875 0.240479
vt 0.070557 0.235840
vt 0.038086 0.235840
vt 0.022461 0.223145
vt 0.043945 0.235596
vt 0.040527 0.230957
vt 0.046143 0.230225
vt 0.668457 0.135986
vt 0.670410 0.142578
vt 0.643066 0.144043
vt 0.696289 0.143555
vt 0.646484 0.135254
vt 0.621338 0.141113
vt 0.637939 0.100098
vt 0.619385 0.086182
vt 0.657959 0.089111
vt 0.666504 0.099121
vt 0.682617 0.110107
vt 0.681885 0.097168
vt 0.677246 0.086914
vt 0.690430 0.104492
vt 0.715332 0.143799
vt 0.696777 0.095215
vt 0.705322 0.109863
vt 0.721924 0.136963
vt 0.730469 0.116211
vt 0.721680 0.104492
vt 0.730469 0.098877
vt 0.699951 0.091064
vt 0.690430 0.077148
vt 0.725342 0.089600
vt 0.701660 0.079346
vt 0.163818 0.694092
vt 0.203613 0.707031
vt 0.160156 0.709717
vt 0.216309 0.700684
vt 0.231934 0.696289
vt 0.200684 0.734619
vt 0.202881 0.744873
vt 0.150391 0.745361
vt 0.160645 0.736572
vt 0.135010 0.767090
vt 0.145020 0.775146
vt 0.147217 0.728516
vt 0.147705 0.709473
vt 0.119629 0.752197
vt 0.136719 0.676025
vt 0.123535 0.691650
vt 0.149658 0.642578
vt 0.166260 0.658936
vt 0.130615 0.649414
vt 0.145752 0.632812
vt 0.113770 0.648438
vt 0.136230 0.623779
vt 0.118408 0.640381
vt 0.114258 0.610596
vt 0.148193 0.596924
vt 0.155762 0.601318
vt 0.189697 0.606201
vt 0.152344 0.615723
vt 0.120361 0.621094
vt 0.096191 0.642578
vt 0.112793 0.600586
vt 0.115234 0.595215
vt 0.142822 0.587891
vt 0.098633 0.588135
vt 0.034180 0.049561
vt 0.055664 0.056396
vt 0.032715 0.074219
vt 0.066406 0.077393
vt 0.062744 0.036377
vt 0.044189 0.039795
vt 0.049072 0.025146
vt 0.040039 0.014160
vt 0.020020 0.022217
vt 0.023682 0.041748
vt 0.024658 0.046631
vt 0.016113 0.054932
vt 0.009277 0.037109
vt 0.024414 0.083008
vt 0.035156 0.118652
vt 0.004395 0.067139
vt 0.007080 0.079346
vt 0.998779 0.335205
vt 0.991699 0.375488
vt 0.990234 0.321777
vt 0.433105 0.032227
vt 0.432861 0.051514
vt 0.408936 0.034912
vt 0.410156 0.019287
vt 0.440918 0.031494
vt 0.456543 0.021729
vt 0.453369 0.036621
vt 0.441650 0.017822
vt 0.434814 0.014160
vt 0.452637 0.002197
vt 0.407715 0.000000
vt 0.418457 0.001465
vt 0.202393 0.254639
vt 0.211182 0.245850
vt 0.223633 0.266602
vt 0.237549 0.267334
vt 0.193604 0.244141
vt 0.190430 0.266602
vt 0.176025 0.247070
vt 0.182373 0.270020
vt 0.216553 0.280762
vt 0.235352 0.289795
vt 0.246582 0.286133
vt 0.248535 0.301025
vt 0.221924 0.302002
vt 0.201660 0.295410
vt 0.213135 0.310547
vt 0.184814 0.292236
vt 0.196045 0.308594
vt 0.185303 0.299316
vt 0.181396 0.318604
vt 0.179932 0.300293
vt 0.198730 0.324219
vt 0.176514 0.330566
vt 0.181641 0.344971
vt 0.182373 0.293701
vt 0.177734 0.291016
vt 0.180420 0.295410
vt 0.181396 0.294189
vt 0.212158 0.324463
vt 0.218262 0.325439
vt 0.191650 0.341553
vt 0.189209 0.360840
vt 0.173096 0.359131
vt 0.201660 0.349365
vt 0.211914 0.347168
vt 0.190430 0.382324
vt 0.573486 0.071533
vt 0.577393 0.064697
vt 0.582031 0.068115
vt 0.585449 0.059326
vt 0.563232 0.066406
vt 0.568359 0.073486
vt 0.562012 0.083008
vt 0.582520 0.069580
vt 0.534912 0.073730
vt 0.546875 0.104980
vt 0.572998 0.105713
vt 0.557373 0.121826
vt 0.523193 0.138428
vt 0.534912 0.158691
vt 0.521240 0.102295
vt 0.525879 0.070801
vt 0.486084 0.127441
vt 0.499756 0.104980
vt 0.502197 0.066895
vt 0.481201 0.103760
vt 0.473145 0.087646
vt 0.480957 0.062012
vt 0.425049 0.977539
vt 0.409912 0.959229
vt 0.424561 0.911865
vt 0.795166 0.613037
vt 0.812500 0.584473
vt 0.804932 0.621094
vt 0.760742 0.587158
vt 0.827637 0.619385
vt 0.814941 0.575439
vt 0.833008 0.572754
vt 0.776611 0.564941
vt 0.803955 0.562744
vt 0.760986 0.540771
vt 0.782959 0.542969
vt 0.791504 0.550537
vt 0.795166 0.520752
vt 0.775391 0.527344
vt 0.818604 0.532227
vt 0.812256 0.556396
vt 0.828857 0.531738
vt 0.840576 0.544189
vt 0.864746 0.542725
vt 0.861816 0.573975
vt 0.885742 0.565430
vt 0.860596 0.610352
vt 0.849365 0.650635
vt 0.876953 0.637451
vt 0.887451 0.606689
vt 0.907227 0.639648
vt 0.922607 0.598633
vt 0.261230 0.933105
vt 0.288086 0.932129
vt 0.282959 0.943848
vt 0.310059 0.950195
vt 0.312256 0.932129
vt 0.297363 0.917969
vt 0.248779 0.913086
vt 0.321289 0.941650
vt 0.318359 0.947998
vt 0.326172 0.942383
vt 0.318604 0.928223
vt 0.342529 0.947021
vt 0.355957 0.932861
vt 0.303467 0.914551
vt 0.332764 0.913818
vt 0.352295 0.917725
vt 0.343506 0.896240
vt 0.351074 0.907471
vt 0.345947 0.895020
vt 0.350342 0.901367
vt 0.347900 0.894043
vt 0.307129 0.902100
vt 0.356689 0.880127
vt 0.352783 0.867188
vt 0.294922 0.906982
vt 0.302002 0.892822
vt 0.351562 0.859375
vt 0.279053 0.905273
vt 0.287842 0.895508
vt 0.297363 0.883545
vt 0.331787 0.852051
vt 0.289307 0.880127
vt 0.281494 0.886475
vt 0.268799 0.892334
vt 0.242432 0.883301
vt 0.249268 0.898682
vt 0.243652 0.895508
vt 0.243896 0.908447
vt 0.238037 0.904053
vt 0.226807 0.886230
vt 0.942627 0.852539
vt 0.952637 0.833008
vt 0.948730 0.863770
vt 0.983887 0.865479
vt 0.954102 0.869141
vt 0.923096 0.887939
vt 0.934814 0.887695
vt 0.951904 0.880127
vt 0.936279 0.902588
vt 0.921631 0.905762
vt 0.905029 0.923340
vt 0.914795 0.887451
vt 0.921387 0.859375
vt 0.931641 0.840820
vt 0.909668 0.844238
vt 0.839600 0.812988
vt 0.801270 0.814697
vt 0.842041 0.790771
vt 0.797852 0.849609
vt 0.815186 0.856201
vt 0.870605 0.794434
vt 0.861328 0.769775
vt 0.849121 0.828613
vt 0.869629 0.858398
vt 0.895020 0.763916
vt 0.879639 0.842773
vt 0.906494 0.838135
vt 0.878174 0.822998
vt 0.912598 0.810059
vt 0.890869 0.813477
vt 0.889893 0.788574
vt 0.925049 0.776611
vt 0.916992 0.790283
vt 0.932129 0.795898
vt 0.926758 0.814209
vt 0.935303 0.805908
vt 0.856445 0.948975
vt 0.858643 0.975830
vt 0.851074 0.948730
vt 0.852783 0.972168
vt 0.863770 0.948242
vt 0.848633 0.994141
vt 0.864746 1.000000
vt 0.869629 0.988770
vt 0.867188 0.963135
vt 0.881592 0.975342
vt 0.879639 0.988037
vt 0.894043 0.989258
vt 0.889648 0.966064
vt 0.882812 0.954346
vt 0.903320 0.972168
vt 0.895752 0.951416
vt 0.911621 0.986572
vt 0.920898 0.974854
vt 0.913574 0.992920
vt 0.918213 0.984863
vt 0.917236 0.995117
vt 0.921875 0.996338
vt 0.927979 0.988037
vt 0.344238 0.651611
vt 0.332275 0.628906
vt 0.352783 0.640381
vt 0.387695 0.641846
vt 0.379883 0.633545
vt 0.393555 0.636475
vt 0.355225 0.622803
vt 0.332764 0.611328
vt 0.338867 0.591064
vt 0.349854 0.597656
vt 0.353760 0.609131
vt 0.402344 0.652344
vt 0.385254 0.629639
vt 0.392334 0.619873
vt 0.363037 0.614258
vt 0.359131 0.606689
vt 0.355225 0.606934
vt 0.395020 0.608398
vt 0.396973 0.611084
vt 0.386719 0.605957
vt 0.400146 0.591553
vt 0.388184 0.654785
vt 0.394775 0.663086
vt 0.407227 0.664062
vt 0.387207 0.659180
vt 0.395752 0.669922
vt 0.403320 0.678955
vt 0.348633 0.669189
vt 0.307617 0.673096
vt 0.307373 0.684814
vt 0.319824 0.693848
vt 0.354980 0.684326
vt 0.318359 0.708984
vt 0.318604 0.719971
vt 0.347168 0.709717
vt 0.309570 0.737793
vt 0.318848 0.752930
vt 0.355713 0.725098
vt 0.376953 0.679199
vt 0.364258 0.696533
vt 0.370850 0.703125
vt 0.388184 0.687500
vt 0.380859 0.709473
vt 0.363770 0.741455
vt 0.398438 0.707520
vt 0.402344 0.733398
vt 0.239502 0.069580
vt 0.210449 0.067627
vt 0.227783 0.064941
vt 0.226562 0.051270
vt 0.240234 0.034668
vt 0.249756 0.036377
vt 0.253662 0.074463
vt 0.281006 0.045166
vt 0.276855 0.083984
vt 0.323486 0.038574
vt 0.265869 0.118408
vt 0.251465 0.098389
vt 0.035645 0.194580
vt 0.053955 0.205566
vt 0.032959 0.218750
vt 0.050293 0.188721
vt 0.023682 0.173096
vt 0.054443 0.172852
vt 0.029785 0.160156
vt 0.068115 0.159912
vt 0.045410 0.143555
vt 0.996826 0.854492
vt 0.988281 0.842773
vt 0.999512 0.835938
vt 0.228027 0.176514
vt 0.238281 0.190186
vt 0.235352 0.189941
vt 0.237549 0.184082
vt 0.224121 0.164551
vt 0.251465 0.196533
vt 0.235352 0.192871
vt 0.240479 0.198730
vt 0.238281 0.168457
vt 0.222656 0.146240
vt 0.234863 0.142334
vt 0.231934 0.208008
vt 0.252441 0.170410
vt 0.264404 0.141357
vt 0.279785 0.152832
vt 0.307373 0.167725
vt 0.286621 0.181641
vt 0.261719 0.200439
vt 0.301270 0.183105
vt 0.314697 0.177734
vt 0.240234 0.208740
vt 0.287598 0.199219
vt 0.307373 0.192383
vt 0.322266 0.188477
vt 0.318848 0.196045
vt 0.292236 0.208008
vt 0.304199 0.215088
vt 0.261719 0.210693
vt 0.262451 0.220947
vt 0.244385 0.218018
vt 0.235596 0.218994
vt 0.225830 0.218018
vt 0.225586 0.225830
vt 0.239990 0.229004
vt 0.264648 0.226562
vt 0.252441 0.234131
vt 0.260986 0.235107
vt 0.272461 0.239014
vt 0.312500 0.240479
vt 0.277588 0.254150
vt 0.279053 0.272217
vt 0.269287 0.257568
vt 0.256592 0.257812
vt 0.265137 0.268311
vt 0.251709 0.288574
vt 0.270264 0.288818
vt 0.436279 0.098145
vt 0.460449 0.105225
vt 0.450439 0.136719
vt 0.452637 0.083740
vt 0.419678 0.066650
vt 0.417236 0.094482
vt 0.372314 0.075684
vt 0.452637 0.048828
vt 0.472900 0.066406
vt 0.995850 0.150391
vt 0.991211 0.156982
vt 0.991211 0.143311
vt 0.438232 0.692627
vt 0.458496 0.687500
vt 0.457031 0.697021
vt 0.471436 0.693604
vt 0.438232 0.681641
vt 0.418945 0.679688
vt 0.476807 0.679199
vt 0.429443 0.669189
vt 0.451416 0.672607
vt 0.418701 0.654053
vt 0.409912 0.652588
vt 0.410400 0.642334
vt 0.437744 0.667725
vt 0.430420 0.647949
vt 0.419922 0.637695
vt 0.410645 0.619141
vt 0.464600 0.672363
vt 0.457275 0.658203
vt 0.442627 0.651855
vt 0.472656 0.662598
vt 0.461914 0.648438
vt 0.444824 0.637695
vt 0.435303 0.635254
vt 0.461914 0.627930
vt 0.427734 0.619873
vt 0.445312 0.617188
vt 0.417725 0.597900
vt 0.405518 0.585449
vt 0.421387 0.559814
vt 0.434814 0.596924
vt 0.436768 0.562988
vt 0.409180 0.530518
vt 0.458252 0.558105
vt 0.443115 0.518066
vt 0.458008 0.595459
vt 0.473877 0.562256
vt 0.492188 0.531738
vt 0.495361 0.562500
vt 0.471924 0.608154
vt 0.487549 0.604004
vt 0.500488 0.583740
vt 0.509521 0.546631
vt 0.492920 0.613770
vt 0.544922 0.584717
vt 0.534424 0.612549
vt 0.504150 0.630371
vt 0.538574 0.626221
vt 0.489746 0.642578
vt 0.495361 0.660889
vt 0.539795 0.637939
vt 0.542236 0.653076
vt 0.539307 0.656494
vt 0.515137 0.664062
vt 0.493164 0.676758
vt 0.518555 0.674072
vt 0.540527 0.677246
vt 0.521729 0.688232
vt 0.494873 0.687012
vt 0.501221 0.697266
vt 0.010010 0.838135
vt 0.010010 0.851562
vt 0.001221 0.836914
vt 0.000977 0.842285
vt 0.040283 0.958984
vt 0.014404 0.968506
vt 0.014160 0.936523
vt 0.023193 0.978271
vt 0.039307 0.999512
vt 0.069092 0.045410
vt 0.075195 0.026367
vt 0.097168 0.026611
vt 0.085938 0.019531
vt 0.066895 0.022461
vt 0.086426 0.018311
vt 0.097168 0.014893
vt 0.100830 0.004150
vt 0.091064 0.006836
vt 0.091553 0.005127
vt 0.099609 0.013916
vt 0.099609 0.015381
vt 0.098145 0.015869
vt 0.635010 0.783203
vt 0.622070 0.785889
vt 0.624023 0.761719
vt 0.596680 0.777832
vt 0.645752 0.779297
vt 0.599365 0.765869
vt 0.590576 0.786133
vt 0.563232 0.793457
vt 0.624756 0.755371
vt 0.596924 0.749268
vt 0.602295 0.734375
vt 0.619141 0.719238
vt 0.664551 0.760742
vt 0.645264 0.728027
vt 0.640869 0.718994
vt 0.615234 0.714844
vt 0.640625 0.711914
vt 0.607422 0.712402
vt 0.657959 0.741699
vt 0.690918 0.725830
vt 0.660645 0.747803
vt 0.677979 0.764160
vt 0.696045 0.756104
vt 0.662842 0.763672
vt 0.730957 0.779053
vt 0.676025 0.769287
vt 0.707031 0.789307
vt 0.992188 0.217041
vt 0.990479 0.208496
vt 0.991699 0.207275
vt 0.996094 0.218018
vt 0.993652 0.207520
vt 0.996582 0.196045
vt 0.995361 0.206299
vt 0.993896 0.437012
vt 0.991211 0.457031
vt 0.989990 0.423340
vt 0.994873 0.445068
vt 0.993164 0.463135
vt 0.990479 0.466797
vt 0.854492 0.301514
vt 0.832275 0.333496
vt 0.806396 0.298340
vt 0.776611 0.349854
vt 0.853027 0.327637
vt 0.869629 0.263184
vt 0.856201 0.331055
vt 0.775146 0.367920
vt 0.759033 0.378418
vt 0.756592 0.408447
vt 0.824951 0.372803
vt 0.872803 0.364014
vt 0.918457 0.366699
vt 0.893066 0.384766
vt 0.929199 0.394775
vt 0.910156 0.425293
vt 0.772705 0.386230
vt 0.800781 0.386719
vt 0.843506 0.395508
vt 0.884033 0.409668
vt 0.886230 0.443115
vt 0.917480 0.456543
vt 0.856689 0.408203
vt 0.887207 0.492188
vt 0.848145 0.423340
vt 0.814697 0.407227
vt 0.815186 0.430664
vt 0.826172 0.477051
vt 0.850830 0.493896
vt 0.787842 0.400146
vt 0.785889 0.411377
vt 0.773193 0.440186
vt 0.753662 0.427002
vt 0.797119 0.467285
vt 0.775146 0.460693
vt 0.729980 0.454346
vt 0.765869 0.516357
vt 0.810791 0.492432
vt 0.895508 0.516357
vt 0.823486 0.491943
vt 0.734375 0.964844
vt 0.763672 0.972656
vt 0.720215 0.972656
vt 0.729492 0.981445
vt 0.780273 0.967529
vt 0.774414 0.962402
vt 0.781006 0.955811
vt 0.783936 0.980957
vt 0.788086 0.966553
vt 0.800781 0.957275
vt 0.794189 0.947754
vt 0.801514 0.944580
vt 0.791016 0.973633
vt 0.774658 0.985352
vt 0.732422 0.992188
vt 0.790283 0.990234
vt 0.782471 0.991943
vt 0.800537 0.992676
vt 0.989990 0.185791
vt 0.994385 0.171875
vt 0.993164 0.182129
vt 0.996338 0.184082
vt 0.999756 0.191162
vt 0.992920 0.183838
vt 0.999756 0.156494
vt 0.999756 0.171387
vt 0.998047 0.158691
vt 0.846191 0.940186
vt 0.807129 0.962158
vt 0.849121 0.931396
vt 0.861328 0.925293
vt 0.851562 0.877441
vt 0.861572 0.938477
vt 0.869385 0.877441
vt 0.876953 0.925293
vt 0.877441 0.949951
vt 0.876465 0.917969
vt 0.880859 0.876953
vt 0.891113 0.938721
vt 0.887695 0.886230
vt 0.894531 0.852295
vt 0.900146 0.868164
vt 0.901367 0.861816
vt 0.893555 0.922119
vt 0.891846 0.927002
vt 0.906738 0.943848
vt 0.913574 0.939453
vt 0.905029 0.938232
vt 0.934082 0.961182
vt 0.999756 0.761230
vt 0.989014 0.752197
vt 0.999268 0.735352
vt 0.620117 0.988281
vt 0.634766 0.965576
vt 0.649902 0.976074
vt 0.632568 0.993652
vt 0.667725 0.984863
vt 0.677002 0.977051
vt 0.677490 0.971191
vt 0.633057 0.957520
vt 0.620361 0.950684
vt 0.659912 0.952881
vt 0.664551 0.956787
vt 0.680420 0.962891
vt 0.701416 0.977295
vt 0.694824 0.962646
vt 0.697510 0.982910
vt 0.695557 0.986084
vt 0.681641 0.986328
vt 0.695068 0.991455
vt 0.274414 0.970947
vt 0.279053 0.958984
vt 0.311279 0.965332
vt 0.280518 0.950439
vt 0.316162 0.957520
vt 0.332275 0.955811
vt 0.330078 0.951660
vt 0.331787 0.971436
vt 0.317627 0.975342
vt 0.277588 0.984131
vt 0.329346 0.985596
vt 0.314697 0.984619
vt 0.332520 0.295410
vt 0.320068 0.292480
vt 0.325195 0.273193
vt 0.342285 0.273926
vt 0.345215 0.288818
vt 0.349609 0.314209
vt 0.332520 0.329346
vt 0.313232 0.317383
vt 0.301514 0.299805
vt 0.310059 0.333740
vt 0.331299 0.337891
vt 0.304199 0.294922
vt 0.290771 0.283203
vt 0.283447 0.282227
vt 0.289795 0.297607
vt 0.284424 0.303467
vt 0.276855 0.292725
vt 0.261475 0.303467
vt 0.297607 0.313965
vt 0.277344 0.320557
vt 0.260742 0.335205
vt 0.240234 0.310059
vt 0.294189 0.329834
vt 0.279297 0.330811
vt 0.237793 0.317871
vt 0.273193 0.343506
vt 0.256592 0.346191
vt 0.276367 0.352051
vt 0.224609 0.320801
vt 0.276123 0.361816
vt 0.246582 0.349365
vt 0.223877 0.340332
vt 0.306641 0.350342
vt 0.323242 0.353760
vt 0.302979 0.358154
vt 0.315674 0.361084
vt 0.328857 0.374268
vt 0.305664 0.376221
vt 0.337646 0.375977
vt 0.334717 0.382812
vt 0.319336 0.387207
vt 0.298340 0.383789
vt 0.324707 0.400391
vt 0.346680 0.399902
vt 0.332031 0.407471
vt 0.329834 0.423584
vt 0.310547 0.423584
vt 0.305664 0.412109
vt 0.294678 0.416748
vt 0.294922 0.388916
vt 0.281250 0.391602
vt 0.273438 0.413574
vt 0.277588 0.385010
vt 0.264404 0.367676
vt 0.261719 0.399170
vt 0.266602 0.416016
vt 0.252930 0.426270
vt 0.249268 0.390869
vt 0.236328 0.425781
vt 0.243652 0.374512
vt 0.231201 0.364014
vt 0.212646 0.363281
vt 0.235596 0.386719
vt 0.213135 0.400146
vt 0.083008 0.974609
vt 0.103516 0.975342
vt 0.099121 0.994629
vt 0.094727 0.995361
vt 0.083008 0.954346
vt 0.067383 0.982422
vt 0.109131 0.962158
vt 0.076660 0.992676
vt 0.093994 0.999756
vt 0.063721 0.995605
vt 0.107666 0.952881
vt 0.091309 0.943848
vt 0.100342 0.940430
vt 0.936768 0.411865
vt 0.945801 0.408203
vt 0.944580 0.421631
vt 0.933594 0.382324
vt 0.974365 0.332031
vt 0.975342 0.425293
vt 0.961670 0.379150
vt 0.960205 0.406982
vt 0.043213 0.637451
vt 0.059814 0.628906
vt 0.067139 0.644775
vt 0.075439 0.623535
vt 0.035889 0.616455
vt 0.027588 0.662842
vt 0.068604 0.618408
vt 0.054199 0.603760
vt 0.043213 0.575439
vt 0.028320 0.570801
vt 0.064697 0.593018
vt 0.094482 0.609863
vt 0.091309 0.630127
vt 0.092285 0.584961
vt 0.107666 0.572266
vt 0.386475 0.172607
vt 0.370605 0.238525
vt 0.361816 0.214111
vt 0.354248 0.290771
vt 0.346680 0.251221
vt 0.352051 0.173340
vt 0.436523 0.127686
vt 0.327148 0.175049
vt 0.326904 0.268799
vt 0.286377 0.126221
vt 0.128662 0.001221
vt 0.134521 0.031494
vt 0.121338 0.033691
vt 0.134033 0.052246
vt 0.405273 0.964600
vt 0.418213 0.982422
vt 0.403564 0.990723
vt 0.950195 0.573730
vt 0.962158 0.557373
vt 0.955566 0.585938
vt 0.933594 0.560547
vt 0.928711 0.590576
vt 0.954346 0.595703
vt 0.936035 0.602783
vt 0.927490 0.616699
vt 0.929688 0.572021
vt 0.918457 0.585449
vt 0.905762 0.551758
vt 0.912109 0.543457
vt 0.891357 0.527344
vt 0.891113 0.554688
vt 0.887207 0.535156
vt 0.871826 0.530518
vt 0.208984 0.058594
vt 0.200684 0.034912
vt 0.208252 0.022705
vt 0.199219 0.020508
vt 0.173096 0.020752
vt 0.205322 0.010010
vt 0.368164 0.988525
vt 0.362061 0.969971
vt 0.388184 0.982178
vt 0.994873 0.236328
vt 0.989990 0.244385
vt 0.990967 0.222412
vt 0.661133 0.931396
vt 0.681641 0.927246
vt 0.694092 0.932129
vt 0.659180 0.942383
vt 0.624756 0.943604
vt 0.666016 0.948486
vt 0.704346 0.939697
vt 0.687012 0.955078
vt 0.621582 0.938232
vt 0.595215 0.951660
vt 0.597656 0.943359
vt 0.615967 0.931152
vt 0.590576 0.938477
vt 0.578369 0.949951
vt 0.573730 0.954102
vt 0.186279 0.675537
vt 0.194824 0.671143
vt 0.171875 0.688965
vt 0.183594 0.653076
vt 0.179688 0.680908
vt 0.190918 0.648682
vt 0.174072 0.637939
vt 0.176758 0.634766
vt 0.183105 0.633057
vt 0.195557 0.637451
vt 0.181641 0.622314
vt 0.201416 0.660889
vt 0.206055 0.618652
vt 0.200439 0.676514
vt 0.190918 0.686035
vt 0.230713 0.677979
vt 0.228516 0.691162
vt 0.225342 0.658691
vt 0.262939 0.678955
vt 0.267090 0.693115
vt 0.227051 0.638672
vt 0.253662 0.656494
vt 0.284424 0.685791
vt 0.289062 0.666016
vt 0.253174 0.634766
vt 0.297119 0.652832
vt 0.257324 0.622559
vt 0.285156 0.628662
vt 0.211914 0.609131
vt 0.189697 0.595459
vt 0.229980 0.610352
vt 0.214600 0.590820
vt 0.235596 0.585938
vt 0.244141 0.606934
vt 0.251709 0.606689
vt 0.251953 0.588623
vt 0.247070 0.585449
vt 0.265625 0.567871
vt 0.255371 0.567139
vt 0.217773 0.569336
vt 0.253906 0.549561
vt 0.995117 0.281250
vt 0.992920 0.281006
vt 0.997803 0.276611
vt 0.996826 0.281006
vt 0.997314 0.280273
vt 0.994873 0.285156
vt 0.987793 0.277100
vt 0.972656 0.303223
vt 0.965820 0.269287
vt 1.000000 0.301514
vt 0.993408 0.317383
vt 0.950439 0.279785
vt 0.944580 0.291748
vt 0.944580 0.308838
vt 0.953613 0.318359
vt 0.296387 0.591553
vt 0.306641 0.573242
vt 0.305420 0.600830
vt 0.289062 0.582764
vt 0.277100 0.619873
vt 0.270020 0.619141
vt 0.266846 0.606934
vt 0.276367 0.581787
vt 0.283447 0.562744
vt 0.270264 0.572021
vt 0.296143 0.552490
vt 0.262207 0.547363
vt 0.294189 0.529785
vt 0.314697 0.552979
vt 0.336670 0.586182
vt 0.321533 0.547852
vt 0.348389 0.585693
vt 0.330566 0.520264
vt 0.280029 0.470459
vt 0.343262 0.548584
vt 0.346924 0.524414
vt 0.363525 0.561523
vt 0.366943 0.580811
vt 0.370605 0.568848
vt 0.408936 0.566650
vt 0.024414 0.371582
vt 0.024170 0.370850
vt 0.029541 0.360352
vt 0.026855 0.371338
vt 0.019531 0.366211
vt 0.023682 0.371582
vt 0.031494 0.315918
vt 0.046387 0.345703
vt 0.039795 0.359375
vt 0.039795 0.372070
vt 0.051514 0.326416
vt 0.075439 0.332764
vt 0.089600 0.350586
vt 0.052490 0.320557
vt 0.024658 0.304688
vt 0.020264 0.284668
vt 0.066895 0.319092
vt 0.061279 0.306152
vt 0.076904 0.312988
vt 0.018066 0.664062
vt 0.013672 0.693848
vt 0.003174 0.648926
vt 0.030762 0.671875
vt 0.035889 0.696045
vt 0.038086 0.671631
vt 0.038086 0.670654
vt 0.046387 0.670410
vt 0.048096 0.669922
vt 0.056396 0.668701
vt 0.150879 0.195801
vt 0.142822 0.190918
vt 0.157715 0.187256
vt 0.140625 0.200684
vt 0.166504 0.224609
vt 0.178223 0.224121
vt 0.159668 0.261475
vt 0.164062 0.198730
vt 0.185791 0.202148
vt 0.185059 0.209717
vt 0.220459 0.239502
vt 0.205566 0.213135
vt 0.169678 0.179199
vt 0.196777 0.208984
vt 0.222412 0.178955
vt 0.197754 0.204102
vt 0.183838 0.183594
vt 0.207031 0.166016
vt 0.204346 0.147705
vt 0.176758 0.173828
vt 0.197021 0.147461
vt 0.175537 0.169434
vt 0.166504 0.171387
vt 0.174316 0.164062
vt 0.194336 0.127197
vt 0.162842 0.155029
vt 0.163330 0.153564
vt 0.146973 0.127441
vt 0.997803 0.829102
vt 0.990967 0.832520
vt 0.996826 0.827637
vt 0.992432 0.827393
vt 0.989014 0.834473
vt 0.989502 0.832764
vt 0.990479 0.831299
vt 0.989014 0.824951
vt 0.988037 0.816162
vt 0.992920 0.579834
vt 0.988037 0.577148
vt 0.988037 0.570557
vt 0.995117 0.577148
vt 0.991455 0.579590
vt 0.989014 0.579102
vt 0.988281 0.579346
vt 0.993896 0.583252
vt 0.995850 0.587402
vt 0.997314 0.602783
vt 1.000000 0.572266
vt 0.999512 0.569824
vt 0.994873 0.576660
vt 0.993896 0.574707
vt 0.993164 0.573730
vt 0.007812 0.707275
vt 0.027344 0.708984
vt 0.017334 0.711670
vt 0.018311 0.703369
vt 0.026123 0.704346
vt 0.041504 0.707764
vt 0.037598 0.701660
vt 0.046143 0.717041
vt 0.031494 0.715088
vt 0.047852 0.728027
vt 0.020264 0.722656
vt 0.005371 0.726807
vt 0.032227 0.724609
vt 0.018311 0.741699
vt 0.028320 0.735840
vt 0.050781 0.747559
vt 0.054199 0.740723
vt 0.033936 0.750732
vt 0.020752 0.754150
vt 0.038086 0.756592
vt 0.016113 0.761230
vt 0.063232 0.756104
vt 0.062500 0.759766
vt 0.214844 0.939941
vt 0.268555 0.973389
vt 0.227051 0.963623
vt 0.243896 0.917969
vt 0.197021 0.897705
vt 0.180420 0.928711
vt 0.207520 0.955078
vt 0.187256 0.957031
vt 0.147949 0.959473
vt 0.183838 0.960938
vt 0.166016 0.970215
vt 0.192383 0.973145
vt 0.953857 0.083496
vt 0.948730 0.082275
vt 0.958496 0.061279
vt 0.939941 0.082031
vt 0.949707 0.101074
vt 0.936768 0.095215
vt 0.896973 0.059326
vt 0.943115 0.126221
vt 0.951904 0.120361
vt 0.958008 0.103760
vt 0.955322 0.139404
vt 0.966797 0.099365
vt 0.966797 0.107666
vt 0.966064 0.083008
vt 0.974121 0.076904
vt 0.968750 0.096680
vt 0.978027 0.100830
vt 0.975586 0.086426
vt 0.985596 0.096680
vt 0.531250 0.045654
vt 0.530273 0.040771
vt 0.560059 0.040283
vt 0.475342 0.046143
vt 0.524658 0.036865
vt 0.475342 0.054443
vt 0.469727 0.054443
vt 0.464111 0.035645
vt 0.977783 0.632324
vt 0.916016 0.632324
vt 0.951172 0.610352
vt 0.387939 0.957764
vt 0.402100 0.952637
vt 0.399170 0.965576
vt 0.392090 0.977051
vt 0.383301 0.972412
vt 0.370605 0.966064
vt 0.376221 0.942383
vt 0.392334 0.944092
vt 0.412598 0.930908
vt 0.398193 0.923584
vt 0.390869 0.927002
vt 0.396484 0.900391
vt 0.364746 0.958252
vt 0.376221 0.923340
vt 0.359863 0.946289
vt 0.355957 0.955322
vt 0.336670 0.982666
vt 0.363281 0.916504
vt 0.381348 0.894043
vt 0.403809 0.878418
vt 0.369141 0.875244
vt 0.408447 0.779541
vt 0.426270 0.768555
vt 0.423584 0.795654
vt 0.416748 0.738770
vt 0.444824 0.776611
vt 0.437012 0.723633
vt 0.404785 0.705078
vt 0.458740 0.738525
vt 0.431152 0.696777
vt 0.467773 0.778320
vt 0.454102 0.709229
vt 0.483887 0.750000
vt 0.480713 0.778320
vt 0.464355 0.707275
vt 0.488281 0.738281
vt 0.485596 0.721680
vt 0.504150 0.755127
vt 0.494629 0.787354
vt 0.507324 0.737061
vt 0.527100 0.747070
vt 0.533203 0.737305
vt 0.519043 0.795654
vt 0.540039 0.765137
vt 0.542969 0.748291
vt 0.556641 0.746094
vt 0.563721 0.782715
vt 0.572021 0.756592
vt 0.010254 0.554199
vt 0.053955 0.493652
vt 0.056396 0.548584
vt 0.999512 0.464355
vt 0.999512 0.502197
vt 0.992432 0.484619
vt 0.612061 0.053955
vt 0.625488 0.016357
vt 0.628662 0.055908
vt 0.639893 0.021240
vt 0.660156 0.083740
vt 0.616211 0.068115
vt 0.674805 0.074951
vt 0.674561 0.033447
vt 0.710449 0.046143
vt 0.641113 0.015869
vt 0.678711 0.023926
vt 0.693115 0.013428
vt 0.642090 0.010498
vt 0.676025 0.015625
vt 0.405273 0.221191
vt 0.413574 0.208740
vt 0.441406 0.228516
vt 0.391357 0.201904
vt 0.434082 0.232178
vt 0.440918 0.240723
vt 0.396729 0.232178
vt 0.465088 0.234863
vt 0.485840 0.232666
vt 0.512451 0.225586
vt 0.425049 0.163818
vt 0.490234 0.234375
vt 0.516357 0.203125
vt 0.478760 0.168945
vt 0.517578 0.201660
vt 0.486328 0.152344
vt 0.533691 0.181641
vt 0.503906 0.146973
vt 0.542969 0.180908
vt 0.502197 0.138184
vt 0.501221 0.234863
vt 0.518555 0.232178
vt 0.513916 0.243164
vt 0.490479 0.240479
vt 0.506348 0.250244
vt 0.450195 0.251465
vt 0.396973 0.246826
vt 0.447266 0.282227
vt 0.503418 0.274414
vt 0.439453 0.331543
vt 0.477051 0.298828
vt 0.468018 0.308594
vt 0.503662 0.277588
vt 0.510498 0.280762
vt 0.520508 0.287354
vt 0.491699 0.303711
vt 0.475586 0.350830
vt 0.030762 0.890625
vt 0.018799 0.922852
vt 0.022949 0.888184
vt 0.031006 0.860596
vt 0.022217 0.860840
vt 0.022705 0.839600
vt 0.017334 0.845947
vt 0.715088 0.077637
vt 0.734863 0.016357
vt 0.731934 0.082764
vt 0.366699 0.086182
vt 0.358643 0.094971
vt 0.365723 0.077393
vt 0.373535 0.115723
vt 0.413330 0.100342
vt 0.365723 0.131348
vt 0.380859 0.143555
vt 0.349854 0.091797
vt 0.344971 0.095947
vt 0.348633 0.126465
vt 0.335449 0.092529
vt 0.360596 0.160156
vt 0.365967 0.152832
vt 0.351074 0.164062
vt 0.339600 0.146240
vt 0.320312 0.104248
vt 0.334717 0.152344
vt 0.312988 0.133789
vt 0.283447 0.088867
vt 0.213623 0.010254
vt 0.229248 0.032471
vt 0.213379 0.061523
vt 0.943604 0.928467
vt 0.960938 0.873535
vt 0.958740 0.919678
vt 0.952148 0.956787
vt 0.970947 0.922607
vt 0.962158 0.966064
vt 0.982178 0.878418
vt 0.982666 0.943115
vt 0.844238 0.949463
vt 0.839355 0.959229
vt 0.820068 0.963379
vt 0.829102 0.997803
vt 0.104980 0.083008
vt 0.049805 0.111084
vt 0.077881 0.079346
vt 0.126953 0.053955
vt 0.070312 0.055908
vt 0.097168 0.034912
vt 0.805908 0.044678
vt 0.815430 0.032227
vt 0.828857 0.037109
vt 0.822998 0.061035
vt 0.762939 0.027344
vt 0.784668 0.022217
vt 0.813477 0.026855
vt 0.789307 0.011230
vt 0.765137 0.037354
vt 0.775635 0.050781
vt 0.784424 0.073730
vt 0.742920 0.044922
vt 0.767090 0.073975
vt 0.742432 0.072754
vt 0.977783 0.261475
vt 0.960449 0.264648
vt 0.951904 0.234863
vt 0.936279 0.249023
vt 0.951416 0.270508
vt 0.937256 0.274170
vt 0.921875 0.244873
vt 0.913330 0.258545
vt 0.933838 0.287109
vt 0.903320 0.263672
vt 0.931641 0.295898
vt 0.867432 0.250977
vt 0.970703 0.774658
vt 0.954102 0.786377
vt 0.972412 0.719971
vt 0.974365 0.819092
vt 0.939697 0.785645
vt 0.541992 0.982666
vt 0.528564 0.962891
vt 0.567139 0.920898
vt 0.525635 0.978027
vt 0.501465 0.969971
vt 0.596191 0.049316
vt 0.565186 0.059570
vt 0.572754 0.046875
vt 0.606689 0.041748
vt 0.612305 0.029541
vt 0.561523 0.030762
vt 0.610107 0.011230
vt 0.234863 0.025635
vt 0.245850 0.010254
vt 0.283691 0.039307
vt 0.926025 0.723389
vt 0.940186 0.732666
vt 0.913818 0.745605
vt 0.914307 0.719482
vt 0.896973 0.737793
vt 0.943604 0.698486
vt 0.952637 0.734375
vt 0.948486 0.750000
vt 0.961426 0.698730
vt 0.962402 0.735352
vt 0.954346 0.691406
vt 0.930664 0.699219
vt 0.926270 0.685791
vt 0.897705 0.714844
vt 0.879883 0.722168
vt 0.916260 0.694092
vt 0.908936 0.685791
vt 0.882812 0.688721
vt 0.940186 0.682617
vt 0.906006 0.667480
vt 0.871826 0.675537
vt 0.901855 0.655762
vt 0.911621 0.644775
vt 0.959717 0.682861
vt 0.923340 0.675781
vt 0.913086 0.664551
vt 0.920898 0.652344
vt 0.930420 0.637939
vt 0.924072 0.662109
vt 0.932861 0.668701
vt 0.943604 0.671631
vt 0.926270 0.653076
vt 0.930664 0.642822
vt 0.935547 0.639404
vt 0.932129 0.661377
vt 0.937500 0.651367
vt 0.941895 0.645264
vt 0.953613 0.637695
vt 0.940918 0.656982
vt 0.946289 0.665039
vt 0.945801 0.650391
vt 0.957031 0.656738
vt 0.965332 0.652588
vt 0.955078 0.669678
vt 0.032715 0.479004
vt 0.013672 0.474121
vt 0.030273 0.450195
vt 0.041016 0.462646
vt 0.050049 0.437500
vt 0.030029 0.424072
vt 0.072754 0.410645
vt 0.000000 0.432373
vt 0.031494 0.397949
vt 0.004639 0.414551
vt 0.002197 0.391846
vt 0.183838 0.524902
vt 0.203857 0.561279
vt 0.175781 0.540039
vt 0.209229 0.546143
vt 0.181885 0.513916
vt 0.167725 0.529053
vt 0.199951 0.511963
vt 0.221191 0.542969
vt 0.189453 0.484863
vt 0.233154 0.528076
vt 0.202393 0.481445
vt 0.187744 0.466797
vt 0.178223 0.474854
vt 0.171143 0.437988
vt 0.165771 0.441650
vt 0.191650 0.448975
vt 0.168701 0.428223
vt 0.206543 0.471191
vt 0.224365 0.492188
vt 0.174805 0.422119
vt 0.168213 0.410156
vt 0.198730 0.422607
vt 0.195312 0.435547
vt 0.207764 0.438477
vt 0.207764 0.459473
vt 0.229248 0.479248
vt 0.227295 0.467285
vt 0.226562 0.456787
vt 0.254395 0.453369
vt 0.280029 0.449951
vt 0.292969 0.454346
vt 0.259033 0.470703
vt 0.264404 0.474365
vt 0.251465 0.499512
vt 0.258057 0.515137
vt 0.266113 0.487061
vt 0.264648 0.502930
vt 0.281738 0.501709
vt 0.523438 0.013184
vt 0.528564 0.029053
vt 0.479492 0.039307
vt 0.567139 0.990479
vt 0.585205 0.970215
vt 0.585938 0.998535
vt 0.579834 0.963379
vt 0.554199 0.982178
vt 0.560547 0.956543
vt 0.594482 0.970703
vt 0.603516 0.955811
vt 0.602783 0.989990
vt 0.614502 0.969971
vt 0.614502 0.991211
vt 0.996582 0.626709
vt 0.996582 0.657471
vt 0.988281 0.641846
vt 0.179443 0.034912
vt 0.146240 0.027100
vt 0.154053 0.013428
vt 0.167236 0.045654
vt 0.138428 0.042969
vt 0.167480 0.062744
vt 0.173340 0.053223
vt 0.194824 0.041748
vt 0.188721 0.049316
vt 0.175781 0.066162
vt 0.195557 0.061035
vt 0.173584 0.082031
vt 0.165283 0.075684
vt 0.188721 0.070801
vt 0.196045 0.070557
vt 0.194580 0.082520
vt 0.188477 0.080811
vt 0.188477 0.091064
vt 0.178711 0.081543
vt 0.180420 0.093018
vt 0.179199 0.100098
vt 0.999023 0.531250
vt 0.988037 0.565186
vt 0.989014 0.532227
vt 0.039551 0.851318
vt 0.021240 0.826904
vt 0.035645 0.830811
vt 0.034180 0.809326
vt 0.029297 0.796631
vt 0.057373 0.835205
vt 0.075439 0.838623
vt 0.043457 0.820312
vt 0.042236 0.764893
vt 0.026367 0.775146
vt 0.054932 0.773682
vt 0.050293 0.805420
vt 0.077148 0.787598
vt 0.053467 0.822021
vt 0.069824 0.817383
vt 0.093506 0.789795
vt 0.090088 0.816895
vt 0.110840 0.788574
vt 0.093994 0.838135
vt 0.112061 0.834229
vt 0.517090 0.958252
vt 0.478516 0.971191
vt 0.479980 0.956787
vt 0.445557 0.963135
vt 0.441162 0.968994
vt 0.445068 0.948975
vt 0.513916 0.947266
vt 0.534668 0.945312
vt 0.473389 0.942627
vt 0.441162 0.936768
vt 0.512695 0.935303
vt 0.528564 0.930664
vt 0.483154 0.930420
vt 0.470459 0.917725
vt 0.510986 0.921387
vt 0.507812 0.907227
vt 0.527588 0.919922
vt 0.551758 0.919922
vt 0.883057 0.071777
vt 0.876953 0.080078
vt 0.842773 0.070068
vt 0.883301 0.058350
vt 0.847900 0.056152
vt 0.883789 0.045898
vt 0.837891 0.039307
vt 0.886475 0.034180
vt 0.915771 0.032959
vt 0.831543 0.020996
vt 0.864990 0.015625
vt 0.854004 0.010010
vt 0.863770 0.011719
vt 0.884521 0.026611
vt 0.896240 0.020996
vt 0.064941 0.115234
vt 0.111816 0.098633
vt 0.124023 0.110840
vt 0.124023 0.097656
vt 0.129639 0.085938
vt 0.126709 0.065918
vt 0.148438 0.062988
vt 0.153809 0.072021
vt 0.141113 0.085205
vt 0.159424 0.084961
vt 0.135742 0.097900
vt 0.132812 0.112061
vt 0.169434 0.090332
vt 0.132568 0.122559
vt 0.159180 0.115723
vt 0.159668 0.117432
vt 0.009033 0.742676
vt 0.004395 0.794678
vt 0.000977 0.733154
vt 0.069580 0.376953
vt 0.062256 0.387451
vt 0.011230 0.379639
vt 0.970703 0.210449
vt 0.965332 0.176270
vt 0.975586 0.154541
vt 0.960938 0.162842
vt 0.958496 0.216797
vt 0.951904 0.166992
vt 0.947021 0.196533
vt 0.891113 0.181396
vt 0.889893 0.203369
vt 0.917236 0.229248
vt 0.908203 0.236084
vt 0.911865 0.236084
vt 0.909424 0.231934
vt 0.905518 0.230713
vt 0.903076 0.228760
vt 0.904297 0.232422
vt 0.541016 0.035156
vt 0.541016 0.009277
vt 0.553955 0.034668
vt 0.269043 0.018555
vt 0.288086 0.012451
vt 0.290039 0.035156
vt 0.593750 0.804443
vt 0.597412 0.793701
vt 0.597900 0.804688
vt 0.598145 0.812012
vt 0.637207 0.802490
vt 0.647461 0.815674
vt 0.643555 0.798340
vt 0.663086 0.787354
vt 0.674072 0.824219
vt 0.680664 0.815186
vt 0.679443 0.807373
vt 0.675537 0.779785
vt 0.703857 0.798340
vt 0.692871 0.814697
vt 0.688477 0.823486
vt 0.695801 0.840576
vt 0.698242 0.821045
vt 0.705566 0.810303
vt 0.729492 0.789551
vt 0.734863 0.796875
vt 0.709473 0.818115
vt 0.682373 0.845947
vt 0.674561 0.829590
vt 0.684814 0.856689
vt 0.698975 0.869141
vt 0.638184 0.850586
vt 0.597900 0.842529
vt 0.593750 0.816162
vt 0.637695 0.867920
vt 0.595215 0.866211
vt 0.624756 0.878662
vt 0.646973 0.871094
vt 0.656738 0.880127
vt 0.064941 0.440186
vt 0.077148 0.427246
vt 0.097656 0.434082
vt 0.102051 0.420410
vt 0.135986 0.438721
vt 0.118408 0.421631
vt 0.092041 0.403564
vt 0.077637 0.402832
vt 0.102783 0.395264
vt 0.085693 0.390625
vt 0.066406 0.395020
vt 0.103271 0.384766
vt 0.104980 0.341797
vt 0.074951 0.380859
vt 0.077148 0.376953
vt 0.082764 0.376465
vt 0.087158 0.376709
vt 0.089111 0.376221
vt 0.092529 0.375488
vt 0.093750 0.370361
vt 0.094971 0.343506
vt 0.087646 0.314941
vt 0.106689 0.332275
vt 0.746094 0.013184
vt 0.744873 0.012207
vt 0.746582 0.012451
vt 0.756104 0.013672
vt 0.741699 0.018799
vt 0.756836 0.031250
vt 0.740479 0.039307
vt 0.741455 0.017578
vt 0.743164 0.015625
vt 0.740967 0.018066
vt 0.996826 0.706299
vt 0.995605 0.703613
vt 0.988037 0.679688
vt 0.991943 0.701416
vt 0.991943 0.701904
vt 0.988281 0.704834
vt 0.001221 0.861816
vt 0.001465 0.857666
vt 0.002197 0.859375
vt 0.000244 0.857178
vt 0.000732 0.852539
vt 0.001953 0.854736
vt 0.002686 0.854004
vt 0.001953 0.853516
vt 0.000244 0.850830
vt 0.334229 0.042480
vt 0.337646 0.040527
vt 0.340332 0.039795
vt 0.338623 0.041016
vt 0.347656 0.022217
vt 0.366211 0.044434
vt 0.338379 0.041992
vt 0.393799 0.023438
vt 0.990723 0.708984
vt 0.993896 0.720947
vt 0.989990 0.729248
vt 0.991699 0.735596
vt 0.005615 0.830566
vt 0.006836 0.829346
vt 0.006836 0.832275
vt 0.005127 0.830322
vt 0.005127 0.829590
vt 0.004883 0.829590
vt 0.004150 0.828369
vt 0.004639 0.827881
vt 0.004883 0.824951
vt 0.006836 0.821777
vt 0.009521 0.822754
vt 0.009766 0.812256
vt 0.009277 0.826172
vt 0.007568 0.830566
vt 0.009521 0.828613
vt 0.009277 0.830566
vt 0.009766 0.829834
vt 0.009766 0.830078
vt 0.007080 0.870605
vt 0.007324 0.870361
vt 0.007812 0.870605
vt 0.227051 0.999268
vt 0.226074 0.999268
vt 0.227783 0.996826
vt 0.228516 1.000000
vt 0.225830 0.999023
vt 0.223877 0.999023
vt 0.222412 0.998779
vt 0.218262 0.998047
vt 0.215820 0.997070
vt 0.229980 0.970703
vt 0.208740 0.965576
vt 0.132080 0.165039
vt 0.086670 0.158203
vt 0.128662 0.160889
vt 0.091797 0.162842
vt 0.084229 0.145996
vt 0.130371 0.146484
vt 0.121094 0.128906
vt 0.085205 0.123535
vt 0.078369 0.138916
vt 0.081787 0.160889
vt 0.084961 0.176514
vt 0.079834 0.151367
vt 0.073975 0.137451
vt 0.074707 0.197266
vt 0.071045 0.148193
vt 0.055176 0.114746
vt 0.075195 0.157227
vt 0.053955 0.231445
vt 0.943604 0.981445
vt 0.925781 0.980225
vt 0.943848 0.975342
vt 0.931641 0.971924
vt 0.982422 0.972412
s 1
usemtl tripo_mat_d700d58f-2a65-4085-beac-ce4486724970
f 875/1 61/2 819/3
f 61/2 875/1 878/4
f 61/2 878/4 804/5
f 804/5 878/4 902/6
f 819/3 61/2 175/7
f 804/5 902/6 828/8
f 819/3 175/7 744/9
f 819/3 744/9 903/10
f 903/10 744/9 881/11
f 881/11 744/9 833/12
f 833/12 744/9 795/13
f 833/12 795/13 838/14
f 744/9 175/7 184/15
f 795/13 744/9 51/16
f 51/16 744/9 184/15
f 795/13 51/16 64/17
f 51/16 184/15 203/18
f 51/16 203/18 64/17
f 795/13 64/17 796/19
f 795/13 796/19 809/20
f 809/20 796/19 787/21
f 787/21 796/19 769/22
f 769/22 796/19 775/23
f 775/23 796/19 754/24
f 754/24 796/19 64/17
f 207/25 64/17 212/26
f 212/26 64/17 203/18
f 212/26 203/18 221/27
f 221/27 203/18 228/28
f 228/28 203/18 224/29
f 228/28 224/29 223/30
f 223/30 224/29 213/31
f 224/29 203/18 275/32
f 224/29 275/32 213/31
f 213/31 275/32 220/33
f 220/33 275/32 227/34
f 275/32 203/18 184/15
f 275/32 184/15 278/35
f 275/32 278/35 354/36
f 278/35 184/15 175/7
f 278/35 175/7 215/37
f 215/37 175/7 61/2
f 346/38 342/39 278/35
f 346/38 278/35 299/40
f 299/40 278/35 215/37
f 346/38 299/40 320/41
f 215/37 61/2 180/42
f 215/37 180/42 299/40
f 320/41 299/40 260/43
f 260/43 299/40 180/42
f 320/41 260/43 242/44
f 180/42 61/2 804/5
f 260/43 180/42 127/45
f 260/43 127/45 242/44
f 127/45 180/42 804/5
f 242/44 127/45 146/46
f 242/44 146/46 66/47
s 0
f 146/46 127/45 29/48
s 1
f 146/46 29/48 66/47
f 29/48 127/45 804/5
f 66/47 29/48 792/49
f 792/49 29/48 804/5
f 66/47 792/49 801/50
f 801/50 792/49 736/51
f 792/49 804/5 828/8
f 792/49 828/8 850/52
f 850/52 828/8 849/53
f 849/53 828/8 835/54
f 849/53 835/54 898/55
f 898/55 835/54 828/8
f 878/56 875/57 902/58
f 902/58 875/57 908/59
f 902/58 908/59 910/60
f 910/60 908/59 915/61
f 915/61 908/59 903/62
f 903/62 908/59 875/57
f 903/62 875/57 819/63
f 902/64 898/65 828/66
f 898/65 902/64 910/67
f 849/68 898/65 850/69
f 850/69 898/65 909/70
f 850/69 909/70 931/71
f 898/65 910/67 921/72
f 898/65 921/72 909/70
f 921/72 910/67 936/73
f 909/70 921/72 934/74
f 909/70 934/74 931/71
f 934/74 921/72 936/73
f 931/71 934/74 947/75
f 947/75 934/74 936/73
f 931/71 947/75 946/76
f 936/73 910/67 915/77
f 947/75 936/73 937/78
f 947/75 937/78 946/76
f 937/78 936/73 915/77
f 946/76 937/78 889/79
f 946/76 889/79 882/80
f 937/78 915/77 907/81
f 907/81 915/77 881/82
f 881/82 915/77 903/83
f 937/78 907/81 919/84
f 937/78 919/84 889/79
f 907/81 881/82 869/85
f 907/81 869/85 919/84
f 869/85 881/82 833/86
f 869/85 833/86 851/87
f 869/85 851/87 919/84
f 851/87 833/86 838/88
f 851/87 838/88 919/84
f 919/84 838/88 889/79
f 889/79 838/88 822/89
f 342/90 354/91 278/92
f 320/93 242/94 352/95
f 320/93 352/95 378/96
f 320/93 378/96 346/97
f 346/97 378/96 342/98
f 342/98 378/96 363/99
f 342/98 363/99 354/100
f 363/99 378/96 437/101
f 437/101 378/96 433/102
f 433/102 378/96 352/95
f 437/101 433/102 499/103
f 499/103 433/102 460/104
f 433/102 352/95 191/105
f 433/102 191/105 460/104
f 252/106 352/95 242/94
f 352/95 252/106 191/105
f 252/106 242/94 208/107
f 208/107 242/94 66/108
f 252/106 208/107 168/109
f 168/109 208/107 66/108
f 252/106 168/109 12/110
f 252/106 12/110 191/105
f 168/109 66/108 79/111
f 168/109 79/111 12/110
f 79/111 66/108 736/112
f 736/112 66/108 801/113
f 79/111 736/112 12/110
f 12/110 736/112 792/114
f 12/110 792/114 850/115
f 12/110 850/115 852/116
f 12/110 852/116 191/105
f 191/105 852/116 110/117
f 191/105 110/117 460/104
f 110/117 852/116 871/118
f 460/104 110/117 436/119
f 110/117 871/118 58/120
f 110/117 58/120 436/119
f 436/119 58/120 426/121
f 58/120 871/118 858/122
f 426/121 58/120 55/123
f 55/123 58/120 858/122
f 55/123 858/122 861/124
f 55/123 861/124 862/125
f 227/126 225/127 222/128
f 225/127 227/126 275/129
f 225/127 275/129 207/130
f 225/127 207/130 212/131
f 207/130 275/129 159/132
f 159/132 275/129 354/133
f 159/132 354/133 272/134
f 159/132 272/134 770/135
f 770/135 272/134 238/136
f 770/135 238/136 778/137
f 159/132 770/135 822/138
f 207/130 159/132 139/139
f 207/130 139/139 157/140
f 157/140 139/139 137/141
f 157/140 137/141 156/142
f 156/142 137/141 150/143
f 139/139 159/132 73/144
f 73/144 159/132 45/145
f 139/139 73/144 104/146
f 104/146 73/144 95/147
f 95/147 73/144 64/148
f 222/149 225/150 212/151
f 795/152 809/153 838/154
f 838/154 809/153 822/155
f 822/155 809/153 742/156
f 742/156 809/153 748/157
f 748/157 809/153 762/158
f 748/157 762/158 759/159
f 759/159 762/158 765/160
f 762/158 809/153 754/161
f 754/161 809/153 764/162
f 754/161 764/162 775/163
f 764/162 809/153 772/164
f 772/164 809/153 787/165
f 768/166 774/167 781/168
f 780/169 772/170 787/171
f 780/172 787/173 759/174
f 780/172 759/174 773/175
f 773/175 759/174 765/176
f 759/174 787/173 769/177
f 751/178 759/174 753/179
f 753/179 759/174 6/180
f 6/180 759/174 45/181
f 6/180 45/181 24/182
f 45/181 759/174 42/183
f 42/183 759/174 769/177
f 24/182 45/181 742/184
f 24/182 742/184 3/185
f 3/185 742/184 747/186
f 742/184 45/181 159/187
f 742/184 159/187 822/188
f 42/183 769/177 750/189
f 42/183 750/189 9/190
f 750/189 769/177 754/191
f 42/183 9/190 27/192
f 42/183 27/192 73/193
f 73/193 27/192 64/194
f 754/191 769/177 762/195
f 762/195 769/177 765/196
f 765/196 769/177 776/197
f 64/198 5/199 754/200
f 152/201 64/202 207/203
f 64/202 152/201 95/204
f 152/201 207/203 156/205
f 152/201 156/205 150/206
s 0
f 8/207 749/208 755/209
s 1
f 150/210 207/211 157/212
f 150/210 157/212 152/213
f 207/211 150/210 103/214
f 103/214 150/210 73/215
f 103/214 73/215 45/216
f 103/214 45/216 42/217
f 103/214 42/217 115/218
f 115/218 42/217 73/219
f 743/220 760/221 752/222
f 103/223 156/224 207/225
f 156/224 103/223 145/226
f 156/224 145/226 157/227
f 157/227 145/226 152/228
f 152/228 145/226 136/229
f 136/229 145/226 103/223
f 136/229 103/223 152/228
f 152/228 103/223 133/230
f 133/230 103/223 95/231
f 95/231 103/223 115/232
f 95/231 115/232 104/233
f 133/230 95/231 150/234
f 133/230 150/234 137/235
f 26/236 23/237 65/238
f 65/238 23/237 7/239
f 7/239 23/237 26/236
s 0
f 4/240 25/241 63/242
s 1
f 135/243 140/244 153/245
f 137/246 139/247 133/248
f 133/248 139/247 125/249
f 133/248 125/249 152/250
f 125/249 139/247 104/251
f 152/250 125/249 95/252
f 125/249 104/251 115/253
f 95/252 125/249 150/254
f 150/254 125/249 115/253
f 115/255 73/256 150/257
f 572/258 627/259 499/260
f 572/258 499/260 460/261
f 627/259 572/258 655/262
f 627/259 655/262 673/263
f 572/258 460/261 535/264
f 535/264 460/261 436/265
f 655/262 572/258 641/266
f 641/266 572/258 535/264
f 673/263 655/262 670/267
f 670/267 655/262 641/266
f 673/263 670/267 644/268
f 673/263 644/268 675/269
f 670/267 641/266 638/270
f 638/270 641/266 535/264
f 670/267 638/270 663/271
f 517/272 535/264 436/265
f 535/264 517/272 638/270
f 517/272 436/265 438/273
f 517/272 438/273 537/274
f 517/272 537/274 638/270
f 537/274 438/273 521/275
f 663/271 638/270 671/276
f 638/270 537/274 626/277
f 626/277 537/274 521/275
f 638/270 626/277 671/276
f 663/271 671/276 654/278
f 654/278 671/276 666/279
f 671/276 626/277 637/280
f 637/280 626/277 521/275
f 671/276 637/280 666/279
f 637/280 521/275 552/281
f 552/281 521/275 452/282
f 637/280 552/281 621/283
f 637/280 621/283 666/279
f 621/283 552/281 524/284
f 621/283 524/284 538/285
f 666/279 621/283 623/286
f 666/279 623/286 668/287
f 649/288 654/278 666/279
f 649/288 666/279 668/287
f 649/288 668/287 667/289
f 627/290 513/291 499/292
f 499/292 513/291 437/293
f 513/291 627/290 581/294
f 437/293 513/291 515/295
f 437/293 515/295 440/296
f 513/291 581/294 622/297
f 513/291 622/297 515/295
f 581/294 627/290 646/298
f 581/294 646/298 622/297
f 646/298 627/290 673/299
f 646/298 673/299 675/300
f 440/296 515/295 525/301
f 525/301 515/295 622/297
f 440/296 525/301 435/302
f 622/297 646/298 643/303
f 643/303 646/298 675/300
f 525/301 622/297 624/304
f 624/304 622/297 643/303
f 435/302 525/301 553/305
f 553/305 525/301 624/304
f 435/302 553/305 439/306
f 624/304 643/303 656/307
f 656/307 643/303 675/300
f 624/304 656/307 553/305
f 656/307 675/300 667/308
f 439/306 553/305 512/309
f 656/307 667/308 652/310
f 652/310 667/308 668/311
f 553/305 656/307 617/312
f 617/312 656/307 652/310
f 553/305 617/312 512/309
f 652/310 668/311 620/313
f 652/310 620/313 617/312
f 617/312 620/313 512/309
f 620/313 668/311 623/314
f 620/313 623/314 538/315
f 620/313 538/315 530/316
f 620/313 530/316 512/309
f 512/309 530/316 443/317
f 852/318 850/319 931/320
f 852/318 931/320 975/321
f 975/321 931/320 946/322
f 852/318 975/321 995/323
f 852/318 995/323 871/324
f 975/321 946/322 1003/325
f 1003/325 946/322 980/326
f 1003/325 980/326 1029/327
f 975/321 1003/325 1025/328
f 1025/328 1003/325 1029/327
f 975/321 1025/328 995/323
f 1025/328 1029/327 1034/329
f 1034/329 1029/327 1036/330
f 1034/329 1036/330 1085/331
f 1034/329 1085/331 1091/332
f 1025/328 1034/329 1040/333
f 1025/328 1040/333 995/323
f 1040/333 1034/329 1091/332
f 1040/333 1091/332 1082/334
f 1082/334 1091/332 1089/335
f 1040/333 1082/334 1042/336
f 995/323 1040/333 998/337
f 998/337 1040/333 1042/336
f 995/323 998/337 871/324
f 998/337 1042/336 1014/338
f 1014/338 1042/336 1024/339
f 871/324 998/337 956/340
f 956/340 998/337 1014/338
f 871/324 956/340 858/341
f 956/340 1014/338 986/342
f 1230/343 1239/344 1262/345
f 1230/343 1262/345 1241/346
f 1262/345 1239/344 1281/347
f 1230/343 1241/346 1192/348
f 1192/348 1241/346 1186/349
f 1239/344 1230/343 1197/350
f 1197/350 1230/343 1192/348
f 1192/348 1186/349 1183/351
f 1192/348 1183/351 1197/350
f 1183/351 1186/349 1137/352
f 1183/351 1137/352 1119/353
f 1183/351 1119/353 1180/354
f 1183/351 1180/354 1197/350
f 1180/354 1119/353 1115/355
f 1180/354 1115/355 1131/356
f 1197/350 1180/354 1188/357
f 1188/357 1180/354 1131/356
f 1197/350 1188/357 1239/344
f 1188/357 1131/356 1111/358
f 1239/344 1188/357 1249/359
f 1239/344 1249/359 1281/347
f 1188/357 1111/358 1202/360
f 1188/357 1202/360 1249/359
f 1202/360 1111/358 1130/361
f 1281/347 1249/359 1321/362
f 1202/360 1130/361 1217/363
f 1217/363 1130/361 1198/364
f 1249/359 1202/360 1255/365
f 1255/365 1202/360 1217/363
f 1321/362 1249/359 1284/366
f 1284/366 1249/359 1255/365
f 1321/362 1284/366 1328/367
f 1217/363 1198/364 1235/368
f 1217/363 1235/368 1255/365
s 0
f 1235/368 1198/364 1242/369
s 1
f 1255/365 1235/368 1260/370
f 1284/366 1255/365 1274/371
f 1284/366 1274/371 1328/367
f 1274/371 1255/365 1260/370
s 0
f 1260/370 1235/368 1265/372
f 1265/372 1235/368 1242/369
s 1
f 1260/370 1265/372 1274/371
f 1265/372 1242/369 1263/373
f 1265/372 1263/373 1274/371
f 1328/367 1274/371 1278/374
f 1328/367 1278/374 1306/375
f 1274/371 1263/373 1270/376
f 1274/371 1270/376 1278/374
f 1270/376 1263/373 1242/369
f 1278/374 1270/376 1306/375
f 1270/376 1242/369 1285/377
f 1270/376 1285/377 1306/375
f 1298/378 1262/379 1281/380
f 1298/378 1281/380 1321/381
f 1262/379 1298/378 1287/382
f 1262/379 1287/382 1241/383
f 1298/378 1321/381 1337/384
f 1337/384 1321/381 1328/385
f 1287/382 1298/378 1325/386
f 1325/386 1298/378 1337/384
f 1241/383 1287/382 1256/387
f 1325/386 1337/384 1330/388
f 1287/382 1325/386 1307/389
f 1307/389 1325/386 1330/388
f 1287/382 1307/389 1256/387
f 1330/388 1337/384 1318/390
f 1330/388 1318/390 1307/389
f 1324/391 1337/384 1328/385
f 1337/384 1324/391 1318/390
f 1324/391 1328/385 1306/392
f 1324/391 1306/392 1302/393
f 1302/393 1306/392 1285/394
f 1324/391 1302/393 1301/395
f 1324/391 1301/395 1318/390
f 1318/390 1301/395 1286/396
f 1318/390 1286/396 1288/397
f 1318/390 1288/397 1307/389
f 1307/389 1288/397 1231/398
f 1231/398 1288/397 1267/399
s 0
f 1231/398 1267/399 1205/400
s 1
f 1231/398 1205/400 1200/401
f 1307/389 1231/398 1259/402
f 1307/389 1259/402 1256/387
f 1256/387 1259/402 1231/398
f 1231/398 1200/401 1232/403
f 1231/398 1232/403 1256/387
f 1232/403 1200/401 1189/404
f 1256/387 1232/403 1194/405
f 1194/405 1232/403 1189/404
f 1256/387 1194/405 1241/383
f 1241/383 1194/405 1186/406
f 1194/405 1189/404 1148/407
f 1186/406 1194/405 1137/408
f 1194/405 1148/407 1080/409
f 1194/405 1080/409 1137/408
f 1080/409 1148/407 1092/410
f 1137/408 1080/409 1119/411
f 1080/409 1092/410 1075/412
f 1080/409 1075/412 1119/411
f 1075/412 1092/410 1022/413
f 1022/413 1092/410 987/414
f 1022/413 987/414 973/415
f 1075/412 1022/413 1068/416
f 1119/411 1075/412 1093/417
f 1093/417 1075/412 1068/416
f 1119/411 1093/417 1115/418
f 1115/418 1093/417 1068/416
f 1115/418 1068/416 1101/419
f 1115/418 1101/419 1131/420
f 1101/419 1068/416 1078/421
f 1131/420 1101/419 1111/422
f 1111/422 1101/419 1078/421
f 1111/422 1078/421 1069/423
f 1111/422 1069/423 1079/424
f 1111/422 1079/424 1130/425
f 440/426 363/427 437/428
f 363/429 440/430 354/431
f 440/432 272/433 354/434
f 272/433 440/432 435/435
f 272/433 435/435 238/436
f 238/436 435/435 439/437
f 592/438 587/439 644/440
f 644/440 587/439 574/441
f 592/438 644/440 642/442
f 642/442 644/440 670/443
f 644/440 574/441 575/444
f 644/440 575/444 675/445
f 642/442 670/443 600/446
f 642/442 600/446 592/438
f 600/446 670/443 619/447
f 619/447 670/443 663/448
f 592/438 600/446 611/449
f 619/447 663/448 615/450
f 600/446 619/447 606/451
f 600/446 606/451 611/449
f 619/447 615/450 601/452
f 619/447 601/452 606/451
f 615/450 663/448 602/453
f 615/450 602/453 601/452
f 602/453 663/448 654/454
f 606/451 601/452 681/455
f 606/451 681/455 611/449
f 601/452 602/453 608/456
f 601/452 608/456 681/455
f 608/456 602/453 585/457
f 585/457 602/453 654/454
f 585/457 654/454 597/458
f 608/456 585/457 576/459
f 576/459 585/457 597/458
f 597/458 654/454 599/460
f 597/458 599/460 576/459
f 599/460 654/454 612/461
f 612/461 654/454 649/462
f 576/459 599/460 595/463
f 595/463 599/460 612/461
f 608/456 576/459 678/464
f 608/456 678/464 681/455
f 678/464 576/459 595/463
f 612/461 649/462 609/465
f 612/461 609/465 595/463
f 609/465 649/462 614/466
f 614/466 649/462 667/467
f 595/463 609/465 596/468
f 596/468 609/465 614/466
f 678/464 595/463 645/469
f 645/469 595/463 596/468
f 678/464 645/469 693/470
f 678/464 693/470 681/455
f 645/469 596/468 591/471
f 591/471 596/468 614/466
f 693/470 645/469 679/472
f 679/472 645/469 591/471
f 681/455 693/470 692/473
f 692/473 693/470 679/472
f 681/455 692/473 611/449
f 591/471 614/466 584/474
f 584/474 614/466 667/467
f 679/472 591/471 613/475
f 613/475 591/471 584/474
f 692/473 679/472 674/476
f 674/476 679/472 613/475
f 611/449 692/473 636/477
f 636/477 692/473 674/476
f 584/474 667/467 639/478
f 639/478 667/467 675/445
f 613/475 584/474 579/479
f 579/479 584/474 639/478
f 639/478 675/445 575/444
f 639/478 575/444 579/479
f 579/479 575/444 613/475
f 610/480 674/476 613/475
f 610/480 613/475 575/444
f 674/476 610/480 636/477
f 610/480 575/444 574/441
f 610/480 574/441 598/481
f 610/480 598/481 636/477
f 598/481 574/441 587/439
f 636/477 598/481 583/482
f 583/482 598/481 587/439
f 636/477 583/482 611/449
f 583/482 587/439 592/438
f 583/482 592/438 611/449
f 822/483 882/484 889/485
f 882/484 822/483 770/486
f 882/484 770/486 883/487
f 883/487 770/486 778/488
f 882/484 883/487 980/489
f 882/484 980/489 946/490
f 980/489 883/487 969/491
f 883/487 778/488 885/492
f 883/487 885/492 969/491
f 885/492 778/488 790/493
f 969/491 885/492 963/494
f 885/492 790/493 892/495
f 885/492 892/495 963/494
f 892/495 790/493 847/496
f 963/494 892/495 933/497
f 892/495 847/496 893/498
f 892/495 893/498 933/497
f 803/499 842/500 847/496
f 847/496 842/500 893/498
f 893/498 842/500 896/501
f 933/497 893/498 939/502
f 933/497 939/502 953/503
f 953/503 939/502 948/504
f 939/502 893/498 922/505
f 922/505 893/498 896/501
f 948/504 939/502 951/506
f 951/506 939/502 922/505
f 948/504 951/506 927/507
f 948/504 927/507 920/508
f 920/508 927/507 831/509
f 920/508 831/509 865/510
f 951/506 922/505 954/511
f 954/511 922/505 896/501
f 954/511 896/501 842/500
f 954/511 842/500 888/512
f 888/512 842/500 1/513
f 954/511 888/512 904/514
f 904/514 888/512 1/513
f 954/511 904/514 987/515
f 904/514 1/513 782/516
f 987/515 904/514 905/517
f 987/515 905/517 973/518
f 973/518 905/517 918/519
f 905/517 904/514 814/520
f 814/520 904/514 782/516
f 905/517 814/520 918/519
f 814/520 782/516 797/521
f 918/519 814/520 859/522
f 859/522 814/520 797/521
f 918/519 859/522 887/523
f 887/523 859/522 854/524
f 854/524 859/522 797/521
f 887/523 854/524 884/525
f 884/525 854/524 874/526
f 874/526 854/524 829/527
f 829/527 854/524 797/521
f 829/527 797/521 761/528
f 436/529 426/530 438/531
f 438/531 426/530 282/532
f 282/532 426/530 55/533
f 282/532 55/533 189/534
f 438/531 282/532 452/535
f 452/535 282/532 189/534
f 438/531 452/535 521/536
f 452/535 189/534 286/537
f 286/537 189/534 43/538
f 286/537 43/538 281/539
f 286/537 281/539 452/535
f 452/535 281/539 449/540
f 452/535 449/540 552/541
f 552/541 449/540 524/542
f 449/540 281/539 451/543
f 449/540 451/543 524/542
f 451/543 281/539 374/544
f 524/542 451/543 538/545
f 538/545 451/543 434/546
f 538/545 434/546 530/547
f 530/547 434/546 443/548
f 439/549 512/550 443/548
f 439/549 443/548 384/551
f 384/551 443/548 434/546
f 384/551 434/546 388/552
f 434/546 451/543 411/553
f 434/546 411/553 388/552
f 411/553 451/543 374/544
f 388/552 411/553 396/554
f 396/554 411/553 410/555
f 410/555 411/553 374/544
f 410/555 374/544 324/556
f 861/557 858/558 956/559
f 861/557 956/559 958/560
f 861/557 958/560 862/561
f 958/560 956/559 986/562
f 862/561 958/560 924/563
f 862/561 924/563 866/564
f 958/560 986/562 985/565
f 958/560 985/565 924/563
f 866/564 924/563 966/566
f 966/566 924/563 985/565
f 866/564 966/566 863/567
f 863/567 966/566 860/568
f 966/566 985/565 1006/569
f 985/565 986/562 1024/570
f 1024/570 986/562 1014/571
f 1006/569 985/565 1023/572
f 1023/572 985/565 1024/570
f 966/566 1006/569 1005/573
f 1005/573 1006/569 1023/572
f 920/574 860/568 966/566
f 920/574 966/566 1005/573
f 860/568 920/574 865/575
f 920/574 1005/573 992/576
f 920/574 992/576 948/577
f 948/577 992/576 953/578
f 992/576 1005/573 1028/579
f 1028/579 1005/573 1023/572
f 953/578 992/576 984/580
f 953/578 984/580 933/581
f 933/581 984/580 963/582
f 984/580 992/576 1044/583
f 1044/583 992/576 1028/579
f 963/582 984/580 1010/584
f 1010/584 984/580 1044/583
f 963/582 1010/584 969/585
f 969/585 1010/584 1004/586
f 969/585 1004/586 980/587
f 980/587 1004/586 1029/588
f 1029/588 1004/586 1036/589
f 1036/589 1004/586 1010/584
f 1036/589 1010/584 1044/583
f 1036/589 1044/583 1084/590
f 1036/589 1084/590 1085/591
f 1085/591 1084/590 1091/592
f 1091/592 1084/590 1089/593
f 1084/590 1044/583 1033/594
f 1084/590 1033/594 1089/593
f 1033/594 1044/583 1028/579
f 1033/594 1028/579 1035/595
f 1033/594 1035/595 1089/593
f 1035/595 1028/579 1023/572
f 1035/595 1023/572 1024/570
f 1035/595 1024/570 1042/596
f 1035/595 1042/596 1089/593
f 1089/593 1042/596 1082/597
f 247/598 778/599 238/600
f 247/598 238/600 439/601
f 778/599 247/598 790/602
f 247/598 439/601 166/603
f 247/598 166/603 790/602
f 166/603 439/601 384/604
f 790/602 166/603 803/605
f 790/602 803/605 847/606
f 166/603 384/604 318/607
f 318/607 384/604 388/608
f 318/607 388/608 396/609
f 803/605 166/603 132/610
f 132/610 166/603 318/607
f 803/605 132/610 842/611
f 842/611 132/610 1/612
f 318/607 396/609 290/613
f 318/607 290/613 132/610
f 290/613 396/609 431/614
f 1/612 132/610 123/615
f 123/615 132/610 290/613
f 1/612 123/615 782/616
f 123/615 290/613 297/617
f 297/617 290/613 431/614
f 123/615 297/617 295/618
f 295/618 297/617 431/614
f 295/618 431/614 494/619
f 55/620 862/621 189/622
f 189/622 862/621 43/623
f 43/624 862/625 866/626
f 866/627 863/628 43/629
f 43/629 863/628 18/630
f 18/630 863/628 860/631
f 43/629 18/630 281/632
f 18/630 860/631 865/633
f 281/632 18/630 101/634
f 101/634 18/630 865/633
f 281/632 101/634 374/635
f 101/634 865/633 831/636
f 374/635 101/634 324/637
f 324/637 101/634 138/638
f 138/638 101/634 831/636
f 324/637 138/638 430/639
f 138/638 831/636 90/640
f 138/638 90/640 421/641
f 90/640 831/636 846/642
f 90/640 846/642 737/643
f 90/640 737/643 386/644
f 538/645 623/646 621/647
f 970/648 951/649 977/650
f 977/650 951/649 954/651
f 951/649 970/648 927/652
f 977/650 954/651 988/653
f 988/653 954/651 987/654
f 988/653 987/654 1047/655
f 988/653 1047/655 1051/656
f 988/653 1051/656 977/650
f 977/650 1051/656 970/648
f 927/652 970/648 945/657
f 927/652 945/657 831/658
f 831/658 945/657 846/659
f 970/648 1051/656 1019/660
f 970/648 1019/660 945/657
f 1019/660 1051/656 1112/661
f 1019/660 1112/661 1083/662
f 945/657 1019/660 964/663
f 945/657 964/663 846/659
f 964/663 1019/660 1083/662
f 846/659 964/663 737/664
f 737/664 964/663 867/665
f 964/663 1083/662 1009/666
f 1009/666 1083/662 1076/667
f 1009/666 1076/667 1109/668
f 867/665 964/663 955/669
f 955/669 964/663 1009/666
f 867/665 955/669 817/670
f 1009/666 1109/668 997/671
f 1009/666 997/671 955/669
f 997/671 1109/668 1095/672
f 817/670 955/669 913/673
f 913/673 955/669 997/671
f 997/671 1095/672 1002/674
f 997/671 1002/674 913/673
f 1002/674 1095/672 1071/675
f 1002/674 1071/675 1018/676
f 913/673 1002/674 938/677
f 913/673 938/677 807/678
f 807/678 938/677 942/679
f 942/679 938/677 1002/674
f 942/679 1002/674 1018/676
f 942/679 1018/676 1008/680
f 324/681 430/682 410/683
f 410/683 430/682 573/684
f 410/683 573/684 528/685
f 410/683 528/685 396/686
f 396/686 528/685 431/687
f 431/687 528/685 522/688
f 431/687 522/688 494/689
f 528/685 573/684 680/690
f 528/685 680/690 522/688
f 568/691 573/684 430/682
f 568/691 430/682 421/692
f 680/690 573/684 685/693
f 685/693 573/684 568/691
f 494/689 522/688 565/694
f 494/689 565/694 557/695
f 564/696 557/695 570/697
f 570/697 557/695 565/694
f 570/697 565/694 676/698
f 570/697 676/698 571/699
f 676/698 565/694 698/700
f 698/700 565/694 699/701
f 699/701 565/694 522/688
f 698/700 699/701 713/702
f 713/702 699/701 718/703
f 699/701 522/688 701/704
f 699/701 701/704 718/703
f 701/704 522/688 680/690
f 718/703 701/704 722/705
f 718/703 722/705 729/706
f 729/706 722/705 731/707
f 701/704 680/690 708/708
f 701/704 708/708 722/705
f 708/708 680/690 685/693
f 731/707 722/705 716/709
f 716/709 722/705 708/708
f 731/707 716/709 717/710
f 708/708 685/693 697/711
f 708/708 697/711 716/709
f 697/711 685/693 568/691
f 717/710 716/709 711/712
f 711/712 716/709 697/711
f 717/710 711/712 700/713
f 717/710 700/713 719/714
f 719/714 700/713 705/715
f 705/715 700/713 635/716
f 697/711 568/691 566/717
f 566/717 568/691 421/692
f 711/712 697/711 684/718
f 684/718 697/711 566/717
f 711/712 684/718 700/713
f 566/717 421/692 386/719
f 386/719 421/692 90/720
f 684/718 566/717 520/721
f 520/721 566/717 386/719
f 700/713 684/718 672/722
f 672/722 684/718 520/721
f 700/713 672/722 635/716
f 520/721 386/719 385/723
f 385/723 386/719 164/724
f 672/722 520/721 501/725
f 501/725 520/721 385/723
f 672/722 501/725 635/716
f 501/725 385/723 143/726
f 635/716 501/725 548/727
f 548/727 501/725 327/728
f 421/729 430/730 138/731
f 295/732 47/733 123/734
f 123/734 47/733 782/735
f 782/735 47/733 797/736
f 47/733 295/732 172/737
f 47/733 172/737 797/736
f 797/736 172/737 40/738
f 797/736 40/738 761/739
f 761/739 40/738 763/740
f 40/738 172/737 174/741
f 174/741 172/737 367/742
f 763/740 40/738 89/743
f 89/743 40/738 174/741
f 89/743 174/741 279/744
f 89/743 279/744 256/745
f 763/740 89/743 10/746
f 89/743 256/745 86/747
f 89/743 86/747 10/746
f 86/747 256/745 243/748
f 86/747 243/748 88/749
f 86/747 88/749 34/750
f 86/747 34/750 10/746
f 10/746 34/750 745/751
f 10/746 745/751 783/752
f 745/751 34/750 15/753
f 295/754 367/755 172/756
f 367/755 295/754 494/757
f 367/755 494/757 457/758
f 367/755 457/758 279/759
f 367/755 279/759 174/760
f 279/759 457/758 424/761
f 424/761 457/758 496/762
f 164/763 386/764 737/765
f 164/763 737/765 867/766
f 164/763 867/766 817/767
f 164/763 817/767 44/768
f 164/763 44/768 385/769
f 44/768 817/767 913/770
f 385/769 44/768 143/771
f 143/771 44/768 913/770
f 143/771 913/770 807/772
f 143/771 807/772 327/773
f 143/771 327/773 501/774
f 424/775 256/776 279/777
f 256/776 424/775 405/778
f 256/776 405/778 243/779
f 405/778 424/775 496/780
f 1047/781 1133/782 1051/783
f 1051/783 1133/782 1112/784
f 1112/784 1133/782 1219/785
f 1133/782 1047/781 1092/786
f 1092/786 1047/781 987/787
f 506/788 457/789 494/790
f 457/789 506/788 496/791
f 506/788 494/790 557/792
f 496/791 506/788 542/793
f 542/793 506/788 557/792
f 496/791 542/793 465/794
f 465/794 542/793 510/795
f 542/793 557/792 558/796
f 558/796 557/792 564/797
f 510/795 542/793 503/798
f 510/795 503/798 463/799
f 542/793 558/796 543/800
f 542/793 543/800 503/798
f 543/800 558/796 554/801
f 503/798 543/800 549/802
f 543/800 554/801 510/803
f 549/802 543/800 498/804
f 498/804 543/800 510/803
f 245/805 243/806 405/807
f 243/806 245/805 88/808
f 245/805 405/807 380/809
f 380/809 405/807 465/810
f 380/809 465/810 404/811
f 380/809 404/811 245/805
f 475/812 291/813 404/811
f 245/805 404/811 235/814
f 235/814 404/811 291/813
f 148/815 88/808 245/805
f 148/815 245/805 235/814
f 235/814 291/813 155/816
f 235/814 155/816 148/815
f 155/816 291/813 185/817
f 88/808 148/815 94/818
f 94/818 148/815 155/816
f 88/808 94/818 34/819
f 155/816 185/817 82/820
f 155/816 82/820 94/818
f 34/819 94/818 56/821
f 56/821 94/818 82/820
f 34/819 56/821 15/822
f 15/822 56/821 17/823
f 17/823 56/821 38/824
f 38/824 56/821 82/820
f 17/823 38/824 81/825
f 93/826 82/820 185/817
f 82/820 93/826 38/824
f 38/824 93/826 81/825
f 93/826 185/817 201/827
f 81/825 93/826 97/828
f 93/826 201/827 173/829
f 93/826 173/829 97/828
f 98/830 197/831 62/832
f 197/831 98/830 211/833
f 211/833 98/830 254/834
f 197/831 211/833 202/835
f 197/831 202/835 62/832
f 202/835 211/833 192/836
f 202/835 192/836 67/837
f 62/832 202/835 80/838
f 80/838 202/835 67/837
f 80/838 67/837 62/832
f 36/839 67/837 70/840
f 67/837 36/839 54/841
f 67/837 54/841 62/832
f 62/832 54/841 57/842
f 62/832 57/842 98/830
f 57/842 54/841 802/843
f 98/830 57/842 37/844
f 37/844 57/842 766/845
f 98/830 37/844 109/846
f 98/830 109/846 179/847
f 109/846 37/844 21/848
f 109/846 21/848 107/849
f 21/848 37/844 783/850
f 107/849 21/848 75/851
f 21/848 783/850 745/852
f 21/848 745/852 75/851
f 230/853 107/854 75/855
f 745/856 109/857 75/855
f 75/855 109/857 209/858
f 75/855 209/858 230/853
f 230/853 209/858 328/859
f 107/854 230/853 206/860
f 107/854 206/860 209/861
f 107/854 209/861 109/862
f 209/861 206/860 179/863
f 258/864 325/865 190/866
f 190/866 325/865 254/867
f 254/867 325/865 348/868
f 348/868 325/865 303/869
f 303/869 325/865 258/864
f 348/868 303/869 262/870
f 262/870 303/869 206/871
f 206/871 303/869 179/872
f 179/872 303/869 240/873
f 240/873 303/869 249/874
f 249/874 303/869 258/864
f 249/874 258/864 190/866
f 249/874 190/866 230/875
f 249/874 230/875 326/876
f 230/875 190/866 179/877
f 179/877 190/866 254/867
f 179/877 254/867 98/878
f 230/875 179/877 259/879
f 259/879 179/877 240/880
f 465/881 405/882 496/883
f 476/884 404/885 465/886
f 476/884 465/886 510/887
f 404/885 476/884 475/888
f 484/889 428/890 475/888
f 484/889 475/888 509/891
f 509/891 475/888 476/884
f 476/884 510/887 529/892
f 476/884 529/892 509/891
f 509/891 529/892 531/893
f 529/892 510/887 554/894
f 529/892 554/894 545/895
f 420/896 414/897 321/898
f 321/898 414/897 268/899
f 414/897 420/896 463/900
f 463/900 420/896 416/901
f 463/900 416/901 477/902
f 477/902 416/901 413/903
f 416/901 420/896 265/904
f 265/904 420/896 321/898
f 321/898 268/899 170/905
f 321/898 170/905 265/904
f 170/905 268/899 169/906
f 170/905 169/906 97/907
f 170/905 97/907 173/908
f 170/905 173/908 265/904
f 265/904 173/908 416/901
f 416/901 173/908 261/909
f 416/901 261/909 413/903
f 261/909 173/908 201/910
f 413/903 261/909 271/911
f 261/909 201/910 298/912
f 261/909 298/912 271/911
f 271/911 298/912 283/913
f 283/913 298/912 341/914
f 271/911 283/913 273/915
f 273/915 283/913 341/914
f 341/914 298/912 315/916
f 315/916 298/912 201/910
f 341/914 315/916 356/917
f 356/917 315/916 418/918
f 271/911 273/915 267/919
f 271/911 267/919 251/920
f 267/919 273/915 263/921
f 263/921 273/915 251/920
f 251/920 267/919 284/922
f 284/922 267/919 263/921
f 284/922 263/921 251/920
f 229/923 315/916 201/910
f 229/923 201/910 185/924
f 403/925 418/918 315/916
f 403/925 315/916 229/923
f 418/918 403/925 428/926
f 418/918 428/926 423/927
f 403/925 229/923 369/928
f 369/928 229/923 185/924
f 403/925 369/928 428/926
f 369/928 185/924 291/929
f 428/926 369/928 475/930
f 475/930 369/928 291/929
f 240/931 206/932 259/933
f 259/933 206/932 230/934
f 206/932 240/931 262/935
f 262/935 240/931 249/936
f 262/935 249/936 209/937
f 209/937 249/936 308/938
f 262/935 209/937 236/939
f 236/939 209/937 151/940
f 151/940 209/937 179/941
f 151/940 179/941 109/942
f 151/940 109/942 15/943
f 15/943 109/942 745/944
f 236/939 151/940 126/945
f 126/945 151/940 15/943
f 236/939 126/945 237/946
f 126/945 15/943 17/947
f 237/946 126/945 83/948
f 83/948 126/945 17/947
f 237/946 83/948 195/949
f 83/948 17/947 81/950
f 83/948 81/950 195/949
f 195/949 81/950 97/951
f 195/949 97/951 169/952
f 1083/953 1112/954 1215/955
f 254/956 330/957 211/958
f 330/957 254/956 348/959
f 211/958 330/957 192/960
f 330/957 348/959 340/961
f 192/960 330/957 343/962
f 343/962 330/957 340/961
f 340/961 348/959 332/963
f 340/961 332/963 287/964
f 368/965 349/966 332/963
f 287/964 332/963 339/967
f 339/967 332/963 349/966
f 339/967 349/966 360/968
f 360/968 349/966 358/969
f 339/967 360/968 322/970
f 287/964 339/967 300/971
f 300/971 339/967 322/970
f 287/964 300/971 340/961
f 300/971 322/970 353/972
f 300/971 353/972 391/973
f 300/971 391/973 340/961
f 340/961 391/973 343/962
f 343/962 391/973 361/974
f 343/962 361/974 285/975
f 285/975 361/974 257/976
f 343/962 285/975 181/977
f 343/962 181/977 192/960
f 192/960 181/977 67/978
f 67/978 181/977 70/979
f 181/977 285/975 160/980
f 181/977 160/980 70/979
f 160/980 285/975 257/976
f 70/979 160/980 31/981
f 160/980 257/976 111/982
f 160/980 111/982 31/981
f 918/983 979/984 973/985
f 973/985 979/984 1022/986
f 1022/986 979/984 1030/987
f 979/984 918/983 999/988
f 979/984 999/988 1030/987
f 999/988 918/983 887/989
f 1069/990 1068/991 1030/987
f 1069/990 1030/987 1079/992
f 1079/992 1030/987 1041/993
f 1079/992 1041/993 1130/994
f 1130/994 1041/993 1149/995
f 1041/993 1030/987 1007/996
f 1007/996 1030/987 999/988
s 0
f 1149/995 1041/993 1052/997
s 1
f 1052/997 1041/993 1007/996
f 1149/995 1052/997 1097/998
f 1097/998 1052/997 1053/999
f 1053/999 1052/997 1007/996
f 1097/998 1053/999 1073/1000
f 1073/1000 1053/999 1054/1001
f 1073/1000 1054/1001 1061/1002
f 1061/1002 1054/1001 1055/1003
f 1053/999 1007/996 1001/1004
f 1053/999 1001/1004 1070/1005
f 1070/1005 1001/1004 1049/1006
f 1001/1004 1007/996 982/1007
f 982/1007 1007/996 999/988
f 1049/1006 1001/1004 993/1008
f 993/1008 1001/1004 982/1007
f 1049/1006 993/1008 1048/1009
f 982/1007 999/988 961/1010
f 993/1008 982/1007 974/1011
f 974/1011 982/1007 961/1010
f 961/1010 999/988 887/989
f 1048/1009 993/1008 996/1012
f 996/1012 993/1008 974/1011
f 1048/1009 996/1012 1031/1013
f 1031/1013 996/1012 1000/1014
f 1000/1014 996/1012 974/1011
f 1000/1014 974/1011 978/1015
f 978/1015 974/1011 957/1016
f 957/1016 974/1011 961/1010
f 978/1015 957/1016 886/1017
f 957/1016 961/1010 890/1018
f 957/1016 890/1018 886/1017
f 890/1018 961/1010 887/989
f 886/1017 890/1018 880/1019
f 890/1018 887/989 884/1020
f 890/1018 884/1020 880/1019
f 880/1019 884/1020 874/1021
f 880/1019 874/1021 870/1022
f 326/1023 230/1024 328/1025
f 209/1026 308/1027 328/1025
f 326/1023 328/1025 399/1028
f 328/1025 308/1027 362/1029
f 328/1025 362/1029 399/1028
f 362/1029 308/1027 335/1030
f 362/1029 335/1030 392/1031
f 362/1029 392/1031 389/1032
f 362/1029 389/1032 399/1028
f 399/1028 389/1032 408/1033
f 399/1028 408/1033 392/1034
f 399/1028 392/1034 335/1035
f 399/1028 335/1035 326/1023
f 326/1023 335/1035 262/1036
f 262/1036 335/1035 348/1037
f 395/1038 268/1039 414/1040
f 268/1039 395/1038 251/1041
f 251/1041 395/1038 271/1042
f 395/1038 414/1040 459/1043
f 459/1043 414/1040 463/1044
f 271/1042 395/1038 401/1045
f 401/1045 395/1038 459/1043
f 271/1042 401/1045 413/1046
f 459/1043 463/1044 503/1047
f 413/1046 401/1045 425/1048
f 413/1046 425/1048 477/1049
f 425/1048 401/1045 455/1050
f 455/1050 401/1045 459/1043
f 477/1049 425/1048 486/1051
f 425/1048 455/1050 466/1052
f 466/1052 455/1050 459/1043
f 425/1048 466/1052 486/1051
f 486/1051 466/1052 459/1043
f 474/1053 459/1043 503/1047
f 459/1043 474/1053 486/1051
f 474/1053 503/1047 549/1054
f 474/1053 549/1054 539/1055
f 474/1053 539/1055 486/1051
f 539/1055 549/1054 498/1056
f 539/1055 498/1056 486/1051
f 486/1051 498/1056 502/1057
f 502/1057 498/1056 495/1058
f 763/1059 839/1060 761/1061
f 761/1061 839/1060 829/1062
f 839/1060 763/1059 10/1063
f 829/1062 839/1060 874/1064
f 874/1064 839/1060 872/1065
f 872/1065 839/1060 830/1066
f 839/1060 10/1063 783/1067
f 839/1060 783/1067 830/1066
f 830/1066 783/1067 812/1068
f 830/1066 812/1068 825/1069
f 825/1069 812/1068 815/1070
f 812/1068 783/1067 766/1071
f 766/1071 783/1067 37/1072
f 812/1068 766/1071 802/1073
f 812/1068 802/1073 815/1070
f 802/1073 766/1071 57/1074
f 815/1070 802/1073 2/1075
f 2/1075 802/1073 54/1076
f 815/1070 2/1075 740/1077
f 2/1075 54/1076 36/1078
f 2/1075 36/1078 740/1077
f 740/1077 36/1078 739/1079
f 739/1079 36/1078 31/1080
f 31/1080 36/1078 70/1081
f 1215/1082 1112/1083 1219/1084
f 1215/1082 1219/1084 1326/1085
f 1326/1085 1219/1084 1283/1086
f 1326/1085 1283/1086 1329/1087
f 1283/1086 1219/1084 1223/1088
f 1223/1088 1219/1084 1133/1089
f 1223/1088 1133/1089 1092/1090
f 1223/1088 1092/1090 1148/1091
f 1223/1088 1148/1091 1189/1092
f 1326/1085 1329/1087 1353/1093
f 1329/1087 1283/1086 1294/1094
f 1294/1094 1283/1086 1223/1088
f 1329/1087 1294/1094 1292/1095
f 1294/1094 1223/1088 1222/1096
f 1294/1094 1222/1096 1292/1095
f 1222/1096 1223/1088 1189/1092
f 1222/1096 1189/1092 1205/1097
f 1222/1096 1205/1097 1292/1095
f 1205/1097 1189/1092 1200/1098
f 1292/1095 1205/1097 1286/1099
f 1292/1095 1286/1099 1301/1100
f 1286/1099 1205/1097 1267/1101
f 1286/1099 1267/1101 1288/1102
f 1339/1103 1326/1085 1353/1093
f 1326/1085 1339/1103 1215/1082
f 1339/1103 1353/1093 1344/1104
f 1344/1104 1353/1093 1348/1105
f 1215/1082 1339/1103 1332/1106
f 1332/1106 1339/1103 1344/1104
f 1344/1104 1348/1105 1341/1107
f 1344/1104 1341/1107 1332/1106
f 1341/1107 1348/1105 1314/1108
f 1215/1082 1332/1106 1212/1109
f 1215/1082 1212/1109 1083/1110
f 1083/1110 1212/1109 1076/1111
f 1076/1111 1212/1109 1109/1112
f 1109/1112 1212/1109 1220/1113
f 1220/1113 1212/1109 1332/1106
f 1109/1112 1220/1113 1095/1114
f 1095/1114 1220/1113 1071/1115
f 1071/1115 1220/1113 1159/1116
f 1071/1115 1159/1116 1018/1117
f 1018/1117 1159/1116 1008/1118
f 1008/1118 1159/1116 1129/1119
f 1220/1113 1332/1106 1272/1120
f 1272/1120 1332/1106 1341/1107
f 1159/1116 1220/1113 1209/1121
f 1209/1121 1220/1113 1272/1120
f 1129/1119 1159/1116 1208/1122
f 1208/1122 1159/1116 1209/1121
f 1209/1121 1272/1120 1276/1123
f 1276/1123 1272/1120 1341/1107
f 1209/1121 1276/1123 1208/1122
f 1276/1123 1341/1107 1314/1108
f 1129/1119 1208/1122 1211/1124
f 1211/1124 1208/1122 1276/1123
f 1211/1124 1276/1123 1314/1108
f 1129/1119 1211/1124 1094/1125
f 1211/1124 1314/1108 1221/1126
f 1211/1124 1221/1126 1114/1127
f 308/1128 249/1129 326/1130
f 308/1128 326/1130 262/1131
f 308/1128 262/1131 236/1132
f 308/1128 236/1132 237/1133
f 308/1128 237/1133 335/1134
f 335/1134 237/1133 309/1135
f 335/1134 309/1135 373/1136
f 373/1136 309/1135 351/1137
f 335/1134 373/1136 332/1138
f 335/1134 332/1138 348/1139
f 477/1140 510/1141 463/1142
f 510/1141 477/1140 498/1143
f 498/1143 477/1140 493/1144
f 498/1143 493/1144 495/1145
f 495/1145 493/1144 473/1146
f 495/1145 473/1146 486/1147
f 486/1147 473/1146 477/1148
f 1030/1149 1068/1150 1022/1151
f 1242/1152 1302/1153 1285/1154
f 1302/1153 1242/1152 1273/1155
f 1273/1155 1242/1152 1198/1156
f 1302/1153 1273/1155 1297/1157
f 1302/1153 1297/1157 1301/1158
f 1301/1158 1297/1157 1292/1159
f 1273/1155 1198/1156 1224/1160
f 1273/1155 1224/1160 1297/1157
f 1224/1160 1198/1156 1130/1161
f 1224/1160 1130/1161 1149/1162
f 1292/1159 1297/1157 1329/1163
f 1224/1160 1149/1162 1246/1164
f 1224/1160 1246/1164 1297/1157
f 1246/1164 1149/1162 1187/1165
f 1246/1164 1187/1165 1238/1166
f 1246/1164 1238/1166 1300/1167
f 1246/1164 1300/1167 1312/1168
f 1297/1157 1246/1164 1320/1169
f 1320/1169 1246/1164 1312/1168
f 1312/1168 1300/1167 1346/1170
f 1312/1168 1346/1170 1320/1169
f 1346/1170 1300/1167 1345/1171
f 1297/1157 1320/1169 1327/1172
f 1297/1157 1327/1172 1329/1163
f 1320/1169 1346/1170 1351/1173
f 1346/1170 1345/1171 1354/1174
f 1346/1170 1354/1174 1351/1173
f 1354/1174 1345/1171 1350/1175
f 1354/1174 1350/1175 1349/1176
f 1354/1174 1349/1176 1352/1177
f 1354/1174 1352/1177 1351/1173
f 1352/1177 1349/1176 1331/1178
f 1320/1169 1351/1173 1342/1179
f 1342/1179 1351/1173 1352/1177
f 1320/1169 1342/1179 1327/1172
f 1352/1177 1331/1178 1336/1180
f 1352/1177 1336/1180 1342/1179
f 1327/1172 1342/1179 1340/1181
f 1340/1181 1342/1179 1336/1180
f 1327/1172 1340/1181 1343/1182
f 1327/1172 1343/1182 1329/1163
f 1329/1163 1343/1182 1353/1183
f 1353/1183 1343/1182 1348/1184
f 1348/1184 1343/1182 1309/1185
f 1309/1185 1343/1182 1340/1181
f 1309/1185 1340/1181 1336/1180
f 1309/1185 1336/1180 1308/1186
f 1308/1186 1336/1180 1331/1178
f 1309/1185 1308/1186 1295/1187
f 1295/1187 1308/1186 1291/1188
f 1308/1186 1331/1178 1268/1189
f 1308/1186 1268/1189 1291/1188
f 1268/1189 1331/1178 1244/1190
f 1268/1189 1244/1190 1207/1191
f 1268/1189 1207/1191 1170/1192
f 1268/1189 1170/1192 1228/1193
f 1268/1189 1228/1193 1291/1188
f 1291/1188 1228/1193 1245/1194
f 1245/1194 1228/1193 1199/1195
f 1245/1194 1199/1195 1227/1196
f 1199/1195 1228/1193 1105/1197
f 251/1198 169/1199 268/1200
f 169/1199 251/1198 195/1201
f 195/1201 251/1198 269/1202
f 269/1202 251/1198 273/1203
f 269/1202 273/1203 341/1204
f 195/1201 269/1202 309/1205
f 195/1201 309/1205 237/1206
f 1068/1207 1069/1208 1078/1209
f 729/1210 727/1211 718/1212
f 718/1212 727/1211 713/1213
f 727/1211 729/1210 733/1214
f 733/1214 729/1210 731/1215
f 713/1213 727/1211 712/1216
f 733/1214 731/1215 734/1217
f 727/1211 733/1214 732/1218
f 734/1217 731/1215 726/1219
f 726/1219 731/1215 717/1220
f 726/1219 717/1220 719/1221
f 733/1214 734/1217 735/1222
f 733/1214 735/1222 732/1218
f 734/1217 726/1219 728/1223
f 734/1217 728/1223 735/1222
f 726/1219 719/1221 723/1224
f 726/1219 723/1224 728/1223
f 723/1224 719/1221 705/1225
f 724/1226 727/1211 732/1218
f 727/1211 724/1226 712/1216
f 725/1227 732/1218 735/1222
f 732/1218 725/1227 724/1226
f 725/1227 735/1222 730/1228
f 730/1228 735/1222 728/1223
f 724/1226 725/1227 715/1229
f 724/1226 715/1229 712/1216
f 725/1227 730/1228 714/1230
f 725/1227 714/1230 715/1229
f 730/1228 728/1223 721/1231
f 730/1228 721/1231 714/1230
f 721/1231 728/1223 720/1232
f 720/1232 728/1223 723/1224
f 714/1230 721/1231 709/1233
f 720/1232 723/1224 710/1234
f 710/1234 723/1224 705/1225
f 721/1231 720/1232 706/1235
f 706/1235 720/1232 710/1234
f 721/1231 706/1235 709/1233
f 710/1234 705/1225 695/1236
f 695/1236 705/1225 635/1237
f 695/1236 635/1237 548/1238
f 710/1234 695/1236 694/1239
f 710/1234 694/1239 706/1235
f 695/1236 548/1238 562/1240
f 695/1236 562/1240 694/1239
f 562/1240 548/1238 327/1241
f 694/1239 562/1240 536/1242
f 536/1242 562/1240 234/1243
f 706/1235 694/1239 687/1244
f 687/1244 694/1239 536/1242
f 687/1244 536/1242 507/1245
f 507/1245 536/1242 266/1246
f 507/1245 266/1246 479/1247
f 507/1245 479/1247 687/1244
f 706/1235 687/1244 696/1248
f 696/1248 687/1244 479/1247
f 706/1235 696/1248 709/1233
f 709/1233 696/1248 657/1249
f 696/1248 479/1247 561/1250
f 696/1248 561/1250 657/1249
f 561/1250 479/1247 350/1251
f 709/1233 657/1249 682/1252
f 682/1252 657/1249 561/1250
f 682/1252 561/1250 415/1253
f 709/1233 682/1252 714/1230
f 682/1252 415/1253 533/1254
f 682/1252 533/1254 686/1255
f 686/1255 533/1254 550/1256
f 714/1230 682/1252 702/1257
f 702/1257 682/1252 686/1255
f 702/1257 686/1255 550/1256
f 714/1230 702/1257 715/1229
f 702/1257 550/1256 703/1258
f 702/1257 703/1258 715/1229
f 703/1258 550/1256 563/1259
f 715/1229 703/1258 712/1216
f 567/1260 569/1261 563/1259
f 703/1258 563/1259 690/1262
f 690/1262 563/1259 569/1261
f 712/1216 703/1258 707/1263
f 707/1263 703/1258 690/1262
f 690/1262 569/1261 683/1264
f 690/1262 683/1264 707/1263
f 683/1264 569/1261 571/1265
f 683/1264 571/1265 676/1266
f 707/1263 683/1264 704/1267
f 707/1263 704/1267 712/1216
f 704/1267 683/1264 676/1266
f 712/1216 704/1267 713/1213
f 704/1267 676/1266 698/1268
f 704/1267 698/1268 713/1213
f 493/1269 477/1270 468/1271
f 468/1271 477/1270 473/1272
f 373/1273 368/1274 332/1275
f 368/1274 373/1273 383/1276
f 383/1276 373/1273 398/1277
f 1149/1278 1138/1279 1187/1280
f 1187/1280 1138/1279 1160/1281
f 1160/1281 1138/1279 1120/1282
f 1160/1281 1120/1282 1162/1283
f 1187/1280 1160/1281 1175/1284
f 1175/1284 1160/1281 1176/1285
f 1176/1285 1160/1281 1177/1286
f 1176/1285 1177/1286 1172/1287
f 1175/1284 1176/1285 1178/1288
f 1175/1284 1178/1288 1172/1289
f 1175/1284 1172/1289 1177/1290
f 1172/1291 1162/1292 1110/1293
f 1110/1293 1162/1292 1120/1294
f 1172/1291 1110/1293 1176/1295
f 1110/1293 1120/1294 1097/1296
f 1097/1296 1120/1294 1138/1297
f 1097/1296 1138/1297 1149/1298
f 1110/1293 1097/1296 1104/1299
f 1110/1293 1104/1299 1176/1295
f 1104/1299 1097/1296 1073/1300
f 1104/1299 1073/1300 1061/1301
f 1104/1299 1061/1301 1055/1302
f 1176/1295 1104/1299 1145/1303
f 1104/1299 1055/1302 1098/1304
f 1098/1304 1055/1302 1077/1305
f 1077/1305 1055/1302 1054/1306
f 1077/1305 1054/1306 1070/1307
f 1070/1307 1054/1306 1053/1308
f 1098/1304 1077/1305 1123/1309
f 1123/1309 1077/1305 1070/1307
f 1098/1304 1123/1309 1104/1299
f 1123/1309 1070/1307 1142/1310
f 1104/1299 1123/1309 1126/1311
f 1126/1311 1123/1309 1142/1310
f 1104/1299 1126/1311 1145/1303
f 1126/1311 1142/1310 1166/1312
f 1126/1311 1166/1312 1145/1303
f 1166/1312 1142/1310 1196/1313
f 1145/1303 1166/1312 1132/1314
f 1166/1312 1196/1313 1238/1315
f 1132/1314 1166/1312 1156/1316
f 1166/1312 1238/1315 1187/1317
f 1166/1312 1187/1317 1156/1316
f 1162/1318 1172/1319 1178/1320
f 1162/1318 1178/1320 1160/1321
f 1160/1321 1178/1320 1177/1322
f 1177/1322 1178/1320 1187/1323
f 1177/1322 1187/1323 1175/1324
f 1178/1325 1156/1326 1187/1327
f 1156/1326 1178/1325 1176/1328
f 1156/1326 1176/1328 1145/1329
f 1156/1326 1145/1329 1139/1330
f 1196/1331 1248/1332 1238/1333
f 1238/1333 1248/1332 1300/1334
f 1248/1332 1196/1331 1234/1335
f 1234/1335 1196/1331 1142/1336
f 1234/1335 1142/1336 1236/1337
f 1234/1335 1236/1337 1248/1332
f 1300/1334 1248/1332 1319/1338
f 1319/1338 1248/1332 1236/1337
f 1300/1334 1319/1338 1345/1339
f 1345/1339 1319/1338 1350/1340
f 1319/1338 1236/1337 1277/1341
f 1277/1341 1236/1337 1210/1342
f 1210/1342 1236/1337 1164/1343
f 1210/1342 1164/1343 1201/1344
f 1210/1342 1201/1344 1277/1341
f 1201/1344 1164/1343 1143/1345
f 1201/1344 1143/1345 1169/1346
f 1347/1347 1350/1340 1319/1338
f 1310/1348 1319/1338 1277/1341
f 1319/1338 1310/1348 1347/1347
f 1277/1341 1201/1344 1261/1349
f 1277/1341 1261/1349 1310/1348
f 1201/1344 1169/1346 1204/1350
f 1201/1344 1204/1350 1261/1349
f 1204/1350 1169/1346 1195/1351
f 1195/1351 1169/1346 1144/1352
f 1261/1349 1204/1350 1243/1353
f 1195/1351 1144/1352 1173/1354
f 1243/1353 1204/1350 1250/1355
f 1250/1355 1204/1350 1195/1351
f 1261/1349 1243/1353 1290/1356
f 1290/1356 1243/1353 1250/1355
f 1261/1349 1290/1356 1310/1348
f 1250/1355 1195/1351 1279/1357
f 1250/1355 1279/1357 1290/1356
f 1195/1351 1173/1354 1253/1358
f 1195/1351 1253/1358 1279/1357
f 1253/1358 1173/1354 1206/1359
f 1310/1348 1290/1356 1338/1360
f 1310/1348 1338/1360 1347/1347
f 1347/1347 1338/1360 1350/1340
f 1338/1360 1290/1356 1333/1361
f 1338/1360 1333/1361 1350/1340
f 1333/1361 1290/1356 1279/1357
f 1350/1340 1333/1361 1334/1362
f 1334/1362 1333/1361 1279/1357
f 1334/1362 1279/1357 1253/1358
f 1350/1340 1334/1362 1349/1363
f 1280/1364 1253/1358 1206/1359
f 1253/1358 1280/1364 1334/1362
f 1349/1363 1334/1362 1304/1365
f 1304/1365 1334/1362 1280/1364
f 1349/1363 1304/1365 1331/1366
f 1331/1366 1304/1365 1244/1367
f 1244/1367 1304/1365 1251/1368
f 1244/1367 1251/1368 1171/1369
f 1304/1365 1280/1364 1240/1370
f 1304/1365 1240/1370 1251/1368
f 1240/1370 1280/1364 1206/1359
f 1251/1368 1240/1370 1171/1369
f 1171/1369 1240/1370 1206/1359
f 502/1371 492/1372 486/1373
f 486/1373 492/1372 495/1374
f 492/1372 502/1371 500/1375
f 500/1375 502/1371 497/1376
f 500/1375 497/1376 487/1377
f 492/1372 500/1375 483/1378
f 492/1372 483/1378 495/1374
f 500/1375 487/1377 540/1379
f 500/1375 540/1379 483/1378
f 540/1379 487/1377 541/1380
f 541/1380 487/1377 527/1381
f 541/1380 527/1381 546/1382
f 483/1378 540/1379 489/1383
f 495/1374 483/1378 497/1384
f 495/1374 497/1384 502/1385
f 483/1378 489/1383 462/1386
f 483/1378 462/1386 487/1387
f 462/1386 489/1383 461/1388
f 1132/1389 1156/1390 1135/1391
f 1135/1391 1156/1390 1139/1392
f 1145/1393 1132/1389 1139/1392
f 1132/1389 1135/1391 1128/1394
f 1132/1389 1128/1394 1139/1392
f 1139/1392 1128/1394 1135/1391
s 0
f 1127/1395 1167/1396 1134/1397
s 1
f 1164/1398 1236/1399 1142/1400
f 1164/1398 1142/1400 1117/1401
f 1117/1401 1142/1400 1070/1402
f 1164/1398 1117/1401 1143/1403
f 1117/1401 1070/1402 1049/1404
f 1143/1403 1117/1401 1106/1405
f 1143/1403 1106/1405 1169/1406
f 1117/1401 1049/1404 1099/1407
f 1117/1401 1099/1407 1106/1405
f 1099/1407 1049/1404 1048/1408
f 1169/1406 1106/1405 1144/1409
f 1099/1407 1048/1408 1067/1410
f 1067/1410 1048/1408 1031/1411
f 1067/1410 1031/1411 1064/1412
f 1064/1412 1031/1411 1059/1413
f 1067/1410 1064/1412 1116/1414
f 1067/1410 1116/1414 1099/1407
f 1099/1407 1116/1414 1106/1405
f 1122/1415 1144/1409 1106/1405
f 1122/1415 1106/1405 1116/1414
f 1144/1409 1122/1415 1173/1416
f 1122/1415 1116/1414 1171/1417
f 1173/1416 1122/1415 1150/1418
f 1150/1418 1122/1415 1171/1417
f 1173/1416 1150/1418 1206/1419
f 1206/1419 1150/1418 1171/1417
f 368/1420 358/1421 349/1422
f 558/1423 564/1424 560/1425
f 558/1423 560/1425 554/1426
f 554/1426 560/1425 527/1427
f 527/1427 560/1425 546/1428
f 546/1428 560/1425 556/1429
f 556/1429 560/1425 564/1424
f 571/1430 564/1424 570/1431
f 564/1424 571/1430 569/1432
f 564/1424 569/1432 567/1433
f 564/1424 567/1433 556/1429
f 556/1429 567/1433 563/1434
f 556/1429 563/1434 490/1435
f 490/1435 563/1434 550/1436
f 556/1429 490/1435 478/1437
f 556/1429 478/1437 546/1428
f 546/1428 478/1437 482/1438
f 546/1428 482/1438 505/1439
f 505/1439 482/1438 472/1440
f 493/1441 468/1442 470/1443
f 470/1443 468/1442 473/1444
f 470/1443 473/1444 480/1445
f 470/1443 480/1445 483/1446
f 483/1446 480/1445 497/1447
f 470/1443 483/1446 487/1448
f 493/1441 470/1443 488/1449
f 488/1449 470/1443 487/1448
f 493/1441 488/1449 473/1450
f 488/1449 487/1448 497/1451
f 473/1450 488/1449 480/1452
f 480/1452 488/1449 497/1451
f 351/1453 398/1454 373/1455
f 309/1456 269/1457 351/1453
f 351/1453 269/1457 199/1458
f 351/1453 199/1458 288/1459
f 398/1454 351/1453 376/1460
f 376/1460 351/1453 288/1459
f 398/1454 376/1460 394/1461
f 376/1460 288/1459 355/1462
f 355/1462 288/1459 307/1463
f 398/1454 394/1461 365/1464
f 398/1454 365/1464 383/1465
f 383/1465 365/1464 394/1461
f 383/1465 394/1461 368/1466
f 368/1466 394/1461 406/1467
f 368/1466 406/1467 372/1468
f 372/1468 406/1467 394/1461
f 372/1468 394/1461 376/1460
f 368/1466 372/1468 358/1469
f 358/1469 372/1468 360/1470
f 372/1468 376/1460 364/1471
f 364/1471 376/1460 355/1462
f 360/1470 372/1468 347/1472
f 347/1472 372/1468 364/1471
f 360/1470 347/1472 317/1473
f 360/1470 317/1473 322/1474
f 347/1472 364/1471 345/1475
f 345/1475 364/1471 355/1462
f 347/1472 345/1475 337/1476
f 347/1472 337/1476 317/1473
f 322/1474 317/1473 353/1477
f 337/1476 345/1475 277/1478
f 337/1476 277/1478 317/1473
f 277/1478 345/1475 355/1462
f 353/1477 317/1473 359/1479
f 359/1479 317/1473 277/1478
f 277/1478 355/1462 329/1480
f 277/1478 329/1480 359/1479
f 353/1477 359/1479 391/1481
f 329/1480 355/1462 331/1482
f 329/1480 331/1482 359/1479
f 391/1481 359/1479 381/1483
f 381/1483 359/1479 331/1482
f 391/1481 381/1483 361/1484
f 331/1482 355/1462 338/1485
f 338/1485 355/1462 307/1463
f 338/1485 307/1463 296/1486
f 338/1485 296/1486 305/1487
f 338/1485 305/1487 331/1482
f 305/1487 296/1486 323/1488
f 323/1488 296/1486 218/1489
f 305/1487 323/1488 241/1490
f 241/1490 323/1488 218/1489
f 305/1487 241/1490 331/1482
f 244/1491 233/1492 218/1489
f 241/1490 218/1489 177/1493
f 177/1493 218/1489 233/1492
f 331/1482 241/1490 205/1494
f 205/1494 241/1490 177/1493
f 177/1493 233/1492 124/1495
f 124/1495 233/1492 158/1496
f 124/1495 158/1496 78/1497
f 124/1495 78/1497 14/1498
f 124/1495 14/1498 30/1499
f 177/1493 124/1495 68/1500
f 68/1500 124/1495 30/1499
f 177/1493 68/1500 205/1494
f 68/1500 30/1499 59/1501
f 205/1494 68/1500 196/1502
f 196/1502 68/1500 59/1501
f 196/1502 59/1501 188/1503
f 188/1503 59/1501 60/1504
f 205/1494 196/1502 210/1505
f 210/1505 196/1502 188/1503
f 210/1505 188/1503 60/1504
f 205/1494 210/1505 331/1482
f 331/1482 210/1505 310/1506
f 210/1505 60/1504 163/1507
f 210/1505 163/1507 310/1506
f 163/1507 60/1504 85/1508
f 163/1507 85/1508 39/1509
f 331/1482 310/1506 381/1483
f 163/1507 39/1509 194/1510
f 163/1507 194/1510 310/1506
f 194/1510 39/1509 35/1511
f 310/1506 194/1510 264/1512
f 381/1483 310/1506 301/1513
f 301/1513 310/1506 264/1512
f 381/1483 301/1513 361/1484
f 361/1484 301/1513 257/1514
f 194/1510 35/1511 198/1515
f 194/1510 198/1515 264/1512
f 264/1512 198/1515 301/1513
f 301/1513 198/1515 257/1514
f 198/1515 35/1511 111/1516
f 198/1515 111/1516 257/1514
f 808/1517 815/1518 740/1519
f 808/1517 740/1519 739/1520
f 815/1518 808/1517 823/1521
f 808/1517 739/1520 738/1522
f 815/1518 823/1521 825/1523
f 738/1522 739/1520 11/1524
f 11/1524 739/1520 31/1525
f 11/1524 31/1525 35/1526
f 825/1523 823/1521 830/1527
f 830/1527 823/1521 826/1528
f 830/1527 826/1528 872/1529
f 554/1530 547/1531 545/1532
f 547/1531 554/1530 527/1533
f 547/1531 527/1533 531/1534
f 545/1532 547/1531 471/1535
f 547/1531 531/1534 544/1536
f 481/1537 544/1536 471/1535
f 481/1537 471/1535 547/1531
f 481/1537 547/1531 544/1536
f 484/1538 427/1539 428/1540
f 428/1540 427/1539 423/1541
f 491/1542 484/1538 509/1543
f 423/1541 427/1539 429/1544
f 427/1539 484/1538 419/1545
f 427/1539 419/1545 429/1544
f 419/1545 484/1538 491/1542
f 419/1545 491/1542 314/1546
f 314/1546 491/1542 357/1547
f 419/1545 314/1546 412/1548
f 419/1545 412/1548 429/1544
f 429/1544 412/1548 423/1541
f 423/1541 412/1548 356/1549
f 423/1541 356/1549 418/1550
f 356/1549 412/1548 312/1551
f 312/1551 412/1548 219/1552
f 327/1553 807/1554 50/1555
f 50/1555 807/1554 942/1556
f 50/1555 942/1556 844/1557
f 327/1553 50/1555 234/1558
f 234/1558 50/1555 844/1557
f 327/1553 234/1558 562/1559
f 234/1558 844/1557 266/1560
f 266/1560 844/1557 897/1561
f 234/1558 266/1560 536/1562
f 529/1563 545/1564 544/1565
f 544/1565 545/1564 471/1566
f 529/1567 544/1568 531/1569
f 319/1570 269/1571 341/1572
f 269/1571 319/1570 255/1573
f 319/1570 341/1572 313/1574
f 313/1574 341/1572 356/1575
f 313/1574 356/1575 312/1576
f 313/1574 312/1576 232/1577
f 319/1570 313/1574 276/1578
f 319/1570 276/1578 255/1573
f 276/1578 313/1574 214/1579
f 255/1573 276/1578 402/1580
f 402/1580 276/1578 214/1579
f 255/1573 402/1580 390/1581
f 390/1581 402/1580 461/1582
f 402/1580 214/1579 417/1583
f 461/1582 402/1580 462/1584
f 462/1584 402/1580 417/1583
f 462/1584 417/1583 487/1585
f 509/1586 531/1587 491/1588
f 491/1588 531/1587 504/1589
f 504/1589 531/1587 527/1590
f 491/1588 504/1589 467/1591
f 111/1592 35/1593 31/1594
f 872/1595 868/1596 874/1597
f 400/1598 408/1599 389/1600
f 400/1598 389/1600 366/1601
f 400/1598 366/1601 239/1602
f 366/1601 389/1600 379/1603
f 379/1603 389/1600 392/1604
f 379/1603 392/1604 408/1605
f 400/1598 239/1602 244/1606
f 244/1606 239/1602 72/1607
f 244/1606 72/1607 106/1608
f 244/1606 106/1608 233/1609
f 233/1609 106/1608 78/1610
f 78/1610 106/1608 14/1611
f 14/1611 106/1608 72/1607
f 14/1611 72/1607 746/1612
f 868/1613 870/1614 874/1615
f 818/1616 868/1613 872/1617
f 870/1614 868/1613 813/1618
f 813/1618 868/1613 818/1616
f 32/1619 41/1620 818/1616
f 818/1616 41/1620 813/1618
f 813/1618 41/1620 19/1621
f 813/1618 19/1621 806/1622
f 806/1622 19/1621 53/1623
f 870/1614 813/1618 876/1624
f 876/1624 813/1618 806/1622
f 806/1622 53/1623 836/1625
f 870/1614 876/1624 886/1626
f 870/1614 886/1626 880/1627
f 886/1626 876/1624 962/1628
f 886/1626 962/1628 978/1629
f 876/1624 806/1622 928/1630
f 876/1624 928/1630 962/1628
f 962/1628 928/1630 1015/1631
f 962/1628 1015/1631 1027/1632
f 928/1630 806/1622 911/1633
f 911/1633 806/1622 836/1625
f 1015/1631 928/1630 981/1634
f 981/1634 928/1630 911/1633
f 1015/1631 981/1634 1074/1635
f 1074/1635 981/1634 1066/1636
f 981/1634 911/1633 968/1637
f 981/1634 968/1637 1066/1636
f 968/1637 911/1633 836/1625
f 1066/1636 968/1637 1072/1638
f 1072/1638 968/1637 965/1639
f 965/1639 968/1637 836/1625
f 1072/1638 965/1639 1016/1640
f 834/1641 836/1625 183/1642
f 836/1625 834/1641 894/1643
f 836/1625 894/1643 965/1639
f 894/1643 834/1641 827/1644
f 894/1643 827/1644 895/1645
f 965/1639 894/1643 932/1646
f 932/1646 894/1643 895/1645
f 965/1639 932/1646 950/1647
f 950/1647 932/1646 949/1648
f 949/1648 932/1646 940/1649
f 940/1649 932/1646 895/1645
f 949/1648 940/1649 990/1650
f 990/1650 940/1649 991/1651
f 991/1651 940/1649 895/1645
f 991/1651 895/1645 779/1652
f 991/1651 779/1652 971/1653
f 1057/1654 1060/1655 1065/1656
f 1057/1654 1065/1656 1056/1657
f 1056/1657 1065/1656 1059/1658
f 1060/1655 1057/1654 1058/1659
f 1060/1655 1058/1659 1064/1660
f 1064/1660 1058/1659 1107/1661
f 1064/1660 1107/1661 1100/1662
f 1107/1661 1058/1659 1062/1663
f 1107/1661 1062/1663 1096/1664
f 1100/1662 1107/1661 1124/1665
f 1124/1665 1107/1661 1146/1666
f 1146/1666 1107/1661 1179/1667
f 1179/1667 1107/1661 1168/1668
f 255/1669 199/1670 269/1671
f 199/1670 255/1669 186/1672
f 186/1672 255/1669 390/1673
f 186/1672 390/1673 382/1674
f 186/1672 382/1674 289/1675
f 186/1672 289/1675 178/1676
f 186/1672 178/1676 113/1677
f 113/1677 178/1676 147/1678
f 186/1672 113/1677 91/1679
f 186/1672 91/1679 199/1670
f 91/1679 113/1677 105/1680
f 91/1679 105/1680 20/1681
f 199/1670 91/1679 108/1682
f 108/1682 91/1679 20/1681
f 199/1670 108/1682 288/1683
f 288/1683 108/1682 96/1684
f 96/1684 108/1682 20/1681
f 288/1683 96/1684 307/1685
f 96/1684 20/1681 33/1686
f 33/1686 20/1681 84/1687
f 96/1684 33/1686 158/1688
f 96/1684 158/1688 307/1685
f 158/1688 33/1686 78/1689
f 307/1685 158/1688 233/1690
f 307/1685 233/1690 296/1691
f 296/1691 233/1690 253/1692
f 253/1692 233/1690 366/1693
f 1057/1694 1056/1695 1062/1696
f 1057/1694 1062/1696 1058/1697
f 1062/1696 1056/1695 1031/1698
f 1031/1698 1056/1695 1059/1699
f 1062/1696 1031/1698 1000/1700
f 1062/1696 1000/1700 1050/1701
f 1062/1696 1050/1701 1096/1702
f 1096/1702 1050/1701 1136/1703
f 1050/1701 1000/1700 1043/1704
f 1050/1701 1043/1704 1105/1705
f 1050/1701 1105/1705 1170/1706
f 1043/1704 1000/1700 1027/1707
f 1043/1704 1027/1707 1105/1705
f 1027/1707 1000/1700 978/1708
f 1027/1707 978/1708 962/1709
f 1105/1705 1027/1707 1063/1710
f 1063/1710 1027/1707 1015/1711
f 1063/1710 1015/1711 1074/1712
f 1100/1713 1116/1714 1064/1715
f 1116/1714 1100/1713 1124/1716
f 1116/1714 1124/1716 1171/1717
f 1171/1717 1124/1716 1141/1718
f 1141/1718 1124/1716 1140/1719
f 1171/1717 1141/1718 1152/1720
f 1171/1717 1152/1720 1154/1721
f 1171/1717 1154/1721 1174/1722
f 1315/1723 1348/1724 1309/1725
f 1348/1724 1315/1723 1314/1726
f 1314/1726 1315/1723 1221/1727
f 1221/1727 1315/1723 1218/1728
f 1221/1727 1218/1728 1072/1729
f 1315/1723 1309/1725 1282/1730
f 1315/1723 1282/1730 1218/1728
f 1282/1730 1309/1725 1225/1731
f 1218/1728 1282/1730 1216/1732
f 1216/1732 1282/1730 1225/1731
f 1218/1728 1216/1732 1066/1733
f 1066/1733 1216/1732 1165/1734
f 1225/1731 1309/1725 1295/1735
f 1165/1734 1216/1732 1190/1736
f 1190/1736 1216/1732 1225/1731
f 1165/1734 1190/1736 1226/1737
f 1226/1737 1190/1736 1203/1738
f 1190/1736 1225/1731 1269/1739
f 1190/1736 1269/1739 1203/1738
f 1203/1738 1269/1739 1226/1737
f 1269/1739 1225/1731 1295/1735
f 1226/1737 1269/1739 1271/1740
f 1271/1740 1269/1739 1305/1741
f 1305/1741 1269/1739 1299/1742
f 1299/1742 1269/1739 1295/1735
f 1305/1741 1299/1742 1317/1743
f 1299/1742 1295/1735 1303/1744
f 1299/1742 1303/1744 1317/1743
f 1303/1744 1295/1735 1291/1745
f 1317/1743 1303/1744 1296/1746
f 1296/1746 1303/1744 1291/1745
f 1317/1743 1296/1746 1313/1747
f 1296/1746 1291/1745 1245/1748
f 1313/1747 1296/1746 1247/1749
f 1247/1749 1296/1746 1245/1748
f 1247/1749 1245/1748 1264/1750
f 1140/1751 1153/1752 1141/1753
f 1141/1753 1153/1752 1146/1754
f 1154/1755 1152/1756 1153/1752
f 1153/1752 1152/1756 1151/1757
f 1153/1752 1151/1757 1146/1754
f 1146/1754 1151/1757 1140/1758
f 1146/1754 1140/1758 1124/1759
f 1163/1760 1153/1761 1140/1762
f 1163/1760 1140/1762 1158/1763
f 1153/1761 1163/1760 1161/1764
f 1153/1761 1161/1764 1157/1765
f 1153/1761 1157/1765 1154/1766
f 1154/1766 1157/1765 1161/1764
f 1154/1766 1161/1764 1174/1767
f 1174/1767 1161/1764 1163/1760
f 1174/1767 1163/1760 1158/1763
f 1179/1768 1168/1769 1174/1767
f 1179/1768 1174/1767 1158/1763
f 1179/1768 1158/1763 1146/1770
f 1146/1770 1158/1763 1141/1771
f 1155/1772 1158/1763 1140/1762
f 1158/1763 1155/1772 1141/1771
f 1155/1772 1140/1762 1151/1773
f 1155/1772 1151/1773 1141/1771
f 1141/1771 1151/1773 1152/1774
f 11/1775 22/1776 738/1777
f 22/1776 11/1775 35/1778
f 22/1776 35/1778 39/1779
f 22/1776 39/1779 60/1780
f 60/1780 39/1779 85/1781
f 22/1776 60/1780 59/1782
f 22/1776 59/1782 28/1783
f 22/1776 28/1783 738/1777
f 28/1783 59/1782 30/1784
f 738/1777 28/1783 777/1785
f 738/1777 777/1785 808/1786
f 28/1783 30/1784 757/1787
f 28/1783 757/1787 777/1785
f 808/1786 777/1785 823/1788
f 777/1785 757/1787 810/1789
f 810/1789 757/1787 30/1784
f 777/1785 810/1789 823/1788
f 810/1789 30/1784 746/1790
f 746/1790 30/1784 14/1791
f 823/1788 810/1789 811/1792
f 811/1792 810/1789 746/1790
f 823/1788 811/1792 826/1793
f 811/1792 746/1790 818/1794
f 811/1792 818/1794 826/1793
f 826/1793 818/1794 872/1795
f 818/1794 746/1790 52/1796
f 818/1794 52/1796 32/1797
f 1191/1798 1171/1799 1174/1800
f 1171/1799 1191/1798 1244/1801
f 1244/1801 1191/1798 1207/1802
f 1207/1802 1191/1798 1170/1803
f 1191/1798 1174/1800 1168/1804
s 0
f 1191/1798 1168/1804 1170/1803
f 1170/1803 1168/1804 1136/1805
s 1
f 1170/1803 1136/1805 1050/1806
s 0
f 1136/1805 1168/1804 1121/1807
s 1
f 1136/1805 1121/1807 1096/1808
f 1121/1807 1168/1804 1107/1809
f 1121/1807 1107/1809 1096/1808
f 105/1810 77/1811 20/1812
f 20/1812 77/1811 84/1813
f 84/1813 77/1811 182/1814
f 182/1814 77/1811 105/1810
f 162/1815 33/1816 84/1813
f 162/1815 84/1813 182/1814
f 162/1815 182/1814 357/1817
f 357/1817 182/1814 314/1818
f 314/1818 182/1814 219/1819
f 219/1819 182/1814 105/1810
f 314/1818 219/1819 412/1820
f 219/1819 105/1810 232/1821
f 219/1819 232/1821 312/1822
f 232/1821 105/1810 147/1823
f 147/1823 105/1810 113/1824
f 232/1821 147/1823 214/1825
f 232/1821 214/1825 313/1826
f 214/1825 147/1823 178/1827
f 214/1825 178/1827 306/1828
f 400/1829 379/1830 408/1831
f 379/1830 400/1829 253/1832
f 379/1830 253/1832 366/1833
f 253/1832 400/1829 244/1834
f 253/1832 244/1834 218/1835
f 253/1832 218/1835 296/1836
f 1105/1837 1228/1838 1170/1839
f 485/1840 461/1841 489/1842
f 485/1840 489/1842 540/1843
f 485/1840 540/1843 541/1844
f 485/1840 541/1844 546/1845
f 485/1840 546/1845 464/1846
f 461/1841 485/1840 456/1847
f 456/1847 485/1840 464/1846
f 461/1841 456/1847 390/1848
f 390/1848 456/1847 382/1849
f 382/1849 456/1847 409/1850
f 409/1850 456/1847 464/1846
f 382/1849 409/1850 289/1851
f 505/1852 464/1846 546/1845
f 289/1851 409/1850 422/1853
f 422/1853 409/1850 464/1846
f 464/1846 505/1852 487/1854
f 464/1846 487/1854 422/1853
f 487/1854 505/1852 527/1855
f 527/1855 505/1852 504/1856
f 422/1853 487/1854 417/1857
f 289/1851 422/1853 306/1858
f 306/1858 422/1853 417/1857
f 289/1851 306/1858 178/1859
f 306/1858 417/1857 214/1860
f 942/1861 943/1862 844/1863
f 943/1862 942/1861 1008/1864
f 844/1863 943/1862 897/1865
f 897/1865 943/1862 1008/1864
f 897/1865 1008/1864 1017/1866
f 1017/1866 1008/1864 1129/1867
f 897/1865 1017/1866 972/1868
f 972/1868 1017/1866 1094/1869
f 897/1865 972/1868 873/1870
f 972/1868 1094/1869 1021/1871
f 873/1870 972/1868 929/1872
f 929/1872 972/1868 1021/1871
f 873/1870 929/1872 845/1873
f 929/1872 1021/1871 1016/1874
f 929/1872 1016/1874 950/1875
f 950/1875 1016/1874 965/1876
f 845/1873 929/1872 930/1877
f 930/1877 929/1872 950/1875
f 845/1873 930/1877 816/1878
f 930/1877 950/1875 949/1879
f 816/1878 930/1877 989/1880
f 989/1880 930/1877 949/1879
f 989/1880 949/1879 990/1881
f 816/1878 989/1880 864/1882
f 864/1882 989/1880 959/1883
f 959/1883 989/1880 1012/1884
f 959/1883 1012/1884 1011/1885
f 959/1883 1011/1885 877/1886
f 877/1886 1011/1885 967/1887
f 1105/1888 1185/1889 1199/1890
f 1066/1891 1165/1892 1103/1893
f 504/1894 505/1895 467/1896
f 467/1896 505/1895 472/1897
f 357/1898 491/1899 467/1896
f 357/1898 467/1896 294/1900
f 467/1896 472/1897 375/1901
f 467/1896 375/1901 294/1900
f 294/1900 375/1901 161/1902
f 375/1901 472/1897 482/1903
f 375/1901 482/1903 344/1904
f 375/1901 344/1904 217/1905
f 344/1904 482/1903 478/1906
f 344/1904 478/1906 377/1907
f 1074/1908 1103/1909 1118/1910
f 1103/1909 1074/1908 1066/1911
f 1074/1908 1118/1910 1102/1912
f 1074/1908 1102/1912 1108/1913
f 1074/1908 1108/1913 1063/1914
f 1102/1912 1118/1910 1147/1915
f 1102/1912 1147/1915 1108/1913
f 1118/1910 1103/1909 1182/1916
f 1118/1910 1182/1916 1147/1915
f 1182/1916 1103/1909 1214/1917
f 1214/1917 1103/1909 1165/1918
f 1147/1915 1182/1916 1184/1919
f 1147/1915 1184/1919 1108/1913
f 1184/1919 1182/1916 1214/1917
f 1214/1917 1165/1918 1254/1920
f 1254/1920 1165/1918 1226/1921
f 1254/1920 1226/1921 1258/1922
s 0
f 1258/1922 1226/1921 1271/1923
s 1
f 1258/1922 1271/1923 1316/1924
f 1316/1924 1271/1923 1305/1925
f 1316/1924 1305/1925 1335/1926
f 1335/1926 1305/1925 1317/1927
f 1193/1928 1184/1919 1214/1917
f 1193/1928 1214/1917 1237/1929
f 1193/1928 1237/1929 1229/1930
f 1184/1919 1193/1928 1181/1931
f 1181/1931 1193/1928 1229/1930
f 1184/1919 1181/1931 1108/1913
f 1181/1931 1229/1930 1213/1932
f 1108/1913 1181/1931 1125/1933
f 1125/1933 1181/1931 1213/1932
f 1108/1913 1125/1933 1063/1914
f 1063/1914 1125/1933 1105/1934
f 1105/1934 1125/1933 1185/1935
f 1185/1935 1125/1933 1213/1932
f 1185/1935 1213/1932 1252/1936
f 1185/1935 1252/1936 1199/1937
f 1199/1937 1252/1936 1233/1938
f 1199/1937 1233/1938 1227/1939
f 1233/1938 1252/1936 1257/1940
f 1233/1938 1257/1940 1227/1939
f 1257/1940 1252/1936 1275/1941
f 1275/1941 1252/1936 1323/1942
f 1275/1941 1323/1942 1264/1943
f 1275/1941 1264/1943 1257/1940
f 1257/1940 1264/1943 1227/1939
f 1227/1939 1264/1943 1245/1944
f 239/1945 366/1946 233/1947
f 239/1945 233/1947 72/1948
f 72/1948 233/1947 78/1949
f 72/1948 78/1949 746/1950
f 746/1950 78/1949 33/1951
f 1072/1952 1218/1953 1066/1954
f 33/1955 52/1956 746/1957
f 52/1956 33/1955 161/1958
f 161/1958 33/1955 162/1959
f 52/1956 161/1958 217/1960
f 217/1960 161/1958 375/1961
f 52/1956 217/1960 32/1962
f 32/1962 217/1960 41/1963
f 41/1963 217/1960 187/1964
f 41/1963 187/1964 19/1965
f 187/1964 217/1960 377/1966
f 377/1966 217/1960 344/1967
f 187/1964 377/1966 397/1968
f 187/1964 397/1968 270/1969
f 187/1964 270/1969 19/1965
f 19/1965 270/1969 53/1970
f 53/1970 270/1969 316/1971
f 53/1970 316/1971 183/1972
f 53/1970 183/1972 836/1973
f 1129/1974 1094/1975 1017/1976
f 1094/1977 1211/1978 1114/1979
f 1094/1977 1114/1979 1021/1980
f 1021/1980 1114/1979 1113/1981
f 1021/1980 1113/1981 1016/1982
f 1113/1981 1114/1979 1221/1983
f 1016/1982 1113/1981 1072/1984
f 1072/1984 1113/1981 1221/1983
f 357/1985 294/1986 162/1987
f 162/1987 294/1986 161/1988
f 266/1989 897/1990 87/1991
f 266/1989 87/1991 479/1992
f 479/1992 87/1991 76/1993
f 479/1992 76/1993 350/1994
f 469/1995 490/1996 550/1997
f 469/1995 550/1997 533/1998
f 490/1996 469/1995 270/1999
f 490/1996 270/1999 397/2000
f 490/1996 397/2000 478/2001
f 478/2001 397/2000 377/2002
f 270/1999 469/1995 316/2003
f 469/1995 533/1998 387/2004
f 469/1995 387/2004 316/2003
f 387/2004 533/1998 415/2005
f 316/2003 387/2004 183/2006
f 387/2004 415/2005 393/2007
f 183/2006 387/2004 216/2008
f 216/2008 387/2004 393/2007
f 897/2009 873/2010 87/2011
f 87/2011 873/2010 76/2012
f 76/2012 873/2010 845/2013
f 76/2012 845/2013 816/2014
f 76/2012 816/2014 171/2015
f 171/2015 816/2014 92/2016
f 92/2016 816/2014 864/2017
f 92/2016 864/2017 142/2018
f 142/2018 864/2017 877/2019
f 92/2016 142/2018 441/2020
f 1264/2021 1313/2022 1247/2023
f 1313/2022 1264/2021 1323/2024
f 1313/2022 1323/2024 1317/2025
f 350/2026 415/2027 561/2028
f 415/2027 350/2026 407/2029
f 415/2027 407/2029 393/2030
f 350/2031 76/2032 171/2033
f 350/2031 171/2033 407/2034
f 407/2034 171/2033 454/2035
f 454/2035 171/2033 92/2036
f 454/2035 92/2036 441/2037
f 827/2038 834/2039 183/2040
f 555/2041 514/2042 454/2043
f 555/2041 454/2043 551/2044
f 551/2044 454/2043 441/2045
f 514/2042 555/2041 632/2046
f 518/2047 444/2048 514/2042
f 518/2047 514/2042 632/2046
f 631/2049 508/2050 518/2047
f 631/2049 518/2047 632/2046
f 631/2049 632/2046 669/2051
f 632/2046 555/2041 628/2052
f 628/2052 555/2041 551/2044
f 632/2046 628/2052 662/2053
f 662/2053 628/2052 551/2044
f 632/2046 662/2053 669/2051
f 519/2054 551/2044 441/2045
f 519/2054 441/2045 458/2055
f 551/2044 519/2054 625/2056
f 551/2044 625/2056 662/2053
f 519/2054 458/2055 634/2057
f 519/2054 634/2057 625/2056
f 625/2056 634/2057 662/2053
f 634/2057 458/2055 559/2058
f 653/2059 669/2051 662/2053
f 634/2057 559/2058 661/2060
f 634/2057 661/2060 662/2053
f 661/2060 559/2058 526/2061
f 661/2060 526/2061 651/2062
f 661/2060 651/2062 659/2063
f 669/2051 653/2059 658/2064
f 662/2053 661/2060 647/2065
f 662/2053 647/2065 653/2059
f 661/2060 659/2063 648/2066
f 661/2060 648/2066 647/2065
f 648/2066 659/2063 603/2067
f 603/2067 659/2063 616/2068
f 647/2065 648/2066 607/2069
f 607/2069 648/2066 603/2067
f 653/2059 647/2065 577/2070
f 577/2070 647/2065 607/2069
f 653/2059 577/2070 582/2071
f 603/2067 616/2068 604/2072
f 603/2067 604/2072 607/2069
f 604/2072 616/2068 618/2073
f 618/2073 616/2068 589/2074
f 607/2069 604/2072 580/2075
f 607/2069 580/2075 577/2070
f 604/2072 618/2073 691/2076
f 604/2072 691/2076 580/2075
f 618/2073 589/2074 689/2077
f 618/2073 689/2077 691/2076
f 689/2077 589/2074 586/2078
f 580/2075 691/2076 677/2079
f 577/2070 580/2075 594/2080
f 594/2080 580/2075 677/2079
f 577/2070 594/2080 582/2071
f 677/2079 691/2076 688/2081
f 688/2081 691/2076 689/2077
f 677/2079 688/2081 594/2080
f 688/2081 689/2077 586/2078
f 688/2081 586/2078 605/2082
f 688/2081 605/2082 594/2080
f 605/2082 586/2078 593/2083
f 578/2084 582/2071 594/2080
f 578/2084 594/2080 605/2082
f 578/2084 605/2082 593/2083
f 582/2071 578/2084 653/2059
f 578/2084 593/2083 658/2064
f 578/2084 658/2064 653/2059
f 454/2085 514/2086 444/2087
f 454/2085 444/2087 407/2088
f 407/2088 444/2087 393/2089
f 393/2089 444/2087 448/2090
f 393/2089 448/2090 280/2091
f 448/2090 444/2087 518/2092
f 280/2091 448/2090 447/2093
f 448/2090 518/2092 508/2094
f 448/2090 508/2094 447/2093
f 447/2093 508/2094 523/2095
f 216/2096 827/2097 183/2098
f 827/2097 216/2096 779/2099
f 779/2099 216/2096 280/2100
f 280/2100 216/2096 393/2101
f 779/2099 280/2100 246/2102
f 779/2099 246/2102 820/2103
f 246/2102 280/2100 447/2104
f 820/2103 246/2102 756/2105
f 246/2102 447/2104 432/2106
f 246/2102 432/2106 756/2105
f 511/2107 447/2104 523/2108
f 447/2104 511/2107 432/2106
f 630/2109 511/2107 640/2110
f 511/2107 630/2109 532/2111
f 532/2111 630/2109 660/2112
f 432/2106 511/2107 446/2113
f 446/2113 511/2107 532/2111
f 293/2114 756/2105 432/2106
f 532/2111 660/2112 633/2115
f 633/2115 660/2112 651/2116
f 633/2115 651/2116 534/2117
f 633/2115 534/2117 516/2118
f 633/2115 516/2118 532/2111
f 516/2118 534/2117 445/2119
f 516/2118 445/2119 453/2120
f 516/2118 453/2120 532/2111
f 532/2111 453/2120 446/2113
f 370/2121 432/2106 446/2113
f 432/2106 370/2121 293/2114
f 446/2113 453/2120 371/2122
f 446/2113 371/2122 370/2121
f 371/2122 453/2120 304/2123
f 371/2122 304/2123 333/2124
f 371/2122 333/2124 334/2125
f 371/2122 334/2125 370/2121
f 370/2121 334/2125 302/2126
f 370/2121 302/2126 336/2127
f 370/2121 336/2127 311/2128
f 370/2121 311/2128 293/2114
f 293/2114 311/2128 134/2129
f 293/2114 134/2129 756/2105
f 756/2105 134/2129 741/2130
f 134/2129 311/2128 226/2131
f 741/2130 134/2129 71/2132
f 71/2132 134/2129 226/2131
f 71/2132 226/2131 49/2133
f 458/2134 441/2135 142/2136
f 990/2137 1026/2138 989/2139
f 1026/2138 990/2137 1045/2140
f 1045/2140 990/2137 991/2141
f 1045/2140 991/2141 1020/2142
f 1026/2138 1045/2140 1039/2143
f 1026/2138 1039/2143 989/2139
f 1039/2143 1045/2140 1088/2144
f 989/2139 1039/2143 1012/2145
f 1039/2143 1088/2144 1046/2146
f 1039/2143 1046/2146 1012/2145
f 1012/2145 1046/2146 1011/2147
f 779/2148 895/2149 827/2150
f 631/2151 523/2152 508/2153
f 523/2152 631/2151 629/2154
f 523/2152 629/2154 511/2155
f 511/2155 629/2154 640/2156
f 629/2154 631/2151 665/2157
f 629/2154 665/2157 640/2156
f 665/2157 631/2151 669/2158
f 665/2157 669/2158 658/2159
f 665/2157 658/2159 664/2160
f 665/2157 664/2160 640/2156
f 664/2160 658/2159 593/2161
f 640/2156 664/2160 660/2162
f 640/2156 660/2162 630/2163
f 664/2160 593/2161 588/2164
f 588/2164 593/2161 586/2165
f 588/2164 586/2165 589/2166
f 588/2164 589/2166 590/2167
f 590/2167 589/2166 616/2168
f 664/2160 588/2164 650/2169
f 650/2169 588/2164 590/2167
f 650/2169 590/2167 616/2168
f 664/2160 650/2169 660/2162
f 650/2169 616/2168 659/2170
f 650/2169 659/2170 660/2162
f 660/2162 659/2170 651/2171
f 864/2172 959/2173 877/2174
f 1088/2175 1045/2176 1090/2177
f 1090/2177 1045/2176 1037/2178
f 1037/2178 1045/2176 1020/2179
f 1088/2175 1090/2177 1087/2180
f 1088/2175 1087/2180 1046/2181
f 1090/2177 1037/2178 1081/2182
f 971/2183 1020/2179 991/2184
f 1020/2179 971/2183 983/2185
f 1037/2178 1020/2179 1038/2186
f 1038/2186 1020/2179 983/2185
f 1037/2178 1038/2186 1081/2182
f 1038/2186 983/2185 994/2187
f 1090/2177 1081/2182 1086/2188
f 1086/2188 1081/2182 1038/2186
f 1090/2177 1086/2188 1087/2180
f 1038/2186 994/2187 1032/2189
f 1038/2186 1032/2189 1086/2188
f 1086/2188 1032/2189 1087/2180
f 1087/2180 1032/2189 1046/2181
f 1032/2189 994/2187 976/2190
f 1046/2181 1032/2189 1013/2191
f 1013/2191 1032/2189 976/2190
f 1013/2191 976/2190 960/2192
f 1046/2181 1013/2191 1011/2193
f 1011/2193 1013/2191 967/2194
f 458/2195 142/2196 165/2197
f 848/2198 142/2196 877/2199
f 142/2196 848/2198 165/2197
f 165/2197 848/2198 841/2200
f 458/2195 165/2197 442/2201
f 458/2195 442/2201 559/2202
f 165/2197 841/2200 112/2203
f 165/2197 112/2203 442/2201
f 112/2203 841/2200 853/2204
f 559/2202 442/2201 450/2205
f 450/2205 442/2201 112/2203
f 559/2202 450/2205 526/2206
f 112/2203 853/2204 231/2207
f 112/2203 231/2207 450/2205
f 231/2207 853/2204 128/2208
f 450/2205 231/2207 445/2209
f 445/2209 231/2207 128/2208
f 450/2205 445/2209 526/2206
f 445/2209 128/2208 453/2210
f 526/2206 445/2209 534/2211
f 526/2206 534/2211 651/2212
f 848/2213 877/2214 967/2215
f 848/2213 967/2215 841/2216
f 841/2216 967/2215 960/2217
f 841/2216 960/2217 853/2218
f 853/2218 960/2217 976/2219
f 853/2218 976/2219 855/2220
f 853/2218 855/2220 128/2221
f 855/2220 976/2219 994/2222
f 855/2220 994/2222 917/2223
f 917/2223 994/2222 952/2224
f 917/2223 952/2224 925/2225
f 855/2220 917/2223 856/2226
f 855/2220 856/2226 758/2227
f 1317/2228 1323/2229 1335/2230
f 1335/2230 1323/2229 1322/2231
f 1322/2231 1323/2229 1289/2232
f 1289/2232 1323/2229 1252/2233
f 1289/2232 1252/2233 1213/2234
f 1289/2232 1213/2234 1229/2235
f 1289/2232 1229/2235 1266/2236
f 1289/2232 1266/2236 1322/2231
f 1266/2236 1229/2235 1237/2237
f 1322/2231 1266/2236 1293/2238
f 1293/2238 1266/2236 1237/2237
f 1322/2231 1293/2238 1335/2230
f 1293/2238 1237/2237 1311/2239
f 1293/2238 1311/2239 1335/2230
f 1311/2239 1237/2237 1214/2240
f 1335/2230 1311/2239 1316/2241
f 1311/2239 1214/2240 1254/2242
f 1311/2239 1254/2242 1316/2241
f 1316/2241 1254/2242 1258/2243
f 820/2244 971/2245 779/2246
f 983/2247 971/2248 820/2249
f 820/2250 923/2251 983/2252
f 983/2252 923/2251 952/2253
f 923/2251 820/2250 756/2254
f 952/2253 923/2251 935/2255
f 935/2255 923/2251 857/2256
f 857/2256 923/2251 756/2254
f 935/2255 857/2256 900/2257
f 900/2257 857/2256 832/2258
f 832/2258 857/2256 756/2254
f 832/2258 756/2254 741/2259
f 800/2260 741/2259 785/2261
f 741/2259 800/2260 784/2262
f 741/2259 784/2262 832/2258
f 832/2258 784/2262 793/2263
f 832/2258 793/2263 800/2264
f 832/2258 800/2264 785/2265
f 967/2266 1013/2267 960/2268
f 994/2269 983/2270 952/2271
f 952/2272 935/2273 944/2274
f 952/2272 944/2274 925/2275
f 944/2274 935/2273 941/2276
f 925/2275 944/2274 916/2277
f 916/2277 944/2274 941/2276
f 941/2276 935/2273 926/2278
f 926/2278 935/2273 900/2279
f 916/2277 941/2276 912/2280
f 941/2276 926/2278 914/2281
f 941/2276 914/2281 912/2280
f 926/2278 900/2279 906/2282
f 926/2278 906/2282 914/2281
f 906/2282 900/2279 832/2283
f 906/2282 832/2283 786/2284
f 914/2281 906/2282 891/2285
f 891/2285 906/2282 786/2284
f 912/2280 914/2281 899/2286
f 912/2280 899/2286 824/2287
f 899/2286 914/2281 879/2288
f 879/2288 914/2281 891/2285
f 891/2285 786/2284 840/2289
f 891/2285 840/2289 879/2288
f 840/2289 786/2284 154/2290
f 840/2289 154/2290 114/2291
f 840/2289 114/2291 879/2288
f 879/2288 114/2291 821/2292
f 837/2293 912/2280 824/2287
f 912/2280 837/2293 901/2294
f 912/2280 901/2294 916/2277
f 916/2277 901/2294 925/2275
f 837/2293 824/2287 805/2295
f 805/2295 824/2287 99/2296
f 901/2294 837/2293 843/2297
f 843/2297 837/2293 805/2295
f 925/2275 901/2294 856/2298
f 856/2298 901/2294 843/2297
f 925/2275 856/2298 917/2299
f 856/2298 843/2297 799/2300
f 799/2300 843/2297 805/2295
f 856/2298 799/2300 758/2301
f 758/2301 799/2300 16/2302
f 799/2300 805/2295 767/2303
f 767/2303 805/2295 48/2304
f 855/2305 758/2306 128/2307
f 128/2307 758/2306 167/2308
f 128/2307 167/2308 453/2309
f 453/2309 167/2308 304/2310
f 167/2308 758/2306 120/2311
f 120/2311 758/2306 16/2312
f 304/2310 167/2308 200/2313
f 200/2313 167/2308 120/2311
f 120/2311 16/2312 69/2314
f 120/2311 69/2314 200/2313
f 69/2314 16/2312 799/2315
f 304/2310 200/2313 204/2316
f 204/2316 200/2313 69/2314
f 304/2310 204/2316 248/2317
f 69/2314 799/2315 13/2318
f 46/2319 74/2320 13/2318
f 13/2318 74/2320 100/2321
f 13/2318 100/2321 69/2314
f 69/2314 100/2321 118/2322
f 69/2314 118/2322 149/2323
f 69/2314 149/2323 204/2316
f 204/2316 149/2323 144/2324
f 204/2316 144/2324 248/2317
f 248/2317 144/2324 99/2325
f 248/2317 99/2325 824/2326
f 248/2317 824/2326 193/2327
f 793/2328 798/2329 785/2330
f 793/2328 785/2330 741/2331
f 793/2328 741/2331 788/2332
f 788/2332 741/2331 71/2333
f 788/2332 71/2333 49/2334
f 793/2328 788/2332 794/2335
f 793/2328 794/2335 800/2336
f 800/2336 794/2335 791/2337
f 785/2338 798/2339 832/2340
f 832/2340 798/2339 791/2341
f 791/2341 798/2339 788/2342
f 791/2341 788/2342 800/2343
f 784/2344 798/2345 793/2346
f 798/2345 784/2344 800/2347
f 798/2345 800/2347 789/2348
f 798/2345 789/2348 794/2349
f 798/2345 794/2349 788/2350
f 794/2349 789/2348 791/2351
f 791/2351 789/2348 771/2352
f 800/2353 788/2354 771/2355
f 800/2353 771/2355 789/2356
f 771/2355 788/2354 49/2357
f 771/2355 49/2357 832/2358
f 771/2355 832/2358 791/2359
f 832/2358 49/2357 786/2360
f 799/2361 767/2362 13/2363
f 13/2363 767/2362 46/2364
f 118/2365 117/2366 149/2367
f 117/2366 118/2365 130/2368
f 117/2366 130/2368 122/2369
f 117/2366 122/2369 116/2369
f 118/2370 100/2371 116/2369
f 116/2369 100/2371 117/2366
f 117/2366 100/2371 102/2372
f 74/2373 46/2374 102/2372
f 102/2372 46/2374 117/2366
f 117/2366 46/2374 48/2375
f 48/2375 46/2374 767/2376
f 117/2366 48/2375 74/2377
f 117/2366 74/2377 141/2378
f 117/2366 141/2378 149/2367
f 141/2378 74/2377 102/2379
f 149/2367 141/2378 131/2380
f 141/2378 102/2379 116/2381
f 141/2378 116/2381 131/2380
f 131/2380 116/2381 122/2382
s 0
f 119/2383 121/2384 129/2385
s 1
f 131/2386 118/2387 144/2388
f 131/2386 144/2388 149/2389
f 144/2388 118/2387 116/2390
f 144/2388 116/2390 102/2391
f 144/2388 102/2391 100/2392
f 144/2388 100/2392 74/2393
f 144/2388 74/2393 48/2394
f 144/2388 48/2394 99/2395
f 99/2395 48/2394 805/2396
f 336/2397 274/2398 311/2399
f 274/2398 336/2397 302/2400
f 311/2399 274/2398 176/2401
f 311/2399 176/2401 226/2402
f 226/2402 176/2401 49/2403
f 49/2403 176/2401 786/2404
f 786/2404 176/2401 154/2405
f 274/2398 302/2400 292/2406
f 292/2406 302/2400 334/2407
f 176/2401 274/2398 250/2408
f 176/2401 250/2408 154/2405
f 250/2408 274/2398 292/2406
f 154/2405 250/2408 114/2409
f 292/2406 334/2407 333/2410
f 114/2409 250/2408 193/2411
f 193/2411 250/2408 292/2406
f 114/2409 193/2411 821/2412
f 193/2411 292/2406 248/2413
f 248/2413 292/2406 333/2410
f 248/2413 333/2410 304/2414
f 824/2415 899/2416 821/2417
f 821/2417 899/2416 879/2418
f 824/2415 821/2417 193/2419
