# Blender 5.0.1
# www.blender.org
mtllib tripo_convert_35954709-6858-47a7-bddd-f19c41c87cc8.mtl
o tripo_node_35954709-6858-47a7-bddd-f19c41c87cc8
v 0.126595 -0.219732 0.028597
v 0.146628 -0.153020 0.036233
v 0.090453 0.429356 -0.035686
v 0.069821 0.440841 -0.023129
v 0.125067 0.403605 -0.077672
v 0.076521 -0.140802 -0.109467
v 0.080150 -0.128223 -0.113526
v 0.038499 -0.166926 -0.055999
v 0.461983 -0.310759 -0.151264
v 0.475166 -0.348392 -0.159395
v 0.481531 -0.361323 -0.108488
v 0.166841 -0.367733 0.481177
v 0.159206 -0.334716 0.474542
v 0.169220 -0.332737 0.469721
v 0.155289 -0.331085 0.445457
v 0.123538 -0.329050 0.451710
v 0.130375 -0.402672 0.437084
v -0.479479 -0.285217 0.144709
v -0.451098 -0.265932 0.135710
v -0.447294 -0.265723 0.173812
v -0.010027 -0.434367 -0.435903
v -0.044830 -0.377442 -0.477742
v -0.025975 -0.401804 -0.486994
v -0.071779 -0.136899 -0.046057
v -0.084186 -0.129583 -0.053131
v -0.093428 -0.130264 -0.052109
v 0.034131 -0.166819 -0.049696
v 0.025867 -0.166909 -0.034675
v -0.022396 -0.159680 -0.018963
v -0.100818 -0.118805 -0.060400
v -0.115525 -0.088610 -0.060165
v -0.017777 -0.165637 0.069916
v -0.018773 -0.161080 0.061445
v -0.023666 -0.156857 0.081253
v -0.033372 -0.115259 0.135389
v 0.092637 -0.248240 0.039695
v 0.141998 -0.250262 0.046191
v 0.123918 -0.243435 0.041728
v 0.110068 -0.228586 0.024823
v 0.131323 -0.214378 0.029944
v 0.127139 -0.201387 0.032029
v 0.139235 -0.215683 0.037331
v 0.148082 -0.175721 0.026001
v 0.145894 0.406269 -0.007641
v 0.146640 0.406783 -0.013853
v 0.138136 0.412522 -0.013578
v 0.141657 0.410114 -0.004638
v 0.089510 0.430732 -0.029523
v 0.096654 0.427211 -0.028364
v 0.095752 0.426382 -0.038145
v 0.091116 0.427606 -0.047001
v 0.085574 0.431047 -0.040045
v 0.083353 0.433127 -0.033100
v 0.061415 0.442887 -0.020350
v 0.064841 0.441798 -0.012842
v 0.073132 0.440121 -0.018845
v 0.076725 0.437449 -0.025189
v 0.070073 0.439864 -0.028245
v 0.060121 0.441237 -0.027968
v 0.121472 0.405920 -0.077952
v 0.125295 0.408434 -0.073113
v 0.128711 0.402647 -0.074479
v 0.121514 0.394670 -0.077828
v 0.116398 0.397114 -0.080098
v 0.126728 0.392230 -0.074961
v 0.075618 -0.145413 -0.107438
v 0.075134 -0.151322 -0.112435
v 0.079883 -0.143279 -0.119976
v 0.095050 -0.152191 -0.110132
v 0.084338 -0.157633 -0.113899
v 0.094056 -0.118185 -0.098187
v 0.102541 -0.151269 -0.094670
v 0.070749 -0.134853 -0.133300
v 0.070216 -0.108965 -0.125769
v 0.037393 -0.181069 -0.059676
v 0.047550 -0.173830 -0.075036
v 0.051573 -0.163826 -0.072512
v 0.022530 -0.172159 -0.042972
v 0.023174 -0.184553 -0.048550
v 0.048868 -0.184277 -0.065315
v 0.040469 -0.186891 -0.051782
v 0.059324 -0.178964 -0.079430
v 0.456332 -0.313937 -0.151957
v 0.454173 -0.311523 -0.145021
v 0.461255 -0.311509 -0.144755
v 0.465004 -0.315996 -0.152037
v 0.459296 -0.317986 -0.155943
v 0.465976 -0.315811 -0.144584
v 0.472823 -0.342861 -0.160745
v 0.476850 -0.342777 -0.153177
v 0.478660 -0.350117 -0.153551
v 0.466014 -0.354078 -0.158483
v 0.463065 -0.348359 -0.161793
v 0.469219 -0.358852 -0.152443
v 0.430661 -0.328287 -0.103281
v 0.440746 -0.323375 -0.098577
v 0.448826 -0.315381 -0.113820
v 0.433373 -0.324334 -0.114885
v 0.486937 -0.352255 -0.105661
v 0.468405 -0.367980 -0.093876
v 0.464724 -0.374079 -0.102503
v 0.479420 -0.363236 -0.118827
v 0.485069 -0.351945 -0.119672
v 0.169784 -0.373431 0.473953
v 0.176091 -0.365269 0.471995
v 0.168412 -0.360268 0.481020
v 0.154646 -0.370574 0.481923
v 0.157097 -0.380112 0.474265
v 0.154033 -0.361578 0.484268
v 0.148474 -0.325966 0.473423
v 0.148171 -0.333668 0.476171
v 0.163548 -0.342992 0.476640
v 0.177096 -0.345228 0.468665
v 0.150402 -0.344293 0.479385
v 0.165641 -0.326732 0.459096
v 0.147858 -0.319468 0.466716
v 0.145463 -0.328338 0.449738
v 0.146733 -0.322129 0.459361
v 0.160964 -0.327655 0.452939
v 0.157073 -0.339873 0.430587
v 0.143575 -0.338854 0.429901
v 0.169665 -0.341910 0.433448
v 0.119267 -0.325955 0.459290
v 0.131364 -0.322438 0.462288
v 0.132746 -0.327778 0.452304
v 0.117888 -0.334463 0.437238
v 0.107736 -0.332822 0.442361
v 0.129742 -0.337192 0.432355
v 0.143093 -0.400209 0.445968
v 0.133331 -0.389518 0.465934
v 0.120957 -0.395587 0.450589
v 0.123249 -0.413083 0.413303
v 0.145526 -0.416138 0.413076
v 0.104111 -0.408932 0.418769
v -0.482813 -0.290899 0.137673
v -0.483890 -0.296768 0.143186
v -0.479193 -0.288238 0.149656
v -0.477277 -0.279991 0.145352
v -0.480859 -0.284650 0.134155
v -0.475955 -0.281897 0.152630
v -0.457450 -0.263144 0.134225
v -0.456685 -0.259485 0.143285
v -0.450315 -0.265034 0.142517
v -0.443562 -0.274044 0.129399
v -0.449569 -0.273319 0.122996
v -0.439221 -0.275833 0.137274
v -0.452353 -0.263272 0.177294
v -0.437994 -0.272295 0.182505
v -0.436323 -0.273605 0.175135
v -0.434939 -0.274840 0.166318
v -0.447968 -0.265194 0.167229
v -0.456305 -0.260352 0.169848
v -0.463866 -0.325704 0.167847
v -0.468642 -0.317737 0.174915
v -0.479544 -0.309609 0.167716
v -0.471673 -0.322357 0.160407
v -0.021747 -0.434232 -0.445578
v -0.014481 -0.429653 -0.464803
v -0.000467 -0.431295 -0.448835
v 0.011368 -0.436504 -0.414301
v -0.009939 -0.438862 -0.410623
v -0.029803 -0.441225 -0.412751
v -0.002110 -0.374513 -0.441276
v 0.003748 -0.373213 -0.452374
v -0.011269 -0.372026 -0.463132
v -0.013878 -0.373801 -0.445626
v -0.039776 -0.374384 -0.478215
v -0.039041 -0.377975 -0.483509
v -0.045514 -0.381094 -0.481277
v -0.047776 -0.377697 -0.469183
v -0.041205 -0.374795 -0.466868
v -0.050488 -0.383390 -0.470973
v -0.030082 -0.406254 -0.486768
v -0.034431 -0.399467 -0.486176
v -0.027670 -0.396327 -0.486599
v -0.017738 -0.405748 -0.487633
v -0.020066 -0.413988 -0.487684
v -0.016678 -0.398402 -0.487258
v -0.062024 -0.144758 -0.044001
v -0.066373 -0.144024 -0.039618
v -0.079604 -0.135216 -0.045881
v -0.076310 -0.144525 -0.053720
v -0.063441 -0.156360 -0.050287
v -0.084963 -0.139707 -0.046809
v -0.103590 -0.136943 -0.054615
v -0.122714 -0.120244 -0.052721
v -0.125562 -0.080424 -0.046936
v -0.102421 -0.113372 -0.058183
v -0.091838 -0.148206 -0.048131
v -0.091048 -0.123328 -0.054032
v -0.091149 -0.123000 -0.054056
v 0.033829 -0.189239 -0.037173
v 0.032680 -0.188042 -0.022166
v 0.023848 -0.162017 -0.019053
v 0.010718 -0.159364 -0.017911
v 0.009681 -0.160764 -0.029445
v 0.007081 -0.170284 -0.038591
v -0.013727 -0.160158 -0.005206
v -0.024549 -0.167971 -0.006445
v -0.035251 -0.167518 -0.019320
v -0.003902 -0.158636 -0.017095
v -0.002061 -0.158196 -0.004272
v -0.023861 -0.161523 -0.028965
v -0.006182 -0.159521 -0.027724
v -0.105005 -0.115836 -0.062394
v -0.107223 -0.122528 -0.066822
v -0.101851 -0.124079 -0.063108
v -0.109070 -0.075001 -0.075227
v -0.102256 -0.109019 -0.087264
v -0.111776 -0.117510 -0.073664
v -0.000029 -0.169458 0.031797
v -0.001355 -0.158349 0.011910
v 0.008287 -0.159798 0.012087
v 0.017483 -0.168678 0.025007
v 0.015340 -0.218714 0.042160
v 0.002047 -0.219771 0.050694
v 0.022466 -0.162309 -0.000794
v 0.034214 -0.185098 -0.003655
v 0.039653 -0.217826 0.034428
v 0.053625 -0.231535 -0.013340
v -0.016085 -0.182211 0.075013
v -0.020830 -0.176583 0.098485
v -0.022536 -0.161284 0.092899
v -0.021806 -0.160748 0.072037
v -0.026901 -0.173882 0.073648
v -0.022981 -0.177508 0.056637
v -0.029706 -0.168843 0.087363
v -0.031641 -0.123760 0.128583
v -0.027485 -0.139280 0.134597
v -0.024324 -0.135852 0.141964
v -0.044615 -0.126108 0.141035
v -0.037000 -0.133429 0.135076
v -0.037960 -0.093788 0.141174
v -0.056827 -0.119527 0.138144
v -0.030103 -0.101985 0.142410
v -0.035503 -0.090123 0.141308
v -0.066586 -0.115489 0.125442
v -0.076898 -0.150485 0.122878
v -0.068087 -0.151633 0.133989
v -0.060953 -0.153418 0.142732
v -0.084344 -0.190069 0.134696
v -0.077626 -0.191338 0.143965
v -0.068519 -0.194136 0.147337
v -0.049962 -0.156686 0.142533
v -0.058940 -0.197030 0.144978
v -0.043017 -0.161346 0.136936
v -0.035665 -0.141446 0.127057
v -0.031589 -0.133245 0.120417
v -0.041282 -0.166287 0.127603
v -0.035084 -0.149597 0.118207
v -0.030960 -0.142267 0.111751
v -0.025768 -0.150599 0.113114
v -0.026747 -0.144246 0.123855
v -0.033620 -0.157041 0.107954
v -0.028696 -0.150470 0.099494
v -0.025938 -0.144677 0.096926
v -0.023368 -0.151768 0.086310
v -0.023541 -0.147014 0.087231
v -0.031412 -0.162863 0.097327
v -0.039945 -0.171211 0.117303
v -0.038081 -0.176061 0.106781
v -0.035775 -0.181423 0.095378
v -0.049554 -0.205026 0.118631
v -0.047453 -0.207866 0.107317
v -0.043592 -0.214925 0.088366
v -0.032047 -0.188073 0.077488
v -0.040556 -0.227232 0.062482
v -0.027947 -0.195551 0.055518
v -0.046287 -0.235067 0.034137
v -0.029858 -0.200215 0.030798
v -0.021781 -0.180916 0.033669
v -0.016539 -0.168888 0.037451
v -0.032918 -0.201537 0.013462
v -0.023391 -0.180816 0.017093
v -0.018251 -0.168708 0.019578
v -0.011166 -0.161628 0.023565
v -0.011564 -0.165330 0.043572
v -0.025793 -0.180476 0.003738
v -0.019896 -0.167897 0.006360
v -0.011024 -0.159803 0.007693
v -0.031495 -0.180220 -0.010193
v -0.036194 -0.201623 -0.000755
v -0.044030 -0.199096 -0.012585
v -0.057189 -0.193251 -0.021697
v -0.044883 -0.177940 -0.020734
v -0.074315 -0.184161 -0.032360
v -0.063206 -0.171200 -0.030939
v -0.054432 -0.161169 -0.029958
v -0.046205 -0.152165 -0.029089
v -0.080194 -0.159633 -0.041006
v -0.072983 -0.151040 -0.039721
v -0.090366 -0.173732 -0.042665
v -0.103620 -0.167211 -0.049769
v -0.108583 -0.208192 -0.041633
v -0.120048 -0.204102 -0.048167
v -0.132572 -0.199655 -0.048107
v -0.116156 -0.161363 -0.055051
v -0.140565 -0.196004 -0.037300
v -0.130119 -0.156033 -0.047013
v -0.139851 -0.194046 -0.022684
v -0.131170 -0.155363 -0.029442
v -0.127493 -0.116952 -0.032573
v -0.127388 -0.074870 -0.030750
v -0.126885 -0.154786 -0.010865
v -0.124592 -0.115698 -0.012894
v -0.124869 -0.073201 -0.011666
v -0.125406 -0.024918 -0.008147
v -0.127133 -0.024569 -0.025609
v -0.118333 -0.114458 0.024104
v -0.118571 -0.072297 0.026063
v -0.118744 -0.025579 0.029118
v -0.117544 0.023347 0.031761
v -0.123432 0.024368 -0.004229
v -0.102197 -0.070822 0.071414
v -0.102302 -0.024454 0.072766
v -0.101291 0.023902 0.074240
v -0.096290 0.072451 0.074243
v -0.113574 0.072244 0.033095
v -0.076453 -0.022361 0.108628
v -0.075089 0.025462 0.108076
v -0.070409 0.073217 0.106553
v -0.063369 0.120758 0.104164
v -0.089011 0.120879 0.073729
v -0.056995 0.026407 0.127830
v -0.052580 0.073990 0.125324
v -0.046299 0.121034 0.121428
v -0.038181 0.168866 0.112789
v -0.053644 0.167699 0.097655
v -0.036012 0.073598 0.135585
v -0.031337 0.120655 0.131323
v -0.024702 0.168998 0.121794
v -0.015311 0.212618 0.106830
v -0.027737 0.213420 0.099209
v -0.012734 0.118852 0.132857
v -0.007300 0.165974 0.122747
v 0.000141 0.209213 0.108273
v 0.011818 0.250259 0.088758
v -0.001403 0.253958 0.087209
v 0.018732 0.161573 0.122833
v 0.023047 0.205192 0.108880
v 0.030888 0.245680 0.089441
v 0.044449 0.278661 0.061868
v 0.030169 0.284676 0.061564
v 0.060277 0.199745 0.104795
v 0.062916 0.239253 0.084697
v 0.066816 0.272543 0.058714
v 0.076495 0.304914 0.034038
v 0.061851 0.309682 0.035782
v 0.091548 0.232690 0.072232
v 0.088444 0.268969 0.051892
v 0.090021 0.301733 0.032222
v 0.100932 0.336665 0.021375
v 0.090667 0.340367 0.023529
v 0.101584 0.263566 0.038903
v 0.098682 0.297693 0.024163
v 0.107541 0.333406 0.014352
v 0.124074 0.367721 0.008601
v 0.117688 0.371190 0.015550
v 0.105972 0.294324 0.014671
v 0.113347 0.330139 0.006475
v 0.129985 0.364289 0.001839
v 0.141346 0.384008 -0.000712
v 0.135046 0.388265 0.004160
v 0.118875 0.327104 -0.000835
v 0.134959 0.360839 -0.005614
v 0.146687 0.379970 -0.006985
v 0.149251 0.394226 -0.010235
v 0.146177 0.396636 -0.003691
v 0.136632 0.358946 -0.014733
v 0.147201 0.378190 -0.016681
v 0.149080 0.392305 -0.018304
v 0.147597 0.404676 -0.020129
v 0.144634 0.377286 -0.026710
v 0.147728 0.390731 -0.027294
v 0.147775 0.402390 -0.027813
v 0.139788 0.409490 -0.027117
v 0.138332 0.411532 -0.019381
v 0.147052 0.388313 -0.039116
v 0.147906 0.399749 -0.039358
v 0.140837 0.407171 -0.038227
v 0.131965 0.411648 -0.036083
v 0.132011 0.413451 -0.024953
v 0.145790 0.397476 -0.054098
v 0.139043 0.405973 -0.051947
v 0.129954 0.410669 -0.049128
v 0.121039 0.414998 -0.046517
v 0.123500 0.415779 -0.033588
v 0.134486 0.406346 -0.061152
v 0.126334 0.411030 -0.058084
v 0.117582 0.415154 -0.056486
v 0.108859 0.419117 -0.055033
v 0.112340 0.419084 -0.044242
v 0.122516 0.411519 -0.065671
v 0.114181 0.415416 -0.065053
v 0.105235 0.419361 -0.064306
v 0.111846 0.414894 -0.073336
v 0.101543 0.419289 -0.073087
v 0.089794 0.424144 -0.069553
v 0.095114 0.424000 -0.061238
v 0.099656 0.423346 -0.052370
v 0.103573 0.423041 -0.041474
v 0.085656 0.428978 -0.054346
v 0.079116 0.429964 -0.061655
v 0.072151 0.434974 -0.051234
v 0.079302 0.433041 -0.045511
v 0.068824 0.437718 -0.041744
v 0.077075 0.435345 -0.037229
v 0.068665 0.439383 -0.033986
v 0.077103 0.436393 -0.030627
v 0.082286 0.434621 -0.026858
v 0.080790 0.436331 -0.020852
v 0.086110 0.434949 -0.015029
v 0.088178 0.432555 -0.022777
v 0.094510 0.432137 -0.009710
v 0.096108 0.429666 -0.019036
v 0.105336 0.427969 -0.007120
v 0.106038 0.425841 -0.017421
v 0.105650 0.423555 -0.029068
v 0.116076 0.421421 -0.018916
v 0.114834 0.419862 -0.031077
v 0.124662 0.417208 -0.021949
v 0.117041 0.422744 -0.008797
v 0.125994 0.418163 -0.012897
v 0.132163 0.414794 -0.016662
v 0.127792 0.418817 -0.003714
v 0.133546 0.415287 -0.009436
v 0.129507 0.415681 0.007095
v 0.136628 0.412837 0.000713
v 0.126523 0.406895 0.014171
v 0.134512 0.403210 0.006883
v 0.140659 0.399770 0.001411
v 0.128902 0.391575 0.010719
v 0.119205 0.395727 0.018350
v 0.107591 0.375555 0.019447
v 0.106283 0.401386 0.019543
v 0.095490 0.380362 0.020176
v 0.079218 0.344658 0.024375
v 0.083575 0.385316 0.021369
v 0.068256 0.349142 0.025417
v 0.050132 0.314669 0.037058
v 0.058902 0.352532 0.024467
v 0.040986 0.318204 0.036097
v 0.018795 0.290071 0.060477
v 0.033282 0.319271 0.030573
v 0.008170 0.291889 0.054676
v -0.013067 0.255130 0.080798
v -0.000933 0.290175 0.045354
v -0.023852 0.254699 0.069532
v -0.041697 0.213224 0.086887
v -0.038170 0.253991 0.048840
v -0.061595 0.213436 0.062429
v -0.077383 0.167591 0.069746
v -0.078125 0.213434 0.024825
v -0.094857 0.167674 0.029604
v -0.106551 0.120729 0.032727
v -0.100513 0.167716 -0.001647
v -0.112068 0.120844 -0.000742
v -0.119200 0.072909 -0.001921
v -0.113649 0.121309 -0.017459
v -0.120882 0.073636 -0.018362
v -0.124970 0.025191 -0.020801
v -0.121336 0.074079 -0.032099
v -0.125759 0.025879 -0.034377
v -0.127698 -0.025736 -0.039489
v -0.119474 0.025771 -0.045975
v -0.120743 -0.028546 -0.051672
v -0.109411 0.025455 -0.058397
v -0.110486 -0.023348 -0.062850
v -0.091908 0.023952 -0.076980
v -0.092641 -0.021781 -0.079815
v -0.092030 -0.067797 -0.086883
v -0.061012 -0.022285 -0.104269
v -0.061587 -0.064700 -0.106861
v -0.058662 -0.102588 -0.111688
v -0.086408 -0.105458 -0.096896
v -0.054543 -0.137794 -0.120391
v -0.079385 -0.140621 -0.108381
v -0.093353 -0.142385 -0.101476
v -0.073810 -0.175549 -0.121597
v -0.086989 -0.177584 -0.115464
v -0.098395 -0.179638 -0.109523
v -0.104674 -0.144505 -0.093790
v -0.106017 -0.182405 -0.101544
v -0.109371 -0.146945 -0.083100
v -0.106402 -0.184806 -0.090755
v -0.105740 -0.148640 -0.073700
v -0.101117 -0.186508 -0.082213
v -0.097445 -0.147734 -0.067253
v -0.092473 -0.187621 -0.077478
v -0.089062 -0.153467 -0.064046
v -0.082773 -0.189509 -0.072741
v -0.080097 -0.160220 -0.061098
v -0.069172 -0.193457 -0.066552
v -0.065845 -0.170158 -0.056406
v -0.049091 -0.200897 -0.058872
v -0.046137 -0.178941 -0.048188
v -0.044499 -0.166049 -0.042566
v -0.043240 -0.154637 -0.036409
v -0.028429 -0.183684 -0.040808
v -0.026878 -0.170722 -0.034863
v -0.010524 -0.183941 -0.041072
v -0.009017 -0.169940 -0.035511
v 0.006938 -0.184151 -0.044623
v -0.010159 -0.209144 -0.051922
v 0.009105 -0.207790 -0.055632
v 0.026375 -0.205189 -0.059257
v 0.013031 -0.244622 -0.076335
v 0.031260 -0.239006 -0.079184
v 0.044346 -0.229397 -0.087153
v 0.039112 -0.199303 -0.068117
v 0.055269 -0.216941 -0.098816
v 0.049314 -0.190967 -0.082088
v 0.064589 -0.207296 -0.111467
v 0.058971 -0.182836 -0.096420
v 0.057043 -0.165879 -0.089302
v 0.060639 -0.157740 -0.085073
v 0.066884 -0.176784 -0.107191
v 0.064631 -0.159921 -0.099480
v 0.067002 -0.152254 -0.094688
v 0.070369 -0.156099 -0.106594
v 0.072183 -0.149184 -0.101950
v 0.079235 -0.162438 -0.107051
v 0.073525 -0.167733 -0.099066
v 0.067141 -0.172710 -0.090257
v 0.085295 -0.194148 -0.109121
v 0.078421 -0.196764 -0.100213
v 0.071153 -0.201258 -0.090410
v 0.096319 -0.235542 -0.115625
v 0.090353 -0.239491 -0.107005
v 0.084552 -0.245211 -0.096875
v 0.062468 -0.207632 -0.078399
v 0.078643 -0.255271 -0.084087
v 0.054279 -0.216773 -0.062846
v 0.074224 -0.268501 -0.066204
v 0.049588 -0.225195 -0.047498
v 0.075710 -0.276643 -0.046877
v 0.050713 -0.229780 -0.031565
v 0.080737 -0.278099 -0.027745
v 0.106934 -0.315878 -0.066164
v 0.112941 -0.319952 -0.043000
v 0.117739 -0.319817 -0.023324
v 0.079120 -0.271829 -0.011193
v 0.122815 -0.315900 -0.006943
v 0.077794 -0.258938 0.004165
v 0.133199 -0.308379 0.005273
v 0.095980 -0.267376 0.010835
v 0.065487 -0.221299 0.015651
v 0.061518 -0.225245 0.032083
v 0.108249 -0.260509 0.017137
v 0.088589 -0.228789 0.020716
v 0.098367 -0.234464 0.021559
v 0.067998 -0.258581 0.043393
v 0.147413 -0.296031 0.064326
v 0.129903 -0.293081 0.060743
v 0.118110 -0.297091 0.061399
v 0.151535 -0.340976 0.092855
v 0.137378 -0.344090 0.093598
v 0.115541 -0.350436 0.096744
v 0.092758 -0.309448 0.066319
v 0.081342 -0.354468 0.109042
v 0.060973 -0.315116 0.080027
v 0.042763 -0.268394 0.054936
v 0.036077 -0.316553 0.091292
v 0.023428 -0.271266 0.063820
v 0.018143 -0.312029 0.103459
v 0.009365 -0.269900 0.073923
v 0.003975 -0.300894 0.118252
v -0.001444 -0.263668 0.088679
v -0.007699 -0.218447 0.064307
v -0.010149 -0.180741 0.049741
v -0.009130 -0.253675 0.106444
v -0.013332 -0.211765 0.085144
v -0.013388 -0.247165 0.121244
v -0.017477 -0.205926 0.106047
v -0.015796 -0.243329 0.133456
v -0.019918 -0.203828 0.121083
v -0.023325 -0.171474 0.116134
v -0.021135 -0.202766 0.133546
v -0.024437 -0.167447 0.128638
v -0.019672 -0.202240 0.144700
v -0.024259 -0.166279 0.138960
v -0.009614 -0.202058 0.148074
v -0.015963 -0.167424 0.145349
v 0.002153 -0.202820 0.144712
v -0.004184 -0.168547 0.142838
v -0.013961 -0.133426 0.144065
v 0.014615 -0.203675 0.140859
v 0.008816 -0.169656 0.139150
v 0.000859 -0.135795 0.140525
v -0.009594 -0.103652 0.142293
v 0.027175 -0.170898 0.132366
v 0.020381 -0.137250 0.134185
v 0.015004 -0.103835 0.137072
v 0.011344 -0.066976 0.138692
v -0.017748 -0.067527 0.142695
v 0.057982 -0.139740 0.119373
v 0.054766 -0.105094 0.122331
v 0.053134 -0.067733 0.125749
v 0.052999 -0.025674 0.128219
v 0.010886 -0.022590 0.138765
v 0.094339 -0.105252 0.097066
v 0.092034 -0.067369 0.101649
v 0.090589 -0.026506 0.105838
v 0.089861 0.016615 0.109288
v 0.054120 0.018440 0.129424
v 0.117486 -0.065551 0.075813
v 0.115720 -0.025240 0.078462
v 0.114914 0.016285 0.080317
v 0.115328 0.058518 0.080773
v 0.089877 0.061031 0.110261
v 0.126774 -0.024819 0.062371
v 0.127010 0.015584 0.062998
v 0.127891 0.057286 0.062612
v 0.129213 0.099826 0.061207
v 0.116772 0.101443 0.079321
v 0.134979 0.014812 0.050813
v 0.135645 0.056522 0.050463
v 0.136829 0.098963 0.049404
v 0.136632 0.140990 0.044561
v 0.128998 0.142108 0.056310
v 0.140457 0.055874 0.039532
v 0.141409 0.098058 0.038464
v 0.140745 0.139774 0.034062
v 0.139395 0.181298 0.027243
v 0.134423 0.182411 0.037606
v 0.139902 0.097082 0.026162
v 0.140036 0.138273 0.022416
v 0.137741 0.179241 0.015520
v 0.130020 0.217828 0.005381
v 0.131144 0.220769 0.016983
v 0.137430 0.136223 0.006976
v 0.134721 0.176083 0.000990
v 0.127919 0.213771 -0.008819
v 0.117505 0.251204 -0.018140
v 0.119497 0.254049 -0.004919
v 0.128185 0.171686 -0.023608
v 0.124162 0.209913 -0.029741
v 0.114498 0.249246 -0.034072
v 0.107983 0.287169 -0.035292
v 0.109595 0.288236 -0.022710
v 0.114193 0.208711 -0.054392
v 0.110336 0.249212 -0.049910
v 0.106495 0.287128 -0.046015
v 0.114854 0.320908 -0.049816
v 0.116608 0.321553 -0.039838
v 0.103144 0.250439 -0.061412
v 0.101450 0.287940 -0.053509
v 0.108777 0.322247 -0.056482
v 0.121200 0.357204 -0.063550
v 0.128343 0.355242 -0.056592
v 0.092811 0.289508 -0.059602
v 0.100874 0.324241 -0.062068
v 0.113806 0.359138 -0.068888
v 0.122675 0.379578 -0.074161
v 0.129363 0.377089 -0.069030
v 0.092678 0.326262 -0.067470
v 0.106646 0.361003 -0.073726
v 0.116835 0.381794 -0.078716
v 0.098938 0.363197 -0.076553
v 0.110385 0.384183 -0.082634
v 0.090325 0.366500 -0.075613
v 0.102689 0.387325 -0.083005
v 0.110303 0.399968 -0.081674
v 0.115998 0.408252 -0.079213
v 0.093833 0.390865 -0.081666
v 0.102260 0.403276 -0.081448
v 0.108599 0.411523 -0.080628
v 0.119588 0.411327 -0.072546
v 0.091285 0.407491 -0.079990
v 0.097029 0.415779 -0.078845
v 0.077662 0.412778 -0.077916
v 0.083958 0.420565 -0.075584
v 0.065773 0.418651 -0.067208
v 0.071821 0.426632 -0.066417
v 0.057169 0.423876 -0.055881
v 0.063635 0.432078 -0.055410
v 0.052163 0.427885 -0.043933
v 0.059239 0.435781 -0.044422
v 0.053100 0.429747 -0.033734
v 0.059293 0.438493 -0.035139
v 0.054354 0.431886 -0.025117
v 0.048518 0.416091 -0.031607
v 0.050284 0.418358 -0.021938
v 0.051402 0.421037 -0.013108
v 0.056815 0.432832 -0.017416
v 0.055368 0.421116 -0.005235
v 0.060830 0.433170 -0.010259
v 0.061772 0.419090 0.001571
v 0.065657 0.432061 -0.002188
v 0.070449 0.441319 -0.005366
v 0.076610 0.439447 -0.013327
v 0.073286 0.428693 0.006009
v 0.077455 0.437072 0.001734
v 0.082625 0.437749 -0.006559
v 0.088353 0.433870 0.009114
v 0.092122 0.434643 -0.000010
v 0.102539 0.428035 0.012482
v 0.104494 0.429757 0.003174
v 0.117367 0.421017 0.011747
v 0.117974 0.423642 0.001256
v 0.098142 0.419565 0.016997
v 0.112335 0.412686 0.017449
v 0.092678 0.407452 0.019621
v 0.083918 0.425477 0.014126
v 0.079884 0.413077 0.017808
v 0.072317 0.389805 0.021123
v 0.069936 0.416382 0.009625
v 0.063385 0.392393 0.014056
v 0.051279 0.354304 0.018857
v 0.055663 0.393647 0.006382
v 0.043817 0.355613 0.011653
v 0.025916 0.319068 0.022277
v 0.036445 0.357056 0.004323
v 0.018198 0.320290 0.012716
v -0.011762 0.288888 0.031901
v 0.012756 0.320397 0.001530
v -0.021903 0.288417 0.009952
v -0.052450 0.254095 0.017296
v -0.025780 0.289871 -0.007824
v -0.058346 0.254623 -0.007126
v -0.084637 0.213477 -0.004160
v -0.060307 0.255785 -0.021119
v -0.085370 0.213553 -0.019401
v -0.101782 0.168181 -0.017847
v -0.084810 0.213518 -0.031678
v -0.101985 0.168385 -0.030575
v -0.113527 0.121820 -0.030610
v -0.096444 0.166663 -0.042185
v -0.107894 0.120977 -0.042376
v -0.115384 0.073604 -0.043747
v -0.098435 0.118956 -0.054970
v -0.105410 0.072236 -0.056084
v -0.082645 0.115674 -0.075109
v -0.088369 0.069717 -0.075418
v -0.053811 0.110502 -0.100249
v -0.058485 0.066168 -0.101336
v -0.060468 0.021646 -0.102552
v -0.018211 0.062500 -0.111853
v -0.019384 0.020011 -0.113437
v -0.018461 -0.022376 -0.115866
v 0.024443 0.019121 -0.115130
v 0.025491 -0.022050 -0.117533
v 0.026693 -0.062563 -0.121088
v -0.016772 -0.062826 -0.119491
v 0.027776 -0.100675 -0.127462
v -0.013994 -0.100254 -0.124951
v 0.029725 -0.132390 -0.136221
v -0.010696 -0.134069 -0.133457
v 0.030729 -0.161834 -0.145722
v -0.007511 -0.166418 -0.142574
v -0.050318 -0.171970 -0.131467
v -0.004584 -0.199774 -0.154764
v -0.046822 -0.206502 -0.145213
v -0.070423 -0.210839 -0.137285
v -0.044133 -0.240055 -0.163021
v -0.068262 -0.245272 -0.155982
v -0.080981 -0.248111 -0.152096
v -0.083527 -0.213192 -0.132681
v -0.092334 -0.250720 -0.148594
v -0.095254 -0.215475 -0.128263
v -0.100787 -0.254870 -0.142715
v -0.103385 -0.219000 -0.121142
v -0.102429 -0.260052 -0.133998
v -0.104501 -0.223658 -0.111189
v -0.101053 -0.265412 -0.124784
v -0.102027 -0.227684 -0.101738
v -0.095709 -0.269339 -0.117275
v -0.094175 -0.229779 -0.095555
v -0.086041 -0.271452 -0.112496
v -0.083761 -0.231288 -0.090578
v -0.075672 -0.273629 -0.108268
v -0.072835 -0.232922 -0.085521
v -0.062195 -0.277006 -0.103991
v -0.056213 -0.238387 -0.079283
v -0.038851 -0.284237 -0.099473
v -0.032732 -0.246180 -0.072868
v -0.029332 -0.207626 -0.051849
v -0.010198 -0.247745 -0.073427
v -0.012213 -0.287641 -0.099708
v 0.015302 -0.284321 -0.102923
v -0.015945 -0.323371 -0.130146
v 0.018143 -0.319204 -0.134003
v 0.044124 -0.310300 -0.138456
v 0.037594 -0.277286 -0.106632
v 0.062027 -0.296081 -0.148143
v 0.052529 -0.264670 -0.116652
v 0.072967 -0.286759 -0.156063
v 0.064585 -0.252319 -0.127779
v 0.081022 -0.280153 -0.163708
v 0.073489 -0.244817 -0.137003
v 0.087343 -0.274109 -0.171586
v 0.080636 -0.239362 -0.145910
v 0.072512 -0.201794 -0.122027
v 0.086366 -0.234234 -0.155153
v 0.079977 -0.197824 -0.131522
v 0.073972 -0.172377 -0.116092
v 0.085039 -0.193826 -0.142054
v 0.080181 -0.166267 -0.124400
v 0.079062 -0.191194 -0.152577
v 0.081124 -0.160519 -0.135397
v 0.065658 -0.191787 -0.155363
v 0.067763 -0.158965 -0.142140
v 0.051348 -0.193029 -0.156858
v 0.051640 -0.159901 -0.144103
v 0.052726 -0.132816 -0.134954
v 0.052818 -0.103147 -0.127060
v 0.051284 -0.063493 -0.119942
v 0.068132 -0.065331 -0.117716
v 0.065772 -0.022202 -0.113892
v 0.077872 -0.023046 -0.104689
v 0.080106 -0.069574 -0.109063
v 0.049563 -0.022081 -0.116043
v 0.048045 0.018897 -0.113576
v 0.063878 0.018786 -0.110425
v 0.063229 0.059036 -0.110633
v 0.075544 0.058449 -0.101158
v 0.076189 0.018285 -0.101936
v 0.047941 0.059289 -0.112687
v 0.048671 0.099173 -0.112109
v 0.064072 0.098249 -0.110057
v 0.025128 0.059914 -0.114273
v 0.026480 0.100510 -0.113676
v 0.029097 0.141917 -0.111388
v 0.050497 0.140194 -0.110046
v -0.014814 0.104678 -0.110837
v -0.009110 0.147193 -0.109151
v -0.001560 0.189674 -0.104577
v 0.032431 0.183331 -0.107215
v -0.045340 0.154562 -0.098209
v -0.033032 0.197363 -0.093670
v -0.016129 0.238101 -0.086162
v 0.007868 0.231350 -0.094712
v -0.072448 0.160488 -0.073405
v -0.057522 0.203779 -0.071643
v -0.035212 0.243564 -0.069644
v -0.005105 0.278381 -0.064183
v 0.007337 0.275267 -0.074667
v -0.071514 0.208496 -0.053584
v -0.047984 0.248597 -0.053337
v -0.014989 0.282518 -0.051952
v 0.018503 0.312769 -0.048304
v 0.024950 0.309895 -0.057280
v -0.054917 0.252594 -0.042405
v -0.021248 0.287270 -0.041992
v 0.012479 0.316243 -0.039734
v 0.032602 0.350936 -0.044396
v 0.038397 0.347438 -0.052627
v -0.026462 0.291784 -0.032089
v 0.009038 0.319132 -0.031402
v 0.028792 0.353670 -0.035692
v 0.041077 0.390240 -0.040644
v 0.045293 0.387366 -0.050669
v 0.009227 0.319221 -0.022099
v 0.029608 0.354689 -0.025625
v 0.042236 0.391739 -0.029380
v 0.047194 0.414194 -0.042883
v 0.031119 0.355622 -0.014958
v 0.043542 0.393318 -0.018313
v 0.032067 0.357031 -0.004681
v 0.044535 0.394857 -0.008035
v 0.048921 0.394636 -0.000669
v 0.010641 0.319319 -0.010973
v -0.027251 0.291968 -0.020475
v -0.059926 0.255895 -0.032953
v -0.079516 0.211529 -0.042172
v -0.087624 0.164280 -0.054032
v 0.051463 0.411092 -0.054718
v 0.059600 0.406258 -0.066060
v 0.052070 0.383521 -0.060174
v 0.069457 0.400608 -0.076761
v 0.059445 0.379053 -0.069106
v 0.044401 0.344036 -0.060604
v 0.070012 0.374536 -0.072281
v 0.052945 0.340173 -0.065473
v 0.032855 0.306998 -0.063677
v 0.062811 0.336259 -0.066384
v 0.043617 0.302421 -0.065620
v 0.023047 0.268752 -0.078431
v 0.057611 0.297573 -0.067147
v 0.042465 0.262762 -0.081815
v 0.035927 0.224774 -0.097471
v 0.062900 0.258734 -0.081641
v 0.057328 0.221496 -0.097276
v 0.053468 0.180952 -0.106286
v 0.074305 0.218367 -0.093111
v 0.069172 0.179332 -0.103763
v 0.066222 0.138854 -0.107697
v 0.082007 0.176393 -0.093780
v 0.078315 0.136967 -0.098463
v 0.075926 0.097100 -0.100248
v 0.092563 0.134371 -0.084214
v 0.089726 0.095666 -0.085902
v 0.088395 0.057267 -0.086501
v 0.109663 0.093920 -0.058088
v 0.107513 0.055263 -0.059098
v 0.106400 0.014835 -0.061334
v 0.088952 0.017114 -0.087988
v 0.104748 -0.027050 -0.064329
v 0.089079 -0.024497 -0.090438
v 0.105104 -0.070854 -0.068875
v 0.090782 -0.070578 -0.094581
v 0.106766 -0.115481 -0.072430
v 0.122019 -0.071875 -0.027800
v 0.123196 -0.114852 -0.032182
v 0.127837 -0.157188 -0.036804
v 0.112745 -0.153734 -0.073439
v 0.137654 -0.197749 -0.038428
v 0.124403 -0.193085 -0.073858
v 0.114156 -0.190390 -0.093134
v 0.138042 -0.230737 -0.078031
v 0.130247 -0.229173 -0.097453
v 0.125341 -0.228054 -0.109441
v 0.108254 -0.187762 -0.106671
v 0.120786 -0.227008 -0.120700
v 0.101959 -0.186713 -0.118653
v 0.113112 -0.228236 -0.126876
v 0.092106 -0.189608 -0.117014
v 0.104236 -0.231678 -0.122197
v 0.137196 -0.263639 -0.135813
v 0.129532 -0.269437 -0.133753
v 0.122043 -0.275525 -0.129937
v 0.160427 -0.301416 -0.144644
v 0.153726 -0.309502 -0.142098
v 0.146683 -0.317321 -0.138528
v 0.115124 -0.281512 -0.125165
v 0.142189 -0.324313 -0.131473
v 0.111593 -0.286945 -0.115803
v 0.141118 -0.330174 -0.121048
v 0.108631 -0.293733 -0.104479
v 0.140360 -0.338299 -0.107235
v 0.106107 -0.305198 -0.087096
v 0.142425 -0.348467 -0.086246
v 0.181120 -0.367184 -0.120925
v 0.183755 -0.375228 -0.101231
v 0.190740 -0.380878 -0.068514
v 0.150062 -0.353161 -0.057185
v 0.196471 -0.380074 -0.039404
v 0.155619 -0.353967 -0.033027
v 0.201686 -0.374566 -0.019747
v 0.162284 -0.348325 -0.014260
v 0.208371 -0.367101 -0.005644
v 0.169887 -0.339432 0.000778
v 0.213971 -0.361465 0.004611
v 0.177524 -0.331480 0.010689
v 0.143164 -0.298474 0.014783
v 0.184677 -0.324780 0.017300
v 0.152440 -0.290441 0.020333
v 0.122102 -0.252606 0.022268
v 0.161192 -0.284185 0.024313
v 0.135112 -0.245800 0.025883
v 0.169868 -0.278451 0.024901
v 0.144404 -0.243522 0.027859
v 0.178798 -0.272685 0.023088
v 0.154525 -0.240489 0.029035
v 0.140830 -0.215018 0.030915
v 0.139810 -0.199725 0.033367
v 0.130141 -0.195154 0.034382
v 0.164170 -0.236839 0.026376
v 0.147953 -0.212754 0.030747
v 0.142581 -0.200554 0.032105
v 0.142061 -0.194501 0.032985
v 0.138172 -0.192964 0.034257
v 0.154374 -0.209944 0.028431
v 0.145604 -0.197335 0.031658
v 0.144824 -0.195593 0.032082
v 0.166883 -0.235293 0.017059
v 0.163189 -0.235656 0.004820
v 0.153180 -0.207275 0.014491
v 0.159500 -0.234553 -0.012426
v 0.146970 -0.203180 -0.005373
v 0.139213 -0.163748 0.000817
v 0.135420 -0.113242 0.005001
v 0.140895 -0.114783 0.024408
v 0.138181 -0.067860 0.024851
v 0.141132 -0.065986 0.037665
v 0.144019 -0.110627 0.036292
v 0.134279 -0.070089 0.007878
v 0.133105 -0.028176 0.009303
v 0.136708 -0.026739 0.026146
v 0.123176 -0.029106 -0.024548
v 0.124754 0.012838 -0.021784
v 0.134531 0.013029 0.010057
v 0.135806 0.054609 0.010567
v 0.138918 0.055309 0.026715
v 0.137811 0.013595 0.026294
v 0.126422 0.054051 -0.019678
v 0.127853 0.094030 -0.018805
v 0.136792 0.095723 0.009773
v 0.128756 0.133213 -0.019722
v 0.111712 0.131895 -0.057286
v 0.113677 0.169744 -0.056477
v 0.096899 0.172585 -0.080296
v 0.101920 0.210753 -0.071936
v 0.088390 0.214045 -0.083393
v 0.092099 0.251962 -0.069005
v 0.079387 0.254847 -0.076821
v 0.083015 0.291655 -0.066041
v 0.071518 0.294479 -0.069242
v 0.083619 0.328882 -0.069976
v 0.073406 0.332376 -0.068329
v 0.080691 0.370328 -0.073839
v 0.082577 0.395296 -0.079820
v 0.139623 0.014139 0.039120
v 0.138610 -0.025740 0.038945
v 0.134442 -0.025042 0.050758
v 0.137430 -0.065069 0.049895
v 0.129343 -0.065014 0.061219
v 0.132588 -0.104852 0.060069
v 0.141124 -0.106145 0.048793
v 0.136135 -0.145197 0.059990
v 0.145932 -0.150530 0.049307
v 0.119918 -0.104533 0.072787
v 0.123230 -0.143014 0.071799
v 0.127093 -0.177980 0.073245
v 0.140355 -0.179399 0.061901
v 0.150143 -0.180661 0.045726
v 0.131319 -0.210116 0.078841
v 0.145211 -0.210339 0.067920
v 0.153434 -0.210089 0.050338
v 0.150055 -0.243863 0.080553
v 0.159293 -0.245772 0.068096
v 0.155856 -0.248821 0.053362
v 0.167814 -0.280759 0.090329
v 0.167439 -0.287110 0.078624
v 0.160638 -0.293295 0.068726
v 0.179261 -0.322656 0.108031
v 0.174558 -0.331395 0.099180
v 0.165096 -0.338159 0.094016
v 0.184816 -0.365173 0.135610
v 0.177861 -0.374417 0.129773
v 0.165448 -0.378295 0.128729
v 0.186674 -0.401617 0.173145
v 0.175336 -0.406957 0.172073
v 0.161487 -0.409527 0.172967
v 0.151091 -0.380954 0.129536
v 0.144412 -0.412170 0.175039
v 0.131936 -0.384705 0.132038
v 0.113619 -0.412555 0.183047
v 0.098797 -0.386462 0.142901
v 0.073368 -0.406234 0.196910
v 0.060728 -0.382299 0.158102
v 0.048990 -0.352689 0.123384
v 0.033837 -0.372271 0.171423
v 0.025286 -0.344409 0.136221
v 0.018493 -0.363200 0.181090
v 0.009898 -0.332759 0.148751
v 0.008182 -0.355578 0.189272
v 0.000042 -0.324713 0.158894
v -0.004934 -0.290989 0.131803
v -0.004131 -0.317565 0.168423
v -0.010101 -0.284662 0.142526
v -0.004419 -0.310542 0.177156
v -0.012244 -0.279078 0.152869
v -0.003889 -0.303748 0.185332
v -0.011638 -0.273897 0.162359
v -0.017444 -0.240345 0.144681
v -0.007381 -0.268710 0.171003
v -0.014046 -0.237693 0.154320
v 0.003163 -0.267814 0.169924
v -0.003648 -0.236311 0.156062
v 0.014703 -0.267558 0.167376
v 0.008038 -0.236588 0.152721
v 0.026359 -0.268332 0.162894
v 0.020064 -0.237049 0.149069
v 0.046560 -0.269665 0.154680
v 0.039666 -0.238235 0.141214
v 0.033433 -0.205041 0.133586
v 0.075602 -0.239894 0.126175
v 0.068867 -0.206761 0.119223
v 0.062748 -0.173376 0.117579
v 0.108308 -0.209003 0.095421
v 0.102848 -0.176250 0.092054
v 0.097920 -0.141629 0.093405
v 0.114836 -0.242344 0.104072
v 0.136785 -0.243496 0.089887
v 0.123697 -0.274983 0.120111
v 0.144966 -0.276952 0.107977
v 0.157309 -0.278242 0.099868
v 0.154328 -0.307978 0.133020
v 0.166863 -0.310650 0.125907
v 0.177498 -0.314311 0.118349
v 0.175352 -0.339952 0.157256
v 0.185720 -0.345110 0.151256
v 0.187273 -0.354973 0.143090
v 0.192300 -0.369334 0.189569
v 0.194132 -0.380366 0.183583
v 0.191987 -0.391547 0.177681
v 0.199320 -0.397510 0.228185
v 0.198295 -0.409658 0.224462
v 0.193968 -0.420955 0.221505
v 0.201860 -0.419031 0.273776
v 0.198143 -0.430606 0.272592
v 0.188272 -0.437593 0.272282
v 0.183130 -0.427427 0.220688
v 0.175124 -0.440244 0.272852
v 0.169528 -0.429449 0.221592
v 0.159421 -0.441446 0.274071
v 0.153396 -0.431281 0.223189
v 0.134073 -0.440306 0.277013
v 0.124935 -0.431019 0.228416
v 0.095212 -0.431900 0.283375
v 0.085008 -0.423110 0.239109
v 0.067892 -0.423728 0.289799
v 0.056613 -0.413357 0.248402
v 0.045304 -0.396161 0.208741
v 0.041912 -0.406097 0.254485
v 0.029964 -0.388360 0.216323
v 0.031075 -0.399797 0.259727
v 0.019447 -0.381065 0.222988
v 0.025380 -0.390333 0.264926
v 0.014955 -0.371651 0.229708
v 0.003782 -0.347157 0.197425
v 0.013974 -0.361514 0.235889
v 0.003814 -0.338373 0.204855
v 0.014013 -0.351384 0.241546
v 0.005096 -0.329937 0.211753
v 0.018263 -0.341679 0.245527
v 0.009611 -0.322446 0.216757
v 0.000023 -0.297633 0.191597
v 0.019268 -0.319528 0.215913
v 0.010613 -0.295455 0.190629
v 0.030865 -0.318286 0.212809
v 0.022309 -0.294962 0.187417
v 0.043086 -0.318712 0.208248
v 0.034264 -0.295572 0.182966
v 0.064193 -0.320207 0.200276
v 0.055058 -0.297052 0.174924
v 0.101734 -0.325262 0.185468
v 0.092758 -0.300472 0.159790
v 0.083739 -0.271583 0.139912
v 0.133101 -0.304676 0.143154
v 0.141716 -0.330896 0.171374
v 0.162392 -0.335753 0.163126
v 0.149870 -0.351216 0.204969
v 0.169392 -0.356513 0.199196
v 0.183290 -0.361360 0.194766
v 0.174581 -0.371418 0.238165
v 0.188233 -0.376394 0.235520
v 0.197299 -0.385100 0.232125
v 0.191311 -0.383890 0.277890
v 0.200049 -0.393509 0.276641
v 0.202511 -0.406511 0.275289
v 0.199750 -0.393376 0.322674
v 0.202214 -0.406297 0.323505
v 0.201665 -0.418672 0.324227
v 0.198658 -0.397531 0.368472
v 0.199242 -0.409520 0.371479
v 0.196679 -0.420657 0.373802
v 0.198342 -0.430332 0.324512
v 0.189568 -0.428988 0.374916
v 0.190127 -0.437620 0.324773
v 0.177071 -0.431099 0.374248
v 0.177493 -0.439662 0.324855
v 0.163479 -0.432105 0.373191
v 0.162702 -0.441002 0.325063
v 0.142991 -0.432085 0.372575
v 0.139460 -0.440935 0.326089
v 0.112832 -0.426956 0.374305
v 0.103814 -0.433431 0.329521
v 0.090396 -0.421634 0.378459
v 0.079126 -0.426322 0.334090
v 0.077298 -0.416013 0.382235
v 0.065246 -0.420394 0.338045
v 0.053014 -0.417150 0.294932
v 0.053897 -0.415500 0.341531
v 0.042391 -0.410533 0.299465
v 0.048551 -0.404772 0.343885
v 0.036214 -0.401168 0.303327
v 0.047909 -0.392245 0.344786
v 0.035263 -0.389073 0.306238
v 0.024080 -0.379065 0.269888
v 0.036461 -0.376646 0.308321
v 0.025063 -0.367556 0.274022
v 0.039375 -0.365200 0.309415
v 0.029138 -0.356747 0.276634
v 0.047670 -0.356917 0.308143
v 0.038080 -0.349924 0.275885
v 0.028087 -0.337656 0.244215
v 0.049867 -0.348226 0.272495
v 0.039838 -0.335877 0.241096
v 0.062625 -0.347706 0.268099
v 0.052100 -0.336532 0.236599
v 0.081553 -0.348951 0.262001
v 0.072721 -0.338948 0.229226
v 0.118950 -0.358102 0.250115
v 0.110688 -0.344877 0.215932
v 0.156311 -0.365008 0.241958
v 0.126209 -0.363958 0.286169
v 0.160198 -0.371990 0.280867
v 0.177904 -0.377695 0.279020
v 0.161667 -0.371463 0.320769
v 0.177996 -0.378032 0.320958
v 0.191332 -0.383275 0.321803
v 0.176347 -0.370002 0.360759
v 0.187873 -0.376352 0.362858
v 0.195996 -0.385645 0.365490
v 0.183439 -0.363509 0.400357
v 0.190508 -0.371153 0.403949
v 0.191897 -0.381666 0.408441
v 0.182717 -0.351590 0.439112
v 0.183078 -0.360895 0.442935
v 0.182588 -0.370662 0.447478
v 0.191779 -0.392267 0.412845
v 0.180868 -0.380114 0.452063
v 0.189607 -0.402456 0.416832
v 0.173961 -0.388368 0.454453
v 0.183393 -0.409341 0.418257
v 0.163906 -0.394163 0.453883
v 0.172535 -0.413064 0.417317
v 0.153007 -0.399040 0.451612
v 0.160864 -0.415773 0.415580
v 0.143716 -0.386092 0.472380
v 0.138678 -0.375293 0.480894
v 0.125140 -0.380140 0.475584
v 0.110695 -0.388015 0.457901
v 0.136641 -0.365567 0.486604
v 0.118887 -0.371795 0.481365
v 0.103077 -0.379777 0.460638
v 0.082079 -0.398377 0.427320
v 0.091897 -0.403404 0.423444
v 0.114361 -0.360763 0.484225
v 0.097269 -0.371412 0.461328
v 0.077314 -0.389050 0.427017
v 0.061884 -0.401166 0.386016
v 0.066653 -0.410387 0.385331
v 0.095434 -0.361680 0.459073
v 0.075907 -0.377503 0.424364
v 0.061083 -0.388921 0.384774
v 0.075674 -0.366141 0.421535
v 0.061213 -0.376603 0.383055
v 0.048279 -0.379425 0.345274
v 0.063309 -0.364193 0.380610
v 0.050726 -0.367467 0.344631
v 0.069480 -0.354999 0.377254
v 0.057712 -0.358253 0.342014
v 0.080892 -0.352576 0.373214
v 0.069485 -0.355206 0.338303
v 0.059492 -0.354169 0.304720
v 0.082936 -0.354992 0.334280
v 0.072572 -0.353764 0.300650
v 0.100335 -0.357069 0.329609
v 0.090653 -0.355666 0.295274
v 0.131674 -0.365399 0.323978
v 0.110253 -0.353305 0.364394
v 0.136429 -0.360077 0.360238
v 0.161129 -0.364270 0.359066
v 0.140493 -0.350031 0.396617
v 0.159425 -0.354388 0.396206
v 0.172844 -0.357993 0.397709
v 0.178696 -0.344537 0.435927
v 0.120305 -0.345778 0.400162
v 0.094000 -0.352406 0.368975
v 0.105641 -0.343357 0.404751
v 0.093409 -0.342858 0.409157
v 0.083191 -0.346385 0.413783
v 0.099232 -0.335325 0.447582
v 0.078353 -0.355451 0.417803
v 0.095610 -0.342760 0.452010
v 0.111586 -0.331218 0.474037
v 0.114295 -0.325843 0.466104
v 0.131119 -0.327268 0.475893
v 0.130499 -0.321913 0.470029
v 0.111814 -0.340104 0.479014
v 0.132108 -0.336376 0.479380
v 0.113335 -0.349977 0.483079
v 0.133525 -0.346367 0.482684
v 0.135059 -0.355958 0.485725
v 0.152649 -0.353161 0.482087
v 0.167010 -0.351711 0.479110
v 0.178172 -0.356050 0.469697
v 0.094673 -0.351892 0.455759
v 0.150948 -0.232639 -0.043339
v 0.177633 -0.266618 -0.019039
v 0.170003 -0.264844 -0.049907
v 0.158531 -0.263623 -0.086111
v 0.194327 -0.293406 -0.058188
v 0.183938 -0.292349 -0.095098
v 0.177977 -0.291764 -0.115123
v 0.151154 -0.263134 -0.105762
v 0.174452 -0.291409 -0.126692
v 0.146776 -0.262709 -0.117007
v 0.171197 -0.290964 -0.137705
v 0.142750 -0.262120 -0.127626
v 0.166948 -0.293452 -0.145433
v 0.205826 -0.314512 -0.146653
v 0.202100 -0.318502 -0.153210
v 0.196075 -0.327345 -0.155009
v 0.239858 -0.337829 -0.160390
v 0.235559 -0.347347 -0.162804
v 0.231478 -0.357594 -0.161949
v 0.190429 -0.336744 -0.152953
v 0.227229 -0.368357 -0.159751
v 0.184671 -0.346145 -0.149828
v 0.223917 -0.377788 -0.155437
v 0.180735 -0.354106 -0.144499
v 0.224225 -0.383511 -0.144676
v 0.180382 -0.360183 -0.134497
v 0.225425 -0.389392 -0.131227
v 0.271380 -0.398609 -0.153536
v 0.272429 -0.404077 -0.140774
v 0.274637 -0.410668 -0.122982
v 0.227608 -0.396696 -0.112748
v 0.281221 -0.414758 -0.088552
v 0.234501 -0.401332 -0.078257
v 0.287986 -0.415083 -0.056289
v 0.240564 -0.401655 -0.045796
v 0.292578 -0.412291 -0.039512
v 0.245684 -0.395935 -0.027818
v 0.296698 -0.409657 -0.027513
v 0.250567 -0.391274 -0.014976
v 0.300465 -0.405813 -0.017207
v 0.255002 -0.387276 -0.004964
v 0.304085 -0.396945 -0.012742
v 0.259751 -0.379839 0.000361
v 0.219939 -0.354813 0.010993
v 0.264665 -0.370736 0.002230
v 0.226386 -0.346764 0.012321
v 0.192111 -0.317540 0.018858
v 0.232456 -0.338444 0.011105
v 0.199495 -0.310422 0.018954
v 0.238254 -0.329947 0.008637
v 0.206850 -0.302881 0.016220
v 0.241829 -0.322981 0.002685
v 0.211895 -0.296895 0.010792
v 0.185347 -0.267979 0.018093
v 0.209321 -0.296625 0.000589
v 0.184002 -0.267417 0.008216
v 0.206140 -0.296488 -0.010635
v 0.181312 -0.267169 -0.003543
v 0.202330 -0.295574 -0.026482
v 0.236087 -0.321084 -0.018664
v 0.232139 -0.318972 -0.035156
v 0.224898 -0.315026 -0.067689
v 0.265824 -0.336603 -0.044487
v 0.258140 -0.332523 -0.077435
v 0.251026 -0.330184 -0.113088
v 0.216066 -0.313103 -0.104502
v 0.247635 -0.329839 -0.130850
v 0.210651 -0.314502 -0.123679
v 0.245452 -0.330332 -0.142664
v 0.208071 -0.314426 -0.135648
v 0.243373 -0.331512 -0.153599
v 0.283945 -0.340003 -0.149025
v 0.282417 -0.341041 -0.160030
v 0.280001 -0.349356 -0.166739
v 0.323400 -0.346497 -0.164306
v 0.322652 -0.354937 -0.170341
v 0.321730 -0.366213 -0.173313
v 0.277550 -0.359839 -0.169409
v 0.320772 -0.377635 -0.174801
v 0.274856 -0.371294 -0.170717
v 0.320117 -0.390345 -0.173904
v 0.272466 -0.383067 -0.168425
v 0.319892 -0.402056 -0.171799
v 0.270682 -0.393528 -0.164626
v 0.320596 -0.406244 -0.161296
v 0.370048 -0.396258 -0.173066
v 0.370798 -0.402972 -0.164778
v 0.370756 -0.407048 -0.152783
v 0.321153 -0.410790 -0.149060
v 0.371235 -0.410970 -0.136967
v 0.322955 -0.416046 -0.131891
v 0.375408 -0.414104 -0.109696
v 0.328736 -0.420027 -0.099351
v 0.382849 -0.415448 -0.084245
v 0.336607 -0.421335 -0.069178
v 0.388048 -0.412503 -0.070374
v 0.341271 -0.418324 -0.053977
v 0.392792 -0.409603 -0.059736
v 0.345296 -0.415195 -0.043134
v 0.396360 -0.405581 -0.050458
v 0.348802 -0.411839 -0.033324
v 0.396876 -0.396723 -0.045663
v 0.351128 -0.403465 -0.028165
v 0.395604 -0.386105 -0.043464
v 0.352745 -0.393006 -0.025061
v 0.306922 -0.386839 -0.011202
v 0.352719 -0.381743 -0.025731
v 0.309754 -0.376132 -0.011062
v 0.269374 -0.360954 0.001623
v 0.311955 -0.365377 -0.013214
v 0.273186 -0.351287 -0.001173
v 0.312645 -0.356069 -0.018729
v 0.274784 -0.343375 -0.006969
v 0.310044 -0.352274 -0.028465
v 0.273564 -0.339095 -0.016612
v 0.239594 -0.321479 -0.007576
v 0.270425 -0.337448 -0.028429
v 0.306639 -0.349557 -0.039858
v 0.302275 -0.346896 -0.055000
v 0.343779 -0.354641 -0.052555
v 0.339347 -0.351526 -0.066651
v 0.331548 -0.348370 -0.096271
v 0.294400 -0.342670 -0.087078
v 0.326384 -0.345311 -0.125776
v 0.288065 -0.339677 -0.120845
v 0.324756 -0.345302 -0.140841
v 0.285550 -0.339918 -0.136770
v 0.324110 -0.345392 -0.153126
v 0.363333 -0.343721 -0.142360
v 0.362928 -0.344138 -0.153351
v 0.363415 -0.347030 -0.163408
v 0.399826 -0.332202 -0.151385
v 0.400802 -0.334483 -0.160905
v 0.403205 -0.341147 -0.166418
v 0.364086 -0.352893 -0.170758
v 0.406304 -0.350089 -0.168996
v 0.365573 -0.363025 -0.174343
v 0.409597 -0.359831 -0.171201
v 0.366964 -0.373171 -0.177266
v 0.412900 -0.369414 -0.172010
v 0.368578 -0.385444 -0.176172
v 0.415766 -0.379944 -0.171418
v 0.443963 -0.351287 -0.165495
v 0.447516 -0.358823 -0.163458
v 0.450402 -0.366051 -0.158284
v 0.416755 -0.387949 -0.163654
v 0.452218 -0.372400 -0.150827
v 0.417247 -0.393507 -0.152891
v 0.453223 -0.376273 -0.140728
v 0.416677 -0.396437 -0.139061
v 0.455984 -0.378598 -0.128066
v 0.419181 -0.398347 -0.119487
v 0.460664 -0.378516 -0.114499
v 0.425573 -0.398999 -0.101209
v 0.431640 -0.396484 -0.088401
v 0.436511 -0.392314 -0.078169
v 0.469050 -0.361418 -0.088621
v 0.439489 -0.386229 -0.070021
v 0.467967 -0.353385 -0.085377
v 0.438397 -0.377263 -0.065651
v 0.466323 -0.344951 -0.082685
v 0.436841 -0.367875 -0.062408
v 0.462930 -0.337082 -0.081003
v 0.433562 -0.358355 -0.060243
v 0.394139 -0.375460 -0.042182
v 0.428377 -0.350611 -0.063007
v 0.391878 -0.365275 -0.042772
v 0.352350 -0.370911 -0.027396
v 0.388513 -0.356220 -0.047080
v 0.350480 -0.362839 -0.033210
v 0.384092 -0.351662 -0.056379
v 0.347283 -0.357580 -0.042259
v 0.380286 -0.350606 -0.066457
v 0.419115 -0.341493 -0.073050
v 0.415105 -0.340995 -0.081909
v 0.410449 -0.340744 -0.093002
v 0.375862 -0.349573 -0.078893
v 0.405232 -0.339023 -0.111168
v 0.368686 -0.346716 -0.104069
v 0.400786 -0.334299 -0.128401
v 0.364309 -0.343249 -0.128698
v 0.399879 -0.332431 -0.140757
v 0.431574 -0.322793 -0.126429
v 0.430616 -0.321177 -0.136663
v 0.431288 -0.321248 -0.147083
v 0.444583 -0.313102 -0.135035
v 0.445384 -0.314887 -0.145148
v 0.447348 -0.316626 -0.153430
v 0.432510 -0.322287 -0.156195
v 0.450318 -0.321505 -0.158148
v 0.434730 -0.327938 -0.160892
v 0.453354 -0.328211 -0.159580
v 0.437527 -0.335684 -0.162991
v 0.456709 -0.334927 -0.160970
v 0.440776 -0.343325 -0.164807
v 0.460084 -0.341833 -0.162125
v 0.466077 -0.330379 -0.158837
v 0.469500 -0.336798 -0.160056
v 0.470697 -0.328944 -0.152818
v 0.473855 -0.335804 -0.152954
v 0.475865 -0.336527 -0.143570
v 0.479124 -0.344718 -0.143699
v 0.472484 -0.329070 -0.143750
v 0.474191 -0.328834 -0.133465
v 0.477697 -0.336843 -0.133006
v 0.467694 -0.322327 -0.152577
v 0.469248 -0.322138 -0.144152
v 0.470804 -0.321173 -0.134173
v 0.472862 -0.320364 -0.121675
v 0.476541 -0.329012 -0.119980
v 0.467097 -0.314000 -0.135378
v 0.469076 -0.311977 -0.122936
v 0.471624 -0.315990 -0.102728
v 0.476354 -0.323491 -0.102286
v 0.461314 -0.309072 -0.136470
v 0.462864 -0.306773 -0.124009
v 0.464115 -0.311429 -0.105066
v 0.452928 -0.323622 -0.083812
v 0.459201 -0.329958 -0.080771
v 0.455510 -0.308791 -0.124175
v 0.456786 -0.311419 -0.109166
v 0.446650 -0.321411 -0.090846
v 0.422977 -0.344035 -0.066920
v 0.446960 -0.313755 -0.124436
v 0.453236 -0.309155 -0.135870
v 0.479684 -0.331594 -0.102384
v 0.482658 -0.339529 -0.102248
v 0.479855 -0.337124 -0.119198
v 0.485112 -0.346955 -0.103202
v 0.482826 -0.344895 -0.119322
v 0.481077 -0.345499 -0.132781
v 0.483335 -0.355119 -0.132426
v 0.481187 -0.353764 -0.144603
v 0.472200 -0.363023 -0.143665
v 0.475215 -0.365292 -0.131474
v 0.462569 -0.324040 -0.157558
v 0.031849 -0.194607 -0.158817
v 0.051636 -0.228010 -0.173690
v 0.033065 -0.228725 -0.174941
v -0.002581 -0.232837 -0.171708
v 0.034238 -0.260377 -0.195592
v -0.001136 -0.264072 -0.192516
v -0.042273 -0.271632 -0.184532
v -0.000283 -0.292675 -0.216657
v -0.041083 -0.299298 -0.210694
v -0.065122 -0.305180 -0.205931
v -0.066670 -0.277268 -0.178546
v -0.077171 -0.308527 -0.203435
v -0.078852 -0.280368 -0.175386
v -0.088126 -0.311875 -0.201203
v -0.089762 -0.283258 -0.172463
v -0.096756 -0.316888 -0.197414
v -0.098496 -0.287158 -0.168342
v -0.098086 -0.324523 -0.190473
v -0.100487 -0.293752 -0.160314
v -0.098012 -0.332288 -0.183101
v -0.099385 -0.300172 -0.152086
v -0.094445 -0.339500 -0.175634
v -0.096527 -0.306244 -0.143919
v -0.087903 -0.344876 -0.169898
v -0.087987 -0.309703 -0.138598
v -0.077344 -0.347517 -0.167118
v -0.077435 -0.311836 -0.135292
v -0.065166 -0.349984 -0.164769
v -0.065289 -0.314525 -0.132131
v -0.048570 -0.353483 -0.162400
v -0.045644 -0.319806 -0.129134
v -0.017714 -0.355351 -0.162842
v -0.047227 -0.384780 -0.197977
v -0.016210 -0.385216 -0.198282
v 0.024757 -0.378224 -0.202138
v 0.021475 -0.351298 -0.166035
v 0.054275 -0.365560 -0.208296
v 0.050982 -0.339569 -0.172113
v 0.070184 -0.357103 -0.213810
v 0.068088 -0.327170 -0.180238
v 0.079834 -0.350718 -0.219280
v 0.077433 -0.319683 -0.186718
v 0.087258 -0.344562 -0.224968
v 0.085251 -0.313722 -0.193049
v 0.088816 -0.336368 -0.232441
v 0.089572 -0.306952 -0.200919
v 0.088816 -0.328291 -0.239751
v 0.090209 -0.299458 -0.209140
v 0.089245 -0.267727 -0.180584
v 0.087167 -0.292753 -0.216419
v 0.086958 -0.261901 -0.189300
v 0.086434 -0.229090 -0.165329
v 0.077323 -0.259630 -0.193295
v 0.077619 -0.226603 -0.171797
v 0.065390 -0.259885 -0.193998
v 0.065151 -0.227365 -0.172698
v 0.052741 -0.260155 -0.194703
v 0.065991 -0.289923 -0.219493
v 0.053464 -0.289954 -0.219441
v 0.034977 -0.290033 -0.219310
v 0.053049 -0.315660 -0.247823
v 0.034634 -0.315144 -0.247229
v -0.000222 -0.317896 -0.243911
v 0.032955 -0.337052 -0.277728
v -0.000998 -0.339294 -0.274249
v -0.038354 -0.344012 -0.271271
v -0.039548 -0.323921 -0.239341
v -0.059315 -0.349564 -0.269304
v -0.062610 -0.329400 -0.236313
v -0.072449 -0.353164 -0.268691
v -0.075187 -0.332877 -0.234556
v -0.083636 -0.356816 -0.267909
v -0.086015 -0.336420 -0.232907
v -0.091163 -0.364112 -0.264850
v -0.093826 -0.342682 -0.229397
v -0.093045 -0.373794 -0.259857
v -0.095646 -0.351229 -0.223538
v -0.092031 -0.383810 -0.254426
v -0.094880 -0.360128 -0.216943
v -0.090226 -0.393672 -0.248755
v -0.093044 -0.368849 -0.210307
v -0.084637 -0.401763 -0.243870
v -0.086559 -0.375972 -0.204604
v -0.073585 -0.404729 -0.241682
v -0.075770 -0.379349 -0.201809
v -0.060580 -0.406424 -0.240251
v -0.063087 -0.381635 -0.200068
v -0.044428 -0.408465 -0.238853
v -0.058116 -0.427326 -0.281682
v -0.042068 -0.428752 -0.280235
v -0.012006 -0.427058 -0.280422
v -0.013912 -0.408703 -0.238215
v 0.027403 -0.422544 -0.282451
v 0.027306 -0.401758 -0.240844
v 0.050193 -0.414480 -0.286852
v 0.054307 -0.392239 -0.245756
v 0.063162 -0.409589 -0.290683
v 0.068070 -0.384868 -0.250821
v 0.073817 -0.404674 -0.294668
v 0.078413 -0.379309 -0.255177
v 0.078497 -0.395931 -0.299623
v 0.084541 -0.372385 -0.260722
v 0.080139 -0.385807 -0.304785
v 0.086519 -0.363637 -0.267377
v 0.080670 -0.375544 -0.309838
v 0.086521 -0.354515 -0.273738
v 0.076055 -0.365904 -0.313513
v 0.082873 -0.345190 -0.279630
v 0.085797 -0.320248 -0.246440
v 0.074217 -0.340034 -0.281608
v 0.077264 -0.316634 -0.248715
v 0.077825 -0.289836 -0.219512
v 0.065491 -0.316191 -0.248298
v 0.062885 -0.338939 -0.280538
v 0.050496 -0.338045 -0.279219
v 0.057501 -0.356956 -0.314054
v 0.045621 -0.355558 -0.312411
v 0.029428 -0.354096 -0.310584
v 0.038548 -0.366626 -0.347314
v 0.023432 -0.365252 -0.345098
v -0.004739 -0.366942 -0.342047
v -0.002688 -0.355537 -0.307405
v -0.035232 -0.370254 -0.340560
v -0.037400 -0.358479 -0.305503
v -0.051869 -0.374666 -0.340622
v -0.055777 -0.363922 -0.304281
v -0.064254 -0.378335 -0.341214
v -0.068527 -0.367987 -0.303898
v -0.075180 -0.382283 -0.341848
v -0.079062 -0.372581 -0.303412
v -0.081125 -0.391548 -0.340554
v -0.086336 -0.380551 -0.301512
v -0.083381 -0.402524 -0.338267
v -0.088739 -0.391127 -0.297950
v -0.083051 -0.413755 -0.335571
v -0.089323 -0.402343 -0.293888
v -0.081710 -0.425111 -0.332716
v -0.086960 -0.412993 -0.289603
v -0.077506 -0.434650 -0.330040
v -0.081947 -0.421772 -0.285906
v -0.067111 -0.436956 -0.328434
v -0.071008 -0.425784 -0.283355
v -0.054654 -0.439200 -0.326617
v -0.062362 -0.441028 -0.375057
v -0.050389 -0.442611 -0.372941
v -0.035962 -0.443905 -0.370844
v -0.039281 -0.441056 -0.325119
v -0.011088 -0.441116 -0.369407
v -0.011531 -0.438245 -0.325058
v 0.018568 -0.437631 -0.371749
v 0.024237 -0.434567 -0.327133
v 0.035303 -0.434111 -0.375678
v 0.043477 -0.428728 -0.330705
v 0.046442 -0.430201 -0.379305
v 0.055422 -0.424310 -0.333928
v 0.055219 -0.426374 -0.382306
v 0.065741 -0.419918 -0.337418
v 0.059883 -0.417989 -0.384990
v 0.070643 -0.410938 -0.341157
v 0.061934 -0.407802 -0.387077
v 0.071343 -0.400255 -0.344602
v 0.060428 -0.397081 -0.388159
v 0.071564 -0.389389 -0.347928
v 0.057661 -0.386507 -0.388941
v 0.068755 -0.378863 -0.350552
v 0.050926 -0.378637 -0.388119
v 0.061556 -0.371052 -0.351364
v 0.068390 -0.358776 -0.315245
v 0.050305 -0.367941 -0.349519
v 0.041240 -0.374291 -0.386055
v 0.029725 -0.372825 -0.383420
v 0.028803 -0.375903 -0.424209
v 0.018775 -0.374299 -0.421026
v 0.006506 -0.375205 -0.417188
v 0.015870 -0.372072 -0.380560
v -0.010808 -0.376629 -0.413662
v -0.007379 -0.374310 -0.377648
v -0.029384 -0.378049 -0.412794
v -0.032754 -0.375908 -0.376463
v -0.042841 -0.379000 -0.413773
v -0.048180 -0.378803 -0.377034
v -0.053352 -0.382499 -0.415249
v -0.059677 -0.383253 -0.377909
v -0.062237 -0.386765 -0.416685
v -0.069466 -0.387879 -0.378831
v -0.067856 -0.393779 -0.418190
v -0.075105 -0.396657 -0.379271
v -0.069436 -0.403550 -0.419512
v -0.077208 -0.407308 -0.378996
v -0.069055 -0.413960 -0.420607
v -0.077261 -0.418163 -0.378452
v -0.067520 -0.423833 -0.421549
v -0.075581 -0.429499 -0.377765
v -0.065772 -0.433487 -0.422366
v -0.072239 -0.439433 -0.376954
v -0.055088 -0.437459 -0.419809
v -0.051935 -0.421396 -0.457201
v -0.043273 -0.426884 -0.454787
v -0.033036 -0.431937 -0.450907
v -0.043542 -0.439546 -0.416395
v -0.037401 -0.420084 -0.474825
v -0.026780 -0.426396 -0.471357
v -0.033626 -0.412832 -0.484105
v -0.023331 -0.421665 -0.483338
v -0.008654 -0.426702 -0.476392
v 0.007856 -0.427747 -0.456460
v -0.003505 -0.422235 -0.483995
v 0.015168 -0.423237 -0.461669
v 0.032963 -0.428857 -0.423958
v 0.024140 -0.433655 -0.419677
v -0.000819 -0.413410 -0.488387
v 0.022019 -0.418524 -0.466110
v 0.040386 -0.423910 -0.427346
v 0.025556 -0.411062 -0.468254
v 0.044634 -0.416060 -0.428941
v 0.026351 -0.402037 -0.467646
v 0.046889 -0.406629 -0.429798
v 0.026449 -0.393077 -0.466940
v 0.045458 -0.396708 -0.429284
v 0.025870 -0.384204 -0.466273
v 0.043005 -0.386947 -0.428633
v 0.020544 -0.376555 -0.462910
v 0.037702 -0.378618 -0.427054
v 0.012567 -0.373912 -0.458323
v -0.000392 -0.372734 -0.480115
v -0.006108 -0.371947 -0.472048
v -0.019622 -0.370450 -0.482326
v -0.020572 -0.370730 -0.474862
v -0.022395 -0.371763 -0.464263
v -0.031766 -0.371759 -0.476221
v -0.032741 -0.372589 -0.465105
v -0.035964 -0.374994 -0.446416
v -0.025379 -0.374201 -0.445398
v -0.045500 -0.377044 -0.448243
v -0.053853 -0.380290 -0.450393
v -0.057962 -0.386678 -0.452088
v -0.050396 -0.389901 -0.471948
v -0.057358 -0.395149 -0.452979
v -0.049376 -0.396548 -0.473044
v -0.055997 -0.403744 -0.454211
v -0.048012 -0.403937 -0.474520
v -0.054361 -0.412443 -0.455686
v -0.044834 -0.411827 -0.475862
v -0.042368 -0.397958 -0.483242
v -0.039474 -0.404620 -0.483868
v -0.035852 -0.393850 -0.485762
v -0.044154 -0.391982 -0.482882
v -0.036949 -0.388366 -0.485388
v -0.028526 -0.385450 -0.485937
v -0.027925 -0.391125 -0.486296
v -0.016463 -0.391384 -0.486859
v -0.016798 -0.383788 -0.486399
v 0.002185 -0.386773 -0.486814
v 0.001532 -0.395561 -0.487759
v -0.029753 -0.379411 -0.485331
v -0.017989 -0.376007 -0.485726
v 0.002470 -0.378382 -0.485006
v -0.031088 -0.374014 -0.483519
v -0.038033 -0.383009 -0.485080
v -0.045450 -0.386336 -0.482406
v 0.000435 -0.404092 -0.488198
v 0.129694 0.407550 -0.067173
v 0.139622 0.397920 -0.064087
v 0.134279 0.399843 -0.070366
v 0.140147 0.386648 -0.064672
v 0.132892 0.389134 -0.070807
v 0.137666 0.373500 -0.062747
v 0.145624 0.386059 -0.053316
v 0.141615 0.373823 -0.051173
v 0.131218 0.356075 -0.046651
v 0.142808 0.375873 -0.038187
v 0.132826 0.357692 -0.035367
v 0.117645 0.322838 -0.029018
v 0.134472 0.358749 -0.024439
v 0.120053 0.323657 -0.018465
v 0.113041 0.289148 -0.011563
v 0.121605 0.324723 -0.009276
v 0.114876 0.290549 -0.002442
v 0.120407 0.256728 0.005654
v 0.111954 0.292167 0.006153
v 0.116951 0.258303 0.015557
v 0.127492 0.222251 0.027635
v 0.110547 0.259909 0.026004
v 0.121298 0.223422 0.038949
v 0.127280 0.183366 0.048929
v 0.111181 0.226434 0.054411
v 0.116209 0.186098 0.065597
v 0.117168 0.144281 0.073936
v 0.093263 0.192667 0.089148
v 0.092248 0.149933 0.100618
v 0.091163 0.105566 0.107807
v 0.058219 0.156002 0.117873
v 0.056778 0.110471 0.125536
v 0.055433 0.064122 0.129129
v 0.015898 0.115431 0.131264
v 0.013883 0.068551 0.136392
v 0.011904 0.022516 0.138001
v -0.015743 0.071777 0.137421
v -0.017920 0.025228 0.139780
v -0.018552 -0.021078 0.141489
v -0.039348 0.026432 0.138995
v -0.040184 -0.020872 0.140280
v -0.038283 -0.069222 0.141415
v -0.058410 -0.021291 0.128800
v -0.058254 -0.073016 0.130690
v -0.077034 -0.070010 0.108496
v -0.080619 -0.113317 0.106716
v -0.102900 -0.112985 0.071474
v -0.106142 -0.151236 0.071620
v -0.087949 -0.150298 0.106265
v -0.114518 -0.189090 0.072757
v -0.098811 -0.189025 0.107386
v -0.090581 -0.189421 0.123501
v -0.116111 -0.224865 0.111758
v -0.108687 -0.226119 0.126994
v -0.104124 -0.226827 0.137868
v -0.132206 -0.258156 0.132738
v -0.128501 -0.258816 0.143199
v -0.124848 -0.259525 0.153530
v -0.099709 -0.227478 0.147974
v -0.118707 -0.263629 0.159420
v -0.092181 -0.230968 0.153374
v -0.110908 -0.270357 0.159865
v -0.083372 -0.236427 0.152194
v -0.103713 -0.277182 0.156428
v -0.075648 -0.241484 0.148082
v -0.053271 -0.200162 0.138073
v -0.071223 -0.245111 0.140395
v -0.051465 -0.202857 0.128795
v -0.069007 -0.247579 0.130216
v -0.097707 -0.283213 0.150624
v -0.095176 -0.286831 0.140935
v -0.093528 -0.290334 0.130660
v -0.066960 -0.250474 0.119840
v -0.091840 -0.295321 0.117654
v -0.064626 -0.255937 0.104826
v -0.090997 -0.305071 0.092919
v -0.063193 -0.266593 0.077469
v -0.100454 -0.312092 0.057019
v -0.070565 -0.274594 0.044095
v -0.108981 -0.314822 0.028214
v -0.077103 -0.277607 0.020247
v -0.051342 -0.237139 0.014373
v -0.085163 -0.275102 0.001917
v -0.055801 -0.236974 -0.001479
v -0.098732 -0.265515 -0.012304
v -0.067064 -0.230536 -0.012977
v -0.111438 -0.257250 -0.023788
v -0.080609 -0.221525 -0.023990
v -0.121809 -0.251977 -0.031836
v -0.095348 -0.213084 -0.033817
v -0.131818 -0.247846 -0.038816
v -0.150664 -0.288676 -0.026807
v -0.159917 -0.283092 -0.031183
v -0.169429 -0.276015 -0.031094
v -0.143104 -0.242644 -0.041868
v -0.177075 -0.268479 -0.025688
v -0.153188 -0.236359 -0.038181
v -0.179137 -0.263706 -0.015976
v -0.157208 -0.231758 -0.027259
v -0.175114 -0.262703 -0.003849
v -0.155034 -0.230068 -0.014292
v -0.170822 -0.261351 0.010296
v -0.150626 -0.229088 0.001124
v -0.136475 -0.192862 -0.006105
v -0.142724 -0.226577 0.032228
v -0.128206 -0.190981 0.027532
v -0.120488 -0.153287 0.024894
v -0.129317 -0.224657 0.076561
v -0.163082 -0.258415 0.038886
v -0.149840 -0.256573 0.082303
v -0.138107 -0.257347 0.116548
v -0.175397 -0.283916 0.089582
v -0.164966 -0.285193 0.122510
v -0.160405 -0.285199 0.139014
v -0.197009 -0.306442 0.129822
v -0.192986 -0.306937 0.146094
v -0.190482 -0.307149 0.157490
v -0.157709 -0.285093 0.149762
v -0.188007 -0.307655 0.167600
v -0.155122 -0.285247 0.159970
v -0.183613 -0.314062 0.172064
v -0.149125 -0.291274 0.165604
v -0.178387 -0.323297 0.172977
v -0.142445 -0.299438 0.166270
v -0.173170 -0.332366 0.172953
v -0.136254 -0.307582 0.164089
v -0.168782 -0.341151 0.168390
v -0.130568 -0.315079 0.159823
v -0.166341 -0.347835 0.160811
v -0.127628 -0.320484 0.151048
v -0.165182 -0.353721 0.151295
v -0.126357 -0.324945 0.140855
v -0.165805 -0.358242 0.138710
v -0.125110 -0.330453 0.128720
v -0.168105 -0.364886 0.119650
v -0.127267 -0.337740 0.106872
v -0.176762 -0.370493 0.084722
v -0.136067 -0.344191 0.070968
v -0.188007 -0.370960 0.048432
v -0.146251 -0.345414 0.037154
v -0.197723 -0.364515 0.026436
v -0.157571 -0.337928 0.014049
v -0.120022 -0.308339 0.007208
v -0.166903 -0.330973 -0.000245
v -0.132185 -0.298939 -0.009157
v -0.174761 -0.326017 -0.010111
v -0.141910 -0.293048 -0.019159
v -0.182715 -0.320826 -0.016704
v -0.211346 -0.354806 0.002965
v -0.218412 -0.347475 -0.002182
v -0.225040 -0.338469 -0.003701
v -0.190832 -0.313214 -0.018235
v -0.230962 -0.328798 -0.003150
v -0.198608 -0.304981 -0.017525
v -0.234923 -0.319363 0.001480
v -0.203990 -0.296944 -0.012029
v -0.234560 -0.313798 0.009902
v -0.204254 -0.292734 -0.003505
v -0.230462 -0.312442 0.021013
v -0.200426 -0.291251 0.007967
v -0.225971 -0.310800 0.033485
v -0.196148 -0.289540 0.021122
v -0.218543 -0.306593 0.057522
v -0.188548 -0.285788 0.047461
v -0.206174 -0.304869 0.097978
v -0.251165 -0.321627 0.068465
v -0.239329 -0.321296 0.106608
v -0.232117 -0.321367 0.137438
v -0.275943 -0.328879 0.114805
v -0.269356 -0.328326 0.144984
v -0.266768 -0.329303 0.159473
v -0.228676 -0.322419 0.153203
v -0.265010 -0.330190 0.170580
v -0.226466 -0.323213 0.164685
v -0.263073 -0.332254 0.181133
v -0.224495 -0.324116 0.174613
v -0.261235 -0.340524 0.186064
v -0.221440 -0.331087 0.179229
v -0.259358 -0.350960 0.187468
v -0.217449 -0.341186 0.180432
v -0.257422 -0.361481 0.188368
v -0.213618 -0.351089 0.180429
v -0.255866 -0.372032 0.186396
v -0.210322 -0.360960 0.177307
v -0.255137 -0.381355 0.181192
v -0.208171 -0.369730 0.171533
v -0.255977 -0.386493 0.171304
v -0.208745 -0.374030 0.161142
v -0.257809 -0.390639 0.159230
v -0.210165 -0.377929 0.148917
v -0.260792 -0.394141 0.143153
v -0.212803 -0.383709 0.131938
v -0.269238 -0.397343 0.111866
v -0.221798 -0.388451 0.098364
v -0.279436 -0.397221 0.077145
v -0.232982 -0.388107 0.062164
v -0.286136 -0.393942 0.058634
v -0.240524 -0.384251 0.041390
v -0.291164 -0.391577 0.046012
v -0.246348 -0.379981 0.028578
v -0.204958 -0.359199 0.012990
v -0.251665 -0.375709 0.018501
v -0.295804 -0.387785 0.035658
v -0.299281 -0.378911 0.030575
v -0.256875 -0.367608 0.013302
v -0.301712 -0.367943 0.028875
v -0.261612 -0.357376 0.012188
v -0.303441 -0.356798 0.028783
v -0.265725 -0.346750 0.012639
v -0.303870 -0.345746 0.031612
v -0.268266 -0.336178 0.016363
v -0.302254 -0.337730 0.038109
v -0.267580 -0.328635 0.024086
v -0.297981 -0.334334 0.048878
v -0.263152 -0.327116 0.034683
v -0.293367 -0.331717 0.060824
v -0.258507 -0.325608 0.046927
v -0.286672 -0.329204 0.079955
v -0.328986 -0.332164 0.075263
v -0.322866 -0.329529 0.091314
v -0.313769 -0.329594 0.122620
v -0.358415 -0.324087 0.103413
v -0.350704 -0.325036 0.129710
v -0.345362 -0.323150 0.154136
v -0.307626 -0.328886 0.150548
v -0.343601 -0.323962 0.167989
v -0.305612 -0.329814 0.164605
v -0.342951 -0.326069 0.179353
v -0.304207 -0.330944 0.175772
v -0.342414 -0.327630 0.189234
v -0.303283 -0.334491 0.185748
v -0.343748 -0.334572 0.194806
v -0.303019 -0.342005 0.191180
v -0.346189 -0.344166 0.197050
v -0.303353 -0.352065 0.193374
v -0.348840 -0.354194 0.198555
v -0.303843 -0.362672 0.194907
v -0.351793 -0.364209 0.197856
v -0.304618 -0.373409 0.192738
v -0.355134 -0.373807 0.195521
v -0.305678 -0.383134 0.189103
v -0.357115 -0.379828 0.186773
v -0.307193 -0.388638 0.179746
v -0.358499 -0.383402 0.175733
v -0.308922 -0.391612 0.167947
v -0.360456 -0.386366 0.161657
v -0.311485 -0.395135 0.153298
v -0.365050 -0.387680 0.135108
v -0.317786 -0.396935 0.124136
v -0.374064 -0.388751 0.107540
v -0.326612 -0.397424 0.092235
v -0.379805 -0.386289 0.092714
v -0.332673 -0.395950 0.075490
v -0.384274 -0.383075 0.081747
v -0.337492 -0.393436 0.063242
v -0.387886 -0.378742 0.071852
v -0.341601 -0.389221 0.053150
v -0.387114 -0.369220 0.067402
v -0.343324 -0.379939 0.048421
v -0.384735 -0.358832 0.065254
v -0.343562 -0.368906 0.047029
v -0.381532 -0.347984 0.064332
v -0.343114 -0.357640 0.046579
v -0.378014 -0.337947 0.065038
v -0.341606 -0.346210 0.048204
v -0.373197 -0.330095 0.070277
v -0.338522 -0.338125 0.053863
v -0.368333 -0.326321 0.078928
v -0.333737 -0.335285 0.064114
v -0.363798 -0.325103 0.089325
v -0.400325 -0.310952 0.092868
v -0.395655 -0.309752 0.102669
v -0.390690 -0.309516 0.115166
v -0.425153 -0.290407 0.116676
v -0.420515 -0.291954 0.127441
v -0.416075 -0.292674 0.141803
v -0.385289 -0.310094 0.136042
v -0.413931 -0.291953 0.156141
v -0.381149 -0.308842 0.155798
v -0.413576 -0.290334 0.167458
v -0.379955 -0.308269 0.168979
v -0.414542 -0.290026 0.177420
v -0.380455 -0.309783 0.180274
v -0.415692 -0.290295 0.186202
v -0.381054 -0.311493 0.189836
v -0.419218 -0.294514 0.191308
v -0.383585 -0.317459 0.196232
v -0.424067 -0.301436 0.193114
v -0.387440 -0.326135 0.198679
v -0.429001 -0.308501 0.194378
v -0.391445 -0.334956 0.200662
v -0.433939 -0.316784 0.194929
v -0.395519 -0.343864 0.200625
v -0.438726 -0.324963 0.194233
v -0.399589 -0.352658 0.198415
v -0.441472 -0.331252 0.188192
v -0.401910 -0.358681 0.190246
v -0.442645 -0.336400 0.178869
v -0.403506 -0.362577 0.179390
v -0.443275 -0.340680 0.167362
v -0.404712 -0.366005 0.166428
v -0.444771 -0.342590 0.153567
v -0.408495 -0.368680 0.145530
v -0.449537 -0.342182 0.139210
v -0.415576 -0.367706 0.122966
v -0.454431 -0.338317 0.127565
v -0.421432 -0.365606 0.109955
v -0.458108 -0.333891 0.117554
v -0.425174 -0.361634 0.099269
v -0.459399 -0.328630 0.109701
v -0.427282 -0.356549 0.090107
v -0.456022 -0.321360 0.104498
v -0.424952 -0.348498 0.086016
v -0.450704 -0.313791 0.102021
v -0.420364 -0.338816 0.083738
v -0.445602 -0.305673 0.099949
v -0.415780 -0.329646 0.082236
v -0.440855 -0.297578 0.097850
v -0.411248 -0.320302 0.080592
v -0.435460 -0.292534 0.100940
v -0.405603 -0.313650 0.084377
v -0.430320 -0.291332 0.108449
v -0.455949 -0.274115 0.118014
v -0.461819 -0.278822 0.115921
v -0.469259 -0.267981 0.130743
v -0.462938 -0.264601 0.131784
v -0.469178 -0.264319 0.143111
v -0.463699 -0.259986 0.142909
v -0.462814 -0.259843 0.153004
v -0.456071 -0.259684 0.152219
v -0.467865 -0.264315 0.153424
v -0.466946 -0.265880 0.163120
v -0.462497 -0.260910 0.162397
v -0.473315 -0.269722 0.144069
v -0.471142 -0.270229 0.153959
v -0.469721 -0.272727 0.163268
v -0.468430 -0.275631 0.172436
v -0.465379 -0.268130 0.172319
v -0.473440 -0.276103 0.153936
v -0.472484 -0.279501 0.162287
v -0.471541 -0.283149 0.171091
v -0.469110 -0.287179 0.181980
v -0.464337 -0.279161 0.183044
v -0.475512 -0.286011 0.159923
v -0.474940 -0.290262 0.168036
v -0.473480 -0.294654 0.177840
v -0.463196 -0.304026 0.187551
v -0.457477 -0.296387 0.189117
v -0.478835 -0.297715 0.163999
v -0.477519 -0.302146 0.173019
v -0.467532 -0.311525 0.182215
v -0.482304 -0.306528 0.159640
v -0.474708 -0.320419 0.151760
v -0.479403 -0.293407 0.155955
v -0.483923 -0.302743 0.150736
v -0.477086 -0.316653 0.142269
v -0.479168 -0.311708 0.133102
v -0.478993 -0.305534 0.125799
v -0.475281 -0.298225 0.120914
v -0.478455 -0.278675 0.132500
v -0.470825 -0.291933 0.118621
v -0.474779 -0.272964 0.131039
v -0.466195 -0.285479 0.116766
v -0.475538 -0.275090 0.144765
v -0.451763 -0.288586 0.188593
v -0.446560 -0.282316 0.187201
v -0.460267 -0.271860 0.182201
v -0.442142 -0.276390 0.185719
v -0.456776 -0.266263 0.180867
v -0.462120 -0.262367 0.171510
v -0.455860 -0.260285 0.161152
v -0.446672 -0.266368 0.158966
v -0.447621 -0.266211 0.150071
v -0.436307 -0.275801 0.146780
v -0.434866 -0.275369 0.157213
v -0.020148 -0.155157 0.070180
v -0.017707 -0.164867 0.076023
v 0.009794 -0.158031 -0.002653
v 0.146706 -0.196336 0.031466
v 0.048021 -0.185469 0.021973
v 0.026855 -0.173308 0.023353
v 0.134609 -0.196314 0.032526
v 0.058490 -0.234878 -0.003179
v 0.127204 -0.198544 0.031804
v 0.131244 -0.195309 0.032113
v 0.126218 -0.200761 0.031833
v 0.127302 -0.201076 0.032002
v 0.128211 -0.199107 0.031988
v 0.127390 -0.195588 0.031627
v 0.126044 -0.195498 0.031453
v 0.125416 -0.197914 0.031540
v 0.124350 -0.199235 0.031497
v 0.129095 -0.196586 0.031928
v 0.128594 -0.195670 0.031782
v 0.129284 -0.196780 0.031971
v 0.131027 -0.195925 0.032113
v 0.130310 -0.194557 0.031956
v 0.132647 -0.195648 0.032280
v 0.132870 -0.195936 0.032351
v 0.134316 -0.195328 0.032491
v 0.135089 -0.196511 0.032590
v 0.136629 -0.194632 0.032728
v 0.137579 -0.198186 0.033101
v 0.138493 -0.195215 0.032978
v 0.139709 -0.199618 0.033539
v 0.139470 -0.195521 0.033109
v 0.123148 -0.196585 0.031168
v 0.121835 -0.197507 0.031068
v 0.120801 -0.198233 0.030989
v 0.123144 -0.200092 0.031406
v 0.125035 -0.202021 0.031772
v 0.126458 -0.202906 0.032015
v 0.121845 -0.201016 0.031307
v 0.123784 -0.202959 0.031680
v 0.125595 -0.204775 0.032028
v 0.119782 -0.198949 0.030911
v 0.124553 -0.195599 0.031275
v 0.139155 -0.190975 0.033291
v 0.139802 -0.195237 0.033129
v 0.145352 -0.186730 0.033045
v 0.147292 -0.196484 0.032574
v 0.139389 -0.192519 0.033233
v 0.142000 -0.191651 0.033085
v 0.141034 -0.189688 0.033217
v 0.142401 -0.195669 0.032937
v 0.142500 -0.193629 0.032986
v 0.139605 -0.193937 0.033179
v 0.143084 -0.188284 0.033135
v 0.144106 -0.190460 0.032992
v 0.145975 -0.189863 0.032894
v 0.146622 -0.193114 0.032737
v 0.144806 -0.193304 0.032846
v 0.144798 -0.196068 0.032759
v -0.035489 -0.088613 0.140322
v -0.036619 -0.091084 0.141022
v -0.034325 -0.090555 0.141196
v -0.035360 -0.092734 0.141807
v -0.034280 -0.095343 0.142511
v -0.032144 -0.094872 0.142488
v -0.033163 -0.092493 0.142068
v -0.037690 -0.093425 0.141685
v -0.037215 -0.095525 0.142145
v -0.036598 -0.097388 0.142534
v -0.033538 -0.097725 0.142743
v -0.033617 -0.100141 0.142900
v -0.030955 -0.101351 0.142925
v -0.031150 -0.097566 0.142708
v -0.036053 -0.099035 0.142878
vt 0.725553 0.852408
vt 0.700193 0.856474
vt 0.707811 0.845775
vt 0.725260 0.838926
vt 0.150876 0.180763
vt 0.154404 0.178352
vt 0.159638 0.170715
vt 0.159638 0.182443
vt 0.004777 0.648537
vt 0.004005 0.644206
vt 0.010731 0.644201
vt 0.008404 0.650624
vt 0.045215 0.626510
vt 0.046371 0.630902
vt 0.040963 0.631967
vt 0.040987 0.624925
vt 0.043943 0.618424
vt 0.048632 0.623210
vt 0.050815 0.628118
vt 0.061817 0.634791
vt 0.068116 0.636354
vt 0.065956 0.641832
vt 0.059622 0.637995
vt 0.056431 0.633565
vt 0.061252 0.631120
vt 0.068416 0.630774
vt 0.015440 0.597404
vt 0.018248 0.597114
vt 0.016149 0.600931
vt 0.012925 0.599841
vt 0.452483 0.016579
vt 0.450087 0.023007
vt 0.446873 0.021396
vt 0.450012 0.014982
vt 0.566665 0.311674
vt 0.563144 0.311628
vt 0.562744 0.305730
vt 0.567227 0.305802
vt 0.699832 0.037004
vt 0.702700 0.038670
vt 0.702744 0.044204
vt 0.694561 0.043043
vt 0.083620 0.017104
vt 0.076550 0.013405
vt 0.080367 0.002708
vt 0.083620 0.001823
vt 0.025178 0.077947
vt 0.027079 0.074357
vt 0.032308 0.072063
vt 0.032308 0.087421
vt 0.548727 0.154344
vt 0.535220 0.161012
vt 0.532245 0.137292
vt 0.544333 0.137140
vt 0.553694 0.143813
vt 0.564324 0.150260
vt 0.558421 0.168485
vt 0.749263 0.028123
vt 0.752975 0.037651
vt 0.739209 0.040361
vt 0.735093 0.033607
vt 0.753951 0.025303
vt 0.764278 0.018742
vt 0.763934 0.025433
vt 0.765429 0.034815
vt 0.775973 0.754921
vt 0.760583 0.757986
vt 0.764318 0.747237
vt 0.778656 0.750192
vt 0.770217 0.768464
vt 0.757478 0.770153
vt 0.236546 0.870580
vt 0.239735 0.868801
vt 0.242956 0.873119
vt 0.238275 0.874831
vt 0.014652 0.029729
vt 0.019005 0.029774
vt 0.018613 0.033459
vt 0.014652 0.034208
vt 0.234543 0.875851
vt 0.233626 0.870564
vt 0.011621 0.384466
vt 0.010791 0.380384
vt 0.016723 0.381113
vt 0.016101 0.386302
vt 0.291194 0.057212
vt 0.293012 0.064719
vt 0.288219 0.065337
vt 0.287608 0.057371
vt 0.295564 0.055034
vt 0.298848 0.063528
vt 0.568594 0.201213
vt 0.565795 0.193775
vt 0.574524 0.184708
vt 0.575301 0.197162
vt 0.043928 0.355252
vt 0.037364 0.359268
vt 0.041883 0.340581
vt 0.049191 0.340930
vt 0.046311 0.398583
vt 0.038674 0.398916
vt 0.040251 0.390934
vt 0.050133 0.392522
vt 0.275731 0.153776
vt 0.274948 0.146968
vt 0.282432 0.147197
vt 0.280603 0.155809
vt 0.269087 0.155734
vt 0.266014 0.147507
vt 0.289726 0.011013
vt 0.294818 0.009503
vt 0.294698 0.020074
vt 0.288681 0.019737
vt 0.314261 0.013451
vt 0.315424 0.005607
vt 0.321418 0.020237
vt 0.315714 0.021312
vt 0.307849 0.011230
vt 0.306185 0.000638
vt 0.307696 0.020863
vt 0.427645 0.954712
vt 0.435529 0.955341
vt 0.434760 0.969902
vt 0.430248 0.970199
vt 0.447333 0.958211
vt 0.446886 0.966093
vt 0.440011 0.968478
vt 0.440838 0.956787
vt 0.456999 0.952180
vt 0.460828 0.961023
vt 0.451963 0.944315
vt 0.451088 0.980869
vt 0.447033 0.985954
vt 0.441921 0.979237
vt 0.448353 0.975147
vt 0.462289 0.980298
vt 0.461382 0.988442
vt 0.462630 0.970940
vt 0.906382 0.506299
vt 0.897610 0.499385
vt 0.905408 0.484422
vt 0.913660 0.496277
vt 0.910544 0.524424
vt 0.894552 0.524258
vt 0.924462 0.520683
vt 0.160684 0.551251
vt 0.157237 0.557198
vt 0.152511 0.554194
vt 0.158075 0.548097
vt 0.164394 0.549906
vt 0.162068 0.558632
vt 0.162382 0.544860
vt 0.185835 0.926497
vt 0.190468 0.924864
vt 0.191365 0.931502
vt 0.186114 0.931419
vt 0.178858 0.922523
vt 0.182466 0.917370
vt 0.176413 0.928473
vt 0.187141 0.953753
vt 0.191342 0.955746
vt 0.180690 0.960611
vt 0.178596 0.955552
vt 0.176562 0.949445
vt 0.187004 0.949069
vt 0.193714 0.950197
vt 0.023748 0.054805
vt 0.017310 0.050312
vt 0.017710 0.039954
vt 0.026343 0.047835
vt 0.851419 0.862323
vt 0.860479 0.868246
vt 0.856844 0.881749
vt 0.845655 0.871745
vt 0.834553 0.848957
vt 0.849372 0.845095
vt 0.863606 0.845414
vt 0.901533 0.359051
vt 0.907209 0.365627
vt 0.898646 0.375700
vt 0.894165 0.364134
vt 0.109346 0.668844
vt 0.110597 0.672846
vt 0.106072 0.673602
vt 0.105741 0.668272
vt 0.114016 0.664644
vt 0.116866 0.668659
vt 0.110456 0.661755
vt 0.507073 0.556122
vt 0.504244 0.559380
vt 0.501022 0.554613
vt 0.505750 0.552239
vt 0.512967 0.558778
vt 0.511476 0.564709
vt 0.513538 0.553503
vt 0.019005 0.004914
vt 0.019005 0.013303
vt 0.015152 0.011327
vt 0.017193 0.001051
vt 0.011411 0.802630
vt 0.018993 0.799132
vt 0.024707 0.810302
vt 0.015254 0.810790
vt 0.010515 0.797265
vt 0.009784 0.791659
vt 0.304144 0.815506
vt 0.306550 0.808586
vt 0.310959 0.810619
vt 0.309030 0.819402
vt 0.321864 0.701245
vt 0.311084 0.727874
vt 0.305925 0.718155
vt 0.306319 0.698551
vt 0.307152 0.685643
vt 0.315353 0.684413
vt 0.317895 0.812660
vt 0.316322 0.824024
vt 0.303123 0.689064
vt 0.303073 0.689301
vt 0.767635 0.736145
vt 0.783980 0.739174
vt 0.770802 0.726611
vt 0.789697 0.730082
vt 0.309568 0.110342
vt 0.321209 0.111092
vt 0.322921 0.120440
vt 0.314691 0.121730
vt 0.023232 0.874209
vt 0.017982 0.863800
vt 0.027216 0.861535
vt 0.029549 0.870958
vt 0.298481 0.762385
vt 0.298166 0.751606
vt 0.306631 0.755700
vt 0.308127 0.767058
vt 0.323683 0.144079
vt 0.324256 0.130829
vt 0.333248 0.128884
vt 0.332912 0.137205
vt 0.316502 0.145587
vt 0.316779 0.132968
vt 0.030384 0.062585
vt 0.034208 0.062475
vt 0.034208 0.068416
vt 0.029822 0.066824
vt 0.118048 0.102758
vt 0.131188 0.096228
vt 0.136833 0.119396
vt 0.124478 0.121629
vt 0.349265 0.107403
vt 0.362055 0.074345
vt 0.372489 0.076401
vt 0.362249 0.110226
vt 0.787710 0.700256
vt 0.794389 0.698921
vt 0.792543 0.718022
vt 0.774348 0.715710
vt 0.343497 0.102539
vt 0.344312 0.070409
vt 0.738595 0.712761
vt 0.736070 0.706107
vt 0.344403 0.729062
vt 0.355708 0.724950
vt 0.363498 0.739621
vt 0.352634 0.743077
vt 0.798081 0.163313
vt 0.805308 0.165839
vt 0.803460 0.175678
vt 0.791133 0.173784
vt 0.812507 0.165646
vt 0.813957 0.175841
vt 0.636652 0.627145
vt 0.629481 0.627966
vt 0.622495 0.618220
vt 0.627488 0.614515
vt 0.860161 0.153181
vt 0.862806 0.164695
vt 0.855306 0.165083
vt 0.853076 0.156442
vt 0.170577 0.124675
vt 0.182444 0.115652
vt 0.182444 0.136833
vt 0.172747 0.136331
vt 0.144434 0.085304
vt 0.136142 0.078207
vt 0.136029 0.069337
vt 0.138371 0.070440
vt 0.152320 0.412663
vt 0.163070 0.410193
vt 0.166890 0.435694
vt 0.157436 0.436141
vt 0.152036 0.063731
vt 0.152036 0.085520
vt 0.145431 0.082306
vt 0.141999 0.065009
vt 0.149952 0.437107
vt 0.160275 0.464508
vt 0.152522 0.465141
vt 0.554167 0.331254
vt 0.575763 0.312342
vt 0.580068 0.317123
vt 0.558899 0.337859
vt 0.545679 0.352534
vt 0.539550 0.347878
vt 0.584022 0.323286
vt 0.563124 0.342547
vt 0.855705 0.184717
vt 0.849371 0.183878
vt 0.847712 0.168043
vt 0.845232 0.160736
vt 0.841812 0.184711
vt 0.839736 0.171258
vt 0.837096 0.164462
vt 0.612733 0.631438
vt 0.608850 0.626872
vt 0.616081 0.622810
vt 0.620999 0.629515
vt 0.830923 0.173514
vt 0.826657 0.166555
vt 0.826227 0.161747
vt 0.817057 0.163312
vt 0.819085 0.160760
vt 0.822207 0.174485
vt 0.833755 0.185552
vt 0.825470 0.186110
vt 0.816396 0.186664
vt 0.826510 0.209098
vt 0.818293 0.208285
vt 0.803764 0.208123
vt 0.802666 0.186470
vt 0.783607 0.210323
vt 0.786116 0.186021
vt 0.093306 0.609981
vt 0.070495 0.611946
vt 0.065326 0.591227
vt 0.090365 0.592526
vt 0.104147 0.596304
vt 0.106203 0.611946
vt 0.775830 0.171974
vt 0.780605 0.163495
vt 0.089684 0.579988
vt 0.104478 0.584583
vt 0.113115 0.587439
vt 0.112707 0.600071
vt 0.008528 0.161890
vt 0.001566 0.161261
vt 0.002538 0.148971
vt 0.006767 0.151366
vt 0.104924 0.574935
vt 0.113899 0.578034
vt 0.009502 0.169489
vt 0.001566 0.171041
vt 0.300011 0.744342
vt 0.307679 0.747460
vt 0.341908 0.134640
vt 0.344591 0.127568
vt 0.357285 0.125416
vt 0.352885 0.133912
vt 0.105300 0.564265
vt 0.114027 0.568333
vt 0.089834 0.569574
vt 0.091786 0.559979
vt 0.314781 0.758050
vt 0.329050 0.760990
vt 0.330061 0.773030
vt 0.317244 0.770053
vt 0.330970 0.788481
vt 0.319951 0.785339
vt 0.311312 0.782877
vt 0.303390 0.780500
vt 0.319760 0.801012
vt 0.312614 0.798845
vt 0.306202 0.797163
vt 0.330827 0.803545
vt 0.332068 0.814849
vt 0.356076 0.804104
vt 0.357794 0.813709
vt 0.326076 0.665816
vt 0.348748 0.647939
vt 0.355027 0.654747
vt 0.331219 0.672966
vt 0.333759 0.824797
vt 0.360126 0.660704
vt 0.339103 0.681604
vt 0.294063 0.440260
vt 0.289520 0.469502
vt 0.279405 0.468295
vt 0.282302 0.440125
vt 0.283787 0.412515
vt 0.296505 0.414245
vt 0.282663 0.382592
vt 0.293298 0.386177
vt 0.268722 0.439741
vt 0.269751 0.411753
vt 0.269115 0.381549
vt 0.266991 0.347280
vt 0.279271 0.346864
vt 0.243188 0.411066
vt 0.242043 0.381110
vt 0.240153 0.347925
vt 0.238261 0.313077
vt 0.264065 0.312149
vt 0.207636 0.379762
vt 0.206891 0.346794
vt 0.205834 0.312345
vt 0.204934 0.277489
vt 0.236672 0.278058
vt 0.176948 0.344271
vt 0.177196 0.310147
vt 0.177402 0.275852
vt 0.177697 0.241549
vt 0.203902 0.242570
vt 0.159882 0.308666
vt 0.160814 0.274495
vt 0.162297 0.240569
vt 0.166628 0.205894
vt 0.180231 0.207443
vt 0.033525 0.160741
vt 0.034208 0.188825
vt 0.020414 0.187436
vt 0.020881 0.159306
vt 0.152370 0.240069
vt 0.157624 0.205108
vt 0.165986 0.173252
vt 0.173825 0.173330
vt 0.144990 0.202324
vt 0.150864 0.237320
vt 0.138116 0.239308
vt 0.132984 0.205050
vt 0.125760 0.172933
vt 0.136331 0.169923
vt 0.114792 0.141739
vt 0.123791 0.138569
vt 0.114820 0.208848
vt 0.109858 0.176456
vt 0.101574 0.145558
vt 0.088008 0.118894
vt 0.097949 0.114255
vt 0.083232 0.180689
vt 0.078471 0.150240
vt 0.071891 0.123326
vt 0.061477 0.097399
vt 0.071983 0.093918
vt 0.056542 0.153813
vt 0.055733 0.125431
vt 0.051747 0.099730
vt 0.042624 0.074039
vt 0.050134 0.071481
vt 0.044536 0.127695
vt 0.044441 0.101630
vt 0.209114 0.550696
vt 0.209986 0.558978
vt 0.185168 0.565752
vt 0.184310 0.558877
vt 0.158703 0.572766
vt 0.157651 0.566002
vt 0.210944 0.567628
vt 0.186338 0.572877
vt 0.159849 0.579247
vt 0.144042 0.583457
vt 0.142641 0.577958
vt 0.187385 0.579538
vt 0.161337 0.585832
vt 0.145701 0.589477
vt 0.136011 0.591429
vt 0.134738 0.586138
vt 0.162906 0.592200
vt 0.147579 0.595792
vt 0.446684 0.513556
vt 0.453316 0.512608
vt 0.453630 0.522737
vt 0.447983 0.523840
vt 0.454774 0.531626
vt 0.450569 0.532920
vt 0.460732 0.512293
vt 0.460122 0.521911
vt 0.460100 0.530249
vt 0.001920 0.634122
vt 0.008484 0.634525
vt 0.010167 0.640040
vt 0.002738 0.639693
vt 0.468463 0.520577
vt 0.468105 0.528747
vt 0.000892 0.625787
vt 0.006877 0.626576
vt 0.013790 0.627801
vt 0.014563 0.635803
vt 0.001322 0.615068
vt 0.007276 0.616663
vt 0.014404 0.618365
vt 0.021351 0.619910
vt 0.020390 0.629280
vt 0.010047 0.609870
vt 0.016530 0.611807
vt 0.023284 0.612631
vt 0.029989 0.613345
vt 0.028097 0.621216
vt 0.018881 0.606214
vt 0.025263 0.606357
vt 0.032087 0.606555
vt 0.026407 0.600305
vt 0.034215 0.600091
vt 0.043262 0.602144
vt 0.039942 0.608367
vt 0.037127 0.614903
vt 0.034899 0.622860
vt 0.047573 0.612952
vt 0.051910 0.607415
vt 0.057979 0.614661
vt 0.053008 0.619056
vt 0.061155 0.621343
vt 0.055294 0.624924
vt 0.061881 0.626932
vt 0.055750 0.629670
vt 0.052079 0.632565
vt 0.053658 0.636831
vt 0.050047 0.641214
vt 0.047888 0.635709
vt 0.044065 0.645350
vt 0.042145 0.638692
vt 0.036066 0.647624
vt 0.034768 0.640238
vt 0.034145 0.631820
vt 0.027080 0.639549
vt 0.027124 0.630755
vt 0.020358 0.637692
vt 0.027094 0.646864
vt 0.020012 0.644251
vt 0.015056 0.641771
vt 0.019308 0.650915
vt 0.014521 0.647012
vt 0.018245 0.658509
vt 0.012557 0.654262
vt 0.014889 0.018772
vt 0.020856 0.017508
vt 0.023990 0.024590
vt 0.017274 0.026335
vt 0.012124 0.028119
vt 0.010542 0.020041
vt 0.133822 0.580844
vt 0.132853 0.575081
vt 0.141658 0.571531
vt 0.007472 0.029726
vt 0.007104 0.022413
vt 0.132088 0.567535
vt 0.141047 0.563147
vt 0.021725 0.034870
vt 0.029688 0.032802
vt 0.037863 0.046749
vt 0.030198 0.049515
vt 0.038912 0.028665
vt 0.046439 0.043164
vt 0.058271 0.068291
vt 0.054958 0.039547
vt 0.066099 0.065007
vt 0.080378 0.090296
vt 0.072492 0.062246
vt 0.086625 0.087437
vt 0.105741 0.110016
vt 0.091151 0.085685
vt 0.112263 0.107620
vt 0.130941 0.136509
vt 0.183411 0.142453
vt 0.196846 0.114571
vt 0.205132 0.116207
vt 0.193384 0.143249
vt 0.185193 0.174140
vt 0.143824 0.167927
vt 0.210536 0.144313
vt 0.206103 0.174834
vt 0.204308 0.208548
vt 0.235264 0.175266
vt 0.235402 0.208939
vt 0.235595 0.243116
vt 0.257921 0.208766
vt 0.259598 0.242849
vt 0.261756 0.277382
vt 0.271340 0.242353
vt 0.273331 0.276710
vt 0.275699 0.311397
vt 0.282799 0.276207
vt 0.285130 0.310743
vt 0.288855 0.347511
vt 0.108756 0.060044
vt 0.111952 0.028907
vt 0.121159 0.030902
vt 0.118200 0.063935
vt 0.107767 0.094470
vt 0.131842 0.034347
vt 0.128761 0.064066
vt 0.288612 0.323890
vt 0.288361 0.288913
vt 0.303529 0.290314
vt 0.303741 0.323049
vt 0.305567 0.356094
vt 0.291881 0.361107
vt 0.329677 0.323731
vt 0.329940 0.354087
vt 0.332972 0.381234
vt 0.311304 0.383198
vt 0.298750 0.385657
vt 0.337439 0.406568
vt 0.318238 0.408547
vt 0.307418 0.409780
vt 0.324438 0.433798
vt 0.314293 0.435237
vt 0.305414 0.436673
vt 0.298319 0.411209
vt 0.013303 0.258462
vt 0.003777 0.256229
vt 0.000972 0.233721
vt 0.013303 0.236499
vt 0.425566 0.601327
vt 0.401938 0.597901
vt 0.405001 0.590392
vt 0.430453 0.594810
vt 0.684166 0.330347
vt 0.678649 0.326591
vt 0.685671 0.307096
vt 0.691765 0.309612
vt 0.665777 0.350762
vt 0.659909 0.346042
vt 0.673459 0.321489
vt 0.682813 0.304635
vt 0.029512 0.775879
vt 0.057963 0.777413
vt 0.055789 0.783135
vt 0.026409 0.782664
vt 0.002100 0.775879
vt 0.010458 0.776864
vt 0.054538 0.790082
vt 0.028563 0.789841
vt 0.053737 0.797849
vt 0.031423 0.797508
vt 0.053578 0.808848
vt 0.035477 0.809567
vt 0.054862 0.825012
vt 0.037405 0.825831
vt 0.027391 0.826098
vt 0.018106 0.826482
vt 0.037197 0.839929
vt 0.027027 0.840201
vt 0.019153 0.842041
vt 0.036983 0.851650
vt 0.026312 0.851636
vt 0.017009 0.853594
vt 0.037939 0.862313
vt 0.056414 0.853500
vt 0.056417 0.865052
vt 0.013303 0.215591
vt 0.013303 0.230958
vt 0.000603 0.231855
vt 0.001686 0.218326
vt 0.001319 0.210336
vt 0.012271 0.206783
vt 0.766341 0.051040
vt 0.776578 0.051123
vt 0.778310 0.080823
vt 0.766954 0.078700
vt 0.754301 0.076733
vt 0.754725 0.051547
vt 0.740031 0.074874
vt 0.741174 0.053024
vt 0.727008 0.075045
vt 0.727779 0.054785
vt 0.725979 0.042196
vt 0.723438 0.035720
vt 0.717438 0.056132
vt 0.716075 0.043333
vt 0.714493 0.036886
vt 0.709075 0.044312
vt 0.707935 0.038357
vt 0.767588 0.788273
vt 0.766264 0.794589
vt 0.755131 0.795495
vt 0.755494 0.788039
vt 0.756425 0.780029
vt 0.768327 0.779613
vt 0.734250 0.789406
vt 0.736744 0.781879
vt 0.738443 0.773216
vt 0.705217 0.784404
vt 0.706540 0.776855
vt 0.706985 0.767890
vt 0.739939 0.762406
vt 0.705350 0.756048
vt 0.740126 0.748662
vt 0.701979 0.740323
vt 0.739276 0.735799
vt 0.699312 0.725956
vt 0.738335 0.724501
vt 0.699005 0.714047
vt 0.661588 0.732981
vt 0.659927 0.717940
vt 0.660697 0.706066
vt 0.705472 0.704785
vt 0.206857 0.721078
vt 0.162516 0.727421
vt 0.162834 0.716768
vt 0.214905 0.710286
vt 0.285068 0.692206
vt 0.236456 0.712803
vt 0.162201 0.704236
vt 0.201931 0.702698
vt 0.240935 0.696657
vt 0.053213 0.216652
vt 0.040858 0.216221
vt 0.036602 0.203112
vt 0.053213 0.188088
vt 0.199746 0.692112
vt 0.225954 0.687262
vt 0.011403 0.008511
vt 0.003712 0.023600
vt 0.001576 0.030407
vt 0.001576 0.002586
vt 0.725547 0.829433
vt 0.710189 0.823597
vt 0.706195 0.804914
vt 0.728553 0.807963
vt 0.729774 0.824256
vt 0.668522 0.850167
vt 0.673790 0.838958
vt 0.672905 0.830163
vt 0.631922 0.843993
vt 0.631683 0.833851
vt 0.629537 0.817978
vt 0.667402 0.810600
vt 0.625078 0.795138
vt 0.661157 0.789072
vt 0.329216 0.000497
vt 0.353735 0.002776
vt 0.354134 0.036349
vt 0.333634 0.038168
vt 0.330481 0.061506
vt 0.372489 0.006675
vt 0.369028 0.038171
vt 0.400578 0.672220
vt 0.438540 0.663712
vt 0.440486 0.678510
vt 0.403522 0.683328
vt 0.365446 0.693150
vt 0.361907 0.683921
vt 0.440491 0.695166
vt 0.406367 0.696837
vt 0.370426 0.703992
vt 0.343412 0.711393
vt 0.329752 0.702760
vt 0.408908 0.711673
vt 0.376337 0.718206
vt 0.412156 0.722487
vt 0.382845 0.731521
vt 0.415734 0.730407
vt 0.388679 0.740143
vt 0.573718 0.610280
vt 0.579476 0.602356
vt 0.597320 0.617298
vt 0.588869 0.625720
vt 0.596244 0.634751
vt 0.583958 0.595425
vt 0.603663 0.611374
vt 0.588111 0.588678
vt 0.607741 0.605552
vt 0.148235 0.101077
vt 0.148235 0.123499
vt 0.140970 0.125430
vt 0.141081 0.102698
vt 0.610408 0.600026
vt 0.140958 0.441195
vt 0.136788 0.465978
vt 0.128057 0.466347
vt 0.132348 0.441940
vt 0.139522 0.417293
vt 0.146414 0.418404
vt 0.118765 0.466729
vt 0.122705 0.442538
vt 0.128626 0.418842
vt 0.136341 0.396337
vt 0.150672 0.394630
vt 0.108845 0.442929
vt 0.114023 0.419478
vt 0.118376 0.396382
vt 0.121352 0.370742
vt 0.142261 0.370913
vt 0.085495 0.420109
vt 0.088358 0.396222
vt 0.090200 0.370545
vt 0.090872 0.341488
vt 0.121891 0.339704
vt 0.056849 0.393769
vt 0.059343 0.367878
vt 0.061190 0.339868
vt 0.062433 0.310194
vt 0.090484 0.310845
vt 0.415309 0.527204
vt 0.441784 0.533045
vt 0.435660 0.557802
vt 0.409772 0.552843
vt 0.382895 0.548628
vt 0.387230 0.521920
vt 0.355334 0.545659
vt 0.358321 0.518345
vt 0.407788 0.566642
vt 0.381451 0.563627
vt 0.354178 0.561378
vt 0.326326 0.559858
vt 0.327203 0.544185
vt 0.380772 0.574011
vt 0.353551 0.571664
vt 0.325772 0.569888
vt 0.298996 0.570009
vt 0.299395 0.559989
vt 0.353579 0.580164
vt 0.326034 0.578330
vt 0.299553 0.578036
vt 0.273609 0.579015
vt 0.273376 0.570781
vt 0.427184 0.340767
vt 0.425353 0.310851
vt 0.434135 0.310560
vt 0.435381 0.340082
vt 0.439260 0.369546
vt 0.430814 0.370627
vt 0.446474 0.397414
vt 0.438184 0.399129
vt 0.446565 0.339128
vt 0.449932 0.367772
vt 0.456773 0.394988
vt 0.463970 0.422002
vt 0.454404 0.423595
vt 0.468236 0.365444
vt 0.472005 0.392924
vt 0.475565 0.421130
vt 0.476434 0.448229
vt 0.467436 0.448574
vt 0.490894 0.392875
vt 0.487254 0.421627
vt 0.484097 0.448554
vt 0.484059 0.472796
vt 0.476839 0.472927
vt 0.496491 0.422878
vt 0.490183 0.449378
vt 0.489754 0.473967
vt 0.553287 0.257455
vt 0.555190 0.282256
vt 0.547975 0.281904
vt 0.546883 0.257087
vt 0.550452 0.236283
vt 0.558052 0.235572
vt 0.560337 0.257092
vt 0.561844 0.281987
vt 0.562565 0.297481
vt 0.556297 0.297256
vt 0.567472 0.256569
vt 0.568145 0.281617
vt 0.568078 0.297722
vt 0.573937 0.280566
vt 0.573681 0.297610
vt 0.571401 0.305728
vt 0.443168 0.030778
vt 0.434349 0.045722
vt 0.428182 0.043447
vt 0.437850 0.028645
vt 0.442865 0.019485
vt 0.446388 0.013425
vt 0.431449 0.026193
vt 0.437209 0.017221
vt 0.441443 0.011228
vt 0.027865 0.594735
vt 0.020556 0.601143
vt 0.022325 0.596012
vt 0.429309 0.014310
vt 0.433076 0.008287
vt 0.036620 0.595522
vt 0.419460 0.010651
vt 0.423425 0.004942
vt 0.046571 0.597294
vt 0.767426 0.303515
vt 0.767783 0.310848
vt 0.756523 0.311827
vt 0.757025 0.304727
vt 0.056337 0.603388
vt 0.746020 0.311519
vt 0.746831 0.304154
vt 0.063350 0.610999
vt 0.736444 0.310075
vt 0.738091 0.302720
vt 0.067476 0.618732
vt 0.730150 0.307220
vt 0.731979 0.299965
vt 0.068269 0.625477
vt 0.724914 0.304296
vt 0.727435 0.297130
vt 0.241946 0.010839
vt 0.248083 0.012303
vt 0.247559 0.022338
vt 0.240595 0.020767
vt 0.234344 0.018931
vt 0.236173 0.010135
vt 0.237232 0.002649
vt 0.242698 0.003784
vt 0.228131 0.018753
vt 0.230440 0.009758
vt 0.231379 0.003331
vt 0.222122 0.019905
vt 0.223905 0.010376
vt 0.225087 0.003442
vt 0.062346 0.647458
vt 0.057379 0.642088
vt 0.216683 0.012430
vt 0.218743 0.006142
vt 0.057243 0.652686
vt 0.053288 0.647166
vt 0.049565 0.658419
vt 0.046562 0.652226
vt 0.039034 0.661358
vt 0.037416 0.654977
vt 0.027687 0.661358
vt 0.027072 0.654105
vt 0.030067 0.014117
vt 0.040557 0.008912
vt 0.044282 0.015365
vt 0.034420 0.020626
vt 0.048442 0.024064
vt 0.053787 0.010431
vt 0.057112 0.019522
vt 0.062793 0.036066
vt 0.206447 0.040400
vt 0.207181 0.023320
vt 0.214886 0.021455
vt 0.213173 0.038999
vt 0.212340 0.066927
vt 0.206888 0.067805
vt 0.220051 0.038464
vt 0.218842 0.066344
vt 0.215272 0.093624
vt 0.208050 0.093154
vt 0.076951 0.059990
vt 0.225413 0.065658
vt 0.223437 0.093081
vt 0.216603 0.117581
vt 0.685141 0.401658
vt 0.703051 0.374004
vt 0.708261 0.378078
vt 0.695622 0.409758
vt 0.233727 0.118198
vt 0.235087 0.144626
vt 0.246682 0.117124
vt 0.253000 0.144231
vt 0.256419 0.175183
vt 0.262966 0.143305
vt 0.266972 0.174934
vt 0.269243 0.208260
vt 0.275228 0.174731
vt 0.277969 0.207927
vt 0.280286 0.241775
vt 0.711401 0.545190
vt 0.709487 0.515516
vt 0.718749 0.515470
vt 0.720684 0.544665
vt 0.724845 0.573054
vt 0.715578 0.573937
vt 0.731868 0.543082
vt 0.735957 0.570854
vt 0.126353 0.002796
vt 0.136833 0.006862
vt 0.117241 0.000694
vt 0.749973 0.540267
vt 0.753873 0.566941
vt 0.290501 0.255405
vt 0.305473 0.257560
vt 0.309139 0.224677
vt 0.333266 0.228747
vt 0.330447 0.260481
vt 0.329522 0.292319
vt 0.360193 0.262894
vt 0.359879 0.293281
vt 0.361160 0.323594
vt 0.390672 0.293402
vt 0.392028 0.322844
vt 0.393671 0.351849
vt 0.363154 0.352549
vt 0.395669 0.379226
vt 0.366181 0.379389
vt 0.398613 0.402097
vt 0.370036 0.403734
vt 0.401005 0.423383
vt 0.373902 0.427053
vt 0.342352 0.431236
vt 0.378086 0.451185
vt 0.347188 0.456247
vt 0.329513 0.459409
vt 0.352106 0.480690
vt 0.334210 0.484515
vt 0.324749 0.486589
vt 0.319666 0.461120
vt 0.316299 0.488492
vt 0.310807 0.462768
vt 0.376147 0.593323
vt 0.349685 0.589268
vt 0.350920 0.581436
vt 0.378374 0.585523
vt 0.652793 0.376182
vt 0.641056 0.402368
vt 0.634558 0.400195
vt 0.646038 0.373014
vt 0.627517 0.397205
vt 0.639579 0.369106
vt 0.654949 0.341062
vt 0.088224 0.784753
vt 0.119758 0.786227
vt 0.119325 0.792114
vt 0.087076 0.791677
vt 0.118648 0.799906
vt 0.085936 0.799906
vt 0.118191 0.808041
vt 0.084831 0.808509
vt 0.118375 0.818421
vt 0.085510 0.821748
vt 0.120587 0.835959
vt 0.087380 0.839907
vt 0.055955 0.840696
vt 0.087956 0.854810
vt 0.122072 0.853930
vt 0.120469 0.870685
vt 0.086475 0.868858
vt 0.155167 0.850278
vt 0.153103 0.871057
vt 0.779186 0.114782
vt 0.776193 0.148071
vt 0.759527 0.144721
vt 0.765142 0.112195
vt 0.742385 0.140889
vt 0.749734 0.109448
vt 0.730817 0.139092
vt 0.735225 0.107389
vt 0.721592 0.138726
vt 0.724622 0.107220
vt 0.713237 0.138803
vt 0.715645 0.108074
vt 0.716942 0.076603
vt 0.707270 0.109282
vt 0.708072 0.078541
vt 0.708848 0.057566
vt 0.699817 0.080965
vt 0.700333 0.057801
vt 0.629846 0.001206
vt 0.640749 0.020996
vt 0.634814 0.027194
vt 0.622462 0.005376
vt 0.693128 0.059524
vt 0.434437 0.421486
vt 0.435928 0.443918
vt 0.427044 0.444598
vt 0.426202 0.420750
vt 0.564619 0.132022
vt 0.571738 0.133342
vt 0.417326 0.445713
vt 0.415295 0.421685
vt 0.414429 0.402067
vt 0.426726 0.403239
vt 0.413056 0.380655
vt 0.424998 0.384545
vt 0.410617 0.352161
vt 0.422003 0.353190
vt 0.551888 0.199356
vt 0.548333 0.230007
vt 0.539737 0.229111
vt 0.543802 0.196052
vt 0.408551 0.322511
vt 0.419494 0.322325
vt 0.406858 0.293211
vt 0.417380 0.292992
vt 0.545005 0.259142
vt 0.543993 0.287873
vt 0.535161 0.287152
vt 0.536849 0.258515
vt 0.406406 0.264358
vt 0.416724 0.264280
vt 0.406587 0.235866
vt 0.416988 0.236265
vt 0.390771 0.264253
vt 0.391378 0.235244
vt 0.392591 0.205590
vt 0.407287 0.206504
vt 0.362147 0.232717
vt 0.365599 0.202250
vt 0.369875 0.171698
vt 0.394001 0.175865
vt 0.338579 0.197132
vt 0.346172 0.166290
vt 0.356501 0.136773
vt 0.374616 0.141537
vt 0.315703 0.192510
vt 0.325559 0.161369
vt 0.767783 0.477122
vt 0.745294 0.482104
vt 0.746469 0.450652
vt 0.763645 0.446920
vt 0.748612 0.417652
vt 0.759578 0.414944
vt 0.728898 0.483626
vt 0.731525 0.451686
vt 0.737261 0.418382
vt 0.742189 0.386437
vt 0.750237 0.386194
vt 0.721960 0.451294
vt 0.728431 0.417419
vt 0.734458 0.386227
vt 0.739701 0.359396
vt 0.747149 0.359677
vt 0.720004 0.416099
vt 0.727785 0.385148
vt 0.732696 0.358517
vt 0.735349 0.334414
vt 0.743329 0.335363
vt 0.254323 0.067911
vt 0.255473 0.093777
vt 0.249087 0.093849
vt 0.247285 0.067294
vt 0.247291 0.040090
vt 0.255216 0.041050
vt 0.255526 0.023591
vt 0.239691 0.066705
vt 0.239470 0.039059
vt 0.232484 0.065805
vt 0.232253 0.038065
vt 0.226296 0.038067
vt 0.241198 0.093867
vt 0.232223 0.093165
vt 0.715518 0.381403
vt 0.722023 0.383693
vt 0.712469 0.414724
vt 0.705295 0.413335
vt 0.714029 0.450574
vt 0.706524 0.449132
vt 0.698557 0.446835
vt 0.718803 0.484167
vt 0.710287 0.484118
vt 0.702429 0.482619
vt 0.729303 0.514269
vt 0.746792 0.511898
vt 0.735833 0.319386
vt 0.744989 0.320686
vt 0.255233 0.013526
vt 0.755302 0.321010
vt 0.751934 0.335547
vt 0.398977 0.031332
vt 0.405027 0.015183
vt 0.413634 0.019408
vt 0.405566 0.034692
vt 0.760449 0.335694
vt 0.754494 0.359775
vt 0.393938 0.059624
vt 0.413458 0.037875
vt 0.400688 0.062416
vt 0.386608 0.086299
vt 0.380063 0.084142
vt 0.407726 0.065109
vt 0.394439 0.089484
vt 0.382362 0.114162
vt 0.370783 0.109602
vt 0.757152 0.384915
vt 0.404455 0.092809
vt 0.396460 0.118288
vt 0.394634 0.145952
vt 0.410684 0.120893
vt 0.409524 0.148009
vt 0.408515 0.177264
vt 0.420697 0.149899
vt 0.419056 0.178143
vt 0.417869 0.207188
vt 0.538873 0.344743
vt 0.534322 0.373503
vt 0.525117 0.371087
vt 0.530290 0.343101
vt 0.533235 0.314706
vt 0.542192 0.315841
vt 0.517870 0.340790
vt 0.520797 0.313220
vt 0.522680 0.285834
vt 0.497939 0.311070
vt 0.500267 0.283513
vt 0.503300 0.254734
vt 0.524872 0.257228
vt 0.507003 0.224940
vt 0.527855 0.227613
vt 0.511455 0.193829
vt 0.531847 0.194865
vt 0.515004 0.162100
vt 0.480019 0.191753
vt 0.484176 0.161229
vt 0.487823 0.131172
vt 0.515781 0.134839
vt 0.488370 0.102289
vt 0.515113 0.106780
vt 0.530231 0.109333
vt 0.516599 0.080060
vt 0.531390 0.081813
vt 0.540533 0.083005
vt 0.540581 0.111652
vt 0.549110 0.084121
vt 0.549985 0.112792
vt 0.549124 0.133371
vt 0.719502 0.338306
vt 0.698299 0.361844
vt 0.695569 0.358265
vt 0.714810 0.332554
vt 0.728771 0.315204
vt 0.733575 0.318220
vt 0.690687 0.352807
vt 0.709672 0.328208
vt 0.733020 0.796778
vt 0.679271 0.384901
vt 0.673263 0.381287
vt 0.667055 0.377586
vt 0.685730 0.347776
vt 0.703328 0.790923
vt 0.661172 0.411633
vt 0.653911 0.409192
vt 0.646696 0.406296
vt 0.661039 0.374069
vt 0.669969 0.787150
vt 0.669996 0.781388
vt 0.634892 0.785558
vt 0.633666 0.778447
vt 0.669580 0.773357
vt 0.632148 0.770009
vt 0.668422 0.763793
vt 0.629663 0.758840
vt 0.665223 0.749160
vt 0.625826 0.742959
vt 0.594737 0.766521
vt 0.591709 0.752126
vt 0.656815 0.880533
vt 0.689726 0.877514
vt 0.687420 0.900476
vt 0.655713 0.901292
vt 0.623940 0.724214
vt 0.684687 0.921355
vt 0.654075 0.918663
vt 0.624464 0.709325
vt 0.683446 0.936242
vt 0.654006 0.933303
vt 0.125795 0.727874
vt 0.126339 0.714868
vt 0.093155 0.709903
vt 0.094403 0.698194
vt 0.127917 0.701827
vt 0.095054 0.689281
vt 0.128746 0.691310
vt 0.162872 0.692147
vt 0.129005 0.682877
vt 0.162724 0.682745
vt 0.197259 0.680949
vt 0.215694 0.676102
vt 0.161840 0.674906
vt 0.194546 0.671209
vt 0.212317 0.664000
vt 0.292899 0.720512
vt 0.267466 0.741636
vt 0.262781 0.736453
vt 0.287265 0.717795
vt 0.191248 0.665477
vt 0.212819 0.659369
vt 0.257669 0.730771
vt 0.281131 0.714291
vt 0.295651 0.699824
vt 0.302116 0.700801
vt 0.105484 0.019005
vt 0.105484 0.008402
vt 0.111409 0.003880
vt 0.111898 0.017592
vt 0.275024 0.709756
vt 0.291250 0.697090
vt 0.297449 0.690046
vt 0.299629 0.690180
vt 0.299094 0.686232
vt 0.302172 0.686078
vt 0.287200 0.693717
vt 0.295988 0.687303
vt 0.296907 0.686341
vt 0.272476 0.706580
vt 0.439581 0.091383
vt 0.445845 0.073681
vt 0.454978 0.073825
vt 0.449316 0.093749
vt 0.441357 0.115881
vt 0.438619 0.100266
vt 0.467510 0.075181
vt 0.464031 0.097324
vt 0.459988 0.125254
vt 0.456223 0.161156
vt 0.441880 0.159417
vt 0.440599 0.192888
vt 0.431162 0.193803
vt 0.432978 0.161992
vt 0.433871 0.131742
vt 0.453089 0.191857
vt 0.451000 0.221720
vt 0.438681 0.222190
vt 0.476205 0.222170
vt 0.472673 0.252014
vt 0.448903 0.251103
vt 0.446991 0.280762
vt 0.435267 0.280729
vt 0.437090 0.250972
vt 0.469599 0.281359
vt 0.467459 0.309862
vt 0.446046 0.310131
vt 0.466675 0.337858
vt 0.495793 0.338147
vt 0.493664 0.365134
vt 0.513140 0.367936
vt 0.505225 0.394903
vt 0.515566 0.397620
vt 0.503758 0.424206
vt 0.495960 0.450690
vt 0.524781 0.401013
vt 0.511451 0.426512
vt 0.502178 0.452427
vt 0.566530 0.234807
vt 0.422002 0.096673
vt 0.421416 0.123312
vt 0.414491 0.094902
vt 0.422832 0.070214
vt 0.428755 0.071892
vt 0.573937 0.255098
vt 0.415438 0.067802
vt 0.421168 0.040786
vt 0.423290 0.023121
vt 0.426137 0.280708
vt 0.427903 0.250936
vt 0.429481 0.222480
vt 0.407110 0.585356
vt 0.380932 0.582926
vt 0.406787 0.576529
vt 0.431981 0.580786
vt 0.432617 0.589724
vt 0.433237 0.570944
vt 0.458261 0.575455
vt 0.457676 0.585507
vt 0.423417 0.194048
vt 0.424781 0.164774
vt 0.483432 0.579441
vt 0.485055 0.589833
vt 0.424926 0.133084
vt 0.460529 0.563138
vt 0.484639 0.567481
vt 0.021778 0.417498
vt 0.032615 0.417321
vt 0.029980 0.442084
vt 0.018970 0.441803
vt 0.504247 0.582013
vt 0.503724 0.595538
vt 0.027747 0.465476
vt 0.016368 0.464437
vt 0.522395 0.582039
vt 0.521464 0.595792
vt 0.541629 0.578129
vt 0.541349 0.589198
vt 0.671810 0.322417
vt 0.651177 0.342458
vt 0.646022 0.332721
vt 0.664570 0.312418
vt 0.632054 0.365791
vt 0.625415 0.359275
vt 0.618837 0.352773
vt 0.642777 0.325798
vt 0.695519 0.866607
vt 0.721423 0.862492
vt 0.607505 0.388055
vt 0.599512 0.383139
vt 0.665986 0.859986
vt 0.630475 0.862176
vt 0.631089 0.853810
vt 0.593287 0.379410
vt 0.584073 0.415925
vt 0.576177 0.412702
vt 0.593788 0.856088
vt 0.593930 0.846783
vt 0.557193 0.858549
vt 0.556540 0.849597
vt 0.556442 0.839805
vt 0.593894 0.836624
vt 0.556058 0.827936
vt 0.593000 0.823129
vt 0.555181 0.807939
vt 0.590245 0.801448
vt 0.504986 0.636236
vt 0.539010 0.639183
vt 0.539016 0.664949
vt 0.506942 0.660933
vt 0.473887 0.660348
vt 0.470621 0.639318
vt 0.434437 0.648390
vt 0.505809 0.681996
vt 0.473704 0.679221
vt 0.504376 0.696110
vt 0.472265 0.695547
vt 0.503408 0.706888
vt 0.472041 0.707169
vt 0.440979 0.708576
vt 0.472456 0.715764
vt 0.442315 0.717859
vt 0.538029 0.559365
vt 0.527007 0.531237
vt 0.534114 0.528513
vt 0.544473 0.555450
vt 0.444105 0.725415
vt 0.541031 0.525917
vt 0.550828 0.551482
vt 0.564927 0.574872
vt 0.559726 0.580313
vt 0.557493 0.547462
vt 0.570212 0.569489
vt 0.140677 0.491675
vt 0.138462 0.515948
vt 0.130944 0.515454
vt 0.133700 0.491242
vt 0.143281 0.465346
vt 0.122502 0.515221
vt 0.125032 0.491273
vt 0.113676 0.515434
vt 0.116077 0.491397
vt 0.098310 0.515733
vt 0.101185 0.491629
vt 0.104509 0.467150
vt 0.073786 0.491600
vt 0.077565 0.467247
vt 0.081736 0.443500
vt 0.046365 0.466460
vt 0.049807 0.442924
vt 0.053615 0.418776
vt 0.489024 0.545183
vt 0.466116 0.539229
vt 0.042992 0.491197
vt 0.025485 0.490557
vt 0.039138 0.516571
vt 0.022418 0.516779
vt 0.012549 0.516849
vt 0.014785 0.489830
vt 0.019613 0.542336
vt 0.009758 0.543521
vt 0.001155 0.545282
vt 0.003736 0.517521
vt 0.006407 0.489622
vt 0.008545 0.568757
vt 0.000362 0.571782
vt 0.615107 0.392867
vt 0.600899 0.422354
vt 0.592661 0.419236
vt 0.592137 0.453787
vt 0.583539 0.452398
vt 0.574604 0.450385
vt 0.580756 0.486301
vt 0.571651 0.486125
vt 0.563071 0.485694
vt 0.566496 0.448484
vt 0.575001 0.521276
vt 0.566611 0.522183
vt 0.521847 0.862318
vt 0.489976 0.866607
vt 0.487981 0.858283
vt 0.520470 0.853438
vt 0.862528 0.660086
vt 0.859846 0.624652
vt 0.869158 0.624930
vt 0.872191 0.660073
vt 0.520596 0.843947
vt 0.880352 0.624668
vt 0.883682 0.659625
vt 0.520735 0.832871
vt 0.898544 0.623220
vt 0.904124 0.656755
vt 0.911623 0.687073
vt 0.889468 0.691765
vt 0.926685 0.618966
vt 0.933119 0.649531
vt 0.940880 0.677797
vt 0.946587 0.614351
vt 0.953910 0.642752
vt 0.961509 0.669182
vt 0.537057 0.685853
vt 0.565872 0.693150
vt 0.563745 0.704731
vt 0.535305 0.698577
vt 0.562037 0.713940
vt 0.533773 0.708640
vt 0.559051 0.722012
vt 0.531632 0.716872
vt 0.502480 0.715392
vt 0.519340 0.502113
vt 0.516394 0.472316
vt 0.524492 0.472334
vt 0.527165 0.500745
vt 0.532578 0.472509
vt 0.534802 0.499383
vt 0.540528 0.472890
vt 0.541757 0.498326
vt 0.547447 0.523709
vt 0.136344 0.539341
vt 0.133429 0.560576
vt 0.126577 0.558677
vt 0.128818 0.537966
vt 0.118014 0.557677
vt 0.120167 0.537477
vt 0.108782 0.557651
vt 0.111137 0.537588
vt 0.092821 0.558123
vt 0.095383 0.538031
vt 0.064323 0.560545
vt 0.066731 0.539268
vt 0.070085 0.515959
vt 0.036001 0.540910
vt 0.034231 0.563543
vt 0.018512 0.566314
vt 0.634392 0.884398
vt 0.633976 0.900669
vt 0.609867 0.900568
vt 0.608927 0.885593
vt 0.608493 0.874700
vt 0.635143 0.873864
vt 0.581863 0.889514
vt 0.580300 0.879197
vt 0.580463 0.871180
vt 0.609860 0.866386
vt 0.636652 0.864865
vt 0.551348 0.886386
vt 0.550177 0.878974
vt 0.589891 0.486024
vt 0.592921 0.517660
vt 0.583909 0.519848
vt 0.601903 0.548019
vt 0.593370 0.551635
vt 0.585000 0.554529
vt 0.607853 0.578954
vt 0.600261 0.583483
vt 0.592923 0.586824
vt 0.576861 0.556494
vt 0.280141 0.032553
vt 0.276421 0.065765
vt 0.268664 0.065133
vt 0.272674 0.031968
vt 0.281004 0.000704
vt 0.288869 0.001203
vt 0.859846 0.587573
vt 0.861776 0.551274
vt 0.870608 0.552348
vt 0.868797 0.588114
vt 0.880246 0.553607
vt 0.879311 0.588552
vt 0.894846 0.554647
vt 0.895918 0.588511
vt 0.916561 0.553761
vt 0.921665 0.586327
vt 0.932836 0.550914
vt 0.939611 0.583059
vt 0.942448 0.548025
vt 0.949794 0.580033
vt 0.957534 0.610452
vt 0.964774 0.638103
vt 0.958129 0.577375
vt 0.965430 0.606845
vt 0.589673 0.714591
vt 0.587478 0.723495
vt 0.610996 0.736015
vt 0.606021 0.743077
vt 0.583872 0.731130
vt 0.525275 0.414329
vt 0.538082 0.386763
vt 0.546007 0.390750
vt 0.533532 0.417002
vt 0.526218 0.444125
vt 0.517866 0.442924
vt 0.542067 0.419959
vt 0.534814 0.445557
vt 0.549950 0.422899
vt 0.542977 0.447179
vt 0.555969 0.425313
vt 0.548365 0.448663
vt 0.592390 0.996452
vt 0.590511 0.991370
vt 0.613953 0.991998
vt 0.615622 0.998195
vt 0.634733 0.993508
vt 0.636652 0.999638
vt 0.589783 0.983048
vt 0.613051 0.983778
vt 0.633871 0.985316
vt 0.589507 0.973678
vt 0.612991 0.974541
vt 0.633859 0.976122
vt 0.588854 0.959591
vt 0.612788 0.958866
vt 0.633916 0.960114
vt 0.587586 0.930844
vt 0.612255 0.929862
vt 0.634486 0.931148
vt 0.583791 0.903346
vt 0.561774 0.933988
vt 0.556939 0.909236
vt 0.553838 0.896347
vt 0.529883 0.918025
vt 0.525784 0.906411
vt 0.521972 0.897111
vt 0.499433 0.918293
vt 0.495259 0.910327
vt 0.491641 0.904308
vt 0.519474 0.890355
vt 0.471050 0.924165
vt 0.467023 0.919305
vt 0.615250 0.574091
vt 0.632274 0.595597
vt 0.626031 0.600951
vt 0.651989 0.613481
vt 0.646379 0.617965
vt 0.640539 0.622867
vt 0.619615 0.605997
vt 0.283727 0.099569
vt 0.286238 0.129353
vt 0.279420 0.129369
vt 0.276415 0.099073
vt 0.284139 0.067496
vt 0.271568 0.129490
vt 0.269781 0.098923
vt 0.867882 0.518735
vt 0.876171 0.491188
vt 0.883150 0.492523
vt 0.875488 0.520128
vt 0.890717 0.494982
vt 0.883686 0.521996
vt 0.888956 0.476810
vt 0.898269 0.479191
vt 0.105478 0.056311
vt 0.106425 0.065750
vt 0.098635 0.069598
vt 0.095870 0.059364
vt 0.094736 0.048728
vt 0.104813 0.047273
vt 0.097053 0.031987
vt 0.106425 0.033006
vt 0.088426 0.062705
vt 0.086589 0.049473
vt 0.088964 0.030746
vt 0.097810 0.001770
vt 0.104957 0.004486
vt 0.077926 0.050607
vt 0.081776 0.029713
vt 0.090582 0.001129
vt 0.579156 0.337895
vt 0.556008 0.360646
vt 0.550848 0.357062
vt 0.574249 0.333680
vt 0.604275 0.320421
vt 0.609266 0.325501
vt 0.585208 0.343790
vt 0.563042 0.365846
vt 0.591276 0.349545
vt 0.570115 0.371215
vt 0.554140 0.394931
vt 0.577322 0.376751
vt 0.561705 0.399169
vt 0.582896 0.381068
vt 0.567658 0.402924
vt 0.541533 0.993331
vt 0.514953 0.994614
vt 0.514740 0.986484
vt 0.540996 0.985133
vt 0.565938 0.983697
vt 0.566673 0.991900
vt 0.540303 0.975354
vt 0.565366 0.974178
vt 0.539097 0.962498
vt 0.564456 0.960729
vt 0.535153 0.939365
vt 0.513276 0.964959
vt 0.509612 0.945796
vt 0.504274 0.928693
vt 0.484073 0.953382
vt 0.479678 0.940228
vt 0.475374 0.931266
vt 0.448089 0.938610
vt 0.655951 0.609224
vt 0.671810 0.618596
vt 0.669979 0.627481
vt 0.636371 0.590406
vt 0.486691 0.968106
vt 0.514278 0.976872
vt 0.487259 0.979194
vt 0.487376 0.988367
vt 0.486919 0.995697
vt 0.076018 0.041209
vt 0.067738 0.041810
vt 0.066881 0.016849
vt 0.074172 0.017266
vt 0.622437 0.341144
vt 0.602167 0.360032
vt 0.597098 0.355155
vt 0.618700 0.336411
vt 0.635462 0.324783
vt 0.636652 0.331036
vt 0.070761 0.000730
vt 0.076018 0.003676
vt 0.443724 0.990888
vt 0.439207 0.993825
vt 0.432982 0.982010
vt 0.436953 0.981758
vt 0.326210 0.031914
vt 0.321657 0.032741
vt 0.326878 0.019206
vt 0.320800 0.046177
vt 0.313934 0.047316
vt 0.314766 0.033117
vt 0.306390 0.047460
vt 0.307249 0.033214
vt 0.298632 0.047511
vt 0.300033 0.033165
vt 0.300970 0.020225
vt 0.293085 0.032724
vt 0.301154 0.009703
vt 0.285197 0.157738
vt 0.288869 0.148412
vt 0.298414 0.000638
vt 0.654570 0.633801
vt 0.661714 0.630727
vt 0.082267 0.063645
vt 0.627070 0.312442
vt 0.620942 0.307781
vt 0.631615 0.318613
vt 0.614121 0.331073
vt 0.950293 0.545541
vt 0.933463 0.517143
vt 0.940720 0.514150
vt 0.531546 0.383560
vt 0.921399 0.490595
vt 0.092676 0.072217
vt 0.264346 0.129262
vt 0.490342 0.077564
vt 0.469648 0.052533
vt 0.492279 0.054816
vt 0.519327 0.056878
vt 0.459720 0.850610
vt 0.459362 0.877690
vt 0.437340 0.876538
vt 0.436804 0.849206
vt 0.436733 0.834308
vt 0.460659 0.835657
vt 0.534231 0.057872
vt 0.436748 0.825684
vt 0.461322 0.827071
vt 0.542785 0.058544
vt 0.436711 0.817499
vt 0.461902 0.818992
vt 0.550836 0.059313
vt 0.437603 0.811255
vt 0.463711 0.812180
vt 0.557569 0.058495
vt 0.554852 0.083442
vt 0.408363 0.818255
vt 0.408937 0.812880
vt 0.668244 0.413713
vt 0.661785 0.444360
vt 0.654360 0.443252
vt 0.659793 0.474987
vt 0.652422 0.475267
vt 0.644524 0.475369
vt 0.646544 0.441928
vt 0.636195 0.475293
vt 0.638661 0.440362
vt 0.628931 0.475109
vt 0.632156 0.439210
vt 0.601448 0.791273
vt 0.599209 0.785106
vt 0.566644 0.792775
vt 0.564690 0.784379
vt 0.597219 0.776998
vt 0.562644 0.774350
vt 0.725483 0.865743
vt 0.727343 0.857033
vt 0.762100 0.860583
vt 0.760267 0.868838
vt 0.758153 0.880618
vt 0.723240 0.877909
vt 0.560060 0.760862
vt 0.755095 0.904783
vt 0.720411 0.902134
vt 0.752418 0.927902
vt 0.717214 0.925222
vt 0.751572 0.940457
vt 0.716276 0.938985
vt 0.751492 0.949692
vt 0.716398 0.949155
vt 0.060099 0.702220
vt 0.060726 0.692881
vt 0.751480 0.957828
vt 0.716895 0.957264
vt 0.061093 0.685190
vt 0.028575 0.677590
vt 0.031587 0.670796
vt 0.062853 0.678075
vt 0.095861 0.681480
vt 0.212240 0.776825
vt 0.179151 0.785063
vt 0.177821 0.778477
vt 0.209604 0.770594
vt 0.239324 0.757878
vt 0.242764 0.763689
vt 0.129160 0.676275
vt 0.207000 0.763784
vt 0.235734 0.751892
vt 0.204480 0.756672
vt 0.231940 0.745115
vt 0.202784 0.750327
vt 0.229111 0.739277
vt 0.253615 0.725620
vt 0.462720 0.927191
vt 0.439363 0.927176
vt 0.439013 0.919685
vt 0.461657 0.920194
vt 0.442677 0.050337
vt 0.449712 0.051065
vt 0.439996 0.072266
vt 0.438839 0.911363
vt 0.461059 0.911619
vt 0.458305 0.051630
vt 0.438239 0.899782
vt 0.460392 0.900295
vt 0.413667 0.911705
vt 0.413195 0.899688
vt 0.411867 0.876093
vt 0.386236 0.900140
vt 0.385138 0.876171
vt 0.382852 0.850437
vt 0.410432 0.849188
vt 0.381495 0.837629
vt 0.409890 0.834931
vt 0.380441 0.829104
vt 0.409150 0.826231
vt 0.379404 0.821183
vt 0.352004 0.832832
vt 0.350603 0.824986
vt 0.664695 0.474397
vt 0.669477 0.503006
vt 0.663563 0.504839
vt 0.379458 0.815631
vt 0.677403 0.531380
vt 0.671848 0.534205
vt 0.664277 0.537220
vt 0.656080 0.506608
vt 0.656550 0.540016
vt 0.647844 0.508276
vt 0.647981 0.542983
vt 0.639363 0.509653
vt 0.640149 0.545756
vt 0.631863 0.510813
vt 0.763817 0.853491
vt 0.799182 0.859276
vt 0.797548 0.866062
vt 0.537401 0.801991
vt 0.535700 0.793614
vt 0.295182 0.174842
vt 0.287608 0.174782
vt 0.291289 0.140154
vt 0.298862 0.140976
vt 0.832033 0.875681
vt 0.829552 0.883303
vt 0.795445 0.873940
vt 0.826552 0.893618
vt 0.793115 0.885338
vt 0.823420 0.912527
vt 0.789934 0.908063
vt 0.822796 0.931147
vt 0.788535 0.929945
vt 0.823004 0.941914
vt 0.788078 0.941484
vt 0.823636 0.950409
vt 0.788164 0.949971
vt 0.823712 0.957828
vt 0.788118 0.957669
vt 0.044893 0.245373
vt 0.047080 0.276507
vt 0.039955 0.277365
vt 0.037827 0.246723
vt 0.000910 0.665711
vt 0.004336 0.659369
vt 0.109434 0.780541
vt 0.077849 0.765238
vt 0.081048 0.758726
vt 0.110741 0.773818
vt 0.144532 0.779816
vt 0.144292 0.786788
vt 0.112911 0.766146
vt 0.144742 0.772188
vt 0.176495 0.771022
vt 0.145141 0.764218
vt 0.175516 0.763398
vt 0.145911 0.756861
vt 0.175365 0.756775
vt 0.387047 0.927421
vt 0.357489 0.927257
vt 0.357750 0.920173
vt 0.386472 0.920712
vt 0.413559 0.919997
vt 0.413974 0.927421
vt 0.386360 0.912038
vt 0.358056 0.911759
vt 0.358219 0.900585
vt 0.329860 0.911008
vt 0.330350 0.900544
vt 0.329885 0.878789
vt 0.357448 0.877171
vt 0.327669 0.857680
vt 0.355124 0.852906
vt 0.325642 0.847077
vt 0.353477 0.841521
vt 0.323521 0.838577
vt 0.299740 0.854424
vt 0.297679 0.846847
vt 0.294863 0.840030
vt 0.321526 0.830786
vt 0.601634 0.242530
vt 0.594332 0.242149
vt 0.595510 0.216668
vt 0.602374 0.216539
vt 0.608145 0.217888
vt 0.608077 0.244341
vt 0.601877 0.267964
vt 0.595768 0.264118
vt 0.684701 0.560171
vt 0.703133 0.581207
vt 0.698199 0.586079
vt 0.678572 0.564505
vt 0.692781 0.591238
vt 0.672384 0.568675
vt 0.687424 0.596138
vt 0.664725 0.572939
vt 0.681275 0.600797
vt 0.657919 0.576385
vt 0.707743 0.609910
vt 0.703706 0.613947
vt 0.291050 0.105513
vt 0.289978 0.078483
vt 0.296442 0.078201
vt 0.298974 0.106548
vt 0.303558 0.078268
vt 0.307286 0.107097
vt 0.307068 0.141417
vt 0.310816 0.078068
vt 0.315861 0.107480
vt 0.860148 0.895305
vt 0.856827 0.904143
vt 0.318961 0.076154
vt 0.327431 0.105242
vt 0.854226 0.917635
vt 0.326745 0.072283
vt 0.338281 0.100172
vt 0.854466 0.931280
vt 0.879910 0.932490
vt 0.879680 0.941881
vt 0.855527 0.941496
vt 0.057014 0.312537
vt 0.050073 0.311376
vt 0.856258 0.949870
vt 0.035864 0.340557
vt 0.043003 0.310926
vt 0.053481 0.277864
vt 0.029931 0.341144
vt 0.036055 0.311292
vt 0.024026 0.341858
vt 0.029366 0.312097
vt 0.051370 0.741656
vt 0.054632 0.736205
vt 0.036967 0.712251
vt 0.041005 0.707841
vt 0.058971 0.730757
vt 0.084283 0.752061
vt 0.063715 0.725925
vt 0.087763 0.745499
vt 0.115119 0.758641
vt 0.091365 0.739204
vt 0.117349 0.752484
vt 0.328222 0.925397
vt 0.300839 0.924358
vt 0.302517 0.917199
vt 0.329231 0.918692
vt 0.303128 0.909548
vt 0.277070 0.913701
vt 0.277991 0.906819
vt 0.278846 0.898272
vt 0.303661 0.900158
vt 0.278822 0.884831
vt 0.303657 0.881554
vt 0.278898 0.872272
vt 0.301980 0.863944
vt 0.277213 0.863719
vt 0.260331 0.880580
vt 0.259083 0.873453
vt 0.256468 0.866506
vt 0.275082 0.856482
vt 0.594622 0.194761
vt 0.587855 0.195788
vt 0.586735 0.184584
vt 0.593809 0.184286
vt 0.599887 0.183452
vt 0.600914 0.193960
vt 0.604737 0.183733
vt 0.605851 0.195003
vt 0.720381 0.596797
vt 0.728844 0.604531
vt 0.725324 0.608561
vt 0.716133 0.601069
vt 0.721886 0.612789
vt 0.712071 0.605554
vt 0.718320 0.617046
vt 0.727404 0.617171
vt 0.724174 0.621334
vt 0.721132 0.625249
vt 0.714845 0.620710
vt 0.011219 0.376104
vt 0.012024 0.371621
vt 0.017141 0.371255
vt 0.016982 0.376149
vt 0.023694 0.377590
vt 0.023431 0.383428
vt 0.023652 0.372239
vt 0.031015 0.373082
vt 0.031217 0.378852
vt 0.017376 0.366545
vt 0.023436 0.367242
vt 0.030632 0.367536
vt 0.039625 0.368190
vt 0.040643 0.374534
vt 0.023134 0.362669
vt 0.029802 0.362284
vt 0.038860 0.362072
vt 0.052742 0.366883
vt 0.053213 0.372312
vt 0.237489 0.891355
vt 0.235954 0.882406
vt 0.240293 0.880547
vt 0.242159 0.889423
vt 0.244583 0.902457
vt 0.239399 0.905547
vt 0.042651 0.686078
vt 0.050138 0.699968
vt 0.044966 0.703725
vt 0.036914 0.688312
vt 0.246760 0.887666
vt 0.248640 0.898083
vt 0.257801 0.908087
vt 0.254743 0.914170
vt 0.275395 0.918637
vt 0.561242 0.190166
vt 0.571692 0.178861
vt 0.556114 0.216921
vt 0.551239 0.215542
vt 0.068249 0.721703
vt 0.580315 0.177368
vt 0.580538 0.184285
vt 0.581940 0.196678
vt 0.587514 0.178000
vt 0.245810 0.879207
vt 0.594161 0.177957
vt 0.032274 0.692636
vt 0.028405 0.697500
vt 0.052993 0.378093
vt 0.024434 0.361086
vt 0.028793 0.359836
vt 0.052882 0.383771
vt 0.041019 0.380404
vt 0.051978 0.388975
vt 0.040746 0.385941
vt 0.031174 0.385055
vt 0.030915 0.391935
vt 0.022332 0.389778
vt 0.302323 0.053831
vt 0.305822 0.062174
vt 0.309680 0.052093
vt 0.313728 0.060104
vt 0.029054 0.399095
vt 0.320051 0.056075
vt 0.033350 0.359011
vt 0.017848 0.362072
vt 0.012846 0.367200
vt 0.013914 0.363015
vt 0.730556 0.612967
vt 0.733575 0.608939
vt 0.599601 0.177413
vt 0.603750 0.177368
vt 0.261298 0.888781
vt 0.264955 0.895984
vt 0.562382 0.218617
vt 0.057014 0.343175
vt 0.049534 0.358417
vt 0.409436 0.006293
vt 0.404072 0.447149
vt 0.420424 0.471178
vt 0.407697 0.471965
vt 0.382384 0.475263
vt 0.412002 0.495156
vt 0.386901 0.498157
vt 0.357026 0.503845
vt 0.322453 0.621106
vt 0.322916 0.649199
vt 0.296990 0.647231
vt 0.295780 0.620212
vt 0.294945 0.603289
vt 0.322406 0.603710
vt 0.348832 0.606818
vt 0.348085 0.624226
vt 0.294419 0.594645
vt 0.322361 0.594882
vt 0.349289 0.597563
vt 0.293790 0.586697
vt 0.322325 0.586911
vt 0.293454 0.579079
vt 0.322645 0.579503
vt 0.633095 0.429293
vt 0.628086 0.457110
vt 0.620901 0.456862
vt 0.626101 0.428158
vt 0.613353 0.456146
vt 0.618888 0.426201
vt 0.605814 0.454422
vt 0.611764 0.423767
vt 0.621709 0.393706
vt 0.151698 0.791445
vt 0.183579 0.790905
vt 0.184648 0.797403
vt 0.151684 0.798843
vt 0.184995 0.805403
vt 0.151528 0.806877
vt 0.185348 0.814337
vt 0.151725 0.816014
vt 0.186214 0.826341
vt 0.153382 0.830454
vt 0.186717 0.846778
vt 0.218301 0.824102
vt 0.217869 0.844442
vt 0.837353 0.661236
vt 0.838526 0.689582
vt 0.809826 0.694472
vt 0.809822 0.665863
vt 0.184349 0.871074
vt 0.771611 0.180228
vt 0.763504 0.211339
vt 0.743219 0.206611
vt 0.751685 0.175983
vt 0.730767 0.204140
vt 0.736206 0.172473
vt 0.721855 0.202897
vt 0.726612 0.171076
vt 0.713925 0.201912
vt 0.718290 0.170482
vt 0.707154 0.200686
vt 0.710590 0.170183
vt 0.689016 0.096800
vt 0.695552 0.126358
vt 0.687990 0.127655
vt 0.681538 0.098742
vt 0.672365 0.070353
vt 0.679330 0.067752
vt 0.706262 0.139263
vt 0.674550 0.101036
vt 0.665464 0.073692
vt 0.654020 0.047522
vt 0.660818 0.043464
vt 0.646526 0.017135
vt 0.661770 0.076798
vt 0.649378 0.051865
vt 0.438205 0.469782
vt 0.441630 0.493999
vt 0.433436 0.494356
vt 0.429672 0.470514
vt 0.424743 0.494733
vt 0.438108 0.516548
vt 0.429377 0.516729
vt 0.416484 0.517020
vt 0.298165 0.668859
vt 0.298950 0.679412
vt 0.271763 0.678883
vt 0.271499 0.668433
vt 0.270677 0.646809
vt 0.324299 0.671357
vt 0.244650 0.669034
vt 0.244177 0.648042
vt 0.242215 0.624453
vt 0.268987 0.621219
vt 0.240053 0.610182
vt 0.267371 0.605478
vt 0.238293 0.601378
vt 0.266342 0.596704
vt 0.236694 0.593614
vt 0.265303 0.588930
vt 0.235020 0.586084
vt 0.264314 0.581448
vt 0.626464 0.484591
vt 0.628819 0.512159
vt 0.621317 0.513937
vt 0.619246 0.485412
vt 0.613219 0.515019
vt 0.611320 0.485448
vt 0.605047 0.515743
vt 0.603396 0.485165
vt 0.597931 0.515360
vt 0.596424 0.483748
vt 0.214139 0.788595
vt 0.216298 0.795334
vt 0.246311 0.791720
vt 0.247059 0.799959
vt 0.217086 0.803609
vt 0.881184 0.687074
vt 0.882275 0.718075
vt 0.872904 0.718205
vt 0.872009 0.687030
vt 0.217534 0.812703
vt 0.861295 0.718626
vt 0.860539 0.687068
vt 0.873983 0.749815
vt 0.862454 0.750124
vt 0.841142 0.752246
vt 0.839570 0.720420
vt 0.813373 0.756020
vt 0.810598 0.724472
vt 0.797641 0.759853
vt 0.791936 0.728805
vt 0.753429 0.241744
vt 0.735893 0.238244
vt 0.727324 0.269103
vt 0.718147 0.267905
vt 0.724973 0.236207
vt 0.709936 0.266797
vt 0.716520 0.234913
vt 0.702678 0.264088
vt 0.708973 0.233458
vt 0.706969 0.157048
vt 0.706788 0.189641
vt 0.698897 0.188644
vt 0.699410 0.157381
vt 0.703105 0.125268
vt 0.690861 0.187715
vt 0.691551 0.157732
vt 0.683237 0.187064
vt 0.683409 0.158340
vt 0.680399 0.129102
vt 0.920868 0.206848
vt 0.927959 0.231171
vt 0.921687 0.233904
vt 0.914945 0.209817
vt 0.906660 0.188605
vt 0.912898 0.184901
vt 0.897680 0.169526
vt 0.903875 0.165125
vt 0.007602 0.116044
vt 0.007519 0.144181
vt 0.000868 0.144434
vt 0.000868 0.116755
vt 0.446350 0.516334
vt 0.906805 0.211616
vt 0.913647 0.235150
vt 0.904874 0.236420
vt 0.898190 0.213492
vt 0.890096 0.192911
vt 0.898621 0.190708
vt 0.918154 0.259896
vt 0.909603 0.260834
vt 0.898079 0.262413
vt 0.892555 0.238488
vt 0.885494 0.216352
vt 0.912227 0.286598
vt 0.901382 0.287718
vt 0.881944 0.290701
vt 0.875902 0.266003
vt 0.869190 0.242227
vt 0.861418 0.295236
vt 0.852385 0.270992
vt 0.843941 0.247006
vt 0.216496 0.630046
vt 0.191498 0.637444
vt 0.188849 0.626579
vt 0.214069 0.617490
vt 0.186401 0.618522
vt 0.211996 0.608818
vt 0.183876 0.611213
vt 0.209857 0.601199
vt 0.180427 0.604442
vt 0.207245 0.593924
vt 0.634377 0.537827
vt 0.644024 0.562406
vt 0.636943 0.566264
vt 0.627003 0.540860
vt 0.629346 0.569472
vt 0.618912 0.543516
vt 0.145812 0.147045
vt 0.153679 0.119293
vt 0.161296 0.122074
vt 0.153400 0.150424
vt 0.610826 0.545203
vt 0.168788 0.123800
vt 0.160740 0.152529
vt 0.148813 0.178643
vt 0.141656 0.175982
vt 0.891313 0.750424
vt 0.891313 0.783169
vt 0.883773 0.783056
vt 0.883290 0.749880
vt 0.890335 0.718474
vt 0.874754 0.782938
vt 0.883875 0.816578
vt 0.875187 0.816140
vt 0.864762 0.815861
vt 0.863694 0.783212
vt 0.847028 0.816343
vt 0.844022 0.784865
vt 0.826194 0.819745
vt 0.818831 0.788502
vt 0.814659 0.823320
vt 0.805524 0.791746
vt 0.807081 0.826232
vt 0.797350 0.794376
vt 0.788794 0.762931
vt 0.801132 0.828544
vt 0.790352 0.797079
vt 0.781602 0.765946
vt 0.706670 0.222866
vt 0.693498 0.253380
vt 0.687833 0.251069
vt 0.700284 0.220915
vt 0.700034 0.294570
vt 0.693128 0.291181
vt 0.681048 0.248173
vt 0.692585 0.218857
vt 0.673978 0.245081
vt 0.684774 0.216742
vt 0.666993 0.242076
vt 0.677151 0.214844
vt 0.935023 0.283867
vt 0.935023 0.312638
vt 0.929206 0.312998
vt 0.929175 0.285441
vt 0.926015 0.258838
vt 0.931930 0.256521
vt 0.920778 0.286068
vt 0.921665 0.313150
vt 0.913184 0.313335
vt 0.919870 0.341788
vt 0.912289 0.341323
vt 0.903424 0.340895
vt 0.903174 0.313807
vt 0.891253 0.341601
vt 0.887184 0.316026
vt 0.878672 0.344369
vt 0.869951 0.319795
vt 0.869818 0.347482
vt 0.859960 0.323046
vt 0.850729 0.298404
vt 0.863407 0.350501
vt 0.852910 0.325859
vt 0.842918 0.301153
vt 0.163477 0.629996
vt 0.142664 0.644500
vt 0.139636 0.638474
vt 0.160550 0.623193
vt 0.135549 0.633423
vt 0.156327 0.617250
vt 0.656852 0.584162
vt 0.674250 0.602410
vt 0.669321 0.607565
vt 0.650788 0.588936
vt 0.663778 0.612458
vt 0.644338 0.593225
vt 0.156988 0.090106
vt 0.155830 0.059826
vt 0.162466 0.059898
vt 0.164638 0.091373
vt 0.169045 0.059974
vt 0.172009 0.092139
vt 0.891058 0.817012
vt 0.889998 0.848680
vt 0.882156 0.848108
vt 0.175362 0.059338
vt 0.165226 0.032184
vt 0.171767 0.032142
vt 0.876576 0.872319
vt 0.868935 0.870909
vt 0.873665 0.846785
vt 0.178643 0.032610
vt 0.168931 0.016711
vt 0.176709 0.016948
vt 0.866126 0.885088
vt 0.165444 0.008841
vt 0.174579 0.007664
vt 0.864655 0.893213
vt 0.853629 0.889972
vt 0.840376 0.877300
vt 0.180160 0.014160
vt 0.177546 0.002563
vt 0.183854 0.000400
vt 0.186632 0.012136
vt 0.189108 0.031945
vt 0.182224 0.031801
vt 0.185033 0.059539
vt 0.177546 0.058285
vt 0.193234 0.009405
vt 0.195680 0.032175
vt 0.191713 0.060487
vt 0.185908 0.089321
vt 0.179236 0.087273
vt 0.201448 0.031220
vt 0.197857 0.060049
vt 0.674436 0.281389
vt 0.669453 0.278707
vt 0.650525 0.303118
vt 0.645307 0.299279
vt 0.663591 0.275335
vt 0.640100 0.295523
vt 0.657591 0.271589
vt 0.634872 0.291935
vt 0.651646 0.267993
vt 0.630934 0.288007
vt 0.646652 0.264856
vt 0.661877 0.239793
vt 0.926781 0.342259
vt 0.920875 0.370023
vt 0.914308 0.368186
vt 0.909008 0.385515
vt 0.903649 0.380935
vt 0.895984 0.390398
vt 0.894118 0.385420
vt 0.891234 0.378459
vt 0.886878 0.388394
vt 0.884455 0.380917
vt 0.879444 0.368666
vt 0.886361 0.366044
vt 0.879304 0.383724
vt 0.873554 0.371702
vt 0.126404 0.660165
vt 0.123422 0.654979
vt 0.119559 0.651044
vt 0.141733 0.033273
vt 0.141680 0.018574
vt 0.145720 0.018627
vt 0.147172 0.033465
vt 0.691765 0.615626
vt 0.687232 0.619548
vt 0.150167 0.018375
vt 0.152943 0.033251
vt 0.149273 0.059496
vt 0.155182 0.017868
vt 0.158868 0.032819
vt 0.161153 0.017036
vt 0.153162 0.010023
vt 0.158295 0.009599
vt 0.497217 0.558334
vt 0.495005 0.553625
vt 0.499884 0.550624
vt 0.501447 0.564075
vt 0.493616 0.549389
vt 0.498980 0.546724
vt 0.504888 0.544478
vt 0.505448 0.548524
vt 0.513520 0.548479
vt 0.513102 0.543053
vt 0.526426 0.544787
vt 0.526252 0.551099
vt 0.503849 0.540178
vt 0.512051 0.537507
vt 0.526212 0.538743
vt 0.622462 0.304671
vt 0.626907 0.308894
vt 0.510288 0.533483
vt 0.523353 0.534638
vt 0.912567 0.388581
vt 0.926132 0.371662
vt 0.502550 0.536305
vt 0.498097 0.542916
vt 0.497070 0.539302
vt 0.108100 0.679412
vt 0.113211 0.677679
vt 0.888885 0.393394
vt 0.492555 0.545375
vt 0.492253 0.541604
vt 0.144893 0.010086
vt 0.141656 0.010268
vt 0.148837 0.010061
vt 0.631873 0.312819
vt 0.636823 0.316426
vt 0.525684 0.557222
vt 0.198239 0.007993
vt 0.524977 0.563903
vt 0.882133 0.391294
vt 0.522534 0.570136
vt 0.825932 0.853335
vt 0.820062 0.856438
vt 0.508619 0.570136
vt 0.208878 0.014189
vt 0.049958 0.003961
vt 0.056434 0.000362
vt 0.059964 0.006723
vt 0.013255 0.605369
vt 0.490445 0.535220
vt 0.485433 0.534166
vt 0.486749 0.528255
vt 0.492020 0.529830
vt 0.495815 0.531962
vt 0.495338 0.536044
vt 0.487409 0.520230
vt 0.492926 0.522201
vt 0.557874 0.311121
vt 0.557082 0.305298
vt 0.550072 0.304983
vt 0.548470 0.296752
vt 0.486971 0.510780
vt 0.478577 0.519438
vt 0.478249 0.510631
vt 0.477668 0.497804
vt 0.485079 0.497537
vt 0.136247 0.142534
vt 0.136152 0.127518
vt 0.144434 0.127518
vt 0.143267 0.142409
vt 0.469546 0.498586
vt 0.469156 0.473486
vt 0.461681 0.498979
vt 0.461411 0.473722
vt 0.459084 0.448859
vt 0.454761 0.474180
vt 0.452415 0.449558
vt 0.446870 0.425157
vt 0.447001 0.450425
vt 0.440659 0.425949
vt 0.431497 0.399829
vt 0.250401 0.571891
vt 0.231102 0.573307
vt 0.230950 0.564491
vt 0.250393 0.562638
vt 0.273779 0.561208
vt 0.424588 0.371073
vt 0.249939 0.549324
vt 0.273671 0.546833
vt 0.299780 0.544793
vt 0.273844 0.523802
vt 0.300830 0.519195
vt 0.329280 0.517330
vt 0.061714 0.247818
vt 0.060053 0.215788
vt 0.086484 0.213104
vt 0.088460 0.246006
vt 0.089737 0.278896
vt 0.062781 0.279277
vt 0.117884 0.242250
vt 0.119862 0.275714
vt 0.121274 0.308082
vt 0.140700 0.272800
vt 0.142365 0.305630
vt 0.142853 0.338238
vt 0.157195 0.304092
vt 0.157756 0.337331
vt 0.156378 0.371355
vt 0.013345 0.276159
vt 0.017226 0.245609
vt 0.032417 0.247737
vt 0.029286 0.280032
vt 0.157864 0.379538
vt 0.159360 0.342711
vt 0.177000 0.378211
vt 0.178830 0.409221
vt 0.207602 0.409809
vt 0.208062 0.437231
vt 0.180569 0.435983
vt 0.208937 0.464703
vt 0.181980 0.464230
vt 0.169238 0.464256
vt 0.182549 0.490872
vt 0.170575 0.491545
vt 0.162187 0.491938
vt 0.171541 0.515887
vt 0.163617 0.516292
vt 0.155791 0.516734
vt 0.154353 0.492287
vt 0.595159 0.289704
vt 0.611247 0.265592
vt 0.615965 0.267677
vt 0.599745 0.292919
vt 0.622326 0.271356
vt 0.605344 0.297830
vt 0.628255 0.275357
vt 0.610152 0.302667
vt 0.844954 0.245407
vt 0.839237 0.244707
vt 0.840648 0.210546
vt 0.847042 0.211956
vt 0.832490 0.243960
vt 0.833782 0.210058
vt 0.825052 0.243050
vt 0.833078 0.277903
vt 0.825524 0.277605
vt 0.817842 0.277504
vt 0.817402 0.242426
vt 0.808038 0.277853
vt 0.806089 0.242507
vt 0.789830 0.279600
vt 0.785880 0.244168
vt 0.767880 0.282205
vt 0.764721 0.246886
vt 0.765208 0.213023
vt 0.751345 0.282983
vt 0.750692 0.247760
vt 0.036796 0.592936
vt 0.034994 0.575230
vt 0.064137 0.576628
vt 0.357519 0.743285
vt 0.390386 0.743907
vt 0.388286 0.756984
vt 0.355493 0.752906
vt 0.064487 0.564868
vt 0.386398 0.772467
vt 0.354733 0.765266
vt 0.329617 0.751050
vt 0.385437 0.785946
vt 0.353924 0.779107
vt 0.385694 0.795992
vt 0.354245 0.792849
vt 0.386602 0.805101
vt 0.417980 0.799388
vt 0.418500 0.807243
vt 0.371803 0.625043
vt 0.401916 0.612543
vt 0.405456 0.620052
vt 0.376669 0.631614
vt 0.388586 0.813248
vt 0.408361 0.627799
vt 0.381283 0.639173
vt 0.912218 0.028982
vt 0.912204 0.057608
vt 0.904340 0.057937
vt 0.903442 0.030631
vt 0.899974 0.004812
vt 0.908792 0.000550
vt 0.286084 0.496132
vt 0.282934 0.520399
vt 0.273810 0.519627
vt 0.276782 0.494998
vt 0.263255 0.518622
vt 0.265333 0.494271
vt 0.267382 0.467504
vt 0.242446 0.492485
vt 0.242687 0.466183
vt 0.242975 0.438842
vt 0.209364 0.490987
vt 0.242119 0.516504
vt 0.209696 0.515057
vt 0.183841 0.515422
vt 0.210063 0.536210
vt 0.185382 0.536991
vt 0.823351 0.048831
vt 0.825746 0.076478
vt 0.815860 0.075991
vt 0.814063 0.047898
vt 0.824614 0.104378
vt 0.814974 0.104372
vt 0.808146 0.104485
vt 0.809357 0.075781
vt 0.808095 0.047414
vt 0.802218 0.104580
vt 0.803266 0.075675
vt 0.802218 0.046964
vt 0.621986 0.239220
vt 0.630009 0.211576
vt 0.635729 0.212316
vt 0.627934 0.240868
vt 0.643210 0.213702
vt 0.635015 0.243476
vt 0.650493 0.215296
vt 0.641707 0.246309
vt 0.656975 0.217266
vt 0.647659 0.249338
vt 0.633160 0.279187
vt 0.836304 0.310592
vt 0.842055 0.341938
vt 0.834889 0.343757
vt 0.828683 0.311300
vt 0.827060 0.345337
vt 0.820845 0.311914
vt 0.818158 0.346385
vt 0.811512 0.312863
vt 0.805033 0.348387
vt 0.796462 0.314780
vt 0.825513 0.410808
vt 0.827164 0.439778
vt 0.801248 0.442061
vt 0.798810 0.413054
vt 0.774537 0.316795
vt 0.462591 0.733895
vt 0.497618 0.741403
vt 0.493868 0.763743
vt 0.459338 0.754387
vt 0.425070 0.747294
vt 0.427102 0.730297
vt 0.489721 0.780245
vt 0.455157 0.772432
vt 0.421773 0.763993
vt 0.452541 0.785269
vt 0.418777 0.779744
vt 0.451319 0.794859
vt 0.417941 0.790527
vt 0.450861 0.803023
vt 0.485454 0.800098
vt 0.483923 0.807642
vt 0.430443 0.597481
vt 0.463265 0.593533
vt 0.464173 0.601176
vt 0.432736 0.604717
vt 0.450602 0.809458
vt 0.464685 0.609224
vt 0.434895 0.612466
vt 0.464577 0.616914
vt 0.436243 0.619815
vt 0.909955 0.086512
vt 0.905424 0.115065
vt 0.898373 0.113539
vt 0.903211 0.085928
vt 0.891387 0.112056
vt 0.895929 0.084587
vt 0.896821 0.056774
vt 0.883494 0.110402
vt 0.887562 0.083107
vt 0.887951 0.055563
vt 0.867817 0.107455
vt 0.870604 0.080546
vt 0.869856 0.053553
vt 0.843147 0.104854
vt 0.844922 0.077654
vt 0.843379 0.050784
vt 0.006727 0.925908
vt 0.010917 0.895951
vt 0.032640 0.899223
vt 0.028393 0.927426
vt 0.026549 0.949938
vt 0.003428 0.949283
vt 0.053614 0.928671
vt 0.052221 0.950683
vt 0.051782 0.961127
vt 0.025639 0.961373
vt 0.002243 0.961168
vt 0.051584 0.969100
vt 0.025179 0.969666
vt 0.001648 0.969462
vt 0.051045 0.976648
vt 0.024709 0.976833
vt 0.000901 0.976833
vt 0.633155 0.182889
vt 0.630200 0.154612
vt 0.636613 0.153201
vt 0.638954 0.182603
vt 0.644162 0.152048
vt 0.646752 0.182947
vt 0.651735 0.151012
vt 0.654271 0.183455
vt 0.658976 0.150266
vt 0.661358 0.184212
vt 0.850628 0.371017
vt 0.862806 0.396634
vt 0.856670 0.400996
vt 0.844000 0.374417
vt 0.858558 0.473176
vt 0.859005 0.506815
vt 0.851468 0.506173
vt 0.850786 0.472329
vt 0.836493 0.375633
vt 0.842401 0.506048
vt 0.841685 0.471909
vt 0.841423 0.440397
vt 0.850756 0.441444
vt 0.830483 0.506352
vt 0.828934 0.471780
vt 0.807385 0.508962
vt 0.804018 0.474476
vt 0.782049 0.512598
vt 0.777566 0.478666
vt 0.774641 0.446249
vt 0.768745 0.515566
vt 0.762651 0.482020
vt 0.526494 0.775454
vt 0.522887 0.789728
vt 0.759636 0.517919
vt 0.753524 0.484997
vt 0.520300 0.799539
vt 0.487129 0.791284
vt 0.518171 0.807826
vt 0.551131 0.810715
vt 0.548847 0.818689
vt 0.544924 0.824797
vt 0.515394 0.814660
vt 0.495748 0.594678
vt 0.527956 0.602836
vt 0.525589 0.610359
vt 0.495129 0.602532
vt 0.522932 0.617934
vt 0.494190 0.610596
vt 0.519871 0.625335
vt 0.492710 0.618459
vt 0.897964 0.142746
vt 0.887694 0.168643
vt 0.881195 0.165129
vt 0.890747 0.140107
vt 0.038518 0.865792
vt 0.062786 0.871284
vt 0.061389 0.879511
vt 0.036740 0.873825
vt 0.884067 0.138306
vt 0.059770 0.888567
vt 0.034981 0.883042
vt 0.876377 0.136594
vt 0.057432 0.902912
vt 0.862335 0.133480
vt 0.085909 0.894660
vt 0.083670 0.906777
vt 0.080568 0.929838
vt 0.110319 0.911513
vt 0.107544 0.930849
vt 0.106603 0.948735
vt 0.079273 0.950223
vt 0.106696 0.958645
vt 0.079194 0.960300
vt 0.107127 0.966615
vt 0.079214 0.968264
vt 0.107559 0.973555
vt 0.079118 0.975219
vt 0.622741 0.126823
vt 0.609344 0.101809
vt 0.614188 0.098459
vt 0.628328 0.124436
vt 0.620244 0.094476
vt 0.635181 0.121753
vt 0.626472 0.090407
vt 0.642305 0.118983
vt 0.632420 0.086561
vt 0.649109 0.116704
vt 0.010906 0.173220
vt 0.012384 0.141373
vt 0.019304 0.141904
vt 0.018005 0.175048
vt 0.010915 0.205249
vt 0.003733 0.202632
vt 0.858882 0.543220
vt 0.859005 0.579181
vt 0.852047 0.579422
vt 0.851604 0.543092
vt 0.843812 0.579112
vt 0.842865 0.542973
vt 0.833458 0.578920
vt 0.831987 0.543127
vt 0.814284 0.579380
vt 0.810752 0.544501
vt 0.793946 0.582864
vt 0.787470 0.547432
vt 0.783231 0.585498
vt 0.775277 0.550054
vt 0.775429 0.587663
vt 0.766468 0.552304
vt 0.768586 0.589381
vt 0.759421 0.554348
vt 0.752304 0.520292
vt 0.560450 0.612134
vt 0.587978 0.635421
vt 0.583762 0.640729
vt 0.557824 0.618058
vt 0.529406 0.596645
vt 0.578554 0.646307
vt 0.554117 0.624954
vt 0.572838 0.652037
vt 0.550027 0.631875
vt 0.567403 0.657321
vt 0.545488 0.638773
vt 0.873416 0.192015
vt 0.856308 0.210950
vt 0.850992 0.205560
vt 0.867576 0.187547
vt 0.089519 0.878231
vt 0.116355 0.886227
vt 0.114381 0.893048
vt 0.087637 0.886124
vt 0.112468 0.900938
vt 0.140096 0.899959
vt 0.138026 0.907445
vt 0.135898 0.916815
vt 0.162557 0.914877
vt 0.160236 0.922906
vt 0.158534 0.933482
vt 0.134218 0.932091
vt 0.158618 0.943851
vt 0.133546 0.946525
vt 0.159755 0.951932
vt 0.134151 0.955964
vt 0.161491 0.958848
vt 0.135453 0.963782
vt 0.163155 0.964884
vt 0.136620 0.970362
vt 0.589591 0.079552
vt 0.566997 0.061764
vt 0.569465 0.057614
vt 0.593578 0.075457
vt 0.573131 0.052673
vt 0.598708 0.070691
vt 0.576823 0.047750
vt 0.603857 0.065885
vt 0.581264 0.042713
vt 0.608864 0.061401
vt 0.007964 0.107946
vt 0.002249 0.074624
vt 0.007978 0.074032
vt 0.014519 0.107787
vt 0.014448 0.073410
vt 0.021627 0.107059
vt 0.026584 0.141311
vt 0.021325 0.072978
vt 0.028507 0.105764
vt 0.851862 0.612297
vt 0.843698 0.612141
vt 0.841865 0.640830
vt 0.833310 0.639910
vt 0.834155 0.611515
vt 0.823314 0.639467
vt 0.818870 0.611924
vt 0.812816 0.641373
vt 0.802452 0.614645
vt 0.523861 0.032997
vt 0.492005 0.031005
vt 0.492205 0.022828
vt 0.524902 0.024853
vt 0.792954 0.617532
vt 0.492116 0.015301
vt 0.525224 0.017152
vt 0.785506 0.619244
vt 0.491945 0.008585
vt 0.525230 0.009791
vt 0.558674 0.009124
vt 0.558733 0.016545
vt 0.491994 0.002407
vt 0.524086 0.003896
vt 0.607279 0.663857
vt 0.602634 0.667777
vt 0.615161 0.696701
vt 0.609031 0.699529
vt 0.596278 0.672191
vt 0.602904 0.702813
vt 0.590193 0.676362
vt 0.597001 0.706193
vt 0.584063 0.680646
vt 0.592370 0.707970
vt 0.578830 0.683429
vt 0.562466 0.661275
vt 0.142520 0.893255
vt 0.167803 0.902531
vt 0.165171 0.908457
vt 0.186273 0.913101
vt 0.601076 0.727874
vt 0.606013 0.726562
vt 0.197647 0.107513
vt 0.192481 0.109384
vt 0.192011 0.095718
vt 0.196919 0.094970
vt 0.193828 0.922452
vt 0.192674 0.086796
vt 0.197647 0.086438
vt 0.196125 0.930416
vt 0.196568 0.937628
vt 0.191830 0.937850
vt 0.192548 0.080429
vt 0.197366 0.080108
vt 0.191555 0.074860
vt 0.196289 0.074498
vt 0.175021 0.541109
vt 0.175980 0.548361
vt 0.171920 0.549062
vt 0.170671 0.541950
vt 0.168046 0.535560
vt 0.172999 0.534490
vt 0.165143 0.529326
vt 0.170565 0.528122
vt 0.166440 0.542952
vt 0.163255 0.537383
vt 0.159849 0.531533
vt 0.156022 0.523982
vt 0.161756 0.521561
vt 0.158776 0.540177
vt 0.154999 0.534924
vt 0.150987 0.528347
vt 0.030407 0.001197
vt 0.029705 0.011888
vt 0.023741 0.013303
vt 0.023741 0.002160
vt 0.149987 0.539114
vt 0.146019 0.533101
vt 0.138848 0.525485
vt 0.143781 0.520318
vt 0.010672 0.050100
vt 0.003521 0.051254
vt 0.011018 0.039659
vt 0.144060 0.543541
vt 0.141191 0.537739
vt 0.454699 0.026824
vt 0.466949 0.028546
vt 0.466125 0.034208
vt 0.454463 0.032679
vt 0.153798 0.544316
vt 0.147548 0.549595
vt 0.455409 0.020181
vt 0.467541 0.021592
vt 0.455392 0.013302
vt 0.467623 0.014289
vt 0.455168 0.007599
vt 0.467493 0.007459
vt 0.454463 0.002831
vt 0.467560 0.001438
vt 0.175972 0.109977
vt 0.177881 0.096780
vt 0.182016 0.096422
vt 0.181431 0.110226
vt 0.621448 0.719121
vt 0.616302 0.721436
vt 0.186716 0.096201
vt 0.187022 0.110174
vt 0.611049 0.723843
vt 0.170850 0.558447
vt 0.166540 0.558733
vt 0.167978 0.549519
vt 0.187899 0.087180
vt 0.821154 0.661358
vt 0.827316 0.660020
vt 0.561595 0.032479
vt 0.557660 0.037924
vt 0.547913 0.032623
vt 0.552067 0.028055
vt 0.565228 0.027461
vt 0.585556 0.038033
vt 0.554551 0.042886
vt 0.543900 0.036946
vt 0.551480 0.047280
vt 0.540848 0.040634
vt 0.167145 0.520640
vt 0.171356 0.520318
vt 0.174835 0.527481
vt 0.197647 0.950609
vt 0.194373 0.957614
vt 0.192521 0.944131
vt 0.197169 0.944223
vt 0.176742 0.533598
vt 0.185096 0.943345
vt 0.184861 0.936985
vt 0.175372 0.935495
vt 0.175503 0.943021
vt 0.549414 0.051454
vt 0.539550 0.044832
vt 0.833002 0.655132
vt 0.028507 0.072320
vt 0.839744 0.277607
vt 0.019322 0.216028
vt 0.034064 0.217862
vt 0.154563 0.270711
vt 0.057773 0.184283
vt 0.038097 0.186108
vt 0.040064 0.156155
vt 0.030603 0.156309
vt 0.036273 0.128638
vt 0.229978 0.553125
vt 0.211400 0.575137
vt 0.212388 0.581596
vt 0.188908 0.585885
vt 0.454586 0.498800
vt 0.469021 0.511664
vt 0.478721 0.527612
vt 0.478248 0.533598
vt 0.332235 0.714497
vt 0.320815 0.706485
vt 0.766288 0.799671
vt 0.754886 0.801991
vt 0.312933 0.159897
vt 0.318502 0.161691
vt 0.312938 0.176742
vt 0.309568 0.173849
vt 0.443985 0.525340
vt 0.446451 0.532346
vt 0.060700 0.020345
vt 0.063232 0.001458
vt 0.064615 0.006826
vt 0.064615 0.024706
vt 0.142880 0.100009
vt 0.136029 0.102624
vt 0.070640 0.046920
vt 0.072726 0.049997
vt 0.076018 0.042970
vt 0.076018 0.053213
vt 0.334096 0.111157
vt 0.333855 0.120360
vt 0.351779 0.113295
vt 0.344105 0.120662
vt 0.001900 0.052404
vt 0.000436 0.052047
vt 0.001198 0.053213
vt 0.001900 0.037736
vt 0.427550 0.111703
vt 0.146442 0.197647
vt 0.146442 0.181815
vt 0.152560 0.183557
vt 0.157738 0.195463
vt 0.114027 0.008135
vt 0.134818 0.066516
vt 0.134818 0.028890
vt 0.148235 0.060420
vt 0.039910 0.114027
vt 0.029881 0.100604
vt 0.039910 0.073740
vt 0.058914 0.258462
vt 0.035169 0.228025
vt 0.058914 0.226136
vt 0.758530 0.683386
vt 0.158756 0.164391
vt 0.169140 0.148103
vt 0.169140 0.171041
vt 0.161537 0.167047
vt 0.687484 0.301434
vt 0.010075 0.785947
vt 0.006245 0.785802
vt 0.805492 0.161683
vt 0.026949 0.128551
vt 0.026949 0.113802
vt 0.033359 0.110836
vt 0.032273 0.120247
vt 0.029742 0.140634
vt 0.036109 0.121610
vt 0.005264 0.037297
vt 0.005701 0.045611
vt 0.004453 0.041314
vt 0.005701 0.024599
vt 0.106425 0.075783
vt 0.106425 0.093122
vt 0.095571 0.085635
vt 0.092276 0.074144
vt 0.438511 0.100986
vt 0.424688 0.090552
vt 0.006173 0.297443
vt 0.012031 0.291877
vt 0.034208 0.307873
vt 0.023944 0.307395
vt 0.012488 0.005291
vt 0.013331 0.009502
vt 0.012488 0.001384
vt 0.015204 0.004158
vt 0.009919 0.034278
vt 0.009231 0.035802
vt 0.008540 0.035439
vt 0.009135 0.034070
vt 0.011383 0.032783
vt 0.012083 0.033382
vt 0.011117 0.034830
vt 0.010939 0.035967
vt 0.010032 0.032450
vt 0.010756 0.032248
vt 0.009838 0.032453
vt 0.009661 0.030819
vt 0.009443 0.031212
vt 0.021886 0.028849
vt 0.022657 0.030407
vt 0.022805 0.030297
vt 0.021297 0.029415
vt 0.022213 0.027929
vt 0.022429 0.027807
vt 0.022309 0.029047
vt 0.003801 0.062958
vt 0.003696 0.062718
vt 0.003447 0.064141
vt 0.002964 0.063592
vt 0.003407 0.064502
vt 0.001790 0.064710
vt 0.003619 0.066612
vt 0.001528 0.066042
vt 0.003801 0.068416
vt 0.001391 0.066740
vt 0.012915 0.035279
vt 0.013066 0.036344
vt 0.013186 0.037182
vt 0.011073 0.036950
vt 0.009142 0.036966
vt 0.007987 0.036710
vt 0.011216 0.038009
vt 0.009255 0.038009
vt 0.007423 0.038009
vt 0.013303 0.038009
vt 0.012752 0.034141
vt 0.037866 0.002493
vt 0.037918 0.003584
vt 0.036002 0.003429
vt 0.036397 0.001931
vt 0.038009 0.005505
vt 0.036279 0.006233
vt 0.035929 0.004859
vt 0.037965 0.004586
vt 0.033024 0.000640
vt 0.034796 0.001318
vt 0.034391 0.002970
vt 0.033024 0.002876
vt 0.033024 0.007602
vt 0.033024 0.005196
vt 0.034298 0.005023
vt 0.034684 0.006904
vt 0.027211 0.051005
vt 0.028635 0.052414
vt 0.027058 0.052661
vt 0.028338 0.053894
vt 0.028356 0.055956
vt 0.026857 0.056184
vt 0.026905 0.054314
vt 0.029984 0.053750
vt 0.030235 0.055301
vt 0.030326 0.056725
vt 0.028452 0.057742
vt 0.029075 0.059336
vt 0.027620 0.060815
vt 0.026857 0.058239
vt 0.030407 0.057983
vt 0.022805 0.026657
s 1
usemtl tripo_mat_35954709-6858-47a7-bddd-f19c41c87cc8
f 1/1 37/2 38/3 39/4
f 1/5 40/6 41/7 42/8
f 44/9 45/10 46/11 47/12
f 3/13 48/14 49/15 50/16
f 3/13 50/16 51/17 52/18
f 3/13 52/18 53/19 48/14
f 4/20 54/21 55/22 56/23
f 4/20 56/23 57/24 58/25
f 4/20 58/25 59/26 54/21
f 5/27 60/28 61/29 62/30
f 5/31 63/32 64/33 60/34
f 5/35 62/36 65/37 63/38
f 6/39 66/40 67/41 68/42
f 69/43 70/44 66/45 6/46
f 6/47 68/48 7/49 69/50
f 7/51 71/52 72/53 69/54
f 7/51 68/55 73/56 74/57
f 8/58 75/59 76/60 77/61
f 8/58 27/62 28/63 78/64
f 8/58 78/64 79/65 75/59
f 8/66 80/67 81/68 27/69
f 8/66 77/70 82/71 80/67
f 9/72 83/73 84/74 85/75
f 9/76 86/77 87/78 83/79
f 9/72 85/75 88/80 86/81
f 10/82 89/83 90/84 91/85
f 10/86 92/87 93/88 89/89
f 10/86 91/90 94/91 92/87
f 95/92 96/93 97/94 98/95
f 11/96 99/97 100/98 101/99
f 11/100 102/101 103/102 99/103
f 12/104 104/105 105/106 106/107
f 12/104 107/108 108/109 104/105
f 12/110 106/111 109/112 107/113
f 13/114 14/115 110/116 111/117
f 13/114 112/118 113/119 14/115
f 13/114 111/117 114/120 112/118
f 14/121 115/122 116/123 110/124
f 15/125 117/126 118/127 119/128
f 15/125 120/129 121/130 117/126
f 15/125 119/128 122/131 120/129
f 16/132 123/133 124/134 125/135
f 16/132 126/136 127/137 123/133
f 16/132 125/135 128/138 126/136
f 17/139 129/140 130/141 131/142
f 17/139 132/143 133/144 129/140
f 17/139 131/142 134/145 132/143
f 18/146 135/147 136/148 137/149
f 18/146 138/150 139/151 135/147
f 18/146 137/149 140/152 138/150
f 19/153 141/154 142/155 143/156
f 19/153 144/157 145/158 141/154
f 19/153 143/156 146/159 144/157
f 20/160 147/161 148/162 149/163
f 20/160 149/163 150/164 151/165
f 20/160 151/165 152/166 147/161
f 153/167 154/168 155/169 156/170
f 21/171 157/172 158/173 159/174
f 21/171 159/174 160/175 161/176
f 21/171 161/176 162/177 157/172
f 163/178 164/179 165/180 166/181
f 22/182 167/183 168/184 169/185
f 22/182 170/186 171/187 167/183
f 22/182 169/185 172/188 170/186
f 23/189 173/190 174/191 175/192
f 23/189 176/193 177/194 173/190
f 23/189 175/192 178/195 176/193
f 24/196 179/197 180/198 181/199
f 24/200 182/201 183/202 179/203
f 24/200 181/204 25/205 182/201
f 25/206 181/207 184/208 26/209
f 186/210 187/211 31/212 188/213
f 26/214 185/215 186/210 188/213
f 26/209 184/208 189/216 185/217
f 26/214 188/213 190/218 191/219
f 27/69 81/68 192/220 28/221
f 28/221 192/220 193/222 194/223
f 28/224 194/225 195/226 196/227
f 28/228 196/229 197/230 78/231
f 29/232 198/233 199/234 200/235
f 29/236 201/237 202/238 198/239
f 29/236 203/240 204/241 201/237
f 30/242 205/243 206/244 207/245
f 31/246 208/247 209/248 210/249
f 214/250 215/251 216/252 211/253
f 2149/254 214/255 217/256 218/257
f 2149/258 219/259 215/251 214/250
f 2149/254 218/257 220/260 2151/261
f 32/262 221/263 222/264 223/265
f 33/266 224/267 225/268 226/269
f 34/270 227/271 225/268 224/267
f 35/272 228/273 229/274 230/275
f 35/276 231/277 232/278 228/279
f 35/280 233/281 234/282 231/283
f 35/284 235/285 236/286 233/287
f 234/288 237/289 238/290 239/291
f 234/292 239/293 240/294 231/295
f 240/296 239/291 241/297 242/298
f 240/299 242/300 243/301 244/302
f 240/299 244/302 232/303 231/304
f 244/302 243/301 245/305 246/306
f 244/307 246/308 247/309 232/278
f 247/309 248/310 228/279 232/278
f 247/309 246/308 249/311 250/312
f 247/309 250/312 251/313 248/310
f 251/314 252/315 253/316 248/317
f 251/313 250/312 254/318 255/319
f 256/320 255/319 257/321 258/322
f 257/321 255/319 254/318 259/323
f 259/323 254/318 260/324 261/325
f 259/323 261/325 262/326 227/271
f 262/326 261/325 263/327 264/328
f 262/326 264/328 265/329 266/330
f 262/326 266/330 225/268 227/271
f 266/330 265/329 267/331 268/332
f 266/330 268/332 226/269 225/268
f 268/333 267/334 269/335 270/336
f 268/333 270/336 271/337 226/338
f 271/339 272/340 33/266 226/269
f 271/337 270/336 273/341 274/342
f 271/337 274/342 275/343 272/344
f 275/345 276/346 277/347 272/348
f 275/343 274/342 278/349 279/350
f 275/345 279/351 280/352 276/346
f 280/353 279/354 199/234 198/233
f 280/355 198/239 202/238 212/356
f 280/355 212/356 211/357 276/358
f 279/350 278/349 281/359 199/360
f 281/359 278/349 282/361 283/362
f 281/363 283/364 284/365 285/366
f 281/363 285/366 200/235 199/234
f 285/366 284/365 286/367 287/368
f 285/366 287/368 288/369 200/235
f 288/369 289/370 29/232 200/235
f 288/369 287/368 290/371 291/372
f 288/369 291/372 180/373 289/370
f 291/372 290/371 189/216 184/208
f 291/372 184/208 181/207 180/373
f 290/371 287/368 286/367 292/374
f 290/371 292/374 293/375 189/216
f 293/375 292/374 294/376 295/377
f 293/378 295/379 296/380 297/381
f 293/375 297/382 185/217 189/216
f 297/381 296/380 298/383 299/384
f 297/381 299/384 186/210 185/215
f 299/385 298/386 300/387 301/388
f 299/385 301/388 302/389 186/390
f 302/389 303/391 187/392 186/390
f 302/389 301/388 304/393 305/394
f 302/389 305/394 306/395 303/391
f 306/395 307/396 308/397 303/391
f 306/395 305/394 309/398 310/399
f 306/395 310/399 311/400 307/396
f 311/400 312/401 313/402 307/396
f 311/400 310/399 314/403 315/404
f 311/400 315/404 316/405 312/401
f 316/405 317/406 318/407 312/401
f 316/405 315/404 319/408 320/409
f 316/405 320/409 321/410 317/406
f 321/410 322/411 323/412 317/406
f 321/410 320/409 324/413 325/414
f 321/410 325/414 326/415 322/411
f 326/415 327/416 328/417 322/411
f 326/418 325/419 329/420 330/421
f 326/415 330/422 331/423 327/416
f 331/423 332/424 333/425 327/416
f 331/426 330/427 334/428 335/429
f 331/426 335/429 336/430 332/431
f 336/430 337/432 338/433 332/431
f 336/430 335/429 339/434 340/435
f 336/430 340/435 341/436 337/432
f 341/436 342/437 343/438 337/432
f 341/436 340/435 344/439 345/440
f 341/436 345/440 346/441 342/437
f 346/441 347/442 348/443 342/437
f 346/441 345/440 349/444 350/445
f 346/441 350/445 351/446 347/442
f 351/446 352/447 353/448 347/442
f 351/446 350/445 354/449 355/450
f 351/451 355/452 356/453 352/454
f 356/453 357/455 358/456 352/454
f 356/453 355/452 359/457 360/458
f 356/453 360/458 361/459 357/455
f 361/459 362/460 363/461 357/455
f 361/459 360/458 364/462 365/463
f 361/459 365/463 366/464 362/460
f 366/464 367/465 368/466 362/460
f 366/464 365/463 369/467 370/468
f 366/469 370/470 371/471 367/472
f 371/471 372/473 45/474 367/472
f 371/471 370/470 373/475 374/476
f 371/471 374/476 375/477 372/473
f 375/478 376/479 377/480 372/481
f 375/477 374/476 378/482 379/483
f 375/478 379/484 380/485 376/479
f 380/485 381/486 382/487 376/479
f 380/485 379/484 383/488 384/489
f 380/485 384/489 385/490 381/486
f 385/490 386/491 387/492 381/486
f 385/490 384/489 388/493 389/494
f 385/490 389/494 390/495 386/491
f 390/495 391/496 392/497 386/491
f 390/495 389/494 393/498 394/499
f 390/495 394/499 395/500 391/496
f 395/500 394/499 396/501 397/502
f 395/500 397/502 398/503 399/504
f 395/500 399/504 400/505 391/496
f 400/505 401/506 392/497 391/496
f 400/505 399/504 402/507 51/17
f 400/505 51/17 50/16 401/506
f 402/507 399/504 398/503 403/508
f 402/507 403/508 404/509 405/510
f 402/507 405/510 52/18 51/17
f 405/510 404/509 406/511 407/512
f 405/510 407/512 53/19 52/18
f 407/512 406/511 408/513 409/514
f 407/512 409/514 410/515 53/19
f 410/515 409/514 57/24 411/516
f 410/515 411/516 412/517 413/518
f 410/515 413/518 48/14 53/19
f 413/518 412/517 414/519 415/520
f 413/518 415/520 49/15 48/14
f 415/520 414/519 416/521 417/522
f 415/520 417/522 418/523 49/15
f 418/523 417/522 419/524 420/525
f 418/523 420/525 392/497 401/506
f 418/523 401/506 50/16 49/15
f 420/525 419/524 421/526 387/492
f 420/525 387/492 386/491 392/497
f 421/526 419/524 422/527 423/528
f 421/526 423/528 424/529 382/487
f 421/526 382/487 381/486 387/492
f 424/529 423/528 425/530 426/531
f 424/529 426/531 46/11 377/480
f 424/529 377/480 376/479 382/487
f 426/531 425/530 427/532 428/533
f 426/531 428/533 47/12 46/11
f 428/534 427/535 429/536 430/537
f 428/534 430/537 431/538 47/539
f 431/540 430/541 432/542 363/461
f 431/540 363/461 362/460 368/466
f 431/538 368/543 44/544 47/539
f 432/542 430/541 429/545 433/546
f 432/547 433/548 434/549 358/550
f 432/542 358/456 357/455 363/461
f 434/549 433/548 435/551 436/552
f 434/549 436/552 437/553 353/448
f 434/549 353/448 352/447 358/550
f 437/553 436/552 438/554 439/555
f 437/553 439/555 440/556 348/443
f 437/553 348/443 347/442 353/448
f 440/556 439/555 441/557 442/558
f 440/556 442/558 443/559 343/438
f 440/556 343/438 342/437 348/443
f 443/559 442/558 444/560 445/561
f 443/559 445/561 446/562 338/433
f 443/559 338/433 337/432 343/438
f 446/563 445/564 447/565 448/566
f 446/563 448/566 449/567 333/425
f 446/562 333/568 332/431 338/433
f 449/567 448/566 450/569 451/570
f 449/567 451/570 452/571 328/417
f 449/567 328/417 327/416 333/425
f 452/571 451/570 453/572 454/573
f 452/571 454/573 455/574 323/412
f 452/571 323/412 322/411 328/417
f 455/574 454/573 456/575 457/576
f 455/574 457/576 458/577 318/407
f 455/574 318/407 317/406 323/412
f 458/577 457/576 459/578 460/579
f 458/577 460/579 461/580 313/402
f 458/577 313/402 312/401 318/407
f 461/580 460/579 462/581 463/582
f 461/580 463/582 464/583 308/397
f 461/580 308/397 307/396 313/402
f 464/584 463/585 465/586 466/587
f 464/584 466/587 31/246 187/588
f 464/583 187/392 303/391 308/397
f 466/587 465/586 467/589 468/590
f 466/587 468/590 208/247 31/246
f 468/591 467/592 469/593 470/594
f 468/591 470/594 471/595 208/596
f 471/595 470/594 472/597 473/598
f 471/595 473/598 474/599 475/600
f 471/595 475/600 209/601 208/596
f 475/600 474/599 476/602 477/603
f 475/600 477/603 478/604 209/601
f 478/604 477/603 479/605 480/606
f 478/604 480/606 481/607 482/608
f 478/609 482/610 210/611 209/612
f 482/613 481/614 483/615 484/616
f 482/617 484/618 206/619 210/620
f 484/618 483/621 485/622 486/623
f 484/618 486/623 207/624 206/619
f 486/625 485/626 487/627 488/628
f 486/625 488/628 188/629 207/630
f 488/628 487/627 489/631 490/632
f 490/632 489/631 491/633 492/634
f 490/632 492/634 182/201 25/205
f 492/634 491/633 493/635 494/636
f 492/634 494/636 183/202 182/201
f 494/636 493/635 495/637 496/638
f 494/636 496/638 497/639 183/202
f 497/639 498/640 179/203 183/202
f 497/639 496/638 499/641 500/642
f 497/639 500/642 203/643 498/640
f 500/642 499/641 501/644 502/645
f 500/642 502/645 204/646 203/643
f 502/645 501/644 503/647 197/230
f 502/645 197/230 196/229 204/646
f 503/647 501/644 504/648 505/649
f 503/650 505/651 506/652 79/653
f 503/650 79/653 78/654 197/655
f 506/656 505/657 507/658 508/659
f 506/656 508/659 509/660 510/661
f 506/656 510/661 75/59 79/65
f 510/661 509/660 511/662 512/663
f 510/661 512/663 76/60 75/59
f 512/663 511/662 513/664 514/665
f 512/663 514/665 515/666 76/60
f 515/666 516/667 77/61 76/60
f 515/666 514/665 517/668 518/669
f 515/666 518/669 519/670 516/667
f 519/670 518/669 520/671 521/672
f 519/673 521/674 522/675 523/676
f 519/673 523/676 524/677 516/678
f 524/677 523/676 525/679 526/680
f 524/677 526/680 527/681 82/71
f 524/677 82/71 77/70 516/678
f 527/681 526/680 528/682 529/683
f 527/681 529/683 530/684 531/685
f 527/681 531/685 80/67 82/71
f 531/685 530/684 532/686 533/687
f 531/685 533/687 81/68 80/67
f 533/687 532/686 534/688 535/689
f 533/687 535/689 192/220 81/68
f 535/689 534/688 536/690 537/691
f 535/689 537/691 193/222 192/220
f 537/691 536/690 538/692 220/260
f 537/691 220/260 218/257 193/222
f 538/692 536/690 539/693 540/694
f 538/692 540/694 541/695 542/696
f 538/692 542/696 2151/261 220/260
f 542/697 541/698 543/699 544/700
f 542/697 544/700 2149/701 2151/702
f 544/700 543/699 545/703 546/704
f 544/700 546/704 547/705 2149/701
f 547/706 548/707 219/708 2148/709
f 547/705 546/704 549/710 550/711
f 547/712 550/713 551/714 548/715
f 551/716 36/717 552/718 548/719
f 551/716 550/720 39/4 38/3
f 551/716 38/3 553/721 554/722
f 551/716 554/722 555/723 36/717
f 555/723 554/722 556/724 557/725
f 555/723 557/725 558/726 559/727
f 555/723 559/727 552/718 36/717
f 559/727 558/726 560/728 561/729
f 559/730 561/731 562/732 552/733
f 562/732 219/259 548/734 552/733
f 562/732 561/731 563/735 564/736
f 562/732 564/736 215/251 219/259
f 564/737 563/738 565/739 566/740
f 564/737 566/740 216/741 215/742
f 566/740 565/739 567/743 568/744
f 566/740 568/744 569/745 216/741
f 569/745 570/746 211/747 216/741
f 569/745 568/744 571/748 572/749
f 569/745 572/749 221/263 570/746
f 572/749 571/748 573/750 574/751
f 572/749 574/751 222/264 221/263
f 574/751 573/750 575/752 576/753
f 574/754 576/755 577/756 222/757
f 577/756 252/315 223/758 222/757
f 577/756 576/755 578/759 579/760
f 577/756 579/760 253/316 252/315
f 579/760 578/759 580/761 581/762
f 579/760 581/762 229/274 253/316
f 581/763 580/764 582/765 583/766
f 581/762 583/767 230/275 229/274
f 583/768 582/769 584/770 585/771
f 583/768 585/771 586/772 230/773
f 585/771 584/770 587/774 588/775
f 585/771 588/775 589/776 586/772
f 589/776 590/777 235/778 586/772
f 589/776 588/775 591/779 592/780
f 589/776 592/780 593/781 590/777
f 593/781 594/782 595/783 590/777
f 593/781 592/780 596/784 597/785
f 593/781 597/785 598/786 594/782
f 598/786 599/787 600/788 594/782
f 598/786 597/785 601/789 602/790
f 598/786 602/790 603/791 599/787
f 603/791 604/792 605/793 599/787
f 603/794 602/795 606/796 607/797
f 603/794 607/797 608/798 604/799
f 608/798 609/800 610/801 604/799
f 608/798 607/797 611/802 612/803
f 608/798 612/803 613/804 609/800
f 613/804 614/805 615/806 609/800
f 613/804 612/803 616/807 617/808
f 613/804 617/808 618/809 614/805
f 618/809 619/810 620/811 614/805
f 618/809 617/808 621/812 622/813
f 618/809 622/813 623/814 619/810
f 623/814 624/815 625/816 619/810
f 623/817 622/818 626/819 627/820
f 623/817 627/820 628/821 624/822
f 628/821 629/823 630/824 624/822
f 628/821 627/820 631/825 632/826
f 628/821 632/826 633/827 629/823
f 633/827 634/828 635/829 629/823
f 633/827 632/826 636/830 637/831
f 633/827 637/831 638/832 634/828
f 638/832 639/833 640/834 634/828
f 638/832 637/831 641/835 642/836
f 638/832 642/836 643/837 639/833
f 643/837 644/838 645/839 639/833
f 643/837 642/836 646/840 647/841
f 643/837 647/841 648/842 644/838
f 648/843 649/844 650/845 644/846
f 648/843 647/847 651/848 652/849
f 648/843 652/849 653/850 649/844
f 653/850 654/851 655/852 649/844
f 653/850 652/849 656/853 657/854
f 653/850 657/854 658/855 654/851
f 658/855 63/38 65/37 654/851
f 658/855 657/854 659/856 660/857
f 658/855 660/857 64/858 63/38
f 660/859 659/860 661/861 662/862
f 660/859 662/862 663/863 64/33
f 663/863 664/864 60/34 64/33
f 663/863 662/862 665/865 666/866
f 663/863 666/866 667/867 664/864
f 667/868 396/501 668/869 664/870
f 667/867 666/866 669/871 670/872
f 667/868 670/873 397/502 396/501
f 670/872 669/871 671/874 672/875
f 670/873 672/876 398/503 397/502
f 672/877 671/878 673/879 674/880
f 672/876 674/881 403/508 398/503
f 674/880 673/879 675/882 676/883
f 674/881 676/884 404/509 403/508
f 676/883 675/882 677/885 678/886
f 676/884 678/887 406/511 404/509
f 678/886 677/885 679/888 680/889
f 678/887 680/890 408/513 406/511
f 680/889 679/888 681/891 59/892
f 680/890 59/26 58/25 408/513
f 681/893 679/894 682/895 683/896
f 681/893 683/896 684/897 685/898
f 681/893 685/898 54/899 59/900
f 685/898 684/897 686/901 687/902
f 685/898 687/902 55/903 54/899
f 687/902 686/901 688/904 689/905
f 687/902 689/905 690/906 55/903
f 690/907 691/908 56/23 55/22
f 690/906 689/905 692/909 693/910
f 690/907 693/911 694/912 691/908
f 694/912 412/517 411/516 691/908
f 694/912 693/911 695/913 696/914
f 694/912 696/914 414/519 412/517
f 696/914 695/913 697/915 698/916
f 696/914 698/916 416/521 414/519
f 698/916 697/915 699/917 700/918
f 698/916 700/918 422/527 416/521
f 700/918 699/917 427/532 425/530
f 700/918 425/530 423/528 422/527
f 699/919 697/920 701/921 702/922
f 699/919 702/922 429/536 427/535
f 702/922 701/921 703/923 435/551
f 702/922 435/551 433/548 429/536
f 703/923 701/921 704/924 705/925
f 703/923 705/925 706/926 438/554
f 703/923 438/554 436/552 435/551
f 706/927 705/928 707/929 708/930
f 706/927 708/930 709/931 441/932
f 706/926 441/557 439/555 438/554
f 709/931 708/930 710/933 711/934
f 709/931 711/934 712/935 444/936
f 709/937 444/560 442/558 441/557
f 712/935 711/934 713/938 714/939
f 712/935 714/939 715/940 447/565
f 712/935 447/565 445/564 444/936
f 715/941 714/942 716/943 717/944
f 715/940 717/945 718/946 450/569
f 715/940 450/569 448/566 447/565
f 718/946 717/945 719/947 720/948
f 718/946 720/948 721/949 453/572
f 718/946 453/572 451/570 450/569
f 721/949 720/948 722/950 723/951
f 721/949 723/951 724/952 456/575
f 721/949 456/575 454/573 453/572
f 724/952 723/951 725/953 726/954
f 724/952 726/954 727/955 459/578
f 724/952 459/578 457/576 456/575
f 727/956 726/957 728/958 729/959
f 727/956 729/959 730/960 462/961
f 727/955 462/581 460/579 459/578
f 730/960 729/959 731/962 732/963
f 730/964 732/965 467/589 465/586
f 730/964 465/586 463/585 462/966
f 732/963 731/962 733/967 734/968
f 732/969 734/970 469/593 467/592
f 734/970 733/971 735/972 736/973
f 734/970 736/973 737/974 469/593
f 737/974 736/973 738/975 739/976
f 737/974 739/976 740/977 472/597
f 737/974 472/597 470/594 469/593
f 740/977 739/976 741/978 742/979
f 740/977 742/979 743/980 744/981
f 740/977 744/981 473/598 472/597
f 744/981 743/980 745/982 746/983
f 744/981 746/983 474/599 473/598
f 746/983 745/982 747/984 748/985
f 746/983 748/985 476/602 474/599
f 748/985 747/984 749/986 750/987
f 748/985 750/987 751/988 476/602
f 751/988 750/987 752/989 753/990
f 751/988 753/990 754/991 479/605
f 751/988 479/605 477/603 476/602
f 754/991 753/990 755/992 756/993
f 754/991 756/993 757/994 758/995
f 754/991 758/995 480/606 479/605
f 758/995 757/994 759/996 760/997
f 758/995 760/997 481/607 480/606
f 760/998 759/999 761/1000 762/1001
f 760/998 762/1001 483/615 481/614
f 762/1002 761/1003 763/1004 764/1005
f 762/1002 764/1005 485/622 483/621
f 764/1005 763/1004 765/1006 766/1007
f 764/1005 766/1007 487/1008 485/622
f 766/1009 765/1010 767/1011 768/1012
f 766/1009 768/1012 489/631 487/627
f 768/1012 767/1011 769/1013 770/1014
f 768/1012 770/1014 491/633 489/631
f 770/1014 769/1013 771/1015 772/1016
f 770/1014 772/1016 493/635 491/633
f 772/1016 771/1015 773/1017 774/1018
f 772/1016 774/1018 495/637 493/635
f 774/1018 773/1017 775/1019 776/1020
f 774/1018 776/1020 777/1021 495/637
f 777/1021 499/641 496/638 495/637
f 777/1021 776/1020 778/1022 504/648
f 777/1021 504/648 501/644 499/641
f 778/1022 776/1020 775/1019 779/1023
f 778/1022 779/1023 780/1024 507/1025
f 778/1022 507/1025 505/649 504/648
f 780/1024 779/1023 781/1026 782/1027
f 780/1028 782/1029 783/1030 784/1031
f 780/1028 784/1031 508/659 507/658
f 784/1031 783/1030 785/1032 786/1033
f 784/1031 786/1033 509/660 508/659
f 786/1033 785/1032 787/1034 788/1035
f 786/1033 788/1035 511/662 509/660
f 788/1035 787/1034 789/1036 790/1037
f 788/1035 790/1037 513/664 511/662
f 790/1037 789/1036 791/1038 792/1039
f 790/1037 792/1039 793/1040 513/664
f 793/1040 517/668 514/665 513/664
f 793/1040 792/1039 794/1041 795/1042
f 793/1040 795/1042 796/1043 517/668
f 796/1043 520/671 518/669 517/668
f 796/1043 795/1042 797/1044 798/1045
f 796/1043 798/1045 67/41 520/671
f 798/1046 797/1047 799/1048 800/1049
f 798/1045 800/1050 68/42 67/41
f 800/1051 799/1052 801/1053 802/1054
f 800/1055 802/1056 73/56 68/55
f 802/1054 801/1053 803/1057 804/1058
f 802/1054 804/1058 805/1059 73/1060
f 805/1059 806/1061 74/1062 73/1060
f 805/1059 804/1058 749/986 747/984
f 805/1059 747/984 745/982 806/1061
f 806/1061 807/1063 808/1064 74/1062
f 806/1061 745/982 743/980 807/1063
f 808/1065 809/1066 810/1067 811/1068
f 808/1065 811/1068 7/51 74/57
f 808/1064 807/1063 812/1069 809/1070
f 812/1069 813/1071 814/1072 809/1070
f 812/1069 807/1063 743/980 742/979
f 812/1069 742/979 741/978 813/1071
f 814/1073 815/1074 816/1075 817/1076
f 814/1073 817/1076 810/1067 809/1066
f 814/1072 813/1071 818/1077 815/1078
f 818/1077 819/1079 820/1080 815/1078
f 818/1077 813/1071 741/978 821/1081
f 818/1077 821/1081 822/1082 819/1079
f 822/1082 823/1083 824/1084 819/1079
f 822/1082 821/1081 738/975 825/1085
f 822/1082 825/1085 826/1086 823/1083
f 826/1086 827/1087 828/1088 823/1083
f 826/1086 825/1085 735/972 829/1089
f 826/1086 829/1089 830/1090 827/1087
f 830/1090 831/1091 832/1092 827/1087
f 830/1090 829/1089 833/1093 834/1094
f 830/1095 834/1096 835/1097 831/1098
f 835/1097 836/1099 837/1100 831/1098
f 835/1097 834/1096 838/1101 839/1102
f 835/1097 839/1102 840/1103 836/1099
f 840/1103 841/1104 842/1105 836/1099
f 840/1103 839/1102 843/1106 844/1107
f 840/1103 844/1107 845/1108 841/1104
f 845/1108 846/1109 847/1110 841/1104
f 845/1108 844/1107 848/1111 849/1112
f 845/1108 849/1112 850/1113 846/1109
f 850/1113 851/1114 852/1115 846/1109
f 850/1116 849/1117 853/1118 854/1119
f 850/1116 854/1119 855/1120 851/1121
f 855/1120 682/895 856/1122 851/1121
f 855/1120 854/1119 857/1123 858/1124
f 855/1120 858/1124 683/896 682/895
f 858/1124 857/1123 859/1125 860/1126
f 858/1124 860/1126 684/897 683/896
f 860/1126 859/1125 713/938 861/1127
f 860/1126 861/1127 686/901 684/897
f 861/1127 713/938 711/934 710/933
f 861/1127 710/933 688/904 686/901
f 859/1125 857/1123 862/1128 716/1129
f 859/1125 716/1129 714/939 713/938
f 862/1128 857/1123 854/1119 853/1118
f 862/1130 853/1131 863/1132 719/1133
f 862/1130 719/1133 717/944 716/943
f 863/1132 853/1131 849/1112 848/1111
f 863/1132 848/1111 864/1134 722/1135
f 863/1132 722/1135 720/1136 719/1133
f 864/1134 848/1111 844/1107 843/1106
f 864/1134 843/1106 865/1137 725/1138
f 864/1134 725/1138 723/1139 722/1135
f 865/1137 843/1106 839/1102 838/1101
f 865/1137 838/1101 866/1140 728/958
f 865/1137 728/958 726/957 725/1138
f 866/1140 838/1101 834/1096 833/1141
f 866/1140 833/1141 733/967 731/962
f 866/1140 731/962 729/959 728/958
f 856/1142 677/885 675/882 867/1143
f 856/1142 867/1143 852/1115 851/1114
f 856/1122 682/895 679/894 677/1144
f 867/1143 675/882 673/879 868/1145
f 867/1143 868/1145 869/1146 852/1115
f 869/1147 868/1148 870/1149 871/1150
f 869/1146 871/1151 872/1152 847/1110
f 869/1146 847/1110 846/1109 852/1115
f 872/1153 871/1150 873/1154 874/1155
f 872/1153 874/1155 875/1156 842/1157
f 872/1152 842/1105 841/1104 847/1110
f 875/1156 874/1155 876/1158 877/1159
f 875/1156 877/1159 878/1160 837/1161
f 875/1162 837/1100 836/1099 842/1105
f 878/1160 877/1159 879/1163 880/1164
f 878/1160 880/1164 881/1165 832/1092
f 878/1160 832/1092 831/1091 837/1161
f 881/1165 880/1164 882/1166 883/1167
f 881/1165 883/1167 884/1168 828/1088
f 881/1165 828/1088 827/1087 832/1092
f 884/1168 883/1167 885/1169 886/1170
f 884/1168 886/1170 887/1171 824/1084
f 884/1168 824/1084 823/1083 828/1088
f 887/1172 886/1173 888/1174 889/1175
f 887/1172 889/1175 890/1176 820/1177
f 887/1171 820/1080 819/1079 824/1084
f 890/1176 889/1175 891/1178 892/1179
f 890/1176 892/1179 893/1180 816/1075
f 890/1176 816/1075 815/1074 820/1177
f 893/1180 892/1179 894/1181 895/1182
f 893/1180 895/1182 896/1183 897/1184
f 893/1180 897/1184 817/1076 816/1075
f 897/1184 896/1183 898/1185 899/1186
f 897/1184 899/1186 810/1067 817/1076
f 899/1186 898/1185 900/1187 901/1188
f 899/1186 901/1188 811/1068 810/1067
f 901/1188 900/1187 902/1189 71/52
f 901/1188 71/52 7/51 811/1068
f 902/1189 900/1187 903/1190 904/1191
f 902/1189 904/1191 905/1192 906/1193
f 902/1189 906/1193 72/53 71/52
f 906/1193 905/1192 907/1194 908/1195
f 906/1193 908/1195 909/1196 72/53
f 909/1196 908/1195 910/1197 911/1198
f 909/1196 911/1198 912/1199 913/1200
f 909/1196 913/1200 69/54 72/53
f 913/1200 912/1199 914/1201 915/1202
f 913/1200 915/1202 70/1203 69/54
f 915/1204 914/1205 916/1206 917/1207
f 915/1204 917/1207 522/1208 70/1209
f 917/1207 916/1206 918/1210 525/1211
f 917/1212 525/679 523/676 522/675
f 918/1210 916/1206 919/1213 920/1214
f 918/1210 920/1214 921/1215 528/1216
f 918/1217 528/682 526/680 525/679
f 921/1215 920/1214 922/1218 923/1219
f 921/1215 923/1219 924/1220 925/1221
f 921/1222 925/1223 529/683 528/682
f 925/1223 924/1224 926/1225 927/1226
f 925/1223 927/1226 530/684 529/683
f 927/1226 926/1225 928/1227 929/1228
f 927/1226 929/1228 532/686 530/684
f 929/1228 928/1227 930/1229 931/1230
f 929/1228 931/1230 534/688 532/686
f 931/1230 930/1229 932/1231 539/693
f 931/1230 539/693 536/690 534/688
f 932/1231 930/1229 933/1232 934/1233
f 932/1234 934/1235 935/1236 936/1237
f 932/1231 936/1238 540/694 539/693
f 936/1237 935/1236 937/1239 938/1240
f 936/1238 938/1241 541/695 540/694
f 938/1240 937/1239 939/1242 940/1243
f 938/1244 940/1245 543/699 541/698
f 940/1245 939/1246 941/1247 942/1248
f 940/1245 942/1248 545/703 543/699
f 942/1248 941/1247 943/1249 944/1250
f 942/1248 944/1250 945/1251 545/703
f 945/1251 549/710 546/704 545/703
f 945/1251 944/1250 946/1252 947/1253
f 945/1251 947/1253 948/1254 549/710
f 948/1254 39/1255 550/711 549/710
f 948/1254 947/1253 949/1256 950/1257
f 948/1254 950/1257 1/1258 39/1255
f 950/1259 949/1260 951/1261 952/1262
f 950/1257 952/1263 40/1264 1/1258
f 952/1262 951/1261 953/1265 954/1266
f 952/1262 954/1266 955/1267 40/1268
f 955/1269 956/1270 957/1271 40/1272
f 955/1267 954/1266 958/1273 959/1274
f 955/1267 959/1274 960/1275 956/1276
f 960/1275 961/1277 962/1278 956/1276
f 960/1275 959/1274 963/1279 964/1280
f 960/1275 964/1280 965/1281 961/1277
f 963/1279 959/1274 958/1273 966/1282
f 963/1283 966/1284 967/1285 968/1286
f 963/1283 968/1286 43/1287 964/1288
f 968/1286 967/1285 969/1289 970/1290
f 968/1286 970/1290 971/1291 43/1287
f 971/1291 972/1292 973/1293 43/1287
f 971/1291 970/1290 907/1194 905/1192
f 971/1291 905/1192 904/1191 972/1292
f 973/1293 974/1294 975/1295 976/1296
f 973/1293 976/1296 2/1297 43/1287
f 973/1293 972/1292 977/1298 974/1294
f 977/1298 978/1299 979/1300 974/1294
f 977/1298 972/1292 904/1191 903/1190
f 977/1298 903/1190 980/1301 978/1299
f 980/1301 981/1302 982/1303 978/1299
f 980/1301 903/1190 900/1187 898/1185
f 980/1301 898/1185 896/1183 981/1302
f 982/1303 983/1304 984/1305 985/1306
f 982/1303 985/1306 979/1300 978/1299
f 982/1303 981/1302 986/1307 983/1304
f 986/1307 987/1308 988/1309 983/1304
f 986/1307 981/1302 896/1183 895/1182
f 986/1307 895/1182 894/1181 987/1308
f 988/1309 631/825 627/820 626/819
f 988/1309 626/819 984/1305 983/1304
f 988/1309 987/1308 989/1310 631/825
f 989/1310 636/830 632/826 631/825
f 989/1310 987/1308 894/1181 990/1311
f 989/1310 990/1311 991/1312 636/830
f 991/1312 641/835 637/831 636/830
f 991/1312 990/1311 891/1178 992/1313
f 991/1312 992/1313 993/1314 641/835
f 993/1314 646/840 642/836 641/835
f 993/1314 992/1313 888/1174 994/1315
f 993/1314 994/1315 995/1316 646/840
f 995/1316 651/1317 647/841 646/840
f 995/1316 994/1315 885/1318 996/1319
f 995/1316 996/1319 997/1320 651/1317
f 997/1321 656/853 652/849 651/848
f 997/1322 996/1323 882/1166 998/1324
f 997/1322 998/1324 999/1325 656/1326
f 999/1327 659/856 657/854 656/853
f 999/1325 998/1324 879/1163 1000/1328
f 999/1325 1000/1328 661/861 659/860
f 1000/1328 879/1163 877/1159 876/1158
f 1000/1328 876/1158 1001/1329 661/861
f 1001/1329 665/865 662/862 661/861
f 1001/1329 876/1158 874/1155 873/1154
f 1001/1329 873/1154 1002/1330 665/865
f 1002/1330 669/871 666/866 665/865
f 1002/1330 873/1154 871/1150 870/1149
f 1002/1330 870/1149 671/874 669/871
f 998/1324 882/1166 880/1164 879/1163
f 996/1323 885/1169 883/1167 882/1166
f 994/1315 888/1174 886/1173 885/1318
f 992/1313 891/1178 889/1175 888/1174
f 990/1311 894/1181 892/1179 891/1178
f 985/1306 984/1305 621/1331 1003/1332
f 985/1306 1003/1332 1004/1333 979/1300
f 1004/1334 1003/1335 616/807 1005/1336
f 1004/1334 1005/1336 1006/1337 975/1338
f 1004/1333 975/1295 974/1294 979/1300
f 1006/1337 1005/1336 611/802 1007/1339
f 1006/1337 1007/1339 1008/1340 1009/1341
f 1006/1342 1009/1343 976/1296 975/1295
f 1009/1341 1008/1340 1010/1344 1011/1345
f 1009/1343 1011/1346 2/1297 976/1296
f 1010/1344 1008/1340 1012/1347 1013/1348
f 1010/1349 1013/1350 1014/1351 1015/1352
f 1010/1344 1015/1353 1016/1354 1011/1345
f 1015/1352 1014/1351 1017/1355 1018/1356
f 1015/1353 1018/1357 1019/1358 1016/1354
f 1019/1358 1018/1357 1020/1359 1021/1360
f 1019/1361 1021/1362 1022/1363 42/1364
f 1022/1363 1021/1362 1023/1365 1024/1366
f 1022/1363 1024/1366 1025/1367 37/1368
f 1022/1369 37/2 1/1 42/1370
f 1025/1367 1024/1366 1026/1371 1027/1372
f 1025/1373 1027/1374 1028/1375 553/721
f 1025/1373 553/721 38/3 37/2
f 1028/1376 1027/1372 1029/1377 1030/1378
f 1028/1375 1030/1379 1031/1380 556/724
f 1028/1375 556/724 554/722 553/721
f 1031/1380 1030/1379 1032/1381 1033/1382
f 1031/1380 1033/1382 1034/1383 1035/1384
f 1031/1380 1035/1384 557/725 556/724
f 1035/1384 1034/1383 1036/1385 1037/1386
f 1035/1384 1037/1386 558/726 557/725
f 1037/1386 1036/1385 1038/1387 1039/1388
f 1037/1386 1039/1388 560/728 558/726
f 1039/1389 1038/1390 1040/1391 1041/1392
f 1039/1389 1041/1392 1042/1393 560/1394
f 1042/1393 563/738 561/1395 560/1394
f 1042/1393 1041/1392 1043/1396 1044/1397
f 1042/1393 1044/1397 565/739 563/738
f 1044/1397 1043/1396 1045/1398 1046/1399
f 1044/1397 1046/1399 567/743 565/739
f 1046/1399 1045/1398 1047/1400 1048/1401
f 1046/1399 1048/1401 1049/1402 567/743
f 1049/1402 571/748 568/744 567/743
f 1049/1402 1048/1401 1050/1403 1051/1404
f 1049/1402 1051/1404 573/750 571/748
f 1051/1405 1050/1406 1052/1407 1053/1408
f 1051/1404 1053/1409 575/752 573/750
f 1053/1408 1052/1407 1054/1410 1055/1411
f 1053/1408 1055/1411 1056/1412 575/1413
f 1056/1412 578/759 576/755 575/1413
f 1056/1412 1055/1411 1057/1414 1058/1415
f 1056/1412 1058/1415 580/761 578/759
f 1058/1416 1057/1417 1059/1418 1060/1419
f 1058/1416 1060/1419 582/769 580/1420
f 1060/1419 1059/1418 1061/1421 1062/1422
f 1060/1419 1062/1422 584/770 582/769
f 1062/1422 1061/1421 1063/1423 1064/1424
f 1062/1422 1064/1424 587/774 584/770
f 1064/1424 1063/1423 1065/1425 1066/1426
f 1064/1424 1066/1426 1067/1427 587/774
f 1067/1427 591/779 588/775 587/774
f 1067/1427 1066/1426 1068/1428 1069/1429
f 1067/1427 1069/1429 1070/1430 591/779
f 1070/1430 596/784 592/780 591/779
f 1070/1430 1069/1429 1071/1431 1072/1432
f 1070/1430 1072/1432 1073/1433 596/784
f 1073/1433 601/789 597/785 596/784
f 1073/1433 1072/1432 1014/1351 1013/1350
f 1073/1434 1013/1348 1012/1347 601/1435
f 1072/1432 1071/1431 1017/1355 1014/1351
f 1071/1431 1069/1429 1068/1428 1074/1436
f 1071/1431 1074/1436 1075/1437 1017/1355
f 1075/1437 1074/1436 1076/1438 1077/1439
f 1075/1437 1077/1439 1078/1440 1020/1441
f 1075/1437 1020/1441 1018/1356 1017/1355
f 1078/1440 1077/1439 1079/1442 1080/1443
f 1078/1440 1080/1443 1081/1444 1023/1445
f 1078/1440 1023/1445 1021/1446 1020/1441
f 1081/1444 1080/1443 1082/1447 1083/1448
f 1081/1449 1083/1450 1084/1451 1026/1371
f 1081/1449 1026/1371 1024/1366 1023/1365
f 1084/1451 1083/1450 1085/1452 1086/1453
f 1084/1451 1086/1453 1087/1454 1029/1377
f 1084/1451 1029/1377 1027/1372 1026/1371
f 1087/1454 1086/1453 1088/1455 1089/1456
f 1087/1454 1089/1456 1090/1457 1032/1458
f 1087/1454 1032/1458 1030/1378 1029/1377
f 1090/1457 1089/1456 1091/1459 1092/1460
f 1090/1461 1092/1462 1093/1463 1094/1464
f 1090/1461 1094/1464 1033/1382 1032/1381
f 1094/1465 1093/1466 1095/1467 1096/1468
f 1094/1464 1096/1469 1034/1383 1033/1382
f 1096/1468 1095/1467 1097/1470 1098/1471
f 1096/1469 1098/1472 1036/1385 1034/1383
f 1098/1471 1097/1470 1099/1473 1100/1474
f 1098/1471 1100/1474 1038/1475 1036/1476
f 1100/1474 1099/1473 1101/1477 1102/1478
f 1100/1474 1102/1478 1040/1479 1038/1475
f 1102/1478 1101/1477 1103/1480 1104/1481
f 1102/1478 1104/1481 1105/1482 1040/1479
f 1105/1483 1043/1396 1041/1392 1040/1391
f 1105/1483 1104/1484 1106/1485 1107/1486
f 1105/1483 1107/1486 1045/1398 1043/1396
f 1107/1486 1106/1485 1108/1487 1109/1488
f 1107/1486 1109/1488 1047/1400 1045/1398
f 1109/1488 1108/1487 1110/1489 1111/1490
f 1109/1488 1111/1490 1112/1491 1047/1400
f 1112/1491 1050/1403 1048/1401 1047/1400
f 1112/1492 1111/1493 1113/1494 1114/1495
f 1112/1492 1114/1495 1052/1407 1050/1406
f 1114/1495 1113/1494 1115/1496 1116/1497
f 1114/1495 1116/1497 1054/1410 1052/1407
f 1116/1497 1115/1496 1117/1498 1118/1499
f 1116/1497 1118/1499 1119/1500 1054/1410
f 1119/1500 1057/1414 1055/1411 1054/1410
f 1119/1501 1118/1502 1120/1503 1121/1504
f 1119/1501 1121/1504 1059/1418 1057/1417
f 1121/1504 1120/1503 1122/1505 1123/1506
f 1121/1504 1123/1506 1061/1421 1059/1418
f 1123/1506 1122/1505 1124/1507 1125/1508
f 1123/1506 1125/1508 1063/1423 1061/1421
f 1125/1508 1124/1507 1126/1509 1127/1510
f 1125/1508 1127/1510 1065/1425 1063/1423
f 1127/1510 1126/1509 1128/1511 1129/1512
f 1127/1510 1129/1512 1130/1513 1065/1425
f 1130/1513 1068/1428 1066/1426 1065/1425
f 1130/1513 1129/1512 1131/1514 1076/1438
f 1130/1513 1076/1438 1074/1436 1068/1428
f 1131/1514 1129/1512 1128/1511 1132/1515
f 1131/1514 1132/1515 1133/1516 1079/1442
f 1131/1514 1079/1442 1077/1439 1076/1438
f 1133/1517 1132/1518 1134/1519 1135/1520
f 1133/1517 1135/1520 1136/1521 1082/1522
f 1133/1516 1082/1447 1080/1443 1079/1442
f 1136/1521 1135/1520 1137/1523 1138/1524
f 1136/1521 1138/1524 1139/1525 1085/1526
f 1136/1521 1085/1526 1083/1527 1082/1522
f 1139/1525 1138/1524 1140/1528 1141/1529
f 1139/1530 1141/1531 1142/1532 1088/1455
f 1139/1530 1088/1455 1086/1453 1085/1452
f 1142/1532 1141/1531 1143/1533 1144/1534
f 1142/1532 1144/1534 1145/1535 1091/1459
f 1142/1532 1091/1459 1089/1456 1088/1455
f 1145/1535 1144/1534 1146/1536 1147/1537
f 1145/1535 1147/1537 1148/1538 1149/1539
f 1145/1535 1149/1539 1092/1460 1091/1459
f 1149/1540 1148/1541 1150/1542 1151/1543
f 1149/1540 1151/1543 1093/1544 1092/1545
f 1151/1546 1150/1547 1152/1548 1153/1549
f 1151/1546 1153/1549 1095/1467 1093/1466
f 1153/1549 1152/1548 1154/1550 1155/1551
f 1153/1549 1155/1551 1097/1470 1095/1467
f 1155/1551 1154/1550 1156/1552 1157/1553
f 1155/1551 1157/1553 1099/1473 1097/1470
f 1157/1553 1156/1552 1158/1554 1159/1555
f 1157/1553 1159/1555 1101/1477 1099/1473
f 1159/1555 1158/1554 1160/1556 1161/1557
f 1159/1555 1161/1557 1103/1480 1101/1477
f 1161/1557 1160/1556 1162/1558 1163/1559
f 1161/1557 1163/1559 1164/1560 1103/1480
f 1164/1560 1106/1561 1104/1481 1103/1480
f 1164/1560 1163/1559 1165/1562 1166/1563
f 1164/1564 1166/1565 1108/1487 1106/1485
f 1166/1565 1165/1566 1167/1567 1168/1568
f 1166/1565 1168/1568 1110/1489 1108/1487
f 1168/1569 1167/1570 1169/1571 1170/1572
f 1168/1569 1170/1572 1171/1573 1110/1574
f 1171/1573 1113/1494 1111/1493 1110/1574
f 1171/1573 1170/1572 1172/1575 1173/1576
f 1171/1573 1173/1576 1115/1496 1113/1494
f 1173/1576 1172/1575 1174/1577 1175/1578
f 1173/1576 1175/1578 1117/1498 1115/1496
f 1175/1578 1174/1577 1176/1579 1177/1580
f 1175/1581 1177/1582 1178/1583 1117/1584
f 1178/1583 1120/1585 1118/1586 1117/1584
f 1178/1583 1177/1582 1179/1587 1180/1588
f 1178/1583 1180/1588 1122/1589 1120/1585
f 1180/1588 1179/1587 1181/1590 1182/1591
f 1180/1588 1182/1591 1124/1592 1122/1589
f 1182/1591 1181/1590 1183/1593 1184/1594
f 1182/1591 1184/1594 1126/1595 1124/1592
f 1184/1594 1183/1593 1185/1596 1186/1597
f 1184/1594 1186/1597 1128/1598 1126/1595
f 1186/1597 1185/1596 1187/1599 1134/1519
f 1186/1597 1134/1519 1132/1518 1128/1598
f 1187/1599 1185/1596 1188/1600 1189/1601
f 1187/1599 1189/1601 1190/1602 1137/1523
f 1187/1599 1137/1523 1135/1520 1134/1519
f 1190/1602 1189/1601 1191/1603 1192/1604
f 1190/1602 1192/1604 1193/1605 1140/1528
f 1190/1602 1140/1528 1138/1524 1137/1523
f 1193/1605 1192/1604 1194/1606 1195/1607
f 1193/1605 1195/1607 1196/1608 1143/1609
f 1193/1605 1143/1609 1141/1529 1140/1528
f 1196/1608 1195/1607 1197/1610 1198/1611
f 1196/1612 1198/1613 1199/1614 1146/1536
f 1196/1612 1146/1536 1144/1534 1143/1533
f 1199/1614 1198/1613 1200/1615 1201/1616
f 1199/1614 1201/1616 1202/1617 1203/1618
f 1199/1614 1203/1618 1147/1537 1146/1536
f 1203/1619 1202/1620 1204/1621 1205/1622
f 1203/1619 1205/1622 1148/1541 1147/1623
f 1205/1622 1204/1621 1206/1624 1207/1625
f 1205/1622 1207/1625 1150/1542 1148/1541
f 1207/1626 1206/1627 1208/1628 1209/1629
f 1207/1626 1209/1629 1152/1548 1150/1547
f 1209/1629 1208/1628 1210/1630 1211/1631
f 1209/1629 1211/1631 1154/1550 1152/1548
f 1211/1631 1210/1630 129/140 133/144
f 1211/1631 133/144 1156/1552 1154/1550
f 1210/1630 1208/1628 108/1632 1212/1633
f 1210/1630 1212/1633 130/141 129/140
f 1212/1634 108/1635 107/1636 1213/1637
f 1212/1634 1213/1637 1214/1638 130/1639
f 1214/1638 1215/1640 131/1641 130/1639
f 1214/1638 1213/1637 1216/1642 1217/1643
f 1214/1638 1217/1643 1218/1644 1215/1640
f 1218/1644 1219/1645 1220/1646 1215/1640
f 1218/1644 1217/1643 1221/1647 1222/1648
f 1218/1644 1222/1648 1223/1649 1219/1645
f 1223/1650 1224/1651 1225/1652 1219/1653
f 1223/1650 1222/1654 1226/1655 1227/1656
f 1223/1650 1227/1656 1228/1657 1224/1651
f 1228/1657 1169/1571 1167/1570 1224/1651
f 1228/1657 1227/1656 1229/1658 1230/1659
f 1228/1657 1230/1659 1231/1660 1169/1571
f 1231/1660 1172/1575 1170/1572 1169/1571
f 1231/1660 1230/1659 1232/1661 1233/1662
f 1231/1660 1233/1662 1174/1577 1172/1575
f 1233/1662 1232/1661 1234/1663 1235/1664
f 1233/1662 1235/1664 1176/1579 1174/1577
f 1235/1665 1234/1666 1236/1667 1237/1668
f 1235/1665 1237/1668 1238/1669 1176/1670
f 1238/1669 1179/1587 1177/1582 1176/1670
f 1238/1669 1237/1668 1239/1671 1240/1672
f 1238/1669 1240/1672 1181/1590 1179/1587
f 1240/1672 1239/1671 1241/1673 1242/1674
f 1240/1672 1242/1674 1183/1593 1181/1590
f 1242/1674 1241/1673 1243/1675 1188/1600
f 1242/1674 1188/1600 1185/1596 1183/1593
f 1243/1675 1241/1673 1244/1676 1245/1677
f 1243/1675 1245/1677 1246/1678 1191/1603
f 1243/1675 1191/1603 1189/1601 1188/1600
f 1246/1678 1245/1677 1247/1679 1248/1680
f 1246/1678 1248/1680 1249/1681 1194/1606
f 1246/1678 1194/1606 1192/1604 1191/1603
f 1249/1681 1248/1680 120/129 122/131
f 1249/1681 122/131 1250/1682 1197/1610
f 1249/1681 1197/1610 1195/1607 1194/1606
f 1250/1682 122/131 119/128 115/122
f 1250/1683 115/1684 14/1685 1200/1615
f 1250/1683 1200/1615 1198/1613 1197/1686
f 1248/1680 1247/1679 121/130 120/129
f 1247/1679 1245/1677 1244/1676 1251/1687
f 1247/1679 1251/1687 128/138 121/130
f 1251/1687 1244/1676 1252/1688 1253/1689
f 1251/1687 1253/1689 126/136 128/138
f 1253/1689 1252/1688 1236/1667 1254/1690
f 1253/1689 1254/1690 127/137 126/136
f 1254/1690 1236/1667 1234/1666 1255/1691
f 1254/1692 1255/1693 1256/1694 127/1695
f 1256/1696 1255/1697 1257/1698 1258/1699
f 1256/1696 1258/1699 1259/1700 1260/1701
f 1256/1694 1260/1702 123/1703 127/1695
f 1260/1704 1259/1705 1261/1706 1262/1707
f 1260/1704 1262/1707 124/134 123/133
f 1262/1708 1261/1709 110/116 116/1710
f 1262/1707 116/123 118/127 124/134
f 1261/1709 1259/1711 1263/1712 1264/1713
f 1261/1709 1264/1713 111/117 110/116
f 1264/1713 1263/1712 1265/1714 1266/1715
f 1264/1713 1266/1715 114/120 111/117
f 1266/1715 1265/1714 1221/1716 1267/1717
f 1266/1715 1267/1717 1268/1718 114/120
f 1268/1718 1267/1717 1216/1719 109/112
f 1268/1718 109/112 106/111 1269/1720
f 1268/1718 1269/1720 112/118 114/120
f 1269/1721 106/107 105/106 1270/1722
f 1269/1720 1270/1723 113/119 112/118
f 1270/1724 1202/1617 1201/1616 113/1725
f 1270/1722 105/106 1204/1621 1202/1620
f 1267/1726 1221/1647 1217/1643 1216/1642
f 1265/1727 1226/1655 1222/1654 1221/1728
f 1265/1727 1263/1729 1271/1730 1226/1655
f 1271/1730 1229/1658 1227/1656 1226/1655
f 1271/1730 1263/1729 1259/1700 1258/1699
f 1271/1730 1258/1699 1257/1698 1229/1658
f 1257/1698 1232/1661 1230/1659 1229/1658
f 1257/1698 1255/1697 1234/1663 1232/1661
f 1252/1688 1239/1671 1237/1668 1236/1667
f 1252/1688 1244/1676 1241/1673 1239/1671
f 1225/1731 1165/1562 1163/1559 1162/1558
f 1225/1731 1162/1558 1220/1732 1219/1733
f 1225/1652 1224/1651 1167/1570 1165/1734
f 1220/1732 1162/1558 1160/1556 134/145
f 1220/1732 134/145 131/142 1215/1735
f 1216/1642 1213/1637 107/1636 109/1736
f 1208/1737 1206/1624 104/105 108/109
f 1206/1624 1204/1621 105/106 104/105
f 1201/1616 1200/1615 14/1685 113/1725
f 1160/1556 1158/1554 132/143 134/145
f 1158/1554 1156/1552 133/144 132/143
f 1012/1347 606/796 602/795 601/1435
f 1012/1347 1008/1340 1007/1339 606/796
f 1007/1339 611/802 607/797 606/796
f 1005/1336 616/807 612/803 611/802
f 1003/1335 621/812 617/808 616/807
f 984/1305 626/819 622/818 621/1331
f 970/1290 969/1289 1272/1738 907/1194
f 1272/1738 969/1289 1273/1739 1274/1740
f 1272/1738 1274/1740 1275/1741 910/1197
f 1272/1738 910/1197 908/1195 907/1194
f 1275/1742 1274/1743 1276/1744 1277/1745
f 1275/1742 1277/1745 1278/1746 1279/1747
f 1275/1741 1279/1748 911/1198 910/1197
f 1279/1747 1278/1746 1280/1749 1281/1750
f 1279/1748 1281/1751 912/1199 911/1198
f 1281/1750 1280/1749 1282/1752 1283/1753
f 1281/1751 1283/1754 914/1201 912/1199
f 1283/1753 1282/1752 1284/1755 919/1756
f 1283/1754 919/1757 916/1758 914/1201
f 1284/1755 1282/1752 1285/1759 1286/1760
f 1284/1761 1286/1762 1287/1763 922/1218
f 1284/1761 922/1218 920/1214 919/1213
f 1287/1763 1286/1762 1288/1764 1289/1765
f 1287/1763 1289/1765 1290/1766 1291/1767
f 1287/1763 1291/1767 923/1219 922/1218
f 1291/1767 1290/1766 1292/1768 1293/1769
f 1291/1767 1293/1769 924/1220 923/1219
f 1293/1769 1292/1768 1294/1770 1295/1771
f 1293/1772 1295/1773 926/1225 924/1224
f 1295/1773 1294/1774 1296/1775 1297/1776
f 1295/1773 1297/1776 928/1227 926/1225
f 1297/1776 1296/1775 1298/1777 933/1232
f 1297/1776 933/1232 930/1229 928/1227
f 1298/1778 1296/1779 1299/1780 1300/1781
f 1298/1778 1300/1781 1301/1782 1302/1783
f 1298/1777 1302/1784 934/1233 933/1232
f 1302/1783 1301/1782 1303/1785 1304/1786
f 1302/1783 1304/1786 935/1236 934/1235
f 1304/1786 1303/1785 1305/1787 1306/1788
f 1304/1786 1306/1788 937/1239 935/1236
f 1306/1788 1305/1787 1307/1789 1308/1790
f 1306/1788 1308/1790 939/1242 937/1239
f 1308/1790 1307/1789 1309/1791 1310/1792
f 1308/1793 1310/1794 941/1247 939/1246
f 1310/1792 1309/1791 1311/1795 1312/1796
f 1310/1794 1312/1797 943/1249 941/1247
f 1312/1797 1311/1798 1313/1799 1314/1800
f 1312/1797 1314/1800 1315/1801 943/1249
f 1315/1801 946/1252 944/1250 943/1249
f 1315/1802 1314/1803 1316/1804 1317/1805
f 1315/1802 1317/1805 1318/1806 946/1807
f 1318/1808 949/1256 947/1253 946/1252
f 1318/1806 1317/1805 1319/1809 1320/1810
f 1318/1806 1320/1810 951/1261 949/1260
f 1320/1810 1319/1809 1321/1811 1322/1812
f 1320/1810 1322/1812 953/1265 951/1261
f 1322/1812 1321/1811 1323/1813 1324/1814
f 1322/1812 1324/1814 1325/1815 953/1265
f 1325/1815 958/1273 954/1266 953/1265
f 1325/1816 1324/1817 1326/1818 1327/1819
f 1325/1820 1327/1821 966/1284 958/1822
f 1327/1819 1326/1818 1328/1823 1329/1824
f 1327/1821 1329/1825 967/1285 966/1284
f 1329/1824 1328/1823 1330/1826 1273/1827
f 1329/1825 1273/1739 969/1289 967/1285
f 1330/1826 1328/1823 1331/1828 1332/1829
f 1330/1826 1332/1829 1333/1830 1276/1744
f 1330/1826 1276/1744 1274/1743 1273/1827
f 1333/1830 1332/1829 1334/1831 1335/1832
f 1333/1830 1335/1832 1336/1833 1337/1834
f 1333/1830 1337/1834 1277/1745 1276/1744
f 1337/1834 1336/1833 1338/1835 1339/1836
f 1337/1834 1339/1836 1278/1746 1277/1745
f 1339/1836 1338/1835 1340/1837 1341/1838
f 1339/1836 1341/1838 1280/1749 1278/1746
f 1341/1838 1340/1837 1342/1839 1285/1759
f 1341/1838 1285/1759 1282/1752 1280/1749
f 1342/1839 1340/1837 1343/1840 1344/1841
f 1342/1842 1344/1843 1345/1844 1288/1764
f 1342/1839 1288/1845 1286/1760 1285/1759
f 1345/1844 1344/1843 1346/1846 1347/1847
f 1345/1844 1347/1847 1348/1848 1349/1849
f 1345/1844 1349/1849 1289/1765 1288/1764
f 1349/1849 1348/1848 1350/1850 1351/1851
f 1349/1849 1351/1851 1290/1766 1289/1765
f 1351/1851 1350/1850 1352/1852 1353/1853
f 1351/1851 1353/1853 1292/1768 1290/1766
f 1353/1853 1352/1852 1354/1854 1355/1855
f 1353/1853 1355/1855 1294/1770 1292/1768
f 1355/1856 1354/1857 1356/1858 1299/1780
f 1355/1859 1299/1860 1296/1775 1294/1774
f 1356/1861 1354/1862 1357/1863 1358/1864
f 1356/1858 1358/1865 1359/1866 1360/1867
f 1356/1858 1360/1867 1300/1781 1299/1780
f 1360/1867 1359/1866 1361/1868 1362/1869
f 1360/1867 1362/1869 1301/1782 1300/1781
f 1362/1869 1361/1868 1363/1870 1364/1871
f 1362/1869 1364/1871 1303/1785 1301/1782
f 1364/1871 1363/1870 1365/1872 1366/1873
f 1364/1871 1366/1873 1305/1787 1303/1785
f 1366/1873 1365/1872 1367/1874 1368/1875
f 1366/1873 1368/1875 1307/1789 1305/1787
f 1368/1875 1367/1874 1369/1876 1370/1877
f 1368/1875 1370/1877 1309/1791 1307/1789
f 1370/1877 1369/1876 1371/1878 1372/1879
f 1370/1877 1372/1879 1311/1795 1309/1791
f 1372/1880 1371/1881 1373/1882 1374/1883
f 1372/1884 1374/1885 1313/1799 1311/1798
f 1374/1886 1373/1887 1375/1888 1376/1889
f 1374/1886 1376/1889 1377/1890 1313/1891
f 1377/1890 1316/1804 1314/1803 1313/1891
f 1377/1890 1376/1889 1378/1892 1379/1893
f 1377/1890 1379/1893 1380/1894 1316/1804
f 1380/1894 1319/1809 1317/1805 1316/1804
f 1380/1894 1379/1893 1381/1895 1382/1896
f 1380/1894 1382/1896 1321/1811 1319/1809
f 1382/1896 1381/1895 1383/1897 1384/1898
f 1382/1896 1384/1898 1323/1813 1321/1811
f 1384/1899 1383/1900 1385/1901 1386/1902
f 1384/1899 1386/1902 1387/1903 1323/1904
f 1387/1903 1326/1818 1324/1817 1323/1904
f 1387/1903 1386/1902 1388/1905 1331/1828
f 1387/1903 1331/1828 1328/1823 1326/1818
f 1388/1905 1386/1902 1385/1901 1389/1906
f 1388/1905 1389/1906 1390/1907 1334/1831
f 1388/1905 1334/1831 1332/1829 1331/1828
f 1390/1907 1389/1906 1391/1908 1392/1909
f 1390/1907 1392/1909 1393/1910 1394/1911
f 1390/1907 1394/1911 1335/1832 1334/1831
f 1394/1911 1393/1910 1395/1912 1396/1913
f 1394/1911 1396/1913 1336/1833 1335/1832
f 1396/1913 1395/1912 1397/1914 1398/1915
f 1396/1913 1398/1915 1338/1835 1336/1833
f 1398/1915 1397/1914 1399/1916 1343/1840
f 1398/1915 1343/1840 1340/1837 1338/1835
f 1399/1916 1397/1914 1400/1917 1401/1918
f 1399/1916 1401/1918 1402/1919 1346/1920
f 1399/1916 1346/1920 1344/1841 1343/1840
f 1402/1921 1401/1922 1403/1923 1404/1924
f 1402/1921 1404/1924 1405/1925 1406/1926
f 1402/1921 1406/1926 1347/1927 1346/1928
f 1406/1929 1405/1930 1407/1931 1408/1932
f 1406/1929 1408/1932 1348/1848 1347/1847
f 1408/1932 1407/1931 1409/1933 1410/1934
f 1408/1932 1410/1934 1350/1850 1348/1848
f 1410/1934 1409/1933 1411/1935 1412/1936
f 1410/1934 1412/1936 1352/1852 1350/1850
f 1412/1936 1411/1935 1413/1937 1357/1938
f 1412/1936 1357/1938 1354/1854 1352/1852
f 1413/1937 1411/1935 1414/1939 1415/1940
f 1413/1941 1415/1942 1416/1943 1417/1944
f 1413/1941 1417/1944 1358/1864 1357/1863
f 1417/1944 1416/1943 1418/1945 1419/1946
f 1417/1944 1419/1946 1359/1947 1358/1864
f 1419/1946 1418/1945 1420/1948 1421/1949
f 1419/1950 1421/1951 1361/1868 1359/1866
f 1421/1949 1420/1948 1422/1952 1423/1953
f 1421/1951 1423/1954 1363/1870 1361/1868
f 1423/1953 1422/1952 1424/1955 1425/1956
f 1423/1954 1425/1957 1365/1872 1363/1870
f 1425/1957 1424/1958 101/1959 1426/1960
f 1425/1957 1426/1960 1367/1874 1365/1872
f 1426/1961 101/99 100/98 1427/1962
f 1426/1960 1427/1963 1369/1876 1367/1874
f 1427/1962 100/98 1428/1964 1429/1965
f 1427/1962 1429/1965 1371/1881 1369/1966
f 1429/1965 1428/1964 1430/1967 1431/1968
f 1429/1965 1431/1968 1373/1882 1371/1881
f 1431/1968 1430/1967 1432/1969 1433/1970
f 1431/1971 1433/1972 1375/1888 1373/1887
f 1433/1972 1432/1973 1434/1974 1435/1975
f 1433/1972 1435/1975 1436/1976 1375/1888
f 1436/1976 1378/1892 1376/1889 1375/1888
f 1436/1976 1435/1975 1437/1977 1438/1978
f 1436/1976 1438/1978 1439/1979 1378/1892
f 1439/1979 1381/1895 1379/1893 1378/1892
f 1439/1979 1438/1978 1440/1980 1441/1981
f 1439/1979 1441/1981 1383/1897 1381/1895
f 1441/1982 1440/1983 1442/1984 1443/1985
f 1441/1982 1443/1985 1385/1901 1383/1900
f 1443/1985 1442/1984 1444/1986 1391/1908
f 1443/1985 1391/1908 1389/1906 1385/1901
f 1444/1986 1442/1984 1445/1987 1446/1988
f 1444/1986 1446/1988 1447/1989 1448/1990
f 1444/1986 1448/1990 1392/1909 1391/1908
f 1448/1990 1447/1989 1449/1991 1450/1992
f 1448/1990 1450/1992 1393/1910 1392/1909
f 1450/1992 1449/1991 1451/1993 1452/1994
f 1450/1992 1452/1994 1395/1912 1393/1910
f 1452/1994 1451/1993 1453/1995 1400/1917
f 1452/1994 1400/1917 1397/1914 1395/1912
f 1453/1995 1451/1993 1454/1996 1455/1997
f 1453/1995 1455/1997 1456/1998 1403/1999
f 1453/1995 1403/1999 1401/1918 1400/1917
f 1456/2000 1455/2001 1457/2002 1458/2003
f 1456/2000 1458/2003 1459/2004 1460/2005
f 1456/2000 1460/2005 1404/1924 1403/1923
f 1460/2005 1459/2004 1461/2006 1462/2007
f 1460/2005 1462/2007 1405/1925 1404/1924
f 1462/2008 1461/2009 1463/2010 1464/2011
f 1462/2008 1464/2011 1407/1931 1405/1930
f 1464/2011 1463/2010 1465/2012 1466/2013
f 1464/2011 1466/2013 1409/1933 1407/1931
f 1466/2013 1465/2012 1467/2014 1414/1939
f 1466/2013 1414/1939 1411/1935 1409/1933
f 1467/2014 1465/2012 1468/2015 1469/2016
f 1467/2014 1469/2016 89/2017 93/2018
f 1467/2014 93/2018 1415/1940 1414/1939
f 1469/2019 1468/2020 1470/2021 1471/2022
f 1469/2019 1471/2022 90/84 89/83
f 1471/2022 1472/2023 1473/2024 90/84
f 1471/2022 1470/2021 1474/2025 1472/2023
f 1474/2025 1475/2026 1476/2027 1472/2023
f 1474/2025 1470/2021 1477/2028 1478/2029
f 1474/2025 1478/2029 1479/2030 1475/2026
f 1479/2030 1480/2031 1481/2032 1475/2026
f 1479/2030 1478/2029 88/2033 1482/2034
f 1479/2030 1482/2034 1483/2035 1480/2031
f 1483/2035 1484/2036 1485/2037 1480/2031
f 1483/2038 1482/2039 1486/2040 1487/2041
f 1483/2038 1487/2041 1488/2042 1484/2043
f 1488/2044 1489/2045 1490/2046 1484/2047
f 1488/2042 1487/2041 1491/2048 1492/2049
f 1488/2042 1492/2049 1493/2050 1489/2051
f 1493/2050 1445/1987 1494/2052 1489/2051
f 1493/2053 1492/2054 97/94 96/93
f 1493/2053 96/93 1446/2055 1445/2056
f 1494/2057 1440/1980 1438/1978 1437/1977
f 1494/2057 1437/1977 1490/2046 1489/2045
f 1494/2052 1445/1987 1442/1984 1440/1983
f 1492/2054 1491/2058 1495/2059 97/94
f 1495/2059 1454/2060 98/95 97/94
f 1495/2059 1491/2058 1496/2061 1457/2002
f 1495/2059 1457/2002 1455/2001 1454/2060
f 1496/2062 1491/2048 1487/2041 1486/2040
f 1496/2062 1486/2040 85/75 84/74
f 1496/2061 84/2063 1458/2003 1457/2002
f 1490/2046 1437/1977 1435/1975 1434/1974
f 1490/2046 1434/1974 1485/2064 1484/2047
f 1486/2040 1482/2039 88/80 85/75
f 1485/2064 1434/1974 1432/1973 1497/2065
f 1485/2037 1497/2066 1481/2032 1480/2031
f 1497/2067 1432/1969 1430/1967 1498/2068
f 1497/2066 1498/2069 1499/2070 1481/2032
f 1499/2070 1498/2069 1500/2071 1501/2072
f 1499/2070 1501/2072 1502/2073 1476/2027
f 1499/2070 1476/2027 1475/2026 1481/2032
f 1502/2073 1501/2072 103/102 1503/2074
f 1502/2073 1503/2074 1504/2075 1473/2024
f 1502/2073 1473/2024 1472/2023 1476/2027
f 1504/2076 1505/2077 94/91 91/90
f 1504/2075 91/85 90/84 1473/2024
f 1504/2076 1503/2078 1506/2079 1505/2077
f 1506/2079 1422/1952 1420/1948 1505/2077
f 1506/2080 1503/2074 103/102 102/101
f 1506/2079 102/2081 1424/1955 1422/1952
f 1505/2077 1420/1948 1418/1945 94/91
f 1501/2072 1500/2071 99/103 103/102
f 1500/2082 1428/1964 100/98 99/97
f 1500/2082 1498/2068 1430/1967 1428/1964
f 1478/2029 1477/2028 86/2083 88/2033
f 1477/2028 1470/2021 1468/2020 1507/2084
f 1477/2028 1507/2084 87/2085 86/2083
f 1507/2086 1463/2010 1461/2009 87/2087
f 1507/2086 1468/2015 1465/2012 1463/2010
f 1461/2006 1459/2004 83/2088 87/2089
f 1459/2004 1458/2003 84/2063 83/2088
f 1454/1996 1451/1993 1449/1991 98/2090
f 1449/1991 1447/1989 95/2091 98/2090
f 1447/2092 1446/2055 96/93 95/92
f 1424/2093 102/2094 11/96 101/99
f 1418/1945 1416/1943 92/87 94/91
f 1416/1943 1415/1942 93/88 92/87
f 870/1149 868/1148 673/2095 671/874
f 833/1093 829/1089 735/972 733/971
f 825/1085 738/975 736/973 735/972
f 821/1081 741/978 739/976 738/975
f 804/1058 803/1057 1508/2096 749/986
f 1508/2096 803/1057 1509/2097 1510/2098
f 1508/2096 1510/2098 1511/2099 752/989
f 1508/2096 752/989 750/987 749/986
f 1511/2099 1510/2098 1512/2100 1513/2101
f 1511/2099 1513/2101 1514/2102 755/992
f 1511/2099 755/992 753/990 752/989
f 1514/2103 1513/2104 1515/2105 1516/2106
f 1514/2103 1516/2106 1517/2107 1518/2108
f 1514/2103 1518/2108 756/2109 755/2110
f 1518/2108 1517/2107 1519/2111 1520/2112
f 1518/2108 1520/2112 757/2113 756/2109
f 1520/2112 1519/2111 1521/2114 1522/2115
f 1520/2112 1522/2115 759/999 757/2113
f 1522/2115 1521/2114 1523/2116 1524/2117
f 1522/2115 1524/2117 761/1000 759/999
f 1524/2118 1523/2119 1525/2120 1526/2121
f 1524/2118 1526/2121 763/1004 761/1003
f 1526/2121 1525/2120 1527/2122 1528/2123
f 1526/2121 1528/2123 765/1006 763/1004
f 1528/2123 1527/2122 1529/2124 1530/2125
f 1528/2123 1530/2125 767/2126 765/1006
f 1530/2127 1529/2128 1531/2129 1532/2130
f 1530/2127 1532/2130 769/1013 767/1011
f 1532/2130 1531/2129 1533/2131 1534/2132
f 1532/2130 1534/2132 771/1015 769/1013
f 1534/2132 1533/2131 1535/2133 1536/2134
f 1534/2132 1536/2134 773/1017 771/1015
f 1536/2134 1535/2133 1537/2135 1538/2136
f 1536/2134 1538/2136 775/1019 773/1017
f 1538/2136 1537/2135 1539/2137 781/1026
f 1538/2136 781/1026 779/1023 775/1019
f 1539/2137 1537/2135 1540/2138 1541/2139
f 1539/2140 1541/2141 1542/2142 1543/2143
f 1539/2137 1543/2144 782/1027 781/1026
f 1543/2145 1542/2146 1544/2147 1545/2148
f 1543/2145 1545/2148 783/1030 782/1029
f 1545/2148 1544/2147 1546/2149 1547/2150
f 1545/2148 1547/2150 785/1032 783/1030
f 1547/2150 1546/2149 1548/2151 1549/2152
f 1547/2150 1549/2152 787/1034 785/1032
f 1549/2152 1548/2151 1550/2153 1551/2154
f 1549/2152 1551/2154 789/1036 787/1034
f 1551/2154 1550/2153 1552/2155 1553/2156
f 1551/2154 1553/2156 791/1038 789/1036
f 1553/2157 1552/2158 1554/2159 1555/2160
f 1553/2157 1555/2160 1556/2161 791/2162
f 1556/2163 794/1041 792/1039 791/1038
f 1556/2161 1555/2160 1557/2164 1558/2165
f 1556/2161 1558/2165 1559/2166 794/2167
f 1559/2166 797/1047 795/2168 794/2167
f 1559/2166 1558/2165 1560/2169 1561/2170
f 1559/2166 1561/2170 799/1048 797/1047
f 1561/2171 1560/2172 1562/2173 1563/2174
f 1561/2171 1563/2174 801/1053 799/1052
f 1563/2174 1562/2173 1564/2175 1509/2097
f 1563/2174 1509/2097 803/1057 801/1053
f 1564/2175 1562/2173 1565/2176 1566/2177
f 1564/2175 1566/2177 1567/2178 1512/2100
f 1564/2175 1512/2100 1510/2098 1509/2097
f 1567/2179 1566/2180 1568/2181 1569/2182
f 1567/2179 1569/2182 1570/2183 1515/2105
f 1567/2179 1515/2105 1513/2104 1512/2184
f 1570/2183 1569/2182 1571/2185 1572/2186
f 1570/2183 1572/2186 1573/2187 1574/2188
f 1570/2183 1574/2188 1516/2106 1515/2105
f 1574/2188 1573/2187 1575/2189 1576/2190
f 1574/2188 1576/2190 1517/2107 1516/2106
f 1576/2190 1575/2189 1577/2191 1578/2192
f 1576/2190 1578/2192 1519/2111 1517/2107
f 1578/2192 1577/2191 1579/2193 1580/2194
f 1578/2192 1580/2194 1521/2114 1519/2111
f 1580/2194 1579/2193 1581/2195 1582/2196
f 1580/2194 1582/2196 1523/2116 1521/2114
f 1582/2197 1581/2198 1583/2199 1584/2200
f 1582/2197 1584/2200 1525/2120 1523/2119
f 1584/2200 1583/2199 1585/2201 1586/2202
f 1584/2200 1586/2202 1527/2122 1525/2120
f 1586/2202 1585/2201 1587/2203 1588/2204
f 1586/2202 1588/2204 1529/2124 1527/2122
f 1588/2204 1587/2203 1589/2205 1590/2206
f 1588/2207 1590/2208 1531/2129 1529/2128
f 1590/2208 1589/2209 1591/2210 1592/2211
f 1590/2208 1592/2211 1533/2131 1531/2129
f 1592/2212 1591/2213 1593/2214 1594/2215
f 1592/2211 1594/2216 1535/2133 1533/2131
f 1594/2215 1593/2214 1595/2217 1540/2218
f 1594/2216 1540/2138 1537/2135 1535/2133
f 1595/2217 1593/2214 1596/2219 1597/2220
f 1595/2217 1597/2220 1598/2221 1599/2222
f 1595/2217 1599/2222 1541/2141 1540/2218
f 1599/2222 1598/2221 1600/2223 1601/2224
f 1599/2222 1601/2224 1542/2142 1541/2141
f 1601/2224 1600/2223 1602/2225 1603/2226
f 1601/2227 1603/2228 1544/2147 1542/2146
f 1603/2228 1602/2229 1604/2230 1605/2231
f 1603/2228 1605/2231 1546/2149 1544/2147
f 1605/2231 1604/2230 1606/2232 1607/2233
f 1605/2231 1607/2233 1548/2151 1546/2149
f 1607/2233 1606/2232 1608/2234 1609/2235
f 1607/2233 1609/2235 1550/2153 1548/2151
f 1609/2236 1608/2237 1610/2238 1611/2239
f 1609/2236 1611/2239 1552/2158 1550/2240
f 1611/2239 1610/2238 1612/2241 1613/2242
f 1611/2239 1613/2242 1554/2159 1552/2158
f 1613/2242 1612/2241 1614/2243 1615/2244
f 1613/2242 1615/2244 1616/2245 1554/2159
f 1616/2245 1557/2164 1555/2160 1554/2159
f 1616/2246 1615/2247 1617/2248 1618/2249
f 1616/2246 1618/2249 1619/2250 1557/2251
f 1619/2250 1560/2252 1558/2253 1557/2251
f 1619/2254 1618/2255 1620/2256 1565/2257
f 1619/2258 1565/2176 1562/2173 1560/2172
f 1620/2259 1618/2249 1617/2248 1621/2260
f 1620/2259 1621/2260 1622/2261 1568/2262
f 1620/2259 1568/2262 1566/2263 1565/2264
f 1622/2261 1621/2260 1623/2265 1624/2266
f 1622/2261 1624/2266 1625/2267 1571/2268
f 1622/2261 1571/2268 1569/2269 1568/2262
f 1625/2267 1624/2266 1626/2270 1627/2271
f 1625/2267 1627/2271 1628/2272 1629/2273
f 1625/2267 1629/2273 1572/2274 1571/2268
f 1629/2273 1628/2272 1630/2275 1631/2276
f 1629/2273 1631/2276 1573/2277 1572/2274
f 1631/2278 1630/2279 1632/2280 1633/2281
f 1631/2278 1633/2281 1575/2189 1573/2187
f 1633/2281 1632/2280 1634/2282 1635/2283
f 1633/2281 1635/2283 1577/2191 1575/2189
f 1635/2283 1634/2282 1636/2284 1637/2285
f 1635/2283 1637/2285 1579/2193 1577/2191
f 1637/2285 1636/2284 1638/2286 1639/2287
f 1637/2285 1639/2287 1581/2195 1579/2193
f 1639/2288 1638/2289 1640/2290 1641/2291
f 1639/2288 1641/2291 1583/2199 1581/2198
f 1641/2291 1640/2290 1642/2292 1643/2293
f 1641/2291 1643/2293 1585/2201 1583/2199
f 1643/2294 1642/2295 1644/2296 1645/2297
f 1643/2293 1645/2298 1587/2203 1585/2201
f 1645/2297 1644/2296 1646/2299 1647/2300
f 1645/2297 1647/2300 1589/2301 1587/2302
f 1647/2303 1646/2304 1648/2305 1649/2306
f 1647/2303 1649/2306 1591/2213 1589/2307
f 1649/2306 1648/2305 1650/2308 1596/2219
f 1649/2306 1596/2219 1593/2214 1591/2213
f 1650/2308 1648/2305 1651/2309 1652/2310
f 1650/2308 1652/2310 1653/2311 1654/2312
f 1650/2308 1654/2312 1597/2220 1596/2219
f 1654/2312 1653/2311 1655/2313 1656/2314
f 1654/2312 1656/2314 1598/2221 1597/2220
f 1656/2314 1655/2313 1657/2315 1658/2316
f 1656/2314 1658/2316 1600/2223 1598/2221
f 1658/2316 1657/2315 1659/2317 1660/2318
f 1658/2316 1660/2318 1602/2225 1600/2223
f 1660/2318 1659/2317 1661/2319 1662/2320
f 1660/2318 1662/2320 1604/2321 1602/2225
f 1662/2320 1661/2319 1663/2322 1664/2323
f 1662/2320 1664/2323 1606/2324 1604/2321
f 1664/2325 1663/2326 1665/2327 1666/2328
f 1664/2329 1666/2330 1608/2234 1606/2232
f 1666/2328 1665/2327 1667/2331 1668/2332
f 1666/2328 1668/2332 1610/2238 1608/2237
f 1668/2332 1667/2331 1669/2333 1670/2334
f 1668/2332 1670/2334 1612/2241 1610/2238
f 1670/2334 1669/2333 1671/2335 1672/2336
f 1670/2334 1672/2336 1614/2243 1612/2241
f 1672/2337 1671/2338 1673/2339 1674/2340
f 1672/2337 1674/2340 1675/2341 1614/2342
f 1675/2341 1617/2248 1615/2247 1614/2342
f 1675/2341 1674/2340 1676/2343 1623/2265
f 1675/2341 1623/2265 1621/2260 1617/2248
f 1676/2343 1674/2340 1673/2339 1677/2344
f 1676/2343 1677/2344 1678/2345 1626/2270
f 1676/2343 1626/2270 1624/2266 1623/2265
f 1678/2345 1677/2344 1679/2346 1680/2347
f 1678/2345 1680/2347 1681/2348 1682/2349
f 1678/2345 1682/2349 1627/2271 1626/2270
f 1682/2349 1681/2348 1683/2350 1684/2351
f 1682/2349 1684/2351 1628/2272 1627/2271
f 1684/2351 1683/2350 1685/2352 1686/2353
f 1684/2351 1686/2353 1630/2275 1628/2272
f 1686/2353 1685/2352 1687/2354 1688/2355
f 1686/2353 1688/2355 1632/2356 1630/2275
f 1688/2355 1687/2354 1689/2357 1690/2358
f 1688/2355 1690/2358 1634/2359 1632/2356
f 1690/2360 1689/2361 1691/2362 1692/2363
f 1690/2360 1692/2363 1636/2284 1634/2282
f 1692/2363 1691/2362 1693/2364 1694/2365
f 1692/2363 1694/2365 1638/2286 1636/2284
f 1694/2366 1693/2367 1695/2368 1696/2369
f 1694/2366 1696/2369 1640/2290 1638/2289
f 1696/2369 1695/2368 1697/2370 1698/2371
f 1696/2369 1698/2371 1642/2292 1640/2290
f 1698/2372 1697/2373 1699/2374 1700/2375
f 1698/2372 1700/2375 1644/2296 1642/2295
f 1700/2375 1699/2374 1701/2376 1702/2377
f 1700/2375 1702/2377 1646/2299 1644/2296
f 1702/2378 1701/2379 1703/2380 1651/2309
f 1702/2378 1651/2309 1648/2305 1646/2304
f 1703/2381 1701/2376 1704/2382 1705/2383
f 1703/2380 1705/2384 1706/2385 1707/2386
f 1703/2380 1707/2386 1652/2310 1651/2309
f 1707/2386 1706/2385 157/172 162/177
f 1707/2386 162/177 1653/2311 1652/2310
f 1706/2387 1705/2383 1708/2388 1709/2389
f 1706/2385 1709/2390 158/173 157/172
f 1709/2389 1708/2388 1710/2391 1711/2392
f 1709/2390 1711/2393 1712/2394 158/173
f 1712/2394 1713/2395 159/174 158/173
f 1712/2396 1711/2397 177/2398 1714/2399
f 1712/2396 1714/2399 1715/2400 1713/2401
f 1715/2400 1716/2402 1717/2403 1713/2401
f 1715/2400 1714/2399 1718/2404 1719/2405
f 1715/2400 1719/2405 1720/2406 1716/2402
f 1720/2406 1663/2407 1661/2408 1716/2402
f 1720/2406 1719/2405 1721/2409 1722/2410
f 1720/2411 1722/2412 1665/2327 1663/2326
f 1722/2412 1721/2413 1723/2414 1724/2415
f 1722/2412 1724/2415 1667/2331 1665/2327
f 1724/2415 1723/2414 1725/2416 1726/2417
f 1724/2415 1726/2417 1669/2333 1667/2331
f 1726/2417 1725/2416 1727/2418 1728/2419
f 1726/2417 1728/2419 1671/2335 1669/2333
f 1728/2419 1727/2418 1729/2420 1730/2421
f 1728/2419 1730/2421 1673/2422 1671/2335
f 1730/2423 1729/2424 1731/2425 1679/2346
f 1730/2423 1679/2346 1677/2344 1673/2339
f 1731/2425 1729/2424 1732/2426 1733/2427
f 1731/2425 1733/2427 165/180 164/179
f 1731/2425 164/179 1680/2347 1679/2346
f 1733/2427 1732/2426 1734/2428 1735/2429
f 1733/2427 1735/2429 1736/2430 165/180
f 1736/2430 1735/2429 1737/2431 1738/2432
f 1736/2430 1738/2432 1739/2433 1740/2434
f 1736/2430 1740/2434 166/181 165/180
f 1740/2434 1685/2352 1683/2350 166/181
f 1740/2434 1739/2433 1687/2354 1685/2352
f 1739/2433 1738/2432 171/2435 1741/2436
f 1739/2433 1741/2436 1689/2357 1687/2354
f 1741/2437 171/187 170/186 1742/2438
f 1741/2437 1742/2438 1691/2362 1689/2361
f 1742/2438 170/186 172/188 1743/2439
f 1742/2438 1743/2439 1693/2364 1691/2362
f 1743/2440 172/2441 1744/2442 1745/2443
f 1743/2444 1745/2445 1695/2368 1693/2367
f 1745/2443 1744/2442 1746/2446 1747/2447
f 1745/2443 1747/2447 1697/2373 1695/2448
f 1747/2447 1746/2446 1748/2449 1749/2450
f 1747/2447 1749/2450 1699/2374 1697/2373
f 1749/2450 1748/2449 1750/2451 1704/2382
f 1749/2450 1704/2382 1701/2376 1699/2374
f 1750/2451 1748/2449 1751/2452 1752/2453
f 1750/2451 1752/2453 1710/2391 1708/2388
f 1750/2451 1708/2388 1705/2383 1704/2382
f 1752/2454 1751/2455 1753/2456 174/191
f 1752/2454 174/191 173/190 1710/2457
f 1753/2456 1751/2455 1754/2458 1755/2459
f 1753/2456 1755/2459 1756/2460 1757/2461
f 1753/2456 1757/2461 175/192 174/191
f 1757/2461 1758/2462 178/195 175/192
f 1757/2461 1756/2460 1759/2463 1758/2462
f 1759/2463 1760/2464 1761/2465 1758/2462
f 1759/2463 1756/2460 1762/2466 1763/2467
f 1759/2463 1763/2467 1764/2468 1760/2464
f 1764/2469 1727/2418 1725/2416 1760/2470
f 1764/2468 1763/2467 1734/2471 1732/2472
f 1764/2473 1732/2426 1729/2424 1727/2474
f 1763/2467 1762/2466 1765/2475 1734/2471
f 1765/2475 1762/2466 1766/2476 168/2477
f 1765/2478 168/184 167/183 1737/2479
f 1765/2480 1737/2431 1735/2429 1734/2428
f 1766/2476 1762/2466 1756/2460 1755/2459
f 1766/2476 1755/2459 1754/2458 1767/2481
f 1766/2476 1767/2481 169/2482 168/2477
f 1767/2483 1744/2442 172/2441 169/2484
f 1767/2483 1754/2485 1746/2446 1744/2442
f 1761/2486 1723/2414 1721/2413 1768/2487
f 1761/2465 1768/2488 178/195 1758/2462
f 1761/2486 1760/2470 1725/2416 1723/2414
f 1768/2489 1721/2409 1719/2405 1718/2404
f 1768/2488 1718/2490 176/193 178/195
f 1754/2485 1751/2452 1748/2449 1746/2446
f 1738/2432 1737/2431 167/2491 171/2435
f 1718/2490 1714/2492 177/194 176/193
f 1717/2493 1659/2317 1657/2315 160/175
f 1717/2493 160/175 159/174 1713/2395
f 1717/2493 1716/2494 1661/2319 1659/2317
f 1711/2495 1710/2457 173/190 177/194
f 1683/2350 1681/2348 163/178 166/181
f 1681/2348 1680/2347 164/179 163/178
f 1657/2315 1655/2313 161/176 160/175
f 1655/2313 1653/2311 162/177 161/176
f 710/933 708/930 707/929 688/904
f 707/929 692/909 689/905 688/904
f 707/929 705/928 704/2496 692/909
f 704/924 695/2497 693/2498 692/2499
f 704/924 701/921 697/920 695/2497
f 691/908 411/516 57/24 56/23
f 668/869 393/498 1769/2500 61/29
f 668/869 61/29 60/28 664/870
f 668/869 396/501 394/499 393/498
f 1769/2500 393/498 389/494 388/493
f 1769/2501 388/2502 1770/2503 1771/2504
f 1769/2501 1771/2504 62/2505 61/2506
f 1771/2504 1770/2503 1772/2507 1773/2508
f 1771/2509 1773/2510 65/37 62/36
f 1773/2510 1772/2511 1774/2512 655/852
f 1773/2510 655/852 654/851 65/37
f 1774/2513 1772/2507 1775/2514 1776/2515
f 1774/2513 1776/2515 1777/2516 650/2517
f 1774/2512 650/845 649/844 655/852
f 1777/2518 1776/2519 1778/2520 1779/2521
f 1777/2516 1779/2522 1780/2523 645/839
f 1777/2516 645/839 644/838 650/2517
f 1780/2523 1779/2522 1781/2524 1782/2525
f 1780/2523 1782/2525 1783/2526 640/834
f 1780/2523 640/834 639/833 645/839
f 1783/2526 1782/2525 1784/2527 1785/2528
f 1783/2526 1785/2528 1786/2529 635/829
f 1783/2526 635/829 634/828 640/834
f 1786/2529 1785/2528 1787/2530 1788/2531
f 1786/2529 1788/2531 1789/2532 630/824
f 1786/2529 630/824 629/823 635/829
f 1789/2533 1788/2534 1790/2535 1791/2536
f 1789/2533 1791/2536 1792/2537 625/816
f 1789/2532 625/2538 624/822 630/824
f 1792/2537 1791/2536 1793/2539 1794/2540
f 1792/2537 1794/2540 1795/2541 620/811
f 1792/2537 620/811 619/810 625/816
f 1795/2541 1794/2540 1796/2542 1797/2543
f 1795/2541 1797/2543 1798/2544 615/806
f 1795/2541 615/806 614/805 620/811
f 1798/2545 1797/2546 1799/2547 1800/2548
f 1798/2545 1800/2548 1801/2549 610/2550
f 1798/2544 610/801 609/800 615/806
f 1801/2549 1800/2548 1802/2551 1803/2552
f 1801/2549 1803/2552 1804/2553 605/793
f 1801/2549 605/793 604/792 610/2550
f 1804/2553 1803/2552 1805/2554 1806/2555
f 1804/2553 1806/2555 1807/2556 600/788
f 1804/2553 600/788 599/787 605/793
f 1807/2556 1806/2555 1808/2557 1809/2558
f 1807/2556 1809/2558 1810/2559 595/783
f 1807/2556 595/783 594/782 600/788
f 1810/2560 1809/2561 1811/2562 1812/2563
f 1812/2564 1811/2565 319/408 1813/2566
f 1812/2564 1813/2566 1814/2567 237/289
f 1814/2567 1813/2566 314/403 1815/2568
f 1814/2567 1815/2568 1816/2569 1817/2570
f 1814/2567 1817/2570 238/290 237/289
f 1817/2570 1816/2569 1818/2571 1819/2572
f 1817/2570 1819/2572 1820/2573 238/290
f 1820/2573 1819/2572 1821/2574 1822/2575
f 1820/2573 1822/2575 1823/2576 241/297
f 1820/2573 241/297 239/291 238/290
f 1823/2576 1822/2575 1824/2577 1825/2578
f 1823/2576 1825/2578 1826/2579 1827/2580
f 1823/2576 1827/2580 242/298 241/297
f 1827/2581 1826/2582 1828/2583 1829/2584
f 1827/2581 1829/2584 243/301 242/300
f 1829/2584 1828/2583 1830/2585 1831/2586
f 1829/2584 1831/2586 245/305 243/301
f 1831/2586 1830/2585 1832/2587 1833/2588
f 1831/2589 1833/2590 1834/2591 245/2592
f 1834/2591 249/311 246/308 245/2592
f 1834/2591 1833/2590 1835/2593 1836/2594
f 1834/2591 1836/2594 260/324 249/311
f 1836/2594 1835/2593 1837/2595 263/327
f 1836/2594 263/327 261/325 260/324
f 1837/2595 1835/2593 1838/2596 1839/2597
f 1837/2595 1839/2597 1840/2598 1841/2599
f 1837/2595 1841/2599 264/328 263/327
f 1841/2599 1840/2598 1842/2600 1843/2601
f 1841/2599 1843/2601 265/329 264/328
f 1843/2601 1842/2600 1844/2602 1845/2603
f 1843/2601 1845/2603 267/331 265/329
f 1845/2603 1844/2602 1846/2604 1847/2605
f 1845/2603 1847/2605 269/2606 267/331
f 1847/2605 1846/2604 1848/2607 1849/2608
f 1847/2609 1849/2610 1850/2611 269/335
f 1850/2611 273/341 270/336 269/335
f 1850/2612 1849/2613 1851/2614 1852/2615
f 1850/2611 1852/2616 282/361 273/341
f 1852/2615 1851/2614 1853/2617 1854/2618
f 1852/2615 1854/2618 283/364 282/2619
f 1854/2618 1853/2617 1855/2620 1856/2621
f 1854/2618 1856/2621 284/365 283/364
f 1856/2621 1855/2620 1857/2622 1858/2623
f 1856/2621 1858/2623 286/367 284/365
f 1858/2623 1857/2622 1859/2624 294/376
f 1858/2623 294/376 292/374 286/367
f 1859/2624 1857/2622 1860/2625 1861/2626
f 1859/2627 1861/2628 1862/2629 1863/2630
f 1859/2624 1863/2631 295/377 294/376
f 1863/2630 1862/2629 1864/2632 1865/2633
f 1863/2630 1865/2633 296/380 295/379
f 1865/2634 1864/2635 1866/2636 1867/2637
f 1865/2634 1867/2637 298/2638 296/2639
f 1867/2640 1866/2641 1868/2642 1869/2643
f 1867/2640 1869/2643 300/387 298/386
f 1869/2643 1868/2642 1870/2644 1871/2645
f 1869/2643 1871/2645 1872/2646 300/387
f 1872/2646 304/393 301/388 300/387
f 1872/2646 1871/2645 1873/2647 1874/2648
f 1872/2646 1874/2648 1875/2649 304/393
f 1875/2649 309/398 305/394 304/393
f 1875/2649 1874/2648 1818/2571 1816/2569
f 1875/2649 1816/2569 1815/2568 309/398
f 1874/2648 1873/2647 1876/2650 1818/2571
f 1876/2650 1873/2647 1877/2651 1878/2652
f 1876/2650 1878/2652 1879/2653 1821/2574
f 1876/2650 1821/2574 1819/2572 1818/2571
f 1879/2653 1878/2652 1880/2654 1881/2655
f 1879/2656 1881/2657 1882/2658 1824/2659
f 1879/2653 1824/2577 1822/2575 1821/2574
f 1882/2658 1881/2657 1883/2660 1884/2661
f 1882/2658 1884/2661 1885/2662 1886/2663
f 1882/2658 1886/2663 1825/2664 1824/2659
f 1886/2663 1885/2662 1887/2665 1888/2666
f 1886/2663 1888/2666 1826/2667 1825/2664
f 1888/2668 1887/2669 1889/2670 1890/2671
f 1888/2668 1890/2671 1828/2583 1826/2582
f 1890/2671 1889/2670 1891/2672 1892/2673
f 1890/2671 1892/2673 1830/2585 1828/2583
f 1892/2673 1891/2672 1893/2674 1894/2675
f 1892/2673 1894/2675 1832/2587 1830/2585
f 1894/2675 1893/2674 1895/2676 1896/2677
f 1894/2675 1896/2677 1838/2678 1832/2587
f 1896/2679 1895/2680 1897/2681 1898/2682
f 1896/2679 1898/2682 1839/2597 1838/2596
f 1898/2682 1897/2681 1899/2683 1900/2684
f 1898/2682 1900/2684 1840/2598 1839/2597
f 1900/2684 1899/2683 1901/2685 1902/2686
f 1900/2684 1902/2686 1842/2600 1840/2598
f 1902/2686 1901/2685 1903/2687 1904/2688
f 1902/2686 1904/2688 1844/2602 1842/2600
f 1904/2689 1903/2690 1905/2691 1906/2692
f 1904/2688 1906/2693 1846/2604 1844/2602
f 1906/2694 1905/2695 1907/2696 1908/2697
f 1906/2694 1908/2697 1848/2698 1846/2699
f 1908/2697 1907/2696 1909/2700 1910/2701
f 1908/2697 1910/2701 1911/2702 1848/2698
f 1911/2702 1851/2614 1849/2613 1848/2698
f 1911/2702 1910/2701 1912/2703 1913/2704
f 1911/2702 1913/2704 1853/2617 1851/2614
f 1913/2704 1912/2703 1914/2705 1915/2706
f 1913/2704 1915/2706 1855/2620 1853/2617
f 1915/2706 1914/2705 1916/2707 1860/2625
f 1915/2706 1860/2625 1857/2622 1855/2620
f 1916/2707 1914/2705 1917/2708 1918/2709
f 1916/2710 1918/2711 1919/2712 1920/2713
f 1916/2707 1920/2714 1861/2626 1860/2625
f 1920/2713 1919/2712 1921/2715 1922/2716
f 1920/2713 1922/2716 1862/2629 1861/2628
f 1922/2716 1921/2715 1923/2717 1924/2718
f 1922/2716 1924/2718 1864/2632 1862/2629
f 1924/2719 1923/2720 1925/2721 1926/2722
f 1924/2719 1926/2722 1866/2636 1864/2635
f 1926/2722 1925/2721 1927/2723 1928/2724
f 1926/2722 1928/2724 1868/2725 1866/2636
f 1928/2724 1927/2723 1929/2726 1930/2727
f 1928/2724 1930/2727 1870/2728 1868/2725
f 1930/2727 1929/2726 1931/2729 1932/2730
f 1930/2727 1932/2730 1877/2731 1870/2728
f 1932/2730 1931/2729 1933/2732 1880/2733
f 1932/2730 1880/2733 1878/2734 1877/2731
f 1933/2735 1931/2736 1934/2737 1935/2738
f 1933/2735 1935/2738 1936/2739 1883/2740
f 1933/2732 1883/2660 1881/2657 1880/2733
f 1936/2739 1935/2738 1937/2741 1938/2742
f 1936/2739 1938/2742 1939/2743 1940/2744
f 1936/2739 1940/2744 1884/2745 1883/2740
f 1940/2744 1939/2743 1941/2746 1942/2747
f 1940/2744 1942/2747 1885/2748 1884/2745
f 1942/2747 1941/2746 1943/2749 1944/2750
f 1942/2747 1944/2750 1887/2751 1885/2748
f 1944/2752 1943/2753 1945/2754 1946/2755
f 1944/2752 1946/2755 1889/2670 1887/2669
f 1946/2755 1945/2754 1947/2756 1948/2757
f 1946/2755 1948/2757 1891/2672 1889/2670
f 1948/2757 1947/2756 1949/2758 1950/2759
f 1948/2757 1950/2759 1893/2674 1891/2672
f 1950/2759 1949/2758 1951/2760 1952/2761
f 1950/2759 1952/2761 1895/2676 1893/2674
f 1952/2762 1951/2763 1953/2764 1954/2765
f 1952/2762 1954/2765 1897/2681 1895/2680
f 1954/2766 1953/2767 1955/2768 1956/2769
f 1954/2765 1956/2770 1899/2683 1897/2681
f 1956/2769 1955/2768 1957/2771 1958/2772
f 1956/2769 1958/2772 1901/2773 1899/2774
f 1958/2772 1957/2771 1959/2775 1960/2776
f 1958/2772 1960/2776 1903/2690 1901/2773
f 1960/2776 1959/2775 1961/2777 1962/2778
f 1960/2776 1962/2778 1905/2691 1903/2690
f 1962/2778 1961/2777 1963/2779 1964/2780
f 1962/2778 1964/2780 1907/2781 1905/2691
f 1964/2780 1963/2779 1965/2782 1966/2783
f 1964/2784 1966/2785 1909/2700 1907/2696
f 1966/2783 1965/2782 1967/2786 1968/2787
f 1966/2785 1968/2788 1969/2789 1909/2700
f 1969/2789 1912/2703 1910/2701 1909/2700
f 1969/2789 1968/2788 1970/2790 1917/2708
f 1969/2789 1917/2708 1914/2705 1912/2703
f 1970/2790 1968/2788 1967/2791 1971/2792
f 1970/2790 1971/2792 1972/2793 1973/2794
f 1970/2790 1973/2794 1918/2709 1917/2708
f 1973/2795 1972/2796 1974/2797 1975/2798
f 1973/2795 1975/2798 1919/2712 1918/2711
f 1975/2798 1974/2797 1976/2799 1977/2800
f 1975/2798 1977/2800 1921/2715 1919/2712
f 1977/2800 1976/2799 1978/2801 1979/2802
f 1977/2800 1979/2802 1923/2717 1921/2715
f 1979/2803 1978/2804 1980/2805 1981/2806
f 1979/2803 1981/2806 1925/2721 1923/2720
f 1981/2807 1980/2808 1982/2809 1983/2810
f 1981/2806 1983/2811 1927/2723 1925/2721
f 1983/2810 1982/2809 1984/2812 1985/2813
f 1983/2811 1985/2814 1929/2726 1927/2723
f 1985/2813 1984/2812 1986/2815 1934/2737
f 1985/2814 1934/2816 1931/2729 1929/2726
f 1986/2815 1984/2812 1987/2817 1988/2818
f 1986/2815 1988/2818 1989/2819 1937/2741
f 1986/2815 1937/2741 1935/2738 1934/2737
f 1989/2819 1988/2818 1990/2820 1991/2821
f 1989/2819 1991/2821 1992/2822 1993/2823
f 1989/2819 1993/2823 1938/2742 1937/2741
f 1993/2823 1992/2822 1994/2824 1995/2825
f 1993/2823 1995/2825 1939/2743 1938/2742
f 1995/2825 1994/2824 1996/2826 1997/2827
f 1995/2825 1997/2827 1941/2746 1939/2743
f 1997/2827 1996/2826 1998/2828 1999/2829
f 1997/2827 1999/2829 1943/2749 1941/2746
f 1999/2830 1998/2831 2000/2832 2001/2833
f 1999/2830 2001/2833 1945/2754 1943/2753
f 2001/2833 2000/2832 2002/2834 2003/2835
f 2001/2833 2003/2835 1947/2756 1945/2754
f 2003/2835 2002/2834 2004/2836 2005/2837
f 2003/2835 2005/2837 1949/2758 1947/2756
f 2005/2837 2004/2836 2006/2838 2007/2839
f 2005/2837 2007/2839 1951/2760 1949/2758
f 2007/2840 2006/2841 2008/2842 2009/2843
f 2007/2840 2009/2843 1953/2844 1951/2845
f 2009/2846 2008/2847 2010/2848 2011/2849
f 2009/2846 2011/2849 1955/2768 1953/2767
f 2011/2849 2010/2848 2012/2850 2013/2851
f 2011/2849 2013/2851 1957/2771 1955/2768
f 2013/2851 2012/2850 2014/2852 2015/2853
f 2013/2851 2015/2853 1959/2775 1957/2771
f 2015/2853 2014/2852 2016/2854 2017/2855
f 2015/2853 2017/2855 1961/2777 1959/2775
f 2017/2855 2016/2854 2018/2856 2019/2857
f 2017/2855 2019/2857 1963/2779 1961/2777
f 2019/2857 2018/2856 2020/2858 2021/2859
f 2019/2857 2021/2859 1965/2782 1963/2779
f 2021/2859 2020/2858 2022/2860 2023/2861
f 2021/2859 2023/2861 1967/2786 1965/2782
f 2023/2861 2022/2860 2024/2862 2025/2863
f 2023/2861 2025/2863 1971/2864 1967/2786
f 2025/2865 2024/2866 2026/2867 2027/2868
f 2025/2865 2027/2868 1972/2796 1971/2869
f 2027/2868 2026/2867 2028/2870 2029/2871
f 2027/2868 2029/2871 1974/2797 1972/2796
f 2029/2871 2028/2870 2030/2872 2031/2873
f 2029/2871 2031/2873 1976/2799 1974/2797
f 2031/2873 2030/2872 2032/2874 2033/2875
f 2031/2873 2033/2875 1978/2801 1976/2799
f 2033/2876 2032/2877 2034/2878 2035/2879
f 2033/2876 2035/2879 1980/2805 1978/2804
f 2035/2880 2034/2881 2036/2882 2037/2883
f 2035/2880 2037/2883 1982/2809 1980/2808
f 2037/2883 2036/2882 2038/2884 1987/2817
f 2037/2883 1987/2817 1984/2812 1982/2809
f 2038/2884 2036/2882 2039/2885 2040/2886
f 2038/2884 2040/2886 2041/2887 1990/2820
f 2038/2884 1990/2820 1988/2818 1987/2817
f 2041/2887 2040/2886 2042/2888 2043/2889
f 2041/2887 2043/2889 2044/2890 2045/2891
f 2041/2887 2045/2891 1991/2821 1990/2820
f 2045/2891 2044/2890 2046/2892 2047/2893
f 2045/2891 2047/2893 1992/2822 1991/2821
f 2047/2893 2046/2892 2048/2894 2049/2895
f 2047/2893 2049/2895 1994/2824 1992/2822
f 2049/2895 2048/2894 2050/2896 2051/2897
f 2049/2895 2051/2897 1996/2826 1994/2824
f 2051/2897 2050/2896 2052/2898 2053/2899
f 2051/2897 2053/2899 1998/2828 1996/2826
f 2053/2900 2052/2901 2054/2902 2055/2903
f 2053/2900 2055/2903 2000/2832 1998/2831
f 2055/2903 2054/2902 2056/2904 2057/2905
f 2055/2903 2057/2905 2002/2834 2000/2832
f 2057/2905 2056/2904 2058/2906 2059/2907
f 2057/2905 2059/2907 2004/2836 2002/2834
f 2059/2907 2058/2906 2060/2908 2061/2909
f 2059/2907 2061/2909 2006/2838 2004/2836
f 2061/2910 2060/2911 2062/2912 2063/2913
f 2061/2910 2063/2913 2008/2842 2006/2841
f 2063/2913 2062/2912 2064/2914 2065/2915
f 2063/2913 2065/2915 2010/2916 2008/2842
f 2065/2915 2064/2914 2066/2917 2067/2918
f 2065/2919 2067/2920 2012/2850 2010/2848
f 2067/2920 2066/2921 2068/2922 2069/2923
f 2067/2920 2069/2923 2014/2852 2012/2850
f 2069/2923 2068/2922 2070/2924 2071/2925
f 2069/2923 2071/2925 2016/2854 2014/2852
f 2071/2925 2070/2924 2072/2926 2073/2927
f 2071/2925 2073/2927 2018/2856 2016/2854
f 2073/2928 2072/2929 2074/2930 2075/2931
f 2073/2927 2075/2932 2020/2858 2018/2856
f 2075/2931 2074/2930 2076/2933 2077/2934
f 2075/2932 2077/2935 2022/2860 2020/2858
f 2077/2934 2076/2933 2078/2936 2079/2937
f 2077/2934 2079/2937 2024/2938 2022/2939
f 2079/2937 2078/2936 2080/2940 2081/2941
f 2079/2942 2081/2943 2026/2867 2024/2866
f 2081/2943 2080/2944 2082/2945 2083/2946
f 2081/2943 2083/2946 2028/2870 2026/2867
f 2083/2946 2082/2945 2084/2947 2085/2948
f 2083/2946 2085/2948 2030/2872 2028/2870
f 2085/2948 2084/2947 2086/2949 2087/2950
f 2085/2948 2087/2950 2032/2874 2030/2872
f 2087/2950 2086/2949 2088/2951 2089/2952
f 2087/2950 2089/2952 2034/2953 2032/2874
f 2089/2954 2088/2955 2090/2956 2039/2885
f 2089/2954 2039/2885 2036/2882 2034/2881
f 2090/2956 2088/2955 2091/2957 145/158
f 2090/2956 145/158 144/157 2042/2888
f 2090/2956 2042/2888 2040/2886 2039/2885
f 2091/2958 2088/2951 2086/2949 2092/2959
f 2091/2960 2092/2961 2093/2962 2094/2963
f 2091/2957 2094/2964 141/154 145/158
f 2094/2963 2093/2962 2095/2965 2096/2966
f 2094/2964 2096/2967 142/155 141/154
f 2096/2967 2097/2968 2098/2969 142/155
f 2096/2966 2095/2965 2099/2970 2097/2971
f 2099/2970 2100/2972 2101/2973 2097/2971
f 2099/2974 2095/2975 2102/2976 2103/2977
f 2099/2974 2103/2977 2104/2978 2100/2979
f 2104/2978 2105/2980 2106/2981 2100/2979
f 2104/2978 2103/2977 2107/2982 2108/2983
f 2104/2978 2108/2983 2109/2984 2105/2980
f 2109/2984 2110/2985 2111/2986 2105/2980
f 2109/2984 2108/2983 2112/2987 2113/2988
f 2109/2984 2113/2988 2114/2989 2110/2985
f 2114/2990 2115/2991 2116/2992 2110/2993
f 2114/2989 2113/2988 2117/2994 2118/2995
f 2114/2989 2118/2995 2119/2996 2115/2997
f 2119/2998 2064/2914 2062/2912 2115/2999
f 2119/2998 2118/3000 155/169 154/168
f 2119/2998 154/168 2066/2917 2064/2914
f 2118/2995 2117/2994 2120/3001 155/3002
f 2120/3003 2121/3004 156/3005 155/3006
f 2120/3001 2117/2994 2122/3007 2123/3008
f 2120/3003 2123/3009 2124/3010 2121/3004
f 2124/3010 2074/2930 2072/2929 2121/3004
f 2124/3010 2123/3009 136/3011 2125/3012
f 2124/3010 2125/3012 2076/2933 2074/2930
f 2125/3012 136/3011 135/3013 2126/3014
f 2125/3012 2126/3014 2078/2936 2076/2933
f 2126/3014 135/3013 139/3015 2127/3016
f 2126/3014 2127/3016 2080/2940 2078/2936
f 2127/3017 139/3018 2128/3019 2129/3020
f 2127/3021 2129/3022 2082/2945 2080/2944
f 2129/3020 2128/3019 2130/3023 2131/3024
f 2129/3022 2131/3025 2084/2947 2082/2945
f 2131/3024 2130/3023 2093/2962 2092/2961
f 2131/3025 2092/2959 2086/2949 2084/2947
f 2130/3026 2128/3027 2132/3028 2102/2976
f 2130/3023 2102/3029 2095/2965 2093/2962
f 2132/3028 2128/3027 139/151 138/150
f 2132/3028 138/150 140/152 2107/2982
f 2132/3028 2107/2982 2103/2977 2102/2976
f 2123/3008 2122/3007 137/149 136/148
f 2122/3007 2117/2994 2113/2988 2112/2987
f 2122/3007 2112/2987 140/152 137/149
f 2121/3030 2072/2926 2070/2924 156/3031
f 2116/3032 2060/2908 2058/2906 2133/3033
f 2116/3032 2133/3033 2111/3034 2110/3035
f 2116/3032 2115/3036 2062/3037 2060/2908
f 2133/3033 2058/2906 2056/2904 2134/3038
f 2133/3033 2134/3038 2135/3039 2111/3034
f 2135/3039 2134/3038 2136/3040 2137/3041
f 2135/3042 2137/3043 2138/3044 2106/2981
f 2135/3042 2106/2981 2105/2980 2111/2986
f 2138/3045 2137/3046 147/161 152/166
f 2138/3045 152/166 2139/3047 2101/3048
f 2138/3044 2101/3049 2100/2979 2106/2981
f 2139/3047 152/166 151/165 2140/3050
f 2139/3047 2140/3050 2141/3051 2098/2969
f 2139/3047 2098/2969 2097/2968 2101/3048
f 2141/3051 2142/3052 146/159 143/156
f 2141/3051 143/156 142/155 2098/2969
f 2141/3051 2140/3050 2143/3053 2142/3052
f 2143/3053 2046/2892 2044/2890 2142/3052
f 2143/3053 2140/3050 151/165 150/164
f 2143/3053 150/164 2048/2894 2046/2892
f 2142/3052 2044/2890 2043/2889 146/159
f 2137/3041 2136/3040 148/3054 147/3055
f 2136/3040 2054/2902 2052/2901 148/3054
f 2136/3040 2134/3038 2056/2904 2054/2902
f 2112/2987 2108/2983 2107/2982 140/152
f 2070/2924 2068/2922 153/3056 156/3031
f 2068/3057 2066/2917 154/168 153/167
f 2052/2898 2050/2896 149/163 148/162
f 2050/2896 2048/2894 150/164 149/163
f 2043/2889 2042/2888 144/157 146/159
f 1877/2651 1873/2647 1871/2645 1870/2644
f 1838/2596 1835/2593 1833/2590 1832/3058
f 1815/2568 314/403 310/399 309/398
f 1813/2566 319/408 315/404 314/403
f 1811/2565 324/413 320/409 319/408
f 1811/2562 1809/2561 1808/3059 324/3060
f 1808/3059 329/420 325/419 324/3060
f 1808/2557 1806/2555 1805/2554 329/3061
f 1805/2554 334/428 330/427 329/3061
f 1805/2554 1803/2552 1802/2551 334/428
f 1802/2551 339/434 335/429 334/428
f 1802/2551 1800/2548 1799/2547 339/434
f 1799/2547 344/439 340/435 339/434
f 1799/2547 1797/2546 1796/3062 344/439
f 1796/3062 349/444 345/440 344/439
f 1796/3062 1794/3063 1793/3064 349/444
f 1793/3064 354/449 350/445 349/444
f 1793/3064 1791/3065 1790/3066 354/449
f 1790/2535 359/457 355/452 354/3067
f 1790/2535 1788/2534 1787/3068 359/457
f 1787/3068 364/462 360/458 359/457
f 1787/3068 1785/3069 1784/3070 364/462
f 1784/3070 369/467 365/463 364/462
f 1784/2527 1782/2525 1781/2524 369/3071
f 1781/2524 373/475 370/470 369/3071
f 1781/2524 1779/2522 1778/3072 373/475
f 1778/3072 378/482 374/476 373/475
f 1778/3072 1776/2515 1775/2514 378/482
f 1775/2514 383/3073 379/483 378/482
f 1775/2514 1772/2507 1770/2503 383/3073
f 1770/2503 388/2502 384/3074 383/3073
f 570/746 277/3075 276/3076 211/747
f 570/746 221/263 32/262 277/3075
f 522/675 521/674 66/3077 70/3078
f 521/672 520/671 67/41 66/40
f 498/3079 289/3080 180/3081 179/3082
f 498/3079 203/240 29/236 289/3080
f 422/527 419/524 417/522 416/521
f 409/514 408/513 58/25 57/24
f 377/480 46/11 45/10 372/481
f 368/3083 367/472 45/474 44/3084
f 282/361 278/349 274/342 273/341
f 277/3085 32/3086 33/3087 272/3088
f 260/324 254/318 250/312 249/311
f 253/316 229/274 228/273 248/317
f 235/778 590/777 595/783 1810/2559
f 235/285 35/284 230/3089 586/3090
f 2144/3091 224/3092 33/3093 2145/3094
f 218/257 217/256 194/223 193/222
f 217/3095 2146/3096 195/226 194/225
f 217/3095 214/3097 213/3098 2146/3096
f 2146/3096 202/238 201/237 195/226
f 2146/3096 213/3098 212/356 202/238
f 204/241 196/227 195/226 201/237
f 128/138 125/135 117/126 121/130
f 125/135 124/134 118/127 117/126
f 119/128 118/127 116/123 115/122
f 2147/3099 965/3100 964/3101 43/3102
f 43/1287 2/1297 1011/1346 1016/3103
f 211/3104 212/3105 213/3106 214/3107
f 41/3108 40/1272 957/1271
f 2151/3109 2149/3110 547/3111
f 2151/3112 547/3113 2148/3114
f 2151/3115 2148/3116 219/3117
f 2151/261 219/3118 2149/254
f 188/3119 31/3120 210/3121 205/3122
f 210/620 206/619 205/3123
f 188/629 488/628 26/3124 191/3125
f 488/628 490/632 25/205 26/3124
f 257/321 34/270 224/267 2144/3126
f 257/321 259/323 227/271 34/270
f 223/3127 252/3128 251/3129 255/3130
f 2145/3131 223/3127 255/3130 256/3132
f 2145/3133 33/3134 32/3135 223/3136
f 2147/3137 1019/3138 42/3139 41/3140
f 2147/3141 43/1287 1016/3103 1019/3142
f 235/3143 1810/2560 1812/2563 233/3144
f 1812/2563 237/3145 234/3146 233/3144
f 30/3147 207/3148 188/3149 205/3150
f 2152/3151 2154/3152 2155/3153 2156/3154
f 2152/3151 2157/3155 2158/3156 2159/3157
f 2152/3151 2159/3157 2160/3158 2154/3152
f 2152/3151 2161/3159 2162/3160 2157/3155
f 2152/3151 2156/3154 2163/3161 2161/3159
f 2153/3162 2164/3163 2162/3160 2161/3159
f 2153/3164 2161/3165 2163/3166 2165/3167
f 2153/3164 2166/3168 2167/3169 2164/3170
f 2167/3171 2166/3172 2150/3173 2168/3174
f 2150/3173 2169/3175 2170/3176 2168/3174
f 2170/3176 2169/3175 2171/3177 2172/3178
f 2171/3177 2173/3179 2174/3180 2172/3178
f 2160/3158 2159/3157 2175/3181 2176/3182
f 2160/3158 2176/3182 2177/3183 2178/3184
f 2160/3158 2178/3184 2179/3185 2154/3152
f 2179/3185 2180/3186 2155/3153 2154/3152
f 2179/3185 2178/3184 2181/3187 2182/3188
f 2179/3185 2182/3188 2183/3189 2180/3186
f 2181/3187 2178/3184 2177/3183 2184/3190
f 2175/3181 2159/3157 2158/3156 2185/3191
f 2166/3168 2153/3164 2165/3167
f 2186/3192 2190/3193 2191/3194 2192/3195
f 2187/3196 2193/3197 2194/3198 2195/3199
f 2188/3200 2196/3201 2197/3202 2198/3203
f 2189/3204 2199/3205 2200/3206 2201/3207
f 2200/3206 2199/3205 2198/3203 2197/3202
f 2200/3206 2197/3202 2191/3194 2194/3198
f 2200/3206 2194/3198 2193/3197 2201/3207
f 2197/3202 2196/3201 2192/3195 2191/3194
f 2194/3198 2191/3194 2190/3193 2195/3199
f 2202/3208 2203/3209 2204/3210
f 2205/3211 2206/3212 2207/3213 2208/3214
f 2205/3211 2208/3214 2204/3210 2203/3209
f 2205/3211 2203/3209 2209/3215
f 2205/3211 2209/3215 2210/3216 2206/3212
f 2210/3216 2211/3217 2212/3218 2206/3212
f 2212/3218 2213/3219 2214/3220 2215/3221
f 2212/3218 2215/3221 2207/3213 2206/3212
f 2212/3218 2211/3217 2216/3222 2213/3219
f 2150/3223 2166/3168 2165/3167
