# Blender 5.0.1
# www.blender.org
mtllib tripo_convert_3380e766-ccd7-4981-90b7-1da055ec06d5.mtl
o tripo_node_3380e766-ccd7-4981-90b7-1da055ec06d5
v -0.078114 -0.021783 0.431223
v 0.125977 -0.030638 0.113612
v -0.096654 -0.029091 0.475682
v 0.121267 -0.019424 0.083655
v 0.120868 -0.048169 0.119709
v -0.098293 -0.008811 0.466179
v 0.169192 -0.002305 0.057414
v 0.146411 -0.013224 0.073191
v 0.316802 0.005620 0.030852
v 0.277280 0.024892 0.033828
v 0.230246 0.071389 -0.023025
v 0.200013 0.065887 -0.033323
v 0.205390 0.056180 -0.038810
v 0.198903 0.081798 -0.017507
v 0.020498 0.032382 -0.035542
v 0.179962 0.062592 -0.037371
v 0.184080 0.072973 -0.039031
v 0.124142 -0.010397 -0.110637
v 0.113813 -0.015070 -0.117935
v 0.123409 -0.009420 -0.079086
v 0.120770 -0.053328 -0.137641
v 0.144634 -0.027911 -0.126805
v -0.047876 -0.041360 -0.468337
v -0.049436 -0.039171 -0.474537
v -0.052947 -0.037694 -0.469429
v -0.095715 -0.036727 -0.242149
v -0.073400 -0.029360 -0.458275
v -0.145142 -0.036710 -0.294560
v -0.175364 -0.028033 -0.111370
v 0.147466 -0.014100 -0.061097
v 0.132945 -0.022802 -0.062878
v 0.142665 -0.012881 -0.066572
v 0.146792 -0.011063 -0.062404
v 0.135781 -0.012250 -0.060335
v 0.143977 -0.012849 -0.077822
v 0.479185 -0.055932 0.008301
v 0.486686 -0.054750 -0.000230
v 0.471210 -0.039392 0.002066
v 0.462618 -0.049917 -0.017783
v 0.287500 -0.087171 -0.047902
v 0.288970 -0.096290 -0.037898
v 0.127277 -0.080541 -0.058661
v 0.129718 -0.100340 -0.068807
v 0.115599 -0.105556 -0.069267
v 0.121141 -0.021579 -0.083828
v 0.118507 -0.044147 -0.123393
v 0.118290 -0.048122 -0.099779
v 0.113280 -0.097825 -0.117523
v 0.139731 -0.069403 -0.061863
v -0.186130 -0.040180 -0.114727
v -0.087925 -0.052835 -0.452837
v -0.161416 -0.060723 -0.337572
v -0.084851 -0.048286 -0.451142
v -0.082416 -0.044754 -0.448953
v -0.049637 -0.048143 -0.464773
v 0.137777 -0.054262 -0.125741
v 0.138676 -0.060584 -0.128231
v 0.060148 -0.068951 -0.158333
v 0.079536 -0.066617 -0.152636
v 0.102148 -0.063561 -0.145595
v 0.136130 -0.112449 -0.056922
v 0.001241 -0.109185 -0.042809
v -0.049233 -0.119562 0.020339
v 0.050046 -0.110042 0.045453
v 0.118021 -0.118437 0.027020
v 0.109150 -0.131106 0.017138
v 0.106609 -0.130783 0.001012
v 0.106365 -0.128017 -0.020311
v 0.108510 -0.122747 -0.020279
v 0.104116 -0.124013 -0.020103
v 0.098519 -0.123255 0.006609
v 0.101092 -0.124070 0.014994
v 0.140439 -0.070851 0.125004
v 0.105980 -0.065891 0.140256
v 0.113688 -0.105198 0.070194
v 0.135961 -0.106987 0.067570
v 0.144382 -0.075177 0.059980
v 0.113850 -0.095221 0.118018
v 0.137864 -0.025942 0.063126
v 0.126116 -0.051322 0.123711
v 0.136224 -0.042547 0.125180
v 0.126054 -0.058665 0.132912
v -0.186404 -0.047025 0.430732
v -0.344416 -0.077298 0.169437
v -0.237696 -0.062225 0.169352
v -0.262670 -0.064105 0.181190
v -0.238358 -0.060780 0.141186
v -0.231725 -0.048129 0.143544
v -0.258291 -0.056846 0.180682
v -0.258796 -0.059655 0.179573
v -0.360068 -0.050006 0.112720
v -0.454317 -0.056414 0.073731
v -0.456512 -0.051117 0.072672
v -0.462777 -0.059780 0.133506
v -0.394026 -0.060432 0.250018
v -0.405549 -0.063392 0.141748
v -0.363414 -0.077007 0.109682
v -0.398072 -0.067339 0.118816
v -0.384481 -0.075072 0.258685
v -0.396689 -0.075383 0.118810
v -0.455974 -0.080694 0.078847
v -0.400285 -0.067951 0.067029
v -0.398047 -0.086620 0.047861
v -0.402473 -0.061453 0.068993
v -0.399841 -0.083037 0.069764
v -0.458187 -0.097512 0.052033
v -0.452649 -0.096182 0.048196
v -0.443359 -0.098116 -0.041486
v -0.455159 -0.094570 -0.036255
v -0.454860 -0.078519 -0.028935
v -0.454971 -0.090335 -0.032898
v -0.447264 -0.086775 -0.033968
v -0.399006 -0.081461 -0.037578
v -0.367872 -0.094474 0.010840
v -0.366333 -0.095421 -0.011678
v -0.360201 -0.076750 -0.199641
v -0.453119 -0.099776 -0.059262
v -0.438034 -0.105477 -0.047922
v -0.423077 -0.071137 -0.083834
v -0.457425 -0.061838 -0.077221
v -0.443328 -0.081955 -0.075268
v -0.451659 -0.081263 -0.077610
v -0.454485 -0.080582 -0.079776
v -0.452672 -0.066709 -0.082320
v -0.443331 -0.080351 -0.081739
v -0.401193 -0.071797 -0.124312
v -0.400306 -0.077999 -0.127156
v -0.364536 -0.078490 -0.134223
v -0.361616 -0.072732 -0.275624
v -0.406339 -0.065264 -0.143123
v -0.359299 -0.075951 -0.111375
v -0.332000 -0.054555 -0.143374
v -0.471308 -0.056535 -0.134393
v -0.470784 -0.042717 -0.127283
v -0.472947 -0.039729 -0.134045
v -0.398514 -0.059464 -0.143974
v -0.374361 -0.061624 -0.272364
v -0.354438 -0.058074 -0.179774
v -0.257380 -0.058907 -0.173282
v -0.229378 -0.054396 -0.466745
v -0.230053 -0.045432 -0.143968
v -0.244687 -0.062994 -0.125759
v -0.251758 -0.058265 -0.182985
v -0.239296 -0.058118 -0.162484
v -0.238667 -0.053760 -0.139817
v -0.399088 -0.054428 -0.060921
v -0.421463 -0.068166 -0.091637
v -0.449651 -0.063303 -0.078912
v -0.413791 -0.068201 -0.073494
v -0.365977 -0.056778 -0.101098
v -0.360966 -0.043722 -0.010613
v -0.363486 -0.045136 0.009544
v -0.399530 -0.075944 0.031396
v -0.400643 -0.051662 0.050429
v -0.442930 -0.047910 -0.033977
v -0.454781 -0.049913 -0.065333
v -0.448014 -0.049000 -0.050514
v -0.448930 -0.049812 -0.037326
v -0.453936 -0.069713 -0.029374
v -0.439160 -0.062879 -0.019600
v -0.355652 -0.030861 0.017945
v -0.364441 -0.037042 0.014877
v -0.224360 -0.026906 0.111958
v -0.226071 -0.034421 0.110430
v -0.214066 -0.034646 0.110567
v -0.261176 -0.036260 0.110342
v -0.211552 -0.038799 -0.141806
v -0.237703 -0.032659 -0.110764
v -0.248430 -0.011574 -0.113891
v -0.217869 -0.025620 -0.112862
v -0.226261 -0.037775 -0.142325
v -0.205954 -0.043720 -0.141653
v -0.380798 -0.038795 -0.114909
v -0.422229 -0.035433 -0.119731
v -0.422301 -0.036208 -0.141165
v -0.436466 0.099428 -0.153222
v -0.387285 0.117593 -0.150660
v -0.377288 0.113752 -0.148213
v -0.384736 0.109002 -0.150531
v -0.384433 0.119150 -0.131468
v -0.430638 0.112141 -0.130462
v -0.479182 0.147251 0.138800
v -0.427895 0.105824 0.129439
v -0.427594 -0.036850 0.138052
v -0.424978 -0.035892 0.121843
v -0.281359 -0.023500 0.143914
v -0.196789 -0.034997 0.115628
v -0.378551 0.109705 0.129637
v -0.246766 -0.033372 0.455913
v -0.222618 -0.024188 0.449279
v -0.217728 -0.032564 0.422187
v -0.219388 -0.039721 0.424617
v -0.220966 -0.045846 0.450336
v -0.244041 -0.044051 0.455263
v -0.245802 -0.038776 0.416517
v -0.235356 -0.036892 0.430537
v -0.428740 0.103770 0.153047
v -0.486040 0.142178 0.148315
v -0.074288 -0.028309 0.437621
v -0.073081 -0.031217 0.418181
v -0.075432 -0.025707 0.416043
v -0.081280 -0.023610 0.413088
v -0.085573 -0.018467 0.430542
v 0.119805 -0.037375 0.112694
v 0.120511 -0.029915 0.102909
v 0.127447 -0.025233 0.106122
v 0.136616 -0.025829 0.109769
v 0.130356 -0.034794 0.119664
v -0.093747 -0.030905 0.467777
v -0.088852 -0.026996 0.469289
v -0.094552 -0.024749 0.478464
v -0.102135 -0.030707 0.476213
v -0.100477 -0.033196 0.465803
v -0.102017 -0.024766 0.481408
v -0.088916 -0.017016 0.449739
v -0.083896 -0.019573 0.452115
v 0.129073 -0.013080 0.086830
v 0.128336 -0.018155 0.095793
v 0.121101 -0.023791 0.092905
v 0.119932 -0.033862 0.081241
v 0.125639 -0.033403 0.076037
v 0.127908 -0.021332 0.077188
v 0.130741 -0.013917 0.079094
v 0.119616 -0.035813 0.090035
v 0.117956 -0.065761 0.122014
v 0.117961 -0.057948 0.110120
v 0.119615 -0.042731 0.111088
v 0.128092 -0.071188 0.122673
v -0.103877 -0.007614 0.465964
v -0.102792 -0.007499 0.473428
v -0.095508 -0.009230 0.470727
v -0.091066 -0.012717 0.462341
v -0.097112 -0.012377 0.459430
v -0.103935 -0.012759 0.457328
v 0.150247 -0.019791 0.061486
v 0.150818 -0.044081 0.062770
v 0.174059 -0.029994 0.061758
v 0.182823 0.029279 0.041819
v 0.156432 0.025791 0.046234
v 0.150752 0.004783 0.055792
v 0.145487 0.000538 0.067174
v 0.155506 -0.003084 0.071555
v 0.151930 -0.002833 0.083537
v 0.148329 -0.011185 0.084185
v 0.138672 -0.012094 0.085580
v 0.137037 -0.014071 0.077694
v 0.142945 -0.023589 0.071508
v 0.136353 -0.022883 0.075640
v 0.143748 -0.033224 0.070650
v 0.143390 -0.044256 0.072863
v 0.335037 0.006623 0.023687
v 0.303122 0.026741 0.022713
v 0.290203 0.026430 0.029054
v 0.284355 0.013540 0.033951
v 0.292764 -0.004979 0.047461
v 0.331846 -0.014684 0.048046
v 0.269251 0.042499 0.029928
v 0.263033 0.033001 0.037461
v 0.259600 0.018915 0.039095
v 0.236009 0.059575 -0.029466
v 0.209336 0.063134 -0.031215
v 0.206820 0.072252 -0.021605
v 0.238558 0.074399 -0.012543
v 0.195481 0.069377 -0.042082
v 0.198713 0.076542 -0.028954
v 0.239939 0.047414 -0.038860
v 0.237862 0.025843 -0.042631
v 0.204182 0.033391 -0.043211
v 0.178446 0.035021 -0.041263
v 0.193186 0.078318 -0.040594
v 0.184189 0.081637 -0.034195
v 0.193831 0.088317 -0.025683
v 0.195855 0.086282 -0.001251
v 0.237676 0.075168 0.000046
v 0.179950 0.077859 -0.028032
v 0.164346 0.081377 -0.012334
v 0.163998 0.083903 -0.000154
v 0.161852 0.074110 -0.022394
v 0.012892 0.018064 -0.040865
v -0.012438 0.013124 -0.042636
v -0.012119 0.026216 -0.034432
v -0.012350 0.037217 -0.020812
v 0.025303 0.045583 -0.018997
v 0.036692 0.027242 -0.043841
v 0.012107 0.022278 -0.040760
v 0.012591 0.028443 -0.034541
v 0.160516 0.060614 -0.033391
v 0.131166 -0.014389 -0.114319
v 0.125704 -0.024112 -0.126755
v 0.125146 -0.002822 -0.101095
v 0.135938 -0.005370 -0.102651
v 0.112363 -0.001917 -0.101221
v 0.121258 -0.035157 -0.133749
v 0.109421 -0.029538 -0.131650
v 0.087043 -0.025087 -0.129464
v 0.089494 -0.012506 -0.117254
v 0.089356 -0.000691 -0.099711
v 0.121754 -0.016335 -0.086157
v 0.128665 -0.013938 -0.087939
v 0.129459 -0.012975 -0.079730
v 0.128352 -0.021155 -0.077306
v 0.121507 -0.020035 -0.078052
v 0.128043 -0.042221 -0.135105
v 0.134483 -0.049607 -0.132043
v 0.132082 -0.057824 -0.132097
v 0.115912 -0.044462 -0.137063
v 0.108407 -0.051065 -0.149613
v 0.139296 -0.029607 -0.117749
v 0.138073 -0.041335 -0.124426
v 0.139255 -0.039827 -0.130736
v 0.133031 -0.032869 -0.131714
v 0.138518 -0.020360 -0.120326
v -0.049888 -0.039916 -0.469195
v -0.058592 -0.035340 -0.462588
v -0.057545 -0.038260 -0.458556
v -0.049153 -0.043178 -0.470621
v -0.048506 -0.040724 -0.471869
v -0.045701 -0.044825 -0.468091
v -0.047022 -0.045290 -0.468203
v -0.057247 -0.044940 -0.456142
v -0.049243 -0.042626 -0.463023
v -0.050840 -0.038659 -0.472155
v -0.051338 -0.042141 -0.474061
v -0.058886 -0.037694 -0.477921
v -0.059219 -0.034604 -0.473537
v -0.058771 -0.043249 -0.478304
v -0.059971 -0.033844 -0.466177
v -0.072108 -0.036151 -0.251917
v -0.105961 -0.035668 -0.286985
v -0.120696 -0.036999 -0.258373
v -0.104887 -0.037560 -0.212227
v -0.068887 -0.037128 -0.214062
v -0.142921 -0.037952 -0.217057
v -0.084456 -0.028873 -0.458532
v -0.086917 -0.030539 -0.449483
v -0.079932 -0.031302 -0.447402
v -0.070877 -0.030320 -0.471774
v -0.082408 -0.029269 -0.470332
v -0.075302 -0.032556 -0.445383
v -0.068358 -0.032387 -0.454369
v -0.190280 -0.037988 -0.113793
v -0.206112 -0.032911 -0.111782
v -0.187945 -0.019573 -0.102103
v -0.137273 -0.013021 -0.100651
v -0.141199 -0.023983 -0.112264
v 0.164744 -0.021127 -0.061415
v 0.176036 -0.056193 -0.062757
v 0.132577 -0.031724 -0.063730
v 0.139560 -0.023824 -0.066093
v 0.144265 -0.024335 -0.070332
v 0.145981 -0.013812 -0.072668
v 0.154272 -0.008380 -0.069356
v 0.154369 -0.008556 -0.065304
v 0.154016 -0.007576 -0.081255
v 0.154172 -0.007913 -0.074901
v 0.145629 -0.012555 -0.089764
v 0.152612 -0.008242 -0.091807
v 0.143532 -0.024041 -0.076146
v 0.136010 -0.022611 -0.076717
v 0.136805 -0.013913 -0.079011
v 0.136920 -0.013136 -0.088485
v 0.480905 -0.057304 0.005945
v 0.483296 -0.053259 0.005262
v 0.479729 -0.052659 0.008022
v 0.474664 -0.053504 0.011780
v 0.474646 -0.057793 0.010803
v 0.475425 -0.060794 0.008557
v 0.482874 -0.059014 -0.000173
v 0.482342 -0.058019 -0.003529
v 0.485907 -0.053011 -0.002584
v 0.485718 -0.054082 0.002703
v 0.482314 -0.058555 0.003292
v 0.485623 -0.050602 0.000715
v 0.472944 -0.041248 0.004495
v 0.476128 -0.042697 0.000931
v 0.473168 -0.040366 -0.001036
v 0.465304 -0.035121 -0.001249
v 0.465187 -0.035632 0.003375
v 0.465517 -0.037047 0.008201
v 0.448300 -0.050142 -0.024983
v 0.448349 -0.042785 -0.024014
v 0.466790 -0.046198 -0.015581
v 0.471944 -0.050048 -0.012776
v 0.466471 -0.053791 -0.015590
v 0.448900 -0.057839 -0.025053
v 0.286309 -0.080462 -0.053892
v 0.295964 -0.094460 -0.040545
v 0.286149 -0.087239 -0.043456
v 0.286390 -0.086247 -0.047621
v 0.286087 -0.081882 -0.046884
v 0.286458 -0.102334 -0.025129
v 0.286644 -0.095599 -0.034596
v 0.286463 -0.096574 -0.034166
v 0.135596 -0.080495 -0.059831
v 0.134762 -0.076238 -0.060005
v 0.130886 -0.076354 -0.059967
v 0.135094 -0.076439 -0.060078
v 0.160832 -0.080467 -0.056842
v 0.113315 -0.090954 -0.054618
v 0.116946 -0.099624 -0.054506
v 0.128190 -0.095347 -0.057035
v 0.135431 -0.095076 -0.058235
v 0.177708 -0.100736 -0.044063
v 0.136382 -0.104167 -0.042249
v 0.136057 -0.097364 -0.066982
v 0.135856 -0.108899 -0.064187
v 0.135635 -0.110386 -0.070350
v 0.130854 -0.105373 -0.077750
v 0.122262 -0.104444 -0.075975
v 0.120985 -0.094646 -0.069674
v 0.135986 -0.109974 -0.079113
v 0.114096 -0.102827 -0.086380
v 0.114859 -0.090337 -0.086025
v 0.115207 -0.091105 -0.074216
v 0.122435 -0.103043 -0.088839
v 0.120244 -0.031141 -0.086356
v 0.120480 -0.027714 -0.093099
v 0.120389 -0.032429 -0.078936
v 0.120301 -0.042040 -0.117399
v 0.117376 -0.055020 -0.111212
v 0.116982 -0.059575 -0.121620
v 0.127700 -0.049845 -0.123837
v 0.128895 -0.040007 -0.121585
v 0.125958 -0.062457 -0.122951
v 0.122125 -0.033796 -0.109320
v 0.116047 -0.072965 -0.097322
v 0.115626 -0.074160 -0.108170
v 0.118352 -0.050944 -0.088188
v 0.116304 -0.073969 -0.086753
v 0.126315 -0.021096 -0.097987
v 0.114841 -0.087991 -0.118813
v 0.114359 -0.088382 -0.107674
v 0.113444 -0.099601 -0.108201
v 0.122558 -0.100014 -0.108915
v 0.122572 -0.098700 -0.116862
v 0.123564 -0.088075 -0.119443
v 0.138636 -0.068431 -0.061746
v 0.137844 -0.078763 -0.069643
v 0.140081 -0.057423 -0.071487
v 0.141172 -0.053171 -0.065752
v 0.137465 -0.034159 -0.064626
v -0.131506 -0.030074 -0.115875
v -0.181008 -0.038599 -0.118782
v -0.190659 -0.037801 -0.118870
v -0.096565 -0.054090 -0.452122
v -0.095447 -0.056096 -0.462024
v -0.082838 -0.055951 -0.463260
v -0.070674 -0.055335 -0.455596
v -0.070781 -0.051153 -0.452667
v -0.069105 -0.054898 -0.463383
v -0.088485 -0.051882 -0.443033
v -0.096656 -0.053658 -0.441364
v -0.171911 -0.063464 -0.297114
v -0.202358 -0.060037 -0.296919
v -0.199313 -0.057168 -0.338490
v -0.150376 -0.061866 -0.330984
v -0.148922 -0.061896 -0.327432
v -0.157360 -0.061827 -0.326376
v -0.069351 -0.046145 -0.450713
v -0.079109 -0.047996 -0.432772
v -0.086746 -0.049720 -0.429348
v -0.075103 -0.036844 -0.446129
v -0.075712 -0.040863 -0.435104
v -0.066049 -0.037837 -0.451248
v -0.046055 -0.046188 -0.463618
v -0.056498 -0.052649 -0.459013
v -0.058133 -0.052307 -0.464022
v -0.051068 -0.046775 -0.469101
v -0.046413 -0.044704 -0.463673
v 0.135587 -0.065421 -0.124351
v 0.138640 -0.067204 -0.127337
v 0.131379 -0.067985 -0.132831
v 0.070363 -0.064733 -0.168816
v 0.089136 -0.062884 -0.157839
v 0.086809 -0.067184 -0.142991
v 0.067751 -0.070388 -0.142409
v 0.042248 -0.074273 -0.140379
v 0.039898 -0.072721 -0.153255
v 0.040312 -0.068680 -0.177845
v 0.047783 -0.065607 -0.184020
v 0.030561 -0.070911 -0.172285
v 0.119938 -0.068036 -0.135445
v 0.105350 -0.070570 -0.136147
v 0.095485 -0.054302 -0.162891
v 0.091332 -0.072889 -0.135531
v 0.135473 -0.106370 -0.056990
v 0.128524 -0.106488 -0.055963
v 0.128784 -0.113922 -0.056325
v 0.128104 -0.117790 -0.063393
v 0.135533 -0.116088 -0.063420
v -0.001239 -0.115416 -0.034843
v -0.030120 -0.112777 -0.033612
v -0.026431 -0.119999 -0.042590
v 0.006619 -0.118193 -0.044131
v 0.014250 -0.117864 -0.033974
v -0.053594 -0.123691 0.007014
v -0.038648 -0.134598 0.004325
v -0.037604 -0.132576 0.016696
v -0.017576 -0.127336 0.025269
v -0.019907 -0.118627 0.029348
v -0.020896 -0.111264 0.036282
v -0.053756 -0.112232 0.034485
v -0.086732 -0.113678 0.020009
v -0.085629 -0.117776 0.008882
v 0.053387 -0.113543 0.037446
v 0.083301 -0.113342 0.037204
v 0.082051 -0.105982 0.044703
v 0.081788 -0.113510 0.051107
v 0.051151 -0.121849 0.047819
v 0.018990 -0.126541 0.045412
v 0.019393 -0.114441 0.044491
v 0.019546 -0.112545 0.038021
v -0.007604 -0.137078 0.021408
v -0.013613 -0.140713 0.012076
v 0.119481 -0.120570 0.012135
v 0.144259 -0.116327 0.020465
v 0.145587 -0.105678 0.038735
v 0.115087 -0.131017 0.020860
v 0.116845 -0.130631 0.021399
v 0.109697 -0.130386 0.019047
v 0.111362 -0.128431 0.020251
v 0.115602 -0.129762 0.021405
v 0.112418 -0.133224 0.009493
v 0.101033 -0.127899 0.009899
v 0.106033 -0.129812 -0.010223
v 0.102456 -0.124197 -0.009805
v 0.102005 -0.123421 0.000559
v 0.114690 -0.136079 0.005846
v 0.113026 -0.133338 -0.001776
v 0.111284 -0.132167 -0.010443
v 0.111035 -0.131418 -0.018888
v 0.104712 -0.125377 -0.021165
v 0.117883 -0.119342 -0.024330
v 0.119762 -0.119969 -0.004068
v 0.108821 -0.121471 -0.007701
v 0.104213 -0.122233 0.011984
v 0.107872 -0.121388 0.004520
v 0.118437 -0.124404 0.025950
v 0.118539 -0.124242 0.025732
v 0.117652 -0.127825 0.023038
v 0.125511 -0.072144 0.132610
v 0.138567 -0.079218 0.126219
v 0.125422 -0.082074 0.132020
v 0.125131 -0.049340 0.136910
v 0.115693 -0.054875 0.146373
v 0.107879 -0.075735 0.135200
v 0.101333 -0.057499 0.160185
v 0.093221 -0.064611 0.152094
v 0.080203 -0.072438 0.134786
v 0.082010 -0.082168 0.133959
v 0.075516 -0.068976 0.144291
v 0.113843 -0.103687 0.078667
v 0.125427 -0.105096 0.078412
v 0.125304 -0.106565 0.069234
v 0.130817 -0.067763 0.071907
v 0.120347 -0.069605 0.072507
v 0.116751 -0.069971 0.078446
v 0.141142 -0.065764 0.070669
v 0.138545 -0.088153 0.062070
v 0.139964 -0.055540 0.065043
v 0.136598 -0.106182 0.077557
v 0.129656 -0.115990 0.077475
v 0.129572 -0.116597 0.065964
v 0.127491 -0.108504 0.055998
v 0.143008 -0.090085 0.052704
v 0.179050 -0.082740 0.055276
v 0.178783 -0.060338 0.062153
v 0.114129 -0.098088 0.110293
v 0.115471 -0.076673 0.109544
v 0.116005 -0.080114 0.119977
v 0.127994 -0.084582 0.120214
v 0.126444 -0.094978 0.117913
v 0.125444 -0.099508 0.111466
v 0.144922 -0.026790 0.113934
v 0.143201 -0.019306 0.119553
v 0.134661 -0.037359 0.132251
v -0.154168 -0.045011 0.436266
v -0.158450 -0.042413 0.449604
v -0.188653 -0.044872 0.447657
v -0.174711 -0.047912 0.401784
v -0.142712 -0.047723 0.408808
v -0.210279 -0.046117 0.439911
v -0.216097 -0.046395 0.431292
v -0.204795 -0.045651 0.420369
v -0.200408 -0.047348 0.395793
v -0.209667 -0.045376 0.449390
v -0.327817 -0.076217 0.179787
v -0.353316 -0.076126 0.202744
v -0.363055 -0.077665 0.176910
v -0.367279 -0.078512 0.150936
v -0.348617 -0.077869 0.150572
v -0.319340 -0.076766 0.155694
v -0.237012 -0.062770 0.152264
v -0.212038 -0.070196 0.143706
v -0.214603 -0.068879 0.158286
v -0.217591 -0.067348 0.175678
v -0.234462 -0.064029 0.180345
v -0.246298 -0.058992 0.182288
v -0.251219 -0.059518 0.174147
v -0.268395 -0.072948 0.175882
v -0.254990 -0.066925 0.156338
v -0.266819 -0.055302 0.157034
v -0.288757 -0.068617 0.206842
v -0.295159 -0.073640 0.200812
v -0.288715 -0.059949 0.205231
v -0.253571 -0.049084 0.141608
v -0.248139 -0.060258 0.131337
v -0.231656 -0.067876 0.128355
v -0.249912 -0.034175 0.142809
v -0.230101 -0.047362 0.155568
v -0.205281 -0.043819 0.141828
v -0.200666 -0.038094 0.138162
v -0.225031 -0.033171 0.141829
v -0.207535 -0.043949 0.152741
v -0.244181 -0.019963 0.143382
v -0.254543 -0.057138 0.202463
v -0.252720 -0.051642 0.201806
v -0.243703 -0.057689 0.201837
v -0.293737 -0.056672 0.199078
v -0.272122 -0.055596 0.174351
v -0.281146 -0.055433 0.171033
v -0.356690 -0.058739 0.112012
v -0.365785 -0.066178 0.110814
v -0.374622 -0.057830 0.113654
v -0.375075 -0.037374 0.114133
v -0.349865 -0.029146 0.113610
v -0.341964 -0.048768 0.112018
v -0.361076 -0.041424 0.101812
v -0.365996 -0.051631 0.095144
v -0.370146 -0.067680 0.098545
v -0.452590 -0.063757 0.076689
v -0.447336 -0.062096 0.080909
v -0.447841 -0.053999 0.077317
v -0.448479 -0.048526 0.072379
v -0.446488 -0.056688 0.069331
v -0.445730 -0.063822 0.074031
v -0.456145 -0.045907 0.063377
v -0.454746 -0.051010 0.062067
v -0.449214 -0.043420 0.063262
v -0.464291 -0.054151 0.135356
v -0.466893 -0.055591 0.134751
v -0.465802 -0.060206 0.130129
v -0.455651 -0.060702 0.134163
v -0.456028 -0.053419 0.137271
v -0.456320 -0.062297 0.127734
v -0.465274 -0.056518 0.127401
v -0.468131 -0.051810 0.129561
v -0.397829 -0.060890 0.238368
v -0.408507 -0.065444 0.239114
v -0.402503 -0.062962 0.256898
v -0.388614 -0.061486 0.266592
v -0.384268 -0.059827 0.253489
v -0.386395 -0.059865 0.237805
v -0.415383 -0.041149 0.143716
v -0.424255 -0.054958 0.140966
v -0.422639 -0.065293 0.135969
v -0.405773 -0.068175 0.135817
v -0.400070 -0.062034 0.142597
v -0.407853 -0.041788 0.144849
v -0.409766 -0.066542 0.175316
v -0.403139 -0.060221 0.174421
v -0.406174 -0.075346 0.146398
v -0.408355 -0.077051 0.175795
v -0.403966 -0.074432 0.135832
v -0.358232 -0.077549 0.115459
v -0.369738 -0.075013 0.114314
v -0.371024 -0.079333 0.097831
v -0.361768 -0.085970 0.109341
v -0.389994 -0.068927 0.116189
v -0.389577 -0.075597 0.120447
v -0.399657 -0.053134 0.114472
v -0.390294 -0.055931 0.114245
v -0.400996 -0.064720 0.118464
v -0.408556 -0.050953 0.116637
v -0.397455 -0.077578 0.127286
v -0.402154 -0.072464 0.127019
v -0.403700 -0.066840 0.127023
v -0.370457 -0.074470 0.259687
v -0.368545 -0.070761 0.272150
v -0.390025 -0.073021 0.268872
v -0.402066 -0.074494 0.256325
v -0.390011 -0.075609 0.249881
v -0.374968 -0.075204 0.247340
v -0.389173 -0.077703 0.127907
v -0.449428 -0.078587 0.083008
v -0.449154 -0.070297 0.083379
v -0.452652 -0.070886 0.078008
v -0.448139 -0.085084 0.081324
v -0.445524 -0.071837 0.075948
v -0.445566 -0.081151 0.075676
v -0.400927 -0.076428 0.069265
v -0.413540 -0.077753 0.072075
v -0.414500 -0.069179 0.072256
v -0.398116 -0.073131 0.057813
v -0.398068 -0.081140 0.061244
v -0.398081 -0.060766 0.060141
v -0.397980 -0.066205 0.053416
v -0.404784 -0.056739 0.064329
v -0.416092 -0.061814 0.071051
v -0.401076 -0.092459 0.045162
v -0.401549 -0.093230 0.054127
v -0.398100 -0.085456 0.053821
v -0.397969 -0.077473 0.051055
v -0.398016 -0.081990 0.044475
v -0.400989 -0.087096 0.038651
v -0.418821 -0.055879 0.066520
v -0.401159 -0.089580 0.063777
v -0.412937 -0.085322 0.069294
v -0.412806 -0.091837 0.062095
v -0.449752 -0.089715 0.077966
v -0.453632 -0.091815 0.068482
v -0.451734 -0.097868 0.069496
v -0.446170 -0.090391 0.068634
v -0.454579 -0.096078 0.059403
v -0.448242 -0.094540 0.059169
v -0.453391 -0.102392 0.050738
v -0.452306 -0.101375 0.059891
v -0.453958 -0.100768 0.043704
v -0.448234 -0.092775 0.039020
v -0.455874 -0.095372 0.035795
v -0.442611 -0.095052 -0.040414
v -0.418856 -0.085202 -0.035791
v -0.424766 -0.095350 -0.043283
v -0.435450 -0.105210 -0.039806
v -0.437025 -0.101138 -0.031553
v -0.446678 -0.098114 -0.033686
v -0.447075 -0.092968 -0.027473
v -0.430398 -0.075106 -0.030161
v -0.453833 -0.080808 -0.025123
v -0.450596 -0.073385 -0.021617
v -0.446599 -0.083758 -0.022604
v -0.399009 -0.074810 -0.039000
v -0.398217 -0.076069 -0.046775
v -0.399233 -0.084106 -0.045629
v -0.405175 -0.092996 -0.043800
v -0.403575 -0.083075 -0.036949
v -0.402438 -0.074487 -0.033932
v -0.387977 -0.092420 0.012939
v -0.391104 -0.079109 0.009635
v -0.375093 -0.078649 0.007898
v -0.368224 -0.078219 0.006807
v -0.365104 -0.093029 0.005941
v -0.366922 -0.105514 0.018617
v -0.385401 -0.103172 0.020967
v -0.344659 -0.101472 0.006821
v -0.344487 -0.104751 0.012268
v -0.345384 -0.112448 0.017178
v -0.384426 -0.091898 -0.012957
v -0.385348 -0.101552 -0.019204
v -0.366654 -0.105447 -0.018169
v -0.364446 -0.094477 -0.006324
v -0.365843 -0.078095 -0.005525
v -0.371352 -0.078309 -0.008002
v -0.345268 -0.103621 -0.012195
v -0.344960 -0.100863 -0.007568
v -0.346548 -0.111513 -0.017041
v -0.357012 -0.077297 -0.180599
v -0.375150 -0.078148 -0.177869
v -0.374617 -0.076961 -0.208344
v -0.353449 -0.075881 -0.215760
v -0.336910 -0.076047 -0.191221
v -0.450288 -0.101468 -0.056106
v -0.449263 -0.095775 -0.059334
v -0.452814 -0.098241 -0.065926
v -0.437355 -0.107582 -0.055267
v -0.427600 -0.110673 -0.057264
v -0.427762 -0.110194 -0.046972
v -0.428216 -0.107583 -0.037924
v -0.434533 -0.104459 -0.043073
v -0.443509 -0.096808 -0.054897
v -0.444603 -0.104369 -0.054730
v -0.417062 -0.073324 -0.076297
v -0.425834 -0.064427 -0.074063
v -0.438975 -0.059253 -0.072935
v -0.439711 -0.063488 -0.078558
v -0.423709 -0.078964 -0.078158
v -0.416893 -0.077787 -0.076646
v -0.437757 -0.079963 -0.082079
v -0.439549 -0.079214 -0.078637
v -0.430225 -0.076796 -0.086940
v -0.438334 -0.082580 -0.084834
v -0.451384 -0.086855 -0.073846
v -0.441940 -0.087135 -0.072193
v -0.430602 -0.086733 -0.071218
v -0.434175 -0.079103 -0.076035
v -0.450455 -0.085135 -0.080371
v -0.451731 -0.089903 -0.077196
v -0.449485 -0.080937 -0.081402
v -0.456169 -0.080680 -0.076617
v -0.456603 -0.072285 -0.079508
v -0.457154 -0.081348 -0.080465
v -0.450937 -0.065382 -0.084608
v -0.450451 -0.068675 -0.083123
v -0.456471 -0.070292 -0.078431
v -0.444196 -0.082897 -0.082669
v -0.447102 -0.076889 -0.080724
v -0.448083 -0.065730 -0.080225
v -0.448479 -0.065989 -0.083253
v -0.456791 -0.056180 -0.077089
v -0.459016 -0.058396 -0.075351
v -0.386061 -0.078290 -0.130532
v -0.381801 -0.076978 -0.120599
v -0.378431 -0.071538 -0.114945
v -0.395177 -0.064726 -0.117189
v -0.411113 -0.060125 -0.118980
v -0.413052 -0.066409 -0.126061
v -0.404115 -0.078095 -0.139021
v -0.415102 -0.064456 -0.137563
v -0.390925 -0.078691 -0.139608
v -0.370180 -0.078695 -0.142933
v -0.356902 -0.078258 -0.142407
v -0.380149 -0.078765 -0.141110
v -0.357730 -0.078148 -0.121664
v -0.355665 -0.073722 -0.266385
v -0.364461 -0.074473 -0.258695
v -0.370837 -0.073073 -0.267243
v -0.372537 -0.067996 -0.272944
v -0.362639 -0.066069 -0.272887
v -0.354786 -0.065385 -0.267942
v -0.402452 -0.062337 -0.142876
v -0.403665 -0.061204 -0.156649
v -0.407510 -0.067655 -0.154766
v -0.406466 -0.078182 -0.152470
v -0.415727 -0.058147 -0.141038
v -0.355492 -0.093677 -0.109787
v -0.366718 -0.088087 -0.098914
v -0.369091 -0.073108 -0.100929
v -0.375644 -0.063646 -0.114427
v -0.356271 -0.076728 -0.114880
v -0.253865 -0.060042 -0.156593
v -0.253451 -0.057217 -0.163307
v -0.257213 -0.059251 -0.136104
v -0.245498 -0.058496 -0.134705
v -0.292373 -0.054544 -0.143489
v -0.294115 -0.055692 -0.157980
v -0.325311 -0.056756 -0.151947
v -0.308756 -0.019590 -0.145125
v -0.278884 -0.034373 -0.144054
v -0.361929 -0.057530 -0.143835
v -0.367753 -0.046506 -0.144926
v -0.471782 -0.051232 -0.134937
v -0.451691 -0.048877 -0.138327
v -0.449548 -0.056196 -0.137867
v -0.443373 -0.063221 -0.134598
v -0.472367 -0.045565 -0.134826
v -0.469886 -0.047285 -0.128564
v -0.460532 -0.047336 -0.124892
v -0.458604 -0.040620 -0.125947
v -0.456150 -0.038489 -0.132853
v -0.453960 -0.041906 -0.137980
v -0.445858 -0.065022 -0.128428
v -0.390555 -0.059164 -0.144211
v -0.387662 -0.059155 -0.158835
v -0.396340 -0.059673 -0.157825
v -0.407626 -0.042982 -0.145621
v -0.396712 -0.045143 -0.145389
v -0.417155 -0.050932 -0.142219
v -0.387345 -0.062119 -0.267016
v -0.381028 -0.060341 -0.259008
v -0.368720 -0.059606 -0.267440
v -0.387060 -0.070770 -0.267970
v -0.356382 -0.057977 -0.160739
v -0.326394 -0.056958 -0.167577
v -0.339936 -0.057739 -0.193494
v -0.371880 -0.058759 -0.183334
v -0.377605 -0.058732 -0.159585
v -0.362982 -0.058764 -0.209772
v -0.259983 -0.069382 -0.169932
v -0.279360 -0.067206 -0.197444
v -0.283174 -0.057991 -0.194931
v -0.293466 -0.056167 -0.186227
v -0.275335 -0.055114 -0.163416
v -0.230182 -0.042583 -0.467926
v -0.223878 -0.045809 -0.474376
v -0.221296 -0.056144 -0.468877
v -0.230955 -0.055744 -0.460045
v -0.233037 -0.041010 -0.460244
v -0.218840 -0.057378 -0.459582
v -0.198688 -0.038668 -0.477009
v -0.204328 -0.047529 -0.477163
v -0.208901 -0.033010 -0.470832
v -0.258800 -0.044698 -0.142799
v -0.249842 -0.035717 -0.143141
v -0.242494 -0.028119 -0.143230
v -0.229580 -0.047562 -0.161777
v -0.237273 -0.076943 -0.114607
v -0.263553 -0.074233 -0.120931
v -0.269475 -0.074347 -0.136533
v -0.203308 -0.078694 -0.114207
v -0.201241 -0.089734 -0.114259
v -0.205456 -0.073380 -0.121171
v -0.245301 -0.058349 -0.168526
v -0.250747 -0.057193 -0.166627
v -0.245838 -0.058675 -0.167535
v -0.240439 -0.060400 -0.181446
v -0.240698 -0.051745 -0.183776
v -0.235282 -0.051694 -0.216543
v -0.246632 -0.053876 -0.215017
v -0.242767 -0.057666 -0.212356
v -0.228133 -0.066669 -0.178388
v -0.227130 -0.068089 -0.155548
v -0.231668 -0.065305 -0.141181
v -0.228417 -0.047230 -0.183840
v -0.261910 -0.058295 -0.138231
v -0.456041 -0.047732 -0.038546
v -0.457458 -0.049634 -0.042511
v -0.451808 -0.049948 -0.043398
v -0.401675 -0.055142 -0.054628
v -0.408480 -0.052659 -0.054521
v -0.407007 -0.054307 -0.061904
v -0.405165 -0.059213 -0.067850
v -0.398955 -0.060783 -0.061879
v -0.398625 -0.061328 -0.054778
v -0.412939 -0.082551 -0.091762
v -0.427644 -0.089179 -0.087618
v -0.429104 -0.081630 -0.089215
v -0.427760 -0.070148 -0.091240
v -0.390250 -0.062518 -0.095387
v -0.387172 -0.075253 -0.096823
v -0.443659 -0.063010 -0.083724
v -0.448958 -0.059051 -0.075276
v -0.403488 -0.067590 -0.070455
v -0.415938 -0.057822 -0.068584
v -0.428048 -0.055765 -0.068473
v -0.407815 -0.076208 -0.075527
v -0.403858 -0.076218 -0.071355
v -0.414188 -0.074190 -0.076365
v -0.359237 -0.057078 -0.111505
v -0.364138 -0.051035 -0.113343
v -0.366864 -0.045046 -0.093423
v -0.354774 -0.035305 -0.102243
v -0.351657 -0.044845 -0.108377
v -0.389451 -0.049133 -0.089025
v -0.377505 -0.048788 -0.015047
v -0.381436 -0.062689 -0.009587
v -0.370591 -0.062153 -0.007884
v -0.366787 -0.061904 -0.004292
v -0.359945 -0.044686 -0.003893
v -0.329957 -0.037084 -0.006309
v -0.330093 -0.033565 -0.012561
v -0.357809 -0.032554 -0.018168
v -0.373902 -0.038793 -0.023467
v -0.380143 -0.050085 0.014443
v -0.380457 -0.041283 0.022423
v -0.368861 -0.063256 0.008211
v -0.378829 -0.063948 0.008982
v -0.360628 -0.044727 0.002087
v -0.365874 -0.062452 0.002287
v -0.400457 -0.080806 0.034348
v -0.397990 -0.076328 0.040439
v -0.398147 -0.070698 0.036303
v -0.405276 -0.066179 0.033110
v -0.407472 -0.073873 0.031918
v -0.408891 -0.080825 0.033437
v -0.410636 -0.051793 0.051729
v -0.413288 -0.053871 0.044193
v -0.401649 -0.054853 0.044528
v -0.398006 -0.055537 0.054507
v -0.407471 -0.053232 0.058443
v -0.397974 -0.059852 0.048365
v -0.438265 -0.052686 -0.033728
v -0.435667 -0.064266 -0.018272
v -0.436346 -0.053154 -0.024018
v -0.435978 -0.049548 -0.030358
v -0.424049 -0.043460 -0.028045
v -0.424074 -0.036900 -0.038301
v -0.439773 -0.041753 -0.040293
v -0.450609 -0.048074 -0.068059
v -0.452201 -0.053038 -0.073377
v -0.455751 -0.053590 -0.071873
v -0.458247 -0.053978 -0.070816
v -0.451409 -0.053683 -0.069157
v -0.445889 -0.049010 -0.054350
v -0.432547 -0.049896 -0.053366
v -0.439918 -0.050306 -0.044253
v -0.450530 -0.045627 -0.042207
v -0.444552 -0.050228 -0.043659
v -0.429893 -0.066325 -0.031333
v -0.426975 -0.065010 -0.031758
v -0.445853 -0.075076 -0.019747
v -0.436465 -0.075822 -0.017119
v -0.330130 -0.027083 0.017520
v -0.329446 -0.031803 0.013127
v -0.366234 -0.029300 0.033018
v -0.358644 -0.022278 0.029116
v -0.328969 -0.036428 0.007828
v -0.218884 -0.033851 0.110224
v -0.222977 -0.033895 0.110588
v -0.242768 -0.021312 0.112152
v -0.236693 -0.010674 0.115301
v -0.214392 -0.024133 0.116481
v -0.222804 -0.020384 0.098695
v -0.242812 -0.021713 0.098331
v -0.274793 -0.023610 0.097561
v -0.175829 -0.014580 0.096820
v -0.203370 -0.019381 0.099223
v -0.326576 -0.033340 -0.112505
v -0.201571 -0.031215 -0.118415
v -0.215075 -0.022364 -0.118761
v -0.227024 -0.020189 -0.097727
v -0.227798 -0.020843 -0.113161
v -0.210880 -0.027022 -0.136106
v -0.200933 -0.034050 -0.134628
v -0.262903 -0.035038 -0.110413
v -0.260506 -0.020993 -0.095328
v -0.244023 -0.004618 -0.115558
v -0.225568 -0.014555 -0.120019
v -0.277091 0.013561 -0.117548
v -0.280143 0.005500 -0.116098
v -0.234260 -0.022664 -0.141210
v -0.190827 -0.041175 -0.142399
v -0.190596 -0.042143 -0.156813
v -0.209994 -0.044407 -0.159970
v -0.191153 -0.039384 -0.132977
v -0.355093 -0.029233 -0.114212
v -0.363404 -0.006254 -0.116508
v -0.389327 -0.016006 -0.116886
v -0.350485 -0.040646 -0.113074
v -0.389400 -0.054530 -0.114537
v -0.424407 -0.047300 -0.119812
v -0.409666 -0.048599 -0.116771
v -0.407365 -0.036985 -0.117107
v -0.440602 -0.038190 -0.123315
v -0.443467 -0.047147 -0.122341
v -0.409744 -0.020772 -0.117940
v -0.424534 -0.023910 -0.119404
v -0.421326 -0.036066 -0.130480
v -0.437405 -0.037224 -0.131730
v -0.425154 -0.025375 -0.129964
v -0.432060 -0.048555 -0.140840
v -0.435292 -0.039391 -0.140809
v -0.425284 -0.027452 -0.140050
v -0.416157 -0.028729 -0.146657
v -0.431766 0.110581 -0.153478
v -0.409738 0.090316 -0.151963
v -0.423533 0.079211 -0.152486
v -0.438010 0.070265 -0.152512
v -0.455555 0.097467 -0.153951
v -0.471851 0.113447 -0.133294
v -0.476776 0.115982 -0.135252
v -0.458011 0.113259 -0.154796
v -0.481594 0.145053 -0.135829
v -0.479136 0.146298 -0.136834
v -0.481950 0.144759 -0.149517
v -0.408268 0.133896 -0.152843
v -0.411083 0.146619 -0.143365
v -0.383723 0.123956 -0.142141
v -0.374943 0.115843 -0.142610
v -0.379001 0.111136 -0.149355
v -0.381236 0.109296 -0.149714
v -0.376304 0.109456 -0.149679
v -0.379705 0.108994 -0.149181
v -0.457452 -0.073286 -0.077162
v -0.394501 0.118270 -0.130648
v -0.379772 0.101478 -0.128373
v -0.373638 0.105995 -0.129848
v -0.420160 0.103318 -0.129159
v -0.410904 0.109914 -0.129554
v -0.428079 0.120820 -0.131300
v -0.439202 0.112936 -0.130871
v -0.430549 0.098337 -0.129028
v -0.440212 0.123990 -0.132055
v -0.480888 0.142752 0.136556
v -0.485773 0.143077 0.142374
v -0.481018 0.148460 0.144232
v -0.473719 0.148302 0.138559
v -0.473940 0.142791 0.134642
v -0.473988 0.149781 0.145981
v -0.425345 0.115760 0.130406
v -0.405385 0.097043 0.127793
v -0.416104 0.090093 0.127356
v -0.438857 0.106906 0.130110
v -0.441364 0.119892 0.131537
v -0.427659 0.083778 0.127210
v -0.454208 -0.039037 0.130712
v -0.457698 -0.043360 0.125832
v -0.467259 -0.047921 0.133399
v -0.456838 -0.044080 0.136794
v -0.427879 -0.021850 0.137468
v -0.427747 -0.021712 0.129307
v -0.426998 -0.034529 0.129453
v -0.423355 -0.022521 0.145084
v -0.441365 -0.036254 0.130195
v -0.441102 -0.041140 0.138185
v -0.425692 -0.021476 0.121744
v -0.417210 -0.020125 0.117852
v -0.412211 -0.037203 0.117635
v -0.441370 -0.040102 0.123497
v -0.422818 -0.049138 0.119923
v -0.440351 -0.049566 0.121850
v -0.275680 -0.005120 0.144496
v -0.298318 -0.022806 0.144316
v -0.289768 -0.055671 0.141773
v -0.271422 -0.054838 0.141357
v -0.196342 -0.034139 0.123820
v -0.171118 -0.038584 0.114559
v -0.178299 -0.033343 0.112370
v -0.365500 0.094819 0.127134
v -0.371266 0.087745 0.126043
v -0.389132 0.106407 0.128676
v -0.238131 -0.042138 0.415949
v -0.238563 -0.037045 0.418196
v -0.244914 -0.030894 0.449875
v -0.245764 -0.038701 0.447223
v -0.247335 -0.039299 0.455307
v -0.242334 -0.038396 0.465123
v -0.241821 -0.030913 0.462772
v -0.238357 -0.027192 0.456394
v -0.226502 -0.023588 0.454823
v -0.214215 -0.020602 0.457238
v -0.212728 -0.022536 0.448008
v -0.226217 -0.026136 0.443273
v -0.233448 -0.026354 0.449710
v -0.214532 -0.025090 0.436947
v -0.217504 -0.034921 0.397974
v -0.226171 -0.036396 0.397529
v -0.225089 -0.035264 0.418516
v -0.223595 -0.039601 0.425227
v -0.200537 -0.026312 0.420422
v -0.202589 -0.029525 0.396722
v -0.198075 -0.022502 0.435472
v -0.229143 -0.031228 0.435063
v -0.229448 -0.038477 0.434998
v -0.227804 -0.044646 0.438992
v -0.223591 -0.043126 0.412593
v -0.215870 -0.043624 0.414120
v -0.224723 -0.045217 0.445426
v -0.224436 -0.047119 0.455447
v -0.231374 -0.046121 0.450941
v -0.210515 -0.047421 0.457619
v -0.241671 -0.044829 0.450099
v -0.239616 -0.044576 0.462229
v -0.235542 -0.046799 0.456419
v -0.241902 -0.038332 0.396618
v -0.246123 -0.041655 0.395931
v -0.239789 -0.043393 0.394952
v -0.230995 -0.042730 0.413693
v -0.228916 -0.040120 0.426844
v -0.231619 -0.036095 0.417903
v -0.426196 0.113828 0.153234
v -0.441076 0.118417 0.154077
v -0.439213 0.104868 0.153565
v -0.418215 0.088911 0.152064
v -0.407377 0.097163 0.151674
v -0.428646 0.082204 0.152232
v -0.486432 0.134557 0.141699
v -0.486855 0.134920 0.149426
v -0.481461 0.136017 0.155226
v -0.481609 0.144760 0.151295
v -0.473538 0.136875 0.156402
v -0.474046 0.145386 0.153152
v -0.465111 0.137135 0.156232
v -0.465874 0.145221 0.153586
v -0.466184 0.149762 0.146773
v -0.456037 0.145090 0.153833
v -0.456625 0.149582 0.147263
v -0.456723 0.149360 0.139256
v -0.466064 0.148876 0.138890
v -0.456436 0.143700 0.134206
v -0.465949 0.143203 0.134368
v -0.455712 0.136409 0.132505
v -0.465654 0.136279 0.133058
v -0.473710 0.135692 0.133818
v -0.464093 0.127980 0.133256
v -0.472203 0.127016 0.133858
v -0.479620 0.125807 0.135570
v -0.481508 0.135104 0.135641
v -0.483815 0.125131 0.141420
v -0.480186 0.112936 0.140437
v -0.480167 0.112545 0.148243
v -0.484393 0.125147 0.149095
v -0.475982 0.114139 0.134376
v -0.469290 0.096591 0.132520
v -0.473296 0.094467 0.138125
v -0.468523 0.115741 0.132958
v -0.462010 0.099408 0.131212
v -0.451565 0.073055 0.128117
v -0.458833 0.069988 0.129489
v -0.460868 0.117534 0.132497
v -0.454633 0.102045 0.130765
v -0.444007 0.076193 0.127660
v -0.431600 0.044268 0.123855
v -0.439676 0.041038 0.124156
v -0.447438 0.104492 0.130422
v -0.436527 0.079468 0.127345
v -0.423333 0.047703 0.123687
v -0.410236 0.015048 0.120249
v -0.418931 0.011163 0.120370
v -0.412125 0.053177 0.123678
v -0.396798 0.021635 0.120227
v -0.383066 -0.009961 0.116623
v -0.399058 -0.015716 0.116975
v -0.396888 0.062820 0.124047
v -0.377419 0.033482 0.120537
v -0.359903 0.002102 0.116735
v -0.361156 0.045692 0.121178
v -0.336717 0.016718 0.117509
v -0.316067 -0.014070 0.113780
v -0.308102 -0.042821 0.110895
v -0.323515 0.027537 0.118407
v -0.292393 -0.002832 0.114043
v -0.315333 0.034567 0.119264
v -0.279991 0.004699 0.115231
v -0.307566 0.042255 0.120501
v -0.272535 0.013712 0.117091
v -0.301252 0.048191 0.125402
v -0.266368 0.020340 0.124846
v -0.233988 -0.007426 0.126421
v -0.213841 -0.022353 0.127531
v -0.265943 0.018329 0.136738
v -0.236105 -0.010178 0.138693
v -0.217406 -0.024178 0.137206
v -0.197364 -0.034050 0.131546
v -0.171756 -0.040398 0.122782
v -0.173362 -0.040615 0.130732
v -0.134408 -0.038225 0.126393
v -0.132809 -0.036640 0.117449
v -0.175587 -0.040742 0.138451
v -0.135864 -0.038315 0.136065
v -0.092703 -0.036791 0.137913
v -0.092010 -0.036972 0.127906
v -0.177723 -0.040658 0.149419
v -0.137843 -0.038094 0.148262
v -0.093746 -0.036651 0.150709
v -0.050488 -0.036168 0.155251
v -0.049697 -0.036546 0.142722
v -0.139801 -0.037511 0.168032
v -0.095792 -0.036403 0.172020
v -0.052913 -0.035735 0.178333
v -0.016154 -0.036595 0.187868
v -0.009685 -0.036431 0.160307
v -0.100404 -0.036107 0.207004
v -0.059461 -0.035136 0.216276
v -0.029382 -0.035132 0.225986
v -0.013730 -0.035232 0.232608
v 0.003955 -0.037625 0.195359
v -0.068872 -0.032603 0.256422
v -0.045063 -0.032480 0.264992
v -0.031757 -0.032571 0.270934
v -0.023082 -0.033208 0.275334
v -0.004100 -0.035947 0.237552
v -0.060759 -0.029869 0.302466
v -0.049179 -0.029926 0.307906
v -0.041392 -0.030488 0.312125
v -0.033935 -0.031238 0.316331
v -0.015105 -0.034075 0.279574
v -0.066290 -0.027297 0.343963
v -0.059194 -0.027771 0.347881
v -0.052159 -0.028448 0.351930
v -0.045481 -0.030350 0.355967
v -0.026727 -0.033044 0.320539
v -0.076082 -0.025030 0.381852
v -0.069458 -0.025636 0.385817
v -0.063079 -0.027534 0.389880
v -0.059200 -0.033362 0.392981
v -0.041298 -0.035964 0.359064
v -0.043264 -0.043285 0.359044
v -0.023279 -0.046836 0.323957
v -0.021899 -0.038842 0.323859
v -0.061553 -0.040892 0.392985
v -0.068066 -0.044619 0.390475
v -0.049401 -0.047730 0.356536
v -0.074413 -0.037823 0.420189
v -0.079658 -0.041664 0.419960
v -0.087222 -0.043147 0.418935
v -0.075090 -0.046220 0.387626
v -0.077599 -0.034920 0.441497
v -0.085122 -0.037789 0.442139
v -0.093363 -0.039164 0.441581
v -0.101992 -0.040372 0.440739
v -0.095252 -0.044340 0.417677
v -0.090088 -0.033280 0.456891
v -0.097797 -0.035308 0.455361
v -0.106220 -0.037207 0.454085
v -0.116202 -0.038472 0.453204
v -0.112242 -0.041579 0.439669
v -0.108302 -0.034969 0.464502
v -0.117620 -0.036826 0.463740
v -0.109137 -0.032595 0.475185
v -0.118520 -0.034910 0.474033
v -0.134204 -0.037807 0.472425
v -0.132211 -0.039556 0.462796
v -0.130611 -0.039761 0.452196
v -0.127169 -0.042926 0.438431
v -0.160276 -0.042739 0.460292
v -0.162134 -0.041250 0.469975
v -0.192072 -0.044327 0.467803
v -0.190351 -0.045881 0.458160
v -0.212543 -0.046138 0.465860
v -0.193684 -0.039376 0.475703
v -0.214982 -0.042010 0.473911
v -0.228958 -0.043628 0.469557
v -0.226518 -0.046649 0.462667
v -0.216468 -0.033718 0.476412
v -0.231469 -0.036413 0.473049
v -0.217302 -0.025459 0.473425
v -0.231898 -0.028064 0.470163
v -0.216538 -0.020874 0.465604
v -0.229599 -0.024358 0.462394
v -0.198341 -0.016241 0.466754
v -0.197431 -0.016605 0.457165
v -0.197432 -0.021264 0.474811
v -0.168429 -0.016378 0.476288
v -0.169412 -0.011080 0.468163
v -0.195510 -0.030244 0.477918
v -0.166553 -0.025849 0.479697
v -0.138805 -0.022180 0.481110
v -0.140059 -0.013022 0.477929
v -0.164331 -0.035327 0.477654
v -0.136688 -0.031501 0.479594
v -0.120232 -0.028632 0.480859
v -0.121654 -0.019693 0.481930
v -0.110937 -0.018207 0.482036
v -0.111440 -0.010827 0.479438
v -0.122521 -0.011525 0.478809
v -0.110134 -0.026333 0.481396
v -0.101539 -0.017701 0.481827
v -0.092410 -0.018624 0.477976
v -0.092615 -0.012623 0.475129
v -0.101697 -0.011044 0.479218
v -0.111712 -0.006726 0.472745
v -0.112034 -0.007451 0.464150
v -0.122295 -0.007762 0.462274
v -0.122664 -0.006907 0.471467
v -0.139188 -0.009224 0.460460
v -0.140086 -0.008142 0.469951
v -0.169377 -0.011829 0.458487
v -0.138183 -0.013499 0.451676
v -0.168909 -0.016280 0.449318
v -0.196451 -0.019993 0.446786
v -0.168787 -0.018189 0.437904
v -0.137159 -0.015477 0.441040
v -0.135814 -0.018114 0.426603
v -0.169112 -0.022269 0.422363
v -0.133006 -0.023087 0.398878
v -0.169989 -0.025904 0.395372
v -0.129368 -0.025708 0.361663
v -0.169177 -0.028805 0.358191
v -0.201282 -0.031933 0.359035
v -0.165354 -0.030023 0.317964
v -0.197461 -0.034667 0.316860
v -0.214499 -0.037086 0.317062
v -0.216723 -0.036827 0.361258
v -0.225177 -0.042355 0.317604
v -0.226294 -0.038920 0.361682
v -0.234681 -0.043557 0.317692
v -0.234903 -0.039841 0.361721
v -0.233950 -0.037320 0.396863
v -0.244647 -0.040757 0.361642
v -0.244958 -0.044684 0.317555
v -0.250045 -0.047563 0.317161
v -0.249061 -0.044646 0.361419
v -0.242351 -0.048440 0.316933
v -0.241982 -0.045830 0.360600
v -0.233042 -0.049099 0.316472
v -0.233266 -0.046333 0.359361
v -0.231441 -0.043981 0.393460
v -0.224371 -0.046801 0.358130
v -0.223005 -0.044407 0.392327
v -0.214753 -0.048406 0.356738
v -0.213891 -0.045448 0.392590
v -0.194920 -0.051038 0.358200
v -0.213738 -0.053055 0.316235
v -0.186749 -0.055540 0.318062
v -0.148511 -0.055981 0.323394
v -0.160736 -0.052614 0.363038
v -0.110225 -0.054964 0.332987
v -0.125756 -0.052259 0.370893
v -0.085798 -0.054254 0.341321
v -0.103099 -0.050488 0.377704
v -0.118215 -0.046571 0.413659
v -0.090092 -0.048856 0.382049
v -0.104187 -0.045488 0.416283
v -0.082212 -0.047624 0.384847
v -0.072226 -0.052513 0.346604
v -0.063895 -0.051162 0.350087
v -0.056655 -0.049692 0.353278
v -0.044753 -0.055027 0.313612
v -0.037334 -0.053431 0.317273
v -0.030026 -0.050766 0.320821
v -0.017933 -0.057014 0.279940
v -0.010088 -0.054739 0.283914
v -0.002927 -0.050224 0.287382
v 0.009456 -0.058484 0.246418
v 0.016227 -0.053254 0.249838
v 0.017951 -0.044911 0.250204
v -0.001778 -0.041682 0.287275
v 0.012445 -0.038659 0.246731
v -0.007357 -0.035958 0.283831
v 0.004256 -0.036758 0.242129
v 0.032290 -0.041210 0.210827
v 0.023522 -0.039367 0.205813
v 0.014795 -0.038524 0.200874
v 0.044337 -0.041077 0.176063
v 0.036723 -0.039015 0.170348
v 0.018944 -0.036883 0.164634
v 0.051939 -0.039452 0.152244
v 0.025109 -0.037328 0.148999
v -0.008659 -0.036576 0.146636
v 0.026665 -0.037593 0.138811
v -0.008658 -0.036572 0.136552
v -0.049212 -0.036658 0.132698
v -0.008797 -0.033214 0.128788
v -0.049284 -0.034015 0.125392
v -0.091721 -0.033966 0.121189
v -0.049972 -0.026079 0.122595
v -0.091856 -0.026058 0.118957
v -0.131915 -0.030066 0.115492
v -0.091724 -0.018562 0.114579
v -0.132245 -0.022920 0.112566
v -0.091612 -0.011873 0.106749
v -0.138377 -0.018290 0.107130
v -0.091564 -0.005031 0.093847
v -0.130480 -0.008849 0.094513
v -0.091494 0.000568 0.075115
v -0.129376 -0.002868 0.077886
v -0.164791 -0.005965 0.080204
v -0.129405 -0.002085 0.057581
v -0.161947 -0.004650 0.060407
v -0.193204 -0.005846 0.062355
v -0.196434 -0.009591 0.081919
v -0.222589 -0.008759 0.063101
v -0.222807 -0.012340 0.083156
v -0.252123 -0.010163 0.062862
v -0.249709 -0.014027 0.083163
v -0.290260 -0.012147 0.060313
v -0.282897 -0.016091 0.082538
v -0.316869 -0.013862 0.063390
v -0.316377 -0.018523 0.083022
v -0.314296 -0.028230 0.099552
v -0.343987 -0.021433 0.084284
v -0.342835 -0.034687 0.103272
v -0.360283 -0.025301 0.085167
v -0.341190 -0.015619 0.064805
v -0.359271 -0.019289 0.065769
v -0.366251 -0.026721 0.065763
v -0.366023 -0.033921 0.082128
v -0.379769 -0.030173 0.065500
v -0.380230 -0.036837 0.079230
v -0.381869 -0.049528 0.090069
v -0.407356 -0.039490 0.076545
v -0.408767 -0.049276 0.086319
v -0.410584 -0.061022 0.092120
v -0.384824 -0.063120 0.095899
v -0.412655 -0.073105 0.093341
v -0.387265 -0.075905 0.096571
v -0.415190 -0.083920 0.091381
v -0.389217 -0.086836 0.094503
v -0.371063 -0.090070 0.095078
v -0.391181 -0.096630 0.089357
v -0.371261 -0.099014 0.089993
v -0.361479 -0.107629 0.098768
v -0.361443 -0.097577 0.105738
v -0.338979 -0.111132 0.100384
v -0.335614 -0.099960 0.107647
v -0.332431 -0.090724 0.111227
v -0.329719 -0.082362 0.112775
v -0.304143 -0.101125 0.107873
v -0.301935 -0.092528 0.111461
v -0.299954 -0.084787 0.113280
v -0.297137 -0.077715 0.117464
v -0.327536 -0.077845 0.116300
v -0.272878 -0.093759 0.111741
v -0.271732 -0.085297 0.113580
v -0.268888 -0.076649 0.116379
v -0.263740 -0.074194 0.124532
v -0.293657 -0.076208 0.125137
v -0.245981 -0.087049 0.113494
v -0.247218 -0.075355 0.114193
v -0.247892 -0.065161 0.120289
v -0.220460 -0.095271 0.112005
v -0.224337 -0.083351 0.113827
v -0.227736 -0.071776 0.117758
v -0.195380 -0.094776 0.113769
v -0.199776 -0.081859 0.114088
v -0.203878 -0.073215 0.120205
v -0.168942 -0.089823 0.118158
v -0.171826 -0.079900 0.117803
v -0.175924 -0.075191 0.126152
v -0.208185 -0.071650 0.131303
v -0.180678 -0.073889 0.138128
v -0.140189 -0.077241 0.128353
v -0.143692 -0.076218 0.139264
v -0.147720 -0.075194 0.151868
v -0.185805 -0.072514 0.152247
v -0.152949 -0.073799 0.170391
v -0.191593 -0.070688 0.171737
v -0.159245 -0.068680 0.202277
v -0.198089 -0.068022 0.200532
v -0.220110 -0.064983 0.200832
v -0.232757 -0.059351 0.201345
v -0.203574 -0.061914 0.236506
v -0.221319 -0.058511 0.235711
v -0.233036 -0.056480 0.235068
v -0.243735 -0.055460 0.235186
v -0.222507 -0.053099 0.275592
v -0.232615 -0.051807 0.276096
v -0.242216 -0.050910 0.276777
v -0.250190 -0.050333 0.277432
v -0.252757 -0.054830 0.235400
v -0.249947 -0.049293 0.235601
v -0.246820 -0.047271 0.277220
v -0.236064 -0.045967 0.276742
v -0.238458 -0.048480 0.235390
v -0.227478 -0.047777 0.235417
v -0.228309 -0.048608 0.198929
v -0.239680 -0.051029 0.201086
v -0.226263 -0.044869 0.276325
v -0.214605 -0.040350 0.275589
v -0.215111 -0.043449 0.235702
v -0.189347 -0.040359 0.235969
v -0.185124 -0.039907 0.198698
v -0.214003 -0.043459 0.198782
v -0.193715 -0.037681 0.274973
v -0.157273 -0.033640 0.277654
v -0.149028 -0.035933 0.239006
v -0.107774 -0.033448 0.246267
v -0.143462 -0.038035 0.201646
v -0.116431 -0.032422 0.285659
v -0.080009 -0.029992 0.295446
v -0.123971 -0.030295 0.323387
v -0.092049 -0.027333 0.332735
v -0.076139 -0.027277 0.339162
v -0.104001 -0.025046 0.368564
v -0.091184 -0.024664 0.373903
v -0.082685 -0.024599 0.378124
v -0.112736 -0.022628 0.402705
v -0.102155 -0.022395 0.405617
v -0.094496 -0.022532 0.408116
v -0.087781 -0.022970 0.410515
v -0.107238 -0.016874 0.429541
v -0.099230 -0.017344 0.430110
v -0.092222 -0.017627 0.430312
v -0.102314 -0.015365 0.445822
v -0.095286 -0.015966 0.447991
v -0.110114 -0.015004 0.443816
v -0.111897 -0.013160 0.455127
v -0.120393 -0.015010 0.442402
v -0.121767 -0.013250 0.453231
v -0.117893 -0.016623 0.428596
v -0.180371 -0.040360 0.167594
v -0.210915 -0.043905 0.170276
v -0.230209 -0.046847 0.174517
v -0.241884 -0.052252 0.183346
v -0.223985 -0.049788 0.316038
v -0.209109 -0.057500 0.275864
v -0.167373 -0.064243 0.239436
v -0.176707 -0.060094 0.277820
v -0.124975 -0.065560 0.245494
v -0.136275 -0.060213 0.284213
v -0.085121 -0.064654 0.253997
v -0.096794 -0.060683 0.294278
v -0.052583 -0.062386 0.264343
v -0.068383 -0.058287 0.303439
v -0.036179 -0.060543 0.271060
v -0.053891 -0.056497 0.309347
v -0.025732 -0.058785 0.276018
v -0.018728 -0.064623 0.231882
v -0.006832 -0.062465 0.237679
v 0.001349 -0.060617 0.242030
v 0.012127 -0.066170 0.199972
v 0.020528 -0.064153 0.204946
v 0.028754 -0.062038 0.209621
v 0.042727 -0.069492 0.175443
v 0.048982 -0.065229 0.180686
v 0.052699 -0.058874 0.185324
v 0.036628 -0.057330 0.213956
v 0.054301 -0.050083 0.186758
v 0.038473 -0.047711 0.214620
v 0.050412 -0.044390 0.182325
v 0.078525 -0.049388 0.173348
v 0.074651 -0.045399 0.165302
v 0.067226 -0.042092 0.158278
v 0.093814 -0.045767 0.154325
v 0.080903 -0.042657 0.146956
v 0.058692 -0.039602 0.140989
v 0.087326 -0.041758 0.137540
v 0.061557 -0.038535 0.131924
v 0.026889 -0.035260 0.129981
v 0.063407 -0.029699 0.130270
v 0.027328 -0.026444 0.127250
v -0.009177 -0.025272 0.125039
v 0.027615 -0.016840 0.122476
v -0.009600 -0.017255 0.120483
v -0.050369 -0.018245 0.118135
v -0.010035 -0.007061 0.109232
v -0.050969 -0.009073 0.108084
v -0.010369 0.000701 0.092363
v -0.051415 -0.001833 0.093291
v -0.010092 0.004115 0.072760
v -0.051299 0.002373 0.073485
v -0.009547 0.004075 0.060995
v -0.049768 0.002757 0.060301
v -0.090253 0.000840 0.057851
v -0.047853 0.001471 0.050186
v -0.088435 -0.000774 0.048217
v -0.129065 -0.003718 0.045132
v -0.086864 -0.001827 0.040339
v -0.128324 -0.005969 0.036397
v -0.155116 -0.009182 0.032500
v -0.159065 -0.006552 0.042238
v -0.187003 -0.012288 0.028384
v -0.190158 -0.008884 0.040087
v -0.220820 -0.014601 0.025909
v -0.221779 -0.010295 0.040406
v -0.253731 -0.016686 0.025745
v -0.253280 -0.011708 0.041168
v -0.289612 -0.018215 0.025813
v -0.293721 -0.013387 0.043039
v -0.330568 -0.019597 0.027094
v -0.331751 -0.016221 0.043249
v -0.358120 -0.019072 0.045974
v -0.313138 -0.014757 0.045235
v -0.365810 -0.026153 0.048673
v -0.379867 -0.032077 0.034888
v -0.379841 -0.029425 0.050016
v -0.402096 -0.033533 0.036794
v -0.403774 -0.030740 0.050980
v -0.405663 -0.033069 0.064508
v -0.428395 -0.035579 0.052641
v -0.429924 -0.036638 0.062314
v -0.429627 -0.042815 0.074165
v -0.440741 -0.040418 0.063300
v -0.440417 -0.045550 0.072679
v -0.440625 -0.051953 0.079671
v -0.430590 -0.050678 0.082636
v -0.440852 -0.061312 0.083815
v -0.430858 -0.060618 0.087889
v -0.441601 -0.070687 0.086700
v -0.431013 -0.071497 0.089785
v -0.442217 -0.079348 0.085703
v -0.431723 -0.081186 0.088384
v -0.442911 -0.086924 0.082873
v -0.433157 -0.090035 0.085262
v -0.417613 -0.093557 0.087585
v -0.434258 -0.097413 0.078585
v -0.419645 -0.101560 0.080278
v -0.393725 -0.105534 0.081207
v -0.421588 -0.108141 0.070326
v -0.396852 -0.111121 0.069853
v -0.374372 -0.113067 0.069609
v -0.372288 -0.107583 0.081512
v -0.362484 -0.121560 0.072441
v -0.361877 -0.117129 0.086704
v -0.343608 -0.124357 0.072458
v -0.341369 -0.119191 0.088189
v -0.312204 -0.124572 0.073632
v -0.309784 -0.119948 0.088680
v -0.306992 -0.111951 0.100276
v -0.276426 -0.120017 0.089017
v -0.275399 -0.113142 0.099894
v -0.274157 -0.103150 0.107485
v -0.245649 -0.114368 0.097191
v -0.245098 -0.107131 0.105687
v -0.245094 -0.097087 0.110994
v -0.221247 -0.117607 0.105372
v -0.218850 -0.107243 0.108177
v -0.198677 -0.133828 0.110377
v -0.195984 -0.121390 0.112902
v -0.193091 -0.108263 0.113864
v -0.166460 -0.132622 0.117462
v -0.165766 -0.119354 0.118176
v -0.166316 -0.103190 0.118535
v -0.132621 -0.125193 0.121617
v -0.133981 -0.109055 0.121454
v -0.135714 -0.094169 0.121834
v -0.096300 -0.111269 0.124617
v -0.097269 -0.096128 0.124926
v -0.098285 -0.083367 0.125325
v -0.137503 -0.082600 0.121941
v -0.099990 -0.077540 0.131366
v -0.059935 -0.084199 0.127702
v -0.060647 -0.077316 0.133687
v -0.062001 -0.076658 0.144376
v -0.102191 -0.076780 0.141834
v -0.063822 -0.075879 0.156920
v -0.105012 -0.075926 0.153992
v -0.067534 -0.073964 0.177087
v -0.109268 -0.074460 0.172453
v -0.074687 -0.069390 0.212980
v -0.115963 -0.070135 0.206207
v -0.029552 -0.072055 0.184170
v -0.038879 -0.067123 0.223688
v -0.002616 -0.068950 0.192912
v -0.027615 -0.074748 0.160672
v 0.006435 -0.073454 0.164746
v 0.031201 -0.071891 0.169925
v 0.008312 -0.074734 0.149404
v 0.042589 -0.072517 0.151256
v 0.064413 -0.068972 0.156961
v 0.045897 -0.073392 0.140958
v 0.074878 -0.065834 0.164703
v 0.078686 -0.059895 0.172360
v 0.100976 -0.048785 0.162005
v 0.112608 -0.046371 0.145393
v 0.102383 -0.043785 0.141193
v 0.118236 -0.041126 0.135989
v 0.107220 -0.036089 0.134458
v 0.091686 -0.033012 0.132543
v 0.115621 -0.025938 0.129318
v 0.097269 -0.021246 0.126225
v 0.065861 -0.018828 0.125097
v 0.101086 -0.008699 0.113966
v 0.067533 -0.006956 0.112403
v 0.028031 -0.006559 0.110528
v 0.068259 0.002108 0.093302
v 0.028552 0.002016 0.092821
v 0.068749 0.004922 0.072825
v 0.029156 0.004230 0.071555
v 0.069120 0.003732 0.059240
v 0.029647 0.004390 0.057794
v 0.070194 0.008369 0.048448
v 0.029794 0.007444 0.045300
v -0.008322 0.004035 0.049308
v 0.030155 0.016741 0.045882
v -0.007949 0.009997 0.042983
v -0.046944 0.003124 0.040831
v -0.008474 0.019503 0.038393
v -0.046205 0.010966 0.036659
v -0.085357 0.002087 0.031502
v -0.046362 0.019690 0.030353
v -0.085568 0.008670 0.025686
v -0.130035 -0.003571 0.020036
v -0.127718 -0.006323 0.026867
v -0.143992 -0.008652 0.020036
v -0.147651 -0.011218 0.021504
v -0.132062 -0.002343 0.016818
v -0.086279 0.014749 0.017666
v -0.088121 0.018120 0.006636
v -0.138314 -0.001690 0.009597
v -0.183400 -0.014994 0.020747
v -0.174690 -0.014772 0.013231
v -0.218002 -0.023053 0.013637
v -0.219509 -0.018415 0.019046
v -0.253622 -0.025432 0.013105
v -0.253766 -0.020611 0.018522
v -0.289660 -0.027508 0.013364
v -0.289626 -0.022741 0.018768
v -0.253677 -0.027566 0.006717
v -0.289684 -0.030655 0.006739
v -0.254007 -0.027862 -0.000253
v -0.290192 -0.031640 -0.000605
v -0.329765 -0.037718 0.000840
v -0.291186 -0.031062 -0.007902
v -0.254660 -0.027582 -0.007573
v -0.255826 -0.024761 -0.014869
v -0.292861 -0.026875 -0.014788
v -0.257192 -0.019252 -0.021511
v -0.294379 -0.022189 -0.020608
v -0.331671 -0.026451 -0.017957
v -0.295688 -0.016737 -0.030487
v -0.332146 -0.018877 -0.029947
v -0.355414 -0.022085 -0.031135
v -0.332313 -0.014815 -0.050746
v -0.355610 -0.017542 -0.050534
v -0.370396 -0.027568 -0.051271
v -0.371601 -0.032578 -0.036220
v -0.395177 -0.029945 -0.050877
v -0.396329 -0.033006 -0.036958
v -0.397413 -0.040308 -0.026034
v -0.422707 -0.051397 -0.020533
v -0.398927 -0.049883 -0.017628
v -0.422529 -0.063283 -0.015288
v -0.400374 -0.062980 -0.012047
v -0.423994 -0.075836 -0.013857
v -0.402199 -0.076784 -0.010833
v -0.383399 -0.077475 -0.008955
v -0.404296 -0.089160 -0.014352
v -0.425225 -0.087043 -0.017864
v -0.426571 -0.097221 -0.022297
v -0.406430 -0.098935 -0.020308
v -0.427091 -0.103335 -0.030105
v -0.407902 -0.105922 -0.029284
v -0.386018 -0.108994 -0.028852
v -0.408903 -0.111330 -0.038877
v -0.386077 -0.114338 -0.040631
v -0.366077 -0.119073 -0.041812
v -0.366687 -0.113419 -0.028234
v -0.348394 -0.126475 -0.041801
v -0.347660 -0.120317 -0.026605
v -0.320175 -0.126001 -0.042737
v -0.320101 -0.121120 -0.027458
v -0.319274 -0.114037 -0.018318
v -0.285449 -0.120628 -0.027790
v -0.284800 -0.115276 -0.019970
v -0.283752 -0.110502 -0.013201
v -0.317431 -0.108114 -0.012504
v -0.282902 -0.107837 -0.005900
v -0.316130 -0.104447 -0.006968
v -0.282425 -0.106925 0.001545
v -0.315847 -0.105044 0.000290
v -0.344606 -0.100969 -0.000695
v -0.363846 -0.094104 -0.000559
v -0.315801 -0.106175 0.007581
v -0.282036 -0.107071 0.008933
v -0.281839 -0.111029 0.015137
v -0.315857 -0.109761 0.014369
v -0.281750 -0.116304 0.020797
v -0.315888 -0.115472 0.019602
v -0.281114 -0.121071 0.027708
v -0.315521 -0.121150 0.027016
v -0.345970 -0.120832 0.026104
v -0.365631 -0.113699 0.029894
v -0.314713 -0.125027 0.040386
v -0.345475 -0.125583 0.039975
v -0.365753 -0.120560 0.042797
v -0.380571 -0.115442 0.045446
v -0.382823 -0.111525 0.032923
v -0.344539 -0.125791 0.055663
v -0.364678 -0.124164 0.056447
v -0.378117 -0.117002 0.057199
v -0.400396 -0.114745 0.058452
v -0.403610 -0.113901 0.046905
v -0.425413 -0.111219 0.048181
v -0.427053 -0.107409 0.037370
v -0.406309 -0.110476 0.034813
v -0.423576 -0.111304 0.059168
v -0.435794 -0.104122 0.069883
v -0.437197 -0.107222 0.059390
v -0.438589 -0.108075 0.049024
v -0.445668 -0.104402 0.059610
v -0.446846 -0.105586 0.049949
v -0.447940 -0.102994 0.041147
v -0.439734 -0.104832 0.039360
v -0.449887 -0.097401 0.032759
v -0.441455 -0.098995 0.030231
v -0.429337 -0.101147 0.027071
v -0.443304 -0.089582 0.023485
v -0.431742 -0.091034 0.019742
v -0.411310 -0.091930 0.015871
v -0.408801 -0.102940 0.023685
v -0.433599 -0.079229 0.016575
v -0.414010 -0.079380 0.012379
v -0.434844 -0.067255 0.017087
v -0.417032 -0.066375 0.012748
v -0.394640 -0.065053 0.010174
v -0.419894 -0.054009 0.018303
v -0.397752 -0.052069 0.015900
v -0.422836 -0.043533 0.027105
v -0.400179 -0.041765 0.024994
v -0.425956 -0.036599 0.038629
v -0.437909 -0.046501 0.029533
v -0.439405 -0.040511 0.040297
v -0.448082 -0.048923 0.031367
v -0.448513 -0.043422 0.041225
v -0.436233 -0.055969 0.021635
v -0.447428 -0.057477 0.024158
v -0.455571 -0.058642 0.025890
v -0.455514 -0.050653 0.032940
v -0.446366 -0.067839 0.020164
v -0.454717 -0.068586 0.022198
v -0.454132 -0.069950 0.027977
v -0.453699 -0.061535 0.030686
v -0.445098 -0.078990 0.020000
v -0.453447 -0.078938 0.023423
v -0.454321 -0.078750 0.027916
v -0.444432 -0.079158 0.029082
v -0.443634 -0.070827 0.029152
v -0.451765 -0.088729 0.026903
v -0.454544 -0.086969 0.031246
v -0.445678 -0.086908 0.032975
v -0.435511 -0.093225 0.041060
v -0.434018 -0.087340 0.034478
v -0.432994 -0.080005 0.030106
v -0.420376 -0.080397 0.031679
v -0.419273 -0.072404 0.030799
v -0.432202 -0.071699 0.029730
v -0.421873 -0.087449 0.036272
v -0.410187 -0.087456 0.037933
v -0.423311 -0.093113 0.043012
v -0.411285 -0.092490 0.044550
v -0.424649 -0.094896 0.051895
v -0.412172 -0.093733 0.053278
v -0.425327 -0.093205 0.061250
v -0.425334 -0.087638 0.069245
v -0.437499 -0.095531 0.050026
v -0.436693 -0.093955 0.060020
v -0.436191 -0.089076 0.068994
v -0.436028 -0.080758 0.074574
v -0.425570 -0.079619 0.073868
v -0.426641 -0.070589 0.074013
v -0.436582 -0.071571 0.075124
v -0.437574 -0.063065 0.073355
v -0.428233 -0.062281 0.072519
v -0.430016 -0.055798 0.067531
v -0.438784 -0.055882 0.068260
v -0.439724 -0.051283 0.060782
v -0.431503 -0.051266 0.060366
v -0.447466 -0.051392 0.061170
v -0.447462 -0.048528 0.052557
v -0.440164 -0.048873 0.052428
v -0.453339 -0.047691 0.052459
v -0.455358 -0.044104 0.052644
v -0.455429 -0.045640 0.042073
v -0.452962 -0.050476 0.043791
v -0.441351 -0.051550 0.044110
v -0.440919 -0.048807 0.052486
v -0.453076 -0.054828 0.036305
v -0.442026 -0.055896 0.036649
v -0.429461 -0.056549 0.036867
v -0.427866 -0.052312 0.044058
v -0.442841 -0.062652 0.031554
v -0.431063 -0.063307 0.031798
v -0.417819 -0.064350 0.032542
v -0.415762 -0.058002 0.037315
v -0.403507 -0.059351 0.037258
v -0.397953 -0.064583 0.041483
v -0.397954 -0.071129 0.047022
v -0.426068 -0.049487 0.051998
v -0.421835 -0.051546 0.060066
v -0.432190 -0.049147 0.052318
v -0.448324 -0.041525 0.052580
v -0.438510 -0.038669 0.052742
v -0.450505 -0.042158 0.051978
v -0.439875 -0.039053 0.052706
v -0.444892 -0.101160 0.069763
v -0.443645 -0.094088 0.077697
v -0.313760 -0.126891 0.056192
v -0.279751 -0.124806 0.042355
v -0.278346 -0.125977 0.059186
v -0.277387 -0.123712 0.075502
v -0.245623 -0.124658 0.062316
v -0.245744 -0.123054 0.075765
v -0.245875 -0.119927 0.087402
v -0.219719 -0.133295 0.076115
v -0.222497 -0.131554 0.087965
v -0.223692 -0.126561 0.098566
v -0.195666 -0.143398 0.088783
v -0.198404 -0.141794 0.101002
v -0.162601 -0.150609 0.087957
v -0.164803 -0.149521 0.101165
v -0.166307 -0.143765 0.111979
v -0.128756 -0.152697 0.101200
v -0.130739 -0.149123 0.113517
v -0.131874 -0.138450 0.120598
v -0.092552 -0.149289 0.113333
v -0.093819 -0.140189 0.121625
v -0.095190 -0.126950 0.124607
v -0.057790 -0.140812 0.123222
v -0.058819 -0.127754 0.126749
v -0.059869 -0.112721 0.127104
v -0.023450 -0.127200 0.127999
v -0.025550 -0.112947 0.129211
v -0.027375 -0.097772 0.129383
v -0.059809 -0.097562 0.127405
v -0.027582 -0.085098 0.130184
v 0.007269 -0.094806 0.130900
v 0.007476 -0.082791 0.131213
v 0.008082 -0.075797 0.138006
v -0.027539 -0.077488 0.135918
v -0.027655 -0.075990 0.147087
v 0.046930 -0.078516 0.133898
v 0.046081 -0.089204 0.132128
v 0.008560 -0.109224 0.130779
v 0.046377 -0.101696 0.132123
v 0.082069 -0.093086 0.133112
v 0.049685 -0.114565 0.130722
v 0.084695 -0.104374 0.130866
v 0.109817 -0.096320 0.131918
v 0.108282 -0.085940 0.133625
v 0.126529 -0.092122 0.130535
v 0.112591 -0.106475 0.125922
v 0.128063 -0.102188 0.125379
v 0.136501 -0.097503 0.120289
v 0.137348 -0.088794 0.124322
v 0.129487 -0.109925 0.116343
v 0.135657 -0.100837 0.112445
v 0.130947 -0.112820 0.104488
v 0.136030 -0.102298 0.102533
v 0.125423 -0.101200 0.101993
v 0.136860 -0.104422 0.090213
v 0.125432 -0.103260 0.090245
v 0.113614 -0.101504 0.089602
v 0.113386 -0.098970 0.100835
v 0.116229 -0.072026 0.088821
v 0.115818 -0.074066 0.099466
v 0.118138 -0.051261 0.089620
v 0.117873 -0.053655 0.099083
v 0.119667 -0.038835 0.099923
v 0.118665 -0.048929 0.080089
v 0.123717 -0.047752 0.074687
v 0.133739 -0.046620 0.073738
v 0.136721 -0.033295 0.074632
v 0.129319 -0.114698 0.090860
v 0.115243 -0.118835 0.090703
v 0.114507 -0.119830 0.077286
v 0.115277 -0.117221 0.104510
v 0.090232 -0.125026 0.104094
v 0.089440 -0.127166 0.089978
v 0.114710 -0.114284 0.116744
v 0.090190 -0.122122 0.116688
v 0.053782 -0.131921 0.116464
v 0.053992 -0.135237 0.103811
v 0.088251 -0.114751 0.126046
v 0.052443 -0.125189 0.126120
v 0.014246 -0.134265 0.125057
v 0.016042 -0.140990 0.115420
v 0.011510 -0.123015 0.129863
v -0.021502 -0.139705 0.124482
v -0.056727 -0.149257 0.114101
v -0.019932 -0.147301 0.114851
v -0.055753 -0.150763 0.101337
v -0.019117 -0.148362 0.101818
v 0.017059 -0.143953 0.102672
v -0.018615 -0.148699 0.087617
v 0.017730 -0.143968 0.088117
v 0.053701 -0.135841 0.089131
v 0.018495 -0.143703 0.074035
v 0.053821 -0.136167 0.075936
v 0.087826 -0.127317 0.077275
v 0.053992 -0.135464 0.064013
v 0.086112 -0.126728 0.065833
v 0.112060 -0.119577 0.065539
v 0.084092 -0.122447 0.055379
v 0.109620 -0.116452 0.055812
v 0.106058 -0.107146 0.052874
v 0.121010 -0.098678 0.054559
v 0.104488 -0.105100 0.044132
v 0.118533 -0.102326 0.045491
v 0.106999 -0.114462 0.033730
v 0.052922 -0.130685 0.053586
v 0.018762 -0.138038 0.050677
v 0.019191 -0.143060 0.061325
v -0.018299 -0.148180 0.059314
v -0.018803 -0.141477 0.048859
v -0.018298 -0.149109 0.072863
v -0.054407 -0.151198 0.072377
v -0.054155 -0.150278 0.058520
v -0.054936 -0.151111 0.087434
v -0.090552 -0.152593 0.087203
v -0.090215 -0.152431 0.072538
v -0.091364 -0.152598 0.101006
v -0.126951 -0.152716 0.087348
v -0.161148 -0.151204 0.074328
v -0.125903 -0.152537 0.073168
v -0.160302 -0.150116 0.060133
v -0.125408 -0.151860 0.059668
v -0.090046 -0.151806 0.058788
v -0.124941 -0.144305 0.048982
v -0.089964 -0.144432 0.048333
v -0.054225 -0.143637 0.047649
v -0.089961 -0.132879 0.043254
v -0.055013 -0.131874 0.043316
v -0.019662 -0.129006 0.043427
v -0.056021 -0.119529 0.042353
v -0.020806 -0.116957 0.042547
v -0.090457 -0.120549 0.042530
v -0.089822 -0.113079 0.032852
v -0.124435 -0.115046 0.032132
v -0.123332 -0.112055 0.020349
v -0.124672 -0.120092 0.043517
v -0.157616 -0.118691 0.039142
v -0.157460 -0.116003 0.028342
v -0.124583 -0.131688 0.044652
v -0.157423 -0.128288 0.046810
v -0.188400 -0.121418 0.045096
v -0.188502 -0.119130 0.034050
v -0.158764 -0.142178 0.049459
v -0.190278 -0.134810 0.050213
v -0.215166 -0.125734 0.053017
v -0.216383 -0.121556 0.039531
v -0.191974 -0.143432 0.061772
v -0.217280 -0.133182 0.063367
v -0.245570 -0.124195 0.047517
v -0.193225 -0.143876 0.075994
v -0.246532 -0.121322 0.032040
v -0.247598 -0.117014 0.022675
v -0.217301 -0.118850 0.027501
v -0.248216 -0.111657 0.016331
v -0.217530 -0.112799 0.018680
v -0.188437 -0.115158 0.022970
v -0.217511 -0.107118 0.010328
v -0.187000 -0.109126 0.013430
v -0.156210 -0.110760 0.017878
v -0.186154 -0.108404 0.003373
v -0.154356 -0.111043 0.006405
v -0.122165 -0.113679 0.008452
v -0.153496 -0.110920 -0.005482
v -0.122436 -0.113666 -0.004272
v -0.085988 -0.118176 -0.004228
v -0.124084 -0.112072 -0.016406
v -0.088519 -0.115468 -0.015921
v -0.057804 -0.119038 -0.015115
v -0.056796 -0.124646 -0.005017
v -0.034484 -0.129433 -0.019973
v -0.037270 -0.135626 -0.008504
v -0.008484 -0.136113 -0.022777
v -0.010348 -0.142217 -0.011324
v -0.012256 -0.142966 0.000929
v 0.019285 -0.145498 -0.011412
v 0.019553 -0.146465 0.000591
v 0.019178 -0.146500 0.012372
v 0.056709 -0.145785 0.001091
v 0.058836 -0.144674 0.012929
v 0.064418 -0.140971 0.023607
v 0.019022 -0.140965 0.022106
v 0.056354 -0.133375 0.030176
v 0.018651 -0.131087 0.028784
v 0.055101 -0.122344 0.032320
v 0.018881 -0.120582 0.031645
v 0.090435 -0.128382 0.029248
v 0.086761 -0.122349 0.032007
v 0.110770 -0.126222 0.026326
v 0.111396 -0.125209 0.026362
v 0.096101 -0.132751 0.026566
v 0.110964 -0.127416 0.025801
v 0.115184 -0.126469 0.024876
v 0.115138 -0.125807 0.025143
v 0.115005 -0.125264 0.025388
v 0.117753 -0.125559 0.024177
v 0.118333 -0.125315 0.024490
v 0.117334 -0.125994 0.023823
v 0.115358 -0.127066 0.024592
v 0.117296 -0.126488 0.023570
v 0.117469 -0.127050 0.023354
v 0.115421 -0.127545 0.024316
v 0.115524 -0.128299 0.023866
v 0.117199 -0.127376 0.023105
v 0.117183 -0.127892 0.022848
v 0.115975 -0.129689 0.022944
v 0.115294 -0.129617 0.023228
v 0.117144 -0.128029 0.022793
v 0.117028 -0.128418 0.022539
v 0.117268 -0.127771 0.022936
v 0.115317 -0.130087 0.022933
v 0.116541 -0.129160 0.023030
v 0.115200 -0.129910 0.023101
v 0.117740 -0.132645 0.019407
v 0.117744 -0.132524 0.019688
v 0.117736 -0.132748 0.019169
v 0.114972 -0.131073 0.021723
v 0.117733 -0.132850 0.018930
v 0.114850 -0.131510 0.020968
v 0.117729 -0.132952 0.018692
v 0.114867 -0.132251 0.020303
v 0.117725 -0.133055 0.018454
v 0.115254 -0.133280 0.019178
v 0.117718 -0.133259 0.017980
v 0.116356 -0.133780 0.017981
v 0.117714 -0.133361 0.017742
v 0.112156 -0.135332 0.017872
v 0.115052 -0.133339 0.014485
v 0.110131 -0.137280 0.007836
v 0.114583 -0.135353 0.014126
v 0.095665 -0.140664 0.011026
v 0.091526 -0.141847 0.000556
v 0.108155 -0.138312 -0.001060
v 0.100605 -0.138147 0.019637
v 0.107684 -0.133143 0.023405
v 0.110441 -0.131224 0.023666
v 0.112149 -0.128800 0.024776
v 0.111747 -0.128385 0.025050
v 0.112171 -0.131335 0.022608
v 0.112840 -0.129876 0.023527
v 0.112034 -0.132704 0.021473
v 0.089503 -0.142552 -0.011446
v 0.108411 -0.138165 -0.010739
v 0.088646 -0.138658 -0.022403
v 0.114718 -0.134817 -0.022032
v 0.102367 -0.113401 -0.034746
v 0.080485 -0.117538 -0.033269
v 0.076428 -0.102210 -0.048917
v 0.098789 -0.098016 -0.050979
v 0.116741 -0.108327 -0.038970
v 0.107592 -0.125435 -0.026741
v 0.084477 -0.130719 -0.029510
v 0.078106 -0.110154 -0.049935
v 0.101328 -0.105593 -0.052493
v 0.079798 -0.118391 -0.051639
v 0.103346 -0.113825 -0.053409
v 0.118671 -0.109091 -0.054754
v 0.104617 -0.121337 -0.055934
v 0.119349 -0.116874 -0.055935
v 0.104085 -0.122014 -0.063779
v 0.118338 -0.119444 -0.063262
v 0.103493 -0.122506 -0.073236
v 0.117172 -0.119956 -0.072292
v 0.126859 -0.118424 -0.071772
v 0.116261 -0.120058 -0.082738
v 0.125614 -0.117792 -0.081769
v 0.133743 -0.115594 -0.080746
v 0.134607 -0.116710 -0.071266
v 0.125039 -0.116224 -0.094211
v 0.133339 -0.113986 -0.092913
v 0.136322 -0.108233 -0.091216
v 0.133314 -0.112074 -0.105430
v 0.136590 -0.106663 -0.103203
v 0.131374 -0.101602 -0.101109
v 0.131270 -0.103470 -0.089807
v 0.122587 -0.101419 -0.099938
v 0.131549 -0.100231 -0.109936
v 0.113582 -0.100952 -0.098594
v 0.114595 -0.089296 -0.096979
v 0.136643 -0.104503 -0.113152
v 0.136225 -0.099648 -0.119982
v 0.130935 -0.098442 -0.117586
v 0.137735 -0.090377 -0.124467
v 0.132194 -0.088549 -0.119532
v 0.137961 -0.078176 -0.125971
v 0.133849 -0.077187 -0.122022
v 0.124662 -0.076402 -0.121320
v 0.115335 -0.075509 -0.119803
v 0.131532 -0.079039 -0.131450
v 0.132280 -0.091392 -0.129410
v 0.122166 -0.091704 -0.131126
v 0.120633 -0.079841 -0.133498
v 0.132456 -0.101622 -0.123941
v 0.123719 -0.102218 -0.126036
v 0.113553 -0.103196 -0.127808
v 0.110935 -0.092512 -0.132414
v 0.132826 -0.108881 -0.116398
v 0.124816 -0.109831 -0.117948
v 0.115164 -0.111153 -0.119528
v 0.103106 -0.113552 -0.121424
v 0.100773 -0.105327 -0.129733
v 0.125130 -0.114202 -0.107098
v 0.115948 -0.116608 -0.108809
v 0.104116 -0.119733 -0.110875
v 0.086017 -0.124979 -0.113218
v 0.084433 -0.118715 -0.123502
v 0.115820 -0.118673 -0.095628
v 0.103617 -0.121828 -0.097363
v 0.085276 -0.126905 -0.099774
v 0.051682 -0.136091 -0.101825
v 0.051923 -0.134465 -0.114765
v 0.103264 -0.122783 -0.083827
v 0.083979 -0.127997 -0.085796
v 0.051313 -0.136936 -0.087555
v 0.014181 -0.144178 -0.087574
v 0.014060 -0.143224 -0.101111
v 0.083101 -0.127992 -0.074624
v 0.050890 -0.136513 -0.075177
v 0.014245 -0.145068 -0.074266
v -0.021948 -0.148049 -0.073156
v -0.021678 -0.148061 -0.086833
v 0.050618 -0.135806 -0.064060
v 0.014148 -0.144373 -0.062084
v -0.022282 -0.147722 -0.060317
v -0.057178 -0.150025 -0.059437
v -0.056680 -0.150361 -0.072382
v 0.013316 -0.139310 -0.051895
v -0.023047 -0.142947 -0.049208
v -0.058158 -0.144516 -0.048875
v -0.092990 -0.145534 -0.049226
v -0.092563 -0.152732 -0.059021
v -0.024772 -0.132261 -0.043892
v -0.059220 -0.133989 -0.043584
v -0.093169 -0.134385 -0.043441
v -0.127089 -0.131046 -0.044711
v -0.128275 -0.144235 -0.049358
v -0.059797 -0.121921 -0.042534
v -0.093652 -0.122055 -0.042423
v -0.120277 -0.122380 -0.043390
v -0.059921 -0.112484 -0.036078
v -0.093818 -0.114537 -0.037565
v -0.131556 -0.117405 -0.037535
v -0.059160 -0.114527 -0.024912
v -0.091430 -0.112741 -0.026550
v -0.126680 -0.113794 -0.027019
v -0.031419 -0.117114 -0.024689
v -0.005667 -0.125521 -0.029276
v 0.018575 -0.129461 -0.029629
v 0.018933 -0.139956 -0.023078
v 0.050981 -0.131966 -0.029273
v 0.053283 -0.141195 -0.022033
v 0.055401 -0.146112 -0.011244
v 0.048732 -0.118550 -0.033255
v 0.044975 -0.106813 -0.045274
v 0.044900 -0.115781 -0.046543
v 0.011194 -0.129888 -0.045984
v 0.048282 -0.125245 -0.048070
v 0.050006 -0.133095 -0.054158
v 0.081464 -0.124994 -0.056175
v 0.082368 -0.127566 -0.064486
v -0.157947 -0.137946 -0.047937
v -0.161663 -0.149107 -0.058517
v -0.128290 -0.152579 -0.058707
v -0.152127 -0.122483 -0.044313
v -0.162642 -0.150574 -0.073906
v -0.128318 -0.152803 -0.071938
v -0.092419 -0.152714 -0.071696
v -0.128587 -0.152626 -0.086582
v -0.092752 -0.152832 -0.085937
v -0.056415 -0.150399 -0.086410
v -0.093838 -0.152965 -0.100656
v -0.056478 -0.150411 -0.100527
v -0.021571 -0.148051 -0.100308
v -0.056670 -0.149318 -0.113560
v -0.021752 -0.147462 -0.113080
v 0.013993 -0.141815 -0.113925
v -0.022527 -0.139482 -0.122202
v 0.013163 -0.136356 -0.124490
v 0.050707 -0.128458 -0.125294
v 0.011797 -0.124926 -0.129375
v 0.048503 -0.118383 -0.130901
v 0.081119 -0.110031 -0.130653
v 0.044905 -0.105315 -0.132458
v 0.076575 -0.098492 -0.132998
v 0.097155 -0.094743 -0.132744
v 0.074555 -0.087884 -0.134065
v 0.094354 -0.083824 -0.134323
v 0.108262 -0.081256 -0.134272
v 0.072198 -0.076451 -0.134341
v 0.043392 -0.080846 -0.133236
v 0.043667 -0.092775 -0.132942
v 0.009346 -0.096832 -0.131720
v 0.010447 -0.084150 -0.132000
v 0.010251 -0.112133 -0.131062
v -0.024451 -0.113987 -0.129714
v -0.024591 -0.098602 -0.130107
v -0.023537 -0.127336 -0.126061
v -0.058316 -0.127994 -0.126364
v -0.059174 -0.113344 -0.127718
v -0.057402 -0.140744 -0.122583
v -0.095705 -0.140814 -0.122510
v -0.095951 -0.127634 -0.124150
v -0.094924 -0.149710 -0.113521
v -0.131090 -0.148013 -0.113260
v -0.131651 -0.137692 -0.120218
v -0.129830 -0.152020 -0.100892
v -0.166304 -0.149575 -0.102148
v -0.167846 -0.143196 -0.113149
v -0.164011 -0.150350 -0.088520
v -0.198865 -0.142410 -0.089124
v -0.202511 -0.139645 -0.101130
v -0.195287 -0.143669 -0.075590
v -0.221682 -0.131992 -0.076121
v -0.226014 -0.128996 -0.088992
v -0.192517 -0.142474 -0.060299
v -0.218509 -0.131607 -0.062233
v -0.251051 -0.124515 -0.064200
v -0.252208 -0.123229 -0.078057
v -0.189249 -0.129900 -0.050200
v -0.216590 -0.123745 -0.049926
v -0.250090 -0.124138 -0.048688
v -0.285848 -0.124996 -0.044310
v -0.286857 -0.125641 -0.062725
v -0.218765 -0.121196 -0.035398
v -0.250241 -0.120792 -0.030678
v -0.219687 -0.116727 -0.023855
v -0.250449 -0.115919 -0.021543
v -0.219075 -0.110191 -0.015493
v -0.250251 -0.110603 -0.014333
v -0.218236 -0.106331 -0.007165
v -0.249847 -0.107252 -0.006580
v -0.217681 -0.106027 0.001742
v -0.249320 -0.107105 0.001386
v -0.248753 -0.107694 0.009020
v -0.186450 -0.107729 -0.006870
v -0.187709 -0.110311 -0.016803
v -0.153802 -0.110786 -0.017452
v -0.188554 -0.116832 -0.026803
v -0.153733 -0.115878 -0.028912
v -0.188487 -0.120523 -0.040080
v -0.322002 -0.126626 -0.060100
v -0.324611 -0.123978 -0.077214
v -0.288156 -0.123813 -0.079026
v -0.326551 -0.118173 -0.091615
v -0.288914 -0.118784 -0.091874
v -0.253218 -0.118765 -0.090389
v -0.289083 -0.109784 -0.103288
v -0.253689 -0.111501 -0.101704
v -0.226629 -0.122217 -0.099345
v -0.254096 -0.100814 -0.109086
v -0.225271 -0.110958 -0.105827
v -0.202170 -0.128546 -0.109513
v -0.226560 -0.098607 -0.110754
v -0.199328 -0.115520 -0.113664
v -0.167566 -0.131187 -0.117666
v -0.198197 -0.102313 -0.114460
v -0.166292 -0.116983 -0.117986
v -0.131782 -0.124462 -0.121590
v -0.166010 -0.102133 -0.118066
v -0.131812 -0.109621 -0.121848
v -0.096236 -0.112659 -0.125185
v -0.131842 -0.095690 -0.122018
v -0.096242 -0.098105 -0.125691
v -0.059221 -0.098805 -0.128141
v -0.096173 -0.085670 -0.125981
v -0.059027 -0.085889 -0.128163
v -0.023672 -0.085286 -0.130017
v -0.059074 -0.077564 -0.132875
v -0.022928 -0.076612 -0.135355
v 0.011111 -0.075794 -0.138400
v -0.022455 -0.075508 -0.147292
v 0.011222 -0.074396 -0.150683
v -0.022031 -0.074374 -0.162375
v 0.009092 -0.073105 -0.167463
v -0.024780 -0.072399 -0.187253
v -0.000774 -0.070757 -0.196221
v 0.011959 -0.068692 -0.203037
v -0.017781 -0.067458 -0.234771
v -0.006762 -0.065795 -0.239823
v 0.001768 -0.063989 -0.243961
v 0.020439 -0.066809 -0.208050
v 0.010225 -0.061693 -0.248130
v 0.029079 -0.064378 -0.212764
v 0.016407 -0.055332 -0.250919
v 0.035228 -0.056644 -0.215590
v 0.050701 -0.057347 -0.186948
v 0.036072 -0.046807 -0.215441
v 0.050969 -0.046595 -0.186998
v 0.073077 -0.048293 -0.175593
v 0.074653 -0.057236 -0.175954
v 0.091599 -0.047354 -0.159551
v 0.066087 -0.043913 -0.163406
v 0.077256 -0.042577 -0.150577
v 0.082165 -0.042356 -0.139386
v 0.099270 -0.044810 -0.144827
v 0.085279 -0.036048 -0.133234
v 0.104421 -0.039590 -0.135112
v 0.057228 -0.039476 -0.134870
v 0.056937 -0.031051 -0.130460
v 0.056442 -0.020523 -0.126084
v 0.024150 -0.027327 -0.127814
v 0.023176 -0.017592 -0.122888
v 0.021506 -0.006736 -0.111285
v 0.055836 -0.008472 -0.115171
v 0.019659 0.000477 -0.092392
v 0.054313 0.000752 -0.097497
v 0.018196 0.005331 -0.073746
v 0.052169 0.004531 -0.077105
v 0.087642 0.003654 -0.080480
v 0.110661 0.002317 -0.085106
v 0.050496 0.005199 -0.062486
v 0.086317 0.004878 -0.064695
v 0.109009 0.003836 -0.072849
v 0.126571 0.001977 -0.077647
v 0.125966 0.000998 -0.088331
v 0.106079 0.017292 -0.051589
v 0.130834 0.018141 -0.051181
v 0.127305 0.006380 -0.055733
v 0.098805 0.006311 -0.054585
v 0.083858 0.012154 -0.051853
v 0.080828 0.023908 -0.048498
v 0.107740 0.031117 -0.045647
v 0.133934 0.035066 -0.041413
v 0.157268 0.035397 -0.040090
v 0.150979 0.013739 -0.052342
v 0.105108 0.045584 -0.033612
v 0.132407 0.054343 -0.030904
v 0.100259 0.056776 -0.022486
v 0.129108 0.068534 -0.023079
v 0.096230 0.066001 -0.013581
v 0.127943 0.076687 -0.012965
v 0.095215 0.070254 -0.002469
v 0.127165 0.077940 -0.000858
v 0.095365 0.067981 0.008992
v 0.126215 0.076676 0.011397
v 0.162167 0.081594 0.011471
v 0.195720 0.085242 0.011128
v 0.126794 0.070063 0.021755
v 0.159701 0.075006 0.021646
v 0.194533 0.077387 0.021353
v 0.236284 0.069880 0.024884
v 0.237216 0.073517 0.012346
v 0.158405 0.065457 0.030005
v 0.191283 0.068981 0.030576
v 0.232689 0.060461 0.032406
v 0.275614 0.049449 0.023177
v 0.188514 0.054902 0.035521
v 0.227963 0.048721 0.039573
v 0.222869 0.027576 0.042510
v 0.218117 0.001793 0.051888
v 0.259753 0.000716 0.047928
v 0.216818 -0.025343 0.060945
v 0.258216 -0.027499 0.061167
v 0.294495 -0.031628 0.059024
v 0.337379 -0.037004 0.055758
v 0.258168 -0.056951 0.060817
v 0.296384 -0.057326 0.059782
v 0.337800 -0.057884 0.056479
v 0.378884 -0.057907 0.049578
v 0.379708 -0.042013 0.049789
v 0.298888 -0.079603 0.053663
v 0.338364 -0.077629 0.050448
v 0.378888 -0.073437 0.045157
v 0.415057 -0.067827 0.034860
v 0.415313 -0.056400 0.038850
v 0.339218 -0.092837 0.039484
v 0.379138 -0.087032 0.035795
v 0.415134 -0.078836 0.027656
v 0.445975 -0.071194 0.018889
v 0.445949 -0.063396 0.023974
v 0.378637 -0.096622 0.023184
v 0.415083 -0.087412 0.017359
v 0.447125 -0.078393 0.012772
v 0.467439 -0.068771 0.008380
v 0.466290 -0.064738 0.012756
v 0.415294 -0.091351 0.006377
v 0.447810 -0.081276 0.005312
v 0.467597 -0.070410 0.002839
v 0.476355 -0.064103 0.000888
v 0.476159 -0.063223 0.005172
v 0.447786 -0.079854 -0.003143
v 0.466426 -0.069689 -0.002767
v 0.475923 -0.063234 -0.003306
v 0.465837 -0.066862 -0.007928
v 0.475502 -0.061232 -0.006855
v 0.481119 -0.055977 -0.006209
v 0.483667 -0.051468 -0.004600
v 0.475046 -0.057835 -0.009893
v 0.479248 -0.053132 -0.008361
v 0.481138 -0.049250 -0.006329
v 0.481195 -0.046700 -0.003479
v 0.483703 -0.048636 -0.001545
v 0.476805 -0.050088 -0.009844
v 0.478227 -0.046834 -0.007991
v 0.478262 -0.044427 -0.005371
v 0.477476 -0.043468 -0.002421
v 0.480046 -0.045380 -0.000383
v 0.475384 -0.043434 -0.010164
v 0.475019 -0.041387 -0.007370
v 0.473881 -0.040574 -0.004071
v 0.467287 -0.035678 -0.010343
v 0.465961 -0.035160 -0.005599
v 0.448337 -0.027820 -0.013506
v 0.447672 -0.026835 -0.006966
v 0.447357 -0.026433 -0.000007
v 0.416626 -0.015688 -0.008747
v 0.416857 -0.015081 0.000995
v 0.417571 -0.015280 0.011228
v 0.447776 -0.026642 0.007244
v 0.417498 -0.018482 0.020601
v 0.448188 -0.028703 0.014698
v 0.416076 -0.026393 0.027598
v 0.447534 -0.033688 0.019963
v 0.465592 -0.039843 0.011902
v 0.473510 -0.043145 0.007168
v 0.447180 -0.040364 0.024491
v 0.465822 -0.043929 0.014860
v 0.473892 -0.045794 0.009488
v 0.478607 -0.046781 0.005427
v 0.477580 -0.044601 0.003260
v 0.466453 -0.048643 0.016976
v 0.474242 -0.049331 0.011108
v 0.479367 -0.049495 0.007119
v 0.483085 -0.049906 0.003903
v 0.481822 -0.047538 0.001806
v 0.466617 -0.054537 0.017528
v 0.447600 -0.047452 0.028020
v 0.447334 -0.055414 0.028063
v 0.465949 -0.059958 0.015673
v 0.415728 -0.045803 0.039725
v 0.415400 -0.035730 0.033962
v 0.379506 -0.026826 0.043276
v 0.375155 -0.011934 0.034092
v 0.381000 -0.006999 0.025028
v 0.382039 -0.002529 0.013583
v 0.344918 0.006967 0.014237
v 0.381531 -0.002286 0.001173
v 0.346817 0.005990 0.001833
v 0.314778 0.024531 0.002463
v 0.310691 0.026160 0.013511
v 0.281732 0.052801 0.001822
v 0.279979 0.053440 0.013071
v 0.317718 0.023436 -0.008406
v 0.283038 0.051823 -0.008809
v 0.316933 0.019904 -0.019197
v 0.280394 0.047207 -0.019090
v 0.313643 0.013394 -0.027011
v 0.280928 0.037158 -0.026752
v 0.309357 0.004134 -0.035872
v 0.279688 0.025021 -0.035114
v 0.305074 -0.009212 -0.048105
v 0.273195 0.006760 -0.043815
v 0.302008 -0.030537 -0.057457
v 0.269589 -0.018975 -0.058575
v 0.235402 -0.007659 -0.056914
v 0.271578 -0.047418 -0.062321
v 0.240955 -0.038389 -0.063196
v 0.206652 -0.030972 -0.062147
v 0.201317 -0.000330 -0.053996
v 0.170044 0.005228 -0.054957
v 0.248277 -0.066642 -0.059150
v 0.219499 -0.061962 -0.061523
v 0.251707 -0.091188 -0.049161
v 0.231517 -0.085681 -0.053042
v 0.197297 -0.082710 -0.055698
v 0.236982 -0.101905 -0.039092
v 0.215045 -0.101329 -0.042270
v 0.237112 -0.107346 -0.028589
v 0.225409 -0.108506 -0.028851
v 0.223872 -0.108531 -0.028833
v 0.189920 -0.116912 0.000310
v 0.142334 -0.119026 -0.001127
v 0.147767 -0.114905 -0.023689
v 0.181956 -0.113519 0.022814
v 0.229998 -0.111554 0.024433
v 0.225540 -0.100209 0.042293
v 0.180359 -0.101715 0.041817
v 0.232914 -0.116778 -0.000655
v 0.269485 -0.113287 0.006613
v 0.266948 -0.109195 0.025339
v 0.247881 -0.112261 -0.017294
v 0.271771 -0.112959 -0.008445
v 0.299826 -0.112508 -0.006023
v 0.301250 -0.111445 0.009039
v 0.252720 -0.105528 -0.032567
v 0.274005 -0.110267 -0.020494
v 0.296968 -0.108762 -0.017438
v 0.274835 -0.102074 -0.035814
v 0.286540 -0.106057 -0.022918
v 0.286189 -0.094454 -0.040424
v 0.286855 -0.102064 -0.027162
v 0.278949 -0.076965 -0.054559
v 0.348014 -0.104077 -0.021277
v 0.378270 -0.101222 -0.021113
v 0.377863 -0.103187 -0.006433
v 0.335928 -0.108208 -0.009202
v 0.314497 -0.104260 -0.027523
v 0.338357 -0.098026 -0.033998
v 0.377858 -0.091737 -0.032381
v 0.416920 -0.081626 -0.026251
v 0.416260 -0.087903 -0.016109
v 0.337390 -0.084063 -0.047809
v 0.378359 -0.079841 -0.043565
v 0.418005 -0.073977 -0.035599
v 0.449674 -0.065367 -0.023627
v 0.448291 -0.070616 -0.017914
v 0.379136 -0.062360 -0.049107
v 0.417360 -0.062189 -0.038732
v 0.380146 -0.045444 -0.049900
v 0.416371 -0.049679 -0.037225
v 0.380864 -0.031162 -0.047114
v 0.416494 -0.038105 -0.035121
v 0.380342 -0.020529 -0.038628
v 0.416822 -0.029204 -0.031412
v 0.448752 -0.036133 -0.022402
v 0.467377 -0.041846 -0.015117
v 0.416801 -0.022044 -0.024966
v 0.448868 -0.030678 -0.018972
v 0.468040 -0.037486 -0.014444
v 0.474027 -0.046698 -0.011601
v 0.473867 -0.053867 -0.011404
v 0.466305 -0.063090 -0.012027
v 0.466668 -0.058638 -0.014590
v 0.447700 -0.075205 -0.011216
v 0.415967 -0.091903 -0.005372
v 0.377941 -0.102206 0.008257
v 0.339711 -0.103291 0.025595
v 0.339286 -0.107861 0.010034
v 0.301266 -0.107123 0.025618
v 0.300544 -0.096093 0.041398
v 0.264200 -0.098543 0.042549
v 0.260893 -0.080975 0.054755
v 0.221908 -0.082344 0.055245
v 0.218631 -0.057083 0.061489
v 0.416854 -0.017393 -0.017716
v 0.380690 -0.012300 -0.030487
v 0.381529 -0.005274 -0.021375
v 0.381457 -0.003401 -0.010946
v 0.347679 0.003525 -0.022312
v 0.347541 0.004990 -0.010612
v 0.346000 -0.002810 -0.031807
v 0.343689 -0.010824 -0.040352
v 0.341066 -0.022538 -0.050695
v 0.338926 -0.039012 -0.055846
v 0.337954 -0.061097 -0.055815
v 0.298993 -0.060158 -0.059389
v 0.300922 -0.089985 -0.045426
v 0.302667 -0.108260 -0.023595
v 0.158495 0.049177 0.034645
v 0.129372 0.059042 0.029669
v 0.133501 0.042253 0.036018
v 0.133922 0.023868 0.048443
v 0.105301 0.038349 0.041014
v 0.106506 0.022844 0.048691
v 0.106539 0.010282 0.053120
v 0.132259 0.008384 0.054345
v 0.106022 0.004022 0.062276
v 0.129853 0.002208 0.064533
v 0.104600 0.003510 0.075114
v 0.127043 0.001733 0.077477
v 0.141584 0.000024 0.080666
v 0.124990 -0.000657 0.094586
v 0.138451 -0.003411 0.097811
v 0.149347 -0.008296 0.099744
v 0.148215 -0.015723 0.098057
v 0.134039 -0.015071 0.117382
v 0.122076 -0.010761 0.114472
v 0.125262 -0.030122 0.132056
v 0.103080 0.001285 0.092711
v 0.139091 -0.016845 0.096652
v 0.069562 0.020658 0.048041
v 0.069266 0.032892 0.043027
v 0.029868 0.027980 0.042142
v 0.067802 0.043455 0.032396
v 0.029390 0.037434 0.033642
v -0.009786 0.030071 0.032289
v 0.028487 0.044839 0.021571
v -0.011200 0.037308 0.021200
v -0.048276 0.027692 0.018814
v -0.012005 0.041273 0.008001
v -0.049470 0.031884 0.006559
v -0.012252 0.040669 -0.006531
v -0.049477 0.031568 -0.006711
v -0.087971 0.019112 -0.004480
v -0.048426 0.027262 -0.019512
v -0.086377 0.015167 -0.015970
v -0.132785 0.000123 -0.011122
v -0.134377 0.001496 0.000606
v -0.086403 0.008244 -0.025687
v -0.132228 -0.003044 -0.019798
v -0.176508 -0.015231 -0.009265
v -0.177370 -0.013386 -0.002242
v -0.177812 -0.013871 0.006032
v -0.217027 -0.023638 -0.005815
v -0.216925 -0.024038 0.001188
v -0.217178 -0.024302 0.006989
v -0.177366 -0.015799 -0.016887
v -0.217663 -0.022461 -0.012793
v -0.179663 -0.012667 -0.025692
v -0.219405 -0.017154 -0.021351
v -0.182288 -0.008698 -0.038241
v -0.221103 -0.012250 -0.034597
v -0.258196 -0.014190 -0.032439
v -0.222713 -0.008797 -0.057128
v -0.258886 -0.010416 -0.053759
v -0.296720 -0.012478 -0.051775
v -0.259783 -0.012904 -0.076190
v -0.297882 -0.014603 -0.074061
v -0.332832 -0.016837 -0.072854
v -0.298934 -0.022098 -0.092867
v -0.331817 -0.023466 -0.091259
v -0.355606 -0.026345 -0.089358
v -0.355866 -0.020591 -0.071178
v -0.369009 -0.037033 -0.082169
v -0.369796 -0.028958 -0.067891
v -0.392116 -0.038315 -0.078794
v -0.393824 -0.031699 -0.065469
v -0.420714 -0.040503 -0.075182
v -0.421286 -0.035047 -0.064099
v -0.421629 -0.034537 -0.051462
v -0.439731 -0.041146 -0.062755
v -0.442458 -0.041252 -0.054181
v -0.438915 -0.041342 -0.040406
v -0.454928 -0.048667 -0.055457
v -0.450417 -0.046515 -0.042175
v -0.439827 -0.044902 -0.071120
v -0.449540 -0.044894 -0.060077
v -0.420215 -0.050048 -0.085171
v -0.440931 -0.050952 -0.078021
v -0.440850 -0.058167 -0.082937
v -0.456028 -0.058263 -0.075534
v -0.326800 -0.033117 -0.103531
v -0.336655 -0.041009 -0.108323
v -0.302909 -0.039297 -0.110222
v -0.334478 -0.049776 -0.112008
v -0.344852 -0.052002 -0.113621
v -0.224800 -0.011288 -0.079223
v -0.186864 -0.009359 -0.082549
v -0.184309 -0.005805 -0.059819
v -0.137255 -0.002578 -0.060936
v -0.136448 -0.004714 -0.083952
v -0.135967 -0.004391 -0.044675
v -0.090276 -0.000656 -0.051544
v -0.091520 0.001317 -0.063778
v -0.134347 -0.006654 -0.034806
v -0.088635 -0.002359 -0.041906
v -0.048664 0.000003 -0.045028
v -0.049630 0.001368 -0.055988
v -0.132417 -0.008943 -0.027506
v -0.086916 0.001525 -0.032598
v -0.047508 0.007304 -0.038132
v -0.012203 0.003829 -0.044950
v -0.046932 0.018775 -0.031385
v 0.016562 0.006371 -0.048153
v 0.017518 0.004445 -0.060474
v -0.013501 0.003126 -0.057412
v -0.014658 0.004362 -0.069946
v -0.050601 0.003260 -0.067190
v -0.014205 0.000647 -0.088604
v -0.050411 0.000479 -0.086085
v -0.091112 -0.000543 -0.084380
v -0.049245 -0.006306 -0.103589
v -0.089165 -0.008023 -0.101769
v -0.048198 -0.016027 -0.115793
v -0.087437 -0.017711 -0.113491
v -0.046938 -0.024899 -0.121518
v -0.085050 -0.026052 -0.118699
v -0.045496 -0.033293 -0.125488
v -0.083306 -0.033656 -0.122773
v -0.128856 -0.036510 -0.118190
v -0.081580 -0.036555 -0.130570
v -0.126545 -0.038105 -0.128171
v -0.169913 -0.039586 -0.130893
v -0.174295 -0.039310 -0.123822
v -0.191036 -0.038109 -0.124999
v -0.201119 -0.032114 -0.126269
v -0.213366 -0.023885 -0.127707
v -0.228568 -0.015959 -0.138568
v -0.226722 -0.014593 -0.129657
v -0.248705 -0.000795 -0.140447
v -0.246081 0.000925 -0.132675
v -0.244250 0.000816 -0.123095
v -0.272831 0.023833 -0.136686
v -0.272702 0.023954 -0.127261
v -0.273518 0.021956 -0.119466
v -0.300784 0.047704 -0.130994
v -0.302061 0.046521 -0.122442
v -0.306921 0.040479 -0.120698
v -0.328906 0.070373 -0.126602
v -0.333348 0.065339 -0.122901
v -0.338656 0.059029 -0.122080
v -0.312028 0.034146 -0.119007
v -0.343783 0.052905 -0.121539
v -0.317271 0.027775 -0.118156
v -0.289208 -0.000302 -0.114787
v -0.349826 0.046229 -0.121020
v -0.325503 0.019322 -0.117476
v -0.311995 -0.012826 -0.113849
v -0.338104 0.008524 -0.116836
v -0.327023 -0.017508 -0.114004
v -0.331925 -0.031040 -0.112964
v -0.345065 -0.052527 -0.110681
v -0.359825 0.036743 -0.120363
v -0.379106 0.022801 -0.119776
v -0.382441 0.061956 -0.123707
v -0.397299 0.050702 -0.123212
v -0.413803 0.041301 -0.123127
v -0.400500 0.011173 -0.119792
v -0.425823 0.036005 -0.123355
v -0.416836 0.003994 -0.120166
v -0.437234 0.031491 -0.123744
v -0.432841 -0.002711 -0.121061
v -0.445554 0.028049 -0.126584
v -0.433136 -0.004635 -0.128764
v -0.446330 0.027520 -0.134056
v -0.433762 -0.005606 -0.138677
v -0.446572 0.026936 -0.143969
v -0.430099 -0.004452 -0.147193
v -0.439231 0.029974 -0.150163
v -0.420968 -0.000774 -0.148468
v -0.405681 -0.027871 -0.146855
v -0.411290 0.003210 -0.148520
v -0.395743 -0.026013 -0.146814
v -0.386597 -0.045643 -0.145235
v -0.381644 -0.058445 -0.143898
v -0.379329 -0.020803 -0.146816
v -0.398383 0.009264 -0.148525
v -0.380422 0.020683 -0.148471
v -0.356811 -0.010593 -0.146754
v -0.362135 0.035526 -0.148437
v -0.335306 0.007839 -0.146714
v -0.351439 0.045943 -0.148421
v -0.323569 0.020417 -0.146709
v -0.296244 -0.002328 -0.145056
v -0.269810 -0.021916 -0.144362
v -0.316536 0.028482 -0.146608
v -0.288795 0.006246 -0.144949
v -0.262646 -0.014206 -0.144197
v -0.282289 0.013340 -0.144596
v -0.255518 -0.007155 -0.142596
v -0.276158 0.020072 -0.142889
v -0.310705 0.035293 -0.146349
v -0.305102 0.042016 -0.144989
v -0.301048 0.046966 -0.139894
v -0.333647 0.065880 -0.147091
v -0.329065 0.070336 -0.142442
v -0.328008 0.071232 -0.134492
v -0.358815 0.096372 -0.144331
v -0.355105 0.095675 -0.136651
v -0.355003 0.094328 -0.130686
v -0.369535 0.109564 -0.131893
v -0.358357 0.089364 -0.126642
v -0.363087 0.083081 -0.125574
v -0.386295 0.096508 -0.127764
v -0.368055 0.076897 -0.124887
v -0.392917 0.091419 -0.127229
v -0.373646 0.070490 -0.124319
v -0.401873 0.084716 -0.126711
v -0.414396 0.076665 -0.126351
v -0.438967 0.095780 -0.129159
v -0.426904 0.070389 -0.126300
v -0.444700 0.094758 -0.129409
v -0.435517 0.067160 -0.126539
v -0.449853 0.093960 -0.129685
v -0.442994 0.064756 -0.126879
v -0.455006 0.093115 -0.129985
v -0.450701 0.062263 -0.127349
v -0.459769 0.092353 -0.130282
v -0.458168 0.059620 -0.130199
v -0.464492 0.091456 -0.130591
v -0.458723 0.059407 -0.137588
v -0.470087 0.089842 -0.135513
v -0.458498 0.059422 -0.145564
v -0.470101 0.090490 -0.142610
v -0.449293 0.063630 -0.152388
v -0.429258 0.034619 -0.150465
v -0.418185 0.040191 -0.150490
v -0.403217 0.049751 -0.150441
v -0.387834 0.062605 -0.150214
v -0.400920 0.099037 -0.151687
v -0.378154 0.072541 -0.149903
v -0.393177 0.105645 -0.151417
v -0.372437 0.080074 -0.149861
v -0.344714 0.052963 -0.148328
v -0.366281 0.086461 -0.149660
v -0.338853 0.059270 -0.148116
v -0.362121 0.093248 -0.148180
v -0.425875 0.119888 -0.153556
v -0.419535 0.126417 -0.153467
v -0.456203 0.125567 -0.155109
v -0.447750 0.134653 -0.154650
v -0.442085 0.143205 -0.154359
v -0.410121 0.131216 -0.153093
v -0.440430 0.148170 -0.150345
v -0.463459 0.143017 -0.154544
v -0.456609 0.148606 -0.148342
v -0.454252 0.149673 -0.140554
v -0.439672 0.149236 -0.141512
v -0.452424 0.147372 -0.134874
v -0.439443 0.147327 -0.134734
v -0.414799 0.141439 -0.133814
v -0.439500 0.140163 -0.133798
v -0.419293 0.136310 -0.133047
v -0.439825 0.132008 -0.132888
v -0.423801 0.128520 -0.132047
v -0.403322 0.115047 -0.129959
v -0.450486 0.140216 -0.134085
v -0.448907 0.132600 -0.133254
v -0.447758 0.124572 -0.132393
v -0.455211 0.132867 -0.133515
v -0.453421 0.124691 -0.132638
v -0.450427 0.112836 -0.131363
v -0.445679 0.113028 -0.131153
v -0.457696 0.124512 -0.132814
v -0.454303 0.112594 -0.131553
v -0.461066 0.124203 -0.132967
v -0.458097 0.112162 -0.131760
v -0.464015 0.123941 -0.133119
v -0.461610 0.111844 -0.131989
v -0.466583 0.123675 -0.133288
v -0.465064 0.111537 -0.132240
v -0.468884 0.123504 -0.133471
v -0.468512 0.111282 -0.132593
v -0.470946 0.123401 -0.133701
v -0.470903 0.111517 -0.132935
v -0.472822 0.123287 -0.133959
v -0.473910 0.131955 -0.134590
v -0.476700 0.130931 -0.134934
v -0.478248 0.130838 -0.135487
v -0.474704 0.123397 -0.134315
v -0.479556 0.130479 -0.136003
v -0.476670 0.123667 -0.134942
v -0.480182 0.117740 -0.138803
v -0.479165 0.123174 -0.136239
v -0.481825 0.125843 -0.145871
v -0.480292 0.125635 -0.154701
v -0.484514 0.130386 -0.149987
v -0.483295 0.129406 -0.153543
v -0.485883 0.133349 -0.143696
v -0.486876 0.135271 -0.146775
v -0.473756 0.133780 -0.155933
v -0.486407 0.134344 -0.148216
v -0.486678 0.137814 -0.155088
v -0.479187 0.138098 -0.135544
v -0.488998 0.143472 -0.144425
v -0.474463 0.146498 -0.144051
v -0.469912 0.146933 -0.146509
v -0.482664 0.145509 -0.142490
v -0.480148 0.145948 -0.141461
v -0.469609 0.147681 -0.138875
v -0.463641 0.148658 -0.139462
v -0.465942 0.145883 -0.135193
v -0.460342 0.146741 -0.135054
v -0.462599 0.139901 -0.134483
v -0.457400 0.140148 -0.134308
v -0.459954 0.132879 -0.133708
v -0.466732 0.139485 -0.134617
v -0.463700 0.132811 -0.133866
v -0.470427 0.139018 -0.134734
v -0.466876 0.132634 -0.134018
v -0.473625 0.138559 -0.134906
v -0.469557 0.132442 -0.134156
v -0.476660 0.138267 -0.135147
v -0.471971 0.132218 -0.134349
v -0.475372 0.144132 -0.135427
v -0.479791 0.144359 -0.135678
v -0.470690 0.145057 -0.135317
v -0.474966 0.146869 -0.138048
v -0.483821 0.128520 -0.144277
v -0.484571 0.129857 -0.143678
v -0.479661 0.123314 -0.136682
v -0.484041 0.131884 -0.139132
v -0.479711 0.125386 -0.136265
v -0.480845 0.126097 -0.136931
v -0.480296 0.124507 -0.136980
v -0.481435 0.125673 -0.137502
v -0.481201 0.124969 -0.137531
v -0.483734 0.128355 -0.139371
v -0.482384 0.126566 -0.142562
v -0.484197 0.129943 -0.140258
v -0.482364 0.126621 -0.142729
v -0.483915 0.130289 -0.139049
v -0.482250 0.126615 -0.143269
v -0.484403 0.130348 -0.141062
v -0.482108 0.126739 -0.144117
v -0.481946 0.126880 -0.145083
v -0.481719 0.127057 -0.146626
v -0.482010 0.126335 -0.149534
v -0.369445 0.109980 -0.135847
v -0.123652 -0.038091 -0.138028
v -0.166110 -0.039582 -0.140276
v -0.120408 -0.037821 -0.151407
v -0.161308 -0.039503 -0.153584
v -0.115297 -0.037219 -0.175188
v -0.154784 -0.039212 -0.178686
v -0.187778 -0.041820 -0.181844
v -0.176722 -0.040587 -0.222095
v -0.203293 -0.042969 -0.221601
v -0.211548 -0.044312 -0.183130
v -0.221430 -0.049157 -0.219415
v -0.184244 -0.040629 -0.268248
v -0.206041 -0.043278 -0.264210
v -0.224998 -0.048010 -0.260968
v -0.184534 -0.039811 -0.302430
v -0.209610 -0.043085 -0.302579
v -0.231221 -0.047343 -0.301387
v -0.241156 -0.051000 -0.257350
v -0.248708 -0.051013 -0.299483
v -0.244850 -0.055342 -0.255152
v -0.229478 -0.054381 -0.297498
v -0.229754 -0.056413 -0.253804
v -0.229048 -0.059287 -0.211677
v -0.210861 -0.062338 -0.253038
v -0.212712 -0.065912 -0.211315
v -0.210757 -0.069065 -0.175168
v -0.182229 -0.068386 -0.210329
v -0.180497 -0.072330 -0.173099
v -0.176630 -0.073969 -0.151689
v -0.207833 -0.070904 -0.152044
v -0.173605 -0.074923 -0.138750
v -0.207092 -0.071812 -0.138639
v -0.171014 -0.075851 -0.127676
v -0.209676 -0.072254 -0.129967
v -0.167858 -0.079815 -0.118920
v -0.133217 -0.077404 -0.129264
v -0.132073 -0.083822 -0.122442
v -0.166821 -0.089670 -0.118683
v -0.096457 -0.078364 -0.131156
v -0.135010 -0.076488 -0.140648
v -0.097144 -0.077093 -0.142709
v -0.059134 -0.076609 -0.144559
v -0.098096 -0.075791 -0.156008
v -0.059281 -0.075589 -0.158573
v -0.100069 -0.074229 -0.175059
v -0.061049 -0.074039 -0.179451
v -0.105507 -0.071265 -0.211640
v -0.068105 -0.070793 -0.217791
v -0.035917 -0.068798 -0.227508
v -0.079481 -0.067456 -0.258356
v -0.050931 -0.065524 -0.266370
v -0.035541 -0.064295 -0.272076
v -0.066670 -0.063025 -0.301396
v -0.052893 -0.061965 -0.306355
v -0.043254 -0.060403 -0.310399
v -0.025589 -0.062952 -0.276273
v -0.035340 -0.058598 -0.314011
v -0.017468 -0.061291 -0.279938
v -0.027380 -0.056837 -0.317774
v -0.009606 -0.059256 -0.283622
v -0.021011 -0.052620 -0.320731
v -0.003412 -0.053454 -0.286364
v -0.020818 -0.044594 -0.320396
v -0.002293 -0.045538 -0.286361
v 0.017860 -0.047106 -0.251052
v -0.008758 -0.042308 -0.282574
v 0.010322 -0.043497 -0.246507
v 0.028057 -0.043599 -0.210654
v 0.002308 -0.039920 -0.241673
v 0.018803 -0.040961 -0.205118
v 0.036185 -0.040572 -0.174639
v 0.045513 -0.043000 -0.181652
v 0.049607 -0.039739 -0.155994
v 0.020793 -0.038001 -0.167481
v 0.025285 -0.037826 -0.150793
v 0.025532 -0.037742 -0.139390
v 0.055378 -0.039754 -0.144426
v 0.025054 -0.035513 -0.129981
v -0.006473 -0.036835 -0.135426
v -0.007900 -0.034292 -0.127387
v -0.009380 -0.025238 -0.125273
v -0.010911 -0.016209 -0.119128
v -0.012505 -0.006014 -0.107122
v -0.043666 -0.036533 -0.132606
v -0.004884 -0.037162 -0.146439
v -0.041273 -0.036751 -0.143480
v -0.079663 -0.036743 -0.140699
v -0.038046 -0.037113 -0.157525
v -0.077288 -0.036825 -0.153837
v -0.035225 -0.037805 -0.182859
v -0.073865 -0.037568 -0.176557
v -0.036482 -0.036970 -0.222640
v -0.016552 -0.036969 -0.231217
v -0.031902 -0.036003 -0.269951
v -0.047202 -0.035994 -0.262760
v -0.007073 -0.037800 -0.191562
v 0.009001 -0.039262 -0.199235
v -0.005823 -0.038197 -0.236913
v -0.003887 -0.037520 -0.162045
v -0.015922 -0.038940 -0.278469
v -0.023269 -0.036732 -0.274412
v -0.034481 -0.037525 -0.313148
v -0.041878 -0.035307 -0.309444
v -0.050443 -0.035029 -0.305418
v -0.060465 -0.034016 -0.341876
v -0.070201 -0.034055 -0.337570
v -0.088103 -0.034159 -0.329693
v -0.065817 -0.035008 -0.299297
v -0.114978 -0.035268 -0.318323
v -0.170294 -0.034114 -0.386517
v -0.121202 -0.032853 -0.369092
v -0.128992 -0.030560 -0.415820
v -0.174526 -0.032627 -0.421593
v -0.217302 -0.037629 -0.428952
v -0.217730 -0.040508 -0.401981
v -0.222758 -0.043000 -0.367959
v -0.173259 -0.035717 -0.357120
v -0.245315 -0.047077 -0.410753
v -0.246065 -0.048465 -0.374224
v -0.246726 -0.049639 -0.336841
v -0.227002 -0.045100 -0.335622
v -0.193712 -0.039697 -0.332643
v -0.225658 -0.051441 -0.377394
v -0.224754 -0.053200 -0.337499
v -0.206053 -0.053716 -0.381983
v -0.229631 -0.052674 -0.413389
v -0.214918 -0.054893 -0.417870
v -0.192576 -0.055155 -0.422019
v -0.180661 -0.054552 -0.388127
v -0.159913 -0.056093 -0.428423
v -0.152385 -0.055390 -0.402677
v -0.139865 -0.059723 -0.363119
v -0.128423 -0.055516 -0.435509
v -0.123197 -0.056188 -0.415651
v -0.112760 -0.058880 -0.382670
v -0.106012 -0.054361 -0.422402
v -0.096464 -0.057182 -0.392662
v -0.082888 -0.058823 -0.364571
v -0.100111 -0.060499 -0.356115
v -0.133536 -0.061537 -0.340584
v -0.068416 -0.060345 -0.336690
v -0.082064 -0.061567 -0.330865
v -0.109529 -0.062643 -0.322043
v -0.092915 -0.064538 -0.295032
v -0.125383 -0.064415 -0.293360
v -0.128552 -0.062499 -0.316988
v -0.114539 -0.067791 -0.252934
v -0.146422 -0.067693 -0.251415
v -0.149633 -0.064129 -0.295705
v -0.179340 -0.065801 -0.251620
v -0.142858 -0.070733 -0.209957
v -0.139356 -0.075234 -0.173208
v -0.137031 -0.075623 -0.153550
v -0.144707 -0.061905 -0.328076
v -0.073818 -0.056252 -0.370071
v -0.059117 -0.058229 -0.341236
v -0.066565 -0.053762 -0.374900
v -0.051423 -0.055961 -0.345285
v -0.059210 -0.051280 -0.379859
v -0.043629 -0.053967 -0.349542
v -0.053098 -0.047288 -0.384141
v -0.037043 -0.050129 -0.353027
v -0.054496 -0.038792 -0.384302
v -0.037483 -0.041830 -0.352574
v -0.062640 -0.034861 -0.381411
v -0.044611 -0.037742 -0.349144
v -0.027141 -0.040433 -0.316954
v -0.052389 -0.035161 -0.345545
v -0.071178 -0.033631 -0.378459
v -0.079650 -0.032948 -0.375779
v -0.087570 -0.032947 -0.413876
v -0.095974 -0.032255 -0.413680
v -0.107028 -0.031409 -0.414422
v -0.091351 -0.032581 -0.372580
v -0.098828 -0.031325 -0.438554
v -0.110973 -0.030347 -0.439498
v -0.133439 -0.029461 -0.439600
v -0.111240 -0.029396 -0.451467
v -0.135620 -0.028838 -0.451417
v -0.175416 -0.030465 -0.451977
v -0.175667 -0.031284 -0.440213
v -0.212589 -0.032130 -0.454573
v -0.214991 -0.034080 -0.443833
v -0.235563 -0.041564 -0.451346
v -0.244721 -0.045810 -0.438767
v -0.232628 -0.056079 -0.451457
v -0.233145 -0.054910 -0.436679
v -0.218001 -0.056854 -0.449219
v -0.217552 -0.056153 -0.436824
v -0.198218 -0.056823 -0.450799
v -0.196413 -0.056315 -0.438940
v -0.166306 -0.056555 -0.454533
v -0.163758 -0.055687 -0.443301
v -0.133489 -0.056184 -0.457610
v -0.131314 -0.054882 -0.447586
v -0.109951 -0.056097 -0.460401
v -0.109451 -0.054335 -0.450716
v -0.108425 -0.054777 -0.439654
v -0.095898 -0.051832 -0.426120
v -0.080158 -0.051463 -0.403984
v -0.087647 -0.054191 -0.398704
v -0.072297 -0.048478 -0.409499
v -0.068025 -0.044223 -0.413759
v -0.077250 -0.035066 -0.434932
v -0.071398 -0.037047 -0.414793
v -0.082901 -0.032713 -0.435822
v -0.079146 -0.033808 -0.414245
v -0.089779 -0.031997 -0.437270
v -0.097033 -0.030000 -0.450750
v -0.095600 -0.028285 -0.459972
v -0.111450 -0.028044 -0.461011
v -0.094396 -0.028906 -0.470386
v -0.111695 -0.028578 -0.470894
v -0.137922 -0.029100 -0.470852
v -0.137005 -0.028065 -0.461222
v -0.174421 -0.030643 -0.470967
v -0.174870 -0.029761 -0.461741
v -0.211286 -0.031565 -0.463345
v -0.138253 -0.035372 -0.478042
v -0.172995 -0.037169 -0.477366
v -0.137884 -0.045066 -0.479725
v -0.171720 -0.046838 -0.478405
v -0.136803 -0.053752 -0.475594
v -0.170281 -0.055243 -0.473419
v -0.202966 -0.055762 -0.471425
v -0.168433 -0.058064 -0.464337
v -0.200596 -0.057741 -0.461351
v -0.135293 -0.057797 -0.467346
v -0.111306 -0.052662 -0.477537
v -0.110461 -0.057182 -0.469712
v -0.093950 -0.055838 -0.470841
v -0.093285 -0.051737 -0.478557
v -0.079780 -0.050650 -0.478381
v -0.080365 -0.054588 -0.471077
v -0.111978 -0.043824 -0.480752
v -0.093375 -0.043009 -0.481330
v -0.080158 -0.042716 -0.481566
v -0.068292 -0.043279 -0.481478
v -0.068064 -0.050390 -0.478117
v -0.093677 -0.033848 -0.479038
v -0.080957 -0.034154 -0.479424
v -0.069016 -0.035480 -0.480062
v -0.112020 -0.034160 -0.479038
v -0.058891 -0.047907 -0.475354
v -0.058797 -0.050684 -0.470030
v -0.068306 -0.053202 -0.470676
v -0.052219 -0.045098 -0.472557
v -0.163538 -0.036359 -0.326513
v -0.163781 -0.037496 -0.300066
v -0.150394 -0.036847 -0.312175
v -0.156994 -0.037941 -0.267746
v 0.048505 0.007806 -0.049909
v 0.044463 0.019770 -0.047156
v 0.076514 0.036769 -0.040316
v 0.068625 0.048036 -0.027503
v 0.066415 0.054516 -0.014470
v 0.026853 0.050603 -0.006016
v 0.063441 0.059694 -0.003700
v 0.027341 0.049750 0.008059
v 0.063164 0.057739 0.007587
v 0.065160 0.051361 0.019196
v 0.097119 0.060061 0.018547
v 0.101131 0.050104 0.028284
v 0.146256 0.003800 -0.058276
v 0.143508 0.001036 -0.066094
v 0.126926 0.002788 -0.060770
v 0.103974 0.004234 -0.060771
v 0.126492 0.002621 -0.068505
v 0.141743 0.000742 -0.072919
v 0.140349 0.000319 -0.080755
v 0.150297 -0.000773 -0.082333
v 0.147865 -0.001356 -0.092447
v 0.138699 -0.000623 -0.090918
v 0.152242 -0.000473 -0.075096
v 0.153465 -0.000334 -0.069254
v 0.156332 -0.001118 -0.063278
v 0.144417 -0.008157 -0.105298
v 0.149293 -0.015082 -0.106089
v 0.144161 -0.018861 -0.101401
v 0.135370 -0.019123 -0.099569
v 0.131440 -0.029652 -0.113074
v -0.231723 -0.087522 -0.114180
v -0.258652 -0.081913 -0.114305
v -0.255670 -0.090703 -0.113663
v -0.289443 -0.088085 -0.113210
v -0.288230 -0.079162 -0.114230
v -0.289335 -0.097989 -0.109936
v -0.325643 -0.097734 -0.109179
v -0.324644 -0.085781 -0.112686
v -0.325698 -0.109487 -0.102863
v -0.353278 -0.106934 -0.103056
v -0.351388 -0.116032 -0.089938
v -0.365335 -0.110973 -0.085286
v -0.366417 -0.100815 -0.094217
v -0.350669 -0.121939 -0.074549
v -0.365596 -0.118775 -0.071347
v -0.384564 -0.115260 -0.066337
v -0.383871 -0.107592 -0.078503
v -0.349584 -0.127037 -0.057891
v -0.365832 -0.121297 -0.056061
v -0.385194 -0.115825 -0.053445
v -0.409552 -0.113766 -0.049619
v -0.409905 -0.113343 -0.061335
v -0.427258 -0.107608 -0.067207
v -0.409780 -0.109084 -0.073271
v -0.427257 -0.102307 -0.075291
v -0.409104 -0.101424 -0.082131
v -0.383925 -0.099580 -0.088310
v -0.409944 -0.093310 -0.089049
v -0.384573 -0.088102 -0.093582
v -0.427782 -0.096799 -0.082379
v -0.437001 -0.096884 -0.077540
v -0.437275 -0.091743 -0.082924
v -0.436884 -0.101497 -0.071242
v -0.444897 -0.100032 -0.068712
v -0.445051 -0.095993 -0.074586
v -0.436936 -0.105785 -0.064119
v -0.444680 -0.103513 -0.062044
v -0.452629 -0.094190 -0.072240
v -0.444982 -0.091599 -0.079381
v -0.444767 -0.087073 -0.082129
v -0.437682 -0.087104 -0.084845
v -0.450253 -0.091920 -0.068597
v -0.441205 -0.092562 -0.066070
v -0.431537 -0.093327 -0.063158
v -0.416155 -0.090997 -0.064737
v -0.417972 -0.085054 -0.070884
v -0.412822 -0.093891 -0.054116
v -0.399201 -0.086726 -0.055545
v -0.403139 -0.086283 -0.065839
v -0.398902 -0.077400 -0.064503
v -0.408653 -0.081940 -0.071433
v -0.398093 -0.077256 -0.055414
v -0.398088 -0.068784 -0.055110
v -0.398534 -0.068459 -0.063178
v -0.398083 -0.068117 -0.047292
v -0.398947 -0.060520 -0.047217
v -0.398656 -0.066976 -0.040520
v -0.400549 -0.059104 -0.042399
v -0.404270 -0.051768 -0.044490
v -0.403595 -0.051793 -0.044494
v -0.401793 -0.065940 -0.034704
v -0.403846 -0.058453 -0.039241
v -0.406357 -0.051692 -0.044478
v -0.407631 -0.058295 -0.037956
v -0.408797 -0.051555 -0.044398
v -0.411390 -0.058167 -0.037325
v -0.411596 -0.051270 -0.044133
v -0.415031 -0.057982 -0.037081
v -0.414523 -0.051165 -0.044032
v -0.418403 -0.057671 -0.037029
v -0.417244 -0.051108 -0.044040
v -0.420979 -0.057680 -0.036789
v -0.419099 -0.051034 -0.044138
v -0.425375 -0.057983 -0.036068
v -0.421316 -0.050945 -0.044255
v -0.426663 -0.055943 -0.038001
v -0.422636 -0.050851 -0.044226
v -0.425279 -0.056730 -0.037295
v -0.423685 -0.050775 -0.044199
v -0.425887 -0.056684 -0.037280
v -0.424718 -0.050700 -0.044172
v -0.426431 -0.055035 -0.039011
v -0.425658 -0.050631 -0.044147
v -0.427280 -0.054875 -0.038993
v -0.426555 -0.050614 -0.044136
v -0.427768 -0.056240 -0.037456
v -0.427266 -0.050589 -0.044124
v -0.428332 -0.055467 -0.037972
v -0.427906 -0.050586 -0.044119
v -0.429520 -0.054286 -0.039016
v -0.428623 -0.050582 -0.044112
v -0.430476 -0.054274 -0.038897
v -0.429299 -0.050579 -0.044106
v -0.431897 -0.055438 -0.036509
v -0.429972 -0.050575 -0.044100
v -0.430620 -0.050572 -0.044095
v -0.432213 -0.055396 -0.036503
v -0.431197 -0.050572 -0.044078
v -0.432460 -0.055363 -0.036498
v -0.431688 -0.050577 -0.044032
v -0.432725 -0.055328 -0.036493
v -0.432139 -0.050581 -0.043990
v -0.433001 -0.055291 -0.036487
v -0.432589 -0.050586 -0.043948
v -0.433276 -0.055254 -0.036482
v -0.433040 -0.050591 -0.043906
v -0.433551 -0.055217 -0.036477
v -0.433476 -0.050595 -0.043866
v -0.433827 -0.055181 -0.036471
v -0.433893 -0.050599 -0.043827
v -0.434110 -0.055143 -0.036465
v -0.434289 -0.050603 -0.043790
v -0.434408 -0.055103 -0.036459
v -0.434673 -0.050607 -0.043754
v -0.434724 -0.055061 -0.036453
v -0.435055 -0.050611 -0.043719
v -0.435053 -0.055017 -0.036447
v -0.435441 -0.050615 -0.043683
v -0.435390 -0.054972 -0.036440
v -0.435830 -0.050619 -0.043647
v -0.435752 -0.054923 -0.036433
v -0.436228 -0.050623 -0.043610
v -0.436059 -0.054891 -0.036420
v -0.436614 -0.050627 -0.043574
v -0.436388 -0.054908 -0.036366
v -0.437029 -0.050630 -0.043539
v -0.436665 -0.054923 -0.036322
v -0.437409 -0.050622 -0.043538
v -0.436936 -0.054937 -0.036278
v -0.437805 -0.050611 -0.043545
v -0.437168 -0.054950 -0.036240
v -0.438214 -0.050600 -0.043553
v -0.437397 -0.054962 -0.036203
v -0.438653 -0.050588 -0.043561
v -0.437627 -0.054974 -0.036166
v -0.439139 -0.050574 -0.043569
v -0.437856 -0.054986 -0.036129
v -0.439647 -0.050560 -0.043578
v -0.438085 -0.054998 -0.036092
v -0.440155 -0.050546 -0.043588
v -0.438315 -0.055010 -0.036055
v -0.440663 -0.050532 -0.043597
v -0.438544 -0.055022 -0.036018
v -0.441171 -0.050518 -0.043606
v -0.438774 -0.055034 -0.035980
v -0.441679 -0.050504 -0.043615
v -0.439003 -0.055046 -0.035943
v -0.480736 0.126057 -0.136860
v -0.439232 -0.055058 -0.035906
v -0.442947 -0.050441 -0.043637
v -0.439453 -0.055070 -0.035870
v -0.444072 -0.050292 -0.043653
v -0.444989 -0.050170 -0.043666
v -0.439659 -0.055081 -0.035837
v -0.442197 -0.050489 -0.043624
v -0.418261 -0.066004 -0.031823
v -0.412376 -0.066140 -0.032136
v -0.415187 -0.075522 -0.031318
v -0.407180 -0.065980 -0.032855
v -0.408556 -0.074992 -0.032074
v -0.410620 -0.084205 -0.036324
v -0.411532 -0.093764 -0.043813
v -0.411500 -0.077717 -0.075872
v -0.418950 -0.078645 -0.076472
v -0.323931 -0.079415 -0.113788
v -0.322845 -0.077104 -0.123772
v -0.289250 -0.075460 -0.123526
v -0.323377 -0.076931 -0.135092
v -0.290765 -0.075384 -0.137321
v -0.321842 -0.076657 -0.146772
v -0.294740 -0.075295 -0.154528
v -0.280446 -0.074487 -0.161855
v -0.305476 -0.075225 -0.174911
v -0.294831 -0.074398 -0.183887
v -0.286240 -0.073100 -0.191619
v -0.268027 -0.073622 -0.164615
v -0.316946 -0.074343 -0.210727
v -0.309361 -0.072087 -0.219119
v -0.305089 -0.065029 -0.224306
v -0.333133 -0.072565 -0.244160
v -0.330734 -0.064628 -0.247648
v -0.336964 -0.058651 -0.241984
v -0.310869 -0.057514 -0.219537
v -0.345499 -0.058549 -0.233747
v -0.319830 -0.057388 -0.211584
v -0.354418 -0.058650 -0.224076
v -0.328862 -0.057500 -0.203905
v -0.305247 -0.056331 -0.177602
v -0.361449 -0.059219 -0.244243
v -0.369961 -0.059346 -0.233171
v -0.378461 -0.059503 -0.214698
v -0.382802 -0.060127 -0.238692
v -0.390989 -0.060340 -0.215725
v -0.394147 -0.059940 -0.181028
v -0.384190 -0.059339 -0.182756
v -0.402334 -0.061254 -0.215527
v -0.403443 -0.061104 -0.179370
v -0.409584 -0.066348 -0.215021
v -0.408797 -0.067979 -0.178404
v -0.408204 -0.074979 -0.214606
v -0.408719 -0.077042 -0.178272
v -0.398134 -0.076919 -0.213910
v -0.397569 -0.078278 -0.177896
v -0.394550 -0.078920 -0.151873
v -0.386971 -0.078511 -0.177779
v -0.384101 -0.079030 -0.151529
v -0.373245 -0.078774 -0.151983
v -0.354257 -0.077924 -0.155579
v -0.325396 -0.076426 -0.164272
v -0.324959 -0.075133 -0.202048
v -0.347224 -0.075198 -0.227164
v -0.340242 -0.074434 -0.235919
v -0.362536 -0.075245 -0.240827
v -0.355011 -0.074553 -0.249497
v -0.347558 -0.073410 -0.258084
v -0.346008 -0.064869 -0.260803
v -0.362228 -0.059360 -0.261016
v -0.352775 -0.059251 -0.253927
v -0.372394 -0.059684 -0.251601
v -0.394738 -0.061147 -0.244014
v -0.403922 -0.063027 -0.248602
v -0.403550 -0.073293 -0.249257
v -0.381437 -0.074489 -0.259703
v -0.393270 -0.075705 -0.243354
v -0.373983 -0.075198 -0.250394
v -0.382006 -0.075981 -0.237496
v -0.387075 -0.077094 -0.212483
v -0.369284 -0.075951 -0.229362
v 0.117752 -0.132317 0.020171
v 0.117762 -0.132038 0.020819
v 0.109336 -0.129346 0.020306
v 0.117766 -0.131928 0.021076
v -0.365772 -0.078381 0.000881
v -0.437628 -0.094965 -0.025013
v -0.437140 -0.085665 -0.020566
v -0.290503 -0.075741 0.134979
v -0.322604 -0.077103 0.131417
v -0.325074 -0.077279 0.123163
v -0.261499 -0.073271 0.138048
v -0.354340 -0.077993 0.128149
v -0.355857 -0.077967 0.121102
v -0.369788 -0.078159 0.127409
v -0.370132 -0.077348 0.120358
v -0.379868 -0.077921 0.127778
v -0.380320 -0.076686 0.120499
v -0.379995 -0.071851 0.114234
v -0.379469 -0.078442 0.136770
v -0.388923 -0.078290 0.136775
v -0.368904 -0.078415 0.136631
v -0.378942 -0.078933 0.150944
v -0.352355 -0.077982 0.137375
v -0.320076 -0.076959 0.141269
v -0.291476 -0.075565 0.147098
v -0.297049 -0.075455 0.163197
v -0.315051 -0.075286 0.188670
v -0.269287 -0.074146 0.153052
v -0.280867 -0.074385 0.170577
v -0.305076 -0.074533 0.195460
v -0.334742 -0.074466 0.223027
v -0.343648 -0.075171 0.215222
v -0.326061 -0.073674 0.230127
v -0.350117 -0.073875 0.251877
v -0.357841 -0.074700 0.241395
v -0.318691 -0.069049 0.236371
v -0.343408 -0.069291 0.259938
v -0.320588 -0.059410 0.233091
v -0.346004 -0.059892 0.256680
v -0.368476 -0.060030 0.268391
v -0.353497 -0.058833 0.245318
v -0.370519 -0.059322 0.252947
v -0.361144 -0.058828 0.231591
v -0.374971 -0.059368 0.236796
v -0.367392 -0.058789 0.212485
v -0.380525 -0.059162 0.213967
v -0.391326 -0.059654 0.213788
v -0.383770 -0.058485 0.176954
v -0.393477 -0.058852 0.175235
v -0.401620 -0.060780 0.213592
v -0.409710 -0.066840 0.214037
v -0.407195 -0.075836 0.214055
v -0.406576 -0.074851 0.238834
v -0.396853 -0.077209 0.213754
v -0.393629 -0.076217 0.236475
v -0.384856 -0.076922 0.213280
v -0.379960 -0.075936 0.233396
v -0.371746 -0.076504 0.211059
v -0.365353 -0.075505 0.229058
v -0.388179 -0.078492 0.178078
v -0.377589 -0.078103 0.178749
v -0.388678 -0.078938 0.150262
v -0.398965 -0.078772 0.176950
v -0.398337 -0.078276 0.148877
v -0.397730 -0.078034 0.136435
v -0.385017 -0.058525 0.143462
v -0.393279 -0.060300 0.142705
v -0.391586 -0.038647 0.145112
v -0.400395 -0.040890 0.145064
v -0.399713 -0.014869 0.147053
v -0.408224 -0.017660 0.146902
v -0.415859 -0.020576 0.146688
v -0.418594 0.010080 0.148737
v -0.426551 0.006349 0.148419
v -0.433867 0.002959 0.146372
v -0.439242 0.039621 0.150351
v -0.446861 0.036769 0.148590
v -0.450302 0.035687 0.141343
v -0.437352 0.001486 0.139131
v -0.450707 0.035933 0.132939
v -0.436995 0.001612 0.130541
v -0.447362 0.037893 0.125866
v -0.434645 0.003867 0.122975
v -0.427272 0.007431 0.120634
v -0.408512 -0.018089 0.117347
v -0.402693 -0.038973 0.115577
v -0.392706 -0.039392 0.114868
v -0.462904 0.067774 0.135468
v -0.461510 0.067638 0.143502
v -0.471966 0.094250 0.145876
v -0.457957 0.068626 0.150359
v -0.468294 0.095381 0.152055
v -0.475546 0.113548 0.154175
v -0.461637 0.098078 0.153632
v -0.468252 0.115293 0.154966
v -0.472047 0.127606 0.154881
v -0.479455 0.126211 0.154060
v -0.460678 0.117117 0.154837
v -0.463699 0.128415 0.155304
v -0.452049 0.118510 0.154551
v -0.453860 0.128700 0.155079
v -0.454950 0.137010 0.155948
v -0.440294 0.127711 0.154377
v -0.439703 0.136477 0.155053
v -0.439524 0.144996 0.154080
v -0.416682 0.130018 0.153462
v -0.411319 0.138132 0.153878
v -0.406002 0.143953 0.146435
v -0.439326 0.149714 0.147714
v -0.408110 0.143872 0.137252
v -0.439576 0.149886 0.139067
v -0.408471 0.135507 0.132506
v -0.440124 0.144147 0.133674
v -0.416072 0.128864 0.130996
v -0.440729 0.136182 0.132002
v -0.421069 0.122217 0.130973
v -0.441290 0.128405 0.132173
v -0.454493 0.128647 0.132813
v -0.452400 0.119187 0.132058
v -0.397260 0.102289 0.128274
v -0.377273 0.080725 0.125313
v -0.384900 0.072798 0.124660
v -0.351536 0.054912 0.121808
v -0.344913 0.062208 0.122459
v -0.338882 0.070161 0.123895
v -0.361431 0.101254 0.130488
v -0.333347 0.076564 0.127481
v -0.364116 0.104136 0.136503
v -0.332579 0.076516 0.136182
v -0.300046 0.047847 0.135610
v -0.334833 0.075584 0.143929
v -0.302670 0.043399 0.144356
v -0.270422 0.009000 0.143564
v -0.308845 0.034187 0.145729
v -0.339262 0.066115 0.147801
v -0.345239 0.058600 0.148566
v -0.314880 0.023809 0.145829
v -0.351710 0.051977 0.148983
v -0.324402 0.019565 0.146219
v -0.362101 0.042669 0.147721
v -0.339152 0.010722 0.146724
v -0.322522 -0.026495 0.144898
v -0.319516 -0.056785 0.142054
v -0.366874 -0.002937 0.147360
v -0.358624 -0.032418 0.145103
v -0.356877 -0.057539 0.143028
v -0.352371 -0.057888 0.177723
v -0.316502 -0.056673 0.167321
v -0.378818 -0.036073 0.145126
v -0.374626 -0.057518 0.143284
v -0.372272 -0.058285 0.179440
v -0.344874 -0.057971 0.202955
v -0.336103 -0.057756 0.214884
v -0.301681 -0.056369 0.190373
v -0.309563 -0.056526 0.181852
v -0.286587 -0.055491 0.157441
v -0.327897 -0.057657 0.224482
v -0.386670 -0.010479 0.147656
v -0.382077 0.028813 0.147564
v -0.399217 0.019283 0.148520
v -0.410554 0.013812 0.149078
v -0.413577 0.051018 0.150461
v -0.423466 0.046231 0.150499
v -0.431335 0.042848 0.150495
v -0.436646 0.078019 0.152238
v -0.443714 0.074756 0.152158
v -0.451056 0.071517 0.151960
v -0.454385 0.100752 0.153839
v -0.447272 0.103099 0.153796
v -0.399719 0.059865 0.150393
v -0.385913 0.070995 0.150459
v -0.377941 0.079362 0.150289
v -0.399701 0.103705 0.151330
v -0.372134 0.086755 0.149968
v -0.392686 0.109973 0.151133
v -0.421636 0.121844 0.153267
v -0.368974 0.095393 0.149529
v -0.385471 0.116051 0.150284
v -0.380453 0.120858 0.142993
v -0.374850 0.108566 0.133127
v -0.256180 -0.058218 0.143158
v -0.086523 -0.021596 0.468618
v -0.087356 -0.016230 0.465932
v -0.080818 -0.024992 0.456427
v -0.083567 -0.029991 0.457692
v -0.236236 -0.044158 0.444948
v -0.239018 -0.037895 0.441111
v -0.238266 -0.030170 0.443185
v -0.440340 -0.058642 0.121978
v -0.456886 -0.057332 0.124070
v -0.457386 -0.050476 0.124116
v -0.422234 -0.060501 0.120549
v -0.422123 -0.066363 0.126337
v -0.440970 -0.064422 0.126934
v -0.440998 -0.062526 0.135728
v -0.440518 -0.053249 0.139636
v -0.430042 -0.056993 -0.139901
v -0.428337 -0.064143 -0.135641
v -0.427043 -0.065379 -0.126290
v -0.425954 -0.057992 -0.121185
v -0.445263 -0.056793 -0.123718
v -0.463782 -0.053439 -0.126679
v -0.452737 -0.049844 -0.044111
v -0.418829 -0.051243 -0.053870
v -0.419432 -0.050935 -0.044429
v -0.408364 -0.051564 -0.044590
v -0.430270 -0.051708 -0.061351
v -0.417714 -0.052977 -0.061972
v -0.442369 -0.051437 -0.061895
v -0.440230 -0.054401 -0.067739
v -0.449538 -0.055871 -0.071711
v -0.456361 -0.054162 -0.072865
v -0.455714 -0.054840 -0.074969
v -0.454639 -0.046568 -0.055927
v -0.457772 -0.047119 -0.053704
v -0.271566 -0.056225 -0.141275
v -0.468967 -0.051626 -0.128934
v -0.449462 -0.074692 -0.079799
v -0.445521 -0.079327 -0.082701
v -0.056500 -0.048995 -0.456466
v -0.147018 -0.061935 -0.322781
v -0.154648 -0.062228 -0.319009
v 0.136103 -0.051361 -0.062693
v 0.142955 -0.035927 -0.068695
v 0.142660 -0.036173 -0.074858
v 0.132251 -0.052880 -0.073594
v 0.134521 -0.034802 -0.075430
v 0.123776 -0.051408 -0.074215
v 0.126194 -0.033388 -0.075991
v 0.118671 -0.051147 -0.078502
v 0.121686 -0.074736 -0.071747
v 0.116666 -0.074056 -0.076617
v 0.130411 -0.077502 -0.071022
v 0.137412 -0.067095 -0.061661
v 0.132905 -0.072189 -0.060567
v 0.104478 0.004434 -0.061549
v -0.151560 -0.037119 -0.297975
v -0.149819 -0.038300 -0.288885
v -0.148840 -0.037367 -0.293988
v -0.141921 -0.035228 -0.342564
v -0.368479 0.102168 -0.143726
v -0.150548 -0.007832 0.018129
v 0.012593 0.029448 -0.032237
v 0.013213 0.022167 -0.034525
v 0.012716 0.020463 -0.039546
v 0.011951 0.022944 -0.041564
v 0.012894 0.025916 -0.033347
v 0.012810 0.024637 -0.036836
v 0.012449 0.027802 -0.038629
v 0.013071 0.021681 -0.035957
v 0.012371 0.021582 -0.040456
v 0.012457 0.023281 -0.038757
v 0.012911 0.021133 -0.037571
v 0.012152 0.024902 -0.040500
v 0.098801 0.006722 -0.054546
v 0.100236 0.003201 -0.055377
v 0.100531 0.003247 -0.055988
v 0.099900 0.005552 -0.055888
v 0.101043 0.003326 -0.057047
v 0.100796 0.004600 -0.056981
v 0.101536 0.003403 -0.058068
v 0.101588 0.003838 -0.057950
v 0.101973 0.003471 -0.058973
v 0.102274 0.004008 -0.058809
v 0.102603 0.003706 -0.059737
v 0.102907 0.004164 -0.059602
v 0.102900 0.003833 -0.060038
v -0.142996 -0.035430 -0.345817
v -0.142375 -0.035528 -0.340998
v -0.136644 -0.035001 -0.345068
v -0.134134 -0.034643 -0.339933
v -0.140487 -0.035294 -0.345557
v -0.140420 -0.035337 -0.343896
v -0.142957 -0.035471 -0.344226
v -0.142919 -0.035511 -0.342693
v -0.140370 -0.035393 -0.341806
v -0.140968 -0.035487 -0.339656
v -0.135834 -0.034885 -0.343411
v -0.138264 -0.035233 -0.343243
v -0.138136 -0.035167 -0.345313
v -0.137647 -0.035160 -0.338909
v -0.138018 -0.035210 -0.341048
v -0.135061 -0.034775 -0.341829
v 0.133328 -0.072598 -0.060602
v 0.131239 -0.030821 -0.063688
v 0.137258 -0.066945 -0.061458
v 0.137718 -0.034121 -0.064252
v 0.133053 -0.064411 -0.061338
v 0.135692 -0.063472 -0.061629
v 0.138592 -0.038615 -0.064159
v 0.129981 -0.036938 -0.063092
v 0.138118 -0.042807 -0.063801
v 0.129961 -0.041844 -0.062694
v 0.137146 -0.047045 -0.063314
v 0.130093 -0.046325 -0.062374
v 0.136257 -0.051312 -0.062815
v 0.130206 -0.050723 -0.062074
v 0.135408 -0.055537 -0.062330
v 0.130397 -0.055321 -0.061775
v 0.134694 -0.059333 -0.061915
v 0.131621 -0.059952 -0.061558
v -0.140646 -0.060864 -0.338150
v -0.144211 -0.060875 -0.336731
v -0.147037 -0.060390 -0.340082
v -0.141627 -0.060425 -0.342110
v -0.135529 -0.061117 -0.337176
v -0.136832 -0.061285 -0.333632
v -0.135541 -0.060682 -0.342325
v -0.129165 -0.061125 -0.343706
v -0.128263 -0.061768 -0.337358
v -0.127406 -0.062378 -0.331324
v -0.138741 -0.062048 -0.328889
v -0.147942 -0.060937 -0.335068
v -0.143811 -0.062494 -0.325120
v -0.151432 -0.060555 -0.335009
v -0.153014 -0.060724 -0.335151
v -0.151987 -0.060533 -0.337331
v -0.150785 -0.060852 -0.333235
v -0.154897 -0.060965 -0.332521
v -0.150083 -0.061174 -0.331312
v -0.156176 -0.061212 -0.330353
v -0.149345 -0.061512 -0.329289
v -0.156870 -0.061583 -0.328004
v -0.148540 -0.061882 -0.327082
v -0.156297 -0.062021 -0.324760
v -0.147752 -0.062243 -0.324921
v -0.155203 -0.062265 -0.322691
v -0.146859 -0.062652 -0.322475
v -0.154499 -0.062423 -0.321360
v 0.116688 -0.133795 -0.021709
v 0.118013 -0.133983 -0.021387
v 0.117121 -0.135013 -0.018429
v 0.115624 -0.134867 -0.021221
v 0.113719 -0.133688 -0.022471
v 0.116701 -0.131457 -0.022336
v 0.119036 -0.130631 -0.022360
v 0.119067 -0.127024 -0.023477
v 0.119350 -0.127066 -0.023216
v 0.115925 -0.124032 -0.024301
v 0.119301 -0.123057 -0.023899
v 0.113054 -0.121298 -0.025055
v 0.119450 -0.117830 -0.024493
v 0.111230 -0.131609 -0.022853
v -0.447079 -0.048944 0.052359
v -0.443242 -0.049312 0.052437
v -0.442882 -0.045206 0.052585
v -0.445489 -0.041798 0.052446
v -0.439394 -0.044474 0.052539
v -0.440794 -0.040093 0.052565
v -0.435194 -0.042788 0.052542
v -0.436377 -0.037892 0.052619
v -0.430629 -0.040278 0.052643
v -0.428248 -0.035471 0.052631
v -0.434651 -0.048931 0.052077
v -0.431018 -0.049354 0.051957
v -0.427004 -0.049198 0.052001
v -0.427495 -0.044160 0.052518
v -0.438643 -0.049111 0.052336
v -0.403934 -0.093797 -0.043268
v -0.410824 -0.097167 -0.042292
v -0.411801 -0.093741 -0.044462
v -0.420912 -0.099445 -0.041863
v -0.421826 -0.095267 -0.044498
v -0.429183 -0.102226 -0.041378
v -0.428957 -0.096686 -0.044343
v -0.437013 -0.099019 -0.042856
v -0.433862 -0.096631 -0.045567
v -0.430575 -0.107343 -0.038024
v -0.438818 -0.100386 -0.041302
v -0.419961 -0.103876 -0.038963
v -0.414189 -0.100491 -0.040529
v -0.420332 -0.073325 -0.076684
v -0.422344 -0.070859 -0.076403
v -0.447105 -0.064491 -0.081154
v -0.447596 -0.079531 -0.078528
v -0.432256 -0.079549 -0.077092
v -0.432071 -0.074436 -0.077819
v -0.421302 -0.072135 -0.076548
v -0.430555 -0.070455 -0.078324
v -0.444849 -0.066104 -0.080386
v -0.446106 -0.069079 -0.079897
v -0.448938 -0.066028 -0.081070
v -0.444883 -0.073620 -0.079067
v -0.438612 -0.074431 -0.078524
v -0.439046 -0.080062 -0.077404
v -0.442842 -0.069174 -0.079472
v -0.438271 -0.068249 -0.079080
v -0.448689 -0.069910 -0.080099
v -0.451504 -0.068180 -0.080951
v -0.450620 -0.070532 -0.080249
v -0.456559 -0.067299 -0.077475
v -0.457741 -0.067529 -0.077809
v -0.457780 -0.066542 -0.077605
v -0.456724 -0.066168 -0.077969
v -0.455756 -0.065825 -0.078303
v -0.455256 -0.068049 -0.077363
v -0.455510 -0.068785 -0.077435
v -0.456872 -0.075596 -0.081088
v -0.456665 -0.076609 -0.080420
v -0.456863 -0.076297 -0.079887
v -0.456927 -0.075325 -0.080608
v -0.457168 -0.074633 -0.080938
v -0.457150 -0.074865 -0.081465
v -0.457395 -0.073966 -0.081168
v -0.457355 -0.074234 -0.081872
v -0.456981 -0.075014 -0.079904
v -0.457209 -0.074353 -0.080182
v -0.457435 -0.073693 -0.080448
v -0.457249 -0.074080 -0.079465
v -0.457475 -0.073422 -0.079735
v -0.457291 -0.073805 -0.078759
v -0.457515 -0.073152 -0.079024
v -0.457378 -0.073552 -0.078039
v -0.457555 -0.072883 -0.078315
v -0.457623 -0.073275 -0.077404
v -0.457596 -0.072610 -0.077595
v -0.457550 -0.072910 -0.077186
v -0.456811 -0.073686 -0.077427
v -0.457472 -0.073429 -0.077136
v -0.456272 -0.074138 -0.077651
v -0.457306 -0.074529 -0.077030
v -0.455975 -0.074774 -0.077697
v -0.457187 -0.075316 -0.076954
v -0.455827 -0.075451 -0.077656
v -0.457070 -0.076088 -0.076879
v -0.455658 -0.076318 -0.077593
v -0.456949 -0.076891 -0.076802
v -0.455471 -0.077093 -0.077556
v -0.456830 -0.077682 -0.076726
v -0.455256 -0.077863 -0.077535
v -0.456723 -0.078391 -0.076658
v -0.454951 -0.078658 -0.077557
v -0.456598 -0.079214 -0.076578
v -0.454654 -0.079459 -0.077574
v -0.456492 -0.079921 -0.076510
v -0.453167 -0.078186 -0.078593
v -0.452709 -0.078970 -0.078699
v -0.451529 -0.078096 -0.079477
v -0.450827 -0.078496 -0.079788
v -0.453632 -0.077465 -0.078472
v -0.452365 -0.077619 -0.079107
v -0.454044 -0.076754 -0.078378
v -0.453161 -0.077165 -0.078754
v -0.454445 -0.076046 -0.078289
v -0.453886 -0.076790 -0.078439
v -0.454817 -0.075492 -0.078171
v -0.454758 -0.076254 -0.078046
v -0.455481 -0.074960 -0.077909
v -0.455505 -0.075828 -0.077715
v -0.456242 -0.075407 -0.077388
v -0.456877 -0.074202 -0.077282
v -0.457003 -0.074973 -0.077051
v -0.457567 -0.073893 -0.076959
v -0.457740 -0.074552 -0.076724
v -0.457784 -0.073904 -0.077179
v -0.457963 -0.074556 -0.076916
v -0.457526 -0.074174 -0.077843
v -0.457746 -0.074899 -0.077502
v -0.457262 -0.074436 -0.078517
v -0.457522 -0.075254 -0.078107
v -0.457037 -0.074696 -0.079203
v -0.457309 -0.075591 -0.078683
v -0.457085 -0.075945 -0.079286
v -0.457651 -0.067223 -0.080861
v -0.457802 -0.066604 -0.081002
v -0.457610 -0.064206 -0.084850
v -0.457117 -0.066566 -0.080963
v -0.457228 -0.064902 -0.081319
v -0.456847 -0.066359 -0.080967
v -0.456629 -0.064873 -0.081266
v -0.457499 -0.063944 -0.083488
v -0.456949 -0.064179 -0.083479
v -0.457107 -0.064640 -0.084567
v -0.448593 -0.071987 -0.079775
v -0.448863 -0.071755 -0.079927
v -0.448449 -0.071325 -0.079553
v -0.449338 -0.071344 -0.080195
v -0.448706 -0.070734 -0.079631
v -0.449816 -0.070932 -0.080463
v -0.448973 -0.070118 -0.079712
v -0.450331 -0.070487 -0.080753
v -0.449244 -0.069492 -0.079794
v -0.449462 -0.068991 -0.079860
v -0.450417 -0.069717 -0.080677
v -0.450712 -0.068921 -0.080746
v -0.449738 -0.068355 -0.079944
v -0.451004 -0.068318 -0.080846
v -0.450001 -0.067748 -0.080024
v -0.451341 -0.067689 -0.080976
v -0.450270 -0.067128 -0.080106
v -0.451643 -0.067160 -0.081097
v -0.450814 -0.066508 -0.080260
v -0.451821 -0.066520 -0.081110
v -0.451493 -0.066117 -0.080446
v -0.452424 -0.065896 -0.081235
v -0.452287 -0.065660 -0.080663
v -0.453123 -0.065475 -0.081395
v -0.452987 -0.065368 -0.080823
v -0.453866 -0.065073 -0.081583
v -0.453784 -0.065573 -0.080853
v -0.454606 -0.064732 -0.081481
v -0.454508 -0.065759 -0.080880
v -0.455391 -0.064758 -0.081177
v -0.455340 -0.065972 -0.080911
v -0.456009 -0.064817 -0.081221
v -0.456061 -0.066157 -0.080937
v -0.455851 -0.064363 -0.082212
v -0.456337 -0.064154 -0.082211
v -0.455277 -0.064620 -0.082257
v -0.455242 -0.065100 -0.083311
v -0.455824 -0.064697 -0.083451
v -0.454557 -0.064987 -0.082359
v -0.454717 -0.065528 -0.083011
v -0.455173 -0.066309 -0.083478
v -0.455663 -0.065886 -0.083754
v -0.453907 -0.065363 -0.082184
v -0.454217 -0.065943 -0.082727
v -0.454686 -0.066729 -0.083204
v -0.453753 -0.066330 -0.082463
v -0.454205 -0.067144 -0.082934
v -0.453144 -0.066683 -0.082089
v -0.453707 -0.067574 -0.082653
v -0.452768 -0.067112 -0.081896
v -0.453229 -0.067987 -0.082384
v -0.452124 -0.067677 -0.081536
v -0.452554 -0.068569 -0.082004
v -0.451897 -0.069136 -0.081635
v -0.451329 -0.069626 -0.081315
v -0.450833 -0.070054 -0.081036
v -0.452260 -0.067375 -0.081579
v -0.453363 -0.065889 -0.082104
v -0.456133 -0.065480 -0.084019
v -0.456667 -0.065019 -0.084320
v -0.456409 -0.064408 -0.083468
v -0.456861 -0.063937 -0.082248
v -0.457395 -0.063701 -0.082218
v -0.451755 -0.068179 -0.081360
v -0.452144 -0.071705 -0.080043
v -0.451663 -0.069592 -0.081009
v -0.450224 -0.069718 -0.081096
v -0.452074 -0.070684 -0.080705
v -0.453406 -0.073336 -0.078723
v -0.454203 -0.072481 -0.079115
v -0.453087 -0.070825 -0.080164
v -0.453181 -0.068929 -0.081215
v -0.453685 -0.071445 -0.080416
v -0.452787 -0.072721 -0.079461
v -0.453093 -0.074163 -0.078294
v -0.453332 -0.075034 -0.078014
v -0.453819 -0.076696 -0.076797
v -0.454772 -0.075602 -0.077305
v -0.455458 -0.074814 -0.077672
v -0.454098 -0.073662 -0.079015
v -0.455190 -0.072319 -0.080040
v -0.456691 -0.073240 -0.079633
v -0.455557 -0.074596 -0.078594
v -0.454442 -0.075928 -0.077573
v -0.453279 -0.077316 -0.076508
v -0.456294 -0.071012 -0.081043
v -0.457822 -0.071890 -0.080668
v -0.457170 -0.069771 -0.081974
v -0.458967 -0.070522 -0.081717
v -0.454634 -0.070246 -0.081329
v -0.455472 -0.069062 -0.082216
v -0.452950 -0.069535 -0.081574
v -0.453785 -0.068357 -0.082457
v -0.451236 -0.068794 -0.081836
v -0.452094 -0.067651 -0.082699
v -0.449496 -0.067899 -0.082194
v -0.450382 -0.066936 -0.082943
v -0.449665 -0.065904 -0.082912
v -0.448845 -0.066294 -0.083163
v -0.450596 -0.067880 -0.082084
v -0.450732 -0.065398 -0.082586
v -0.452155 -0.067179 -0.081944
v -0.451969 -0.064810 -0.082207
v -0.453409 -0.066727 -0.081623
v -0.453372 -0.064189 -0.081777
v -0.454957 -0.066817 -0.081111
v -0.455198 -0.064697 -0.081191
v -0.456751 -0.067153 -0.080476
v -0.456993 -0.065347 -0.080612
v -0.458640 -0.067214 -0.079860
v -0.458736 -0.065977 -0.080050
v -0.456676 -0.068425 -0.080273
v -0.458552 -0.068355 -0.079684
v -0.456563 -0.069512 -0.080115
v -0.458467 -0.069462 -0.079514
v -0.456601 -0.070873 -0.079754
v -0.458389 -0.070478 -0.079357
v -0.457626 -0.072324 -0.078830
v -0.458255 -0.071553 -0.079172
v -0.455067 -0.071665 -0.079478
v -0.456919 -0.073136 -0.078453
v -0.456189 -0.073974 -0.078063
v -0.454717 -0.069997 -0.080450
v -0.454789 -0.068597 -0.080847
v -0.440166 -0.072390 -0.085654
v -0.441677 -0.067913 -0.085469
v -0.439802 -0.064943 -0.085731
v -0.437270 -0.065880 -0.086925
v -0.448302 -0.079779 -0.079889
v -0.444375 -0.073946 -0.081937
v -0.433229 -0.067538 -0.088774
v -0.436189 -0.074383 -0.087575
v -0.427620 -0.069987 -0.091195
v -0.428352 -0.073149 -0.090713
v -0.451793 -0.073198 -0.079414
v -0.450608 -0.071340 -0.079955
v -0.448407 -0.074193 -0.080738
v -0.450785 -0.075524 -0.079599
v -0.453673 -0.076472 -0.078141
v -0.454098 -0.072973 -0.078370
v -0.453716 -0.070123 -0.078774
v -0.456545 -0.072843 -0.077249
v -0.456998 -0.068837 -0.077527
v -0.456114 -0.076652 -0.076984
v -0.452681 -0.079296 -0.078258
v -0.455685 -0.080452 -0.076720
v -0.449685 -0.078144 -0.079791
v -0.446598 -0.076956 -0.081371
v -0.253258 -0.057343 -0.164644
v -0.244046 -0.058583 -0.164706
v -0.245609 -0.058189 -0.167901
v -0.250684 -0.057680 -0.166715
v -0.248899 -0.057859 -0.167132
v -0.249153 -0.057792 -0.165727
v -0.246630 -0.058174 -0.165315
v -0.246982 -0.058051 -0.167580
v -0.431350 -0.044153 -0.041404
v -0.432963 -0.050933 -0.044233
v -0.436221 -0.040766 -0.040214
v -0.433240 -0.039522 -0.039723
v -0.440682 -0.050801 -0.043965
v -0.441753 -0.043167 -0.041025
v -0.447187 -0.050187 -0.044045
v -0.449097 -0.045863 -0.041808
v -0.453609 -0.050233 -0.043708
v -0.430030 -0.055773 -0.036378
v -0.430986 -0.054392 -0.035109
v -0.432577 -0.055786 -0.036650
v -0.431770 -0.053259 -0.034069
v -0.433592 -0.053821 -0.034842
v -0.434884 -0.055797 -0.036896
v -0.436118 -0.053449 -0.034737
v -0.437345 -0.055424 -0.036617
v -0.438479 -0.052645 -0.033999
v -0.439704 -0.054752 -0.035912
v -0.434715 -0.052329 -0.033490
v -0.436633 -0.050474 -0.031884
v -0.433033 -0.051434 -0.032391
v -0.456898 -0.056225 -0.074477
v -0.457105 -0.055796 -0.073785
v -0.459530 -0.056211 -0.073941
v -0.457726 -0.057089 -0.075369
v -0.457305 -0.057214 -0.075585
v -0.459637 -0.056519 -0.074387
v -0.327098 -0.016733 0.043964
v -0.325859 -0.019289 0.043285
v -0.325500 -0.014630 0.044443
v -0.328561 -0.014265 0.044744
v -0.322125 -0.018333 0.043718
v -0.322657 -0.014323 0.044349
v -0.320667 -0.018348 0.043822
v -0.318774 -0.013322 0.044806
v -0.318307 -0.018925 0.043900
v -0.315325 -0.013660 0.045464
v -0.315839 -0.019529 0.043981
v -0.313885 -0.014821 0.045153
v -0.308376 -0.041751 -0.110602
v -0.309084 -0.040971 -0.110512
v -0.308499 -0.039525 -0.110339
v -0.307513 -0.041430 -0.110562
v -0.307566 -0.043505 -0.110808
v -0.308710 -0.042837 -0.110732
v -0.309573 -0.042333 -0.110675
v -0.310428 -0.041834 -0.110618
v -0.309999 -0.040389 -0.110446
v -0.309526 -0.038795 -0.110255
v -0.308986 -0.036975 -0.110038
v -0.307737 -0.039039 -0.110279
v -0.306497 -0.041089 -0.110518
v -0.306709 -0.044005 -0.110865
v -0.314558 -0.046043 -0.111015
v -0.313243 -0.043211 -0.110781
v -0.322056 -0.046051 -0.111153
v -0.317418 -0.039184 -0.110579
v -0.316849 -0.046045 -0.111057
v -0.316457 -0.044518 -0.110941
v -0.314106 -0.045071 -0.110935
v -0.313572 -0.043919 -0.110840
v -0.315856 -0.043098 -0.110829
v -0.314853 -0.041657 -0.110703
v -0.320537 -0.043802 -0.110965
v -0.318841 -0.044410 -0.110977
v -0.319298 -0.046048 -0.111103
v -0.316060 -0.040494 -0.110645
v -0.317695 -0.042338 -0.110809
v -0.318969 -0.041481 -0.110771
v -0.372643 0.109446 -0.144135
v -0.375959 0.109246 -0.145935
v -0.371754 0.109227 -0.147304
v -0.375795 0.109223 -0.148615
v -0.375525 0.109319 -0.143776
v -0.374526 0.109429 -0.142427
v -0.371143 0.109764 -0.139829
v -0.369331 0.109942 -0.139327
v -0.368624 0.109510 -0.144371
v -0.368967 0.109930 -0.147415
v -0.373200 0.109574 -0.140635
v -0.378785 0.108993 -0.149454
v -0.379029 0.109242 -0.145879
v -0.381423 0.109321 -0.150195
v -0.381351 0.109446 -0.143174
v -0.384703 0.109362 -0.150628
v -0.385584 0.109199 -0.145357
v -0.387904 0.109126 -0.150558
v -0.388321 0.109165 -0.148853
v -0.390392 0.109177 -0.150372
v -0.380539 0.108501 0.132281
v -0.374541 0.109011 0.133071
v -0.379286 0.109822 0.129239
v -0.373277 0.109789 0.130321
v -0.379000 0.108617 0.132703
v -0.378590 0.109075 0.131153
v -0.379902 0.109173 0.130734
v -0.373936 0.109383 0.131755
v -0.375550 0.109285 0.131474
v -0.375817 0.108895 0.133010
v -0.378061 0.109701 0.129703
v -0.375293 0.109656 0.130266
v -0.376878 0.109584 0.130151
v -0.377167 0.109183 0.131413
v -0.377372 0.108754 0.132935
v -0.374691 0.109037 0.132777
v -0.374000 0.109059 0.133507
v -0.373667 0.109055 0.132888
v -0.373298 0.109081 0.134250
v -0.372560 0.109074 0.133007
v -0.372002 0.109096 0.133874
v -0.370415 0.109252 0.134513
v -0.370504 0.109110 0.133229
v -0.371520 0.109092 0.133120
v -0.372666 0.109100 0.134918
v -0.370344 0.109367 0.135554
v -0.373095 0.109120 0.135736
v -0.370708 0.109420 0.137016
v -0.373629 0.109145 0.136755
v -0.371354 0.109388 0.138272
v -0.373907 0.109157 0.137286
v -0.372212 0.109345 0.139941
v -0.456100 -0.074527 -0.077663
v -0.456995 -0.056423 -0.074697
vt 0.170970 0.043163
vt 0.178309 0.040845
vt 0.174330 0.055718
vt 0.169584 0.055534
vt 0.164714 0.055848
vt 0.165388 0.041208
vt 0.566656 0.814389
vt 0.566985 0.821367
vt 0.558882 0.816973
vt 0.560374 0.810896
vt 0.684791 0.532682
vt 0.684698 0.525697
vt 0.691988 0.526263
vt 0.689099 0.537309
vt 0.512740 0.002160
vt 0.517759 0.006316
vt 0.514964 0.018712
vt 0.507708 0.006453
vt 0.079347 0.044383
vt 0.078689 0.038010
vt 0.083289 0.038681
vt 0.083289 0.046271
vt 0.277463 0.708893
vt 0.278158 0.713176
vt 0.269900 0.712457
vt 0.271106 0.707056
vt 0.336973 0.432774
vt 0.333205 0.434952
vt 0.331019 0.429406
vt 0.337129 0.428448
vt 0.169037 0.026323
vt 0.173571 0.026329
vt 0.543249 0.811438
vt 0.544522 0.803904
vt 0.551852 0.806753
vt 0.550699 0.813563
vt 0.601529 0.431445
vt 0.600886 0.442792
vt 0.594854 0.442274
vt 0.594259 0.432757
vt 0.549336 0.822659
vt 0.542365 0.822095
vt 0.572951 0.827687
vt 0.576080 0.840610
vt 0.566392 0.836443
vt 0.566075 0.825281
vt 0.510327 0.015328
vt 0.506026 0.010461
vt 0.512772 0.034233
vt 0.507280 0.028623
vt 0.560268 0.689745
vt 0.560089 0.694088
vt 0.554320 0.692756
vt 0.556884 0.687289
vt 0.563698 0.684462
vt 0.565592 0.689365
vt 0.664613 0.511948
vt 0.670011 0.511459
vt 0.670503 0.516791
vt 0.663382 0.516129
vt 0.028626 0.231196
vt 0.016520 0.246894
vt 0.000942 0.247699
vt 0.009325 0.228775
vt 0.055187 0.219068
vt 0.051768 0.239863
vt 0.034385 0.245287
vt 0.152683 0.056303
vt 0.153449 0.070585
vt 0.144330 0.074496
vt 0.141171 0.066621
vt 0.645789 0.407739
vt 0.655247 0.403156
vt 0.657055 0.412639
vt 0.650422 0.415239
vt 0.209522 0.495105
vt 0.207217 0.486634
vt 0.214677 0.484862
vt 0.216539 0.490923
vt 0.637305 0.408944
vt 0.632009 0.403979
vt 0.639931 0.399561
vt 0.657055 0.390176
vt 0.581048 0.425952
vt 0.589005 0.426854
vt 0.588252 0.433774
vt 0.582163 0.434156
vt 0.041536 0.115516
vt 0.045036 0.101273
vt 0.058939 0.125230
vt 0.056089 0.135283
vt 0.045973 0.140475
vt 0.027730 0.134686
vt 0.020181 0.104578
vt 0.053247 0.145425
vt 0.015467 0.564003
vt 0.011935 0.573766
vt 0.002774 0.557902
vt 0.011699 0.552279
vt 0.023136 0.551925
vt 0.023136 0.570208
vt 0.390382 0.462620
vt 0.395681 0.472716
vt 0.375020 0.472949
vt 0.371986 0.463015
vt 0.365273 0.455556
vt 0.395793 0.455556
vt 0.006760 0.543191
vt 0.006941 0.549935
vt 0.000932 0.550630
vt 0.000932 0.537487
vt 0.516665 0.221375
vt 0.525181 0.219835
vt 0.524936 0.229044
vt 0.516705 0.228441
vt 0.372792 0.481034
vt 0.399843 0.484441
vt 0.398932 0.500255
vt 0.372638 0.497855
vt 0.352379 0.497677
vt 0.352747 0.477944
vt 0.294636 0.613097
vt 0.294636 0.592612
vt 0.302436 0.594272
vt 0.303078 0.603488
vt 0.212969 0.032690
vt 0.200159 0.034443
vt 0.200328 0.001971
vt 0.210223 0.001689
vt 0.144343 0.510453
vt 0.134613 0.513613
vt 0.136748 0.505009
vt 0.145755 0.501447
vt 0.150853 0.542782
vt 0.157147 0.545714
vt 0.157323 0.556898
vt 0.150853 0.557571
vt 0.207861 0.059630
vt 0.198315 0.059452
vt 0.220621 0.047990
vt 0.215622 0.062119
vt 0.228853 0.507516
vt 0.223671 0.519653
vt 0.204193 0.525338
vt 0.203440 0.513237
vt 0.201768 0.500185
vt 0.230785 0.491426
vt 0.242350 0.513374
vt 0.222983 0.516918
vt 0.222660 0.510176
vt 0.534831 0.152696
vt 0.534831 0.139469
vt 0.541376 0.139687
vt 0.541056 0.147030
vt 0.337249 0.478810
vt 0.337011 0.465167
vt 0.351593 0.463958
vt 0.451599 0.071511
vt 0.458088 0.067252
vt 0.458088 0.076069
vt 0.453610 0.080975
vt 0.629756 0.559165
vt 0.625736 0.564858
vt 0.613811 0.561349
vt 0.623235 0.551559
vt 0.638893 0.559369
vt 0.636849 0.567873
vt 0.639078 0.549408
vt 0.603438 0.558205
vt 0.607690 0.548898
vt 0.610933 0.531331
vt 0.624537 0.532554
vt 0.639908 0.531343
vt 0.173518 0.260572
vt 0.173518 0.268375
vt 0.168360 0.266832
vt 0.168367 0.262235
vt 0.118014 0.001883
vt 0.122913 0.003840
vt 0.122248 0.010186
vt 0.116880 0.009165
vt 0.897666 0.712602
vt 0.897657 0.720654
vt 0.893035 0.721513
vt 0.891630 0.717554
vt 0.645525 0.523757
vt 0.651646 0.515502
vt 0.656723 0.521665
vt 0.654900 0.527946
vt 0.589894 0.557798
vt 0.595785 0.554114
vt 0.598433 0.563484
vt 0.200776 0.444242
vt 0.203594 0.461075
vt 0.195074 0.456574
vt 0.193209 0.444603
vt 0.453045 0.103628
vt 0.460599 0.101021
vt 0.462294 0.111046
vt 0.457635 0.113297
vt 0.611834 0.576075
vt 0.602211 0.571959
vt 0.606141 0.567290
vt 0.619420 0.570946
vt 0.740343 0.213517
vt 0.738467 0.212776
vt 0.736368 0.204030
vt 0.740147 0.203060
vt 0.739488 0.215065
vt 0.738006 0.215162
vt 0.097170 0.010812
vt 0.096629 0.013881
vt 0.095752 0.013629
vt 0.094754 0.010812
vt 0.725982 0.303078
vt 0.724559 0.292189
vt 0.729850 0.291709
vt 0.727261 0.299776
vt 0.068828 0.471622
vt 0.069407 0.471884
vt 0.068039 0.473707
vt 0.066445 0.471144
vt 0.319273 0.200387
vt 0.319273 0.208222
vt 0.316000 0.207211
vt 0.317149 0.200772
vt 0.064463 0.464789
vt 0.068784 0.464122
vt 0.736148 0.211004
vt 0.736017 0.213740
vt 0.733322 0.205128
vt 0.730199 0.210057
vt 0.776057 0.398900
vt 0.756996 0.392658
vt 0.781374 0.363191
vt 0.794640 0.384714
vt 0.785034 0.421776
vt 0.756756 0.422483
vt 0.814505 0.415731
vt 0.745536 0.231038
vt 0.754153 0.230176
vt 0.756668 0.237118
vt 0.751353 0.239166
vt 0.742792 0.220626
vt 0.751863 0.221063
vt 0.747891 0.241027
vt 0.741922 0.234407
vt 0.609771 0.324928
vt 0.601823 0.313282
vt 0.605575 0.300852
vt 0.618993 0.314556
vt 0.612948 0.351756
vt 0.600101 0.316556
vt 0.625277 0.354148
vt 0.816201 0.177977
vt 0.825353 0.178582
vt 0.819354 0.182724
vt 0.816559 0.179035
vt 0.319949 0.547738
vt 0.344546 0.543879
vt 0.354025 0.566524
vt 0.319886 0.553939
vt 0.248719 0.046526
vt 0.243028 0.046166
vt 0.242642 0.037304
vt 0.249866 0.038269
vt 0.238089 0.045570
vt 0.237598 0.037047
vt 0.809988 0.183642
vt 0.810337 0.180481
vt 0.817162 0.191340
vt 0.808941 0.192919
vt 0.809485 0.187962
vt 0.816149 0.187131
vt 0.814630 0.200456
vt 0.808941 0.201281
vt 0.134187 0.004551
vt 0.134187 0.012485
vt 0.128271 0.011348
vt 0.128667 0.004730
vt 0.822628 0.193020
vt 0.821545 0.200373
vt 0.673933 0.533612
vt 0.677250 0.531578
vt 0.682608 0.537596
vt 0.678757 0.539923
vt 0.216915 0.862656
vt 0.219151 0.861645
vt 0.220854 0.864888
vt 0.217300 0.865240
vt 0.212376 0.864410
vt 0.212948 0.861053
vt 0.214593 0.858738
vt 0.450158 0.570466
vt 0.449463 0.574783
vt 0.447035 0.573824
vt 0.448614 0.569249
vt 0.452503 0.570816
vt 0.452190 0.575197
vt 0.241855 0.689445
vt 0.239756 0.688411
vt 0.241965 0.686418
vt 0.243949 0.688120
vt 0.240384 0.672308
vt 0.242635 0.673903
vt 0.240338 0.676933
vt 0.238281 0.674355
vt 0.236798 0.667287
vt 0.240415 0.666818
vt 0.244339 0.667064
vt 0.472579 0.569369
vt 0.484809 0.569789
vt 0.484085 0.575564
vt 0.468861 0.572110
vt 0.464460 0.568884
vt 0.469267 0.566179
vt 0.484698 0.563729
vt 0.513612 0.061659
vt 0.515927 0.054981
vt 0.515927 0.071721
vt 0.509909 0.071403
vt 0.080975 0.030349
vt 0.079680 0.032390
vt 0.080067 0.029872
vt 0.079680 0.027402
vt 0.164264 0.164988
vt 0.164264 0.175832
vt 0.162305 0.167532
vt 0.162817 0.168208
vt 0.080351 0.055526
vt 0.080351 0.049015
vt 0.083099 0.049313
vt 0.083289 0.052347
vt 0.546265 0.273155
vt 0.543324 0.270051
vt 0.543707 0.266771
vt 0.550032 0.247238
vt 0.263747 0.006352
vt 0.259664 0.019132
vt 0.252541 0.019401
vt 0.252926 0.010544
vt 0.251419 0.005703
vt 0.261855 0.000955
vt 0.570211 0.236191
vt 0.569514 0.268645
vt 0.146871 0.038101
vt 0.151662 0.036024
vt 0.152696 0.044999
vt 0.149408 0.046271
vt 0.187771 0.501726
vt 0.180951 0.504359
vt 0.180951 0.497435
vt 0.189713 0.494648
vt 0.201281 0.439579
vt 0.192334 0.438540
vt 0.192304 0.431650
vt 0.197706 0.432674
vt 0.897666 0.781988
vt 0.884581 0.779691
vt 0.885861 0.770866
vt 0.895001 0.771949
vt 0.182008 0.491452
vt 0.189185 0.490565
vt 0.614188 0.180459
vt 0.608878 0.175237
vt 0.608604 0.165134
vt 0.615156 0.166999
vt 0.890303 0.728257
vt 0.885317 0.725427
vt 0.895983 0.729516
vt 0.860391 0.735665
vt 0.865189 0.733891
vt 0.869034 0.744251
vt 0.860552 0.746914
vt 0.703326 0.041896
vt 0.695384 0.043958
vt 0.696159 0.036756
vt 0.702782 0.037487
vt 0.720779 0.297907
vt 0.721280 0.310135
vt 0.714877 0.311680
vt 0.714433 0.301672
vt 0.878494 0.739847
vt 0.872117 0.728024
vt 0.878438 0.757857
vt 0.869888 0.758203
vt 0.887304 0.742432
vt 0.886593 0.759064
vt 0.881881 0.718397
vt 0.860717 0.774758
vt 0.860473 0.767354
vt 0.869145 0.768454
vt 0.867840 0.776455
vt 0.615411 0.142519
vt 0.615406 0.149847
vt 0.608266 0.149358
vt 0.608155 0.143113
vt 0.122619 0.562198
vt 0.115298 0.561781
vt 0.115699 0.553926
vt 0.122366 0.555360
vt 0.058496 0.171051
vt 0.059462 0.170626
vt 0.060153 0.177532
vt 0.058496 0.180459
vt 0.693422 0.559508
vt 0.695677 0.554329
vt 0.703876 0.562826
vt 0.703849 0.563142
vt 0.709759 0.570345
vt 0.702036 0.572484
vt 0.247135 0.053360
vt 0.243367 0.054517
vt 0.607667 0.359492
vt 0.599493 0.320888
vt 0.854446 0.493259
vt 0.850149 0.490385
vt 0.857666 0.489738
vt 0.857678 0.493735
vt 0.445628 0.665954
vt 0.438810 0.665867
vt 0.440391 0.658194
vt 0.450337 0.658155
vt 0.192027 0.648673
vt 0.192027 0.662492
vt 0.188129 0.661570
vt 0.187971 0.650236
vt 0.461089 0.659077
vt 0.459285 0.665043
vt 0.444479 0.673582
vt 0.437952 0.674271
vt 0.379426 0.067094
vt 0.375217 0.065556
vt 0.371971 0.063681
vt 0.379426 0.059350
vt 0.379638 0.750567
vt 0.368432 0.781390
vt 0.344660 0.779336
vt 0.350127 0.747097
vt 0.506620 0.481223
vt 0.500280 0.473394
vt 0.500171 0.470384
vt 0.506673 0.471889
vt 0.183942 0.661785
vt 0.184402 0.651418
vt 0.449731 0.669464
vt 0.451091 0.682324
vt 0.444854 0.684424
vt 0.107342 0.407279
vt 0.115679 0.408657
vt 0.113372 0.417405
vt 0.107342 0.419692
vt 0.178630 0.663155
vt 0.177087 0.655657
vt 0.476475 0.659478
vt 0.479209 0.660662
vt 0.470643 0.663437
vt 0.469737 0.659405
vt 0.475689 0.656003
vt 0.478800 0.657015
vt 0.661682 0.525478
vt 0.660680 0.530494
vt 0.706949 0.304311
vt 0.708033 0.313239
vt 0.704571 0.314281
vt 0.704672 0.309073
vt 0.660822 0.535667
vt 0.653662 0.535858
vt 0.539512 0.906839
vt 0.548309 0.899434
vt 0.562191 0.909407
vt 0.554268 0.912736
vt 0.559236 0.920802
vt 0.544266 0.919829
vt 0.524147 0.919509
vt 0.523274 0.909288
vt 0.525448 0.890136
vt 0.531773 0.885887
vt 0.517396 0.893746
vt 0.571453 0.919925
vt 0.524761 0.439253
vt 0.527495 0.453151
vt 0.517076 0.452722
vt 0.515953 0.441403
vt 0.198910 0.474282
vt 0.193209 0.471163
vt 0.514364 0.430450
vt 0.521454 0.427189
vt 0.238695 0.010572
vt 0.243300 0.009285
vt 0.244830 0.013837
vt 0.239234 0.015527
vt 0.285845 0.173429
vt 0.291479 0.174634
vt 0.291510 0.180459
vt 0.285845 0.178832
vt 0.721835 0.588565
vt 0.718750 0.593524
vt 0.715852 0.589338
vt 0.719998 0.585072
vt 0.102116 0.408771
vt 0.105856 0.431246
vt 0.096896 0.429017
vt 0.095553 0.403182
vt 0.347280 0.318202
vt 0.357741 0.314647
vt 0.360034 0.326237
vt 0.350315 0.327159
vt 0.442284 0.581302
vt 0.434333 0.592223
vt 0.417726 0.586897
vt 0.418671 0.579350
vt 0.418425 0.571417
vt 0.444206 0.569634
vt 0.347247 0.288835
vt 0.356018 0.289582
vt 0.362390 0.573303
vt 0.360654 0.579583
vt 0.337378 0.582515
vt 0.337288 0.574292
vt 0.009146 0.310549
vt 0.007069 0.285509
vt 0.014782 0.286035
vt 0.017822 0.309697
vt 0.018877 0.334651
vt 0.010706 0.334417
vt 0.462715 0.390039
vt 0.461509 0.414130
vt 0.456448 0.413901
vt 0.456448 0.387346
vt 0.410880 0.595733
vt 0.416537 0.601803
vt 0.725002 0.276090
vt 0.713402 0.274195
vt 0.721248 0.255178
vt 0.735716 0.254975
vt 0.046211 0.085602
vt 0.046239 0.080523
vt 0.046211 0.079052
vt 0.047320 0.084689
vt 0.457074 0.475637
vt 0.455528 0.472379
vt 0.457230 0.469523
vt 0.458087 0.470285
vt 0.124259 0.640755
vt 0.121099 0.634831
vt 0.125395 0.628105
vt 0.130263 0.634981
vt 0.452991 0.483537
vt 0.450377 0.480367
vt 0.125975 0.619261
vt 0.131120 0.619390
vt 0.132070 0.627488
vt 0.134187 0.632235
vt 0.118153 0.632072
vt 0.120421 0.625997
vt 0.121806 0.619163
vt 0.126570 0.611284
vt 0.122154 0.612514
vt 0.130075 0.611304
vt 0.166242 0.062467
vt 0.166115 0.060326
vt 0.163590 0.059014
vt 0.166577 0.059014
vt 0.687426 0.281123
vt 0.684769 0.273535
vt 0.700731 0.273125
vt 0.697304 0.281521
vt 0.695303 0.286426
vt 0.687325 0.284588
vt 0.079861 0.067094
vt 0.079861 0.062254
vt 0.083289 0.061685
vt 0.083032 0.066567
vt 0.707962 0.290353
vt 0.703403 0.287310
vt 0.706827 0.282900
vt 0.712476 0.286163
vt 0.449218 0.479784
vt 0.449218 0.463592
vt 0.453799 0.464780
vt 0.453675 0.464806
vt 0.456135 0.467215
vt 0.521218 0.035800
vt 0.519545 0.042064
vt 0.861030 0.521767
vt 0.848624 0.518031
vt 0.850487 0.510453
vt 0.860704 0.514978
vt 0.832172 0.519453
vt 0.846586 0.528419
vt 0.842599 0.535076
vt 0.833332 0.528657
vt 0.837335 0.512632
vt 0.407063 0.568269
vt 0.407059 0.555900
vt 0.418757 0.558647
vt 0.418757 0.569139
vt 0.684119 0.018338
vt 0.678013 0.038755
vt 0.671524 0.037383
vt 0.675535 0.017042
vt 0.003781 0.568373
vt 0.013737 0.577725
vt 0.008534 0.592053
vt 0.000817 0.588926
vt 0.559885 0.522407
vt 0.559704 0.529048
vt 0.550663 0.528844
vt 0.550817 0.521649
vt 0.462715 0.041644
vt 0.453506 0.041608
vt 0.453506 0.015922
vt 0.461464 0.017965
vt 0.538647 0.874531
vt 0.537650 0.847398
vt 0.542655 0.848361
vt 0.545115 0.872576
vt 0.582824 0.499732
vt 0.581983 0.467284
vt 0.588929 0.469095
vt 0.590232 0.499652
vt 0.222103 0.039331
vt 0.216704 0.025897
vt 0.217372 0.002667
vt 0.222103 0.008783
vt 0.424300 0.045962
vt 0.424767 0.038134
vt 0.434018 0.039610
vt 0.433017 0.048585
vt 0.542474 0.520334
vt 0.541936 0.528167
vt 0.505010 0.484208
vt 0.506673 0.492791
vt 0.497935 0.492656
vt 0.494206 0.474457
vt 0.285630 0.554134
vt 0.288211 0.566665
vt 0.259496 0.564447
vt 0.257760 0.547304
vt 0.259592 0.528242
vt 0.278471 0.534199
vt 0.111901 0.396921
vt 0.109600 0.372417
vt 0.117293 0.381568
vt 0.116382 0.407189
vt 0.575143 0.862765
vt 0.569289 0.865417
vt 0.567308 0.850283
vt 0.575548 0.851395
vt 0.733008 0.185086
vt 0.733059 0.174188
vt 0.742607 0.175143
vt 0.742657 0.183054
vt 0.559379 0.559885
vt 0.549494 0.559787
vt 0.550429 0.554755
vt 0.559261 0.553838
vt 0.522868 0.013419
vt 0.518516 0.024903
vt 0.635200 0.453495
vt 0.645970 0.440801
vt 0.651707 0.443924
vt 0.639808 0.458088
vt 0.695112 0.543690
vt 0.698699 0.527427
vt 0.853732 0.542897
vt 0.848586 0.546003
vt 0.246891 0.781764
vt 0.249531 0.756203
vt 0.260221 0.758821
vt 0.260280 0.782606
vt 0.223594 0.774148
vt 0.227401 0.748716
vt 0.255351 0.799965
vt 0.248907 0.804980
vt 0.239759 0.796698
vt 0.220268 0.794582
vt 0.262747 0.798976
vt 0.956625 0.154329
vt 0.948758 0.167532
vt 0.930335 0.147886
vt 0.950466 0.139817
vt 0.970789 0.136082
vt 0.971367 0.150727
vt 0.967806 0.173796
vt 0.044800 0.835929
vt 0.031378 0.836303
vt 0.023301 0.817285
vt 0.034864 0.818508
vt 0.048654 0.819910
vt 0.053225 0.832837
vt 0.055409 0.841944
vt 0.049290 0.846234
vt 0.668623 0.638546
vt 0.665359 0.635634
vt 0.656272 0.622287
vt 0.668623 0.618172
vt 0.694072 0.051354
vt 0.694072 0.076348
vt 0.686717 0.075516
vt 0.684892 0.052102
vt 0.230332 0.003836
vt 0.235984 0.000751
vt 0.234245 0.031480
vt 0.227474 0.032435
vt 0.397935 0.001340
vt 0.397935 0.010117
vt 0.393476 0.013881
vt 0.393475 0.004388
vt 0.900499 0.011618
vt 0.899336 0.025807
vt 0.892284 0.015367
vt 0.895021 0.001249
vt 0.910737 0.012886
vt 0.908840 0.029507
vt 0.691235 0.358078
vt 0.691758 0.366869
vt 0.678976 0.369228
vt 0.680261 0.359771
vt 0.539470 0.321587
vt 0.539641 0.300513
vt 0.544311 0.296075
vt 0.548520 0.314490
vt 0.803795 0.815998
vt 0.794499 0.813932
vt 0.798184 0.796368
vt 0.806867 0.795303
vt 0.806220 0.210535
vt 0.794650 0.205116
vt 0.797157 0.189051
vt 0.807081 0.195182
vt 0.099932 0.005527
vt 0.099922 0.022825
vt 0.095644 0.022624
vt 0.101797 0.004540
vt 0.054802 0.851395
vt 0.070591 0.838863
vt 0.071659 0.847312
vt 0.926837 0.596360
vt 0.927695 0.596836
vt 0.912678 0.624296
vt 0.907790 0.620508
vt 0.935537 0.580289
vt 0.931895 0.590847
vt 0.931923 0.607120
vt 0.540724 0.762446
vt 0.548317 0.746660
vt 0.547905 0.753743
vt 0.548317 0.770420
vt 0.951236 0.881727
vt 0.957283 0.879556
vt 0.962446 0.887034
vt 0.955594 0.893594
vt 0.937530 0.872597
vt 0.951122 0.867476
vt 0.942108 0.892795
vt 0.473768 0.681148
vt 0.469153 0.674123
vt 0.479630 0.662232
vt 0.484330 0.671290
vt 0.482424 0.683902
vt 0.471360 0.689259
vt 0.319273 0.536490
vt 0.314623 0.540790
vt 0.310296 0.537491
vt 0.314853 0.532469
vt 0.298124 0.725080
vt 0.297547 0.719848
vt 0.303342 0.720013
vt 0.301996 0.726462
vt 0.777203 0.070739
vt 0.779040 0.077081
vt 0.772339 0.077712
vt 0.771160 0.072216
vt 0.340095 0.025449
vt 0.335897 0.024497
vt 0.333345 0.017174
vt 0.337609 0.016822
vt 0.310951 0.720291
vt 0.309703 0.725872
vt 0.405193 0.232579
vt 0.400870 0.231134
vt 0.402149 0.229161
vt 0.407189 0.230233
vt 0.405187 0.238204
vt 0.399193 0.237573
vt 0.377903 0.136405
vt 0.375276 0.138814
vt 0.373294 0.131418
vt 0.378346 0.130816
vt 0.873464 0.703462
vt 0.882636 0.706371
vt 0.882108 0.714894
vt 0.868116 0.710243
vt 0.860406 0.699378
vt 0.870666 0.695816
vt 0.882994 0.697365
vt 0.092543 0.004936
vt 0.092005 0.022765
vt 0.082959 0.028266
vt 0.083055 0.013644
vt 0.401370 0.277578
vt 0.397202 0.262537
vt 0.405951 0.264280
vt 0.407189 0.277629
vt 0.821680 0.116404
vt 0.825233 0.113687
vt 0.832456 0.126934
vt 0.828816 0.131633
vt 0.322996 0.238498
vt 0.327642 0.264632
vt 0.320490 0.264157
vt 0.319456 0.239413
vt 0.104404 0.021054
vt 0.113819 0.024591
vt 0.115679 0.045310
vt 0.107360 0.045421
vt 0.107997 0.017206
vt 0.113004 0.016569
vt 0.567986 0.507247
vt 0.565380 0.511300
vt 0.566694 0.502104
vt 0.574182 0.504396
vt 0.481503 0.693041
vt 0.469234 0.695965
vt 0.567502 0.479282
vt 0.568265 0.485742
vt 0.562117 0.486653
vt 0.562492 0.481099
vt 0.578393 0.476768
vt 0.577386 0.484326
vt 0.569119 0.476764
vt 0.578160 0.469617
vt 0.107441 0.002638
vt 0.113819 0.002180
vt 0.115679 0.008231
vt 0.111379 0.009874
vt 0.106884 0.010426
vt 0.105202 0.003543
vt 0.885929 0.124328
vt 0.885362 0.135356
vt 0.875584 0.137096
vt 0.877831 0.120162
vt 0.887496 0.110497
vt 0.892754 0.119843
vt 0.894985 0.131612
vt 0.995508 0.112529
vt 0.994339 0.118134
vt 0.988506 0.118544
vt 0.988860 0.112037
vt 0.310067 0.553414
vt 0.305230 0.549487
vt 0.307479 0.543377
vt 0.311788 0.545689
vt 0.506714 0.814378
vt 0.500574 0.811623
vt 0.501832 0.805901
vt 0.508015 0.806001
vt 0.772978 0.113759
vt 0.766530 0.113456
vt 0.764376 0.103500
vt 0.769787 0.102433
vt 0.517549 0.543073
vt 0.524507 0.547161
vt 0.522013 0.553468
vt 0.515574 0.549684
vt 0.523257 0.537523
vt 0.527698 0.541702
vt 0.515509 0.537866
vt 0.517845 0.533965
vt 0.775050 0.100979
vt 0.776248 0.111723
vt 0.325411 0.223110
vt 0.330841 0.222679
vt 0.329393 0.229595
vt 0.323369 0.227321
vt 0.530913 0.557592
vt 0.526900 0.556751
vt 0.529016 0.550485
vt 0.533324 0.553933
vt 0.323567 0.219595
vt 0.329292 0.216669
vt 0.780901 0.098840
vt 0.781377 0.109961
vt 0.515509 0.554932
vt 0.518856 0.559885
vt 0.510145 0.769843
vt 0.512319 0.780053
vt 0.506199 0.780674
vt 0.506101 0.770588
vt 0.517070 0.770456
vt 0.519703 0.779437
vt 0.310514 0.562823
vt 0.307137 0.566521
vt 0.304439 0.558544
vt 0.517130 0.805998
vt 0.518398 0.811826
vt 0.292616 0.772734
vt 0.286922 0.769696
vt 0.287255 0.764685
vt 0.295757 0.768435
vt 0.319273 0.571188
vt 0.315884 0.573766
vt 0.311101 0.571020
vt 0.314179 0.567859
vt 0.076392 0.137214
vt 0.080839 0.139252
vt 0.080975 0.143442
vt 0.076392 0.142133
vt 0.181369 0.025449
vt 0.181369 0.017139
vt 0.187399 0.017564
vt 0.186072 0.024272
vt 0.290676 0.780132
vt 0.293706 0.802306
vt 0.283315 0.799001
vt 0.282987 0.784822
vt 0.370574 0.320350
vt 0.370498 0.314094
vt 0.377112 0.313866
vt 0.377112 0.321587
vt 0.674401 0.554927
vt 0.677689 0.558165
vt 0.673744 0.564512
vt 0.672961 0.554382
vt 0.705640 0.591383
vt 0.698881 0.592404
vt 0.699102 0.586226
vt 0.705460 0.587142
vt 0.297455 0.773322
vt 0.303078 0.773720
vt 0.301549 0.792289
vt 0.161732 0.173464
vt 0.161950 0.182772
vt 0.157516 0.181950
vt 0.158809 0.173464
vt 0.525963 0.360738
vt 0.522953 0.361840
vt 0.520879 0.355252
vt 0.527495 0.353967
vt 0.525637 0.370172
vt 0.517919 0.370172
vt 0.517037 0.362539
vt 0.727516 0.608958
vt 0.727745 0.603626
vt 0.733355 0.603626
vt 0.733044 0.609998
vt 0.161950 0.495245
vt 0.161713 0.501706
vt 0.153244 0.502178
vt 0.158691 0.495633
vt 0.725416 0.610287
vt 0.722956 0.604011
vt 0.834340 0.788417
vt 0.834838 0.804321
vt 0.824971 0.807600
vt 0.823207 0.795077
vt 0.509929 0.494554
vt 0.509929 0.481640
vt 0.513421 0.481902
vt 0.514415 0.493735
vt 0.844885 0.787098
vt 0.845244 0.801757
vt 0.831072 0.786239
vt 0.835993 0.769700
vt 0.840557 0.769467
vt 0.847742 0.769755
vt 0.635344 0.580635
vt 0.649612 0.578957
vt 0.650373 0.587947
vt 0.635637 0.589978
vt 0.678842 0.640860
vt 0.674905 0.640238
vt 0.675151 0.627427
vt 0.679656 0.627599
vt 0.370130 0.069384
vt 0.370738 0.085821
vt 0.367086 0.086124
vt 0.365933 0.070910
vt 0.619764 0.593322
vt 0.618734 0.586100
vt 0.210132 0.921731
vt 0.225221 0.923074
vt 0.223707 0.937399
vt 0.200673 0.930966
vt 0.199227 0.913411
vt 0.221131 0.905693
vt 0.398181 0.012758
vt 0.403966 0.013219
vt 0.405622 0.020828
vt 0.397538 0.020773
vt 0.390414 0.020505
vt 0.394390 0.015548
vt 0.232952 0.546003
vt 0.230448 0.536638
vt 0.235882 0.539138
vt 0.235984 0.543710
vt 0.510591 0.740694
vt 0.508048 0.745462
vt 0.503374 0.747725
vt 0.501879 0.738096
vt 0.498755 0.727518
vt 0.504111 0.727215
vt 0.225858 0.128106
vt 0.231357 0.132113
vt 0.229276 0.136501
vt 0.225858 0.135787
vt 0.532122 0.207143
vt 0.532122 0.220410
vt 0.531659 0.222103
vt 0.525689 0.211190
vt 0.001507 0.004096
vt 0.004627 0.010851
vt 0.003759 0.018509
vt 0.001507 0.016823
vt 0.585831 0.819163
vt 0.584876 0.812458
vt 0.590112 0.813134
vt 0.590403 0.820643
vt 0.589810 0.829556
vt 0.583048 0.826161
vt 0.001161 0.148863
vt 0.004627 0.150445
vt 0.004012 0.155009
vt 0.001093 0.153988
vt 0.001093 0.148037
vt 0.004084 0.147048
vt 0.092864 0.323606
vt 0.092206 0.323900
vt 0.092804 0.317053
vt 0.094857 0.323900
vt 0.159867 0.092266
vt 0.159867 0.089805
vt 0.161950 0.091636
vt 0.160627 0.097170
vt 0.081714 0.129474
vt 0.083289 0.133577
vt 0.080412 0.134187
vt 0.079528 0.129487
vt 0.079863 0.124981
vt 0.083289 0.125866
vt 0.055526 0.167462
vt 0.052741 0.174792
vt 0.052073 0.175832
vt 0.052462 0.172317
vt 0.052073 0.164643
vt 0.054859 0.164231
vt 0.554852 0.057719
vt 0.559885 0.059287
vt 0.559870 0.070541
vt 0.553801 0.073127
vt 0.547358 0.074786
vt 0.546379 0.061155
vt 0.546434 0.048382
vt 0.553890 0.048010
vt 0.535702 0.093924
vt 0.535702 0.079887
vt 0.543690 0.086983
vt 0.540503 0.094856
vt 0.546003 0.094440
vt 0.545361 0.103761
vt 0.536490 0.106010
vt 0.531623 0.099484
vt 0.257272 0.966522
vt 0.247505 0.967074
vt 0.249655 0.956943
vt 0.257515 0.955036
vt 0.251223 0.940527
vt 0.254248 0.930540
vt 0.258957 0.937957
vt 0.250640 0.948461
vt 0.269844 0.935264
vt 0.265915 0.953750
vt 0.152169 0.907766
vt 0.160352 0.905079
vt 0.164451 0.913286
vt 0.156713 0.916430
vt 0.420874 0.000886
vt 0.422149 0.009393
vt 0.416233 0.008624
vt 0.417630 0.000976
vt 0.043077 0.064780
vt 0.037759 0.063849
vt 0.037497 0.056623
vt 0.043958 0.056558
vt 0.283665 0.140926
vt 0.279947 0.141128
vt 0.280004 0.130256
vt 0.285811 0.131860
vt 0.047634 0.094574
vt 0.049570 0.087320
vt 0.057839 0.089039
vt 0.057773 0.097170
vt 0.975510 0.558216
vt 0.977271 0.565431
vt 0.971637 0.565780
vt 0.973843 0.555226
vt 0.076258 0.544087
vt 0.078661 0.558020
vt 0.066289 0.555057
vt 0.065047 0.543198
vt 0.545938 0.089911
vt 0.541936 0.075998
vt 0.547699 0.092543
vt 0.084001 0.973016
vt 0.052966 0.971315
vt 0.054959 0.960036
vt 0.079181 0.966040
vt 0.970456 0.500173
vt 0.947827 0.482313
vt 0.958576 0.458826
vt 0.971428 0.469164
vt 0.626978 0.315166
vt 0.622762 0.321587
vt 0.621044 0.292340
vt 0.626978 0.287259
vt 0.972154 0.609702
vt 0.968493 0.610105
vt 0.965974 0.594202
vt 0.970936 0.592464
vt 0.043639 0.569825
vt 0.048585 0.567612
vt 0.048449 0.572161
vt 0.043631 0.573368
vt 0.036279 0.572959
vt 0.035974 0.567612
vt 0.448267 0.213713
vt 0.446951 0.204128
vt 0.452326 0.201981
vt 0.453637 0.215162
vt 0.523259 0.164264
vt 0.522764 0.151096
vt 0.527353 0.149506
vt 0.527403 0.164262
vt 0.136279 0.975285
vt 0.130045 0.974773
vt 0.128376 0.963192
vt 0.135149 0.964340
vt 0.971606 0.552113
vt 0.960046 0.559343
vt 0.961822 0.550792
vt 0.971513 0.545874
vt 0.966436 0.566913
vt 0.957327 0.571188
vt 0.140885 0.965572
vt 0.139407 0.976328
vt 0.122677 0.873677
vt 0.132644 0.878400
vt 0.127313 0.884407
vt 0.117994 0.877292
vt 0.686708 0.134573
vt 0.691261 0.134379
vt 0.688261 0.145755
vt 0.682387 0.144342
vt 0.684252 0.129704
vt 0.691758 0.126479
vt 0.103175 0.945421
vt 0.103916 0.960420
vt 0.080675 0.953834
vt 0.092366 0.934074
vt 0.117004 0.943344
vt 0.120516 0.962192
vt 0.111115 0.922257
vt 0.574229 0.537273
vt 0.579913 0.525765
vt 0.584238 0.509095
vt 0.582595 0.539062
vt 0.111052 0.291159
vt 0.103035 0.291510
vt 0.103667 0.265936
vt 0.111052 0.264716
vt 0.026909 0.946573
vt 0.047971 0.930644
vt 0.055620 0.937870
vt 0.040452 0.955007
vt 0.662828 0.416068
vt 0.672156 0.416482
vt 0.669539 0.423384
vt 0.661109 0.420771
vt 0.661605 0.410926
vt 0.673250 0.410149
vt 0.336095 0.644684
vt 0.342549 0.643596
vt 0.343771 0.651029
vt 0.334355 0.649792
vt 0.072766 0.113481
vt 0.078662 0.118149
vt 0.076547 0.133561
vt 0.066491 0.121698
vt 0.966983 0.420490
vt 0.973978 0.427386
vt 0.966292 0.443063
vt 0.960606 0.436145
vt 0.515510 0.131148
vt 0.522020 0.130721
vt 0.527855 0.140554
vt 0.527489 0.145755
vt 0.512906 0.114818
vt 0.520306 0.117244
vt 0.589356 0.281464
vt 0.590288 0.267587
vt 0.601529 0.266898
vt 0.598730 0.284570
vt 0.520554 0.166681
vt 0.506468 0.172195
vt 0.511400 0.151911
vt 0.518456 0.148139
vt 0.504734 0.198798
vt 0.497648 0.200677
vt 0.527495 0.166434
vt 0.511318 0.197377
vt 0.111052 0.455774
vt 0.109647 0.444663
vt 0.111052 0.442951
vt 0.110142 0.443908
vt 0.504359 0.000772
vt 0.504359 0.008291
vt 0.500849 0.018509
vt 0.497935 0.005579
vt 0.902294 0.435991
vt 0.893390 0.436006
vt 0.887206 0.410682
vt 0.896243 0.411208
vt 0.297695 0.864762
vt 0.304102 0.840144
vt 0.306888 0.842474
vt 0.306405 0.866777
vt 0.305927 0.881700
vt 0.315731 0.870017
vt 0.314820 0.887927
vt 0.525181 0.303673
vt 0.516638 0.305392
vt 0.516585 0.293720
vt 0.525181 0.288428
vt 0.589356 0.250342
vt 0.598225 0.249994
vt 0.980955 0.421681
vt 0.978695 0.442061
vt 0.977000 0.445614
vt 0.108237 0.095258
vt 0.107094 0.100778
vt 0.103928 0.101797
vt 0.103391 0.097343
vt 0.563045 0.000812
vt 0.568111 0.002497
vt 0.568590 0.007790
vt 0.562717 0.007065
vt 0.488113 0.758398
vt 0.488885 0.752199
vt 0.494688 0.753952
vt 0.492504 0.758852
vt 0.740056 0.585081
vt 0.741427 0.589886
vt 0.736913 0.591199
vt 0.734910 0.586424
vt 0.504049 0.026559
vt 0.494769 0.033574
vt 0.488829 0.021991
vt 0.494412 0.020760
vt 0.496500 0.019644
vt 0.502678 0.021655
vt 0.864783 0.047312
vt 0.864247 0.022387
vt 0.873256 0.020941
vt 0.874531 0.041789
vt 0.001988 0.334186
vt 0.001844 0.328154
vt 0.006941 0.328154
vt 0.004641 0.335468
vt 0.501050 0.755736
vt 0.494689 0.745446
vt 0.493936 0.735852
vt 0.775047 0.204782
vt 0.771889 0.210546
vt 0.767422 0.209980
vt 0.767614 0.203191
vt 0.508481 0.747760
vt 0.509028 0.752852
vt 0.064668 0.530523
vt 0.074338 0.529447
vt 0.444206 0.478910
vt 0.432936 0.469303
vt 0.431830 0.463364
vt 0.444206 0.464374
vt 0.180459 0.552944
vt 0.169929 0.552547
vt 0.169929 0.539536
vt 0.179102 0.539193
vt 0.864197 0.002806
vt 0.852815 0.020920
vt 0.853174 0.002828
vt 0.874531 0.006528
vt 0.762389 0.071720
vt 0.761985 0.058447
vt 0.772811 0.054042
vt 0.774191 0.062516
vt 0.525181 0.326271
vt 0.525181 0.342409
vt 0.521964 0.340807
vt 0.519915 0.327119
vt 0.189661 0.475194
vt 0.184414 0.474218
vt 0.187274 0.450552
vt 0.192200 0.450740
vt 0.752149 0.075313
vt 0.752076 0.062297
vt 0.518345 0.712873
vt 0.518571 0.699324
vt 0.527798 0.699835
vt 0.525988 0.712859
vt 0.506498 0.706874
vt 0.507134 0.699033
vt 0.515316 0.456448
vt 0.521505 0.456483
vt 0.518289 0.469867
vt 0.513061 0.470152
vt 0.323962 0.208716
vt 0.326478 0.212059
vt 0.321293 0.215377
vt 0.319150 0.211111
vt 0.721835 0.559055
vt 0.716175 0.559885
vt 0.715174 0.554096
vt 0.720602 0.552735
vt 0.764286 0.194146
vt 0.763768 0.187929
vt 0.768877 0.187100
vt 0.768765 0.193754
vt 0.257209 0.646507
vt 0.257749 0.654400
vt 0.251701 0.656139
vt 0.252511 0.647047
vt 0.260498 0.644679
vt 0.263149 0.652258
vt 0.068872 0.509036
vt 0.070158 0.513263
vt 0.064442 0.513580
vt 0.064071 0.509005
vt 0.108738 0.386516
vt 0.108738 0.399655
vt 0.107342 0.400248
vt 0.104279 0.392823
vt 0.746940 0.007843
vt 0.748639 0.022860
vt 0.739640 0.023605
vt 0.740363 0.010964
vt 0.839780 0.072740
vt 0.839994 0.069249
vt 0.845485 0.070708
vt 0.845010 0.073571
vt 0.490072 0.714578
vt 0.495533 0.714068
vt 0.495385 0.712126
vt 0.494082 0.717452
vt 0.573950 0.038477
vt 0.570829 0.037026
vt 0.570851 0.026536
vt 0.578393 0.031806
vt 0.745986 0.003051
vt 0.740925 0.002263
vt 0.103391 0.091647
vt 0.111052 0.090627
vt 0.724148 0.621887
vt 0.717522 0.622351
vt 0.717740 0.603880
vt 0.717522 0.601367
vt 0.211971 0.536401
vt 0.221693 0.532519
vt 0.222103 0.539352
vt 0.213000 0.539135
vt 0.520732 0.378536
vt 0.527495 0.372446
vt 0.527495 0.388680
vt 0.525382 0.388203
vt 0.530674 0.720273
vt 0.531026 0.740525
vt 0.525989 0.740654
vt 0.574596 0.507315
vt 0.583020 0.506021
vt 0.577186 0.519200
vt 0.569683 0.515037
vt 0.520626 0.740647
vt 0.939425 0.774316
vt 0.944809 0.770354
vt 0.944591 0.773572
vt 0.935328 0.788389
vt 0.935836 0.766582
vt 0.945273 0.766651
vt 0.927164 0.783179
vt 0.944938 0.776012
vt 0.945437 0.803546
vt 0.546167 0.636588
vt 0.543729 0.636284
vt 0.543964 0.622177
vt 0.559674 0.623185
vt 0.584793 0.624565
vt 0.573702 0.638321
vt 0.536756 0.636574
vt 0.507167 0.616830
vt 0.528699 0.621460
vt 0.540538 0.636006
vt 0.789858 0.917673
vt 0.790085 0.923116
vt 0.778393 0.921572
vt 0.779577 0.916407
vt 0.605321 0.276101
vt 0.619441 0.283688
vt 0.771557 0.914398
vt 0.770059 0.902864
vt 0.031797 0.323089
vt 0.028179 0.313808
vt 0.037017 0.313801
vt 0.037017 0.323900
vt 0.603239 0.256346
vt 0.619053 0.257338
vt 0.754982 0.916157
vt 0.755084 0.909928
vt 0.768681 0.921221
vt 0.727188 0.911006
vt 0.728458 0.904915
vt 0.527578 0.120327
vt 0.868463 0.471016
vt 0.856508 0.471324
vt 0.855502 0.460060
vt 0.870557 0.456441
vt 0.222103 0.076348
vt 0.213211 0.071443
vt 0.216740 0.064455
vt 0.222103 0.064304
vt 0.680127 0.835313
vt 0.693379 0.851815
vt 0.679549 0.860655
vt 0.666323 0.843837
vt 0.695357 0.836114
vt 0.700553 0.847646
vt 0.680160 0.823121
vt 0.692028 0.824733
vt 0.704987 0.616957
vt 0.714368 0.615907
vt 0.714894 0.626072
vt 0.705704 0.626978
vt 0.707764 0.604489
vt 0.714894 0.603538
vt 0.693067 0.624816
vt 0.696033 0.615553
vt 0.441272 0.175586
vt 0.449682 0.174656
vt 0.451024 0.187270
vt 0.444489 0.189997
vt 0.598877 0.137087
vt 0.598904 0.127883
vt 0.605617 0.129512
vt 0.606397 0.138243
vt 0.106424 0.361863
vt 0.106424 0.372485
vt 0.096142 0.366625
vt 0.096065 0.360278
vt 0.613187 0.138814
vt 0.612141 0.131643
vt 0.458087 0.175183
vt 0.458087 0.185477
vt 0.952132 0.573701
vt 0.950209 0.566130
vt 0.864457 0.583202
vt 0.857305 0.579648
vt 0.871569 0.562257
vt 0.878103 0.572878
vt 0.883456 0.584092
vt 0.864890 0.598067
vt 0.821973 0.518240
vt 0.807214 0.499174
vt 0.807402 0.496765
vt 0.825946 0.506361
vt 0.854309 0.600132
vt 0.546843 0.666307
vt 0.544159 0.647401
vt 0.552965 0.641104
vt 0.555107 0.666166
vt 0.128574 0.067094
vt 0.128574 0.058809
vt 0.136501 0.062015
vt 0.136162 0.066143
vt 0.550598 0.673279
vt 0.548079 0.673909
vt 0.546023 0.674075
vt 0.152696 0.082098
vt 0.152696 0.085602
vt 0.150025 0.085154
vt 0.150916 0.083990
vt 0.026646 0.288853
vt 0.025127 0.284518
vt 0.030076 0.279760
vt 0.030076 0.289197
vt 0.618736 0.921019
vt 0.612909 0.915620
vt 0.628691 0.912926
vt 0.630577 0.918626
vt 0.592146 0.895746
vt 0.602208 0.895553
vt 0.605703 0.903357
vt 0.590545 0.901701
vt 0.586317 0.892361
vt 0.597362 0.888156
vt 0.581534 0.898021
vt 0.002735 0.316184
vt 0.006687 0.316119
vt 0.006941 0.321020
vt 0.001200 0.320043
vt 0.809316 0.964708
vt 0.808856 0.960367
vt 0.814155 0.960670
vt 0.813190 0.966193
vt 0.272889 0.065611
vt 0.268662 0.067094
vt 0.267189 0.061566
vt 0.273002 0.061290
vt 0.841386 0.926566
vt 0.834569 0.924049
vt 0.848277 0.909403
vt 0.852754 0.918158
vt 0.840159 0.935103
vt 0.831055 0.936383
vt 0.856672 0.927544
vt 0.339483 0.321451
vt 0.345281 0.321546
vt 0.347036 0.330841
vt 0.339483 0.327957
vt 0.209808 0.225108
vt 0.212769 0.213714
vt 0.218259 0.214619
vt 0.216155 0.224472
vt 0.091561 0.037705
vt 0.085224 0.039829
vt 0.052085 0.569976
vt 0.058840 0.569332
vt 0.058424 0.580663
vt 0.052122 0.580707
vt 0.221728 0.226730
vt 0.224100 0.215659
vt 0.457476 0.152071
vt 0.460072 0.143094
vt 0.467342 0.143263
vt 0.467342 0.155009
vt 0.064780 0.567699
vt 0.063659 0.580707
vt 0.936699 0.932071
vt 0.946182 0.931054
vt 0.945242 0.944871
vt 0.938356 0.945201
vt 0.939675 0.921971
vt 0.949108 0.919857
vt 0.899899 0.053745
vt 0.911800 0.057328
vt 0.892512 0.064833
vt 0.879332 0.046206
vt 0.888108 0.034822
vt 0.827984 0.790076
vt 0.821611 0.789174
vt 0.830430 0.770188
vt 0.831730 0.775781
vt 0.839811 0.887794
vt 0.850842 0.878332
vt 0.855791 0.883192
vt 0.842153 0.896206
vt 0.113365 0.483537
vt 0.109839 0.480242
vt 0.110970 0.470200
vt 0.113365 0.478249
vt 0.652297 0.245151
vt 0.650544 0.240227
vt 0.656589 0.239132
vt 0.656885 0.245239
vt 0.386241 0.049062
vt 0.381922 0.050899
vt 0.380395 0.042923
vt 0.386367 0.042298
vt 0.517706 0.246253
vt 0.516194 0.239660
vt 0.522567 0.239950
vt 0.522868 0.247552
vt 0.565402 0.788495
vt 0.560822 0.791156
vt 0.559745 0.781304
vt 0.567044 0.780794
vt 0.569854 0.791754
vt 0.564354 0.797000
vt 0.575560 0.782993
vt 0.586837 0.786671
vt 0.605773 0.788124
vt 0.605554 0.794973
vt 0.589215 0.792744
vt 0.291143 0.160088
vt 0.291510 0.166040
vt 0.285527 0.165007
vt 0.285613 0.161726
vt 0.589372 0.773153
vt 0.607754 0.776379
vt 0.577788 0.770143
vt 0.576045 0.794725
vt 0.654162 0.210782
vt 0.659606 0.213408
vt 0.657777 0.224367
vt 0.652140 0.223960
vt 0.542919 0.698115
vt 0.550630 0.698241
vt 0.549623 0.708068
vt 0.543756 0.707352
vt 0.243900 0.807832
vt 0.244601 0.811093
vt 0.234682 0.811799
vt 0.235465 0.805677
vt 0.264083 0.807780
vt 0.260441 0.810974
vt 0.268260 0.810242
vt 0.265106 0.815902
vt 0.269222 0.799228
vt 0.660857 0.244111
vt 0.661682 0.239718
vt 0.377895 0.050032
vt 0.375812 0.044116
vt 0.269176 0.825568
vt 0.265002 0.823995
vt 0.269612 0.818884
vt 0.274394 0.821741
vt 0.589423 0.809173
vt 0.588587 0.803353
vt 0.605244 0.807389
vt 0.605482 0.810835
vt 0.238962 0.828934
vt 0.222837 0.830308
vt 0.221723 0.825420
vt 0.238087 0.822997
vt 0.249401 0.819990
vt 0.235938 0.817535
vt 0.246146 0.815180
vt 0.579140 0.800047
vt 0.582413 0.795350
vt 0.589269 0.797914
vt 0.821322 0.038044
vt 0.814925 0.033158
vt 0.819724 0.024104
vt 0.825793 0.032941
vt 0.823889 0.051349
vt 0.814383 0.051106
vt 0.832316 0.050931
vt 0.212830 0.078959
vt 0.217034 0.079035
vt 0.215709 0.085509
vt 0.210486 0.084232
vt 0.087533 0.170172
vt 0.086319 0.164568
vt 0.092543 0.163953
vt 0.092039 0.171204
vt 0.005639 0.325559
vt 0.001200 0.326214
vt 0.295047 0.062466
vt 0.287747 0.062400
vt 0.287747 0.056127
vt 0.294571 0.056457
vt 0.300765 0.056576
vt 0.300763 0.062178
vt 0.288034 0.049522
vt 0.294302 0.050039
vt 0.300409 0.050431
vt 0.294153 0.042322
vt 0.300111 0.042924
vt 0.266448 0.055458
vt 0.265917 0.047975
vt 0.272201 0.047938
vt 0.272628 0.055274
vt 0.808497 0.954367
vt 0.808216 0.947057
vt 0.814123 0.946919
vt 0.814176 0.954389
vt 0.819618 0.946692
vt 0.819251 0.954494
vt 0.819127 0.960859
vt 0.585647 0.669299
vt 0.585601 0.662935
vt 0.591139 0.662024
vt 0.591352 0.668428
vt 0.592275 0.674406
vt 0.586190 0.675563
vt 0.818540 0.967074
vt 0.221694 0.086549
vt 0.220796 0.093915
vt 0.215202 0.093105
vt 0.222689 0.080704
vt 0.215051 0.103043
vt 0.209808 0.102395
vt 0.209893 0.092076
vt 0.220883 0.103479
vt 0.221516 0.118048
vt 0.215897 0.118398
vt 0.832810 0.963900
vt 0.824640 0.966129
vt 0.824767 0.960182
vt 0.832553 0.957912
vt 0.844051 0.953678
vt 0.845148 0.959591
vt 0.862725 0.946884
vt 0.863956 0.952805
vt 0.831754 0.951805
vt 0.842693 0.947740
vt 0.861050 0.940775
vt 0.883692 0.932735
vt 0.885485 0.939245
vt 0.841408 0.941961
vt 0.859222 0.934728
vt 0.881711 0.926069
vt 0.904679 0.917549
vt 0.906963 0.924572
vt 0.878399 0.916995
vt 0.900698 0.906668
vt 0.923065 0.897582
vt 0.926307 0.910426
vt 0.872301 0.904552
vt 0.893282 0.890858
vt 0.915677 0.878794
vt 0.885422 0.877479
vt 0.906340 0.859872
vt 0.928383 0.845328
vt 0.948468 0.840619
vt 0.899203 0.848976
vt 0.921474 0.826195
vt 0.894437 0.842219
vt 0.916324 0.816127
vt 0.889067 0.835767
vt 0.909813 0.809871
vt 0.883183 0.830724
vt 0.902217 0.805039
vt 0.196704 0.648688
vt 0.205908 0.649834
vt 0.205908 0.680191
vt 0.198610 0.677479
vt 0.443718 0.134929
vt 0.445846 0.154183
vt 0.437296 0.155524
vt 0.435160 0.135958
vt 0.440236 0.101816
vt 0.449669 0.102526
vt 0.453445 0.134679
vt 0.453460 0.152773
vt 0.449988 0.169464
vt 0.443966 0.170495
vt 0.784753 0.204514
vt 0.786612 0.188194
vt 0.555258 0.307279
vt 0.549557 0.292732
vt 0.815502 0.789474
vt 0.823941 0.770214
vt 0.810080 0.791754
vt 0.817617 0.770965
vt 0.823524 0.740718
vt 0.830637 0.739995
vt 0.543016 0.274925
vt 0.539470 0.277002
vt 0.811435 0.772213
vt 0.815864 0.741238
vt 0.817192 0.707332
vt 0.825063 0.707439
vt 0.802718 0.773175
vt 0.806197 0.741994
vt 0.807116 0.707320
vt 0.806334 0.673197
vt 0.816183 0.673395
vt 0.790610 0.742236
vt 0.790315 0.707542
vt 0.788125 0.673596
vt 0.783009 0.644274
vt 0.804986 0.640983
vt 0.762654 0.708891
vt 0.758027 0.676258
vt 0.752355 0.652120
vt 0.748175 0.639462
vt 0.778426 0.628104
vt 0.726040 0.680957
vt 0.720860 0.661791
vt 0.717062 0.651010
vt 0.714169 0.643965
vt 0.744917 0.631638
vt 0.690562 0.671572
vt 0.687046 0.662172
vt 0.684239 0.655831
vt 0.681419 0.649753
vt 0.711354 0.637483
vt 0.657766 0.673150
vt 0.655151 0.667365
vt 0.652427 0.661627
vt 0.649680 0.656206
vt 0.678572 0.643904
vt 0.627518 0.678300
vt 0.624835 0.672886
vt 0.622048 0.667697
vt 0.168294 0.077604
vt 0.174249 0.077521
vt 0.173612 0.106622
vt 0.167626 0.106677
vt 0.602762 0.680312
vt 0.600806 0.675615
vt 0.634729 0.501883
vt 0.634757 0.495999
vt 0.664018 0.499280
vt 0.663579 0.505612
vt 0.173440 0.137056
vt 0.166974 0.137082
vt 0.046271 0.433680
vt 0.046271 0.461740
vt 0.040275 0.462715
vt 0.040554 0.434570
vt 0.210757 0.685916
vt 0.209110 0.691192
vt 0.181521 0.678407
vt 0.183190 0.673416
vt 0.518240 0.767367
vt 0.512183 0.768106
vt 0.512885 0.747292
vt 0.518240 0.746132
vt 0.232764 0.694513
vt 0.232836 0.698677
vt 0.232424 0.704672
vt 0.207240 0.696863
vt 0.249641 0.695847
vt 0.250523 0.701737
vt 0.250513 0.708237
vt 0.250302 0.715053
vt 0.231856 0.711041
vt 0.262370 0.704794
vt 0.261566 0.710936
vt 0.261000 0.717621
vt 0.260830 0.725500
vt 0.249998 0.723151
vt 0.269284 0.718675
vt 0.269168 0.726034
vt 0.277711 0.718737
vt 0.277290 0.726172
vt 0.276841 0.738573
vt 0.269182 0.737542
vt 0.260795 0.736852
vt 0.249811 0.734922
vt 0.268686 0.759690
vt 0.276379 0.760616
vt 0.276242 0.784211
vt 0.268588 0.783391
vt 0.275793 0.800367
vt 0.339602 0.340682
vt 0.339781 0.356884
vt 0.332821 0.356663
vt 0.332990 0.339774
vt 0.282256 0.801802
vt 0.279575 0.812996
vt 0.274028 0.811485
vt 0.334531 0.328423
vt 0.326524 0.339415
vt 0.328152 0.327279
vt 0.331940 0.318009
vt 0.337419 0.319439
vt 0.399338 0.327060
vt 0.400248 0.338966
vt 0.393683 0.338944
vt 0.392791 0.327362
vt 0.379209 0.032377
vt 0.386046 0.032377
vt 0.548437 0.794526
vt 0.546842 0.782826
vt 0.553049 0.782591
vt 0.554694 0.793114
vt 0.516034 0.230628
vt 0.522868 0.232109
vt 0.558804 0.800434
vt 0.553354 0.768148
vt 0.560910 0.768064
vt 0.387112 0.339922
vt 0.393011 0.354777
vt 0.385955 0.354482
vt 0.392522 0.377797
vt 0.385260 0.377465
vt 0.400143 0.355594
vt 0.400100 0.378540
vt 0.400248 0.400489
vt 0.393012 0.400207
vt 0.325512 0.379035
vt 0.325934 0.356073
vt 0.332575 0.379923
vt 0.332287 0.401838
vt 0.325580 0.400975
vt 0.331697 0.414935
vt 0.325512 0.414547
vt 0.340095 0.380550
vt 0.339834 0.402705
vt 0.338982 0.415235
vt 0.400180 0.414072
vt 0.399981 0.422557
vt 0.394164 0.422727
vt 0.393603 0.414019
vt 0.331116 0.422988
vt 0.325703 0.422987
vt 0.326506 0.430306
vt 0.338023 0.422786
vt 0.142572 0.543818
vt 0.142075 0.551347
vt 0.137250 0.551836
vt 0.137250 0.544141
vt 0.400148 0.429939
vt 0.394790 0.430325
vt 0.148069 0.544603
vt 0.147078 0.550565
vt 0.168953 0.000886
vt 0.172893 0.006278
vt 0.168303 0.008044
vt 0.164714 0.004038
vt 0.389731 0.429763
vt 0.388376 0.422853
vt 0.554290 0.699749
vt 0.560988 0.700575
vt 0.561797 0.708727
vt 0.554588 0.708398
vt 0.387190 0.414289
vt 0.562122 0.722095
vt 0.554649 0.722153
vt 0.386136 0.400590
vt 0.561712 0.745901
vt 0.554147 0.745284
vt 0.569021 0.722005
vt 0.568877 0.746262
vt 0.569063 0.768069
vt 0.577797 0.746958
vt 0.577390 0.721949
vt 0.588748 0.721906
vt 0.589899 0.748337
vt 0.610574 0.721646
vt 0.610927 0.750869
vt 0.639898 0.721274
vt 0.640041 0.752713
vt 0.637300 0.777853
vt 0.671745 0.752347
vt 0.670515 0.777660
vt 0.669246 0.791041
vt 0.634530 0.789931
vt 0.668093 0.799516
vt 0.633568 0.797451
vt 0.667406 0.806977
vt 0.632979 0.804207
vt 0.605570 0.801126
vt 0.632410 0.811857
vt 0.666846 0.815054
vt 0.097280 0.148255
vt 0.096443 0.113742
vt 0.100667 0.112915
vt 0.101797 0.147591
vt 0.101172 0.174839
vt 0.097128 0.175832
vt 0.195943 0.834468
vt 0.161314 0.837613
vt 0.160722 0.831610
vt 0.194918 0.828982
vt 0.159863 0.824353
vt 0.193483 0.822227
vt 0.220108 0.818968
vt 0.192045 0.815333
vt 0.218771 0.812427
vt 0.190434 0.807893
vt 0.218486 0.805288
vt 0.190510 0.792315
vt 0.158628 0.809294
vt 0.158612 0.788091
vt 0.160758 0.757870
vt 0.192477 0.765308
vt 0.166250 0.727368
vt 0.196778 0.737495
vt 0.171488 0.707791
vt 0.200924 0.719372
vt 0.229911 0.729262
vt 0.203649 0.708937
vt 0.231230 0.718125
vt 0.205432 0.702604
vt 0.174918 0.696863
vt 0.177214 0.690138
vt 0.179339 0.684283
vt 0.147607 0.677121
vt 0.150093 0.671099
vt 0.152502 0.665157
vt 0.119802 0.657922
vt 0.122514 0.651542
vt 0.124882 0.645698
vt 0.154628 0.659662
vt 0.092088 0.638263
vt 0.094443 0.632718
vt 0.694177 0.502875
vt 0.724011 0.506673
vt 0.723504 0.513275
vt 0.693513 0.509596
vt 0.173162 0.168642
vt 0.172750 0.200569
vt 0.165667 0.200451
vt 0.166334 0.168599
vt 0.708504 0.631210
vt 0.738771 0.618197
vt 0.741864 0.624836
vt 0.768107 0.605070
vt 0.771485 0.612189
vt 0.774797 0.619304
vt 0.796075 0.597882
vt 0.800077 0.604138
vt 0.803428 0.618338
vt 0.815209 0.593420
vt 0.816050 0.614537
vt 0.815746 0.641063
vt 0.824118 0.613984
vt 0.823634 0.641711
vt 0.824055 0.673664
vt 0.829729 0.642215
vt 0.829789 0.674109
vt 0.830362 0.707551
vt 0.440403 0.639076
vt 0.406962 0.640370
vt 0.407531 0.634130
vt 0.440515 0.633117
vt 0.472107 0.634639
vt 0.472799 0.639661
vt 0.440517 0.626366
vt 0.472412 0.628818
vt 0.508633 0.635993
vt 0.502970 0.640157
vt 0.503126 0.645276
vt 0.440699 0.618439
vt 0.477405 0.623436
vt 0.441155 0.607960
vt 0.471666 0.611348
vt 0.114450 0.290245
vt 0.116180 0.259646
vt 0.130916 0.259990
vt 0.127569 0.289702
vt 0.124654 0.317485
vt 0.111223 0.325896
vt 0.143500 0.290322
vt 0.140278 0.315821
vt 0.137793 0.340297
vt 0.122322 0.342346
vt 0.108468 0.347557
vt 0.136296 0.363395
vt 0.120532 0.363064
vt 0.523918 0.606901
vt 0.544562 0.609678
vt 0.135577 0.386594
vt 0.119699 0.384201
vt 0.565663 0.611212
vt 0.136406 0.416624
vt 0.119167 0.410296
vt 0.591722 0.612788
vt 0.133172 0.437439
vt 0.117755 0.436597
vt 0.617965 0.615134
vt 0.615714 0.629102
vt 0.639580 0.618045
vt 0.637989 0.635410
vt 0.637084 0.648324
vt 0.610528 0.643493
vt 0.652356 0.621157
vt 0.652428 0.639192
vt 0.648741 0.654741
vt 0.114691 0.471155
vt 0.115906 0.458290
vt 0.131313 0.456513
vt 0.129981 0.470769
vt 0.565705 0.558883
vt 0.563911 0.543089
vt 0.571814 0.544251
vt 0.574050 0.557794
vt 0.583020 0.570028
vt 0.573718 0.573766
vt 0.775805 0.821755
vt 0.788694 0.821909
vt 0.788716 0.832622
vt 0.777889 0.833024
vt 0.303585 0.654536
vt 0.303891 0.665847
vt 0.290902 0.667906
vt 0.286376 0.655606
vt 0.304878 0.687248
vt 0.294180 0.688946
vt 0.284232 0.691100
vt 0.279863 0.671069
vt 0.275069 0.659868
vt 0.276322 0.693490
vt 0.271807 0.673794
vt 0.492791 0.682554
vt 0.491852 0.692656
vt 0.722443 0.566634
vt 0.725362 0.546814
vt 0.733221 0.546173
vt 0.730353 0.566463
vt 0.729845 0.580866
vt 0.721960 0.579540
vt 0.739037 0.566319
vt 0.737765 0.581992
vt 0.481317 0.701536
vt 0.482719 0.708866
vt 0.471281 0.713469
vt 0.469153 0.705151
vt 0.658455 0.386150
vt 0.648870 0.386439
vt 0.646955 0.368743
vt 0.657303 0.365833
vt 0.664688 0.363196
vt 0.667406 0.386260
vt 0.670569 0.361001
vt 0.673182 0.387524
vt 0.655975 0.341147
vt 0.662990 0.339276
vt 0.668630 0.337646
vt 0.674967 0.335279
vt 0.675016 0.359159
vt 0.661702 0.316482
vt 0.667819 0.315505
vt 0.674473 0.313162
vt 0.999464 0.212766
vt 0.993129 0.216963
vt 0.992192 0.193473
vt 0.998170 0.190603
vt 0.666107 0.295316
vt 0.673743 0.296242
vt 0.683016 0.296541
vt 0.679783 0.308837
vt 0.659703 0.275369
vt 0.668077 0.278325
vt 0.677235 0.280834
vt 0.660289 0.255639
vt 0.668576 0.259052
vt 0.676971 0.262042
vt 0.684818 0.283532
vt 0.039965 0.466402
vt 0.047855 0.470483
vt 0.048585 0.483537
vt 0.039965 0.482280
vt 0.664871 0.234744
vt 0.670940 0.237001
vt 0.004443 0.812173
vt 0.000817 0.787278
vt 0.007606 0.789991
vt 0.013373 0.814941
vt 0.022787 0.837920
vt 0.012334 0.833433
vt 0.017245 0.793065
vt 0.007422 0.761914
vt 0.016159 0.764068
vt 0.026251 0.766544
vt 0.028584 0.796318
vt 0.041044 0.769643
vt 0.044167 0.799799
vt 0.066385 0.772828
vt 0.067081 0.803332
vt 0.068503 0.820525
vt 0.069614 0.830336
vt 0.095587 0.805654
vt 0.095928 0.819552
vt 0.096059 0.828738
vt 0.096726 0.837098
vt 0.127261 0.818310
vt 0.128201 0.826184
vt 0.129249 0.833656
vt 0.130189 0.839860
vt 0.097376 0.844145
vt 0.100160 0.048726
vt 0.095435 0.049281
vt 0.099380 0.081847
vt 0.095847 0.082058
vt 0.698259 0.819182
vt 0.699333 0.810763
vt 0.731508 0.815370
vt 0.730601 0.824363
vt 0.732195 0.806763
vt 0.760680 0.809783
vt 0.758244 0.818608
vt 0.756842 0.828774
vt 0.700295 0.803095
vt 0.701656 0.793890
vt 0.732802 0.796944
vt 0.734267 0.776691
vt 0.763699 0.775770
vt 0.761755 0.798450
vt 0.703497 0.777516
vt 0.703767 0.748731
vt 0.734509 0.744840
vt 0.731489 0.712047
vt 0.764075 0.742954
vt 0.700127 0.716251
vt 0.694821 0.687076
vt 0.670148 0.719656
vt 0.664902 0.694009
vt 0.660892 0.681157
vt 0.636128 0.700980
vt 0.632774 0.690606
vt 0.630016 0.683689
vt 0.608881 0.705540
vt 0.607282 0.697074
vt 0.605815 0.690930
vt 0.604364 0.685541
vt 0.588288 0.699341
vt 0.588351 0.693058
vt 0.588639 0.687575
vt 0.588877 0.682389
vt 0.575879 0.694399
vt 0.574626 0.688784
vt 0.573657 0.683724
vt 0.566797 0.694846
vt 0.576953 0.700614
vt 0.568006 0.701224
vt 0.577401 0.708740
vt 0.568857 0.709064
vt 0.670936 0.523008
vt 0.670843 0.530667
vt 0.663263 0.530417
vt 0.663263 0.522428
vt 0.670041 0.543420
vt 0.663304 0.543690
vt 0.588348 0.707723
vt 0.788333 0.774067
vt 0.784250 0.797882
vt 0.779672 0.812783
vt 0.771971 0.821509
vt 0.773777 0.835200
vt 0.159039 0.817290
vt 0.126734 0.807856
vt 0.095948 0.777176
vt 0.126532 0.782408
vt 0.098437 0.743669
vt 0.129396 0.750409
vt 0.102991 0.711999
vt 0.135183 0.718964
vt 0.109386 0.685944
vt 0.140870 0.696203
vt 0.113790 0.672722
vt 0.144741 0.684521
vt 0.117132 0.664258
vt 0.082154 0.661175
vt 0.086079 0.651527
vt 0.089066 0.644869
vt 0.055518 0.638717
vt 0.058982 0.631851
vt 0.062223 0.625138
vt 0.034664 0.616090
vt 0.038469 0.610864
vt 0.208451 0.673831
vt 0.208760 0.649355
vt 0.215162 0.651686
vt 0.215162 0.675563
vt 0.065233 0.618687
vt 0.753985 0.509681
vt 0.777496 0.513364
vt 0.776336 0.520195
vt 0.753200 0.517252
vt 0.172959 0.231521
vt 0.173102 0.255738
vt 0.166796 0.256807
vt 0.165315 0.231422
vt 0.115679 0.515927
vt 0.109280 0.515287
vt 0.108569 0.495482
vt 0.115679 0.495992
vt 0.791536 0.592832
vt 0.806395 0.575009
vt 0.811444 0.581163
vt 0.816205 0.560745
vt 0.821171 0.571216
vt 0.824445 0.588869
vt 0.828956 0.566773
vt 0.831730 0.587179
vt 0.831060 0.614304
vt 0.347080 0.641975
vt 0.319865 0.644305
vt 0.318386 0.638018
vt 0.346754 0.635203
vt 0.375445 0.634073
vt 0.375074 0.640784
vt 0.346628 0.626957
vt 0.375885 0.626925
vt 0.407949 0.627141
vt 0.376605 0.615187
vt 0.408757 0.616619
vt 0.106214 0.227518
vt 0.106570 0.195338
vt 0.119848 0.195875
vt 0.117857 0.228096
vt 0.409679 0.604985
vt 0.135258 0.196150
vt 0.133427 0.228480
vt 0.144502 0.196085
vt 0.143817 0.227671
vt 0.144497 0.259536
vt 0.151799 0.226520
vt 0.152097 0.258457
vt 0.153263 0.290487
vt 0.158316 0.257499
vt 0.160120 0.290244
vt 0.162341 0.311461
vt 0.154602 0.314177
vt 0.164580 0.336676
vt 0.155329 0.338684
vt 0.165478 0.363328
vt 0.154110 0.363503
vt 0.164593 0.389193
vt 0.152547 0.388213
vt 0.163441 0.417360
vt 0.149841 0.419904
vt 0.161184 0.449464
vt 0.148502 0.449792
vt 0.158727 0.471491
vt 0.145544 0.470465
vt 0.147519 0.435098
vt 0.565535 0.527685
vt 0.573266 0.530928
vt 0.802117 0.821755
vt 0.814378 0.822377
vt 0.812728 0.833133
vt 0.800872 0.832845
vt 0.810956 0.850589
vt 0.799820 0.851643
vt 0.789164 0.853032
vt 0.798189 0.871084
vt 0.790572 0.872198
vt 0.314599 0.685552
vt 0.314646 0.704768
vt 0.305069 0.704892
vt 0.314646 0.665105
vt 0.312367 0.713469
vt 0.304634 0.713514
vt 0.297309 0.714064
vt 0.296164 0.706121
vt 0.289557 0.714826
vt 0.287518 0.706950
vt 0.298664 0.531028
vt 0.305703 0.534772
vt 0.301754 0.541160
vt 0.294426 0.538541
vt 0.279925 0.707761
vt 0.299881 0.547741
vt 0.292483 0.545963
vt 0.728309 0.532597
vt 0.734992 0.533212
vt 0.736424 0.525016
vt 0.742491 0.525483
vt 0.742068 0.533265
vt 0.741222 0.545584
vt 0.749898 0.533600
vt 0.749847 0.545302
vt 0.748677 0.565788
vt 0.758852 0.545071
vt 0.757887 0.564603
vt 0.756454 0.582257
vt 0.747173 0.582616
vt 0.758852 0.592275
vt 0.749271 0.591481
vt 0.486424 0.716300
vt 0.476365 0.721835
vt 0.293103 0.073276
vt 0.304328 0.072657
vt 0.304461 0.087441
vt 0.292088 0.089358
vt 0.637200 0.387186
vt 0.636164 0.371056
vt 0.303748 0.112094
vt 0.291918 0.114143
vt 0.635214 0.346271
vt 0.645672 0.343665
vt 0.634580 0.320100
vt 0.644035 0.318904
vt 0.653853 0.317648
vt 0.641308 0.295670
vt 0.649860 0.294930
vt 0.658647 0.294725
vt 0.642654 0.276254
vt 0.650389 0.274259
vt 0.062031 0.484490
vt 0.070355 0.486696
vt 0.071721 0.506673
vt 0.062031 0.503560
vt 0.643331 0.256188
vt 0.651892 0.253863
vt 0.779096 0.859334
vt 0.781988 0.869492
vt 0.763095 0.879158
vt 0.761600 0.868830
vt 0.760856 0.856189
vt 0.779743 0.848726
vt 0.740910 0.874287
vt 0.740911 0.861619
vt 0.740910 0.849955
vt 0.761853 0.845652
vt 0.781422 0.838544
vt 0.663175 0.208566
vt 0.653694 0.207246
vt 0.652979 0.177590
vt 0.662568 0.178313
vt 0.670719 0.179074
vt 0.670465 0.209946
vt 0.741264 0.840870
vt 0.763173 0.837806
vt 0.677272 0.180191
vt 0.676925 0.211820
vt 0.677955 0.239917
vt 0.670473 0.148918
vt 0.677633 0.149257
vt 0.007650 0.730278
vt 0.007385 0.699343
vt 0.015832 0.699830
vt 0.015970 0.731439
vt 0.025758 0.700584
vt 0.025646 0.732996
vt 0.041762 0.702402
vt 0.040340 0.735335
vt 0.070283 0.706052
vt 0.067159 0.738742
vt 0.045310 0.672261
vt 0.076787 0.677418
vt 0.050751 0.650668
vt 0.026786 0.672018
vt 0.028182 0.645123
vt 0.030937 0.625436
vt 0.016058 0.644478
vt 0.015708 0.617512
vt 0.019044 0.600078
vt 0.007462 0.615476
vt 0.024575 0.591437
vt 0.019693 0.570861
vt 0.030411 0.587981
vt 0.733403 0.249778
vt 0.725435 0.249866
vt 0.726589 0.228634
vt 0.733403 0.228235
vt 0.799502 0.517333
vt 0.818553 0.523396
vt 0.816039 0.529863
vt 0.797204 0.525282
vt 0.830528 0.534855
vt 0.810629 0.554746
vt 0.824390 0.546646
vt 0.827044 0.554829
vt 0.800313 0.571586
vt 0.287523 0.651295
vt 0.279354 0.654741
vt 0.275300 0.646842
vt 0.283941 0.643192
vt 0.296163 0.640649
vt 0.299461 0.648547
vt 0.277467 0.634283
vt 0.291930 0.630223
vt 0.316564 0.628757
vt 0.289336 0.616467
vt 0.315679 0.615246
vt 0.346712 0.614811
vt 0.106712 0.165448
vt 0.106435 0.134443
vt 0.121507 0.134176
vt 0.120679 0.165315
vt 0.137603 0.134331
vt 0.137394 0.165423
vt 0.148261 0.134492
vt 0.148204 0.165454
vt 0.156793 0.133837
vt 0.158030 0.165626
vt 0.153706 0.195484
vt 0.042358 0.369986
vt 0.045142 0.340008
vt 0.050563 0.339233
vt 0.049091 0.369462
vt 0.158722 0.195199
vt 0.159176 0.226042
vt 0.047206 0.400387
vt 0.057188 0.369435
vt 0.054035 0.399450
vt 0.052384 0.430640
vt 0.045725 0.431914
vt 0.062474 0.399198
vt 0.059271 0.430535
vt 0.055970 0.466069
vt 0.050875 0.464313
vt 0.165322 0.256466
vt 0.167611 0.290071
vt 0.053309 0.477265
vt 0.051138 0.480246
vt 0.171177 0.306010
vt 0.175390 0.293659
vt 0.176240 0.257218
vt 0.184860 0.258894
vt 0.180870 0.298760
vt 0.058359 0.467633
vt 0.066937 0.430875
vt 0.170659 0.334170
vt 0.176820 0.327567
vt 0.175127 0.361758
vt 0.170873 0.362629
vt 0.529087 0.827464
vt 0.523591 0.828259
vt 0.524462 0.800308
vt 0.529978 0.800591
vt 0.535708 0.800892
vt 0.534684 0.826713
vt 0.525910 0.772047
vt 0.531373 0.772465
vt 0.537411 0.772814
vt 0.540123 0.740779
vt 0.173135 0.418069
vt 0.174447 0.389766
vt 0.179440 0.390072
vt 0.178308 0.418388
vt 0.520946 0.771823
vt 0.184895 0.390552
vt 0.184045 0.419041
vt 0.181668 0.450203
vt 0.176220 0.449324
vt 0.189744 0.420025
vt 0.179702 0.474572
vt 0.173763 0.476596
vt 0.761626 0.127213
vt 0.762618 0.155997
vt 0.757251 0.155466
vt 0.755583 0.126401
vt 0.757738 0.096734
vt 0.762941 0.096417
vt 0.190618 0.391279
vt 0.750544 0.155009
vt 0.749767 0.125737
vt 0.750641 0.096235
vt 0.741524 0.125375
vt 0.740143 0.096749
vt 0.739640 0.078341
vt 0.206085 0.470797
vt 0.205883 0.452424
vt 0.222221 0.453064
vt 0.221329 0.471402
vt 0.683943 0.343620
vt 0.681217 0.328285
vt 0.694672 0.327397
vt 0.698365 0.339282
vt 0.703326 0.349355
vt 0.691528 0.353977
vt 0.763030 0.526236
vt 0.774905 0.525521
vt 0.773949 0.545012
vt 0.762978 0.545654
vt 0.742261 0.064867
vt 0.740162 0.045563
vt 0.749849 0.043875
vt 0.757249 0.023065
vt 0.759663 0.041691
vt 0.767074 0.022049
vt 0.770259 0.039293
vt 0.775315 0.019757
vt 0.779130 0.036612
vt 0.781988 0.051176
vt 0.687131 0.627073
vt 0.679014 0.614919
vt 0.686203 0.615433
vt 0.648878 0.568075
vt 0.663682 0.568440
vt 0.665266 0.577811
vt 0.639394 0.568204
vt 0.680864 0.569178
vt 0.681796 0.578060
vt 0.682840 0.586506
vt 0.666971 0.586731
vt 0.683366 0.594045
vt 0.668262 0.595367
vt 0.651046 0.597192
vt 0.669217 0.603319
vt 0.651317 0.606156
vt 0.383583 0.053669
vt 0.392869 0.053485
vt 0.393964 0.069122
vt 0.383260 0.068795
vt 0.635814 0.599756
vt 0.394129 0.082917
vt 0.382159 0.083661
vt 0.620766 0.603372
vt 0.395046 0.105064
vt 0.383017 0.105277
vt 0.599157 0.604432
vt 0.598368 0.595654
vt 0.571986 0.604477
vt 0.571349 0.597407
vt 0.570418 0.591202
vt 0.596850 0.589197
vt 0.569604 0.586053
vt 0.595738 0.584272
vt 0.618413 0.582170
vt 0.366834 0.108715
vt 0.366241 0.134764
vt 0.360393 0.135196
vt 0.361143 0.108978
vt 0.361695 0.086445
vt 0.361409 0.071422
vt 0.355429 0.109049
vt 0.355799 0.086447
vt 0.356290 0.070489
vt 0.354598 0.135549
vt 0.838115 0.746839
vt 0.837869 0.720416
vt 0.843209 0.720135
vt 0.843495 0.746795
vt 0.849147 0.719836
vt 0.849522 0.746549
vt 0.855307 0.719172
vt 0.856504 0.746045
vt 0.857179 0.769845
vt 0.855185 0.785790
vt 0.340802 0.085325
vt 0.340290 0.109225
vt 0.329831 0.109903
vt 0.329954 0.085750
vt 0.327567 0.069909
vt 0.337643 0.069998
vt 0.325350 0.058354
vt 0.335135 0.056549
vt 0.317648 0.086584
vt 0.316887 0.070801
vt 0.316154 0.060339
vt 0.315005 0.042887
vt 0.324041 0.040298
vt 0.306408 0.063403
vt 0.306053 0.045783
vt 0.322875 0.023224
vt 0.331321 0.021910
vt 0.333489 0.038140
vt 0.314264 0.024737
vt 0.305495 0.026405
vt 0.305718 0.015297
vt 0.313968 0.014093
vt 0.322102 0.012924
vt 0.313718 0.007478
vt 0.321302 0.006477
vt 0.328185 0.005590
vt 0.329655 0.011999
vt 0.856978 0.844538
vt 0.856966 0.851120
vt 0.849663 0.852830
vt 0.849172 0.846072
vt 0.848594 0.836380
vt 0.857179 0.834404
vt 0.840174 0.848006
vt 0.838906 0.838783
vt 0.836850 0.822661
vt 0.847326 0.820127
vt 0.857093 0.817920
vt 0.855905 0.799447
vt 0.830009 0.840970
vt 0.827365 0.825550
vt 0.501324 0.670030
vt 0.504735 0.654728
vt 0.512754 0.654966
vt 0.510074 0.668992
vt 0.508124 0.686596
vt 0.498584 0.687930
vt 0.520705 0.667924
vt 0.519246 0.685393
vt 0.496923 0.700466
vt 0.531568 0.666546
vt 0.530090 0.684394
vt 0.541376 0.664623
vt 0.540766 0.683534
vt 0.539210 0.701013
vt 0.809209 0.869375
vt 0.531854 0.654473
vt 0.540597 0.653732
vt 0.531864 0.646279
vt 0.539811 0.646332
vt 0.522134 0.654953
vt 0.523114 0.646045
vt 0.523737 0.639560
vt 0.532000 0.640293
vt 0.514598 0.645888
vt 0.515639 0.639278
vt 0.402136 0.458087
vt 0.398615 0.457336
vt 0.400565 0.450856
vt 0.404875 0.450736
vt 0.826670 0.858336
vt 0.824913 0.851812
vt 0.831903 0.850053
vt 0.833782 0.856662
vt 0.684442 0.094315
vt 0.686484 0.102274
vt 0.683232 0.103194
vt 0.681305 0.096598
vt 0.381356 0.150382
vt 0.375019 0.150055
vt 0.375019 0.143486
vt 0.381740 0.143486
vt 0.687131 0.110292
vt 0.682858 0.110117
vt 0.767845 0.151157
vt 0.774531 0.151424
vt 0.774759 0.158474
vt 0.768025 0.158977
vt 0.781450 0.157060
vt 0.781897 0.167159
vt 0.775003 0.167704
vt 0.768309 0.168007
vt 0.781988 0.150919
vt 0.768501 0.177989
vt 0.763079 0.178593
vt 0.762956 0.168397
vt 0.762871 0.159403
vt 0.775157 0.177325
vt 0.775214 0.186575
vt 0.781988 0.176829
vt 0.781575 0.186320
vt 0.781197 0.194340
vt 0.774749 0.193804
vt 0.299550 0.735970
vt 0.300489 0.745452
vt 0.293477 0.746360
vt 0.292674 0.736510
vt 0.292244 0.728147
vt 0.299294 0.727950
vt 0.286134 0.746631
vt 0.285755 0.736752
vt 0.284707 0.727513
vt 0.521423 0.789160
vt 0.514305 0.789752
vt 0.294658 0.756496
vt 0.286845 0.755593
vt 0.522868 0.797944
vt 0.515750 0.798223
vt 0.507890 0.798462
vt 0.507073 0.790228
vt 0.279849 0.754848
vt 0.279903 0.762721
vt 0.501170 0.790991
vt 0.500574 0.781356
vt 0.501689 0.798851
vt 0.766900 0.085100
vt 0.773151 0.084101
vt 0.774055 0.091424
vt 0.768057 0.092898
vt 0.766334 0.078072
vt 0.780467 0.090027
vt 0.780061 0.083133
vt 0.786395 0.082579
vt 0.786615 0.089033
vt 0.786130 0.076505
vt 0.263389 0.683702
vt 0.256665 0.683256
vt 0.256910 0.677536
vt 0.263456 0.677617
vt 0.785950 0.070750
vt 0.263747 0.689445
vt 0.256315 0.687846
vt 0.336695 0.009286
vt 0.333639 0.009436
vt 0.336295 0.002804
vt 0.340095 0.003995
vt 0.249518 0.687166
vt 0.250314 0.678096
vt 0.256920 0.678129
vt 0.398615 0.439839
vt 0.402574 0.437814
vt 0.404820 0.443548
vt 0.400378 0.444717
vt 0.702127 0.515977
vt 0.708421 0.516106
vt 0.708497 0.524813
vt 0.702198 0.525125
vt 0.708319 0.534689
vt 0.702183 0.535726
vt 0.715299 0.515941
vt 0.715162 0.524499
vt 0.715003 0.533759
vt 0.714789 0.544184
vt 0.708484 0.545490
vt 0.721416 0.524263
vt 0.721244 0.533260
vt 0.720677 0.543422
vt 0.708882 0.555157
vt 0.702535 0.556387
vt 0.702529 0.547222
vt 0.071721 0.519050
vt 0.064917 0.518651
vt 0.070760 0.525181
vt 0.064071 0.524080
vt 0.535798 0.540291
vt 0.531900 0.545476
vt 0.531265 0.536674
vt 0.539062 0.544997
vt 0.536196 0.549460
vt 0.721835 0.515998
vt 0.250911 0.667537
vt 0.257242 0.666478
vt 0.263747 0.663570
vt 0.263523 0.671156
vt 0.257202 0.671286
vt 0.786596 0.096625
vt 0.786286 0.108004
vt 0.539274 0.640711
vt 0.797806 0.892497
vt 0.789361 0.893039
vt 0.789551 0.887527
vt 0.797958 0.886900
vt 0.789643 0.880787
vt 0.797967 0.879112
vt 0.301753 0.755064
vt 0.303078 0.765070
vt 0.686096 0.117992
vt 0.681305 0.117519
vt 0.841543 0.854757
vt 0.507261 0.645745
vt 0.806855 0.887247
vt 0.798400 0.888638
vt 0.797977 0.880195
vt 0.807712 0.880024
vt 0.856964 0.856035
vt 0.850003 0.857720
vt 0.320615 0.001381
vt 0.326121 0.000909
vt 0.313430 0.002303
vt 0.305730 0.008189
vt 0.305869 0.002855
vt 0.757689 0.526254
vt 0.749430 0.525999
vt 0.747371 0.520759
vt 0.756636 0.520595
vt 0.758335 0.533632
vt 0.742741 0.521308
vt 0.317444 0.110733
vt 0.328515 0.137359
vt 0.315322 0.138558
vt 0.302504 0.139442
vt 0.313072 0.164277
vt 0.302502 0.164287
vt 0.293343 0.164295
vt 0.291874 0.140326
vt 0.302478 0.184600
vt 0.293145 0.182517
vt 0.633174 0.296198
vt 0.625682 0.277865
vt 0.633884 0.278425
vt 0.284778 0.181704
vt 0.292770 0.203447
vt 0.283149 0.201396
vt 0.625002 0.258534
vt 0.634447 0.258408
vt 0.293692 0.229312
vt 0.283302 0.227683
vt 0.619514 0.232192
vt 0.628300 0.232985
vt 0.274760 0.226637
vt 0.283537 0.255939
vt 0.273829 0.254503
vt 0.624899 0.205048
vt 0.634950 0.205674
vt 0.637858 0.232896
vt 0.623846 0.175108
vt 0.633501 0.175798
vt 0.643193 0.176747
vt 0.643702 0.206201
vt 0.646438 0.232304
vt 0.633063 0.147489
vt 0.642897 0.148151
vt 0.652442 0.148936
vt 0.643040 0.120370
vt 0.652534 0.121950
vt 0.662098 0.123349
vt 0.662015 0.148853
vt 0.670370 0.123462
vt 0.663886 0.096123
vt 0.671506 0.095930
vt 0.679091 0.095206
vt 0.677845 0.123216
vt 0.007377 0.673300
vt 0.007137 0.645274
vt 0.016140 0.672782
vt 0.674558 0.064888
vt 0.681145 0.065444
vt 0.667082 0.065634
vt 0.684818 0.042093
vt 0.654829 0.095140
vt 0.659302 0.065424
vt 0.664325 0.037385
vt 0.650551 0.062901
vt 0.656170 0.035423
vt 0.661116 0.015671
vt 0.668424 0.016798
vt 0.662688 0.002607
vt 0.669674 0.003406
vt 0.840007 0.505003
vt 0.651868 0.013722
vt 0.653926 0.001600
vt 0.853516 0.503032
vt 0.858542 0.495999
vt 0.865276 0.501220
vt 0.862444 0.507641
vt 0.516514 0.049166
vt 0.512749 0.055526
vt 0.506026 0.052064
vt 0.509571 0.044398
vt 0.424300 0.003913
vt 0.431308 0.000681
vt 0.434860 0.008741
vt 0.425889 0.010444
vt 0.237265 0.024506
vt 0.242896 0.024506
vt 0.242925 0.032390
vt 0.237118 0.032148
vt 0.434774 0.018297
vt 0.425492 0.018303
vt 0.542459 0.555520
vt 0.542226 0.547748
vt 0.550511 0.547330
vt 0.541658 0.538090
vt 0.550585 0.538121
vt 0.559801 0.537619
vt 0.559885 0.546420
vt 0.562082 0.867254
vt 0.553493 0.870051
vt 0.550879 0.848912
vt 0.559300 0.849386
vt 0.550077 0.833860
vt 0.557586 0.834643
vt 0.557178 0.823716
vt 0.542491 0.833031
vt 0.600796 0.454637
vt 0.600744 0.471182
vt 0.595661 0.470782
vt 0.595089 0.453570
vt 0.461291 0.003145
vt 0.453588 0.001756
vt 0.588451 0.452448
vt 0.587318 0.441930
vt 0.582104 0.450369
vt 0.581048 0.441693
vt 0.425066 0.028111
vt 0.434952 0.029093
vt 0.293071 0.458857
vt 0.293133 0.447761
vt 0.303666 0.447085
vt 0.303589 0.459020
vt 0.282370 0.460244
vt 0.282283 0.447896
vt 0.282504 0.428148
vt 0.293594 0.427410
vt 0.273034 0.459208
vt 0.272654 0.447564
vt 0.272595 0.428229
vt 0.272605 0.399542
vt 0.282563 0.399587
vt 0.638224 0.031637
vt 0.642574 0.012393
vt 0.647329 0.032819
vt 0.641679 0.060916
vt 0.632844 0.060214
vt 0.636387 0.090923
vt 0.627555 0.089861
vt 0.645746 0.092882
vt 0.633535 0.118986
vt 0.623424 0.146987
vt 0.624169 0.118103
vt 0.273501 0.341501
vt 0.273861 0.312596
vt 0.283898 0.313259
vt 0.283744 0.342045
vt 0.283280 0.370493
vt 0.273244 0.369811
vt 0.294897 0.342342
vt 0.294709 0.370925
vt 0.294088 0.399256
vt 0.305765 0.371437
vt 0.304449 0.399261
vt 0.303555 0.426059
vt 0.313803 0.399326
vt 0.312521 0.424646
vt 0.312869 0.445091
vt 0.320680 0.423041
vt 0.320464 0.443148
vt 0.026006 0.263197
vt 0.019547 0.264525
vt 0.015013 0.250648
vt 0.024759 0.249559
vt 0.312628 0.458872
vt 0.022509 0.284400
vt 0.012152 0.267233
vt 0.007881 0.255741
vt 0.173518 0.492889
vt 0.173296 0.504799
vt 0.166601 0.506673
vt 0.166601 0.495564
vt 0.305715 0.568944
vt 0.308602 0.575244
vt 0.489209 0.490087
vt 0.489209 0.465530
vt 0.319816 0.576222
vt 0.319283 0.587180
vt 0.311492 0.593896
vt 0.288299 0.583172
vt 0.006853 0.267931
vt 0.026143 0.308576
vt 0.321944 0.398472
vt 0.028625 0.335031
vt 0.315741 0.371908
vt 0.324058 0.371558
vt 0.036663 0.335313
vt 0.038027 0.364455
vt 0.028995 0.364263
vt 0.306482 0.342491
vt 0.317110 0.342412
vt 0.306641 0.314123
vt 0.317512 0.314241
vt 0.294818 0.313807
vt 0.294775 0.285834
vt 0.306287 0.286005
vt 0.283936 0.285287
vt 0.294422 0.257265
vt 0.274227 0.284472
vt 0.304403 0.230357
vt 0.305557 0.257998
vt 0.315543 0.230941
vt 0.316152 0.258306
vt 0.317076 0.286055
vt 0.038174 0.420509
vt 0.037648 0.448229
vt 0.027991 0.447273
vt 0.028727 0.419867
vt 0.028877 0.391874
vt 0.038044 0.392431
vt 0.019021 0.419676
vt 0.019351 0.392351
vt 0.018518 0.364735
vt 0.010965 0.393221
vt 0.010355 0.365714
vt 0.002793 0.391034
vt 0.003873 0.365453
vt 0.006575 0.333909
vt 0.010766 0.420161
vt 0.001624 0.419137
vt 0.337141 0.286499
vt 0.337492 0.259306
vt 0.346725 0.260129
vt 0.336091 0.314827
vt 0.009992 0.446996
vt 0.001624 0.446147
vt 0.328592 0.259138
vt 0.331797 0.233268
vt 0.340256 0.233350
vt 0.017949 0.446865
vt 0.015851 0.472733
vt 0.006227 0.472507
vt 0.009829 0.496937
vt 0.003376 0.496342
vt 0.025925 0.473789
vt 0.020682 0.498576
vt 0.015446 0.518330
vt 0.006649 0.518474
vt 0.035793 0.475577
vt 0.031384 0.500537
vt 0.024838 0.520554
vt 0.312499 0.186433
vt 0.324684 0.164228
vt 0.320580 0.188109
vt 0.313996 0.206169
vt 0.302828 0.205274
vt 0.339974 0.136236
vt 0.336804 0.163404
vt 0.331126 0.187113
vt 0.855969 0.692225
vt 0.849004 0.693136
vt 0.344115 0.162555
vt 0.340541 0.186345
vt 0.851085 0.669440
vt 0.842726 0.693839
vt 0.843220 0.669829
vt 0.347418 0.186176
vt 0.344261 0.209011
vt 0.335593 0.208988
vt 0.326941 0.209114
vt 0.845442 0.647027
vt 0.835793 0.670010
vt 0.837190 0.646095
vt 0.838949 0.622020
vt 0.847109 0.622881
vt 0.348437 0.234323
vt 0.351713 0.210146
vt 0.359607 0.210753
vt 0.357457 0.235700
vt 0.356083 0.260949
vt 0.366792 0.236298
vt 0.366069 0.260653
vt 0.366309 0.289210
vt 0.375570 0.259299
vt 0.375450 0.287178
vt 0.375047 0.311250
vt 0.367171 0.312044
vt 0.581881 0.423384
vt 0.573709 0.422942
vt 0.580299 0.404738
vt 0.589116 0.408290
vt 0.370121 0.327223
vt 0.585662 0.384506
vt 0.594497 0.387336
vt 0.372562 0.348261
vt 0.362938 0.346835
vt 0.372852 0.371481
vt 0.363440 0.371759
vt 0.354191 0.371540
vt 0.354162 0.345867
vt 0.363288 0.400933
vt 0.354002 0.402692
vt 0.345629 0.407184
vt 0.346507 0.371544
vt 0.391349 0.608470
vt 0.390340 0.600428
vt 0.354885 0.604187
vt 0.360160 0.595587
vt 0.389477 0.591121
vt 0.360279 0.587622
vt 0.388416 0.583288
vt 0.386886 0.575366
vt 0.333399 0.596286
vt 0.335662 0.590887
vt 0.317674 0.598330
vt 0.317121 0.597747
vt 0.329476 0.600816
vt 0.317639 0.599337
vt 0.314371 0.599602
vt 0.314344 0.599062
vt 0.077905 0.011568
vt 0.077905 0.008274
vt 0.078351 0.008429
vt 0.078661 0.011116
vt 0.314394 0.598597
vt 0.312372 0.599622
vt 0.311880 0.599380
vt 0.118486 0.064651
vt 0.120306 0.064190
vt 0.120290 0.064719
vt 0.118566 0.065044
vt 0.312754 0.600017
vt 0.118569 0.065533
vt 0.120300 0.065134
vt 0.120306 0.065792
vt 0.118724 0.065747
vt 0.118798 0.066163
vt 0.120130 0.067094
vt 0.118844 0.066262
vt 0.060062 0.039432
vt 0.059193 0.041644
vt 0.059537 0.040519
vt 0.059098 0.036073
vt 0.060083 0.039675
vt 0.060153 0.040018
vt 0.059098 0.041554
vt 0.078490 0.023136
vt 0.078401 0.021306
vt 0.078661 0.021134
vt 0.078661 0.022981
vt 0.034704 0.053558
vt 0.034704 0.057839
vt 0.034670 0.057636
vt 0.034521 0.053930
vt 0.034547 0.053720
vt 0.060850 0.086213
vt 0.061375 0.086443
vt 0.062455 0.090229
vt 0.062466 0.090058
vt 0.313235 0.606437
vt 0.314111 0.602587
vt 0.315077 0.603921
vt 0.313263 0.606613
vt 0.315259 0.604537
vt 0.313292 0.606788
vt 0.315346 0.605312
vt 0.313320 0.606964
vt 0.315199 0.606518
vt 0.313377 0.607313
vt 0.314469 0.607502
vt 0.313405 0.607489
vt 0.350334 0.447993
vt 0.349384 0.447142
vt 0.350403 0.444678
vt 0.353066 0.446952
vt 0.358283 0.443002
vt 0.359865 0.446581
vt 0.005096 0.266061
vt 0.005096 0.259286
vt 0.006941 0.262034
vt 0.005511 0.265768
vt 0.355709 0.431630
vt 0.363908 0.428300
vt 0.365260 0.441381
vt 0.365817 0.445256
vt 0.348963 0.435592
vt 0.326866 0.607873
vt 0.320741 0.603691
vt 0.318455 0.602651
vt 0.316886 0.600794
vt 0.317151 0.600368
vt 0.314299 0.600557
vt 0.314295 0.600123
vt 0.317201 0.603390
vt 0.316516 0.602118
vt 0.314302 0.601246
vt 0.317484 0.604760
vt 0.317843 0.608101
vt 0.373321 0.426627
vt 0.372858 0.441521
vt 0.506540 0.031719
vt 0.506673 0.039303
vt 0.501454 0.039276
vt 0.501317 0.032629
vt 0.381886 0.425927
vt 0.381738 0.446436
vt 0.502395 0.048585
vt 0.501317 0.045858
vt 0.575719 0.296209
vt 0.577066 0.313538
vt 0.559925 0.314528
vt 0.558325 0.296767
vt 0.553483 0.284829
vt 0.571878 0.284410
vt 0.587457 0.293421
vt 0.587541 0.311331
vt 0.258097 0.031155
vt 0.259994 0.046270
vt 0.253615 0.046975
vt 0.251724 0.031035
vt 0.094438 0.329169
vt 0.094039 0.347327
vt 0.088018 0.346301
vt 0.088779 0.327846
vt 0.245079 0.031666
vt 0.245162 0.020836
vt 0.090278 0.315802
vt 0.082840 0.327176
vt 0.084842 0.315531
vt 0.239080 0.022008
vt 0.408244 0.450052
vt 0.408179 0.438439
vt 0.414339 0.437963
vt 0.414007 0.449182
vt 0.414163 0.456865
vt 0.408590 0.457488
vt 0.421761 0.437431
vt 0.421091 0.448203
vt 0.420735 0.455826
vt 0.429286 0.447418
vt 0.428569 0.454791
vt 0.427804 0.461203
vt 0.420377 0.461930
vt 0.414220 0.462715
vt 0.713865 0.597268
vt 0.707304 0.600576
vt 0.706075 0.595834
vt 0.712215 0.592739
vt 0.438320 0.454276
vt 0.437338 0.460825
vt 0.698660 0.604503
vt 0.697255 0.599436
vt 0.689592 0.608271
vt 0.688584 0.603117
vt 0.193015 0.422107
vt 0.193664 0.412660
vt 0.199381 0.414248
vt 0.198466 0.423163
vt 0.601681 0.164443
vt 0.601458 0.155561
vt 0.608353 0.156413
vt 0.602156 0.173915
vt 0.601213 0.148626
vt 0.615411 0.157397
vt 0.875220 0.777889
vt 0.877407 0.769615
vt 0.199994 0.407287
vt 0.194785 0.404801
vt 0.197734 0.399327
vt 0.201281 0.401249
vt 0.601582 0.142606
vt 0.711385 0.339640
vt 0.706879 0.340095
vt 0.704571 0.332556
vt 0.710502 0.331744
vt 0.108948 0.560141
vt 0.109009 0.552999
vt 0.704729 0.322952
vt 0.709237 0.322648
vt 0.108948 0.544646
vt 0.116021 0.545749
vt 0.715293 0.322728
vt 0.721835 0.322768
vt 0.721572 0.332588
vt 0.715895 0.331998
vt 0.860709 0.758559
vt 0.660626 0.544203
vt 0.653968 0.544510
vt 0.660718 0.553729
vt 0.654907 0.554211
vt 0.499206 0.462596
vt 0.499910 0.454782
vt 0.508613 0.453435
vt 0.508063 0.461834
vt 0.661682 0.560865
vt 0.657335 0.562198
vt 0.490168 0.462671
vt 0.490844 0.455963
vt 0.491146 0.448126
vt 0.500116 0.446081
vt 0.482096 0.462715
vt 0.482289 0.456553
vt 0.482277 0.449117
vt 0.481748 0.439840
vt 0.490811 0.438279
vt 0.458088 0.446419
vt 0.456901 0.454019
vt 0.448420 0.454287
vt 0.449720 0.447042
vt 0.473921 0.449266
vt 0.473000 0.440193
vt 0.470923 0.426279
vt 0.479612 0.425459
vt 0.451288 0.437706
vt 0.439390 0.447004
vt 0.440694 0.437379
vt 0.442504 0.422911
vt 0.453047 0.423426
vt 0.443962 0.396426
vt 0.454108 0.396550
vt 0.430075 0.437180
vt 0.431533 0.421971
vt 0.432765 0.396221
vt 0.432589 0.366995
vt 0.443207 0.366822
vt 0.422758 0.421355
vt 0.423043 0.395974
vt 0.422151 0.367122
vt 0.421063 0.338688
vt 0.431800 0.338811
vt 0.414310 0.395841
vt 0.412583 0.367133
vt 0.410980 0.338513
vt 0.410077 0.311104
vt 0.420243 0.311406
vt 0.404542 0.366603
vt 0.402220 0.338039
vt 0.401738 0.310466
vt 0.080323 0.454807
vt 0.081348 0.482118
vt 0.072184 0.482484
vt 0.071814 0.454740
vt 0.079300 0.427301
vt 0.088567 0.428099
vt 0.089444 0.455091
vt 0.091044 0.481669
vt 0.094291 0.508203
vt 0.083941 0.509712
vt 0.097476 0.455181
vt 0.099218 0.481680
vt 0.099951 0.502581
vt 0.106424 0.454697
vt 0.106216 0.481362
vt 0.106424 0.510974
vt 0.392397 0.282889
vt 0.391438 0.309527
vt 0.382695 0.310174
vt 0.383753 0.284856
vt 0.383896 0.257173
vt 0.392146 0.253237
vt 0.389702 0.332930
vt 0.382722 0.331919
vt 0.566342 0.422843
vt 0.570584 0.401395
vt 0.563955 0.399326
vt 0.567686 0.376850
vt 0.576238 0.381249
vt 0.571028 0.364988
vt 0.580778 0.362519
vt 0.590447 0.363308
vt 0.585445 0.337453
vt 0.594782 0.336750
vt 0.381965 0.371192
vt 0.381381 0.398144
vt 0.372964 0.399821
vt 0.599215 0.364415
vt 0.596160 0.309111
vt 0.574877 0.338272
vt 0.560374 0.373882
vt 0.561676 0.339532
vt 0.100072 0.372929
vt 0.102064 0.407093
vt 0.093897 0.373282
vt 0.263747 0.067515
vt 0.256933 0.069407
vt 0.087160 0.399995
vt 0.087110 0.370956
vt 0.078376 0.398887
vt 0.079239 0.370128
vt 0.081665 0.345405
vt 0.408243 0.420224
vt 0.406513 0.395456
vt 0.414792 0.420850
vt 0.090082 0.532704
vt 0.078297 0.536456
vt 0.074300 0.510431
vt 0.101116 0.527564
vt 0.409053 0.255266
vt 0.408657 0.229113
vt 0.420740 0.228228
vt 0.419440 0.255155
vt 0.419486 0.283334
vt 0.409536 0.283304
vt 0.430930 0.254851
vt 0.430663 0.282979
vt 0.431256 0.311523
vt 0.442210 0.282030
vt 0.442336 0.311382
vt 0.442377 0.338808
vt 0.452557 0.311159
vt 0.452396 0.338589
vt 0.453253 0.366702
vt 0.461355 0.370339
vt 0.457803 0.342447
vt 0.467057 0.342157
vt 0.469644 0.370144
vt 0.474599 0.399390
vt 0.465969 0.399901
vt 0.479203 0.369077
vt 0.483626 0.397738
vt 0.488459 0.423057
vt 0.492759 0.394702
vt 0.496980 0.419360
vt 0.499009 0.435366
vt 0.504294 0.417589
vt 0.506764 0.433005
vt 0.508212 0.443828
vt 0.511784 0.415493
vt 0.508829 0.392988
vt 0.516290 0.392333
vt 0.519377 0.412315
vt 0.501039 0.393466
vt 0.498319 0.366631
vt 0.506568 0.367211
vt 0.488194 0.367661
vt 0.486834 0.340469
vt 0.496884 0.340021
vt 0.476606 0.341295
vt 0.476762 0.314106
vt 0.486784 0.313166
vt 0.466862 0.314911
vt 0.467269 0.284929
vt 0.476469 0.284518
vt 0.457272 0.315187
vt 0.457487 0.285253
vt 0.458917 0.256892
vt 0.468691 0.256595
vt 0.452276 0.281130
vt 0.442150 0.253789
vt 0.451819 0.252765
vt 0.442876 0.225181
vt 0.451453 0.223971
vt 0.432200 0.227061
vt 0.432383 0.199791
vt 0.441762 0.196882
vt 0.421793 0.202672
vt 0.421947 0.182085
vt 0.431998 0.178634
vt 0.409800 0.204960
vt 0.411064 0.184669
vt 0.412339 0.159195
vt 0.423198 0.158212
vt 0.090382 0.580707
vt 0.083187 0.560534
vt 0.095644 0.557122
vt 0.101033 0.578354
vt 0.401357 0.186344
vt 0.400167 0.160055
vt 0.396500 0.132008
vt 0.410953 0.131089
vt 0.389920 0.184760
vt 0.386004 0.160091
vt 0.383503 0.132478
vt 0.380820 0.184162
vt 0.378795 0.160042
vt 0.544433 0.606156
vt 0.544430 0.598750
vt 0.520345 0.600530
vt 0.519738 0.592464
vt 0.544163 0.591992
vt 0.373097 0.160304
vt 0.374211 0.184770
vt 0.367650 0.185527
vt 0.366989 0.160710
vt 0.371986 0.134019
vt 0.360660 0.186024
vt 0.360739 0.161177
vt 0.353930 0.186201
vt 0.354755 0.161665
vt 0.836892 0.694361
vt 0.367639 0.210461
vt 0.375447 0.209379
vt 0.376184 0.235983
vt 0.468570 0.594133
vt 0.495161 0.593339
vt 0.495991 0.602179
vt 0.468736 0.602789
vt 0.385219 0.235904
vt 0.383340 0.208577
vt 0.393790 0.208502
vt 0.397369 0.236990
vt 0.401800 0.207732
vt 0.106256 0.555752
vt 0.408667 0.103510
vt 0.422063 0.101381
vt 0.423726 0.129984
vt 0.433310 0.099830
vt 0.433767 0.129362
vt 0.432837 0.157389
vt 0.468889 0.159358
vt 0.470001 0.131502
vt 0.480937 0.131788
vt 0.478671 0.159443
vt 0.470386 0.180743
vt 0.461348 0.180813
vt 0.488870 0.159282
vt 0.480523 0.181901
vt 0.470613 0.200597
vt 0.459707 0.200127
vt 0.440069 0.178160
vt 0.490691 0.180874
vt 0.480811 0.202744
vt 0.472167 0.228191
vt 0.462423 0.228004
vt 0.453337 0.228754
vt 0.489630 0.203365
vt 0.481408 0.228874
vt 0.477801 0.256258
vt 0.490967 0.228752
vt 0.487440 0.255902
vt 0.486548 0.284003
vt 0.496455 0.255562
vt 0.496115 0.283685
vt 0.496304 0.312813
vt 0.504223 0.283465
vt 0.504598 0.312663
vt 0.105970 0.356290
vt 0.097581 0.355705
vt 0.097721 0.327931
vt 0.106424 0.329089
vt 0.505375 0.340424
vt 0.512070 0.312692
vt 0.513345 0.341098
vt 0.514814 0.367889
vt 0.097581 0.301096
vt 0.105711 0.302399
vt 0.499654 0.918756
vt 0.472821 0.918629
vt 0.474080 0.909344
vt 0.500659 0.909177
vt 0.475532 0.897598
vt 0.500242 0.895918
vt 0.475235 0.877971
vt 0.494671 0.872741
vt 0.505144 0.868367
vt 0.484251 0.841394
vt 0.493250 0.838270
vt 0.500240 0.835677
vt 0.512160 0.865089
vt 0.507179 0.833061
vt 0.519284 0.862060
vt 0.286883 0.023658
vt 0.285871 0.050674
vt 0.278806 0.051402
vt 0.278914 0.024156
vt 0.278680 0.001992
vt 0.285794 0.001413
vt 0.536057 0.308708
vt 0.536445 0.332481
vt 0.528746 0.332032
vt 0.527638 0.308719
vt 0.528882 0.289654
vt 0.535934 0.288768
vt 0.173518 0.423121
vt 0.173433 0.441990
vt 0.164779 0.440715
vt 0.166567 0.422741
vt 0.527798 0.270437
vt 0.533454 0.269695
vt 0.173518 0.458087
vt 0.164727 0.455322
vt 0.634804 0.474750
vt 0.648366 0.461094
vt 0.654418 0.470200
vt 0.646402 0.480901
vt 0.643221 0.489952
vt 0.629598 0.486722
vt 0.182840 0.120437
vt 0.185086 0.131874
vt 0.175782 0.131874
vt 0.176252 0.120587
vt 0.591701 0.541685
vt 0.595215 0.527959
vt 0.602100 0.530043
vt 0.599495 0.545076
vt 0.585784 0.549072
vt 0.598386 0.508191
vt 0.605793 0.507781
vt 0.614547 0.507251
vt 0.608479 0.482034
vt 0.616946 0.481076
vt 0.629049 0.479094
vt 0.627155 0.506174
vt 0.284569 0.150620
vt 0.280493 0.177353
vt 0.265671 0.177998
vt 0.270728 0.150986
vt 0.640860 0.503826
vt 0.251038 0.178423
vt 0.254697 0.151924
vt 0.258413 0.124252
vt 0.273518 0.123633
vt 0.262730 0.106394
vt 0.275390 0.105685
vt 0.243185 0.152768
vt 0.246001 0.124770
vt 0.253077 0.107266
vt 0.257359 0.093707
vt 0.265714 0.094538
vt 0.297298 0.518552
vt 0.316525 0.516161
vt 0.314403 0.526026
vt 0.292096 0.527486
vt 0.280098 0.523502
vt 0.277228 0.514601
vt 0.297798 0.506866
vt 0.317726 0.500701
vt 0.335766 0.498345
vt 0.332396 0.518176
vt 0.294354 0.492407
vt 0.315215 0.483699
vt 0.289324 0.480622
vt 0.311664 0.471291
vt 0.285177 0.471027
vt 0.309648 0.461677
vt 0.337865 0.455907
vt 0.207217 0.088327
vt 0.206660 0.113534
vt 0.197944 0.113857
vt 0.197707 0.088527
vt 0.188943 0.113460
vt 0.188056 0.088936
vt 0.189124 0.060603
vt 0.190438 0.034202
vt 0.102813 0.232896
vt 0.101018 0.261309
vt 0.091890 0.261071
vt 0.093891 0.235043
vt 0.094342 0.207644
vt 0.104111 0.206433
vt 0.086623 0.175294
vt 0.094933 0.174532
vt 0.083993 0.236451
vt 0.084791 0.210512
vt 0.077288 0.178507
vt 0.066238 0.150842
vt 0.073587 0.145581
vt 0.073819 0.213353
vt 0.066737 0.182730
vt 0.056937 0.156113
vt 0.052475 0.187786
vt 0.004978 0.527390
vt 0.022186 0.526666
vt 0.032214 0.192736
vt 0.032099 0.160235
vt 0.047594 0.159516
vt 0.011162 0.195056
vt 0.008355 0.162745
vt 0.005657 0.134576
vt 0.002520 0.101313
vt 0.077511 0.876333
vt 0.053916 0.878578
vt 0.054830 0.855476
vt 0.078991 0.856218
vt 0.106232 0.856922
vt 0.105769 0.873296
vt 0.134988 0.858066
vt 0.134977 0.870555
vt 0.134298 0.564104
vt 0.166232 0.558124
vt 0.166157 0.575052
vt 0.135569 0.579233
vt 0.104195 0.583123
vt 0.102880 0.571420
vt 0.137531 0.845920
vt 0.164733 0.851379
vt 0.162667 0.860317
vt 0.136732 0.593912
vt 0.105599 0.595987
vt 0.077734 0.598300
vt 0.076530 0.588074
vt 0.053965 0.600745
vt 0.053092 0.593513
vt 0.107604 0.607834
vt 0.079138 0.608470
vt 0.054011 0.608207
vt 0.037959 0.606324
vt 0.038250 0.601646
vt 0.731272 0.017173
vt 0.733125 0.042603
vt 0.724501 0.041908
vt 0.725440 0.016279
vt 0.455774 0.603264
vt 0.449592 0.603843
vt 0.449726 0.588675
vt 0.454244 0.588448
vt 0.449367 0.580830
vt 0.452797 0.580943
vt 0.724622 0.000538
vt 0.718829 0.015843
vt 0.720177 0.001155
vt 0.445516 0.587812
vt 0.446276 0.579794
vt 0.591013 0.006838
vt 0.594539 0.014534
vt 0.590380 0.014367
vt 0.588116 0.006733
vt 0.585539 0.002220
vt 0.588148 0.001617
vt 0.455801 0.563890
vt 0.453336 0.567320
vt 0.451015 0.566033
vt 0.453768 0.562272
vt 0.459638 0.560041
vt 0.461357 0.562677
vt 0.457934 0.566176
vt 0.455665 0.569155
vt 0.235998 0.684341
vt 0.237872 0.682517
vt 0.239815 0.684640
vt 0.237821 0.686663
vt 0.460064 0.568658
vt 0.458183 0.571166
vt 0.234169 0.681696
vt 0.235882 0.679975
vt 0.237967 0.678579
vt 0.239993 0.680706
vt 0.231827 0.678612
vt 0.233687 0.676854
vt 0.236030 0.675303
vt 0.230030 0.670008
vt 0.233507 0.668307
vt 0.225025 0.656048
vt 0.229881 0.654166
vt 0.235163 0.652733
vt 0.047198 0.487343
vt 0.052663 0.487283
vt 0.053363 0.511320
vt 0.045730 0.510873
vt 0.037718 0.510062
vt 0.041518 0.486837
vt 0.240808 0.651987
vt 0.239931 0.629035
vt 0.247552 0.629387
vt 0.246846 0.652244
vt 0.023939 0.014617
vt 0.028368 0.038044
vt 0.020144 0.039482
vt 0.018333 0.015323
vt 0.017874 0.001604
vt 0.021397 0.001563
vt 0.247552 0.668114
vt 0.244982 0.674864
vt 0.206343 0.874882
vt 0.191118 0.879158
vt 0.188891 0.873874
vt 0.205166 0.871657
vt 0.212800 0.870456
vt 0.213612 0.872543
vt 0.247139 0.676202
vt 0.244527 0.679859
vt 0.242495 0.678419
vt 0.204660 0.867959
vt 0.212329 0.867678
vt 0.217428 0.867720
vt 0.217702 0.869843
vt 0.246240 0.681528
vt 0.244122 0.684208
vt 0.242101 0.682528
vt 0.221290 0.867524
vt 0.223609 0.864329
vt 0.224417 0.867073
vt 0.204651 0.863335
vt 0.187636 0.868295
vt 0.187660 0.862041
vt 0.188985 0.855776
vt 0.205275 0.859080
vt 0.037984 0.597275
vt 0.207018 0.855364
vt 0.162224 0.868634
vt 0.051189 0.586776
vt 0.075300 0.579139
vt 0.002317 0.040615
vt 0.005945 0.015889
vt 0.012035 0.015891
vt 0.011327 0.040419
vt 0.013458 0.067948
vt 0.000942 0.068500
vt 0.027229 0.070693
vt 0.034483 0.065972
vt 0.026036 0.538124
vt 0.030340 0.509982
vt 0.035073 0.537459
vt 0.033699 0.566249
vt 0.026036 0.573766
vt 0.044798 0.538164
vt 0.043471 0.565104
vt 0.232384 0.619154
vt 0.234011 0.628897
vt 0.206208 0.628251
vt 0.203040 0.619548
vt 0.198615 0.612211
vt 0.227251 0.611564
vt 0.172288 0.628793
vt 0.170937 0.619952
vt 0.170849 0.611863
vt 0.135862 0.629910
vt 0.136513 0.620217
vt 0.138051 0.610287
vt 0.208455 0.636804
vt 0.173591 0.637135
vt 0.136825 0.639784
vt 0.210104 0.645180
vt 0.174864 0.645055
vt 0.134142 0.647800
vt 0.429439 0.473284
vt 0.458339 0.488647
vt 0.456636 0.496494
vt 0.430756 0.483112
vt 0.454302 0.506651
vt 0.430792 0.494721
vt 0.452362 0.520931
vt 0.426866 0.510815
vt 0.451217 0.539072
vt 0.425893 0.534208
vt 0.398928 0.528418
vt 0.428254 0.554210
vt 0.404347 0.550770
vt 0.377412 0.547790
vt 0.371983 0.524671
vt 0.347632 0.523570
vt 0.520064 0.209109
vt 0.527423 0.182624
vt 0.547980 0.178456
vt 0.541349 0.200414
vt 0.387847 0.566825
vt 0.568457 0.177759
vt 0.561394 0.192854
vt 0.555244 0.219084
vt 0.533210 0.233860
vt 0.578480 0.190636
vt 0.574733 0.207358
vt 0.586647 0.191795
vt 0.586226 0.200917
vt 0.586112 0.202115
vt 0.686837 0.190177
vt 0.707829 0.218374
vt 0.704215 0.255591
vt 0.686860 0.250117
vt 0.585665 0.262062
vt 0.585546 0.285414
vt 0.725070 0.225746
vt 0.261765 0.599127
vt 0.224119 0.601870
vt 0.225442 0.585968
vt 0.260740 0.582682
vt 0.291470 0.598268
vt 0.709307 0.184651
vt 0.728849 0.188184
vt 0.716929 0.156349
vt 0.731498 0.159268
vt 0.697090 0.172014
vt 0.705256 0.153772
vt 0.708614 0.131921
vt 0.720494 0.131579
vt 0.685437 0.167358
vt 0.695958 0.151367
vt 0.699557 0.133525
vt 0.597873 0.146412
vt 0.595422 0.164026
vt 0.583436 0.161532
vt 0.592770 0.153870
vt 0.577522 0.151941
vt 0.588353 0.153044
vt 0.585112 0.179190
vt 0.559384 0.155471
vt 0.699240 0.093297
vt 0.700964 0.069579
vt 0.712425 0.070683
vt 0.708036 0.103436
vt 0.692607 0.119224
vt 0.688827 0.100133
vt 0.597738 0.106148
vt 0.587341 0.112153
vt 0.587568 0.081345
vt 0.598691 0.082522
vt 0.587313 0.051175
vt 0.595784 0.052946
vt 0.572168 0.110978
vt 0.575019 0.079371
vt 0.578354 0.049099
vt 0.580996 0.025317
vt 0.586775 0.027169
vt 0.561424 0.077521
vt 0.569350 0.048819
vt 0.508992 0.552454
vt 0.510640 0.561669
vt 0.483720 0.557817
vt 0.538796 0.563265
vt 0.538124 0.576453
vt 0.510123 0.571541
vt 0.535888 0.587648
vt 0.508663 0.580633
vt 0.538338 0.526622
vt 0.511640 0.529698
vt 0.510244 0.519132
vt 0.538094 0.519198
vt 0.506341 0.587648
vt 0.482843 0.580780
vt 0.468154 0.575497
vt 0.562198 0.517656
vt 0.537340 0.511744
vt 0.561871 0.512611
vt 0.480885 0.585101
vt 0.467296 0.578891
vt 0.460893 0.573935
vt 0.462524 0.571423
vt 0.227165 0.672033
vt 0.221225 0.658747
vt 0.462718 0.565819
vt 0.467818 0.558960
vt 0.468777 0.562388
vt 0.582224 0.012732
vt 0.586183 0.013445
vt 0.584548 0.006651
vt 0.592640 0.028477
vt 0.599215 0.029397
vt 0.712541 0.015440
vt 0.715329 0.040775
vt 0.706969 0.039945
vt 0.723942 0.071376
vt 0.735716 0.071548
vt 0.735527 0.102231
vt 0.723278 0.101803
vt 0.733516 0.132382
vt 0.168278 0.605576
vt 0.138119 0.606995
vt 0.166880 0.591219
vt 0.195227 0.588618
vt 0.195140 0.603615
vt 0.195726 0.571649
vt 0.226115 0.568431
vt 0.195871 0.553645
vt 0.226598 0.549522
vt 0.030039 0.854303
vt 0.028344 0.879158
vt 0.001609 0.874353
vt 0.005142 0.850672
vt 0.536605 0.505569
vt 0.560883 0.508416
vt 0.509596 0.510222
vt 0.509257 0.501641
vt 0.060393 0.511421
vt 0.062466 0.538829
vt 0.054297 0.538563
vt 0.057803 0.486958
vt 0.062418 0.565115
vt 0.053246 0.564882
vt 0.235023 0.638651
vt 0.235984 0.647800
vt 0.482845 0.498594
vt 0.482557 0.506947
vt 0.481711 0.516025
vt 0.480854 0.528311
vt 0.511576 0.540249
vt 0.479947 0.541409
vt 0.565648 0.583440
vt 0.566825 0.566190
vt 0.479536 0.555834
vt 0.449523 0.559389
vt 0.553944 0.108830
vt 0.573754 0.139810
vt 0.548263 0.138735
vt 0.592076 0.131600
vt 0.595325 0.141349
vt 0.578347 0.144328
vt 0.687726 0.179808
vt 0.679539 0.179305
vt 0.536340 0.159256
vt 0.454408 0.575282
vt 0.455774 0.580088
vt 0.216742 0.856881
vt 0.209945 0.852267
vt 0.071720 0.237172
vt 0.081175 0.259527
vt 0.067624 0.257090
vt 0.050256 0.257564
vt 0.063727 0.279315
vt 0.050415 0.279085
vt 0.040534 0.279659
vt 0.037917 0.259600
vt 0.032245 0.280275
vt 0.029240 0.261679
vt 0.026408 0.249489
vt 0.145940 0.086777
vt 0.147001 0.105468
vt 0.136885 0.106206
vt 0.135699 0.088599
vt 0.133625 0.077157
vt 0.131667 0.069050
vt 0.122199 0.089759
vt 0.120058 0.079196
vt 0.118836 0.070749
vt 0.656405 0.426138
vt 0.650672 0.426415
vt 0.252145 0.608440
vt 0.260712 0.604687
vt 0.263436 0.621454
vt 0.256210 0.624953
vt 0.271371 0.601670
vt 0.272890 0.617602
vt 0.269840 0.638017
vt 0.262551 0.642405
vt 0.269952 0.652230
vt 0.288601 0.599962
vt 0.123020 0.106928
vt 0.106214 0.108151
vt 0.206374 0.475812
vt 0.213619 0.476268
vt 0.698699 0.512836
vt 0.691826 0.514346
vt 0.222103 0.476183
vt 0.222103 0.483208
vt 0.683757 0.516480
vt 0.042838 0.308281
vt 0.034768 0.309228
vt 0.050613 0.308140
vt 0.060586 0.307796
vt 0.059303 0.338917
vt 0.640860 0.412405
vt 0.640310 0.443492
vt 0.634289 0.444206
vt 0.633379 0.412405
vt 0.072306 0.308525
vt 0.069271 0.338906
vt 0.066701 0.369987
vt 0.079731 0.339378
vt 0.076596 0.370856
vt 0.073075 0.400424
vt 0.176587 0.226995
vt 0.175910 0.197563
vt 0.186268 0.198474
vt 0.186194 0.228175
vt 0.197654 0.199132
vt 0.196599 0.228596
vt 0.193591 0.259086
vt 0.206640 0.228298
vt 0.202623 0.258311
vt 0.197302 0.295004
vt 0.188065 0.295850
vt 0.107618 0.528207
vt 0.143993 0.517404
vt 0.145023 0.526127
vt 0.108941 0.533994
vt 0.204100 0.294931
vt 0.194406 0.329693
vt 0.188885 0.330097
vt 0.182379 0.330205
vt 0.190410 0.361607
vt 0.184917 0.361325
vt 0.180358 0.361355
vt 0.200355 0.330617
vt 0.195872 0.362283
vt 0.196326 0.392329
vt 0.759946 0.185390
vt 0.757147 0.217476
vt 0.750763 0.216117
vt 0.752399 0.184655
vt 0.202571 0.363744
vt 0.207214 0.332589
vt 0.217007 0.334907
vt 0.212946 0.365328
vt 0.210113 0.394395
vt 0.201535 0.393431
vt 0.230594 0.367172
vt 0.226844 0.395470
vt 0.224125 0.425126
vt 0.207427 0.423799
vt 0.742053 0.154868
vt 0.244392 0.396937
vt 0.241554 0.426785
vt 0.239531 0.454211
vt 0.256217 0.428418
vt 0.253949 0.454184
vt 0.251715 0.472861
vt 0.237491 0.472330
vt 0.683111 0.312187
vt 0.686394 0.298116
vt 0.699590 0.303512
vt 0.695150 0.314440
vt 0.831324 0.004690
vt 0.842908 0.004241
vt 0.841165 0.022485
vt 0.830904 0.023734
vt 0.787949 0.525521
vt 0.785419 0.544381
vt 0.795869 0.543591
vt 0.792294 0.565985
vt 0.783623 0.565979
vt 0.773704 0.565907
vt 0.782057 0.580594
vt 0.775260 0.582515
vt 0.764542 0.579387
vt 0.763299 0.567560
vt 0.235984 0.476528
vt 0.235984 0.487591
vt 0.225584 0.490477
vt 0.227469 0.479544
vt 0.788590 0.581001
vt 0.785892 0.589474
vt 0.779679 0.588332
vt 0.839802 0.060485
vt 0.839649 0.045091
vt 0.850267 0.045124
vt 0.846719 0.061596
vt 0.853564 0.061940
vt 0.849639 0.074034
vt 0.691353 0.288307
vt 0.703326 0.295006
vt 0.615587 0.182504
vt 0.617277 0.201281
vt 0.605757 0.205947
vt 0.604133 0.183959
vt 0.598252 0.198469
vt 0.595323 0.186686
vt 0.599457 0.225004
vt 0.618362 0.227114
vt 0.590992 0.200292
vt 0.588554 0.192268
vt 0.259321 0.398341
vt 0.247844 0.369561
vt 0.262224 0.372147
vt 0.251617 0.339869
vt 0.266846 0.341632
vt 0.233892 0.337061
vt 0.236218 0.300115
vt 0.254280 0.300253
vt 0.223490 0.298665
vt 0.230291 0.262947
vt 0.239863 0.264235
vt 0.215782 0.297163
vt 0.222768 0.261420
vt 0.226446 0.230114
vt 0.235024 0.231163
vt 0.210097 0.295499
vt 0.215548 0.259667
vt 0.145022 0.540212
vt 0.145399 0.533532
vt 0.176535 0.529526
vt 0.176418 0.537346
vt 0.204746 0.532374
vt 0.176149 0.519095
vt 0.173702 0.508522
vt 0.227519 0.201415
vt 0.230922 0.178889
vt 0.240601 0.178576
vt 0.237249 0.202836
vt 0.227419 0.530178
vt 0.247054 0.204087
vt 0.243795 0.232209
vt 0.261675 0.204418
vt 0.258600 0.232724
vt 0.256021 0.264604
vt 0.272315 0.232557
vt 0.269664 0.263842
vt 0.267292 0.301670
vt 0.629355 0.391902
vt 0.630766 0.423255
vt 0.619122 0.424814
vt 0.617962 0.393958
vt 0.610874 0.426071
vt 0.610317 0.396066
vt 0.603712 0.427347
vt 0.603632 0.397600
vt 0.602538 0.361623
vt 0.809330 0.493948
vt 0.773343 0.493064
vt 0.771622 0.487075
vt 0.806981 0.486279
vt 0.840784 0.481570
vt 0.844622 0.486843
vt 0.597006 0.326495
vt 0.857265 0.478672
vt 0.857607 0.484919
vt 0.548516 0.503370
vt 0.542251 0.503573
vt 0.541674 0.495207
vt 0.548271 0.494487
vt 0.554465 0.494190
vt 0.553296 0.503753
vt 0.541283 0.485791
vt 0.548079 0.483159
vt 0.555216 0.481899
vt 0.540684 0.469880
vt 0.547578 0.470601
vt 0.555049 0.471757
vt 0.540786 0.450346
vt 0.546752 0.451211
vt 0.554134 0.452810
vt 0.545770 0.423588
vt 0.553139 0.424139
vt 0.559237 0.425306
vt 0.559885 0.456489
vt 0.750628 0.921662
vt 0.552474 0.395339
vt 0.559212 0.395838
vt 0.725989 0.917685
vt 0.698576 0.918271
vt 0.698102 0.912274
vt 0.672113 0.919716
vt 0.672171 0.913698
vt 0.671216 0.907701
vt 0.697554 0.906033
vt 0.670225 0.901989
vt 0.696670 0.900024
vt 0.725100 0.897265
vt 0.668834 0.895578
vt 0.694548 0.891631
vt 0.715220 0.879975
vt 0.690444 0.880034
vt 0.707241 0.870700
vt 0.709076 0.861096
vt 0.708792 0.843142
vt 0.713396 0.862207
vt 0.665937 0.885848
vt 0.658654 0.869576
vt 0.641947 0.889636
vt 0.636521 0.876818
vt 0.629292 0.864348
vt 0.649054 0.853745
vt 0.623407 0.856171
vt 0.641029 0.842666
vt 0.654674 0.832371
vt 0.617592 0.848738
vt 0.632890 0.832177
vt 0.645911 0.824489
vt 0.203594 0.484271
vt 0.177180 0.490305
vt 0.177494 0.483397
vt 0.203312 0.479817
vt 0.598877 0.110635
vt 0.603749 0.112503
vt 0.600676 0.085703
vt 0.605344 0.086425
vt 0.610073 0.113714
vt 0.611857 0.087377
vt 0.617353 0.113661
vt 0.620038 0.133958
vt 0.934021 0.577306
vt 0.914899 0.590788
vt 0.910346 0.584693
vt 0.931323 0.570128
vt 0.949841 0.557932
vt 0.928993 0.562603
vt 0.948925 0.550182
vt 0.962475 0.542882
vt 0.971425 0.538931
vt 0.946007 0.537406
vt 0.963659 0.528148
vt 0.971378 0.523522
vt 0.925441 0.552580
vt 0.918603 0.538673
vt 0.940067 0.519920
vt 0.909567 0.524554
vt 0.928813 0.503327
vt 0.903165 0.516316
vt 0.921048 0.494301
vt 0.937103 0.472744
vt 0.950678 0.451863
vt 0.916099 0.488906
vt 0.931842 0.467029
vt 0.511518 0.074257
vt 0.519581 0.076382
vt 0.519324 0.099856
vt 0.511853 0.097659
vt 0.945990 0.446364
vt 0.955880 0.430485
vt 0.526486 0.078288
vt 0.526890 0.101824
vt 0.150164 0.113357
vt 0.150453 0.089430
vt 0.157323 0.089144
vt 0.157257 0.113734
vt 0.157323 0.131723
vt 0.150293 0.131874
vt 0.533485 0.079673
vt 0.526295 0.053136
vt 0.532948 0.054278
vt 0.179247 0.116707
vt 0.178105 0.090999
vt 0.184451 0.091562
vt 0.185086 0.117992
vt 0.541025 0.423610
vt 0.178159 0.064367
vt 0.184287 0.065297
vt 0.545509 0.395101
vt 0.545760 0.366623
vt 0.551937 0.367137
vt 0.546693 0.335731
vt 0.552462 0.338557
vt 0.557090 0.339732
vt 0.558143 0.367614
vt 0.646113 0.921529
vt 0.631322 0.923116
vt 0.646945 0.915921
vt 0.646424 0.910112
vt 0.626441 0.907137
vt 0.645600 0.904387
vt 0.624147 0.901270
vt 0.644419 0.898305
vt 0.620918 0.893503
vt 0.615838 0.883459
vt 0.592857 0.883010
vt 0.610065 0.874449
vt 0.589493 0.879937
vt 0.605632 0.868909
vt 0.586411 0.877255
vt 0.601606 0.864354
vt 0.583339 0.874558
vt 0.597423 0.859697
vt 0.151093 0.495105
vt 0.151333 0.489954
vt 0.127394 0.495105
vt 0.126972 0.492140
vt 0.151224 0.483735
vt 0.176148 0.479189
vt 0.126654 0.489153
vt 0.149707 0.479778
vt 0.601312 0.060050
vt 0.606042 0.060547
vt 0.125714 0.483242
vt 0.148050 0.476027
vt 0.611496 0.060982
vt 0.619207 0.086132
vt 0.342871 0.360072
vt 0.342871 0.333387
vt 0.347505 0.334762
vt 0.351663 0.360917
vt 0.893018 0.600422
vt 0.887477 0.592845
vt 0.907488 0.576929
vt 0.904188 0.568334
vt 0.898463 0.556746
vt 0.890715 0.544885
vt 0.866325 0.555484
vt 0.884729 0.537455
vt 0.862407 0.549525
vt 0.880062 0.533079
vt 0.898876 0.511148
vt 0.876213 0.528355
vt 0.895076 0.506654
vt 0.911996 0.484445
vt 0.527362 0.027519
vt 0.530633 0.001284
vt 0.536749 0.001424
vt 0.533668 0.028532
vt 0.180520 0.036090
vt 0.185086 0.036972
vt 0.851449 0.575150
vt 0.847463 0.570277
vt 0.611063 0.054027
vt 0.606225 0.049326
vt 0.606596 0.025749
vt 0.613440 0.031967
vt 0.619621 0.036056
vt 0.615167 0.061142
vt 0.624724 0.036744
vt 0.617180 0.062466
vt 0.617550 0.019478
vt 0.624456 0.023946
vt 0.471969 0.448265
vt 0.469146 0.460722
vt 0.463257 0.458240
vt 0.465139 0.446949
vt 0.629292 0.036343
vt 0.629292 0.058838
vt 0.458942 0.456438
vt 0.459846 0.446298
vt 0.460995 0.427172
vt 0.468793 0.424861
vt 0.270688 0.383182
vt 0.270317 0.412281
vt 0.262025 0.409320
vt 0.263112 0.381669
vt 0.591141 0.919359
vt 0.573218 0.911373
vt 0.575919 0.907314
vt 0.590282 0.914365
vt 0.578782 0.902632
vt 0.590395 0.907909
vt 0.608631 0.909641
vt 0.568846 0.902386
vt 0.572707 0.898888
vt 0.576444 0.894969
vt 0.568537 0.896218
vt 0.572737 0.892511
vt 0.579080 0.887321
vt 0.582091 0.889529
vt 0.570032 0.890515
vt 0.576645 0.885481
vt 0.567953 0.888860
vt 0.574322 0.883587
vt 0.566125 0.887423
vt 0.572132 0.881891
vt 0.580485 0.872082
vt 0.564535 0.886166
vt 0.569969 0.880235
vt 0.577701 0.869560
vt 0.563077 0.885086
vt 0.567759 0.878647
vt 0.111516 0.493757
vt 0.110964 0.491628
vt 0.561732 0.884169
vt 0.566056 0.877794
vt 0.110260 0.490222
vt 0.123735 0.479969
vt 0.482446 0.495105
vt 0.476781 0.487669
vt 0.477795 0.486977
vt 0.482048 0.493477
vt 0.806796 0.500699
vt 0.807568 0.518240
vt 0.474173 0.481150
vt 0.476097 0.480646
vt 0.477068 0.479953
vt 0.478738 0.486111
vt 0.483787 0.489496
vt 0.478048 0.479517
vt 0.479746 0.485023
vt 0.485850 0.485957
vt 0.481642 0.483966
vt 0.485295 0.477979
vt 0.498251 0.321809
vt 0.502045 0.316449
vt 0.502045 0.330841
vt 0.501273 0.329029
vt 0.845828 0.617724
vt 0.846314 0.598850
vt 0.860890 0.616075
vt 0.204001 0.263880
vt 0.208222 0.259371
vt 0.206345 0.260982
vt 0.208222 0.282256
vt 0.185738 0.011568
vt 0.185192 0.008644
vt 0.185192 0.003379
vt 0.187399 0.004214
vt 0.167309 0.391061
vt 0.171204 0.398490
vt 0.171204 0.418757
vt 0.165581 0.412475
vt 0.177867 0.007590
vt 0.182772 0.002035
vt 0.181826 0.002933
vt 0.182772 0.013881
vt 0.451147 0.020822
vt 0.446040 0.019268
vt 0.448322 0.001174
vt 0.451147 0.010064
vt 0.484025 0.470395
vt 0.473861 0.475231
vt 0.479119 0.465330
vt 0.485100 0.465762
vt 0.619232 0.004514
vt 0.623375 0.009682
vt 0.622996 0.013469
vt 0.611902 0.001671
vt 0.462513 0.480693
vt 0.461910 0.478635
vt 0.464382 0.474385
vt 0.468051 0.480710
vt 0.466661 0.471012
vt 0.460729 0.470155
vt 0.461662 0.465513
vt 0.555944 0.902672
vt 0.552676 0.899200
vt 0.556765 0.898590
vt 0.560067 0.901560
vt 0.458459 0.462651
vt 0.561149 0.896790
vt 0.564416 0.899248
vt 0.564928 0.905466
vt 0.565466 0.894110
vt 0.558628 0.894722
vt 0.563064 0.892408
vt 0.556409 0.892823
vt 0.561063 0.890909
vt 0.554484 0.891177
vt 0.559385 0.889627
vt 0.552583 0.889719
vt 0.557871 0.888471
vt 0.473062 0.481770
vt 0.472467 0.476173
vt 0.556656 0.887533
vt 0.551311 0.893431
vt 0.548354 0.891605
vt 0.547745 0.893336
vt 0.546926 0.891187
vt 0.553998 0.896024
vt 0.549815 0.896005
vt 0.459658 0.474295
vt 0.000858 0.305633
vt 0.004627 0.302210
vt 0.004627 0.313152
vt 0.003298 0.314646
vt 0.009254 0.000924
vt 0.009254 0.010251
vt 0.007875 0.011568
vt 0.006802 0.005697
vt 0.220819 0.244272
vt 0.222103 0.244746
vt 0.221226 0.256034
vt 0.220819 0.256807
vt 0.082178 0.107183
vt 0.083289 0.109761
vt 0.082959 0.117287
vt 0.082178 0.117992
vt 0.482511 0.472791
vt 0.485850 0.472820
vt 0.484231 0.476224
vt 0.102996 0.186001
vt 0.104111 0.185421
vt 0.104081 0.193856
vt 0.104111 0.194340
vt 0.112710 0.240612
vt 0.112710 0.232403
vt 0.115679 0.233413
vt 0.114116 0.239750
vt 0.160866 0.159637
vt 0.161018 0.159082
vt 0.162347 0.157189
vt 0.164135 0.159625
vt 0.163299 0.156216
vt 0.164264 0.159637
vt 0.082852 0.098315
vt 0.083289 0.099701
vt 0.083095 0.102822
vt 0.082852 0.104111
vt 0.002146 0.021924
vt 0.002182 0.027763
vt 0.001490 0.026757
vt 0.001390 0.022294
vt 0.030076 0.032545
vt 0.030076 0.037017
vt 0.030038 0.036749
vt 0.029684 0.033213
vt 0.059317 0.043659
vt 0.060153 0.044474
vt 0.059802 0.048585
vt 0.059317 0.048169
vt 0.075266 0.001418
vt 0.076348 0.002593
vt 0.075266 0.006941
vt 0.075271 0.006844
vt 0.002314 0.021308
vt 0.001543 0.026666
vt 0.001189 0.027760
vt 0.000613 0.021308
vt 0.060153 0.056327
vt 0.060153 0.062466
vt 0.060069 0.062092
vt 0.059394 0.058027
vt 0.104863 0.079427
vt 0.106424 0.082683
vt 0.105079 0.085602
vt 0.104863 0.084398
vt 0.082362 0.090927
vt 0.083289 0.087183
vt 0.083137 0.088442
vt 0.083289 0.092543
vt 0.610045 0.011933
vt 0.874107 0.610073
vt 0.554297 0.322760
vt 0.557385 0.323182
vt 0.519868 0.051555
vt 0.123030 0.974651
vt 0.107556 0.973892
vt 0.534690 0.121162
vt 0.536749 0.135593
vt 0.804133 0.478736
vt 0.837252 0.474453
vt 0.800793 0.468457
vt 0.832704 0.464322
vt 0.795364 0.450145
vt 0.826102 0.445062
vt 0.851801 0.440635
vt 0.840725 0.409784
vt 0.861611 0.408596
vt 0.870394 0.438221
vt 0.876122 0.409250
vt 0.883638 0.436671
vt 0.885868 0.453872
vt 0.843869 0.373211
vt 0.861240 0.375084
vt 0.876408 0.376509
vt 0.842039 0.346437
vt 0.861746 0.344838
vt 0.878854 0.344499
vt 0.889356 0.378389
vt 0.892760 0.344961
vt 0.892512 0.379906
vt 0.001741 0.595445
vt 0.004627 0.598781
vt 0.004627 0.626978
vt 0.001409 0.626354
vt 0.308432 0.808897
vt 0.308722 0.774007
vt 0.323569 0.776941
vt 0.320118 0.811050
vt 0.317541 0.843999
vt 0.334764 0.812984
vt 0.330211 0.845423
vt 0.329048 0.873788
vt 0.353934 0.848411
vt 0.352508 0.877599
vt 0.353938 0.894600
vt 0.329612 0.892058
vt 0.355341 0.904926
vt 0.329197 0.902580
vt 0.310246 0.898845
vt 0.356541 0.913762
vt 0.326534 0.909164
vt 0.289973 0.900990
vt 0.358322 0.920802
vt 0.329174 0.916338
vt 0.106424 0.075464
vt 0.102621 0.078662
vt 0.102621 0.046601
vt 0.104553 0.037526
vt 0.505696 0.226830
vt 0.512238 0.224751
vt 0.511481 0.254458
vt 0.504264 0.255128
vt 0.499253 0.227860
vt 0.511254 0.283357
vt 0.415034 0.916496
vt 0.386178 0.915283
vt 0.385624 0.906263
vt 0.415360 0.907428
vt 0.445205 0.908777
vt 0.444382 0.917904
vt 0.415608 0.896976
vt 0.446131 0.897824
vt 0.415484 0.881956
vt 0.446301 0.881391
vt 0.413956 0.852996
vt 0.443641 0.850939
vt 0.469530 0.845726
vt 0.437769 0.818431
vt 0.460690 0.814282
vt 0.473149 0.810964
vt 0.450993 0.785775
vt 0.462135 0.782921
vt 0.469981 0.780482
vt 0.481249 0.808426
vt 0.476450 0.778256
vt 0.487882 0.806173
vt 0.482965 0.775916
vt 0.494318 0.803889
vt 0.488204 0.774109
vt 0.499421 0.802252
vt 0.285369 0.077864
vt 0.278680 0.078661
vt 0.536259 0.391484
vt 0.536749 0.419426
vt 0.530449 0.419250
vt 0.530076 0.390918
vt 0.530166 0.360955
vt 0.536580 0.361649
vt 0.687032 0.398737
vt 0.700647 0.369893
vt 0.705826 0.372461
vt 0.693083 0.401832
vt 0.681345 0.430951
vt 0.674895 0.427694
vt 0.699524 0.405124
vt 0.688828 0.434723
vt 0.677031 0.459613
vt 0.669396 0.454689
vt 0.664926 0.450843
vt 0.667614 0.475003
vt 0.689413 0.464290
vt 0.686884 0.477618
vt 0.687366 0.486557
vt 0.663789 0.484402
vt 0.688228 0.493885
vt 0.662900 0.491991
vt 0.712603 0.487750
vt 0.714115 0.493948
vt 0.602227 0.482760
vt 0.603258 0.456843
vt 0.610035 0.455686
vt 0.618562 0.454189
vt 0.630412 0.452225
vt 0.276202 0.203860
vt 0.741849 0.487740
vt 0.743600 0.493190
vt 0.710717 0.479226
vt 0.739339 0.479372
vt 0.769528 0.479261
vt 0.735993 0.468573
vt 0.766893 0.469120
vt 0.732303 0.448914
vt 0.762890 0.451544
vt 0.730898 0.417699
vt 0.714802 0.412173
vt 0.724476 0.380938
vt 0.736869 0.385655
vt 0.709769 0.443780
vt 0.696789 0.438737
vt 0.706111 0.408359
vt 0.709022 0.467072
vt 0.711566 0.375234
vt 0.717482 0.377963
vt 0.723976 0.346980
vt 0.729910 0.349430
vt 0.736840 0.352069
vt 0.742480 0.322932
vt 0.750352 0.325722
vt 0.764823 0.330822
vt 0.749226 0.355944
vt 0.786553 0.338124
vt 0.825729 0.281448
vt 0.788328 0.298007
vt 0.791573 0.260960
vt 0.826908 0.253736
vt 0.860085 0.245446
vt 0.862113 0.266542
vt 0.868144 0.292881
vt 0.829844 0.304287
vt 0.883374 0.258057
vt 0.886174 0.286609
vt 0.888948 0.315834
vt 0.873451 0.317946
vt 0.847420 0.322241
vt 0.313033 0.744970
vt 0.316312 0.715814
vt 0.332461 0.714810
vt 0.330215 0.746038
vt 0.348095 0.712643
vt 0.331991 0.686378
vt 0.343795 0.683936
vt 0.361556 0.682332
vt 0.368381 0.709699
vt 0.387542 0.679718
vt 0.391539 0.700397
vt 0.398368 0.732193
vt 0.412677 0.676498
vt 0.415294 0.692395
vt 0.420996 0.718913
vt 0.429239 0.688397
vt 0.434484 0.712315
vt 0.443009 0.735251
vt 0.428911 0.740580
vt 0.401637 0.750254
vt 0.452252 0.758089
vt 0.441145 0.761628
vt 0.419023 0.766496
vt 0.429999 0.788808
vt 0.404506 0.787732
vt 0.403787 0.769051
vt 0.409971 0.820092
vt 0.384945 0.818938
vt 0.385731 0.784121
vt 0.359256 0.816377
vt 0.384649 0.851572
vt 0.384636 0.880509
vt 0.385003 0.896039
vt 0.391984 0.759205
vt 0.450528 0.731641
vt 0.459875 0.755238
vt 0.456578 0.728421
vt 0.466209 0.752658
vt 0.462716 0.725108
vt 0.472634 0.749921
vt 0.467849 0.722245
vt 0.478077 0.747714
vt 0.535882 0.445404
vt 0.534689 0.470803
vt 0.528013 0.471840
vt 0.529351 0.445552
vt 0.154746 0.029500
vt 0.154940 0.002604
vt 0.161950 0.002142
vt 0.161497 0.029584
vt 0.161399 0.056816
vt 0.155008 0.056585
vt 0.718102 0.344449
vt 0.729768 0.318202
vt 0.735982 0.320546
vt 0.161950 0.085602
vt 0.155864 0.084922
vt 0.741861 0.291862
vt 0.748674 0.293659
vt 0.755437 0.295249
vt 0.759369 0.264959
vt 0.765931 0.264608
vt 0.774506 0.263366
vt 0.764767 0.297054
vt 0.766657 0.244966
vt 0.776068 0.243499
vt 0.793604 0.242078
vt 0.775536 0.234112
vt 0.794588 0.232697
vt 0.825731 0.229893
vt 0.826652 0.239089
vt 0.854703 0.225652
vt 0.857280 0.233923
vt 0.870640 0.220029
vt 0.873161 0.226845
vt 0.881206 0.236161
vt 0.669311 0.390997
vt 0.672616 0.403140
vt 0.661109 0.404469
vt 0.661495 0.394302
vt 0.322136 0.665497
vt 0.330934 0.667899
vt 0.319599 0.687334
vt 0.332413 0.656378
vt 0.343670 0.659194
vt 0.343117 0.668920
vt 0.359247 0.659412
vt 0.359790 0.668817
vt 0.384461 0.658840
vt 0.385636 0.667813
vt 0.410337 0.658849
vt 0.411313 0.666853
vt 0.428938 0.658397
vt 0.428634 0.666018
vt 0.428617 0.674734
vt 0.437442 0.686256
vt 0.448119 0.704714
vt 0.441849 0.708267
vt 0.454698 0.701007
vt 0.110986 0.437265
vt 0.115234 0.433471
vt 0.458395 0.698029
vt 0.120601 0.520554
vt 0.121346 0.502852
vt 0.125321 0.501656
vt 0.125987 0.517932
vt 0.533278 0.494772
vt 0.527638 0.497418
vt 0.129305 0.499736
vt 0.131874 0.516621
vt 0.746797 0.265220
vt 0.752786 0.265175
vt 0.735444 0.290098
vt 0.754407 0.248058
vt 0.759678 0.246512
vt 0.764487 0.235522
vt 0.762764 0.228383
vt 0.775091 0.226624
vt 0.761223 0.220305
vt 0.774712 0.218876
vt 0.795244 0.217349
vt 0.795065 0.224936
vt 0.823831 0.215090
vt 0.824702 0.222280
vt 0.850881 0.213149
vt 0.853144 0.218862
vt 0.062288 0.124011
vt 0.071688 0.138814
vt 0.868001 0.214192
vt 0.064608 0.094667
vt 0.063128 0.066099
vt 0.070371 0.066075
vt 0.071648 0.093330
vt 0.077410 0.065971
vt 0.078377 0.092559
vt 0.342901 0.090809
vt 0.342447 0.064266
vt 0.349923 0.063684
vt 0.350596 0.090007
vt 0.350592 0.115700
vt 0.342672 0.116389
vt 0.351293 0.130209
vt 0.342084 0.131874
vt 0.357064 0.642954
vt 0.382758 0.643800
vt 0.383505 0.651009
vt 0.358155 0.650983
vt 0.409096 0.644572
vt 0.409627 0.651094
vt 0.356290 0.063066
vt 0.349312 0.043616
vt 0.355768 0.043488
vt 0.429212 0.651074
vt 0.442212 0.651415
vt 0.348939 0.029458
vt 0.355021 0.030503
vt 0.348831 0.018913
vt 0.354625 0.019868
vt 0.342166 0.043943
vt 0.342084 0.029359
vt 0.342290 0.019010
vt 0.343138 0.009736
vt 0.349225 0.009772
vt 0.076016 0.020659
vt 0.076257 0.031013
vt 0.069296 0.031121
vt 0.069516 0.021163
vt 0.070520 0.011829
vt 0.076205 0.011406
vt 0.069407 0.456723
vt 0.063278 0.457564
vt 0.062361 0.022747
vt 0.063543 0.013671
vt 0.066967 0.004573
vt 0.070899 0.004119
vt 0.062288 0.032102
vt 0.076750 0.045617
vt 0.069713 0.045469
vt 0.062500 0.045580
vt 0.463033 0.647678
vt 0.470024 0.650532
vt 0.469677 0.654676
vt 0.462267 0.653451
vt 0.452858 0.652239
vt 0.453894 0.646608
vt 0.344908 0.002513
vt 0.349222 0.002800
vt 0.134187 0.046271
vt 0.130190 0.045006
vt 0.131087 0.040064
vt 0.133843 0.040048
vt 0.131379 0.037812
vt 0.134187 0.036945
vt 0.064282 0.471777
vt 0.061231 0.466827
vt 0.066251 0.474282
vt 0.750115 0.249101
vt 0.120601 0.493925
vt 0.123203 0.493637
vt 0.824079 0.328824
vt 0.825876 0.349514
vt 0.814666 0.340832
vt 0.822501 0.375218
vt 0.233278 0.153862
vt 0.235907 0.126078
vt 0.252445 0.527862
vt 0.248841 0.519153
vt 0.272873 0.502971
vt 0.265310 0.490610
vt 0.262225 0.480889
vt 0.206368 0.137286
vt 0.208607 0.169925
vt 0.198509 0.168157
vt 0.197869 0.139127
vt 0.187478 0.167371
vt 0.188993 0.139059
vt 0.176878 0.166212
vt 0.179901 0.137339
vt 0.093320 0.311723
vt 0.083681 0.310347
vt 0.088286 0.284873
vt 0.097866 0.285953
vt 0.077291 0.282128
vt 0.208828 0.199752
vt 0.109634 0.541190
vt 0.190654 0.002006
vt 0.240226 0.092324
vt 0.242776 0.077629
vt 0.248804 0.080108
vt 0.244138 0.092887
vt 0.243453 0.110831
vt 0.238460 0.114628
vt 0.329449 0.527536
vt 0.250191 0.093468
vt 0.254102 0.081709
vt 0.260202 0.083055
vt 0.261734 0.075340
vt 0.269589 0.077574
vt 0.268117 0.084688
vt 0.256119 0.073585
vt 0.070538 0.426903
vt 0.075847 0.426868
vt 0.075365 0.431841
vt 0.069437 0.432495
vt 0.251575 0.072443
vt 0.071300 0.422375
vt 0.076348 0.422529
vt 0.246969 0.070038
vt 0.327299 0.441036
vt 0.331975 0.440098
vt 0.331608 0.446331
vt 0.329594 0.446953
vt 0.279514 0.080881
vt 0.277201 0.087358
vt 0.275672 0.095690
vt 0.634107 0.574645
vt 0.629387 0.578393
vt 0.069792 0.450287
vt 0.068145 0.440324
vt 0.074656 0.440057
vt 0.076348 0.451147
vt 0.457953 0.084784
vt 0.463846 0.085537
vt 0.462192 0.072829
vt 0.467342 0.075704
vt 0.689407 0.011846
vt 0.696252 0.012654
vt 0.696511 0.026055
vt 0.690109 0.026880
vt 0.690231 0.002297
vt 0.696916 0.003545
vt 0.703326 0.028388
vt 0.688692 0.037315
vt 0.703015 0.014658
vt 0.703159 0.005193
vt 0.497418 0.674671
vt 0.488318 0.677877
vt 0.488318 0.650931
vt 0.495073 0.645813
vt 0.499418 0.176763
vt 0.503414 0.155562
vt 0.497446 0.158066
vt 0.499350 0.131546
vt 0.505520 0.132343
vt 0.491514 0.131681
vt 0.491796 0.103216
vt 0.501037 0.103911
vt 0.481400 0.103099
vt 0.483475 0.081464
vt 0.495052 0.079791
vt 0.470753 0.102014
vt 0.471683 0.082432
vt 0.473002 0.071141
vt 0.483571 0.070549
vt 0.431813 0.080372
vt 0.419783 0.080969
vt 0.417147 0.069310
vt 0.428031 0.069513
vt 0.461698 0.070351
vt 0.461928 0.055147
vt 0.472340 0.056180
vt 0.406755 0.081872
vt 0.405167 0.069196
vt 0.402944 0.054078
vt 0.413063 0.054495
vt 0.399764 0.035008
vt 0.408954 0.034659
vt 0.391318 0.035615
vt 0.413406 0.021066
vt 0.418292 0.034728
vt 0.422558 0.055046
vt 0.469345 0.035648
vt 0.467772 0.021599
vt 0.474828 0.021921
vt 0.478257 0.036486
vt 0.481914 0.056491
vt 0.486601 0.036020
vt 0.491670 0.056006
vt 0.493865 0.070275
vt 0.501412 0.053850
vt 0.504416 0.068178
vt 0.481573 0.021773
vt 0.479448 0.014292
vt 0.485184 0.014254
vt 0.473639 0.014145
vt 0.473537 0.007699
vt 0.478786 0.007808
vt 0.467668 0.013811
vt 0.468286 0.007583
vt 0.409207 0.007472
vt 0.406938 0.000909
vt 0.412160 0.001122
vt 0.414412 0.007298
vt 0.410904 0.013511
vt 0.403472 0.007570
vt 0.404492 0.003132
vt 0.478978 0.001705
vt 0.483957 0.002581
vt 0.483772 0.008023
vt 0.473526 0.001306
vt 0.488436 0.003643
vt 0.487916 0.008237
vt 0.489034 0.013933
vt 0.490832 0.008616
vt 0.491939 0.013317
vt 0.323900 0.340095
vt 0.320957 0.339764
vt 0.319679 0.332608
vt 0.323900 0.332729
vt 0.491583 0.004361
vt 0.061838 0.107033
vt 0.058438 0.108839
vt 0.057590 0.103927
vt 0.060365 0.102243
vt 0.062466 0.112667
vt 0.057590 0.116430
vt 0.595677 0.814577
vt 0.596638 0.821855
vt 0.358604 0.002142
vt 0.356392 0.009125
vt 0.351264 0.011568
vt 0.351264 0.002561
vt 0.597816 0.829651
vt 0.604793 0.821052
vt 0.613097 0.826130
vt 0.594517 0.841464
vt 0.588029 0.839389
vt 0.601169 0.844977
vt 0.322265 0.569829
vt 0.322265 0.558858
vt 0.330629 0.561060
vt 0.330841 0.571453
vt 0.763073 0.217476
vt 0.760849 0.210103
vt 0.769622 0.214886
vt 0.590148 0.851395
vt 0.585178 0.846526
vt 0.244766 0.067094
vt 0.245899 0.058770
vt 0.252179 0.058489
vt 0.252179 0.065652
vt 0.739259 0.603462
vt 0.738151 0.596935
vt 0.743283 0.595671
vt 0.744971 0.602432
vt 0.739912 0.610783
vt 0.732900 0.597399
vt 0.731684 0.591522
vt 0.728055 0.597364
vt 0.727687 0.591029
vt 0.726773 0.585081
vt 0.727053 0.585100
vt 0.722814 0.597291
vt 0.724183 0.590920
vt 0.575159 0.680191
vt 0.574057 0.677471
vt 0.580697 0.675311
vt 0.580707 0.676948
vt 0.573478 0.674458
vt 0.580687 0.673391
vt 0.573178 0.671489
vt 0.580677 0.671177
vt 0.573093 0.668623
vt 0.580624 0.668878
vt 0.573183 0.665966
vt 0.580595 0.666747
vt 0.573002 0.663943
vt 0.580640 0.665295
vt 0.572369 0.660497
vt 0.580693 0.663559
vt 0.574520 0.659442
vt 0.580707 0.662520
vt 0.002032 0.270190
vt 0.003305 0.276963
vt 0.002032 0.277461
vt 0.002829 0.270382
vt 0.522853 0.323900
vt 0.515864 0.322767
vt 0.515870 0.322288
vt 0.522860 0.323087
vt 0.517696 0.321825
vt 0.522868 0.322347
vt 0.517767 0.321152
vt 0.522849 0.321644
vt 0.516182 0.320797
vt 0.522840 0.321086
vt 0.516896 0.320329
vt 0.522822 0.320586
vt 0.518094 0.319367
vt 0.522802 0.320024
vt 0.518021 0.318615
vt 0.522783 0.319494
vt 0.516153 0.317492
vt 0.522764 0.318967
vt 0.516168 0.317242
vt 0.522746 0.318460
vt 0.522723 0.318008
vt 0.516180 0.317047
vt 0.522685 0.317623
vt 0.516193 0.316837
vt 0.522651 0.317270
vt 0.516207 0.316619
vt 0.522617 0.316916
vt 0.516220 0.316402
vt 0.522583 0.316563
vt 0.516234 0.316184
vt 0.522549 0.316220
vt 0.516247 0.315967
vt 0.522518 0.315893
vt 0.516261 0.315743
vt 0.522487 0.315582
vt 0.516276 0.315507
vt 0.522458 0.315281
vt 0.516291 0.315257
vt 0.522429 0.314981
vt 0.516308 0.314998
vt 0.522400 0.314678
vt 0.516324 0.314731
vt 0.522370 0.314373
vt 0.516342 0.314445
vt 0.522340 0.314061
vt 0.516348 0.314202
vt 0.522310 0.313758
vt 0.516304 0.313944
vt 0.522282 0.313432
vt 0.516267 0.313727
vt 0.522276 0.313134
vt 0.516230 0.313514
vt 0.522275 0.312824
vt 0.516199 0.313332
vt 0.522275 0.312504
vt 0.516168 0.313152
vt 0.522274 0.312160
vt 0.516137 0.312972
vt 0.522273 0.311779
vt 0.516107 0.312792
vt 0.522273 0.311381
vt 0.516076 0.312612
vt 0.522272 0.310983
vt 0.516045 0.312432
vt 0.522271 0.310585
vt 0.516014 0.312253
vt 0.522271 0.310188
vt 0.515983 0.312073
vt 0.522270 0.309790
vt 0.515952 0.311893
vt 0.522269 0.309384
vt 0.515921 0.311713
vt 0.522285 0.308795
vt 0.515892 0.311539
vt 0.522357 0.307907
vt 0.515864 0.311378
vt 0.522416 0.307183
vt 0.161950 0.186263
vt 0.161950 0.194340
vt 0.160220 0.187611
vt 0.561406 0.649433
vt 0.574368 0.650045
vt 0.041048 0.376272
vt 0.041511 0.374064
vt 0.046271 0.382532
vt 0.041048 0.393307
vt 0.565876 0.659486
vt 0.564768 0.657260
vt 0.565491 0.666359
vt 0.565695 0.670981
vt 0.559251 0.669267
vt 0.558605 0.657305
vt 0.561100 0.638569
vt 0.566257 0.675062
vt 0.560102 0.674451
vt 0.302276 0.804235
vt 0.302947 0.809442
vt 0.294934 0.808712
vt 0.303078 0.814378
vt 0.296091 0.814200
vt 0.286546 0.814155
vt 0.285417 0.809259
vt 0.567259 0.679335
vt 0.561424 0.679272
vt 0.760849 0.203051
vt 0.761186 0.197057
vt 0.768049 0.196708
vt 0.581344 0.850100
vt 0.579616 0.846688
vt 0.580645 0.843831
vt 0.581463 0.837997
vt 0.064668 0.565511
vt 0.076527 0.569139
vt 0.507190 0.076485
vt 0.508238 0.079066
vt 0.505611 0.104381
vt 0.282484 0.911153
vt 0.275300 0.935482
vt 0.275137 0.908337
vt 0.281971 0.882848
vt 0.289197 0.883942
vt 0.266434 0.906504
vt 0.271193 0.881275
vt 0.276003 0.865247
vt 0.289026 0.863828
vt 0.512111 0.131970
vt 0.257867 0.903029
vt 0.257337 0.880896
vt 0.254600 0.868583
vt 0.239734 0.885027
vt 0.235024 0.875160
vt 0.230859 0.867095
vt 0.254963 0.858596
vt 0.289197 0.848442
vt 0.227852 0.860666
vt 0.252555 0.851397
vt 0.589961 0.537984
vt 0.589961 0.504458
vt 0.210271 0.886660
vt 0.205415 0.879221
vt 0.209077 0.253788
vt 0.209934 0.232483
vt 0.217476 0.231205
vt 0.217476 0.254493
vt 0.038723 0.004732
vt 0.043958 0.004831
vt 0.043689 0.031771
vt 0.037647 0.031913
vt 0.040458 0.335468
vt 0.040509 0.312838
vt 0.048585 0.312187
vt 0.048585 0.333840
vt 0.104406 0.236873
vt 0.110590 0.235647
vt 0.070656 0.912477
vt 0.092049 0.895949
vt 0.098395 0.902752
vt 0.077345 0.919074
vt 0.104988 0.910696
vt 0.084110 0.925461
vt 0.064500 0.945111
vt 0.111338 0.895177
vt 0.117557 0.904203
vt 0.123464 0.919030
vt 0.127865 0.900403
vt 0.133346 0.918741
vt 0.134388 0.946064
vt 0.126641 0.944301
vt 0.142253 0.919364
vt 0.141637 0.947751
vt 0.280055 0.112459
vt 0.279947 0.084175
vt 0.286650 0.084541
vt 0.286883 0.113314
vt 0.050060 0.071908
vt 0.049256 0.047434
vt 0.056102 0.047645
vt 0.057136 0.072470
vt 0.216788 0.962812
vt 0.189308 0.955227
vt 0.191804 0.947732
vt 0.219261 0.954427
vt 0.239620 0.957277
vt 0.236823 0.966205
vt 0.221439 0.946400
vt 0.241942 0.949408
vt 0.243742 0.941069
vt 0.244766 0.925926
vt 0.243873 0.902271
vt 0.215274 0.894468
vt 0.191799 0.906424
vt 0.186533 0.899384
vt 0.178397 0.915358
vt 0.173303 0.907924
vt 0.168261 0.900556
vt 0.181695 0.892340
vt 0.043937 0.047488
vt 0.037369 0.047735
vt 0.100096 0.881613
vt 0.107280 0.876377
vt 0.112639 0.882061
vt 0.104941 0.887234
vt 0.087586 0.891302
vt 0.120227 0.889858
vt 0.137464 0.896724
vt 0.144904 0.893515
vt 0.148069 0.920095
vt 0.047634 0.022348
vt 0.048593 0.003284
vt 0.055382 0.003009
vt 0.055685 0.022330
vt 0.163919 0.944835
vt 0.152983 0.928590
vt 0.160335 0.925984
vt 0.170408 0.938212
vt 0.168870 0.922165
vt 0.177078 0.930814
vt 0.195068 0.939614
vt 0.185768 0.922755
vt 0.423384 0.018948
vt 0.416233 0.020822
vt 0.682387 0.124451
vt 0.690511 0.120169
vt 0.455730 0.460327
vt 0.447148 0.460745
vt 0.681270 0.610783
vt 0.673933 0.609428
vt 0.675081 0.605546
vt 0.681154 0.605700
vt 0.646379 0.544473
vt 0.645495 0.535203
vt 0.080884 0.020822
vt 0.080604 0.020427
vt 0.079841 0.017520
vt 0.080975 0.017520
vt 0.033626 0.050899
vt 0.033741 0.047387
vt 0.033626 0.044453
vt 0.034704 0.048196
vt 0.029044 0.018917
vt 0.030076 0.025449
vt 0.029044 0.025427
vt 0.029471 0.019540
vt 0.644760 0.000811
vt 0.519239 0.494778
vt 0.518384 0.482325
vt 0.522692 0.482192
vt 0.522868 0.495105
vt 0.522394 0.469460
vt 0.684390 0.600425
vt 0.691607 0.586342
vt 0.691221 0.593317
vt 0.690138 0.599810
vt 0.691226 0.578431
vt 0.698718 0.578168
vt 0.690728 0.570662
vt 0.698166 0.571405
vt 0.221876 0.548301
vt 0.211971 0.548317
vt 0.755522 0.012335
vt 0.765158 0.011769
vt 0.837513 0.540526
vt 0.738120 0.519487
vt 0.290804 0.719959
vt 0.539156 0.711937
vt 0.541376 0.718623
vt 0.984515 0.196109
vt 0.986809 0.170846
vt 0.993248 0.168776
vt 0.998599 0.166729
vt 0.982551 0.218946
vt 0.988873 0.145880
vt 0.994380 0.144578
vt 0.998767 0.142630
vt 0.989209 0.133744
vt 0.994732 0.133371
vt 0.999464 0.133611
vt 0.988757 0.125843
vt 0.994453 0.125386
vt 0.562430 0.501973
vt 0.562061 0.493969
vt 0.568009 0.493818
vt 0.577564 0.496721
vt 0.981710 0.126292
vt 0.981555 0.118875
vt 0.981988 0.134581
vt 0.970600 0.126924
vt 0.981665 0.147584
vt 0.979116 0.172988
vt 0.974987 0.195540
vt 0.962264 0.191422
vt 0.941984 0.177701
vt 0.970658 0.213063
vt 0.956722 0.204250
vt 0.936809 0.185645
vt 0.914701 0.162802
vt 0.920690 0.155682
vt 0.952747 0.214138
vt 0.932761 0.193522
vt 0.909262 0.169736
vt 0.891811 0.151200
vt 0.899920 0.144964
vt 0.928092 0.198699
vt 0.904445 0.175671
vt 0.885557 0.156645
vt 0.228364 0.091884
vt 0.227920 0.065214
vt 0.235438 0.064638
vt 0.235698 0.091757
vt 0.235984 0.111322
vt 0.227634 0.113365
vt 0.858843 0.683551
vt 0.867859 0.665832
vt 0.876843 0.671588
vt 0.870986 0.685013
vt 0.522868 0.269766
vt 0.522658 0.285648
vt 0.514424 0.286883
vt 0.514424 0.269877
vt 0.887678 0.677481
vt 0.883699 0.688382
vt 0.902724 0.682234
vt 0.901662 0.692557
vt 0.901885 0.701043
vt 0.930744 0.694798
vt 0.932168 0.702410
vt 0.932875 0.710024
vt 0.902113 0.709151
vt 0.320812 0.294922
vt 0.328527 0.294968
vt 0.327555 0.314646
vt 0.319456 0.314517
vt 0.108469 0.071509
vt 0.115662 0.070624
vt 0.115489 0.087070
vt 0.108016 0.087916
vt 0.595955 0.670648
vt 0.594859 0.658817
vt 0.603843 0.657934
vt 0.603350 0.670936
vt 0.901154 0.106677
vt 0.920597 0.105788
vt 0.921009 0.113883
vt 0.903222 0.116784
vt 0.921570 0.123293
vt 0.905853 0.127465
vt 0.923519 0.133551
vt 0.909488 0.138865
vt 0.949155 0.120110
vt 0.948794 0.128436
vt 0.970979 0.119273
vt 0.949870 0.111625
vt 0.971907 0.111679
vt 0.981680 0.111961
vt 0.973706 0.105523
vt 0.982026 0.107099
vt 0.988957 0.108404
vt 0.950614 0.104258
vt 0.957042 0.695521
vt 0.957691 0.702051
vt 0.957819 0.707431
vt 0.829287 0.110087
vt 0.834303 0.105747
vt 0.841669 0.117926
vt 0.836451 0.122622
vt 0.850342 0.132655
vt 0.844953 0.136926
vt 0.839884 0.140580
vt 0.854488 0.154557
vt 0.848827 0.158075
vt 0.842945 0.160857
vt 0.834804 0.144145
vt 0.860039 0.179310
vt 0.854393 0.182565
vt 0.090878 0.058180
vt 0.090773 0.085166
vt 0.084922 0.085773
vt 0.084933 0.058495
vt 0.212243 0.194352
vt 0.211977 0.166141
vt 0.217444 0.166915
vt 0.218101 0.195352
vt 0.223756 0.166770
vt 0.224417 0.194897
vt 0.910215 0.937394
vt 0.886608 0.945514
vt 0.909093 0.931317
vt 0.458763 0.125565
vt 0.465368 0.124683
vt 0.927485 0.917968
vt 0.928401 0.924905
vt 0.941930 0.914537
vt 0.942724 0.906723
vt 0.953774 0.905760
vt 0.951665 0.912926
vt 0.216830 0.140572
vt 0.222739 0.140208
vt 0.212004 0.139904
vt 0.211219 0.117817
vt 0.085573 0.132320
vt 0.085464 0.111142
vt 0.091162 0.110506
vt 0.091019 0.131875
vt 0.091284 0.146273
vt 0.085448 0.146890
vt 0.880991 0.231487
vt 0.874596 0.219405
vt 0.879645 0.216649
vt 0.885556 0.227756
vt 0.889805 0.234831
vt 0.885348 0.238760
vt 0.091306 0.156404
vt 0.085773 0.156873
vt 0.894271 0.239717
vt 0.889696 0.244082
vt 0.889923 0.223633
vt 0.894254 0.229979
vt 0.898250 0.234446
vt 0.894506 0.218636
vt 0.898880 0.223811
vt 0.902801 0.227904
vt 0.904424 0.214675
vt 0.909274 0.217828
vt 0.288149 0.041571
vt 0.288335 0.029665
vt 0.294063 0.029372
vt 0.805046 0.009234
vt 0.809947 0.013811
vt 0.802083 0.027538
vt 0.795478 0.024866
vt 0.290076 0.007423
vt 0.297309 0.003398
vt 0.300064 0.029345
vt 0.265300 0.034412
vt 0.265764 0.008441
vt 0.273002 0.009959
vt 0.272091 0.034473
vt 0.808316 0.933619
vt 0.813674 0.909290
vt 0.821188 0.909828
vt 0.814409 0.934122
vt 0.826004 0.916077
vt 0.820300 0.934972
vt 0.830221 0.920363
vt 0.825256 0.935866
vt 0.587260 0.643436
vt 0.592275 0.644157
vt 0.591310 0.654486
vt 0.586096 0.655140
vt 0.824541 0.946200
vt 0.831052 0.945072
vt 0.824577 0.953761
vt 0.844832 0.902775
vt 0.860541 0.888256
vt 0.865811 0.894640
vt 0.879365 0.869461
vt 0.874484 0.863897
vt 0.868818 0.858796
vt 0.845272 0.874942
vt 0.863197 0.854272
vt 0.437716 0.033683
vt 0.438081 0.004372
vt 0.442566 0.000950
vt 0.444541 0.033635
vt 0.446400 0.067465
vt 0.438370 0.067195
vt 0.450617 0.032525
vt 0.453460 0.068109
vt 0.784753 0.129146
vt 0.791396 0.127793
vt 0.794201 0.161340
vt 0.784811 0.159975
vt 0.799587 0.130185
vt 0.804387 0.167115
vt 0.789283 0.095974
vt 0.797681 0.098411
vt 0.804673 0.100094
vt 0.807875 0.133733
vt 0.916175 0.093616
vt 0.908310 0.093494
vt 0.811304 0.101168
vt 0.814665 0.132177
vt 0.824128 0.168212
vt 0.816472 0.175700
vt 0.361469 0.062466
vt 0.361469 0.031797
vt 0.371654 0.030545
vt 0.373218 0.057999
vt 0.826338 0.131124
vt 0.837514 0.160252
vt 0.879674 0.078872
vt 0.865061 0.064651
vt 0.890949 0.104072
vt 0.871599 0.116544
vt 0.860056 0.099475
vt 0.847702 0.088228
vt 0.957167 0.673416
vt 0.929896 0.670158
vt 0.937785 0.641908
vt 0.957640 0.644082
vt 0.848878 0.110845
vt 0.839559 0.099518
vt 0.957106 0.687338
vt 0.928703 0.685793
vt 0.910031 0.664474
vt 0.900600 0.657679
vt 0.919575 0.630450
vt 0.926325 0.636572
vt 0.934599 0.614167
vt 0.945311 0.618333
vt 0.926431 0.600027
vt 0.945475 0.602819
vt 0.957819 0.606295
vt 0.957632 0.620713
vt 0.893002 0.651313
vt 0.886177 0.645702
vt 0.858805 0.126251
vt 0.926924 0.280823
vt 0.913200 0.282256
vt 0.908152 0.256149
vt 0.921562 0.256724
vt 0.867934 0.145769
vt 0.860196 0.150993
vt 0.930056 0.256570
vt 0.916778 0.230444
vt 0.924012 0.230437
vt 0.870681 0.171905
vt 0.865358 0.175584
vt 0.880859 0.192831
vt 0.875937 0.196029
vt 0.870853 0.199379
vt 0.884414 0.213143
vt 0.865585 0.202208
vt 0.888858 0.209534
vt 0.886633 0.189372
vt 0.893383 0.205055
vt 0.830547 0.030593
vt 0.824940 0.019397
vt 0.877617 0.167475
vt 0.905747 0.229034
vt 0.888381 0.162077
vt 0.894712 0.185297
vt 0.383934 0.000935
vt 0.388680 0.025604
vt 0.371510 0.003668
vt 0.829961 0.076424
vt 0.817726 0.075569
vt 0.363571 0.004446
vt 0.809569 0.074012
vt 0.807261 0.050549
vt 0.802876 0.072184
vt 0.800642 0.049833
vt 0.808608 0.030340
vt 0.909778 0.200351
vt 0.916175 0.200393
vt 0.814586 0.018905
vt 0.796717 0.068585
vt 0.793798 0.049523
vt 0.786369 0.051171
vt 0.787324 0.026095
vt 0.764092 0.126134
vt 0.771451 0.115885
vt 0.777361 0.115803
vt 0.777361 0.136501
vt 0.259140 0.425875
vt 0.262308 0.465838
vt 0.257877 0.464597
vt 0.257877 0.435269
vt 0.269536 0.439064
vt 0.270688 0.467342
vt 0.892607 0.282256
vt 0.891897 0.253314
vt 0.820616 0.012536
vt 0.968253 0.224417
vt 0.434952 0.568612
vt 0.422310 0.569139
vt 0.422310 0.556085
vt 0.433537 0.558169
vt 0.675491 0.383260
vt 0.143126 0.559776
vt 0.138870 0.559885
vt 0.174463 0.014881
vt 0.169670 0.015849
vt 0.178571 0.014287
vt 0.179302 0.025102
vt 0.001890 0.177642
vt 0.006410 0.176864
vt 0.006941 0.190062
vt 0.001003 0.192799
vt 0.002166 0.167680
vt 0.006781 0.167408
vt 0.262674 0.699606
vt 0.272058 0.703097
vt 0.147600 0.558704
vt 0.006941 0.207020
vt 0.001824 0.208222
vt 0.437599 0.171204
vt 0.291510 0.171204
vt 0.284594 0.169180
vt 0.260684 0.820003
vt 0.255570 0.813720
vt 0.549539 0.715370
vt 0.550630 0.720518
vt 0.544602 0.721835
vt 0.543379 0.715506
vt 0.656529 0.232281
vt 0.650544 0.233029
vt 0.569117 0.801303
vt 0.563451 0.806092
vt 0.951071 0.945390
vt 0.948952 0.958343
vt 0.944475 0.958343
vt 0.939096 0.958259
vt 0.574403 0.444669
vt 0.576801 0.458311
vt 0.569338 0.459807
vt 0.568579 0.445512
vt 0.562985 0.460395
vt 0.562605 0.445520
vt 0.563681 0.474796
vt 0.372509 0.119402
vt 0.379426 0.119323
vt 0.562498 0.433354
vt 0.567281 0.432480
vt 0.371853 0.104637
vt 0.379426 0.104942
vt 0.405027 0.249767
vt 0.397380 0.249716
vt 0.113067 0.623376
vt 0.104966 0.622295
vt 0.107456 0.610036
vt 0.113365 0.611095
vt 0.113365 0.636233
vt 0.101105 0.632632
vt 0.372219 0.090177
vt 0.379130 0.091739
vt 0.039531 0.067402
vt 0.044923 0.067591
vt 0.043493 0.073119
vt 0.039531 0.075423
vt 0.942710 0.967074
vt 0.938511 0.966351
vt 0.562061 0.425754
vt 0.565684 0.425844
vt 0.934209 0.955515
vt 0.932901 0.945294
vt 0.098150 0.621201
vt 0.101211 0.611354
vt 0.233671 0.115718
vt 0.232474 0.124072
vt 0.227089 0.122549
vt 0.226388 0.116750
vt 0.230173 0.127247
vt 0.226388 0.124600
vt 0.844797 0.562995
vt 0.860872 0.543019
vt 0.345045 0.134977
vt 0.351663 0.137705
vt 0.351631 0.157323
vt 0.345045 0.156922
vt 0.457391 0.479351
vt 0.458379 0.477473
vt 0.959193 0.581335
vt 0.965145 0.578690
vt 0.961597 0.596086
vt 0.456281 0.200256
vt 0.971037 0.577065
vt 0.977593 0.575910
vt 0.977080 0.587751
vt 0.538767 0.116254
vt 0.546003 0.114713
vt 0.545428 0.129560
vt 0.540465 0.127953
vt 0.555138 0.037071
vt 0.548054 0.036768
vt 0.550967 0.021820
vt 0.558314 0.022581
vt 0.540671 0.036647
vt 0.544190 0.022013
vt 0.547676 0.008966
vt 0.552667 0.007259
vt 0.559184 0.002227
vt 0.538155 0.048040
vt 0.661977 0.824821
vt 0.521538 0.396056
vt 0.527495 0.393516
vt 0.527495 0.407779
vt 0.522868 0.409502
vt 0.664587 0.817665
vt 0.538155 0.064294
vt 0.887228 0.467775
vt 0.559885 0.493132
vt 0.557240 0.504359
vt 0.516937 0.355500
vt 0.159537 0.117992
vt 0.159537 0.112395
vt 0.163141 0.114172
vt 0.164264 0.116262
vt 0.569685 0.015839
vt 0.577113 0.015784
vt 0.576367 0.007135
vt 0.564460 0.025218
vt 0.563268 0.015437
vt 0.488601 0.743742
vt 0.488113 0.733836
vt 0.564709 0.034717
vt 0.488779 0.724352
vt 0.493317 0.726233
vt 0.496574 0.719054
vt 0.057921 0.025787
vt 0.060153 0.026878
vt 0.059753 0.032390
vt 0.057921 0.031197
vt 0.496391 0.713629
vt 0.497790 0.714189
vt 0.500226 0.719708
vt 0.499688 0.713434
vt 0.504638 0.719424
vt 0.570097 0.043935
vt 0.562717 0.044608
vt 0.572007 0.046271
vt 0.150382 0.048860
vt 0.150382 0.055526
vt 0.146658 0.054813
vt 0.145924 0.047282
vt 0.527216 0.533372
vt 0.786615 0.115679
vt 0.780710 0.115546
vt 0.516796 0.341442
vt 0.515357 0.328160
vt 0.496206 0.705874
vt 0.674905 0.614771
vt 0.585784 0.180785
vt 0.590355 0.174748
vt 0.974046 0.453003
vt 0.036629 0.972219
vt 0.029005 0.974229
vt 0.532122 0.148292
vt 0.531141 0.164264
vt 0.043136 0.576729
vt 0.038879 0.577900
vt 0.047960 0.576575
vt 0.047202 0.580707
vt 0.025269 0.975713
vt 0.023371 0.954220
vt 0.575577 0.529308
vt 0.551982 0.091961
vt 0.006941 0.219789
vt 0.005351 0.217774
vt 0.004514 0.217549
vt 0.006941 0.212400
vt 0.158943 0.133144
vt 0.161950 0.133519
vt 0.159261 0.136992
vt 0.158943 0.138814
vt 0.232596 0.531317
vt 0.235984 0.534557
vt 0.161950 0.509548
vt 0.150912 0.511300
vt 0.279849 0.768619
vt 0.324851 0.235984
vt 0.319150 0.231948
vt 0.765992 0.072363
vt 0.594722 0.645149
vt 0.603843 0.644697
vt 0.666813 0.605786
vt 0.657794 0.610488
vt 0.678706 0.384053
vt 0.691758 0.380214
vt 0.394922 0.439431
vt 0.397935 0.448833
vt 0.384301 0.447227
vt 0.384301 0.429144
vt 0.733008 0.163775
vt 0.741158 0.165454
vt 0.109600 0.353364
vt 0.117992 0.358371
vt 0.627387 0.026651
vt 0.626526 0.003368
vt 0.633919 0.018011
vt 0.630472 0.034704
vt 0.710219 0.583331
vt 0.715548 0.578674
vt 0.467342 0.118654
vt 0.462616 0.120306
vt 0.708479 0.294258
vt 0.715601 0.294006
vt 0.728677 0.301987
vt 0.732958 0.292628
vt 0.735716 0.294126
vt 0.729815 0.302291
vt 0.104111 0.115654
vt 0.103222 0.115679
vt 0.103293 0.112164
vt 0.104111 0.112149
vt 0.731784 0.281733
vt 0.735716 0.282164
vt 0.186288 0.672516
vt 0.189702 0.673250
vt 0.740343 0.195463
vt 0.735400 0.194521
vt 0.048972 0.151006
vt 0.053212 0.151006
vt 0.052957 0.159636
vt 0.049596 0.159095
vt 0.725058 0.283405
vt 0.500028 0.466442
vt 0.506673 0.465732
vt 0.242402 0.068094
vt 0.237598 0.068555
vt 0.237835 0.054800
vt 0.687739 0.544422
vt 0.683722 0.547087
vt 0.133906 0.020849
vt 0.132541 0.036009
vt 0.126334 0.032181
vt 0.127509 0.019752
vt 0.119672 0.030999
vt 0.120962 0.018633
vt 0.142904 0.012507
vt 0.142489 0.026506
vt 0.137254 0.026353
vt 0.137922 0.011739
vt 0.138944 0.002017
vt 0.143442 0.003020
vt 0.142661 0.044646
vt 0.137179 0.044189
vt 0.894835 0.743015
vt 0.894484 0.759577
vt 0.143442 0.060153
vt 0.137648 0.057424
vt 0.118809 0.047078
vt 0.125711 0.049136
vt 0.125934 0.064780
vt 0.118921 0.060781
vt 0.146681 0.020283
vt 0.151805 0.021585
vt 0.147039 0.001127
vt 0.152696 0.005005
vt 0.239624 0.080115
vt 0.238632 0.080975
vt 0.035653 0.002531
vt 0.037017 0.007511
vt 0.034467 0.009254
vt 0.034467 0.002761
vt 0.890241 0.713189
vt 0.221336 0.860723
vt 0.828259 0.194335
vt 0.828032 0.200813
vt 0.244080 0.110453
vt 0.816430 0.351878
vt 0.815645 0.359101
vt 0.814548 0.355162
vt 0.811600 0.354932
vt 0.730066 0.193925
vt 0.734707 0.225670
vt 0.733706 0.219957
vt 0.656756 0.508475
vt 0.660667 0.514300
vt 0.523157 0.210781
vt 0.516665 0.213777
vt 0.270688 0.377112
vt 0.264319 0.375923
vt 0.264803 0.370974
vt 0.270688 0.370278
vt 0.221359 0.489380
vt 0.537650 0.810979
vt 0.538396 0.804654
vt 0.633919 0.001819
vt 0.633520 0.009411
vt 0.134613 0.495352
vt 0.143072 0.495528
vt 0.185086 0.028180
vt 0.184805 0.032390
vt 0.182139 0.031680
vt 0.181925 0.028180
vt 0.323900 0.319397
vt 0.323597 0.325403
vt 0.319536 0.326214
vt 0.319536 0.318350
vt 0.042488 0.078661
vt 0.046271 0.075393
vt 0.303370 0.554169
vt 0.283854 0.774597
vt 0.288066 0.774183
vt 0.023509 0.959522
vt 0.016012 0.976328
vt 0.980955 0.590060
vt 0.104786 0.387255
vt 0.471969 0.485049
vt 0.463512 0.485850
vt 0.061656 0.117973
vt 0.060376 0.120306
vt 0.023971 0.002391
vt 0.025449 0.001430
vt 0.024978 0.006941
vt 0.025449 0.006709
vt 0.002387 0.462715
vt 0.002387 0.449854
vt 0.006941 0.454391
vt 0.128946 0.610520
vt 0.118153 0.610166
vt 0.005386 0.221758
vt 0.006941 0.228461
vt 0.005386 0.231357
vt 0.311624 0.598136
vt 0.660368 0.422764
vt 0.668623 0.428569
vt 0.664243 0.448833
vt 0.660368 0.446160
vt 0.680191 0.549011
vt 0.672961 0.540222
vt 0.865595 0.052395
vt 0.002314 0.233671
vt 0.000700 0.225554
vt 0.002314 0.222684
vt 0.055526 0.105990
vt 0.055526 0.111052
vt 0.052487 0.108688
vt 0.000788 0.285541
vt 0.002314 0.287945
vt 0.001350 0.291865
vt 0.000788 0.293824
vt 0.094857 0.109619
vt 0.093828 0.111052
vt 0.093828 0.107061
vt 0.510973 0.745837
vt 0.579616 0.813803
vt 0.576176 0.003399
vt 0.740126 0.011672
vt 0.546801 0.675011
vt 0.695034 0.128736
vt 0.694746 0.141378
vt 0.806092 0.892730
vt 0.050359 0.102359
vt 0.050359 0.097785
vt 0.053212 0.100513
vt 0.051411 0.106424
vt 0.062466 0.101797
vt 0.059392 0.099959
vt 0.062466 0.097622
vt 0.000549 0.268374
vt 0.000549 0.257976
vt 0.002314 0.260655
vt 0.085602 0.002494
vt 0.081260 0.011568
vt 0.079040 0.002494
vt 0.103804 0.006480
vt 0.104111 0.008882
vt 0.103804 0.013881
vt 0.002314 0.501203
vt 0.001633 0.513613
vt 0.001633 0.500628
vt 0.337859 0.532230
vt 0.342409 0.431757
vt 0.342409 0.453460
vt 0.458124 0.044394
vt 0.462715 0.049219
vt 0.455875 0.060153
vt 0.455875 0.045702
vt 0.321744 0.539578
vt 0.330948 0.540328
vt 0.894253 0.024383
vt 0.195179 0.544420
vt 0.186851 0.552944
vt 0.186851 0.537535
vt 0.198967 0.537886
vt 0.402562 0.569139
vt 0.392230 0.566862
vt 0.392800 0.554074
vt 0.402201 0.554074
vt 0.806184 0.317545
vt 0.032163 0.041644
vt 0.032163 0.004812
vt 0.033590 0.036114
vt 0.034704 0.038839
vt 0.596200 0.288720
vt 0.289230 0.076348
vt 0.287445 0.066556
vt 0.296137 0.066556
vt 0.312834 0.600439
vt 0.312752 0.600905
vt 0.080844 0.087003
vt 0.080975 0.087366
vt 0.080882 0.087801
vt 0.080885 0.087916
vt 0.080844 0.087671
vt 0.046271 0.036584
vt 0.045959 0.037017
vt 0.045959 0.035373
vt 0.046271 0.060541
vt 0.046008 0.061818
vt 0.045918 0.062466
vt 0.045918 0.058946
vt 0.117927 0.016022
vt 0.116964 0.015303
vt 0.116776 0.012684
vt 0.117992 0.016195
vt 0.115830 0.016195
vt 0.115896 0.015061
vt 0.118837 0.638537
vt 0.125248 0.643173
vt 0.048585 0.084498
vt 0.520554 0.198967
vt 0.514123 0.198031
vt 0.520554 0.185921
vt 0.515927 0.735425
vt 0.506478 0.724138
vt 0.004627 0.277050
vt 0.004005 0.277629
vt 0.002494 0.277571
vt 0.161950 0.234152
vt 0.161472 0.236970
vt 0.161215 0.238298
vt 0.161215 0.228360
vt 0.776282 0.592275
vt 0.058834 0.000805
vt 0.060153 0.010761
vt 0.058834 0.011568
vt 0.001919 0.654588
vt 0.004627 0.645457
vt 0.004627 0.660019
vt 0.004589 0.666309
vt 0.750265 0.013054
vt 0.701103 0.834579
vt 0.030076 0.002916
vt 0.027820 0.013881
vt 0.027820 0.002418
vt 0.755002 0.889896
vt 0.731149 0.869199
vt 0.263108 0.425184
vt 0.270688 0.425670
vt 0.268930 0.425697
vt 0.260985 0.418629
vt 0.543938 0.672660
vt 0.557571 0.682178
vt 0.550950 0.685164
vt 0.547885 0.327295
vt 0.541920 0.648268
vt 0.083289 0.152696
vt 0.078812 0.152696
vt 0.082565 0.144337
vt 0.547702 0.691910
vt 0.541920 0.694072
vt 0.513206 0.266586
vt 0.173761 0.308278
vt 0.054959 0.482380
vt 0.283372 0.533642
vt 0.046271 0.030076
vt 0.045483 0.029467
vt 0.046271 0.028400
vt 0.045734 0.028602
vt 0.211748 0.266061
vt 0.211748 0.258246
vt 0.212031 0.258682
vt 0.212849 0.263663
vt 0.080975 0.076348
vt 0.079471 0.075728
vt 0.080506 0.074550
vt 0.080975 0.070973
vt 0.849765 0.534924
vt 0.943625 0.753410
vt 0.944378 0.738712
vt 0.055711 0.142037
vt 0.057743 0.143537
vt 0.057997 0.146437
vt 0.055711 0.147219
vt 0.059899 0.145128
vt 0.060019 0.146315
vt 0.040159 0.001650
vt 0.040047 0.000554
vt 0.041644 0.000554
vt 0.041569 0.002314
vt 0.058598 0.150382
vt 0.057413 0.149197
vt 0.058687 0.148165
vt 0.059542 0.149781
vt 0.060153 0.147652
vt 0.000746 0.122971
vt 0.002314 0.125585
vt 0.002019 0.125962
vt 0.000767 0.124588
vt 0.001509 0.126616
vt 0.000784 0.125904
vt 0.001017 0.127246
vt 0.000746 0.127034
vt 0.004627 0.004568
vt 0.004297 0.004627
vt 0.004140 0.003883
vt 0.004627 0.003770
vt 0.004199 0.003143
vt 0.004627 0.003032
vt 0.004259 0.002830
vt 0.374465 0.076348
vt 0.374465 0.074367
vt 0.375757 0.074181
vt 0.375704 0.076189
vt 0.378176 0.075474
vt 0.376897 0.076036
vt 0.377384 0.073972
vt 0.379110 0.074266
vt 0.374537 0.071323
vt 0.375765 0.070556
vt 0.376092 0.072443
vt 0.374465 0.072510
vt 0.378344 0.068943
vt 0.379426 0.071609
vt 0.377786 0.072072
vt 0.376938 0.069822
vt 0.398501 0.307705
vt 0.398264 0.302109
vt 0.400339 0.301456
vt 0.401583 0.303811
vt 0.396713 0.279432
vt 0.401846 0.281495
vt 0.402562 0.284449
vt 0.395742 0.283588
vt 0.402204 0.287286
vt 0.395742 0.286916
vt 0.401447 0.290197
vt 0.395862 0.289941
vt 0.400755 0.293133
vt 0.395969 0.292903
vt 0.400095 0.296038
vt 0.396138 0.295995
vt 0.399542 0.298640
vt 0.397120 0.299104
vt 0.458181 0.678529
vt 0.458037 0.681537
vt 0.454729 0.682464
vt 0.455038 0.677940
vt 0.460536 0.675191
vt 0.462643 0.677275
vt 0.456858 0.673523
vt 0.457938 0.668522
vt 0.462759 0.669945
vt 0.467342 0.671298
vt 0.465403 0.680187
vt 0.458012 0.684745
vt 0.466444 0.685037
vt 0.456924 0.687255
vt 0.456307 0.688340
vt 0.455085 0.686897
vt 0.458399 0.687371
vt 0.457572 0.690542
vt 0.459997 0.687497
vt 0.458703 0.692162
vt 0.461679 0.687629
vt 0.460151 0.693424
vt 0.463513 0.687774
vt 0.462650 0.694072
vt 0.465308 0.687915
vt 0.464481 0.693964
vt 0.467342 0.688075
vt 0.465659 0.693895
vt 0.047886 0.071656
vt 0.046820 0.071721
vt 0.046820 0.069300
vt 0.048585 0.071048
vt 0.323180 0.348788
vt 0.323592 0.349940
vt 0.321732 0.350612
vt 0.321590 0.347980
vt 0.321965 0.346137
vt 0.323900 0.348007
vt 0.319459 0.344844
vt 0.319687 0.344727
vt 0.043403 0.085602
vt 0.043124 0.085483
vt 0.041626 0.082509
vt 0.043958 0.082509
vt 0.004627 0.158033
vt 0.004066 0.160600
vt 0.001260 0.161950
vt 0.001260 0.156704
vt 0.319459 0.351663
vt 0.161950 0.145755
vt 0.159350 0.144420
vt 0.159100 0.141639
vt 0.161950 0.141896
vt 0.250597 0.540509
vt 0.247729 0.539715
vt 0.248336 0.536336
vt 0.251524 0.536924
vt 0.249460 0.532611
vt 0.252179 0.530441
vt 0.244260 0.536362
vt 0.243563 0.533576
vt 0.243262 0.530441
vt 0.246673 0.530443
vt 0.244687 0.539456
vt 0.247662 0.542471
vt 0.245090 0.543038
vt 0.245681 0.546003
vt 0.249976 0.544284
vt 0.356146 0.449099
vt 0.358321 0.454613
vt 0.355090 0.455138
vt 0.359353 0.462560
vt 0.355435 0.462984
vt 0.360845 0.469102
vt 0.355975 0.468585
vt 0.357642 0.475035
vt 0.355090 0.472310
vt 0.365545 0.470553
vt 0.359104 0.476596
vt 0.363554 0.462134
vt 0.361036 0.457443
vt 0.131666 0.559885
vt 0.126739 0.551335
vt 0.130319 0.550885
vt 0.132260 0.558996
vt 0.059024 0.013870
vt 0.060153 0.013550
vt 0.060153 0.020822
vt 0.057301 0.019534
vt 0.001282 0.136500
vt 0.003453 0.135886
vt 0.004627 0.137880
vt 0.001282 0.138224
vt 0.125885 0.539407
vt 0.130134 0.540831
vt 0.129995 0.545799
vt 0.125885 0.546118
vt 0.133329 0.541902
vt 0.134187 0.545349
vt 0.133213 0.551601
vt 0.003804 0.139739
vt 0.001282 0.140637
vt 0.003189 0.141128
vt 0.080079 0.059404
vt 0.079201 0.059200
vt 0.079249 0.058657
vt 0.080149 0.058447
vt 0.080975 0.058254
vt 0.080975 0.060153
vt 0.027763 0.019615
vt 0.027720 0.020658
vt 0.027140 0.020822
vt 0.027140 0.018976
vt 0.045108 0.092543
vt 0.044205 0.092507
vt 0.044264 0.092012
vt 0.045166 0.092148
vt 0.045738 0.092056
vt 0.045719 0.092454
vt 0.046265 0.091915
vt 0.046271 0.092440
vt 0.045190 0.091605
vt 0.045726 0.091495
vt 0.046258 0.091378
vt 0.045719 0.090960
vt 0.046252 0.090846
vt 0.045718 0.090431
vt 0.046245 0.090316
vt 0.045692 0.089882
vt 0.046238 0.089788
vt 0.045692 0.089314
vt 0.046232 0.089251
vt 0.069407 0.000740
vt 0.069372 0.001272
vt 0.069146 0.001304
vt 0.069188 0.001005
vt 0.160729 0.122200
vt 0.161138 0.122515
vt 0.161423 0.122957
vt 0.160552 0.123055
vt 0.161437 0.123279
vt 0.161470 0.123489
vt 0.160425 0.123667
vt 0.161394 0.124024
vt 0.160300 0.124267
vt 0.161283 0.124705
vt 0.160171 0.124891
vt 0.161210 0.125321
vt 0.160043 0.125506
vt 0.161159 0.125938
vt 0.159929 0.126057
vt 0.161167 0.126591
vt 0.159796 0.126697
vt 0.161169 0.127247
vt 0.159682 0.127246
vt 0.162617 0.126573
vt 0.162742 0.127247
vt 0.163848 0.126813
vt 0.164264 0.127247
vt 0.162469 0.125946
vt 0.163355 0.126298
vt 0.162358 0.125336
vt 0.162454 0.125391
vt 0.162884 0.125807
vt 0.104111 0.108738
vt 0.103800 0.108092
vt 0.103556 0.107633
vt 0.104091 0.107897
vt 0.103447 0.106962
vt 0.104096 0.107191
vt 0.103390 0.106359
vt 0.104101 0.106495
vt 0.103485 0.105654
vt 0.104106 0.105776
vt 0.103551 0.105027
vt 0.104111 0.105079
vt 0.069177 0.002314
vt 0.069151 0.001788
vt 0.069393 0.001773
vt 0.069407 0.002294
vt 0.044591 0.089251
vt 0.045156 0.089295
vt 0.045171 0.089882
vt 0.044527 0.089795
vt 0.045194 0.090476
vt 0.044460 0.090358
vt 0.045219 0.091061
vt 0.044396 0.090893
vt 0.044330 0.091453
vt 0.103077 0.105559
vt 0.103053 0.104949
vt 0.103176 0.106115
vt 0.161772 0.123719
vt 0.162119 0.124243
vt 0.162254 0.124730
vt 0.045767 0.020427
vt 0.046271 0.020253
vt 0.046037 0.020822
vt 0.045767 0.019127
vt 0.178145 0.001563
vt 0.177901 0.002292
vt 0.176821 0.002333
vt 0.176884 0.001864
vt 0.108993 0.104005
vt 0.110058 0.104005
vt 0.110022 0.104433
vt 0.109168 0.104541
vt 0.131723 0.057839
vt 0.131723 0.057538
vt 0.132257 0.057676
vt 0.131723 0.057005
vt 0.132509 0.057237
vt 0.131723 0.056470
vt 0.132771 0.056779
vt 0.131723 0.055893
vt 0.133037 0.056314
vt 0.133250 0.055941
vt 0.132196 0.055510
vt 0.132564 0.054957
vt 0.133521 0.055468
vt 0.132803 0.054486
vt 0.133779 0.055017
vt 0.133032 0.053969
vt 0.134043 0.054556
vt 0.133215 0.053520
vt 0.134187 0.053933
vt 0.133546 0.053120
vt 0.134132 0.053341
vt 0.080975 0.034704
vt 0.080466 0.034674
vt 0.080482 0.033986
vt 0.080927 0.033998
vt 0.080466 0.033359
vt 0.080902 0.033444
vt 0.089655 0.001613
vt 0.090100 0.001739
vt 0.090229 0.002314
vt 0.089655 0.002245
vt 0.177118 0.004627
vt 0.176474 0.004454
vt 0.176398 0.003870
vt 0.177303 0.004075
vt 0.176650 0.003294
vt 0.177516 0.003441
vt 0.176737 0.002814
vt 0.177700 0.002891
vt 0.175968 0.002804
vt 0.175897 0.002413
vt 0.082529 0.080975
vt 0.082440 0.080495
vt 0.083273 0.080307
vt 0.083289 0.080751
vt 0.110855 0.105656
vt 0.110015 0.105880
vt 0.109955 0.105330
vt 0.110936 0.105206
vt 0.082609 0.079855
vt 0.083289 0.079749
vt 0.110717 0.106242
vt 0.110202 0.106424
vt 0.132521 0.050499
vt 0.131723 0.050473
vt 0.131723 0.049924
vt 0.132504 0.049922
vt 0.133131 0.050565
vt 0.133181 0.051132
vt 0.132532 0.051052
vt 0.131723 0.051018
vt 0.132542 0.051566
vt 0.131723 0.051556
vt 0.132659 0.052177
vt 0.131723 0.052114
vt 0.132588 0.052641
vt 0.131723 0.052649
vt 0.132582 0.053365
vt 0.131723 0.053405
vt 0.131723 0.054140
vt 0.131723 0.054776
vt 0.131723 0.055332
vt 0.132707 0.053138
vt 0.133682 0.052477
vt 0.133070 0.051682
vt 0.133648 0.051870
vt 0.043254 0.002314
vt 0.043291 0.001718
vt 0.043774 0.001652
vt 0.043808 0.002295
vt 0.043254 0.001140
vt 0.043958 0.001083
vt 0.131723 0.049398
vt 0.132506 0.049389
vt 0.131723 0.048799
vt 0.132477 0.048956
vt 0.109989 0.104852
vt 0.109321 0.105009
vt 0.110986 0.104422
vt 0.110974 0.104828
vt 0.111052 0.104005
vt 0.175807 0.001989
vt 0.175738 0.001563
vt 0.132457 0.053855
vt 0.062466 0.085541
vt 0.325547 0.196480
vt 0.325157 0.194695
vt 0.326214 0.194282
vt 0.325215 0.195583
vt 0.325287 0.198384
vt 0.324417 0.197970
vt 0.324601 0.196215
vt 0.323849 0.194697
vt 0.348003 0.183564
vt 0.347434 0.182799
vt 0.348834 0.182615
vt 0.348928 0.184046
vt 0.046271 0.011401
vt 0.046255 0.012415
vt 0.046271 0.013881
vt 0.045971 0.013251
vt 0.325806 0.198948
vt 0.325923 0.199645
vt 0.326214 0.201281
vt 0.325147 0.200728
vt 0.324379 0.200329
vt 0.349923 0.185136
vt 0.350232 0.184148
vt 0.350458 0.185591
vt 0.350225 0.182570
vt 0.351638 0.182564
vt 0.351625 0.184172
vt 0.351612 0.185752
vt 0.351599 0.187399
vt 0.351663 0.186735
vt 0.350243 0.181015
vt 0.351650 0.180962
vt 0.350152 0.179621
vt 0.351663 0.179338
vt 0.348810 0.181219
vt 0.348726 0.179888
vt 0.347391 0.181478
vt 0.347308 0.180154
vt 0.345938 0.181728
vt 0.345887 0.180419
vt 0.344389 0.181871
vt 0.344448 0.180689
vt 0.011568 0.001872
vt 0.011069 0.002314
vt 0.011069 0.001025
vt 0.011118 0.000798
vt 0.325277 0.191127
vt 0.326067 0.192533
vt 0.325286 0.192912
vt 0.324411 0.191310
vt 0.323986 0.193055
vt 0.323406 0.191522
vt 0.322999 0.193326
vt 0.322279 0.191788
vt 0.321983 0.194082
vt 0.321193 0.192903
vt 0.320877 0.195110
vt 0.320168 0.194087
vt 0.319622 0.196000
vt 0.319174 0.195237
vt 0.321323 0.195905
vt 0.320035 0.196705
vt 0.321736 0.196564
vt 0.320436 0.197389
vt 0.322147 0.197515
vt 0.320804 0.198017
vt 0.321952 0.199070
vt 0.321233 0.198673
vt 0.323513 0.197612
vt 0.322743 0.199480
vt 0.323560 0.199904
vt 0.323155 0.196122
vt 0.322648 0.195167
vt 0.013599 0.010337
vt 0.013357 0.009855
vt 0.013881 0.011187
vt 0.013357 0.011568
vt 0.345780 0.182939
vt 0.097170 0.006941
vt 0.094615 0.005085
vt 0.094872 0.002680
vt 0.097170 0.002442
vt 0.167893 0.468184
vt 0.171204 0.476596
vt 0.167789 0.472525
vt 0.164249 0.467893
vt 0.163677 0.464859
vt 0.165879 0.462505
vt 0.170348 0.465878
vt 0.169024 0.459364
vt 0.171204 0.460640
vt 0.228658 0.142797
vt 0.229785 0.141539
vt 0.231357 0.143313
vt 0.229277 0.144336
vt 0.226792 0.145185
vt 0.226768 0.142797
vt 0.164942 0.013797
vt 0.164415 0.012230
vt 0.166577 0.011564
vt 0.166577 0.013881
vt 0.227337 0.140856
vt 0.224751 0.142871
vt 0.224751 0.140135
vt 0.224751 0.145473
vt 0.227351 0.147069
vt 0.224751 0.148069
vt 0.229943 0.146071
vt 0.046162 0.099146
vt 0.046618 0.097013
vt 0.048585 0.096962
vt 0.048585 0.099484
vt 0.016195 0.009254
vt 0.014584 0.007225
vt 0.014266 0.005823
vt 0.015368 0.006031
vt 0.016195 0.002038
vt 0.015704 0.004057
vt 0.013925 0.004318
vt 0.013681 0.003240
vt 0.462608 0.155422
vt 0.467342 0.158799
vt 0.458683 0.157877
vt 0.458610 0.155313
vt 0.464896 0.164330
vt 0.458830 0.162650
vt 0.462672 0.168885
vt 0.458610 0.168816
vt 0.460681 0.173518
vt 0.060153 0.076348
vt 0.058753 0.070819
vt 0.060153 0.067085
vt 0.350126 0.171204
vt 0.348932 0.170072
vt 0.350828 0.169322
vt 0.349051 0.167971
vt 0.351464 0.167618
vt 0.347953 0.169144
vt 0.349346 0.165988
vt 0.351663 0.165663
vt 0.349054 0.163971
vt 0.351464 0.163678
vt 0.347791 0.166682
vt 0.346374 0.164696
vt 0.346374 0.167648
vt 0.001390 0.117766
vt 0.001153 0.117722
vt 0.000705 0.117297
vt 0.001917 0.115798
vt 0.002314 0.115917
vt 0.002314 0.117618
vt 0.115720 0.103014
vt 0.113768 0.102089
vt 0.117209 0.101726
vt 0.117672 0.104111
vt 0.114456 0.099138
vt 0.117269 0.099499
vt 0.114453 0.097991
vt 0.117992 0.096428
vt 0.114060 0.096142
vt 0.117992 0.093701
vt 0.113648 0.094208
vt 0.117077 0.092594
vt 0.046271 0.048585
vt 0.046173 0.046303
vt 0.046271 0.043984
vt 0.162557 0.151651
vt 0.161870 0.151327
vt 0.161984 0.150198
vt 0.163117 0.151198
vt 0.163529 0.152599
vt 0.162548 0.152470
vt 0.161809 0.152373
vt 0.161075 0.152276
vt 0.161075 0.151191
vt 0.161075 0.149994
vt 0.161075 0.148628
vt 0.162435 0.149662
vt 0.163786 0.150688
vt 0.164264 0.152696
vt 0.164264 0.104974
vt 0.162894 0.106125
vt 0.162511 0.105089
vt 0.164140 0.104213
vt 0.163903 0.102757
vt 0.163993 0.103311
vt 0.162296 0.104008
vt 0.162312 0.102712
vt 0.159780 0.108738
vt 0.159780 0.106741
vt 0.161040 0.106225
vt 0.161429 0.107354
vt 0.159780 0.102640
vt 0.161121 0.102678
vt 0.160889 0.104512
vt 0.159780 0.104679
vt 0.429492 0.054745
vt 0.432070 0.054612
vt 0.432385 0.057930
vt 0.430304 0.057597
vt 0.428725 0.056894
vt 0.427863 0.055896
vt 0.426453 0.052852
vt 0.426380 0.051374
vt 0.430359 0.051706
vt 0.432638 0.052477
vt 0.426718 0.054571
vt 0.432516 0.060369
vt 0.429738 0.059938
vt 0.432638 0.062506
vt 0.427273 0.061248
vt 0.432412 0.065089
vt 0.428221 0.064869
vt 0.431810 0.067535
vt 0.430433 0.067563
vt 0.431244 0.069407
vt 0.062241 0.006941
vt 0.062131 0.005690
vt 0.063390 0.005576
vt 0.063532 0.006645
vt 0.062471 0.002185
vt 0.063576 0.001891
vt 0.063567 0.003179
vt 0.062339 0.003182
vt 0.064780 0.006359
vt 0.064591 0.005352
vt 0.064780 0.001570
vt 0.064541 0.003138
vt 0.064408 0.004379
vt 0.063388 0.004439
vt 0.062179 0.004397
vt 0.152696 0.075100
vt 0.152260 0.075759
vt 0.151919 0.075324
vt 0.151817 0.076428
vt 0.151079 0.075567
vt 0.150764 0.076312
vt 0.149620 0.077021
vt 0.149520 0.076017
vt 0.150290 0.075794
vt 0.151419 0.077030
vt 0.149702 0.077836
vt 0.151860 0.077605
vt 0.150180 0.078917
vt 0.152410 0.078320
vt 0.150849 0.079801
vt 0.152696 0.078693
vt 0.151739 0.080975
vt 0.046040 0.001447
vt 0.046271 0.001749
vt 0.046040 0.004627
vt 0.160777 0.122096
vt 0.083289 0.071721
vt 0.083201 0.071627
vt 0.083289 0.071097
vt 0.078661 0.053212
vt 0.078587 0.052403
vt 0.078661 0.051839
vt 0.002314 0.117992
s 1
usemtl tripo_mat_3380e766-ccd7-4981-90b7-1da055ec06d5
f 1/1 199/2 200/3 201/4
f 1/1 201/4 202/5 203/6
f 2/7 204/8 205/9 206/10
f 2/11 206/12 207/13 208/14
f 2/15 208/16 80/17 204/18
f 3/19 209/20 210/21 211/22
f 3/23 212/24 213/25 209/26
f 3/27 211/28 214/29 212/30
f 1/1 203/6 215/31 216/32
f 4/33 217/34 218/35 219/36
f 4/37 220/38 221/39 222/40
f 4/33 219/36 224/41 220/42
f 5/43 225/44 226/45 227/46
f 5/47 227/48 204/18 80/17
f 5/47 80/17 228/49 225/50
f 6/51 229/52 230/53 231/54
f 6/51 231/54 232/55 233/56
f 6/57 233/58 234/59 229/60
f 7/61 235/62 236/63 237/64
f 7/61 238/65 239/66 240/67
f 7/68 240/69 241/70 242/71
f 8/72 242/73 243/74 244/75
f 8/76 244/77 245/78 246/79
f 8/72 247/80 79/81 235/82
f 8/72 235/82 7/83 242/73
f 8/84 246/85 248/86 247/87
f 9/88 251/89 252/90 253/91
f 9/88 254/92 255/93 256/94
f 9/88 253/91 10/95 254/92
f 10/96 253/97 257/98 258/99
f 10/96 258/99 259/100 254/101
f 11/102 260/103 261/104 262/105
f 11/102 262/105 14/106 263/107
f 12/108 261/109 13/110 264/111
f 12/112 265/113 262/114 261/115
f 13/116 266/117 267/118 268/119
f 13/116 268/119 269/120 16/121
f 13/116 261/104 260/103 266/117
f 13/122 16/123 17/124 264/125
f 14/126 273/127 274/128 263/129
f 14/130 262/131 265/132 272/133
f 14/134 272/135 271/136 275/137
f 14/126 276/138 277/139 273/127
f 14/126 275/140 278/141 276/138
f 15/142 279/143 280/144 281/145
f 15/142 281/145 282/146 283/147
f 15/142 284/148 285/149 286/150
f 16/151 275/152 271/153 17/154
f 16/121 287/155 278/156 275/157
f 17/158 271/159 270/160 264/161
f 18/162 288/163 289/164 19/165
f 18/162 290/166 291/167 288/163
f 18/162 19/165 292/168 290/166
f 19/165 289/164 293/169 294/170
f 19/165 294/170 295/171 296/172
f 19/165 296/172 297/173 292/168
f 20/174 298/175 299/176 300/177
f 20/178 300/179 301/180 302/181
f 20/182 302/183 45/184 298/185
f 21/186 303/187 304/188 305/189
f 21/190 306/191 293/169 303/192
f 21/193 60/194 307/195 306/196
f 22/197 308/198 309/199 310/200
f 22/201 310/202 311/203 312/204
f 23/205 313/206 314/207 315/208
f 23/205 316/209 317/210 313/206
f 23/211 318/212 319/213 316/214
f 23/215 315/216 320/217 321/218
f 24/219 322/220 317/221 323/222
f 24/223 324/224 325/225 322/226
f 24/219 323/222 326/227 324/228
f 25/229 313/206 317/210 322/230
f 25/229 327/231 314/207 313/206
f 25/229 322/230 325/232 327/231
f 26/233 328/234 329/235 330/236
f 26/233 331/237 332/238 328/234
f 26/233 330/236 333/239 331/237
f 27/240 334/241 335/242 336/243
f 27/240 337/244 338/245 334/241
f 27/240 336/243 339/246 340/247
f 29/248 341/249 342/250 343/251
f 345/252 50/253 341/249 29/248
f 29/248 343/251 344/254 345/252
f 30/255 34/256 32/257 33/258
f 31/259 346/260 347/261 348/262
f 31/263 349/264 32/265 34/266
f 32/265 349/264 350/267 351/268
f 33/258 32/257 352/269 353/270
f 35/271 354/272 355/273 351/274
f 35/271 356/275 357/276 354/272
f 35/277 358/278 359/279 360/280
f 35/271 360/281 361/282 356/275
f 35/283 351/284 350/285 358/286
f 36/287 362/288 363/289 364/290
f 36/287 364/290 365/291 366/292
f 36/287 366/292 367/293 362/288
f 37/294 368/295 369/296 370/297
f 37/294 371/298 372/299 368/295
f 37/300 370/301 373/302 371/303
f 38/304 374/305 375/306 376/307
f 38/304 376/307 377/308 378/309
f 38/304 378/309 379/310 374/305
f 39/311 380/312 381/313 382/314
f 39/311 382/314 383/315 384/316
f 39/311 384/316 385/317 380/312
f 40/318 386/319 387/320 41/321
f 40/322 388/323 389/324 390/325
f 41/326 391/327 392/328 393/329
f 42/330 394/331 395/332 396/333
f 42/334 396/335 397/336 398/337
f 42/338 399/339 400/340 401/341
f 42/338 401/341 402/342 394/343
f 42/334 398/337 403/344 404/345
f 43/346 405/347 406/348 407/349
f 43/350 408/351 409/352 410/353
f 43/354 407/355 411/356 408/357
f 44/358 412/359 413/360 414/361
f 44/362 414/363 410/353 409/352
f 44/364 409/365 415/366 412/367
f 45/184 416/368 417/369 298/185
f 45/184 302/183 418/370 416/368
f 46/371 419/372 420/373 421/374
f 46/375 422/376 423/377 419/378
f 46/379 421/380 424/381 422/382
f 47/383 420/373 419/372 425/384
f 47/383 426/385 427/386 420/373
f 47/383 428/387 429/388 426/385
f 47/383 417/369 416/368 428/387
f 47/383 425/384 430/389 417/369
f 48/390 431/391 432/392 433/393
f 48/394 433/395 434/396 435/397
f 48/398 435/399 436/400 431/401
f 49/402 437/403 395/404 394/405
f 439/406 440/407 437/408 49/409
f 49/409 394/410 438/411 439/406
f 31/263 348/412 441/413 349/264
f 50/253 345/252 442/414 443/415
f 50/416 443/417 444/418 341/419
f 51/420 445/421 446/422 447/423
f 51/424 448/425 449/426 53/427
f 51/420 447/423 450/428 448/429
f 51/420 451/430 452/431 445/421
f 51/432 53/433 54/434 451/435
f 52/436 453/437 454/438 455/439
f 52/440 456/441 457/442 458/443
f 53/427 449/426 459/444 54/445
f 54/446 460/447 461/448 451/430
f 54/449 462/450 463/451 460/452
f 54/445 459/444 464/453 462/454
f 55/455 465/456 466/457 467/458
f 55/455 468/459 319/460 465/456
f 56/461 57/462 305/189 304/188
f 56/463 422/382 424/381 470/464
f 56/463 470/464 471/465 57/466
f 57/462 471/467 472/468 305/189
f 58/469 473/470 474/471 59/472
f 58/469 59/472 475/473 476/474
f 58/469 476/474 477/475 478/476
f 58/469 479/477 480/478 473/470
f 58/469 478/476 481/479 479/477
f 59/472 474/471 60/480 475/473
f 60/481 21/482 482/483 483/484
f 60/194 474/485 484/486 307/195
f 60/481 483/484 485/487 475/488
f 61/489 486/490 487/491 488/492
f 61/493 488/494 489/495 490/496
f 61/497 490/498 406/499 486/500
f 491/501 492/502 493/503 494/504
f 63/505 496/506 497/507 498/508
f 63/509 498/510 499/511 500/512
f 63/509 500/512 501/513 502/514
f 63/505 503/515 504/516 496/506
f 64/517 505/518 506/519 507/520
f 64/521 507/522 508/523 509/524
f 64/521 509/524 510/525 511/526
f 64/527 511/528 512/529 505/530
f 513/531 499/511 498/510 514/532
f 65/533 515/534 516/535 517/536
f 66/537 518/538 519/539 520/540
f 66/541 521/542 522/543 518/544
f 66/545 523/546 67/547 524/548
f 66/541 524/549 72/550 521/542
f 67/547 525/551 526/552 527/553
f 67/547 527/553 71/554 524/548
f 67/547 523/546 528/555 529/556
f 67/547 529/556 530/557 525/551
f 68/558 525/551 530/557 531/559
f 68/558 70/560 526/552 525/551
f 68/561 532/562 69/563 70/564
f 69/565 533/566 534/567 535/568
f 69/565 535/568 526/569 70/570
f 71/571 536/572 72/573 524/574
f 71/575 527/576 537/577 536/578
f 72/550 536/579 65/580 521/542
f 65/580 538/581 539/582 540/583
f 65/533 536/578 537/577 515/534
f 73/584 542/585 228/49 80/17
f 73/586 541/587 543/588 542/589
f 74/590 82/591 544/592 545/593
f 74/590 546/594 541/587 82/591
f 74/595 545/596 547/597 548/598
f 74/599 549/600 550/601 546/602
f 74/603 548/604 551/605 549/606
f 75/607 552/608 553/609 554/610
f 75/611 554/612 555/613 556/614
f 75/615 556/616 557/617 552/618
f 76/619 558/620 555/621 554/622
f 76/623 559/624 560/625 558/626
f 76/627 561/628 562/629 563/630
f 76/631 554/610 553/609 561/632
f 76/633 563/634 564/635 559/636
f 77/637 565/638 566/639 567/640
f 77/637 567/640 237/641 236/642
f 77/643 236/644 560/645 559/646
f 78/647 568/648 569/649 570/650
f 78/651 570/652 571/653 572/654
f 78/655 572/656 573/657 568/658
f 80/17 208/16 81/659 82/660
f 81/661 574/662 575/663 576/664
f 81/665 208/14 207/13 574/666
f 81/667 576/668 544/592 82/591
f 83/669 577/670 578/671 579/672
f 83/669 580/673 581/674 577/670
f 83/669 582/675 583/676 584/677
f 83/669 584/677 585/678 580/673
f 83/669 579/672 586/679 582/675
f 84/680 587/681 588/682 589/683
f 84/680 589/683 590/684 591/685
f 84/680 591/685 592/686 587/681
f 85/687 593/688 594/689 595/690
f 85/687 595/690 596/691 597/692
f 85/687 597/692 598/693 599/694
f 86/695 600/696 601/697 602/698
f 86/699 603/700 604/701 600/702
f 86/703 89/704 605/705 603/706
f 86/707 599/708 598/709 89/710
f 87/711 606/712 607/713 608/714
f 87/711 88/715 609/716 606/712
f 87/717 593/718 610/719 88/720
f 88/721 611/722 612/723 613/724
f 88/725 610/726 614/727 611/728
f 88/729 613/730 615/731 609/732
f 89/733 616/734 617/735 90/736
f 89/737 598/693 618/738 616/739
f 89/740 90/741 619/742 605/743
f 90/741 85/744 599/745 620/746
f 86/747 621/748 620/749 599/750
f 91/751 622/752 623/753 624/754
f 626/755 627/756 622/752 91/751
f 91/751 624/754 625/757 626/755
f 623/758 622/759 628/760 629/761
f 623/758 629/761 630/762 97/763
f 92/764 631/765 632/766 633/767
f 92/768 633/769 634/770 93/771
f 92/772 635/773 636/774 631/775
f 92/776 93/777 637/778 638/779
f 93/771 634/770 639/780 637/781
f 94/782 640/783 641/784 642/785
f 94/782 643/786 644/787 640/783
f 94/788 642/789 645/790 643/791
f 95/792 648/793 649/794 650/795
f 95/792 650/795 651/796 652/797
f 95/792 652/797 653/798 648/793
f 96/799 654/800 184/801 655/802
f 96/803 655/804 656/805 657/806
f 96/807 658/808 659/809 654/810
f 96/811 660/812 661/813 658/814
f 96/815 662/816 663/817 660/818
f 96/815 657/819 664/820 662/816
f 97/821 665/822 666/823 623/824
f 97/763 630/762 667/825 668/826
f 98/827 669/828 670/829 100/830
f 98/827 671/831 672/832 669/828
f 98/827 673/833 674/834 671/831
f 98/835 100/836 675/837 676/838
f 98/835 676/838 677/839 673/840
f 99/841 678/842 679/843 680/844
f 99/841 680/844 681/845 682/846
f 99/841 682/846 683/847 678/842
f 100/848 670/849 684/850 675/851
f 101/852 685/853 686/854 687/855
f 101/856 687/857 689/858 690/859
f 102/860 691/861 692/862 693/863
f 102/864 694/865 695/866 691/867
f 102/864 696/868 697/869 694/865
f 102/864 104/870 698/871 696/868
f 102/860 693/863 699/872 104/873
f 103/874 700/875 701/876 702/877
f 103/878 702/879 703/880 704/881
f 103/874 704/882 705/883 700/875
f 104/873 699/872 706/884 698/885
f 105/886 691/867 695/866 707/887
f 105/888 708/889 692/890 691/891
f 105/888 707/892 709/893 708/889
f 101/852 711/894 712/895 710/896
f 101/856 690/859 713/897 711/898
f 106/899 714/900 715/901 107/902
f 106/903 716/904 717/905 714/906
f 106/907 107/908 718/909 716/910
f 107/911 719/912 720/913 718/914
f 112/915 722/916 723/917 721/918
f 108/919 724/920 725/921 726/922
f 108/923 726/924 109/925 721/926
f 109/927 726/928 727/929 111/930
f 110/931 159/932 728/933 112/915
f 110/934 112/935 111/936 729/937
f 110/938 729/939 730/940 159/941
f 111/942 727/943 731/944 729/939
f 113/945 732/946 733/947 734/948
f 113/949 734/950 735/951 736/952
f 113/945 736/953 737/954 732/946
f 114/955 738/956 739/957 740/958
f 114/959 740/960 741/961 742/962
f 114/955 743/963 744/964 738/956
f 114/955 742/965 745/966 746/967
f 114/955 746/967 747/968 743/963
f 115/969 748/970 749/971 750/972
f 115/973 751/974 752/975 753/976
f 115/977 754/978 755/979 751/980
f 115/969 750/972 756/981 754/982
f 116/983 757/984 758/985 759/986
f 116/983 760/987 761/988 757/984
f 118/989 765/990 766/991 767/992
f 118/989 767/992 768/993 769/994
f 118/995 770/996 771/997 765/998
f 119/999 772/1000 149/1001 773/1002
f 119/999 773/1002 774/1003 775/1004
f 119/1005 776/1006 777/1007 772/1008
f 119/1009 778/1010 779/1011 776/1012
f 119/1013 780/1014 781/1015 778/1016
f 121/1017 122/1018 782/1019 783/1020
f 121/1017 783/1020 784/1021 785/1022
f 122/1023 786/1024 787/1025 782/1026
f 122/1023 123/1027 788/1028 786/1024
f 123/1029 789/1030 790/1031 791/1032
f 124/1033 792/1034 793/1035 794/1036
f 125/1037 778/1038 781/1039 795/1040
f 125/1037 795/1040 788/1041 796/1042
f 120/1043 797/1044 798/1045 148/1046
f 120/1043 148/1046 799/1047 800/1048
f 126/1049 127/1050 801/1051 802/1052
f 126/1049 802/1052 803/1053 804/1054
f 126/1049 804/1054 805/1055 806/1056
f 126/1057 130/1058 807/1059 127/1060
f 126/1061 806/1062 808/1063 130/1064
f 127/1065 807/1066 809/1067 801/1068
f 810/1069 811/1070 128/1071 812/1072
f 128/1071 813/1073 802/1074 801/1068
f 128/1071 801/1068 809/1067 812/1072
f 129/1075 814/1076 815/1077 816/1078
f 129/1079 816/1080 817/1081 818/1082
f 129/1083 818/1084 819/1085 814/1086
f 130/1087 820/1088 821/1089 822/1090
f 130/1091 822/1092 823/1093 807/1094
f 130/1095 808/1096 824/1097 820/1098
f 131/1099 825/1100 826/1101 827/1102
f 131/1103 828/1104 803/1053 829/1105
f 132/1106 834/1107 835/1108 836/1109
f 132/1110 837/1111 838/1112 834/1113
f 132/1114 836/1115 839/1116 840/1117
f 133/1118 841/1119 842/1120 843/1121
f 134/1122 135/1123 845/1124 846/1125
f 134/1122 846/1125 847/1126 848/1127
f 134/1128 848/1129 849/1130 135/1131
f 135/1132 849/1133 850/1134 845/1135
f 136/1136 852/1137 853/1138 854/1139
f 136/1140 855/1141 856/1142 852/1143
f 136/1140 820/1098 824/1097 857/1144
f 136/1140 857/1144 175/1145 855/1141
f 136/1136 854/1139 821/1146 820/1147
f 137/1148 858/1149 859/1150 860/1151
f 137/1152 817/1153 861/1154 858/1155
f 137/1152 860/1156 818/1157 817/1153
f 138/1158 862/1159 863/1160 864/1161
f 138/1158 865/1162 866/1163 862/1159
f 138/1158 864/1161 867/1164 865/1162
f 139/1165 830/1166 833/1167 868/1168
f 139/1169 868/1170 869/1171 870/1172
f 139/1173 870/1174 871/1175 872/1176
f 140/1177 873/1178 874/1179 875/1180
f 140/1177 876/1181 877/1182 873/1178
f 140/1183 875/1184 878/1185 876/1186
f 879/1187 880/1188 874/1189 881/1190
f 141/1191 145/1192 882/1193 883/1194
f 141/1195 171/1196 167/1197 172/1198
f 141/1195 883/1199 884/1200 171/1196
f 141/1201 885/1202 144/1203 145/1204
f 142/1205 886/1206 887/1207 888/1208
f 142/1205 889/1209 890/1210 886/1206
f 142/1205 833/1211 891/1212 889/1209
f 143/1213 892/1214 893/1215 894/1216
f 143/1217 895/1218 144/1219 896/1220
f 143/1221 896/1222 897/1223 898/1224
f 143/1225 898/1226 899/1227 895/1228
f 144/1229 895/1228 900/1230 901/1231
f 144/1232 901/1233 902/1234 145/1235
f 144/1203 885/1202 903/1236 896/1237
f 145/1192 902/1238 832/1239 904/1240
f 158/1241 905/1242 906/1243 907/1244
f 146/1245 908/1246 909/1247 910/1248
f 146/1249 910/1250 911/1251 912/1252
f 146/1253 912/1254 913/1255 908/1256
f 147/1257 914/1258 915/1259 916/1260
f 147/1257 916/1260 780/1261 917/1262
f 147/1263 918/1264 919/1265 914/1266
f 148/1267 920/1268 775/1269 921/1270
f 149/1001 922/1271 911/1251 923/1272
f 149/1001 923/1272 924/1273 773/1002
f 149/1274 925/1275 926/1276 922/1277
f 149/1001 772/1000 927/1278 925/1279
f 131/1099 827/1102 150/1280 928/1281
f 131/1282 928/1283 929/1284 828/1285
f 150/1286 930/1287 931/1288 932/1289
f 150/1290 918/1264 933/1291 930/1292
f 150/1290 827/1293 919/1265 918/1264
f 151/1294 934/1295 935/1296 936/1297
f 151/1298 936/1299 937/1300 938/1301
f 151/1302 938/1303 939/1304 940/1305
f 151/1294 941/1306 942/1307 934/1295
f 152/1308 943/1309 944/1310 162/1311
f 152/1308 945/1312 946/1313 943/1309
f 152/1314 947/1315 948/1316 945/1317
f 153/1318 949/1319 950/1320 951/1321
f 153/1322 951/1323 952/1324 953/1325
f 153/1326 953/1327 954/1328 949/1329
f 154/1330 955/1331 956/1332 957/1333
f 154/1330 958/1334 959/1335 955/1331
f 154/1336 957/1337 960/1338 958/1339
f 961/1340 160/1341 962/1342 963/1343
f 155/1344 965/1345 966/1346 967/1347
f 156/1348 968/1349 969/1350 970/1351
f 156/1352 970/1353 971/1354 972/1355
f 157/1356 973/1357 974/1358 975/1359
f 158/1360 155/1344 967/1347 976/1361
f 158/1241 907/1244 977/1362 155/1363
f 159/1364 730/1365 978/1366 979/1367
f 160/1368 980/1369 981/1370 962/1371
f 160/1372 978/1373 730/1374 980/1375
f 161/1376 982/1377 983/1378 162/1311
f 161/1379 162/1380 984/1381 985/1382
f 162/1311 983/1378 986/1383 152/1308
f 163/1384 987/1385 988/1386 989/1387
f 991/1388 165/1389 987/1385 163/1384
f 163/1384 989/1387 990/1390 991/1388
f 164/1391 166/1392 989/1387 988/1386
f 164/1393 988/1394 992/1395 993/1396
f 164/1393 993/1396 994/1397 166/1398
f 165/1399 995/1400 996/1401 987/1402
f 342/1403 998/1404 999/1405 170/1406
f 342/250 168/1407 1000/1408 343/251
f 342/1403 170/1406 1001/1409 168/1410
f 167/1411 1002/1412 1003/1413 172/1414
f 168/1407 1004/1415 1005/1416 1000/1408
f 168/1410 1001/1409 1006/1417 169/1418
f 170/1406 999/1405 1007/1419 1001/1409
f 168/1410 169/1418 1008/1420 1009/1421
f 171/1196 884/1200 1010/1422 167/1197
f 172/1423 1011/1424 1012/1425 1013/1426
f 172/1427 1003/1428 1014/1429 1011/1430
f 173/1431 1015/1432 1016/1433 1017/1434
f 173/1431 929/1435 1018/1436 1015/1432
f 173/1431 1019/1437 828/1438 929/1435
f 174/1439 1020/1440 1021/1441 1022/1442
f 174/1439 1023/1443 1024/1444 1020/1440
f 174/1439 1022/1442 1025/1445 1026/1446
f 174/1447 1027/1448 1028/1449 1023/1450
f 174/1451 1026/1452 1029/1453 1027/1454
f 175/1455 857/1456 1030/1457 1031/1458
f 175/1459 1027/1454 1029/1453 1032/1460
f 175/1461 1031/1462 1028/1449 1027/1448
f 175/1145 1032/1463 1033/1464 855/1141
f 176/1465 1034/1466 1035/1467 1036/1468
f 176/1465 1036/1468 1037/1469 1038/1470
f 1038/1471 1039/1472 1040/1473 1041/1474
f 176/1465 1038/1470 1041/1475 1034/1466
f 177/1476 1045/1477 1046/1478 1047/1479
f 177/1480 1047/1481 1048/1482 178/1483
f 177/1476 178/1484 1049/1485 1050/1486
f 178/1487 1051/1488 1052/1489 1049/1490
f 178/1491 1048/1492 4219/1493 1051/1494
f 180/1495 1054/1496 1055/1497 1056/1498
f 181/1499 1057/1500 1058/1501 1059/1502
f 181/1499 1060/1503 1061/1504 1057/1500
f 181/1499 1059/1502 1062/1505 1060/1503
f 182/1506 1063/1507 1064/1508 1065/1509
f 182/1510 1066/1511 1067/1512 1063/1513
f 182/1514 1065/1515 1068/1516 1066/1517
f 183/1518 1069/1519 1070/1520 1071/1521
f 183/1518 1072/1522 1073/1523 1069/1519
f 183/1518 1071/1521 1074/1524 1072/1522
f 1075/1525 1076/1526 1077/1527 1078/1528
f 184/1529 1079/1530 1080/1531 1081/1532
f 184/801 654/800 1082/1533 1079/1534
f 184/1535 1081/1536 1083/1537 1084/1538
f 185/1539 1081/1532 1080/1531 1085/1540
f 185/1541 1085/1542 1086/1543 1087/1544
f 185/1545 1088/1546 1083/1537 1081/1536
f 185/1547 1089/1548 1090/1549 1088/1550
f 185/1547 1087/1551 674/1552 1089/1548
f 186/1553 606/712 609/716 1091/1554
f 186/1553 1092/1555 1093/1556 1094/1557
f 187/1558 1095/1559 1096/1560 1097/1561
f 188/1562 1098/1563 1099/1564 1100/1565
f 195/1566 1101/1567 196/1568 1102/1569
f 189/1570 1103/1571 1104/1572 1105/1573
f 189/1574 1105/1575 1106/1576 1107/1577
f 189/1578 1107/1579 1108/1580 1103/1581
f 190/1582 1109/1583 1110/1584 1111/1585
f 190/1582 1112/1586 1113/1587 1109/1583
f 190/1582 1111/1585 1114/1588 1112/1586
f 191/1589 1115/1590 1116/1591 1117/1592
f 191/1593 1117/1594 1118/1595 192/1596
f 191/1589 1119/1597 1120/1598 1115/1590
f 191/1589 1114/1588 1121/1599 1119/1597
f 191/1589 1122/1600 1112/1586 1114/1588
f 191/1601 192/1602 1123/1603 1122/1604
f 192/1605 583/1606 1124/1607 1123/1608
f 192/1609 1118/1610 1125/1611 1126/1612
f 192/1609 1126/1612 584/677 583/676
f 193/1613 1127/1614 582/675 586/679
f 193/1613 1128/1615 1129/1616 1127/1614
f 193/1613 586/679 1130/1617 1128/1615
f 194/1618 1105/1573 1104/1572 1131/1619
f 194/1620 1132/1621 1106/1576 1105/1575
f 194/1622 1131/1623 1133/1624 1132/1625
f 195/1626 1102/1627 1134/1628 1135/1629
f 195/1630 1135/1631 1136/1632 1101/1633
f 196/1634 1101/1633 1137/1635 1138/1636
f 196/1637 1138/1638 1139/1639 1102/1627
f 197/1640 1140/1641 1141/1642 1142/1643
f 197/1640 1143/1644 1144/1645 1140/1641
f 197/1640 1142/1643 1145/1646 1143/1644
f 198/1647 1064/1648 1146/1649 1147/1650
f 198/1651 1147/1652 1148/1653 1149/1654
f 198/1655 1149/1656 1065/1509 1064/1508
f 1149/1657 1148/1658 1150/1659 1151/1660
f 1149/1657 1151/1660 1068/1661 1065/1662
f 1151/1660 1150/1659 1152/1663 1153/1664
f 1151/1660 1153/1664 1154/1665 1068/1661
f 1154/1665 1153/1664 1155/1666 1156/1667
f 1154/1668 1156/1669 1157/1670 1158/1671
f 1154/1668 1158/1671 1066/1517 1068/1516
f 1158/1672 1157/1673 1159/1674 1160/1675
f 1158/1672 1160/1675 1067/1512 1066/1511
f 1160/1675 1159/1674 1161/1676 1162/1677
f 1160/1675 1162/1677 1163/1678 1067/1512
f 1163/1679 1162/1680 1164/1681 1165/1682
f 1163/1679 1165/1682 1166/1683 1167/1684
f 1163/1678 1167/1685 1063/1513 1067/1512
f 1167/1686 1166/1687 1168/1688 1146/1649
f 1167/1686 1146/1649 1064/1648 1063/1689
f 1168/1688 1169/1690 1170/1691 1171/1692
f 1168/1688 1171/1692 1147/1650 1146/1649
f 1168/1688 1166/1687 1172/1693 1169/1690
f 1172/1693 1173/1694 1174/1695 1169/1690
f 1172/1696 1166/1697 1165/1698 1175/1699
f 1172/1696 1175/1699 1176/1700 1173/1701
f 1176/1700 1177/1702 1178/1703 1173/1701
f 1176/1700 1175/1699 1179/1704 1180/1705
f 1176/1700 1180/1705 1181/1706 1177/1702
f 1181/1706 1182/1707 1183/1708 1177/1702
f 1181/1706 1180/1705 1184/1709 1185/1710
f 1181/1706 1185/1710 1186/1711 1182/1707
f 1186/1711 1187/1712 1188/1713 1182/1707
f 1186/1711 1185/1710 1074/1524 1189/1714
f 1186/1711 1189/1714 1190/1715 1187/1712
f 1190/1715 1191/1716 1192/1717 1187/1712
f 1190/1715 1189/1714 1193/1718 1194/1719
f 1190/1715 1194/1719 1195/1720 1191/1716
f 1195/1720 626/755 625/757 1191/1716
f 1195/1720 1194/1719 1196/1721 1197/1722
f 1195/1720 1197/1722 1198/1723 626/755
f 1198/1723 1199/1724 627/756 626/755
f 1198/1723 1197/1722 1200/1725 1201/1726
f 1198/1723 1201/1726 166/1392 1199/1724
f 1201/1726 1200/1725 1202/1727 1203/1728
f 1203/1728 1202/1727 1204/1729 1205/1730
f 1203/1728 1205/1730 990/1390 989/1387
f 1205/1730 1204/1729 1206/1731 1207/1732
f 1205/1733 1207/1734 1208/1735 990/1736
f 1208/1737 1209/1738 991/1739 990/1740
f 1208/1737 1207/1741 1210/1742 1211/1743
f 1208/1737 1211/1743 1212/1744 1209/1738
f 1212/1744 1213/1745 1095/1746 1209/1738
f 1212/1747 1211/1748 615/731 613/730
f 1212/1749 613/724 612/723 1213/1750
f 1213/1751 1214/1752 1096/1560 1095/1559
f 1213/1751 612/1753 1215/1754 1214/1752
f 1215/1754 1216/1755 1217/1756 1214/1752
f 1215/1757 612/723 611/722 1218/1758
f 1215/1754 1218/1759 1219/1760 1216/1755
f 1219/1760 1220/1761 1221/1762 1216/1755
f 1219/1760 1218/1759 1222/1763 1223/1764
f 1219/1760 1223/1764 1224/1765 1220/1761
f 1224/1765 1225/1766 1226/1767 1220/1761
f 1224/1765 1223/1764 1227/1768 1228/1769
f 1224/1765 1228/1769 1229/1770 1225/1766
f 1229/1770 1230/1771 1231/1772 1225/1766
f 1229/1770 1228/1769 1232/1773 1233/1774
f 1229/1770 1233/1774 1234/1775 1230/1771
f 1234/1775 1235/1776 1236/1777 1230/1771
f 1234/1775 1233/1774 1237/1778 1238/1779
f 1234/1775 1238/1779 1239/1780 1235/1776
f 1239/1780 1240/1781 1241/1782 1235/1776
f 1239/1780 1238/1779 1242/1783 1243/1784
f 1239/1780 1243/1784 1244/1785 1240/1781
f 1244/1785 1245/1786 1246/1787 1240/1781
f 1244/1785 1243/1784 1247/1788 1248/1789
f 1244/1785 1248/1789 1249/1790 1245/1786
f 1249/1790 1250/1791 1251/1792 1245/1786
f 1249/1790 1248/1789 1252/1793 1253/1794
f 1249/1790 1253/1794 1254/1795 1250/1791
f 1254/1796 1255/1797 1256/1798 1250/1799
f 1254/1795 1253/1794 202/1800 201/1801
f 1254/1796 201/4 200/3 1255/1797
f 1256/1802 1257/1803 1258/1804 1259/1805
f 1256/1798 1259/1806 1251/1807 1250/1799
f 1256/1808 1255/1809 1260/1810 1257/1811
f 1260/1812 1261/1813 1262/1814 1257/1815
f 1260/1816 1255/1817 200/1818 1263/1819
f 1260/1812 1263/1820 1264/1821 1261/1813
f 1264/1821 1265/1822 1266/1823 1261/1813
f 1264/1821 1263/1820 1267/1824 1268/1825
f 1264/1821 1268/1825 1269/1826 1265/1822
f 1269/1826 1270/1827 1271/1828 1265/1822
f 1269/1826 1268/1825 1272/1829 1273/1830
f 1269/1826 1273/1830 1274/1831 1270/1827
f 1274/1831 1275/1832 1276/1833 1270/1827
f 1274/1831 1273/1830 213/25 1277/1834
f 1274/1831 1277/1834 1278/1835 1275/1832
f 1278/1835 1277/1834 1279/1836 1280/1837
f 1278/1835 1280/1837 1281/1838 1282/1839
f 1278/1835 1282/1839 1283/1840 1275/1832
f 1283/1840 578/671 577/670 1284/1841
f 1283/1840 1284/1841 1276/1833 1275/1832
f 1283/1840 1282/1839 1285/1842 578/671
f 1285/1842 1282/1839 1281/1838 1286/1843
f 1285/1842 1286/1843 1287/1844 1288/1845
f 1285/1842 1288/1845 579/672 578/671
f 1288/1845 1287/1844 1289/1846 1130/1617
f 1288/1845 1130/1617 586/679 579/672
f 1289/1847 1287/1848 1290/1849 1291/1850
f 1289/1846 1291/1851 1292/1852 1293/1853
f 1289/1846 1293/1853 1128/1615 1130/1617
f 1293/1853 1292/1852 1132/1625 1133/1624
f 1293/1853 1133/1624 1129/1616 1128/1615
f 1292/1854 1291/1850 1294/1855 1295/1856
f 1292/1854 1295/1856 1106/1857 1132/1858
f 1295/1859 1294/1860 1296/1861 1297/1862
f 1295/1863 1297/1864 1107/1577 1106/1576
f 1297/1865 1296/1866 1298/1867 1299/1868
f 1297/1869 1299/1870 1108/1580 1107/1579
f 1299/1868 1298/1867 1110/1584 1109/1583
f 1299/1868 1109/1583 1113/1587 1108/1871
f 1298/1867 1300/1872 1301/1873 1110/1584
f 1298/1874 1296/1861 1302/1875 1300/1876
f 1302/1875 1303/1877 1304/1878 1300/1876
f 1302/1875 1296/1861 1294/1860 1305/1879
f 1302/1875 1305/1879 1306/1880 1303/1877
f 1306/1880 1307/1881 1308/1882 1303/1877
f 1306/1883 1305/1884 1290/1849 1309/1885
f 1306/1883 1309/1885 1310/1886 1307/1887
f 1310/1886 1311/1888 1312/1889 1307/1887
f 1310/1886 1309/1885 1286/1890 1281/1891
f 1310/1886 1281/1891 1280/1892 1311/1888
f 1312/1893 1313/1894 1314/1895 1315/1896
f 1312/1893 1315/1896 1308/1882 1307/1881
f 1312/1889 1311/1888 1316/1897 1313/1898
f 1316/1897 214/29 1317/1899 1313/1898
f 1316/1897 1311/1888 1280/1892 1279/1900
f 1316/1897 1279/1900 212/30 214/29
f 1317/1901 1318/1902 1319/1903 1320/1904
f 1317/1905 1320/1906 1314/1895 1313/1894
f 1317/1901 214/1907 211/1908 1318/1902
f 1320/1909 1319/1910 231/1911 230/1912
f 1320/1906 230/1913 1321/1914 1314/1895
f 1321/1915 230/53 229/52 1322/1916
f 1321/1915 1322/1916 1323/1917 1324/1918
f 1321/1914 1324/1919 1315/1896 1314/1895
f 1324/1918 1323/1917 1325/1920 1326/1921
f 1324/1919 1326/1922 1308/1882 1315/1896
f 1326/1921 1325/1920 1327/1923 1304/1924
f 1326/1922 1304/1878 1303/1877 1308/1882
f 1327/1923 1325/1920 1328/1925 1329/1926
f 1327/1923 1329/1926 1330/1927 1301/1873
f 1327/1923 1301/1873 1300/1872 1304/1924
f 1330/1927 1329/1926 1331/1928 1121/1599
f 1330/1927 1121/1599 1114/1588 1111/1585
f 1330/1927 1111/1585 1110/1584 1301/1873
f 1331/1928 1332/1929 1333/1930 1334/1931
f 1331/1928 1334/1931 1119/1597 1121/1599
f 1331/1928 1329/1926 1328/1925 1332/1929
f 1334/1931 1333/1930 1335/1932 1336/1933
f 1334/1931 1336/1933 1120/1598 1119/1597
f 1336/1933 1335/1932 1337/1934 1338/1935
f 1336/1933 1338/1935 1339/1936 1120/1598
f 1339/1936 1338/1935 1340/1937 1341/1938
f 1339/1936 1341/1938 1342/1939 1343/1940
f 1339/1936 1343/1940 1115/1590 1120/1598
f 1343/1940 1342/1939 1344/1941 1345/1942
f 1343/1940 1345/1942 1116/1591 1115/1590
f 1345/1942 1344/1941 1346/1943 1347/1944
f 1345/1942 1347/1944 1348/1945 1116/1591
f 1348/1945 1347/1944 1349/1946 1134/1628
f 1348/1945 1134/1628 1102/1627 1139/1639
f 1348/1945 1139/1639 1117/1592 1116/1591
f 1349/1946 1347/1944 1346/1943 1350/1947
f 1349/1948 1350/1949 1351/1950 1352/1951
f 1349/1948 1352/1951 1135/1952 1134/1953
f 1352/1954 1351/1955 1353/1956 1354/1957
f 1352/1954 1354/1957 1136/1632 1135/1631
f 1354/1957 1353/1956 1355/1958 1356/1959
f 1354/1957 1356/1959 1357/1960 1136/1632
f 1357/1960 1356/1959 1358/1961 1359/1962
f 1357/1960 1359/1962 1125/1611 1137/1635
f 1357/1960 1137/1635 1101/1633 1136/1632
f 1359/1962 1358/1961 1360/1963 1361/1964
f 1359/1962 1361/1964 1126/1612 1125/1611
f 1361/1964 1360/1963 1362/1965 585/678
f 1361/1964 585/678 584/677 1126/1612
f 1362/1965 1360/1963 1363/1966 1364/1967
f 1362/1965 1364/1967 1365/1968 1366/1969
f 1362/1965 1366/1969 580/673 585/678
f 1366/1969 1365/1968 1367/1970 1368/1971
f 1366/1969 1368/1971 581/674 580/673
f 1368/1971 1367/1970 1369/1972 1370/1973
f 1368/1971 1370/1973 1371/1974 581/674
f 1371/1974 1370/1973 1372/1975 1373/1976
f 1371/1974 1373/1976 1276/1833 1284/1841
f 1371/1974 1284/1841 577/670 581/674
f 1373/1976 1372/1975 1374/1977 1271/1828
f 1373/1976 1271/1828 1270/1827 1276/1833
f 1374/1977 1372/1975 1375/1978 1376/1979
f 1374/1977 1376/1979 1377/1980 1266/1823
f 1374/1977 1266/1823 1265/1822 1271/1828
f 1377/1980 1376/1979 1378/1981 1379/1982
f 1377/1980 1379/1982 1380/1983 1262/1814
f 1377/1980 1262/1814 1261/1813 1266/1823
f 1380/1983 1379/1982 1381/1984 1382/1985
f 1380/1983 1382/1985 1383/1986 1258/1987
f 1380/1983 1258/1987 1257/1815 1262/1814
f 1383/1986 1382/1985 1384/1988 1385/1989
f 1383/1990 1385/1991 1386/1992 1387/1993
f 1383/1990 1387/1993 1259/1805 1258/1804
f 1387/1994 1386/1995 1388/1996 1389/1997
f 1387/1994 1389/1997 1251/1807 1259/1806
f 1389/1998 1388/1999 1390/2000 1246/1787
f 1389/1998 1246/1787 1245/1786 1251/1792
f 1390/2000 1388/1999 1391/2001 1392/2002
f 1390/2000 1392/2002 1393/2003 1241/1782
f 1390/2000 1241/1782 1240/1781 1246/1787
f 1393/2003 1392/2002 1394/2004 1395/2005
f 1393/2003 1395/2005 1396/2006 1236/1777
f 1393/2003 1236/1777 1235/1776 1241/1782
f 1396/2006 1395/2005 1397/2007 1398/2008
f 1396/2006 1398/2008 1399/2009 1231/1772
f 1396/2006 1231/1772 1230/1771 1236/1777
f 1399/2009 1398/2008 1400/2010 1401/2011
f 1399/2009 1401/2011 1402/2012 1226/1767
f 1399/2009 1226/1767 1225/1766 1231/1772
f 1402/2012 1401/2011 1403/2013 1404/2014
f 1402/2012 1404/2014 1405/2015 1221/1762
f 1402/2012 1221/1762 1220/1761 1226/1767
f 1405/2016 1404/2017 1406/2018 1407/2019
f 1405/2016 1407/2019 1408/2020 1217/2021
f 1405/2015 1217/1756 1216/1755 1221/1762
f 1408/2020 1407/2019 1409/2022 1410/2023
f 1408/2020 1410/2023 1097/2024 1096/2025
f 1408/2020 1096/2025 1214/2026 1217/2021
f 1410/2023 1409/2022 1411/2027 1412/2028
f 1410/2023 1412/2028 165/1399 1097/2024
f 1412/2028 1411/2027 1413/2029 1414/2030
f 1412/2028 1414/2030 995/1400 165/1399
f 1414/2031 1413/2032 1415/2033 1416/2034
f 1414/2031 1416/2034 1417/2035 995/2036
f 1417/2035 1416/2034 1418/2037 1419/2038
f 1417/2035 1419/2038 1420/2039 1421/2040
f 1417/2035 1421/2040 996/2041 995/2036
f 1421/2040 1420/2039 1422/2042 1423/2043
f 1421/2044 1423/2045 992/1395 996/1401
f 1423/2043 1422/2042 1424/2046 1425/2047
f 1423/2045 1425/2048 993/1396 992/1395
f 1425/2047 1424/2046 1426/2049 1427/2050
f 1425/2048 1427/2051 994/1397 993/1396
f 1427/2050 1426/2049 1428/2052 1429/2053
f 1427/2051 1429/2054 1430/2055 994/1397
f 1430/2055 1429/2054 1431/2056 1432/2057
f 1430/2055 1432/2057 627/2058 1199/2059
f 1430/2055 1199/2059 166/1398 994/1397
f 1432/2057 1431/2056 1433/2060 628/2061
f 1432/2057 628/2061 622/2062 627/2058
f 1433/2063 1431/2064 1434/2065 1435/2066
f 1433/2067 1435/2068 1436/2069 1437/2070
f 1433/2067 1437/2070 629/2071 628/2072
f 1437/2073 1436/2074 1438/2075 1439/2076
f 1437/2077 1439/2078 1440/2079 629/2080
f 1440/2079 1439/2078 1441/2081 1442/2082
f 1440/2079 1442/2082 1443/2083 1444/2084
f 1440/2079 1444/2084 630/2085 629/2080
f 1444/2084 1443/2083 1445/2086 1446/2087
f 1444/2088 1446/2089 667/825 630/762
f 1446/2090 1445/2091 1447/2092 1448/2093
f 1446/2090 1448/2093 1449/2094 667/2095
f 1449/2094 1448/2093 1450/2096 1451/2097
f 1449/2098 1451/2099 1452/2100 1453/2101
f 1449/2098 1453/2101 668/826 667/825
f 1453/2102 1452/2103 1454/2104 1455/2105
f 1453/2102 1455/2105 1456/2106 668/2107
f 1456/2106 1457/2108 97/2109 668/2107
f 1456/2106 1455/2105 1458/2110 1459/2111
f 1456/2106 1459/2111 1460/2112 1457/2108
f 1460/2112 1461/2113 1462/2114 1457/2108
f 1460/2112 1459/2111 1463/2115 1464/2116
f 1460/2112 1464/2116 1465/2117 1461/2113
f 1465/2118 1466/2119 1467/2120 1461/2121
f 1465/2117 1464/2116 1468/2122 1469/2123
f 1465/2117 1469/2123 1470/2124 1466/2125
f 1469/2123 1468/2122 1471/2126 1472/2127
f 1469/2123 1472/2127 1473/2128 1470/2124
f 1473/2128 1472/2127 1474/2129 1475/2130
f 1473/2128 1475/2130 1476/2131 608/2132
f 1473/2133 608/2134 607/2135 1470/2136
f 1476/2131 1475/2130 1477/2137 1478/2138
f 1476/2139 1478/2140 1479/2141 1480/2142
f 1476/2139 1480/2142 87/2143 608/2144
f 1480/2142 1479/2141 1481/2145 594/689
f 1480/2142 594/689 593/688 87/2143
f 1481/2145 1479/2141 1482/2146 1483/2147
f 1481/2145 1483/2147 1484/2148 1485/2149
f 1481/2145 1485/2149 595/690 594/689
f 1485/2149 1484/2148 1486/2150 1487/2151
f 1485/2149 1487/2151 596/691 595/690
f 1487/2151 1486/2150 1488/2152 1489/2153
f 1487/2151 1489/2153 1490/2154 596/691
f 1490/2154 1491/2155 597/692 596/691
f 1490/2154 1489/2153 1492/2156 1493/2157
f 1490/2154 1493/2157 1494/2158 1491/2155
f 1494/2158 1495/2159 618/738 1491/2155
f 1494/2158 1493/2157 1496/2160 1497/2161
f 1494/2158 1497/2161 1498/2162 1495/2159
f 1498/2162 1499/2163 1500/2164 1495/2159
f 1498/2162 1497/2161 1355/1958 1353/1956
f 1498/2162 1353/1956 1351/1955 1499/2163
f 1500/2165 1501/2166 617/735 616/734
f 1500/2164 616/739 618/738 1495/2159
f 1500/2165 1499/2167 1502/2168 1501/2166
f 1502/2169 1503/2170 1504/2171 1501/2172
f 1502/2168 1499/2167 1351/1950 1350/1949
f 1502/2169 1350/1947 1346/1943 1503/2170
f 1504/2171 1505/2173 1506/2174 1507/2175
f 1504/2171 1507/2175 617/2176 1501/2172
f 1504/2171 1503/2170 1508/2177 1505/2173
f 1508/2177 1509/2178 1510/2179 1505/2173
f 1508/2177 1503/2170 1346/1943 1344/1941
f 1508/2177 1344/1941 1342/1939 1509/2178
f 1510/2179 1511/2180 1512/2181 1513/2182
f 1510/2179 1513/2182 1506/2174 1505/2173
f 1510/2179 1509/2178 1514/2183 1511/2180
f 1514/2183 1515/2184 1516/2185 1511/2180
f 1514/2183 1509/2178 1342/1939 1341/1938
f 1514/2183 1341/1938 1340/1937 1515/2184
f 1516/2185 1517/2186 1232/1773 1518/2187
f 1516/2185 1518/2187 1512/2181 1511/2180
f 1516/2185 1515/2184 1519/2188 1517/2186
f 1519/2188 1520/2189 1237/1778 1517/2186
f 1519/2188 1515/2184 1340/1937 1521/2190
f 1519/2188 1521/2190 1522/2191 1520/2189
f 1522/2191 1523/2192 1242/1783 1520/2189
f 1522/2191 1521/2190 1337/1934 1524/2193
f 1522/2191 1524/2193 1525/2194 1523/2192
f 1525/2194 1526/2195 1247/1788 1523/2192
f 1525/2194 1524/2193 1527/2196 1528/2197
f 1525/2194 1528/2197 1529/2198 1526/2195
f 1529/2198 1530/2199 1252/1793 1526/2195
f 1529/2198 1528/2197 1531/2200 1532/2201
f 1529/2198 1532/2201 1533/2202 1530/2199
f 1533/2202 203/2203 202/1800 1530/2199
f 1533/2202 1532/2201 1534/2204 1535/2205
f 1533/2202 1535/2205 215/2206 203/2203
f 1535/2205 1534/2204 234/2207 233/56
f 1535/2205 233/56 232/55 215/2206
f 1534/2204 1532/2201 1531/2200 1536/2208
f 1534/2204 1536/2208 1537/2209 234/2207
f 1537/2209 1536/2208 1538/2210 1539/2211
f 1537/2212 1539/2213 1323/2214 1322/2215
f 1537/2212 1322/2215 229/60 234/59
f 1539/2211 1538/2210 1332/1929 1328/1925
f 1539/2213 1328/2216 1325/2217 1323/2214
f 1538/2210 1536/2208 1531/2200 1540/2218
f 1538/2210 1540/2218 1333/1930 1332/1929
f 1540/2218 1531/2200 1528/2197 1527/2196
f 1540/2218 1527/2196 1335/1932 1333/1930
f 1530/2199 202/1800 1253/1794 1252/1793
f 1527/2196 1524/2193 1337/1934 1335/1932
f 1526/2195 1252/1793 1248/1789 1247/1788
f 1523/2192 1247/1788 1243/1784 1242/1783
f 1521/2190 1340/1937 1338/1935 1337/1934
f 1520/2189 1242/1783 1238/1779 1237/1778
f 1518/2187 1232/1773 1228/1769 1227/1768
f 1518/2187 1227/1768 1541/2219 1512/2181
f 1541/2219 1227/1768 1223/1764 1222/1763
f 1541/2219 1222/1763 614/727 1542/2220
f 1541/2219 1542/2220 1513/2182 1512/2181
f 1542/2220 614/727 610/726 1543/2221
f 1542/2220 1543/2221 1506/2174 1513/2182
f 1517/2186 1237/1778 1233/1774 1232/1773
f 1507/2175 1506/2174 1543/2221 1544/2222
f 1507/2175 1544/2222 90/2223 617/2176
f 1497/2161 1496/2160 1545/2224 1355/1958
f 1545/2224 1496/2160 1546/2225 1363/1966
f 1545/2224 1363/1966 1360/1963 1358/1961
f 1545/2224 1358/1961 1356/1959 1355/1958
f 1546/2225 1496/2160 1493/2157 1492/2156
f 1546/2225 1492/2156 1547/2226 1548/2227
f 1546/2225 1548/2227 1364/1967 1363/1966
f 1548/2227 1547/2226 1549/2228 1550/2229
f 1548/2227 1550/2229 1365/1968 1364/1967
f 1550/2229 1549/2228 1551/2230 1552/2231
f 1550/2229 1552/2231 1367/1970 1365/1968
f 1552/2231 1551/2230 1553/2232 1554/2233
f 1552/2231 1554/2233 1369/1972 1367/1970
f 1554/2233 1553/2232 1555/2234 1556/2235
f 1554/2233 1556/2235 1375/1978 1369/1972
f 1556/2235 1555/2234 1557/2236 1378/1981
f 1556/2235 1378/1981 1376/1979 1375/1978
f 1557/2236 1555/2234 1558/2237 1559/2238
f 1557/2236 1559/2238 1560/2239 1381/1984
f 1557/2236 1381/1984 1379/1982 1378/1981
f 1560/2239 1559/2238 1561/2240 1562/2241
f 1560/2239 1562/2241 1563/2242 1384/1988
f 1560/2239 1384/1988 1382/1985 1381/1984
f 1563/2242 1562/2241 1564/2243 1565/2244
f 1563/2245 1565/2246 1566/2247 1567/2248
f 1563/2242 1567/2249 1385/1989 1384/1988
f 1567/2250 1566/2251 1568/2252 1569/2253
f 1567/2250 1569/2253 1386/1992 1385/1991
f 1569/2254 1568/2255 1570/2256 1391/2257
f 1569/2254 1391/2257 1388/1996 1386/1995
f 1570/2258 1568/2259 1571/2260 1572/2261
f 1570/2262 1572/2263 1573/2264 1394/2004
f 1570/2262 1394/2004 1392/2002 1391/2001
f 1573/2264 1572/2263 1574/2265 1575/2266
f 1573/2264 1575/2266 1576/2267 1397/2007
f 1573/2264 1397/2007 1395/2005 1394/2004
f 1576/2267 1575/2266 1577/2268 1578/2269
f 1576/2267 1578/2269 1579/2270 1400/2010
f 1576/2267 1400/2010 1398/2008 1397/2007
f 1579/2271 1578/2272 1580/2273 1581/2274
f 1579/2271 1581/2274 1582/2275 1403/2276
f 1579/2270 1403/2013 1401/2011 1400/2010
f 1582/2275 1581/2274 1583/2277 1584/2278
f 1582/2275 1584/2278 1585/2279 1406/2018
f 1582/2275 1406/2018 1404/2017 1403/2276
f 1585/2279 1584/2278 1586/2280 1587/2281
f 1585/2279 1587/2281 1411/2027 1409/2022
f 1585/2279 1409/2022 1407/2019 1406/2018
f 1587/2282 1586/2283 1588/2284 1589/2285
f 1587/2281 1589/2286 1413/2029 1411/2027
f 1589/2285 1588/2284 1590/2287 1591/2288
f 1589/2285 1591/2288 1415/2033 1413/2032
f 1591/2288 1590/2287 1592/2289 1593/2290
f 1591/2288 1593/2290 1594/2291 1415/2033
f 1594/2291 1593/2290 1595/2292 1596/2293
f 1594/2291 1596/2293 1597/2294 1418/2037
f 1594/2291 1418/2037 1416/2034 1415/2033
f 1597/2294 1596/2293 1598/2295 1599/2296
f 1597/2294 1599/2296 1600/2297 1601/2298
f 1597/2294 1601/2298 1419/2038 1418/2037
f 1601/2298 1600/2297 1602/2299 1603/2300
f 1601/2298 1603/2300 1420/2039 1419/2038
f 1603/2300 1602/2299 1604/2301 1605/2302
f 1603/2300 1605/2302 1422/2042 1420/2039
f 1605/2302 1604/2301 1606/2303 1607/2304
f 1605/2302 1607/2304 1424/2046 1422/2042
f 1607/2304 1606/2303 1608/2305 1609/2306
f 1607/2304 1609/2306 1426/2049 1424/2046
f 1609/2306 1608/2305 1610/2307 1611/2308
f 1611/2308 1610/2307 985/2309 1612/2310
f 1611/2308 1612/2310 1435/2066 1434/2065
f 1611/2308 1434/2065 1428/2052 1613/2311
f 1612/2312 985/1382 984/1381 1614/2313
f 1612/2312 1614/2313 1436/2069 1435/2068
f 1614/2314 984/2315 1615/2316 1616/2317
f 1614/2314 1616/2317 1438/2075 1436/2074
f 1616/2317 1615/2316 1617/2318 1618/2319
f 1616/2317 1618/2319 1619/2320 1438/2075
f 1619/2320 1618/2319 1620/2321 1621/2322
f 1619/2323 1621/2324 1622/2325 1441/2081
f 1619/2323 1441/2081 1439/2078 1438/2326
f 1622/2325 1621/2324 1623/2327 1624/2328
f 1622/2325 1624/2328 1625/2329 1626/2330
f 1622/2325 1626/2330 1442/2082 1441/2081
f 1626/2330 1625/2329 1627/2331 1628/2332
f 1626/2330 1628/2332 1443/2083 1442/2082
f 1628/2333 1627/2334 1629/2335 1630/2336
f 1628/2332 1630/2337 1445/2086 1443/2083
f 1630/2336 1629/2335 1631/2338 1632/2339
f 1630/2340 1632/2341 1447/2092 1445/2091
f 1632/2341 1631/2342 1633/2343 1634/2344
f 1632/2341 1634/2344 1635/2345 1447/2092
f 1635/2345 1634/2344 1636/2346 1637/2347
f 1635/2345 1637/2347 1638/2348 1450/2096
f 1635/2345 1450/2096 1448/2093 1447/2092
f 1638/2348 1637/2347 1639/2349 1640/2350
f 1638/2348 1640/2350 1641/2351 1642/2352
f 1638/2348 1642/2352 1451/2097 1450/2096
f 1642/2352 1641/2351 1643/2353 1644/2354
f 1642/2355 1644/2356 1452/2100 1451/2099
f 1644/2357 1643/2358 1645/2359 1646/2360
f 1644/2361 1646/2362 1454/2104 1452/2103
f 1646/2360 1645/2359 1647/2363 1648/2364
f 1646/2362 1648/2365 1649/2366 1454/2104
f 1649/2366 1458/2110 1455/2105 1454/2104
f 1649/2366 1648/2365 1650/2367 1651/2368
f 1649/2366 1651/2368 1652/2369 1458/2110
f 1652/2369 1463/2115 1459/2111 1458/2110
f 1652/2369 1651/2368 1653/2370 1654/2371
f 1652/2369 1654/2371 1655/2372 1463/2115
f 1655/2372 1654/2371 1656/2373 1657/2374
f 1655/2372 1657/2374 1471/2126 1468/2122
f 1655/2372 1468/2122 1464/2116 1463/2115
f 1657/2375 1656/2376 1658/2377 1659/2378
f 1657/2374 1659/2379 1660/2380 1471/2126
f 1660/2381 1659/2382 1661/2383 1662/2384
f 1660/2381 1662/2384 1663/2385 1474/2386
f 1660/2380 1474/2129 1472/2127 1471/2126
f 1663/2385 1662/2384 1664/2387 1665/2388
f 1663/2385 1665/2388 1666/2389 1477/2390
f 1663/2385 1477/2390 1475/2391 1474/2386
f 1666/2392 1665/2393 1667/2394 1668/2395
f 1666/2392 1668/2395 1669/2396 1670/2397
f 1666/2389 1670/2398 1478/2399 1477/2390
f 1670/2397 1669/2396 1671/2400 1482/2401
f 1670/2397 1482/2401 1479/2402 1478/2138
f 1671/2400 1669/2396 1672/2403 1673/2404
f 1671/2405 1673/2406 1674/2407 1675/2408
f 1671/2405 1675/2408 1483/2147 1482/2146
f 1675/2408 1674/2407 1676/2409 1677/2410
f 1675/2408 1677/2410 1484/2148 1483/2147
f 1677/2410 1676/2409 1678/2411 1679/2412
f 1677/2410 1679/2412 1486/2150 1484/2148
f 1679/2412 1678/2411 1680/2413 1681/2414
f 1679/2412 1681/2414 1488/2152 1486/2150
f 1681/2414 1680/2413 1551/2230 1549/2228
f 1681/2414 1549/2228 1547/2226 1488/2152
f 1680/2413 1678/2411 1682/2415 1683/2416
f 1680/2413 1683/2416 1553/2232 1551/2230
f 1683/2416 1682/2415 1684/2417 1558/2237
f 1683/2416 1558/2237 1555/2234 1553/2232
f 1684/2417 1682/2415 1685/2418 1686/2419
f 1684/2417 1686/2419 1687/2420 1561/2240
f 1684/2417 1561/2240 1559/2238 1558/2237
f 1687/2420 1686/2419 1688/2421 1689/2422
f 1687/2420 1689/2422 1690/2423 1564/2243
f 1687/2420 1564/2243 1562/2241 1561/2240
f 1690/2423 1689/2422 1691/2424 551/605
f 1690/2423 551/605 548/604 1692/2425
f 1690/2423 1692/2425 1565/2244 1564/2243
f 1692/2425 548/604 547/2426 1693/2427
f 1692/2428 1693/2429 1566/2430 1565/2431
f 1693/2432 547/2433 1694/2434 1571/2435
f 1693/2432 1571/2435 1568/2252 1566/2251
f 1694/2434 547/2433 545/593 1695/2436
f 1694/2437 1695/2438 1696/2439 1574/2265
f 1694/2437 1574/2265 1572/2263 1571/2440
f 1696/2441 1695/2442 1697/2443 1698/2444
f 1696/2441 1698/2444 1699/2445 1577/2446
f 1696/2439 1577/2268 1575/2266 1574/2265
f 1699/2445 1698/2444 1700/2447 1701/2448
f 1699/2445 1701/2448 1702/2449 1580/2273
f 1699/2445 1580/2273 1578/2272 1577/2446
f 1702/2449 1701/2448 1703/2450 1704/2451
f 1702/2449 1704/2451 1705/2452 1583/2277
f 1702/2449 1583/2277 1581/2274 1580/2273
f 1705/2453 1704/2454 1706/2455 1707/2456
f 1705/2453 1707/2456 1588/2284 1586/2283
f 1705/2452 1586/2280 1584/2278 1583/2277
f 1707/2456 1706/2455 1708/2457 1709/2458
f 1707/2456 1709/2458 1590/2287 1588/2284
f 1709/2458 1708/2457 1710/2459 1711/2460
f 1709/2458 1711/2460 1592/2289 1590/2287
f 1711/2460 1710/2459 1712/2461 1713/2462
f 1711/2460 1713/2462 1714/2463 1592/2289
f 1714/2464 1713/2465 1715/2466 1716/2467
f 1714/2463 1716/2468 1717/2469 1595/2292
f 1714/2463 1595/2292 1593/2290 1592/2289
f 1717/2470 1716/2467 1718/2471 1719/2472
f 1717/2470 1719/2472 1720/2473 1598/2474
f 1717/2469 1598/2295 1596/2293 1595/2292
f 1720/2473 1719/2472 1721/2475 1722/2476
f 1720/2473 1722/2476 1723/2477 1724/2478
f 1720/2479 1724/2480 1599/2296 1598/2295
f 1724/2478 1723/2477 1725/2481 1726/2482
f 1724/2480 1726/2483 1600/2297 1599/2296
f 1727/2484 1728/2485 1729/2486 1730/2487
f 1727/2488 1723/2477 1722/2476 1728/2489
f 1731/2490 1732/2491 1733/2492 1734/2493
f 1731/2490 1734/2493 1604/2301 1602/2299
f 1734/2494 1733/2495 1735/2496 1736/2497
f 1734/2494 1736/2497 1606/2498 1604/2499
f 1736/2497 1735/2496 1737/2500 1738/2501
f 1736/2497 1738/2501 1608/2502 1606/2498
f 1738/2501 1737/2500 983/1378 982/1377
f 1738/2501 982/1377 1610/2503 1608/2502
f 1737/2504 1735/2505 1739/2506 1740/2507
f 1737/2500 1740/2508 986/1383 983/1378
f 1740/2507 1739/2506 1741/2509 1742/2510
f 1740/2507 1742/2510 1743/2511 986/2512
f 1743/2511 1742/2510 1744/2513 939/1304
f 1743/2511 939/1304 938/1303 947/2514
f 1743/2511 947/2514 152/2515 986/2512
f 1744/2516 1745/2517 1746/2518 1747/2519
f 1744/2516 1747/2519 940/2520 939/2521
f 1744/2513 1742/2510 1741/2509 1745/2522
f 1747/2519 1746/2518 1748/2523 1749/2524
f 1747/2519 1749/2524 1750/2525 940/2520
f 1750/2525 1749/2524 1751/2526 1752/2527
f 1750/2525 1752/2527 1753/2528 941/1306
f 1750/2525 941/1306 151/1294 940/2520
f 1753/2529 1752/2530 1754/2531 1755/2532
f 1753/2533 1755/2534 1756/2535 1757/2536
f 1753/2533 1757/2536 942/2537 941/2538
f 1757/2539 1756/2540 1758/2541 1759/2542
f 1757/2543 1759/2544 1760/2545 942/1307
f 1760/2545 1759/2544 966/1346 965/1345
f 1760/2545 965/1345 1761/2546 1762/2547
f 1760/2545 1762/2547 934/1295 942/1307
f 1762/2547 1761/2546 1763/2548 1764/2549
f 1762/2547 1764/2549 935/1296 934/1295
f 1764/2549 1763/2548 1765/2550 1766/2551
f 1764/2549 1766/2551 1767/2552 935/1296
f 1767/2553 753/976 936/2554 935/2555
f 1767/2556 1766/2557 1768/2558 748/970
f 1767/2556 748/970 115/969 753/2559
f 1768/2558 1766/2557 1765/2560 1769/2561
f 1768/2558 1769/2561 1770/2562 1771/2563
f 1768/2558 1771/2563 749/971 748/970
f 1771/2563 1770/2562 1772/2564 1773/2565
f 1771/2563 1773/2565 1774/2566 749/971
f 1774/2566 1773/2565 1775/2567 1776/2568
f 1774/2569 1776/2570 1777/2571 1778/2572
f 1774/2566 1778/2573 750/972 749/971
f 1778/2572 1777/2571 1779/2574 1780/2575
f 1778/2573 1780/2576 756/981 750/972
f 1780/2575 1779/2574 1781/2577 1782/2578
f 1780/2576 1782/2579 1783/2580 756/981
f 1783/2580 1782/2579 1784/2581 1785/2582
f 1783/2580 1785/2582 1786/2583 1787/2584
f 1783/2580 1787/2584 754/982 756/981
f 1787/2584 1786/2583 1788/2585 1789/2586
f 1787/2584 1789/2586 755/2587 754/982
f 1789/2588 1788/2589 1790/2590 1791/2591
f 1789/2588 1791/2591 1792/2592 755/979
f 1792/2592 1793/2593 751/980 755/979
f 1792/2592 1791/2591 1794/2594 745/2595
f 1792/2592 745/2595 742/2596 1793/2593
f 1794/2594 1791/2591 1790/2590 1795/2597
f 1794/2598 1795/2599 1796/2600 1797/2601
f 1794/2598 1797/2601 746/967 745/966
f 1797/2601 1796/2600 1798/2602 1799/2603
f 1797/2601 1799/2603 747/968 746/967
f 1799/2603 1798/2602 1800/2604 1801/2605
f 1799/2603 1801/2605 1802/2606 747/968
f 1802/2606 1803/2607 743/963 747/968
f 1802/2608 1801/2609 1804/2610 1805/2611
f 1802/2608 1805/2611 1806/2612 1803/2613
f 1806/2612 1807/2614 1808/2615 1803/2613
f 1806/2612 1805/2611 1809/2616 1810/2617
f 1806/2612 1810/2617 1811/2618 1807/2614
f 1811/2618 1812/2619 1813/2620 1807/2614
f 1811/2618 1810/2617 1643/2358 1641/2621
f 1811/2618 1641/2621 1640/2622 1812/2619
f 1813/2620 1814/2623 1815/2624 1816/2625
f 1813/2620 1816/2625 1808/2615 1807/2614
f 1813/2620 1812/2619 1817/2626 1814/2623
f 1817/2626 1639/2627 1818/2628 1819/2629
f 1817/2626 1819/2629 1820/2630 1814/2623
f 1817/2626 1812/2619 1640/2622 1639/2627
f 1820/2630 1819/2629 1821/2631 1822/2632
f 1820/2630 1822/2632 1823/2633 1824/2634
f 1820/2630 1824/2634 1815/2624 1814/2623
f 1824/2635 1823/2636 1825/2637 1826/2638
f 1824/2635 1826/2638 1827/2639 1815/2640
f 1827/2639 1826/2638 1828/2641 1829/2642
f 1827/2639 1829/2642 1830/2643 1831/2644
f 1827/2639 1831/2644 1816/2645 1815/2640
f 1831/2644 1830/2643 738/956 744/964
f 1831/2644 744/964 1808/2646 1816/2645
f 1830/2643 1829/2642 1832/2647 1833/2648
f 1830/2643 1833/2648 739/957 738/956
f 1833/2649 1832/2650 1834/2651 1835/2652
f 1833/2649 1835/2652 1836/2653 739/2654
f 1836/2653 1835/2652 1837/2655 1838/2656
f 1836/2653 1838/2656 943/1309 946/1313
f 1836/2653 946/1313 740/2657 739/2654
f 1838/2656 1837/2655 1839/2658 1840/2659
f 1838/2656 1840/2659 944/1310 943/1309
f 1840/2659 1839/2658 1841/2660 1617/2661
f 1840/2659 1617/2661 1615/2662 944/1310
f 1841/2663 1620/2321 1618/2319 1617/2318
f 1841/2660 1839/2658 1842/2664 1843/2665
f 1842/2664 1844/2666 1845/2667 1843/2665
f 1842/2664 1839/2658 1837/2655 1846/2668
f 1842/2664 1846/2668 1847/2669 1844/2666
f 1847/2669 1848/2670 1849/2671 1844/2666
f 1847/2669 1846/2668 1834/2651 1850/2672
f 1847/2669 1850/2672 1851/2673 1848/2670
f 1851/2674 1852/2675 1853/2676 1848/2677
f 1851/2678 1850/2679 1854/2680 1855/2681
f 1851/2682 1855/2683 1856/2684 1852/2685
f 1856/2686 1857/2687 1858/2688 1852/2689
f 1856/2684 1855/2683 1859/2690 1860/2691
f 1856/2692 1860/2693 1861/2694 1857/2695
f 1861/2694 719/2696 1862/2697 1863/2698
f 1861/2694 1863/2698 1864/2699 1857/2695
f 1861/2694 1860/2693 720/2700 719/2696
f 1864/2699 1865/2701 1866/2702 1867/2703
f 1864/2699 1867/2703 1858/2704 1857/2695
f 1864/2699 1863/2698 1868/2705 1865/2701
f 1868/2705 1869/2706 954/1328 1865/2701
f 1868/2705 1863/2698 1862/2697 1870/2707
f 1868/2705 1870/2707 1871/2708 1869/2706
f 1871/2708 700/2709 705/2710 1869/2706
f 1871/2711 1870/2712 1872/2713 1873/2714
f 1871/2711 1873/2714 701/2715 700/2716
f 1873/2714 1872/2713 1874/2717 709/2718
f 1873/2714 709/2718 707/2719 701/2715
f 1874/2720 1875/2721 708/889 709/893
f 1874/2717 1872/2713 1876/2722 1877/2723
f 1874/2720 1877/2724 1878/2725 1875/2721
f 1878/2725 1879/2726 1880/2727 1875/2721
f 1878/2728 1877/2723 715/901 713/2729
f 1878/2725 713/897 690/859 1879/2726
f 1880/2727 1881/2730 693/2731 692/890
f 1880/2727 692/890 708/889 1875/2721
f 1880/2727 1879/2726 1882/2732 1881/2730
f 1882/2733 1883/2734 1884/2735 1881/2736
f 1882/2732 1879/2726 690/859 689/858
f 1882/2733 689/2737 636/774 1883/2734
f 1884/2735 1885/2738 706/884 699/872
f 1884/2735 699/872 693/863 1881/2736
f 1884/2735 1883/2734 1886/2739 1885/2738
f 1886/2739 1887/2740 1888/2741 1885/2738
f 1886/2739 1883/2734 636/774 635/773
f 1886/2739 635/773 1889/2742 1887/2740
f 1889/2743 1890/2744 1891/2745 1887/2746
f 1889/2742 635/773 92/772 638/2747
f 1889/2743 638/2748 1892/2749 1890/2744
f 1892/2750 638/779 637/778 1893/2751
f 1892/2750 1893/2751 1894/2752 1895/2753
f 1895/2754 1896/2755 1897/2756 1892/2749
f 1895/2757 1894/2758 1849/2759 1898/2760
f 1895/2761 1898/2762 1899/2763 1896/2764
f 1899/2763 1900/2765 1901/2766 1896/2764
f 1899/2763 1898/2762 1853/2767 1902/2768
f 1899/2763 1902/2768 1903/2769 1900/2765
f 1903/2769 1904/2770 1905/2771 1900/2765
f 1903/2769 1902/2768 1858/2772 1867/2773
f 1903/2769 1867/2773 1866/2774 1904/2770
f 1905/2771 1906/2775 957/2776 956/2777
f 1905/2771 956/2777 1901/2766 1900/2765
f 1905/2771 1904/2770 952/1324 1906/2775
f 1906/2778 1907/2779 960/1338 957/1337
f 1906/2778 952/2780 951/2781 1907/2779
f 1907/2782 1908/2783 697/869 960/2784
f 1907/2782 951/2785 950/2786 1908/2783
f 1908/2783 703/880 694/865 697/869
f 1908/2783 950/2786 704/881 703/880
f 1904/2770 1866/2774 953/1325 952/1324
f 1902/2768 1853/2767 1852/2787 1858/2772
f 1901/2788 956/1332 955/1331 1909/2789
f 1901/2788 1909/2789 1897/2756 1896/2755
f 1909/2789 955/1331 959/1335 1910/2790
f 1909/2789 1910/2790 1888/2791 1911/2792
f 1911/2792 1888/2791 1887/2746 1891/2745
f 1910/2793 959/2794 698/885 706/884
f 1910/2793 706/884 1885/2738 1888/2741
f 1898/2760 1849/2759 1848/2677 1853/2676
f 1894/2795 1845/2667 1844/2666 1849/2671
f 1893/2796 637/2797 639/2798 1912/2799
f 1912/2799 639/2798 1623/2800 1913/2801
f 1877/2723 1876/2722 107/902 715/901
f 1876/2722 1872/2713 1870/2712 1862/2802
f 1876/2722 1862/2802 719/2803 107/902
f 1869/2706 705/2710 949/1329 954/1328
f 1866/2702 1865/2701 954/1328 953/1327
f 1860/2691 1859/2690 1825/2804 720/2805
f 1859/2806 1855/2681 1854/2680 1828/2641
f 1859/2806 1828/2641 1826/2638 1825/2637
f 1854/2807 1850/2672 1834/2651 1832/2650
f 1854/2680 1832/2647 1829/2642 1828/2641
f 1846/2668 1837/2655 1835/2652 1834/2651
f 1845/2808 1914/2809 1915/2810 1843/2811
f 1825/2637 1823/2636 718/2812 720/2813
f 1823/2633 1822/2632 716/2814 718/2815
f 1822/2632 1821/2631 717/2816 716/2814
f 1821/2631 1916/2817 712/2818 717/2816
f 1821/2631 1819/2629 1818/2628 1916/2817
f 1916/2819 1917/2820 710/2821 712/2822
f 1916/2819 1818/2823 1636/2346 1917/2820
f 1917/2820 1633/2343 688/2824 710/2821
f 1917/2820 1636/2346 1634/2344 1633/2343
f 1818/2823 1639/2349 1637/2347 1636/2346
f 1810/2617 1809/2616 1645/2359 1643/2358
f 1809/2616 1805/2611 1804/2610 1918/2825
f 1809/2616 1918/2825 1647/2363 1645/2359
f 1918/2825 1804/2610 1919/2826 1920/2827
f 1918/2825 1920/2827 1921/2828 1647/2363
f 1921/2828 1920/2827 1922/2829 1923/2830
f 1921/2828 1923/2830 1924/2831 1650/2832
f 1921/2828 1650/2832 1648/2364 1647/2363
f 1924/2831 1923/2830 1925/2833 1926/2834
f 1924/2835 1926/2836 1927/2837 1653/2370
f 1924/2835 1653/2370 1651/2368 1650/2367
f 1927/2838 1926/2834 1928/2839 1929/2840
f 1927/2837 1929/2841 1658/2842 1656/2373
f 1927/2837 1656/2373 1654/2371 1653/2370
f 1929/2840 1928/2839 1930/2843 1931/2844
f 1929/2841 1931/2845 1932/2846 1658/2842
f 1932/2847 1931/2844 1933/2848 1934/2849
f 1932/2846 1934/2850 1935/2851 1661/2852
f 1932/2846 1661/2852 1659/2379 1658/2842
f 1935/2851 1934/2850 1936/2853 1937/2854
f 1935/2851 1937/2854 1938/2855 1664/2856
f 1935/2851 1664/2856 1662/2857 1661/2852
f 1938/2855 1937/2854 1939/2858 1940/2859
f 1938/2855 1940/2859 1941/2860 1667/2394
f 1938/2855 1667/2394 1665/2393 1664/2856
f 1941/2860 1940/2859 1942/2861 1943/2862
f 1941/2860 1943/2862 1944/2863 1945/2864
f 1941/2860 1945/2864 1668/2395 1667/2394
f 1945/2864 1944/2863 1946/2865 1672/2403
f 1945/2864 1672/2403 1669/2396 1668/2395
f 1946/2865 1944/2863 1947/2866 1948/2867
f 1946/2865 1948/2867 1949/2868 1950/2869
f 1946/2865 1950/2869 1673/2404 1672/2403
f 1950/2870 1949/2871 1688/2421 1951/2872
f 1950/2870 1951/2872 1674/2407 1673/2406
f 1951/2872 1688/2421 1686/2419 1685/2418
f 1951/2872 1685/2418 1676/2409 1674/2407
f 1949/2868 1948/2867 1952/2873 1691/2874
f 1949/2871 1691/2424 1689/2422 1688/2421
f 1952/2873 1948/2867 1947/2866 1953/2875
f 1952/2873 1953/2875 550/601 549/600
f 1952/2873 549/600 551/2876 1691/2874
f 1953/2875 1947/2866 1954/2877 1955/2878
f 1953/2875 1955/2878 1956/2879 550/601
f 1956/2879 1955/2878 1957/2880 1958/2881
f 1956/2879 1958/2881 1959/2882 1960/2883
f 1956/2879 1960/2883 546/602 550/601
f 1960/2883 1959/2882 1961/2884 543/2885
f 1960/2886 543/588 541/587 546/594
f 1961/2884 1959/2882 1962/2887 1963/2888
f 1961/2889 1963/2890 1964/2891 1965/2892
f 1961/2889 1965/2892 542/589 543/588
f 1965/2893 1964/2894 572/2895 571/2896
f 1965/2893 571/2896 228/49 542/585
f 1964/2897 1963/2898 1966/2899 1967/2900
f 1964/2901 1967/2902 573/2903 572/2904
f 1967/2900 1966/2899 1968/2905 1969/2906
f 1967/2907 1969/2908 1970/2909 573/657
f 1970/2909 1969/2908 1971/2910 1972/2911
f 1970/2909 1972/2911 1973/2912 1974/2913
f 1970/2909 1974/2913 568/658 573/657
f 1974/2914 1973/2915 1975/2916 1976/2917
f 1974/2914 1976/2917 569/649 568/648
f 1976/2917 1975/2916 1977/2918 1978/2919
f 1976/2917 1978/2919 226/45 569/649
f 1978/2919 1977/2918 224/41 1979/2920
f 1978/2919 1979/2920 227/46 226/45
f 1979/2920 224/41 219/36 205/9
f 1979/2920 205/9 204/8 227/46
f 1977/2918 1975/2916 557/617 1980/2921
f 1977/2918 1980/2921 220/42 224/41
f 1980/2922 557/2923 556/2924 1981/2925
f 1980/2922 1981/2925 221/39 220/38
f 1981/2926 556/614 555/613 1982/2927
f 1981/2925 1982/2928 1983/2929 221/39
f 1983/2929 1982/2928 250/2930 249/2931
f 1983/2929 249/2931 247/87 248/86
f 1983/2929 248/86 222/40 221/39
f 1982/2928 555/621 558/620 250/2930
f 1975/2916 1973/2915 552/618 557/617
f 1973/2912 1972/2911 553/609 552/608
f 1972/2911 1971/2910 561/632 553/609
f 1971/2932 1984/2933 562/629 561/628
f 1971/2932 1969/2906 1968/2905 1984/2933
f 1984/2934 1985/2935 1986/2936 562/2937
f 1984/2934 1968/2938 1987/2939 1985/2935
f 1987/2939 1988/2940 1989/2941 1985/2935
f 1987/2939 1968/2938 1966/2942 1990/2943
f 1987/2939 1990/2943 1991/2944 1988/2940
f 1991/2944 1992/2945 1993/2946 1988/2940
f 1991/2947 1990/2948 1962/2887 1994/2949
f 1991/2947 1994/2949 1995/2950 1992/2951
f 1995/2950 1996/2952 1997/2953 1992/2951
f 1995/2950 1994/2949 1958/2881 1957/2880
f 1995/2950 1957/2880 1998/2954 1996/2952
f 1998/2954 1942/2861 1999/2955 1996/2952
f 1998/2954 1957/2880 1955/2878 1954/2877
f 1998/2954 1954/2877 1943/2862 1942/2861
f 1999/2955 1939/2858 2000/2956 2001/2957
f 1999/2955 2001/2957 1997/2953 1996/2952
f 1999/2955 1942/2861 1940/2859 1939/2858
f 2001/2958 2000/2959 2002/2960 2003/2961
f 2001/2958 2003/2961 2004/2962 1997/2963
f 2004/2962 2003/2961 2005/2964 2006/2965
f 2004/2962 2006/2965 2007/2966 1993/2946
f 2004/2962 1993/2946 1992/2945 1997/2963
f 2007/2966 2006/2965 2008/2967 2009/2968
f 2007/2966 2009/2968 2010/2969 1989/2941
f 2007/2966 1989/2941 1988/2940 1993/2946
f 2010/2969 2009/2968 2011/2970 2012/2971
f 2010/2969 2012/2971 2013/2972 1986/2936
f 2010/2969 1986/2936 1985/2935 1989/2941
f 2013/2972 2012/2971 2014/2973 2015/2974
f 2013/2975 2015/2976 564/2977 563/2978
f 2013/2972 563/2979 562/2937 1986/2936
f 2015/2976 2014/2980 508/523 2016/2981
f 2015/2976 2016/2981 2017/2982 564/2977
f 2017/2983 2016/2984 2018/2985 2019/2986
f 2017/2987 2019/2988 565/638 77/637
f 2017/2989 77/2990 559/636 564/635
f 2019/2988 2018/2991 2020/2992 65/2993
f 2019/2988 65/2993 517/2994 565/638
f 2018/2991 507/520 506/519 2020/2992
f 2018/2995 2016/2981 508/523 507/522
f 2014/2980 2021/2996 509/524 508/523
f 2014/2973 2012/2971 2011/2970 2021/2997
f 2021/2996 2022/2998 510/525 509/524
f 2021/2997 2011/2970 2023/2999 2022/3000
f 2023/3001 2024/3002 2025/3003 2022/2998
f 2023/2999 2011/2970 2009/2968 2008/2967
f 2023/2999 2008/2967 2026/3004 2024/3005
f 2026/3004 2027/3006 2028/3007 2024/3005
f 2026/3004 2008/2967 2006/2965 2005/2964
f 2026/3004 2005/2964 2029/3008 2027/3006
f 2029/3008 2030/3009 2031/3010 2027/3006
f 2029/3008 2005/2964 2003/2961 2002/2960
f 2029/3008 2002/2960 2032/3011 2030/3009
f 2032/3011 1933/2848 2033/3012 2030/3009
f 2032/3011 2002/2960 2000/2959 1936/3013
f 2032/3011 1936/3013 1934/2849 1933/2848
f 2033/3012 1930/2843 2034/3014 2035/3015
f 2033/3012 2035/3015 2031/3010 2030/3009
f 2033/3012 1933/2848 1931/2844 1930/2843
f 2035/3015 2034/3014 2036/3016 2037/3017
f 2035/3015 2037/3017 2038/3018 2031/3010
f 2038/3019 2037/3020 2039/3021 2040/3022
f 2038/3019 2040/3022 2041/3023 2028/3024
f 2038/3018 2028/3007 2027/3006 2031/3010
f 2041/3023 2040/3022 2042/3025 2043/3026
f 2041/3023 2043/3026 2044/3027 2025/3003
f 2041/3023 2025/3003 2024/3002 2028/3024
f 2044/3027 2043/3026 2045/3028 2046/3029
f 2044/3027 2046/3029 511/526 510/525
f 2044/3027 510/525 2022/2998 2025/3003
f 2046/3029 2045/3028 502/3030 501/3031
f 2046/3029 501/3031 512/3032 511/526
f 2045/3028 2047/3033 2048/3034 502/3030
f 2045/3028 2043/3026 2042/3025 2047/3033
f 2048/3035 2049/3036 2050/3037 503/515
f 2048/3035 503/515 63/505 502/3038
f 2048/3034 2047/3033 2051/3039 2049/3040
f 2051/3041 2052/3042 2053/3043 2049/3036
f 2051/3039 2047/3033 2042/3025 2054/3044
f 2051/3039 2054/3044 2055/3045 2052/3046
f 2055/3045 2056/3047 2057/3048 2052/3046
f 2055/3045 2054/3044 2039/3021 2058/3049
f 2055/3045 2058/3049 2059/3050 2056/3047
f 2059/3050 2060/3051 2061/3052 2056/3047
f 2059/3050 2058/3049 2036/3053 2062/3054
f 2059/3050 2062/3054 2063/3055 2060/3051
f 2063/3056 1922/2829 2064/3057 2060/3058
f 2063/3056 2062/3059 2065/3060 1925/2833
f 2063/3056 1925/2833 1923/2830 1922/2829
f 2065/3060 2062/3059 2036/3016 2034/3014
f 2065/3060 2034/3014 1930/2843 1928/2839
f 2065/3060 1928/2839 1926/2834 1925/2833
f 2064/3057 1919/2826 1800/3061 2066/3062
f 2064/3057 2066/3062 2061/3063 2060/3058
f 2064/3057 1922/2829 1920/2827 1919/2826
f 2066/3064 1800/2604 1798/2602 2067/3065
f 2066/3062 2067/3066 2068/3067 2061/3063
f 2068/3068 2067/3065 2069/3069 2070/3070
f 2068/3067 2070/3071 2071/3072 2057/3073
f 2068/3067 2057/3073 2056/3074 2061/3063
f 2071/3075 2070/3070 2072/3076 2073/3077
f 2071/3075 2073/3077 2074/3078 2053/3079
f 2071/3072 2053/3043 2052/3042 2057/3073
f 2074/3080 2073/3081 2075/3082 2076/3083
f 2074/3080 2076/3083 2077/3084 2050/3037
f 2074/3080 2050/3037 2049/3036 2053/3043
f 2077/3084 2076/3083 2078/3085 2079/3086
f 2077/3084 2079/3086 2080/3087 504/516
f 2077/3084 504/516 503/515 2050/3037
f 2080/3087 2079/3086 2081/3088 2082/3089
f 2080/3087 2082/3089 2083/3090 2084/3091
f 2080/3087 2084/3091 496/506 504/516
f 2084/3092 2083/3093 2085/3094 2086/3095
f 2084/3091 2086/3096 497/507 496/506
f 2086/3095 2085/3094 2087/3097 2088/3098
f 2086/3096 2088/3099 2089/3100 497/507
f 2089/3100 2088/3099 2090/3101 2091/3102
f 2089/3100 2091/3102 2092/3103 514/3104
f 2089/3100 514/3104 498/508 497/507
f 2092/3103 2091/3102 2093/3105 2094/3106
f 2092/3103 2094/3106 2095/3107 2096/3108
f 2092/3109 2096/3110 513/531 514/532
f 2096/3110 2095/3111 2097/3112 2098/3113
f 2096/3110 2098/3113 499/511 513/531
f 2098/3113 2097/3112 2099/3114 2100/3115
f 2098/3113 2100/3115 500/512 499/511
f 2100/3115 2099/3114 505/518 512/3116
f 2100/3115 512/3116 501/513 500/512
f 2099/3114 2097/3112 2101/3117 2102/3118
f 2099/3114 2102/3118 506/519 505/518
f 2102/3118 2101/3117 2103/3119 2104/3120
f 2102/3118 2104/3120 2020/2992 506/519
f 2103/3119 2101/3117 2105/3121 2106/3122
f 2103/3119 2106/3122 2107/3123 2108/3124
f 2103/3125 2108/3126 2109/3127 2104/3128
f 2109/3129 2108/3124 2110/3130 2111/3131
f 2112/3132 2107/3133 2113/3134 2114/3135
f 2112/3136 2110/3130 2108/3124 2107/3123
f 2115/3137 2116/3138 2117/3139 2118/3140
f 2115/3137 2114/3135 2113/3134 2116/3138
f 2119/3141 2118/3140 2117/3139 2120/3142 2122/3143
f 2124/3144 2125/3145 2126/3146 539/3147
f 2124/3144 2122/3148 2123/3149 2127/3150 2125/3145
f 2127/3151 2123/3152 2122/3153 2121/3154
f 2121/3155 2128/3156 2129/3157 2125/3158 2127/3159
f 2121/3160 2120/3161 2130/3162 2128/3163
f 2130/3164 2120/3165 2131/3166 2132/3167
f 2132/3167 2131/3166 2133/3168 2134/3169
f 2134/3169 2133/3168 2135/3170 2136/3171
f 2136/3171 2135/3170 2137/3172 2138/3173
f 2138/3173 2137/3172 2139/3174 2140/3175
f 2139/3176 2137/3177 2141/3178 2142/3179
f 2142/3179 2141/3178 2143/3180 528/3181
f 2142/3182 528/3183 523/3184 2144/3185
f 2143/3180 2145/3186 2146/3187 2147/3188
f 2143/3180 2147/3188 529/3189 528/3181
f 2143/3180 2141/3178 2148/3190 2145/3186
f 2148/3191 2149/3192 2105/3121 2095/3111
f 2148/3190 2095/3107 2094/3106 2145/3186
f 2149/3192 2150/3193 2151/3194 2152/3195
f 2149/3192 2152/3195 2106/3122 2105/3121
f 2152/3195 2151/3194 2116/3196 2113/3197
f 2152/3195 2113/3197 2107/3123 2106/3122
f 2151/3194 2150/3193 2153/3198 2154/3199
f 2151/3194 2154/3199 2117/3200 2116/3196
f 2154/3199 2131/3166 2120/3165 2117/3200
f 2154/3199 2153/3198 2133/3168 2131/3166
f 2153/3198 2150/3193 2149/3192 2155/3201
f 2153/3198 2155/3201 2135/3170 2133/3168
f 2155/3201 2149/3192 2148/3191 2141/3202
f 2155/3201 2141/3202 2137/3172 2135/3170
f 2147/3188 2146/3187 2156/3203 2157/3204
f 2147/3205 2157/3206 530/3207 529/3208
f 2157/3204 2156/3203 2158/3209 2159/3210
f 2157/3206 2159/3211 531/3212 530/3207
f 2160/3213 2161/3214 2162/3215 2163/3216
f 2160/3213 2163/3216 399/3217 2164/3218
f 2160/3213 2165/3219 2166/3220 2161/3214
f 2163/3221 2162/3222 2167/3223 2168/3224
f 2163/3221 2168/3224 400/340 399/339
f 2168/3225 2167/3226 2169/3227 2170/3228
f 2168/3224 2170/3229 2171/3230 400/340
f 2171/3231 2170/3228 2172/3232 2173/3233
f 2171/3230 2173/3234 488/492 487/491
f 2171/3230 487/491 401/341 400/340
f 2173/3235 2172/3236 2174/3237 2175/3238
f 2173/3235 2175/3238 489/3239 488/3240
f 2175/3238 2174/3237 2176/3241 2177/3242
f 2175/3238 2177/3242 2178/3243 489/3239
f 2178/3243 2177/3242 2179/3244 2180/3245
f 2178/3243 2180/3245 2181/3246 2182/3247
f 2178/3243 2182/3247 490/3248 489/3239
f 2182/3249 2181/3250 411/3251 407/3252
f 2182/3249 407/3252 406/499 490/498
f 2181/3246 2180/3245 2183/3253 2184/3254
f 2181/3250 2184/3255 2185/3256 411/3251
f 2185/3256 2184/3255 2186/3257 2187/3258
f 2185/3259 2187/3260 2188/3261 2189/3262
f 2185/3259 2189/3262 408/357 411/356
f 2189/3263 2188/3264 2190/3265 415/366
f 2189/3263 415/366 409/365 408/3266
f 2190/3265 2188/3264 2191/3267 434/396
f 2190/3265 434/396 433/395 2192/3268
f 2190/3265 2192/3268 412/367 415/366
f 2192/3269 433/393 432/392 2193/3270
f 2192/3269 2193/3270 413/360 412/359
f 2193/3270 432/392 427/386 426/385
f 2193/3270 426/385 429/388 413/360
f 2191/3271 2194/3272 2195/3273 2196/3274
f 2191/3267 2196/3275 435/397 434/396
f 2191/3271 2188/3261 2187/3260 2194/3272
f 2196/3276 2195/3277 2197/3278 2198/3279
f 2196/3280 2198/3281 436/400 435/399
f 2198/3279 2197/3278 2199/3282 2200/3283
f 2198/3281 2200/3284 2201/3285 436/400
f 2201/3286 2200/3283 470/464 424/381
f 2201/3286 424/381 421/380 2202/3287
f 2201/3286 2202/3287 431/3288 436/3289
f 2202/3290 421/374 420/373 427/386
f 2202/3290 427/386 432/392 431/391
f 2200/3283 2199/3282 471/465 470/464
f 2199/3291 2203/3292 472/468 471/467
f 2199/3291 2197/3293 2204/3294 2203/3292
f 2204/3295 2205/3296 2206/3297 2203/3298
f 2204/3294 2197/3293 2195/3299 2207/3300
f 2204/3295 2207/3301 2208/3302 2205/3296
f 2208/3302 2209/3303 2210/3304 2205/3296
f 2208/3302 2207/3301 2211/3305 2212/3306
f 2208/3302 2212/3306 2213/3307 2209/3303
f 2213/3307 2214/3308 2215/3309 2209/3303
f 2213/3310 2212/3311 2216/3312 2217/3313
f 2213/3307 2217/3314 2218/3315 2214/3308
f 2218/3315 2219/3316 2220/3317 2214/3308
f 2218/3318 2217/3313 2221/3319 2222/3320
f 2218/3318 2222/3320 2223/3321 2219/3322
f 2223/3321 2224/3323 2225/3324 2219/3322
f 2223/3321 2222/3320 2226/3325 2227/3326
f 2223/3321 2227/3326 2228/3327 2224/3323
f 2228/3327 2229/3328 2230/3329 2224/3323
f 2228/3327 2227/3326 2231/3330 2232/3331
f 2228/3327 2232/3331 2233/3332 2229/3328
f 2233/3332 2234/3333 2235/3334 2229/3328
f 2233/3332 2232/3331 2236/3335 2237/3336
f 2233/3332 2237/3336 2238/3337 2234/3333
f 2238/3337 2239/3338 2240/3339 2234/3333
f 2238/3337 2237/3336 2241/3340 2242/3341
f 2238/3337 2242/3341 2243/3342 2239/3338
f 2243/3343 2244/3344 2245/3345 2239/3346
f 2243/3343 2242/3347 2246/3348 2247/3349
f 2243/3343 2247/3349 2248/3350 2244/3344
f 2248/3350 2249/3351 2250/3352 2244/3344
f 2248/3350 2247/3349 2251/3353 2252/3354
f 2248/3350 2252/3354 2253/3355 2249/3351
f 2252/3354 2251/3353 2254/3356 2255/3357
f 2252/3354 2255/3357 2256/3358 2253/3355
f 2255/3359 2254/3360 2257/3361 2258/3362
f 2255/3359 2258/3362 2259/3363 2256/3364
f 2258/3362 2257/3361 2083/3090 2082/3089
f 2258/3362 2082/3089 2081/3088 2259/3363
f 2257/3361 2254/3360 492/3365 2260/3366
f 2257/3367 2260/3368 2085/3094 2083/3093
f 2260/3368 492/3369 491/3370 2261/3371
f 2260/3368 2261/3371 2087/3097 2085/3094
f 2261/3371 491/3370 495/3372 2262/3373
f 2261/3371 2262/3373 2263/3374 2087/3097
f 2263/3374 2262/3373 2264/3375 2265/3376
f 2263/3377 2265/3378 2266/3379 2090/3101
f 2263/3374 2090/3380 2088/3098 2087/3097
f 2266/3379 2265/3378 2158/3209 2156/3203
f 2266/3379 2156/3203 2146/3187 2093/3105
f 2266/3379 2093/3105 2091/3102 2090/3101
f 2265/3376 2264/3375 2166/3220 2158/3381
f 2264/3375 2262/3373 495/3372 2267/3382
f 2264/3375 2267/3382 2161/3214 2166/3220
f 2267/3382 495/3372 62/3383 2268/3384
f 2267/3382 2268/3384 2162/3215 2161/3214
f 2268/3385 62/3386 494/504 2269/3387
f 2268/3388 2269/3389 2167/3223 2162/3222
f 2269/3387 494/504 2270/3390 2271/3391
f 2269/3387 2271/3391 2169/3227 2167/3226
f 2271/3391 2270/3390 2241/3392 2272/3393
f 2271/3391 2272/3393 2273/3394 2169/3227
f 2273/3395 2272/3396 2236/3335 2274/3397
f 2273/3395 2274/3397 2174/3237 2172/3236
f 2273/3394 2172/3232 2170/3228 2169/3227
f 2274/3397 2236/3335 2232/3331 2231/3330
f 2274/3397 2231/3330 2176/3241 2174/3237
f 2272/3396 2241/3340 2237/3336 2236/3335
f 2270/3390 2246/3348 2242/3347 2241/3392
f 2270/3390 494/504 493/503 2246/3348
f 2254/3356 2251/3353 493/503 492/502
f 2251/3353 2247/3349 2246/3348 493/503
f 2250/3352 2275/3398 2276/3399 2277/3400
f 2250/3352 2277/3400 2245/3345 2244/3344
f 2250/3352 2249/3351 2278/3401 2275/3398
f 2277/3402 2276/3403 2279/3404 2280/3405
f 2277/3402 2280/3405 2281/3406 2245/3407
f 2281/3406 2280/3405 2282/3408 2283/3409
f 2281/3406 2283/3409 2284/3410 2240/3339
f 2281/3406 2240/3339 2239/3338 2245/3407
f 2284/3410 2283/3409 2285/3411 2286/3412
f 2284/3410 2286/3412 2287/3413 2235/3334
f 2284/3410 2235/3334 2234/3333 2240/3339
f 2287/3413 2286/3412 2288/3414 2289/3415
f 2287/3413 2289/3415 2290/3416 2230/3329
f 2287/3413 2230/3329 2229/3328 2235/3334
f 2290/3417 2289/3418 2291/3419 2292/3420
f 2290/3417 2292/3420 2293/3421 2225/3422
f 2290/3416 2225/3324 2224/3323 2230/3329
f 2293/3421 2292/3420 2294/3423 2295/3424
f 2293/3421 2295/3424 2296/3425 2220/3317
f 2293/3421 2220/3317 2219/3316 2225/3422
f 2296/3425 2295/3424 2297/3426 2298/3427
f 2296/3425 2298/3427 2299/3428 2215/3309
f 2296/3425 2215/3309 2214/3308 2220/3317
f 2299/3428 2298/3427 2300/3429 2301/3430
f 2299/3428 2301/3430 2302/3431 2210/3304
f 2299/3428 2210/3304 2209/3303 2215/3309
f 2302/3431 2301/3430 485/487 483/484
f 2302/3431 483/484 482/483 2206/3297
f 2302/3431 2206/3297 2205/3296 2210/3304
f 2301/3430 2300/3429 2303/3432 485/487
f 2303/3432 2304/3433 477/3434 476/3435
f 2303/3432 476/3435 475/488 485/487
f 2303/3432 2300/3429 2305/3436 2304/3433
f 2305/3436 2306/3437 2307/3438 2304/3433
f 2305/3436 2300/3429 2298/3427 2297/3426
f 2305/3436 2297/3426 2308/3439 2306/3437
f 2308/3439 2309/3440 2310/3441 2306/3437
f 2308/3439 2297/3426 2295/3424 2294/3423
f 2308/3439 2294/3423 2311/3442 2309/3440
f 2311/3442 2312/3443 2313/3444 2309/3440
f 2311/3442 2294/3423 2292/3420 2291/3419
f 2311/3442 2291/3419 2314/3445 2312/3443
f 2314/3445 2315/3446 2316/3447 2312/3443
f 2314/3445 2291/3419 2289/3418 2288/3448
f 2314/3445 2288/3448 2317/3449 2315/3446
f 2317/3449 2318/3450 2319/3451 2315/3446
f 2317/3452 2288/3414 2286/3412 2285/3411
f 2317/3452 2285/3411 2320/3453 2318/3454
f 2320/3453 2321/3455 2322/3456 2318/3454
f 2320/3453 2285/3411 2283/3409 2282/3408
f 2320/3453 2282/3408 2323/3457 2321/3455
f 2323/3457 2324/3458 2325/3459 2321/3455
f 2323/3457 2282/3408 2280/3405 2279/3404
f 2323/3457 2279/3404 2326/3460 2324/3458
f 2326/3460 2327/3461 2328/3462 2324/3458
f 2326/3460 2279/3404 2276/3403 2329/3463
f 2326/3460 2329/3463 2330/3464 2327/3461
f 2330/3464 2331/3465 2332/3466 2327/3461
f 2330/3467 2329/3468 2333/3469 2334/3470
f 2330/3464 2334/3471 2335/3472 2331/3465
f 2335/3472 2336/3473 2337/3474 2331/3465
f 2335/3472 2334/3471 2338/3475 2339/3476
f 2335/3472 2339/3476 1784/3477 2336/3473
f 2339/3476 2338/3475 2340/3478 2341/3479
f 2339/3480 2341/3481 1785/2582 1784/2581
f 2341/3481 2340/3482 2342/3483 2343/3484
f 2341/3481 2343/3484 1786/2583 1785/2582
f 2343/3485 2342/3486 2344/3487 2345/3488
f 2343/3485 2345/3488 1788/2589 1786/3489
f 2345/3488 2344/3487 2346/3490 2347/3491
f 2345/3488 2347/3491 1790/2590 1788/2589
f 2347/3491 2346/3490 2072/3492 2348/3493
f 2347/3491 2348/3493 1795/2597 1790/2590
f 2348/3494 2072/3076 2070/3070 2069/3069
f 2348/3494 2069/3069 1796/2600 1795/2599
f 2346/3490 2344/3487 2349/3495 2075/3082
f 2346/3490 2075/3082 2073/3081 2072/3492
f 2349/3495 2344/3487 2342/3486 2350/3496
f 2349/3495 2350/3496 2351/3497 2078/3085
f 2349/3495 2078/3085 2076/3083 2075/3082
f 2351/3498 2350/3499 2352/3500 2353/3501
f 2351/3497 2353/3502 2259/3363 2081/3088
f 2351/3497 2081/3088 2079/3086 2078/3085
f 2352/3503 2340/3478 2338/3475 2354/3504
f 2352/3503 2354/3504 2278/3505 2353/3502
f 2352/3500 2350/3499 2342/3483 2340/3482
f 2354/3504 2338/3475 2334/3471 2333/3506
f 2354/3507 2333/3469 2275/3398 2278/3401
f 2337/3474 2355/3508 2356/3509 2357/3510
f 2337/3474 2357/3510 2332/3466 2331/3465
f 2337/3474 2336/3473 1781/2577 2355/3508
f 2357/3510 2356/3509 2358/3511 2359/3512
f 2357/3510 2359/3512 2360/3513 2332/3466
f 2360/3514 2359/3515 2361/3516 2362/3517
f 2360/3514 2362/3517 2363/3518 2328/3519
f 2360/3513 2328/3462 2327/3461 2332/3466
f 2363/3518 2362/3517 2364/3520 2365/3521
f 2363/3518 2365/3521 2366/3522 2325/3523
f 2363/3524 2325/3459 2324/3458 2328/3462
f 2366/3522 2365/3521 2367/3525 2368/3526
f 2366/3522 2368/3526 2369/3527 2322/3528
f 2366/3522 2322/3528 2321/3529 2325/3523
f 2369/3527 2368/3526 2370/3530 2371/3531
f 2369/3527 2371/3531 2372/3532 2319/3451
f 2369/3527 2319/3451 2318/3450 2322/3528
f 2372/3532 2371/3531 2373/3533 2374/3534
f 2372/3532 2374/3534 2375/3535 2316/3447
f 2372/3532 2316/3447 2315/3446 2319/3451
f 2375/3535 2374/3534 2376/3536 2377/3537
f 2375/3535 2377/3537 2378/3538 2313/3444
f 2375/3535 2313/3444 2312/3443 2316/3447
f 2378/3538 2377/3537 2379/3539 2380/3540
f 2378/3541 2380/3542 2381/3543 2310/3544
f 2378/3538 2310/3441 2309/3440 2313/3444
f 2381/3545 2380/3540 2382/3546 2383/3547
f 2381/3545 2383/3547 2384/3548 2307/3438
f 2381/3543 2307/3549 2306/3550 2310/3544
f 2384/3551 2383/3552 2385/3553 2386/3554
f 2384/3551 2386/3554 478/476 477/475
f 2384/3548 477/3434 2304/3433 2307/3438
f 2386/3554 2385/3553 2387/3555 2388/3556
f 2386/3554 2388/3556 481/479 478/476
f 2388/3556 2387/3555 2389/3557 2390/3558
f 2388/3556 2390/3558 2391/3559 481/479
f 2391/3559 2390/3558 2392/3560 2393/3561
f 2391/3559 2393/3561 2394/3562 2395/3563
f 2391/3559 2395/3563 479/477 481/479
f 2395/3563 2394/3562 2396/3564 2397/3565
f 2395/3563 2397/3565 480/478 479/477
f 2397/3566 2396/3567 2398/3568 2399/3569
f 2397/3566 2399/3569 2400/3570 480/3571
f 2400/3572 2399/3573 2401/3574 2402/3575
f 2400/3572 2402/3575 2403/3576 2404/3577
f 2400/3578 2404/3579 473/3580 480/3581
f 2404/3577 2403/3576 2405/3582 484/3583
f 2404/3579 484/3584 474/3585 473/3580
f 2405/3586 2403/3587 2406/3588 2407/3589
f 2405/3586 2407/3589 2408/3590 2409/3591
f 2405/3592 2409/3593 307/3594 484/3595
f 2409/3596 2408/3597 2410/3598 2411/3599
f 2409/3596 2411/3599 306/191 307/3600
f 2411/3599 2410/3598 295/171 294/170
f 2411/3599 294/170 293/169 306/191
f 2410/3598 2408/3597 2412/3601 2413/3602
f 2410/3598 2413/3602 2414/3603 295/171
f 2414/3603 2413/3602 2415/3604 2416/3605
f 2414/3603 2416/3605 2417/3606 2418/3607
f 2414/3603 2418/3607 296/172 295/171
f 2418/3608 2417/3609 2419/3610 2420/3611
f 2418/3607 2420/3612 297/173 296/172
f 2420/3611 2419/3610 2421/3613 2422/3614
f 2420/3611 2422/3614 2423/3615 297/3616
f 2423/3615 2424/3617 292/3618 297/3616
f 2423/3615 2422/3614 2425/3619 2426/3620
f 2423/3615 2426/3620 2427/3621 2424/3617
f 2427/3621 2428/3622 2429/3623 2424/3617
f 2430/3624 2431/3625 2432/3626 2433/3627
f 2430/3624 2434/3628 2435/3629 2436/3630
f 2430/3624 2436/3630 2437/3631 2431/3625
f 2437/3631 2438/3632 2439/3633 2431/3625
f 2437/3631 2436/3630 2440/3634 2441/3635
f 2437/3631 2441/3635 287/155 2438/3632
f 2441/3635 2440/3634 2442/3636 2443/3637
f 2441/3635 2443/3637 278/156 287/155
f 2443/3637 2442/3636 2444/3638 2445/3639
f 2443/3637 2445/3639 276/3640 278/156
f 2445/3641 2444/3642 2446/3643 2447/3644
f 2445/3641 2447/3644 277/139 276/138
f 2447/3644 2446/3643 2448/3645 2449/3646
f 2447/3644 2449/3646 2450/3647 277/139
f 2450/3647 2451/3648 273/127 277/139
f 2450/3649 2449/3650 2452/3651 2453/3652
f 2450/3649 2453/3652 2454/3653 2451/3654
f 2454/3653 2455/3655 2456/3656 2451/3654
f 2454/3653 2453/3652 2457/3657 2458/3658
f 2454/3653 2458/3658 2459/3659 2455/3655
f 2459/3659 257/3660 2460/3661 2455/3655
f 2459/3659 2458/3658 2461/3662 2462/3663
f 2459/3659 2462/3663 258/3664 257/3660
f 2462/3663 2461/3662 238/65 2463/3665
f 2462/3666 2463/3667 259/100 258/99
f 2463/3665 238/65 7/61 2464/3668
f 2463/3665 2464/3668 2465/3669 259/3670
f 2465/3669 255/93 254/92 259/3670
f 2465/3669 2464/3668 2466/3671 2467/3672
f 2465/3669 2467/3672 2468/3673 255/93
f 2468/3673 2469/3674 256/94 255/93
f 2468/3675 2467/3676 2470/3677 2471/3678
f 2468/3675 2471/3678 2472/3679 2469/3680
f 2472/3679 2473/3681 2474/3682 2469/3680
f 2472/3683 2471/3684 2475/3685 2476/3686
f 2472/3683 2476/3686 2477/3687 2473/3688
f 2477/3689 2478/3690 2479/3691 2473/3681
f 2477/3687 2476/3686 2480/3692 2481/3693
f 2477/3687 2481/3693 2482/3694 2478/3695
f 2482/3694 2483/3696 2484/3697 2478/3695
f 2482/3694 2481/3693 2485/3698 2486/3699
f 2482/3694 2486/3699 2487/3700 2483/3696
f 2487/3700 2488/3701 2489/3702 2483/3696
f 2487/3703 2486/3704 2490/3705 2491/3706
f 2487/3707 2491/3708 2492/3709 2488/3710
f 2492/3709 2493/3711 2494/3712 2488/3710
f 2492/3713 2491/3706 2495/3714 2496/3715
f 2492/3709 2496/3716 2497/3717 2493/3711
f 2497/3717 369/296 368/295 2493/3711
f 2497/3718 2496/3719 2498/3720 2499/3721
f 2497/3718 2499/3721 2500/3722 369/3723
f 2500/3724 2501/3725 370/3726 369/3727
f 2500/3724 2499/3728 2502/3729 2503/3730
f 2500/3724 2503/3730 2504/3731 2501/3725
f 2504/3732 2505/3733 2506/3734 2501/3735
f 2504/3731 2503/3730 2507/3736 2508/3737
f 2504/3732 2508/3738 2509/3739 2505/3733
f 2509/3739 2510/3740 2511/3741 2505/3733
f 2509/3739 2508/3738 2512/3742 2513/3743
f 2509/3739 2513/3743 2514/3744 2510/3740
f 2514/3744 2513/3743 2515/3745 2516/3746
f 2514/3744 2516/3746 377/308 376/307
f 2514/3744 376/307 375/306 2510/3740
f 2516/3746 2515/3745 2517/3747 2518/3748
f 2516/3746 2518/3748 2519/3749 377/308
f 2519/3750 2518/3751 2520/3752 2521/3753
f 2519/3750 2521/3753 2522/3754 2523/3755
f 2519/3749 2523/3756 378/309 377/308
f 2523/3756 2522/3757 2524/3758 2525/3759
f 2523/3756 2525/3759 379/310 378/309
f 2525/3760 2524/3761 2526/3762 2527/3763
f 2525/3760 2527/3763 2528/3764 379/3765
f 2528/3766 2529/3767 374/305 379/310
f 2528/3768 2527/3769 2530/3770 2531/3771
f 2528/3768 2531/3771 2532/3772 2529/3773
f 2532/3774 2533/3775 2534/3776 2529/3767
f 2532/3772 2531/3771 2535/3777 2536/3778
f 2532/3772 2536/3778 2537/3779 2533/3780
f 2537/3781 2538/3782 2539/3783 2533/3775
f 2537/3779 2536/3778 365/291 364/290
f 2537/3779 364/290 363/289 2538/3784
f 2539/3783 2506/3734 2505/3733 2511/3741
f 2539/3783 2511/3741 2534/3776 2533/3775
f 2539/3783 2538/3782 373/302 2506/3734
f 2538/3784 363/289 371/3785 373/3786
f 2536/3778 2535/3777 2540/3787 365/291
f 2540/3787 2535/3777 2541/3788 2542/3789
f 2540/3787 2542/3789 2484/3790 2543/3791
f 2540/3787 2543/3791 366/292 365/291
f 2543/3792 2484/3697 2483/3696 2489/3702
f 2543/3791 2489/3793 367/293 366/292
f 2542/3789 2541/3788 2544/3794 2479/3691
f 2542/3795 2479/3796 2478/3695 2484/3697
f 2544/3797 2541/3798 2530/3799 2545/3800
f 2544/3797 2545/3800 2546/3801 2474/3802
f 2544/3794 2474/3682 2473/3681 2479/3691
f 2546/3801 2545/3800 2526/3762 2547/3803
f 2546/3801 2547/3803 9/88 256/94
f 2546/3801 256/94 2469/3674 2474/3802
f 2547/3803 2526/3762 2524/3761 2548/3804
f 2547/3803 2548/3804 251/89 9/88
f 2548/3805 2524/3806 2522/3754 2549/3807
f 2548/3805 2549/3807 2550/3808 251/3809
f 2550/3808 2549/3807 2551/3810 2552/3811
f 2550/3812 2552/3813 2553/3814 2554/3815
f 2550/3812 2554/3815 252/3816 251/3817
f 2554/3815 2553/3814 2555/3818 2556/3819
f 2554/3815 2556/3819 2460/3820 252/3816
f 2556/3819 2555/3818 274/3821 2456/3822
f 2556/3819 2456/3822 2455/3823 2460/3820
f 2555/3818 2553/3814 2557/3824 2558/3825
f 2555/3818 2558/3825 263/3826 274/3821
f 2558/3825 2557/3824 2559/3827 2560/3828
f 2558/3825 2560/3828 11/3829 263/3826
f 2560/3830 2559/3831 2561/3832 2562/3833
f 2560/3830 2562/3833 260/103 11/102
f 2562/3833 2561/3832 2563/3834 2564/3835
f 2562/3833 2564/3835 266/117 260/103
f 2564/3835 2563/3834 2565/3836 2566/3837
f 2564/3835 2566/3837 267/118 266/117
f 2566/3837 2565/3836 2567/3838 2568/3839
f 2566/3837 2568/3839 2569/3840 267/118
f 2569/3840 2568/3839 2570/3841 2571/3842
f 2569/3840 2571/3842 2572/3843 2573/3844
f 2569/3840 2573/3844 268/119 267/118
f 2573/3844 2572/3843 346/260 2574/3845
f 2573/3844 2574/3845 269/120 268/119
f 2572/3846 2571/3847 2575/3848 2576/3849
f 2572/3843 2576/3850 347/261 346/260
f 2576/3849 2575/3848 2577/3851 2578/3852
f 2576/3849 2578/3852 2579/3853 347/3854
f 2579/3853 2578/3852 2580/3855 2581/3856
f 2579/3853 2581/3856 403/344 398/337
f 2581/3856 2580/3855 2582/3857 2583/3858
f 2584/3859 403/344 2581/3856 2583/3858
f 2584/3860 2585/3861 2586/3862 2587/3863
f 2584/3859 2587/3864 404/345 403/344
f 2587/3863 2586/3862 534/567 533/566
f 2587/3864 533/3865 2164/3218 404/345
f 2586/3862 2585/3861 2588/3866 516/535
f 2586/3862 516/535 515/534 534/567
f 2588/3867 2589/3868 2590/3869 2591/3870
f 2588/3867 2591/3870 517/2994 516/3871
f 2588/3866 2585/3861 2592/3872 2589/3873
f 2592/3872 2593/3874 2594/3875 2589/3873
f 2592/3872 2595/3876 2596/3877 2593/3874
f 2596/3877 2597/3878 2598/3879 2593/3874
f 2596/3877 2595/3876 2599/3880 2600/3881
f 2596/3877 2600/3881 2601/3882 2597/3878
f 2601/3883 2600/3884 2602/3885 2603/3886
f 2603/3886 2602/3885 2604/3887 2605/3888
f 2602/3885 2600/3884 2599/3889 2577/3851
f 2602/3885 2577/3851 2575/3848 2606/3890
f 2607/3891 2608/3892 2609/3893 2610/3894
f 2610/3894 2597/3878 2601/3882 2611/3895
f 2607/3891 2610/3894 2611/3895 2612/3896
f 2607/3897 2612/3898 2613/3899 2608/3900
f 2613/3899 2614/3901 2615/3902 2608/3900
f 2613/3899 2612/3898 2616/3903 2617/3904
f 2613/3899 2617/3904 2618/3905 2614/3901
f 2618/3905 2619/3906 2620/3907 2614/3901
f 2618/3905 2617/3904 2621/3908 2622/3909
f 2618/3910 2622/3911 385/317 2619/3912
f 2622/3911 2621/3913 2623/3914 2624/3915
f 2622/3911 2624/3915 380/312 385/317
f 2624/3915 2623/3914 2625/3916 2626/3917
f 2624/3915 2626/3917 381/313 380/312
f 2626/3918 2625/3919 2627/3920 2628/3921
f 2626/3917 2628/3922 2629/3923 381/313
f 2629/3923 2630/3924 382/314 381/313
f 2629/3925 2628/3921 2631/3926 2632/3927
f 2629/3923 2632/3928 2633/3929 2630/3924
f 2633/3929 2512/3930 2634/3931 2630/3924
f 2633/3932 2632/3933 2517/3747 2515/3745
f 2633/3932 2515/3745 2513/3743 2512/3742
f 2634/3931 2512/3930 2508/3737 2507/3736
f 2634/3931 2507/3736 2635/3934 383/315
f 2634/3931 383/315 382/314 2630/3924
f 2635/3934 2507/3736 2503/3730 2502/3729
f 2635/3934 2502/3729 2636/3935 2637/3936
f 2635/3934 2637/3936 384/316 383/315
f 2637/3937 2636/3938 2620/3907 2619/3906
f 2637/3936 2619/3912 385/317 384/316
f 2636/3938 2502/3939 2499/3721 2498/3720
f 2636/3938 2498/3720 2638/3940 2620/3907
f 2638/3940 2498/3720 2496/3719 2495/3941
f 2638/3942 2495/3714 2639/3943 2615/3944
f 2638/3940 2615/3902 2614/3901 2620/3907
f 2639/3943 2495/3714 2491/3706 2490/3705
f 2639/3943 2490/3705 2640/3945 2609/3893
f 2639/3943 2609/3893 2608/3892 2615/3944
f 2640/3945 2490/3705 2486/3704 2485/3946
f 2640/3945 2485/3946 2641/3947 2642/3948
f 2640/3945 2642/3948 2610/3894 2609/3893
f 2642/3948 2641/3947 2643/3949 2598/3879
f 2642/3948 2598/3879 2597/3878 2610/3894
f 2643/3950 2641/3951 2480/3692 2644/3952
f 2643/3950 2644/3952 2645/3953 2594/3954
f 2643/3949 2594/3875 2593/3874 2598/3879
f 2645/3953 2644/3952 2475/3685 2646/3955
f 2645/3953 2646/3955 2647/3956 2590/3869
f 2645/3953 2590/3869 2589/3868 2594/3954
f 2647/3956 2646/3955 2470/3957 2648/3958
f 2647/3956 2648/3958 567/640 566/639
f 2647/3956 566/639 2591/3870 2590/3869
f 2648/3959 2470/3677 2467/3676 2466/3960
f 2648/3959 2466/3960 237/3961 567/3962
f 2646/3955 2475/3685 2471/3684 2470/3957
f 2644/3952 2480/3692 2476/3686 2475/3685
f 2641/3951 2485/3698 2481/3693 2480/3692
f 2632/3927 2631/3926 2649/3963 2517/3964
f 2649/3963 2631/3926 2650/3965 2651/3966
f 2649/3967 2651/3968 2652/3969 2520/3752
f 2649/3967 2520/3752 2518/3751 2517/3970
f 2652/3969 2651/3968 2653/3971 2654/3972
f 2652/3969 2654/3972 2552/3811 2551/3810
f 2652/3969 2551/3810 2521/3753 2520/3752
f 2654/3973 2653/3974 2559/3827 2557/3824
f 2654/3973 2557/3824 2553/3814 2552/3813
f 2653/3975 2651/3966 2650/3965 2655/3976
f 2653/3975 2655/3976 2561/3832 2559/3831
f 2655/3976 2650/3965 2627/3920 2656/3977
f 2655/3976 2656/3977 2563/3834 2561/3832
f 2656/3977 2627/3920 2625/3919 2657/3978
f 2656/3977 2657/3978 2565/3836 2563/3834
f 2657/3978 2625/3919 2623/3979 2658/3980
f 2657/3978 2658/3980 2567/3838 2565/3836
f 2658/3981 2623/3914 2621/3913 2659/3982
f 2658/3980 2659/3983 2660/3984 2567/3838
f 2659/3985 2621/3908 2617/3904 2616/3903
f 2659/3985 2616/3903 2661/3986 2660/3987
f 2650/3965 2631/3926 2628/3921 2627/3920
f 2616/3903 2612/3898 2611/3988 2661/3986
f 2611/3988 2662/3989 387/3990 2661/3986
f 2599/3880 2595/3876 2582/3991 2580/3992
f 2599/3889 2580/3855 2578/3852 2577/3851
f 2591/3870 566/639 565/638 517/2994
f 2575/3848 2571/3847 2570/3993 2606/3890
f 2568/3839 2567/3838 2660/3984 2570/3841
f 2551/3810 2549/3807 2522/3754 2521/3753
f 2545/3800 2530/3799 2527/3763 2526/3762
f 2541/3788 2535/3777 2531/3771 2530/3770
f 2534/3776 2511/3741 2510/3740 375/306
f 2534/3776 375/306 374/305 2529/3767
f 2506/3734 373/302 370/301 2501/3735
f 2494/3712 372/299 362/3994 367/3995
f 2494/3996 367/293 2489/3793 2488/3997
f 2494/3712 2493/3711 368/295 372/299
f 2466/3671 2464/3668 7/61 237/64
f 2461/3662 2458/3658 2457/3657 2663/3998
f 2461/3662 2663/3998 239/66 238/65
f 2663/3998 2457/3657 2664/3999 2665/4000
f 2663/3998 2665/4000 2666/4001 239/66
f 2666/4001 2665/4000 2667/4002 2668/4003
f 2666/4001 2668/4003 2669/4004 2670/4005
f 2666/4001 2670/4005 240/67 239/66
f 2670/4005 2669/4004 2671/4006 2672/4007
f 2670/4005 2672/4007 241/4008 240/67
f 2672/4009 2671/4010 2673/4011 2674/4012
f 2672/4009 2674/4012 2675/4013 241/70
f 2675/4013 243/4014 242/71 241/70
f 2675/4013 2674/4012 2676/4015 2677/4016
f 2675/4013 2677/4016 2678/4017 243/4014
f 2678/4018 2679/4019 244/75 243/74
f 2678/4020 2677/4021 2680/4022 575/4023
f 2678/4018 575/663 574/662 2679/4019
f 2680/4022 2677/4021 2676/4024 2681/4025
f 2680/4022 2681/4025 1700/2447 2682/4026
f 2680/4022 2682/4026 576/4027 575/4023
f 2682/4026 1700/2447 1698/2444 1697/2443
f 2682/4026 1697/2443 544/4028 576/4027
f 2681/4025 2676/4024 2683/4029 1703/2450
f 2681/4025 1703/2450 1701/2448 1700/2447
f 2683/4030 2676/4015 2674/4012 2673/4011
f 2683/4030 2673/4011 1708/2457 1706/2455
f 2683/4030 1706/2455 1704/2454 1703/4031
f 2679/4032 2684/4033 245/78 244/77
f 2679/4034 574/666 207/13 2684/4035
f 2684/4033 218/4036 217/4037 245/78
f 2684/4035 207/13 206/12 218/4038
f 2673/4011 2671/4010 1710/2459 1708/2457
f 2671/4006 2669/4004 1712/4039 1710/4040
f 2669/4004 2668/4003 2685/4041 1712/4039
f 2685/4041 2668/4003 2667/4002 2686/4042
f 2685/4041 2686/4042 2687/4043 1715/2466
f 2685/4044 1715/4045 1713/4046 1712/4047
f 2687/4043 2686/4042 2688/4048 2689/4049
f 2687/4043 2689/4049 2690/4050 1718/2471
f 2687/4043 1718/2471 1716/2467 1715/2466
f 2690/4050 2689/4049 2691/4051 2692/4052
f 2690/4050 2692/4052 2693/4053 1721/2475
f 2690/4050 1721/2475 1719/2472 1718/2471
f 2693/4054 2692/4055 2694/4056 2695/4057
f 2693/4054 2695/4057 1729/2486 1728/2485
f 2693/4053 1728/2489 1722/2476 1721/2475
f 2695/4057 2694/4056 2696/4058 2697/4059
f 2695/4057 2697/4059 2698/4060 1729/2486
f 2698/4060 2697/4059 2699/4061 2700/4062
f 2698/4060 2700/4062 2701/4063 2702/4064
f 2698/4060 2702/4064 1730/2487 1729/2486
f 2701/4065 2700/4066 2703/4067 2704/4068
f 2701/4063 2704/4069 2705/4070 2706/4071
f 2701/4063 2706/4071 2707/4072 2702/4064
f 2706/4071 2705/4070 2708/4073 2709/4074
f 2706/4071 2709/4074 2710/4075 2707/4072
f 2710/4075 2709/4074 1741/2509 1739/2506
f 2710/4075 1739/2506 1735/2505 1733/2492
f 2710/4075 1733/2492 1732/2491 2707/4072
f 2709/4074 2708/4073 1745/2522 1741/2509
f 2708/4073 2705/4070 2711/4076 2712/4077
f 2708/4073 2712/4077 1746/4078 1745/2522
f 2712/4079 2711/4080 2713/4081 2714/4082
f 2712/4079 2714/4082 1748/2523 1746/2518
f 2714/4083 2713/4084 2715/4085 2716/4086
f 2714/4083 2716/4086 2717/4087 1748/4088
f 2717/4087 2716/4086 2718/4089 2719/4090
f 2717/4087 2719/4090 2720/4091 1751/4092
f 2717/4093 1751/2526 1749/2524 1748/2523
f 2720/4091 2719/4090 2721/4094 2722/4095
f 2720/4091 2722/4095 2723/4096 1754/2531
f 2720/4091 1754/2531 1752/2530 1751/4092
f 2723/4096 2722/4095 2724/4097 2725/4098
f 2723/4096 2725/4098 2726/4099 2727/4100
f 2723/4096 2727/4100 1755/2532 1754/2531
f 2727/4101 2726/4102 2728/4103 2729/4104
f 2727/4101 2729/4104 1756/2535 1755/2534
f 2729/4105 2728/4106 2730/4107 2731/4108
f 2729/4109 2731/4110 1758/2541 1756/2540
f 2731/4110 2730/4111 2732/4112 2733/4113
f 2731/4110 2733/4113 2734/4114 1758/2541
f 2734/4114 2733/4113 2735/4115 2736/4116
f 2734/4114 2736/4116 2737/4117 966/4118
f 2734/4114 966/4118 1759/2542 1758/2541
f 2737/4119 2736/4120 2738/4121 2739/4122
f 2735/4115 2733/4113 2732/4112 2740/4123
f 2735/4115 2740/4123 968/4124 2741/4125
f 2740/4126 2732/4127 2742/4128 2743/4129
f 2740/4126 2743/4129 969/1350 968/1349
f 2743/4129 2742/4128 147/1263 2744/4130
f 2743/4129 2744/4130 2745/4131 969/1350
f 2742/4128 933/1291 918/1264 147/1263
f 2742/4128 2732/4127 2730/4107 933/1291
f 2730/4107 2728/4106 930/1292 933/1291
f 2728/4103 2726/4102 931/4132 930/4133
f 2726/4134 2725/4135 2746/4136 931/4137
f 2746/4136 2747/4138 932/4139 931/4137
f 2748/4140 2724/4141 1005/1416 1004/1415
f 2747/4138 2749/4142 2750/4143 932/4139
f 2724/4097 2722/4095 2721/4094 1005/4144
f 2721/4094 2751/4145 1000/4146 1005/4144
f 2721/4094 2719/4090 2718/4089 2751/4145
f 2751/4145 2752/4147 343/4148 1000/4146
f 2751/4145 2718/4089 2753/4149 2752/4147
f 2753/4149 2754/4150 2755/4151 2752/4147
f 2753/4149 2718/4089 2716/4086 2715/4085
f 2753/4149 2715/4085 2756/4152 2754/4150
f 2756/4152 2757/4153 2758/4154 2754/4150
f 2756/4152 2715/4085 2713/4084 2759/4155
f 2756/4152 2759/4155 2760/4156 2757/4153
f 2760/4156 2761/4157 2762/4158 2757/4153
f 2760/4156 2759/4155 2763/4159 2764/4160
f 2760/4161 2764/4162 2765/4163 2761/4164
f 2765/4163 280/144 2766/4165 2761/4164
f 2765/4163 2764/4162 2703/4067 2767/4166
f 2765/4163 2767/4166 281/145 280/144
f 2767/4166 2703/4067 2700/4066 2699/4167
f 2767/4166 2699/4167 282/146 281/145
f 2766/4168 2768/4169 2769/4170 2770/4171
f 2766/4168 2770/4171 2762/4158 2761/4157
f 2766/4165 280/144 279/143 2768/4172
f 2770/4171 2769/4170 2421/3613 2771/4173
f 2770/4171 2771/4173 2772/4174 2762/4158
f 2772/4174 2771/4173 2773/4175 2774/4176
f 2772/4174 2774/4176 2775/4177 2758/4154
f 2772/4174 2758/4154 2757/4153 2762/4158
f 2775/4177 2774/4176 2776/4178 2777/4179
f 2775/4177 2777/4179 344/4180 2755/4151
f 2775/4177 2755/4151 2754/4150 2758/4154
f 2777/4181 2776/4182 2778/4183 2779/4184
f 2777/4181 2779/4184 345/252 344/254
f 2779/4184 2778/4183 2780/4185 2781/4186
f 2779/4184 2781/4186 442/414 345/252
f 2781/4186 2780/4185 2782/4187 2783/4188
f 2781/4186 2783/4188 2784/4189 442/414
f 2784/4190 2783/4191 2785/4192 2786/4193
f 2784/4190 2786/4193 2787/4194 2788/4195
f 2784/4189 2788/4196 443/415 442/414
f 2788/4195 2787/4194 1014/4197 2789/4198
f 2788/4195 2789/4198 444/418 443/417
f 2789/4199 1014/4200 1003/4201 2790/4202
f 2789/4199 2790/4202 998/4203 444/4204
f 2790/4202 1003/4201 1002/4205 2791/4206
f 2790/4202 2791/4206 999/4207 998/4203
f 2791/4206 1002/4205 2792/4208 2793/4209
f 2791/4206 2793/4209 1007/4210 999/4207
f 2793/4209 2792/4208 2794/4211 2795/4212
f 2793/4209 2795/4212 2796/4213 1007/4210
f 2796/4213 2795/4212 2797/4214 2798/4215
f 2796/4213 2798/4215 2799/4216 1006/4217
f 2796/4218 1006/1417 1001/1409 1007/1419
f 2799/4216 2798/4215 2800/4219 2801/4220
f 2799/4221 2801/4222 2802/4223 1008/1420
f 2799/4221 1008/1420 169/1418 1006/1417
f 2802/4223 2801/4222 2803/4224 2804/4225
f 2802/4223 2804/4225 2805/4226 2806/4227
f 2802/4223 2806/4227 1009/1421 1008/1420
f 2806/4227 2805/4226 2807/4228 2808/4229
f 2806/4227 2808/4229 2809/4230 1009/1421
f 2808/4229 2807/4228 2810/4231 2811/4232
f 2808/4229 2811/4232 2812/4233 2809/4230
f 2812/4233 2811/4232 2813/4234 2814/4235
f 2815/4236 2814/4235 1015/1432 1018/1436
f 2815/4236 1018/1436 2816/4237 997/4238
f 2814/4235 2813/4234 1016/1433 1015/1432
f 2813/4234 2811/4232 2810/4231 2817/4239
f 2813/4234 2817/4239 2818/4240 1016/1433
f 2818/4240 2817/4239 2819/4241 2820/4242
f 2818/4240 2820/4242 2821/4243 2822/4244
f 2818/4240 2822/4244 1017/1434 1016/1433
f 2822/4244 2821/4243 2823/4245 2824/4246
f 2822/4244 2824/4246 1025/4247 1017/1434
f 2824/4246 2823/4245 2825/4248 2826/4249
f 2824/4246 2826/4249 1026/4250 1025/4247
f 2826/4251 2825/4252 2827/4253 2828/4254
f 2826/4255 2828/4256 1029/1453 1026/1452
f 2828/4256 2827/4257 2829/4258 2830/4259
f 2828/4256 2830/4259 1032/1460 1029/1453
f 2830/4259 2829/4258 2831/4260 2832/4261
f 2830/4259 2832/4261 1033/4262 1032/1460
f 2832/4263 2831/4264 2833/4265 2834/4266
f 2832/4263 2834/4266 2835/4267 1033/1464
f 2835/4267 856/1142 855/1141 1033/1464
f 2835/4267 2834/4266 2836/4268 2837/4269
f 2835/4267 2837/4269 2838/4270 856/1142
f 2838/4270 2839/4271 852/1143 856/1142
f 2838/4270 2837/4269 2840/4272 840/4273
f 2838/4270 840/4273 839/4274 2839/4271
f 2840/4272 2837/4269 2836/4268 2841/4275
f 2840/4272 2841/4275 2842/4276 2843/4277
f 2840/4272 2843/4277 132/1110 840/4273
f 2843/4277 2842/4276 2844/4278 2845/4279
f 2843/4277 2845/4279 837/1111 132/1110
f 2845/4279 2844/4278 2846/4280 2847/4281
f 2845/4279 2847/4281 2848/4282 837/1111
f 2848/4282 2849/4283 838/1112 837/1111
f 2848/4282 2847/4281 2850/4284 2851/4285
f 2848/4286 2851/4287 2852/4288 2849/4289
f 2852/4290 884/4291 883/1194 2849/4283
f 2852/4288 2851/4287 2853/4292 2854/4293
f 2852/4288 2854/4293 1010/1422 884/1200
f 2854/4294 2853/4295 2855/4296 2794/4297
f 2854/4294 2794/4297 2792/4298 1010/4299
f 2855/4300 2853/4292 2856/4301 2857/4302
f 2855/4303 2857/4304 2858/4305 2797/4306
f 2855/4307 2797/4214 2795/4212 2794/4211
f 2858/4305 2857/4304 2859/4308 2860/4309
f 2858/4310 2860/4311 2861/4312 2800/4219
f 2858/4310 2800/4219 2798/4215 2797/4214
f 2861/4312 2860/4311 2862/4313 2863/4314
f 2861/4312 2863/4314 2864/4315 2803/4316
f 2861/4312 2803/4316 2801/4220 2800/4219
f 2864/4317 2865/4318 1056/1498 2866/4319
f 2864/4317 2866/4319 2804/4225 2803/4224
f 2866/4319 1056/1498 1055/1497 2867/4320
f 2866/4319 2867/4320 2805/4226 2804/4225
f 2867/4320 1055/1497 2868/4321 2869/4322
f 2867/4320 2869/4322 2807/4228 2805/4226
f 2869/4322 2868/4321 2870/4323 2871/4324
f 2869/4322 2871/4324 2810/4231 2807/4228
f 2871/4324 2870/4323 2872/4325 2819/4241
f 2871/4324 2819/4241 2817/4239 2810/4231
f 2872/4325 2870/4323 1058/1501 1057/1500
f 2872/4325 1057/1500 1061/1504 2873/4326
f 2872/4325 2873/4326 2820/4242 2819/4241
f 2873/4326 1061/1504 2874/4327 2875/4328
f 2873/4326 2875/4328 2821/4243 2820/4242
f 2875/4328 2874/4327 2876/4329 2877/4330
f 2875/4328 2877/4330 2823/4245 2821/4243
f 2877/4330 2876/4329 2878/4331 2879/4332
f 2877/4330 2879/4332 2825/4248 2823/4245
f 2879/4332 2878/4331 2880/4333 2881/4334
f 2879/4335 2881/4336 2827/4253 2825/4252
f 2881/4336 2880/4337 2882/4338 2883/4339
f 2881/4336 2883/4339 2829/4340 2827/4253
f 2883/4339 2882/4338 2884/4341 2885/4342
f 2883/4343 2885/4344 2831/4260 2829/4258
f 2885/4342 2884/4341 2886/4345 2887/4346
f 2885/4344 2887/4347 2833/4348 2831/4260
f 2887/4349 2886/4350 2888/4351 2889/4352
f 2887/4353 2889/4354 2890/4355 2833/4265
f 2890/4355 2836/4268 2834/4266 2833/4265
f 2890/4355 2889/4354 1037/1469 2891/4356
f 2890/4355 2891/4356 2841/4275 2836/4268
f 2891/4356 1037/1469 1036/1468 2892/4357
f 2891/4356 2892/4357 2842/4276 2841/4275
f 2892/4357 1036/1468 1035/1467 2893/4358
f 2892/4357 2893/4358 2844/4278 2842/4276
f 2893/4358 1035/1467 2894/4359 2895/4360
f 2893/4358 2895/4360 2846/4280 2844/4278
f 2895/4360 2894/4359 2896/4361 2897/4362
f 2895/4360 2897/4362 2898/4363 2846/4280
f 2898/4363 2850/4284 2847/4281 2846/4280
f 2898/4363 2897/4362 2899/4364 2900/4365
f 2898/4363 2900/4365 2856/4366 2850/4284
f 2900/4367 2899/4368 2901/4369 2859/4370
f 2900/4367 2859/4370 2857/4302 2856/4301
f 2901/4371 2862/4372 2860/4309 2859/4308
f 2894/4359 1035/1467 1034/1466 2902/4373
f 2894/4359 2902/4373 2903/4374 2896/4361
f 2903/4375 2902/4376 2904/4377 2905/4378
f 2903/4375 2905/4378 2906/4379 2907/4380
f 2907/4380 2906/4379 2908/4381 1045/4382
f 2908/4381 2906/4379 2909/4383 2910/4384
f 2908/4385 2910/4386 2911/4387 2912/4388
f 2908/4381 2912/4389 1046/4390 1045/4382
f 2912/4388 2911/4387 2913/4391 2914/4392
f 2912/4388 2914/4392 2915/4393 1046/4394
f 2915/4395 180/4396 1047/4397 1046/4398
f 2915/4399 2914/4400 2916/4401 2917/4402
f 2915/4399 2917/4402 1054/1496 180/1495
f 2917/4402 2916/4401 2918/4403 2919/4404
f 2917/4402 2919/4404 2920/4405 1054/1496
f 2920/4405 2868/4321 1055/1497 1054/1496
f 2920/4405 2919/4404 1059/1502 1058/1501
f 2920/4405 1058/1501 2870/4323 2868/4321
f 2919/4404 2918/4403 1062/1505 1059/1502
f 2918/4403 2916/4401 2921/4406 2922/4407
f 2918/4403 2922/4407 2923/4408 1062/1505
f 2923/4408 2922/4407 2924/4409 2925/4410
f 2923/4408 2925/4410 2926/4411 2927/4412
f 2923/4408 2927/4412 1060/1503 1062/1505
f 2927/4412 2926/4411 2876/4329 2874/4327
f 2927/4412 2874/4327 1061/1504 1060/1503
f 2926/4411 2925/4410 2928/4413 2929/4414
f 2926/4411 2929/4414 2878/4331 2876/4329
f 2929/4414 2928/4413 2930/4415 2931/4416
f 2929/4414 2931/4416 2880/4333 2878/4331
f 2931/4416 2930/4415 2932/4417 2933/4418
f 2931/4416 2933/4418 2882/4419 2880/4333
f 2933/4418 2932/4417 2934/4420 2935/4421
f 2933/4418 2935/4421 2884/4422 2882/4419
f 2935/4421 2934/4420 2936/4423 2937/4424
f 2935/4425 2937/4426 2886/4345 2884/4341
f 2937/4424 2936/4423 2938/4427 2939/4428
f 2937/4426 2939/4429 2888/4430 2886/4345
f 2939/4431 2938/4432 2940/4433 1039/4434
f 2939/4435 1039/1472 1038/1471 2888/4436
f 2940/4433 2938/4432 2941/4437 2942/4438
f 2940/4433 2942/4438 2943/4439 2944/4440
f 2940/4433 2944/4440 1040/4441 1039/4434
f 2944/4440 2943/4439 2945/4442 2946/4443
f 2944/4440 2946/4443 2947/4444 1040/4441
f 2947/4444 2946/4443 2948/4445 2949/4446
f 2949/4447 2950/4448 1040/4449 2947/4450
f 2950/4451 2904/4452 1041/1475 1040/4453
f 2950/4454 2951/4455 2952/4456 2904/4457
f 2952/4458 2951/4459 2953/4460 2954/4461
f 2952/4462 2955/4463 2905/4464 2904/4465
f 2952/4466 2954/4467 2956/4468 2955/4469
f 2956/4470 2957/4471 2909/4472 2955/4473
f 2956/4474 2958/4475 2959/4476 2957/4477
f 1044/4478 2960/4479 2961/4480 2957/4481
f 2962/4482 2963/4483 2960/4484 1044/4485
f 2961/4480 2910/4384 2909/4383 2957/4481
f 2961/4486 2960/4484 2964/4487 2965/4488
f 2961/4486 2965/4488 2911/4387 2910/4386
f 2965/4489 2964/4490 2966/4491 2967/4492
f 2965/4488 2967/4493 2913/4391 2911/4387
f 2967/4492 2966/4491 2968/4494 2969/4495
f 2967/4492 2969/4495 2921/4406 2913/4496
f 2969/4495 2968/4494 2970/4497 2924/4409
f 2969/4495 2924/4409 2922/4407 2921/4406
f 2970/4497 2968/4494 2971/4498 2972/4499
f 2970/4497 2972/4499 2930/4415 2928/4413
f 2970/4497 2928/4413 2925/4410 2924/4409
f 2972/4499 2971/4498 2973/4500 2974/4501
f 2972/4499 2974/4501 2932/4417 2930/4415
f 2974/4501 2973/4500 2975/4502 2976/4503
f 2974/4501 2976/4503 2934/4420 2932/4417
f 2976/4503 2975/4502 2977/4504 2978/4505
f 2976/4503 2978/4505 2936/4423 2934/4420
f 2978/4506 2977/4507 2958/4475 2941/4437
f 2978/4505 2941/4508 2938/4427 2936/4423
f 2975/4502 2973/4500 2979/4509 2980/4510
f 2980/4510 2979/4509 1043/4511 1042/4512
f 2979/4509 2981/4513 2982/4514 1043/4511
f 2979/4509 2973/4500 2971/4498 2981/4513
f 2981/4513 2966/4491 2964/4490 2982/4514
f 2981/4513 2971/4498 2968/4494 2966/4491
f 2964/4487 2960/4484 2963/4483 2982/4515
f 2962/4516 2959/4517 2958/4518 2977/4519
f 2962/4520 2977/4521 2975/4522 2980/4523
f 2958/4475 2956/4474 2942/4438 2941/4437
f 2956/4524 2954/4525 2943/4526 2942/4527
f 2954/4528 2953/4529 2945/4530 2943/4531
f 2953/4532 2951/4533 2983/4534 2945/4442
f 2983/4535 2984/4536 2985/4537 2948/4538
f 2983/4534 2948/4445 2946/4443 2945/4442
f 2985/4539 2984/4540 2986/4541 2987/4542
f 2991/4543 2990/4544 2992/4545 2993/4546
f 2992/4545 2994/4547 2995/4548 2993/4546
f 2994/4549 2992/4550 2990/4551 2989/4552
f 2994/4553 2989/4554 3432/4555 2996/4556
f 2996/4557 2997/4558 2995/4559 2994/4560
f 2996/4561 2998/4562 2999/4563 2997/4564
f 2998/4565 2996/4566 3432/4567 2988/4568
f 2998/4569 2988/4570 3432/4555 2987/4571 2986/4572
f 2986/4573 3000/4574 2999/4575 2998/4576
f 2986/4577 2984/4578 3001/4579 3000/4580
f 3001/4581 2984/4582 2983/4583 3002/4584
f 2955/4585 2909/4383 2906/4379 2905/4378
f 2921/4406 2916/4401 2914/4400 2913/4496
f 2904/4452 2902/4373 1034/1466 1041/1475
f 2889/4354 2888/4586 1038/1470 1037/1469
f 3003/4587 2865/4588 2864/4315 2863/4314
f 2856/4301 2853/4292 2851/4287 2850/4589
f 2849/4283 883/1194 882/1193 838/1112
f 2839/4590 866/1163 853/1138 852/1137
f 2839/4590 839/4591 862/1159 866/1163
f 2792/4592 1002/4593 167/1197 1010/1422
f 2787/4194 2786/4193 3004/4594 3005/4595
f 2787/4194 3005/4595 1011/1424 1014/4197
f 3005/4595 3004/4594 3006/4596 3007/4597
f 3005/4595 3007/4597 1012/1425 1011/1424
f 3007/4597 3006/4596 3008/4598 3009/4599
f 3007/4597 3009/4599 3010/4600 1012/1425
f 3010/4600 3009/4599 333/239 3011/4601
f 3010/4600 3011/4601 3012/4602 3013/4603
f 3010/4600 3013/4603 1013/1426 1012/1425
f 3013/4603 3012/4602 3014/4604 903/4605
f 3013/4603 903/4605 885/4606 1013/1426
f 3014/4604 3012/4602 3015/4607 3016/4608
f 3014/4604 3016/4608 3017/4609 897/1223
f 3014/4604 897/1223 896/1222 903/4605
f 3017/4609 3016/4608 3018/4610 3019/4611
f 3017/4609 3019/4611 3020/4612 3021/4613
f 3017/4609 3021/4613 898/1224 897/1223
f 3021/4613 3020/4612 3022/4614 3023/4615
f 3021/4616 3023/4617 899/4618 898/4619
f 3023/4620 3022/4621 3024/4622 3025/4623
f 3023/4620 3025/4623 3026/4624 899/1227
f 3026/4624 3025/4623 3027/4625 3028/4626
f 3026/4624 3028/4626 3029/4627 900/1230
f 3026/4624 900/1230 895/1228 899/1227
f 3029/4627 3028/4626 3030/4628 3031/4629
f 3029/4627 3031/4629 3032/4630 3033/4631
f 3029/4627 3033/4631 901/1231 900/1230
f 3033/4631 3032/4630 3034/4632 3035/4633
f 3033/4631 3035/4633 902/4634 901/1231
f 3035/4633 3034/4632 3036/4635 3037/4636
f 3035/4633 3037/4636 832/4637 902/4634
f 3037/4636 3036/4635 3038/4638 891/4639
f 3037/4640 891/4641 833/4642 832/4643
f 3038/4644 3036/4645 3039/4646 3040/4647
f 3038/4644 3040/4647 2376/3536 3041/4648
f 3038/4644 3041/4648 889/1209 891/1212
f 3041/4648 2376/3536 2374/3534 2373/3533
f 3041/4648 2373/3533 890/1210 889/1209
f 3040/4647 3039/4646 3042/4649 2379/3539
f 3040/4647 2379/3539 2377/3537 2376/3536
f 3042/4650 3039/4651 3043/4652 3044/4653
f 3042/4650 3044/4653 3045/4654 2382/4655
f 3042/4649 2382/3546 2380/3540 2379/3539
f 3045/4654 3044/4653 3046/4656 3047/4657
f 3045/4654 3047/4657 2387/3555 2385/3553
f 3045/4654 2385/3553 2383/3552 2382/4655
f 3047/4657 3046/4656 3048/4658 3049/4659
f 3047/4657 3049/4659 2389/3557 2387/3555
f 3049/4659 3048/4658 3050/4660 3051/4661
f 3049/4659 3051/4661 3052/4662 2389/3557
f 3052/4662 3051/4661 3053/4663 3054/4664
f 3052/4662 3054/4664 3055/4665 2392/3560
f 3052/4662 2392/3560 2390/3558 2389/3557
f 3055/4665 3054/4664 3056/4666 3057/4667
f 3055/4665 3057/4667 3058/4668 3059/4669
f 3055/4665 3059/4669 2393/3561 2392/3560
f 3059/4669 3058/4668 3060/4670 3061/4671
f 3059/4669 3061/4671 2394/3562 2393/3561
f 3061/4671 3060/4670 3062/4672 3063/4673
f 3061/4671 3063/4673 2396/3564 2394/3562
f 3063/4673 3062/4672 3064/4674 3065/4675
f 3063/4676 3065/4677 2398/3568 2396/3567
f 3065/4678 3064/4679 3066/4680 3067/4681
f 3065/4678 3067/4681 3068/4682 2398/4683
f 3068/4684 3067/4685 3069/4686 3070/4687
f 3068/4684 3070/4687 3071/4688 2401/4689
f 3068/4682 2401/3574 2399/3573 2398/4683
f 3071/4688 3070/4687 3072/4690 3073/4691
f 3071/4688 3073/4691 3074/4692 3075/4693
f 3071/4688 3075/4693 2402/4694 2401/4689
f 3075/4693 3074/4692 3076/4695 2406/3588
f 3075/4693 2406/3588 2403/3587 2402/4694
f 3076/4695 3074/4692 3077/4696 3078/4697
f 3076/4695 3078/4697 3079/4698 3080/4699
f 3076/4695 3080/4699 2407/3589 2406/3588
f 3080/4699 3079/4698 3081/4700 2412/4701
f 3080/4699 2412/4701 2408/3590 2407/3589
f 3081/4700 3079/4698 3082/4702 3083/4703
f 3081/4704 3083/4705 3084/4706 2415/3604
f 3081/4704 2415/3604 2413/3602 2412/3601
f 3084/4706 3083/4705 2782/4187 2780/4185
f 3084/4706 2780/4185 2778/4183 3085/4707
f 3084/4706 3085/4707 2416/3605 2415/3604
f 3085/4707 2778/4183 2776/4182 3086/4708
f 3085/4707 3086/4708 2417/3606 2416/3605
f 3086/4709 2776/4178 2774/4176 2773/4175
f 3086/4709 2773/4175 2419/3610 2417/3609
f 3083/4703 3082/4702 3087/4710 2782/4711
f 3087/4710 3082/4702 3088/4712 3089/4713
f 3087/4710 3089/4713 3090/4714 2785/4192
f 3087/4710 2785/4192 2783/4191 2782/4711
f 3090/4714 3089/4713 3091/4715 3092/4716
f 3090/4714 3092/4716 3006/4596 3004/4594
f 3090/4714 3004/4594 2786/4193 2785/4192
f 3092/4716 3091/4715 3093/4717 3094/4718
f 3092/4716 3094/4718 3008/4598 3006/4596
f 3094/4718 3093/4717 3095/4719 332/238
f 3094/4718 332/238 331/237 3008/4598
f 3095/4719 3096/4720 3097/4721 3098/4722
f 3095/4719 3098/4722 328/234 332/238
f 3095/4719 3093/4717 3099/4723 3096/4720
f 3099/4723 3100/4724 3101/4725 3096/4720
f 3099/4723 3093/4717 3091/4715 3102/4726
f 3099/4723 3102/4726 3077/4696 3100/4724
f 3102/4726 3091/4715 3089/4713 3088/4712
f 3102/4726 3088/4712 3078/4697 3077/4696
f 3101/4725 3072/4690 3103/4727 3104/4728
f 3101/4725 3104/4728 3097/4721 3096/4720
f 3101/4725 3100/4724 3073/4691 3072/4690
f 3104/4728 3103/4727 3105/4729 3106/4730
f 3104/4728 3106/4730 3107/4731 3097/4721
f 3107/4731 3106/4730 3108/4732 3109/4733
f 3107/4731 3109/4733 3110/4734 3111/4735
f 3107/4731 3111/4735 3098/4722 3097/4721
f 3111/4735 3110/4734 3112/4736 329/235
f 3111/4735 329/235 328/234 3098/4722
f 3113/4737 3114/4738 3115/4739 3116/4740
f 3113/4737 3116/4740 3117/4741 3118/4742
f 3113/4737 3118/4742 3119/4743 3120/4744
f 3119/4743 3118/4742 3121/4745 3122/4746
f 3119/4743 3122/4746 3123/4747 3124/4748
f 3119/4743 3124/4748 3125/4749 3120/4744
f 3124/4748 3123/4747 3022/4614 3020/4612
f 3124/4748 3020/4612 3019/4611 3125/4749
f 3123/4750 3122/4751 3126/4752 3127/4753
f 3123/4750 3127/4753 3024/4622 3022/4621
f 3127/4753 3126/4752 3128/4754 455/439
f 3127/4753 455/439 454/438 3024/4622
f 3128/4754 3126/4752 3129/4755 3130/4756
f 3128/4754 3130/4756 3131/4757 3132/4758
f 3128/4754 3132/4758 52/436 455/439
f 3132/4758 3131/4757 3133/4759 3134/4760
f 3132/4758 3134/4760 3135/4761 52/436
f 3134/4760 3133/4759 3136/4762 3137/4763
f 3134/4760 3137/4763 3138/4764 3135/4761
f 3138/4764 3137/4763 3139/4765 3140/4766
f 3138/4764 3140/4766 3141/4767 3142/4768
f 3138/4764 3142/4768 3143/4769 3135/4761
f 3142/4768 3141/4767 3144/4770 3145/4771
f 3142/4768 3145/4771 3146/4772 3143/4769
f 3146/4772 3145/4771 3056/4666 3147/4773
f 3146/4772 3147/4773 3148/4774 3149/4775
f 3148/4774 3147/4773 3053/4663 3150/4776
f 3148/4774 3150/4776 3151/4777 3152/4778
f 3151/4777 3153/4779 453/437 3152/4778
f 3151/4777 3150/4776 3050/4660 3154/4780
f 3151/4777 3154/4780 3030/4628 3153/4779
f 3154/4780 3050/4660 3048/4658 3155/4781
f 3154/4780 3155/4781 3031/4629 3030/4628
f 3155/4781 3048/4658 3046/4656 3156/4782
f 3155/4781 3156/4782 3032/4630 3031/4629
f 3156/4782 3046/4656 3044/4653 3043/4652
f 3156/4782 3043/4652 3034/4632 3032/4630
f 3153/4779 3027/4625 454/438 453/437
f 3153/4779 3030/4628 3028/4626 3027/4625
f 3150/4776 3053/4663 3051/4661 3050/4660
f 3147/4773 3056/4666 3054/4664 3053/4663
f 3149/4775 3148/4774 3152/4778 3157/4783
f 3145/4771 3144/4770 3057/4667 3056/4666
f 3144/4770 3141/4767 3158/4784 3159/4785
f 3144/4770 3159/4785 3058/4668 3057/4667
f 3159/4785 3158/4784 3160/4786 3161/4787
f 3159/4785 3161/4787 3060/4670 3058/4668
f 3161/4787 3160/4786 3162/4788 3163/4789
f 3161/4787 3163/4789 3062/4672 3060/4670
f 3163/4789 3162/4788 3164/4790 3165/4791
f 3163/4789 3165/4791 3064/4674 3062/4672
f 3165/4792 3164/4793 3166/4794 3167/4795
f 3165/4792 3167/4795 3066/4680 3064/4679
f 3167/4796 3166/4797 3168/4798 3169/4799
f 3167/4796 3169/4799 3170/4800 3066/4801
f 3170/4802 3169/4803 3171/4804 3105/4729
f 3170/4802 3105/4729 3103/4727 3069/4686
f 3170/4800 3069/4805 3067/4806 3066/4801
f 3171/4804 3169/4803 3168/4807 3172/4808
f 3171/4804 3172/4808 3173/4809 3108/4732
f 3171/4804 3108/4732 3106/4730 3105/4729
f 3173/4809 3172/4808 3174/4810 3175/4811
f 3173/4809 3175/4811 3176/4812 3177/4813
f 3173/4809 3177/4813 3109/4733 3108/4732
f 3177/4813 3176/4812 3115/4739 3114/4738
f 3177/4813 3114/4738 3110/4734 3109/4733
f 3176/4812 3175/4811 3178/4814 3179/4815
f 3176/4812 3179/4815 3180/4816 3115/4739
f 3180/4816 3179/4815 3181/4817 3182/4818
f 3180/4816 3182/4818 3183/4819 3184/4820
f 3180/4816 3184/4820 3116/4740 3115/4739
f 3184/4820 3183/4819 3185/4821 3186/4822
f 3184/4820 3186/4822 3117/4741 3116/4740
f 3186/4822 3185/4821 877/4823 3187/4824
f 3186/4822 3187/4824 3188/4825 3117/4741
f 3188/4826 3187/4827 3189/4828 3190/4829
f 3188/4830 3190/4831 3129/4755 3121/4832
f 3188/4825 3121/4745 3118/4742 3117/4741
f 3190/4831 3189/4833 3191/4834 3192/4835
f 3190/4831 3192/4835 3130/4756 3129/4755
f 3192/4835 3191/4834 3193/4836 3194/4837
f 3192/4835 3194/4837 3131/4757 3130/4756
f 3194/4837 3193/4836 3195/4838 3196/4839
f 3194/4837 3196/4839 3133/4759 3131/4757
f 3196/4839 3195/4838 3197/4840 3198/4841
f 3196/4839 3198/4841 3136/4762 3133/4759
f 3198/4841 3197/4840 3199/4842 3200/4843
f 3198/4841 3200/4843 3201/4844 3136/4762
f 3201/4844 3200/4843 445/421 452/431
f 3201/4844 452/431 3202/4845 3139/4765
f 3201/4844 3139/4765 3137/4763 3136/4762
f 3202/4845 452/431 451/430 461/448
f 3202/4845 461/448 3203/4846 3204/4847
f 3202/4845 3204/4847 3140/4766 3139/4765
f 3204/4847 3203/4846 3160/4786 3158/4784
f 3204/4847 3158/4784 3141/4767 3140/4766
f 3203/4846 461/448 460/447 3205/4848
f 3203/4846 3205/4848 3162/4788 3160/4786
f 3205/4849 460/452 463/451 3206/4850
f 3205/4848 3206/4851 3164/4790 3162/4788
f 3206/4852 463/4853 3207/4854 3208/4855
f 3206/4856 3208/4857 3166/4794 3164/4793
f 3208/4855 3207/4854 3209/4858 3210/4859
f 3208/4860 3210/4861 3168/4807 3166/4862
f 3210/4861 3209/4863 3211/4864 3174/4810
f 3210/4861 3174/4810 3172/4808 3168/4807
f 3211/4864 3209/4863 336/243 335/242
f 3211/4864 335/242 3212/4865 3178/4814
f 3211/4864 3178/4814 3175/4811 3174/4810
f 3212/4865 335/242 334/241 3213/4866
f 3212/4865 3213/4866 3214/4867 3181/4817
f 3212/4865 3181/4817 3179/4815 3178/4814
f 3214/4867 3213/4866 3215/4868 3216/4869
f 3214/4867 3216/4869 3217/4870 3218/4871
f 3214/4867 3218/4871 3182/4818 3181/4817
f 3218/4871 3217/4870 3219/4872 3220/4873
f 3218/4871 3220/4873 3183/4819 3182/4818
f 3220/4873 3219/4872 881/4874 3221/4875
f 3220/4873 3221/4875 3185/4821 3183/4819
f 3221/4876 881/1190 874/1189 873/4877
f 3221/4875 873/4878 877/4823 3185/4821
f 3219/4879 3217/4880 3222/4881 3223/4882
f 3219/4879 3223/4882 879/1187 881/1190
f 3223/4882 3222/4881 3224/4883 3225/4884
f 3223/4882 3225/4884 880/1188 879/1187
f 3225/4885 3224/4886 3226/4887 3227/4888
f 3225/4885 3227/4888 3228/4889 880/4890
f 3228/4889 875/4891 874/4892 880/4890
f 3228/4893 3227/4894 3229/4895 3230/4896
f 3228/4893 3230/4896 878/1185 875/1184
f 3230/4896 3229/4895 3195/4838 3193/4836
f 3230/4896 3193/4836 3191/4834 878/1185
f 3229/4895 3227/4894 3226/4897 3231/4898
f 3229/4895 3231/4898 3197/4840 3195/4838
f 3231/4899 3226/4887 3232/4900 3233/4901
f 3231/4898 3233/4902 3199/4842 3197/4840
f 3233/4902 3234/4903 446/422 3199/4842
f 3233/4901 3232/4900 3235/4904 3234/4905
f 3235/4904 3236/4906 3237/4907 3234/4905
f 3235/4904 3232/4900 3238/4908 3239/4909
f 3235/4904 3239/4909 3240/4910 3236/4906
f 3240/4910 3241/4911 3242/4912 3236/4906
f 3240/4913 3239/4914 3243/4915 3244/4916
f 3240/4913 3244/4916 3245/4917 3241/4918
f 3245/4919 324/228 326/227 3241/4920
f 3245/4917 3244/4916 338/4921 337/4922
f 3245/4917 337/4922 325/4923 324/4924
f 3244/4916 3243/4915 3215/4925 338/4921
f 3243/4915 3239/4914 3238/4926 3246/4927
f 3243/4915 3246/4927 3216/4928 3215/4925
f 3246/4927 3238/4926 3224/4883 3222/4881
f 3246/4927 3222/4881 3217/4880 3216/4928
f 3242/4929 3247/4930 3248/4931 3249/4932
f 3242/4929 3249/4932 3237/4933 3236/4934
f 3242/4912 3241/4911 326/4935 3247/4936
f 3249/4932 3248/4931 467/458 450/428
f 3249/4932 450/428 447/423 3237/4933
f 3248/4931 468/459 55/455 467/458
f 3248/4937 3247/4938 3250/4939 468/4940
f 3250/4939 316/4941 319/4942 468/4940
f 3250/4943 3247/4944 326/227 323/222
f 3250/4943 323/222 317/221 316/4945
f 3238/4908 3232/4900 3226/4887 3224/4886
f 3237/4933 447/423 446/422 3234/4903
f 3215/4868 3213/4866 334/241 338/245
f 3209/4863 3207/4946 339/246 336/243
f 3207/4854 463/4853 462/4947 339/4948
f 3200/4843 3199/4842 446/422 445/421
f 3191/4834 3189/4833 876/1186 878/1185
f 3189/4828 3187/4827 877/1182 876/1181
f 3129/4755 3126/4752 3122/4751 3121/4832
f 3103/4727 3072/4690 3070/4687 3069/4686
f 3100/4724 3077/4696 3074/4692 3073/4691
f 3088/4712 3082/4702 3079/4698 3078/4697
f 3043/4652 3039/4651 3036/4635 3034/4632
f 3027/4625 3025/4623 3024/4622 454/438
f 3019/4611 3018/4610 3251/4949 3125/4749
f 3018/4610 3252/4950 3253/4951 3251/4949
f 3018/4610 3016/4608 3015/4607 3252/4950
f 3012/4602 3011/4601 3254/4952 3015/4607
f 3011/4601 333/239 330/236 3254/4952
f 3009/4599 3008/4598 331/237 333/239
f 2773/4175 2771/4173 2421/3613 2419/3610
f 2769/4170 2425/3619 2422/3614 2421/3613
f 2769/4170 2768/4169 3255/4953 2425/3619
f 3255/4953 2434/4954 2426/3620 2425/3619
f 3255/4955 2768/4172 279/143 3256/4956
f 3255/4955 3256/4956 2435/3629 2434/3628
f 3256/4956 284/148 3257/4957 2435/3629
f 3257/4957 2440/3634 2436/3630 2435/3629
f 3257/4957 284/148 15/142 3258/4958
f 3257/4957 3258/4958 2442/3636 2440/3634
f 3258/4958 15/142 283/147 3259/4959
f 3258/4958 3259/4959 2444/3638 2442/3636
f 3259/4960 283/4961 3260/4962 3261/4963
f 3259/4960 3261/4963 2446/3643 2444/3642
f 3261/4963 3260/4962 3262/4964 3263/4965
f 3261/4963 3263/4965 2448/3645 2446/3643
f 3263/4965 3262/4964 2691/4966 3264/4967
f 3263/4968 3264/4969 3265/4970 2448/4971
f 3265/4970 2452/3651 2449/3650 2448/4971
f 3265/4970 3264/4969 2688/4048 3266/4972
f 3265/4970 3266/4972 2664/3999 2452/3651
f 3266/4972 2688/4048 2686/4042 2667/4002
f 3266/4972 2667/4002 2665/4000 2664/3999
f 3264/4969 2691/4051 2689/4049 2688/4048
f 3262/4964 3260/4962 2696/4058 2694/4056
f 3262/4964 2694/4056 2692/4055 2691/4966
f 3260/4962 283/4961 282/4973 2696/4058
f 2764/4162 2763/4974 2704/4068 2703/4067
f 2763/4159 2759/4155 2713/4084 2711/4076
f 2763/4159 2711/4076 2705/4070 2704/4069
f 2755/4151 344/4180 343/4148 2752/4147
f 2699/4061 2697/4059 2696/4058 282/4973
f 2664/3999 2457/3657 2453/3652 2452/3651
f 2460/3661 257/3660 253/91 252/90
f 2456/4975 274/128 273/127 2451/3648
f 2438/3632 269/120 2574/3845 2439/3633
f 2438/3632 287/155 16/121 269/120
f 2432/4976 3267/4977 3268/4978 3269/4979
f 2432/4976 3269/4979 3270/4980 2433/4981
f 2432/3626 2431/3625 2439/3633 3267/4982
f 3271/4983 3272/4984 3273/4985 2428/3622
f 3271/4983 3269/4979 3268/4978 3272/4984
f 3273/4985 3274/4986 3275/4987 3276/4988
f 3273/4985 3276/4988 2429/3623 2428/3622
f 3273/4985 3272/4984 3277/4989 3274/4986
f 3277/4990 355/4991 354/4992 3274/4993
f 3277/4989 3272/4984 3268/4978 3278/4994
f 3277/4990 3278/4995 352/4996 355/4991
f 3278/4994 3268/4978 3267/4977 3279/4997
f 3278/4998 3279/4999 353/5000 352/5001
f 3276/4988 3275/4987 3280/5002 291/5003
f 3276/4988 291/5003 290/5004 2429/3623
f 3280/5005 3281/5006 22/201 312/204
f 3280/5005 312/204 288/163 291/167
f 3280/5007 3275/5008 357/5009 3281/5010
f 3281/5011 3282/5012 308/198 22/197
f 3281/5011 357/5013 356/5014 3282/5012
f 3282/5015 3283/5016 3284/5017 308/5018
f 3282/5015 356/5019 361/5020 3283/5016
f 3284/5017 425/5021 419/378 423/377
f 3284/5017 423/377 309/5022 308/5018
f 3284/5017 3283/5016 430/5023 425/5021
f 3283/5016 361/5020 299/5024 430/5023
f 3275/5008 3274/4993 354/4992 357/5009
f 2429/3623 290/5004 292/3618 2424/3617
f 2373/5025 2371/5026 2370/5027 890/5028
f 2370/3530 3285/5029 886/1206 890/1210
f 2370/3530 2368/3526 2367/3525 3285/5029
f 3285/5029 3286/5030 887/1207 886/1206
f 3285/5029 2367/3525 3287/5031 3286/5030
f 3287/5031 3288/5032 3289/5033 3286/5030
f 3287/5031 2367/3525 2365/3521 2364/3520
f 3287/5031 2364/3520 3290/5034 3288/5032
f 3290/5034 3291/5035 3292/5036 3288/5032
f 3290/5034 2364/3520 2362/3517 2361/3516
f 3290/5034 2361/3516 3293/5037 3291/5035
f 3293/5037 3294/5038 825/5039 3291/5035
f 3293/5037 2361/3516 2359/3515 2358/5040
f 3293/5037 2358/5040 3295/5041 3294/5038
f 3295/5041 3296/5042 3297/5043 3294/5038
f 3295/5044 2358/3511 2356/3509 3298/5045
f 3295/5044 3298/5045 3299/5046 3296/5047
f 3299/5048 3300/5049 3301/5050 3296/5042
f 3299/5046 3298/5045 3302/5051 3303/5052
f 3299/5046 3303/5052 3304/5053 3300/5054
f 3304/5053 3305/5055 3306/5056 3300/5054
f 3304/5053 3303/5052 1777/2571 1776/2570
f 3304/5053 1776/2570 1775/5057 3305/5055
f 3306/5056 766/991 3307/5058 3308/5059
f 3306/5056 3308/5059 3301/5060 3300/5054
f 3306/5056 3305/5055 767/992 766/991
f 3308/5061 3307/5062 3309/5063 3310/5064
f 3308/5061 3310/5064 3311/5065 3301/5050
f 3311/5065 3310/5064 3312/5066 3313/5067
f 3311/5065 3313/5067 826/5068 3297/5043
f 3311/5065 3297/5043 3296/5042 3301/5050
f 3313/5067 3312/5066 914/1258 919/5069
f 3313/5067 919/5069 827/5070 826/5068
f 3312/5066 3314/5071 915/1259 914/1258
f 3312/5066 3310/5064 3309/5063 3314/5071
f 3314/5071 3315/5072 3316/5073 915/1259
f 3314/5071 3309/5063 3317/5074 3315/5072
f 3317/5074 3318/5075 3319/5076 3315/5072
f 3317/5074 3309/5063 3307/5062 3320/5077
f 3317/5074 3320/5077 3321/5078 3318/5075
f 3321/5079 117/5080 764/5081 3318/5082
f 3321/5079 3320/5083 765/990 771/5084
f 3321/5079 771/5084 762/5085 117/5080
f 3320/5083 3307/5058 766/991 765/990
f 3319/5076 3322/5086 787/5087 3323/5088
f 3319/5076 3323/5088 3316/5073 3315/5072
f 3319/5076 3318/5075 764/5089 3322/5086
f 3323/5088 787/5087 786/5090 3324/5091
f 3323/5088 3324/5091 3325/5092 3316/5073
f 3325/5092 3324/5091 795/5093 781/5094
f 3325/5095 781/5096 780/5097 916/5098
f 3325/5092 916/1260 915/1259 3316/5073
f 3324/5091 786/5090 788/5099 795/5093
f 3322/5100 3326/5101 782/5102 787/5103
f 3322/5100 764/5104 763/5105 3326/5101
f 3326/5106 3327/5107 783/1020 782/1019
f 3326/5108 763/5109 770/5110 3327/5111
f 3327/5107 3328/5112 784/1021 783/1020
f 3327/5107 770/5113 118/5114 3328/5112
f 3328/5112 3329/5115 3330/5116 784/1021
f 3328/5112 118/5114 3331/5117 3329/5115
f 3331/5118 3332/5119 3333/5120 3329/5121
f 3333/5122 3334/5123 926/1276 3335/5124
f 3333/5125 3335/5126 3330/5116 3329/5115
f 3333/5127 3332/5128 3336/5129 3334/5130
f 3336/5131 3337/5132 3338/5133 3334/5134
f 3336/5131 3332/5135 734/948 733/947
f 3336/5131 733/947 3339/5136 3337/5132
f 3339/5136 3340/5137 913/1255 3337/5132
f 3339/5136 733/947 732/946 3341/5138
f 3339/5136 3341/5138 3342/5139 3340/5137
f 3342/5139 3343/5140 3344/5141 3340/5137
f 3342/5139 3341/5138 3345/5142 3346/5143
f 3342/5144 3346/5145 3347/5146 3343/5147
f 3347/5146 3346/5145 3348/5148 3349/5149
f 3349/5149 3348/5148 3350/5150 3351/5151
f 3351/5151 3350/5150 3352/5152 3353/5153
f 3353/5153 3352/5152 3354/5154 3355/5155
f 3355/5155 3354/5154 3356/5156 3357/5157
f 3357/5157 3356/5156 3358/5158 3359/5159
f 3359/5159 3358/5158 3360/5160 3361/5161
f 3361/5162 3360/5163 3362/5164 3363/5165
f 3363/5166 3362/5167 3364/5168 3365/5169
f 3365/5169 3364/5168 3366/5170 3367/5171
f 3367/5171 3366/5170 3368/5172 3369/5173
f 3369/5173 3368/5172 3370/5174 3371/5175
f 3371/5175 3370/5174 3372/5176 3373/5177
f 3373/5177 3372/5176 3374/5178 3375/5179
f 3375/5179 3374/5178 3376/5180 3377/5181
f 3377/5181 3376/5180 3378/5182 3379/5183
f 3379/5183 3378/5182 3381/5184 3380/5185
f 3380/5185 3381/5184 3382/5186
f 3382/5186 3381/5184 3383/5187 3384/5188
f 3384/5188 3383/5187 3385/5189 3386/5190
f 3386/5190 3385/5189 3387/5191 3388/5192
f 3388/5192 3387/5191 3389/5193 3390/5194
f 3390/5194 3389/5193 3391/5195 3392/5196
f 3392/5196 3391/5195 3393/5197 3394/5198
f 3394/5198 3393/5197 3395/5199 3396/5200
f 3396/5200 3395/5199 3397/5201 3398/5202
f 3398/5202 3397/5201 3399/5203 3400/5204
f 3400/5204 3399/5203 3401/5205 3402/5206
f 3402/5206 3401/5205 3403/5207 3404/5208
f 3404/5208 3403/5207 3405/5209 3406/5210
f 3406/5210 3405/5209 3407/5211 3408/5212
f 3408/5212 3407/5211 3409/5213 3410/5214
f 3410/5214 3409/5213 3411/5215 3412/5216
f 3412/5216 3411/5215 3413/5217 3414/5218
f 3414/5218 3413/5217 3415/5219 3416/5220
f 3416/5220 3415/5219 3417/5221 3418/5222
f 3418/5222 3417/5221 3419/5223 3420/5224
f 3420/5224 3419/5223 3421/5225 3422/5226
f 3422/5226 3421/5225 3423/5227 3424/5228
f 3424/5228 3423/5227 3425/5229 3426/5230
f 3426/5230 3425/5229 3427/5231 3428/5232
f 3428/5232 3427/5231 3429/5233 3430/5234
f 3430/5234 3429/5233 3431/5235 3439/5236
f 3439/5236 3431/5235 3433/5237 3434/5238
f 3434/5238 3433/5237 3435/5239 3436/5240
f 3436/5240 3435/5239 3438/5241 3437/5242
f 3437/5243 3438/5244 3439/5245
f 3360/5160 3358/5158 160/5246 961/5247
f 3358/5248 3356/5249 978/5250 160/5251
f 3356/5156 3354/5154 979/5252 978/5253
f 3354/5154 3352/5152 3440/5254 979/5252
f 3440/5254 3352/5152 3350/5150 3441/5255
f 3440/5254 3441/5255 3442/5256 728/5257
f 3440/5254 728/5257 159/5258 979/5252
f 3442/5256 3441/5255 3443/5259 3444/5260
f 3442/5261 3444/5262 3445/5263 722/916
f 3442/5261 722/916 112/915 728/933
f 3445/5263 3444/5262 737/5264 736/5265
f 3445/5263 736/5265 735/5266 3446/5267
f 3445/5263 3446/5267 723/917 722/916
f 3444/5260 3443/5259 3345/5268 737/5269
f 3443/5259 3348/5148 3346/5145 3345/5268
f 3443/5259 3441/5255 3350/5150 3348/5148
f 3345/5142 3341/5138 732/946 737/954
f 3344/5141 908/1256 913/1255 3340/5137
f 3338/5270 912/5271 911/5272 922/1277
f 3338/5270 922/1277 926/1276 3334/5123
f 3338/5133 3337/5132 913/1255 912/1254
f 3335/5126 926/5273 925/5274 3447/5275
f 3335/5126 3447/5275 3448/5276 3330/5116
f 3448/5276 785/1022 784/1021 3330/5116
f 3305/5055 1775/5057 768/993 767/992
f 3303/5052 3302/5051 1779/2574 1777/2571
f 3302/5051 3298/5045 2356/3509 2355/3508
f 3302/5051 2355/3508 1781/2577 1779/2574
f 3297/5277 826/1101 825/1100 3294/5278
f 3292/5036 131/5279 829/5280 3449/5281
f 3292/5036 3449/5281 3289/5033 3288/5032
f 3292/5036 3291/5035 825/5039 131/5279
f 3449/5282 829/5283 813/1073 3450/5284
f 3449/5282 3450/5284 3451/5285 3289/5286
f 3451/5285 3450/5284 3452/5287 3453/5288
f 3451/5285 3453/5288 888/5289 887/5290
f 3451/5291 887/1207 3286/5030 3289/5033
f 3453/5288 3452/5287 3454/5292 3455/5293
f 3453/5288 3455/5293 3456/5294 888/5289
f 3456/5294 3455/5293 3457/5295 3458/5296
f 3456/5294 3458/5296 3459/5297 3460/5298
f 3456/5294 3460/5298 142/5299 888/5289
f 3460/5298 3459/5297 869/5300 868/5301
f 3460/5302 868/1168 833/1167 142/5303
f 3459/5297 3458/5296 3461/5304 3462/5305
f 3459/5306 3462/5307 3463/5308 869/5309
f 3463/5310 3462/5311 3464/5312 3465/5313
f 3463/5314 3465/5315 3466/5316 3467/5317
f 3463/5318 3467/5319 870/1172 869/1171
f 3467/5320 3466/5321 3468/5322 3469/5323
f 3467/5320 3469/5323 871/1175 870/1174
f 3469/5323 3468/5322 3470/5324 3471/5325
f 3469/5323 3471/5325 3472/5326 871/1175
f 3472/5326 3471/5325 864/1161 863/1160
f 3472/5326 863/1160 836/1109 835/1108
f 3472/5326 835/1108 872/1176 871/1175
f 3471/5325 3470/5324 867/1164 864/1161
f 3470/5324 3468/5322 3473/5327 3474/5328
f 3470/5324 3474/5328 3475/5329 867/1164
f 3475/5329 3474/5328 3476/5330 3477/5331
f 3475/5329 3477/5331 3478/5332 3479/5333
f 3475/5329 3479/5333 865/1162 867/1164
f 3479/5333 3478/5332 854/1139 853/1138
f 3479/5333 853/1138 866/1163 865/1162
f 3478/5332 3477/5331 3480/5334 3481/5335
f 3478/5332 3481/5335 821/1146 854/1139
f 3481/5336 3480/5337 3482/5338 3483/5339
f 3481/5336 3483/5339 822/1090 821/1089
f 3483/5340 3482/5341 3484/5342 3485/5343
f 3483/5340 3485/5343 823/1093 822/1092
f 3485/5344 3484/5345 3486/5346 3487/5347
f 3485/5344 3487/5347 3488/5348 823/5349
f 3488/5348 3487/5347 3489/5350 3490/5351
f 3488/5348 3490/5351 812/1072 809/1067
f 3488/5348 809/1067 807/1066 823/5349
f 3490/5351 3489/5350 758/985 3491/5352
f 3490/5351 3491/5352 810/1069 812/1072
f 3491/5352 758/985 757/984 3492/5353
f 3491/5352 3492/5353 811/1070 810/1069
f 3492/5353 757/984 761/988 3493/5354
f 3492/5353 3493/5354 3454/5292 811/1070
f 3493/5354 761/988 3494/5355 3457/5295
f 3493/5354 3457/5295 3455/5293 3454/5292
f 3494/5355 761/988 760/987 3495/5356
f 3494/5355 3495/5356 3496/5357 3461/5304
f 3494/5355 3461/5304 3458/5296 3457/5295
f 3496/5357 3495/5356 3497/5358 3498/5359
f 3496/5357 3498/5359 3499/5360 3464/5361
f 3496/5357 3464/5361 3462/5305 3461/5304
f 3499/5360 3498/5359 815/1077 814/1076
f 3499/5362 814/1086 819/1085 3500/5363
f 3499/5362 3500/5363 3465/5313 3464/5312
f 3500/5364 819/5365 3501/5366 3502/5367
f 3500/5364 3502/5367 3466/5321 3465/5368
f 3502/5367 3501/5366 3503/5369 3473/5327
f 3502/5367 3473/5327 3468/5322 3466/5321
f 3503/5369 3501/5366 860/1151 859/1150
f 3503/5369 859/1150 3504/5370 3476/5330
f 3503/5369 3476/5330 3474/5328 3473/5327
f 3504/5370 859/1150 858/1149 3505/5371
f 3504/5370 3505/5371 3482/5372 3480/5334
f 3504/5370 3480/5334 3477/5331 3476/5330
f 3505/5373 858/5374 861/5375 3506/5376
f 3505/5373 3506/5376 3484/5342 3482/5341
f 3506/5377 861/5378 3507/5379 3508/5380
f 3506/5377 3508/5380 3486/5346 3484/5345
f 3508/5380 3507/5379 3509/5381 3510/5382
f 3508/5380 3510/5382 3511/5383 3486/5346
f 3511/5383 3510/5382 3512/5384 759/986
f 3511/5383 759/986 758/985 3489/5350
f 3511/5383 3489/5350 3487/5347 3486/5346
f 3512/5384 3497/5358 3495/5356 760/987
f 3512/5384 760/987 116/983 759/986
f 3512/5384 3510/5382 3509/5381 3497/5358
f 3509/5381 815/1077 3498/5359 3497/5358
f 3509/5381 3507/5379 816/1078 815/1077
f 3507/5385 861/5386 817/1081 816/1080
f 3501/5387 819/5388 818/1157 860/1156
f 3454/5292 3452/5287 128/1071 811/1070
f 3452/5287 3450/5284 813/1073 128/1071
f 2336/3473 1784/3477 1782/2578 1781/2577
f 2333/3469 2329/3468 2276/3399 2275/3398
f 2231/3330 2227/3326 2226/3325 2176/3241
f 2226/3325 2222/3320 2221/3319 2179/3244
f 2226/3325 2179/3244 2177/3242 2176/3241
f 2221/3319 2217/3313 2216/3312 2183/3253
f 2221/3319 2183/3253 2180/3245 2179/3244
f 2216/3312 2212/3311 2211/5389 2186/5390
f 2216/3312 2186/5390 2184/3254 2183/3253
f 2211/5391 2207/5392 2195/5393 2194/5394
f 2211/5391 2194/5394 2187/3258 2186/3257
f 2206/5395 482/5396 472/468 2203/3292
f 2146/3187 2145/3186 2094/3106 2093/3105
f 3513/5397 3514/5398 2126/5399 2125/5400
f 3514/5401 540/5402 539/5403 2126/5404
f 3516/5405 3515/5406 520/5407 519/5408
f 2105/3121 2101/3117 2097/3112 2095/3111
f 2069/3069 2067/3065 1798/2602 1796/2600
f 2058/3049 2039/3021 2037/3020 2036/3053
f 2054/3044 2042/3025 2040/3022 2039/3021
f 2000/2956 1939/2858 1937/2854 1936/2853
f 1994/2949 1962/2887 1959/2882 1958/2881
f 1990/2948 1966/5409 1963/2888 1962/2887
f 1954/2877 1947/2866 1944/2863 1943/2862
f 1919/2826 1804/2610 1801/2609 1800/3061
f 1808/2646 744/964 743/963 1803/2607
f 1793/5410 3517/5411 752/5412 751/5413
f 1793/5410 742/962 741/961 3517/5411
f 3517/5411 741/961 945/1317 948/1316
f 3517/5411 948/1316 937/5414 752/5412
f 1775/2567 1773/2565 1772/2564 768/5415
f 1772/2564 1770/2562 3518/5416 725/5417
f 1772/2564 725/5417 724/5418 768/5415
f 3518/5416 1770/2562 1769/2561 3519/5419
f 3518/5416 3519/5419 731/5420 727/929
f 3518/5416 727/929 726/928 725/5417
f 3519/5419 1769/2561 1765/2560 981/5421
f 3519/5419 981/5421 980/5422 731/5420
f 1765/5423 1763/5424 962/1371 981/1370
f 1763/2548 1761/2546 963/5425 962/5426
f 1697/5427 1695/2436 545/593 544/592
f 1685/2418 1682/2415 1678/2411 1676/2409
f 1633/2343 1631/2342 685/5428 688/2824
f 1631/2338 1629/2335 686/854 685/853
f 1629/2335 1627/2334 632/766 686/854
f 1627/2331 1625/2329 633/769 632/5429
f 1625/2329 1624/2328 634/770 633/769
f 1624/2328 1623/2327 639/780 634/770
f 1615/2662 984/5430 162/1311 944/1310
f 1610/2503 982/1377 161/1376 985/5431
f 1547/2226 1492/2156 1489/2153 1488/2152
f 1491/2155 618/738 598/693 597/692
f 1467/2120 3520/5432 3521/5433 3522/5434
f 1467/2120 3522/5434 1462/5435 1461/2121
f 1467/2120 1466/2119 3523/5436 3520/5432
f 3522/5434 3521/5433 3524/5437 3525/5438
f 3522/5434 3525/5438 665/5439 1462/5435
f 3525/5438 3524/5437 3526/5440 3527/5441
f 3525/5438 3527/5441 666/5442 665/5439
f 3527/5441 3526/5440 3528/5443 3529/5444
f 3527/5445 3529/5446 3530/5447 666/823
f 3530/5447 3529/5446 670/829 669/828
f 3530/5447 669/828 672/832 624/5448
f 3530/5447 624/5448 623/824 666/823
f 3529/5444 3528/5443 684/850 670/849
f 3528/5443 3531/5449 3532/5450 684/850
f 3528/5443 3526/5440 3533/5451 3531/5449
f 3533/5451 590/684 3534/5452 3531/5449
f 3533/5451 3526/5440 3524/5437 3535/5453
f 3533/5451 3535/5453 591/685 590/684
f 3535/5453 3524/5437 3521/5433 3536/5454
f 3535/5453 3536/5454 592/686 591/685
f 3536/5454 3521/5433 3520/5432 3537/5455
f 3536/5454 3537/5455 3538/5456 592/686
f 3538/5456 3539/5457 587/681 592/686
f 3538/5456 3537/5455 3540/5458 3541/5459
f 3538/5456 3541/5459 3542/5460 3539/5457
f 3542/5460 3543/5461 3544/5462 3539/5457
f 3542/5460 3541/5459 600/5463 604/5464
f 3542/5460 604/5464 3545/5465 3543/5461
f 3545/5465 3546/5466 3547/5467 3543/5461
f 3545/5465 604/5464 603/5468 3548/5469
f 3545/5465 3548/5469 3549/5470 3546/5466
f 3549/5471 3548/5472 3550/5473 3551/5474
f 3549/5471 3551/5474 3552/5475 679/5476
f 3549/5470 679/843 678/842 3546/5466
f 3552/5477 3551/5478 3553/5479 3554/5480
f 3552/5477 3554/5480 652/797 651/796
f 3552/5481 651/5482 680/5483 679/5484
f 3554/5480 3553/5479 3555/5485 3556/5486
f 3554/5480 3556/5486 653/798 652/797
f 3556/5486 3555/5485 3557/5487 3558/5488
f 3556/5486 3558/5488 3559/5489 653/798
f 3559/5489 3558/5488 3560/5490 3561/5491
f 3559/5489 3561/5491 661/5492 3562/5493
f 3559/5489 3562/5493 648/793 653/798
f 3562/5494 661/813 660/812 3563/5495
f 3562/5494 3563/5495 649/5496 648/5497
f 3563/5498 660/818 663/817 3564/5499
f 3563/5498 3564/5499 3565/5500 649/5501
f 3565/5502 681/5503 650/5504 649/5505
f 3565/5506 3564/5507 3566/5508 3567/5509
f 3565/5506 3567/5509 682/846 681/845
f 3567/5509 3566/5508 3568/5510 3569/5511
f 3567/5509 3569/5511 683/847 682/846
f 3569/5511 3568/5510 3570/5512 3571/5513
f 3569/5511 3571/5513 3547/5467 683/847
f 3571/5513 3570/5512 588/682 3544/5462
f 3571/5513 3544/5462 3543/5461 3547/5467
f 3570/5512 3568/5510 3572/5514 3573/5515
f 3570/5512 3573/5515 589/683 588/682
f 3573/5515 3572/5514 3574/5516 3534/5452
f 3573/5515 3534/5452 590/684 589/683
f 3574/5516 3572/5514 3575/5517 3576/5518
f 3574/5516 3576/5518 3577/5519 3532/5450
f 3574/5516 3532/5450 3531/5449 3534/5452
f 3577/5519 3576/5518 662/5520 664/5521
f 3577/5519 664/5521 676/5522 675/851
f 3577/5519 675/851 684/850 3532/5450
f 3576/5518 3575/5517 663/5523 662/5520
f 3575/5517 3566/5508 3564/5507 663/5523
f 3575/5517 3572/5514 3568/5510 3566/5508
f 3561/5491 3560/5490 3578/5524 3579/5525
f 3561/5491 3579/5525 658/5526 661/5492
f 3579/5527 3578/5528 3580/5529 3581/5530
f 3579/5527 3581/5530 659/809 658/808
f 3581/5530 3580/5529 3582/5531 3583/5532
f 3581/5530 3583/5532 3584/5533 659/809
f 3584/5533 3583/5532 3585/5534 3586/5535
f 3584/5533 3586/5535 3587/5536 1082/5537
f 3584/5533 1082/5537 654/810 659/809
f 3587/5536 3586/5535 3588/5538 3589/5539
f 3587/5540 3589/5541 3590/5542 3591/5543
f 3587/5540 3591/5543 1079/1534 1082/1533
f 3591/5544 3590/5545 3592/5546 3593/5547
f 3591/5544 3593/5547 1080/1531 1079/1530
f 3593/5547 3592/5546 3594/5548 3595/5549
f 3593/5547 3595/5549 1085/1540 1080/1531
f 3595/5550 3594/5551 1183/1708 3596/5552
f 3595/5553 3596/5554 1086/1543 1085/1542
f 3596/5552 1183/1708 1182/1707 1188/1713
f 3596/5552 1188/1713 3597/5555 1086/5556
f 3597/5555 3598/5557 1087/1551 1086/5556
f 3597/5555 1188/1713 1187/1712 1192/1717
f 3597/5555 1192/1717 3599/5558 3598/5557
f 3599/5558 672/5559 671/5560 3598/5557
f 3599/5558 1192/1717 1191/1716 625/757
f 3599/5558 625/757 624/754 672/5559
f 3598/5557 671/5560 674/1552 1087/1551
f 3594/5548 3592/5546 3600/5561 1178/5562
f 3594/5551 1178/1703 1177/1702 1183/1708
f 3600/5561 3592/5546 3590/5545 3601/5563
f 3600/5561 3601/5563 3602/5564 1174/1695
f 3600/5561 1174/1695 1173/1694 1178/5562
f 3602/5565 3601/5566 3603/5567 3604/5568
f 3602/5565 3604/5568 3605/5569 1170/5570
f 3602/5564 1170/1691 1169/1690 1174/1695
f 3605/5571 3604/5572 3606/5573 3607/5574
f 3605/5571 3607/5574 3608/5575 3609/5576
f 3605/5569 3609/5577 1171/5578 1170/5570
f 3609/5576 3608/5575 1150/5579 1148/5580
f 3609/5577 1148/1653 1147/1652 1171/5578
f 3608/5575 3607/5574 3610/5581 3611/5582
f 3608/5575 3611/5582 1152/5583 1150/5579
f 3611/5582 3610/5581 3612/5584 3613/5585
f 3611/5582 3613/5585 3614/5586 1152/5583
f 3614/5586 3613/5585 3615/5587 3616/5588
f 3614/5589 3616/5590 3617/5591 1155/1666
f 3614/5589 1155/1666 1153/1664 1152/1663
f 3617/5592 3616/5593 3618/5594 3619/5595
f 3617/5591 3619/5596 3620/5597 3621/5598
f 3617/5591 3621/5598 1156/1667 1155/1666
f 3621/5599 3620/5600 3622/5601 3623/5602
f 3621/5599 3623/5602 1157/1670 1156/1669
f 3623/5603 3622/5604 3624/5605 3625/5606
f 3623/5603 3625/5606 1159/1674 1157/1673
f 3625/5606 3624/5605 3626/5607 3627/5608
f 3625/5606 3627/5608 1161/1676 1159/1674
f 3627/5608 3626/5607 3628/5609 3629/5610
f 3627/5611 3629/5612 3630/5613 1161/5614
f 3630/5615 3629/5610 1073/1523 3631/5616
f 3630/5615 3631/5616 1179/1704 1164/5617
f 3630/5613 1164/1681 1162/1680 1161/5614
f 3631/5616 1073/1523 1072/1522 1184/1709
f 3631/5616 1184/1709 1180/1705 1179/1704
f 3629/5610 3628/5609 1069/1519 1073/1523
f 3628/5609 3626/5607 1100/1565 3632/5618
f 3628/5609 3632/5618 1070/1520 1069/1519
f 3632/5618 3633/5619 3634/5620 1070/1520
f 3632/5618 1100/1565 1099/1564 3633/5619
f 3634/5620 1196/1721 1194/1719 1193/1718
f 3634/5620 1193/1718 1071/1521 1070/1520
f 3634/5620 3633/5619 3635/5621 1196/1721
f 3635/5621 1200/1725 1197/1722 1196/1721
f 3635/5621 3633/5619 1099/1564 3636/5622
f 3635/5621 3636/5622 1202/1727 1200/1725
f 3636/5622 1099/1564 1098/1563 3637/5623
f 3636/5622 3637/5623 1204/1729 1202/1727
f 3637/5623 1098/1563 3638/5624 3639/5625
f 3637/5623 3639/5625 1206/1731 1204/1729
f 3639/5626 3638/5627 3640/5628 3641/5629
f 3639/5626 3641/5629 3642/5630 1206/5631
f 3642/5630 1210/1742 1207/1741 1206/5631
f 3642/5630 3641/5629 3643/5632 3644/5633
f 3642/5634 3644/5635 3645/5636 1210/5637
f 3645/5636 615/731 1211/1748 1210/5637
f 3645/5636 3644/5635 3646/5638 1091/5639
f 3645/5636 1091/5639 609/732 615/731
f 3646/5638 3644/5635 3643/5640 3647/5641
f 3646/5638 3647/5641 3648/5642 3649/5643
f 3646/5644 3649/5645 186/1553 1091/1554
f 3649/5643 3648/5642 3650/5646 3651/5647
f 3649/5643 3651/5647 1092/5648 186/5649
f 3651/5650 3650/5651 3652/5652 3653/5653
f 3651/5647 3653/5654 3654/5655 1092/5648
f 3654/5656 3655/5657 1093/1556 1092/1555
f 3654/5656 3653/5658 3656/5659 3657/5660
f 3654/5656 3657/5660 3658/5661 3655/5657
f 3658/5662 3659/5663 3660/5664 3655/5665
f 3658/5661 3657/5660 3661/5666 3662/5667
f 3658/5662 3662/5668 3663/5669 3659/5663
f 3663/5669 3557/5487 3664/5670 3659/5663
f 3663/5669 3662/5668 3578/5524 3560/5490
f 3663/5669 3560/5490 3558/5488 3557/5487
f 3664/5670 3665/5671 3666/5672 3667/5673
f 3664/5670 3667/5673 3660/5664 3659/5663
f 3664/5670 3557/5487 3555/5485 3665/5671
f 3667/5673 3666/5672 620/746 621/5674
f 3667/5673 621/5674 3668/5675 3660/5664
f 3668/5675 621/5674 86/5676 602/5677
f 3668/5675 602/5677 1094/5678 1093/5679
f 3668/5675 1093/5679 3655/5665 3660/5664
f 3666/5672 619/742 90/741 620/746
f 3666/5672 3665/5671 3669/5680 619/742
f 3669/5680 3550/5681 605/743 619/742
f 3669/5680 3665/5671 3555/5485 3553/5479
f 3669/5680 3553/5479 3551/5478 3550/5681
f 3662/5667 3661/5666 3580/5529 3578/5528
f 3661/5666 3657/5660 3656/5659 3670/5682
f 3661/5666 3670/5682 3582/5531 3580/5529
f 3670/5683 3656/5684 3671/5685 3672/5686
f 3670/5682 3672/5687 3673/5688 3582/5531
f 3673/5689 3672/5686 3674/5690 3675/5691
f 3673/5688 3675/5692 3676/5693 3585/5534
f 3673/5688 3585/5534 3583/5532 3582/5531
f 3676/5693 3675/5692 3677/5694 3678/5695
f 3676/5693 3678/5695 3679/5696 3588/5538
f 3676/5693 3588/5538 3586/5535 3585/5534
f 3679/5696 3678/5695 3680/5697 3606/5573
f 3679/5696 3606/5573 3604/5572 3603/5698
f 3679/5696 3603/5698 3589/5539 3588/5538
f 3680/5697 3678/5695 3677/5694 3681/5699
f 3680/5697 3681/5699 3612/5584 3610/5581
f 3680/5697 3610/5581 3607/5574 3606/5573
f 3681/5699 3677/5694 1145/5700 1142/5701
f 3681/5702 1142/1643 1141/1642 3612/5703
f 3677/5694 3675/5692 3674/5704 1145/5700
f 3674/5690 3672/5686 3671/5685 3682/5705
f 3674/5704 3682/5706 1143/5707 1145/5700
f 3682/5708 3671/5709 3652/5652 3683/5710
f 3682/5711 3683/5712 1144/1645 1143/1644
f 3683/5710 3652/5652 3650/5651 3684/5713
f 3683/5712 3684/5714 3685/5715 1144/1645
f 3685/5715 3684/5714 3686/5716 3687/5717
f 3685/5715 3687/5717 3618/5594 3688/5718
f 3685/5715 3688/5718 1140/1641 1144/1645
f 3688/5719 3618/5720 3616/5588 3615/5587
f 3688/5718 3615/5721 1141/1642 1140/1641
f 3687/5717 3686/5716 3689/5722 3690/5723
f 3687/5717 3690/5723 3619/5595 3618/5594
f 3690/5723 3691/5724 3620/5725 3619/5595
f 3692/5726 3691/5727 3690/5728 3689/5729
f 3692/5730 3643/5731 3641/5732 3640/5733
f 3692/5730 3689/5734 3647/5735 3643/5731
f 3689/5722 3686/5716 3648/5642 3647/5641
f 3686/5716 3684/5714 3650/5646 3648/5642
f 3671/5685 3656/5684 3653/5736 3652/5737
f 3615/5721 3613/5738 3612/5703 1141/1642
f 3603/5567 3601/5566 3590/5542 3589/5541
f 3550/5473 3548/5472 603/706 605/705
f 3547/5467 3546/5466 678/842 683/847
f 3544/5462 588/682 587/681 3539/5457
f 3541/5459 3540/5458 601/5739 600/5463
f 3540/5458 3537/5455 3520/5432 3523/5436
f 3540/5740 3523/5741 3693/5742 601/5743
f 1462/2114 665/5744 97/2109 1457/2108
f 1434/2065 1431/2064 1429/2053 1428/2052
f 1375/1978 1372/1975 1370/1973 1369/1972
f 1319/1903 1318/1902 3694/5745 3695/5746
f 1319/1910 3695/5747 232/5748 231/1911
f 3695/5747 3694/5749 3696/5750 216/32
f 3695/5747 216/32 215/31 232/5748
f 3696/5751 3697/5752 1267/5753 199/5754
f 3696/5750 199/2 1/1 216/32
f 3696/5751 3694/5755 210/5756 3697/5752
f 3697/5757 1272/1829 1268/1825 1267/1824
f 3697/5757 210/5758 209/26 1272/1829
f 3694/5745 1318/1902 211/1908 210/5759
f 1309/1885 1290/1849 1287/1848 1286/1890
f 1305/1884 1294/1855 1291/1850 1290/1849
f 1279/1836 1277/1834 213/25 212/24
f 1273/1830 1272/1829 209/26 213/25
f 1267/5753 1263/5760 200/5761 199/5754
f 1222/1763 1218/1759 611/728 614/727
f 1209/1738 1095/1746 187/5762 991/1739
f 1193/1718 1189/1714 1074/1524 1071/1521
f 1185/1710 1184/1709 1072/1522 1074/1524
f 1179/1704 1175/1699 1165/1698 1164/5617
f 1139/5763 1138/5764 1118/1595 1117/1594
f 1138/1636 1137/1635 1125/1611 1118/1610
f 1133/1624 1131/1623 3698/5765 1129/1616
f 3698/5765 1124/5766 1127/1614 1129/1616
f 3698/5767 1131/5768 1104/5769 3699/5770
f 3698/5767 3699/5770 1123/1608 1124/1607
f 3699/5771 1104/1572 1103/1571 3700/5772
f 3699/5771 3700/5772 1122/1604 1123/1603
f 3700/5773 1103/5774 1108/1871 1113/1587
f 3700/5773 1113/1587 1112/1586 1122/1600
f 1127/1614 1124/5766 583/676 582/675
f 3624/5605 188/1562 1100/1565 3626/5607
f 1090/1549 3701/5775 3702/5776 3703/5777
f 1090/1549 3703/5777 1076/5778 1088/1550
f 1090/5779 1089/5780 3704/5781 3701/5782
f 3704/5781 3705/5783 3706/5784 3701/5782
f 3704/5781 1089/5780 674/834 673/833
f 3704/5781 673/833 677/5785 3705/5783
f 3706/5786 3707/5787 643/791 645/790
f 3706/5784 645/5788 3702/5789 3701/5782
f 3706/5786 3705/5790 656/5791 3707/5787
f 3707/5792 3708/5793 644/787 643/786
f 3707/5792 656/805 655/804 3708/5793
f 3708/5794 1084/5795 1078/5796 644/5797
f 3708/5794 655/5798 184/5799 1084/5795
f 3705/5790 677/5800 657/5801 656/5791
f 3703/5802 3702/5803 646/5804 647/5805
f 3703/5777 647/5806 1077/5807 1076/5778
f 3702/5789 645/5788 642/5808 646/5809
f 1088/1550 1076/5778 1075/5810 1083/5811
f 1084/5795 1083/5812 1075/5813 1078/5796
f 1078/5814 1077/5815 640/5816 644/5817
f 1077/5815 647/5818 641/5819 640/5816
f 2896/4361 2903/4374 2907/5820 179/5821
f 2896/5822 179/5823 2899/5824 2897/5825
f 1042/5826 1043/5827 2982/4515 2963/4483
f 1031/5828 1030/5829 842/1120 850/5830
f 1031/1462 850/5831 849/1130 1028/1449
f 1030/5829 857/1144 824/1097 3709/5832
f 1030/5829 3709/5832 843/1121 842/1120
f 3709/5832 824/1097 808/1096 3710/5833
f 3709/5832 3710/5833 844/5834 843/1121
f 3710/5835 808/1063 806/1062 3711/5836
f 3710/5835 3711/5836 851/5837 844/5838
f 3711/5839 806/1056 805/1055 3712/5840
f 3711/5839 3712/5840 3713/5841 851/5842
f 3713/5841 3712/5840 1020/5843 1024/5844
f 3713/5841 1024/5844 847/5845 3714/5846
f 3713/5841 3714/5846 133/5847 851/5842
f 3712/5840 805/1055 1021/5848 1020/5843
f 1028/1449 849/1130 848/1129 1023/1450
f 1025/4247 1022/5849 173/1431 1017/1434
f 1024/5850 1023/5851 848/5852 847/5853
f 1022/5849 1021/5854 1019/1437 173/1431
f 1021/5848 805/1055 804/1054 1019/5855
f 1019/5855 804/1054 803/1053 828/1104
f 1013/1426 885/4606 141/5856 172/1423
f 998/4203 342/5857 341/5858 444/4204
f 996/1401 992/1395 988/1394 987/1402
f 980/5859 730/940 729/939 731/944
f 905/5860 158/5861 976/5862 3715/5863
f 975/1359 974/1358 3716/5864 3717/5865
f 3717/5865 3716/5864 909/1247 3718/5866
f 3716/5864 974/1358 3719/5867 3720/5868
f 3716/5864 3720/5868 910/1248 909/1247
f 3720/5869 3719/5870 924/1273 923/1272
f 3720/5869 923/1272 911/1251 910/1250
f 3719/5867 974/1358 973/1357 3721/5871
f 3719/5870 3721/5872 3722/5873 924/1273
f 3722/5873 3721/5872 156/1352 972/1355
f 3722/5873 972/1355 3723/5874 774/1003
f 3722/5873 774/1003 773/1002 924/1273
f 3723/5875 972/5876 971/5877 3724/5878
f 3723/5874 3724/5879 3725/5880 921/5881
f 3723/5874 921/5881 775/1004 774/1003
f 3725/5880 799/5882 148/5883 921/5881
f 3721/5871 973/1357 3726/5884 156/5885
f 973/1357 157/1356 3727/5886 3726/5884
f 2741/5887 968/5888 156/5889 3726/5890
f 960/2784 697/869 696/868 958/5891
f 959/2794 958/5892 696/5893 698/885
f 950/1320 949/1319 705/883 704/882
f 948/5894 947/5895 938/1301 937/1300
f 946/1313 945/1312 741/5896 740/2657
f 937/5897 936/2554 753/976 752/975
f 928/5898 150/5899 932/4139 2750/4143
f 882/1193 145/1192 904/1240 3728/5900
f 882/1193 3728/5900 834/1113 838/1112
f 3728/5901 904/5902 139/1173 872/1176
f 3728/5901 872/1176 835/1108 834/1107
f 863/1160 862/1159 839/4591 836/1109
f 850/1134 842/5903 841/5904 845/1135
f 847/1126 846/1125 3729/5905 3714/5906
f 846/1125 845/1124 841/5907 3729/5905
f 3729/5905 841/5907 133/5908 3714/5906
f 139/1173 904/5902 832/5909 831/5910
f 831/5911 830/1166 139/1165
f 829/1105 803/1053 802/1052 813/5912
f 789/5913 123/5914 122/5915 3730/5916
f 779/5917 778/5918 125/5919 3731/5920
f 771/997 770/996 763/5921 762/5922
f 735/951 734/950 3332/5923 3331/5924
f 717/905 712/895 711/894 714/906
f 715/901 714/900 711/5925 713/2729
f 707/5926 695/5927 702/877 701/876
f 703/880 702/879 695/866 694/865
f 689/2737 687/5928 631/775 636/774
f 687/855 686/854 632/766 631/765
f 681/5503 680/5929 651/5930 650/5504
f 677/839 676/838 664/820 657/819
f 1094/5931 602/698 601/697 3693/5932
f 1543/5933 610/719 593/718 85/5934
f 1544/5935 1543/5936 85/5937 90/5938
f 571/653 570/652 225/5939 228/5940
f 570/650 569/649 226/45 225/44
f 560/645 236/644 235/5941 79/5942
f 560/5943 79/5944 250/5945 558/5946
f 540/583 522/543 521/542 65/580
f 537/577 527/576 526/569 535/568
f 537/577 535/568 534/567 515/534
f 487/491 486/490 402/342 401/341
f 486/500 406/499 405/5947 402/5948
f 482/5396 21/186 305/189 472/468
f 56/5949 304/5950 310/200 309/199
f 56/463 309/5951 423/5952 422/382
f 469/5953 321/218 320/217 3732/5954
f 469/5953 3732/5954 466/5955 465/5956
f 469/5957 465/5958 319/5959 318/5960
f 3732/5954 320/217 459/5961 449/5962
f 3732/5963 449/426 448/425 466/5964
f 467/458 466/457 448/429 450/428
f 464/5965 315/208 314/207 340/5966
f 464/5967 340/5968 339/5969 462/5970
f 464/5971 459/5961 320/217 315/216
f 458/443 457/442 3733/5972 3734/5973
f 441/413 3735/5974 440/5975 3736/5976
f 441/413 3736/5976 350/267 349/264
f 3736/5977 440/407 439/406 3737/5978
f 3736/5977 3737/5978 358/286 350/285
f 3737/5979 439/5980 3738/5981 3739/5982
f 3737/5979 3739/5982 359/279 358/278
f 3739/5982 3738/5981 3740/5983 3741/5984
f 3739/5982 3741/5984 301/180 359/279
f 3741/5985 3740/5986 3742/5987 418/5988
f 3741/5985 418/5988 302/5989 301/5990
f 3742/5987 3740/5986 3743/5991 3744/5992
f 3742/5993 3744/5994 429/388 428/387
f 3742/5993 428/387 416/368 418/370
f 3744/5992 3743/5991 410/5995 414/5996
f 3744/5994 414/361 413/360 429/388
f 3743/5997 3745/5998 43/5999 410/6000
f 3743/5997 3740/5983 3738/5981 3745/5998
f 3745/6001 438/6002 405/347 43/346
f 3745/6001 3738/6003 439/6004 438/6002
f 3735/5974 3746/6005 437/6006 440/5975
f 3746/6007 3747/6008 395/6009 437/6010
f 438/411 394/410 402/5948 405/5947
f 430/389 299/6011 298/185 417/369
f 372/6012 371/3785 363/289 362/288
f 361/282 360/281 300/6013 299/6014
f 360/280 359/279 301/180 300/179
f 355/273 352/269 32/257 351/274
f 3748/6015 3271/4983 2428/3622 2427/3621
f 3748/6015 3270/4980 3269/4979 3271/4983
f 3749/6016 3750/6017 3751/6018 28/6019
f 3749/6016 28/6019 3253/4951 3252/4950
f 340/5966 314/207 327/231 27/6020
f 337/244 27/240 327/6021 325/6022
f 312/204 311/203 289/164 288/163
f 311/6023 310/6024 304/188 303/187
f 311/203 303/192 293/169 289/164
f 270/6025 265/113 12/112 264/6026
f 248/6027 246/6028 223/6029 222/6030
f 246/79 245/78 217/4037 223/6031
f 219/36 218/35 206/10 205/9
f 4/33 222/6032 223/6033 217/34
f 79/5944 247/6034 249/6035 250/5945
f 265/132 270/6036 271/6037 272/133
f 23/6038 321/6039 469/6040 318/6041
f 62/6042 495/6043 491/6044 494/6045
f 641/6046 647/5805 646/5804 642/6047
f 101/852 710/896 688/6048 685/853
f 109/6049 111/6050 112/915 721/918
f 830/6051 831/5910 832/5909 833/6052
f 133/1118 843/1121 844/5834 851/6053
f 961/1340 963/1343 964/6054
f 1044/4485 2957/6055 2959/6056 2962/4482
f 117/6057 762/6058 763/5105 764/5104
f 399/3217 42/334 404/345 2164/3218
f 1201/1726 1203/1728 989/1387 166/1392
f 2963/6059 2962/6060 2980/6061 1042/6062
f 285/149 284/148 3256/4956 279/143
f 279/6063 15/6064 286/6065
f 532/6066 68/558 531/559 2159/6067
f 533/6068 69/6069 532/6070
f 3143/4769 3146/4772 3149/4775 3157/4783
f 538/6071 65/2993 2020/2992 2104/3120
f 735/6072 3331/6073 118/6074 769/6075
f 724/6076 108/923 721/926 723/6077
f 2745/4131 2744/4130 147/1263 917/6078
f 797/6079 120/6080 800/6081
f 920/6082 148/6083 798/6084
f 796/6085 788/6086 123/6087 791/6088
f 3731/6089 125/6090 796/6091
f 927/1278 772/1000 777/6092
f 3730/6093 122/1018 121/1017 785/1022
f 3718/5866 909/1247 908/1246 3344/6094
f 3727/5886 157/1356 975/1359
f 967/1347 966/1346 2737/6095
f 1050/1486 1049/1485 1052/6096
f 2662/6097 2611/3895 2601/3882 2603/6098
f 1913/2801 1623/2800 1621/2322 1620/2321
f 1914/2809 1845/2808 1894/6099 1893/2796
f 1620/2321 1841/2663 1843/2811 1915/2810
f 3002/6100 2983/6101 2951/6102 2950/6103
f 388/6104 40/6105 390/6106
f 391/6107 41/6108 393/6109
f 456/6110 52/6111 458/6112
f 792/6113 124/6114 794/6115
f 892/6116 143/6117 894/6118
f 3279/6119 3267/4982 2439/3633 2574/3845
f 353/5000 3279/4999 2574/6120 346/6121
f 33/6122 353/6123 346/6124 30/6125
f 346/260 31/259 34/6126 30/6127
f 1094/1557 3693/6128 606/712 186/1553
f 3693/6129 3523/6130 607/6131 606/6132
f 3523/6133 1466/6134 1470/6135 607/6136
f 2256/3358 2278/3401 2249/3351 2253/3355
f 2256/3364 2259/3363 2353/3502 2278/3505
f 3749/6016 3252/4950 3015/4607 3254/4952
f 3253/4951 3112/4736 3752/6137 3251/4949
f 3112/4736 3110/4734 3114/4738 3752/6137
f 3251/4949 3752/6137 3120/4744 3125/4749
f 3752/6137 3114/4738 3113/4737 3120/4744
f 329/235 3112/4736 3253/4951 28/6019
f 3749/6138 329/6139 28/6140 3751/6141
f 3749/6016 3254/4952 330/236 329/235
f 2159/6142 2158/3381 2166/3220 2165/3219
f 2159/6143 2165/6144 533/6145
f 2165/3219 2160/3213 2164/3218 533/3865
f 3157/4783 52/436 3135/4761 3143/4769
f 3157/4783 3152/4778 453/437 52/436
f 2110/3130 2112/3136 2114/6146 2115/6147
f 2115/6148 2118/6149 2119/6150 2122/6151 2124/6152
f 2111/6153 2110/6154 539/6155
f 2110/6156 2115/6157 2124/6158 539/6159
f 3516/6160 519/6161 540/6162 3514/6163
f 519/6161 518/6164 522/6165 540/6162
f 2144/6166 523/546 66/545 3515/6167
f 66/537 520/540 3515/6168
f 917/6169 780/6170 920/6171
f 780/6172 119/999 775/1004 920/6173
f 3370/5174 3368/5172 3366/5170 3364/5168
f 3378/5182 3376/5180 3374/5178 3372/5176
f 3372/6174 3370/6175 3364/6176 3362/5164
f 3378/6177 3372/6178 3360/6179 961/6180
f 3372/6174 3362/5164 3360/5163
f 2736/4116 2735/4115 2741/4125
f 2736/4116 2741/4125 3726/6181
f 2736/6182 3726/6183 2738/6184
f 964/6185 965/6186 155/6187 977/6188
f 964/6189 963/5425 1761/2546 965/1345
f 2749/4142 2747/4138 2746/4136 2748/4140
f 2746/4136 2725/4135 2724/4141 2748/4140
f 2816/4237 1018/1436 929/1435
f 2816/4237 929/1435 928/6190
f 2816/6191 928/6192 2750/6193
f 2812/4233 2814/4235 2815/4236 997/4238
f 1004/6194 168/1410 1009/1421 2809/4230
f 2748/6195 2812/4233 997/4238 2816/4237
f 2748/6195 1004/6194 2809/4230 2812/4233
f 4219/6196 180/4396 1056/6197 2865/6198
f 4219/6196 1048/6199 1047/4397 180/4396
f 179/6200 1050/1486 3003/6201 3753/6202
f 3003/4587 2863/4314 2862/4313 3753/6203
f 179/6200 2907/6204 1045/1477
f 179/6200 1045/1477 177/1476
f 179/6200 177/1476 1050/1486
f 2862/6205 2901/6206 3753/6207
f 2901/6208 2899/6209 179/6200 3753/6202
f 348/6210 347/3854 398/337 397/336
f 347/3854 2579/3853 398/337
f 2605/3888 2661/3986 387/3990 2662/3989
f 2570/3993 2660/3987 2606/3890
f 2660/3987 2661/3986 2606/3890
f 2606/3890 2661/3986 2604/3887
f 2661/3986 2605/3888 2604/3887
f 2606/3890 2604/3887 2602/3885
f 1613/2311 1428/2052 1426/2049
f 1613/2311 1426/2049 1609/2306
f 1613/2311 1609/2306 1611/2308
f 1730/2487 2702/4064 2707/4072 1732/2491
f 1731/2490 1602/2299 1600/2297 1726/2483
f 1727/2484 1730/2487 1732/2491 3754/6211
f 1732/2491 1731/2490 1726/2483 3754/6211
f 1726/2482 1725/2481 3754/6212
f 1725/2481 1723/2477 1727/2488 3754/6212
f 3748/6015 2427/3621 2426/3620 2433/4981
f 2426/6213 2434/3628 2430/3624 2433/3627
f 2582/3991 2595/3876 2592/3872 2584/3860
f 2592/3872 2585/3861 2584/3860
f 2987/6214 2989/6215 2990/6216 2991/6217
f 2949/6218 2948/6219 2985/6220 2993/6221
f 2985/6222 2987/6223 2991/6224 2993/6225
f 73/586 80/6226 82/591 541/587
f 165/1389 991/1388 187/6227 1097/6228
f 3755/6229 3759/6230 3760/6231 3761/6232
f 3756/6233 3762/6234 3760/6231 3759/6230
f 3757/6235 3763/6236 3764/6237 3765/6238
f 3758/6239 3766/6240 3764/6241 3763/6242
f 3766/6240 3761/6232 3760/6231 3764/6241
f 3764/6241 3760/6231 3762/6234 3765/6243
f 3767/6244 3768/6245 3769/6246 3770/6247
f 3769/6246 3771/6248 3772/6249 3770/6247
f 3772/6249 3771/6248 3773/6250 3774/6251
f 3774/6252 3773/6253 3775/6254 3776/6255
f 3776/6255 3775/6254 3777/6256 3778/6257
f 3778/6257 3777/6256 3779/6258
f 3780/6259 3784/6260 3785/6261 3786/6262
f 3781/6263 3787/6264 3788/6265 3789/6266
f 3782/6267 3790/6268 3791/6269 3792/6270
f 3783/6271 3793/6272 3794/6273 3795/6274
f 3794/6273 3788/6265 3785/6261 3791/6269
f 3794/6273 3791/6269 3790/6268 3795/6274
f 3794/6273 3793/6272 3789/6266 3788/6265
f 3792/6270 3791/6269 3785/6261 3784/6260
f 3788/6265 3787/6264 3786/6262 3785/6261
f 3796/6275 3800/6276 3801/6277 3798/6278
f 3797/6279 3799/6280 3802/6281 3803/6282
f 3802/6281 3804/6283 3805/6284 3803/6282
f 3805/6284 3804/6283 3806/6285 3807/6286
f 3807/6286 3806/6285 3808/6287 3809/6288
f 3809/6288 3808/6287 3810/6289 3811/6290
f 3811/6290 3810/6289 3812/6291 3813/6292
f 3813/6292 3812/6291 3801/6277 3800/6276
f 3814/6293 3815/6294 3816/6295 3817/6296
f 3814/6293 3818/6297 3819/6298 3815/6294
f 3814/6293 3817/6296 3820/6299 3818/6297
f 3820/6299 3821/6300 3822/6301 3818/6297
f 3822/6301 3823/6302 3819/6298 3818/6297
f 3819/6298 3824/6303 3825/6304 3815/6294
f 3825/6304 3824/6303 3826/6305 3827/6306
f 3825/6304 3827/6306 3828/6307 3829/6308
f 3825/6304 3829/6308 3816/6295 3815/6294
f 3828/6307 3827/6306 3830/6309 3831/6310
f 3831/6310 3830/6309 3832/6311 3833/6312
f 3833/6312 3832/6311 3834/6313 3835/6314
f 3835/6314 3834/6313 3836/6315 3837/6316
f 3837/6316 3836/6315 3838/6317 3839/6318
f 3839/6318 3838/6317 3840/6319 3841/6320
f 3842/6321 3843/6322 3844/6323 3845/6324
f 3842/6325 3845/6326 3846/6327 3847/6328
f 3842/6325 3847/6328 3848/6329 3843/6330
f 3848/6329 3847/6328 3849/6331 3850/6332
f 3850/6333 3849/6334 3851/6335 3852/6336
f 3852/6337 3851/6338 3853/6339 3854/6340
f 3849/6331 3847/6328 3846/6327 3855/6341
f 3859/6342 3858/6343 3860/6344 3861/6345
f 3861/6346 3860/6347 3862/6348 3863/6349
f 3863/6349 3862/6348 3864/6350 3865/6351
f 3864/6350 3862/6348 3866/6352 3867/6353
f 3864/6350 3867/6353 3868/6354 3869/6355
f 3866/6352 3862/6348 3860/6347 3870/6356
f 3870/6356 3860/6347 3858/6357 3857/6358
f 3856/6359 3857/6358 3858/6357 3859/6360
f 3871/6361 3872/6362 3873/6363
f 3873/6363 3872/6362 3874/6364 3875/6365
f 3875/6365 3874/6364 3876/6366 3877/6367
f 3877/6367 3876/6366 3878/6368 3879/6369
f 3878/6368 3876/6366 3880/6370 3881/6371
f 3880/6370 3876/6366 3874/6364 3882/6372
f 3882/6372 3874/6364 3872/6362 3883/6373
f 3884/6374 3888/6375 3889/6376 3890/6377
f 3885/6378 3890/6379 3889/6380 3891/6381
f 3886/6382 3892/6383 3893/6384 3894/6385
f 3887/6386 3895/6387 3896/6388 3897/6389
f 3897/6389 3896/6388 3889/6376 3888/6375
f 3896/6388 3895/6387 3898/6390 3899/6391
f 3896/6388 3899/6391 3891/6392 3889/6376
f 3894/6385 3893/6384 3900/6393 3901/6394
f 3901/6394 3900/6393 3902/6395
f 3903/6396 3904/6397 3905/6398 3906/6399
f 3903/6396 3906/6399 3907/6400 3908/6401
f 3903/6402 3908/6403 3909/6404 3904/6405
f 3910/6406 3911/6407 3912/6408 3913/6409
f 3910/6406 3913/6409 3914/6410 3915/6411
f 3914/6410 3916/6412 3917/6413 3915/6411
f 3914/6410 3913/6409 3918/6414 3919/6415
f 3914/6410 3919/6415 3920/6416 3916/6412
f 3920/6416 3919/6415 3921/6417 3922/6418
f 3922/6418 3921/6417 3923/6419 3924/6420
f 3924/6420 3923/6419 3925/6421 3926/6422
f 3926/6422 3925/6421 3927/6423 3928/6424
f 3928/6425 3927/6426 1053/6427 3929/6428
f 3931/6429 3930/6430 3932/6431 3933/6432
f 3933/6432 3932/6431 4264/6433 3934/6434 3935/6435
f 3935/6435 3934/6434 3936/6436 3937/6437
f 3937/6437 3936/6436 3938/6438 3939/6439
f 3939/6439 3938/6438 3940/6440 3941/6441
f 3941/6441 3940/6440 3942/6442 3943/6443
f 3943/6443 3942/6442 3944/6444 3945/6445
f 3945/6445 3944/6444 3946/6446 3947/6447
f 3946/6446 3944/6444 3948/6448 3949/6449
f 3949/6449 3948/6448 3950/6450 3951/6451
f 3950/6450 3948/6448 3952/6452 3953/6453
f 3953/6453 3952/6452 3954/6454 3957/6455 3955/6456
f 3957/6457 3956/6458 3958/6459 3959/6460
f 3959/6460 3958/6459 3960/6461 3961/6462
f 3961/6462 3960/6461 4264/6463 3962/6464
f 3962/6464 4264/6463 3963/6465 3964/6466
f 3964/6466 3963/6465 3965/6467 3966/6468
f 3966/6469 3965/6470 3967/6471 3968/6472
f 3968/6473 3967/6474 3969/6475 3970/6476
f 3970/6476 3969/6475 3971/6477 3972/6478
f 3972/6478 3971/6477 3973/6479 3974/6480
f 3974/6480 3973/6479 3918/6414 3975/6481
f 3975/6481 3918/6414 3913/6409 3912/6408
f 3973/6479 3921/6417 3919/6415 3918/6414
f 3973/6479 3971/6477 3923/6419 3921/6417
f 3971/6477 3969/6475 3925/6421 3923/6419
f 3969/6475 3967/6474 3927/6423 3925/6421
f 3967/6471 3965/6470 1053/6427 3927/6426
f 3965/6467 3963/6465 3930/6482 1053/6483
f 3963/6465 4264/6463 3932/6484 3930/6482
f 3960/6485 3958/6486 3936/6436 3934/6434
f 3958/6486 3956/6487 3938/6438 3936/6436
f 3956/6487 3954/6454 3940/6440 3938/6438
f 3954/6454 3952/6452 3942/6442 3940/6440
f 3952/6452 3948/6448 3944/6444 3942/6442
f 3977/6488 3979/6489 3976/6490
f 3977/6488 3980/6491 3979/6489
f 3977/6492 3981/6493 3982/6494 3980/6495
f 3978/6496 3983/6497 3984/6498 3985/6499
f 3986/6500 3987/6501 3988/6502
f 3988/6502 3987/6501 3989/6503 3990/6504
f 3990/6504 3989/6503 3991/6505 3992/6506
f 3992/6506 3991/6505 3993/6507 3994/6508
f 3995/6509 3996/6510 3997/6511 3998/6512
f 3998/6512 3997/6511 3999/6513 4000/6514
f 4000/6514 3999/6513 4001/6515 4002/6516
f 4002/6516 4001/6515 4003/6517 4004/6518
f 4004/6518 4003/6517 4005/6519 4006/6520
f 4006/6521 4005/6522 4007/6523 4008/6524
f 4008/6524 4007/6523 4009/6525 4010/6526
f 4010/6527 4009/6528 4011/6529 4012/6530
f 4012/6531 4011/6532 4013/6533 4014/6534
f 4014/6534 4013/6533 4015/6535 4016/6536
f 4016/6536 4015/6535 4017/6537 4018/6538
f 4018/6538 4017/6537 3982/6494 3981/6493
f 4017/6537 4019/6539 4020/6540 3982/6494
f 4017/6541 4015/6542 4021/6543 4019/6544
f 4021/6545 4022/6546 4023/6547 4019/6548
f 4021/6543 4015/6542 4013/6549 4024/6550
f 4021/6545 4024/6551 4025/6552 4022/6546
f 4025/6553 4026/6554 4027/6555 4022/6556
f 4025/6553 4024/6557 4028/6558 4029/6559
f 4025/6553 4029/6559 4030/6560 4026/6554
f 4030/6560 4029/6559 4031/6561 4032/6562
f 4032/6562 4031/6561 4033/6563 4034/6564
f 4034/6564 4033/6563 4035/6565 4036/6566
f 4036/6566 4035/6565 4037/6567 4038/6568
f 4039/6569 3999/6513 3997/6511 4040/6570
f 4040/6570 3997/6511 3996/6510 4041/6571
f 4042/6572 4035/6565 4005/6519 4003/6517
f 4035/6565 4033/6563 4007/6573 4005/6519
f 4033/6563 4031/6561 4043/6574
f 4033/6563 4043/6574 4009/6575 4007/6573
f 4043/6574 4031/6561 4029/6559 4028/6558
f 4043/6576 4028/6577 4011/6578 4009/6579
f 4028/6577 4024/6580 4013/6581 4011/6578
f 4027/6555 4044/6582 4023/6583 4022/6556
f 4044/6582 4045/6584 4046/6585 4023/6583
f 4046/6586 4045/6587 3985/6499 3984/6498
f 4046/6586 3984/6498 4047/6588 4020/6589
f 4046/6586 4020/6589 4019/6548 4023/6547
f 4047/6588 3984/6498 3983/6497 4048/6590
f 4047/6591 4048/6592 3980/6495
f 4047/6591 3980/6495 3982/6494 4020/6540
f 3996/6510 3995/6509 3994/6508 3993/6507
f 3996/6510 3993/6507 4041/6571
f 4001/6515 3999/6513 4039/6569 4049/6593
f 4039/6569 4038/6568 4037/6567 4049/6593
f 4037/6567 4035/6565 4042/6572
f 2122/6594 2120/3161 2121/3160
f 4037/6567 4042/6572 4003/6517
f 4037/6567 4003/6517 4001/6515
f 4037/6567 4001/6515 4049/6593
f 4050/6595 4051/6596 4052/6597 4053/6598
f 4050/6595 4054/6599 4055/6600 4056/6601
f 4050/6595 4056/6601 4057/6602 4051/6596
f 4050/6603 4053/6604 4058/6605 4059/6606
f 4050/6607 4059/6608 4060/6609 4054/6610
f 4060/6611 4061/6612 4062/6613 4063/6614
f 4060/6611 4063/6614 4064/6615 4054/6599
f 4060/6616 4059/6606 4065/6617 4061/6618
f 4065/6617 4066/6619 4067/6620 4068/6621
f 4065/6617 4068/6621 4069/6622 4061/6618
f 4065/6617 4059/6606 4058/6605 4066/6619
f 4069/6622 4070/6623 4062/6624 4061/6618
f 4067/6620 4066/6619 4071/6625 4072/6626
f 4071/6625 4073/6627 4074/6628 4072/6626
f 4071/6625 4066/6619 4058/6605 4075/6629
f 4071/6625 4075/6629 4076/6630 4073/6627
f 4076/6630 4075/6629 4077/6631 4078/6632
f 4078/6632 4077/6631 4079/6633 4080/6634
f 4080/6634 4079/6633 4081/6635 4082/6636
f 4082/6637 4081/6638 4083/6639 4084/6640
f 4083/6641 4081/6642 4085/6643 4086/6644
f 4086/6644 4085/6643 4087/6645 4088/6646
f 4088/6646 4087/6645 4089/6647 4090/6648
f 4090/6648 4089/6647 4091/6649 4092/6650
f 4092/6650 4091/6649 4093/6651 4094/6652
f 4094/6652 4093/6651 4095/6653 4096/6654
f 4095/6653 4093/6651 4097/6655 4098/6656
f 4098/6656 4097/6655 4099/6657 4100/6658
f 4100/6658 4099/6657 4101/6659 4102/6660
f 4102/6660 4101/6659 4103/6661 4104/6662
f 4103/6661 4101/6659 4105/6663 4106/6664
f 4105/6663 4055/6600 4107/6665 4106/6664
f 4105/6663 4101/6659 4099/6657 4108/6666
f 4105/6663 4108/6666 4056/6601 4055/6600
f 4108/6666 4099/6657 4097/6655 4109/6667
f 4108/6666 4109/6667 4057/6602 4056/6601
f 4109/6667 4097/6655 4093/6651 4091/6649
f 4109/6667 4091/6649 4089/6647 4057/6602
f 4107/6665 4055/6600 4054/6599 4064/6615
f 4089/6647 4087/6645 4051/6596 4057/6602
f 4087/6645 4085/6643 4052/6597 4051/6596
f 4085/6668 4081/6669 4079/6670 4052/6671
f 4079/6633 4077/6631 4053/6604 4052/6672
f 4077/6631 4075/6629 4058/6605 4053/6604
f 4110/6673 4111/6674 4112/6675 4113/6676
f 4110/6677 4114/6678 4115/6679 4111/6680
f 4110/6677 4113/6681 4116/6682 4117/6683
f 4117/6683 4116/6682 4118/6684 4119/6685
f 4114/6678 4110/6677 4117/6683
f 4120/6686 4121/6687 4122/6688 4123/6689
f 4120/6686 4123/6689 4124/6690 4125/6691
f 4120/6692 4125/6693 4126/6694 4121/6695
f 4126/6696 4125/6691 4127/6697 4128/6698
f 4127/6697 4125/6691 4124/6690 4129/6699
f 4129/6699 4124/6690 4130/6700 4131/6701
f 4130/6700 4124/6690 4123/6689 4132/6702
f 4132/6703 4123/6704 4122/6705 4133/6706
f 4134/6707 4137/6708 4138/6709 4139/6710
f 4135/6711 4140/6712 4141/6713 4136/6714
f 4141/6713 4140/6712 4139/6710 4138/6709
f 4142/6715 4143/6716 4144/6717 4145/6718
f 4144/6717 4143/6716 4146/6719 4147/6720
f 4147/6720 4146/6719 4148/6721 4149/6722
f 4150/6723 4149/6722 4148/6721
f 4143/6724 4142/6725 4145/6726
f 4151/6727 4152/6728 4153/6729
f 4155/6730 4156/6731 4153/6729 4152/6728
f 4152/6728 4154/6732 4155/6730
f 4156/6731 4155/6730 4157/6733 4158/6734
f 4158/6734 4157/6733 4159/6735 4160/6736
f 4159/6735 4157/6733 4161/6737 4162/6738
f 4163/6739 4161/6737 4155/6730 4154/6732
f 4161/6737 4157/6733 4155/6730
f 4162/6738 4161/6737 4163/6739
f 4265/6740 4164/6741 4165/6742 4166/6743
f 4265/6740 4166/6743 4169/6744 4167/6745
f 4170/6746 4171/6747 4172/6748 4173/6749
f 4172/6748 4171/6747 4174/6750 4175/6751
f 4175/6751 4174/6750 4176/6752 4177/6753
f 4177/6753 4176/6752 4178/6754 4179/6755
f 4179/6755 4178/6754 4180/6756 4181/6757
f 4171/6758 4170/6759 4173/6760
f 4182/6761 4183/6762 4184/6763 4185/6764
f 4182/6761 4185/6764 4186/6765 4187/6766
f 4182/6761 4187/6766 4188/6767 4183/6762
f 4188/6767 4189/6768 4190/6769 4183/6762
f 4190/6769 4191/6770 4184/6763 4183/6762
f 4191/6770 4192/6771 4193/6772 4184/6763
f 4193/6772 4194/6773 4185/6764 4184/6763
f 4194/6773 4195/6774 4186/6765 4185/6764
f 4196/6775 4200/6776 4201/6777 4202/6778
f 4197/6779 4203/6780 4204/6781 4205/6782
f 4198/6783 4206/6784 4207/6785 4208/6786
f 4199/6787 4209/6788 4210/6789 4211/6790
f 4211/6790 4210/6789 4207/6785 4206/6784
f 4210/6789 4204/6781 4201/6777 4207/6785
f 4210/6789 4209/6788 4205/6782 4204/6781
f 4207/6785 4201/6777 4200/6776 4208/6786
f 4204/6781 4203/6780 4202/6778 4201/6777
f 4212/6791 4214/6792 4215/6793 4213/6794
f 4212/6791 4213/6794 4216/6795 4217/6796
f 4212/6791 4218/6797 4219/6798 4220/6799
f 4212/6791 4220/6799 4221/6800 4214/6792
f 4212/6791 4217/6796 4222/6801 4218/6797
f 4213/6794 4215/6793 4223/6802 4224/6803
f 4223/6802 4225/6804 4226/6805 4224/6803
f 4226/6805 4225/6804 4227/6806 4228/6807
f 4228/6807 4227/6806 4229/6808 4230/6809
f 4231/6810 4230/6809 4229/6808
f 4216/6795 4213/6794 4224/6803 4226/6805
f 4232/6811 4236/6812 4237/6813 4238/6814
f 4233/6815 4239/6816 4240/6817 4241/6818
f 4234/6819 4238/6814 4237/6813 4242/6820
f 4235/6821 4243/6822 4240/6817 4239/6816
f 4243/6822 4244/6823 4245/6824 4240/6817
f 4245/6824 4237/6813 4236/6812 4246/6825
f 4245/6824 4246/6825 4241/6818 4240/6817
f 4245/6824 4244/6823 4242/6820 4237/6813
f 4247/6826 4248/6827 4249/6828
f 4248/6827 4250/6829 4251/6830 4249/6828
f 4252/6831 4253/6832 4254/6833 4255/6834
f 4251/6830 4250/6829 4256/6835 4252/6831
f 4252/6831 4255/6834 4251/6830
f 4252/6831 4256/6835 4257/6836 4253/6832
f 4257/6836 4256/6835 4258/6837 4259/6838
f 4259/6838 4258/6837 4260/6839 4261/6840
f 4261/6840 4260/6839 4262/6841 4263/6842
f 2129/6843 3513/6844 2125/6845
f 2987/4571 3432/4555 2989/4554
f 1053/6846 3930/6430 3931/6429
f 3957/6847 3954/6848 3956/6849
f 4264/6433 3960/6485 3934/6434
f 3911/6850 3910/6851 3915/6852
f 4265/6740 4167/6745 4168/6853
