# Blender 5.0.1
# www.blender.org
mtllib tripo_convert_191790b1-bd67-411e-bea2-29a8b29ddab1.mtl
o tripo_node_191790b1-bd67-411e-bea2-29a8b29ddab1
v 0.060813 -0.365468 0.089212
v 0.068206 -0.373948 0.077183
v 0.179823 -0.410289 0.096086
v 0.185821 -0.417924 0.091810
v 0.211641 -0.423487 0.086205
v 0.206750 -0.408478 0.090883
v 0.058076 -0.364390 0.219183
v 0.028728 -0.011587 0.176250
v 0.009939 -0.015539 0.181770
v 0.055048 -0.007647 0.196990
v 0.051551 -0.028660 0.086334
v 0.036989 0.348051 0.050692
v 0.035359 0.374788 0.080608
v 0.048115 0.377595 0.078072
v 0.057522 0.372855 0.044539
v 0.056371 0.383770 0.081097
v 0.058061 0.353804 0.039006
v 0.055340 0.116602 0.017484
v 0.057740 0.110145 0.035034
v 0.060213 0.106462 0.009523
v 0.054955 0.109070 0.015149
v 0.046229 -0.321053 0.032682
v 0.068219 -0.439709 0.078705
v 0.059235 -0.367551 0.052067
v 0.056777 -0.319630 0.043787
v 0.061699 -0.402826 0.043692
v 0.079107 -0.423979 0.036788
v 0.087400 -0.417911 0.036715
v 0.085671 -0.411159 0.033411
v 0.065259 0.096156 0.015617
v 0.066756 0.136853 0.010681
v 0.062114 0.118255 0.001008
v 0.061680 0.114833 -0.004274
v 0.060480 0.309465 -0.001968
v 0.055790 0.107991 -0.009198
v 0.051016 0.351796 -0.016960
v 0.061660 0.105681 -0.017530
v 0.064243 0.124232 -0.036122
v 0.061384 0.112602 -0.029826
v 0.055777 0.114610 -0.022959
v 0.061578 0.366435 -0.060333
v 0.052377 0.368041 -0.078493
v 0.058164 -0.079602 -0.079558
v 0.047443 -0.021502 -0.091338
v 0.055827 -0.023530 -0.089711
v 0.023642 -0.016927 -0.090555
v 0.033960 0.349478 -0.058167
v 0.046412 0.357315 -0.080422
v 0.051467 0.349432 -0.044746
v 0.058728 0.354336 -0.050114
v 0.058854 0.112375 -0.035521
v 0.063049 -0.066825 -0.087410
v 0.194504 -0.404799 -0.248564
v 0.206021 -0.419724 -0.228197
v 0.218028 -0.400245 -0.201149
v 0.196631 -0.423706 -0.224945
v 0.197670 -0.434003 -0.220114
v 0.211669 -0.421746 -0.226571
v 0.203010 -0.435696 -0.224361
v 0.196381 -0.424640 -0.229356
v 0.058075 -0.424907 -0.291000
v 0.077941 -0.410438 -0.258737
v 0.039341 -0.413342 -0.274282
v 0.181788 -0.408668 -0.210743
v 0.058536 -0.363634 -0.226057
v 0.187425 -0.420143 -0.211094
v 0.190272 -0.425435 -0.218185
v 0.186182 -0.424056 -0.213336
v 0.055850 -0.364980 -0.207732
v 0.036879 -0.323803 -0.043980
v 0.040506 -0.327916 -0.042286
v 0.045796 -0.320457 -0.044027
v 0.052811 -0.308019 -0.049086
v 0.059884 -0.322164 -0.008332
v 0.061036 -0.312414 -0.018696
v 0.079842 -0.423573 -0.039146
v 0.065671 -0.408878 -0.041021
v 0.083736 -0.413239 -0.036551
v 0.192690 -0.464239 -0.149648
v 0.199128 -0.461069 -0.223043
v 0.071460 -0.466154 -0.067196
v 0.062308 -0.465492 -0.070285
v 0.056439 -0.463968 -0.047830
v 0.062074 -0.430055 -0.072887
v 0.049570 -0.439537 -0.064756
v 0.063756 -0.434116 -0.255529
v 0.070037 -0.464984 -0.284641
v 0.051120 -0.463156 -0.261904
v 0.050106 -0.442081 -0.263428
v 0.048194 -0.455424 -0.270127
v 0.284148 -0.489906 -0.391313
v 0.281647 -0.478235 -0.389615
v 0.082742 -0.470514 -0.295477
v 0.276530 -0.489624 -0.041248
v 0.283896 -0.487586 -0.022178
v 0.284835 -0.487108 -0.043817
v 0.237844 -0.471457 0.014219
v 0.219834 -0.468383 0.015391
v 0.227311 -0.471384 0.007914
v 0.273660 -0.487000 0.392942
v 0.279974 -0.488242 0.389919
v 0.283401 -0.479745 0.390013
v 0.198293 -0.464620 0.209502
v 0.199480 -0.452058 0.097930
v 0.193118 -0.463197 0.104191
v 0.224306 -0.465806 0.023024
v 0.219411 -0.429378 0.097667
v 0.205490 -0.433009 0.078922
v 0.194453 -0.435823 0.108800
v 0.067405 -0.461284 0.043197
v 0.068413 -0.460998 0.012628
v 0.073494 -0.464821 0.018946
v 0.053121 -0.454037 0.047884
v 0.067873 -0.462729 -0.009270
v 0.056705 -0.462511 0.046235
v 0.071130 -0.438638 0.014934
v 0.061629 -0.442464 0.043345
v 0.051136 -0.446104 0.058619
v 0.050026 -0.462766 0.303444
v 0.079242 -0.469305 0.231709
v 0.066111 -0.444510 0.191693
v 0.067694 -0.460299 0.197412
v 0.188784 -0.452246 0.098376
v 0.183982 -0.464168 0.096285
v -0.116972 -0.454697 0.025588
v -0.108899 -0.438975 -0.025246
v -0.120961 -0.430867 -0.039293
v -0.118087 -0.445275 0.028007
v -0.122762 -0.463805 0.016513
v -0.109280 -0.455134 0.066640
v -0.112997 -0.434812 0.038778
v -0.105297 -0.430281 0.046536
v -0.100054 -0.442725 0.049940
v -0.136052 -0.471121 0.271862
v -0.131206 -0.468838 0.279406
v -0.134106 -0.467050 0.281893
v -0.093696 -0.466050 0.224199
v -0.095961 -0.365129 0.208046
v -0.107958 -0.372087 0.182807
v -0.109279 -0.365037 0.156756
v -0.101114 -0.364858 0.188434
v -0.098988 -0.365103 0.180697
v 0.056085 -0.365792 0.203566
v -0.102228 -0.364844 0.167176
v -0.118539 -0.421965 -0.005512
v -0.121822 -0.420709 0.005484
v -0.199710 -0.470464 0.177408
v -0.223748 -0.465921 0.305497
v -0.233878 -0.466451 0.296306
v -0.277565 -0.473649 0.385499
v -0.286298 -0.486582 0.391843
v -0.284005 -0.487346 -0.137145
v -0.123098 -0.464404 -0.039033
v -0.099600 -0.463683 -0.064066
v 0.042961 -0.464328 -0.249628
v 0.061599 -0.464028 -0.230091
v -0.111358 -0.464505 -0.239402
v -0.067376 -0.481668 -0.381971
v -0.166298 -0.468897 -0.297811
v -0.154791 -0.465286 -0.293010
v -0.111591 -0.464190 -0.263702
v -0.099711 -0.463989 -0.270701
v -0.016119 -0.471427 -0.383568
v -0.045688 -0.475767 -0.383066
v -0.267122 -0.471773 -0.388134
v -0.272597 -0.473543 -0.389547
v -0.285063 -0.489151 -0.392349
v -0.284612 -0.486257 -0.379250
v -0.187837 -0.471216 -0.288409
v -0.111512 -0.436200 -0.279544
v -0.101178 -0.424042 -0.274081
v -0.095311 -0.423490 -0.281456
v -0.113487 -0.424746 -0.279529
v -0.107645 -0.424941 -0.268094
v -0.100748 -0.426015 -0.269168
v -0.115815 -0.425309 -0.275711
v -0.109810 -0.388038 -0.270696
v -0.133417 -0.417516 -0.285464
v -0.121274 -0.419667 -0.283051
v -0.075968 -0.408002 -0.266418
v 0.022457 -0.414263 -0.301505
v 0.020246 -0.436642 -0.281589
v 0.021264 -0.435980 -0.277212
v 0.008644 -0.436249 -0.278561
v 0.007090 -0.436960 -0.274800
v -0.001910 -0.418723 -0.286330
v 0.001087 -0.423433 -0.268131
v -0.082122 -0.407311 -0.254017
v -0.108248 -0.370457 -0.225715
v -0.114781 -0.385383 -0.148216
v -0.110704 -0.393776 -0.080098
v -0.117630 -0.419450 -0.264036
v -0.131566 -0.411692 -0.262462
v -0.114309 -0.387364 -0.177674
v -0.099787 -0.072596 -0.051491
v -0.096467 -0.077557 -0.052973
v -0.098193 -0.063608 -0.086610
v -0.091725 -0.332057 -0.079676
v -0.064257 -0.329880 -0.039092
v -0.085093 -0.317215 -0.029276
v 0.054826 -0.136170 0.039517
v 0.054030 -0.139403 -0.048886
v -0.087779 -0.145404 -0.048669
v -0.029820 0.101987 -0.090764
v -0.032483 0.107747 -0.088043
v -0.089854 -0.070509 -0.093116
v -0.091800 -0.320170 -0.083041
v -0.090934 -0.305142 -0.054399
v -0.016311 0.059782 -0.095519
v -0.045200 0.056329 -0.094438
v -0.038387 0.088965 -0.093218
v 0.034638 -0.001257 -0.194977
v 0.005372 -0.017084 -0.165269
v -0.065381 -0.329335 -0.209952
v -0.075580 -0.366278 -0.205002
v -0.090369 -0.295763 -0.196141
v -0.073080 -0.000512 -0.105730
v -0.088443 0.002671 -0.200112
v -0.023272 0.122918 -0.094319
v -0.038094 0.107298 -0.087671
v -0.039550 0.117482 -0.088184
v -0.087537 0.348747 -0.067330
v -0.089676 0.353993 -0.058203
v -0.084984 0.352161 -0.078616
v -0.081256 0.359763 -0.083247
v -0.078122 0.345188 -0.089365
v -0.082590 0.346432 -0.077994
v -0.032800 0.353038 -0.088004
v -0.051808 0.363352 -0.088850
v -0.023183 0.115785 -0.092783
v 0.036207 0.353264 -0.081530
v 0.034651 0.401399 -0.055428
v 0.004737 0.345790 -0.085535
v -0.070296 0.396042 -0.057519
v -0.071470 0.354032 -0.055373
v -0.070950 0.364484 -0.051926
v 0.004997 0.403361 -0.037968
v -0.016660 0.443556 -0.007501
v -0.022161 0.440056 0.005975
v 0.013864 0.405570 0.025943
v -0.091873 0.106110 -0.000458
v -0.095521 0.118395 -0.012133
v -0.087326 0.345926 -0.036982
v -0.048620 0.410211 -0.035722
v -0.046304 0.404335 -0.037677
v -0.096561 0.116026 -0.021902
v -0.093161 0.382039 0.062152
v -0.099443 0.102050 0.025087
v -0.096296 -0.324052 0.000829
v -0.099460 -0.068050 0.044071
v -0.091015 0.354556 -0.003554
v -0.070810 0.347514 0.050488
v -0.089200 -0.140940 0.041177
v -0.096407 -0.311243 0.013581
v -0.086376 -0.309082 0.036198
v -0.076412 -0.314264 0.042658
v -0.090933 -0.310434 0.041489
v 0.002124 0.424720 0.028698
v -0.024034 0.467035 -0.005771
v -0.020157 0.460892 -0.003551
v -0.048723 0.405434 0.034257
v -0.048336 0.421687 0.031014
v -0.089635 0.354475 0.043473
v -0.092673 0.377408 0.048199
v -0.078631 0.349510 0.075077
v -0.071616 0.403512 0.054189
v -0.058470 0.401979 0.035086
v 0.036711 0.406844 0.053749
v -0.053237 0.349834 0.080127
v 0.044959 0.353436 0.075594
v 0.023769 0.367199 0.080466
v 0.020489 0.363156 0.079034
v 0.014402 0.349364 0.077296
v 0.018891 0.341644 0.085153
v -0.009494 0.358085 0.081692
v -0.061219 0.365094 0.080639
v -0.035472 0.123747 0.088376
v -0.030873 0.113234 0.089901
v -0.030810 0.116570 0.090265
v -0.026521 0.105725 0.087845
v 0.005766 0.108080 0.089091
v -0.009664 0.102657 0.087670
v 0.030963 -0.012069 0.143248
v 0.007158 -0.015516 0.092211
v 0.014590 -0.014390 0.110980
v -0.028831 0.100016 0.086247
v -0.031526 0.116542 0.083252
v -0.004800 -0.003079 0.109236
v -0.089129 -0.027373 0.087563
v -0.085002 -0.012476 0.086588
v -0.092230 -0.332890 0.178235
v -0.095348 -0.118492 0.163198
v -0.097115 -0.336825 0.158949
v -0.068289 -0.004411 0.190360
v -0.083767 0.000899 0.185823
v -0.057118 0.029702 0.092096
v -0.052548 0.133970 0.088538
v -0.084572 0.367728 0.074899
v -0.080085 0.361893 0.076076
v -0.078995 0.367856 0.084142
v 0.206607 -0.421608 -0.216814
v 0.208724 -0.425589 -0.219922
v -0.114697 -0.427835 -0.272808
v -0.096674 -0.419660 -0.276663
v -0.114486 -0.430139 -0.281241
v -0.006488 0.119291 -0.093608
v -0.094863 0.104971 0.001094
v 0.056411 -0.364470 0.110517
v 0.069416 -0.370464 0.107174
v 0.057018 -0.356857 0.070664
v 0.058507 -0.348565 0.088456
v 0.069342 -0.381955 0.101924
v 0.065416 -0.380996 0.076382
v 0.195011 -0.409427 0.094017
v 0.195377 -0.414889 0.088229
v 0.183466 -0.418943 0.103172
v 0.196905 -0.415139 0.101809
v 0.193758 -0.424789 0.085345
v 0.183804 -0.430721 0.094940
v 0.213109 -0.418164 0.090265
v 0.210474 -0.433605 0.089407
v 0.205123 -0.421366 0.080879
v 0.206381 -0.413715 0.085282
v 0.208918 -0.414474 0.097123
v 0.189575 -0.426866 0.111066
v 0.204770 -0.427059 0.114226
v 0.201072 -0.422196 0.110541
v 0.044404 -0.365869 0.201105
v 0.045806 -0.365303 0.214631
v 0.061660 -0.369108 0.221355
v 0.066248 -0.369283 0.207587
v 0.047509 -0.367674 0.221623
v 0.040725 -0.006740 0.173857
v 0.038180 -0.012778 0.161689
v 0.023486 -0.014604 0.169482
v 0.025718 -0.009830 0.184874
v 0.039545 -0.002746 0.186856
v 0.009907 -0.016072 0.195542
v 0.024671 -0.008254 0.195112
v -0.015535 -0.017809 0.188217
v -0.014012 -0.022436 0.195599
v 0.018207 -0.012385 0.159497
v 0.004233 -0.012072 0.171625
v -0.018619 -0.013186 0.180585
v 0.035624 -0.003325 0.194088
v 0.042500 -0.011499 0.198159
v 0.045322 -0.030672 0.198907
v 0.055208 -0.029025 0.194196
v 0.043530 -0.019257 0.086936
v 0.046463 -0.021773 0.114571
v 0.053421 -0.036722 0.119415
v 0.062914 -0.028877 0.077082
v 0.063292 0.013457 0.072032
v 0.058658 0.012911 0.083023
v 0.050265 0.011689 0.084794
v 0.055477 -0.029342 0.180190
v 0.053741 -0.011056 0.177046
v 0.039599 0.346703 0.063347
v 0.047650 0.347689 0.060198
v 0.046435 0.348817 0.051022
v 0.036553 0.360024 0.049087
v 0.028229 0.361221 0.053465
v 0.027648 0.350344 0.053130
v 0.045446 0.349974 0.036290
v 0.036239 0.347676 0.036887
v 0.033700 0.358130 0.038356
v 0.028538 0.346569 0.064694
v 0.048898 0.370280 0.077175
v 0.034174 0.365053 0.078700
v 0.023898 0.380481 0.086115
v 0.028709 0.382611 0.084170
v 0.052387 0.366356 0.065153
v 0.060068 0.386920 0.047174
v 0.058483 0.384596 0.050650
v 0.059417 0.377609 0.052585
v 0.054660 0.378761 0.057481
v 0.051760 0.359840 0.053099
v 0.060527 0.358100 0.050913
v 0.055621 0.388730 0.079310
v 0.046102 0.385016 0.081691
v 0.046051 0.378448 0.082679
v 0.056761 0.364860 0.083147
v 0.059614 0.365756 0.075238
v 0.055301 0.390211 0.077538
v 0.046343 0.364113 0.084684
v 0.060954 0.336030 0.051118
v 0.060788 0.334595 0.035695
v 0.060636 0.337214 0.012138
v 0.059571 0.351410 0.017204
v 0.046103 0.350432 0.021750
v 0.055608 0.117346 0.017379
v 0.054846 0.114997 0.017828
v 0.054650 0.114669 0.017703
v 0.054356 0.114585 0.017177
v 0.054359 0.115744 0.015862
v 0.054397 0.117923 0.012418
v 0.057397 0.112099 0.022819
v 0.058537 0.114740 0.022815
v 0.058356 0.113502 0.023125
v 0.064641 0.105287 0.029152
v 0.056891 0.108449 0.033586
v 0.056839 0.112630 0.032366
v 0.057801 0.116803 0.033208
v 0.053600 0.104846 0.008802
v 0.055243 0.114076 0.009047
v 0.061489 0.114353 0.009520
v 0.062055 0.102016 -0.000602
v 0.054764 0.106159 -0.000664
v 0.059450 0.107216 0.024676
v 0.054249 0.110507 0.013329
v 0.054348 0.115082 0.016909
v 0.054356 0.114929 0.017036
v 0.045609 -0.327660 0.022948
v 0.035903 -0.330380 0.026010
v 0.035198 -0.330387 0.035774
v 0.039886 -0.307195 0.042730
v 0.050099 -0.308511 0.042206
v 0.060161 -0.319093 0.022963
v 0.069090 -0.454899 0.091013
v 0.065421 -0.462457 0.068339
v 0.055358 -0.453499 0.066499
v 0.059440 -0.437035 0.059075
v 0.061416 -0.420716 0.064166
v 0.069815 -0.418061 0.089439
v 0.062101 -0.401842 0.023135
v 0.061809 -0.374305 0.024475
v 0.062747 -0.399779 0.072309
v 0.060811 -0.338440 0.020124
v 0.056360 -0.321661 0.064845
v 0.054474 -0.285542 0.050149
v 0.056176 -0.288042 0.065988
v 0.048397 -0.283620 0.044254
v 0.076671 -0.409924 0.035411
v 0.073754 -0.408994 0.021358
v 0.061701 -0.422338 0.044702
v 0.077347 -0.424531 0.017119
v 0.084774 -0.418047 0.018536
v 0.085010 -0.412529 0.019848
v 0.063404 0.106310 0.027521
v 0.066356 0.091571 -0.011503
v 0.065358 0.100072 0.028698
v 0.066857 0.066909 0.033139
v 0.066928 0.065035 0.010934
v 0.066416 0.106233 0.029683
v 0.061307 0.118014 0.029037
v 0.063442 0.122890 0.026165
v 0.065819 0.151344 0.036638
v 0.064301 0.156832 0.055371
v 0.064565 0.114039 0.045356
v 0.065568 0.122566 -0.011754
v 0.066704 0.150596 -0.008663
v 0.054716 0.117766 0.006846
v 0.054219 0.112135 -0.004104
v 0.063690 0.117581 -0.012121
v 0.060865 0.303799 -0.035462
v 0.060727 0.332289 -0.038935
v 0.060588 0.336486 -0.021850
v 0.060273 0.346620 -0.008148
v 0.060734 0.306066 0.034117
v 0.060983 0.259201 -0.000554
v 0.061224 0.257962 -0.034321
v 0.061211 0.258748 0.032541
v 0.065461 0.094470 -0.031705
v 0.062500 0.103067 -0.026533
v 0.058800 0.102566 -0.016335
v 0.055868 0.103682 -0.012837
v 0.054321 0.116978 -0.011205
v 0.054786 0.116812 -0.006168
v 0.058659 0.357892 -0.022244
v 0.058223 0.357509 -0.000313
v 0.050162 0.349801 -0.032465
v 0.036600 0.347077 -0.034577
v 0.036443 0.347086 -0.018810
v 0.047800 0.350832 0.004463
v 0.054931 0.357969 0.006544
v 0.035131 0.346755 0.004361
v 0.063385 0.109273 -0.024229
v 0.061439 0.113477 -0.012261
v 0.059361 0.108883 -0.015768
v 0.059105 0.102417 -0.016224
v 0.062491 0.100106 -0.018742
v 0.063772 0.101060 -0.019021
v 0.056845 0.103630 -0.017800
v 0.064148 0.119025 -0.026450
v 0.063348 0.109209 -0.024396
v 0.056511 0.111479 -0.032307
v 0.055873 0.116979 -0.034275
v 0.064877 0.161064 -0.047323
v 0.066281 0.155598 -0.030434
v 0.054796 0.104528 -0.015939
v 0.057746 0.107801 -0.030564
v 0.062290 0.104808 -0.032550
v 0.059942 0.111892 -0.021970
v 0.058932 0.113006 -0.016965
v 0.054922 0.116347 -0.017413
v 0.053893 0.115159 -0.030038
v 0.055620 0.110503 -0.026856
v 0.062083 0.353373 -0.059952
v 0.061840 0.352904 -0.068539
v 0.060601 0.367294 -0.067240
v 0.052037 0.360389 -0.072804
v 0.053553 0.359246 -0.060777
v 0.052847 0.371408 -0.083292
v 0.051465 0.369091 -0.083136
v 0.049440 0.366581 -0.080981
v 0.056923 -0.116332 -0.070576
v 0.055285 -0.104029 -0.110781
v 0.055244 -0.070404 -0.112951
v 0.055884 -0.053475 -0.092254
v 0.063420 -0.063966 -0.069294
v 0.055373 -0.034010 -0.112318
v 0.049428 -0.024704 -0.110225
v 0.053567 0.012899 -0.089685
v 0.061811 0.014532 -0.082900
v 0.038640 -0.019205 -0.105741
v 0.039325 -0.010765 -0.090506
v 0.063374 0.014731 -0.069170
v 0.063081 -0.026924 -0.077552
v 0.057086 -0.096986 -0.038936
v 0.055739 -0.124444 -0.037295
v 0.027452 -0.006467 -0.090336
v 0.011738 -0.014454 -0.104839
v 0.016348 -0.003392 -0.095646
v 0.047822 0.350316 -0.060257
v 0.043880 0.349928 -0.073219
v 0.029393 0.348075 -0.067405
v 0.020230 0.351945 -0.054968
v 0.020312 0.364363 -0.056148
v 0.032533 0.362273 -0.058147
v 0.034215 0.359640 -0.048963
v 0.036649 0.347814 -0.047726
v 0.017691 0.347058 -0.061114
v 0.040855 0.362714 -0.084058
v 0.042373 0.000303 -0.187960
v 0.042670 0.013698 -0.090305
v 0.059645 0.353179 -0.078780
v 0.053480 0.353318 -0.085661
v 0.052737 0.367279 -0.083936
v 0.061185 0.331954 -0.050915
v 0.061437 0.332153 -0.060682
v 0.054200 0.111283 -0.033560
v 0.059553 0.107384 -0.036832
v 0.063701 -0.027632 -0.061188
v 0.055239 -0.051014 -0.112410
v 0.196542 -0.398406 -0.243055
v 0.209333 -0.413495 -0.248408
v 0.198763 -0.415717 -0.247292
v 0.182046 -0.405554 -0.238581
v 0.183688 -0.400742 -0.226271
v 0.188527 -0.419880 -0.238107
v 0.198043 -0.419949 -0.233064
v 0.199503 -0.420531 -0.239055
v 0.209650 -0.421357 -0.236373
v 0.204691 -0.419593 -0.224566
v 0.217312 -0.415028 -0.203702
v 0.222221 -0.417552 -0.211841
v 0.224609 -0.400579 -0.209058
v 0.211184 -0.391810 -0.210325
v 0.209275 -0.397632 -0.200409
v 0.210654 -0.413941 -0.198126
v 0.193807 -0.430685 -0.220884
v 0.190283 -0.417802 -0.222135
v 0.207227 -0.431191 -0.219680
v 0.200741 -0.429002 -0.214844
v 0.222084 -0.410783 -0.231147
v 0.226695 -0.403569 -0.221265
v 0.222404 -0.420032 -0.220465
v 0.206138 -0.432299 -0.224840
v 0.206566 -0.418249 -0.223450
v 0.205799 -0.424566 -0.232842
v 0.199632 -0.420343 -0.239724
v 0.191227 -0.419856 -0.233551
v 0.199613 -0.420521 -0.238909
v 0.201256 -0.424459 -0.234597
v 0.072097 -0.417966 -0.279473
v 0.062956 -0.430295 -0.267402
v 0.053333 -0.428984 -0.284203
v 0.039291 -0.426871 -0.292875
v 0.042604 -0.421698 -0.293979
v 0.042037 -0.417719 -0.285617
v 0.055147 -0.414407 -0.283195
v 0.065783 -0.411442 -0.280732
v 0.068859 -0.404353 -0.259235
v 0.065992 -0.413638 -0.252289
v 0.071522 -0.419610 -0.258497
v 0.072597 -0.422828 -0.265084
v 0.076209 -0.414069 -0.269506
v 0.068213 -0.405909 -0.273403
v 0.055433 -0.405888 -0.275768
v 0.031636 -0.411444 -0.290644
v 0.029124 -0.408723 -0.280962
v 0.023225 -0.410145 -0.270850
v 0.032718 -0.414601 -0.266714
v 0.197186 -0.419014 -0.211388
v 0.188284 -0.412277 -0.199621
v 0.189179 -0.399442 -0.214517
v 0.052437 -0.370192 -0.226075
v 0.034287 -0.370786 -0.226110
v 0.034378 -0.364288 -0.221387
v 0.033445 -0.365575 -0.208798
v 0.049004 -0.365182 -0.208684
v 0.216876 -0.393431 -0.220675
v 0.213551 -0.394416 -0.229564
v 0.198847 -0.389553 -0.217434
v 0.188640 -0.420588 -0.215717
v 0.184623 -0.419110 -0.216447
v 0.192055 -0.420123 -0.214658
v 0.187114 -0.421236 -0.225471
v 0.054726 -0.358567 -0.202874
v 0.055518 -0.358604 -0.193914
v 0.058178 -0.364834 -0.195950
v 0.062508 -0.376254 -0.190252
v 0.061764 -0.379854 -0.210741
v 0.045961 -0.359562 -0.203314
v 0.055908 -0.361291 -0.184278
v 0.059710 -0.365469 -0.164155
v 0.069909 -0.377195 -0.166624
v 0.023056 -0.324042 -0.042638
v 0.023526 -0.328890 -0.038103
v 0.038360 -0.329945 -0.033141
v 0.022313 -0.317276 -0.043750
v 0.023411 -0.330409 -0.026863
v 0.050687 -0.314754 -0.037609
v 0.047262 -0.306981 -0.047100
v 0.038144 -0.306375 -0.046268
v 0.058269 -0.316256 -0.039467
v 0.055845 -0.320169 -0.059368
v 0.055584 -0.297829 -0.061185
v 0.048143 -0.294104 -0.048162
v 0.048667 -0.315799 -0.002255
v 0.049723 -0.316310 -0.019054
v 0.060404 -0.351073 -0.007347
v 0.058469 -0.356312 -0.036893
v 0.059658 -0.331324 -0.036830
v 0.073362 -0.426634 -0.044201
v 0.075507 -0.413305 -0.039222
v 0.077660 -0.426153 -0.027593
v 0.076840 -0.441153 -0.028689
v 0.079919 -0.441393 -0.047445
v 0.082534 -0.418949 -0.024664
v 0.072669 -0.443457 -0.051319
v 0.062399 -0.429362 -0.049333
v 0.062064 -0.402633 -0.005388
v 0.073103 -0.408164 -0.006369
v 0.061523 -0.406991 -0.069462
v 0.085373 -0.411359 -0.005592
v 0.083975 -0.417956 -0.006077
v 0.226414 -0.468346 -0.211042
v 0.229788 -0.469514 -0.247430
v 0.206209 -0.465023 -0.250763
v 0.191066 -0.464270 -0.153476
v 0.189878 -0.463549 -0.148113
v 0.190252 -0.463542 -0.147630
v 0.177631 -0.464731 -0.254025
v 0.172401 -0.464791 -0.228564
v 0.187361 -0.419640 -0.227254
v 0.078834 -0.455393 -0.055878
v 0.075722 -0.452980 -0.029185
v 0.074948 -0.463779 -0.024650
v 0.083957 -0.470485 -0.029542
v 0.083213 -0.469829 -0.067537
v 0.069544 -0.458405 -0.058365
v 0.077823 -0.467743 -0.098155
v 0.073305 -0.456898 -0.098868
v 0.064627 -0.446957 -0.076550
v 0.053381 -0.456256 -0.067431
v 0.070259 -0.440749 -0.099268
v 0.060746 -0.445032 -0.049179
v 0.069676 -0.426520 -0.097960
v 0.069566 -0.403582 -0.095785
v 0.072021 -0.433775 -0.258180
v 0.075382 -0.432130 -0.254585
v 0.065496 -0.425587 -0.250163
v 0.058158 -0.422759 -0.245325
v 0.057524 -0.433980 -0.252378
v 0.055206 -0.441039 -0.264024
v 0.057850 -0.438291 -0.266069
v 0.073273 -0.465364 -0.261582
v 0.092495 -0.471218 -0.259982
v 0.051100 -0.467885 -0.297341
v 0.049128 -0.464622 -0.282002
v 0.053211 -0.456105 -0.264443
v 0.052252 -0.458537 -0.263773
v 0.054007 -0.453494 -0.264070
v 0.027806 -0.464288 -0.261684
v 0.028128 -0.464364 -0.247734
v 0.049333 -0.431837 -0.252954
v 0.041666 -0.431174 -0.254244
v 0.050843 -0.438119 -0.263942
v 0.053338 -0.439274 -0.268407
v 0.055332 -0.443961 -0.266737
v 0.033317 -0.462036 -0.277269
v 0.283104 -0.484000 -0.391049
v 0.286812 -0.483543 -0.381891
v 0.283797 -0.489837 -0.381660
v 0.273431 -0.489569 -0.381131
v 0.273432 -0.489258 -0.390217
v 0.273376 -0.484570 -0.393305
v 0.283306 -0.475724 -0.381552
v 0.273296 -0.476122 -0.390865
v 0.273187 -0.471716 -0.381619
v 0.084293 -0.471461 -0.332355
v 0.050958 -0.470916 -0.328572
v 0.273237 -0.489866 -0.105198
v 0.284071 -0.488311 -0.106618
v 0.285525 -0.483409 -0.025301
v 0.282402 -0.488668 0.004600
v 0.272681 -0.489924 0.003235
v 0.260638 -0.490062 0.000412
v 0.261462 -0.490039 -0.047560
v 0.285757 -0.482416 0.006217
v 0.283221 -0.476831 -0.056704
v 0.282921 -0.475015 -0.025149
v 0.231467 -0.471524 0.062033
v 0.245457 -0.471381 0.059230
v 0.252333 -0.471195 0.011892
v 0.255848 -0.471077 -0.023437
v 0.246373 -0.471359 -0.023275
v 0.232199 -0.471452 -0.024478
v 0.206061 -0.471418 0.005108
v 0.204109 -0.466041 0.019314
v 0.201850 -0.465334 0.043466
v 0.209137 -0.471375 -0.026645
v 0.263645 -0.485573 0.391570
v 0.263844 -0.488855 0.386468
v 0.274100 -0.477944 0.393587
v 0.263710 -0.477391 0.393679
v 0.286581 -0.483068 0.376386
v 0.282533 -0.475053 0.376126
v 0.271644 -0.471519 0.390375
v 0.274326 -0.471348 0.375664
v 0.273851 -0.471757 0.385183
v 0.194855 -0.458077 0.188330
v 0.158703 -0.464785 0.199192
v 0.156273 -0.464358 0.221627
v 0.224478 -0.469274 0.223068
v 0.225281 -0.469452 0.178740
v 0.211695 -0.464839 0.173022
v 0.201492 -0.464843 0.076215
v 0.191669 -0.445873 0.101763
v 0.190631 -0.464744 0.129587
v 0.202740 -0.464810 0.131191
v 0.216031 -0.464834 0.132064
v 0.216407 -0.464831 0.099445
v 0.218680 -0.464934 0.066225
v 0.167767 -0.465107 0.127792
v 0.188723 -0.439010 0.096212
v 0.195745 -0.435707 0.088458
v 0.211694 -0.422211 0.105888
v 0.211546 -0.426656 0.111455
v 0.207991 -0.436938 0.104329
v 0.078901 -0.454454 0.028788
v 0.080753 -0.439975 0.033184
v 0.074058 -0.465673 0.069104
v 0.076208 -0.466725 0.042978
v 0.068203 -0.450924 0.015206
v 0.083436 -0.471469 0.041930
v 0.084182 -0.471145 0.011561
v 0.065969 -0.450187 -0.009131
v 0.071633 -0.436944 -0.007644
v 0.077532 -0.426244 -0.006534
v 0.057269 -0.470766 0.274271
v 0.014221 -0.470746 0.271687
v 0.013662 -0.466985 0.297382
v 0.012516 -0.465760 0.323091
v 0.055065 -0.464781 0.325488
v 0.103011 -0.467599 0.328877
v 0.102538 -0.467947 0.306798
v 0.103989 -0.471157 0.280999
v 0.084601 -0.470733 0.218703
v 0.070615 -0.466046 0.216073
v 0.053578 -0.467559 0.229594
v 0.058399 -0.470729 0.247200
v 0.103534 -0.471541 0.247074
v 0.113646 -0.470509 0.222115
v 0.067079 -0.448232 0.181617
v 0.066796 -0.433748 0.182471
v 0.065974 -0.433107 0.194946
v 0.065921 -0.432666 0.205198
v 0.066076 -0.446562 0.198658
v 0.067622 -0.456467 0.186396
v 0.065940 -0.459056 0.216228
v 0.081160 -0.469968 0.197033
v 0.065960 -0.447190 0.210504
v 0.060400 -0.447593 0.221936
v 0.175332 -0.465972 0.059086
v -0.108478 -0.446419 0.004193
v -0.109522 -0.456871 0.000478
v -0.130722 -0.464564 0.073561
v -0.118037 -0.464518 0.079359
v -0.117985 -0.435414 0.004807
v -0.114183 -0.453077 -0.029279
v -0.111398 -0.450129 -0.046353
v -0.119455 -0.425698 0.019439
v -0.128272 -0.414283 -0.001548
v -0.122748 -0.416278 -0.035978
v -0.108013 -0.415416 -0.070092
v -0.107726 -0.431161 -0.066104
v -0.143456 -0.464896 0.017708
v -0.148295 -0.464628 0.070591
v -0.142415 -0.464767 -0.032831
v -0.108616 -0.449776 0.066862
v -0.115832 -0.453339 0.093289
v -0.121494 -0.420335 0.025395
v -0.111442 -0.437289 0.071283
v -0.115294 -0.422138 0.076992
v -0.107842 -0.416994 0.053554
v -0.114522 -0.410227 0.029631
v -0.142564 -0.469696 0.249268
v -0.159959 -0.470529 0.252444
v -0.132749 -0.465233 0.278332
v -0.126494 -0.469007 0.244597
v -0.112225 -0.471414 0.271867
v -0.105262 -0.468259 0.240060
v -0.198075 -0.471056 0.289944
v -0.197512 -0.465090 0.303880
v -0.132168 -0.467018 0.297075
v -0.094524 -0.462500 0.221527
v -0.104829 -0.465405 0.203232
v -0.112581 -0.465503 0.209312
v -0.075826 -0.468264 0.241762
v -0.073809 -0.464159 0.229451
v -0.106233 -0.372638 0.209779
v -0.091721 -0.370677 0.220260
v -0.088229 -0.364506 0.215602
v -0.108033 -0.384946 0.185054
v -0.106621 -0.384596 0.209809
v -0.091938 -0.355691 0.182724
v -0.091892 -0.358461 0.169936
v -0.115613 -0.373839 0.161686
v -0.115516 -0.385278 0.159633
v -0.110920 -0.365057 0.127359
v -0.115685 -0.374646 0.125278
v -0.100870 -0.364867 0.129090
v -0.081501 -0.362243 0.198381
v -0.079275 -0.351066 0.198380
v -0.089654 -0.351190 0.197802
v -0.091480 -0.352899 0.190823
v 0.058316 -0.365681 0.192289
v 0.055670 -0.354731 0.191856
v 0.052305 -0.353602 0.198208
v 0.066988 -0.367757 0.193973
v 0.042424 -0.353140 0.198297
v -0.231679 -0.471587 0.171825
v -0.233134 -0.471602 0.219045
v -0.199432 -0.471327 0.218414
v -0.172641 -0.464809 0.215655
v -0.179206 -0.464819 0.174946
v -0.242884 -0.470256 0.326677
v -0.229094 -0.467113 0.325454
v -0.196694 -0.465717 0.324595
v -0.252795 -0.471143 0.299067
v -0.255682 -0.470611 0.329225
v -0.235206 -0.471494 0.264881
v -0.250453 -0.471245 0.265321
v -0.270907 -0.472126 0.386556
v -0.270052 -0.471400 0.377045
v -0.279233 -0.472250 0.378157
v -0.281026 -0.479851 0.389312
v -0.271510 -0.480702 0.392852
v -0.285995 -0.481009 0.379183
v -0.284148 -0.490109 0.380268
v -0.273599 -0.490084 0.380581
v -0.272769 -0.490084 0.390940
v -0.287027 -0.476552 -0.134337
v -0.286986 -0.475502 -0.179921
v -0.285866 -0.486691 -0.181788
v -0.275188 -0.489560 -0.181884
v -0.274415 -0.489795 -0.137385
v -0.274779 -0.490050 -0.088266
v -0.286856 -0.486638 -0.086388
v -0.286209 -0.475922 -0.086471
v -0.111578 -0.464490 -0.055204
v -0.133053 -0.464628 -0.087574
v -0.149093 -0.464711 -0.084417
v -0.120772 -0.464533 -0.090738
v -0.101639 -0.445492 -0.066605
v -0.114008 -0.461343 -0.095502
v -0.114840 -0.448368 -0.098083
v 0.047074 -0.464401 -0.233609
v 0.029433 -0.464384 -0.233332
v 0.049370 -0.455172 -0.227030
v 0.063170 -0.454674 -0.223291
v 0.063446 -0.454809 -0.204811
v 0.067628 -0.463795 -0.205735
v 0.082017 -0.469633 -0.205703
v 0.079739 -0.467738 -0.230505
v -0.108139 -0.458878 -0.227509
v -0.092244 -0.461845 -0.229979
v -0.093957 -0.464543 -0.244283
v -0.130365 -0.464358 -0.254390
v -0.134379 -0.464524 -0.234875
v -0.117016 -0.464386 -0.222001
v -0.111681 -0.459078 -0.218258
v -0.024155 -0.481641 -0.382227
v -0.053403 -0.479588 -0.385634
v -0.048806 -0.480235 -0.390454
v -0.030561 -0.481989 -0.372741
v -0.083933 -0.482443 -0.371859
v -0.150527 -0.471385 -0.324335
v -0.179245 -0.471266 -0.327348
v -0.179693 -0.468417 -0.297559
v -0.155064 -0.464718 -0.282699
v -0.093514 -0.465791 -0.288923
v -0.120453 -0.466985 -0.297308
v -0.124857 -0.464840 -0.284492
v -0.126944 -0.464345 -0.273309
v -0.039552 -0.470875 -0.372479
v -0.020658 -0.470866 -0.374001
v -0.054015 -0.479674 -0.386730
v -0.054002 -0.475611 -0.381784
v -0.053795 -0.470377 -0.372032
v -0.259406 -0.472010 -0.388828
v -0.260280 -0.476956 -0.393943
v -0.273357 -0.471369 -0.376374
v -0.266264 -0.470862 -0.376653
v -0.257936 -0.470378 -0.376070
v -0.284813 -0.479961 -0.384931
v -0.285448 -0.484895 -0.389948
v -0.284982 -0.478687 -0.376750
v -0.270649 -0.485552 -0.393367
v -0.279088 -0.484656 -0.392552
v -0.280534 -0.476586 -0.386895
v -0.280203 -0.472949 -0.375923
v -0.276739 -0.489504 -0.389928
v -0.275207 -0.489435 -0.378270
v -0.281042 -0.488630 -0.379115
v -0.285865 -0.484969 -0.364923
v -0.286438 -0.477179 -0.364694
v -0.281058 -0.488952 -0.365137
v -0.185699 -0.469047 -0.293045
v -0.203660 -0.470735 -0.324652
v -0.216339 -0.471020 -0.314178
v -0.199115 -0.471264 -0.271187
v -0.164758 -0.464440 -0.254508
v -0.155282 -0.464319 -0.269102
v -0.097663 -0.427934 -0.273558
v -0.086848 -0.422312 -0.277204
v -0.103170 -0.428772 -0.277766
v -0.112246 -0.430754 -0.275826
v -0.094912 -0.417965 -0.290069
v -0.099388 -0.430752 -0.277147
v -0.092096 -0.422693 -0.282980
v -0.094468 -0.425997 -0.277173
v -0.109108 -0.429184 -0.278693
v -0.112254 -0.429748 -0.282345
v -0.113324 -0.430241 -0.280295
v -0.113077 -0.434678 -0.279550
v -0.112804 -0.427900 -0.271607
v -0.101426 -0.431488 -0.272353
v -0.100380 -0.425381 -0.269355
v -0.100032 -0.419357 -0.266287
v -0.101396 -0.419841 -0.258373
v -0.108305 -0.422733 -0.260368
v -0.112482 -0.430823 -0.275685
v -0.112854 -0.421069 -0.260488
v -0.107007 -0.420252 -0.263724
v -0.134956 -0.413899 -0.272230
v -0.135025 -0.417633 -0.281136
v -0.114614 -0.388562 -0.274860
v -0.117172 -0.392282 -0.264470
v -0.108886 -0.390511 -0.261887
v -0.099516 -0.392127 -0.263152
v -0.103409 -0.387556 -0.272433
v -0.108163 -0.386512 -0.279956
v -0.119669 -0.418805 -0.281625
v -0.116423 -0.419314 -0.290335
v -0.110974 -0.419182 -0.288192
v -0.106479 -0.418481 -0.275834
v -0.134999 -0.408839 -0.288099
v -0.130687 -0.415750 -0.291585
v -0.122957 -0.419049 -0.290723
v -0.116126 -0.422111 -0.284224
v -0.118845 -0.419294 -0.281806
v -0.123487 -0.416883 -0.292336
v -0.116086 -0.419301 -0.297635
v -0.106983 -0.418954 -0.291175
v -0.108666 -0.411899 -0.306711
v -0.111270 -0.406032 -0.308151
v -0.098522 -0.405669 -0.307945
v -0.101890 -0.415459 -0.304511
v -0.095120 -0.404337 -0.302375
v -0.091247 -0.410128 -0.304368
v -0.102292 -0.399908 -0.303440
v -0.078737 -0.403890 -0.262926
v -0.080379 -0.410943 -0.258897
v -0.079854 -0.413669 -0.264565
v -0.077981 -0.406433 -0.271635
v -0.083074 -0.399902 -0.269257
v -0.079453 -0.415546 -0.271886
v -0.098611 -0.432267 -0.278448
v -0.095853 -0.425156 -0.277659
v 0.008918 -0.421683 -0.299834
v 0.017969 -0.429162 -0.297074
v 0.011822 -0.431344 -0.293674
v 0.003460 -0.419157 -0.294938
v 0.019828 -0.420826 -0.302537
v 0.011287 -0.414915 -0.299273
v 0.019663 -0.409046 -0.295823
v 0.031707 -0.417194 -0.298318
v 0.030068 -0.424317 -0.299200
v 0.014636 -0.440621 -0.282482
v 0.015245 -0.438662 -0.284816
v 0.005250 -0.432044 -0.281682
v 0.005523 -0.433459 -0.275414
v 0.009314 -0.443650 -0.271336
v 0.014835 -0.441836 -0.277876
v -0.086378 -0.417374 -0.289409
v -0.086079 -0.418923 -0.284130
v -0.087677 -0.414733 -0.297377
v 0.002965 -0.410616 -0.281684
v 0.007283 -0.410782 -0.292077
v 0.000447 -0.416064 -0.271798
v 0.004389 -0.424746 -0.262151
v 0.007057 -0.412027 -0.265521
v -0.093532 -0.408181 -0.251664
v -0.091583 -0.415264 -0.256963
v -0.086187 -0.401184 -0.259312
v -0.096546 -0.399590 -0.255563
v -0.109727 -0.368221 -0.216312
v -0.096552 -0.366102 -0.217204
v -0.094667 -0.369804 -0.225638
v -0.093351 -0.380353 -0.226467
v -0.107175 -0.378854 -0.226355
v -0.110479 -0.377510 -0.216907
v -0.111414 -0.368839 -0.146990
v -0.111983 -0.370329 -0.153333
v -0.112164 -0.377292 -0.155463
v -0.114956 -0.390563 -0.112290
v -0.111522 -0.373047 -0.114199
v -0.114159 -0.384455 -0.173999
v -0.115531 -0.414472 -0.107320
v -0.109781 -0.372491 -0.087818
v -0.108538 -0.382371 -0.064650
v -0.109602 -0.370164 -0.064633
v -0.100046 -0.418891 -0.266225
v -0.112246 -0.422638 -0.260765
v -0.114589 -0.411731 -0.248979
v -0.120729 -0.414012 -0.251888
v -0.124963 -0.403623 -0.256270
v -0.130339 -0.399299 -0.273823
v -0.133914 -0.403278 -0.281383
v -0.124353 -0.394994 -0.268224
v -0.096069 -0.076838 -0.071096
v -0.091418 -0.082213 -0.069712
v -0.091664 -0.084419 -0.040466
v -0.102126 -0.069620 -0.039691
v -0.102571 -0.047599 -0.044112
v -0.099278 -0.045090 -0.061207
v -0.098540 -0.068030 -0.071926
v -0.093680 -0.067198 -0.090070
v -0.100313 -0.318086 -0.087752
v -0.093696 -0.339782 -0.086360
v -0.091462 -0.344218 -0.063121
v -0.091463 -0.330668 -0.060213
v -0.065527 -0.329676 -0.018862
v -0.050108 -0.330080 -0.019201
v -0.050170 -0.329882 -0.036125
v -0.051000 -0.323931 -0.046406
v -0.070160 -0.325062 -0.046078
v -0.076898 -0.326647 -0.022135
v -0.071487 -0.314535 -0.047459
v -0.072131 -0.305672 -0.047745
v -0.085111 -0.306979 -0.046855
v -0.092301 -0.312312 -0.039603
v -0.091078 -0.316450 -0.011939
v 0.055168 -0.132376 0.026218
v 0.055568 -0.111285 0.030452
v 0.055440 -0.115434 0.050557
v 0.055445 -0.149502 0.053426
v 0.051155 -0.153390 0.043522
v 0.050444 -0.140635 0.025465
v 0.048884 -0.142210 -0.044521
v 0.051219 -0.152237 -0.047619
v 0.056534 -0.145908 -0.070526
v 0.051497 -0.140833 -0.028917
v -0.083733 -0.145863 -0.046540
v -0.086336 -0.140340 -0.033190
v -0.091026 -0.129025 -0.036733
v -0.091187 -0.129297 -0.061483
v -0.091114 -0.166796 -0.064407
v -0.089281 -0.170055 -0.052488
v -0.030575 0.111793 -0.090586
v -0.031442 0.112621 -0.085990
v -0.034791 0.109161 -0.083465
v -0.040767 0.114575 -0.088949
v -0.091027 -0.094480 -0.088869
v -0.091097 -0.101058 -0.065723
v -0.090712 -0.060616 -0.119534
v -0.090891 -0.088834 -0.119096
v -0.083501 -0.298658 -0.048333
v -0.094339 -0.327541 -0.035903
v -0.084528 -0.265287 -0.047849
v -0.091206 -0.265840 -0.056045
v -0.003135 0.054174 -0.095518
v -0.008981 0.027292 -0.095450
v -0.025029 0.049270 -0.095434
v -0.018968 0.090323 -0.094696
v -0.034889 0.035024 -0.095245
v -0.046594 0.022075 -0.100469
v -0.059842 0.035730 -0.093755
v -0.058734 0.073373 -0.092971
v -0.045033 0.104415 -0.084535
v -0.043394 0.108839 -0.085409
v -0.067926 0.106840 -0.092204
v 0.001231 0.112696 -0.092554
v -0.004543 0.119304 -0.093472
v 0.024697 -0.008951 -0.184007
v 0.035314 -0.006596 -0.177641
v 0.039567 -0.006018 -0.202062
v 0.022384 -0.008960 -0.193824
v -0.000265 -0.015811 -0.182137
v -0.032044 -0.017330 -0.175865
v -0.028112 -0.016903 -0.158941
v 0.005699 -0.013121 -0.142314
v 0.024818 -0.014973 -0.146617
v 0.026673 -0.015515 -0.163546
v -0.023263 -0.009861 -0.138294
v -0.026648 -0.332083 -0.214750
v -0.028824 -0.345646 -0.206748
v -0.064969 -0.346826 -0.203520
v -0.086516 -0.347342 -0.201399
v -0.083235 -0.331661 -0.202755
v -0.067070 -0.300693 -0.204192
v -0.060422 -0.295021 -0.213687
v -0.080611 -0.297596 -0.202765
v -0.097702 -0.365956 -0.205971
v -0.099071 -0.365538 -0.194721
v -0.091208 -0.364048 -0.195409
v -0.090130 -0.356375 -0.198035
v -0.069808 -0.357113 -0.203288
v -0.073509 -0.365969 -0.218415
v -0.051675 -0.305742 -0.213988
v -0.090578 -0.264369 -0.193517
v -0.082376 -0.263963 -0.202689
v -0.091316 -0.329649 -0.190586
v -0.096068 -0.304153 -0.169669
v -0.096296 -0.265939 -0.172577
v -0.058049 0.009876 -0.116283
v -0.067161 -0.004672 -0.132046
v -0.080203 -0.013414 -0.124401
v -0.087948 -0.033832 -0.119808
v -0.085457 -0.035749 -0.100026
v -0.087080 -0.037397 -0.090213
v -0.079975 -0.001527 -0.090990
v -0.076894 0.034849 -0.091304
v -0.089285 -0.021983 -0.202767
v -0.091226 -0.023475 -0.188058
v -0.089535 -0.006340 -0.184772
v -0.075133 -0.006670 -0.185195
v -0.075290 -0.007611 -0.200944
v -0.076809 -0.024084 -0.202468
v -0.013393 0.116742 -0.089959
v -0.029909 0.122579 -0.093956
v -0.034309 0.126694 -0.092436
v -0.036167 0.132660 -0.093692
v -0.024467 0.132419 -0.095087
v -0.012364 0.119671 -0.094118
v -0.034533 0.126751 -0.092242
v -0.039136 0.122796 -0.091045
v -0.042908 0.114136 -0.087220
v -0.049949 0.146578 -0.092053
v -0.088494 0.359490 -0.068334
v -0.084642 0.347502 -0.059962
v -0.082302 0.347290 -0.068027
v -0.091909 0.361521 -0.049983
v -0.092122 0.357604 -0.047425
v -0.094671 0.352535 -0.050461
v -0.089818 0.363992 -0.056530
v -0.092978 0.346831 -0.050686
v -0.068507 0.346368 -0.077204
v -0.068220 0.354050 -0.083099
v -0.068314 0.357481 -0.084941
v -0.090492 0.364930 -0.076490
v -0.079730 0.376401 -0.090257
v -0.090060 0.366961 -0.083068
v -0.092349 0.369316 -0.083254
v -0.068275 0.358567 -0.088679
v -0.069242 0.319941 -0.090245
v -0.080983 0.313165 -0.090386
v -0.088350 0.351009 -0.088363
v -0.082746 0.376256 -0.084661
v -0.069431 0.347323 -0.068961
v -0.044178 0.359566 -0.087384
v -0.040610 0.354038 -0.084675
v -0.022020 0.313064 -0.090013
v -0.042254 0.325062 -0.089809
v -0.043876 0.363131 -0.089032
v -0.042597 0.363471 -0.088960
v -0.060373 0.316523 -0.090246
v -0.057002 0.365101 -0.088949
v 0.022566 0.348125 -0.076868
v 0.035138 0.394468 -0.045287
v 0.035290 0.385083 -0.048507
v 0.032754 0.388295 -0.058352
v 0.021039 0.390240 -0.057699
v 0.021435 0.400421 -0.054136
v 0.022715 0.398277 -0.041662
v -0.010236 0.114092 -0.089561
v -0.010166 0.114191 -0.089683
v -0.009605 0.113860 -0.089507
v -0.004342 0.347031 -0.078047
v -0.020256 0.346636 -0.082995
v -0.019142 0.346524 -0.075352
v 0.005044 0.333597 -0.088898
v 0.001140 0.346637 -0.069250
v 0.012085 0.347218 -0.073213
v 0.015105 0.348430 -0.086820
v -0.066976 0.382666 -0.058623
v -0.071673 0.382406 -0.052310
v -0.070524 0.396589 -0.050666
v -0.055967 0.395574 -0.058201
v -0.055141 0.383019 -0.058538
v -0.057997 0.403517 -0.049248
v -0.056872 0.352182 -0.057234
v -0.056870 0.347029 -0.061105
v -0.070401 0.349095 -0.061459
v -0.066855 0.362516 -0.057593
v -0.055792 0.360926 -0.057488
v -0.070929 0.361579 -0.046740
v -0.071093 0.371468 -0.051499
v -0.065512 0.371455 -0.058203
v -0.070192 0.371067 -0.042883
v -0.074499 0.349364 -0.038181
v -0.070086 0.358065 -0.035548
v 0.005085 0.400280 -0.050745
v -0.020176 0.400544 -0.046337
v -0.020260 0.403718 -0.037324
v -0.021137 0.413680 -0.036178
v -0.001239 0.416807 -0.034136
v 0.012191 0.418851 -0.026773
v 0.014507 0.404233 -0.029550
v 0.022754 0.396473 -0.031486
v -0.012118 0.433404 -0.018433
v -0.022814 0.430547 -0.023090
v -0.023981 0.434055 -0.011156
v -0.014376 0.449226 0.004731
v -0.013224 0.446368 -0.007902
v -0.007322 0.435084 -0.012255
v -0.035976 0.429141 -0.015765
v -0.035245 0.431098 0.000347
v -0.033784 0.429650 0.013587
v -0.015679 0.430760 0.016772
v -0.015633 0.458061 0.001544
v -0.012912 0.458074 0.000245
v 0.011175 0.416334 0.021566
v 0.004340 0.416301 0.030984
v 0.003600 0.407125 0.031549
v 0.015592 0.404980 0.004617
v 0.012930 0.416743 0.004453
v 0.023617 0.397722 0.025221
v 0.023254 0.397346 0.005263
v 0.003746 0.399969 0.037908
v 0.014525 0.400159 0.038408
v 0.024976 0.400839 0.037844
v -0.090999 0.116439 0.009655
v -0.095889 0.116461 0.007061
v -0.095145 0.114480 0.003297
v -0.090384 0.107912 -0.006624
v -0.092310 0.103069 -0.002858
v -0.095343 0.104679 0.003952
v -0.086636 0.346315 -0.022290
v -0.073286 0.346305 -0.021852
v -0.103130 0.142218 0.008916
v -0.102919 0.195767 0.002770
v -0.102669 0.192075 -0.027896
v -0.051466 0.403534 -0.026009
v -0.049566 0.412611 -0.022445
v -0.035812 0.422051 -0.033463
v -0.021076 0.424772 -0.031616
v -0.046626 0.423519 -0.018909
v -0.047200 0.421901 -0.028219
v -0.058921 0.400136 -0.039906
v -0.058410 0.396562 -0.029004
v -0.044238 0.399257 -0.045738
v -0.036315 0.426844 -0.026201
v -0.089199 0.118690 -0.023658
v -0.089416 0.111642 -0.017083
v -0.089412 0.111423 -0.017195
v -0.093968 0.366278 0.047716
v -0.094963 0.368273 0.061449
v -0.094483 0.370174 0.071949
v -0.094938 0.378472 0.068143
v -0.088614 0.398077 0.065443
v -0.091344 0.390578 0.052132
v -0.095821 0.106763 0.029162
v -0.094148 0.115682 0.029157
v -0.101954 0.085942 0.033590
v -0.101569 0.086382 0.044596
v -0.098604 0.169008 0.070446
v -0.099182 0.126383 0.067965
v -0.097719 0.131232 0.081007
v -0.094180 0.190808 0.082730
v -0.098498 0.210987 0.075366
v -0.098935 0.201352 0.066100
v -0.101508 -0.059496 0.029562
v -0.102513 -0.063918 -0.006595
v -0.095872 -0.083601 -0.004373
v -0.096270 -0.079400 0.030637
v -0.099766 -0.052164 0.048418
v -0.095366 -0.330768 0.033449
v -0.096313 -0.343365 -0.000676
v -0.095220 -0.348035 0.032179
v -0.087509 -0.314868 0.012779
v -0.096641 -0.073615 0.059735
v -0.098933 -0.060839 0.063074
v -0.095000 0.346331 -0.024732
v -0.092973 0.358180 -0.008292
v -0.092490 0.360024 0.001494
v -0.093804 0.358530 0.003821
v -0.093405 0.358809 0.003639
v -0.077694 0.347531 0.040647
v -0.086993 0.352373 0.051817
v -0.066225 0.352619 0.052891
v -0.070555 0.354580 0.044490
v -0.084262 0.349693 0.064273
v -0.069003 0.347129 0.064080
v -0.051511 0.347581 0.066378
v -0.051771 0.346395 0.054020
v -0.051139 0.352148 0.049878
v -0.084870 -0.141709 0.038278
v -0.088039 -0.157430 0.043608
v -0.092870 -0.155058 0.054862
v -0.093258 -0.124477 0.052255
v -0.091453 -0.126877 0.027761
v -0.086904 -0.140750 0.022808
v -0.079071 -0.303537 0.042864
v -0.078155 -0.313413 0.039498
v -0.078588 -0.315358 0.029975
v -0.082077 -0.318559 0.007073
v -0.073054 -0.317310 0.036543
v -0.073334 -0.309854 0.042799
v -0.060900 -0.318833 0.040760
v -0.061666 -0.325229 0.034818
v -0.059753 -0.310350 0.042813
v -0.092401 -0.338356 0.061378
v -0.093409 -0.316779 0.063955
v -0.095874 -0.283388 0.070751
v -0.092238 -0.281528 0.054326
v -0.090613 -0.280517 0.043489
v 0.003661 0.425767 0.019077
v -0.014039 0.425914 0.026493
v -0.013036 0.418871 0.031345
v 0.002635 0.428468 0.005527
v 0.004771 0.427721 -0.007625
v -0.007526 0.437386 -0.003408
v -0.009592 0.447046 -0.000963
v -0.048216 0.397665 0.042766
v -0.033569 0.396963 0.043112
v -0.032913 0.404572 0.035406
v -0.033251 0.413143 0.032349
v -0.049388 0.413034 0.031540
v -0.052355 0.403899 0.022566
v -0.058692 0.396534 0.024108
v -0.051152 0.413350 0.021712
v -0.058845 0.399561 0.047717
v -0.033405 0.420921 0.031191
v -0.033451 0.426282 0.024095
v -0.048329 0.423831 0.022261
v -0.091000 0.352407 0.030478
v -0.096137 0.342980 0.031043
v -0.096314 0.342749 0.045668
v -0.082593 0.346829 0.028525
v -0.088453 0.363398 0.053280
v -0.090030 0.374180 0.056421
v -0.095852 0.357898 0.060061
v -0.096579 0.344079 0.060976
v -0.087066 0.361339 0.064868
v -0.067403 0.350311 0.074691
v -0.068800 0.361658 0.078507
v -0.071054 0.397716 0.037531
v -0.072269 0.386176 0.038128
v -0.071880 0.388169 0.051412
v -0.061428 0.388273 0.051549
v -0.068516 0.392713 0.023884
v 0.034259 0.396465 0.038610
v 0.025641 0.401711 0.051073
v 0.036720 0.388360 0.050958
v 0.034502 0.385455 0.040062
v 0.028312 0.388175 0.053717
v -0.066700 0.347959 0.084987
v -0.067188 0.327643 0.085469
v -0.049818 0.329597 0.085454
v -0.032761 0.351278 0.083770
v -0.033927 0.348435 0.070310
v -0.026694 0.334085 0.085503
v 0.030718 0.351358 0.075834
v 0.034699 0.340008 0.085619
v 0.034887 0.364662 0.084928
v 0.016197 0.346689 0.064616
v 0.001005 0.349303 0.071919
v 0.002515 0.346973 0.062893
v -0.003080 0.338945 0.085411
v 0.023997 0.303460 0.085060
v 0.037239 0.303058 0.085004
v 0.002332 0.303568 0.085288
v -0.014331 0.349980 0.072335
v -0.071092 0.369523 0.080717
v -0.064701 0.374441 0.084428
v -0.068023 0.361024 0.084150
v -0.036662 0.119707 0.085135
v -0.034432 0.122309 0.082726
v -0.012538 0.119986 0.088542
v -0.017643 0.129765 0.090199
v -0.041972 0.118244 0.079914
v -0.037680 0.117539 0.085582
v -0.020895 0.103199 0.088814
v -0.028046 0.102396 0.085104
v -0.028743 0.096161 0.088209
v -0.028069 0.110180 0.082343
v -0.027616 0.116246 0.080151
v 0.010865 0.109600 0.086961
v 0.010111 0.113916 0.084197
v 0.008356 0.116570 0.089710
v -0.003436 0.095790 0.088475
v 0.011450 0.106247 0.089108
v -0.005202 0.095829 0.088250
v -0.000311 0.099355 0.084642
v -0.006682 0.106347 0.087883
v -0.017782 0.108098 0.088694
v -0.021396 0.102142 0.089017
v 0.015792 -0.005117 0.125285
v 0.007157 -0.004690 0.144482
v 0.052526 -0.015931 0.160881
v 0.049769 -0.019810 0.143829
v 0.030327 -0.016503 0.114993
v 0.021060 0.012173 0.087647
v 0.005480 0.016895 0.090207
v 0.029579 -0.017821 0.091677
v 0.037464 0.010529 0.085507
v -0.037200 0.105027 0.079694
v -0.037681 0.105324 0.080815
v -0.037056 0.099230 0.086346
v -0.021593 0.010308 0.090936
v -0.029849 0.016020 0.104453
v -0.008741 0.005494 0.126594
v -0.084873 -0.024050 0.090771
v -0.089412 -0.017756 0.085219
v -0.098653 -0.020432 0.079851
v -0.096234 -0.038186 0.082679
v -0.089885 -0.032551 0.098234
v -0.084872 -0.023032 0.098805
v -0.080689 -0.014643 0.089710
v -0.079699 0.005998 0.086418
v -0.088384 0.007642 0.085076
v -0.095249 0.006811 0.083404
v -0.091265 -0.332367 0.192050
v -0.092798 -0.346379 0.168673
v -0.100505 -0.326373 0.159793
v -0.099703 -0.151448 0.161865
v -0.091064 -0.152039 0.174569
v -0.091136 -0.113318 0.174537
v -0.094851 -0.116513 0.141385
v -0.099313 -0.151426 0.142767
v -0.090995 -0.069976 0.171071
v -0.090967 -0.072886 0.159232
v -0.090736 -0.076674 0.136371
v -0.099884 -0.326236 0.131947
v -0.096054 -0.342449 0.131599
v -0.088796 -0.008957 0.189963
v -0.074322 -0.013888 0.197213
v -0.058264 -0.014117 0.193152
v -0.062195 -0.014717 0.185851
v -0.061086 -0.021316 0.196838
v -0.062743 -0.016344 0.173963
v -0.081303 -0.008639 0.172603
v -0.090569 -0.009518 0.174125
v -0.049168 0.013832 0.121584
v -0.037608 0.017439 0.115385
v -0.045689 0.034087 0.090232
v -0.065344 0.003371 0.102930
v -0.058971 -0.001151 0.126514
v -0.070498 0.035484 0.087262
v -0.071029 0.005544 0.091039
v -0.058063 0.072798 0.088525
v -0.070380 0.076959 0.086796
v -0.043197 0.072754 0.090271
v -0.016629 0.026191 0.090668
v -0.033565 0.032546 0.090503
v -0.088175 0.371296 0.065731
v -0.089862 0.381890 0.068714
v -0.085203 0.374628 0.076766
v -0.081818 0.358306 0.071972
v -0.076816 0.363537 0.076050
v -0.076344 0.377789 0.082211
v -0.089331 0.379170 0.083097
v -0.090025 0.370321 0.084116
v -0.091748 0.360938 0.084368
v -0.079993 0.360077 0.084701
v -0.063349 0.375049 0.081603
v -0.070328 0.370239 0.083229
v 0.209099 -0.417988 -0.212584
v 0.197743 -0.421326 -0.217829
v 0.200152 -0.414828 -0.196666
v 0.201175 -0.421582 -0.207860
v 0.211080 -0.418848 -0.221050
v -0.092134 -0.418129 -0.263732
v -0.078934 -0.413755 -0.278443
v -0.112736 -0.429760 -0.282181
v -0.112224 -0.432735 -0.279693
v -0.115071 -0.431074 -0.280203
v -0.117304 -0.429772 -0.280603
v -0.114220 -0.430135 -0.280364
v -0.100321 -0.435960 -0.276562
v -0.008622 0.119883 -0.093705
v -0.096209 0.104366 0.002643
v -0.091867 0.101702 -0.003121
v -0.091002 0.103905 -0.003749
v -0.090921 0.107821 -0.025735
v -0.089860 0.110467 -0.017000
v -0.090062 0.112011 -0.015950
v -0.091514 0.107092 -0.025364
v -0.089768 0.109766 -0.017477
v -0.091337 0.106330 -0.025120
v -0.089676 0.109064 -0.017954
v -0.089584 0.108362 -0.018431
v -0.091342 0.106100 -0.025036
v -0.089492 0.107661 -0.018909
v -0.091704 0.106494 -0.025113
v -0.089406 0.107004 -0.019355
v -0.091339 0.105937 -0.024977
v -0.089346 0.106550 -0.019665
v -0.012087 0.116590 -0.091584
v -0.089327 0.106398 -0.019768
v -0.090645 0.106688 -0.021431
v -0.091613 0.106102 -0.024987
v -0.090946 0.106888 -0.021555
v -0.091112 0.106984 -0.021651
v -0.091366 0.107143 -0.021775
v -0.091582 0.107271 -0.021894
v -0.091845 0.107437 -0.022018
v -0.092130 0.107612 -0.022126
v -0.092717 0.107846 -0.022021
v -0.092873 0.107615 -0.022301
v -0.092879 0.107570 -0.022398
v -0.093292 0.107627 -0.022388
v -0.093532 0.107672 -0.022399
v -0.094072 0.107477 -0.022733
v -0.094454 0.107404 -0.022902
v -0.094734 0.107334 -0.023042
v -0.095082 0.107278 -0.023184
v -0.095336 0.107213 -0.023314
v -0.095617 0.107168 -0.023429
v -0.095430 0.107127 -0.023427
v -0.094247 0.107915 -0.025165
v -0.092649 0.107703 -0.025379
v -0.094377 0.107921 -0.025144
v -0.093742 0.107875 -0.025242
v -0.093995 0.107797 -0.025168
v -0.093455 0.107811 -0.025271
v -0.093662 0.107656 -0.025178
v -0.093176 0.107640 -0.025260
v -0.093288 0.107521 -0.025197
v -0.092879 0.107508 -0.025266
v -0.092976 0.107373 -0.025200
v -0.092624 0.107365 -0.025261
v -0.092728 0.107214 -0.025187
v -0.092425 0.107199 -0.025237
v -0.092391 0.106959 -0.025156
v -0.092130 0.106930 -0.025193
v -0.092135 0.106647 -0.025090
v -0.092246 0.106585 -0.025047
v -0.010333 0.119705 -0.093500
v -0.013424 0.118644 -0.093589
v -0.013758 0.118484 -0.093324
v -0.013307 0.117748 -0.092594
v -0.013471 0.117803 -0.092617
v -0.013671 0.117817 -0.092583
v -0.012653 0.116617 -0.091465
v -0.013519 0.116647 -0.091283
v -0.013510 0.115857 -0.090542
v -0.013479 0.116340 -0.090943
v -0.013319 0.115487 -0.090266
v -0.013865 0.115644 -0.090329
v -0.013664 0.114917 -0.089817
v -0.014337 0.115043 -0.089845
v -0.014071 0.114260 -0.089298
v -0.014817 0.114432 -0.089354
v -0.013884 0.113058 -0.088504
v -0.015325 0.113785 -0.088834
v -0.012657 0.108219 -0.087078
v -0.015836 0.113135 -0.088311
v -0.013106 0.114360 -0.089462
v -0.010794 0.114579 -0.089897
v -0.012397 0.114212 -0.089420
v -0.010917 0.113893 -0.089325
v -0.012932 0.114861 -0.089844
v -0.012271 0.114811 -0.089869
v -0.011530 0.114576 -0.089767
v -0.012634 0.115291 -0.090186
v -0.012212 0.115373 -0.090298
v -0.012062 0.115393 -0.090362
v -0.012583 0.116016 -0.090849
v -0.012394 0.115992 -0.090879
v -0.012062 0.116482 -0.091476
v -0.011876 0.115377 -0.090400
v -0.011211 0.114688 -0.089888
v -0.011064 0.114093 -0.089458
v -0.011699 0.115350 -0.090424
v -0.011068 0.114714 -0.089956
v -0.010541 0.113940 -0.089395
v -0.010071 0.113597 -0.089188
v -0.010870 0.114697 -0.089996
v -0.011518 0.115318 -0.090443
v -0.011339 0.115287 -0.090463
v -0.010706 0.114682 -0.090029
v -0.011165 0.115257 -0.090483
v -0.010429 0.114440 -0.089861
v -0.010094 0.111814 -0.088501
v -0.010232 0.114556 -0.090036
v -0.009623 0.113967 -0.089611
v -0.008837 0.114501 -0.090005
v -0.008524 0.114315 -0.089769
v -0.009714 0.114444 -0.090072
v -0.009949 0.112136 -0.088627
v -0.008428 0.114970 -0.090351
v -0.008125 0.114940 -0.090261
v -0.011524 0.116292 -0.091438
v -0.007661 0.112568 -0.088556
v -0.008592 0.114779 -0.090210
v -0.007879 0.115421 -0.090653
v -0.007691 0.115434 -0.090626
v -0.008052 0.115411 -0.090680
v -0.008881 0.114927 -0.090406
v -0.008249 0.115411 -0.090721
v -0.007439 0.115922 -0.091023
v -0.007249 0.115929 -0.090990
v -0.007630 0.115916 -0.091057
v -0.008482 0.115415 -0.090773
v -0.007822 0.115910 -0.091092
v -0.007013 0.116423 -0.091396
v -0.006822 0.116429 -0.091362
v -0.007204 0.116416 -0.091429
v -0.008012 0.115898 -0.091120
v -0.007394 0.116410 -0.091463
v -0.006601 0.116923 -0.091770
v -0.006410 0.116929 -0.091737
v -0.006791 0.116916 -0.091804
v -0.007585 0.116403 -0.091497
v -0.006982 0.116910 -0.091838
v -0.006348 0.117417 -0.092173
v -0.006158 0.117424 -0.092140
v -0.006539 0.117411 -0.092207
v -0.007173 0.116903 -0.091872
v -0.006730 0.117404 -0.092241
v -0.007364 0.116897 -0.091906
v -0.006920 0.117398 -0.092275
v -0.007554 0.116890 -0.091939
v -0.007111 0.117391 -0.092309
v -0.007745 0.116884 -0.091973
v -0.007302 0.117385 -0.092343
v -0.007937 0.116878 -0.092008
v -0.007493 0.117379 -0.092376
v -0.008139 0.116877 -0.092049
v -0.007683 0.117372 -0.092410
v -0.008327 0.116864 -0.092076
v -0.007874 0.117366 -0.092444
v -0.008514 0.116865 -0.092116
v -0.008065 0.117359 -0.092478
v -0.008739 0.116860 -0.092159
v -0.008256 0.117353 -0.092512
v -0.009032 0.116719 -0.092089
v -0.008446 0.117346 -0.092545
v -0.009265 0.116705 -0.092125
v -0.008615 0.117341 -0.092575
v -0.009328 0.116918 -0.092335
v -0.008828 0.117333 -0.092613
v -0.009681 0.116944 -0.092432
v -0.009019 0.117327 -0.092647
v -0.011197 0.117486 -0.092821
v -0.009947 0.115346 -0.090927
v -0.009231 0.117320 -0.092685
v -0.009785 0.116928 -0.092438
v -0.010147 0.117477 -0.092902
v -0.009776 0.117500 -0.092934
v -0.010149 0.117315 -0.092855
v -0.010764 0.118207 -0.093241
v -0.010180 0.117705 -0.092963
v -0.010428 0.117810 -0.093060
v -0.010324 0.117024 -0.092533
v -0.010172 0.116368 -0.091907
v -0.010580 0.117047 -0.092465
v -0.011124 0.115084 -0.090318
v -0.009734 0.116416 -0.091957
v -0.010790 0.117248 -0.092649
v -0.010439 0.116503 -0.091968
v -0.010638 0.116380 -0.091785
v -0.010598 0.116921 -0.092349
v -0.010325 0.116005 -0.091492
v -0.010330 0.114133 -0.089575
v -0.009972 0.115880 -0.091465
v -0.009189 0.116432 -0.091858
v -0.009076 0.116278 -0.091687
v -0.008853 0.116423 -0.091779
v -0.008556 0.116378 -0.091676
v -0.009197 0.115890 -0.091360
v -0.009000 0.115723 -0.091165
v -0.009948 0.113807 -0.089353
v -0.009771 0.115413 -0.091021
v -0.008350 0.116373 -0.091628
v -0.008159 0.116379 -0.091594
v -0.008832 0.115747 -0.091152
v -0.009827 0.113779 -0.089360
v -0.008625 0.115896 -0.091246
v -0.009523 0.115418 -0.090993
v -0.007968 0.116391 -0.091565
v -0.007776 0.116397 -0.091531
v -0.008395 0.115892 -0.091195
v -0.009038 0.115407 -0.090882
v -0.008203 0.115891 -0.091154
v -0.008852 0.115241 -0.090690
v -0.009836 0.113231 -0.089014
v -0.009623 0.114931 -0.090565
v -0.008689 0.115267 -0.090680
v -0.009719 0.113207 -0.089019
v -0.009402 0.114937 -0.090524
v -0.009226 0.114458 -0.090046
v -0.010118 0.115092 -0.090618
v -0.010804 0.115675 -0.091015
v -0.011330 0.113956 -0.089333
v -0.011008 0.116189 -0.091482
v -0.010404 0.115470 -0.090921
v -0.010859 0.116154 -0.091490
v -0.010222 0.115575 -0.091082
v -0.010477 0.115945 -0.091386
v -0.011248 0.117557 -0.092888
v -0.011079 0.118839 -0.093516
v -0.011388 0.117669 -0.092982
v -0.093081 0.107676 -0.022286
v -0.011530 0.117797 -0.093092
v -0.011176 0.119072 -0.093603
v -0.011331 0.116822 -0.092036
v -0.010731 0.118937 -0.093433
v -0.010708 0.116583 -0.091975
v -0.011583 0.116971 -0.092137
v -0.011727 0.117030 -0.092167
v -0.009970 0.113677 -0.089251
v -0.011328 0.116278 -0.091481
v -0.011017 0.115720 -0.090999
v -0.009894 0.113673 -0.089251
v -0.010583 0.117224 -0.092636
v -0.011597 0.116358 -0.091484
v -0.011740 0.116399 -0.091485
v -0.011856 0.117119 -0.092237
v -0.011976 0.117178 -0.092274
v -0.011454 0.117872 -0.093159
v 0.057740 0.105490 0.028744
v -0.011902 0.116436 -0.091476
v -0.011454 0.115814 -0.090969
v -0.011622 0.115847 -0.090954
v -0.012111 0.117237 -0.092308
v -0.012304 0.117392 -0.092437
v -0.011704 0.117910 -0.093178
v 0.057642 0.106267 0.028467
v -0.011119 0.116706 -0.091979
v -0.011828 0.115880 -0.090928
v -0.012237 0.116558 -0.091503
v -0.012459 0.117454 -0.092469
v -0.012640 0.117482 -0.092456
v -0.012606 0.118448 -0.093569
v -0.011962 0.118030 -0.093251
v -0.012371 0.116600 -0.091515
v -0.012772 0.117536 -0.092486
v -0.012037 0.115911 -0.090900
v -0.012205 0.115950 -0.090890
v -0.012778 0.116842 -0.091690
v -0.013164 0.117681 -0.092554
v -0.012907 0.117600 -0.092525
v -0.012988 0.118513 -0.093548
v -0.012950 0.118592 -0.093606
v -0.012849 0.118549 -0.093624
v -0.012089 0.121177 -0.094406
v -0.011923 0.121364 -0.094401
v -0.011320 0.121256 -0.094189
v -0.009438 0.118957 -0.093376
v -0.009456 0.118533 -0.093257
v -0.009312 0.119562 -0.093553
v -0.009368 0.119484 -0.093529
v -0.009523 0.118249 -0.093173
v -0.012587 0.116787 -0.091675
v -0.011817 0.119653 -0.093945
v -0.012590 0.116640 -0.091516
v -0.011318 0.115798 -0.090992
v -0.012950 0.116839 -0.091645
v -0.012818 0.116029 -0.090793
v -0.010133 0.114940 -0.090459
v -0.005967 0.117430 -0.092106
v -0.005776 0.117437 -0.092072
v -0.006219 0.116935 -0.091703
v -0.006028 0.116942 -0.091669
v -0.006631 0.116435 -0.091328
v -0.005585 0.117443 -0.092038
v -0.005395 0.117449 -0.092004
v -0.005838 0.116948 -0.091635
v -0.006441 0.116442 -0.091294
v -0.005647 0.116955 -0.091601
v -0.006247 0.116447 -0.091258
v -0.005203 0.117456 -0.091970
v -0.004824 0.117469 -0.091903
v -0.005439 0.116957 -0.091560
v -0.005971 0.116409 -0.091166
v -0.005166 0.116894 -0.091452
v -0.004749 0.115980 -0.090592
v -0.004634 0.117475 -0.091870
v -0.005106 0.115443 -0.090184
v -0.006567 0.115904 -0.090825
v -0.009526 0.113089 -0.088997
v -0.005241 0.115084 -0.089895
v -0.006606 0.114318 -0.089452
v -0.005862 0.114643 -0.089613
v -0.007768 0.114910 -0.090159
v -0.007126 0.115406 -0.090482
v -0.007480 0.115434 -0.090582
v -0.006864 0.115940 -0.090920
v -0.007058 0.115935 -0.090956
v -0.113148 -0.381263 -0.168301
v -0.112182 -0.382210 -0.166379
v -0.011253 0.115710 -0.090921
v -0.113351 -0.379391 -0.173783
v -0.113332 -0.379201 -0.173678
v -0.113563 -0.383150 -0.170160
v -0.112553 -0.383069 -0.166467
v -0.011173 0.118946 -0.093557
v -0.112083 -0.382666 -0.168663
v -0.111496 -0.384379 -0.175932
v -0.111521 -0.384337 -0.173288
v -0.111407 -0.381696 -0.173874
v -0.111309 -0.380975 -0.177657
v -0.115488 -0.418029 -0.175045
v -0.115835 -0.436321 -0.174322
v -0.115579 -0.435151 -0.140085
v -0.115608 -0.415229 -0.143081
v -0.111337 -0.416708 -0.199193
v -0.112411 -0.436925 -0.200162
v -0.113026 -0.450126 -0.201386
v -0.115562 -0.449978 -0.174584
v -0.110813 -0.415653 -0.215750
v -0.111463 -0.437122 -0.216362
v -0.111691 -0.449745 -0.216909
v -0.113156 -0.460303 -0.203123
v -0.106191 -0.437028 -0.226812
v -0.107187 -0.449522 -0.226878
v -0.091500 -0.450053 -0.226909
v -0.090934 -0.436960 -0.226833
v -0.067935 -0.436841 -0.226757
v -0.068098 -0.450952 -0.226805
v -0.105448 -0.415730 -0.226914
v -0.090883 -0.416097 -0.227038
v -0.068530 -0.417430 -0.227113
v -0.031635 -0.419047 -0.226918
v -0.031260 -0.436981 -0.226667
v -0.091157 -0.394553 -0.226958
v -0.069851 -0.396559 -0.226985
v -0.032109 -0.398136 -0.226796
v 0.007681 -0.399632 -0.226472
v 0.007128 -0.421121 -0.226613
v -0.070744 -0.382271 -0.226589
v -0.031184 -0.382987 -0.226524
v 0.008160 -0.382722 -0.226323
v 0.034107 -0.382973 -0.226319
v 0.034015 -0.400048 -0.226536
v -0.030949 -0.371062 -0.226003
v 0.008450 -0.369692 -0.226048
v -0.030944 -0.365495 -0.218838
v 0.008756 -0.364904 -0.219298
v -0.031293 -0.366056 -0.207297
v 0.008996 -0.365724 -0.208011
v -0.030135 -0.357871 -0.203451
v 0.009277 -0.358981 -0.203360
v 0.032561 -0.359979 -0.203362
v 0.009302 -0.346293 -0.205820
v 0.031103 -0.349070 -0.203417
v 0.043843 -0.349242 -0.203322
v 0.028422 -0.334900 -0.207018
v 0.040678 -0.335208 -0.203579
v 0.052043 -0.335451 -0.203358
v 0.053114 -0.349136 -0.203195
v 0.055432 -0.335763 -0.194670
v 0.055520 -0.349463 -0.194333
v 0.056004 -0.336373 -0.181597
v 0.056037 -0.350747 -0.182384
v 0.060038 -0.337259 -0.162603
v 0.056663 -0.352994 -0.163210
v 0.063466 -0.334122 -0.127031
v 0.057802 -0.350843 -0.127825
v 0.059567 -0.365798 -0.128016
v 0.068889 -0.379184 -0.128910
v 0.059169 -0.345608 -0.090030
v 0.059472 -0.361726 -0.091773
v 0.067201 -0.379276 -0.093515
v 0.069673 -0.399984 -0.131110
v 0.058007 -0.359217 -0.063154
v 0.060626 -0.382183 -0.066190
v 0.061433 -0.385152 -0.039286
v 0.061545 -0.381029 -0.005470
v 0.056537 -0.339150 -0.060919
v 0.061708 -0.327428 -0.087391
v 0.064207 -0.307799 -0.124915
v 0.060766 -0.302269 -0.086316
v 0.063044 -0.267216 -0.120211
v 0.059730 -0.266253 -0.085776
v 0.055824 -0.265545 -0.064526
v 0.058103 -0.221697 -0.083818
v 0.055858 -0.220588 -0.064348
v 0.049216 -0.218701 -0.049755
v 0.050430 -0.264787 -0.049945
v 0.034359 -0.216713 -0.047997
v 0.036125 -0.263794 -0.047835
v 0.036145 -0.292563 -0.046712
v 0.020514 -0.263181 -0.046469
v 0.021599 -0.292384 -0.045067
v 0.021781 -0.306345 -0.044368
v 0.001577 -0.291671 -0.042664
v 0.001412 -0.305410 -0.041973
v 0.001508 -0.316265 -0.041494
v 0.001721 -0.325904 -0.040780
v -0.025750 -0.304575 -0.042242
v -0.025753 -0.315441 -0.041863
v -0.025721 -0.325337 -0.041317
v -0.026270 -0.330101 -0.032663
v 0.001975 -0.330300 -0.033600
v -0.051879 -0.314165 -0.047705
v -0.052442 -0.304143 -0.047827
v -0.025073 -0.291069 -0.042826
v -0.052582 -0.291390 -0.047808
v -0.071383 -0.294146 -0.047856
v -0.052077 -0.263450 -0.047739
v -0.070943 -0.264490 -0.047793
v -0.049993 -0.214107 -0.047715
v -0.069336 -0.214806 -0.047731
v -0.082959 -0.214715 -0.047825
v -0.067430 -0.172445 -0.047667
v -0.079472 -0.171185 -0.048072
v -0.091149 -0.214772 -0.055219
v -0.091333 -0.215183 -0.069889
v -0.091515 -0.266773 -0.073663
v -0.099286 -0.215628 -0.083170
v -0.100098 -0.265957 -0.083946
v -0.100160 -0.217764 -0.111989
v -0.100286 -0.265872 -0.109352
v -0.100324 -0.314376 -0.109616
v -0.096451 -0.340480 -0.110605
v -0.100184 -0.265359 -0.145625
v -0.100272 -0.310846 -0.141856
v -0.098094 -0.338594 -0.139489
v -0.092345 -0.350338 -0.139414
v -0.092049 -0.352977 -0.111109
v -0.091873 -0.334337 -0.165909
v -0.091927 -0.348332 -0.164793
v -0.091470 -0.359177 -0.163150
v -0.091353 -0.361107 -0.139944
v -0.091389 -0.347070 -0.185951
v -0.091396 -0.357333 -0.182836
v -0.093699 -0.365526 -0.180208
v -0.098832 -0.365396 -0.159540
v -0.098159 -0.365478 -0.141582
v -0.101565 -0.365118 -0.178066
v -0.105894 -0.365245 -0.163056
v -0.109279 -0.366009 -0.176028
v -0.111217 -0.370861 -0.164772
v -0.108046 -0.365907 -0.191528
v -0.110752 -0.372370 -0.186932
v -0.111051 -0.372216 -0.171659
v -0.108088 -0.366476 -0.205329
v -0.110622 -0.375108 -0.202847
v -0.111018 -0.389841 -0.196615
v -0.111099 -0.379009 -0.181885
v -0.110884 -0.391436 -0.216625
v -0.106230 -0.393116 -0.226908
v -0.111299 -0.376721 -0.171047
v -0.112707 -0.377172 -0.155387
v -0.111528 -0.370604 -0.153181
v -0.101613 -0.365020 -0.112409
v -0.091325 -0.363149 -0.111080
v -0.104504 -0.364631 -0.088849
v -0.093500 -0.365925 -0.088396
v -0.091870 -0.355603 -0.087477
v -0.094001 -0.365762 -0.064018
v -0.091522 -0.356046 -0.063892
v -0.094997 -0.365577 -0.034509
v -0.095096 -0.356503 -0.035279
v -0.095529 -0.343153 -0.035932
v -0.094466 -0.357188 -0.001497
v -0.095448 -0.365601 -0.001545
v -0.096179 -0.365485 0.031579
v -0.093313 -0.360022 0.032023
v -0.099286 -0.365267 0.061698
v -0.091878 -0.361821 0.061867
v -0.092262 -0.351426 0.061398
v -0.091526 -0.362569 0.091635
v -0.092787 -0.353531 0.091920
v -0.095621 -0.342543 0.092492
v -0.092355 -0.355387 0.131608
v -0.099439 -0.322833 0.094303
v -0.100159 -0.288320 0.134364
v -0.099593 -0.285328 0.099424
v -0.100194 -0.242689 0.139116
v -0.099458 -0.240873 0.105184
v -0.096997 -0.239613 0.075801
v -0.098878 -0.195546 0.107205
v -0.096800 -0.194879 0.077019
v -0.093567 -0.193671 0.059691
v -0.093149 -0.238893 0.059409
v -0.091878 -0.192183 0.046535
v -0.091724 -0.238134 0.046478
v -0.081445 -0.191282 0.042458
v -0.080851 -0.237126 0.042885
v -0.081342 -0.279674 0.043254
v -0.066717 -0.236072 0.042937
v -0.069341 -0.278863 0.043208
v -0.071917 -0.300588 0.043174
v -0.055138 -0.278524 0.043016
v -0.058187 -0.298977 0.042913
v -0.038139 -0.278799 0.039263
v -0.041315 -0.300067 0.039173
v -0.043731 -0.313257 0.039334
v -0.022434 -0.302252 0.036930
v -0.023642 -0.316292 0.037279
v -0.024700 -0.326293 0.039532
v -0.045402 -0.323567 0.039765
v -0.025524 -0.329570 0.030978
v -0.046685 -0.328998 0.032870
v -0.026289 -0.329757 0.015016
v -0.047496 -0.329460 0.018454
v -0.061678 -0.328441 0.022926
v -0.072441 -0.321217 0.026429
v -0.048992 -0.329766 0.000609
v -0.063174 -0.329264 0.005881
v -0.073506 -0.324494 0.008617
v -0.026687 -0.329948 -0.002175
v -0.026645 -0.330149 -0.018685
v 0.001756 -0.330303 -0.006721
v 0.002002 -0.330361 -0.021692
v 0.023202 -0.330493 -0.012284
v 0.001445 -0.330161 0.010971
v 0.022656 -0.330423 0.007053
v 0.037179 -0.330390 0.004182
v 0.038290 -0.330401 -0.016386
v 0.045648 -0.326373 0.001078
v 0.045678 -0.324698 -0.018904
v 0.022275 -0.330298 0.025597
v 0.001358 -0.330008 0.026984
v 0.001269 -0.329811 0.037841
v 0.022244 -0.330065 0.038098
v 0.001381 -0.318729 0.039084
v 0.022407 -0.320162 0.041186
v 0.000707 -0.303835 0.039272
v 0.022391 -0.305532 0.041544
v -0.000104 -0.281499 0.039972
v 0.021601 -0.282846 0.042246
v 0.036128 -0.282382 0.043263
v 0.021529 -0.237445 0.043143
v 0.036612 -0.239691 0.043388
v 0.049853 -0.241508 0.044380
v 0.041897 -0.191306 0.043350
v 0.055624 -0.191736 0.046552
v 0.055570 -0.191465 0.058189
v 0.055421 -0.242346 0.055921
v 0.058764 -0.193762 0.073551
v 0.058107 -0.242947 0.071819
v 0.064317 -0.194231 0.093749
v 0.064359 -0.242513 0.093255
v 0.064294 -0.290039 0.088488
v 0.064283 -0.242762 0.123580
v 0.064436 -0.290874 0.120832
v 0.064118 -0.327991 0.117421
v 0.064176 -0.324862 0.087454
v 0.057148 -0.348260 0.113852
v 0.063955 -0.330708 0.144581
v 0.057022 -0.348116 0.140991
v 0.055998 -0.362361 0.138910
v 0.056322 -0.351421 0.162441
v 0.055815 -0.363111 0.161498
v 0.065338 -0.366337 0.162141
v 0.065794 -0.366639 0.137142
v 0.068830 -0.376937 0.162542
v 0.068809 -0.378942 0.135340
v 0.069648 -0.391195 0.163430
v 0.069585 -0.394920 0.133275
v 0.069529 -0.396753 0.096802
v 0.069974 -0.416994 0.129567
v 0.070008 -0.413431 0.163961
v 0.070013 -0.434617 0.163206
v 0.070040 -0.436497 0.127036
v 0.070029 -0.449929 0.162651
v 0.070138 -0.451719 0.129271
v 0.071813 -0.464632 0.164151
v 0.071283 -0.464601 0.130777
v 0.071352 -0.464508 0.095686
v 0.080272 -0.469943 0.130963
v 0.080302 -0.471814 0.097523
v 0.082130 -0.471166 0.069800
v 0.093038 -0.471490 0.098452
v 0.093572 -0.471296 0.069906
v 0.093585 -0.471484 0.040900
v 0.109023 -0.470916 0.069621
v 0.107917 -0.471286 0.039679
v 0.107238 -0.471426 0.008530
v 0.093819 -0.471380 0.009196
v 0.107132 -0.471317 -0.030311
v 0.094516 -0.471169 -0.030552
v 0.106760 -0.471202 -0.066692
v 0.093805 -0.470985 -0.067317
v 0.105844 -0.471354 -0.099612
v 0.090545 -0.470893 -0.098953
v 0.103670 -0.471439 -0.136509
v 0.087534 -0.470949 -0.133749
v 0.074211 -0.466877 -0.132263
v 0.084670 -0.470836 -0.176807
v 0.071292 -0.465275 -0.175176
v 0.066109 -0.455858 -0.173254
v 0.070693 -0.455786 -0.132426
v 0.068218 -0.441849 -0.172884
v 0.070870 -0.440752 -0.132911
v 0.069601 -0.423617 -0.172537
v 0.069691 -0.423574 -0.132384
v 0.069742 -0.398193 -0.170577
v 0.062942 -0.424608 -0.200290
v 0.062619 -0.397607 -0.195329
v 0.062605 -0.424510 -0.217920
v 0.062337 -0.398066 -0.214066
v 0.051606 -0.424437 -0.226952
v 0.052554 -0.399003 -0.226643
v 0.053294 -0.381994 -0.226330
v 0.032873 -0.423596 -0.226724
v 0.050724 -0.442041 -0.226997
v 0.031591 -0.440804 -0.226838
v 0.006566 -0.438533 -0.226710
v 0.030691 -0.454996 -0.226964
v 0.005901 -0.452928 -0.226949
v -0.030616 -0.451484 -0.226748
v 0.005700 -0.463416 -0.231842
v -0.030045 -0.462595 -0.230047
v -0.068279 -0.462828 -0.229648
v -0.029717 -0.464457 -0.242185
v -0.068237 -0.464430 -0.242413
v -0.029957 -0.463924 -0.255959
v -0.068370 -0.464581 -0.260620
v -0.030654 -0.464636 -0.273776
v -0.064680 -0.464789 -0.279205
v -0.031472 -0.468561 -0.300009
v -0.060995 -0.469477 -0.303918
v -0.087853 -0.470633 -0.309277
v -0.057710 -0.471409 -0.331726
v -0.082542 -0.471425 -0.333382
v -0.110030 -0.471253 -0.337142
v -0.114622 -0.471350 -0.315719
v -0.141611 -0.470995 -0.341316
v -0.105415 -0.470926 -0.353003
v -0.136962 -0.470472 -0.355971
v -0.173459 -0.470075 -0.357306
v -0.176705 -0.470733 -0.344024
v -0.207386 -0.470305 -0.358513
v -0.208106 -0.470589 -0.344654
v -0.233087 -0.470675 -0.360396
v -0.231196 -0.470779 -0.345909
v -0.243889 -0.469622 -0.347456
v -0.238543 -0.470220 -0.322175
v -0.246508 -0.469667 -0.362054
v -0.256202 -0.470129 -0.363167
v -0.253354 -0.470130 -0.348081
v -0.232540 -0.469487 -0.372728
v -0.247817 -0.469940 -0.374590
v -0.232055 -0.471211 -0.384953
v -0.248595 -0.471402 -0.387241
v -0.231564 -0.476039 -0.393981
v -0.249211 -0.476712 -0.393886
v -0.231110 -0.484816 -0.393460
v -0.249413 -0.485335 -0.393789
v -0.260639 -0.485634 -0.393654
v -0.249318 -0.488549 -0.386287
v -0.260588 -0.489006 -0.387273
v -0.269228 -0.489340 -0.388494
v -0.260041 -0.489024 -0.376379
v -0.268341 -0.489308 -0.377336
v -0.258244 -0.488964 -0.364506
v -0.266838 -0.489234 -0.364955
v -0.274360 -0.489344 -0.365120
v -0.264698 -0.489169 -0.350619
v -0.272786 -0.489298 -0.350547
v -0.280370 -0.488545 -0.350047
v -0.271656 -0.489181 -0.327050
v -0.280237 -0.488113 -0.326712
v -0.285488 -0.482699 -0.326365
v -0.285294 -0.483811 -0.349632
v -0.283752 -0.474851 -0.325807
v -0.284738 -0.476104 -0.349201
v -0.276568 -0.471635 -0.324945
v -0.278691 -0.471891 -0.348929
v -0.280591 -0.471300 -0.364330
v -0.270371 -0.470923 -0.348796
v -0.272470 -0.470929 -0.363964
v -0.261925 -0.470449 -0.348509
v -0.264481 -0.470527 -0.363746
v -0.267739 -0.470873 -0.324198
v -0.259062 -0.470620 -0.323576
v -0.249675 -0.470297 -0.323028
v -0.255153 -0.471088 -0.278679
v -0.243655 -0.470492 -0.277922
v -0.227395 -0.471134 -0.276764
v -0.235895 -0.469339 -0.231377
v -0.212151 -0.471223 -0.230618
v -0.184878 -0.468253 -0.226611
v -0.202902 -0.470872 -0.179863
v -0.180284 -0.466824 -0.179040
v -0.160084 -0.464719 -0.178018
v -0.159886 -0.464685 -0.218285
v -0.141631 -0.464587 -0.176882
v -0.137674 -0.464571 -0.212127
v -0.126068 -0.464422 -0.176080
v -0.121752 -0.464451 -0.206717
v -0.115074 -0.460855 -0.175360
v -0.124783 -0.464433 -0.135027
v -0.114387 -0.460811 -0.136484
v -0.115206 -0.449304 -0.138012
v -0.115415 -0.433518 -0.100544
v -0.139739 -0.464624 -0.133660
v -0.156737 -0.464722 -0.132846
v -0.176326 -0.465420 -0.133142
v -0.168011 -0.465031 -0.083312
v -0.189198 -0.470332 -0.081897
v -0.182383 -0.468637 -0.030059
v -0.161388 -0.464765 -0.031129
v -0.195672 -0.469680 -0.133212
v -0.224970 -0.470334 -0.132937
v -0.218312 -0.471098 -0.081637
v -0.230616 -0.470513 -0.180972
v -0.246449 -0.470329 -0.181315
v -0.242630 -0.470396 -0.132641
v -0.250205 -0.469936 -0.231664
v -0.261137 -0.470610 -0.232001
v -0.258308 -0.470825 -0.181469
v -0.265142 -0.471299 -0.279531
v -0.275107 -0.471384 -0.280493
v -0.271702 -0.471156 -0.231738
v -0.282031 -0.471842 -0.231835
v -0.279650 -0.471400 -0.180231
v -0.269086 -0.471411 -0.181379
v -0.284313 -0.471432 -0.281448
v -0.286850 -0.481370 -0.282375
v -0.286788 -0.478418 -0.232032
v -0.283915 -0.487247 -0.232985
v -0.282252 -0.489917 -0.283286
v -0.273214 -0.489544 -0.284361
v -0.273673 -0.489707 -0.234557
v -0.263342 -0.489880 -0.235976
v -0.264143 -0.490029 -0.183399
v -0.263490 -0.489178 -0.285531
v -0.253714 -0.488817 -0.286909
v -0.253132 -0.489820 -0.237493
v -0.263097 -0.489103 -0.327263
v -0.253851 -0.488804 -0.327570
v -0.243106 -0.488404 -0.328026
v -0.242324 -0.488397 -0.288624
v -0.255661 -0.488869 -0.350423
v -0.245281 -0.488486 -0.349767
v -0.228587 -0.487852 -0.348413
v -0.227346 -0.487806 -0.328623
v -0.247329 -0.488563 -0.363530
v -0.229929 -0.487904 -0.362249
v -0.197687 -0.486678 -0.361149
v -0.197584 -0.486674 -0.347740
v -0.248714 -0.488606 -0.375247
v -0.230353 -0.487926 -0.373548
v -0.198252 -0.486706 -0.372308
v -0.149760 -0.484858 -0.372362
v -0.148246 -0.484800 -0.361122
v -0.230628 -0.487955 -0.384923
v -0.199451 -0.486794 -0.383746
v -0.147058 -0.484790 -0.383533
v -0.200556 -0.483188 -0.393179
v -0.148774 -0.482359 -0.393451
v -0.201972 -0.474151 -0.391962
v -0.162944 -0.475070 -0.389885
v -0.107934 -0.475434 -0.385718
v -0.081964 -0.475182 -0.382806
v -0.066759 -0.480205 -0.390119
v -0.167120 -0.471748 -0.380490
v -0.125698 -0.472501 -0.378508
v -0.092332 -0.471353 -0.373629
v -0.068868 -0.470437 -0.371550
v -0.064198 -0.475061 -0.381558
v -0.132258 -0.470243 -0.368060
v -0.099915 -0.470734 -0.364322
v -0.073139 -0.470888 -0.361469
v -0.054361 -0.470175 -0.361692
v -0.077704 -0.471209 -0.350097
v -0.055736 -0.470692 -0.349129
v -0.034934 -0.470616 -0.349058
v -0.036631 -0.470081 -0.362258
v -0.033058 -0.471170 -0.330468
v -0.004575 -0.470714 -0.328734
v -0.009284 -0.470602 -0.348338
v 0.000710 -0.467912 -0.296987
v 0.025430 -0.466869 -0.294773
v 0.023766 -0.470276 -0.326351
v 0.003785 -0.463980 -0.272983
v 0.016200 -0.460138 -0.275266
v 0.004203 -0.464401 -0.258321
v 0.005757 -0.464393 -0.244492
v 0.049315 -0.470883 -0.348756
v 0.020050 -0.470664 -0.347970
v 0.047003 -0.470106 -0.362264
v 0.015998 -0.469792 -0.361652
v -0.014179 -0.469961 -0.362091
v 0.010605 -0.470304 -0.374122
v 0.044437 -0.469985 -0.375044
v 0.083067 -0.470688 -0.376524
v 0.082642 -0.471484 -0.387883
v 0.040783 -0.471326 -0.386946
v 0.007855 -0.471241 -0.382732
v 0.083867 -0.471725 -0.365858
v 0.130004 -0.471155 -0.367304
v 0.130119 -0.471195 -0.375723
v 0.084810 -0.471482 -0.352667
v 0.130260 -0.471533 -0.354566
v 0.179436 -0.471388 -0.354827
v 0.178870 -0.470906 -0.367700
v 0.130415 -0.471423 -0.336228
v 0.179865 -0.471380 -0.336257
v 0.221748 -0.470426 -0.336382
v 0.222579 -0.470370 -0.355336
v 0.131570 -0.470244 -0.301279
v 0.179276 -0.469486 -0.299938
v 0.216843 -0.467602 -0.295715
v 0.237220 -0.470655 -0.295282
v 0.242056 -0.471358 -0.336013
v 0.256223 -0.471429 -0.335604
v 0.259278 -0.471359 -0.357647
v 0.244859 -0.471383 -0.356197
v 0.252230 -0.471377 -0.296686
v 0.247711 -0.471006 -0.249741
v 0.262197 -0.471360 -0.250961
v 0.265242 -0.471353 -0.297698
v 0.268448 -0.471408 -0.335495
v 0.277390 -0.472239 -0.298553
v 0.279700 -0.473315 -0.335657
v 0.281824 -0.473930 -0.359070
v 0.271138 -0.471374 -0.358606
v 0.282409 -0.475273 -0.371448
v 0.272560 -0.471121 -0.371144
v 0.261048 -0.470758 -0.370552
v 0.261854 -0.471226 -0.381481
v 0.247359 -0.471168 -0.380657
v 0.246681 -0.470903 -0.369353
v 0.221859 -0.470651 -0.378501
v 0.222473 -0.469985 -0.368117
v 0.178342 -0.470433 -0.374110
v 0.221320 -0.471391 -0.388910
v 0.178296 -0.471384 -0.386349
v 0.130527 -0.471405 -0.387006
v 0.178409 -0.478157 -0.393848
v 0.130340 -0.477504 -0.393889
v 0.082203 -0.477381 -0.394038
v 0.130230 -0.485572 -0.389452
v 0.081567 -0.484358 -0.387632
v 0.028459 -0.482834 -0.386102
v 0.032812 -0.476987 -0.393306
v 0.081084 -0.484377 -0.376473
v 0.025626 -0.483015 -0.374741
v 0.080742 -0.484579 -0.365002
v 0.024513 -0.483363 -0.363413
v -0.032323 -0.482582 -0.361666
v 0.024989 -0.483841 -0.350528
v -0.031189 -0.483270 -0.348993
v -0.084670 -0.483449 -0.348531
v -0.086399 -0.482863 -0.361106
v -0.147071 -0.484773 -0.348235
v -0.084770 -0.484407 -0.330896
v -0.146037 -0.484937 -0.330496
v -0.197365 -0.486669 -0.329610
v -0.142967 -0.486476 -0.296451
v -0.196503 -0.486963 -0.294016
v -0.226254 -0.487816 -0.290992
v -0.195215 -0.489574 -0.241835
v -0.225883 -0.489666 -0.240421
v -0.241420 -0.489743 -0.239001
v -0.226466 -0.490080 -0.188291
v -0.241668 -0.490080 -0.187106
v -0.253655 -0.490074 -0.184827
v -0.241174 -0.490079 -0.139014
v -0.253587 -0.490074 -0.138469
v -0.263979 -0.490042 -0.137996
v -0.253523 -0.490077 -0.088928
v -0.264052 -0.490069 -0.088339
v -0.255002 -0.490079 -0.036953
v -0.267689 -0.490088 -0.036867
v -0.280051 -0.490149 -0.038012
v -0.268952 -0.490091 0.012933
v -0.282260 -0.490171 0.013445
v -0.287021 -0.482865 0.014014
v -0.287132 -0.483955 -0.038529
v -0.284369 -0.471516 0.015446
v -0.284573 -0.472813 -0.037201
v -0.273713 -0.471401 0.016832
v -0.274248 -0.471417 -0.035063
v -0.276890 -0.471735 -0.084783
v -0.262561 -0.470699 -0.033772
v -0.264638 -0.471443 -0.083151
v -0.266788 -0.471408 -0.133200
v -0.278474 -0.471582 -0.133211
v -0.252857 -0.471313 -0.082425
v -0.255558 -0.471334 -0.132663
v -0.238587 -0.470122 -0.081988
v -0.250581 -0.469993 -0.033092
v -0.234307 -0.470756 -0.032194
v -0.209172 -0.471128 -0.031149
v -0.230278 -0.471014 0.018080
v -0.203102 -0.471332 0.017887
v -0.182253 -0.464627 0.018039
v -0.200086 -0.471502 0.069390
v -0.183633 -0.465321 0.069582
v -0.166359 -0.464711 0.069782
v -0.163867 -0.464907 0.019078
v -0.180586 -0.464690 0.122809
v -0.164940 -0.464700 0.123035
v -0.148657 -0.464635 0.124532
v -0.161585 -0.464640 0.172779
v -0.143692 -0.464574 0.172242
v -0.128110 -0.464557 0.172661
v -0.133142 -0.464617 0.127238
v -0.116953 -0.464437 0.173596
v -0.119509 -0.464581 0.131105
v -0.115792 -0.455889 0.175796
v -0.115897 -0.455407 0.136542
v -0.113666 -0.444805 0.178276
v -0.115757 -0.440443 0.142618
v -0.115746 -0.439923 0.101414
v -0.115577 -0.426746 0.149017
v -0.115661 -0.424238 0.109433
v -0.115481 -0.403663 0.155242
v -0.115627 -0.403043 0.118009
v -0.115078 -0.401683 0.083483
v -0.115662 -0.386246 0.122531
v -0.115308 -0.387214 0.087274
v -0.108235 -0.387622 0.059832
v -0.108031 -0.401097 0.057441
v -0.107836 -0.388004 0.030090
v -0.108369 -0.400949 0.030195
v -0.107702 -0.386310 -0.001552
v -0.108045 -0.399998 -0.002113
v -0.117558 -0.408608 -0.002431
v -0.107855 -0.393990 -0.033554
v -0.112807 -0.406381 -0.037421
v -0.108361 -0.387738 -0.068435
v -0.107811 -0.382405 -0.033390
v -0.108973 -0.388818 -0.083270
v -0.108970 -0.396243 -0.088390
v -0.108359 -0.373248 -0.001373
v -0.109178 -0.371192 -0.033692
v -0.104916 -0.364370 -0.001490
v -0.104159 -0.364802 -0.033965
v -0.104205 -0.364551 -0.064519
v -0.107812 -0.374446 0.030662
v -0.105659 -0.364866 0.031218
v -0.109039 -0.374733 0.060542
v -0.109002 -0.365726 0.060711
v -0.115725 -0.375312 0.089304
v -0.112464 -0.365256 0.090582
v -0.101060 -0.364876 0.091213
v -0.091564 -0.362140 0.130780
v -0.110310 -0.428456 0.179493
v -0.108353 -0.403702 0.183199
v -0.107990 -0.428343 0.205065
v -0.107555 -0.402647 0.207532
v -0.097320 -0.426063 0.222036
v -0.096400 -0.401900 0.221791
v -0.093785 -0.384692 0.221685
v -0.072526 -0.385168 0.221744
v -0.071300 -0.372288 0.221085
v -0.074283 -0.401837 0.221736
v -0.038161 -0.403418 0.221593
v -0.038175 -0.386408 0.221658
v -0.075637 -0.424210 0.221635
v -0.038163 -0.424919 0.221433
v 0.007360 -0.428740 0.221593
v 0.005814 -0.406031 0.221618
v -0.075317 -0.440771 0.222249
v -0.036965 -0.441453 0.221569
v 0.008817 -0.445142 0.221714
v 0.042391 -0.447452 0.221868
v 0.038861 -0.431216 0.221760
v -0.036614 -0.455158 0.223279
v 0.010588 -0.459216 0.223057
v 0.046717 -0.459519 0.222256
v 0.013053 -0.469205 0.233141
v -0.037120 -0.466511 0.231758
v -0.036337 -0.469226 0.247244
v 0.014421 -0.470389 0.249408
v -0.035732 -0.470983 0.267685
v -0.076555 -0.471155 0.266473
v -0.079481 -0.468223 0.295211
v -0.035348 -0.468368 0.293930
v -0.082358 -0.467871 0.326055
v -0.036031 -0.467322 0.325588
v -0.084909 -0.467918 0.346810
v -0.036722 -0.467234 0.347320
v 0.011093 -0.465900 0.345593
v 0.056714 -0.464894 0.345960
v -0.037360 -0.467278 0.361548
v 0.009893 -0.466058 0.360492
v 0.057159 -0.464966 0.360595
v 0.105385 -0.466812 0.362649
v 0.104133 -0.467220 0.348460
v 0.009328 -0.466249 0.372966
v 0.057560 -0.464977 0.372721
v 0.107382 -0.466391 0.374551
v 0.151257 -0.468422 0.377707
v 0.151461 -0.467274 0.365206
v 0.058415 -0.469647 0.384780
v 0.108485 -0.470691 0.386177
v 0.150749 -0.471887 0.388920
v 0.194438 -0.473989 0.393821
v 0.195243 -0.469553 0.383519
v 0.108792 -0.480468 0.393200
v 0.150365 -0.481242 0.393522
v 0.195077 -0.482804 0.393728
v 0.230430 -0.485395 0.393100
v 0.230256 -0.475581 0.393591
v 0.151209 -0.489369 0.389115
v 0.195703 -0.489965 0.386855
v 0.230760 -0.489877 0.385626
v 0.250371 -0.489869 0.386244
v 0.250628 -0.486337 0.393843
v 0.198351 -0.490054 0.375304
v 0.231514 -0.490055 0.375190
v 0.250124 -0.490016 0.375738
v 0.263274 -0.489935 0.376634
v 0.232004 -0.490078 0.363850
v 0.249942 -0.490073 0.364750
v 0.262753 -0.490056 0.365724
v 0.274500 -0.489967 0.366044
v 0.276494 -0.489787 0.377379
v 0.249419 -0.490082 0.349587
v 0.261997 -0.490080 0.349585
v 0.273293 -0.490058 0.349266
v 0.284130 -0.490030 0.348939
v 0.284013 -0.489440 0.365515
v 0.261310 -0.490077 0.323738
v 0.272883 -0.490048 0.321700
v 0.284279 -0.489987 0.319838
v 0.286588 -0.481326 0.317836
v 0.287248 -0.481221 0.348299
v 0.273545 -0.490057 0.282819
v 0.283781 -0.490073 0.280605
v 0.286411 -0.481207 0.278474
v 0.279399 -0.472117 0.276979
v 0.280519 -0.471899 0.316245
v 0.284448 -0.489582 0.235052
v 0.286413 -0.480217 0.233947
v 0.278671 -0.471530 0.232224
v 0.267318 -0.471412 0.230552
v 0.268499 -0.471649 0.275914
v 0.285667 -0.480456 0.186947
v 0.278350 -0.471572 0.185373
v 0.266483 -0.471266 0.184104
v 0.253865 -0.471449 0.182725
v 0.255245 -0.471617 0.229101
v 0.277368 -0.471841 0.140329
v 0.266247 -0.471094 0.139364
v 0.254311 -0.471331 0.138034
v 0.241184 -0.471446 0.136403
v 0.239535 -0.471445 0.180904
v 0.266826 -0.470899 0.098129
v 0.254890 -0.471181 0.098765
v 0.242215 -0.471406 0.099048
v 0.228408 -0.471360 0.099438
v 0.227398 -0.471365 0.134541
v 0.257469 -0.470970 0.057768
v 0.268945 -0.470616 0.056744
v 0.272981 -0.470666 0.009622
v 0.262850 -0.470773 0.010998
v 0.274935 -0.470716 -0.024383
v 0.265381 -0.470666 -0.023866
v 0.275539 -0.471343 -0.061279
v 0.265437 -0.470678 -0.063505
v 0.255053 -0.471250 -0.065096
v 0.244543 -0.470637 -0.066403
v 0.263828 -0.471035 -0.114096
v 0.252573 -0.471101 -0.115126
v 0.240107 -0.470022 -0.116362
v 0.221967 -0.467539 -0.116756
v 0.231018 -0.469012 -0.067328
v 0.248512 -0.470909 -0.165260
v 0.232470 -0.469054 -0.167560
v 0.209266 -0.465359 -0.167252
v 0.245472 -0.470616 -0.209112
v 0.261147 -0.471415 -0.164951
v 0.260264 -0.471403 -0.208348
v 0.274149 -0.471078 -0.165137
v 0.273802 -0.471235 -0.208334
v 0.274864 -0.470165 -0.251822
v 0.284375 -0.478662 -0.208475
v 0.285174 -0.480047 -0.252353
v 0.285916 -0.481409 -0.299795
v 0.282941 -0.490130 -0.253274
v 0.282755 -0.490139 -0.301163
v 0.282647 -0.489970 -0.336926
v 0.286634 -0.482452 -0.336232
v 0.282979 -0.489507 -0.359160
v 0.286578 -0.483257 -0.359187
v 0.283398 -0.489734 -0.371439
v 0.286998 -0.483952 -0.371475
v 0.272511 -0.489589 -0.358990
v 0.273094 -0.489605 -0.371252
v 0.260937 -0.489325 -0.358453
v 0.261920 -0.489335 -0.370858
v 0.262244 -0.489297 -0.380607
v 0.247337 -0.488937 -0.369756
v 0.247649 -0.488925 -0.379812
v 0.247885 -0.488570 -0.389532
v 0.262374 -0.489158 -0.389482
v 0.247851 -0.481730 -0.393822
v 0.262132 -0.483002 -0.393561
v 0.247341 -0.471433 -0.391071
v 0.262289 -0.473699 -0.390782
v 0.220645 -0.480358 -0.393801
v 0.220455 -0.488211 -0.389956
v 0.178550 -0.486888 -0.390391
v 0.220613 -0.488195 -0.379308
v 0.179086 -0.486982 -0.379602
v 0.130439 -0.485653 -0.378245
v 0.179852 -0.487069 -0.367579
v 0.130551 -0.485754 -0.366474
v 0.180962 -0.487211 -0.355323
v 0.130725 -0.486011 -0.354089
v 0.080505 -0.484972 -0.352108
v 0.131359 -0.486596 -0.337026
v 0.080468 -0.485596 -0.334807
v 0.027451 -0.484555 -0.333021
v 0.081659 -0.486761 -0.304087
v 0.028560 -0.485952 -0.300290
v -0.027191 -0.486101 -0.297789
v -0.029197 -0.484205 -0.331960
v -0.083799 -0.486282 -0.297164
v -0.024594 -0.489059 -0.244276
v -0.082097 -0.489220 -0.243679
v -0.140083 -0.489394 -0.242887
v -0.079725 -0.490079 -0.191533
v -0.137353 -0.490080 -0.190823
v -0.193114 -0.490080 -0.189824
v -0.134427 -0.490079 -0.139938
v -0.190719 -0.490079 -0.139482
v -0.224682 -0.490079 -0.139230
v -0.188089 -0.490079 -0.088739
v -0.223520 -0.490079 -0.088452
v -0.240692 -0.490079 -0.088327
v -0.223667 -0.490078 -0.037434
v -0.241337 -0.490078 -0.037092
v -0.223535 -0.490077 0.013159
v -0.242323 -0.490078 0.013412
v -0.256121 -0.490079 0.013234
v -0.241869 -0.490078 0.064286
v -0.255909 -0.490078 0.064732
v -0.268213 -0.490073 0.064841
v -0.254358 -0.490079 0.114294
v -0.266535 -0.490070 0.114366
v -0.278820 -0.489878 0.113802
v -0.280508 -0.490053 0.065261
v -0.286958 -0.483463 0.113897
v -0.287118 -0.482904 0.065937
v -0.284475 -0.471574 0.114303
v -0.283714 -0.471377 0.067436
v -0.273036 -0.471208 0.114982
v -0.272904 -0.471473 0.068243
v -0.260116 -0.470658 0.115869
v -0.260710 -0.471352 0.068732
v -0.261726 -0.471145 0.017775
v -0.247599 -0.470845 0.068916
v -0.248995 -0.470689 0.017981
v -0.227960 -0.471142 0.069448
v -0.246263 -0.469517 0.117476
v -0.228264 -0.471523 0.119112
v -0.199209 -0.471491 0.121212
v -0.246880 -0.470006 0.169770
v -0.260024 -0.470821 0.168715
v -0.261309 -0.471384 0.217900
v -0.248319 -0.470557 0.218531
v -0.263333 -0.471455 0.265302
v -0.276164 -0.471601 0.265208
v -0.277759 -0.471750 0.302756
v -0.265470 -0.471461 0.300843
v -0.273750 -0.471730 0.217234
v -0.284432 -0.475464 0.216764
v -0.285755 -0.475107 0.265134
v -0.272419 -0.471427 0.168009
v -0.283393 -0.474739 0.166608
v -0.285692 -0.484910 0.165582
v -0.286513 -0.485307 0.216616
v -0.277282 -0.489966 0.216528
v -0.277037 -0.489938 0.264536
v -0.286192 -0.486066 0.264483
v -0.276932 -0.489841 0.165807
v -0.264641 -0.490050 0.166100
v -0.264536 -0.490073 0.216564
v -0.252246 -0.490080 0.216609
v -0.251488 -0.490082 0.265465
v -0.264274 -0.490068 0.264942
v -0.252544 -0.490077 0.165901
v -0.237672 -0.490079 0.165686
v -0.236469 -0.490081 0.216632
v -0.240012 -0.490079 0.114192
v -0.220002 -0.490079 0.114078
v -0.216733 -0.490079 0.165463
v -0.222675 -0.490078 0.063833
v -0.178757 -0.490078 0.063106
v -0.175062 -0.490078 0.113636
v -0.182170 -0.490077 0.012618
v -0.124977 -0.490077 0.011710
v -0.121659 -0.490077 0.062168
v -0.185228 -0.490078 -0.037922
v -0.128184 -0.490078 -0.038740
v -0.070616 -0.490078 -0.039867
v -0.067604 -0.490077 0.010480
v -0.131334 -0.490078 -0.089303
v -0.073720 -0.490078 -0.090194
v -0.015606 -0.490078 -0.091721
v -0.012739 -0.490077 -0.041474
v -0.076859 -0.490079 -0.140594
v -0.018718 -0.490079 -0.141775
v 0.039944 -0.490078 -0.144111
v 0.042949 -0.490078 -0.094082
v -0.021788 -0.490079 -0.192305
v 0.036325 -0.490077 -0.194042
v 0.094215 -0.490075 -0.198352
v 0.098797 -0.490078 -0.148311
v 0.032122 -0.488815 -0.246194
v 0.087421 -0.488899 -0.250311
v 0.142299 -0.489740 -0.256011
v 0.151457 -0.490075 -0.205050
v 0.133979 -0.487700 -0.308649
v 0.186956 -0.488692 -0.312155
v 0.196809 -0.490054 -0.261267
v 0.182891 -0.487651 -0.338993
v 0.222921 -0.488540 -0.339571
v 0.224321 -0.489496 -0.310831
v 0.222026 -0.488275 -0.355822
v 0.246386 -0.488935 -0.357396
v 0.244907 -0.489076 -0.339580
v 0.221244 -0.488214 -0.367896
v 0.259233 -0.489430 -0.338793
v 0.258584 -0.490023 -0.305112
v 0.244180 -0.489879 -0.308066
v 0.258633 -0.490073 -0.257674
v 0.245814 -0.490073 -0.259869
v 0.227860 -0.490075 -0.261354
v 0.246517 -0.490064 -0.209416
v 0.230361 -0.490066 -0.210205
v 0.204657 -0.490069 -0.209727
v 0.231240 -0.490070 -0.159446
v 0.207848 -0.490073 -0.157872
v 0.156966 -0.490078 -0.153741
v 0.209935 -0.490077 -0.104552
v 0.159419 -0.490078 -0.101427
v 0.101435 -0.490078 -0.097530
v 0.161065 -0.490078 -0.048814
v 0.103467 -0.490077 -0.046298
v 0.045395 -0.490077 -0.043656
v 0.104850 -0.490077 0.004643
v 0.047398 -0.490077 0.006846
v -0.010156 -0.490077 0.008827
v 0.049099 -0.490076 0.057369
v -0.007761 -0.490076 0.059323
v -0.064656 -0.490076 0.060941
v -0.005519 -0.490076 0.110080
v -0.061731 -0.490077 0.111752
v -0.118179 -0.490077 0.112917
v -0.058801 -0.490078 0.163209
v -0.114527 -0.490078 0.164378
v -0.170831 -0.490079 0.165050
v -0.110763 -0.490080 0.216643
v -0.166202 -0.490080 0.216877
v -0.214290 -0.490080 0.216724
v -0.161353 -0.490082 0.269236
v -0.210998 -0.490082 0.267396
v -0.234958 -0.490082 0.266148
v -0.206410 -0.490084 0.315909
v -0.232929 -0.490084 0.312593
v -0.249853 -0.490084 0.309345
v -0.231038 -0.490085 0.338770
v -0.248557 -0.490085 0.337458
v -0.261788 -0.490077 0.336221
v -0.262588 -0.490081 0.306931
v -0.273549 -0.490010 0.334899
v -0.274413 -0.490054 0.305191
v -0.284031 -0.489729 0.333559
v -0.284201 -0.490028 0.303559
v -0.286265 -0.481180 0.332323
v -0.287003 -0.480003 0.303224
v -0.278467 -0.472639 0.331261
v -0.286325 -0.481255 0.354461
v -0.279602 -0.472674 0.353457
v -0.268727 -0.471377 0.352386
v -0.267356 -0.471339 0.330408
v -0.257361 -0.470532 0.350986
v -0.244952 -0.469549 0.348787
v -0.269520 -0.471360 0.366434
v -0.258469 -0.470595 0.365063
v -0.245569 -0.469485 0.363439
v -0.226075 -0.467774 0.361862
v -0.227670 -0.467987 0.346623
v -0.259380 -0.470756 0.376218
v -0.246117 -0.469668 0.375696
v -0.224696 -0.468021 0.374729
v -0.192144 -0.467354 0.372931
v -0.192516 -0.466663 0.360200
v -0.246629 -0.472014 0.386924
v -0.223268 -0.470349 0.387426
v -0.191005 -0.469993 0.385748
v -0.146658 -0.469693 0.384766
v -0.145150 -0.467657 0.372299
v -0.223081 -0.480870 0.393446
v -0.189195 -0.478727 0.393777
v -0.147314 -0.474154 0.393648
v -0.094541 -0.475169 0.393974
v -0.092755 -0.469877 0.385257
v -0.188544 -0.489797 0.391486
v -0.148369 -0.486001 0.393924
v -0.097027 -0.486823 0.393781
v -0.042104 -0.487392 0.393791
v -0.040400 -0.477255 0.393844
v -0.150238 -0.489908 0.384360
v -0.098937 -0.490000 0.383673
v -0.043542 -0.490001 0.383200
v 0.005724 -0.490033 0.381672
v 0.006831 -0.489524 0.392098
v -0.100402 -0.490076 0.371255
v -0.044985 -0.490076 0.370398
v 0.004729 -0.490087 0.368926
v 0.056989 -0.490081 0.367669
v 0.058177 -0.490072 0.379941
v -0.046415 -0.490085 0.358016
v 0.004110 -0.490085 0.356310
v 0.056249 -0.490085 0.355123
v 0.108372 -0.490084 0.353397
v 0.108835 -0.490083 0.365991
v 0.003544 -0.490084 0.340713
v 0.055963 -0.490084 0.338910
v 0.107934 -0.490083 0.336733
v 0.157743 -0.490082 0.334496
v 0.156213 -0.490083 0.351402
v 0.055395 -0.490083 0.315340
v 0.107710 -0.490082 0.311240
v 0.159521 -0.490081 0.305141
v 0.209757 -0.490080 0.297224
v 0.206676 -0.490082 0.331824
v 0.107714 -0.490080 0.259488
v 0.161530 -0.490079 0.253492
v 0.211846 -0.490078 0.247535
v 0.234262 -0.490079 0.244243
v 0.233202 -0.490080 0.292156
v 0.162757 -0.490078 0.202453
v 0.212574 -0.490078 0.198309
v 0.235198 -0.490079 0.195731
v 0.250802 -0.490079 0.193839
v 0.250047 -0.490079 0.241697
v 0.212825 -0.490079 0.149405
v 0.235513 -0.490079 0.147601
v 0.250890 -0.490079 0.146411
v 0.262720 -0.490082 0.145473
v 0.262713 -0.490072 0.192131
v 0.234796 -0.490078 0.100965
v 0.250036 -0.490078 0.100272
v 0.261814 -0.490072 0.099254
v 0.273326 -0.490040 0.098235
v 0.273846 -0.490109 0.144297
v 0.248897 -0.490077 0.053149
v 0.259926 -0.490068 0.053273
v 0.271491 -0.490007 0.053530
v 0.281499 -0.489695 0.053732
v 0.283313 -0.489600 0.097737
v 0.286009 -0.480807 0.097582
v 0.285532 -0.480602 0.141346
v 0.283926 -0.490291 0.142852
v 0.286014 -0.482166 0.055264
v 0.280017 -0.473109 0.055891
v 0.278372 -0.471827 0.097667
v 0.282096 -0.474297 0.008051
v 0.285080 -0.489933 0.188840
v 0.274673 -0.490019 0.190430
v 0.274041 -0.490082 0.237041
v 0.261887 -0.490080 0.239427
v 0.261418 -0.490077 0.285165
v 0.249277 -0.490079 0.288307
v 0.248899 -0.490081 0.326333
v 0.232420 -0.490081 0.329014
v 0.232242 -0.490082 0.349355
v 0.203656 -0.490082 0.350024
v 0.200920 -0.490080 0.363604
v 0.154188 -0.490078 0.364353
v 0.151938 -0.490027 0.376590
v 0.109005 -0.490059 0.377743
v 0.109125 -0.489972 0.389339
v 0.058518 -0.490107 0.390824
v 0.058871 -0.479038 0.393924
v 0.008202 -0.478677 0.393056
v 0.009260 -0.469872 0.384537
v -0.039252 -0.469856 0.384945
v -0.038081 -0.467786 0.374017
v -0.090337 -0.468221 0.373288
v -0.087756 -0.467970 0.361238
v -0.143183 -0.467342 0.360033
v -0.140232 -0.467242 0.345296
v -0.195004 -0.466244 0.345293
v -0.137273 -0.466934 0.324322
v 0.249228 -0.490076 -0.000023
v 0.233908 -0.490078 0.052763
v 0.233848 -0.490078 0.001008
v 0.233117 -0.490078 -0.050240
v 0.248782 -0.490075 -0.050017
v 0.232419 -0.490075 -0.105790
v 0.248089 -0.490073 -0.104812
v 0.260259 -0.490056 -0.104597
v 0.246933 -0.490067 -0.160486
v 0.259356 -0.490048 -0.161300
v 0.272302 -0.489835 -0.163086
v 0.283390 -0.487214 -0.164193
v 0.258746 -0.490060 -0.208520
v 0.271649 -0.490030 -0.208207
v 0.282454 -0.490074 -0.208238
v 0.283322 -0.476613 -0.165047
v 0.271324 -0.490085 -0.254516
v 0.270518 -0.490073 -0.302819
v 0.271317 -0.489719 -0.337705
v 0.275177 -0.471650 -0.112635
v 0.284078 -0.479004 -0.109806
v 0.210997 -0.490078 -0.050268
v 0.211490 -0.490077 0.001420
v 0.162093 -0.490077 0.002646
v 0.211782 -0.490078 0.052677
v 0.162701 -0.490077 0.053531
v 0.105941 -0.490076 0.055307
v 0.163097 -0.490077 0.103400
v 0.106760 -0.490077 0.105628
v 0.050615 -0.490076 0.107974
v 0.107374 -0.490077 0.155903
v 0.051968 -0.490077 0.158921
v -0.003377 -0.490078 0.161385
v 0.053203 -0.490079 0.210767
v -0.001261 -0.490080 0.213700
v -0.055842 -0.490080 0.215651
v 0.000804 -0.490082 0.267659
v -0.052797 -0.490082 0.269646
v -0.106983 -0.490082 0.270195
v -0.050043 -0.490084 0.319901
v -0.103784 -0.490084 0.320444
v -0.157165 -0.490084 0.319094
v -0.101961 -0.490085 0.343151
v -0.154926 -0.490085 0.342550
v -0.202313 -0.490085 0.340438
v -0.152945 -0.490084 0.358639
v -0.198164 -0.490086 0.356675
v -0.229289 -0.490086 0.355212
v -0.193996 -0.490077 0.369571
v -0.227485 -0.490087 0.367916
v -0.248033 -0.490086 0.368576
v -0.248124 -0.490086 0.355239
v -0.261991 -0.490085 0.369005
v -0.261787 -0.490085 0.355365
v -0.273864 -0.490079 0.368937
v -0.273677 -0.490085 0.355253
v -0.283954 -0.490036 0.368813
v -0.283869 -0.490125 0.354966
v -0.286381 -0.481126 0.368265
v -0.279941 -0.472621 0.367258
v -0.261945 -0.490056 0.380500
v -0.247815 -0.490050 0.380008
v -0.247503 -0.489800 0.390494
v -0.261513 -0.489434 0.390741
v -0.247136 -0.480998 0.393037
v -0.260642 -0.480930 0.393151
v -0.259957 -0.472159 0.386628
v -0.224390 -0.490096 0.390428
v -0.226139 -0.490078 0.379557
v -0.190604 -0.490021 0.382126
v -0.151940 -0.490065 0.371286
v -0.101600 -0.490085 0.359021
v -0.048127 -0.490085 0.342341
v 0.002611 -0.490084 0.318281
v 0.054369 -0.490081 0.264298
v 0.107684 -0.490078 0.206924
v 0.163181 -0.490078 0.152522
v 0.212356 -0.490078 0.101758
v 0.208031 -0.467579 -0.067571
v 0.201808 -0.464733 -0.116969
v 0.162862 -0.464898 -0.107166
v 0.161830 -0.467288 -0.066069
v 0.126856 -0.469555 -0.066032
v 0.127098 -0.471263 -0.028927
v 0.163321 -0.471497 -0.028151
v 0.125832 -0.468656 -0.101716
v 0.164687 -0.464853 -0.145765
v 0.125782 -0.468185 -0.140740
v 0.169201 -0.464822 -0.181328
v 0.129624 -0.466550 -0.179951
v 0.102630 -0.471424 -0.178419
v 0.132818 -0.466058 -0.206590
v 0.101541 -0.471553 -0.205978
v 0.134690 -0.466139 -0.230795
v 0.099534 -0.471608 -0.230995
v 0.133555 -0.466532 -0.258999
v 0.170076 -0.464812 -0.204772
v 0.200203 -0.464764 -0.207379
v 0.129415 -0.471329 0.007813
v 0.166704 -0.471439 0.005098
v 0.132936 -0.468232 0.037008
v 0.170258 -0.467097 0.029281
v 0.136319 -0.467298 0.067093
v 0.109031 -0.470854 0.098626
v 0.137750 -0.466729 0.097684
v 0.107715 -0.470876 0.130448
v 0.131544 -0.466726 0.129293
v 0.103803 -0.471308 0.165719
v 0.125796 -0.467179 0.165446
v 0.161754 -0.464899 0.166181
v 0.119951 -0.468910 0.198665
v 0.197835 -0.463388 0.171488
v 0.095535 -0.471474 0.197347
v 0.090187 -0.471472 0.166776
v 0.077495 -0.468517 0.166614
v 0.092476 -0.471506 0.130864
v 0.241305 -0.471579 0.227405
v 0.230143 -0.471263 0.269539
v 0.246781 -0.471787 0.273404
v 0.258179 -0.471847 0.274716
v 0.248236 -0.471743 0.311979
v 0.259466 -0.471623 0.314380
v 0.270579 -0.471036 0.315558
v 0.260029 -0.471394 0.344677
v 0.271414 -0.470700 0.346593
v 0.282123 -0.470552 0.347631
v 0.271825 -0.470679 0.363754
v 0.281467 -0.470900 0.364242
v 0.287034 -0.481357 0.364098
v 0.283240 -0.490005 0.375067
v 0.261414 -0.471034 0.362629
v 0.262860 -0.470551 0.374305
v 0.249583 -0.471524 0.359938
v 0.250313 -0.470471 0.371145
v 0.250603 -0.470480 0.380686
v 0.263337 -0.470828 0.383065
v 0.250905 -0.471561 0.389821
v 0.263353 -0.471309 0.390693
v 0.250852 -0.477199 0.393914
v 0.230122 -0.470381 0.387166
v 0.230071 -0.469430 0.376684
v 0.196533 -0.467196 0.371021
v 0.230042 -0.469154 0.365901
v 0.197421 -0.466781 0.358382
v 0.151468 -0.466811 0.351269
v 0.198268 -0.466561 0.341857
v 0.151676 -0.466206 0.332131
v 0.198772 -0.465308 0.319561
v 0.152349 -0.465383 0.311339
v 0.199062 -0.467599 0.295719
v 0.153966 -0.471570 0.288303
v 0.199645 -0.471417 0.260760
v 0.155397 -0.471716 0.254520
v 0.231514 -0.469653 0.307142
v 0.230540 -0.469693 0.332869
v 0.248546 -0.471733 0.341067
v 0.230233 -0.469347 0.352732
v -0.074016 -0.452691 0.223955
v -0.095585 -0.443194 0.223729
v -0.096700 -0.455793 0.221285
v -0.105767 -0.445178 0.204439
v -0.103031 -0.456084 0.202954
v 0.056551 -0.431998 0.221843
v 0.052691 -0.407084 0.221800
v 0.035565 -0.407081 0.221739
v 0.050319 -0.388154 0.221771
v 0.033696 -0.387788 0.221664
v 0.004978 -0.387276 0.221586
v 0.032808 -0.375621 0.221623
v 0.003953 -0.373962 0.221543
v -0.037931 -0.373265 0.221376
v 0.003163 -0.364408 0.217913
v -0.037762 -0.364451 0.216582
v -0.069953 -0.364452 0.216158
v -0.037699 -0.365813 0.205524
v -0.068248 -0.365699 0.205461
v -0.080775 -0.365467 0.206416
v -0.037648 -0.360567 0.198420
v -0.066738 -0.361646 0.198443
v -0.037759 -0.346893 0.200873
v -0.065063 -0.349302 0.199045
v -0.037533 -0.330358 0.208433
v -0.063962 -0.331555 0.204577
v -0.075740 -0.330899 0.199019
v -0.061833 -0.296259 0.208977
v -0.073085 -0.294696 0.199059
v -0.085724 -0.293514 0.198051
v -0.086806 -0.331294 0.198102
v -0.091267 -0.292880 0.189838
v -0.085449 -0.245622 0.198293
v -0.091038 -0.244792 0.188499
v -0.091910 -0.244877 0.173979
v -0.092020 -0.293514 0.176583
v -0.099963 -0.244514 0.161235
v -0.099896 -0.292549 0.157992
v -0.091508 -0.196861 0.173224
v -0.099993 -0.196354 0.160970
v -0.099969 -0.196009 0.140831
v -0.097975 -0.152998 0.107626
v -0.094975 -0.116001 0.106149
v -0.095690 -0.119345 0.075493
v -0.095954 -0.155262 0.075357
v -0.092166 -0.087620 0.078157
v -0.093294 -0.096239 0.055468
v -0.090984 -0.082145 0.103783
v -0.090893 -0.060119 0.101853
v -0.094982 -0.066682 0.082480
v -0.090620 -0.053124 0.129385
v -0.090506 -0.040273 0.123547
v -0.090851 -0.046162 0.100679
v -0.090799 -0.045535 0.152261
v -0.090472 -0.033114 0.146600
v -0.087816 -0.022824 0.140798
v -0.089387 -0.028416 0.118551
v -0.091072 -0.042750 0.169349
v -0.091045 -0.026981 0.165797
v -0.088821 -0.015320 0.159735
v -0.078627 -0.013142 0.157674
v -0.078064 -0.015701 0.136169
v -0.090937 -0.024313 0.179557
v -0.090730 -0.042241 0.182483
v -0.088186 -0.041175 0.193868
v -0.088480 -0.024205 0.191955
v -0.076891 -0.042151 0.197901
v -0.076739 -0.025828 0.197771
v -0.063431 -0.043617 0.197930
v -0.063016 -0.030116 0.197754
v -0.042450 -0.045143 0.197622
v -0.042861 -0.035219 0.197199
v -0.043377 -0.027129 0.195673
v -0.043567 -0.019231 0.191263
v -0.011195 -0.031213 0.198071
v 0.013146 -0.024294 0.198280
v -0.008839 -0.042775 0.198053
v 0.016516 -0.037004 0.198255
v 0.032897 -0.032854 0.198279
v 0.028915 -0.017119 0.198193
v -0.007622 -0.061255 0.198042
v 0.019221 -0.059033 0.198280
v 0.033420 -0.058448 0.199379
v 0.045678 -0.058366 0.199271
v 0.019602 -0.098865 0.200676
v 0.033515 -0.099726 0.201601
v 0.046281 -0.100034 0.198820
v 0.055449 -0.100540 0.194453
v 0.055375 -0.058419 0.194179
v 0.033785 -0.145486 0.201222
v 0.047390 -0.144852 0.198392
v 0.055158 -0.144357 0.194554
v 0.055593 -0.143772 0.183683
v 0.055517 -0.101503 0.183697
v 0.046670 -0.192376 0.198344
v 0.055383 -0.191998 0.193853
v 0.055487 -0.191111 0.182613
v 0.055569 -0.189585 0.171032
v 0.057352 -0.143189 0.171937
v 0.055571 -0.243797 0.191836
v 0.055464 -0.243525 0.178820
v 0.060031 -0.243473 0.167550
v 0.063962 -0.243042 0.150871
v 0.063131 -0.190380 0.153480
v 0.055338 -0.292073 0.178703
v 0.061692 -0.291475 0.166291
v 0.064277 -0.291050 0.147423
v 0.060202 -0.332394 0.166300
v 0.055626 -0.334554 0.178488
v 0.055964 -0.354055 0.178264
v 0.055549 -0.334516 0.191738
v 0.057462 -0.365635 0.178867
v 0.065781 -0.365808 0.180009
v 0.066817 -0.376159 0.195619
v 0.067226 -0.375559 0.180638
v 0.066135 -0.387660 0.196820
v 0.066559 -0.388817 0.182825
v 0.065927 -0.408384 0.197451
v 0.066563 -0.410570 0.184894
v 0.066033 -0.387839 0.210075
v 0.065857 -0.407279 0.208485
v 0.063049 -0.388383 0.221675
v 0.065794 -0.407041 0.218645
v 0.065797 -0.432338 0.215915
v 0.066288 -0.376532 0.209577
v 0.062000 -0.376927 0.222025
v 0.049004 -0.376372 0.221710
v 0.031905 -0.366551 0.221404
v 0.031245 -0.365495 0.210460
v 0.002779 -0.365695 0.206986
v 0.030258 -0.363038 0.198330
v 0.002401 -0.361007 0.198399
v 0.028838 -0.351012 0.198531
v 0.001981 -0.347729 0.200332
v 0.027336 -0.332112 0.202796
v 0.000976 -0.331357 0.208118
v 0.022268 -0.296640 0.207750
v -0.001838 -0.298021 0.208167
v -0.036770 -0.297678 0.208254
v -0.004571 -0.247012 0.206915
v -0.037343 -0.247331 0.207521
v -0.059632 -0.246916 0.206615
v -0.038214 -0.197310 0.207286
v -0.059661 -0.197401 0.206777
v -0.072376 -0.197648 0.198840
v -0.072568 -0.246368 0.199446
v -0.084940 -0.197534 0.198245
v -0.073699 -0.150615 0.199446
v -0.085194 -0.151701 0.196037
v -0.090372 -0.152338 0.186638
v -0.090904 -0.197179 0.187841
v -0.090604 -0.109726 0.186854
v -0.087705 -0.107805 0.197376
v -0.089954 -0.067441 0.195589
v -0.090767 -0.068669 0.184997
v -0.075575 -0.106098 0.198302
v -0.077240 -0.066715 0.198252
v -0.061641 -0.103584 0.198603
v -0.062587 -0.065924 0.198042
v -0.040407 -0.100697 0.198037
v -0.041562 -0.064260 0.197755
v -0.006825 -0.098585 0.198393
v -0.038952 -0.147842 0.207090
v -0.007213 -0.146630 0.205502
v 0.019055 -0.146163 0.204286
v -0.006320 -0.196239 0.205882
v 0.021976 -0.194651 0.205186
v 0.033843 -0.193023 0.200658
v 0.021109 -0.245969 0.206755
v 0.034056 -0.245186 0.199093
v 0.047268 -0.244378 0.198224
v 0.035687 -0.294614 0.198582
v 0.049266 -0.293216 0.198126
v 0.055538 -0.292553 0.190857
v 0.051190 -0.333393 0.197942
v 0.039730 -0.332497 0.198321
v -0.060722 -0.149386 0.205445
v 0.064096 -0.193951 0.122909
v 0.063782 -0.143693 0.121555
v 0.063008 -0.143243 0.153030
v 0.055616 -0.107379 0.123882
v 0.055369 -0.104021 0.154663
v 0.055488 -0.102577 0.172227
v 0.055242 -0.063455 0.153363
v 0.055411 -0.059734 0.170669
v 0.055488 -0.058922 0.182467
v 0.055258 -0.031725 0.166433
v 0.054927 -0.035907 0.148209
v 0.055096 -0.067751 0.124196
v 0.055175 -0.068472 0.093413
v 0.057073 -0.110065 0.093817
v 0.056058 -0.111997 0.072391
v 0.060680 -0.071021 0.075633
v 0.064229 -0.146266 0.093617
v 0.057291 -0.147623 0.071711
v 0.062608 -0.072170 0.058139
v 0.063857 -0.029938 0.062189
v 0.065720 -0.030513 0.040865
v 0.066258 0.015351 0.039003
v 0.064216 0.014808 0.057381
v 0.064621 -0.073362 0.036400
v 0.065752 -0.073056 0.000404
v 0.066758 -0.031152 0.003007
v 0.055806 -0.105804 0.000011
v 0.066145 -0.068671 -0.039605
v 0.055196 -0.126005 -0.000737
v 0.052768 -0.139051 0.000702
v 0.041336 -0.140932 0.026892
v 0.042598 -0.140728 0.002709
v 0.042403 -0.140854 -0.024696
v 0.031188 -0.140847 -0.021760
v 0.031172 -0.140892 -0.041175
v 0.042821 -0.141504 -0.042646
v 0.030771 -0.140897 0.005330
v 0.013581 -0.140870 0.009393
v 0.015209 -0.140810 -0.017475
v 0.029148 -0.140988 0.028811
v 0.011036 -0.140973 0.032897
v -0.013230 -0.140905 0.036925
v -0.009485 -0.140820 0.014752
v 0.027758 -0.156876 0.043288
v 0.008740 -0.158916 0.043222
v -0.014415 -0.160623 0.043055
v -0.035259 -0.161272 0.042793
v -0.035876 -0.141101 0.037387
v 0.005992 -0.187709 0.043076
v -0.014403 -0.187590 0.037986
v -0.033485 -0.188279 0.041780
v -0.051824 -0.188851 0.042588
v -0.052822 -0.160427 0.042458
v -0.017887 -0.234642 0.037750
v -0.034211 -0.234494 0.040173
v -0.051092 -0.235264 0.042885
v -0.067740 -0.190326 0.042504
v -0.078558 -0.158484 0.042218
v -0.066667 -0.159551 0.042265
v -0.065341 -0.141385 0.035903
v -0.052354 -0.141661 0.034791
v -0.077284 -0.141449 0.036641
v -0.077916 -0.140692 0.019702
v -0.066478 -0.140707 0.017736
v -0.067027 -0.140578 -0.008084
v -0.051804 -0.140622 -0.008748
v -0.051502 -0.140731 0.015456
v -0.079176 -0.140485 -0.006971
v -0.076971 -0.140572 -0.031876
v -0.066364 -0.140710 -0.031091
v -0.090525 -0.139161 -0.005749
v -0.091183 -0.125553 -0.005188
v -0.092712 -0.103036 0.028980
v -0.091894 -0.105013 -0.003844
v -0.091229 -0.105347 -0.038915
v -0.065967 -0.149944 -0.046752
v -0.052035 -0.153073 -0.047001
v -0.052166 -0.140778 -0.031509
v -0.076184 -0.147259 -0.046963
v -0.032236 -0.154154 -0.047204
v -0.032626 -0.140823 -0.032866
v -0.031603 -0.140676 -0.009544
v -0.006929 -0.141036 -0.035060
v -0.007011 -0.140746 -0.012469
v -0.032009 -0.140764 0.016092
v 0.015395 -0.140924 -0.038233
v -0.007615 -0.153613 -0.047168
v 0.015335 -0.153101 -0.047383
v 0.031058 -0.153628 -0.047551
v 0.016033 -0.173694 -0.047698
v 0.032053 -0.175548 -0.047794
v 0.045701 -0.177778 -0.048002
v 0.042442 -0.154095 -0.047620
v 0.055435 -0.179710 -0.058778
v 0.057098 -0.180073 -0.078911
v 0.061448 -0.222350 -0.115654
v 0.059843 -0.179448 -0.111099
v 0.058362 -0.140576 -0.107678
v 0.059962 -0.179617 -0.150914
v 0.057713 -0.137892 -0.149469
v 0.055153 -0.096842 -0.147877
v 0.056000 -0.137321 -0.172777
v 0.055286 -0.093563 -0.170819
v 0.055370 -0.059702 -0.166873
v 0.055044 -0.064432 -0.144770
v 0.055323 -0.041011 -0.162418
v 0.054964 -0.047191 -0.141211
v 0.054881 -0.029667 -0.157676
v 0.054694 -0.034700 -0.137725
v 0.051621 -0.020384 -0.152701
v 0.049924 -0.023528 -0.134411
v 0.040378 -0.015711 -0.149677
v 0.039536 -0.016802 -0.131861
v 0.026193 -0.012624 -0.126754
v 0.011174 -0.004294 -0.125046
v -0.013069 0.002819 -0.123020
v -0.006237 -0.002600 -0.105306
v -0.038421 0.007249 -0.119293
v -0.027283 0.011884 -0.103611
v -0.019158 0.014996 -0.095456
v -0.000540 0.001258 -0.095587
v 0.005560 0.019291 -0.095553
v 0.019836 0.016167 -0.095707
v 0.010807 0.052822 -0.095525
v 0.022567 0.052607 -0.092376
v 0.033803 0.053758 -0.090168
v 0.030493 0.014894 -0.090410
v 0.046432 0.054977 -0.089937
v 0.036312 0.094964 -0.089888
v 0.049362 0.094886 -0.089451
v 0.060790 0.094988 -0.084831
v 0.058029 0.056175 -0.088161
v 0.063603 0.096012 -0.070888
v 0.062908 0.057978 -0.076606
v 0.064674 0.098956 -0.047863
v 0.063830 0.059859 -0.061737
v 0.065391 0.062490 -0.046616
v 0.064285 0.016273 -0.054611
v 0.066563 0.064045 -0.022424
v 0.066671 0.017089 -0.030837
v 0.066930 -0.029990 -0.036082
v 0.066950 0.016512 0.006719
v 0.064333 0.127439 -0.070551
v 0.064771 0.125738 -0.051424
v 0.063763 0.163613 -0.072865
v 0.064150 0.162684 -0.060479
v 0.063069 0.208088 -0.073606
v 0.063495 0.207688 -0.063109
v 0.064058 0.207356 -0.051841
v 0.061704 0.256970 -0.063582
v 0.061456 0.257239 -0.052767
v 0.066588 0.206786 -0.032819
v 0.066897 0.205427 -0.002571
v 0.066963 0.201698 0.026163
v 0.061499 0.257376 0.052651
v 0.064129 0.203856 0.049826
v 0.061800 0.256390 0.064006
v 0.063594 0.204160 0.063093
v 0.062018 0.255607 0.074922
v 0.062798 0.203566 0.074559
v 0.063633 0.158845 0.067532
v 0.059329 0.203029 0.082599
v 0.061434 0.158221 0.078065
v 0.062964 0.115697 0.074468
v 0.064043 0.113957 0.062077
v 0.062511 0.062562 0.076383
v 0.063765 0.064380 0.064853
v 0.065028 0.069058 0.048220
v 0.055316 0.117772 0.083024
v 0.054896 0.061818 0.083499
v 0.041722 0.120632 0.084774
v 0.042849 0.061860 0.084620
v 0.023813 0.125691 0.087857
v 0.025562 0.069512 0.087471
v 0.015657 0.057534 0.090506
v -0.006221 0.056744 0.090740
v -0.028468 0.062591 0.090569
v 0.001594 0.125976 0.089665
v 0.025798 0.157164 0.087531
v 0.002315 0.155597 0.090485
v -0.020943 0.149215 0.090662
v 0.028065 0.201358 0.087421
v 0.005484 0.200603 0.090373
v -0.024694 0.197771 0.090695
v 0.005944 0.252806 0.087238
v -0.027462 0.251361 0.087241
v -0.054679 0.249178 0.085968
v -0.050001 0.184176 0.088453
v -0.041978 0.133354 0.088996
v -0.070979 0.247416 0.084918
v -0.069751 0.189373 0.085297
v -0.047366 0.107276 0.090266
v -0.065030 0.123725 0.086827
v -0.044171 0.103893 0.086395
v -0.040030 0.101021 0.086530
v -0.040953 0.111713 0.087072
v -0.043830 0.110903 0.089609
v -0.037989 0.106001 0.081629
v -0.038215 0.108321 0.082649
v -0.036429 0.110588 0.079090
v -0.036511 0.110906 0.079345
v -0.036594 0.111224 0.079600
v -0.038061 0.107436 0.082084
v -0.036677 0.111542 0.079856
v -0.036759 0.111860 0.080111
v -0.037848 0.108864 0.081940
v -0.037900 0.109296 0.082164
v -0.036842 0.112179 0.080366
v -0.036925 0.112497 0.080621
v -0.038276 0.108807 0.082903
v -0.037007 0.112815 0.080877
v -0.037090 0.113133 0.081132
v -0.038091 0.110364 0.082857
v -0.037182 0.113488 0.081417
v -0.037289 0.113901 0.081748
v -0.038431 0.109659 0.083462
v -0.038686 0.111317 0.084444
v -0.036980 0.115742 0.081748
v -0.038071 0.114419 0.083984
v -0.038365 0.114037 0.084733
v -0.038813 0.112157 0.084933
v -0.038972 0.112270 0.085325
v -0.038013 0.118856 0.088205
v -0.036346 0.110270 0.078835
v -0.036182 0.109637 0.078327
v -0.082104 0.191532 0.084205
v -0.083744 0.129728 0.084505
v -0.083725 0.080056 0.085098
v -0.093897 0.082230 0.083673
v -0.091113 0.040711 0.084615
v -0.080734 0.039053 0.085715
v -0.098705 0.083388 0.073878
v -0.098138 0.042085 0.079094
v -0.100028 0.084614 0.060388
v -0.098861 0.043760 0.067888
v -0.098576 0.005726 0.074432
v -0.099918 0.045147 0.056849
v -0.098961 0.004766 0.063761
v -0.098892 -0.024522 0.068100
v -0.099961 0.004008 0.051057
v -0.099485 -0.030111 0.052613
v -0.098958 -0.044399 0.067714
v -0.095896 -0.052803 0.082659
v -0.103185 0.002473 0.028084
v -0.102680 -0.036797 0.029027
v -0.102636 -0.000620 -0.007316
v -0.102593 -0.042491 -0.007620
v -0.102570 -0.003756 -0.044492
v -0.102858 0.048200 -0.002121
v -0.102675 0.044346 -0.035332
v -0.099838 0.041223 -0.060802
v -0.099335 -0.003185 -0.064870
v -0.099098 0.038654 -0.077127
v -0.098539 -0.002322 -0.079786
v -0.098456 -0.042827 -0.077696
v -0.092427 -0.001251 -0.089758
v -0.095160 -0.040308 -0.089192
v -0.091939 0.036389 -0.089966
v -0.099287 0.073899 -0.075066
v -0.092412 0.072281 -0.090241
v -0.076465 0.071752 -0.091393
v -0.097162 0.103996 -0.084555
v -0.084745 0.106200 -0.090607
v -0.098149 0.148941 -0.083120
v -0.091937 0.149986 -0.089541
v -0.075398 0.144633 -0.091646
v -0.093415 0.200943 -0.090291
v -0.083795 0.200523 -0.091218
v -0.069291 0.194199 -0.092255
v -0.083507 0.256153 -0.090711
v -0.073845 0.256788 -0.091212
v -0.064463 0.259866 -0.091620
v -0.063047 0.201711 -0.092670
v -0.048764 0.261871 -0.091957
v -0.046081 0.203916 -0.094606
v -0.041207 0.155106 -0.094363
v -0.020346 0.206242 -0.095229
v -0.020572 0.158808 -0.095549
v 0.004107 0.208213 -0.095281
v 0.000273 0.161135 -0.095685
v 0.021960 0.209128 -0.092115
v 0.016671 0.162973 -0.095867
v 0.009658 0.122696 -0.092930
v 0.029187 0.163996 -0.090215
v 0.024830 0.126845 -0.090635
v 0.010533 0.099390 -0.092906
v 0.024223 0.095932 -0.090502
v -0.003515 0.095592 -0.093975
v 0.038248 0.128399 -0.089768
v 0.041299 0.164474 -0.089572
v 0.052614 0.164582 -0.088794
v 0.051531 0.128386 -0.089004
v 0.062232 0.164304 -0.083754
v 0.062441 0.128099 -0.083776
v 0.054874 0.208779 -0.088432
v 0.062154 0.208391 -0.083179
v 0.054656 0.257269 -0.087797
v 0.060327 0.256872 -0.082897
v 0.061734 0.256805 -0.073538
v 0.060823 0.299397 -0.083412
v 0.061189 0.299373 -0.073314
v 0.061165 0.299700 -0.062989
v 0.061572 0.332586 -0.070557
v 0.061059 0.300633 -0.052231
v 0.060395 0.333575 -0.080561
v 0.054354 0.333704 -0.087517
v 0.054651 0.299614 -0.089770
v 0.045512 0.300045 -0.090189
v 0.044703 0.332199 -0.089423
v 0.045258 0.257788 -0.089016
v 0.034684 0.258523 -0.089539
v 0.035168 0.300609 -0.090334
v 0.044704 0.209270 -0.089300
v 0.033292 0.209188 -0.090017
v 0.023608 0.259305 -0.090065
v 0.004717 0.260201 -0.091952
v 0.005688 0.304817 -0.090248
v 0.023751 0.301532 -0.090341
v 0.021576 0.331284 -0.089151
v 0.033842 0.330951 -0.089388
v 0.030628 0.347970 -0.088682
v 0.043551 0.351548 -0.088296
v 0.032041 0.360875 -0.086643
v 0.042823 0.365110 -0.085875
v 0.029587 0.370725 -0.082426
v 0.040268 0.377210 -0.084263
v 0.056394 0.375976 -0.084088
v -0.024063 0.260944 -0.091222
v -0.092727 0.255709 -0.090568
v -0.090966 0.312432 -0.090392
v -0.096677 0.312047 -0.085171
v -0.096036 0.348527 -0.084321
v -0.096699 0.255438 -0.085082
v -0.096786 0.255177 -0.075185
v -0.096551 0.311926 -0.074521
v -0.097852 0.200061 -0.083775
v -0.098528 0.198934 -0.073908
v -0.099156 0.197233 -0.064029
v -0.096806 0.255344 -0.066282
v -0.099361 0.146594 -0.071906
v -0.100092 0.142473 -0.058340
v -0.101418 0.132492 -0.036981
v -0.100234 0.193093 -0.050793
v -0.099629 0.102964 -0.070743
v -0.100371 0.102695 -0.051005
v -0.100586 0.076850 -0.054108
v -0.102161 0.082513 -0.026499
v -0.096771 0.257120 -0.053766
v -0.096081 0.316537 -0.051605
v -0.096294 0.315689 -0.066589
v -0.097185 0.256308 -0.032191
v -0.096157 0.312752 -0.025952
v -0.097705 0.253552 0.002978
v -0.096421 0.305493 0.005178
v -0.096654 0.299881 0.034273
v -0.096504 0.327871 0.033179
v -0.096196 0.334534 0.008744
v -0.098752 0.251149 0.034173
v -0.099811 0.249634 0.053099
v -0.096962 0.296563 0.052225
v -0.102359 0.199419 0.032747
v -0.100047 0.200158 0.053312
v -0.099378 0.248161 0.065085
v -0.102335 0.151672 0.031634
v -0.099521 0.160887 0.052492
v -0.100067 0.123124 0.049105
v -0.098492 0.247902 0.075721
v -0.097291 0.294078 0.076427
v -0.097170 0.294973 0.064654
v -0.096904 0.325452 0.076400
v -0.096790 0.325463 0.063171
v -0.096643 0.326270 0.048425
v -0.096503 0.346462 0.074871
v -0.092363 0.347937 0.084916
v -0.095452 0.360056 0.073377
v -0.092722 0.325923 0.084993
v -0.081049 0.326685 0.085354
v -0.080480 0.347912 0.085235
v -0.092879 0.293703 0.084117
v -0.081955 0.294110 0.084422
v -0.069352 0.295457 0.084747
v -0.093645 0.246425 0.083311
v -0.082515 0.246642 0.084161
v -0.052757 0.298081 0.085185
v -0.026697 0.301364 0.085460
v -0.094604 0.348204 -0.012060
v -0.095963 0.344856 0.009244
v -0.093735 0.350431 -0.011617
v -0.095239 0.351800 0.008227
v -0.092094 0.354631 -0.010783
v -0.091676 0.358140 -0.007926
v -0.091580 0.361058 -0.000115
v -0.090896 0.361836 -0.001326
v -0.093917 0.357657 0.003914
v -0.095782 0.340349 -0.070706
v -0.093352 0.352743 -0.052385
v -0.093170 0.360596 -0.059840
v -0.095133 0.362434 -0.072924
v -0.095110 0.363273 -0.086295
v -0.093503 0.376536 -0.073918
v -0.093898 0.375145 -0.085437
v -0.091520 0.368212 -0.064780
v -0.089099 0.360237 -0.050113
v -0.089864 0.362160 -0.047292
v -0.090300 0.356656 -0.046622
v -0.102801 0.085925 0.000512
v -0.102726 0.048504 0.025412
v -0.102493 0.086587 0.019396
v -0.101616 0.046666 0.045274
v -0.099152 0.107591 0.009231
v -0.100538 0.109509 0.013335
v 0.027462 0.252923 0.084184
v 0.039875 0.253177 0.083884
v 0.040336 0.202010 0.085560
v 0.050263 0.202571 0.083459
v 0.050896 0.254249 0.083827
v 0.040738 0.157368 0.085193
v 0.052813 0.157600 0.083204
v 0.059724 0.254877 0.083482
v 0.058581 0.302897 0.084869
v 0.047772 0.302814 0.084931
v 0.057753 0.337812 0.085671
v 0.047239 0.338488 0.085687
v 0.061054 0.337269 0.076312
v 0.061380 0.303134 0.075728
v 0.061282 0.303556 0.064015
v 0.061043 0.336688 0.064299
v 0.060011 0.369562 0.062280
v 0.061107 0.304158 0.052446
v 0.058287 0.385190 0.050828
v 0.056977 0.387183 0.067090
v 0.056724 0.389935 0.052251
v 0.057106 0.396655 0.065888
v 0.056444 0.390787 0.052507
v 0.057084 0.396490 0.065929
v 0.056619 0.391166 0.052622
v 0.057058 0.396300 0.065977
v 0.057722 0.392374 0.052991
v 0.057033 0.396109 0.066025
v 0.058254 0.392955 0.053169
v 0.057008 0.395921 0.066072
v 0.058660 0.393400 0.053305
v 0.056985 0.395754 0.066114
v 0.058823 0.393576 0.053364
v 0.056969 0.395632 0.066145
v 0.058739 0.393358 0.053510
v 0.056942 0.395436 0.066194
v 0.058632 0.393082 0.053694
v 0.056922 0.395285 0.066232
v 0.058551 0.392873 0.053833
v 0.056895 0.395083 0.066283
v 0.058472 0.392670 0.053969
v 0.056867 0.394877 0.066335
v 0.058394 0.392467 0.054105
v 0.056839 0.394670 0.066387
v 0.058315 0.392264 0.054241
v 0.056812 0.394463 0.066438
v 0.058236 0.392061 0.054376
v 0.056784 0.394256 0.066490
v 0.058158 0.391858 0.054512
v 0.056756 0.394049 0.066542
v 0.058080 0.391657 0.054646
v 0.056729 0.393847 0.066593
v 0.058002 0.391456 0.054781
v 0.056702 0.393646 0.066644
v 0.057924 0.391255 0.054915
v 0.056676 0.393449 0.066693
v 0.057847 0.391055 0.055049
v 0.056649 0.393252 0.066742
v 0.057769 0.390854 0.055183
v 0.056623 0.393058 0.066791
v 0.057691 0.390654 0.055317
v 0.056597 0.392867 0.066839
v 0.057614 0.390454 0.055451
v 0.056572 0.392676 0.066887
v 0.057535 0.390252 0.055586
v 0.056546 0.392486 0.066935
v 0.057456 0.390047 0.055722
v 0.056521 0.392295 0.066983
v 0.057377 0.389841 0.055860
v 0.056495 0.392104 0.067031
v 0.057296 0.389633 0.055999
v 0.056469 0.391914 0.067079
v 0.057214 0.389421 0.056141
v 0.056444 0.391723 0.067126
v 0.057132 0.389210 0.056282
v 0.056418 0.391532 0.067174
v 0.057047 0.388991 0.056428
v 0.056393 0.391342 0.067222
v 0.056963 0.388773 0.056574
v 0.056367 0.391151 0.067270
v 0.056878 0.388555 0.056720
v 0.056341 0.390960 0.067318
v 0.056794 0.388337 0.056866
v 0.056316 0.390770 0.067366
v 0.056709 0.388119 0.057011
v 0.056290 0.390579 0.067414
v 0.056625 0.387901 0.057157
v 0.056265 0.390388 0.067462
v 0.056540 0.387682 0.057303
v 0.056239 0.390198 0.067509
v 0.056456 0.387464 0.057449
v 0.056214 0.390014 0.067556
v 0.056371 0.387246 0.057595
v 0.056287 0.387028 0.057741
v 0.056191 0.389843 0.067598
v 0.056202 0.386809 0.057886
v 0.056162 0.389624 0.067654
v 0.056100 0.386546 0.058062
v 0.055578 0.387453 0.067475
v 0.053106 0.386018 0.078989
v 0.054835 0.387459 0.078623
v 0.055163 0.385909 0.067300
v 0.052733 0.384913 0.078512
v 0.054407 0.382865 0.067168
v 0.052456 0.381982 0.076805
v 0.055886 0.385993 0.058432
v 0.055755 0.385656 0.058658
v 0.055648 0.385379 0.058843
v 0.053372 0.375663 0.073766
v 0.057212 0.397442 0.065690
v 0.053061 0.397498 0.072666
v -0.048094 -0.006460 -0.134413
v -0.051795 -0.016492 -0.153385
v -0.072064 -0.015408 -0.149614
v -0.074219 -0.013001 -0.166920
v -0.088926 -0.014098 -0.167183
v -0.086195 -0.020616 -0.147558
v -0.056839 -0.016721 -0.171061
v -0.059279 -0.013510 -0.186705
v -0.034307 -0.017681 -0.190107
v -0.034959 -0.024866 -0.198023
v -0.059054 -0.016051 -0.199003
v -0.002907 -0.018303 -0.194092
v -0.002876 -0.027430 -0.200475
v -0.002658 -0.040393 -0.202167
v -0.036005 -0.037938 -0.199138
v 0.022080 -0.014758 -0.200075
v 0.022467 -0.024698 -0.202757
v 0.022653 -0.037384 -0.203720
v 0.022904 -0.055760 -0.204812
v -0.002176 -0.055540 -0.202663
v 0.040440 -0.023319 -0.203649
v 0.039351 -0.036289 -0.204266
v 0.037874 -0.056404 -0.205276
v 0.037039 -0.088576 -0.206641
v 0.022617 -0.086408 -0.206535
v 0.052840 -0.036248 -0.203140
v 0.050952 -0.057049 -0.203923
v 0.049776 -0.090060 -0.204138
v 0.050014 -0.134431 -0.204040
v 0.037477 -0.133248 -0.206705
v 0.055367 -0.057513 -0.193308
v 0.055279 -0.091273 -0.195772
v 0.055296 -0.135532 -0.197938
v 0.055278 -0.181346 -0.200576
v 0.045376 -0.179706 -0.205104
v 0.055304 -0.092318 -0.183556
v 0.055285 -0.136577 -0.185342
v 0.055249 -0.180968 -0.187821
v 0.055298 -0.225221 -0.190059
v 0.052929 -0.225363 -0.202186
v 0.058284 -0.180776 -0.174683
v 0.057550 -0.224884 -0.175617
v 0.057008 -0.268383 -0.177303
v 0.055309 -0.268109 -0.191591
v 0.061311 -0.223620 -0.153679
v 0.062414 -0.268156 -0.156987
v 0.063295 -0.309569 -0.160605
v 0.055923 -0.309518 -0.179934
v 0.055399 -0.309092 -0.193621
v 0.051578 -0.308464 -0.203410
v 0.051789 -0.267781 -0.203197
v 0.038709 -0.308517 -0.204236
v 0.038386 -0.267992 -0.204995
v 0.039132 -0.224250 -0.205836
v 0.028380 -0.268421 -0.208928
v 0.028611 -0.223400 -0.208847
v 0.033003 -0.177055 -0.207626
v 0.015014 -0.222966 -0.211602
v 0.018498 -0.176140 -0.209927
v 0.021541 -0.131634 -0.208787
v -0.009184 -0.175951 -0.210270
v -0.004056 -0.129232 -0.208889
v -0.001708 -0.083922 -0.202412
v -0.036891 -0.127762 -0.208913
v -0.038166 -0.082103 -0.201968
v -0.037335 -0.053227 -0.200036
v -0.062034 -0.082203 -0.205181
v -0.062024 -0.049064 -0.202420
v -0.060860 -0.029198 -0.200602
v -0.076510 -0.047495 -0.204239
v -0.076591 -0.083086 -0.205743
v -0.088928 -0.083442 -0.203002
v -0.088944 -0.046669 -0.202919
v -0.091105 -0.083612 -0.188937
v -0.091175 -0.046550 -0.189323
v -0.091071 -0.083886 -0.175176
v -0.091111 -0.048094 -0.174520
v -0.090936 -0.027540 -0.171481
v -0.090924 -0.052813 -0.151798
v -0.090488 -0.033869 -0.148866
v -0.090966 -0.084971 -0.154085
v -0.098988 -0.129480 -0.152894
v -0.099221 -0.128767 -0.117949
v -0.093644 -0.130575 -0.174664
v -0.094669 -0.173066 -0.173915
v -0.099563 -0.173618 -0.150822
v -0.091084 -0.130844 -0.188035
v -0.091080 -0.173655 -0.189513
v -0.090975 -0.216204 -0.191665
v -0.095412 -0.217235 -0.174877
v -0.090735 -0.130119 -0.201335
v -0.088252 -0.173248 -0.202108
v -0.085242 -0.214999 -0.203414
v -0.075719 -0.170037 -0.206116
v -0.072798 -0.214684 -0.205381
v -0.069494 -0.264481 -0.204609
v -0.064243 -0.216891 -0.211358
v -0.061203 -0.265484 -0.212778
v -0.045530 -0.219018 -0.211533
v -0.047165 -0.267040 -0.212863
v -0.015154 -0.221777 -0.211568
v -0.019330 -0.268990 -0.212915
v -0.023048 -0.310223 -0.214099
v 0.013234 -0.268963 -0.212917
v 0.010620 -0.310284 -0.214106
v 0.010427 -0.332959 -0.214971
v 0.028291 -0.309165 -0.208305
v -0.040484 -0.172934 -0.210231
v -0.061192 -0.168725 -0.209543
v -0.060291 -0.128446 -0.208906
v -0.078231 -0.129367 -0.205675
v -0.099916 -0.218954 -0.149116
v -0.099905 -0.172943 -0.115372
v -0.099726 -0.170935 -0.085136
v -0.097677 -0.129105 -0.085306
v 0.055437 -0.058035 -0.180473
v 0.055443 -0.036672 -0.189633
v 0.055585 -0.037748 -0.176375
v 0.055558 -0.022684 -0.185209
v 0.055530 -0.024666 -0.171867
v 0.055175 -0.012782 -0.180462
v 0.053258 -0.015583 -0.166093
v 0.047147 -0.005226 -0.175978
v 0.042290 -0.011827 -0.162557
v 0.055301 -0.012855 -0.194976
v 0.053280 -0.003710 -0.190932
v 0.040931 -0.013441 -0.203183
v 0.055160 -0.022764 -0.199031
v 0.017804 -0.214205 -0.047903
v -0.004587 -0.173951 -0.047310
v 0.000624 -0.212638 -0.046022
v 0.001645 -0.262831 -0.043540
v -0.021030 -0.213004 -0.045899
v -0.022663 -0.262765 -0.044033
v -0.027643 -0.177011 -0.047225
v -0.051535 -0.174478 -0.047569
v -0.020953 -0.279922 0.037426
v 0.001057 -0.235940 0.041707
v 0.025893 -0.189272 0.043264
v 0.040961 -0.155075 0.043352
v -0.043922 -0.014861 0.183901
v -0.025466 -0.007151 0.168889
v -0.046362 -0.011310 0.171940
v -0.037280 0.002575 0.149321
v -0.051802 -0.006829 0.152082
v -0.063772 -0.016492 0.155995
v -0.067019 -0.016936 0.131000
v -0.071746 -0.013256 0.108636
v -0.082587 -0.018931 0.113997
v -0.075845 -0.013239 0.096381
v -0.020577 0.004630 0.141167
v -0.006203 -0.005387 0.159380
v -0.131839 -0.465058 0.210254
v -0.151787 -0.464698 0.213258
v -0.170252 -0.469628 -0.369111
v -0.203728 -0.471090 -0.382025
v -0.205566 -0.469147 -0.370634
v -0.061850 -0.481665 -0.389120
v 0.062868 -0.442379 -0.220876
v 0.063071 -0.442565 -0.203080
v -0.071602 -0.370654 -0.225771
v -0.113389 -0.379767 -0.173989
v -0.111232 -0.389381 -0.174142
v -0.113901 -0.384978 -0.176804
v -0.111227 -0.382963 -0.161622
v -0.112487 -0.378542 -0.161234
v -0.081682 -0.404327 -0.278129
v -0.081343 -0.411445 -0.285638
v -0.086320 -0.402216 -0.284331
v -0.092702 -0.394893 -0.283192
v -0.087674 -0.396903 -0.276162
v -0.085423 -0.408455 -0.291505
v -0.091534 -0.400119 -0.290817
v -0.098082 -0.393841 -0.290084
v -0.105314 -0.389365 -0.288749
v -0.099609 -0.388738 -0.281997
v -0.097197 -0.398992 -0.297067
v -0.104128 -0.394383 -0.296385
v -0.111095 -0.392265 -0.294438
v -0.110197 -0.397395 -0.303637
v -0.116363 -0.396825 -0.301209
v -0.123055 -0.396821 -0.296685
v -0.118499 -0.391885 -0.290552
v -0.113274 -0.388487 -0.285005
v -0.125490 -0.393307 -0.283937
v -0.119952 -0.390270 -0.278634
v -0.129771 -0.397828 -0.290385
v -0.124418 -0.405347 -0.301392
v -0.130676 -0.406100 -0.295773
v -0.121309 -0.415083 -0.301280
v -0.127073 -0.415353 -0.297484
v -0.121631 -0.419665 -0.294023
v -0.117747 -0.405644 -0.305750
v -0.114295 -0.413003 -0.304830
v -0.109028 -0.417882 -0.301068
v -0.098048 -0.417292 -0.299009
v -0.103858 -0.418508 -0.292944
v -0.090258 -0.405913 -0.297677
v -0.094918 -0.390929 -0.274038
v -0.090677 -0.395125 -0.265947
v 0.197470 -0.421246 -0.211262
v 0.196534 -0.397465 -0.204320
v 0.196988 -0.392031 -0.231383
v 0.213378 -0.401583 -0.241317
v 0.218107 -0.411250 -0.239519
v -0.090129 0.388676 0.081248
v -0.088078 0.389872 0.075030
v -0.091454 0.387691 0.075477
v -0.090258 0.386667 0.080693
v -0.094725 0.391836 0.055832
v -0.015347 0.111083 0.087683
v -0.043934 0.110877 0.088857
v -0.013546 0.346303 0.060389
v -0.033237 0.345837 0.057311
v -0.012889 0.350964 0.051566
v -0.033528 0.351384 0.049909
v -0.012833 0.362263 0.051064
v -0.034371 0.362960 0.049436
v -0.050746 0.363619 0.049706
v -0.034716 0.374716 0.048908
v -0.050258 0.375624 0.049318
v -0.062859 0.375642 0.052310
v -0.064058 0.363598 0.052754
v -0.071177 0.375121 0.050068
v -0.070581 0.363968 0.048249
v -0.071083 0.374173 0.036691
v -0.069730 0.363487 0.034514
v -0.069362 0.354032 0.032490
v -0.067347 0.361478 0.020591
v -0.068113 0.352964 0.017001
v -0.067831 0.358215 0.003734
v -0.071490 0.346126 0.001148
v -0.068562 0.356725 -0.019054
v -0.066727 0.371386 0.005716
v -0.067324 0.369092 -0.016232
v -0.068307 0.369769 -0.033081
v -0.066304 0.379727 -0.014711
v -0.067053 0.380771 -0.032199
v -0.069675 0.382544 -0.043010
v -0.064627 0.389817 -0.030920
v -0.067413 0.393633 -0.042370
v -0.065539 0.389035 -0.013962
v -0.058411 0.394897 -0.012142
v -0.058605 0.394542 0.009969
v -0.052099 0.402471 0.010447
v -0.052184 0.402474 -0.009847
v -0.067037 0.392564 0.006968
v -0.066187 0.382659 0.006363
v -0.067893 0.384625 0.024095
v -0.066803 0.373390 0.022906
v -0.050925 0.413816 0.010211
v -0.050164 0.414037 -0.006926
v -0.047106 0.424781 0.011190
v -0.046051 0.425258 -0.003460
v -0.049017 0.387626 0.048177
v -0.034683 0.386346 0.047968
v -0.012706 0.385541 0.049941
v -0.012749 0.395901 0.046915
v -0.012697 0.374011 0.050518
v 0.004627 0.374140 0.051877
v 0.004454 0.386108 0.051207
v 0.004245 0.361952 0.052416
v 0.016812 0.361583 0.053421
v 0.017294 0.374174 0.053078
v 0.003862 0.350812 0.052876
v 0.016424 0.350598 0.053521
v 0.028560 0.373993 0.053618
v 0.016735 0.387215 0.052433
v 0.014928 0.397820 0.048927
v 0.003941 0.396305 0.048098
v -0.012700 0.401211 0.037129
v -0.012647 0.409105 0.031838
v 0.036468 0.373194 0.049725
v 0.034379 0.371856 0.039848
v 0.031549 0.370083 0.025917
v 0.031810 0.381289 0.025726
v 0.031087 0.356753 0.024956
v 0.030883 0.355338 0.005609
v 0.031226 0.368577 0.006400
v 0.034762 0.347073 0.023104
v 0.031946 0.368969 -0.018550
v 0.032800 0.380376 -0.017762
v 0.031673 0.379531 0.006610
v 0.031028 0.355686 -0.018827
v 0.031974 0.357150 -0.035674
v 0.033036 0.370500 -0.035562
v 0.034790 0.372743 -0.049391
v 0.033854 0.382047 -0.034501
v 0.033111 0.392425 -0.032611
v 0.033729 0.391709 -0.016495
v 0.023136 0.396507 -0.015953
v 0.032531 0.390671 0.006196
v 0.031774 0.391353 0.024756
v 0.015467 0.403945 -0.014808
v 0.014390 0.417023 -0.011857
v 0.002359 0.428342 -0.019388
v -0.006329 0.427098 -0.027960
v 0.032259 0.374921 -0.058501
v 0.020710 0.377086 -0.057091
v 0.005166 0.379191 -0.054554
v 0.004631 0.391866 -0.055575
v 0.005600 0.366374 -0.053211
v -0.017114 0.368571 -0.051918
v -0.017986 0.380487 -0.052483
v 0.005490 0.353842 -0.051957
v -0.016751 0.356488 -0.052253
v -0.040890 0.359128 -0.053414
v -0.041087 0.370216 -0.053496
v 0.004165 0.346104 -0.056845
v -0.016640 0.346311 -0.055202
v -0.041071 0.349459 -0.054177
v -0.017236 0.346179 -0.064552
v -0.040531 0.346192 -0.061175
v -0.040348 0.346112 -0.071092
v -0.055483 0.346640 -0.069472
v -0.040125 0.346392 -0.079276
v -0.054082 0.346141 -0.077480
v -0.055048 0.371251 -0.057926
v -0.041898 0.381509 -0.053339
v -0.042552 0.392099 -0.051837
v -0.019278 0.392205 -0.052937
v 0.036121 0.378434 0.083762
v 0.035658 0.385945 0.081263
v 0.035147 0.394252 0.078500
v -0.093518 0.379896 0.044754
v -0.091499 0.390114 0.050535
v -0.098635 0.117581 0.005457
v -0.096464 0.113401 0.003034
v -0.102044 0.119277 0.011595
v -0.099103 0.123814 0.009605
v -0.100135 0.112918 0.013272
v -0.093843 0.373765 -0.084779
v -0.036015 0.126686 -0.091048
v -0.032991 0.122673 -0.094277
v -0.030787 0.113036 -0.089498
v 0.006454 0.107214 -0.089319
v 0.012591 0.107014 -0.090186
v -0.014877 0.103807 -0.089639
v -0.011876 0.102643 -0.089067
v -0.012048 0.098966 -0.089788
v -0.014390 0.098052 -0.092106
v -0.008243 0.103842 -0.088090
v -0.009721 0.099874 -0.087485
v -0.020136 0.102534 -0.094142
v -0.113517 -0.384711 -0.183681
v -0.116607 -0.400167 -0.253567
v -0.103197 -0.409386 -0.248231
v -0.106462 -0.398754 -0.252961
v 0.012355 -0.406007 -0.275680
v 0.013813 -0.423127 -0.255013
v 0.016809 -0.413738 -0.259827
v 0.026486 -0.423057 -0.250225
v 0.027462 -0.413709 -0.255526
v 0.038797 -0.421898 -0.246201
v 0.036813 -0.410802 -0.252196
v 0.037877 -0.408691 -0.262094
v 0.047969 -0.420912 -0.244643
v 0.045413 -0.406400 -0.248931
v 0.043843 -0.403099 -0.262337
v 0.057975 -0.407901 -0.247663
v 0.057415 -0.399912 -0.260241
v 0.030344 -0.429804 -0.257009
v 0.018928 -0.430364 -0.265299
v 0.034526 -0.431920 -0.266211
v 0.052998 -0.440373 -0.267582
v 0.016737 -0.405020 -0.287081
v 0.016443 -0.436952 -0.285947
v 0.017725 -0.435259 -0.286810
v 0.015540 -0.439149 -0.284626
v 0.016820 -0.446462 -0.281425
v 0.016543 -0.446334 -0.281675
v 0.019298 -0.447607 -0.279192
v 0.016626 -0.436420 -0.286232
v 0.015538 -0.439639 -0.284372
v 0.017407 -0.446733 -0.280896
v 0.017156 -0.446617 -0.281122
v 0.016311 -0.437494 -0.285631
v 0.015687 -0.440240 -0.284093
v 0.017910 -0.446966 -0.280443
v 0.017659 -0.446849 -0.280669
v 0.016091 -0.439152 -0.284739
v 0.015764 -0.441151 -0.283611
v 0.018413 -0.447198 -0.279989
v 0.018161 -0.447082 -0.280216
v 0.015889 -0.440400 -0.284044
v 0.015700 -0.442899 -0.282881
v 0.019218 -0.447570 -0.279264
v 0.018664 -0.447314 -0.279763
v 0.016200 -0.438473 -0.285111
v 0.027161 -0.432151 -0.282007
v 0.026234 -0.430362 -0.292654
v 0.023510 -0.433647 -0.284074
v -0.112631 -0.427468 -0.276605
v -0.116114 -0.421533 -0.284104
v -0.108700 -0.430248 -0.278917
v -0.110418 -0.431665 -0.281368
v -0.108283 -0.430601 -0.278566
v -0.109988 -0.431974 -0.281286
v -0.106838 -0.429588 -0.277794
v -0.010692 0.118102 -0.093191
v -0.110010 -0.430108 -0.277159
v -0.109518 -0.432311 -0.281197
v -0.108572 -0.430549 -0.278941
v -0.108210 -0.433249 -0.280948
v -0.107632 -0.433664 -0.280838
v -0.108472 -0.430709 -0.278817
v -0.107107 -0.433990 -0.280110
v -0.110307 -0.430194 -0.276982
v -0.106763 -0.434384 -0.279750
v -0.108143 -0.430893 -0.278776
v -0.106421 -0.434710 -0.279350
v -0.109285 -0.429899 -0.277591
v -0.106160 -0.433560 -0.279057
v -0.107277 -0.430758 -0.278599
v -0.112374 -0.430353 -0.280222
v -0.200577 -0.471451 0.261790
v 0.202586 -0.464532 0.170062
v 0.199296 -0.419745 -0.217265
v 0.198657 -0.419194 -0.224864
v 0.188416 -0.419908 -0.225067
v 0.206987 -0.420477 -0.238229
v 0.057305 0.109566 -0.012878
v 0.054155 0.105074 -0.019675
v 0.058583 0.102081 -0.015827
v 0.058220 0.105686 -0.016443
v 0.053974 0.112970 -0.011703
v 0.055333 0.118068 -0.015723
v 0.059370 0.112745 -0.021015
v 0.058283 0.114874 -0.012116
v 0.061842 0.113473 -0.012283
v 0.064237 0.116040 -0.011479
v 0.059766 0.119055 -0.010960
v 0.054056 0.112729 -0.012888
v 0.060361 0.111785 -0.012639
v 0.065590 0.110957 0.007409
v 0.060141 0.117132 0.023601
v 0.059280 0.118512 0.021837
v 0.056808 0.117989 0.019216
v 0.055853 0.117734 0.019133
v 0.058060 0.116996 0.022489
v 0.057169 0.117587 0.020897
v 0.055809 0.117504 0.019872
v 0.054919 0.114432 0.018420
v 0.054963 0.114878 0.018143
v 0.056953 0.117240 0.021845
v 0.055757 0.117331 0.020400
v 0.055004 0.114124 0.018797
v 0.055672 0.117184 0.020807
v 0.054965 0.114345 0.019144
v 0.054865 0.114206 0.019352
v 0.055230 0.116900 0.021327
v 0.054947 0.116630 0.021180
v 0.054389 0.114633 0.020920
v -0.010618 0.118001 -0.093148
v 0.056800 0.115018 0.022396
v 0.054288 0.114096 0.020689
v 0.056620 0.117149 0.021829
v 0.057143 0.114013 0.022570
v 0.053985 0.112486 0.019995
v 0.055423 0.104596 0.023128
v 0.058427 0.112245 0.023528
v 0.060387 0.114085 0.025125
v 0.057691 0.112275 0.029153
v 0.059590 0.111977 0.027356
v 0.059940 0.111541 0.024960
v 0.055366 0.105617 0.028726
v 0.057624 0.106438 0.028396
v 0.055448 0.106328 0.028768
v 0.055465 0.106473 0.028777
v 0.057712 0.106180 0.028510
v -0.091993 0.106385 -0.025021
v 0.055482 0.106624 0.028786
v 0.055499 0.106775 0.028795
v -0.092486 0.108119 -0.021485
v 0.055517 0.106927 0.028804
v 0.055534 0.107078 0.028812
v 0.057156 0.106021 0.028523
v 0.057405 0.105741 0.028636
v 0.055551 0.107229 0.028821
v 0.055568 0.107380 0.028830
v -0.099228 -0.433674 -0.277755
v 0.055586 0.107531 0.028839
v 0.055603 0.107683 0.028848
v 0.057269 0.105969 0.028549
v -0.110212 -0.430220 -0.277061
v 0.055620 0.107829 0.028857
v 0.055680 0.107982 0.028866
v 0.057597 0.105594 0.028699
v 0.055694 0.108104 0.028869
v 0.055702 0.108225 0.028880
v 0.057362 0.105919 0.028572
v 0.055720 0.108338 0.028885
v 0.055729 0.108460 0.028895
v 0.055745 0.108574 0.028899
v 0.055754 0.108699 0.028909
v 0.057517 0.105822 0.028616
v -0.010884 0.118416 -0.093332
v 0.055771 0.108813 0.028913
v 0.055784 0.108942 0.028924
v 0.057777 0.105388 0.028781
v 0.055761 0.109061 0.028930
v 0.055795 0.109355 0.028947
v 0.057650 0.105780 0.028637
v 0.183179 -0.440908 -0.244645
v 0.044176 0.396697 0.080979
v 0.055842 0.109481 0.029116
v 0.055901 0.109825 0.029232
v 0.056849 0.106603 0.030254
v 0.057415 0.105200 0.028819
v 0.056013 0.110157 0.029614
v 0.056215 0.110753 0.030302
v 0.056809 0.108175 0.032007
v 0.056312 0.109168 0.032848
v 0.056374 0.111223 0.030844
v 0.056503 0.111605 0.031284
v 0.056154 0.109513 0.033367
v 0.056344 0.109228 0.033854
v 0.056625 0.111966 0.031700
v 0.056534 0.107936 0.028276
v 0.055309 0.105114 0.028696
v 0.196465 -0.423872 -0.231411
v 0.043383 0.383821 0.080506
v 0.042459 0.380682 0.079988
v 0.063073 0.093761 0.036960
v 0.017895 0.341623 -0.088002
v -0.102527 0.125671 0.018438
v -0.100686 0.109797 0.036426
v -0.102587 0.135952 0.030042
v -0.098178 0.103222 -0.010278
v -0.100636 0.106849 -0.031027
v 0.010893 0.101401 0.089979
v 0.011990 -0.438170 -0.279511
v 0.017417 -0.432697 -0.287111
v -0.108398 -0.432605 -0.278207
v -0.106042 -0.432754 -0.278552
v -0.107445 -0.433565 -0.278732
v -0.106398 -0.433586 -0.278937
v -0.090928 0.110401 -0.023255
v -0.094136 0.108864 -0.024142
v -0.091093 0.109697 -0.021886
v -0.094394 0.108440 -0.023461
v -0.091377 0.108852 -0.021519
v -0.094473 0.108082 -0.023068
v -0.091641 0.108349 -0.021382
v -0.094413 0.107920 -0.022778
v -0.091876 0.108123 -0.021341
v -0.094269 0.107875 -0.022549
v -0.094050 0.107901 -0.022391
v -0.093812 0.107947 -0.022195
v -0.093348 0.108031 -0.021912
v 0.195174 -0.415456 0.285145
v 0.206954 -0.404270 0.296938
v 0.200632 -0.402940 0.290885
v 0.193466 -0.400426 0.309919
v 0.212240 -0.417253 0.301649
v 0.217204 -0.420212 0.317936
v 0.182904 -0.428772 0.317627
v 0.203262 -0.431718 0.307924
v 0.203934 -0.437706 0.322712
v 0.198740 -0.433182 0.322853
v 0.167935 -0.416077 0.296402
v 0.174036 -0.407504 0.290228
v 0.179835 -0.417168 0.283722
v 0.175356 -0.425233 0.293487
v 0.189809 -0.404742 0.289606
v 0.206667 -0.420970 0.292602
v 0.189445 -0.429997 0.296691
v 0.203585 -0.408101 0.292390
v 0.201234 -0.402568 0.297255
v 0.211591 -0.406374 0.307235
v 0.203659 -0.400692 0.310082
v 0.189214 -0.402699 0.298830
v 0.185283 -0.403483 0.320328
v 0.201385 -0.405135 0.328754
v 0.174622 -0.405053 0.304300
v 0.215392 -0.413852 0.325462
v 0.210479 -0.430569 0.322110
v 0.210804 -0.428138 0.308329
v 0.196943 -0.424509 0.332911
v 0.179835 -0.419263 0.323852
v 0.168944 -0.416764 0.307568
v 0.176861 -0.425889 0.306419
v 0.192880 -0.433005 0.307274
v 0.204945 -0.435419 0.321996
v 0.204345 -0.436851 0.324888
v 0.205860 -0.431428 0.332077
v 0.075908 -0.414899 0.325495
v 0.061483 -0.419779 0.294521
v 0.062401 -0.420091 0.298228
v 0.055580 -0.432062 0.307038
v 0.072736 -0.413303 0.327034
v 0.064069 -0.423197 0.314704
v 0.057032 -0.410236 0.277427
v 0.049065 -0.421385 0.299307
v 0.048950 -0.420954 0.286433
v 0.046803 -0.420632 0.316113
v 0.041698 -0.420235 0.296798
v 0.037612 -0.423337 0.308237
v 0.048662 -0.420674 0.299182
v 0.046312 -0.401570 0.278330
v 0.045739 -0.419971 0.320214
v 0.037967 -0.419540 0.319843
v 0.024198 -0.404344 0.321251
v 0.035217 -0.398067 0.317227
v 0.051109 -0.389222 0.316503
v 0.044481 -0.430758 0.304464
v 0.019340 -0.405180 0.297217
v 0.055039 -0.418953 0.303707
v 0.060500 -0.419288 0.328618
v 0.077224 -0.413881 0.315672
v 0.073879 -0.407151 0.318575
v 0.064135 -0.419087 0.299700
v 0.058833 -0.419269 0.300246
v 0.070335 -0.409577 0.286347
v 0.078550 -0.412569 0.302857
v 0.066036 -0.422459 0.304711
v 0.052180 -0.415690 0.280245
v 0.047196 -0.432816 0.309754
v 0.045919 -0.435936 0.307308
v 0.046761 -0.437776 0.304741
v 0.056134 -0.425696 0.319151
v 0.061892 -0.403429 0.323950
v 0.061011 -0.412769 0.331810
v 0.052972 -0.398175 0.281754
v 0.066069 -0.396623 0.290532
v 0.056446 -0.426442 0.296596
v 0.047364 -0.430123 0.298053
v 0.045550 -0.420028 0.310995
v 0.047067 -0.420017 0.313283
v 0.050493 -0.422685 0.305640
v 0.043654 -0.425739 0.300781
v 0.033026 -0.407165 0.286838
v 0.039534 -0.403951 0.281553
v 0.046644 -0.418020 0.315081
v 0.039880 -0.420212 0.315070
v 0.043780 -0.425980 0.303602
v 0.048568 -0.422836 0.303196
v 0.043747 -0.418415 0.310690
v 0.035657 -0.418029 0.300351
v 0.027412 -0.410752 0.292863
v 0.035219 -0.427034 0.310078
v 0.035471 -0.420954 0.315171
v 0.031389 -0.419686 0.309037
v 0.033101 -0.418824 0.305602
v 0.037638 -0.419625 0.310679
v 0.040174 -0.419739 0.315693
v 0.040175 -0.426173 0.313433
v 0.053320 -0.422682 0.303998
v 0.055379 -0.422235 0.302345
v 0.046442 -0.393989 0.288078
v 0.053133 -0.418954 0.310810
v 0.050351 -0.418259 0.319674
v 0.044377 -0.417066 0.328679
v 0.033056 -0.415854 0.325710
v 0.025473 -0.414537 0.319212
v 0.032621 -0.405710 0.327841
v 0.021993 -0.403174 0.313368
v 0.022269 -0.412555 0.310245
v 0.049446 -0.400190 0.326549
v 0.045508 -0.390299 0.307524
v 0.046776 -0.409974 0.333901
v 0.062329 -0.393481 0.311992
v 0.056027 -0.390300 0.298333
v 0.041688 -0.429389 0.306207
v 0.047460 -0.435231 0.303420
v 0.047011 -0.433011 0.310100
v 0.043705 -0.431443 0.310147
v 0.038950 -0.428529 0.309659
v 0.023636 -0.411633 0.299982
v 0.028214 -0.399616 0.297557
v 0.058554 -0.421406 0.305011
v 0.063162 -0.419826 0.305118
v 0.037489 -0.394827 0.293495
v 0.074074 -0.399940 0.307137
v 0.040794 -0.419301 0.314863
v 0.055648 -0.421921 0.302239
v 0.059040 -0.421927 0.305392
v 0.043940 -0.419300 0.310381
v 0.039780 -0.420155 0.314651
v 0.043518 -0.425398 0.304905
v 0.057571 -0.421354 0.332797
v 0.058082 -0.430349 0.303823
v 0.050571 -0.417082 0.327215
v 0.063030 -0.421555 0.307046
v 0.063179 -0.420792 0.306117
v 0.064602 -0.420306 0.306886
v 0.063764 -0.421549 0.307771
v 0.062809 -0.422963 0.308779
v 0.061922 -0.422282 0.307559
v 0.061063 -0.421622 0.306376
v 0.060313 -0.421046 0.305343
v 0.063358 -0.419915 0.305053
v 0.063524 -0.419658 0.302741
v 0.066847 -0.419374 0.303913
v 0.065680 -0.419105 0.305649
v 0.063729 -0.419340 0.299889
v 0.067682 -0.419566 0.302672
v 0.063419 -0.418184 0.309602
v 0.059561 -0.418411 0.326980
v 0.055755 -0.418836 0.306540
v 0.050108 -0.419210 0.319820
v 0.063031 -0.418230 0.312946
v 0.058224 -0.418752 0.312089
v 0.059426 -0.418524 0.308006
v 0.054594 -0.418831 0.323217
v 0.056388 -0.418733 0.319516
v 0.061213 -0.418343 0.321519
v 0.053230 -0.419223 0.309878
v 0.050704 -0.419313 0.316737
v 0.051283 -0.419412 0.313745
v 0.057413 -0.418811 0.315344
v 0.062636 -0.418276 0.316345
v 0.057984 -0.419250 0.328933
v 0.057948 -0.419083 0.327361
v 0.059819 -0.419460 0.328050
v 0.059025 -0.419443 0.329985
v 0.057993 -0.419335 0.332251
v 0.056928 -0.419105 0.329897
v 0.056274 -0.418887 0.327876
v 0.055640 -0.418921 0.330780
v 0.054537 -0.418684 0.328410
v 0.056811 -0.419172 0.333295
v 0.059290 -0.419571 0.333370
v 0.058098 -0.419448 0.336058
v 0.060358 -0.419682 0.330962
v 0.061338 -0.419783 0.328754
v 0.053594 -0.433890 0.300291
v 0.056311 -0.425731 0.295570
v 0.060774 -0.426248 0.306841
v 0.057994 -0.420605 0.305316
v 0.054815 -0.431054 0.299384
v 0.057649 -0.429202 0.303281
v 0.057325 -0.432207 0.305133
v 0.057837 -0.424825 0.300796
v 0.057705 -0.426657 0.301589
v 0.055514 -0.428700 0.297798
v 0.059905 -0.424483 0.306364
v 0.058982 -0.422610 0.305858
v 0.044859 -0.429598 0.309163
v 0.043556 -0.425395 0.305570
v 0.039777 -0.426243 0.313656
v 0.040192 -0.421272 0.309621
v 0.043594 -0.428762 0.310282
v 0.043542 -0.427199 0.309195
v 0.044410 -0.428147 0.307923
v 0.043976 -0.426747 0.306726
v 0.043103 -0.425796 0.308012
v 0.042719 -0.424368 0.306579
v 0.039915 -0.424599 0.312321
v 0.041073 -0.425482 0.311380
v 0.041023 -0.427065 0.312555
v 0.041049 -0.422322 0.308589
v 0.041192 -0.423817 0.310055
v 0.040053 -0.422943 0.310977
v 0.041907 -0.423373 0.307556
v 0.042243 -0.424773 0.309108
v 0.042295 -0.426347 0.310341
v 0.042296 -0.427906 0.311429
v 0.033940 0.390899 0.082736
v 0.029440 0.388878 0.083357
v 0.055842 0.394294 0.072321
v 0.040243 0.396302 0.081681
v 0.047862 0.393890 0.080384
v 0.053378 0.396319 0.077291
v 0.035335 0.390773 0.082616
v 0.035021 0.394175 0.082644
v 0.036097 0.392505 0.082396
v 0.031362 0.394923 0.083152
v 0.024107 0.392346 0.084240
v 0.023098 0.387851 0.084098
v 0.022599 0.385088 0.083957
v 0.025745 0.386964 0.083675
v 0.056509 0.394722 0.068642
v 0.056547 0.396900 0.069210
v 0.055955 0.395922 0.072945
v 0.055984 0.391708 0.070546
v 0.056506 0.392708 0.067930
v 0.055105 0.393524 0.074927
v 0.055707 0.393407 0.075725
v 0.055878 0.395983 0.073681
v 0.054608 0.396010 0.075256
v 0.038273 0.397779 0.082021
v 0.041307 0.399017 0.081458
v 0.038064 0.394310 0.082057
v 0.034819 0.396370 0.082662
v 0.040006 0.397833 0.081773
v 0.036605 0.396728 0.082316
v 0.045161 0.396809 0.080841
v 0.043497 0.398990 0.081217
v 0.050628 0.395189 0.078906
v 0.048999 0.398062 0.079985
v 0.047378 0.391435 0.080840
v 0.049792 0.386086 0.080712
v 0.051125 0.389021 0.080069
v 0.052940 0.391753 0.079201
v 0.045173 0.396316 0.080957
v 0.054657 0.392762 0.077081
v 0.055739 0.398434 0.074978
v 0.055423 0.399204 0.076163
v 0.052187 0.398726 0.078660
v 0.055085 0.400028 0.077431
v 0.054758 0.400824 0.078655
v 0.051625 0.400927 0.079558
v 0.047758 0.400699 0.080563
v 0.056056 0.397663 0.073791
v 0.056678 0.398996 0.069958
v 0.057175 0.398714 0.066208
v 0.057279 0.400283 0.066257
v 0.057010 0.396222 0.066131
v 0.056815 0.392640 0.065876
v 0.056610 0.391342 0.066851
v 0.056142 0.390106 0.069071
v 0.056734 0.389876 0.065444
v 0.056432 0.386975 0.066291
v 0.056647 0.386901 0.064978
v 0.056598 0.385237 0.064718
v 0.055110 0.388158 0.079283
v 0.055547 0.391019 0.077620
v 0.053899 0.384421 0.079879
v 0.052498 0.380095 0.080569
v 0.043542 0.399929 0.081043
v 0.059187 0.385162 0.045070
v 0.059178 0.393421 0.050832
v 0.058084 0.392145 0.057285
v 0.057345 0.385520 0.058563
v 0.058922 0.387108 0.049583
v 0.058853 0.393042 0.052747
v 0.058824 0.390067 0.051511
v 0.059339 0.391146 0.048444
v 0.057727 0.388944 0.057902
v 0.058260 0.389200 0.054585
v 0.058444 0.392565 0.055162
v 0.058137 0.386317 0.054056
v 0.059508 0.388756 0.045935
v 0.058903 0.385217 0.047730
v 0.059323 0.386644 0.045409
v 0.057639 0.115891 0.032237
v 0.055212 0.118573 0.020401
v 0.054926 0.108727 0.023167
v 0.054276 0.112221 0.018763
v 0.055471 0.104041 0.022796
v 0.054785 0.105130 0.028519
v 0.056682 0.111249 0.030622
v 0.055898 0.113026 0.026560
v 0.056967 0.117508 0.029676
v 0.056020 0.118817 0.025276
v 0.055320 0.114558 0.023150
v 0.054748 0.115424 0.019589
v 0.054606 0.110443 0.021023
v 0.055436 0.107984 0.028709
v 0.054323 0.110317 0.010626
v 0.054310 0.109209 0.011275
v 0.054326 0.110071 0.013010
v 0.054355 0.112637 0.013088
v 0.054339 0.110957 0.014306
v 0.054859 0.115967 0.014985
v 0.054383 0.115039 0.016531
v 0.054699 0.114955 0.011180
v 0.055420 0.117061 0.013163
v 0.054352 0.112751 0.009202
v 0.054536 0.115591 0.007821
v 0.055203 0.117558 0.009909
v 0.054730 0.117690 0.006908
v 0.056389 0.105578 0.026165
v 0.066480 0.101565 0.028273
v 0.067614 0.110052 0.027105
v 0.060693 0.111373 0.026789
v 0.061408 0.103582 0.027213
v 0.061681 0.104406 0.027124
v 0.056839 0.106598 0.026202
v 0.066661 0.102919 0.028087
v 0.064279 0.110689 0.026953
v 0.064024 0.111289 0.026803
v 0.067555 0.109616 0.027165
v 0.060301 0.112751 0.026603
v 0.059646 0.112959 0.026434
v 0.063565 0.110186 0.026765
v 0.067432 0.108689 0.027293
v 0.059017 0.111535 0.026382
v 0.063095 0.109154 0.026726
v 0.067301 0.107712 0.027427
v 0.062813 0.108245 0.026703
v 0.067173 0.106751 0.027559
v 0.062570 0.107292 0.026801
v 0.067046 0.105803 0.027690
v 0.062277 0.106234 0.026924
v 0.066919 0.104849 0.027821
v 0.061973 0.105323 0.027022
v 0.066794 0.103911 0.027950
v 0.057698 0.108545 0.026273
v 0.057270 0.107575 0.026238
v 0.058132 0.109529 0.026309
v 0.058563 0.110505 0.026344
v 0.054873 0.104328 -0.015258
v 0.058685 0.102978 -0.016236
v 0.055019 0.108974 -0.013528
v 0.058101 0.106567 -0.017325
v 0.055918 0.103958 -0.015526
v 0.055848 0.106084 -0.015450
v 0.054937 0.106382 -0.014493
v 0.058352 0.105026 -0.016857
v 0.056957 0.105413 -0.016460
v 0.057200 0.103504 -0.015855
v 0.056171 0.108074 -0.014948
v 0.057224 0.107252 -0.016245
v 0.057252 0.363703 -0.001907
v 0.056776 0.369925 -0.004920
v 0.056335 0.372013 -0.001016
v 0.056298 0.369333 0.002646
v 0.057461 0.360134 0.002359
v 0.058437 0.355968 -0.000089
v 0.058245 0.356650 -0.003319
v 0.058098 0.357111 -0.006855
v 0.057694 0.362376 -0.007556
v 0.057299 0.367659 -0.009423
v 0.056857 0.362711 0.003873
v 0.057909 0.361247 -0.011563
v 0.058014 0.364274 -0.014803
v 0.058163 0.356868 -0.012533
v 0.054799 0.105816 -0.034654
v 0.054319 0.108130 -0.025770
v 0.054432 0.115859 -0.029905
v 0.054555 0.111786 -0.025045
v 0.054582 0.108335 -0.034435
v 0.054084 0.108629 -0.029430
v 0.053871 0.106490 -0.029080
v 0.054372 0.108949 -0.025608
v 0.054485 0.114100 -0.027806
v 0.054461 0.112157 -0.028740
v 0.055034 0.114573 -0.033863
v 0.054512 0.111125 -0.025176
v 0.054445 0.110083 -0.025383
v 0.054315 0.110497 -0.029242
v 0.054365 0.110866 -0.034215
v 0.054662 0.116458 -0.027862
v 0.058613 0.113169 -0.031572
v 0.053397 0.110300 -0.024663
v 0.061385 0.107047 -0.026784
v 0.054206 0.114238 -0.026708
v 0.055740 0.112771 -0.028096
v 0.056135 0.115232 -0.029245
v 0.057368 0.114206 -0.030403
v 0.057379 0.111762 -0.029132
v 0.059433 0.111357 -0.030155
v 0.055888 0.109286 -0.025324
v 0.055717 0.110764 -0.026837
v 0.053787 0.112199 -0.025649
v 0.060355 0.109321 -0.028562
v 0.058302 0.109772 -0.027591
v 0.058650 0.108161 -0.026058
v 0.059569 0.110842 -0.031265
v 0.061387 0.109290 -0.034424
v 0.059362 0.108829 -0.025798
v 0.065768 0.104254 -0.030354
v 0.059495 0.110121 -0.029307
v 0.060810 0.108769 -0.030500
v 0.060042 0.110438 -0.032087
v 0.060728 0.109853 -0.033279
v 0.061840 0.108179 -0.031778
v 0.062804 0.107662 -0.033108
v 0.061606 0.107227 -0.027393
v 0.061341 0.107846 -0.028825
v 0.059434 0.109531 -0.027704
v 0.064229 0.106023 -0.031783
v 0.063112 0.106651 -0.030346
v 0.063746 0.105698 -0.028916
v 0.056782 0.111159 -0.028771
v 0.058561 0.109480 -0.029653
v 0.057927 0.111974 -0.030727
v 0.056177 0.113377 -0.029622
v 0.054061 0.114104 -0.027870
v 0.055399 0.110502 -0.027063
v 0.058058 0.107706 -0.027991
v 0.060888 0.104729 -0.028979
v 0.060170 0.108134 -0.030628
v 0.059578 0.110944 -0.031990
v 0.059062 0.113391 -0.033176
v 0.057563 0.114375 -0.032065
v 0.055666 0.115619 -0.030661
v 0.053372 0.117125 -0.028962
v 0.030706 0.369292 -0.087299
v 0.025093 0.364852 -0.087610
v 0.054416 0.379693 -0.084489
v 0.032924 0.374213 -0.087165
v 0.033339 0.373997 -0.087141
v 0.029953 0.370450 -0.087335
v 0.031454 0.365233 -0.087041
v 0.028450 0.366359 -0.087379
v 0.029149 0.369501 -0.087444
v 0.030552 0.373569 -0.087384
v 0.022780 0.366400 -0.087927
v 0.024209 0.368582 -0.087861
v 0.026233 0.367437 -0.087608
v 0.027932 0.362519 -0.087225
v 0.022275 0.364658 -0.087879
v 0.020385 0.363890 -0.088006
v 0.056106 0.376225 -0.083993
v 0.050444 0.378074 -0.085415
v 0.052673 0.383308 -0.085001
v 0.044190 0.378421 -0.086242
v 0.044213 0.378973 -0.086130
v 0.038356 0.376290 -0.086653
v 0.038329 0.376390 -0.086680
v 0.055621 0.385274 0.058862
v 0.017327 0.359005 -0.087998
v 0.020690 0.360289 -0.087860
v 0.018475 0.356547 -0.087796
v 0.016161 0.348743 -0.087079
v 0.015761 0.348899 -0.087095
v 0.019929 0.354034 -0.087560
v 0.018045 0.348008 -0.087002
v 0.021259 0.351596 -0.087276
v 0.019316 0.347512 -0.086950
v 0.022741 0.349781 -0.087040
v 0.020656 0.346990 -0.086895
v 0.023301 0.354720 -0.087383
v 0.024508 0.352146 -0.087162
v 0.021965 0.357569 -0.087627
v 0.033571 0.357058 -0.086420
v 0.027342 0.369922 -0.087602
v 0.025470 0.370618 -0.087801
v 0.026606 0.372309 -0.087741
v 0.028508 0.373014 -0.087572
v 0.187416 -0.419851 -0.238771
v 0.190383 -0.419797 -0.239585
v 0.188960 -0.419857 -0.237040
v 0.192121 -0.419801 -0.237792
v 0.193888 -0.419771 -0.240445
v 0.196153 -0.420073 -0.240132
v 0.194905 -0.420006 -0.236014
v 0.193258 -0.420004 -0.233185
v 0.190517 -0.419862 -0.235294
v 0.197828 -0.420298 -0.235073
v 0.196849 -0.420330 -0.231463
v 0.200322 -0.420639 -0.234762
v 0.200560 -0.420668 -0.229684
v 0.198013 -0.420327 -0.239859
v 0.200098 -0.420613 -0.239552
v -0.038200 0.109048 0.082785
v 0.211756 -0.420927 -0.236781
v 0.201164 -0.424497 -0.234519
v 0.206114 -0.424810 -0.232697
v 0.203537 -0.420225 -0.238165
v 0.203501 -0.421613 -0.236768
v 0.200109 -0.421805 -0.237539
v 0.209770 -0.422294 -0.235344
v 0.206865 -0.421588 -0.236275
v 0.207341 -0.420468 -0.237509
v 0.200608 -0.423079 -0.236110
v 0.203422 -0.422843 -0.235531
v 0.202844 -0.424603 -0.233901
v 0.204401 -0.424702 -0.233328
v 0.205756 -0.422906 -0.234851
v 0.207739 -0.423692 -0.233874
v 0.182545 -0.418169 -0.212772
v 0.183164 -0.418352 -0.216132
v 0.184739 -0.418820 -0.213274
v 0.183864 -0.418558 -0.219927
v 0.186096 -0.419221 -0.217389
v 0.186976 -0.419484 -0.213786
v 0.188673 -0.419986 -0.217325
v 0.189308 -0.420175 -0.214320
v 0.190778 -0.420287 -0.217983
v 0.191575 -0.420848 -0.214839
v 0.187716 -0.419463 -0.220134
v 0.189854 -0.419636 -0.221630
v 0.185436 -0.419028 -0.223322
v 0.187875 -0.419760 -0.226666
v 0.187892 -0.426955 -0.130603
v 0.182870 -0.420310 -0.158964
v 0.173199 -0.424723 -0.153132
v 0.205252 -0.427058 -0.163020
v 0.199514 -0.420892 -0.172235
v 0.198976 -0.424385 -0.175001
v 0.213895 -0.428155 -0.143261
v 0.210877 -0.419812 -0.139664
v 0.208400 -0.435897 -0.143144
v 0.191687 -0.438266 -0.151442
v 0.199024 -0.439470 -0.144900
v 0.196043 -0.443477 -0.150383
v 0.182497 -0.429240 -0.145102
v 0.197615 -0.427467 -0.131585
v 0.199854 -0.416143 -0.137915
v 0.188096 -0.416362 -0.138109
v 0.193778 -0.435083 -0.141186
v 0.181291 -0.417536 -0.150733
v 0.190405 -0.411655 -0.148273
v 0.192051 -0.412763 -0.157228
v 0.193845 -0.416753 -0.166886
v 0.190258 -0.423150 -0.166786
v 0.189286 -0.432361 -0.162909
v 0.183060 -0.431152 -0.155498
v 0.180574 -0.421412 -0.145688
v 0.204291 -0.421802 -0.164678
v 0.207830 -0.420478 -0.156486
v 0.208233 -0.427243 -0.156069
v 0.202886 -0.434450 -0.157228
v 0.201455 -0.431958 -0.164258
v 0.201528 -0.426561 -0.169782
v 0.199958 -0.416436 -0.165204
v 0.196966 -0.428865 -0.171871
v 0.203763 -0.440661 -0.147585
v 0.204584 -0.437769 -0.150719
v 0.211097 -0.419845 -0.146332
v 0.207714 -0.428267 -0.136175
v 0.202375 -0.435945 -0.140525
v 0.201552 -0.412295 -0.146935
v 0.195098 -0.433953 -0.164633
v 0.194373 -0.440254 -0.157794
v 0.194974 -0.443669 -0.153827
v 0.193691 -0.448126 -0.153385
v 0.193896 -0.446902 -0.155767
v 0.195739 -0.443746 -0.153909
v 0.193463 -0.446973 -0.155966
v 0.200958 -0.413936 -0.156187
v 0.194481 -0.449427 -0.148082
v 0.193111 -0.450009 -0.154548
v 0.193557 -0.454774 -0.148262
v 0.190993 -0.464187 -0.153805
v 0.184314 -0.440924 -0.245163
v 0.183890 -0.441355 -0.243620
v 0.182015 -0.440957 -0.244070
v 0.185987 -0.441767 -0.243586
v 0.185370 -0.442289 -0.241614
v 0.182783 -0.441826 -0.242002
v 0.179187 -0.441182 -0.242543
v 0.186829 -0.441056 -0.246278
v 0.185715 -0.445844 -0.248455
v 0.184987 -0.443471 -0.249003
v 0.185016 -0.443656 -0.248573
v 0.185594 -0.443956 -0.248459
v 0.185471 -0.443752 -0.249046
v 0.185495 -0.445624 -0.248603
v 0.185424 -0.446213 -0.248641
v 0.185679 -0.446280 -0.248573
v 0.185569 -0.446160 -0.248893
v 0.185608 -0.445535 -0.248839
v 0.185654 -0.444945 -0.248516
v 0.185422 -0.444272 -0.249503
v 0.185057 -0.444246 -0.249267
v 0.184930 -0.444346 -0.248794
v 0.185053 -0.445098 -0.249421
v 0.184894 -0.445242 -0.249061
v 0.185166 -0.445412 -0.248853
v 0.185258 -0.444554 -0.248527
v 0.185533 -0.444531 -0.249010
v 0.185465 -0.445237 -0.249292
v 0.185361 -0.445033 -0.249622
v 0.185431 -0.445919 -0.249326
v 0.185319 -0.445714 -0.249678
v 0.185022 -0.445789 -0.249480
v 0.185281 -0.446377 -0.249726
v 0.185006 -0.446423 -0.249549
v 0.184750 -0.446458 -0.249193
v 0.184815 -0.445893 -0.249107
v 0.184991 -0.446587 -0.248930
v 0.185074 -0.446043 -0.248908
v 0.185362 -0.446740 -0.248649
v 0.184933 -0.447118 -0.248935
v 0.185330 -0.447240 -0.248700
v 0.185618 -0.447286 -0.248708
v 0.185649 -0.446791 -0.248638
v 0.185501 -0.447258 -0.249026
v 0.185533 -0.446743 -0.248956
v 0.185361 -0.447178 -0.249411
v 0.185397 -0.446566 -0.249363
v 0.185246 -0.447025 -0.249764
v 0.185330 -0.447708 -0.249480
v 0.185232 -0.447679 -0.249746
v 0.184958 -0.447590 -0.249591
v 0.184984 -0.447013 -0.249582
v 0.184701 -0.447563 -0.249213
v 0.184727 -0.447010 -0.249205
v 0.184878 -0.447647 -0.248939
v 0.184672 -0.448104 -0.249217
v 0.184830 -0.448171 -0.248944
v 0.185290 -0.448230 -0.248806
v 0.185307 -0.447734 -0.248754
v 0.185564 -0.448254 -0.248829
v 0.185591 -0.447770 -0.248769
v 0.185444 -0.448223 -0.249156
v 0.185472 -0.447745 -0.249092
v 0.185312 -0.448145 -0.249515
v 0.185411 -0.448713 -0.249230
v 0.185233 -0.448696 -0.249606
v 0.184900 -0.448088 -0.249549
v 0.184899 -0.448609 -0.249579
v 0.184652 -0.448632 -0.249230
v 0.184850 -0.449090 -0.249533
v 0.184624 -0.449059 -0.249213
v 0.184779 -0.449211 -0.249081
v 0.184810 -0.448667 -0.248997
v 0.185238 -0.449207 -0.248916
v 0.185273 -0.448716 -0.248858
v 0.185509 -0.449218 -0.248951
v 0.185537 -0.448738 -0.248888
v 0.185325 -0.449104 -0.249366
v 0.185435 -0.449652 -0.249063
v 0.185189 -0.449489 -0.249470
v 0.184856 -0.449468 -0.249560
v 0.185012 -0.449939 -0.249619
v -0.037792 0.108228 0.081655
v 0.185091 -0.449572 -0.249028
v 0.184890 -0.449891 -0.249208
v 0.185237 -0.449915 -0.249291
v 0.184837 -0.449975 -0.249559
v 0.184639 -0.449461 -0.249255
v 0.184824 -0.449385 -0.249132
v 0.185098 -0.448877 -0.249425
v 0.185118 -0.447920 -0.249497
v 0.059748 -0.446807 -0.261925
v 0.063504 -0.443599 -0.259983
v 0.064713 -0.446590 -0.258411
v 0.062005 -0.450117 -0.259723
v 0.059446 -0.453455 -0.260868
v 0.055701 -0.445551 -0.265038
v 0.067384 -0.437216 -0.258339
v 0.067124 -0.442219 -0.257601
v 0.057447 -0.442953 -0.265147
v 0.057537 -0.444118 -0.264281
v 0.056241 -0.445389 -0.264684
v 0.056674 -0.442909 -0.265923
v 0.057536 -0.440855 -0.265752
v 0.058101 -0.441993 -0.264928
v 0.058453 -0.443220 -0.263997
v 0.058870 -0.441168 -0.264479
v 0.059360 -0.442332 -0.263715
v 0.058352 -0.439938 -0.265287
v 0.056838 -0.440581 -0.266449
v 0.057797 -0.438617 -0.266155
v 0.055697 -0.442918 -0.266799
v 0.055148 -0.446460 -0.265024
v 0.063099 -0.430652 -0.267695
v 0.068947 -0.431782 -0.260692
v 0.060967 -0.438211 -0.263586
v 0.064067 -0.438391 -0.259614
v 0.065075 -0.430256 -0.265292
v 0.063866 -0.433063 -0.264230
v 0.061599 -0.432836 -0.267198
v 0.068147 -0.433651 -0.259551
v 0.065513 -0.433250 -0.262142
v 0.067112 -0.430650 -0.262852
v 0.060650 -0.436071 -0.265468
v 0.062896 -0.435776 -0.263232
v 0.061929 -0.438267 -0.262352
v 0.063040 -0.438331 -0.260929
v 0.064196 -0.435810 -0.261600
v 0.066550 -0.436052 -0.258905
v 0.055141 -0.441045 -0.263784
v 0.057595 -0.439038 -0.265698
v 0.055126 -0.446427 -0.265161
v 0.059464 -0.442517 -0.264343
v 0.056206 -0.440174 -0.264615
v 0.056900 -0.442462 -0.264221
v 0.055134 -0.443317 -0.264365
v 0.058765 -0.441215 -0.264850
v 0.057383 -0.444393 -0.264735
v 0.197539 -0.453149 0.176282
v 0.199157 -0.446029 0.168534
v 0.204534 -0.444919 0.171957
v 0.200797 -0.436100 0.159951
v 0.191524 -0.435827 0.177475
v 0.201611 -0.437051 0.164839
v 0.187518 -0.436349 0.173516
v 0.193166 -0.440988 0.167397
v 0.200246 -0.458010 0.171842
v 0.194736 -0.435462 0.182686
v 0.198452 -0.440467 0.182731
v 0.200642 -0.461604 0.173242
v 0.199709 -0.456272 0.178623
v 0.201206 -0.454039 0.180016
v 0.199176 -0.450742 0.179098
v 0.196973 -0.446464 0.179207
v 0.194505 -0.448134 0.175718
v 0.194092 -0.448277 0.170593
v 0.196742 -0.452734 0.171329
v 0.198417 -0.457670 0.172865
v 0.199611 -0.457503 0.174738
v 0.201095 -0.458508 0.177312
v 0.202282 -0.450286 0.172894
v 0.199365 -0.451549 0.170947
v 0.191191 -0.443629 0.170956
v 0.201386 -0.442082 0.166426
v 0.205830 -0.441756 0.168686
v 0.197040 -0.440148 0.165573
v 0.204834 -0.445062 0.177739
v 0.203888 -0.449208 0.177612
v 0.204909 -0.439903 0.174286
v 0.204059 -0.440038 0.178869
v 0.206229 -0.439006 0.171677
v 0.205910 -0.438138 0.164815
v 0.189928 -0.435372 0.174026
v 0.190464 -0.436747 0.170535
v 0.189216 -0.439649 0.171936
v 0.201931 -0.436862 0.160840
v 0.200051 -0.437462 0.161112
v 0.195937 -0.435358 0.179672
v 0.197276 -0.435902 0.176213
v 0.193731 -0.435683 0.173678
v 0.189433 -0.437456 0.175862
v 0.190406 -0.439970 0.175603
v 0.192570 -0.438419 0.178663
v 0.200410 -0.437020 0.168737
v 0.204195 -0.437555 0.170159
v 0.199042 -0.437532 0.164028
v 0.197602 -0.437249 0.167175
v 0.199728 -0.436583 0.181261
v 0.201392 -0.437296 0.178419
v 0.199281 -0.438204 0.163039
v 0.195881 -0.436350 0.170259
v 0.199292 -0.463839 0.170957
v 0.199496 -0.462509 0.172807
v 0.199456 -0.464283 0.170855
v 0.201458 -0.455314 0.173992
v 0.199373 -0.460174 0.175039
v 0.194736 -0.442233 0.179317
v 0.200898 -0.445461 0.181238
v 0.197580 -0.463441 0.171495
v 0.201606 -0.449109 0.181133
v 0.202349 -0.452334 0.181080
v 0.202573 -0.453274 0.177223
v 0.200729 -0.457880 0.179686
v 0.200274 -0.458635 0.177970
v 0.192118 -0.443817 0.175546
v 0.201126 -0.462015 0.174122
v 0.202932 -0.461468 0.175577
v 0.198783 -0.436642 0.172449
v 0.202440 -0.437657 0.174306
v 0.202178 -0.454519 0.182175
v 0.197654 -0.463616 0.170931
v 0.200614 -0.455943 0.184612
v 0.199547 -0.458859 0.181934
v 0.201183 -0.457576 0.179173
v 0.200787 -0.460553 0.175657
v 0.198734 -0.462188 0.179457
v 0.198068 -0.465443 0.178026
v 0.197128 -0.462239 0.182727
v 0.195287 -0.464621 0.183577
v 0.198355 -0.458131 0.187697
v 0.198286 -0.459731 0.184377
v 0.039870 -0.430358 0.309411
v 0.040449 -0.430826 0.309219
v 0.040614 -0.430488 0.309653
v 0.044663 -0.433137 0.308979
v 0.043754 -0.433618 0.307967
v 0.045287 -0.435828 0.306180
v 0.045758 -0.434111 0.308542
v 0.046058 -0.432310 0.310040
v 0.044763 -0.431704 0.310221
v 0.047644 -0.434949 0.308498
v 0.047170 -0.432830 0.309885
v 0.046766 -0.437963 0.304454
v -0.136474 -0.432070 0.282058
v -0.136135 -0.417462 0.257646
v -0.122982 -0.427626 0.271779
v -0.120441 -0.420585 0.269534
v -0.146509 -0.406194 0.264701
v -0.145429 -0.429537 0.272779
v -0.122634 -0.428293 0.282732
v -0.129637 -0.426452 0.290051
v -0.136882 -0.423501 0.295366
v -0.148950 -0.424624 0.286533
v -0.135527 -0.427506 0.263683
v -0.155863 -0.419891 0.273439
v -0.145990 -0.418811 0.259746
v -0.135126 -0.404677 0.263564
v -0.121974 -0.409321 0.268177
v -0.125667 -0.419831 0.262648
v -0.115516 -0.422615 0.275738
v -0.117693 -0.421588 0.286015
v -0.117518 -0.415700 0.274254
v -0.117213 -0.413082 0.281227
v -0.136559 -0.408137 0.292620
v -0.148630 -0.411310 0.288922
v -0.151548 -0.404093 0.276857
v -0.135734 -0.399582 0.278967
v -0.124646 -0.413134 0.292646
v -0.122469 -0.405154 0.280753
v -0.135364 -0.444069 0.276046
v -0.129025 -0.445263 0.275800
v -0.140054 -0.444894 0.275718
v -0.128741 -0.441923 0.275044
v -0.135951 -0.438798 0.276768
v -0.143977 -0.442678 0.275415
v -0.138856 -0.460367 0.276414
v -0.135786 -0.455426 0.279396
v -0.134516 -0.462681 0.281645
v -0.131105 -0.458872 0.278210
v -0.137357 -0.461167 0.278221
v -0.136546 -0.459521 0.278972
v -0.137735 -0.458563 0.277503
v -0.136732 -0.456950 0.278477
v -0.135812 -0.457948 0.279641
v -0.134458 -0.456404 0.279059
v -0.133548 -0.461600 0.280670
v -0.135343 -0.460420 0.280449
v -0.135853 -0.461969 0.280034
v -0.132859 -0.457581 0.278655
v -0.134025 -0.458975 0.279866
v -0.132322 -0.460231 0.279436
v -0.131219 -0.458748 0.278669
v -0.135203 -0.457462 0.278780
v -0.134662 -0.461358 0.281504
v -0.138598 -0.460195 0.276762
v -0.132608 -0.458300 0.278708
v -0.133578 -0.459528 0.278671
v -0.132429 -0.459666 0.279666
v -0.136318 -0.458360 0.278117
v -0.134877 -0.459103 0.277924
v -0.134082 -0.457824 0.278749
v -0.133546 -0.460512 0.280586
v -0.134755 -0.460301 0.279411
v -0.135880 -0.460998 0.280036
v -0.137194 -0.460610 0.278454
v -0.136079 -0.459993 0.277976
v -0.137420 -0.459246 0.277463
v -0.180507 -0.431483 0.175583
v -0.198752 -0.443002 0.167884
v -0.196975 -0.440827 0.163876
v -0.204945 -0.441172 0.179977
v -0.198476 -0.445907 0.173245
v -0.205061 -0.421824 0.161163
v -0.211338 -0.429303 0.162087
v -0.200804 -0.441626 0.172338
v -0.208283 -0.435073 0.164916
v -0.197428 -0.435522 0.188002
v -0.208028 -0.439286 0.175554
v -0.198068 -0.432966 0.192204
v -0.188651 -0.427320 0.189416
v -0.202510 -0.442196 0.179756
v -0.181710 -0.424083 0.177051
v -0.185382 -0.436742 0.181738
v -0.188292 -0.441692 0.174442
v -0.188408 -0.437583 0.170674
v -0.191291 -0.415172 0.169623
v -0.188417 -0.424297 0.164592
v -0.203190 -0.417775 0.171683
v -0.201827 -0.448287 0.173913
v -0.205236 -0.443493 0.175783
v -0.192716 -0.438571 0.166996
v -0.193512 -0.444911 0.176444
v -0.213144 -0.425668 0.167199
v -0.210751 -0.431443 0.182596
v -0.211920 -0.438504 0.175339
v -0.195995 -0.443140 0.180018
v -0.200403 -0.443401 0.177578
v -0.210753 -0.423863 0.174811
v -0.204743 -0.436111 0.170232
v -0.215314 -0.436696 0.173831
v -0.215222 -0.436213 0.172687
v -0.190470 -0.439957 0.188704
v -0.204401 -0.433826 0.185577
v -0.201846 -0.435866 0.176653
v -0.212975 -0.440166 0.170672
v -0.216315 -0.436129 0.172436
v -0.212614 -0.435067 0.179891
v -0.216085 -0.435392 0.171823
v -0.205307 -0.432145 0.191799
v -0.205135 -0.432514 0.189096
v -0.199576 -0.433457 0.189729
v -0.193122 -0.425060 0.193089
v -0.201350 -0.427943 0.194667
v -0.191046 -0.420858 0.190490
v -0.191107 -0.422701 0.193879
v -0.188530 -0.415631 0.180688
v -0.203484 -0.438780 0.180127
v -0.199457 -0.418040 0.181799
v -0.195464 -0.421463 0.191982
v -0.205944 -0.424720 0.184285
v -0.207396 -0.431905 0.188892
v -0.213204 -0.433829 0.178459
v -0.210813 -0.433499 0.185210
v -0.213035 -0.434779 0.180138
v -0.194954 -0.439533 0.178702
v -0.194168 -0.440666 0.183649
v -0.193576 -0.438307 0.180304
v -0.193005 -0.436037 0.177082
v -0.193897 -0.437121 0.174825
v -0.191620 -0.442303 0.181703
v -0.190307 -0.439939 0.188285
v -0.190100 -0.438831 0.188914
v -0.198654 -0.461149 0.177508
v -0.197630 -0.460589 0.177528
v -0.197725 -0.459958 0.177536
v -0.198326 -0.460181 0.177526
v -0.198795 -0.459974 0.177523
v -0.198851 -0.460514 0.177515
v -0.199237 -0.459890 0.177519
v -0.199182 -0.460492 0.177511
v -0.199262 -0.460808 0.177506
v -0.199788 -0.460291 0.177506
v -0.199835 -0.460568 0.177502
v -0.199711 -0.459826 0.177514
v -0.199173 -0.459408 0.177526
v -0.199631 -0.459351 0.177521
v -0.199094 -0.458932 0.177534
v -0.199552 -0.458876 0.177529
v -0.198714 -0.459456 0.177531
v -0.198634 -0.458983 0.177539
v -0.198556 -0.458530 0.177509
v -0.199015 -0.458462 0.177541
v -0.198245 -0.459510 0.177536
v -0.198173 -0.459038 0.177520
v -0.198100 -0.458599 0.177474
v -0.198024 -0.458159 0.177426
v -0.198481 -0.458086 0.177461
v -0.197663 -0.459063 0.177476
v -0.197614 -0.458656 0.177435
v -0.197543 -0.458229 0.177389
v -0.197466 -0.457800 0.177343
v -0.197949 -0.457718 0.177379
v -0.197038 -0.458633 0.177380
v -0.197003 -0.458249 0.177342
v -0.196965 -0.457861 0.177303
v -0.196901 -0.457432 0.177258
v -0.197389 -0.457358 0.177296
v -0.196413 -0.458231 0.177287
v -0.196383 -0.457854 0.177250
v -0.196352 -0.457462 0.177211
v -0.196320 -0.457066 0.177172
v -0.196824 -0.456994 0.177218
v -0.196744 -0.456536 0.177190
v -0.197235 -0.456429 0.177239
v -0.197312 -0.456896 0.177267
v -0.196244 -0.456646 0.177125
v -0.196146 -0.456200 0.177074
v -0.196652 -0.456082 0.177140
v -0.196553 -0.455631 0.177088
v -0.197059 -0.455513 0.177154
v -0.197154 -0.455965 0.177205
v -0.196048 -0.455748 0.177022
v -0.195950 -0.455297 0.176970
v -0.196456 -0.455180 0.177036
v -0.196368 -0.454739 0.176987
v -0.196888 -0.454633 0.177056
v -0.196970 -0.455069 0.177104
v -0.195851 -0.454845 0.176918
v -0.197407 -0.454526 0.177125
v -0.197489 -0.454963 0.177173
v -0.197569 -0.455399 0.177221
v -0.198008 -0.454854 0.177241
v -0.198079 -0.455303 0.177282
v -0.198134 -0.455769 0.177308
v -0.197649 -0.455860 0.177259
v -0.198190 -0.456237 0.177333
v -0.197725 -0.456325 0.177287
v -0.198258 -0.456706 0.177361
v -0.197799 -0.456794 0.177315
v -0.198331 -0.457173 0.177388
v -0.197874 -0.457262 0.177343
v -0.198406 -0.457639 0.177416
v -0.198796 -0.457087 0.177435
v -0.198865 -0.457555 0.177462
v -0.198938 -0.458013 0.177496
v -0.199346 -0.457478 0.177511
v -0.199401 -0.457943 0.177536
v -0.199473 -0.458405 0.177536
v -0.199292 -0.457013 0.177485
v -0.198740 -0.456621 0.177409
v -0.199237 -0.456547 0.177460
v -0.198685 -0.456155 0.177383
v -0.199183 -0.456081 0.177434
v -0.198631 -0.455689 0.177358
v -0.199128 -0.455614 0.177408
v -0.198576 -0.455223 0.177332
v -0.199074 -0.455148 0.177383
v -0.198520 -0.454756 0.177306
v -0.199019 -0.454682 0.177357
v -0.198448 -0.454312 0.177263
v -0.198964 -0.454207 0.177331
v -0.197925 -0.454420 0.177193
v -0.196443 -0.458604 0.177323
v -0.197072 -0.459011 0.177418
v -0.196472 -0.458976 0.177360
v -0.197102 -0.459383 0.177454
v -0.196502 -0.459347 0.177397
v -0.197129 -0.459778 0.177493
v -0.196531 -0.459721 0.177434
v -0.197122 -0.460201 0.177531
v -0.196562 -0.460102 0.177471
v -0.196995 -0.460483 0.177538
v -0.196591 -0.460468 0.177507
v -0.197102 -0.460655 0.177487
v -0.196616 -0.460783 0.177538
v -0.197694 -0.459453 0.177515
v -0.211411 -0.432111 0.183204
v -0.200965 -0.442454 0.185020
v -0.201683 -0.441169 0.185589
v -0.211905 -0.432560 0.182014
v -0.203421 -0.438061 0.186965
v -0.212319 -0.432935 0.181018
v -0.211015 -0.432862 0.182993
v -0.189451 -0.407037 0.210954
v -0.190693 -0.419945 0.188962
v -0.188174 -0.408514 0.206886
v -0.201934 -0.427842 0.195235
v -0.191478 -0.422175 0.193711
v -0.193501 -0.424220 0.190922
v -0.195440 -0.413288 0.206390
v -0.192030 -0.413339 0.203744
v -0.188849 -0.407734 0.209035
v -0.189929 -0.415998 0.196315
v -0.193196 -0.417768 0.199112
v -0.189996 -0.412851 0.202588
v -0.200869 -0.422526 0.201069
v -0.198690 -0.418579 0.203391
v -0.195616 -0.463097 -0.156961
v -0.194576 -0.462849 -0.157365
v -0.194440 -0.464202 -0.157417
v -0.195971 -0.464049 -0.156821
v -0.197074 -0.463645 -0.156524
v -0.196154 -0.462562 -0.157004
v -0.194864 -0.461880 -0.157389
v -0.193584 -0.461251 -0.157753
v -0.193344 -0.462620 -0.157845
v -0.193103 -0.463996 -0.157937
v -0.192856 -0.465408 -0.158032
v -0.194554 -0.465215 -0.157371
v -0.196257 -0.465022 -0.156709
v -0.198069 -0.464816 -0.156004
v -0.191579 -0.445113 -0.143253
v -0.181952 -0.439578 -0.149206
v -0.194280 -0.447744 -0.160267
v -0.187572 -0.450956 -0.158932
v -0.178534 -0.438776 -0.156183
v -0.188855 -0.430910 -0.159631
v -0.196421 -0.432759 -0.171956
v -0.197724 -0.437080 -0.169905
v -0.193270 -0.443257 -0.163901
v -0.190324 -0.449308 -0.150838
v -0.185396 -0.445439 -0.153262
v -0.186818 -0.441556 -0.147610
v -0.196227 -0.439405 -0.146674
v -0.198680 -0.445858 -0.152255
v -0.189153 -0.436359 -0.148040
v -0.181254 -0.442135 -0.154565
v -0.183598 -0.436513 -0.151927
v -0.202418 -0.440151 -0.156187
v -0.186394 -0.445681 -0.160478
v -0.201370 -0.434993 -0.167285
v -0.198448 -0.430553 -0.167093
v -0.183839 -0.441146 -0.161954
v -0.182440 -0.435589 -0.160767
v -0.186436 -0.433081 -0.155830
v -0.187085 -0.433733 -0.164884
v -0.192353 -0.431765 -0.167011
v -0.192976 -0.429148 -0.159413
v -0.192106 -0.431185 -0.152504
v -0.192494 -0.436430 -0.170067
v -0.195585 -0.439601 -0.167144
v -0.202839 -0.436197 -0.162452
v -0.188123 -0.438487 -0.166349
v -0.199646 -0.433501 -0.151989
v -0.200376 -0.429988 -0.160297
v 0.014884 -0.452182 -0.277580
v 0.010245 -0.449747 -0.272259
v 0.016482 -0.455971 -0.279113
v 0.012861 -0.454263 -0.274588
v 0.015773 -0.453710 -0.278622
v 0.013866 -0.453218 -0.276074
v 0.012932 -0.451158 -0.275341
v 0.011672 -0.452270 -0.273513
v 0.014429 -0.455094 -0.276521
v -0.103512 -0.435216 -0.274326
v -0.100009 -0.431258 -0.278821
v -0.097000 -0.427743 -0.272662
v -0.095669 -0.426018 -0.278080
v -0.102328 -0.433879 -0.275845
v -0.099913 -0.430853 -0.275270
v -0.100580 -0.431344 -0.273315
v -0.098725 -0.429708 -0.278601
v -0.099138 -0.430234 -0.276962
v -0.101166 -0.432566 -0.277336
v -0.098582 -0.429334 -0.272951
v -0.097999 -0.428906 -0.274889
v -0.096598 -0.427222 -0.274298
v -0.096127 -0.426611 -0.276217
v -0.097536 -0.428308 -0.276686
v -0.097251 -0.427929 -0.278350
v -0.113388 -0.455877 -0.273793
v -0.116569 -0.449946 -0.274801
v -0.108644 -0.458625 -0.274111
v -0.110475 -0.446127 -0.275817
v -0.114537 -0.454361 -0.273970
v -0.111488 -0.454193 -0.274417
v -0.111565 -0.456933 -0.273915
v -0.113579 -0.448072 -0.275300
v -0.112757 -0.449822 -0.275163
v -0.115909 -0.451379 -0.274531
v -0.109199 -0.454543 -0.274729
v -0.109984 -0.448856 -0.275532
v -0.109496 -0.451694 -0.275215
v -0.112072 -0.452018 -0.274822
v -0.115264 -0.452780 -0.274268
v -0.110399 -0.428626 -0.279245
v -0.108803 -0.429556 -0.277356
v -0.111392 -0.428461 -0.279886
v -0.111551 -0.427883 -0.278812
v -0.110209 -0.428243 -0.278275
v -0.109113 -0.428944 -0.277775
v -0.109934 -0.429738 -0.278934
v -0.110556 -0.431010 -0.279952
v -0.108568 -0.428235 -0.276669
v -0.108587 -0.429160 -0.276170
v -0.110384 -0.429851 -0.275637
v -0.110072 -0.430170 -0.277485
v -0.111979 -0.430558 -0.275539
v -0.111270 -0.430783 -0.277739
v -0.110330 -0.429407 -0.273962
v -0.112772 -0.430306 -0.273080
v -0.108480 -0.428725 -0.274631
v -0.108391 -0.427813 -0.275600
v -0.109999 -0.427812 -0.277155
v -0.109920 -0.427363 -0.276126
v -0.111515 -0.427371 -0.277689
v -0.111499 -0.426899 -0.276670
v -0.112724 -0.427346 -0.278071
v -0.112502 -0.426925 -0.276916
v -0.112559 -0.428227 -0.277810
v -0.112345 -0.427780 -0.276610
v -0.112363 -0.429318 -0.277441
v -0.112152 -0.428831 -0.276234
v -0.112131 -0.430490 -0.276944
v -0.111962 -0.429866 -0.275863
v -0.112552 -0.429877 -0.278578
v -0.112297 -0.431106 -0.278009
v -0.112753 -0.430454 -0.279722
v -0.112472 -0.431749 -0.279122
v -0.112820 -0.428497 -0.279035
v -0.113076 -0.429027 -0.280353
v -0.011109 0.117424 -0.092772
v -0.112984 -0.431457 -0.281171
v -0.112688 -0.427554 -0.279215
v -0.112941 -0.428150 -0.280726
v -0.113288 -0.430598 -0.282004
v -0.112649 -0.432403 -0.280254
v 0.021170 -0.438316 -0.289295
v 0.022608 -0.432356 -0.291631
v 0.018749 -0.438692 -0.286893
v 0.015934 -0.436429 -0.285748
v 0.019998 -0.438498 -0.288132
v 0.019645 -0.436864 -0.288117
v 0.021673 -0.436231 -0.290112
v 0.022182 -0.434120 -0.290939
v 0.019351 -0.435274 -0.287680
v 0.018748 -0.433388 -0.287004
v 0.017900 -0.438009 -0.286548
v 0.016919 -0.437220 -0.286149
v 0.018493 -0.440178 -0.286674
v 0.016270 -0.441279 -0.283453
v 0.016202 -0.443275 -0.279629
v 0.014604 -0.444422 -0.278520
v 0.016145 -0.442221 -0.282672
v 0.016838 -0.442666 -0.282999
v 0.017872 -0.440376 -0.285982
v 0.016455 -0.440829 -0.284402
v 0.016551 -0.442853 -0.282710
v 0.016245 -0.442019 -0.282035
v 0.016605 -0.444263 -0.280697
v 0.015763 -0.445218 -0.280330
v 0.016509 -0.445730 -0.281494
v 0.017240 -0.443138 -0.283567
v 0.017606 -0.440461 -0.285685
v 0.017043 -0.446097 -0.282329
v 0.017626 -0.443604 -0.284109
v 0.017433 -0.440516 -0.285492
v 0.017417 -0.443827 -0.284049
v 0.017139 -0.440610 -0.285165
v 0.016809 -0.443513 -0.283350
v 0.016810 -0.440715 -0.284799
v 0.017174 -0.445662 -0.282209
v 0.016927 -0.445056 -0.281554
v 0.018973 -0.437088 -0.274389
v 0.029799 -0.431244 -0.275515
v 0.015290 -0.438602 -0.281130
v 0.023482 -0.432840 -0.284685
v 0.017882 -0.437536 -0.276386
v 0.020894 -0.435786 -0.277573
v 0.021987 -0.435864 -0.274912
v 0.025394 -0.434220 -0.275368
v 0.024196 -0.434172 -0.278399
v 0.027896 -0.431758 -0.279885
v 0.018232 -0.435951 -0.282308
v 0.019598 -0.435870 -0.280068
v 0.016641 -0.438046 -0.278658
v 0.025990 -0.432241 -0.282695
v 0.022502 -0.434174 -0.281272
v 0.021107 -0.433982 -0.283564
v 0.006394 -0.430224 -0.267403
v 0.007990 -0.430341 -0.270247
v 0.008039 -0.433582 -0.269071
v 0.009626 -0.433426 -0.272007
v 0.011783 -0.434318 -0.275214
v 0.011593 -0.438129 -0.273413
v 0.009829 -0.436604 -0.271059
v 0.009655 -0.430464 -0.273215
v 0.011636 -0.430905 -0.276308
v 0.013946 -0.431564 -0.279586
v 0.013869 -0.435272 -0.277712
v 0.016417 -0.436692 -0.280148
v 0.015003 -0.440166 -0.276954
v 0.013498 -0.439302 -0.275429
v 0.017243 -0.432011 -0.284346
v 0.009102 -0.445310 -0.275738
v 0.013988 -0.445342 -0.276044
v 0.010223 -0.450200 -0.271857
v 0.014238 -0.450404 -0.275856
v 0.010646 -0.445320 -0.275835
v 0.010670 -0.447242 -0.275385
v 0.009463 -0.446884 -0.274489
v 0.014075 -0.447093 -0.275979
v 0.012218 -0.447264 -0.275855
v 0.012300 -0.445331 -0.275938
v 0.009833 -0.448499 -0.273207
v 0.011080 -0.448810 -0.274194
v 0.011626 -0.450271 -0.273254
v 0.012953 -0.450339 -0.274576
v 0.012379 -0.448970 -0.275390
v 0.014158 -0.448792 -0.275916
v 0.011902 -0.437334 -0.272582
v 0.008088 -0.439897 -0.277139
v 0.015450 -0.438557 -0.276760
v 0.013224 -0.441261 -0.276137
v 0.012827 -0.437653 -0.273672
v 0.011623 -0.438300 -0.274733
v 0.010658 -0.438170 -0.274068
v 0.009402 -0.439014 -0.275569
v 0.010370 -0.439114 -0.276164
v 0.009454 -0.440260 -0.276873
v 0.014717 -0.439448 -0.276555
v 0.013479 -0.438725 -0.276417
v 0.014572 -0.438254 -0.275726
v 0.011938 -0.440919 -0.276388
v 0.012630 -0.439664 -0.276715
v 0.013902 -0.440438 -0.276327
v 0.010560 -0.440554 -0.276657
v 0.011395 -0.439137 -0.276600
v 0.012562 -0.438537 -0.275636
v 0.013706 -0.437956 -0.274707
v 0.018752 -0.441780 -0.286080
v 0.016511 -0.436639 -0.286089
v 0.016064 -0.441312 -0.284286
v 0.016258 -0.436513 -0.280410
v 0.017793 -0.441613 -0.285440
v 0.017861 -0.439845 -0.284740
v 0.017964 -0.439974 -0.286083
v 0.017222 -0.438271 -0.286086
v 0.017132 -0.438186 -0.284554
v 0.016434 -0.436601 -0.284360
v 0.016128 -0.439733 -0.283011
v 0.017253 -0.439795 -0.283651
v 0.016738 -0.441430 -0.284736
v 0.016353 -0.436560 -0.282533
v 0.017019 -0.438063 -0.282851
v 0.016192 -0.438152 -0.281733
v 0.014580 -0.444540 -0.277956
v 0.010213 -0.446088 -0.275806
v 0.014536 -0.451463 -0.277075
v 0.009983 -0.450417 -0.272517
v 0.014565 -0.446998 -0.277643
v 0.013412 -0.447036 -0.276453
v 0.013017 -0.445094 -0.277187
v 0.011436 -0.445655 -0.276408
v 0.012070 -0.447286 -0.275332
v 0.010137 -0.447516 -0.274721
v 0.013130 -0.451140 -0.275667
v 0.013317 -0.449254 -0.276087
v 0.014550 -0.449265 -0.277355
v 0.010064 -0.448884 -0.273681
v 0.011885 -0.449069 -0.274636
v 0.011612 -0.450791 -0.274147
v -0.113373 -0.365200 -0.151559
v -0.113145 -0.369365 -0.156996
v -0.112250 -0.368679 -0.148486
v -0.115578 -0.368525 -0.184299
v -0.114025 -0.382217 -0.172589
v -0.114299 -0.386692 -0.176128
v -0.113977 -0.383703 -0.170262
v -0.113316 -0.373053 -0.160886
v -0.111983 -0.378993 -0.161388
v -0.111720 -0.375400 -0.156965
v -0.113200 -0.379917 -0.166770
v -0.114437 -0.383601 -0.184478
v -0.112085 -0.372334 -0.153764
v -0.114132 -0.366211 -0.165456
v -0.113724 -0.372877 -0.165956
v -0.115343 -0.371264 -0.184013
v -0.114762 -0.371654 -0.177058
v -0.115125 -0.366248 -0.176955
v -0.114099 -0.377730 -0.171837
v -0.114502 -0.376070 -0.177487
v -0.114278 -0.380122 -0.178653
v -0.114370 -0.385096 -0.180441
v -0.114238 -0.372448 -0.171089
v -0.114739 -0.379053 -0.183935
v -0.115051 -0.374670 -0.183658
v -0.114537 -0.366616 -0.170426
v -0.096867 0.107136 -0.034938
v -0.098416 0.106881 -0.037057
v -0.097744 0.104450 -0.037107
v -0.096813 0.103835 -0.036164
v -0.095425 0.102918 -0.034757
v -0.094981 0.105138 -0.033214
v -0.093857 0.107081 -0.030323
v -0.095727 0.109637 -0.032199
v -0.098651 0.111435 -0.035639
v -0.099317 0.110144 -0.036989
v -0.097823 0.113039 -0.033964
v -0.094765 0.112454 -0.029646
v -0.097164 0.114316 -0.032629
v -0.091611 0.109260 -0.027703
v -0.092259 0.103575 -0.028283
v -0.091213 0.105532 -0.025157
v -0.093205 0.102733 -0.030822
v -0.094041 0.102291 -0.032975
v -0.001078 0.108133 -0.086694
v 0.000008 0.107994 -0.086887
v 0.003049 0.109773 -0.086829
v 0.003269 0.112020 -0.086566
v 0.001201 0.109039 -0.086768
v 0.001963 0.108013 -0.087017
v 0.000358 0.107463 -0.086189
v 0.000771 0.107558 -0.086494
v 0.002614 0.109377 -0.086208
v 0.001671 0.110047 -0.086723
v 0.003930 0.108996 -0.087048
v 0.004028 0.110797 -0.086827
v 0.003627 0.108623 -0.085894
v 0.004786 0.109574 -0.087087
v 0.004087 0.107626 -0.085979
v 0.005475 0.108465 -0.087324
v 0.004485 0.106719 -0.086041
v 0.006139 0.107394 -0.087552
v 0.004101 0.106599 -0.086454
v 0.005908 0.107249 -0.087540
v 0.003001 0.107165 -0.086936
v 0.004973 0.108075 -0.087307
v 0.002875 0.106288 -0.085304
v 0.001636 0.106866 -0.085740
v 0.003128 0.106213 -0.085281
v 0.002430 0.106611 -0.085640
v 0.001631 0.107067 -0.086051
v -0.004698 0.121618 -0.094038
v -0.003822 0.119062 -0.091284
v -0.004584 0.118703 -0.091521
v -0.002960 0.116546 -0.088573
v -0.004070 0.116914 -0.090061
v -0.001745 0.113234 -0.087299
v 0.001701 0.108571 -0.086511
v 0.000831 0.107947 -0.087022
v -0.003563 0.111364 -0.087403
v -0.042534 0.109614 -0.087533
v -0.039164 0.105872 -0.084003
v -0.036442 0.110696 -0.085419
v -0.034136 0.108945 -0.085599
v -0.040301 0.110011 -0.086758
v -0.039017 0.108228 -0.085846
v -0.040712 0.107592 -0.085625
v -0.037576 0.106843 -0.084507
v -0.035467 0.109956 -0.085495
v -0.037190 0.108876 -0.086055
v -0.038375 0.110353 -0.086090
v -0.035943 0.107841 -0.085026
v -0.018878 0.101762 -0.092571
v -0.018841 0.099552 -0.092929
v -0.018173 0.100818 -0.091529
v -0.017451 0.101448 -0.091395
v -0.018062 0.102404 -0.092147
v -0.017042 0.103269 -0.093325
v -0.016846 0.102092 -0.093683
v -0.019134 0.100740 -0.092634
v -0.018885 0.100197 -0.091661
v -0.016410 0.100484 -0.093697
v -0.017485 0.100103 -0.093375
v -0.018048 0.099851 -0.093177
v -0.019567 0.099923 -0.092552
v -0.017499 0.098529 -0.092501
v -0.018665 0.098712 -0.092482
v -0.019871 0.098986 -0.092509
v -0.019853 0.098062 -0.091999
v -0.020985 0.098367 -0.092051
v -0.020359 0.098912 -0.091935
v -0.019548 0.099619 -0.091785
v -0.018620 0.097731 -0.091943
v -0.017388 0.097399 -0.091886
v -0.016432 0.098502 -0.092596
v -0.016173 0.097072 -0.091831
v -0.015588 0.098673 -0.092778
v -0.014679 0.096670 -0.091762
v -0.017370 0.103062 -0.092042
v -0.017181 0.104102 -0.093072
v -0.016508 0.103812 -0.091881
v -0.017202 0.104871 -0.092673
v -0.015750 0.104227 -0.091635
v -0.016429 0.104426 -0.091715
v -0.015022 0.104284 -0.090932
v -0.015645 0.103976 -0.090746
v -0.011020 0.117362 -0.092724
v -0.014835 0.103533 -0.089777
v -0.014750 0.100162 -0.090084
v -0.014021 0.103043 -0.088737
v -0.014718 0.101150 -0.091338
v -0.015992 0.095251 -0.092380
v -0.014693 0.103852 -0.090883
v -0.015187 0.103422 -0.090975
v -0.015927 0.102777 -0.091112
v -0.016701 0.102101 -0.091256
v -0.017477 0.106186 -0.095367
v -0.009687 0.117514 -0.094058
v -0.011182 0.098898 -0.093283
v -0.004539 0.117502 -0.090378
v -0.016090 0.108844 -0.095300
v -0.013203 0.106804 -0.094199
v -0.014718 0.102991 -0.094454
v -0.007172 0.117508 -0.092260
v -0.009937 0.113430 -0.094136
v -0.012141 0.114822 -0.094698
v -0.010763 0.104737 -0.093425
v -0.007922 0.112474 -0.093511
v -0.009788 0.108930 -0.093545
v -0.011898 0.110198 -0.094266
v -0.014560 0.111779 -0.095226
v -0.031278 0.113137 -0.085006
v -0.033685 0.122215 -0.096539
v -0.027190 0.107744 -0.093965
v -0.035259 0.127711 -0.090304
v -0.032364 0.115440 -0.084919
v -0.030789 0.114862 -0.089554
v -0.029341 0.110582 -0.089251
v -0.032548 0.120184 -0.094926
v -0.033858 0.122162 -0.091152
v -0.034485 0.125010 -0.093368
v -0.029702 0.114175 -0.093032
v -0.034914 0.124838 -0.087308
v -0.032381 0.119228 -0.089587
v -0.034111 0.120736 -0.085319
v -0.031358 0.118061 -0.093239
v -0.036181 0.113453 -0.085424
v -0.034810 0.109259 -0.085140
v -0.040238 0.109000 -0.089123
v -0.039084 0.105365 -0.084230
v -0.035701 0.111986 -0.085325
v -0.037471 0.110820 -0.085646
v -0.037568 0.111930 -0.086689
v -0.036244 0.107952 -0.084835
v -0.037107 0.109505 -0.084898
v -0.035201 0.110457 -0.085221
v -0.038911 0.110456 -0.087913
v -0.038761 0.109301 -0.086741
v -0.039875 0.107856 -0.087583
v -0.039486 0.106631 -0.085934
v -0.038482 0.108091 -0.085299
v -0.037630 0.106690 -0.084540
v -0.040543 0.110847 -0.085867
v -0.039856 0.109756 -0.086182
v -0.042328 0.109032 -0.086357
v -0.042243 0.110782 -0.086317
v -0.041520 0.112883 -0.086568
v -0.039472 0.112274 -0.085879
v -0.038045 0.111353 -0.085672
v -0.038508 0.113869 -0.085957
v -0.036127 0.113044 -0.085131
v -0.040692 0.114626 -0.086714
v -0.043399 0.113172 -0.087142
v -0.042785 0.115351 -0.087440
v -0.044042 0.110893 -0.086831
v -0.044740 0.108421 -0.086494
v -0.021630 0.105501 -0.084628
v -0.027751 0.103671 -0.084872
v -0.033400 0.117550 -0.085240
v -0.013526 0.120916 -0.094181
v -0.019925 0.113340 -0.087317
v -0.016635 0.112192 -0.088248
v -0.024914 0.104520 -0.084759
v -0.025360 0.109341 -0.085296
v -0.021186 0.109159 -0.085368
v -0.029645 0.108358 -0.085001
v -0.024818 0.120108 -0.088001
v -0.025230 0.113953 -0.086258
v -0.031266 0.112418 -0.085168
v -0.019658 0.121444 -0.090555
v -0.062876 0.366015 -0.088428
v -0.063036 0.370135 -0.088664
v -0.059464 0.367811 -0.088846
v -0.059012 0.363750 -0.088602
v -0.021918 0.106684 -0.085997
v -0.018180 0.107979 -0.086215
v -0.024879 0.109887 -0.095785
v -0.018529 0.108987 -0.091821
v -0.020772 0.107081 -0.086064
v -0.021290 0.107533 -0.088279
v -0.022927 0.107191 -0.088097
v -0.018302 0.108331 -0.088172
v -0.019786 0.107853 -0.088267
v -0.019503 0.107521 -0.086138
v -0.024118 0.107912 -0.090833
v -0.022079 0.108339 -0.090753
v -0.022727 0.109582 -0.094441
v -0.020625 0.109284 -0.093130
v -0.020120 0.108357 -0.090373
v -0.018423 0.108681 -0.090118
v -0.020761 0.114019 -0.088261
v -0.017229 0.112626 -0.088502
v -0.022512 0.110961 -0.085597
v -0.018569 0.108011 -0.085525
v -0.021350 0.107745 -0.088153
v -0.018083 0.108292 -0.086321
v -0.019909 0.113683 -0.088319
v -0.020754 0.111777 -0.088238
v -0.021494 0.112204 -0.087488
v -0.017518 0.111159 -0.087764
v -0.018765 0.111226 -0.088376
v -0.018100 0.112970 -0.088443
v -0.021840 0.107603 -0.085629
v -0.020671 0.107255 -0.086551
v -0.021267 0.111527 -0.086266
v -0.019976 0.107877 -0.086855
v -0.021600 0.107960 -0.087151
v -0.020571 0.109602 -0.088228
v -0.019252 0.109537 -0.087891
v -0.019619 0.108035 -0.087182
v -0.021480 0.109866 -0.087755
v -0.017798 0.109736 -0.087047
v -0.021921 0.108254 -0.085884
v -0.022162 0.110193 -0.086642
v -0.019702 0.111480 -0.088311
v -0.018989 0.113320 -0.088382
v -0.091330 0.362351 -0.004481
v -0.091889 0.360215 -0.008318
v -0.091923 0.359526 -0.008269
v -0.092381 0.358493 -0.012064
v -0.092517 0.356697 -0.012062
v -0.092533 0.359117 -0.015867
v -0.093022 0.354391 -0.016282
v -0.094032 0.347211 -0.016722
v -0.094410 0.346117 -0.011229
v -0.093273 0.353457 -0.020907
v -0.093913 0.346701 -0.020544
v -0.093330 0.352947 -0.025256
v -0.093804 0.346402 -0.026929
v -0.093636 0.352201 -0.030102
v -0.092899 0.360314 -0.024676
v -0.093262 0.357136 -0.028482
v -0.092703 0.359887 -0.020206
v -0.089387 0.105181 -0.022677
v -0.089326 0.104704 -0.019725
v -0.089498 0.106851 -0.020887
v -0.089264 0.104221 -0.016732
v -0.089624 0.108736 -0.018865
v -0.089738 0.110447 -0.017030
v -0.089540 0.107992 -0.015673
v -0.089443 0.108728 -0.012986
v -0.089851 0.112146 -0.015208
v -0.089556 0.109897 -0.011143
v -0.089675 0.115624 -0.014848
v -0.089511 0.116587 -0.018463
v -0.089843 0.112738 -0.019019
v -0.090468 0.118177 -0.024519
v -0.089836 0.113326 -0.022801
v -0.091919 0.117313 -0.014110
v -0.092262 0.118011 -0.015437
v -0.094131 0.118979 -0.013382
v -0.089862 0.104401 -0.011146
v -0.090455 0.104871 -0.007839
v -0.089313 0.103967 -0.014207
v -0.097766 0.118627 -0.035127
v -0.098732 0.116197 -0.035344
v -0.097806 0.115116 -0.033868
v -0.096418 0.116980 -0.033135
v -0.095840 0.118250 -0.033039
v -0.097068 0.119200 -0.034556
v -0.098343 0.119745 -0.035619
v -0.099644 0.119585 -0.036695
v -0.099580 0.118676 -0.036630
v -0.099468 0.117055 -0.036516
v -0.094179 0.119869 -0.031968
v -0.094150 0.115720 -0.030453
v -0.092732 0.116479 -0.029386
v -0.095440 0.115031 -0.031423
v -0.097012 0.114190 -0.032605
v -0.097079 0.109749 -0.013147
v -0.094992 0.109727 -0.011050
v -0.097574 0.114207 -0.011416
v -0.100333 0.112311 -0.014494
v -0.097439 0.107374 -0.014184
v -0.093715 0.106868 -0.011222
v -0.101580 0.107773 -0.017445
v -0.102887 0.103252 -0.021390
v -0.096207 0.103375 -0.016037
v -0.092509 0.103950 -0.011644
v -0.089925 0.105371 -0.008432
v -0.091405 0.107794 -0.008532
v -0.092877 0.110203 -0.008631
v -0.094971 0.112717 -0.009386
v -0.064621 0.377935 0.083058
v -0.075447 0.385159 0.082726
v -0.071825 0.379822 0.082880
v -0.093200 0.391576 0.050015
v -0.066710 0.378231 0.083541
v -0.067098 0.375257 0.083177
v -0.068075 0.367772 0.082260
v -0.061481 0.378087 0.083237
v -0.059415 0.382365 0.083608
v -0.064407 0.387536 0.083553
v -0.058038 0.379951 0.083464
v -0.071470 0.391620 0.083247
v -0.083855 0.387582 0.082148
v -0.087017 0.377041 0.081447
v -0.080249 0.396883 0.082879
v -0.085767 0.370838 0.081614
v -0.074335 0.380264 0.083345
v -0.093069 0.390266 0.050887
v -0.092800 0.392919 0.054648
v -0.092963 0.392710 0.052883
v -0.093544 0.392141 0.046666
v -0.093465 0.389336 0.046672
v -0.092584 0.394405 0.057357
v -0.092613 0.393850 0.056814
v -0.091669 0.392429 0.064842
v -0.091726 0.382457 0.069247
v -0.090841 0.400459 0.076063
v -0.092340 0.113920 0.024130
v -0.090398 0.115622 0.019612
v -0.089918 0.112582 0.019365
v -0.090506 0.108820 0.022482
v -0.093590 0.106451 0.025477
v -0.094012 0.109064 0.026181
v -0.095299 0.116136 0.028496
v -0.094208 0.120850 0.028102
v -0.092168 0.119311 0.023803
v -0.090974 0.119267 0.019909
v -0.090518 0.104786 0.021115
v -0.092880 0.104210 0.024497
v -0.100064 0.117256 0.032514
v -0.099272 0.123971 0.033610
v -0.095135 0.106008 0.027331
v -0.095261 0.107799 0.027653
v -0.096705 0.106118 0.029296
v -0.096344 0.106628 0.028909
v -0.101926 0.107011 0.007258
v -0.102732 0.111185 0.010048
v -0.102703 0.111777 0.009508
v -0.102509 0.114679 0.011515
v -0.101999 0.115823 0.009527
v -0.102052 0.117024 0.012202
v -0.101487 0.118437 0.010270
v -0.101140 0.120229 0.008915
v -0.101218 0.118019 0.007307
v -0.101443 0.115934 0.006132
v -0.100598 0.121255 0.004947
v -0.100238 0.119906 0.002905
v -0.100977 0.122673 0.007093
v -0.101515 0.122797 0.010698
v -0.101450 0.124448 0.009780
v -0.101588 0.120900 0.011752
v -0.101661 0.119030 0.012791
v -0.090146 0.104283 -0.005171
v -0.100485 0.092799 0.003526
v -0.096285 0.105517 0.003180
v -0.101070 0.100603 0.005739
v -0.094004 0.098644 -0.001913
v -0.095192 0.100327 0.000151
v -0.092071 0.104670 -0.002552
v -0.100695 0.095607 0.004322
v -0.097918 0.097530 0.001940
v -0.097220 0.095368 0.000789
v -0.094166 0.105091 0.000297
v -0.096583 0.101915 0.002139
v -0.097863 0.103897 0.004024
v -0.099583 0.102131 0.004944
v -0.098575 0.099835 0.003192
v -0.100880 0.098066 0.005020
v -0.000024 0.111028 0.084395
v -0.000348 0.112655 0.084605
v 0.005555 0.116331 0.086772
v 0.008131 0.117731 0.087019
v 0.004923 0.114789 0.089097
v 0.008941 0.117908 0.090591
v -0.001596 0.111486 0.085376
v -0.000326 0.094451 0.085629
v 0.009547 0.107472 0.084335
v -0.003675 0.088757 0.090397
v 0.002385 0.085469 0.084950
v 0.004392 0.093415 0.082070
v 0.005662 0.100120 0.080297
v -0.001288 0.099523 0.084832
v -0.005598 0.096436 0.089520
v 0.010687 0.108522 0.086315
v 0.009730 0.113289 0.085322
v 0.007938 0.109267 0.081928
v 0.007819 0.105415 0.081800
v 0.009709 0.104966 0.084554
v 0.011486 0.104543 0.087144
v 0.004970 0.109251 0.082465
v 0.006674 0.105688 0.080132
v -0.000885 0.111105 0.084956
v -0.003061 0.104644 0.085426
v -0.007351 0.109597 0.088922
v -0.006676 0.106118 0.088518
v -0.000491 0.080451 0.089568
v -0.021663 0.108358 0.083782
v -0.023698 0.102254 0.083637
v -0.024872 0.097503 0.085157
v -0.021460 0.113612 0.084481
v -0.024463 0.109920 0.080609
v -0.026583 0.107938 0.082522
v -0.028576 0.102855 0.085215
v -0.020481 0.104389 0.081446
v -0.019314 0.106199 0.084797
v -0.017479 0.109032 0.088935
v -0.017500 0.113389 0.086037
v -0.017317 0.116800 0.086512
v -0.028786 0.097716 0.088107
v -0.023618 0.098965 0.089754
v -0.022356 0.101218 0.084197
v -0.021238 0.103215 0.079271
v -0.027507 0.092827 0.090091
v -0.022611 0.111514 0.084927
v -0.028130 0.111849 0.081541
v -0.017413 0.111277 0.090756
v -0.017523 0.108942 0.089412
v -0.015774 0.113581 0.089930
v -0.014200 0.119111 0.086695
v -0.014329 0.114310 0.088368
v -0.013907 0.117551 0.088244
v -0.013704 0.114782 0.090038
v -0.018837 0.106106 0.089384
v -0.023961 0.107344 0.085758
v -0.028387 0.107630 0.082712
v -0.020656 0.103068 0.089828
v -0.025115 0.102809 0.086917
v -0.028611 0.102782 0.084519
v -0.025806 0.098221 0.089168
v -0.028535 0.097715 0.088434
v -0.023340 0.098678 0.089830
v -0.041400 0.108681 0.079631
v -0.040262 0.125505 0.084756
v -0.040777 0.105005 0.079488
v -0.037352 0.105024 0.079235
v -0.036714 0.107402 0.079382
v -0.036166 0.109799 0.079560
v -0.041375 0.110488 0.080043
v -0.042969 0.108105 0.081298
v -0.043752 0.104989 0.079708
v -0.035823 0.125304 0.083713
v -0.036226 0.127817 0.084112
v -0.039457 0.129309 0.085852
v -0.040943 0.121217 0.083199
v -0.035695 0.120412 0.082213
v -0.042748 0.130828 0.087624
v -0.043795 0.125715 0.086257
v -0.042163 0.116663 0.081793
v -0.036283 0.117120 0.080765
v -0.041655 0.113015 0.080659
v -0.036326 0.113550 0.080165
v -0.044306 0.107336 0.083132
v -0.044113 0.104075 0.082443
v -0.044542 0.105336 0.085215
v -0.044965 0.107250 0.087577
v -0.044427 0.106924 0.085943
v -0.044612 0.104960 0.087063
v -0.045292 0.106074 0.088940
v -0.045498 0.107301 0.090061
v -0.044692 0.108409 0.087918
v -0.044160 0.108645 0.085478
v -0.043690 0.108746 0.083096
v -0.043846 0.106394 0.084226
v -0.043990 0.104218 0.085271
v -0.044128 0.102129 0.086274
v -0.044834 0.103383 0.088197
v -0.045568 0.104685 0.090196
v -0.046368 0.106105 0.092375
v -0.039325 0.112497 0.085913
v -0.041001 0.112163 0.087838
v -0.041822 0.115502 0.091052
v 0.054829 0.114225 0.019425
v -0.113020 -0.430277 -0.280272
v 0.056298 0.388494 0.067601
v -0.021446 0.346605 -0.082728
v -0.012558 0.118314 -0.093428
v -0.012470 0.118374 -0.093470
v -0.010525 0.114616 -0.090013
v -0.010567 0.117896 -0.093100
v -0.010824 0.118312 -0.093287
v -0.009494 0.118395 -0.093216
v -0.038149 0.110701 0.083054
v -0.092086 0.108084 -0.021400
v -0.011003 0.118625 -0.093422
v -0.011065 0.118729 -0.093468
v -0.010910 0.115155 -0.090453
v -0.010976 0.115236 -0.090517
v -0.010487 0.114956 -0.090372
v -0.010696 0.115134 -0.090493
v -0.040573 0.114000 0.088482
v -0.010929 0.117295 -0.092671
v -0.010961 0.116629 -0.091945
v -0.010943 0.118520 -0.093377
v -0.011243 0.116754 -0.091991
v -0.092297 0.108075 -0.021432
v 0.055361 0.105412 0.028714
v -0.091872 0.106312 -0.025016
v -0.011199 0.116221 -0.091459
v 0.055343 0.105243 0.028691
v -0.011507 0.116865 -0.092042
v -0.010552 0.115647 -0.091059
v -0.010608 0.116127 -0.091534
vt 0.094423 0.012391
vt 0.085103 0.023588
vt 0.081413 0.015385
vt 0.097619 0.003502
vt 0.215624 0.511772
vt 0.207583 0.517337
vt 0.203230 0.505868
vt 0.215225 0.500452
vt 0.227706 0.515237
vt 0.224099 0.522891
vt 0.206961 0.522058
vt 0.190718 0.512877
vt 0.149426 0.577898
vt 0.148754 0.568403
vt 0.153993 0.567393
vt 0.154695 0.574472
vt 0.717381 0.077715
vt 0.718200 0.085086
vt 0.710066 0.084685
vt 0.709714 0.078120
vt 0.160375 0.569147
vt 0.159981 0.578744
vt 0.230103 0.904150
vt 0.229652 0.909931
vt 0.222977 0.915763
vt 0.222977 0.906143
vt 0.053169 0.749600
vt 0.055480 0.746781
vt 0.062755 0.752656
vt 0.055012 0.756328
vt 0.901181 0.668221
vt 0.895487 0.669390
vt 0.895487 0.663622
vt 0.901818 0.663779
vt 0.047502 0.755676
vt 0.047502 0.749391
vt 0.829989 0.445733
vt 0.837162 0.444688
vt 0.839636 0.450377
vt 0.831616 0.451256
vt 0.896107 0.658520
vt 0.900968 0.658812
vt 0.148754 0.560559
vt 0.153852 0.559988
vt 0.027493 0.068073
vt 0.036501 0.062598
vt 0.042665 0.067689
vt 0.034997 0.072600
vt 0.024850 0.067105
vt 0.030146 0.058955
vt 0.102268 0.233619
vt 0.102268 0.241724
vt 0.098271 0.238662
vt 0.099437 0.232003
vt 0.278365 0.129304
vt 0.277036 0.137386
vt 0.268844 0.135974
vt 0.273718 0.125957
vt 0.281626 0.116601
vt 0.284063 0.127085
vt 0.502566 0.010065
vt 0.496831 0.011621
vt 0.495882 0.001506
vt 0.504367 0.001506
vt 0.290844 0.116256
vt 0.290888 0.126142
vt 0.285346 0.099401
vt 0.290332 0.100250
vt 0.266906 0.122657
vt 0.274694 0.113018
vt 0.280156 0.097513
vt 0.899221 0.515471
vt 0.907626 0.518105
vt 0.905690 0.530948
vt 0.899019 0.529726
vt 0.216238 0.286216
vt 0.216627 0.279944
vt 0.235144 0.281839
vt 0.238346 0.291871
vt 0.299817 0.406435
vt 0.290023 0.406371
vt 0.289026 0.380315
vt 0.296242 0.382582
vt 0.302155 0.885328
vt 0.274242 0.890006
vt 0.275117 0.884369
vt 0.295893 0.879923
vt 0.290536 0.273007
vt 0.288499 0.287301
vt 0.279121 0.287402
vt 0.277141 0.275136
vt 0.292858 0.146429
vt 0.279486 0.146026
vt 0.285701 0.136287
vt 0.093711 0.977709
vt 0.102313 0.978688
vt 0.100696 0.984247
vt 0.094500 0.983989
vt 0.685877 0.001996
vt 0.693929 0.002114
vt 0.694754 0.007725
vt 0.687488 0.008250
vt 0.084611 0.984217
vt 0.084459 0.978042
vt 0.495305 0.319628
vt 0.495383 0.310372
vt 0.502339 0.311577
vt 0.503356 0.318834
vt 0.094769 0.971329
vt 0.102544 0.971228
vt 0.742904 0.014612
vt 0.750584 0.010415
vt 0.752453 0.014970
vt 0.743959 0.021087
vt 0.736866 0.021656
vt 0.734470 0.013110
vt 0.737167 0.010835
vt 0.735511 0.024864
vt 0.191464 0.016980
vt 0.193367 0.007575
vt 0.195659 0.009163
vt 0.196910 0.013855
vt 0.122614 0.705754
vt 0.115087 0.699892
vt 0.115243 0.695421
vt 0.123186 0.696147
vt 0.123186 0.719016
vt 0.114870 0.712940
vt 0.195650 0.026904
vt 0.187616 0.029693
vt 0.025941 0.887423
vt 0.022587 0.886928
vt 0.025145 0.880536
vt 0.029562 0.880509
vt 0.216018 0.009962
vt 0.217246 0.022641
vt 0.211988 0.021971
vt 0.213673 0.005623
vt 0.039197 0.880723
vt 0.038640 0.887715
vt 0.195618 0.041685
vt 0.185278 0.042524
vt 0.169523 0.040585
vt 0.173015 0.031121
vt 0.087176 0.992465
vt 0.072729 0.994788
vt 0.074951 0.985532
vt 0.599662 0.011621
vt 0.591585 0.010430
vt 0.592020 0.003346
vt 0.599662 0.000599
vt 0.305493 0.821434
vt 0.304507 0.822367
vt 0.304199 0.822128
vt 0.304291 0.820967
vt 0.304245 0.818325
vt 0.305868 0.821065
vt 0.418369 0.194400
vt 0.417124 0.195239
vt 0.417076 0.192323
vt 0.418369 0.189777
vt 0.506691 0.207412
vt 0.502492 0.209185
vt 0.502591 0.202908
vt 0.506691 0.202058
vt 0.444132 0.427603
vt 0.443728 0.420730
vt 0.448585 0.421276
vt 0.448585 0.427666
vt 0.279900 0.193629
vt 0.279702 0.192084
vt 0.283561 0.191587
vt 0.283550 0.191719
vt 0.066698 0.270417
vt 0.069823 0.259140
vt 0.074377 0.262739
vt 0.074377 0.278913
vt 0.856800 0.520701
vt 0.865536 0.518297
vt 0.865863 0.533916
vt 0.856800 0.534583
vt 0.850684 0.013946
vt 0.850684 0.028416
vt 0.843196 0.030216
vt 0.839666 0.022774
vt 0.208087 0.561388
vt 0.194868 0.559465
vt 0.198426 0.548572
vt 0.215461 0.546972
vt 0.184860 0.536429
vt 0.171107 0.535607
vt 0.172217 0.517177
vt 0.204058 0.534611
vt 0.169573 0.493127
vt 0.185522 0.480727
vt 0.199602 0.482254
vt 0.190025 0.457954
vt 0.200630 0.459749
vt 0.729821 0.062755
vt 0.725222 0.055469
vt 0.723746 0.040349
vt 0.729514 0.041050
vt 0.171619 0.480194
vt 0.184478 0.473285
vt 0.124551 0.557825
vt 0.130158 0.547833
vt 0.139557 0.549857
vt 0.138323 0.557659
vt 0.320750 0.745130
vt 0.320739 0.758212
vt 0.308988 0.759140
vt 0.310618 0.749706
vt 0.185383 0.549504
vt 0.251489 0.079669
vt 0.251489 0.068695
vt 0.257815 0.070777
vt 0.257994 0.081349
vt 0.303440 0.755071
vt 0.304566 0.750486
vt 0.511042 0.323533
vt 0.510397 0.335719
vt 0.506761 0.334615
vt 0.506396 0.325486
vt 0.131540 0.541814
vt 0.140617 0.542323
vt 0.292302 0.278837
vt 0.296630 0.271636
vt 0.299831 0.270831
vt 0.299831 0.281237
vt 0.165958 0.195098
vt 0.170012 0.202035
vt 0.151829 0.204889
vt 0.159163 0.197991
vt 0.178803 0.199516
vt 0.181533 0.221755
vt 0.166651 0.222835
vt 0.178043 0.195333
vt 0.179523 0.195394
vt 0.177265 0.184219
vt 0.184527 0.165241
vt 0.197097 0.161717
vt 0.190059 0.190295
vt 0.308706 0.832990
vt 0.311867 0.826834
vt 0.313992 0.823412
vt 0.316101 0.836738
vt 0.167042 0.174738
vt 0.160369 0.187128
vt 0.151895 0.184132
vt 0.154197 0.165382
vt 0.318610 0.562363
vt 0.323074 0.566352
vt 0.321383 0.569447
vt 0.318610 0.568683
vt 0.878714 0.207460
vt 0.882349 0.202296
vt 0.885548 0.209643
vt 0.880675 0.211132
vt 0.156801 0.189379
vt 0.151590 0.187472
vt 0.159859 0.059058
vt 0.137390 0.062587
vt 0.135287 0.043481
vt 0.146758 0.040805
vt 0.156009 0.034127
vt 0.183997 0.061618
vt 0.160417 0.092729
vt 0.137798 0.093292
vt 0.182576 0.093292
vt 0.138314 0.202791
vt 0.141813 0.197081
vt 0.148597 0.197507
vt 0.879604 0.066571
vt 0.877532 0.069728
vt 0.877532 0.060763
vt 0.880899 0.060467
vt 0.150048 0.030615
vt 0.146641 0.026471
vt 0.161319 0.026902
vt 0.050787 0.909009
vt 0.053458 0.917786
vt 0.042182 0.918088
vt 0.042182 0.905337
vt 0.049424 0.991142
vt 0.039035 0.991509
vt 0.036814 0.982593
vt 0.047321 0.981537
vt 0.221609 0.066129
vt 0.220924 0.054178
vt 0.227779 0.053494
vt 0.227779 0.069728
vt 0.062698 0.979264
vt 0.063522 0.987706
vt 0.032540 0.858890
vt 0.028784 0.862305
vt 0.028784 0.853832
vt 0.030906 0.857091
vt 0.145898 0.034360
vt 0.148686 0.034053
vt 0.148753 0.036794
vt 0.147753 0.037188
vt 0.144924 0.031923
vt 0.148753 0.032337
vt 0.135576 0.182827
vt 0.142011 0.186391
vt 0.143301 0.192983
vt 0.139670 0.190673
vt 0.509016 0.388507
vt 0.507555 0.397451
vt 0.503876 0.397428
vt 0.503912 0.393713
vt 0.128372 0.158072
vt 0.139654 0.161862
vt 0.587731 0.002028
vt 0.589051 0.001092
vt 0.590365 0.005096
vt 0.587731 0.006973
vt 0.833219 0.027024
vt 0.829956 0.026108
vt 0.830931 0.023320
vt 0.834414 0.023726
vt 0.834414 0.031273
vt 0.831367 0.030330
vt 0.121235 0.020442
vt 0.121394 0.029192
vt 0.115637 0.029439
vt 0.116607 0.019815
vt 0.215387 0.754576
vt 0.214558 0.750196
vt 0.220993 0.745103
vt 0.222327 0.752625
vt 0.216206 0.740995
vt 0.213714 0.737977
vt 0.215502 0.737909
vt 0.217871 0.738802
vt 0.104827 0.319006
vt 0.110540 0.343678
vt 0.083697 0.335126
vt 0.082507 0.312590
vt 0.045918 0.780955
vt 0.045918 0.761964
vt 0.048451 0.770748
vt 0.055783 0.776353
vt 0.826835 0.519764
vt 0.832089 0.518547
vt 0.832089 0.534583
vt 0.825672 0.530651
vt 0.032827 0.675641
vt 0.055861 0.679736
vt 0.056932 0.685252
vt 0.031464 0.681255
vt 0.818914 0.527633
vt 0.818523 0.516233
vt 0.098443 0.281381
vt 0.103367 0.255930
vt 0.112579 0.255901
vt 0.106637 0.283731
vt 0.131880 0.330971
vt 0.132748 0.349376
vt 0.272799 0.768908
vt 0.279637 0.769772
vt 0.281237 0.775860
vt 0.272799 0.783280
vt 0.427510 0.311453
vt 0.419549 0.301787
vt 0.429367 0.301322
vt 0.432315 0.309090
vt 0.020915 0.982253
vt 0.020355 0.991624
vt 0.011472 0.989776
vt 0.014480 0.979764
vt 0.537739 0.131768
vt 0.535745 0.140897
vt 0.527432 0.140519
vt 0.529140 0.132392
vt 0.498857 0.246777
vt 0.507417 0.247081
vt 0.505438 0.253182
vt 0.497499 0.253754
vt 0.017973 0.971580
vt 0.022216 0.972899
vt 0.028044 0.983417
vt 0.030923 0.993121
vt 0.224011 0.739305
vt 0.230103 0.735874
vt 0.229707 0.743537
vt 0.222998 0.734746
vt 0.040013 0.670202
vt 0.056397 0.672439
vt 0.510996 0.201465
vt 0.520292 0.201028
vt 0.520637 0.209896
vt 0.514567 0.211789
vt 0.508382 0.211966
vt 0.508483 0.203356
vt 0.131429 0.031978
vt 0.139641 0.031831
vt 0.687984 0.469850
vt 0.687984 0.483449
vt 0.681931 0.481743
vt 0.681710 0.468147
vt 0.230103 0.762361
vt 0.224021 0.761023
vt 0.229369 0.752188
vt 0.127952 0.028633
vt 0.127267 0.043609
vt 0.120731 0.043398
vt 0.182897 0.568735
vt 0.182897 0.565075
vt 0.185942 0.567652
vt 0.184314 0.571771
vt 0.297809 0.511340
vt 0.291263 0.503613
vt 0.290422 0.485819
vt 0.299831 0.485819
vt 0.099723 0.310375
vt 0.117596 0.284333
vt 0.111879 0.308603
vt 0.083022 0.299610
vt 0.096506 0.301415
vt 0.261171 0.897921
vt 0.264967 0.895554
vt 0.264967 0.908790
vt 0.258606 0.905343
vt 0.013946 0.864538
vt 0.013753 0.875237
vt 0.006663 0.879155
vt 0.008219 0.865464
vt 0.255169 0.909990
vt 0.262643 0.910382
vt 0.262643 0.919961
vt 0.252728 0.920412
vt 0.556473 0.009351
vt 0.551421 0.005658
vt 0.552731 0.001748
vt 0.559352 0.004114
vt 0.560150 0.010772
vt 0.555383 0.011698
vt 0.420693 0.272389
vt 0.419969 0.281121
vt 0.413856 0.283561
vt 0.413856 0.273139
vt 0.000714 0.836899
vt 0.000714 0.830049
vt 0.009297 0.835733
vt 0.004142 0.841386
vt 0.131663 0.576419
vt 0.130061 0.570511
vt 0.141001 0.571658
vt 0.141516 0.576195
vt 0.271466 0.729768
vt 0.273448 0.727493
vt 0.274264 0.734470
vt 0.270350 0.734424
vt 0.157400 0.898681
vt 0.155080 0.893058
vt 0.160775 0.893342
vt 0.162699 0.897290
vt 0.060431 0.032146
vt 0.056727 0.034864
vt 0.054464 0.030418
vt 0.058843 0.027212
vt 0.827299 0.476476
vt 0.827299 0.466213
vt 0.833199 0.461516
vt 0.834414 0.472356
vt 0.827076 0.927989
vt 0.822597 0.929709
vt 0.822597 0.921126
vt 0.829765 0.923613
vt 0.754442 0.183485
vt 0.760037 0.188266
vt 0.758368 0.186423
vt 0.755671 0.187278
vt 0.414519 0.007497
vt 0.412173 0.009297
vt 0.412173 0.001194
vt 0.418369 0.001313
vt 0.347072 0.606956
vt 0.350965 0.604604
vt 0.350965 0.611283
vt 0.347007 0.610827
vt 0.318084 0.717522
vt 0.323857 0.729137
vt 0.311908 0.731764
vt 0.313129 0.719035
vt 0.312065 0.708378
vt 0.316193 0.709027
vt 0.307168 0.561891
vt 0.311491 0.553120
vt 0.316204 0.556642
vt 0.315953 0.563660
vt 0.613258 0.001799
vt 0.620581 0.001799
vt 0.618697 0.008188
vt 0.613400 0.009297
vt 0.514135 0.464197
vt 0.520002 0.466078
vt 0.520637 0.470934
vt 0.514135 0.471827
vt 0.320116 0.585717
vt 0.315427 0.579953
vt 0.320717 0.573891
vt 0.325398 0.580915
vt 0.748400 0.521501
vt 0.758857 0.526938
vt 0.753557 0.532341
vt 0.745931 0.529195
vt 0.322426 0.560589
vt 0.320620 0.549040
vt 0.325398 0.552376
vt 0.094614 0.753749
vt 0.093020 0.745722
vt 0.100781 0.744596
vt 0.100976 0.751535
vt 0.282485 0.819504
vt 0.278975 0.808333
vt 0.283569 0.800777
vt 0.290001 0.820468
vt 0.046485 0.713973
vt 0.042792 0.721418
vt 0.038092 0.722849
vt 0.038092 0.713417
vt 0.701036 0.527257
vt 0.695686 0.534422
vt 0.695346 0.521245
vt 0.701930 0.515881
vt 0.099709 0.259668
vt 0.095495 0.255400
vt 0.095615 0.243239
vt 0.099944 0.243479
vt 0.290534 0.681275
vt 0.281863 0.695288
vt 0.273757 0.692876
vt 0.277388 0.683109
vt 0.879004 0.658814
vt 0.883177 0.648012
vt 0.883223 0.647286
vt 0.883223 0.660093
vt 0.251529 0.697564
vt 0.253853 0.691650
vt 0.263570 0.699926
vt 0.255228 0.704554
vt 0.519108 0.244049
vt 0.521260 0.241685
vt 0.519108 0.239993
vt 0.522961 0.243367
vt 0.425342 0.191284
vt 0.424161 0.195239
vt 0.420448 0.188786
vt 0.425342 0.184966
vt 0.016738 0.509116
vt 0.020029 0.504863
vt 0.026037 0.504956
vt 0.024654 0.509105
vt 0.028427 0.516787
vt 0.014671 0.519039
vt 0.331796 0.544507
vt 0.332276 0.548300
vt 0.327042 0.549961
vt 0.326443 0.544745
vt 0.730962 0.228906
vt 0.733311 0.217203
vt 0.743767 0.217024
vt 0.742078 0.232427
vt 0.349856 0.690867
vt 0.348962 0.683159
vt 0.353289 0.682246
vt 0.353157 0.692633
vt 0.995315 0.989524
vt 0.993411 0.973766
vt 0.997955 0.974316
vt 0.997639 0.983585
vt 0.026442 0.823296
vt 0.026506 0.826102
vt 0.027891 0.831558
vt 0.020623 0.824040
vt 0.348283 0.590778
vt 0.345464 0.602145
vt 0.337933 0.602211
vt 0.342152 0.592205
vt 0.991581 0.992669
vt 0.986220 0.990411
vt 0.985915 0.984290
vt 0.630249 0.375094
vt 0.634080 0.375565
vt 0.632961 0.383505
vt 0.627961 0.383266
vt 0.627961 0.364609
vt 0.636851 0.368415
vt 0.123382 0.472228
vt 0.129818 0.477807
vt 0.116434 0.480276
vt 0.115390 0.465302
vt 0.424921 0.160276
vt 0.432169 0.164801
vt 0.432315 0.188266
vt 0.423416 0.181176
vt 0.424600 0.153282
vt 0.432173 0.153528
vt 0.150637 0.482005
vt 0.151075 0.501371
vt 0.131230 0.504652
vt 0.131480 0.487915
vt 0.143786 0.475390
vt 0.427324 0.139523
vt 0.432315 0.141083
vt 0.357036 0.752387
vt 0.353303 0.755385
vt 0.352593 0.746390
vt 0.357938 0.745056
vt 0.511753 0.374554
vt 0.513953 0.366960
vt 0.523937 0.368312
vt 0.523328 0.380824
vt 0.504943 0.372356
vt 0.509246 0.364656
vt 0.355515 0.712824
vt 0.355614 0.725638
vt 0.350827 0.727497
vt 0.350827 0.715752
vt 0.345491 0.745056
vt 0.346600 0.758874
vt 0.181293 0.555581
vt 0.157423 0.557825
vt 0.158125 0.550432
vt 0.180129 0.548980
vt 0.128131 0.539804
vt 0.122369 0.553464
vt 0.106589 0.553743
vt 0.109057 0.538326
vt 0.178381 0.543456
vt 0.157659 0.542207
vt 0.504943 0.351567
vt 0.509336 0.352175
vt 0.627373 0.425247
vt 0.645667 0.417224
vt 0.647888 0.441596
vt 0.632089 0.443812
vt 0.000707 0.507344
vt 0.002324 0.505076
vt 0.002324 0.508754
vt 0.002009 0.509016
vt 0.612945 0.445966
vt 0.609470 0.428908
vt 0.490421 0.290534
vt 0.486991 0.285826
vt 0.486318 0.285205
vt 0.490421 0.284694
vt 0.539093 0.395126
vt 0.532346 0.387042
vt 0.531825 0.369137
vt 0.539231 0.366553
vt 0.542043 0.320721
vt 0.544423 0.292235
vt 0.550457 0.295508
vt 0.549917 0.320955
vt 0.041837 0.858353
vt 0.037401 0.862305
vt 0.037401 0.851891
vt 0.040010 0.847254
vt 0.288210 0.255670
vt 0.280900 0.254023
vt 0.281152 0.239011
vt 0.288210 0.235771
vt 0.881845 0.167218
vt 0.876246 0.169672
vt 0.876246 0.155889
vt 0.885548 0.159472
vt 0.376988 0.003134
vt 0.383088 0.001645
vt 0.388153 0.013946
vt 0.376988 0.012458
vt 0.110218 0.577940
vt 0.089103 0.571487
vt 0.088928 0.560676
vt 0.104031 0.565027
vt 0.320655 0.894845
vt 0.321227 0.880722
vt 0.332371 0.878718
vt 0.332371 0.889885
vt 0.337019 0.908790
vt 0.327309 0.903306
vt 0.326049 0.895611
vt 0.337019 0.897140
vt 0.089909 0.551159
vt 0.091545 0.535815
vt 0.371884 0.001543
vt 0.371884 0.012410
vt 0.361486 0.013946
vt 0.361913 0.003041
vt 0.296352 0.888462
vt 0.306804 0.887067
vt 0.305650 0.899536
vt 0.296352 0.901818
vt 0.843886 0.382410
vt 0.838371 0.382529
vt 0.837415 0.379775
vt 0.843192 0.375656
vt 0.848359 0.372912
vt 0.848359 0.381619
vt 0.847022 0.390478
vt 0.844389 0.389743
vt 0.540852 0.466353
vt 0.543045 0.450912
vt 0.555925 0.449850
vt 0.549355 0.473613
vt 0.528158 0.474832
vt 0.526851 0.464563
vt 0.421983 0.395126
vt 0.421983 0.387331
vt 0.425342 0.391166
vt 0.424024 0.392396
vt 0.501108 0.127835
vt 0.501653 0.124537
vt 0.501108 0.121189
vt 0.506691 0.122618
vt 0.528206 0.451108
vt 0.512593 0.450933
vt 0.512824 0.441590
vt 0.522756 0.442875
vt 0.252937 0.735261
vt 0.243370 0.737477
vt 0.242422 0.732863
vt 0.251149 0.734870
vt 0.253346 0.737544
vt 0.245451 0.742298
vt 0.501090 0.321103
vt 0.503286 0.321109
vt 0.504367 0.324035
vt 0.501090 0.325398
vt 0.516265 0.461381
vt 0.118282 0.933662
vt 0.118452 0.929710
vt 0.124626 0.929401
vt 0.124743 0.933625
vt 0.353320 0.539460
vt 0.359784 0.539681
vt 0.360150 0.546623
vt 0.354062 0.546635
vt 0.099944 0.017669
vt 0.099704 0.024856
vt 0.096555 0.024974
vt 0.096009 0.018473
vt 0.637431 0.008242
vt 0.635852 0.002885
vt 0.641499 0.002885
vt 0.641303 0.009297
vt 0.092180 0.019552
vt 0.090909 0.025179
vt 0.682474 0.536862
vt 0.676878 0.537695
vt 0.676811 0.531511
vt 0.683591 0.531469
vt 0.550354 0.498311
vt 0.528032 0.495743
vt 0.587757 0.544072
vt 0.544938 0.546367
vt 0.543957 0.539113
vt 0.586000 0.538513
vt 0.598364 0.538024
vt 0.600497 0.539112
vt 0.618442 0.540075
vt 0.617554 0.546588
vt 0.615682 0.554658
vt 0.583554 0.554173
vt 0.365474 0.932411
vt 0.363403 0.929606
vt 0.384512 0.928967
vt 0.383388 0.933161
vt 0.350993 0.932071
vt 0.342354 0.925181
vt 0.363483 0.923992
vt 0.653570 0.266365
vt 0.649352 0.234336
vt 0.658718 0.236228
vt 0.663271 0.267940
vt 0.665587 0.291605
vt 0.659242 0.291486
vt 0.649747 0.292276
vt 0.646509 0.270577
vt 0.641507 0.265567
vt 0.644508 0.260465
vt 0.632274 0.272432
vt 0.630978 0.262927
vt 0.629490 0.246750
vt 0.634300 0.293702
vt 0.878500 0.545387
vt 0.877581 0.552095
vt 0.874196 0.551970
vt 0.876479 0.541162
vt 0.892798 0.890614
vt 0.886748 0.890897
vt 0.886381 0.883939
vt 0.891816 0.883924
vt 0.893570 0.894879
vt 0.887883 0.897169
vt 0.641393 0.933198
vt 0.632406 0.929704
vt 0.632194 0.924346
vt 0.641499 0.927498
vt 0.684498 0.014715
vt 0.683897 0.024024
vt 0.678397 0.024332
vt 0.678089 0.017955
vt 0.627288 0.135547
vt 0.624956 0.149736
vt 0.600762 0.142409
vt 0.599158 0.127381
vt 0.644844 0.126481
vt 0.645334 0.156169
vt 0.636224 0.159994
vt 0.850684 0.006842
vt 0.838925 0.018594
vt 0.838925 0.000887
vt 0.847311 0.001460
vt 0.902352 0.002502
vt 0.908790 0.000788
vt 0.908790 0.013946
vt 0.903423 0.011167
vt 0.318140 0.671425
vt 0.325398 0.677637
vt 0.324292 0.692279
vt 0.318140 0.694957
vt 0.627950 0.210297
vt 0.630181 0.187999
vt 0.639084 0.187429
vt 0.639300 0.209276
vt 0.640786 0.231527
vt 0.629285 0.224818
vt 0.623706 0.206075
vt 0.617580 0.211358
vt 0.606755 0.190237
vt 0.622070 0.189061
vt 0.803680 0.536907
vt 0.797959 0.534050
vt 0.799530 0.526367
vt 0.806610 0.524413
vt 0.055902 0.771658
vt 0.048318 0.761712
vt 0.826355 0.462273
vt 0.826355 0.452556
vt 0.834051 0.458558
vt 0.815820 0.523056
vt 0.807469 0.517136
vt 0.815405 0.517313
vt 0.801892 0.402845
vt 0.795316 0.396929
vt 0.800858 0.390216
vt 0.804198 0.393596
vt 0.217891 0.896060
vt 0.228937 0.900217
vt 0.223612 0.903534
vt 0.218566 0.904142
vt 0.222394 0.890746
vt 0.230103 0.890746
vt 0.194414 0.915763
vt 0.194414 0.902584
vt 0.202212 0.908385
vt 0.201555 0.914488
vt 0.117524 0.906466
vt 0.119425 0.893461
vt 0.126572 0.892976
vt 0.130159 0.906466
vt 0.539443 0.246792
vt 0.538143 0.229949
vt 0.543931 0.229439
vt 0.545343 0.246937
vt 0.532281 0.244743
vt 0.531393 0.231188
vt 0.005452 0.545971
vt 0.001839 0.546204
vt 0.001839 0.530031
vt 0.009297 0.536114
vt 0.515117 0.323822
vt 0.525661 0.326864
vt 0.524043 0.339114
vt 0.514690 0.337011
vt 0.016717 0.908475
vt 0.023243 0.908708
vt 0.023243 0.920412
vt 0.015460 0.914158
vt 0.543498 0.263033
vt 0.550187 0.247637
vt 0.550654 0.267979
vt 0.674039 0.011425
vt 0.664566 0.011621
vt 0.664566 0.000761
vt 0.672599 0.002502
vt 0.880805 0.180341
vt 0.878869 0.171636
vt 0.885548 0.168781
vt 0.885548 0.183618
vt 0.539169 0.356308
vt 0.530794 0.355726
vt 0.532273 0.339464
vt 0.538903 0.341594
vt 0.539700 0.281928
vt 0.540085 0.267266
vt 0.521991 0.354131
vt 0.514871 0.352889
vt 0.141781 0.892926
vt 0.141781 0.906466
vt 0.133490 0.905100
vt 0.133783 0.893287
vt 0.320750 0.771658
vt 0.307826 0.769776
vt 0.184316 0.562971
vt 0.528088 0.072473
vt 0.532914 0.092003
vt 0.504081 0.093687
vt 0.503731 0.076484
vt 0.502990 0.059267
vt 0.531489 0.057710
vt 0.563606 0.055488
vt 0.563266 0.070274
vt 0.564212 0.087547
vt 0.547583 0.120535
vt 0.551159 0.129249
vt 0.541785 0.131004
vt 0.530391 0.121927
vt 0.563871 0.110267
vt 0.570615 0.126996
vt 0.533641 0.110134
vt 0.283683 0.565500
vt 0.276918 0.567910
vt 0.277600 0.558218
vt 0.285950 0.557889
vt 0.292817 0.557675
vt 0.288331 0.566929
vt 0.280059 0.573462
vt 0.417429 0.262931
vt 0.423474 0.254827
vt 0.427617 0.258622
vt 0.423537 0.271940
vt 0.287406 0.576115
vt 0.296257 0.567443
vt 0.303848 0.567818
vt 0.299997 0.575435
vt 0.335631 0.812400
vt 0.337019 0.820468
vt 0.333374 0.808091
vt 0.337019 0.803532
vt 0.611748 0.236259
vt 0.415933 0.258397
vt 0.412054 0.264450
vt 0.406785 0.226233
vt 0.415287 0.222364
vt 0.034864 0.017803
vt 0.034864 0.035587
vt 0.025644 0.032925
vt 0.026567 0.009386
vt 0.297363 0.728177
vt 0.307241 0.728855
vt 0.302969 0.748404
vt 0.295527 0.748416
vt 0.295527 0.717742
vt 0.309128 0.717361
vt 0.178969 0.735050
vt 0.177972 0.741443
vt 0.171229 0.738659
vt 0.171229 0.719893
vt 0.482593 0.281375
vt 0.476090 0.291179
vt 0.472822 0.281861
vt 0.473619 0.274454
vt 0.479689 0.251880
vt 0.469951 0.254104
vt 0.469148 0.231056
vt 0.479675 0.233745
vt 0.489153 0.296925
vt 0.482028 0.304052
vt 0.026763 0.048655
vt 0.030844 0.051134
vt 0.025567 0.683336
vt 0.016028 0.675757
vt 0.016019 0.656423
vt 0.025567 0.650980
vt 0.398196 0.263625
vt 0.395013 0.228203
vt 0.411769 0.301650
vt 0.398839 0.297475
vt 0.055432 0.075008
vt 0.052676 0.073649
vt 0.046885 0.063225
vt 0.058837 0.048344
vt 0.501939 0.331338
vt 0.494386 0.340619
vt 0.491907 0.322819
vt 0.495508 0.322687
vt 0.062755 0.049945
vt 0.062755 0.083674
vt 0.478829 0.309134
vt 0.472529 0.295187
vt 0.739907 0.126443
vt 0.733653 0.134808
vt 0.733653 0.115717
vt 0.741443 0.118884
vt 0.483596 0.325799
vt 0.473518 0.329654
vt 0.469971 0.313849
vt 0.465617 0.297913
vt 0.487050 0.311359
vt 0.403437 0.093405
vt 0.399050 0.108533
vt 0.387404 0.106385
vt 0.404748 0.086697
vt 0.011919 0.518313
vt 0.011919 0.511671
vt 0.013946 0.512562
vt 0.013676 0.513782
vt 0.406689 0.088362
vt 0.409807 0.111680
vt 0.419396 0.093427
vt 0.424021 0.114743
vt 0.361918 0.081227
vt 0.362304 0.071906
vt 0.406062 0.076531
vt 0.431748 0.125383
vt 0.431188 0.127178
vt 0.424269 0.139414
vt 0.419084 0.135334
vt 0.443738 0.113635
vt 0.445072 0.121890
vt 0.178681 0.713787
vt 0.186635 0.716381
vt 0.176758 0.723011
vt 0.173261 0.718571
vt 0.184447 0.702206
vt 0.191783 0.700934
vt 0.439671 0.400333
vt 0.448276 0.401858
vt 0.447968 0.418413
vt 0.439955 0.418371
vt 0.184763 0.698183
vt 0.177034 0.696690
vt 0.180272 0.690528
vt 0.188550 0.690205
vt 0.193930 0.683736
vt 0.199887 0.688974
vt 0.441033 0.386299
vt 0.448693 0.384939
vt 0.435025 0.382897
vt 0.435126 0.363236
vt 0.441642 0.361922
vt 0.010945 0.695286
vt 0.006098 0.688393
vt 0.030266 0.696602
vt 0.028959 0.703305
vt 0.999437 0.755388
vt 0.989648 0.753227
vt 0.988190 0.745739
vt 0.995133 0.745837
vt 0.171533 0.703752
vt 0.174316 0.700273
vt 0.097619 0.269616
vt 0.092815 0.269438
vt 0.092815 0.259046
vt 0.097341 0.261650
vt 0.292142 0.512902
vt 0.284616 0.512733
vt 0.284383 0.505404
vt 0.288609 0.504706
vt 0.036970 0.052884
vt 0.041476 0.056723
vt 0.897567 0.755356
vt 0.900070 0.747099
vt 0.906690 0.746816
vt 0.905360 0.755388
vt 0.521093 0.396192
vt 0.520466 0.388399
vt 0.525285 0.385862
vt 0.525285 0.402099
vt 0.360700 0.156596
vt 0.339284 0.160298
vt 0.338360 0.128671
vt 0.360931 0.129131
vt 0.378865 0.131021
vt 0.374424 0.158279
vt 0.344735 0.070793
vt 0.337941 0.076936
vt 0.331946 0.056579
vt 0.341178 0.057419
vt 0.362876 0.058032
vt 0.325280 0.075057
vt 0.323378 0.054857
vt 0.337023 0.097971
vt 0.326811 0.097660
vt 0.308786 0.017138
vt 0.313246 0.016441
vt 0.313807 0.022813
vt 0.307660 0.022057
vt 0.290204 0.010224
vt 0.292842 0.005521
vt 0.297507 0.009298
vt 0.292197 0.013946
vt 0.285205 0.010300
vt 0.285911 0.002894
vt 0.878541 0.920414
vt 0.870821 0.918991
vt 0.871015 0.911925
vt 0.877951 0.911355
vt 0.003802 0.001787
vt 0.008412 0.003553
vt 0.007536 0.010268
vt 0.001481 0.009568
vt 0.892519 0.515659
vt 0.894845 0.524731
vt 0.888602 0.525548
vt 0.887962 0.519217
vt 0.003195 0.356029
vt 0.010362 0.354106
vt 0.011053 0.384629
vt 0.003584 0.385896
vt 0.524297 0.919619
vt 0.494397 0.920927
vt 0.494346 0.913776
vt 0.524147 0.913197
vt 0.557043 0.913372
vt 0.558285 0.921457
vt 0.003626 0.322003
vt 0.010812 0.322066
vt 0.056101 0.595965
vt 0.067404 0.594572
vt 0.065835 0.603601
vt 0.056101 0.608959
vt 0.405049 0.334148
vt 0.394310 0.332017
vt 0.419467 0.312493
vt 0.413270 0.336281
vt 0.501283 0.235045
vt 0.502043 0.241145
vt 0.492409 0.247049
vt 0.489150 0.233346
vt 0.427478 0.318443
vt 0.417793 0.339485
vt 0.491394 0.212456
vt 0.500058 0.214191
vt 0.525528 0.432151
vt 0.535259 0.429811
vt 0.513713 0.431946
vt 0.294674 0.205059
vt 0.294674 0.196464
vt 0.301927 0.198559
vt 0.302155 0.206860
vt 0.001052 0.575257
vt 0.005695 0.569042
vt 0.018072 0.569278
vt 0.017428 0.575278
vt 0.539324 0.413506
vt 0.548966 0.413489
vt 0.547412 0.430101
vt 0.419413 0.435858
vt 0.421577 0.427907
vt 0.432223 0.429572
vt 0.431062 0.439145
vt 0.406667 0.445875
vt 0.404000 0.432801
vt 0.415643 0.424198
vt 0.896029 0.655445
vt 0.896029 0.644392
vt 0.901458 0.643526
vt 0.901818 0.649559
vt 0.092971 0.002024
vt 0.078493 0.006153
vt 0.058725 0.009297
vt 0.064026 0.002388
vt 0.240595 0.908790
vt 0.242226 0.899570
vt 0.240595 0.895397
vt 0.246373 0.895791
vt 0.359987 0.774874
vt 0.359756 0.745928
vt 0.366121 0.750206
vt 0.366790 0.785950
vt 0.382558 0.474908
vt 0.393094 0.492684
vt 0.373857 0.494671
vt 0.373587 0.474725
vt 0.390095 0.464807
vt 0.390267 0.471712
vt 0.419230 0.452133
vt 0.427179 0.456833
vt 0.431311 0.469041
vt 0.413262 0.474625
vt 0.410324 0.466041
vt 0.408938 0.458550
vt 0.483048 0.532502
vt 0.463249 0.532124
vt 0.467366 0.525050
vt 0.480018 0.526090
vt 0.244788 0.693285
vt 0.250437 0.693999
vt 0.248675 0.697903
vt 0.244438 0.698408
vt 0.457682 0.531257
vt 0.457827 0.524736
vt 0.064436 0.022288
vt 0.064976 0.017715
vt 0.069728 0.018251
vt 0.065873 0.025567
vt 0.314937 0.535285
vt 0.311270 0.536222
vt 0.310773 0.527403
vt 0.315523 0.527598
vt 0.321101 0.527218
vt 0.320104 0.535757
vt 0.739119 0.529924
vt 0.736135 0.536907
vt 0.731723 0.534673
vt 0.733373 0.528360
vt 0.305960 0.534431
vt 0.306190 0.527090
vt 0.353413 0.920684
vt 0.355026 0.915106
vt 0.362831 0.914064
vt 0.362265 0.917973
vt 0.027353 0.264967
vt 0.025622 0.256467
vt 0.028436 0.256848
vt 0.029543 0.262589
vt 0.436497 0.222983
vt 0.433647 0.223130
vt 0.433647 0.218865
vt 0.436963 0.217424
vt 0.003847 0.518134
vt 0.004688 0.508523
vt 0.009892 0.508361
vt 0.008908 0.516454
vt 0.025391 0.248865
vt 0.029551 0.248946
vt 0.368145 0.468583
vt 0.369570 0.471694
vt 0.357508 0.492839
vt 0.349028 0.485810
vt 0.383633 0.445917
vt 0.389963 0.455701
vt 0.360611 0.457036
vt 0.466711 0.007175
vt 0.468474 0.001522
vt 0.469503 0.005681
vt 0.469503 0.009297
vt 0.138234 0.030216
vt 0.134825 0.029356
vt 0.134825 0.021124
vt 0.139456 0.026130
vt 0.897192 0.256813
vt 0.901281 0.257865
vt 0.901818 0.264032
vt 0.895267 0.262383
vt 0.541390 0.297507
vt 0.538623 0.295343
vt 0.538623 0.286267
vt 0.541555 0.292467
vt 0.165092 0.572551
vt 0.165881 0.570983
vt 0.167507 0.574839
vt 0.165160 0.578744
vt 0.880899 0.024615
vt 0.880253 0.028778
vt 0.877656 0.026834
vt 0.879885 0.018041
vt 0.233304 0.069075
vt 0.237076 0.067116
vt 0.237076 0.074377
vt 0.233033 0.072867
vt 0.050822 0.694957
vt 0.050822 0.688616
vt 0.055465 0.689004
vt 0.055783 0.693763
vt 0.901800 0.264221
vt 0.898542 0.264967
vt 0.676449 0.011621
vt 0.676449 0.006235
vt 0.677439 0.005973
vt 0.678688 0.007956
vt 0.290676 0.077781
vt 0.290215 0.077717
vt 0.292858 0.081349
vt 0.289346 0.081349
vt 0.690181 0.092956
vt 0.704254 0.089744
vt 0.703969 0.095911
vt 0.687424 0.097619
vt 0.165815 0.770604
vt 0.167659 0.766768
vt 0.171996 0.772480
vt 0.167592 0.776269
vt 0.161496 0.777990
vt 0.161418 0.771240
vt 0.162338 0.765348
vt 0.085998 0.278913
vt 0.081269 0.274712
vt 0.083176 0.269563
vt 0.085998 0.269154
vt 0.182105 0.739902
vt 0.182824 0.731772
vt 0.188266 0.735232
vt 0.188266 0.746091
vt 0.691934 0.084803
vt 0.702087 0.083183
vt 0.211509 0.740423
vt 0.211357 0.743341
vt 0.205910 0.738174
vt 0.210647 0.736193
vt 0.043990 0.816072
vt 0.044161 0.823478
vt 0.041458 0.832089
vt 0.041458 0.814884
vt 0.650992 0.001289
vt 0.655457 0.000700
vt 0.657641 0.005433
vt 0.653842 0.009079
vt 0.656292 0.011621
vt 0.653984 0.010900
vt 0.059298 0.730373
vt 0.059805 0.723976
vt 0.065604 0.722142
vt 0.070080 0.728127
vt 0.048391 0.928922
vt 0.045463 0.925768
vt 0.053458 0.922762
vt 0.053458 0.929709
vt 0.050362 0.742736
vt 0.055192 0.742957
vt 0.050670 0.747185
vt 0.045574 0.745569
vt 0.320447 0.902920
vt 0.317770 0.900532
vt 0.322575 0.897992
vt 0.324287 0.901834
vt 0.054338 0.716392
vt 0.053436 0.719813
vt 0.047728 0.719769
vt 0.050639 0.715119
vt 0.325398 0.906767
vt 0.319299 0.906403
vt 0.273434 0.892535
vt 0.281237 0.890714
vt 0.280794 0.895434
vt 0.271133 0.896969
vt 0.819751 0.383228
vt 0.815164 0.383505
vt 0.815586 0.377354
vt 0.822472 0.378502
vt 0.239259 0.745656
vt 0.239400 0.752153
vt 0.234534 0.752662
vt 0.234534 0.745415
vt 0.317966 0.539745
vt 0.323119 0.540874
vt 0.315194 0.545727
vt 0.612037 0.393131
vt 0.613608 0.391044
vt 0.613608 0.397451
vt 0.611605 0.397316
vt 0.879922 0.591241
vt 0.879351 0.593811
vt 0.877100 0.592683
vt 0.876433 0.589056
vt 0.881697 0.258644
vt 0.885548 0.262222
vt 0.880371 0.264967
vt 0.880371 0.256418
vt 0.165549 0.565037
vt 0.168196 0.567130
vt 0.075507 0.736762
vt 0.077549 0.731305
vt 0.083674 0.728105
vt 0.082855 0.733474
vt 0.811084 0.365809
vt 0.818019 0.364531
vt 0.817578 0.371513
vt 0.811249 0.372416
vt 0.270726 0.903388
vt 0.281237 0.904142
vt 0.081330 0.914201
vt 0.074438 0.920412
vt 0.073739 0.907893
vt 0.081350 0.907893
vt 0.237897 0.705063
vt 0.246639 0.705984
vt 0.253346 0.711107
vt 0.236752 0.709327
vt 0.069213 0.911008
vt 0.070315 0.919199
vt 0.330349 0.750790
vt 0.327729 0.746937
vt 0.335959 0.744629
vt 0.335489 0.751237
vt 0.106725 0.760290
vt 0.107804 0.767486
vt 0.101972 0.767241
vt 0.102623 0.759265
vt 0.320297 0.814015
vt 0.314788 0.812351
vt 0.315077 0.805207
vt 0.321360 0.807330
vt 0.320438 0.817414
vt 0.315075 0.818144
vt 0.250639 0.785604
vt 0.244403 0.784296
vt 0.248099 0.776264
vt 0.253822 0.777084
vt 0.099893 0.147872
vt 0.099944 0.156978
vt 0.092850 0.157559
vt 0.094246 0.148351
vt 0.439343 0.126789
vt 0.444945 0.126358
vt 0.444092 0.132729
vt 0.437858 0.133103
vt 0.449320 0.178795
vt 0.438176 0.179545
vt 0.439197 0.175308
vt 0.443866 0.173894
vt 0.452725 0.202861
vt 0.440934 0.201510
vt 0.448734 0.161520
vt 0.450692 0.159066
vt 0.454732 0.224362
vt 0.468732 0.206231
vt 0.440479 0.219149
vt 0.447026 0.234660
vt 0.438875 0.234668
vt 0.057714 0.743240
vt 0.067250 0.738004
vt 0.069373 0.745454
vt 0.060463 0.746460
vt 0.687424 0.083426
vt 0.691458 0.073407
vt 0.694124 0.076749
vt 0.206214 0.755388
vt 0.198608 0.747056
vt 0.201780 0.742306
vt 0.208333 0.749058
vt 0.074927 0.773028
vt 0.074995 0.765272
vt 0.084847 0.765140
vt 0.086039 0.771144
vt 0.848416 0.524916
vt 0.847986 0.534583
vt 0.843279 0.533703
vt 0.843279 0.518233
vt 0.852413 0.523920
vt 0.855332 0.517431
vt 0.852845 0.317403
vt 0.844901 0.315494
vt 0.847777 0.300747
vt 0.859260 0.298948
vt 0.853901 0.320653
vt 0.866529 0.314257
vt 0.866038 0.320107
vt 0.876350 0.311244
vt 0.878742 0.313547
vt 0.085437 0.035561
vt 0.083423 0.041070
vt 0.077056 0.042892
vt 0.081670 0.029824
vt 0.872748 0.490849
vt 0.877224 0.496038
vt 0.861710 0.499037
vt 0.859715 0.489975
vt 0.855738 0.472895
vt 0.874958 0.482882
vt 0.346042 0.660937
vt 0.332492 0.661769
vt 0.332733 0.651442
vt 0.344068 0.651500
vt 0.350965 0.652071
vt 0.350725 0.664902
vt 0.334680 0.669390
vt 0.281237 0.823049
vt 0.280888 0.832089
vt 0.266370 0.827578
vt 0.266146 0.820783
vt 0.266146 0.815364
vt 0.272763 0.813226
vt 0.311059 0.010644
vt 0.299306 0.011621
vt 0.303748 0.006416
vt 0.322287 0.005665
vt 0.184081 0.357836
vt 0.175209 0.355190
vt 0.178214 0.341098
vt 0.191643 0.344035
vt 0.186587 0.369410
vt 0.174589 0.360727
vt 0.193296 0.366873
vt 0.124852 0.359307
vt 0.127697 0.361234
vt 0.125569 0.367919
vt 0.110338 0.363486
vt 0.138184 0.360428
vt 0.899493 0.892521
vt 0.896478 0.892386
vt 0.893781 0.883813
vt 0.899493 0.878782
vt 0.861946 0.380252
vt 0.854002 0.382435
vt 0.850009 0.366148
vt 0.851378 0.365915
vt 0.843283 0.355051
vt 0.859854 0.355159
vt 0.290075 0.436174
vt 0.287353 0.436963
vt 0.287353 0.433972
vt 0.290534 0.432655
vt 0.119368 0.622092
vt 0.119065 0.618334
vt 0.123943 0.616544
vt 0.122087 0.623372
vt 0.880845 0.315678
vt 0.878070 0.331762
vt 0.862594 0.336240
vt 0.865194 0.323618
vt 0.898488 0.308989
vt 0.898292 0.327885
vt 0.397451 0.005480
vt 0.390847 0.013946
vt 0.391175 0.007002
vt 0.390847 0.001656
vt 0.843387 0.488015
vt 0.845838 0.477768
vt 0.301008 0.102268
vt 0.294660 0.099074
vt 0.295109 0.080387
vt 0.302155 0.081120
vt 0.087272 0.632936
vt 0.083519 0.641761
vt 0.065513 0.637849
vt 0.080231 0.627098
vt 0.106806 0.618145
vt 0.107724 0.631152
vt 0.084953 0.613587
vt 0.070688 0.620496
vt 0.062033 0.612663
vt 0.071152 0.603783
vt 0.096361 0.604519
vt 0.081349 0.269616
vt 0.076072 0.259159
vt 0.077735 0.256921
vt 0.081349 0.257795
vt 0.118771 0.598359
vt 0.117122 0.613684
vt 0.206365 0.773208
vt 0.206860 0.783280
vt 0.198656 0.782011
vt 0.199303 0.773208
vt 0.614361 0.360255
vt 0.620395 0.357652
vt 0.616160 0.369796
vt 0.611480 0.370144
vt 0.707557 0.162998
vt 0.696221 0.159332
vt 0.700216 0.138010
vt 0.711575 0.140532
vt 0.722924 0.163063
vt 0.720171 0.175897
vt 0.708847 0.177251
vt 0.725420 0.143638
vt 0.695118 0.176056
vt 0.688528 0.174571
vt 0.699446 0.183122
vt 0.900244 0.223924
vt 0.926193 0.225694
vt 0.924748 0.234809
vt 0.900539 0.235660
vt 0.886107 0.236043
vt 0.888284 0.225532
vt 0.889994 0.202714
vt 0.899069 0.204764
vt 0.245447 0.760231
vt 0.240792 0.774312
vt 0.233424 0.772494
vt 0.235727 0.767737
vt 0.893460 0.248697
vt 0.882982 0.247260
vt 0.883696 0.242109
vt 0.897312 0.242557
vt 0.254338 0.762125
vt 0.031684 0.833400
vt 0.031424 0.815804
vt 0.039513 0.816828
vt 0.039513 0.834414
vt 0.025912 0.768034
vt 0.033888 0.768084
vt 0.034864 0.785715
vt 0.025912 0.787928
vt 0.950622 0.466159
vt 0.932848 0.471971
vt 0.934657 0.446385
vt 0.948751 0.445155
vt 0.691576 0.217896
vt 0.705105 0.219939
vt 0.698063 0.233354
vt 0.686658 0.232216
vt 0.708232 0.197215
vt 0.712762 0.207739
vt 0.889272 0.268448
vt 0.901723 0.277167
vt 0.898614 0.291003
vt 0.885409 0.292300
vt 0.878822 0.293466
vt 0.879312 0.269310
vt 0.684872 0.210385
vt 0.697793 0.194851
vt 0.952249 0.266324
vt 0.954102 0.282837
vt 0.944232 0.283920
vt 0.941994 0.272427
vt 0.683569 0.100380
vt 0.693853 0.099556
vt 0.693665 0.109205
vt 0.683118 0.109203
vt 0.884333 0.001636
vt 0.893157 0.008501
vt 0.892164 0.019530
vt 0.883806 0.018139
vt 0.129552 0.628265
vt 0.125401 0.634878
vt 0.124769 0.628324
vt 0.129323 0.623819
vt 0.132072 0.620871
vt 0.136073 0.619627
vt 0.135917 0.627464
vt 0.127131 0.640808
vt 0.127378 0.635570
vt 0.132110 0.620720
vt 0.125887 0.617358
vt 0.129456 0.617637
vt 0.123642 0.615108
vt 0.145387 0.610393
vt 0.707142 0.528736
vt 0.705089 0.521137
vt 0.712875 0.524339
vt 0.713347 0.532034
vt 0.000569 0.566209
vt 0.000569 0.559474
vt 0.004649 0.563300
vt 0.003482 0.567122
vt 0.532258 0.334695
vt 0.529167 0.333267
vt 0.528372 0.328473
vt 0.532258 0.327060
vt 0.720524 0.534005
vt 0.719209 0.536848
vt 0.715232 0.536907
vt 0.719616 0.529427
vt 0.239400 0.272714
vt 0.239367 0.278913
vt 0.235578 0.278913
vt 0.234220 0.270665
vt 0.149572 0.749409
vt 0.153402 0.751047
vt 0.153360 0.760469
vt 0.148097 0.760672
vt 0.145764 0.760605
vt 0.144364 0.751902
vt 0.174292 0.578744
vt 0.172255 0.572945
vt 0.180606 0.572323
vt 0.181293 0.578495
vt 0.133075 0.752880
vt 0.139612 0.745950
vt 0.178480 0.568719
vt 0.180117 0.567266
vt 0.278389 0.591498
vt 0.287348 0.598090
vt 0.261484 0.597448
vt 0.256945 0.589586
vt 0.282282 0.584646
vt 0.299178 0.588392
vt 0.000668 0.905709
vt 0.007331 0.905299
vt 0.007485 0.913940
vt 0.002044 0.915055
vt 0.818886 0.423817
vt 0.816035 0.415811
vt 0.819962 0.418382
vt 0.824166 0.429990
vt 0.264916 0.615523
vt 0.290409 0.614431
vt 0.288015 0.614228
vt 0.283647 0.621849
vt 0.279321 0.629450
vt 0.256883 0.629076
vt 0.290555 0.609118
vt 0.290636 0.615287
vt 0.259196 0.603389
vt 0.141638 0.771658
vt 0.140502 0.768168
vt 0.005459 0.985157
vt 0.007756 0.975781
vt 0.533544 0.249857
vt 0.528663 0.256484
vt 0.522460 0.254106
vt 0.524839 0.247567
vt 0.503020 0.129966
vt 0.511730 0.131571
vt 0.510127 0.139361
vt 0.503337 0.138837
vt 0.345653 0.711227
vt 0.336855 0.709930
vt 0.338120 0.701623
vt 0.346317 0.704446
vt 0.005350 0.957905
vt 0.000905 0.964413
vt 0.001090 0.947589
vt 0.006256 0.947871
vt 0.278788 0.646988
vt 0.270634 0.647198
vt 0.279343 0.630247
vt 0.011548 0.961031
vt 0.009564 0.968570
vt 0.000668 0.971404
vt 0.222521 0.051074
vt 0.221149 0.042256
vt 0.225415 0.041709
vt 0.227127 0.051134
vt 0.503882 0.200337
vt 0.504563 0.190759
vt 0.512986 0.190530
vt 0.512916 0.198460
vt 0.688600 0.169636
vt 0.684766 0.169672
vt 0.684766 0.160248
vt 0.692633 0.162295
vt 0.164022 0.714621
vt 0.165382 0.706071
vt 0.169672 0.706141
vt 0.169184 0.713445
vt 0.169672 0.722418
vt 0.166013 0.729821
vt 0.531974 0.202212
vt 0.526408 0.198901
vt 0.527758 0.191539
vt 0.533583 0.192488
vt 0.222109 0.022894
vt 0.228205 0.027568
vt 0.224868 0.029735
vt 0.220944 0.028753
vt 0.053987 0.611156
vt 0.057700 0.610176
vt 0.058107 0.615932
vt 0.053087 0.615932
vt 0.231193 0.033751
vt 0.225465 0.034379
vt 0.233427 0.018959
vt 0.235517 0.024746
vt 0.326384 0.698583
vt 0.326028 0.707127
vt 0.309274 0.703354
vt 0.309509 0.697328
vt 0.051650 0.144105
vt 0.051650 0.127187
vt 0.058309 0.126505
vt 0.060582 0.139799
vt 0.509207 0.427666
vt 0.507358 0.417593
vt 0.516979 0.417265
vt 0.517597 0.426873
vt 0.333020 0.693264
vt 0.338481 0.694813
vt 0.329819 0.714128
vt 0.340116 0.715510
vt 0.341039 0.722196
vt 0.333303 0.721768
vt 0.322682 0.718907
vt 0.321988 0.710998
vt 0.511442 0.391632
vt 0.512664 0.390876
vt 0.513977 0.399788
vt 0.508890 0.401432
vt 0.145438 0.712627
vt 0.146908 0.701196
vt 0.155003 0.698299
vt 0.154274 0.709073
vt 0.204536 0.892875
vt 0.204536 0.904142
vt 0.196797 0.900876
vt 0.194761 0.890446
vt 0.279470 0.731084
vt 0.284786 0.725146
vt 0.289508 0.731229
vt 0.286006 0.735329
vt 0.726261 0.281237
vt 0.725596 0.266985
vt 0.733463 0.266694
vt 0.733405 0.278138
vt 0.031185 0.633068
vt 0.039379 0.632693
vt 0.039071 0.643974
vt 0.031854 0.644576
vt 0.283782 0.741326
vt 0.278632 0.739320
vt 0.202120 0.716775
vt 0.210340 0.718357
vt 0.209011 0.725239
vt 0.200765 0.723190
vt 0.104500 0.034020
vt 0.104500 0.029691
vt 0.106916 0.033068
vt 0.104627 0.037188
vt 0.029726 0.718232
vt 0.029262 0.728071
vt 0.020322 0.728363
vt 0.021139 0.717420
vt 0.825872 0.189585
vt 0.811589 0.173853
vt 0.815517 0.137982
vt 0.836068 0.140352
vt 0.055727 0.108133
vt 0.051820 0.109740
vt 0.340841 0.589022
vt 0.336953 0.590365
vt 0.336315 0.582481
vt 0.342429 0.580118
vt 0.063768 0.116597
vt 0.065721 0.126438
vt 0.349790 0.577786
vt 0.348695 0.584013
vt 0.421467 0.397755
vt 0.429461 0.394817
vt 0.430550 0.402177
vt 0.423865 0.403648
vt 0.292075 0.696715
vt 0.293199 0.702165
vt 0.283876 0.704072
vt 0.283566 0.697786
vt 0.627684 0.387035
vt 0.632202 0.387035
vt 0.629297 0.392788
vt 0.629184 0.392802
vt 0.775228 0.013277
vt 0.784594 0.016324
vt 0.784940 0.023798
vt 0.775723 0.022526
vt 0.768692 0.021277
vt 0.771205 0.015719
vt 0.773030 0.002461
vt 0.781932 0.007493
vt 0.800954 0.200721
vt 0.795283 0.211581
vt 0.787917 0.211314
vt 0.798258 0.197507
vt 0.770356 0.156023
vt 0.772160 0.184561
vt 0.763431 0.181327
vt 0.762114 0.141380
vt 0.798502 0.308922
vt 0.822715 0.311788
vt 0.821387 0.324840
vt 0.797925 0.322146
vt 0.818751 0.485833
vt 0.796946 0.490413
vt 0.791551 0.476738
vt 0.810166 0.477300
vt 0.819828 0.498758
vt 0.797860 0.501966
vt 0.827346 0.480600
vt 0.529966 0.265238
vt 0.533161 0.253562
vt 0.536907 0.256839
vt 0.536907 0.269616
vt 0.788846 0.314653
vt 0.778415 0.318372
vt 0.776103 0.309875
vt 0.333415 0.675622
vt 0.334695 0.688196
vt 0.329985 0.690309
vt 0.329985 0.676719
vt 0.327722 0.676363
vt 0.326105 0.671664
vt 0.327722 0.670783
vt 0.327501 0.670797
vt 0.087076 0.905818
vt 0.080096 0.901819
vt 0.081247 0.893679
vt 0.086976 0.894940
vt 0.824383 0.399404
vt 0.820418 0.402099
vt 0.819444 0.395710
vt 0.825117 0.391399
vt 0.095455 0.896012
vt 0.096252 0.906204
vt 0.098838 0.917732
vt 0.090582 0.918305
vt 0.686947 0.074172
vt 0.685877 0.061483
vt 0.689801 0.060935
vt 0.690256 0.071066
vt 0.791182 0.363237
vt 0.793186 0.363657
vt 0.789629 0.374260
vt 0.782019 0.372804
vt 0.800085 0.353825
vt 0.803513 0.363007
vt 0.783651 0.352331
vt 0.339005 0.000657
vt 0.357938 0.002726
vt 0.354663 0.006067
vt 0.338982 0.006644
vt 0.221290 0.691621
vt 0.222318 0.684562
vt 0.227346 0.689128
vt 0.227441 0.695058
vt 0.350964 0.011621
vt 0.335490 0.010595
vt 0.228768 0.687223
vt 0.231348 0.690698
vt 0.227997 0.685104
vt 0.237860 0.685930
vt 0.240242 0.691285
vt 0.910335 0.886917
vt 0.912254 0.883870
vt 0.921355 0.883773
vt 0.920858 0.889477
vt 0.778313 0.495522
vt 0.776497 0.481106
vt 0.771794 0.458822
vt 0.782835 0.457453
vt 0.790110 0.456710
vt 0.795151 0.475727
vt 0.128822 0.727507
vt 0.127938 0.721040
vt 0.140927 0.719778
vt 0.139678 0.726272
vt 0.517946 0.237502
vt 0.517946 0.226672
vt 0.522694 0.227661
vt 0.523497 0.239400
vt 0.293888 0.727173
vt 0.292181 0.721654
vt 0.309128 0.714641
vt 0.291874 0.714037
vt 0.288585 0.707356
vt 0.299410 0.708078
vt 0.918087 0.002518
vt 0.918087 0.013946
vt 0.912886 0.011809
vt 0.911410 0.006856
vt 0.128830 0.711978
vt 0.314764 0.673494
vt 0.316101 0.687985
vt 0.313921 0.687985
vt 0.314044 0.678521
vt 0.689674 0.923730
vt 0.697282 0.924004
vt 0.696918 0.931866
vt 0.689674 0.932033
vt 0.533581 0.204511
vt 0.533357 0.215099
vt 0.527591 0.214455
vt 0.528488 0.203696
vt 0.343992 0.839834
vt 0.342854 0.845927
vt 0.336580 0.847287
vt 0.337224 0.839478
vt 0.337642 0.542165
vt 0.342716 0.543971
vt 0.342894 0.550528
vt 0.336543 0.549944
vt 0.840518 0.432315
vt 0.839818 0.425803
vt 0.848078 0.423936
vt 0.846192 0.431559
vt 0.162571 0.729821
vt 0.152570 0.729717
vt 0.152712 0.724956
vt 0.162699 0.723956
vt 0.348530 0.544335
vt 0.349966 0.550196
vt 0.522647 0.203950
vt 0.522384 0.213957
vt 0.787881 0.031601
vt 0.796571 0.032971
vt 0.796156 0.039386
vt 0.786362 0.039590
vt 0.041837 0.923412
vt 0.041837 0.932033
vt 0.033569 0.930061
vt 0.033722 0.923635
vt 0.880157 0.718200
vt 0.880157 0.709334
vt 0.885444 0.711021
vt 0.885548 0.718059
vt 0.003234 0.755795
vt 0.009097 0.756746
vt 0.008565 0.764240
vt 0.004462 0.763159
vt 0.776677 0.029484
vt 0.776103 0.038753
vt 0.113889 0.905745
vt 0.105930 0.906466
vt 0.105133 0.898901
vt 0.113889 0.898033
vt 0.103001 0.899117
vt 0.103419 0.906629
vt 0.330824 0.832053
vt 0.333445 0.824129
vt 0.340223 0.827474
vt 0.337867 0.834746
vt 0.297507 0.051134
vt 0.286113 0.048005
vt 0.286016 0.040245
vt 0.294975 0.041002
vt 0.850684 0.414708
vt 0.839818 0.417220
vt 0.724366 0.074036
vt 0.714155 0.074377
vt 0.714084 0.067380
vt 0.721680 0.065458
vt 0.329773 0.847606
vt 0.328387 0.838234
vt 0.218482 0.734470
vt 0.208680 0.731474
vt 0.217726 0.726887
vt 0.534583 0.323074
vt 0.522278 0.320765
vt 0.520589 0.313379
vt 0.527992 0.312668
vt 0.725173 0.001463
vt 0.721936 0.008908
vt 0.712789 0.007326
vt 0.712856 0.001660
vt 0.107900 0.915750
vt 0.048919 0.814136
vt 0.050305 0.805069
vt 0.063916 0.804795
vt 0.062564 0.816422
vt 0.111562 0.929188
vt 0.102520 0.929223
vt 0.059502 0.831892
vt 0.047973 0.827801
vt 0.753064 0.026534
vt 0.744293 0.030530
vt 0.110791 0.981519
vt 0.110096 0.972008
vt 0.298619 0.855134
vt 0.300804 0.857937
vt 0.304480 0.866768
vt 0.298619 0.871602
vt 0.037105 0.865647
vt 0.054318 0.862400
vt 0.055382 0.872984
vt 0.038864 0.873047
vt 0.734171 0.034864
vt 0.110092 0.961038
vt 0.101748 0.963002
vt 0.099773 0.953979
vt 0.105698 0.952426
vt 0.049005 0.859464
vt 0.043315 0.843385
vt 0.056186 0.847692
vt 0.079865 0.865930
vt 0.080099 0.874800
vt 0.079853 0.851420
vt 0.111565 0.944827
vt 0.105049 0.942171
vt 0.345792 0.827541
vt 0.341054 0.822058
vt 0.346317 0.820894
vt 0.346317 0.839062
vt 0.038733 0.808741
vt 0.041545 0.804155
vt 0.021256 0.867979
vt 0.024243 0.866210
vt 0.024096 0.866075
vt 0.025567 0.871602
vt 0.200390 0.826589
vt 0.205220 0.829709
vt 0.202852 0.841956
vt 0.196352 0.838489
vt 0.025567 0.861348
vt 0.025054 0.866046
vt 0.112972 0.018594
vt 0.111040 0.017443
vt 0.111040 0.011184
vt 0.113889 0.013723
vt 0.207446 0.829682
vt 0.212421 0.832642
vt 0.214117 0.836405
vt 0.214599 0.831663
vt 0.218836 0.831177
vt 0.034723 0.688785
vt 0.031716 0.684609
vt 0.037188 0.684781
vt 0.037188 0.690309
vt 0.420219 0.009297
vt 0.422015 0.004979
vt 0.425342 0.004683
vt 0.424667 0.008633
vt 0.051134 0.515988
vt 0.047823 0.514983
vt 0.047665 0.511518
vt 0.051134 0.511615
vt 0.210787 0.854241
vt 0.219026 0.848122
vt 0.212000 0.858052
vt 0.209714 0.857676
vt 0.106048 0.018916
vt 0.109241 0.023354
vt 0.105774 0.025567
vt 0.103028 0.019882
vt 0.104641 0.012524
vt 0.109241 0.011711
vt 0.256330 0.131577
vt 0.243936 0.121839
vt 0.256581 0.115608
vt 0.268647 0.145598
vt 0.257176 0.144157
vt 0.714686 0.276588
vt 0.703590 0.263652
vt 0.706446 0.254122
vt 0.715876 0.260404
vt 0.237520 0.142634
vt 0.237412 0.131820
vt 0.001479 0.820691
vt 0.001479 0.803946
vt 0.011864 0.803743
vt 0.016270 0.822792
vt 0.221616 0.116847
vt 0.234351 0.121379
vt 0.221791 0.131869
vt 0.293586 0.855493
vt 0.295061 0.870521
vt 0.275940 0.875791
vt 0.274923 0.864777
vt 0.701396 0.242025
vt 0.715876 0.243012
vt 0.327371 0.583392
vt 0.327371 0.576984
vt 0.328110 0.576845
vt 0.331129 0.581431
vt 0.783150 0.531498
vt 0.784611 0.513122
vt 0.793701 0.513122
vt 0.794901 0.534583
vt 0.232705 0.108433
vt 0.244213 0.105379
vt 0.044797 0.604283
vt 0.041103 0.606218
vt 0.040427 0.600424
vt 0.046228 0.596005
vt 0.047241 0.611646
vt 0.040331 0.610639
vt 0.053458 0.602661
vt 0.291673 0.793838
vt 0.293175 0.796695
vt 0.279289 0.797338
vt 0.278184 0.791533
vt 0.035793 0.600825
vt 0.034693 0.604111
vt 0.278724 0.786958
vt 0.295192 0.790917
vt 0.700049 0.492227
vt 0.697128 0.507499
vt 0.691702 0.505647
vt 0.690810 0.491901
vt 0.706492 0.501238
vt 0.705701 0.509313
vt 0.712261 0.487970
vt 0.712910 0.494897
vt 0.709315 0.348714
vt 0.710264 0.370858
vt 0.701878 0.371123
vt 0.701761 0.345203
vt 0.723920 0.347311
vt 0.723058 0.370776
vt 0.703930 0.316174
vt 0.711868 0.318084
vt 0.727192 0.320544
vt 0.730915 0.487778
vt 0.731258 0.498555
vt 0.981742 0.513487
vt 0.992068 0.509881
vt 0.995457 0.516574
vt 0.985835 0.519982
vt 0.030216 0.808683
vt 0.029061 0.818144
vt 0.024515 0.815033
vt 0.027997 0.798000
vt 0.749294 0.069314
vt 0.757713 0.069516
vt 0.757713 0.079281
vt 0.752442 0.078052
vt 0.017603 0.813117
vt 0.017603 0.800552
vt 0.611284 0.000610
vt 0.611284 0.011621
vt 0.605545 0.010054
vt 0.604607 0.002006
vt 0.219936 0.073791
vt 0.239892 0.078432
vt 0.236008 0.086312
vt 0.218949 0.081481
vt 0.002410 0.599304
vt 0.018438 0.610522
vt 0.016767 0.626758
vt 0.005200 0.622185
vt 0.006099 0.592174
vt 0.020490 0.601836
vt 0.263476 0.812323
vt 0.234557 0.811607
vt 0.231769 0.803368
vt 0.259543 0.803404
vt 0.260475 0.819986
vt 0.234584 0.821542
vt 0.804520 0.472936
vt 0.805588 0.464342
vt 0.816063 0.460749
vt 0.814727 0.475233
vt 0.022156 0.758361
vt 0.015616 0.757324
vt 0.016070 0.749976
vt 0.022406 0.753584
vt 0.111404 0.893733
vt 0.105190 0.892704
vt 0.176442 0.187043
vt 0.181293 0.191677
vt 0.176442 0.192915
vt 0.177498 0.191832
vt 0.335895 0.824057
vt 0.036999 0.796788
vt 0.030305 0.798558
vt 0.029431 0.789847
vt 0.035377 0.789395
vt 0.041668 0.788266
vt 0.042221 0.796136
vt 0.032094 0.807275
vt 0.035364 0.802595
vt 0.563016 0.006074
vt 0.566084 0.007170
vt 0.574095 0.008236
vt 0.573025 0.013946
vt 0.293314 0.917716
vt 0.289285 0.915824
vt 0.295183 0.912040
vt 0.295183 0.920412
vt 0.288263 0.846376
vt 0.290534 0.852674
vt 0.288186 0.855332
vt 0.288186 0.849739
vt 0.053179 0.024624
vt 0.053913 0.011927
vt 0.060431 0.011869
vt 0.058590 0.020392
vt 0.230720 0.097212
vt 0.234751 0.103163
vt 0.230720 0.106916
vt 0.231576 0.097332
vt 0.073666 0.739502
vt 0.073907 0.748663
vt 0.083674 0.746049
vt 0.081919 0.750616
vt 0.883223 0.676363
vt 0.879896 0.672407
vt 0.880035 0.664647
vt 0.883223 0.665836
vt 0.235831 0.116362
vt 0.237076 0.115918
vt 0.237076 0.118538
vt 0.235319 0.117231
vt 0.276568 0.053282
vt 0.275896 0.052966
vt 0.276588 0.051378
vt 0.276588 0.053458
vt 0.601986 0.005675
vt 0.601686 0.004224
vt 0.601986 0.001738
vt 0.601893 0.006973
vt 0.312438 0.581508
vt 0.312965 0.580222
vt 0.313777 0.585285
vt 0.312438 0.585717
vt 0.213833 0.840009
vt 0.213833 0.847447
vt 0.208428 0.844609
vt 0.207924 0.843467
vt 0.213488 0.847891
vt 0.208657 0.845128
vt 0.213237 0.848359
vt 0.208887 0.845647
vt 0.213246 0.848257
vt 0.209116 0.846166
vt 0.065080 0.069621
vt 0.065080 0.074377
vt 0.064722 0.074333
vt 0.064692 0.070038
vt 0.450681 0.425342
vt 0.450790 0.421334
vt 0.450681 0.421141
vt 0.450909 0.425149
vt 0.188266 0.444566
vt 0.188266 0.448584
vt 0.187844 0.448469
vt 0.187969 0.444784
vt 0.027507 0.054226
vt 0.027891 0.057919
vt 0.027507 0.058107
vt 0.027613 0.054289
vt 0.013584 0.004649
vt 0.013735 0.000745
vt 0.013584 0.000833
vt 0.013946 0.003273
vt 0.102268 0.123126
vt 0.102163 0.123186
vt 0.102163 0.121683
vt 0.102223 0.121624
vt 0.090647 0.097136
vt 0.090450 0.097185
vt 0.089577 0.095754
vt 0.089904 0.095853
vt 0.089989 0.095880
vt 0.090269 0.097247
vt 0.089737 0.095827
vt 0.090025 0.097308
vt 0.089389 0.095708
vt 0.089826 0.097374
vt 0.089517 0.095790
vt 0.089557 0.097449
vt 0.089203 0.095689
vt 0.089167 0.097619
vt 0.089271 0.095742
vt 0.089007 0.097604
vt 0.089007 0.095657
vt 0.290328 0.058893
vt 0.290395 0.058766
vt 0.290534 0.060431
vt 0.290504 0.060407
vt 0.102166 0.155726
vt 0.102037 0.155640
vt 0.102037 0.153715
vt 0.102268 0.153777
vt 0.483371 0.004472
vt 0.483249 0.004649
vt 0.483249 0.002487
vt 0.483449 0.002538
vt 0.483380 0.004407
vt 0.001525 0.283977
vt 0.001896 0.283959
vt 0.001918 0.285885
vt 0.001779 0.285869
vt 0.130159 0.385740
vt 0.129975 0.385829
vt 0.129975 0.383695
vt 0.130152 0.383704
vt 0.002117 0.283880
vt 0.002324 0.283795
vt 0.002191 0.285876
vt 0.002047 0.285850
vt 0.034767 0.011760
vt 0.034864 0.011693
vt 0.034864 0.013926
vt 0.034818 0.013946
vt 0.073850 0.039630
vt 0.074034 0.039516
vt 0.074161 0.041762
vt 0.074073 0.041786
vt 0.073864 0.041837
vt 0.074151 0.039432
vt 0.074377 0.039312
vt 0.074377 0.041710
vt 0.113889 0.022270
vt 0.113889 0.025038
vt 0.113487 0.025567
vt 0.113105 0.024654
vt 0.610250 0.358565
vt 0.609951 0.358585
vt 0.606535 0.352625
vt 0.611124 0.358298
vt 0.610606 0.359076
vt 0.610538 0.359084
vt 0.609729 0.359292
vt 0.609671 0.359198
vt 0.609563 0.359127
vt 0.609367 0.360364
vt 0.608882 0.360075
vt 0.608442 0.360651
vt 0.608704 0.360324
vt 0.608356 0.360973
vt 0.608150 0.360680
vt 0.607913 0.361243
vt 0.607628 0.360928
vt 0.607398 0.361551
vt 0.607097 0.361180
vt 0.606963 0.362418
vt 0.606535 0.361446
vt 0.117069 0.405092
vt 0.118118 0.404830
vt 0.120862 0.406748
vt 0.117096 0.405647
vt 0.607938 0.361812
vt 0.609249 0.362439
vt 0.271806 0.272999
vt 0.271847 0.273408
vt 0.271935 0.274028
vt 0.271940 0.274264
vt 0.271337 0.274264
vt 0.608261 0.361531
vt 0.608575 0.361791
vt 0.608231 0.362155
vt 0.608844 0.362203
vt 0.608657 0.362692
vt 0.608614 0.361341
vt 0.608873 0.361426
vt 0.608976 0.361456
vt 0.609038 0.360836
vt 0.609137 0.360910
vt 0.609078 0.361523
vt 0.609064 0.362234
vt 0.608857 0.362690
vt 0.609169 0.361596
vt 0.609165 0.362257
vt 0.609052 0.362972
vt 0.609219 0.363347
vt 0.609133 0.363366
vt 0.609274 0.362328
vt 0.609292 0.362968
vt 0.609258 0.361673
vt 0.609347 0.361750
vt 0.609364 0.362388
vt 0.609393 0.362914
vt 0.609434 0.361824
vt 0.609433 0.362491
vt 0.609532 0.363328
vt 0.290534 0.088322
vt 0.290406 0.088277
vt 0.288609 0.088322
vt 0.289937 0.087790
vt 0.153402 0.023243
vt 0.152276 0.021866
vt 0.152347 0.021730
vt 0.152902 0.021849
vt 0.153158 0.021265
vt 0.153402 0.021260
vt 0.609585 0.363243
vt 0.609573 0.362623
vt 0.609817 0.362861
vt 0.610204 0.363163
vt 0.227381 0.003572
vt 0.228061 0.003112
vt 0.228245 0.003148
vt 0.227874 0.003522
vt 0.211063 0.265772
vt 0.211509 0.267291
vt 0.210282 0.265679
vt 0.210150 0.265571
vt 0.209951 0.267275
vt 0.227986 0.003279
vt 0.228231 0.002726
vt 0.228333 0.002722
vt 0.227796 0.003137
vt 0.228114 0.002720
vt 0.228535 0.002283
vt 0.228647 0.002283
vt 0.228422 0.002283
vt 0.227975 0.002709
vt 0.228308 0.002283
vt 0.228728 0.001845
vt 0.228841 0.001845
vt 0.228615 0.001845
vt 0.228196 0.002288
vt 0.228502 0.001845
vt 0.228913 0.001407
vt 0.229026 0.001407
vt 0.228800 0.001407
vt 0.228389 0.001845
vt 0.228687 0.001407
vt 0.229003 0.000968
vt 0.229116 0.000968
vt 0.228890 0.000968
vt 0.228574 0.001407
vt 0.228778 0.000968
vt 0.228461 0.001407
vt 0.228665 0.000968
vt 0.228348 0.001407
vt 0.228552 0.000968
vt 0.228236 0.001407
vt 0.228439 0.000968
vt 0.228122 0.001406
vt 0.228326 0.000968
vt 0.228002 0.001401
vt 0.228213 0.000968
vt 0.227891 0.001407
vt 0.228100 0.000968
vt 0.227780 0.001400
vt 0.227987 0.000968
vt 0.227646 0.001398
vt 0.227875 0.000968
vt 0.227489 0.001516
vt 0.227762 0.000968
vt 0.227352 0.001522
vt 0.227662 0.000968
vt 0.227288 0.001327
vt 0.227536 0.000968
vt 0.227075 0.001293
vt 0.227423 0.000968
vt 0.041198 0.263112
vt 0.041482 0.263514
vt 0.041198 0.264967
vt 0.041318 0.263140
vt 0.076351 0.102827
vt 0.076701 0.104592
vt 0.076174 0.103230
vt 0.076701 0.102726
vt 0.075815 0.102854
vt 0.075982 0.102760
vt 0.075827 0.102961
vt 0.609866 0.359528
vt 0.609769 0.359387
vt 0.610418 0.358799
vt 0.041837 0.263008
vt 0.041830 0.263143
vt 0.041835 0.263245
vt 0.702177 0.270934
vt 0.701778 0.271397
vt 0.701710 0.270968
vt 0.702199 0.270755
vt 0.124928 0.022992
vt 0.125131 0.023570
vt 0.124598 0.025567
vt 0.124775 0.023159
vt 0.124763 0.023044
vt 0.124598 0.022358
vt 0.124699 0.022398
vt 0.125311 0.023002
vt 0.125511 0.023021
vt 0.226887 0.001835
vt 0.226576 0.003712
vt 0.226695 0.003201
vt 0.002324 0.513664
vt 0.001737 0.512104
vt 0.002324 0.511522
vt 0.002295 0.511683
vt 0.002283 0.511798
vt 0.610818 0.360369
vt 0.610867 0.360449
vt 0.610620 0.361112
vt 0.610427 0.361145
vt 0.610508 0.360972
vt 0.610526 0.361716
vt 0.610389 0.361517
vt 0.610382 0.360864
vt 0.158051 0.020964
vt 0.158027 0.021149
vt 0.158051 0.023243
vt 0.157658 0.021550
vt 0.609260 0.362909
vt 0.227047 0.002263
vt 0.227430 0.001770
vt 0.227518 0.001915
vt 0.227175 0.003966
vt 0.610934 0.361415
vt 0.611145 0.361626
vt 0.227632 0.001788
vt 0.227814 0.001838
vt 0.227491 0.002259
vt 0.227629 0.002415
vt 0.227385 0.004209
vt 0.227213 0.002679
vt 0.227937 0.001849
vt 0.228050 0.001849
vt 0.227831 0.002271
vt 0.227726 0.002399
vt 0.102268 0.063191
vt 0.102268 0.065065
vt 0.102190 0.065080
vt 0.102183 0.063225
vt 0.228163 0.001844
vt 0.228276 0.001845
vt 0.227969 0.002281
vt 0.227644 0.002699
vt 0.227354 0.002674
vt 0.228083 0.002288
vt 0.227775 0.002854
vt 0.227443 0.004649
vt 0.227354 0.003110
vt 0.062673 0.014439
vt 0.062755 0.014405
vt 0.062755 0.016256
vt 0.062681 0.016270
vt 0.227869 0.002836
vt 0.610236 0.362619
vt 0.610424 0.362838
vt 0.610035 0.363036
vt 0.609964 0.362258
vt 0.609902 0.361621
vt 0.610037 0.361716
vt 0.471307 0.289052
vt 0.471827 0.288373
vt 0.471773 0.288533
vt 0.471760 0.290534
vt 0.610019 0.361892
vt 0.609993 0.361096
vt 0.610089 0.361177
vt 0.471827 0.290514
vt 0.610158 0.361247
vt 0.610193 0.361868
vt 0.610151 0.362532
vt 0.609114 0.363680
vt 0.610458 0.362222
vt 0.610632 0.362427
vt 0.610292 0.361342
vt 0.503854 0.242550
vt 0.504367 0.241897
vt 0.504317 0.242060
vt 0.504295 0.244049
vt 0.504367 0.244029
vt 0.610262 0.361516
vt 0.610354 0.362128
vt 0.609293 0.363265
vt 0.610841 0.362014
vt 0.702741 0.270145
vt 0.702673 0.270174
vt 0.701929 0.270163
vt 0.702793 0.270065
vt 0.610795 0.359941
vt 0.610288 0.360686
vt 0.610276 0.360609
vt 0.610202 0.360522
vt 0.610797 0.359799
vt 0.148694 0.010409
vt 0.147808 0.010720
vt 0.147797 0.010409
vt 0.701986 0.270048
vt 0.702874 0.270039
vt 0.610224 0.360419
vt 0.102178 0.092971
vt 0.102268 0.092951
vt 0.102170 0.092228
vt 0.102268 0.092138
vt 0.609950 0.361015
vt 0.610178 0.360330
vt 0.609801 0.361523
vt 0.609841 0.360946
vt 0.610161 0.360221
vt 0.609836 0.360876
vt 0.609775 0.360803
vt 0.609700 0.360726
vt 0.610130 0.360139
vt 0.609595 0.361323
vt 0.609514 0.361248
vt 0.609631 0.360645
vt 0.609684 0.360556
vt 0.610090 0.360052
vt 0.609667 0.361376
vt 0.610079 0.359873
vt 0.610770 0.359658
vt 0.609410 0.361162
vt 0.609572 0.360536
vt 0.610030 0.359778
vt 0.609943 0.359701
vt 0.610598 0.358967
vt 0.610698 0.359486
vt 0.609520 0.360463
vt 0.609424 0.360363
vt 0.609517 0.360253
vt 0.609902 0.359619
vt 0.609303 0.361077
vt 0.609225 0.360998
vt 0.609442 0.360152
vt 0.610473 0.358759
vt 0.610523 0.358814
vt 0.702227 0.269060
vt 0.702236 0.268987
vt 0.704061 0.269061
vt 0.704212 0.269133
vt 0.704254 0.269541
vt 0.702206 0.269235
vt 0.703122 0.271179
vt 0.702056 0.269727
vt 0.702845 0.271246
vt 0.702026 0.269916
vt 0.702048 0.270083
vt 0.703474 0.271126
vt 0.702749 0.271247
vt 0.702649 0.271256
vt 0.148038 0.011621
vt 0.147937 0.011614
vt 0.147840 0.011614
vt 0.148753 0.010523
vt 0.291812 0.093464
vt 0.292798 0.093116
vt 0.292858 0.093117
vt 0.292847 0.093434
vt 0.292784 0.093468
vt 0.291336 0.094331
vt 0.097619 0.127010
vt 0.097336 0.127835
vt 0.097335 0.127010
vt 0.609340 0.360101
vt 0.013946 0.160152
vt 0.013841 0.160375
vt 0.013923 0.159223
vt 0.013841 0.159283
vt 0.608904 0.360757
vt 0.609535 0.361895
vt 0.609526 0.361976
vt 0.609654 0.361461
vt 0.609642 0.362055
vt 0.609661 0.362249
vt 0.609864 0.362367
vt 0.235516 0.014341
vt 0.235747 0.014395
vt 0.237076 0.016270
vt 0.235516 0.016269
vt 0.609835 0.364911
vt 0.610803 0.360071
vt 0.610787 0.360140
vt 0.610334 0.360759
vt 0.610450 0.363062
vt 0.227485 0.003112
vt 0.227107 0.001768
vt 0.610955 0.360539
vt 0.229229 0.000968
vt 0.229342 0.000968
vt 0.229139 0.001407
vt 0.229251 0.001407
vt 0.228954 0.001845
vt 0.229455 0.000968
vt 0.229568 0.000968
vt 0.229364 0.001407
vt 0.229066 0.001845
vt 0.229477 0.001407
vt 0.229181 0.001847
vt 0.229681 0.000968
vt 0.229905 0.000968
vt 0.229601 0.001411
vt 0.229350 0.001889
vt 0.229768 0.001474
vt 0.230103 0.002284
vt 0.230018 0.000968
vt 0.229950 0.002752
vt 0.229056 0.002326
vt 0.001333 0.249544
vt 0.002324 0.252920
vt 0.001897 0.253346
vt 0.001094 0.249989
vt 0.076594 0.036930
vt 0.075847 0.036156
vt 0.076484 0.033039
vt 0.076701 0.032890
vt 0.304480 0.414951
vt 0.303703 0.416045
vt 0.303642 0.415853
vt 0.304083 0.415254
vt 0.304041 0.415178
vt 0.303864 0.412357
vt 0.303642 0.411897
vt 0.229594 0.003447
vt 0.229197 0.003724
vt 0.228083 0.003699
vt 0.228461 0.003186
vt 0.228784 0.002758
vt 0.229909 0.003066
vt 0.228569 0.002722
vt 0.228875 0.002285
vt 0.228444 0.002716
vt 0.228760 0.002283
vt 0.289956 0.085760
vt 0.290141 0.087028
vt 0.053458 0.630827
vt 0.053020 0.632202
vt 0.053020 0.627176
vt 0.221355 0.037188
vt 0.223019 0.033690
vt 0.222879 0.033651
vt 0.223130 0.037188
vt 0.185675 0.461696
vt 0.185942 0.467005
vt 0.185388 0.467179
vt 0.185388 0.461670
vt 0.287786 0.490416
vt 0.288210 0.489206
vt 0.288204 0.495070
vt 0.288210 0.493592
vt 0.446833 0.161562
vt 0.448634 0.160189
vt 0.447761 0.166540
vt 0.447178 0.166592
vt 0.002324 0.158481
vt 0.002324 0.162699
vt 0.001376 0.161694
vt 0.001977 0.156289
vt 0.471238 0.160887
vt 0.483490 0.161403
vt 0.482638 0.184323
vt 0.469307 0.182288
vt 0.470317 0.144658
vt 0.483875 0.144053
vt 0.492726 0.143262
vt 0.492628 0.161243
vt 0.469631 0.133563
vt 0.484018 0.133194
vt 0.492474 0.132848
vt 0.498724 0.131959
vt 0.499545 0.142115
vt 0.483871 0.126123
vt 0.492255 0.126111
vt 0.498538 0.125715
vt 0.046963 0.146332
vt 0.046161 0.156813
vt 0.038303 0.155983
vt 0.040732 0.145429
vt 0.055294 0.147354
vt 0.054905 0.157565
vt 0.054329 0.172958
vt 0.044892 0.172447
vt 0.069525 0.148458
vt 0.068865 0.158193
vt 0.067336 0.173113
vt 0.065203 0.197754
vt 0.053191 0.197494
vt 0.083288 0.158623
vt 0.081339 0.172823
vt 0.079208 0.198032
vt 0.077073 0.224614
vt 0.062710 0.223632
vt 0.090924 0.172632
vt 0.089317 0.199082
vt 0.088373 0.225416
vt 0.087466 0.242771
vt 0.076044 0.242224
vt 0.097288 0.199579
vt 0.097083 0.225981
vt 0.132837 0.013144
vt 0.156002 0.012555
vt 0.156413 0.018573
vt 0.133157 0.018594
vt 0.117662 0.017884
vt 0.118105 0.012558
vt 0.274460 0.710832
vt 0.264728 0.735577
vt 0.257418 0.733050
vt 0.267449 0.707996
vt 0.950106 0.248199
vt 0.923123 0.248480
vt 0.923884 0.243010
vt 0.950281 0.243700
vt 0.331843 0.571771
vt 0.326443 0.571067
vt 0.327139 0.557815
vt 0.332371 0.557384
vt 0.965876 0.244336
vt 0.950283 0.235193
vt 0.964885 0.237032
vt 0.973417 0.237130
vt 0.974851 0.244038
vt 0.963073 0.227533
vt 0.971279 0.227734
vt 0.978890 0.227883
vt 0.979626 0.237047
vt 0.980718 0.243362
vt 0.019870 0.498548
vt 0.019857 0.489385
vt 0.025709 0.489654
vt 0.025828 0.498831
vt 0.034464 0.490164
vt 0.033824 0.499784
vt 0.032473 0.506831
vt 0.047219 0.490897
vt 0.046653 0.501439
vt 0.045955 0.509777
vt 0.071101 0.489068
vt 0.070376 0.500274
vt 0.070150 0.510283
vt 0.730962 0.197377
vt 0.741891 0.196905
vt 0.095740 0.497063
vt 0.094450 0.507842
vt 0.093229 0.519561
vt 0.069548 0.519217
vt 0.067920 0.533127
vt 0.113617 0.506391
vt 0.111433 0.521741
vt 0.129433 0.523939
vt 0.152110 0.521444
vt 0.152001 0.535912
vt 0.115255 0.492974
vt 0.097677 0.484902
vt 0.072732 0.471455
vt 0.098584 0.468064
vt 0.076187 0.444316
vt 0.099217 0.443951
vt 0.113409 0.443655
vt 0.100859 0.414132
vt 0.113881 0.413549
vt 0.123596 0.412417
vt 0.123120 0.443276
vt 0.124059 0.462929
vt 0.957889 0.992157
vt 0.927056 0.990897
vt 0.925898 0.980909
vt 0.957400 0.982545
vt 0.976680 0.982823
vt 0.977571 0.990889
vt 0.957162 0.972071
vt 0.976728 0.973063
vt 0.986086 0.973311
vt 0.976486 0.959622
vt 0.985697 0.959637
vt 0.992973 0.959800
vt 0.999437 0.960027
vt 0.985387 0.941445
vt 0.992668 0.941543
vt 0.999303 0.941654
vt 0.347578 0.635134
vt 0.341771 0.635490
vt 0.342425 0.616574
vt 0.347242 0.616755
vt 0.991940 0.924106
vt 0.998495 0.924773
vt 0.985234 0.923633
vt 0.986443 0.910464
vt 0.992375 0.910977
vt 0.999437 0.911951
vt 0.976328 0.941774
vt 0.976699 0.923416
vt 0.978718 0.910854
vt 0.957994 0.923483
vt 0.958865 0.910862
vt 0.959523 0.901774
vt 0.981842 0.902790
vt 0.987457 0.901775
vt 0.924946 0.924401
vt 0.925593 0.911456
vt 0.925657 0.902335
vt 0.897222 0.912323
vt 0.896482 0.904252
vt 0.895728 0.897725
vt 0.925624 0.896938
vt 0.294660 0.053111
vt 0.302036 0.052942
vt 0.855964 0.412398
vt 0.865786 0.412631
vt 0.868493 0.447159
vt 0.856697 0.446584
vt 0.085998 0.072988
vt 0.085998 0.102268
vt 0.076031 0.100006
vt 0.077068 0.072467
vt 0.875258 0.446751
vt 0.874571 0.413045
vt 0.893864 0.414401
vt 0.892267 0.446617
vt 0.892616 0.479088
vt 0.877989 0.481640
vt 0.893424 0.496484
vt 0.916555 0.446158
vt 0.914191 0.476623
vt 0.912735 0.495162
vt 0.912805 0.502911
vt 0.893865 0.504761
vt 0.930495 0.492107
vt 0.929797 0.501480
vt 0.928741 0.508737
vt 0.913211 0.510099
vt 0.947010 0.488880
vt 0.943967 0.500558
vt 0.941917 0.507439
vt 0.940155 0.512977
vt 0.926246 0.513057
vt 0.954379 0.500595
vt 0.952109 0.506724
vt 0.950363 0.511891
vt 0.290534 0.773703
vt 0.289588 0.784321
vt 0.284251 0.785604
vt 0.284251 0.771578
vt 0.211455 0.763976
vt 0.225616 0.765678
vt 0.222404 0.770095
vt 0.211977 0.769234
vt 0.219292 0.774438
vt 0.211777 0.772966
vt 0.229290 0.777353
vt 0.436230 0.149672
vt 0.440601 0.152796
vt 0.440475 0.163026
vt 0.436293 0.160067
vt 0.237919 0.780661
vt 0.436637 0.140432
vt 0.442461 0.142141
vt 0.452320 0.146341
vt 0.445043 0.156190
vt 0.453423 0.132943
vt 0.454474 0.125996
vt 0.469598 0.126013
vt 0.084679 0.148578
vt 0.443495 0.163447
vt 0.443796 0.173953
vt 0.439372 0.175404
vt 0.435691 0.168706
vt 0.439559 0.167639
vt 0.446356 0.159027
vt 0.446567 0.165317
vt 0.200372 0.759283
vt 0.200600 0.768863
vt 0.180038 0.761125
vt 0.181286 0.754508
vt 0.182904 0.747753
vt 0.200972 0.754640
vt 0.165849 0.750715
vt 0.168181 0.743716
vt 0.893892 0.511556
vt 0.878683 0.513529
vt 0.878053 0.506590
vt 0.862352 0.513507
vt 0.862267 0.506953
vt 0.842579 0.513495
vt 0.843061 0.507420
vt 0.843445 0.498489
vt 0.820452 0.507972
vt 0.820500 0.513624
vt 0.798310 0.513664
vt 0.798033 0.509952
vt 0.320320 0.825550
vt 0.324305 0.825871
vt 0.325398 0.842659
vt 0.320320 0.843711
vt 0.778075 0.511222
vt 0.778348 0.504269
vt 0.758150 0.511809
vt 0.757910 0.505785
vt 0.757450 0.498487
vt 0.731348 0.507143
vt 0.756115 0.485373
vt 0.729158 0.462408
vt 0.752551 0.460285
vt 0.725814 0.431877
vt 0.748538 0.430540
vt 0.768242 0.429556
vt 0.747032 0.400191
vt 0.767270 0.399608
vt 0.778913 0.398682
vt 0.779268 0.428946
vt 0.787740 0.397611
vt 0.787943 0.428369
vt 0.897681 0.836486
vt 0.896124 0.805750
vt 0.903079 0.804803
vt 0.904926 0.835455
vt 0.905943 0.863935
vt 0.899766 0.864793
vt 0.914347 0.834303
vt 0.913945 0.863013
vt 0.912909 0.877629
vt 0.908216 0.879826
vt 0.903510 0.883743
vt 0.923436 0.862337
vt 0.922044 0.876115
vt 0.909144 0.886392
vt 0.934820 0.861969
vt 0.933368 0.876297
vt 0.932169 0.885198
vt 0.946070 0.877154
vt 0.945705 0.886586
vt 0.945313 0.893318
vt 0.931377 0.892150
vt 0.293259 0.648241
vt 0.293429 0.634374
vt 0.299151 0.634931
vt 0.297865 0.649102
vt 0.247088 0.684192
vt 0.248697 0.689909
vt 0.309840 0.635458
vt 0.307518 0.649658
vt 0.304512 0.659153
vt 0.296554 0.659137
vt 0.240983 0.698796
vt 0.232837 0.697286
vt 0.319467 0.650676
vt 0.315924 0.660171
vt 0.314091 0.667092
vt 0.302170 0.666365
vt 0.232724 0.708331
vt 0.225845 0.709463
vt 0.230108 0.726730
vt 0.221290 0.729821
vt 0.321352 0.635741
vt 0.332409 0.635728
vt 0.324423 0.616695
vt 0.334450 0.616544
vt 0.328168 0.602337
vt 0.312574 0.616887
vt 0.315217 0.602685
vt 0.317154 0.592961
vt 0.330930 0.592236
vt 0.319249 0.587295
vt 0.332635 0.587295
vt 0.027068 0.841386
vt 0.021045 0.839757
vt 0.492746 0.249351
vt 0.492746 0.262778
vt 0.485822 0.259920
vt 0.487084 0.248723
vt 0.015227 0.838124
vt 0.015227 0.827118
vt 0.302534 0.593795
vt 0.304599 0.587299
vt 0.492381 0.277442
vt 0.487417 0.283561
vt 0.302798 0.602923
vt 0.301850 0.616930
vt 0.294579 0.616980
vt 0.294426 0.602931
vt 0.295994 0.594258
vt 0.976838 0.894352
vt 0.962798 0.894845
vt 0.962522 0.887432
vt 0.976632 0.887733
vt 0.992603 0.887545
vt 0.985516 0.894150
vt 0.961599 0.877490
vt 0.976158 0.877948
vt 0.987914 0.878512
vt 0.960350 0.862576
vt 0.974911 0.862799
vt 0.984614 0.862033
vt 0.973427 0.832431
vt 0.983588 0.833458
vt 0.992503 0.834259
vt 0.992861 0.862476
vt 0.994788 0.879067
vt 0.985594 0.800922
vt 0.994788 0.800787
vt 0.186457 0.428431
vt 0.188364 0.395102
vt 0.196158 0.395013
vt 0.194239 0.429069
vt 0.721662 0.016623
vt 0.729821 0.015001
vt 0.206461 0.396663
vt 0.204909 0.429590
vt 0.220043 0.397123
vt 0.219334 0.429453
vt 0.215768 0.461243
vt 0.239637 0.429859
vt 0.237421 0.462057
vt 0.234843 0.486888
vt 0.214802 0.484556
vt 0.232218 0.500452
vt 0.253006 0.488922
vt 0.250390 0.500569
vt 0.248874 0.510095
vt 0.229850 0.511283
vt 0.264720 0.502953
vt 0.263991 0.510776
vt 0.070409 0.035655
vt 0.058653 0.045179
vt 0.054335 0.040461
vt 0.067237 0.029788
vt 0.247763 0.512921
vt 0.264500 0.512917
vt 0.264724 0.520010
vt 0.246493 0.521138
vt 0.265215 0.529564
vt 0.244993 0.531821
vt 0.220555 0.532761
vt 0.242341 0.546573
vt 0.265400 0.544458
vt 0.264728 0.558640
vt 0.240494 0.559614
vt 0.264237 0.568890
vt 0.241873 0.569825
vt 0.216218 0.571656
vt 0.265145 0.578744
vt 0.242792 0.578461
vt 0.219296 0.578122
vt 0.542146 0.211636
vt 0.542139 0.188134
vt 0.548163 0.188009
vt 0.548149 0.210401
vt 0.549343 0.228971
vt 0.871602 0.518091
vt 0.871397 0.532444
vt 0.556679 0.209793
vt 0.557006 0.228913
vt 0.556984 0.248338
vt 0.567354 0.229121
vt 0.566581 0.249172
vt 0.566092 0.270033
vt 0.557105 0.269572
vt 0.565979 0.296046
vt 0.557529 0.296194
vt 0.565690 0.320412
vt 0.557013 0.320817
vt 0.565041 0.342458
vt 0.554795 0.342001
vt 0.546273 0.341459
vt 0.563545 0.367167
vt 0.552740 0.365302
vt 0.543816 0.364300
vt 0.550775 0.394137
vt 0.541812 0.393041
vt 0.066672 0.577904
vt 0.037919 0.576500
vt 0.039223 0.570222
vt 0.066613 0.570484
vt 0.089544 0.578744
vt 0.039604 0.560838
vt 0.066408 0.560412
vt 0.039994 0.548627
vt 0.066882 0.548915
vt 0.041507 0.531617
vt 0.021330 0.549089
vt 0.024861 0.531046
vt 0.044321 0.517585
vt 0.009522 0.548886
vt 0.012308 0.531207
vt 0.301053 0.456269
vt 0.299691 0.472426
vt 0.290280 0.471813
vt 0.290422 0.457389
vt 0.290619 0.447745
vt 0.302155 0.444883
vt 0.087575 0.255638
vt 0.076216 0.254658
vt 0.290165 0.440701
vt 0.300784 0.434158
vt 0.059225 0.253300
vt 0.060321 0.240789
vt 0.047472 0.252209
vt 0.048843 0.239441
vt 0.051075 0.222761
vt 0.039373 0.238435
vt 0.041463 0.221906
vt 0.043469 0.197512
vt 0.034468 0.221478
vt 0.036029 0.197581
vt 0.036961 0.171990
vt 0.448274 0.429375
vt 0.473880 0.429684
vt 0.474089 0.437810
vt 0.448290 0.437921
vt 0.473912 0.447036
vt 0.448181 0.450115
vt 0.473427 0.458967
vt 0.450633 0.462565
vt 0.472854 0.476527
vt 0.453078 0.479112
vt 0.435086 0.482669
vt 0.455250 0.497735
vt 0.438617 0.498818
vt 0.420202 0.501306
vt 0.417150 0.486953
vt 0.399047 0.504067
vt 0.423276 0.511934
vt 0.402144 0.513888
vt 0.377699 0.514744
vt 0.375540 0.505844
vt 0.354976 0.515515
vt 0.354509 0.506231
vt 0.337761 0.516747
vt 0.339043 0.507046
vt 0.330539 0.508071
vt 0.334148 0.491144
vt 0.328769 0.517845
vt 0.322276 0.518578
vt 0.324200 0.508478
vt 0.338112 0.525009
vt 0.327880 0.526239
vt 0.338426 0.533194
vt 0.327346 0.534708
vt 0.338749 0.539231
vt 0.326931 0.539147
vt 0.064079 0.011669
vt 0.069728 0.011791
vt 0.290884 0.165131
vt 0.291434 0.176946
vt 0.285557 0.177299
vt 0.285107 0.165044
vt 0.284843 0.157528
vt 0.290658 0.157719
vt 0.352472 0.904328
vt 0.352363 0.896810
vt 0.357417 0.896736
vt 0.356777 0.904285
vt 0.355975 0.910074
vt 0.352677 0.911031
vt 0.284840 0.150823
vt 0.292858 0.149447
vt 0.364071 0.903904
vt 0.363445 0.909464
vt 0.212083 0.304480
vt 0.212607 0.300396
vt 0.216157 0.298527
vt 0.216157 0.303897
vt 0.372019 0.902683
vt 0.371734 0.908440
vt 0.371635 0.913478
vt 0.381330 0.906987
vt 0.381391 0.912403
vt 0.381729 0.917482
vt 0.371629 0.917964
vt 0.397124 0.911614
vt 0.397351 0.917360
vt 0.025167 0.240265
vt 0.025167 0.227268
vt 0.030216 0.227004
vt 0.029738 0.240062
vt 0.005479 0.498292
vt 0.006225 0.482709
vt 0.011514 0.482359
vt 0.010649 0.498010
vt 0.303185 0.509182
vt 0.303870 0.493518
vt 0.308679 0.492955
vt 0.307231 0.509015
vt 0.182869 0.470863
vt 0.178096 0.471827
vt 0.178096 0.462234
vt 0.183618 0.461594
vt 0.305942 0.519328
vt 0.312803 0.508937
vt 0.311380 0.519093
vt 0.733241 0.514630
vt 0.733899 0.521331
vt 0.729225 0.523161
vt 0.727883 0.516089
vt 0.318459 0.508755
vt 0.316731 0.518956
vt 0.314593 0.492466
vt 0.320404 0.492059
vt 0.326691 0.491703
vt 0.323071 0.461993
vt 0.330772 0.461500
vt 0.341664 0.460741
vt 0.336019 0.430338
vt 0.351924 0.429851
vt 0.370192 0.427203
vt 0.358173 0.395869
vt 0.373319 0.395351
vt 0.386847 0.394693
vt 0.386935 0.421661
vt 0.399207 0.393952
vt 0.401818 0.417561
vt 0.409631 0.393432
vt 0.412488 0.413956
vt 0.416991 0.392969
vt 0.418245 0.411567
vt 0.419216 0.421707
vt 0.410536 0.365939
vt 0.417494 0.366933
vt 0.499901 0.160733
vt 0.499786 0.186754
vt 0.492102 0.185726
vt 0.481468 0.210794
vt 0.400521 0.365007
vt 0.389138 0.364443
vt 0.376018 0.364618
vt 0.381641 0.331255
vt 0.367458 0.330274
vt 0.372077 0.295567
vt 0.386133 0.296314
vt 0.363065 0.364636
vt 0.343444 0.364419
vt 0.347960 0.330066
vt 0.339610 0.396582
vt 0.329006 0.396795
vt 0.331617 0.364201
vt 0.326436 0.430513
vt 0.319114 0.430725
vt 0.321064 0.396885
vt 0.316381 0.462552
vt 0.309706 0.463185
vt 0.312039 0.430537
vt 0.305122 0.430589
vt 0.306772 0.396031
vt 0.313846 0.396811
vt 0.303539 0.463815
vt 0.013804 0.452648
vt 0.007100 0.453235
vt 0.009091 0.419525
vt 0.013588 0.419458
vt 0.003237 0.420205
vt 0.020918 0.252930
vt 0.020840 0.282662
vt 0.015519 0.283561
vt 0.015519 0.252952
vt 0.001469 0.453910
vt 0.426453 0.918649
vt 0.425717 0.912598
vt 0.459071 0.912836
vt 0.460115 0.919693
vt 0.002705 0.483015
vt 0.458109 0.905918
vt 0.493321 0.906381
vt 0.424916 0.906087
vt 0.423976 0.899541
vt 0.457078 0.899082
vt 0.396968 0.905882
vt 0.396747 0.899690
vt 0.396423 0.892494
vt 0.422808 0.891915
vt 0.381446 0.900934
vt 0.381868 0.893981
vt 0.382744 0.882798
vt 0.395995 0.881940
vt 0.372655 0.895372
vt 0.373482 0.883717
vt 0.374162 0.862121
vt 0.383141 0.862033
vt 0.364810 0.896316
vt 0.365916 0.884017
vt 0.366690 0.862515
vt 0.366568 0.830038
vt 0.374092 0.829008
vt 0.358299 0.884217
vt 0.359032 0.863334
vt 0.359083 0.828244
vt 0.352682 0.864086
vt 0.352420 0.829406
vt 0.357496 0.765521
vt 0.287668 0.232427
vt 0.286819 0.197752
vt 0.292858 0.196752
vt 0.292456 0.222893
vt 0.033932 0.094524
vt 0.039513 0.087463
vt 0.039513 0.118305
vt 0.035803 0.148753
vt 0.011797 0.000588
vt 0.013946 0.017846
vt 0.011797 0.028352
vt 0.013216 0.037188
vt 0.421557 0.533833
vt 0.384710 0.536565
vt 0.381921 0.530275
vt 0.409665 0.528990
vt 0.432016 0.525761
vt 0.438953 0.531911
vt 0.447732 0.524397
vt 0.450853 0.531095
vt 0.405281 0.521991
vt 0.426947 0.519521
vt 0.444883 0.517640
vt 0.457459 0.517811
vt 0.441838 0.510018
vt 0.456552 0.509394
vt 0.470484 0.509370
vt 0.469333 0.518210
vt 0.471761 0.496920
vt 0.490839 0.495791
vt 0.487663 0.508915
vt 0.494411 0.474540
vt 0.510968 0.473086
vt 0.509822 0.494226
vt 0.496492 0.458475
vt 0.504801 0.460025
vt 0.496789 0.448654
vt 0.497845 0.439394
vt 0.497819 0.430924
vt 0.526909 0.509259
vt 0.507310 0.508701
vt 0.525346 0.518305
vt 0.504580 0.517862
vt 0.484369 0.518122
vt 0.500956 0.526206
vt 0.523613 0.526861
vt 0.549484 0.527893
vt 0.549188 0.535499
vt 0.521154 0.534826
vt 0.499106 0.531968
vt 0.550032 0.520749
vt 0.580930 0.521768
vt 0.580998 0.527407
vt 0.550678 0.511915
vt 0.581116 0.513237
vt 0.614051 0.513466
vt 0.613657 0.522088
vt 0.581240 0.500956
vt 0.614358 0.501029
vt 0.642408 0.501160
vt 0.642944 0.513855
vt 0.582050 0.477553
vt 0.614001 0.476708
vt 0.639165 0.473925
vt 0.652815 0.473651
vt 0.656010 0.500934
vt 0.665499 0.500675
vt 0.667521 0.515441
vt 0.657866 0.514455
vt 0.662867 0.474606
vt 0.659891 0.443161
vt 0.669592 0.443993
vt 0.671581 0.475298
vt 0.673687 0.500615
vt 0.679716 0.475882
vt 0.681224 0.500732
vt 0.682622 0.516414
vt 0.675463 0.516097
vt 0.683001 0.524702
vt 0.676401 0.524496
vt 0.668692 0.524087
vt 0.669220 0.531407
vt 0.659513 0.530840
vt 0.659071 0.523268
vt 0.642437 0.529369
vt 0.642858 0.522416
vt 0.613296 0.526381
vt 0.642065 0.536338
vt 0.613253 0.534576
vt 0.581259 0.534963
vt 0.025901 0.132647
vt 0.025100 0.105128
vt 0.031846 0.104718
vt 0.032039 0.132413
vt 0.032540 0.160241
vt 0.026833 0.160193
vt 0.302155 0.154545
vt 0.301891 0.183003
vt 0.295909 0.183618
vt 0.295814 0.154160
vt 0.296016 0.122076
vt 0.302155 0.125083
vt 0.032515 0.188954
vt 0.026751 0.184645
vt 0.025904 0.006000
vt 0.028778 0.002024
vt 0.025821 0.218482
vt 0.025100 0.204756
vt 0.357099 0.710696
vt 0.356014 0.675130
vt 0.363488 0.675438
vt 0.364712 0.712578
vt 0.371173 0.675651
vt 0.372303 0.713308
vt 0.373545 0.751370
vt 0.380936 0.712970
vt 0.382037 0.750593
vt 0.382422 0.786411
vt 0.373998 0.787586
vt 0.382721 0.828203
vt 0.394242 0.786453
vt 0.394600 0.827486
vt 0.395282 0.861862
vt 0.417410 0.825383
vt 0.419120 0.861234
vt 0.421194 0.881156
vt 0.454087 0.860299
vt 0.455078 0.880837
vt 0.456051 0.891240
vt 0.489992 0.881154
vt 0.490807 0.891334
vt 0.492350 0.899359
vt 0.523012 0.890936
vt 0.523394 0.899249
vt 0.523725 0.906208
vt 0.556571 0.899136
vt 0.556980 0.906188
vt 0.591379 0.900054
vt 0.591454 0.908551
vt 0.590705 0.916832
vt 0.624805 0.909328
vt 0.625168 0.918239
vt 0.185350 0.009297
vt 0.157639 0.008124
vt 0.156701 0.002393
vt 0.185942 0.003018
vt 0.590309 0.921574
vt 0.005429 0.289952
vt 0.006176 0.254771
vt 0.013826 0.253847
vt 0.012939 0.289097
vt 0.303632 0.300231
vt 0.303825 0.264974
vt 0.310963 0.264057
vt 0.310548 0.298813
vt 0.308725 0.332108
vt 0.302485 0.333221
vt 0.318376 0.297962
vt 0.316932 0.331030
vt 0.315438 0.364547
vt 0.307611 0.364542
vt 0.301886 0.365276
vt 0.301863 0.395808
vt 0.324823 0.330556
vt 0.322960 0.364200
vt 0.334380 0.330281
vt 0.326400 0.297521
vt 0.337301 0.296936
vt 0.354136 0.296263
vt 0.340054 0.263270
vt 0.358255 0.263428
vt 0.372212 0.263362
vt 0.360331 0.228937
vt 0.371345 0.228839
vt 0.382914 0.228725
vt 0.384528 0.262685
vt 0.373443 0.193196
vt 0.383922 0.193061
vt 0.394829 0.192076
vt 0.386223 0.159749
vt 0.398206 0.160129
vt 0.408643 0.159865
vt 0.405223 0.190281
vt 0.416116 0.159251
vt 0.414358 0.187706
vt 0.501914 0.366007
vt 0.501688 0.394423
vt 0.495939 0.395869
vt 0.495691 0.369584
vt 0.488473 0.397484
vt 0.485660 0.373629
vt 0.485388 0.346038
vt 0.476474 0.377892
vt 0.474871 0.351384
vt 0.461008 0.382025
vt 0.460665 0.357095
vt 0.459808 0.333967
vt 0.449413 0.360100
vt 0.450120 0.336488
vt 0.450304 0.318016
vt 0.459325 0.316431
vt 0.450607 0.298096
vt 0.459284 0.298192
vt 0.449529 0.276904
vt 0.458701 0.276553
vt 0.001138 0.738167
vt 0.002314 0.719210
vt 0.010888 0.719462
vt 0.008440 0.739119
vt 0.018594 0.719386
vt 0.016722 0.737999
vt 0.001138 0.699372
vt 0.009507 0.699479
vt 0.351761 0.773421
vt 0.353289 0.792577
vt 0.344000 0.791422
vt 0.344000 0.771148
vt 0.463133 0.252986
vt 0.454733 0.255489
vt 0.450622 0.232131
vt 0.446976 0.255581
vt 0.451385 0.222207
vt 0.456365 0.218790
vt 0.440797 0.277014
vt 0.439497 0.255381
vt 0.434786 0.276875
vt 0.435121 0.255120
vt 0.132483 0.441612
vt 0.127048 0.441463
vt 0.126195 0.423591
vt 0.131400 0.423258
vt 0.150688 0.744741
vt 0.131569 0.737444
vt 0.134088 0.731836
vt 0.152799 0.738231
vt 0.125774 0.409348
vt 0.132077 0.410169
vt 0.111058 0.730194
vt 0.113342 0.724278
vt 0.441529 0.298459
vt 0.435072 0.298788
vt 0.090402 0.722879
vt 0.092430 0.716857
vt 0.441690 0.318484
vt 0.435660 0.318583
vt 0.071141 0.717956
vt 0.072835 0.711639
vt 0.442156 0.337836
vt 0.435357 0.338632
vt 0.051617 0.713019
vt 0.053935 0.705730
vt 0.031426 0.690378
vt 0.055941 0.699664
vt 0.074496 0.706966
vt 0.006838 0.681275
vt 0.731938 0.511646
vt 0.477459 0.398228
vt 0.460842 0.400647
vt 0.477290 0.415319
vt 0.460075 0.416928
vt 0.317390 0.873228
vt 0.318425 0.887872
vt 0.305365 0.884701
vt 0.305365 0.871784
vt 0.199887 0.725637
vt 0.191569 0.734470
vt 0.183265 0.728571
vt 0.191691 0.720601
vt 0.228592 0.150940
vt 0.228910 0.165175
vt 0.220275 0.165998
vt 0.219181 0.152333
vt 0.240114 0.149195
vt 0.240069 0.164006
vt 0.241122 0.188197
vt 0.229736 0.188179
vt 0.256295 0.148586
vt 0.255045 0.163110
vt 0.255512 0.188207
vt 0.258071 0.218690
vt 0.242868 0.217645
vt 0.266144 0.163324
vt 0.266584 0.189014
vt 0.269053 0.219671
vt 0.270600 0.242153
vt 0.259729 0.239783
vt 0.275793 0.189235
vt 0.278502 0.220848
vt 0.278686 0.245050
vt 0.278254 0.257994
vt 0.270695 0.254211
vt 0.424722 0.242528
vt 0.422577 0.223089
vt 0.431983 0.222477
vt 0.432315 0.244901
vt 0.417429 0.197331
vt 0.426826 0.195991
vt 0.503255 0.119504
vt 0.469648 0.120381
vt 0.470192 0.110005
vt 0.504190 0.108609
vt 0.470621 0.096312
vt 0.443279 0.097079
vt 0.441348 0.077835
vt 0.470905 0.078740
vt 0.439454 0.057175
vt 0.470480 0.057539
vt 0.437769 0.043271
vt 0.470041 0.042984
vt 0.502062 0.044195
vt 0.532616 0.044001
vt 0.469629 0.033454
vt 0.501274 0.034215
vt 0.532929 0.034200
vt 0.565232 0.032873
vt 0.564379 0.042374
vt 0.500910 0.025860
vt 0.533211 0.026079
vt 0.566582 0.024905
vt 0.595972 0.022835
vt 0.596095 0.031210
vt 0.533801 0.017994
vt 0.567337 0.017111
vt 0.595648 0.015318
vt 0.624915 0.012079
vt 0.625439 0.018988
vt 0.882605 0.808351
vt 0.881752 0.780081
vt 0.888437 0.780207
vt 0.888960 0.808042
vt 0.890008 0.837982
vt 0.884109 0.837549
vt 0.891729 0.861663
vt 0.885169 0.861537
vt 0.048810 0.119073
vt 0.048063 0.143795
vt 0.042193 0.144105
vt 0.042193 0.118606
vt 0.042718 0.098527
vt 0.048390 0.099642
vt 0.873688 0.574129
vt 0.874074 0.560994
vt 0.879129 0.560811
vt 0.878651 0.574339
vt 0.874561 0.597607
vt 0.866823 0.595849
vt 0.866700 0.573639
vt 0.867041 0.561174
vt 0.867621 0.552366
vt 0.859106 0.573326
vt 0.859683 0.561312
vt 0.860317 0.552730
vt 0.860514 0.544862
vt 0.868101 0.543511
vt 0.849529 0.561683
vt 0.849511 0.553259
vt 0.849281 0.545694
vt 0.849047 0.538436
vt 0.860142 0.538491
vt 0.832203 0.553755
vt 0.830822 0.546007
vt 0.829558 0.538377
vt 0.594508 0.934298
vt 0.593199 0.928489
vt 0.613606 0.928442
vt 0.613994 0.934351
vt 0.804783 0.545618
vt 0.803287 0.538766
vt 0.568230 0.934324
vt 0.566838 0.928377
vt 0.023076 0.024379
vt 0.015387 0.025139
vt 0.015770 0.002941
vt 0.023243 0.002482
vt 0.537733 0.933956
vt 0.537021 0.927678
vt 0.022524 0.048890
vt 0.014742 0.050085
vt 0.681151 0.120403
vt 0.673546 0.121511
vt 0.674386 0.091131
vt 0.681688 0.090429
vt 0.022303 0.075282
vt 0.014594 0.076222
vt 0.680885 0.151781
vt 0.672935 0.152618
vt 0.664484 0.153528
vt 0.665459 0.122470
vt 0.680179 0.181947
vt 0.672729 0.182583
vt 0.664733 0.183460
vt 0.655941 0.184537
vt 0.654884 0.154732
vt 0.673071 0.210200
vt 0.665079 0.209761
vt 0.656590 0.209557
vt 0.647344 0.209280
vt 0.646705 0.185770
vt 0.666761 0.237221
vt 0.674446 0.237920
vt 0.677097 0.269484
vt 0.670314 0.268551
vt 0.678369 0.292261
vt 0.671971 0.291904
vt 0.678734 0.316970
vt 0.671965 0.318452
vt 0.665009 0.319505
vt 0.657968 0.320369
vt 0.670833 0.352332
vt 0.663294 0.353009
vt 0.654943 0.353825
vt 0.642791 0.354074
vt 0.648908 0.320978
vt 0.660520 0.386582
vt 0.649771 0.388108
vt 0.634228 0.387884
vt 0.658435 0.415949
vt 0.668982 0.386388
vt 0.668344 0.415451
vt 0.677690 0.386527
vt 0.677411 0.415457
vt 0.678074 0.444586
vt 0.290345 0.311206
vt 0.291407 0.287624
vt 0.299751 0.286665
vt 0.299831 0.311159
vt 0.299796 0.337641
vt 0.291455 0.336982
vt 0.179593 0.928041
vt 0.211355 0.927170
vt 0.210707 0.933928
vt 0.178636 0.933896
vt 0.154686 0.933754
vt 0.155200 0.928708
vt 0.299831 0.357938
vt 0.292173 0.357218
vt 0.139801 0.933425
vt 0.139827 0.929229
vt 0.139861 0.922995
vt 0.155517 0.922608
vt 0.131582 0.933565
vt 0.131602 0.929683
vt 0.131577 0.923883
vt 0.124820 0.924174
vt 0.366628 0.539935
vt 0.374850 0.540197
vt 0.374979 0.547208
vt 0.366767 0.546835
vt 0.375352 0.554959
vt 0.367043 0.554318
vt 0.360514 0.554115
vt 0.367798 0.564083
vt 0.361063 0.563888
vt 0.354550 0.563744
vt 0.354569 0.554040
vt 0.110924 0.565056
vt 0.110924 0.556368
vt 0.116214 0.555679
vt 0.115781 0.564358
vt 0.115145 0.571311
vt 0.111452 0.571771
vt 0.095704 0.032529
vt 0.095105 0.042113
vt 0.088230 0.042640
vt 0.089483 0.032592
vt 0.669503 0.537632
vt 0.659490 0.537813
vt 0.094669 0.060352
vt 0.088671 0.060063
vt 0.099699 0.041972
vt 0.099944 0.060343
vt 0.099800 0.088422
vt 0.093945 0.088668
vt 0.032461 0.080752
vt 0.025847 0.079561
vt 0.354056 0.610181
vt 0.354301 0.582115
vt 0.361432 0.581995
vt 0.361281 0.609807
vt 0.362245 0.642386
vt 0.354739 0.642541
vt 0.099779 0.120797
vt 0.094360 0.120862
vt 0.369332 0.609277
vt 0.370128 0.642294
vt 0.377539 0.608517
vt 0.378425 0.642161
vt 0.379812 0.675791
vt 0.389856 0.641712
vt 0.391404 0.675793
vt 0.392664 0.711298
vt 0.411985 0.674952
vt 0.414594 0.710509
vt 0.416348 0.747844
vt 0.393449 0.749235
vt 0.416848 0.785756
vt 0.452209 0.746031
vt 0.452691 0.784542
vt 0.453304 0.823376
vt 0.487616 0.782881
vt 0.488172 0.821476
vt 0.488919 0.858820
vt 0.522244 0.819444
vt 0.522628 0.857145
vt 0.522844 0.879891
vt 0.556606 0.855313
vt 0.556848 0.879042
vt 0.556955 0.890542
vt 0.591013 0.879069
vt 0.591266 0.890903
vt 0.624894 0.878910
vt 0.625089 0.891492
vt 0.624989 0.900734
vt 0.659158 0.891117
vt 0.659476 0.900520
vt 0.659565 0.908760
vt 0.692664 0.899412
vt 0.692729 0.907567
vt 0.692367 0.915795
vt 0.659864 0.916994
vt 0.128605 0.008734
vt 0.101376 0.009297
vt 0.101863 0.002415
vt 0.128158 0.002213
vt 0.006161 0.220002
vt 0.005803 0.187890
vt 0.013811 0.187651
vt 0.013946 0.219043
vt 0.304320 0.230155
vt 0.303861 0.198765
vt 0.311523 0.198324
vt 0.311561 0.229626
vt 0.320177 0.197744
vt 0.319728 0.229312
vt 0.318992 0.263439
vt 0.328509 0.229205
vt 0.327518 0.263316
vt 0.341663 0.228869
vt 0.329455 0.196686
vt 0.341513 0.195606
vt 0.360975 0.194231
vt 0.329099 0.161661
vt 0.320296 0.162351
vt 0.319489 0.129408
vt 0.328189 0.129001
vt 0.318186 0.097659
vt 0.309592 0.097707
vt 0.308565 0.072558
vt 0.316793 0.073853
vt 0.311157 0.129840
vt 0.304005 0.130135
vt 0.303171 0.097740
vt 0.311994 0.162810
vt 0.304646 0.163729
vt 0.011728 0.152643
vt 0.004874 0.153299
vt 0.004605 0.119116
vt 0.011235 0.119044
vt 0.761185 0.920803
vt 0.761158 0.914621
vt 0.793307 0.914391
vt 0.793247 0.920521
vt 0.004116 0.087068
vt 0.011462 0.086637
vt 0.727004 0.920324
vt 0.727190 0.914459
vt 0.727371 0.906226
vt 0.761165 0.906085
vt 0.692380 0.921244
vt 0.761178 0.897854
vt 0.793895 0.897278
vt 0.793562 0.905842
vt 0.727221 0.898125
vt 0.727056 0.888164
vt 0.761171 0.887288
vt 0.692575 0.889804
vt 0.692471 0.876402
vt 0.726878 0.874141
vt 0.658827 0.878263
vt 0.658279 0.848850
vt 0.692112 0.846305
vt 0.624474 0.851206
vt 0.623786 0.812904
vt 0.657571 0.810611
vt 0.590633 0.853325
vt 0.590005 0.815122
vt 0.589170 0.776568
vt 0.622881 0.774480
vt 0.556149 0.817303
vt 0.555472 0.778717
vt 0.554368 0.739798
vt 0.588013 0.737807
vt 0.521725 0.780890
vt 0.520852 0.741952
vt 0.519206 0.702667
vt 0.552705 0.700585
vt 0.487019 0.744079
vt 0.485774 0.705161
vt 0.482807 0.666395
vt 0.516312 0.663257
vt 0.450843 0.708048
vt 0.448010 0.671018
vt 0.444124 0.634273
vt 0.478242 0.628068
vt 0.408866 0.639918
vt 0.406454 0.604442
vt 0.440531 0.597772
vt 0.388477 0.607202
vt 0.388042 0.580393
vt 0.407296 0.579416
vt 0.377158 0.581015
vt 0.376076 0.564703
vt 0.388011 0.565668
vt 0.369073 0.581556
vt 0.388521 0.556073
vt 0.411083 0.556460
vt 0.409123 0.566112
vt 0.442851 0.556362
vt 0.441400 0.564950
vt 0.440430 0.576976
vt 0.475185 0.564408
vt 0.474679 0.575230
vt 0.475035 0.592444
vt 0.508670 0.574570
vt 0.509757 0.590235
vt 0.512594 0.624307
vt 0.545461 0.588762
vt 0.547624 0.622590
vt 0.550315 0.661419
vt 0.582855 0.621415
vt 0.584620 0.659987
vt 0.586471 0.698876
vt 0.618732 0.658989
vt 0.620288 0.697464
vt 0.621695 0.736007
vt 0.654119 0.696254
vt 0.655507 0.734333
vt 0.656670 0.772435
vt 0.689495 0.732760
vt 0.690692 0.770405
vt 0.691552 0.808209
vt 0.725148 0.768371
vt 0.726009 0.805691
vt 0.726537 0.843399
vt 0.761003 0.803097
vt 0.761237 0.840226
vt 0.761202 0.872433
vt 0.796294 0.836906
vt 0.795132 0.870157
vt 0.794329 0.886207
vt 0.827613 0.867017
vt 0.825429 0.884782
vt 0.823277 0.896122
vt 0.842956 0.883479
vt 0.842102 0.895215
vt 0.841292 0.904077
vt 0.821679 0.904654
vt 0.840423 0.911956
vt 0.820530 0.912576
vt 0.839537 0.918978
vt 0.819450 0.919134
vt 0.001513 0.060931
vt 0.001725 0.040846
vt 0.007404 0.041641
vt 0.008169 0.061116
vt 0.241149 0.004254
vt 0.258552 0.003497
vt 0.258134 0.011258
vt 0.241507 0.012509
vt 0.219986 0.013946
vt 0.218233 0.007907
vt 0.271462 0.003051
vt 0.270796 0.010350
vt 0.308122 0.053465
vt 0.307386 0.038598
vt 0.314667 0.039330
vt 0.315562 0.054050
vt 0.322278 0.040281
vt 0.330585 0.041770
vt 0.314151 0.029920
vt 0.321551 0.030852
vt 0.330188 0.031956
vt 0.343241 0.033036
vt 0.342156 0.043241
vt 0.320953 0.023380
vt 0.329834 0.023746
vt 0.344178 0.024420
vt 0.365977 0.025661
vt 0.365713 0.034189
vt 0.329505 0.016221
vt 0.345150 0.015914
vt 0.366756 0.017073
vt 0.396455 0.017780
vt 0.397450 0.026135
vt 0.881288 0.579536
vt 0.881562 0.557912
vt 0.888724 0.557970
vt 0.887295 0.580657
vt 0.302155 0.775868
vt 0.294290 0.776307
vt 0.294290 0.753172
vt 0.300805 0.753223
vt 0.396030 0.011822
vt 0.431376 0.011659
vt 0.432557 0.017510
vt 0.884229 0.608701
vt 0.894660 0.581124
vt 0.892165 0.607996
vt 0.892711 0.642379
vt 0.884913 0.644037
vt 0.893090 0.679157
vt 0.886305 0.680294
vt 0.879577 0.793649
vt 0.879737 0.828035
vt 0.873372 0.829301
vt 0.872842 0.794943
vt 0.872447 0.757844
vt 0.879513 0.756865
vt 0.871356 0.724850
vt 0.878331 0.724094
vt 0.864529 0.795942
vt 0.863877 0.758828
vt 0.862822 0.725534
vt 0.861908 0.690536
vt 0.870124 0.689723
vt 0.855587 0.759803
vt 0.854374 0.725967
vt 0.853507 0.691049
vt 0.852278 0.656142
vt 0.860711 0.655815
vt 0.843930 0.726368
vt 0.842649 0.691263
vt 0.841119 0.656459
vt 0.839552 0.623103
vt 0.850876 0.624104
vt 0.826866 0.691677
vt 0.824048 0.656645
vt 0.819891 0.621953
vt 0.814519 0.588319
vt 0.837694 0.590334
vt 0.789391 0.656715
vt 0.785300 0.620680
vt 0.781241 0.586990
vt 0.779005 0.571982
vt 0.811092 0.572624
vt 0.751119 0.619930
vt 0.748275 0.586571
vt 0.746517 0.571423
vt 0.745228 0.560974
vt 0.777278 0.561413
vt 0.715524 0.586472
vt 0.714285 0.571279
vt 0.713467 0.560982
vt 0.712822 0.553060
vt 0.744067 0.552999
vt 0.683055 0.571824
vt 0.682570 0.561618
vt 0.681872 0.553732
vt 0.681173 0.546023
vt 0.712019 0.545610
vt 0.651014 0.562447
vt 0.651082 0.555061
vt 0.651237 0.547314
vt 0.651356 0.540611
vt 0.680821 0.539335
vt 0.445767 0.933859
vt 0.445700 0.927963
vt 0.475001 0.927862
vt 0.475984 0.934357
vt 0.711039 0.538861
vt 0.416280 0.933892
vt 0.417360 0.928838
vt 0.023243 0.148753
vt 0.015996 0.148045
vt 0.014670 0.125013
vt 0.022561 0.124922
vt 0.385707 0.923540
vt 0.417722 0.922789
vt 0.683204 0.270539
vt 0.681862 0.238498
vt 0.683721 0.292774
vt 0.680805 0.210520
vt 0.014291 0.101603
vt 0.022288 0.100695
vt 0.505539 0.927802
vt 0.506794 0.934152
vt 0.741831 0.538024
vt 0.742911 0.544992
vt 0.772775 0.538382
vt 0.774127 0.545350
vt 0.775741 0.553487
vt 0.806372 0.553737
vt 0.808492 0.561864
vt 0.833958 0.562064
vt 0.835776 0.573096
vt 0.849398 0.573188
vt 0.849886 0.592331
vt 0.858984 0.594145
vt 0.859551 0.625443
vt 0.867749 0.626932
vt 0.868581 0.655685
vt 0.876131 0.627403
vt 0.876345 0.655588
vt 0.877412 0.689480
vt 0.894845 0.746573
vt 0.894722 0.780480
vt 0.887496 0.746769
vt 0.887239 0.712849
vt 0.894481 0.711947
vt 0.238935 0.260979
vt 0.265707 0.260897
vt 0.265965 0.269616
vt 0.239950 0.269144
vt 0.214009 0.268539
vt 0.212468 0.260960
vt 0.468390 0.017777
vt 0.500880 0.018103
vt 0.469160 0.025101
vt 0.434163 0.025531
vt 0.467637 0.011801
vt 0.435877 0.033605
vt 0.398754 0.034353
vt 0.400714 0.044227
vt 0.364030 0.044170
vt 0.402673 0.058277
vt 0.292858 0.260897
vt 0.292425 0.268950
vt 0.894313 0.808663
vt 0.615406 0.562300
vt 0.650777 0.572486
vt 0.616118 0.572599
vt 0.581800 0.573160
vt 0.581927 0.562669
vt 0.544600 0.573705
vt 0.545233 0.563209
vt 0.545360 0.555058
vt 0.507952 0.564061
vt 0.507389 0.555742
vt 0.506173 0.547074
vt 0.505391 0.539649
vt 0.475768 0.556217
vt 0.475960 0.547575
vt 0.475924 0.540338
vt 0.240860 0.933929
vt 0.240731 0.926280
vt 0.269803 0.924947
vt 0.270368 0.932047
vt 0.444948 0.547857
vt 0.445764 0.540075
vt 0.412602 0.548464
vt 0.413695 0.540266
vt 0.389236 0.547978
vt 0.389744 0.540389
vt 0.683838 0.386466
vt 0.678436 0.351364
vt 0.684407 0.349465
vt 0.306802 0.926591
vt 0.308929 0.932827
vt 0.684498 0.415548
vt 0.469503 0.285744
vt 0.461937 0.288210
vt 0.461937 0.259495
vt 0.468016 0.255981
vt 0.581812 0.587975
vt 0.616425 0.587572
vt 0.617315 0.620654
vt 0.650750 0.587305
vt 0.651390 0.620175
vt 0.652659 0.658187
vt 0.684786 0.619841
vt 0.686357 0.657569
vt 0.688006 0.695168
vt 0.720024 0.657087
vt 0.722122 0.694191
vt 0.723849 0.731254
vt 0.756840 0.693291
vt 0.758880 0.729763
vt 0.760263 0.766316
vt 0.795012 0.728305
vt 0.796417 0.764201
vt 0.796861 0.800491
vt 0.830068 0.762286
vt 0.830507 0.798278
vt 0.829677 0.834031
vt 0.845710 0.797025
vt 0.845381 0.832499
vt 0.844033 0.864239
vt 0.856153 0.831149
vt 0.854901 0.861437
vt 0.853965 0.882285
vt 0.863531 0.858628
vt 0.862469 0.881059
vt 0.862940 0.894820
vt 0.854009 0.894900
vt 0.863247 0.904168
vt 0.854113 0.904050
vt 0.863218 0.912120
vt 0.854054 0.912014
vt 0.863149 0.918877
vt 0.853877 0.918840
vt 0.001469 0.026514
vt 0.001531 0.017240
vt 0.007447 0.017573
vt 0.007359 0.026817
vt 0.279471 0.002852
vt 0.278747 0.009986
vt 0.307174 0.029354
vt 0.870945 0.904121
vt 0.870595 0.894658
vt 0.877615 0.894434
vt 0.877796 0.903817
vt 0.894405 0.532270
vt 0.894645 0.541655
vt 0.888803 0.541867
vt 0.888760 0.532822
vt 0.882667 0.542275
vt 0.882759 0.533354
vt 0.882735 0.526023
vt 0.320579 0.016405
vt 0.894840 0.557133
vt 0.877541 0.878955
vt 0.870263 0.880141
vt 0.871934 0.856338
vt 0.878197 0.854946
vt 0.864621 0.830459
vt 0.856337 0.796761
vt 0.845092 0.760972
vt 0.828910 0.727024
vt 0.792686 0.692435
vt 0.754190 0.656808
vt 0.717681 0.619716
vt 0.683617 0.586852
vt 0.633511 0.321118
vt 0.629287 0.354200
vt 0.603214 0.347593
vt 0.602570 0.320063
vt 0.579148 0.319995
vt 0.579352 0.295141
vt 0.603613 0.294661
vt 0.578423 0.343895
vt 0.604394 0.373445
vt 0.578346 0.370031
vt 0.607379 0.397269
vt 0.580876 0.396300
vt 0.562802 0.395234
vt 0.582985 0.414145
vt 0.562043 0.413691
vt 0.584213 0.430359
vt 0.560672 0.430443
vt 0.583422 0.449245
vt 0.607939 0.412971
vt 0.628113 0.414750
vt 0.580944 0.270537
vt 0.605915 0.272397
vt 0.583331 0.250994
vt 0.608318 0.256213
vt 0.585629 0.230851
vt 0.567390 0.209695
vt 0.586620 0.210366
vt 0.566544 0.188381
vt 0.582498 0.189189
vt 0.563963 0.164754
vt 0.578688 0.164969
vt 0.602769 0.164520
vt 0.574811 0.142711
vt 0.626939 0.161009
vt 0.558460 0.143562
vt 0.548830 0.143760
vt 0.554845 0.164031
vt 0.546342 0.164131
vt 0.539803 0.143510
vt 0.556338 0.188085
vt 0.839062 0.534583
vt 0.834170 0.534583
vt 0.834417 0.520226
vt 0.838539 0.516386
vt 0.542529 0.165783
vt 0.683889 0.313904
vt 0.656120 0.123590
vt 0.648690 0.095360
vt 0.659838 0.092788
vt 0.667473 0.091922
vt 0.660855 0.066955
vt 0.668378 0.065360
vt 0.675822 0.064583
vt 0.682481 0.064133
vt 0.668788 0.045069
vt 0.676415 0.043800
vt 0.683588 0.043117
vt 0.676709 0.032307
vt 0.683167 0.031990
vt 0.613111 0.921310
vt 0.624227 0.921558
vt 0.624183 0.928547
vt 0.592075 0.922190
vt 0.631481 0.934357
vt 0.625093 0.933969
vt 0.669735 0.033049
vt 0.670716 0.025231
vt 0.661808 0.034837
vt 0.662309 0.027334
vt 0.662513 0.020944
vt 0.671045 0.019364
vt 0.662726 0.014824
vt 0.671064 0.014254
vt 0.676617 0.014476
vt 0.882250 0.883733
vt 0.882402 0.875408
vt 0.886257 0.875326
vt 0.882383 0.889289
vt 0.127835 0.392802
vt 0.123191 0.392359
vt 0.122415 0.381761
vt 0.127835 0.381507
vt 0.892373 0.875180
vt 0.648803 0.016582
vt 0.648757 0.023604
vt 0.626287 0.027365
vt 0.648905 0.012269
vt 0.648726 0.030826
vt 0.626868 0.035831
vt 0.596083 0.040545
vt 0.627417 0.046900
vt 0.596202 0.053364
vt 0.627729 0.061836
vt 0.596629 0.067291
vt 0.627899 0.077799
vt 0.597692 0.082709
vt 0.628256 0.101206
vt 0.598614 0.105336
vt 0.649648 0.070180
vt 0.649024 0.052948
vt 0.661094 0.047474
vt 0.648839 0.039646
vt 0.866545 0.538996
vt 0.283561 0.188800
vt 0.274157 0.164180
vt 0.281943 0.164258
vt 0.267796 0.149735
vt 0.276183 0.149023
vt 0.280677 0.150480
vt 0.495415 0.426063
vt 0.486953 0.427666
vt 0.488518 0.414894
vt 0.495768 0.413877
vt 0.502043 0.414101
vt 0.499861 0.426205
vt 0.475523 0.426532
vt 0.260253 0.251629
vt 0.243573 0.249034
vt 0.243572 0.237566
vt 0.230900 0.247437
vt 0.230655 0.236308
vt 0.230312 0.217077
vt 0.222509 0.235708
vt 0.221398 0.216386
vt 0.220932 0.188341
vt 0.214931 0.215896
vt 0.214936 0.188507
vt 0.214931 0.166955
vt 0.082516 0.133868
vt 0.068858 0.117184
vt 0.074620 0.112536
vt 0.087404 0.128511
vt 0.092134 0.135470
vt 0.090436 0.143209
vt 0.214957 0.154724
vt 0.078331 0.109542
vt 0.090459 0.124788
vt 0.096652 0.132495
vt 0.979765 0.752791
vt 0.960288 0.751994
vt 0.960431 0.742889
vt 0.978686 0.744535
vt 0.960417 0.731970
vt 0.978066 0.732762
vt 0.985889 0.732242
vt 0.976794 0.709216
vt 0.984216 0.708000
vt 0.992671 0.707221
vt 0.993287 0.732517
vt 0.754982 0.167100
vt 0.753455 0.146407
vt 0.760037 0.145468
vt 0.760037 0.167348
vt 0.686814 0.491114
vt 0.687048 0.504488
vt 0.692151 0.465460
vt 0.686730 0.465801
vt 0.686401 0.433735
vt 0.692880 0.433259
vt 0.702591 0.433287
vt 0.701018 0.465857
vt 0.711012 0.433164
vt 0.713355 0.465309
vt 0.702932 0.401133
vt 0.711019 0.400923
vt 0.724503 0.400628
vt 0.746612 0.371691
vt 0.747510 0.346860
vt 0.768039 0.349016
vt 0.768254 0.373066
vt 0.766191 0.327717
vt 0.781399 0.333438
vt 0.749029 0.324109
vt 0.750244 0.309356
vt 0.763184 0.313769
vt 0.731788 0.304754
vt 0.735653 0.296131
vt 0.750981 0.300008
vt 0.716441 0.299749
vt 0.720192 0.291410
vt 0.724077 0.284451
vt 0.738971 0.288155
vt 0.704985 0.297944
vt 0.707308 0.287376
vt 0.711357 0.279507
vt 0.031045 0.890255
vt 0.037737 0.891991
vt 0.039513 0.904142
vt 0.031045 0.903145
vt 0.698087 0.285631
vt 0.701677 0.275702
vt 0.264552 0.051017
vt 0.274131 0.049503
vt 0.273329 0.055741
vt 0.263409 0.057887
vt 0.696194 0.297638
vt 0.688601 0.296910
vt 0.689818 0.285549
vt 0.691094 0.275341
vt 0.995224 0.526820
vt 0.995001 0.538218
vt 0.987482 0.538923
vt 0.987426 0.527993
vt 0.978465 0.539871
vt 0.978224 0.530828
vt 0.976946 0.524914
vt 0.964407 0.540833
vt 0.964707 0.534182
vt 0.965057 0.528737
vt 0.755752 0.090647
vt 0.750468 0.087740
vt 0.943524 0.531437
vt 0.945406 0.525519
vt 0.847111 0.469503
vt 0.847111 0.452725
vt 0.853008 0.453289
vt 0.852562 0.467526
vt 0.927247 0.526747
vt 0.929407 0.521197
vt 0.941913 0.539170
vt 0.924953 0.535247
vt 0.913996 0.532428
vt 0.916707 0.521902
vt 0.941044 0.551539
vt 0.923078 0.549988
vt 0.913585 0.549582
vt 0.905375 0.549493
vt 0.922736 0.576699
vt 0.913428 0.577259
vt 0.904846 0.577377
vt 0.898653 0.577606
vt 0.898822 0.549403
vt 0.913110 0.607884
vt 0.903968 0.607369
vt 0.898723 0.606941
vt 0.287834 0.364541
vt 0.280564 0.364062
vt 0.280904 0.335756
vt 0.288114 0.335195
vt 0.904312 0.639185
vt 0.898426 0.638820
vt 0.286994 0.396439
vt 0.279475 0.395757
vt 0.271733 0.394643
vt 0.272723 0.363575
vt 0.285238 0.431113
vt 0.276524 0.430828
vt 0.269028 0.430692
vt 0.257905 0.430263
vt 0.260056 0.395018
vt 0.276063 0.463340
vt 0.267826 0.462824
vt 0.255224 0.462385
vt 0.267495 0.490232
vt 0.275589 0.491786
vt 0.275291 0.504843
vt 0.284461 0.491865
vt 0.275620 0.512599
vt 0.048863 0.051568
vt 0.044792 0.047687
vt 0.276474 0.512703
vt 0.285822 0.514115
vt 0.286856 0.519755
vt 0.276834 0.519234
vt 0.287563 0.527468
vt 0.278187 0.528132
vt 0.287820 0.541353
vt 0.279402 0.542716
vt 0.296436 0.527693
vt 0.295217 0.540699
vt 0.304167 0.528156
vt 0.302021 0.540621
vt 0.299994 0.557540
vt 0.260362 0.257891
vt 0.243481 0.257845
vt 0.425371 0.326647
vt 0.432315 0.324493
vt 0.432315 0.334695
vt 0.424159 0.334492
vt 0.231051 0.255963
vt 0.296194 0.520116
vt 0.304480 0.520490
vt 0.223389 0.255252
vt 0.223012 0.246553
vt 0.218141 0.255028
vt 0.217188 0.245549
vt 0.216433 0.235102
vt 0.037249 0.082709
vt 0.030619 0.074628
vt 0.043259 0.078486
vt 0.056960 0.091946
vt 0.051079 0.096305
vt 0.050029 0.073938
vt 0.061625 0.088557
vt 0.933468 0.752187
vt 0.914808 0.753474
vt 0.915796 0.745431
vt 0.933811 0.743337
vt 0.916907 0.732867
vt 0.934623 0.732535
vt 0.920462 0.709232
vt 0.936605 0.710226
vt 0.959998 0.710087
vt 0.938568 0.676061
vt 0.960519 0.676370
vt 0.975435 0.676130
vt 0.961244 0.642881
vt 0.975599 0.642987
vt 0.984020 0.643026
vt 0.984014 0.675654
vt 0.992426 0.642970
vt 0.992629 0.675164
vt 0.985049 0.611556
vt 0.992703 0.612244
vt 0.686270 0.401533
vt 0.687583 0.370848
vt 0.693807 0.371347
vt 0.693153 0.401380
vt 0.693508 0.342827
vt 0.686496 0.341516
vt 0.687518 0.314534
vt 0.694604 0.315338
vt 0.994527 0.582892
vt 0.986421 0.581736
vt 0.987649 0.555375
vt 0.996129 0.555841
vt 0.977101 0.580024
vt 0.977837 0.554804
vt 0.962884 0.578026
vt 0.963759 0.553631
vt 0.940407 0.576534
vt 0.961880 0.609764
vt 0.940611 0.608840
vt 0.923008 0.608436
vt 0.939874 0.642055
vt 0.920923 0.640906
vt 0.912927 0.639696
vt 0.921373 0.675294
vt 0.912615 0.674585
vt 0.903760 0.673993
vt 0.016270 0.215722
vt 0.023243 0.215588
vt 0.022679 0.245599
vt 0.016397 0.246373
vt 0.911373 0.707659
vt 0.902279 0.706680
vt 0.016831 0.186602
vt 0.023243 0.187182
vt 0.284200 0.463756
vt 0.017476 0.162605
vt 0.022456 0.162337
vt 0.900873 0.733568
vt 0.908554 0.733004
vt 0.017704 0.150420
vt 0.022276 0.150411
vt 0.737675 0.113889
vt 0.737807 0.084595
vt 0.747592 0.083649
vt 0.748416 0.113889
vt 0.976433 0.610820
vt 0.294917 0.515246
vt 0.304089 0.515249
vt 0.239568 0.397166
vt 0.239053 0.363499
vt 0.260123 0.363448
vt 0.240806 0.339218
vt 0.261441 0.337213
vt 0.273215 0.336384
vt 0.260888 0.310037
vt 0.272507 0.307681
vt 0.280414 0.307229
vt 0.269889 0.288891
vt 0.288259 0.306985
vt 0.257649 0.291548
vt 0.254786 0.280747
vt 0.266265 0.278276
vt 0.241322 0.312684
vt 0.220705 0.312924
vt 0.220670 0.340777
vt 0.206296 0.341904
vt 0.208839 0.314477
vt 0.220330 0.365001
vt 0.205575 0.365754
vt 0.197137 0.315103
vt 0.200193 0.286850
vt 0.210164 0.286259
vt 0.289026 0.430273
vt 0.299831 0.432315
vt 0.185930 0.287062
vt 0.185049 0.256331
vt 0.197328 0.256845
vt 0.207118 0.257867
vt 0.182593 0.315725
vt 0.158504 0.315234
vt 0.160587 0.287188
vt 0.157876 0.337187
vt 0.131753 0.311980
vt 0.157210 0.350710
vt 0.158045 0.359465
vt 0.160125 0.364332
vt 0.176692 0.366193
vt 0.177539 0.372310
vt 0.161360 0.371168
vt 0.143010 0.370962
vt 0.140295 0.364820
vt 0.144837 0.378508
vt 0.131838 0.378280
vt 0.131002 0.370462
vt 0.129828 0.366379
vt 0.162971 0.379120
vt 0.165480 0.390681
vt 0.147510 0.389260
vt 0.178674 0.380495
vt 0.181187 0.392674
vt 0.183585 0.408972
vt 0.168784 0.406192
vt 0.278549 0.741818
vt 0.278913 0.753613
vt 0.264729 0.751045
vt 0.265138 0.740215
vt 0.963364 0.768188
vt 0.962388 0.780302
vt 0.946951 0.782175
vt 0.947125 0.768925
vt 0.933027 0.783267
vt 0.931981 0.769773
vt 0.961460 0.799650
vt 0.947816 0.800197
vt 0.935069 0.801275
vt 0.922818 0.802240
vt 0.921251 0.783256
vt 0.946973 0.831783
vt 0.936046 0.832209
vt 0.924775 0.833268
vt 0.912217 0.803730
vt 0.903973 0.782769
vt 0.911962 0.783107
vt 0.912279 0.770890
vt 0.920977 0.770660
vt 0.904290 0.771313
vt 0.182613 0.451862
vt 0.171256 0.452076
vt 0.170080 0.444393
vt 0.182264 0.443855
vt 0.897596 0.782369
vt 0.899223 0.771732
vt 0.183618 0.456961
vt 0.173225 0.458133
vt 0.152784 0.444443
vt 0.152527 0.434241
vt 0.168738 0.434336
vt 0.181682 0.435145
vt 0.153379 0.452592
vt 0.136732 0.450810
vt 0.137389 0.443716
vt 0.154045 0.460206
vt 0.135735 0.457064
vt 0.822579 0.361924
vt 0.822146 0.352829
vt 0.841015 0.362545
vt 0.799167 0.337893
vt 0.821164 0.339098
vt 0.844658 0.339198
vt 0.845616 0.325192
vt 0.870765 0.000973
vt 0.871602 0.012848
vt 0.863161 0.013946
vt 0.863161 0.000756
vt 0.137284 0.434204
vt 0.126704 0.450100
vt 0.126996 0.443262
vt 0.880458 0.906209
vt 0.882164 0.913074
vt 0.126881 0.455159
vt 0.879602 0.901137
vt 0.432315 0.385829
vt 0.419156 0.384474
vt 0.419236 0.373542
vt 0.432315 0.374479
vt 0.136617 0.421102
vt 0.152243 0.420704
vt 0.135465 0.403868
vt 0.150587 0.404201
vt 0.169404 0.421291
vt 0.183618 0.424142
vt 0.133614 0.388880
vt 0.431342 0.346029
vt 0.432045 0.359478
vt 0.420352 0.359575
vt 0.421276 0.346485
vt 0.421491 0.337723
vt 0.430488 0.336344
vt 0.883711 0.978084
vt 0.883508 0.967549
vt 0.897279 0.968219
vt 0.898369 0.978965
vt 0.899731 0.988128
vt 0.883915 0.985712
vt 0.875584 0.985786
vt 0.875312 0.977963
vt 0.900718 0.994789
vt 0.882590 0.991570
vt 0.875962 0.989874
vt 0.117927 0.386219
vt 0.104461 0.386298
vt 0.301885 0.671981
vt 0.311452 0.670189
vt 0.311452 0.694731
vt 0.301445 0.694957
vt 0.079573 0.414310
vt 0.082942 0.385619
vt 0.085521 0.359618
vt 0.056282 0.385418
vt 0.057552 0.357493
vt 0.058912 0.330020
vt 0.041931 0.356931
vt 0.043577 0.327644
vt 0.046486 0.304998
vt 0.061246 0.308341
vt 0.049615 0.292516
vt 0.063763 0.296823
vt 0.052875 0.284958
vt 0.066193 0.288486
vt 0.083218 0.288222
vt 0.056244 0.278789
vt 0.068448 0.281042
vt 0.084628 0.282022
vt 0.728527 0.192638
vt 0.716283 0.193892
vt 0.718226 0.186339
vt 0.730153 0.185659
vt 0.747645 0.184890
vt 0.744723 0.192149
vt 0.733478 0.176686
vt 0.757713 0.174744
vt 0.734507 0.166609
vt 0.748064 0.166863
vt 0.735691 0.150354
vt 0.747610 0.154818
vt 0.738012 0.133347
vt 0.748578 0.140699
vt 0.421771 0.287985
vt 0.425782 0.272014
vt 0.432315 0.276335
vt 0.429107 0.291108
vt 0.048079 0.643505
vt 0.057278 0.631035
vt 0.060157 0.647588
vt 0.058067 0.657150
vt 0.044967 0.654817
vt 0.082615 0.651099
vt 0.082461 0.658972
vt 0.083225 0.666495
vt 0.057197 0.664283
vt 0.042890 0.662250
vt 0.084042 0.674953
vt 0.110821 0.668170
vt 0.110769 0.676910
vt 0.110822 0.684560
vt 0.084839 0.682718
vt 0.100130 0.228010
vt 0.102694 0.202037
vt 0.112069 0.201454
vt 0.107935 0.226881
vt 0.013077 0.378374
vt 0.020918 0.377971
vt 0.019993 0.402308
vt 0.013077 0.404423
vt 0.127521 0.199661
vt 0.117915 0.225737
vt 0.128078 0.224090
vt 0.122350 0.254981
vt 0.144302 0.223236
vt 0.138302 0.254615
vt 0.134423 0.286102
vt 0.163448 0.255297
vt 0.112549 0.180408
vt 0.125348 0.181697
vt 0.111277 0.156166
vt 0.119567 0.156885
vt 0.111122 0.126377
vt 0.118152 0.126727
vt 0.125701 0.127036
vt 0.118203 0.093724
vt 0.125444 0.093630
vt 0.138461 0.127562
vt 0.158708 0.128710
vt 0.177920 0.131433
vt 0.196034 0.094369
vt 0.193751 0.130182
vt 0.203633 0.095118
vt 0.202632 0.130085
vt 0.210938 0.095728
vt 0.210296 0.130575
vt 0.205249 0.160466
vt 0.215638 0.131007
vt 0.212273 0.160973
vt 0.209548 0.189418
vt 0.201249 0.190483
vt 0.210409 0.225019
vt 0.202716 0.223707
vt 0.191628 0.220440
vt 0.214424 0.258332
vt 0.295170 0.267007
vt 0.293580 0.235474
vt 0.301229 0.234421
vt 0.302155 0.267291
vt 0.240862 0.892520
vt 0.241521 0.887339
vt 0.204052 0.887464
vt 0.202207 0.878332
vt 0.241545 0.879259
vt 0.198927 0.866289
vt 0.236523 0.867627
vt 0.244627 0.860993
vt 0.271853 0.854300
vt 0.245217 0.846343
vt 0.265695 0.839462
vt 0.241356 0.831430
vt 0.261481 0.828105
vt 0.198829 0.851388
vt 0.177846 0.867531
vt 0.179014 0.851776
vt 0.183349 0.836218
vt 0.148253 0.868922
vt 0.148874 0.853768
vt 0.150854 0.833565
vt 0.113864 0.853963
vt 0.114916 0.831597
vt 0.116422 0.813393
vt 0.159975 0.816684
vt 0.193987 0.822198
vt 0.117622 0.802495
vt 0.156483 0.803481
vt 0.211484 0.818650
vt 0.200449 0.806815
vt 0.213663 0.820845
vt 0.215578 0.823625
vt 0.208434 0.822969
vt 0.209034 0.821016
vt 0.153402 0.190396
vt 0.153402 0.197563
vt 0.149982 0.194387
vt 0.150584 0.192802
vt 0.148148 0.191397
vt 0.148308 0.191176
vt 0.229439 0.074149
vt 0.230103 0.071381
vt 0.229837 0.071321
vt 0.230000 0.073776
vt 0.296830 0.787928
vt 0.296356 0.787556
vt 0.294370 0.786001
vt 0.294440 0.785738
vt 0.296360 0.787090
vt 0.296380 0.786765
vt 0.294510 0.785475
vt 0.294580 0.785212
vt 0.296825 0.786752
vt 0.296961 0.786869
vt 0.294650 0.784948
vt 0.294720 0.784685
vt 0.296515 0.785925
vt 0.296545 0.785666
vt 0.294798 0.784391
vt 0.297226 0.784917
vt 0.297073 0.786197
vt 0.294889 0.784050
vt 0.294396 0.782919
vt 0.293249 0.778611
vt 0.296114 0.783135
vt 0.296673 0.783169
vt 0.295407 0.779573
vt 0.296256 0.780789
vt 0.297299 0.784271
vt 0.297507 0.784097
vt 0.297507 0.779277
vt 0.000913 0.628914
vt 0.002324 0.631027
vt 0.001327 0.634526
vt 0.000913 0.634259
vt 0.149463 0.194865
vt 0.147989 0.191618
vt 0.148728 0.195100
vt 0.147672 0.192058
vt 0.328587 0.576488
vt 0.332371 0.579541
vt 0.155048 0.795216
vt 0.196431 0.794293
vt 0.229695 0.794443
vt 0.195391 0.784972
vt 0.228238 0.787642
vt 0.256044 0.789616
vt 0.257149 0.796557
vt 0.279663 0.803090
vt 0.284765 0.769334
vt 0.283617 0.747539
vt 0.290534 0.745158
vt 0.290534 0.768728
vt 0.255033 0.784972
vt 0.765022 0.241008
vt 0.768360 0.213353
vt 0.777371 0.212516
vt 0.772510 0.239866
vt 0.768267 0.265343
vt 0.762300 0.264578
vt 0.779882 0.238924
vt 0.775410 0.265959
vt 0.772609 0.285578
vt 0.764730 0.282872
vt 0.882640 0.139003
vt 0.883223 0.152094
vt 0.876448 0.153402
vt 0.876448 0.138383
vt 0.783906 0.266446
vt 0.782991 0.289282
vt 0.785874 0.304038
vt 0.772937 0.298885
vt 0.762932 0.294718
vt 0.763002 0.304497
vt 0.752584 0.290869
vt 0.799249 0.267466
vt 0.798764 0.293748
vt 0.822972 0.269414
vt 0.823324 0.297442
vt 0.847876 0.271395
vt 0.819317 0.236752
vt 0.841571 0.239224
vt 0.858675 0.241179
vt 0.861563 0.270885
vt 0.869626 0.242833
vt 0.871558 0.270244
vt 0.870304 0.297365
vt 0.878316 0.269376
vt 0.878038 0.295578
vt 0.020207 0.580134
vt 0.046367 0.581960
vt 0.046188 0.590301
vt 0.022161 0.585546
vt 0.002201 0.581129
vt 0.004592 0.578103
vt 0.878328 0.244167
vt 0.071577 0.582282
vt 0.070552 0.592360
vt 0.868118 0.219249
vt 0.878378 0.220148
vt 0.095615 0.581962
vt 0.095267 0.592643
vt 0.116835 0.578771
vt 0.118335 0.587092
vt 0.146931 0.578103
vt 0.147655 0.582269
vt 0.144079 0.593349
vt 0.181784 0.581274
vt 0.181508 0.587717
vt 0.177278 0.597433
vt 0.218763 0.587903
vt 0.219192 0.594374
vt 0.221255 0.600658
vt 0.182311 0.601615
vt 0.222601 0.611172
vt 0.183797 0.612979
vt 0.151107 0.616249
vt 0.185360 0.630215
vt 0.153593 0.630070
vt 0.186683 0.646592
vt 0.155155 0.644031
vt 0.187287 0.658545
vt 0.156388 0.655012
vt 0.129402 0.650318
vt 0.157055 0.663390
vt 0.132174 0.660477
vt 0.113793 0.650907
vt 0.111470 0.660074
vt 0.111252 0.641500
vt 0.133213 0.669462
vt 0.157373 0.671501
vt 0.157445 0.679079
vt 0.133204 0.678358
vt 0.157241 0.685516
vt 0.132994 0.685660
vt 0.103678 0.179866
vt 0.103975 0.155621
vt 0.187044 0.680586
vt 0.186766 0.685458
vt 0.104704 0.126101
vt 0.227779 0.116214
vt 0.221925 0.115313
vt 0.221925 0.087292
vt 0.226895 0.087862
vt 0.105253 0.093641
vt 0.111535 0.093756
vt 0.105248 0.065157
vt 0.112013 0.065252
vt 0.118929 0.065114
vt 0.114124 0.043030
vt 0.126139 0.064574
vt 0.107420 0.042292
vt 0.108758 0.029179
vt 0.514610 0.223647
vt 0.508444 0.223880
vt 0.514416 0.244049
vt 0.508484 0.244049
vt 0.247884 0.680427
vt 0.248172 0.674306
vt 0.269705 0.673760
vt 0.270707 0.680222
vt 0.296221 0.014409
vt 0.302155 0.014529
vt 0.302155 0.039513
vt 0.297156 0.039504
vt 0.219517 0.680434
vt 0.219868 0.674140
vt 0.220360 0.667059
vt 0.248550 0.667378
vt 0.187374 0.673776
vt 0.187321 0.666134
vt 0.220885 0.659642
vt 0.221489 0.646991
vt 0.251364 0.647634
vt 0.249167 0.659732
vt 0.269088 0.658271
vt 0.268867 0.666486
vt 0.280263 0.664331
vt 0.282659 0.672985
vt 0.288899 0.665273
vt 0.291733 0.672493
vt 0.293180 0.679132
vt 0.283836 0.679632
vt 0.295480 0.663625
vt 0.299831 0.670780
vt 0.299006 0.681580
vt 0.221981 0.627715
vt 0.218464 0.581728
vt 0.256453 0.582900
vt 0.072053 0.062130
vt 0.066882 0.062264
vt 0.066394 0.042336
vt 0.072053 0.040199
vt 0.071927 0.092971
vt 0.067537 0.092502
vt 0.874216 0.097636
vt 0.867588 0.097844
vt 0.866946 0.059851
vt 0.874075 0.059739
vt 0.877942 0.097359
vt 0.877942 0.134036
vt 0.873521 0.134735
vt 0.866909 0.135533
vt 0.860292 0.136716
vt 0.861626 0.097760
vt 0.873260 0.168965
vt 0.865743 0.170595
vt 0.856664 0.173411
vt 0.842379 0.180186
vt 0.851429 0.139550
vt 0.865115 0.199811
vt 0.851889 0.200068
vt 0.854056 0.217365
vt 0.835527 0.213691
vt 0.874394 0.199028
vt 0.853240 0.096610
vt 0.851591 0.056827
vt 0.861625 0.057351
vt 0.838791 0.097230
vt 0.834427 0.059443
vt 0.815244 0.099195
vt 0.813604 0.064406
vt 0.794139 0.068258
vt 0.794775 0.049514
vt 0.811117 0.044971
vt 0.794351 0.100923
vt 0.781669 0.102017
vt 0.782127 0.070542
vt 0.795439 0.135620
vt 0.781699 0.135144
vt 0.773146 0.134363
vt 0.773654 0.103033
vt 0.796355 0.167580
vt 0.782394 0.161421
vt 0.784788 0.186701
vt 0.766545 0.103222
vt 0.765925 0.072288
vt 0.773807 0.071650
vt 0.766914 0.127933
vt 0.765837 0.051277
vt 0.774697 0.051226
vt 0.784570 0.050637
vt 0.766792 0.037200
vt 0.760117 0.036162
vt 0.760446 0.027445
vt 0.767758 0.028074
vt 0.760139 0.050907
vt 0.065123 0.787707
vt 0.064591 0.795518
vt 0.050377 0.795839
vt 0.050383 0.787885
vt 0.760838 0.072476
vt 0.086676 0.787706
vt 0.086381 0.795016
vt 0.085454 0.803448
vt 0.118311 0.787339
vt 0.118154 0.794782
vt 0.155533 0.787149
vt 0.761535 0.104139
vt 0.083664 0.814548
vt 0.081405 0.831986
vt 0.760606 0.021128
vt 0.825020 0.035723
vt 0.810748 0.038058
vt 0.824728 0.034216
vt 0.811414 0.033392
vt 0.824177 0.031374
vt 0.814487 0.028649
vt 0.822257 0.029027
vt 0.814300 0.029431
vt 0.817835 0.026557
vt 0.819838 0.002163
vt 0.834414 0.006366
vt 0.832602 0.011857
vt 0.816652 0.003095
vt 0.528708 0.395530
vt 0.533653 0.393910
vt 0.534583 0.421747
vt 0.528708 0.423017
vt 0.864301 0.040821
vt 0.873385 0.035308
vt 0.852023 0.032533
vt 0.856989 0.027249
vt 0.865717 0.026016
vt 0.874667 0.025412
vt 0.866354 0.016540
vt 0.874067 0.017443
vt 0.860292 0.022102
vt 0.719065 0.523231
vt 0.713047 0.517760
vt 0.114729 0.771519
vt 0.116214 0.777477
vt 0.111135 0.782212
vt 0.112456 0.777397
vt 0.483449 0.246757
vt 0.483449 0.248697
vt 0.481654 0.247327
vt 0.481840 0.242705
vt 0.116214 0.784707
vt 0.111680 0.785604
vt 0.817421 0.211505
vt 0.800881 0.236633
vt 0.804778 0.211115
vt 0.787604 0.237904
vt 0.811556 0.196956
vt 0.808782 0.195713
vt 0.761871 0.214064
vt 0.113671 0.868408
vt 0.113463 0.876722
vt 0.147748 0.877160
vt 0.147305 0.883830
vt 0.112716 0.884100
vt 0.177625 0.877562
vt 0.177399 0.885671
vt 0.176860 0.891503
vt 0.146959 0.889910
vt 0.302155 0.210494
vt 0.295613 0.210958
vt 0.112267 0.890013
vt 0.080150 0.889093
vt 0.080234 0.881854
vt 0.056795 0.888428
vt 0.056369 0.881385
vt 0.218734 0.040772
vt 0.212499 0.041053
vt 0.217933 0.064146
vt 0.211844 0.063908
vt 0.204003 0.063533
vt 0.204451 0.041348
vt 0.216640 0.096291
vt 0.203345 0.019319
vt 0.196259 0.063039
vt 0.195781 0.008767
vt 0.206671 0.007564
vt 0.196754 0.005605
vt 0.205942 0.001211
vt 0.002259 0.108693
vt 0.002324 0.118538
vt 0.001880 0.118106
vt 0.002324 0.108740
vt 0.871265 0.427644
vt 0.871602 0.436963
vt 0.871391 0.436771
vt 0.871352 0.427691
vt 0.870417 0.436213
vt 0.871440 0.427738
vt 0.869947 0.435945
vt 0.871525 0.427784
vt 0.869589 0.435739
vt 0.871602 0.427825
vt 0.808742 0.418346
vt 0.808734 0.409718
vt 0.808847 0.409741
vt 0.808734 0.418369
vt 0.112182 0.687501
vt 0.120199 0.690850
vt 0.120068 0.690970
vt 0.112118 0.687621
vt 0.119902 0.691122
vt 0.112069 0.687714
vt 0.119777 0.691236
vt 0.112004 0.687837
vt 0.119655 0.691348
vt 0.111937 0.687964
vt 0.119533 0.691460
vt 0.111869 0.688091
vt 0.119411 0.691571
vt 0.111802 0.688217
vt 0.119289 0.691683
vt 0.111735 0.688344
vt 0.119167 0.691794
vt 0.111668 0.688470
vt 0.119046 0.691905
vt 0.111602 0.688594
vt 0.118925 0.692016
vt 0.111537 0.688717
vt 0.118805 0.692126
vt 0.111472 0.688838
vt 0.118684 0.692236
vt 0.111409 0.688958
vt 0.118564 0.692346
vt 0.111345 0.689077
vt 0.118443 0.692456
vt 0.111283 0.689194
vt 0.118323 0.692566
vt 0.111221 0.689311
vt 0.118202 0.692677
vt 0.111159 0.689427
vt 0.118079 0.692790
vt 0.111098 0.689544
vt 0.117955 0.692903
vt 0.111036 0.689661
vt 0.117830 0.693018
vt 0.110974 0.689778
vt 0.117703 0.693134
vt 0.110912 0.689895
vt 0.117575 0.693250
vt 0.110850 0.690011
vt 0.117444 0.693370
vt 0.110788 0.690128
vt 0.117313 0.693490
vt 0.110726 0.690245
vt 0.117182 0.693610
vt 0.110664 0.690361
vt 0.117051 0.693730
vt 0.110602 0.690478
vt 0.116920 0.693850
vt 0.110540 0.690595
vt 0.116789 0.693969
vt 0.110478 0.690712
vt 0.116658 0.694089
vt 0.110416 0.690829
vt 0.116526 0.694209
vt 0.110356 0.690941
vt 0.116395 0.694329
vt 0.110301 0.691046
vt 0.116264 0.694449
vt 0.116133 0.694569
vt 0.110229 0.691180
vt 0.115975 0.694714
vt 0.109989 0.692629
vt 0.102229 0.691763
vt 0.102727 0.690857
vt 0.109850 0.693668
vt 0.102356 0.692563
vt 0.109437 0.695680
vt 0.102994 0.694746
vt 0.115642 0.695018
vt 0.115440 0.695203
vt 0.115273 0.695355
vt 0.108081 0.706768
vt 0.099099 0.713620
vt 0.100825 0.702352
vt 0.103980 0.699325
vt 0.205817 0.000682
vt 0.210443 0.000710
vt 0.055221 0.625601
vt 0.546204 0.001121
vt 0.542599 0.013859
vt 0.532729 0.016270
vt 0.532729 0.001204
vt 0.716040 0.224352
vt 0.708826 0.237029
vt 0.729821 0.230426
vt 0.722649 0.242682
vt 0.727850 0.126980
vt 0.715140 0.124634
vt 0.717530 0.111034
vt 0.729307 0.114194
vt 0.705922 0.109702
vt 0.705651 0.099856
vt 0.718825 0.101562
vt 0.694894 0.246373
vt 0.684872 0.246367
vt 0.703270 0.121373
vt 0.692770 0.119838
vt 0.690664 0.136588
vt 0.685373 0.136209
vt 0.684541 0.120071
vt 0.688202 0.157643
vt 0.613394 0.405562
vt 0.618291 0.387065
vt 0.625493 0.388705
vt 0.620441 0.406748
vt 0.941682 0.021677
vt 0.941848 0.030353
vt 0.919508 0.028765
vt 0.920190 0.020012
vt 0.621798 0.370649
vt 0.627553 0.372962
vt 0.958654 0.019804
vt 0.958797 0.028297
vt 0.958992 0.040599
vt 0.942192 0.040494
vt 0.970690 0.018853
vt 0.969979 0.027538
vt 0.969019 0.041009
vt 0.968505 0.062551
vt 0.958843 0.061119
vt 0.979012 0.027496
vt 0.977777 0.041428
vt 0.977035 0.063537
vt 0.977255 0.093254
vt 0.968860 0.092469
vt 0.021235 0.325049
vt 0.021650 0.302941
vt 0.028802 0.303324
vt 0.026887 0.325913
vt 0.718516 0.197248
vt 0.725173 0.197222
vt 0.725173 0.223130
vt 0.719746 0.222716
vt 0.289264 0.628359
vt 0.290534 0.654417
vt 0.283816 0.655445
vt 0.283816 0.628106
vt 0.025089 0.355536
vt 0.035058 0.326709
vt 0.033515 0.356335
vt 0.031507 0.386044
vt 0.022964 0.386197
vt 0.029661 0.415662
vt 0.021514 0.415668
vt 0.040339 0.386011
vt 0.039360 0.415544
vt 0.037884 0.444663
vt 0.028299 0.444371
vt 0.054100 0.414861
vt 0.051547 0.444657
vt 0.048810 0.472361
vt 0.035787 0.472193
vt 0.026620 0.471801
vt 0.020029 0.471313
vt 0.020492 0.444069
vt 0.978627 0.182562
vt 0.978542 0.209809
vt 0.969924 0.209859
vt 0.969652 0.182716
vt 0.970093 0.153417
vt 0.979331 0.154156
vt 0.962955 0.183003
vt 0.963048 0.152851
vt 0.965924 0.121810
vt 0.974213 0.123578
vt 0.980843 0.124679
vt 0.953943 0.152569
vt 0.956211 0.121210
vt 0.958187 0.091402
vt 0.937671 0.121119
vt 0.941040 0.089828
vt 0.942544 0.059503
vt 0.919047 0.088888
vt 0.918124 0.058336
vt 0.918639 0.039003
vt 0.902142 0.058424
vt 0.902100 0.036240
vt 0.902851 0.022940
vt 0.892398 0.035203
vt 0.904041 0.014138
vt 0.892394 0.059034
vt 0.884129 0.059299
vt 0.884068 0.034671
vt 0.954297 0.299355
vt 0.954482 0.323973
vt 0.945036 0.324173
vt 0.945162 0.299363
vt 0.935822 0.324399
vt 0.935256 0.300442
vt 0.933150 0.286688
vt 0.920061 0.303668
vt 0.918036 0.290987
vt 0.917172 0.282034
vt 0.930253 0.277663
vt 0.921706 0.325190
vt 0.920956 0.355148
vt 0.897552 0.354786
vt 0.935610 0.355708
vt 0.935245 0.384175
vt 0.919718 0.384714
vt 0.944599 0.355795
vt 0.945741 0.384449
vt 0.947335 0.412925
vt 0.936036 0.413755
vt 0.953507 0.355261
vt 0.954212 0.384082
vt 0.955276 0.411968
vt 0.955003 0.444692
vt 0.886779 0.147400
vt 0.884705 0.119447
vt 0.893098 0.117265
vt 0.895115 0.147165
vt 0.897396 0.180514
vt 0.888766 0.180191
vt 0.013213 0.356422
vt 0.013311 0.328714
vt 0.020216 0.330370
vt 0.020918 0.356699
vt 0.020801 0.372404
vt 0.013213 0.376532
vt 0.902957 0.181145
vt 0.900853 0.148610
vt 0.913389 0.150008
vt 0.912362 0.182168
vt 0.909395 0.208089
vt 0.903522 0.200923
vt 0.933737 0.151814
vt 0.931006 0.183435
vt 0.928574 0.211051
vt 0.952815 0.183373
vt 0.951123 0.211046
vt 0.951025 0.226229
vt 0.011621 0.796908
vt 0.000914 0.797225
vt 0.001173 0.774742
vt 0.011475 0.774742
vt 0.962951 0.210293
vt 0.916704 0.119142
vt 0.902829 0.116354
vt 0.903376 0.089379
vt 0.891360 0.090032
vt 0.882982 0.090568
vt 0.918731 0.415076
vt 0.895974 0.384381
vt 0.875723 0.383128
vt 0.875717 0.355084
vt 0.037394 0.303774
vt 0.031427 0.289395
vt 0.040298 0.290220
vt 0.034501 0.280062
vt 0.043419 0.281495
vt 0.037752 0.273470
vt 0.047332 0.275463
vt 0.797097 0.448256
vt 0.796514 0.439423
vt 0.804171 0.441364
vt 0.804198 0.451776
vt 0.804146 0.460206
vt 0.796514 0.457181
vt 0.709604 0.187700
vt 0.700635 0.191035
vt 0.040727 0.268465
vt 0.028035 0.273404
vt 0.030792 0.267316
vt 0.690657 0.195239
vt 0.692568 0.187912
vt 0.204828 0.906447
vt 0.211509 0.907655
vt 0.209872 0.918087
vt 0.205002 0.918087
vt 0.683118 0.186130
vt 0.687821 0.182778
vt 0.971005 0.012238
vt 0.958379 0.013157
vt 0.624346 0.358913
vt 0.980621 0.011856
vt 0.980544 0.018477
vt 0.025240 0.280008
vt 0.022358 0.289011
vt 0.611480 0.386841
vt 0.924376 0.969800
vt 0.897651 0.954411
vt 0.923524 0.958259
vt 0.957163 0.959399
vt 0.923974 0.943762
vt 0.957335 0.943128
vt 0.899916 0.939002
vt 0.898436 0.922984
vt 0.884659 0.935705
vt 0.884124 0.922436
vt 0.884068 0.952185
vt 0.946354 0.862170
vt 0.959685 0.832067
vt 0.974823 0.800067
vt 0.975046 0.778336
vt 0.983822 0.776714
vt 0.264635 0.758501
vt 0.278840 0.761304
vt 0.278913 0.767010
vt 0.264663 0.764179
vt 0.990588 0.775265
vt 0.912206 0.512570
vt 0.919538 0.515917
vt 0.286728 0.080568
vt 0.281783 0.080500
vt 0.282659 0.068223
vt 0.287636 0.070682
vt 0.272154 0.093200
vt 0.273713 0.079145
vt 0.274692 0.068137
vt 0.014084 0.658468
vt 0.002410 0.660093
vt 0.004008 0.643719
vt 0.015204 0.644612
vt 0.260285 0.075968
vt 0.262641 0.067872
vt 0.025286 0.646784
vt 0.027909 0.631649
vt 0.245836 0.066287
vt 0.249034 0.058771
vt 0.029165 0.616687
vt 0.230749 0.063647
vt 0.234093 0.056269
vt 0.036765 0.618934
vt 0.031515 0.608673
vt 0.742080 0.281657
vt 0.752236 0.284400
vt 0.063744 0.892671
vt 0.072052 0.893647
vt 0.071913 0.906239
vt 0.063744 0.906466
vt 0.024504 0.597182
vt 0.258759 0.085745
vt 0.253690 0.097115
vt 0.266239 0.106316
vt 0.228876 0.091763
vt 0.406186 0.134683
vt 0.392830 0.132650
vt 0.379834 0.522654
vt 0.357401 0.531264
vt 0.356180 0.523636
vt 0.358569 0.537915
vt 0.244438 0.704254
vt 0.251021 0.702193
vt 0.452424 0.536149
vt 0.449133 0.536816
vt 0.352552 0.884551
vt 0.033150 0.237332
vt 0.736266 0.047522
vt 0.736237 0.036722
vt 0.743767 0.038522
vt 0.743767 0.048810
vt 0.038723 0.250929
vt 0.046878 0.260319
vt 0.038650 0.260173
vt 0.290165 0.481700
vt 0.298630 0.483449
vt 0.007406 0.560828
vt 0.019323 0.561092
vt 0.124106 0.396446
vt 0.132483 0.394452
vt 0.955276 0.490029
vt 0.353289 0.669407
vt 0.348365 0.671547
vt 0.179521 0.012908
vt 0.181293 0.018594
vt 0.098718 0.172388
vt 0.259390 0.762673
vt 0.608959 0.378554
vt 0.608959 0.383505
vt 0.608385 0.382227
vt 0.447655 0.169766
vt 0.444719 0.170036
vt 0.324068 0.911115
vt 0.317770 0.910749
vt 0.174320 0.563839
vt 0.171107 0.570934
vt 0.169777 0.561330
vt 0.058107 0.724636
vt 0.056904 0.729199
vt 0.049850 0.729404
vt 0.051822 0.724509
vt 0.043417 0.730436
vt 0.045358 0.724934
vt 0.054584 0.733606
vt 0.047728 0.734672
vt 0.041880 0.736099
vt 0.036739 0.737651
vt 0.037458 0.731762
vt 0.045971 0.740087
vt 0.040940 0.741864
vt 0.037141 0.743235
vt 0.306804 0.555983
vt 0.302322 0.557825
vt 0.302547 0.551502
vt 0.306804 0.550247
vt 0.310623 0.855000
vt 0.316511 0.855346
vt 0.316374 0.860742
vt 0.310657 0.860512
vt 0.160284 0.755680
vt 0.165869 0.756097
vt 0.164135 0.760889
vt 0.158246 0.760709
vt 0.171926 0.758304
vt 0.169934 0.763031
vt 0.156537 0.766376
vt 0.092206 0.763980
vt 0.093771 0.769246
vt 0.083933 0.759542
vt 0.090884 0.759667
vt 0.310623 0.866953
vt 0.316169 0.866894
vt 0.095295 0.774666
vt 0.088362 0.776307
vt 0.322834 0.859961
vt 0.322630 0.865586
vt 0.198608 0.735914
vt 0.204463 0.732826
vt 0.747467 0.133981
vt 0.746938 0.128352
vt 0.752979 0.126951
vt 0.752812 0.131566
vt 0.753920 0.135893
vt 0.750195 0.139456
vt 0.660093 0.000700
vt 0.659984 0.005039
vt 0.747468 0.123039
vt 0.752578 0.121733
vt 0.757713 0.120564
vt 0.757713 0.125743
vt 0.752858 0.117951
vt 0.757194 0.115316
vt 0.070813 0.721392
vt 0.076078 0.720643
vt 0.077390 0.724956
vt 0.072437 0.727638
vt 0.901818 0.767010
vt 0.897278 0.765963
vt 0.896590 0.758703
vt 0.901818 0.759961
vt 0.082850 0.722874
vt 0.748604 0.118626
vt 0.323074 0.854653
vt 0.316339 0.851086
vt 0.322730 0.850229
vt 0.044263 0.920081
vt 0.049818 0.919951
vt 0.041507 0.748416
vt 0.052299 0.738514
vt 0.058107 0.738307
vt 0.482820 0.236172
vt 0.486937 0.238023
vt 0.488097 0.244049
vt 0.482820 0.242076
vt 0.155773 0.772521
vt 0.039269 0.725906
vt 0.155320 0.778631
vt 0.149766 0.778631
vt 0.150755 0.773157
vt 0.308785 0.810937
vt 0.307982 0.804625
vt 0.310325 0.817157
vt 0.165092 0.559127
vt 0.097307 0.766869
vt 0.098550 0.758491
vt 0.539255 0.134960
vt 0.542278 0.136463
vt 0.543880 0.139648
vt 0.539255 0.141781
vt 0.141781 0.564624
vt 0.130061 0.562023
vt 0.689551 0.536907
vt 0.688029 0.525502
vt 0.264967 0.708749
vt 0.256391 0.711227
vt 0.688029 0.515357
vt 0.693743 0.509346
vt 0.264967 0.690610
vt 0.254092 0.683795
vt 0.836738 0.364977
vt 0.836738 0.377172
vt 0.830178 0.383505
vt 0.829641 0.369994
vt 0.000776 0.869718
vt 0.000776 0.880899
vt 0.184342 0.904136
vt 0.180823 0.895815
vt 0.192915 0.898247
vt 0.191383 0.904142
vt 0.761266 0.015188
vt 0.762459 0.008834
vt 0.766647 0.007973
vt 0.019672 0.745239
vt 0.023243 0.745175
vt 0.006193 0.745288
vt 0.016455 0.763961
vt 0.822792 0.459730
vt 0.822792 0.478800
vt 0.276346 0.836181
vt 0.285629 0.847249
vt 0.216217 0.831130
vt 0.216766 0.825623
vt 0.218949 0.141319
vt 0.208802 0.840111
vt 0.193593 0.815123
vt 0.209037 0.820954
vt 0.097135 0.943418
vt 0.093896 0.930469
vt 0.091281 0.944384
vt 0.088930 0.930718
vt 0.012578 0.405601
vt 0.018594 0.407086
vt 0.017296 0.415826
vt 0.012578 0.416045
vt 0.689056 0.049155
vt 0.688470 0.035363
vt 0.696041 0.035173
vt 0.696825 0.049564
vt 0.697477 0.060522
vt 0.704708 0.049638
vt 0.705514 0.060037
vt 0.705633 0.068510
vt 0.697579 0.069473
vt 0.705438 0.074058
vt 0.698001 0.073780
vt 0.031220 0.623385
vt 0.036487 0.623502
vt 0.037188 0.629878
vt 0.031220 0.628845
vt 0.291774 0.025001
vt 0.293491 0.032359
vt 0.284509 0.032315
vt 0.282565 0.025300
vt 0.280789 0.019081
vt 0.288847 0.018895
vt 0.273144 0.024618
vt 0.270377 0.019073
vt 0.834414 0.020918
vt 0.824009 0.020795
vt 0.817186 0.389512
vt 0.825117 0.382902
vt 0.261742 0.023169
vt 0.259524 0.015132
vt 0.813495 0.409072
vt 0.803871 0.402607
vt 0.808180 0.389206
vt 0.813495 0.389930
vt 0.246459 0.023159
vt 0.244187 0.016223
vt 0.019116 0.743767
vt 0.032200 0.740603
vt 0.263636 0.031902
vt 0.248877 0.031321
vt 0.237661 0.032492
vt 0.250351 0.038380
vt 0.238722 0.039829
vt 0.231610 0.041433
vt 0.239947 0.045865
vt 0.232500 0.048859
vt 0.436629 0.393206
vt 0.436749 0.401433
vt 0.427737 0.388721
vt 0.436963 0.386964
vt 0.436963 0.411311
vt 0.430762 0.412417
vt 0.251254 0.044580
vt 0.430258 0.425342
vt 0.423409 0.425011
vt 0.424149 0.413174
vt 0.752864 0.040490
vt 0.757713 0.039661
vt 0.757615 0.053708
vt 0.751829 0.055264
vt 0.757713 0.065080
vt 0.751145 0.064705
vt 0.265414 0.045988
vt 0.264561 0.039415
vt 0.276516 0.039915
vt 0.276742 0.045314
vt 0.275211 0.032485
vt 0.335592 0.571650
vt 0.335592 0.558063
vt 0.343210 0.558232
vt 0.343372 0.569717
vt 0.350625 0.557625
vt 0.350965 0.567449
vt 0.161561 0.706697
vt 0.162047 0.716523
vt 0.153096 0.717919
vt 0.162176 0.696365
vt 0.343992 0.852734
vt 0.337678 0.855332
vt 0.713552 0.059037
vt 0.712510 0.049454
vt 0.719697 0.048513
vt 0.720367 0.058305
vt 0.076691 0.931359
vt 0.069170 0.932033
vt 0.069170 0.924244
vt 0.076701 0.923437
vt 0.711642 0.034775
vt 0.718636 0.034633
vt 0.703913 0.034925
vt 0.703744 0.023341
vt 0.711770 0.023295
vt 0.695581 0.023760
vt 0.695148 0.015364
vt 0.703576 0.014875
vt 0.688121 0.024166
vt 0.687799 0.015766
vt 0.094353 0.963819
vt 0.093165 0.955479
vt 0.703295 0.007341
vt 0.712325 0.015073
vt 0.719515 0.016104
vt 0.718663 0.023469
vt 0.217742 0.712224
vt 0.217287 0.719588
vt 0.210993 0.711161
vt 0.211974 0.700176
vt 0.218482 0.701043
vt 0.292296 0.743767
vt 0.294896 0.737966
vt 0.534583 0.228752
vt 0.529202 0.228427
vt 0.212669 0.686604
vt 0.217856 0.686880
vt 0.529671 0.239381
vt 0.702732 0.002009
vt 0.512156 0.319575
vt 0.511492 0.312910
vt 0.510631 0.303514
vt 0.518137 0.303657
vt 0.501732 0.302548
vt 0.501247 0.289564
vt 0.510090 0.290413
vt 0.495305 0.301117
vt 0.495542 0.288570
vt 0.075177 0.977888
vt 0.510950 0.273733
vt 0.518568 0.274542
vt 0.517417 0.290820
vt 0.502064 0.273220
vt 0.503449 0.261991
vt 0.512384 0.262396
vt 0.496320 0.273086
vt 0.496692 0.262536
vt 0.514220 0.253215
vt 0.520089 0.263391
vt 0.526989 0.264895
vt 0.526125 0.275671
vt 0.346317 0.685134
vt 0.345377 0.695897
vt 0.339244 0.684435
vt 0.340014 0.670249
vt 0.346257 0.669915
vt 0.524885 0.290818
vt 0.046485 0.642522
vt 0.046134 0.632256
vt 0.524896 0.303247
vt 0.038565 0.624528
vt 0.044789 0.622594
vt 0.039087 0.655999
vt 0.038671 0.664742
vt 0.031185 0.664042
vt 0.031998 0.655657
vt 0.724653 0.253991
vt 0.724653 0.244107
vt 0.734470 0.245752
vt 0.733445 0.255786
vt 0.525285 0.414640
vt 0.515421 0.407691
vt 0.522234 0.405299
vt 0.278632 0.707582
vt 0.281606 0.716108
vt 0.700954 0.932033
vt 0.700954 0.923861
vt 0.708215 0.925569
vt 0.708903 0.930758
vt 0.518002 0.395976
vt 0.507358 0.408916
vt 0.348641 0.714708
vt 0.347907 0.723356
vt 0.067404 0.136288
vt 0.515890 0.247142
vt 0.520667 0.132248
vt 0.518925 0.139923
vt 0.517122 0.150273
vt 0.508622 0.150303
vt 0.525716 0.150316
vt 0.523662 0.165462
vt 0.515663 0.165736
vt 0.534104 0.150715
vt 0.531757 0.165531
vt 0.529361 0.181616
vt 0.521936 0.181462
vt 0.539231 0.151797
vt 0.538560 0.165717
vt 0.535825 0.181987
vt 0.019052 0.931964
vt 0.019848 0.948324
vt 0.013575 0.948491
vt 0.014423 0.932749
vt 0.081349 0.146429
vt 0.076567 0.145408
vt 0.077054 0.136868
vt 0.081349 0.136604
vt 0.007819 0.933469
vt 0.007986 0.923276
vt 0.013483 0.921846
vt 0.012427 0.912840
vt 0.002374 0.934111
vt 0.002730 0.924694
vt 0.827441 0.411175
vt 0.826201 0.419071
vt 0.813640 0.411175
vt 0.153402 0.770133
vt 0.001197 0.946779
vt 0.020007 0.962301
vt 0.067404 0.929709
vt 0.061244 0.929709
vt 0.061497 0.920589
vt 0.066833 0.920508
vt 0.520866 0.190773
vt 0.514357 0.181712
vt 0.507259 0.181877
vt 0.507786 0.166298
vt 0.534139 0.289516
vt 0.534583 0.303294
vt 0.528361 0.304480
vt 0.527078 0.290143
vt 0.528228 0.274393
vt 0.534583 0.275042
vt 0.919931 0.767010
vt 0.919391 0.757064
vt 0.927384 0.757064
vt 0.926278 0.766396
vt 0.520458 0.197771
vt 0.503020 0.149786
vt 0.029618 0.873847
vt 0.024541 0.873545
vt 0.018926 0.873212
vt 0.017723 0.771658
vt 0.009163 0.771658
vt 0.786880 0.014664
vt 0.783001 0.007802
vt 0.294030 0.105228
vt 0.299831 0.104863
vt 0.299831 0.116214
vt 0.294210 0.114939
vt 0.162699 0.906239
vt 0.162699 0.918087
vt 0.155627 0.912488
vt 0.159027 0.907234
vt 0.517640 0.389342
vt 0.507447 0.376174
vt 0.516021 0.382003
vt 0.039114 0.620581
vt 0.042222 0.614012
vt 0.044161 0.613984
vt 0.044161 0.620255
vt 0.324144 0.672731
vt 0.324986 0.672273
vt 0.331125 0.671408
vt 0.331353 0.671189
vt 0.155385 0.691322
vt 0.146302 0.693195
vt 0.340787 0.730764
vt 0.346364 0.732219
vt 0.162699 0.690143
vt 0.018550 0.294581
vt 0.016835 0.296701
vt 0.015287 0.295057
vt 0.018594 0.293783
vt 0.009297 0.532257
vt 0.008050 0.532258
vt 0.006436 0.529056
vt 0.009297 0.527246
vt 0.683569 0.202212
vt 0.685483 0.197236
vt 0.687630 0.195784
vt 0.687985 0.202212
vt 0.632202 0.008990
vt 0.626483 0.009297
vt 0.627090 0.003075
vt 0.632202 0.002480
vt 0.012569 0.903252
vt 0.181293 0.564182
vt 0.132062 0.619727
vt 0.129386 0.621755
vt 0.122916 0.623229
vt 0.346348 0.847269
vt 0.347300 0.842281
vt 0.348641 0.836557
vt 0.348641 0.850684
vt 0.502348 0.012151
vt 0.504232 0.013030
vt 0.504367 0.015296
vt 0.502348 0.016270
vt 0.158281 0.195239
vt 0.158423 0.193184
vt 0.160375 0.191555
vt 0.160375 0.194384
vt 0.115520 0.623879
vt 0.115900 0.630367
vt 0.074354 0.094164
vt 0.074377 0.097619
vt 0.073305 0.095396
vt 0.074377 0.093782
vt 0.011323 0.067448
vt 0.011621 0.065559
vt 0.011621 0.072053
vt 0.074927 0.759091
vt 0.913439 0.259016
vt 0.912644 0.264967
vt 0.905129 0.264032
vt 0.905530 0.259718
vt 0.905129 0.251952
vt 0.912645 0.252213
vt 0.075075 0.753228
vt 0.083222 0.754000
vt 0.315348 0.798859
vt 0.323074 0.801272
vt 0.307324 0.798859
vt 0.109241 0.774036
vt 0.099485 0.773765
vt 0.343992 0.745094
vt 0.342696 0.753064
vt 0.327051 0.739043
vt 0.334239 0.737797
vt 0.108147 0.735894
vt 0.109241 0.743381
vt 0.100501 0.736628
vt 0.327051 0.730813
vt 0.334110 0.730770
vt 0.109241 0.751075
vt 0.327861 0.722874
vt 0.335639 0.724246
vt 0.108960 0.757713
vt 0.102543 0.755889
vt 0.020410 0.891892
vt 0.027891 0.893497
vt 0.026983 0.899586
vt 0.017269 0.897473
vt 0.257994 0.053415
vt 0.251645 0.055783
vt 0.251645 0.046798
vt 0.257085 0.047302
vt 0.027891 0.906466
vt 0.017913 0.905909
vt 0.913439 0.268131
vt 0.913439 0.276588
vt 0.905081 0.275358
vt 0.904605 0.266176
vt 0.764686 0.518589
vt 0.756963 0.515075
vt 0.751059 0.189558
vt 0.756665 0.197265
vt 0.750669 0.201381
vt 0.746027 0.194979
vt 0.275740 0.917058
vt 0.268110 0.918087
vt 0.268110 0.908592
vt 0.276588 0.906621
vt 0.757713 0.206570
vt 0.751936 0.208775
vt 0.234196 0.738436
vt 0.234006 0.733169
vt 0.236891 0.743767
vt 0.234413 0.725319
vt 0.241148 0.725657
vt 0.234488 0.716821
vt 0.243014 0.716514
vt 0.747922 0.272913
vt 0.749845 0.263665
vt 0.757713 0.261841
vt 0.754672 0.272948
vt 0.757713 0.283561
vt 0.749330 0.280593
vt 0.092320 0.736489
vt 0.091597 0.729374
vt 0.099134 0.729298
vt 0.825117 0.372393
vt 0.086381 0.744859
vt 0.086163 0.736121
vt 0.417266 0.168471
vt 0.418369 0.171365
vt 0.417266 0.176645
vt 0.417353 0.176469
vt 0.816248 0.011637
vt 0.818144 0.019321
vt 0.816248 0.020918
vt 0.817074 0.012921
vt 0.001550 0.491959
vt 0.001776 0.492750
vt 0.002324 0.494337
vt 0.001550 0.499719
vt 0.001614 0.499553
vt 0.418369 0.225571
vt 0.418369 0.232427
vt 0.418150 0.232311
vt 0.417547 0.227365
vt 0.536327 0.190255
vt 0.536907 0.192266
vt 0.536327 0.197563
vt 0.536383 0.197394
vt 0.165023 0.186568
vt 0.165023 0.192915
vt 0.164868 0.192813
vt 0.164306 0.187921
vt 0.001882 0.214368
vt 0.002153 0.215276
vt 0.002324 0.215827
vt 0.001882 0.220806
vt 0.001928 0.220634
vt 0.374208 0.001469
vt 0.374208 0.006973
vt 0.374065 0.006854
vt 0.373762 0.002109
vt 0.029399 0.645440
vt 0.030216 0.646934
vt 0.029399 0.650796
vt 0.029659 0.650483
vt 0.034864 0.161857
vt 0.034864 0.167348
vt 0.034722 0.167162
vt 0.034637 0.162398
vt 0.039416 0.023194
vt 0.046206 0.020878
vt 0.051134 0.022307
vt 0.048479 0.029325
vt 0.460206 0.427666
vt 0.454329 0.426571
vt 0.454081 0.419789
vt 0.460206 0.421571
vt 0.811084 0.377543
vt 0.609475 0.391368
vt 0.611393 0.396857
vt 0.238897 0.760037
vt 0.234896 0.759062
vt 0.764686 0.267484
vt 0.764686 0.274437
vt 0.759364 0.276588
vt 0.760055 0.268751
vt 0.413866 0.297000
vt 0.416045 0.295505
vt 0.416045 0.298483
vt 0.413894 0.299831
vt 0.681564 0.003944
vt 0.677720 0.003691
vt 0.683336 0.000674
vt 0.683336 0.011621
vt 0.879782 0.029387
vt 0.877693 0.028714
vt 0.879891 0.029802
vt 0.877679 0.029069
vt 0.073936 0.074643
vt 0.074377 0.073498
vt 0.074377 0.076701
vt 0.074170 0.076666
vt 0.023243 0.250278
vt 0.023243 0.253346
vt 0.021229 0.250811
vt 0.061887 0.024415
vt 0.062755 0.025710
vt 0.062269 0.027891
vt 0.061887 0.027449
vt 0.213833 0.222057
vt 0.213833 0.225454
vt 0.213576 0.225326
vt 0.213152 0.223117
vt 0.052712 0.033415
vt 0.053458 0.034929
vt 0.052837 0.037046
vt 0.052712 0.037188
vt 0.471020 0.272603
vt 0.471827 0.273895
vt 0.471052 0.276588
vt 0.471020 0.276272
vt 0.471058 0.272658
vt 0.037110 0.014682
vt 0.037188 0.017989
vt 0.036822 0.018594
vt 0.036822 0.015786
vt 0.134808 0.428354
vt 0.134808 0.432315
vt 0.133920 0.431153
vt 0.134387 0.428240
vt 0.729592 0.527914
vt 0.727883 0.532316
vt 0.012465 0.662518
vt 0.013946 0.677334
vt 0.001486 0.681012
vt 0.002862 0.662518
vt 0.360212 0.100079
vt 0.097619 0.144105
vt 0.743767 0.278913
vt 0.736900 0.277701
vt 0.736900 0.264327
vt 0.743479 0.265300
vt 0.836548 0.462530
vt 0.841386 0.457554
vt 0.841128 0.462084
vt 0.796241 0.409072
vt 0.790343 0.408244
vt 0.061739 0.761506
vt 0.797959 0.520171
vt 0.630120 0.161967
vt 0.139174 0.775091
vt 0.144105 0.773803
vt 0.144105 0.783280
vt 0.138288 0.779484
vt 0.880899 0.073086
vt 0.880643 0.081346
vt 0.877255 0.081349
vt 0.877255 0.072347
vt 0.877272 0.056432
vt 0.877604 0.048063
vt 0.880899 0.049227
vt 0.880899 0.058107
vt 0.745136 0.213833
vt 0.745136 0.204710
vt 0.348000 0.769334
vt 0.355511 0.766417
vt 0.291829 0.376532
vt 0.291829 0.366330
vt 0.296299 0.363999
vt 0.297507 0.373294
vt 0.181815 0.889692
vt 0.191224 0.889692
vt 0.009289 0.828180
vt 0.001159 0.823366
vt 0.551372 0.016270
vt 0.551372 0.011157
vt 0.292858 0.802591
vt 0.291407 0.811202
vt 0.292351 0.811107
vt 0.292858 0.819450
vt 0.751648 0.513792
vt 0.745894 0.515358
vt 0.764686 0.530665
vt 0.759947 0.534583
vt 0.311320 0.573493
vt 0.316047 0.569576
vt 0.325398 0.735744
vt 0.318488 0.736807
vt 0.537392 0.313480
vt 0.539231 0.319882
vt 0.535792 0.320750
vt 0.531804 0.312417
vt 0.533078 0.305411
vt 0.539231 0.308874
vt 0.905207 0.758286
vt 0.913439 0.756653
vt 0.911048 0.767931
vt 0.905207 0.769334
vt 0.046485 0.686147
vt 0.045139 0.688949
vt 0.046485 0.692633
vt 0.043205 0.690972
vt 0.829103 0.032540
vt 0.827089 0.027265
vt 0.348868 0.596192
vt 0.349822 0.592854
vt 0.350965 0.591500
vt 0.350965 0.597338
vt 0.220806 0.000929
vt 0.220132 0.004406
vt 0.217716 0.004649
vt 0.217716 0.002343
vt 0.241724 0.055782
vt 0.236217 0.054018
vt 0.236217 0.049641
vt 0.241202 0.050150
vt 0.038089 0.597338
vt 0.037972 0.591789
vt 0.041837 0.591789
vt 0.040341 0.596707
vt 0.065326 0.992332
vt 0.255670 0.273708
vt 0.255120 0.276211
vt 0.252819 0.276588
vt 0.252819 0.272978
vt 0.436613 0.230733
vt 0.434092 0.232427
vt 0.434092 0.228831
vt 0.436963 0.227940
vt 0.194395 0.918950
vt 0.202212 0.916307
vt 0.202212 0.925060
vt 0.196086 0.923249
vt 0.088322 0.116214
vt 0.087369 0.115835
vt 0.082966 0.112050
vt 0.088322 0.101466
vt 0.309635 0.824546
vt 0.309252 0.822989
vt 0.307159 0.821753
vt 0.306558 0.821743
vt 0.308246 0.823886
vt 0.307611 0.822772
vt 0.071691 0.256233
vt 0.072052 0.257330
vt 0.071073 0.256746
vt 0.071049 0.256249
vt 0.015615 0.302125
vt 0.015643 0.304407
vt 0.015346 0.304220
vt 0.015103 0.302205
vt 0.071977 0.257980
vt 0.071077 0.257103
vt 0.015983 0.302074
vt 0.015962 0.304480
vt 0.016270 0.302042
vt 0.016105 0.304244
vt 0.041398 0.092971
vt 0.041249 0.092960
vt 0.041249 0.090726
vt 0.041718 0.090756
vt 0.041837 0.091005
vt 0.041444 0.092940
vt 0.266977 0.274078
vt 0.265849 0.273270
vt 0.265744 0.273030
vt 0.267291 0.272475
vt 0.267291 0.274264
vt 0.036359 0.049558
vt 0.036639 0.049283
vt 0.037188 0.050038
vt 0.036359 0.051134
vt 0.045551 0.057010
vt 0.045782 0.056995
vt 0.045473 0.059141
vt 0.045383 0.058434
vt 0.039513 0.139022
vt 0.039513 0.141781
vt 0.038649 0.141081
vt 0.038848 0.139111
vt 0.046485 0.058851
vt 0.045383 0.060431
vt 0.502806 0.152625
vt 0.505709 0.152752
vt 0.505481 0.153864
vt 0.502806 0.158050
vt 0.307608 0.823363
vt 0.307773 0.825128
vt 0.130159 0.036385
vt 0.130159 0.039513
vt 0.130090 0.038655
vt 0.129933 0.037877
vt 0.307007 0.826610
vt 0.513592 0.124833
vt 0.513591 0.122551
vt 0.517123 0.123657
vt 0.515431 0.127119
vt 0.349430 0.615478
vt 0.350965 0.615478
vt 0.350905 0.620406
vt 0.350783 0.620581
vt 0.132463 0.021902
vt 0.132483 0.023243
vt 0.132405 0.023212
vt 0.132483 0.021889
vt 0.001852 0.267052
vt 0.001747 0.267002
vt 0.002324 0.265657
vt 0.018442 0.251021
vt 0.018315 0.249464
vt 0.018371 0.249416
vt 0.018594 0.250624
vt 0.018487 0.250863
vt 0.102268 0.085998
vt 0.101864 0.085998
vt 0.101973 0.084482
vt 0.101871 0.084473
vt 0.018427 0.249367
vt 0.018483 0.249318
vt 0.162699 0.190590
vt 0.162609 0.190430
vt 0.162692 0.189308
vt 0.162699 0.189319
vt 0.018538 0.249270
vt 0.018594 0.249221
vt 0.102268 0.072052
vt 0.102198 0.071801
vt 0.102132 0.070572
vt 0.102177 0.070500
vt 0.083590 0.141781
vt 0.083590 0.140082
vt 0.083641 0.140028
vt 0.083674 0.141613
vt 0.102223 0.070428
vt 0.102268 0.070356
vt 0.034773 0.183617
vt 0.034764 0.181647
vt 0.034825 0.181610
vt 0.034864 0.183351
vt 0.023243 0.260319
vt 0.023183 0.260163
vt 0.023146 0.259986
vt 0.023200 0.258393
vt 0.023243 0.258323
vt 0.074261 0.085998
vt 0.074261 0.083409
vt 0.074277 0.083342
vt 0.074351 0.083218
vt 0.074377 0.085735
vt 0.074290 0.085928
vt 0.218482 0.102268
vt 0.218398 0.102069
vt 0.218482 0.099417
vt 0.074249 0.051134
vt 0.074311 0.048239
vt 0.074249 0.048179
vt 0.074377 0.050884
vt 0.187266 0.011277
vt 0.187266 0.008757
vt 0.187316 0.008519
vt 0.188266 0.010575
vt 0.162699 0.467179
vt 0.160436 0.464701
vt 0.160413 0.464089
vt 0.162477 0.464273
vt 0.034864 0.176645
vt 0.033990 0.175627
vt 0.034864 0.173563
vt 0.034633 0.173316
vt 0.162309 0.463423
vt 0.160396 0.463608
vt 0.160381 0.463217
vt 0.162345 0.463008
vt 0.099879 0.199605
vt 0.099471 0.197302
vt 0.099944 0.197118
vt 0.099944 0.199887
vt 0.099616 0.199307
vt 0.099188 0.197385
vt 0.418363 0.220696
vt 0.417470 0.215585
vt 0.418369 0.213676
vt 0.418369 0.220806
vt 0.071754 0.257994
vt 0.071049 0.257381
vt 0.015120 0.304243
vt 0.014443 0.303377
vt 0.014162 0.302959
vt 0.304480 0.403418
vt 0.303305 0.409072
vt 0.303305 0.400826
vt 0.114368 0.720524
vt 0.108244 0.719772
vt 0.290450 0.133493
vt 0.709714 0.092513
vt 0.717361 0.092971
vt 0.159723 0.560697
vt 0.023412 0.929709
vt 0.025135 0.920934
vt 0.029227 0.921450
vt 0.030216 0.929709
vt 0.300407 0.925060
vt 0.301281 0.915979
vt 0.306654 0.915979
vt 0.306804 0.923396
vt 0.471717 0.004834
vt 0.481124 0.001647
vt 0.477458 0.013849
vt 0.471717 0.013946
vt 0.736039 0.515807
vt 0.743767 0.515807
vt 0.743246 0.522788
vt 0.738547 0.525285
vt 0.902598 0.886054
vt 0.906289 0.888353
vt 0.908790 0.894845
vt 0.902598 0.893927
vt 0.812909 0.929709
vt 0.812909 0.921420
vt 0.816402 0.920975
vt 0.818144 0.925742
vt 0.790343 0.388158
vt 0.798882 0.388322
vt 0.051212 0.904142
vt 0.052512 0.890779
vt 0.059594 0.890372
vt 0.060431 0.904142
vt 0.008056 0.521934
vt 0.004739 0.525286
vt 0.899936 0.251273
vt 0.901818 0.256238
vt 0.701064 0.075852
vt 0.609254 0.363377
vt 0.348641 0.743767
vt 0.341004 0.738487
vt 0.892521 0.267291
vt 0.886649 0.260640
vt 0.883763 0.253295
vt 0.892521 0.252548
vt 0.872369 0.445971
vt 0.873926 0.450604
vt 0.873567 0.454165
vt 0.872369 0.455557
vt 0.855752 0.016220
vt 0.856350 0.002342
vt 0.859981 0.001740
vt 0.859981 0.018594
vt 0.760037 0.177404
vt 0.051134 0.018594
vt 0.050695 0.018373
vt 0.051134 0.013718
vt 0.214852 0.006628
vt 0.028325 0.865629
vt 0.607940 0.371664
vt 0.611283 0.371119
vt 0.611283 0.376532
vt 0.216540 0.148753
vt 0.216540 0.141205
vt 0.218482 0.144428
vt 0.608343 0.360363
vt 0.102268 0.037188
vt 0.100193 0.032032
vt 0.102268 0.025533
vt 0.853008 0.404423
vt 0.851593 0.394465
vt 0.851777 0.394381
vt 0.853008 0.394071
vt 0.016270 0.490421
vt 0.012998 0.484592
vt 0.015508 0.481316
vt 0.016270 0.477882
vt 0.091775 0.116214
vt 0.091775 0.113034
vt 0.092971 0.114791
vt 0.230962 0.111643
vt 0.234751 0.114953
vt 0.230962 0.116214
vt 0.090647 0.067491
vt 0.089789 0.092971
vt 0.089789 0.067274
vt 0.028488 0.215688
vt 0.032540 0.211036
vt 0.032540 0.220806
vt 0.031201 0.216578
vt 0.720524 0.515070
vt 0.713117 0.512348
vt 0.000622 0.754652
vt 0.853008 0.023243
vt 0.852483 0.016699
vt 0.853008 0.012095
vt 0.434639 0.414322
vt 0.432709 0.420693
vt 0.432709 0.413985
vt 0.001150 0.198480
vt 0.002324 0.199924
vt 0.001150 0.204536
vt 0.205110 0.855943
vt 0.420219 0.001210
vt 0.032540 0.669149
vt 0.029467 0.676363
vt 0.029467 0.665452
vt 0.015549 0.453524
vt 0.016270 0.454880
vt 0.015549 0.460206
vt 0.002324 0.176645
vt 0.001466 0.172967
vt 0.002324 0.166796
vt 0.416045 0.268636
vt 0.413834 0.269616
vt 0.413834 0.265505
vt 0.287450 0.441710
vt 0.288210 0.445301
vt 0.287450 0.448585
vt 0.274264 0.719958
vt 0.155080 0.906466
vt 0.563506 0.001959
vt 0.573178 0.001959
vt 0.191035 0.739033
vt 0.197563 0.742843
vt 0.191035 0.748416
vt 0.002324 0.309128
vt 0.001890 0.303624
vt 0.002324 0.298534
vt 0.318822 0.739464
vt 0.311908 0.743767
vt 0.045076 0.039852
vt 0.035687 0.048810
vt 0.627553 0.406748
vt 0.623321 0.402761
vt 0.627553 0.395906
vt 0.102268 0.145553
vt 0.102268 0.148753
vt 0.099877 0.145656
vt 0.472720 0.419071
vt 0.474151 0.421460
vt 0.472720 0.423018
vt 0.102268 0.077340
vt 0.102268 0.079025
vt 0.102159 0.077468
vt 0.099944 0.005778
vt 0.099563 0.006973
vt 0.099563 0.005051
vt 0.540662 0.217290
vt 0.541555 0.223130
vt 0.536247 0.223130
vt 0.419559 0.157166
vt 0.420693 0.163650
vt 0.419559 0.165023
vt 0.183468 0.015321
vt 0.184018 0.011248
vt 0.188266 0.013256
vt 0.188266 0.020918
vt 0.876251 0.181293
vt 0.874920 0.175212
vt 0.876251 0.172681
vt 0.627553 0.411396
vt 0.622741 0.411396
vt 0.623330 0.406049
vt 0.130159 0.021541
vt 0.130159 0.027891
vt 0.126819 0.025165
vt 0.120011 0.387275
vt 0.120862 0.391454
vt 0.120011 0.395126
vt 0.197549 0.682521
vt 0.202212 0.682521
vt 0.201035 0.687984
vt 0.176135 0.023996
vt 0.176645 0.025225
vt 0.176135 0.025567
vt 0.004243 0.219972
vt 0.004649 0.221275
vt 0.004243 0.225454
vt 0.338569 0.783772
vt 0.339344 0.789597
vt 0.338569 0.794901
vt 0.185152 0.399981
vt 0.185942 0.402417
vt 0.185152 0.404423
vt 0.099944 0.211847
vt 0.099683 0.213833
vt 0.099683 0.210796
vt 0.085998 0.041000
vt 0.085898 0.041837
vt 0.085898 0.039785
vt 0.350965 0.632202
vt 0.350171 0.627943
vt 0.350965 0.626295
vt 0.388153 0.004649
vt 0.386247 0.002937
vt 0.388153 0.000664
vt 0.098008 0.008599
vt 0.099944 0.010896
vt 0.098008 0.013946
vt 0.295519 0.001054
vt 0.299831 0.002195
vt 0.299831 0.006973
vt 0.296200 0.005133
vt 0.746370 0.009493
vt 0.752557 0.006778
vt 0.746378 0.007303
vt 0.753064 0.002818
vt 0.752222 0.004069
vt 0.243339 0.048444
vt 0.244131 0.048708
vt 0.244494 0.054865
vt 0.246373 0.048864
vt 0.246373 0.055783
vt 0.304755 0.822293
vt 0.304849 0.822508
vt 0.304736 0.822842
vt 0.304763 0.823172
vt 0.103965 0.049992
vt 0.104534 0.051017
vt 0.104592 0.052131
vt 0.104439 0.052531
vt 0.103965 0.053458
vt 0.029444 0.853008
vt 0.029444 0.835721
vt 0.037188 0.848768
vt 0.167923 0.187460
vt 0.011621 0.592689
vt 0.007897 0.588812
vt 0.011621 0.586208
vt 0.513591 0.129451
vt 0.518313 0.130159
vt 0.183042 0.192839
vt 0.184261 0.203813
vt 0.131494 0.916083
vt 0.134528 0.908871
vt 0.137132 0.909028
vt 0.137132 0.920412
vt 0.309054 0.826702
vt 0.308441 0.828663
vt 0.307884 0.827757
vt 0.304199 0.832015
vt 0.610749 0.404010
vt 0.613608 0.409072
vt 0.609859 0.409072
vt 0.506300 0.154040
vt 0.016432 0.864629
vt 0.016432 0.848006
vt 0.027891 0.856364
vt 0.136666 0.187721
vt 0.503876 0.381805
vt 0.280562 0.653933
vt 0.276007 0.655803
vt 0.748209 0.053458
vt 0.745960 0.039225
vt 0.745960 0.031894
vt 0.750740 0.033965
vt 0.288922 0.617348
vt 0.292858 0.617348
vt 0.291290 0.622905
vt 0.180471 0.381170
vt 0.181765 0.372883
vt 0.180471 0.368768
vt 0.183618 0.381181
vt 0.204446 0.770405
vt 0.448602 0.161960
vt 0.451975 0.161391
vt 0.009297 0.036446
vt 0.009111 0.037188
vt 0.009111 0.035159
vt 0.290700 0.093268
vt 0.290816 0.092876
vt 0.290978 0.092835
vt 0.119014 0.402701
vt 0.120862 0.398528
vt 0.002119 0.249226
vt 0.002324 0.248682
vt 0.290488 0.580115
vt 0.298436 0.580924
vt 0.280605 0.579494
vt 0.291726 0.605639
vt 0.034864 0.726437
vt 0.033514 0.709053
vt 0.019116 0.705897
vt 0.793317 0.195595
vt 0.805280 0.184948
vt 0.797473 0.178104
vt 0.838494 0.197356
vt 0.824647 0.199801
vt 0.102268 0.113798
vt 0.102111 0.113889
vt 0.102111 0.113208
vt 0.102171 0.111921
vt 0.230103 0.074377
vt 0.229066 0.073823
vt 0.460206 0.265521
vt 0.459179 0.267623
vt 0.458888 0.267073
vt 0.458926 0.266786
vt 0.460206 0.269616
vt 0.459886 0.269328
vt 0.427363 0.269853
vt 0.428649 0.262618
vt 0.432315 0.259525
vt 0.432315 0.271940
vt 0.720008 0.246237
vt 0.722849 0.252775
vt 0.720008 0.269616
vt 0.215263 0.857682
vt 0.793401 0.419365
vt 0.794901 0.434057
vt 0.793401 0.436963
vt 0.702505 0.270349
vt 0.702448 0.270407
vt 0.701799 0.270458
vt 0.701822 0.270389
vt 0.794137 0.015078
vt 0.795581 0.017823
vt 0.793954 0.015718
vt 0.002160 0.267168
vt 0.002324 0.267291
vt 0.162699 0.462872
vt 0.060431 0.146074
vt 0.059999 0.146254
vt 0.059810 0.146334
vt 0.059626 0.146429
vt 0.059626 0.143511
vt 0.187362 0.011434
vt 0.187432 0.011621
vt 0.067404 0.260494
vt 0.065578 0.262166
vt 0.064632 0.262643
vt 0.064632 0.256663
vt 0.013507 0.139456
vt 0.013507 0.138098
vt 0.013946 0.138589
vt 0.232427 0.278199
vt 0.227527 0.278913
vt 0.227530 0.274258
vt 0.232427 0.272685
vt 0.878575 0.539231
vt 0.875174 0.534865
vt 0.878575 0.530159
vt 0.011621 0.045292
vt 0.010821 0.051134
vt 0.010821 0.037048
vt 0.188266 0.438261
vt 0.185118 0.446260
vt 0.186857 0.440433
vt 0.185118 0.435892
vt 0.041164 0.016040
vt 0.047764 0.014792
vt 0.209901 0.899201
vt 0.207364 0.893399
vt 0.213833 0.890370
vt 0.213833 0.904142
vt 0.882492 0.590564
vt 0.883223 0.597338
vt 0.883223 0.583379
vt 0.035687 0.008999
vt 0.044545 0.011345
vt 0.087947 0.258117
vt 0.091722 0.279149
vt 0.095295 0.280749
vt 0.087947 0.283561
vt 0.246373 0.128903
vt 0.245077 0.129815
vt 0.245077 0.128243
vt 0.245939 0.127056
vt 0.102268 0.141781
vt 0.101771 0.141619
vt 0.101399 0.140087
vt 0.102268 0.138461
vt 0.139089 0.023146
vt 0.138711 0.023243
vt 0.138642 0.022496
vt 0.139092 0.022220
vt 0.181122 0.196797
vt 0.181291 0.196187
vt 0.181293 0.196841
vt 0.181122 0.197563
vt 0.246158 0.129780
vt 0.245564 0.130159
vt 0.139456 0.022999
vt 0.139456 0.021342
vt 0.066922 0.729210
vt 0.880899 0.030216
vt 0.074377 0.055941
vt 0.074377 0.058107
vt 0.073486 0.056734
vt 0.409072 0.009297
vt 0.407845 0.008753
vt 0.409072 0.004785
vt 0.025567 0.060431
vt 0.024562 0.056277
vt 0.025567 0.052771
vt 0.757596 0.130168
vt 0.002324 0.242132
vt 0.001105 0.246373
vt 0.001105 0.240293
vt 0.072876 0.753064
vt 0.066896 0.750190
vt 0.108105 0.780955
vt 0.097307 0.780143
vt 0.420693 0.403264
vt 0.419803 0.404423
vt 0.419803 0.400454
vt 0.288495 0.053499
vt 0.292858 0.052264
vt 0.292858 0.058107
vt 0.002324 0.625229
vt 0.001700 0.618981
vt 0.002324 0.618739
vt 0.681540 0.318978
vt 0.683336 0.325398
vt 0.681270 0.325398
vt 0.185942 0.395126
vt 0.184613 0.394585
vt 0.184178 0.391912
vt 0.185942 0.386846
vt 0.290469 0.058475
vt 0.290515 0.058732
vt 0.290534 0.058798
vt 0.246006 0.001776
vt 0.246246 0.001074
vt 0.246195 0.001264
vt 0.185764 0.025486
vt 0.185646 0.024058
vt 0.185942 0.024396
vt 0.185816 0.025567
vt 0.050217 0.259047
vt 0.049753 0.261574
vt 0.049256 0.261459
vt 0.049256 0.259050
vt 0.088307 0.025567
vt 0.088322 0.025417
vt 0.087702 0.023632
vt 0.088322 0.022805
vt 0.050246 0.262643
vt 0.050098 0.261644
vt 0.050305 0.262455
vt 0.050757 0.259400
vt 0.074377 0.065080
vt 0.074269 0.065009
vt 0.074157 0.063751
vt 0.074377 0.063195
vt 0.246353 0.001189
vt 0.246210 0.001483
vt 0.050316 0.261599
vt 0.050360 0.262269
vt 0.051031 0.259680
vt 0.074105 0.064894
vt 0.073963 0.064079
vt 0.246317 0.001453
vt 0.246196 0.001700
vt 0.289725 0.059918
vt 0.289690 0.059346
vt 0.289779 0.059190
vt 0.289848 0.059729
vt 0.051134 0.259870
vt 0.051105 0.260006
vt 0.050541 0.261324
vt 0.050458 0.261485
vt 0.073965 0.064800
vt 0.073798 0.064222
vt 0.246308 0.001684
vt 0.246201 0.001896
vt 0.289863 0.059035
vt 0.289935 0.059556
vt 0.001727 0.283411
vt 0.001804 0.283316
vt 0.246325 0.001881
vt 0.246239 0.002065
vt 0.289945 0.058849
vt 0.290064 0.059338
vt 0.001635 0.283483
vt 0.246373 0.002160
vt 0.246308 0.002324
vt 0.290106 0.058542
vt 0.290202 0.058954
vt 0.001525 0.283546
vt 0.116062 0.013149
vt 0.116214 0.013754
vt 0.116146 0.013931
vt 0.116062 0.013946
vt 0.009045 0.027594
vt 0.009297 0.027247
vt 0.009297 0.027891
vt 0.248211 0.047417
vt 0.248692 0.048374
vt 0.248697 0.048810
vt 0.248525 0.048397
vt 0.248476 0.048662
vt 0.248118 0.048275
vt 0.185942 0.021776
vt 0.184282 0.023717
vt 0.034076 0.250783
vt 0.034864 0.253058
vt 0.034076 0.253346
vt 0.218482 0.111258
vt 0.218482 0.113889
vt 0.217923 0.113585
vt 0.002324 0.186254
vt 0.001022 0.188266
vt 0.001022 0.180847
vt 0.506691 0.152419
vt 0.506415 0.153210
vt 0.013644 0.498266
vt 0.016270 0.496605
vt 0.016270 0.504367
vt 0.012696 0.499535
vt 0.414885 0.288355
vt 0.414460 0.289333
vt 0.418369 0.284863
vt 0.418369 0.295183
vt 0.148597 0.915217
vt 0.139760 0.920412
vt 0.139760 0.911196
vt 0.148753 0.909872
vt 0.836884 0.470978
vt 0.843711 0.461783
vt 0.843711 0.476268
vt 0.840838 0.476476
vt 0.017955 0.446983
vt 0.017589 0.446000
vt 0.018594 0.441304
vt 0.018594 0.448585
vt 0.018594 0.299831
vt 0.798253 0.191503
vt 0.184805 0.024471
vt 0.184644 0.024222
vt 0.067404 0.757382
vt 0.067404 0.778631
vt 0.064535 0.778176
vt 0.061382 0.767264
vt 0.071402 0.017697
vt 0.072052 0.019008
vt 0.071811 0.020561
vt 0.071402 0.020918
vt 0.883005 0.216157
vt 0.878714 0.215312
vt 0.213823 0.001889
vt 0.213833 0.002271
vt 0.213823 0.002324
vt 0.815820 0.447103
vt 0.815265 0.457424
vt 0.808266 0.460206
vt 0.808168 0.449481
vt 0.748716 0.231921
vt 0.749505 0.241087
vt 0.741322 0.249972
vt 0.737812 0.238662
vt 0.128066 0.458566
vt 0.133848 0.464387
vt 0.131373 0.474151
vt 0.126582 0.468339
vt 0.313777 0.853008
vt 0.301039 0.853008
vt 0.302754 0.843750
vt 0.311667 0.844899
vt 0.808168 0.442134
vt 0.811906 0.440751
vt 0.137263 0.467235
vt 0.136422 0.461366
vt 0.138941 0.464215
vt 0.139456 0.474151
vt 0.076768 0.705462
vt 0.078599 0.702089
vt 0.085662 0.707236
vt 0.081670 0.711227
vt 0.074918 0.699897
vt 0.077254 0.692984
vt 0.083003 0.695269
vt 0.088489 0.701021
vt 0.097141 0.699062
vt 0.097619 0.711227
vt 0.090505 0.688013
vt 0.187084 0.769347
vt 0.195239 0.770052
vt 0.195239 0.783280
vt 0.189403 0.780239
vt 0.753064 0.247224
vt 0.752251 0.258220
vt 0.743753 0.259911
vt 0.746097 0.252268
vt 0.728794 0.091157
vt 0.731912 0.101989
vt 0.723287 0.104166
vt 0.720912 0.091004
vt 0.723702 0.078403
vt 0.730338 0.083095
vt 0.687255 0.256993
vt 0.693119 0.250768
vt 0.695910 0.261145
vt 0.687255 0.268174
vt 0.689096 0.271940
vt 0.701930 0.256710
vt 0.697711 0.267875
vt 0.737812 0.260318
vt 0.701020 0.247067
vt 0.727254 0.073214
vt 0.734470 0.076928
vt 0.240474 0.068613
vt 0.248697 0.069466
vt 0.248697 0.079025
vt 0.242197 0.075887
vt 0.293739 0.893321
vt 0.295183 0.906466
vt 0.284095 0.906466
vt 0.284830 0.893621
vt 0.337019 0.779648
vt 0.335443 0.791480
vt 0.322369 0.788559
vt 0.325837 0.778375
vt 0.337019 0.798870
vt 0.323501 0.799550
vt 0.116668 0.920412
vt 0.118094 0.908946
vt 0.124897 0.909095
vt 0.127835 0.920412
vt 0.082162 0.683622
vt 0.304211 0.836192
vt 0.311777 0.837683
vt 0.299831 0.369729
vt 0.298947 0.381181
vt 0.299831 0.380194
vt 0.298471 0.379133
vt 0.237076 0.000698
vt 0.237076 0.002324
vt 0.235517 0.002210
vt 0.734470 0.105101
vt 0.728798 0.109241
vt 0.874797 0.016270
vt 0.874288 0.010297
vt 0.880299 0.013798
vt 0.874288 0.002285
vt 0.880899 0.001237
vt 0.124882 0.737899
vt 0.128893 0.747740
vt 0.119210 0.747370
vt 0.119456 0.736629
vt 0.134959 0.779983
vt 0.130187 0.783280
vt 0.128095 0.778741
vt 0.134917 0.777394
vt 0.743921 0.053805
vt 0.745687 0.055659
vt 0.747180 0.055931
vt 0.744278 0.058011
vt 0.797597 0.378303
vt 0.806428 0.373757
vt 0.808847 0.385829
vt 0.798440 0.385829
vt 0.795329 0.366800
vt 0.800140 0.365233
vt 0.733951 0.053273
vt 0.733752 0.048557
vt 0.114312 0.755416
vt 0.117543 0.760084
vt 0.115560 0.762042
vt 0.113396 0.762361
vt 0.122771 0.752586
vt 0.128936 0.769744
vt 0.137132 0.769616
vt 0.113455 0.745883
vt 0.112464 0.735178
vt 0.014275 0.774884
vt 0.023243 0.774975
vt 0.023058 0.785164
vt 0.013563 0.785255
vt 0.880323 0.042025
vt 0.875916 0.044161
vt 0.875916 0.033915
vt 0.880899 0.033535
vt 0.738294 0.060725
vt 0.743218 0.061280
vt 0.536565 0.252416
vt 0.536022 0.252486
vt 0.541555 0.249103
vt 0.541555 0.255670
vt 0.735656 0.063416
vt 0.733171 0.061702
vt 0.762361 0.219373
vt 0.761631 0.227451
vt 0.749524 0.225185
vt 0.749059 0.219282
vt 0.749577 0.214316
vt 0.759447 0.214316
vt 0.668309 0.920568
vt 0.671340 0.922999
vt 0.670625 0.927385
vt 0.667716 0.924351
vt 0.182056 0.385576
vt 0.182056 0.383638
vt 0.183618 0.384526
vt 0.183069 0.388153
vt 0.742555 0.071244
vt 0.743294 0.073977
vt 0.738648 0.076338
vt 0.738180 0.072932
vt 0.063910 0.140178
vt 0.066834 0.143487
vt 0.067404 0.145121
vt 0.063910 0.146429
vt 0.738015 0.060780
vt 0.738966 0.069086
vt 0.730826 0.065756
vt 0.759075 0.231623
vt 0.750668 0.231059
vt 0.082662 0.108118
vt 0.080074 0.109241
vt 0.080074 0.103928
vt 0.083674 0.105937
vt 0.035043 0.088322
vt 0.035043 0.083491
vt 0.036133 0.084185
vt 0.037188 0.087083
vt 0.270279 0.016270
vt 0.270538 0.013305
vt 0.273550 0.011759
vt 0.274264 0.016270
vt 0.324454 0.750148
vt 0.327722 0.753230
vt 0.326631 0.754622
vt 0.322799 0.755388
vt 0.322799 0.745504
vt 0.327146 0.750054
vt 0.813026 0.004152
vt 0.813495 0.009404
vt 0.805015 0.005930
vt 0.809237 0.000877
vt 0.742108 0.070674
vt 0.744468 0.066044
vt 0.745790 0.072117
vt 0.745299 0.079328
vt 0.737723 0.081350
vt 0.767307 0.527156
vt 0.771882 0.525188
vt 0.774876 0.531234
vt 0.767036 0.530809
vt 0.780955 0.528950
vt 0.777609 0.522557
vt 0.026722 0.761469
vt 0.026514 0.754528
vt 0.034344 0.758523
vt 0.028945 0.766401
vt 0.118582 0.576419
vt 0.118621 0.571120
vt 0.125136 0.569966
vt 0.125511 0.576046
vt 0.034601 0.747715
vt 0.043798 0.751685
vt 0.044161 0.758732
vt 0.026514 0.745507
vt 0.318153 0.795014
vt 0.310131 0.796130
vt 0.309254 0.786087
vt 0.318425 0.787934
vt 0.118860 0.762180
vt 0.128857 0.761456
vt 0.118693 0.770669
vt 0.288210 0.469484
vt 0.286727 0.469503
vt 0.286782 0.466582
vt 0.288210 0.465337
vt 0.188266 0.433012
vt 0.184983 0.434639
vt 0.185426 0.430323
vt 0.187771 0.430323
vt 0.506691 0.232427
vt 0.503346 0.232280
vt 0.503346 0.228569
vt 0.505536 0.230382
vt 0.121584 0.560663
vt 0.125511 0.563055
vt 0.207811 0.576420
vt 0.207811 0.569406
vt 0.213833 0.573809
vt 0.213008 0.576285
vt 0.158421 0.462624
vt 0.160375 0.473406
vt 0.152899 0.478800
vt 0.152899 0.464819
vt 0.745707 0.060892
vt 0.748416 0.059411
vt 0.037063 0.771658
vt 0.043403 0.769544
vt 0.805539 0.020187
vt 0.803966 0.012870
vt 0.813495 0.015274
vt 0.813293 0.020918
vt 0.318425 0.777121
vt 0.311419 0.776946
vt 0.751317 0.236226
vt 0.759712 0.235345
vt 0.760292 0.237845
vt 0.753550 0.241724
vt 0.301690 0.797225
vt 0.300823 0.784902
vt 0.305521 0.775449
vt 0.218986 0.776700
vt 0.227779 0.778859
vt 0.227392 0.783730
vt 0.218986 0.785604
vt 0.023243 0.797095
vt 0.013858 0.797225
vt 0.119491 0.780161
vt 0.776175 0.536907
vt 0.768638 0.535392
vt 0.767036 0.519665
vt 0.770380 0.514832
vt 0.141549 0.464709
vt 0.144105 0.467196
vt 0.141549 0.471827
vt 0.016417 0.425457
vt 0.016921 0.420700
vt 0.018594 0.421940
vt 0.018594 0.427666
vt 0.000947 0.209185
vt 0.000947 0.205455
vt 0.002324 0.206636
vt 0.001913 0.208418
vt 0.737982 0.072721
vt 0.731087 0.069665
vt 0.017105 0.417489
vt 0.017971 0.417287
vt 0.131267 0.750199
vt 0.112464 0.753344
vt 0.102582 0.041195
vt 0.104592 0.043060
vt 0.102582 0.048810
vt 0.001899 0.145760
vt 0.002324 0.141218
vt 0.002324 0.148753
vt 0.034864 0.513664
vt 0.031851 0.512733
vt 0.034864 0.509638
vt 0.735652 0.074461
vt 0.044161 0.061999
vt 0.043199 0.065080
vt 0.043199 0.060293
vt 0.674039 0.927154
vt 0.674039 0.918204
vt 0.016940 0.432383
vt 0.017766 0.431920
vt 0.018594 0.434459
vt 0.016940 0.436963
vt 0.289789 0.356593
vt 0.290534 0.362293
vt 0.289789 0.367235
vt 0.799224 0.381663
vt 0.790951 0.385168
vt 0.797926 0.380639
vt 0.126949 0.738864
vt 0.132483 0.744724
vt 0.137132 0.760654
vt 0.351065 0.741443
vt 0.349201 0.732551
vt 0.353289 0.730361
vt 0.353289 0.737476
vt 0.225454 0.916684
vt 0.225454 0.924797
vt 0.219348 0.925060
vt 0.219731 0.921168
vt 0.748416 0.076420
vt 0.738980 0.068849
vt 0.741765 0.069505
vt 0.220309 0.031971
vt 0.220806 0.033115
vt 0.220309 0.034864
vt 0.261442 0.275746
vt 0.260807 0.275277
vt 0.261555 0.274437
vt 0.262063 0.275443
vt 0.262643 0.276588
vt 0.261539 0.276588
vt 0.260469 0.276588
vt 0.259536 0.276588
vt 0.260081 0.274734
vt 0.224767 0.017086
vt 0.226116 0.016312
vt 0.226711 0.018594
vt 0.225312 0.018594
vt 0.260945 0.273353
vt 0.227779 0.015357
vt 0.227711 0.018594
vt 0.542982 0.325130
vt 0.543382 0.327349
vt 0.540136 0.327738
vt 0.540114 0.324885
vt 0.543880 0.337020
vt 0.539967 0.335575
vt 0.540399 0.332854
vt 0.543880 0.333198
vt 0.537477 0.324660
vt 0.536507 0.327293
vt 0.536433 0.334271
vt 0.536218 0.332180
vt 0.536009 0.330151
vt 0.540247 0.329981
vt 0.543788 0.329605
vt 0.179208 0.560438
vt 0.179631 0.559472
vt 0.180571 0.560421
vt 0.179543 0.561372
vt 0.178277 0.562456
vt 0.178296 0.560723
vt 0.178470 0.559310
vt 0.177265 0.560894
vt 0.177265 0.559142
vt 0.177265 0.562754
vt 0.178747 0.563504
vt 0.177265 0.564798
vt 0.180076 0.562344
vt 0.181293 0.561280
vt 0.299743 0.195239
vt 0.297664 0.194674
vt 0.297474 0.191370
vt 0.299831 0.191101
vt 0.169858 0.197563
vt 0.170952 0.194166
vt 0.172285 0.194268
vt 0.172310 0.197175
vt 0.296508 0.187932
vt 0.295470 0.188364
vt 0.169858 0.190171
vt 0.171218 0.190463
vt 0.172489 0.190736
vt 0.174320 0.194058
vt 0.295470 0.191760
vt 0.295712 0.194717
vt 0.016665 0.653120
vt 0.016665 0.651932
vt 0.017933 0.651924
vt 0.017963 0.652939
vt 0.102268 0.288038
vt 0.102268 0.289219
vt 0.101202 0.289316
vt 0.101310 0.287976
vt 0.016665 0.648345
vt 0.018072 0.648502
vt 0.017976 0.649588
vt 0.016665 0.649516
vt 0.020918 0.648818
vt 0.020793 0.649780
vt 0.019390 0.649727
vt 0.019489 0.648659
vt 0.020666 0.650743
vt 0.019265 0.650765
vt 0.017929 0.650735
vt 0.019181 0.651742
vt 0.016665 0.650712
vt 0.100201 0.289294
vt 0.100381 0.287915
vt 0.102268 0.290441
vt 0.101210 0.290534
vt 0.224616 0.274264
vt 0.225288 0.273802
vt 0.224616 0.272179
vt 0.225454 0.272655
vt 0.796738 0.006783
vt 0.799247 0.002257
vt 0.802323 0.002078
vt 0.800943 0.006165
vt 0.799110 0.008926
vt 0.797808 0.010180
vt 0.804198 0.002049
vt 0.802614 0.003927
vt 0.899993 0.676784
vt 0.897520 0.676749
vt 0.897750 0.675259
vt 0.900298 0.675656
vt 0.898990 0.678628
vt 0.897184 0.678139
vt 0.099944 0.028332
vt 0.098898 0.029837
vt 0.098527 0.030216
vt 0.098527 0.028011
vt 0.901818 0.675444
vt 0.901774 0.677121
vt 0.003379 0.551723
vt 0.001957 0.552556
vt 0.001979 0.550361
vt 0.004155 0.549191
vt 0.004044 0.553586
vt 0.001931 0.555056
vt 0.794837 0.012516
vt 0.793853 0.012192
vt 0.794962 0.010059
vt 0.796396 0.011288
vt 0.792700 0.014379
vt 0.794393 0.019523
vt 0.792693 0.018126
vt 0.797265 0.017764
vt 0.800535 0.019940
vt 0.798439 0.020509
vt 0.796420 0.021420
vt 0.794280 0.015778
vt 0.072282 0.689708
vt 0.074377 0.689374
vt 0.074377 0.692154
vt 0.072433 0.692136
vt 0.070996 0.691771
vt 0.070837 0.690234
vt 0.072052 0.143537
vt 0.071296 0.144939
vt 0.069735 0.144384
vt 0.069735 0.143414
vt 0.793314 0.021232
vt 0.791882 0.020172
vt 0.069735 0.142376
vt 0.071926 0.141742
vt 0.069735 0.141374
vt 0.071488 0.140373
vt 0.790508 0.019555
vt 0.791098 0.017016
vt 0.070363 0.146429
vt 0.069735 0.145355
vt 0.900744 0.674438
vt 0.898106 0.673810
vt 0.895632 0.674253
vt 0.895558 0.673204
vt 0.895750 0.675919
vt 0.895824 0.678324
vt 0.896560 0.679123
vt 0.898119 0.679796
vt 0.897252 0.680970
vt 0.895724 0.680196
vt 0.896485 0.682071
vt 0.895618 0.682210
vt 0.895558 0.683336
vt 0.074352 0.694957
vt 0.072739 0.693461
vt 0.071207 0.692106
vt 0.798562 0.023243
vt 0.801174 0.022842
vt 0.804198 0.022377
vt 0.004649 0.548674
vt 0.001995 0.548743
vt 0.004649 0.555270
vt 0.003339 0.555501
vt 0.306804 0.866953
vt 0.306740 0.865386
vt 0.306716 0.864044
vt 0.306651 0.862585
vt 0.306578 0.861129
vt 0.306804 0.857587
vt 0.090647 0.106916
vt 0.090564 0.104823
vt 0.090647 0.103375
vt 0.799040 0.009862
vt 0.031752 0.260958
vt 0.032042 0.259687
vt 0.034011 0.260570
vt 0.033231 0.262597
vt 0.032728 0.256674
vt 0.034883 0.256324
vt 0.034649 0.258534
vt 0.032407 0.258084
vt 0.037188 0.255949
vt 0.036570 0.258942
vt 0.035956 0.261913
vt 0.034784 0.264319
vt 0.037188 0.263189
vt 0.036189 0.264712
vt 0.037175 0.264967
vt 0.925060 0.267174
vt 0.924895 0.270467
vt 0.921942 0.270101
vt 0.923102 0.266625
vt 0.916927 0.267712
vt 0.920019 0.266625
vt 0.919456 0.269768
vt 0.916999 0.269890
vt 0.920570 0.273512
vt 0.918864 0.272818
vt 0.924275 0.272934
vt 0.924689 0.274807
vt 0.921227 0.276588
vt 0.917072 0.272107
vt 0.435572 0.427666
vt 0.434277 0.427578
vt 0.436485 0.426210
vt 0.436621 0.427593
vt 0.438713 0.424928
vt 0.439287 0.425986
vt 0.436170 0.424226
vt 0.438036 0.423681
vt 0.434277 0.424829
vt 0.434442 0.422721
vt 0.436322 0.422293
vt 0.434627 0.421200
vt 0.260318 0.051134
vt 0.259513 0.050833
vt 0.259883 0.049590
vt 0.260318 0.048633
vt 0.018594 0.313484
vt 0.018594 0.317097
vt 0.018012 0.317060
vt 0.017849 0.313506
vt 0.018594 0.320750
vt 0.017705 0.320522
vt 0.213833 0.234635
vt 0.213563 0.232544
vt 0.213833 0.232200
vt 0.213617 0.234751
vt 0.094532 0.125432
vt 0.095295 0.124850
vt 0.095295 0.127529
vt 0.094983 0.127835
vt 0.013171 0.314105
vt 0.013203 0.313647
vt 0.013945 0.316776
vt 0.013146 0.316783
vt 0.013914 0.319551
vt 0.013304 0.319395
vt 0.014243 0.313615
vt 0.014702 0.316744
vt 0.014555 0.319715
vt 0.015337 0.316798
vt 0.015187 0.319877
vt 0.015991 0.316887
vt 0.015810 0.320036
vt 0.016724 0.316970
vt 0.016437 0.320197
vt 0.017368 0.317011
vt 0.017053 0.320355
vt 0.016427 0.313549
vt 0.017136 0.313528
vt 0.015708 0.313571
vt 0.014995 0.313592
vt 0.218482 0.127610
vt 0.217773 0.127835
vt 0.217856 0.126414
vt 0.218482 0.126250
vt 0.084067 0.267291
vt 0.084067 0.265864
vt 0.084961 0.265496
vt 0.085007 0.266822
vt 0.000981 0.268932
vt 0.002324 0.270009
vt 0.002115 0.270887
vt 0.000981 0.270274
vt 0.084067 0.264790
vt 0.085019 0.264527
vt 0.000981 0.271499
vt 0.001995 0.271940
vt 0.085998 0.265181
vt 0.085818 0.266417
vt 0.034350 0.911997
vt 0.029720 0.911876
vt 0.029681 0.908917
vt 0.032403 0.907566
vt 0.037787 0.910560
vt 0.039513 0.913288
vt 0.038111 0.915000
vt 0.036746 0.916962
vt 0.033399 0.915760
vt 0.029681 0.915246
vt 0.036720 0.908871
vt 0.032836 0.918488
vt 0.030037 0.919480
vt 0.035141 0.920412
vt 0.523866 0.130159
vt 0.523866 0.128466
vt 0.527183 0.127987
vt 0.527536 0.129395
vt 0.529656 0.128111
vt 0.529718 0.127555
vt 0.526458 0.123188
vt 0.527959 0.124243
vt 0.527446 0.125592
vt 0.523897 0.124270
vt 0.529934 0.125629
vt 0.529884 0.126078
vt 0.529804 0.126785
vt 0.527204 0.126729
vt 0.523866 0.126766
vt 0.243589 0.273047
vt 0.245242 0.273078
vt 0.245363 0.274714
vt 0.243589 0.274583
vt 0.243589 0.277168
vt 0.243589 0.275869
vt 0.245392 0.276175
vt 0.245101 0.277684
vt 0.248172 0.273132
vt 0.248336 0.274934
vt 0.246935 0.274885
vt 0.246760 0.273106
vt 0.248697 0.278913
vt 0.246800 0.278264
vt 0.247045 0.276758
vt 0.248517 0.276934
vt 0.238316 0.122851
vt 0.239537 0.122473
vt 0.239633 0.123909
vt 0.238138 0.123454
vt 0.237632 0.125168
vt 0.237880 0.124328
vt 0.239322 0.124991
vt 0.238955 0.126030
vt 0.241724 0.121796
vt 0.241724 0.123911
vt 0.240802 0.123991
vt 0.240536 0.122164
vt 0.241724 0.127835
vt 0.240287 0.126898
vt 0.240653 0.125714
vt 0.241724 0.125929
vt 0.404510 0.005053
vt 0.403067 0.006010
vt 0.403179 0.004147
vt 0.404674 0.003423
vt 0.406564 0.003235
vt 0.405874 0.005758
vt 0.403854 0.007472
vt 0.401703 0.009297
vt 0.401703 0.006721
vt 0.401703 0.004593
vt 0.401703 0.002741
vt 0.403032 0.002297
vt 0.404714 0.001735
vt 0.406748 0.001055
vt 0.101612 0.183385
vt 0.100855 0.179856
vt 0.100553 0.179939
vt 0.102268 0.182732
vt 0.298066 0.801210
vt 0.300085 0.803100
vt 0.298018 0.803688
vt 0.297144 0.801717
vt 0.296280 0.798967
vt 0.297302 0.797678
vt 0.296809 0.805835
vt 0.294947 0.805920
vt 0.294848 0.804177
vt 0.296394 0.803989
vt 0.299267 0.805963
vt 0.295368 0.807060
vt 0.294656 0.808225
vt 0.148655 0.464122
vt 0.151078 0.463221
vt 0.149474 0.466873
vt 0.146131 0.465049
vt 0.148834 0.471018
vt 0.148468 0.470968
vt 0.149876 0.475045
vt 0.149807 0.475056
vt 0.151078 0.478537
vt 0.150907 0.478800
vt 0.296253 0.810044
vt 0.294953 0.812074
vt 0.296550 0.812942
vt 0.298411 0.818069
vt 0.298133 0.818144
vt 0.298333 0.813717
vt 0.299718 0.817715
vt 0.300021 0.814502
vt 0.300600 0.817476
vt 0.301542 0.814891
vt 0.301530 0.817224
vt 0.299877 0.812006
vt 0.301552 0.812913
vt 0.298023 0.811003
vt 0.304480 0.806663
vt 0.296003 0.802209
vt 0.294717 0.802579
vt 0.294656 0.801215
vt 0.295400 0.800080
vt 0.100553 0.185942
vt 0.328226 0.907513
vt 0.329579 0.909068
vt 0.327629 0.908948
vt 0.329001 0.910637
vt 0.331115 0.910934
vt 0.331581 0.912393
vt 0.328734 0.912835
vt 0.326549 0.912661
vt 0.327027 0.910394
vt 0.329012 0.914873
vt 0.326549 0.915330
vt 0.329545 0.916470
vt 0.326549 0.918087
vt 0.331953 0.913596
vt 0.332371 0.914945
vt 0.500650 0.451990
vt 0.502871 0.452836
vt 0.502551 0.454110
vt 0.500633 0.453288
vt 0.539231 0.216157
vt 0.537676 0.215257
vt 0.538075 0.213475
vt 0.539231 0.213555
vt 0.500633 0.456086
vt 0.500633 0.454612
vt 0.502244 0.455231
vt 0.501546 0.456695
vt 0.503321 0.457882
vt 0.502391 0.457260
vt 0.503512 0.455953
vt 0.504367 0.457072
vt 0.536659 0.213068
vt 0.536086 0.214337
vt 0.504334 0.454857
vt 0.537882 0.211602
vt 0.539179 0.211364
vt 0.839837 0.371884
vt 0.840735 0.369781
vt 0.841343 0.371884
vt 0.842833 0.369398
vt 0.842879 0.371884
vt 0.841749 0.367406
vt 0.844506 0.369825
vt 0.844480 0.371884
vt 0.845977 0.369707
vt 0.846035 0.371884
vt 0.844294 0.367844
vt 0.845911 0.367182
vt 0.843273 0.365422
vt 0.845357 0.363602
vt 0.436840 0.001434
vt 0.436963 0.007964
vt 0.429212 0.009297
vt 0.429596 0.001434
vt 0.335101 0.858352
vt 0.338982 0.867744
vt 0.330242 0.866191
vt 0.329958 0.857630
vt 0.797737 0.419549
vt 0.799321 0.414135
vt 0.806522 0.414967
vt 0.805699 0.420410
vt 0.803456 0.426900
vt 0.798753 0.426922
vt 0.295914 0.831055
vt 0.299218 0.837361
vt 0.293113 0.838933
vt 0.289400 0.833846
vt 0.285112 0.831408
vt 0.290117 0.825853
vt 0.791944 0.413940
vt 0.754705 0.106917
vt 0.752247 0.100005
vt 0.756504 0.099716
vt 0.880899 0.084280
vt 0.880899 0.092971
vt 0.876894 0.090309
vt 0.819942 0.432893
vt 0.823437 0.431703
vt 0.824441 0.437209
vt 0.819918 0.437581
vt 0.336883 0.762623
vt 0.337832 0.767370
vt 0.331850 0.766619
vt 0.332761 0.761819
vt 0.335797 0.757658
vt 0.339344 0.760214
vt 0.846830 0.450909
vt 0.845232 0.445635
vt 0.849858 0.445817
vt 0.850688 0.450686
vt 0.803355 0.432654
vt 0.801099 0.434639
vt 0.806522 0.428238
vt 0.338073 0.754379
vt 0.332775 0.755550
vt 0.336048 0.753523
vt 0.798376 0.433273
vt 0.339344 0.776303
vt 0.332989 0.776307
vt 0.328671 0.773482
vt 0.330616 0.771420
vt 0.819491 0.446229
vt 0.825008 0.444034
vt 0.825117 0.448495
vt 0.819491 0.450909
vt 0.165643 0.908790
vt 0.165643 0.902511
vt 0.172536 0.902265
vt 0.171370 0.906344
vt 0.880538 0.192692
vt 0.879270 0.189404
vt 0.887043 0.187604
vt 0.887872 0.193942
vt 0.885455 0.202212
vt 0.879270 0.198525
vt 0.176645 0.902862
vt 0.176545 0.906398
vt 0.285112 0.840367
vt 0.293832 0.843045
vt 0.287602 0.843463
vt 0.331465 0.873170
vt 0.326978 0.873926
vt 0.323687 0.870230
vt 0.326267 0.869050
vt 0.339344 0.873926
vt 0.325323 0.864892
vt 0.324119 0.770059
vt 0.323661 0.767908
vt 0.065080 0.512080
vt 0.065080 0.515805
vt 0.063297 0.515988
vt 0.063210 0.513456
vt 0.211954 0.276387
vt 0.214277 0.275946
vt 0.216157 0.277718
vt 0.214696 0.278913
vt 0.676966 0.918576
vt 0.685660 0.918576
vt 0.685654 0.924674
vt 0.681198 0.927385
vt 0.299831 0.843711
vt 0.329144 0.759956
vt 0.211681 0.272934
vt 0.216157 0.273036
vt 0.808145 0.431718
vt 0.809748 0.425723
vt 0.815736 0.426205
vt 0.815643 0.432301
vt 0.815820 0.439287
vt 0.808072 0.437871
vt 0.844972 0.433959
vt 0.853008 0.433441
vt 0.851264 0.440039
vt 0.844972 0.439688
vt 0.811584 0.419936
vt 0.815820 0.419634
vt 0.167081 0.895558
vt 0.174941 0.898518
vt 0.750461 0.092405
vt 0.757713 0.092405
vt 0.325333 0.764809
vt 0.037188 0.241332
vt 0.036879 0.244905
vt 0.032829 0.251021
vt 0.032829 0.241508
vt 0.185798 0.454864
vt 0.185798 0.454028
vt 0.186624 0.454717
vt 0.185826 0.455733
vt 0.187231 0.453451
vt 0.188266 0.454377
vt 0.187307 0.455843
vt 0.185973 0.457882
vt 0.185819 0.452186
vt 0.065080 0.065080
vt 0.064945 0.063312
vt 0.064914 0.062511
vt 0.064933 0.061676
vt 0.065080 0.059602
vt 0.266796 0.013727
vt 0.266950 0.013585
vt 0.266974 0.013980
vt 0.266802 0.014017
vt 0.218482 0.134852
vt 0.218426 0.135150
vt 0.218205 0.135087
vt 0.218207 0.134667
vt 0.218391 0.134256
vt 0.218369 0.134714
vt 0.022863 0.330259
vt 0.023127 0.330331
vt 0.023243 0.330782
vt 0.022954 0.330752
vt 0.134603 0.418645
vt 0.134738 0.419175
vt 0.134416 0.419218
vt 0.134307 0.418744
vt 0.134795 0.419752
vt 0.134545 0.419832
vt 0.232392 0.015007
vt 0.232427 0.015577
vt 0.232183 0.015643
vt 0.232090 0.015082
vt 0.215982 0.004628
vt 0.215722 0.004649
vt 0.215722 0.004191
vt 0.216157 0.004202
vt 0.090647 0.145734
vt 0.090647 0.146305
vt 0.090415 0.146429
vt 0.090356 0.145968
vt 0.218358 0.133997
vt 0.218037 0.134007
vt 0.218374 0.133592
vt 0.217887 0.134493
vt 0.217654 0.134376
vt 0.217693 0.133861
vt 0.217970 0.133489
vt 0.217901 0.134950
vt 0.217654 0.134834
vt 0.023207 0.331240
vt 0.023164 0.331630
vt 0.022921 0.331655
vt 0.022958 0.331261
vt 0.023120 0.332007
vt 0.022899 0.332020
vt 0.134797 0.420217
vt 0.134808 0.420644
vt 0.134565 0.420652
vt 0.134539 0.420270
vt 0.232417 0.015928
vt 0.232427 0.016251
vt 0.232180 0.016270
vt 0.232186 0.015985
vt 0.002324 0.225137
vt 0.002324 0.225454
vt 0.002021 0.225445
vt 0.002036 0.225141
vt 0.231877 0.016044
vt 0.231887 0.015727
vt 0.266995 0.014335
vt 0.267246 0.014241
vt 0.267264 0.014598
vt 0.266996 0.014669
vt 0.266802 0.014688
vt 0.266801 0.014358
vt 0.218410 0.135495
vt 0.218390 0.135828
vt 0.218175 0.135828
vt 0.218194 0.135480
vt 0.217913 0.135796
vt 0.217912 0.135385
vt 0.217667 0.135713
vt 0.217658 0.135279
vt 0.217895 0.136153
vt 0.217715 0.136149
vt 0.281165 0.132828
vt 0.281161 0.133266
vt 0.280977 0.133209
vt 0.280989 0.132823
vt 0.023075 0.332371
vt 0.022863 0.332349
vt 0.134798 0.421040
vt 0.134772 0.421426
vt 0.134517 0.421392
vt 0.134542 0.421022
vt 0.051125 0.053116
vt 0.051114 0.053420
vt 0.050892 0.053458
vt 0.050893 0.053155
vt 0.050892 0.052850
vt 0.051134 0.052813
vt 0.134333 0.421430
vt 0.134490 0.421754
vt 0.134307 0.421781
vt 0.267280 0.014954
vt 0.267291 0.015306
vt 0.266983 0.015330
vt 0.266992 0.014999
vt 0.266799 0.015335
vt 0.266800 0.015012
vt 0.218376 0.136155
vt 0.218362 0.136482
vt 0.218141 0.136480
vt 0.218158 0.136157
vt 0.217896 0.136447
vt 0.218118 0.136810
vt 0.217864 0.136820
vt 0.134716 0.421757
vt 0.134708 0.422106
vt 0.134470 0.422107
vt 0.134651 0.422425
vt 0.134436 0.422392
vt 0.243942 0.145670
vt 0.243990 0.145887
vt 0.243875 0.146002
vt 0.243760 0.145707
vt 0.134315 0.422115
vt 0.267285 0.015637
vt 0.267283 0.016000
vt 0.266978 0.015983
vt 0.266975 0.015654
vt 0.266796 0.015979
vt 0.266797 0.015658
vt 0.218349 0.136808
vt 0.218333 0.137132
vt 0.218047 0.137079
vt 0.064735 0.027322
vt 0.065043 0.027292
vt 0.065080 0.027549
vt 0.064744 0.027581
vt 0.280926 0.134468
vt 0.281150 0.134480
vt 0.281035 0.134782
vt 0.280919 0.134808
vt 0.032516 0.199609
vt 0.032540 0.199887
vt 0.032332 0.199833
vt 0.032332 0.199569
vt 0.267061 0.016231
vt 0.266828 0.016270
vt 0.064971 0.027775
vt 0.064735 0.027891
vt 0.134442 0.422662
vt 0.134648 0.422679
vt 0.220800 0.050735
vt 0.220806 0.051023
vt 0.220427 0.051134
vt 0.220474 0.050735
vt 0.248601 0.055534
vt 0.248697 0.055783
vt 0.248459 0.055783
vt 0.248478 0.055547
vt 0.134620 0.423018
vt 0.134391 0.422941
vt 0.244049 0.146115
vt 0.243901 0.146121
vt 0.243969 0.146429
vt 0.243760 0.146300
vt 0.267246 0.016113
vt 0.280919 0.134215
vt 0.280947 0.133893
vt 0.281172 0.133947
vt 0.281083 0.134070
vt 0.230103 0.067134
vt 0.230103 0.067404
vt 0.229869 0.067344
vt 0.229932 0.067194
vt 0.280943 0.133544
vt 0.281087 0.133429
vt 0.167196 0.190255
vt 0.167348 0.190358
vt 0.167252 0.190590
vt 0.167196 0.190490
vt 0.281237 0.134221
vt 0.281219 0.133578
vt 0.312610 0.913429
vt 0.312485 0.909887
vt 0.314726 0.909995
vt 0.315408 0.912971
vt 0.316101 0.915763
vt 0.310114 0.915763
vt 0.310791 0.905193
vt 0.313388 0.906979
vt 0.026990 0.074043
vt 0.027891 0.074407
vt 0.027891 0.075651
vt 0.026415 0.074498
vt 0.025914 0.073143
vt 0.026880 0.073271
vt 0.027891 0.073528
vt 0.026962 0.072473
vt 0.027891 0.072657
vt 0.025980 0.072279
vt 0.025308 0.073448
vt 0.024925 0.072070
vt 0.025764 0.075087
vt 0.027891 0.076701
vt 0.034543 0.590886
vt 0.034864 0.592944
vt 0.032701 0.593074
vt 0.032768 0.590574
vt 0.034178 0.597033
vt 0.032657 0.597338
vt 0.032652 0.594856
vt 0.034736 0.595085
vt 0.028792 0.592358
vt 0.030302 0.591174
vt 0.030671 0.593272
vt 0.028792 0.593404
vt 0.028792 0.595726
vt 0.028792 0.594610
vt 0.030701 0.594666
vt 0.030701 0.597068
vt 0.280892 0.216067
vt 0.280934 0.215143
vt 0.282385 0.215824
vt 0.282019 0.217086
vt 0.280989 0.213940
vt 0.282599 0.214336
vt 0.283561 0.218482
vt 0.283561 0.216448
vt 0.283561 0.214572
vt 0.834220 0.397961
vt 0.832313 0.399900
vt 0.830806 0.398899
vt 0.831914 0.396620
vt 0.832504 0.393539
vt 0.835457 0.394340
vt 0.838261 0.395334
vt 0.837061 0.398487
vt 0.087465 0.065080
vt 0.087465 0.061764
vt 0.090647 0.063022
vt 0.090414 0.064246
vt 0.834424 0.401334
vt 0.832544 0.401846
vt 0.755570 0.250280
vt 0.759843 0.250790
vt 0.757830 0.254155
vt 0.755334 0.254199
vt 0.420693 0.177873
vt 0.420496 0.181576
vt 0.418675 0.182209
vt 0.417177 0.179074
vt 0.085297 0.783280
vt 0.082164 0.781469
vt 0.082860 0.778036
vt 0.086107 0.778054
vt 0.756839 0.247219
vt 0.760037 0.247734
vt 0.088322 0.779798
vt 0.088322 0.782890
vt 0.831399 0.410532
vt 0.835157 0.411482
vt 0.834449 0.414171
vt 0.831190 0.414177
vt 0.833667 0.407601
vt 0.836630 0.408368
vt 0.829746 0.407981
vt 0.832110 0.406628
vt 0.212179 0.288148
vt 0.213833 0.287995
vt 0.213833 0.290430
vt 0.211945 0.290534
vt 0.217512 0.120064
vt 0.218481 0.119725
vt 0.218481 0.120862
vt 0.151237 0.905829
vt 0.147966 0.906272
vt 0.147860 0.903791
vt 0.150655 0.902946
vt 0.153402 0.901658
vt 0.152992 0.903985
vt 0.834982 0.386300
vt 0.836813 0.386818
vt 0.836704 0.388562
vt 0.834108 0.387812
vt 0.002324 0.262643
vt 0.000659 0.262210
vt 0.000659 0.258920
vt 0.002166 0.259479
vt 0.147558 0.895647
vt 0.147481 0.898377
vt 0.144773 0.898465
vt 0.144835 0.894708
vt 0.149360 0.895686
vt 0.149597 0.897991
vt 0.838753 0.386061
vt 0.839062 0.388744
vt 0.071431 0.777992
vt 0.073897 0.776957
vt 0.073506 0.781442
vt 0.071328 0.780116
vt 0.757490 0.243871
vt 0.754695 0.246038
vt 0.755377 0.243887
vt 0.759481 0.244251
vt 0.083244 0.775361
vt 0.085292 0.774864
vt 0.430807 0.133147
vt 0.434639 0.131772
vt 0.434552 0.134186
vt 0.432674 0.135385
vt 0.432122 0.129638
vt 0.434467 0.129069
vt 0.420693 0.185942
vt 0.419493 0.185608
vt 0.288210 0.621266
vt 0.288210 0.625229
vt 0.287117 0.624163
vt 0.287535 0.620972
vt 0.829336 0.419066
vt 0.829723 0.421621
vt 0.827754 0.423018
vt 0.827885 0.422742
vt 0.831154 0.417623
vt 0.831095 0.420954
vt 0.754695 0.257994
vt 0.756691 0.257336
vt 0.070335 0.774781
vt 0.069628 0.776694
vt 0.830921 0.386102
vt 0.833111 0.390472
vt 0.829656 0.390050
vt 0.076805 0.779162
vt 0.076252 0.782647
vt 0.829719 0.393886
vt 0.052261 0.104395
vt 0.053458 0.103164
vt 0.053458 0.106550
vt 0.052307 0.106917
vt 0.829722 0.396125
vt 0.079025 0.779799
vt 0.078477 0.782491
vt 0.829656 0.398136
vt 0.836738 0.414629
vt 0.836234 0.416727
vt 0.833578 0.416770
vt 0.834484 0.420143
vt 0.833246 0.420382
vt 0.836267 0.391235
vt 0.838994 0.391766
vt 0.835806 0.404412
vt 0.834403 0.404418
vt 0.835903 0.401412
vt 0.832850 0.404423
vt 0.150026 0.900316
vt 0.147714 0.901081
vt 0.144773 0.904307
vt 0.144993 0.901473
vt 0.070559 0.782460
vt 0.072281 0.783858
vt 0.071246 0.785604
vt 0.069628 0.785146
vt 0.045245 0.041760
vt 0.046485 0.041473
vt 0.046485 0.044161
vt 0.044834 0.043095
vt 0.099944 0.206210
vt 0.099476 0.206860
vt 0.099476 0.204893
vt 0.434285 0.137132
vt 0.434639 0.136399
vt 0.145218 0.906466
vt 0.086818 0.009297
vt 0.086818 0.006748
vt 0.088234 0.005789
vt 0.088322 0.007891
vt 0.149349 0.893619
vt 0.148216 0.893041
vt 0.827754 0.405045
vt 0.831311 0.405456
vt 0.456531 0.001604
vt 0.458464 0.001428
vt 0.458640 0.004162
vt 0.456582 0.004541
vt 0.141314 0.024913
vt 0.144105 0.027498
vt 0.143667 0.030216
vt 0.141314 0.029824
vt 0.459252 0.009297
vt 0.458816 0.006984
vt 0.460820 0.005770
vt 0.462530 0.006791
vt 0.461131 0.001428
vt 0.460314 0.003675
vt 0.456114 0.007594
vt 0.232427 0.118037
vt 0.232427 0.118538
vt 0.232069 0.118399
vt 0.436495 0.249297
vt 0.436963 0.250128
vt 0.435617 0.251765
vt 0.435622 0.249785
vt 0.435893 0.248245
vt 0.436776 0.248062
vt 0.434317 0.249917
vt 0.435134 0.248402
vt 0.434317 0.253346
vt 0.183618 0.776495
vt 0.179809 0.783280
vt 0.174831 0.782108
vt 0.175161 0.772232
vt 0.506974 0.009269
vt 0.506790 0.000618
vt 0.515809 0.000618
vt 0.518313 0.010299
vt 0.174831 0.762670
vt 0.182843 0.767785
vt 0.171552 0.470539
vt 0.165469 0.467814
vt 0.169637 0.460476
vt 0.176645 0.463649
vt 0.347486 0.815820
vt 0.339151 0.812209
vt 0.344382 0.804227
vt 0.350600 0.808770
vt 0.176645 0.475610
vt 0.168318 0.476476
vt 0.269616 0.780955
vt 0.263393 0.780609
vt 0.262531 0.774123
vt 0.268404 0.775311
vt 0.195239 0.568974
vt 0.190117 0.567958
vt 0.188341 0.563948
vt 0.192458 0.563012
vt 0.194570 0.578744
vt 0.188341 0.573481
vt 0.350965 0.802997
vt 0.347939 0.799263
vt 0.054242 0.259203
vt 0.062755 0.256937
vt 0.062740 0.267618
vt 0.052471 0.266656
vt 0.173865 0.919487
vt 0.166008 0.922736
vt 0.166008 0.911763
vt 0.176645 0.911389
vt 0.306274 0.911839
vt 0.297639 0.915763
vt 0.297639 0.904688
vt 0.306804 0.902747
vt 0.231480 0.912036
vt 0.241724 0.912036
vt 0.240073 0.921509
vt 0.231872 0.922736
vt 0.001186 0.843111
vt 0.011621 0.843880
vt 0.011621 0.851899
vt 0.002050 0.851745
vt 0.062755 0.276588
vt 0.054371 0.275803
vt 0.010695 0.859981
vt 0.004685 0.857550
vt 0.339151 0.797950
vt 0.345019 0.795530
vt 0.339490 0.892521
vt 0.336958 0.884247
vt 0.347271 0.885038
vt 0.348641 0.890116
vt 0.260549 0.766569
vt 0.269616 0.768544
vt 0.585717 0.001864
vt 0.585717 0.012757
vt 0.576609 0.013946
vt 0.576872 0.004888
vt 0.513510 0.015855
vt 0.506752 0.016270
vt 0.020114 0.595014
vt 0.015378 0.595014
vt 0.014666 0.590074
vt 0.020918 0.588168
vt 0.339802 0.876454
vt 0.348641 0.877159
vt 0.798898 0.467432
vt 0.799550 0.471705
vt 0.797293 0.471827
vt 0.795400 0.466911
vt 0.798149 0.461643
vt 0.799550 0.464316
vt 0.813495 0.532588
vt 0.812449 0.529575
vt 0.813495 0.526745
vt 0.813385 0.536907
vt 0.165023 0.022124
vt 0.165023 0.023745
vt 0.163912 0.024217
vt 0.163739 0.022868
vt 0.356919 0.008977
vt 0.357722 0.009840
vt 0.357264 0.010634
vt 0.356166 0.009785
vt 0.357052 0.013946
vt 0.356262 0.013343
vt 0.357286 0.012333
vt 0.357814 0.013277
vt 0.198496 0.002324
vt 0.198498 0.000839
vt 0.199887 0.000635
vt 0.199887 0.002077
vt 0.356225 0.011544
vt 0.355261 0.010757
vt 0.357938 0.011562
vt 0.355261 0.012581
vt 0.164050 0.025567
vt 0.165023 0.025371
vt 0.162862 0.024628
vt 0.162590 0.023534
vt 0.275735 0.581068
vt 0.275922 0.580516
vt 0.276867 0.580070
vt 0.276853 0.581068
vt 0.148753 0.023916
vt 0.148305 0.024747
vt 0.147649 0.023881
vt 0.148383 0.023219
vt 0.278913 0.581068
vt 0.277883 0.581068
vt 0.277830 0.579952
vt 0.278707 0.579797
vt 0.278247 0.576962
vt 0.278485 0.578427
vt 0.277692 0.578653
vt 0.277561 0.577837
vt 0.276836 0.579144
vt 0.147202 0.024779
vt 0.147862 0.025567
vt 0.147202 0.023086
vt 0.147897 0.022303
vt 0.834026 0.921556
vt 0.839062 0.921217
vt 0.839062 0.929709
vt 0.831659 0.926398
vt 0.262059 0.078614
vt 0.267291 0.080833
vt 0.266492 0.085998
vt 0.262758 0.085998
vt 0.539231 0.201130
vt 0.539231 0.206860
vt 0.535452 0.206722
vt 0.537361 0.203313
vt 0.441797 0.004148
vt 0.442317 0.001359
vt 0.442482 0.008029
vt 0.440161 0.009297
vt 0.446111 0.001939
vt 0.446260 0.009297
vt 0.482819 0.013974
vt 0.487442 0.002538
vt 0.489406 0.000678
vt 0.493454 0.005118
vt 0.495070 0.016270
vt 0.485077 0.016270
vt 0.253285 0.900702
vt 0.255978 0.902359
vt 0.256401 0.906466
vt 0.252639 0.902224
vt 0.252639 0.892955
vt 0.257994 0.897169
vt 0.180515 0.020677
vt 0.181293 0.024549
vt 0.178430 0.025006
vt 0.177550 0.021750
vt 0.253346 0.725165
vt 0.252033 0.732146
vt 0.247621 0.731954
vt 0.246478 0.725330
vt 0.064565 0.683450
vt 0.065953 0.687505
vt 0.058492 0.688046
vt 0.058747 0.687316
vt 0.883223 0.520285
vt 0.878835 0.522137
vt 0.875476 0.516016
vt 0.883058 0.517216
vt 0.067676 0.700253
vt 0.063574 0.697482
vt 0.066740 0.692154
vt 0.072052 0.701930
vt 0.288210 0.455121
vt 0.288210 0.460206
vt 0.286098 0.457763
vt 0.287912 0.452479
vt 0.216258 0.913204
vt 0.215035 0.908719
vt 0.218441 0.907455
vt 0.220806 0.912488
vt 0.048590 0.639175
vt 0.048204 0.636803
vt 0.048204 0.632698
vt 0.051134 0.635255
vt 0.502557 0.169672
vt 0.502557 0.164816
vt 0.504367 0.164827
vt 0.504149 0.168569
vt 0.834414 0.426836
vt 0.827363 0.429638
vt 0.828343 0.425768
vt 0.833597 0.423275
vt 0.418258 0.251021
vt 0.418258 0.246645
vt 0.420693 0.247504
vt 0.420401 0.249157
vt 0.658221 0.929709
vt 0.654896 0.920656
vt 0.662418 0.920886
vt 0.662418 0.928376
vt 0.834080 0.432697
vt 0.830423 0.437177
vt 0.215035 0.918088
vt 0.217241 0.917399
vt 0.216096 0.916903
vt 0.197168 0.573054
vt 0.196545 0.565440
vt 0.204536 0.564200
vt 0.204338 0.571419
vt 0.919844 0.009267
vt 0.927385 0.009267
vt 0.927156 0.018594
vt 0.920310 0.016242
vt 0.006897 0.896921
vt 0.005320 0.889415
vt 0.011705 0.889368
vt 0.012967 0.897169
vt 0.005320 0.882376
vt 0.011894 0.882269
vt 0.016669 0.892279
vt 0.018594 0.884599
vt 0.448442 0.009297
vt 0.448082 0.002146
vt 0.453233 0.001315
vt 0.452614 0.009297
vt 0.059484 0.696153
vt 0.058902 0.692501
vt 0.525285 0.417437
vt 0.524260 0.422269
vt 0.522655 0.420770
vt 0.522986 0.417330
vt 0.192307 0.003250
vt 0.189747 0.003739
vt 0.189960 0.000881
vt 0.192575 0.001693
vt 0.195093 0.002474
vt 0.195239 0.004063
vt 0.011621 0.057078
vt 0.009746 0.058107
vt 0.009746 0.053466
vt 0.010098 0.052723
vt 0.177550 0.027560
vt 0.179662 0.027891
vt 0.223130 0.278913
vt 0.218934 0.278370
vt 0.218934 0.272909
vt 0.222211 0.275167
vt 0.246584 0.717325
vt 0.253346 0.716913
vt 0.051134 0.629878
vt 0.049269 0.625566
vt 0.047296 0.622143
vt 0.051134 0.615566
vt 0.189747 0.006973
vt 0.223130 0.071629
vt 0.220374 0.072052
vt 0.220374 0.068462
vt 0.834414 0.441612
vt 0.002324 0.127249
vt 0.002324 0.134808
vt 0.000661 0.133947
vt 0.200866 0.578744
vt 0.203989 0.578744
vt 0.062505 0.699625
vt 0.506691 0.426825
vt 0.502984 0.429990
vt 0.502984 0.425997
vt 0.233003 0.890614
vt 0.239400 0.899935
vt 0.235813 0.903225
vt 0.233003 0.904142
vt 0.732146 0.232517
vt 0.732146 0.241724
vt 0.729801 0.239711
vt 0.729571 0.236582
vt 0.072052 0.684750
vt 0.875476 0.529934
vt 0.339839 0.918088
vt 0.339445 0.908174
vt 0.348641 0.908174
vt 0.343492 0.916868
vt 0.868676 0.415272
vt 0.871602 0.419347
vt 0.868676 0.425342
vt 0.525285 0.427666
vt 0.521072 0.421929
vt 0.078189 0.276588
vt 0.077561 0.276124
vt 0.077682 0.275715
vt 0.078060 0.275917
vt 0.078390 0.275823
vt 0.078377 0.276185
vt 0.078690 0.275807
vt 0.078599 0.276201
vt 0.078624 0.276417
vt 0.079020 0.276123
vt 0.079025 0.276311
vt 0.079011 0.275807
vt 0.078692 0.275481
vt 0.079001 0.275485
vt 0.078683 0.275159
vt 0.078992 0.275163
vt 0.078383 0.275472
vt 0.078374 0.275151
vt 0.078363 0.274842
vt 0.078673 0.274840
vt 0.078067 0.275465
vt 0.078062 0.275145
vt 0.078053 0.274846
vt 0.078043 0.274546
vt 0.078353 0.274540
vt 0.077721 0.275114
vt 0.077725 0.274839
vt 0.077717 0.274549
vt 0.077704 0.274256
vt 0.078033 0.274246
vt 0.077345 0.274770
vt 0.077356 0.274512
vt 0.077366 0.274250
vt 0.077362 0.273959
vt 0.077693 0.273955
vt 0.076966 0.274445
vt 0.076980 0.274191
vt 0.076995 0.273928
vt 0.077010 0.273662
vt 0.077351 0.273660
vt 0.077339 0.273349
vt 0.077675 0.273324
vt 0.077684 0.273641
vt 0.076997 0.273375
vt 0.076972 0.273069
vt 0.077319 0.273038
vt 0.077294 0.272729
vt 0.077641 0.272699
vt 0.077663 0.273008
vt 0.076948 0.272760
vt 0.076923 0.272450
vt 0.077270 0.272420
vt 0.077252 0.272119
vt 0.077607 0.272097
vt 0.077622 0.272395
vt 0.076898 0.272141
vt 0.077961 0.272075
vt 0.077976 0.272373
vt 0.077991 0.272670
vt 0.078331 0.272349
vt 0.078338 0.272654
vt 0.078332 0.272969
vt 0.078002 0.272985
vt 0.078327 0.273285
vt 0.078010 0.273300
vt 0.078330 0.273602
vt 0.078017 0.273618
vt 0.078336 0.273920
vt 0.078024 0.273936
vt 0.078343 0.274236
vt 0.078653 0.273906
vt 0.078656 0.274223
vt 0.078663 0.274534
vt 0.078983 0.274217
vt 0.078977 0.274531
vt 0.078982 0.274843
vt 0.078989 0.273903
vt 0.078658 0.273591
vt 0.078995 0.273588
vt 0.078664 0.273277
vt 0.079001 0.273274
vt 0.078670 0.272962
vt 0.079007 0.272959
vt 0.078676 0.272647
vt 0.079013 0.272644
vt 0.078681 0.272332
vt 0.079019 0.272329
vt 0.078673 0.272031
vt 0.079025 0.272009
vt 0.078316 0.272053
vt 0.076952 0.274696
vt 0.077333 0.275025
vt 0.076938 0.274946
vt 0.077319 0.275275
vt 0.076924 0.275195
vt 0.077302 0.275540
vt 0.076910 0.275447
vt 0.077259 0.275821
vt 0.076896 0.275703
vt 0.077149 0.275997
vt 0.076882 0.275950
vt 0.077204 0.276120
vt 0.076870 0.276161
vt 0.077706 0.275376
vt 0.464731 0.004649
vt 0.464813 0.004322
vt 0.464854 0.003968
vt 0.464473 0.003286
vt 0.464698 0.002876
vt 0.464854 0.002491
vt 0.002324 0.092392
vt 0.001437 0.102268
vt 0.002076 0.101430
vt 0.001437 0.092188
vt 0.039513 0.785604
vt 0.037685 0.783817
vt 0.039513 0.776119
vt 0.038801 0.776390
vt 0.038333 0.777156
vt 0.329848 0.803534
vt 0.331329 0.809788
vt 0.328454 0.809945
vt 0.328760 0.804429
vt 0.429498 0.323074
vt 0.429498 0.317477
vt 0.431419 0.316422
vt 0.432315 0.320986
vt 0.327542 0.805430
vt 0.326889 0.809621
vt 0.330731 0.822792
vt 0.324357 0.820448
vt 0.324393 0.817933
vt 0.332371 0.817731
vt 0.327328 0.814147
vt 0.332019 0.814353
vt 0.324357 0.813442
vt 0.044645 0.095801
vt 0.044601 0.095086
vt 0.045509 0.095153
vt 0.045233 0.096146
vt 0.044840 0.096827
vt 0.044230 0.096094
vt 0.043928 0.095164
vt 0.043660 0.094246
vt 0.044590 0.094246
vt 0.045526 0.094246
vt 0.046485 0.094246
vt 0.046164 0.095345
vt 0.045842 0.096447
vt 0.045499 0.097619
vt 0.436963 0.191019
vt 0.436963 0.196847
vt 0.432562 0.197403
vt 0.432548 0.192713
vt 0.291952 0.694308
vt 0.291712 0.689143
vt 0.297507 0.688994
vt 0.297507 0.694957
vt 0.462373 0.293965
vt 0.463304 0.290001
vt 0.467125 0.290001
vt 0.467179 0.295183
vt 0.652260 0.925045
vt 0.652289 0.927898
vt 0.650285 0.929709
vt 0.649424 0.925130
vt 0.428975 0.193514
vt 0.428927 0.197454
vt 0.649606 0.920627
vt 0.653121 0.922042
vt 0.529740 0.013196
vt 0.525099 0.016270
vt 0.522248 0.011871
vt 0.529934 0.009314
vt 0.280490 0.206555
vt 0.283561 0.206184
vt 0.283561 0.211068
vt 0.279962 0.211509
vt 0.627652 0.356574
vt 0.632202 0.356000
vt 0.632202 0.361709
vt 0.626589 0.362586
vt 0.435145 0.202212
vt 0.432371 0.201254
vt 0.347530 0.906331
vt 0.344517 0.906466
vt 0.345165 0.901463
vt 0.348641 0.901986
vt 0.646480 0.929432
vt 0.645843 0.925086
vt 0.251982 0.909647
vt 0.252137 0.912801
vt 0.248512 0.913423
vt 0.248246 0.909095
vt 0.248881 0.905203
vt 0.253346 0.907287
vt 0.301481 0.578828
vt 0.304244 0.578727
vt 0.304070 0.583392
vt 0.300090 0.581511
vt 0.246721 0.901449
vt 0.249994 0.901852
vt 0.245193 0.904936
vt 0.527048 0.000677
vt 0.529906 0.003140
vt 0.528297 0.006151
vt 0.526951 0.003746
vt 0.522248 0.007061
vt 0.523766 0.004148
vt 0.341108 0.896873
vt 0.342840 0.893815
vt 0.346033 0.893175
vt 0.345827 0.897126
vt 0.341555 0.901732
vt 0.245215 0.909014
vt 0.245193 0.913439
vt 0.087702 0.919540
vt 0.088322 0.924451
vt 0.083065 0.925060
vt 0.083294 0.919041
vt 0.085538 0.915037
vt 0.088322 0.916237
vt 0.309128 0.577703
vt 0.309128 0.583296
vt 0.303379 0.573700
vt 0.307442 0.573284
vt 0.292257 0.684194
vt 0.297451 0.684216
vt 0.269616 0.682570
vt 0.269616 0.687985
vt 0.264990 0.687035
vt 0.264941 0.682405
vt 0.644830 0.920627
vt 0.341108 0.905854
vt 0.082961 0.011621
vt 0.080505 0.011044
vt 0.080187 0.007891
vt 0.083674 0.007891
vt 0.130159 0.191188
vt 0.129605 0.192169
vt 0.129199 0.190170
vt 0.130159 0.189228
vt 0.130159 0.186532
vt 0.129075 0.187968
vt 0.128484 0.192915
vt 0.128288 0.190788
vt 0.128241 0.189167
vt 0.101923 0.134808
vt 0.100970 0.133778
vt 0.101081 0.131165
vt 0.102268 0.131508
vt 0.099103 0.131760
vt 0.099103 0.130407
vt 0.100026 0.130684
vt 0.100035 0.132767
vt 0.102145 0.128081
vt 0.102199 0.129595
vt 0.101037 0.129319
vt 0.101227 0.127812
vt 0.099103 0.127188
vt 0.100149 0.127495
vt 0.100026 0.129000
vt 0.099103 0.128855
vt 0.731393 0.144057
vt 0.730815 0.142922
vt 0.732845 0.143170
vt 0.732469 0.144969
vt 0.729999 0.139768
vt 0.732192 0.138885
vt 0.732527 0.140136
vt 0.730264 0.140792
vt 0.734195 0.146429
vt 0.734313 0.143671
vt 0.734470 0.137968
vt 0.734470 0.139826
vt 0.734455 0.141756
vt 0.732718 0.141666
vt 0.730523 0.141792
vt 0.510378 0.457460
vt 0.509766 0.457956
vt 0.509541 0.457211
vt 0.510395 0.456765
vt 0.511290 0.456504
vt 0.511148 0.457566
vt 0.511340 0.458670
vt 0.232427 0.053305
vt 0.231953 0.053458
vt 0.231715 0.052605
vt 0.232405 0.052466
vt 0.214407 0.310328
vt 0.214003 0.309675
vt 0.215101 0.308927
vt 0.215293 0.310101
vt 0.190590 0.010688
vt 0.190590 0.011595
vt 0.189705 0.011621
vt 0.190077 0.010673
vt 0.216157 0.308486
vt 0.216157 0.309965
vt 0.216157 0.311452
vt 0.215162 0.310846
vt 0.214700 0.307943
vt 0.216157 0.306834
vt 0.213596 0.308784
vt 0.232427 0.051394
vt 0.231654 0.051836
vt 0.511340 0.454796
vt 0.511335 0.455555
vt 0.510416 0.455969
vt 0.510358 0.455244
vt 0.509443 0.456422
vt 0.509343 0.455707
vt 0.089841 0.120862
vt 0.089841 0.120181
vt 0.090647 0.119912
vt 0.090510 0.120688
vt 0.682768 0.418835
vt 0.682910 0.419645
vt 0.682316 0.419793
vt 0.682175 0.418948
vt 0.681566 0.419948
vt 0.681445 0.419086
vt 0.680726 0.420057
vt 0.680726 0.419222
vt 0.681622 0.420794
vt 0.680726 0.420881
vt 0.681670 0.421650
vt 0.680726 0.421741
vt 0.682567 0.420592
vt 0.682700 0.421532
vt 0.682344 0.423018
vt 0.681574 0.422827
vt 0.683176 0.420377
vt 0.683336 0.421452
vt 0.509644 0.460206
vt 0.508804 0.458625
vt 0.508812 0.457553
vt 0.090610 0.119147
vt 0.089853 0.119429
vt 0.680726 0.422616
vt 0.639175 0.359347
vt 0.639058 0.360451
vt 0.638089 0.360373
vt 0.638131 0.358422
vt 0.636189 0.356702
vt 0.637073 0.357485
vt 0.637249 0.360472
vt 0.636189 0.360779
vt 0.638934 0.361628
vt 0.638331 0.362073
vt 0.001172 0.278913
vt 0.001172 0.276134
vt 0.002324 0.276785
vt 0.002015 0.278853
vt 0.637635 0.362586
vt 0.145992 0.569768
vt 0.146429 0.573134
vt 0.145869 0.572937
vt 0.146241 0.570354
vt 0.086537 0.143661
vt 0.086763 0.142991
vt 0.086944 0.144745
vt 0.086230 0.144687
vt 0.085710 0.146429
vt 0.086682 0.146368
vt 0.146429 0.576419
vt 0.145365 0.575460
vt 0.144681 0.574842
vt 0.145411 0.572702
vt 0.145938 0.195235
vt 0.146025 0.192952
vt 0.145913 0.192781
vt 0.146429 0.195239
vt 0.144191 0.574400
vt 0.144966 0.572482
vt 0.145463 0.195239
vt 0.146098 0.193063
vt 0.062755 0.044139
vt 0.062755 0.046332
vt 0.062639 0.046447
vt 0.062491 0.044282
vt 0.062030 0.046485
vt 0.062195 0.044443
vt 0.086892 0.142739
vt 0.087559 0.144739
vt 0.088033 0.144536
vt 0.088057 0.146281
vt 0.087461 0.146318
vt 0.087954 0.144398
vt 0.088322 0.146429
vt 0.005504 0.590365
vt 0.003984 0.590365
vt 0.004242 0.588206
vt 0.006157 0.588421
vt 0.234751 0.145108
vt 0.233909 0.148444
vt 0.231867 0.148753
vt 0.231867 0.145939
vt 0.263247 0.257994
vt 0.263284 0.255354
vt 0.264967 0.254995
vt 0.264967 0.257394
vt 0.000875 0.584382
vt 0.002846 0.583547
vt 0.002574 0.586063
vt 0.000777 0.586143
vt 0.002360 0.588164
vt 0.000606 0.588245
vt 0.005105 0.583330
vt 0.004807 0.585993
vt 0.002255 0.590365
vt 0.006973 0.586265
vt 0.285505 0.226394
vt 0.285691 0.228312
vt 0.283443 0.227795
vt 0.283819 0.229751
vt 0.283532 0.231980
vt 0.280850 0.231091
vt 0.281635 0.229382
vt 0.285885 0.230313
vt 0.285885 0.232427
vt 0.298617 0.043873
vt 0.301048 0.043110
vt 0.300897 0.045797
vt 0.298798 0.046110
vt 0.303305 0.045799
vt 0.301942 0.048768
vt 0.300490 0.048789
vt 0.298617 0.048810
vt 0.304480 0.041731
vt 0.489138 0.307204
vt 0.490065 0.307347
vt 0.490161 0.308535
vt 0.489138 0.308572
vt 0.292858 0.137080
vt 0.292858 0.138254
vt 0.291610 0.138308
vt 0.291729 0.137017
vt 0.489138 0.311452
vt 0.489138 0.309975
vt 0.490207 0.309881
vt 0.490398 0.311085
vt 0.492746 0.310402
vt 0.491591 0.310738
vt 0.491355 0.309630
vt 0.492532 0.309527
vt 0.491209 0.308533
vt 0.291662 0.139456
vt 0.292858 0.139394
vt 0.290576 0.138245
vt 0.290623 0.136956
vt 0.287929 0.016270
vt 0.288090 0.015326
vt 0.289151 0.015488
vt 0.289225 0.016270
vt 0.222376 0.002324
vt 0.222376 0.001027
vt 0.223130 0.001007
vt 0.222971 0.002077
vt 0.048810 0.011621
vt 0.048104 0.011341
vt 0.048016 0.010634
vt 0.048810 0.010690
vt 0.000638 0.087669
vt 0.000638 0.086778
vt 0.001571 0.087009
vt 0.001289 0.087966
vt 0.002324 0.087396
vt 0.002071 0.088322
vt 0.000638 0.085823
vt 0.001699 0.086119
vt 0.011487 0.060287
vt 0.010810 0.060431
vt 0.010810 0.059490
vt 0.011621 0.059427
vt 0.289210 0.014618
vt 0.288242 0.014430
vt 0.288393 0.013548
vt 0.289217 0.013812
vt 0.290206 0.014803
vt 0.290422 0.015517
vt 0.000638 0.085056
vt 0.001535 0.085452
vt 0.290534 0.016270
vt 0.054710 0.515988
vt 0.054794 0.515545
vt 0.055969 0.515052
vt 0.055903 0.515954
vt 0.058107 0.515891
vt 0.057028 0.515922
vt 0.057062 0.514894
vt 0.058107 0.514731
vt 0.228649 0.148160
vt 0.228649 0.146803
vt 0.229463 0.147073
vt 0.229139 0.148391
vt 0.058107 0.512084
vt 0.058107 0.513507
vt 0.057119 0.513750
vt 0.057027 0.512992
vt 0.228649 0.145443
vt 0.229451 0.145864
vt 0.055975 0.514314
vt 0.230103 0.147559
vt 0.229905 0.148753
vt 0.283561 0.016270
vt 0.282144 0.016189
vt 0.281970 0.015101
vt 0.283343 0.015127
vt 0.282953 0.013077
vt 0.283123 0.013971
vt 0.281747 0.013940
vt 0.281837 0.012648
vt 0.279571 0.016041
vt 0.279571 0.014724
vt 0.280681 0.014952
vt 0.280838 0.016114
vt 0.279571 0.011777
vt 0.280768 0.012237
vt 0.280598 0.013606
vt 0.279571 0.013302
vt 0.209184 0.688678
vt 0.206561 0.692441
vt 0.204503 0.690379
vt 0.206791 0.686739
vt 0.204204 0.695149
vt 0.202553 0.692616
vt 0.208896 0.697994
vt 0.204460 0.698530
vt 0.207866 0.710649
vt 0.206031 0.710542
vt 0.205579 0.705908
vt 0.209184 0.705675
vt 0.198400 0.703238
vt 0.201378 0.702602
vt 0.202644 0.706328
vt 0.199972 0.707230
vt 0.196696 0.708571
vt 0.195504 0.705734
vt 0.197340 0.701726
vt 0.199786 0.699289
vt 0.200273 0.695677
vt 0.204886 0.701945
vt 0.197811 0.711227
vt 0.200831 0.710726
vt 0.203748 0.710408
vt 0.208761 0.701326
vt 0.171594 0.025601
vt 0.172973 0.026700
vt 0.171968 0.027891
vt 0.171027 0.027752
vt 0.169625 0.027544
vt 0.169540 0.025765
vt 0.168626 0.023492
vt 0.170865 0.023133
vt 0.173920 0.023859
vt 0.174320 0.025102
vt 0.173423 0.022316
vt 0.170371 0.020600
vt 0.173028 0.021087
vt 0.167244 0.021247
vt 0.292858 0.062791
vt 0.292727 0.065075
vt 0.290074 0.065432
vt 0.289852 0.062974
vt 0.292858 0.067404
vt 0.290648 0.067123
vt 0.167244 0.025807
vt 0.168195 0.027020
vt 0.000713 0.195239
vt 0.000713 0.193596
vt 0.001540 0.193376
vt 0.001487 0.194512
vt 0.099944 0.039513
vt 0.099362 0.039427
vt 0.099169 0.037711
vt 0.099944 0.037748
vt 0.000713 0.192264
vt 0.001415 0.191908
vt 0.099944 0.036052
vt 0.099034 0.036362
vt 0.100784 0.013599
vt 0.101956 0.013677
vt 0.102036 0.014491
vt 0.100784 0.014559
vt 0.102151 0.015199
vt 0.100784 0.015430
vt 0.102268 0.015835
vt 0.100784 0.016270
vt 0.132187 0.185611
vt 0.132483 0.187086
vt 0.132115 0.187163
vt 0.132115 0.185748
vt 0.032540 0.203596
vt 0.032521 0.205029
vt 0.031734 0.205281
vt 0.031843 0.204063
vt 0.002245 0.191487
vt 0.002324 0.192940
vt 0.032540 0.206174
vt 0.031709 0.206512
vt 0.030851 0.206860
vt 0.030915 0.205652
vt 0.132351 0.188266
vt 0.132452 0.188130
vt 0.097564 0.039161
vt 0.097074 0.038308
vt 0.097663 0.038006
vt 0.098096 0.039239
vt 0.098323 0.037683
vt 0.098706 0.039329
vt 0.162699 0.561999
vt 0.162699 0.564581
vt 0.162126 0.564515
vt 0.162699 0.567122
vt 0.161982 0.566078
vt 0.504367 0.419133
vt 0.504367 0.423018
vt 0.503652 0.423007
vt 0.502644 0.419417
vt 0.504346 0.221523
vt 0.505617 0.222370
vt 0.505411 0.223755
vt 0.504346 0.223648
vt 0.504346 0.225454
vt 0.505502 0.225277
vt 0.504749 0.401800
vt 0.505350 0.401243
vt 0.505861 0.402504
vt 0.504749 0.403114
vt 0.506171 0.400482
vt 0.506691 0.401803
vt 0.506691 0.225094
vt 0.506543 0.223899
vt 0.506077 0.403784
vt 0.504749 0.404423
vt 0.503627 0.184738
vt 0.502629 0.184708
vt 0.502629 0.184060
vt 0.503449 0.184010
vt 0.230103 0.088322
vt 0.229490 0.087932
vt 0.229372 0.086853
vt 0.230103 0.086758
vt 0.503393 0.185325
vt 0.502629 0.185347
vt 0.030847 0.009948
vt 0.031514 0.008739
vt 0.032540 0.009176
vt 0.032295 0.009901
vt 0.032195 0.010302
vt 0.031278 0.010506
vt 0.032024 0.010844
vt 0.031529 0.011073
vt 0.291232 0.071371
vt 0.291761 0.071348
vt 0.291732 0.072406
vt 0.291115 0.072002
vt 0.032540 0.011101
vt 0.031896 0.011621
vt 0.046485 0.067232
vt 0.045889 0.067404
vt 0.045889 0.066619
vt 0.046351 0.066929
vt 0.055636 0.037188
vt 0.055241 0.037176
vt 0.055241 0.036678
vt 0.055783 0.036572
vt 0.290498 0.071525
vt 0.290886 0.072701
vt 0.290270 0.072177
vt 0.291503 0.073225
vt 0.292333 0.072677
vt 0.292111 0.073742
vt 0.292858 0.072756
vt 0.292858 0.074377
vt 0.292147 0.071305
vt 0.292858 0.071291
vt 0.502629 0.185942
vt 0.503165 0.185893
vt 0.183618 0.019928
vt 0.183468 0.020918
vt 0.183105 0.020638
vt 0.183105 0.019654
vt 0.504359 0.182914
vt 0.503480 0.183367
vt 0.503478 0.182594
vt 0.504367 0.182542
vt 0.132473 0.028994
vt 0.132484 0.029894
vt 0.132128 0.030216
vt 0.132128 0.029766
vt 0.174045 0.187223
vt 0.174320 0.187589
vt 0.174320 0.188266
vt 0.173939 0.188055
vt 0.134387 0.185063
vt 0.134808 0.185063
vt 0.134533 0.185942
vt 0.032540 0.051707
vt 0.031669 0.053458
vt 0.031669 0.051460
vt 0.001338 0.231242
vt 0.001485 0.228982
vt 0.002271 0.230720
vt 0.002324 0.234751
vt 0.002324 0.228610
vt 0.002252 0.228885
vt 0.111132 0.020864
vt 0.111153 0.020500
vt 0.111565 0.020254
vt 0.111565 0.020918
vt 0.502629 0.182030
vt 0.503343 0.182013
vt 0.502629 0.182693
vt 0.502629 0.183388
vt 0.069138 0.135688
vt 0.069625 0.133739
vt 0.071825 0.134621
vt 0.071434 0.137340
vt 0.072440 0.127097
vt 0.074078 0.126714
vt 0.072915 0.129796
vt 0.071262 0.129231
vt 0.074377 0.139456
vt 0.073737 0.135588
vt 0.460206 0.255950
vt 0.460206 0.260039
vt 0.458713 0.260318
vt 0.458612 0.257351
vt 0.074377 0.130105
vt 0.073716 0.132704
vt 0.072144 0.132206
vt 0.070163 0.131589
vt 0.279322 0.060293
vt 0.278993 0.058807
vt 0.282134 0.058633
vt 0.282432 0.061460
vt 0.285885 0.053059
vt 0.285062 0.054555
vt 0.282334 0.053703
vt 0.283469 0.051588
vt 0.285885 0.062755
vt 0.284519 0.058672
vt 0.281134 0.050167
vt 0.279484 0.052392
vt 0.281647 0.055783
vt 0.278642 0.055305
vt 0.284200 0.056120
vt 0.221349 0.144192
vt 0.222123 0.144427
vt 0.222369 0.145824
vt 0.221349 0.145752
vt 0.283561 0.222897
vt 0.283561 0.224198
vt 0.282403 0.223924
vt 0.282791 0.222550
vt 0.221349 0.148753
vt 0.221349 0.147262
vt 0.222455 0.147289
vt 0.222641 0.148575
vt 0.225454 0.148185
vt 0.224025 0.148383
vt 0.223725 0.147201
vt 0.224811 0.147055
vt 0.223367 0.145902
vt 0.282482 0.225241
vt 0.283561 0.225454
vt 0.281587 0.223509
vt 0.281809 0.222107
vt 0.688000 0.511208
vt 0.688674 0.511745
vt 0.687271 0.512747
vt 0.686939 0.511622
vt 0.686933 0.510133
vt 0.688363 0.510069
vt 0.689468 0.510338
vt 0.688621 0.508848
vt 0.690309 0.508848
vt 0.687073 0.508848
vt 0.685681 0.510362
vt 0.685589 0.508848
vt 0.685776 0.511946
vt 0.685880 0.513664
vt 0.920720 0.262643
vt 0.918425 0.262641
vt 0.919066 0.259460
vt 0.921709 0.260379
vt 0.916442 0.262639
vt 0.916128 0.259268
vt 0.915486 0.252648
vt 0.921488 0.252648
vt 0.920038 0.256523
vt 0.915868 0.256351
vt 0.076701 0.008844
vt 0.076701 0.015953
vt 0.074312 0.016270
vt 0.072471 0.011074
vt 0.923325 0.257933
vt 0.925060 0.252775
vt 0.083742 0.259646
vt 0.085998 0.258052
vt 0.085998 0.260906
vt 0.083882 0.262643
vt 0.126451 0.373802
vt 0.127835 0.376195
vt 0.126451 0.378856
vt 0.435998 0.213599
vt 0.435234 0.213671
vt 0.435351 0.212151
vt 0.436453 0.212105
vt 0.433503 0.213833
vt 0.433384 0.212524
vt 0.434357 0.212311
vt 0.434386 0.213750
vt 0.436963 0.206812
vt 0.436963 0.210171
vt 0.435622 0.210431
vt 0.435675 0.207921
vt 0.433163 0.210084
vt 0.434418 0.209004
vt 0.434363 0.210882
vt 0.433267 0.211223
vt 0.067005 0.276147
vt 0.067619 0.276147
vt 0.067560 0.277542
vt 0.066995 0.277461
vt 0.069548 0.276147
vt 0.069728 0.277134
vt 0.068934 0.277397
vt 0.068921 0.276147
vt 0.278908 0.062531
vt 0.278913 0.064673
vt 0.277974 0.065080
vt 0.277974 0.062470
vt 0.268166 0.088037
vt 0.269616 0.085440
vt 0.269616 0.088322
vt 0.269092 0.087970
vt 0.281237 0.063815
vt 0.281237 0.065080
vt 0.280765 0.064885
vt 0.280636 0.064152
vt 0.018594 0.288210
vt 0.017401 0.287636
vt 0.017360 0.286835
vt 0.018496 0.286892
vt 0.099944 0.141781
vt 0.099299 0.141632
vt 0.099293 0.140715
vt 0.099944 0.140535
vt 0.018409 0.285721
vt 0.017312 0.285721
vt 0.016172 0.286602
vt 0.016230 0.285721
vt 0.144105 0.021825
vt 0.144105 0.023167
vt 0.143234 0.023243
vt 0.143323 0.021858
vt 0.183618 0.027801
vt 0.182726 0.027891
vt 0.182870 0.026694
vt 0.183618 0.026597
vt 0.067577 0.278913
vt 0.068289 0.277469
vt 0.068208 0.278853
vt 0.069046 0.278570
vt 0.068281 0.276147
vt 0.101982 0.175619
vt 0.102268 0.176254
vt 0.101528 0.176645
vt 0.101528 0.175635
vt 0.848359 0.395980
vt 0.847189 0.398677
vt 0.846726 0.398691
vt 0.846290 0.401285
vt 0.845091 0.401407
vt 0.846964 0.403773
vt 0.843835 0.404371
vt 0.839063 0.405149
vt 0.837949 0.401562
vt 0.843526 0.407513
vt 0.838989 0.407731
vt 0.843485 0.410445
vt 0.839232 0.412006
vt 0.843315 0.413720
vt 0.848359 0.409554
vt 0.846497 0.412304
vt 0.847771 0.406608
vt 0.288210 0.918808
vt 0.286297 0.919396
vt 0.286866 0.917869
vt 0.284358 0.919993
vt 0.285349 0.916810
vt 0.283971 0.915848
vt 0.283302 0.917597
vt 0.281452 0.917356
vt 0.282603 0.914893
vt 0.280120 0.916754
vt 0.282043 0.912617
vt 0.284352 0.911640
vt 0.285076 0.914147
vt 0.288210 0.910044
vt 0.287529 0.913406
vt 0.095295 0.276588
vt 0.093423 0.275356
vt 0.094366 0.273680
vt 0.095295 0.273872
vt 0.095295 0.272028
vt 0.280630 0.920404
vt 0.278387 0.920412
vt 0.282707 0.920397
vt 0.647927 0.007723
vt 0.646459 0.008464
vt 0.645641 0.007414
vt 0.646747 0.006277
vt 0.647537 0.005865
vt 0.648224 0.007082
vt 0.037188 0.151078
vt 0.036591 0.150523
vt 0.036697 0.149404
vt 0.037188 0.149504
vt 0.647982 0.009271
vt 0.647109 0.009297
vt 0.648472 0.004460
vt 0.645782 0.004048
vt 0.646198 0.002825
vt 0.645403 0.005160
vt 0.644941 0.006515
vt 0.041376 0.061060
vt 0.041837 0.062096
vt 0.041376 0.062755
vt 0.029852 0.053526
vt 0.030216 0.055232
vt 0.029852 0.055783
vt 0.101928 0.161422
vt 0.102268 0.163627
vt 0.101928 0.165023
vt 0.648472 0.009256
vt 0.060063 0.912761
vt 0.059406 0.910891
vt 0.062755 0.911220
vt 0.062594 0.914193
vt 0.058873 0.913864
vt 0.057379 0.911032
vt 0.060453 0.917025
vt 0.058244 0.920412
vt 0.056104 0.915130
vt 0.055327 0.911344
vt 0.055327 0.908443
vt 0.057182 0.908597
vt 0.059028 0.908751
vt 0.061117 0.909461
vt 0.132842 0.703472
vt 0.134207 0.698677
vt 0.133395 0.702167
vt 0.135232 0.702957
vt 0.139856 0.704947
vt 0.131689 0.705230
vt 0.128528 0.704962
vt 0.127250 0.700321
vt 0.132363 0.694768
vt 0.127298 0.694857
vt 0.133820 0.689096
vt 0.140954 0.690869
vt 0.127250 0.688002
vt 0.144105 0.693704
vt 0.134818 0.697079
vt 0.050301 0.034686
vt 0.049324 0.034301
vt 0.050537 0.031467
vt 0.050645 0.032651
vt 0.051134 0.036796
vt 0.049300 0.037188
vt 0.051134 0.029487
vt 0.050846 0.029920
vt 0.048810 0.890206
vt 0.048810 0.902169
vt 0.044489 0.904142
vt 0.041546 0.895882
vt 0.309403 0.888113
vt 0.314737 0.892437
vt 0.316101 0.901818
vt 0.309403 0.901231
vt 0.016270 0.471827
vt 0.015915 0.468390
vt 0.016270 0.466717
vt 0.129447 0.706579
vt 0.308199 0.542871
vt 0.311204 0.541580
vt 0.311452 0.543598
vt 0.309454 0.546204
vt 0.682429 0.175536
vt 0.685623 0.176027
vt 0.684658 0.178945
vt 0.683163 0.178384
vt 0.305183 0.541557
vt 0.305341 0.538371
vt 0.308284 0.539252
vt 0.310906 0.539161
vt 0.687985 0.177232
vt 0.686179 0.179182
vt 0.540829 0.306804
vt 0.538056 0.306804
vt 0.537581 0.302606
vt 0.541555 0.301465
vt 0.683687 0.180199
vt 0.682767 0.179703
vt 0.682429 0.181293
vt 0.682464 0.180868
vt 0.306927 0.546204
vt 0.102111 0.101316
vt 0.102268 0.102989
vt 0.102111 0.104592
vt 0.287509 0.476660
vt 0.288210 0.480764
vt 0.287509 0.483449
vt 0.051134 0.274264
vt 0.048462 0.272235
vt 0.048677 0.271743
vt 0.046782 0.270329
vt 0.047800 0.269165
vt 0.045845 0.268980
vt 0.046770 0.267656
vt 0.047246 0.266221
vt 0.048741 0.267279
vt 0.049933 0.268354
vt 0.049546 0.264707
vt 0.051134 0.265115
vt 0.047878 0.264277
vt 0.045561 0.264984
vt 0.045789 0.263739
vt 0.045300 0.266415
vt 0.045042 0.267825
vt 0.734398 0.000824
vt 0.734470 0.005324
vt 0.732557 0.005649
vt 0.732622 0.002077
vt 0.733132 0.011621
vt 0.731550 0.010860
vt 0.732387 0.008357
vt 0.733957 0.008579
vt 0.728735 0.004820
vt 0.730690 0.003440
vt 0.730692 0.006113
vt 0.728735 0.006365
vt 0.728735 0.009506
vt 0.728735 0.008050
vt 0.730712 0.008074
vt 0.730164 0.010194
vt 0.025567 0.269543
vt 0.025396 0.271450
vt 0.023593 0.271940
vt 0.023593 0.268390
vt 0.068742 0.119766
vt 0.069728 0.120353
vt 0.068742 0.120862
vt 0.034864 0.155726
vt 0.033789 0.154299
vt 0.034864 0.152730
vt 0.169738 0.692714
vt 0.172116 0.697482
vt 0.166302 0.697569
vt 0.165754 0.692192
vt 0.165754 0.687879
vt 0.170952 0.689559
vt 0.174320 0.692807
vt 0.281638 0.202280
vt 0.280209 0.201833
vt 0.280209 0.198594
vt 0.282959 0.200815
vt 0.283561 0.203327
vt 0.281833 0.203950
vt 0.280209 0.204536
vt 0.462426 0.422552
vt 0.462849 0.420010
vt 0.464800 0.420416
vt 0.463201 0.422485
vt 0.468907 0.420010
vt 0.469503 0.424545
vt 0.467670 0.427666
vt 0.463145 0.426276
vt 0.417377 0.238264
vt 0.420693 0.236747
vt 0.420693 0.241724
vt 0.418561 0.241366
vt 0.168507 0.701930
vt 0.300061 0.561748
vt 0.302155 0.559937
vt 0.302155 0.563782
vt 0.300201 0.564798
vt 0.161789 0.473811
vt 0.164820 0.475090
vt 0.165023 0.478800
vt 0.161789 0.478115
vt 0.504367 0.175032
vt 0.504367 0.178969
vt 0.502189 0.177022
vt 0.503683 0.175020
vt 0.318425 0.848359
vt 0.316844 0.847918
vt 0.315287 0.845182
vt 0.318425 0.843832
vt 0.295338 0.827441
vt 0.295381 0.823122
vt 0.296762 0.821312
vt 0.297507 0.824686
vt 0.503424 0.214425
vt 0.506691 0.214564
vt 0.506691 0.218482
vt 0.503546 0.217573
vt 0.490421 0.298863
vt 0.490285 0.302178
vt 0.487332 0.302276
vt 0.489593 0.299185
vt 0.068937 0.124889
vt 0.068445 0.125511
vt 0.068445 0.121961
vt 0.069728 0.123019
vt 0.490421 0.304000
vt 0.489005 0.306804
vt 0.061629 0.023243
vt 0.060954 0.022752
vt 0.060954 0.018414
vt 0.062755 0.020189
vt 0.180769 0.910934
vt 0.184824 0.907616
vt 0.185402 0.908761
vt 0.181990 0.912014
vt 0.180175 0.907228
vt 0.183346 0.906336
vt 0.076476 0.134808
vt 0.076476 0.132407
vt 0.079025 0.131906
vt 0.077563 0.134777
vt 0.296170 0.818787
vt 0.295338 0.819492
vt 0.318217 0.839959
vt 0.316228 0.840730
vt 0.186780 0.910286
vt 0.184417 0.913689
vt 0.182807 0.916832
vt 0.180175 0.915816
vt 0.188455 0.911990
vt 0.187178 0.915269
vt 0.186038 0.917823
vt 0.190460 0.916294
vt 0.190317 0.918087
vt 0.190590 0.914674
vt 0.347406 0.868942
vt 0.346665 0.871323
vt 0.344391 0.871003
vt 0.344180 0.869371
vt 0.344031 0.867736
vt 0.347554 0.867750
vt 0.348412 0.869499
vt 0.348641 0.871602
vt 0.348191 0.857787
vt 0.345217 0.857506
vt 0.345711 0.855882
vt 0.348004 0.855215
vt 0.348248 0.860660
vt 0.344684 0.860709
vt 0.027779 0.222518
vt 0.027659 0.219962
vt 0.030028 0.219359
vt 0.030216 0.222749
vt 0.348641 0.863760
vt 0.344769 0.862915
vt 0.347970 0.866111
vt 0.344475 0.865274
vt 0.220787 0.017626
vt 0.223130 0.017791
vt 0.223130 0.019111
vt 0.220942 0.019547
vt 0.222446 0.020918
vt 0.027659 0.225454
vt 0.123186 0.469503
vt 0.122173 0.468378
vt 0.121960 0.466493
vt 0.123186 0.465649
vt 0.121141 0.467219
vt 0.508762 0.125431
vt 0.509803 0.125015
vt 0.509876 0.126531
vt 0.508414 0.126593
vt 0.507339 0.126307
vt 0.508153 0.124892
vt 0.509448 0.123870
vt 0.510758 0.122946
vt 0.510965 0.124684
vt 0.511156 0.126292
vt 0.511340 0.127835
vt 0.509802 0.127835
vt 0.508203 0.127835
vt 0.506460 0.127835
vt 0.065080 0.086161
vt 0.065080 0.088322
vt 0.064073 0.086973
vt 0.065080 0.084000
vt 0.294300 0.786265
vt 0.610798 0.360215
vt 0.610809 0.360290
vt 0.246373 0.000948
vt 0.248682 0.048063
vt 0.248697 0.048280
vt 0.611276 0.360011
vt 0.611264 0.360094
vt 0.611274 0.359922
vt 0.099944 0.192915
vt 0.099839 0.192828
vt 0.099944 0.191971
vt 0.239343 0.073928
vt 0.239400 0.073976
vt 0.239400 0.074377
vt 0.090647 0.260319
vt 0.090606 0.260207
vt 0.090647 0.260050
vt 0.009297 0.021036
vt 0.009297 0.023243
vt 0.009137 0.023038
vt 0.102268 0.170432
vt 0.102034 0.171996
vt 0.102034 0.170026
vt 0.009178 0.013946
vt 0.009178 0.012242
vt 0.009297 0.013920
vt 0.076701 0.037188
vt 0.102163 0.057567
vt 0.102268 0.055710
vt 0.102268 0.058107
vt 0.611277 0.359831
vt 0.048501 0.055783
vt 0.048501 0.053889
vt 0.048810 0.054264
vt 0.039513 0.134808
vt 0.039427 0.134543
vt 0.039513 0.132755
vt 0.002291 0.267177
vt 0.102268 0.248697
vt 0.102214 0.248588
vt 0.102182 0.248437
vt 0.102179 0.246359
vt 0.102209 0.246295
vt 0.104592 0.237076
vt 0.104576 0.237009
vt 0.104486 0.236750
vt 0.104560 0.234429
vt 0.104592 0.234363
vt 0.004004 0.209184
vt 0.004004 0.207189
vt 0.004649 0.208377
vt 0.016270 0.304267
vt 0.420223 0.400340
vt 0.290700 0.095295
vt 0.155726 0.195239
vt 0.155706 0.195075
vt 0.155726 0.194529
vt 0.611284 0.359744
vt 0.420693 0.168098
vt 0.420693 0.171996
vt 0.420401 0.171737
vt 0.419793 0.169513
vt 0.085998 0.048810
vt 0.085954 0.048674
vt 0.085953 0.047538
vt 0.085998 0.047337
vt 0.230103 0.058107
vt 0.230088 0.058058
vt 0.230003 0.055813
vt 0.230103 0.055276
vt 0.701846 0.270320
vt 0.701883 0.270275
vt 0.702617 0.270234
vt 0.702561 0.270292
vt 0.609385 0.362651
vt 0.211509 0.265339
vt 0.034864 0.181564
vt 0.013876 0.151078
vt 0.013848 0.148757
vt 0.013881 0.148712
vt 0.013946 0.150805
vt 0.013874 0.150957
vt 0.036874 0.025567
vt 0.036874 0.023679
vt 0.037188 0.024036
vt 0.239309 0.073818
vt 0.239255 0.074305
vt 0.211509 0.188266
vt 0.211462 0.188145
vt 0.211468 0.187533
vt 0.211509 0.187183
vt 0.703535 0.271148
vt 0.213350 0.293857
vt 0.213566 0.293668
vt 0.213833 0.293347
vt 0.213815 0.293410
vt 0.213833 0.295183
vt 0.418369 0.006973
vt 0.418286 0.006710
vt 0.418337 0.004861
vt 0.418369 0.004798
vt 0.102237 0.246239
vt 0.102268 0.246174
vt 0.086215 0.032540
vt 0.086215 0.026147
vt 0.088322 0.028568
vt 0.018187 0.457882
vt 0.018163 0.457782
vt 0.018163 0.453266
vt 0.018594 0.456132
vt 0.013785 0.148853
vt 0.013818 0.148809
vt 0.013912 0.148659
vt 0.013946 0.148614
vt 0.283561 0.197563
vt 0.301761 0.425342
vt 0.301761 0.423192
vt 0.302155 0.423649
vt 0.702231 0.272009
vt 0.702119 0.271232
vt 0.702035 0.270998
vt 0.702228 0.270650
vt 0.702286 0.270598
vt 0.702338 0.270531
vt 0.702392 0.270465
vt 0.702869 0.270351
vt 0.703437 0.270464
vt 0.703870 0.271532
vt 0.703885 0.273015
vt 0.704254 0.274264
s 1
usemtl tripo_mat_191790b1-bd67-411e-bea2-29a8b29ddab1
f 1/1 308/2 309/3 2/4
f 1/5 2/6 310/7 311/8
f 2/6 309/9 312/10 313/11
f 2/6 313/11 24/12 310/7
f 3/13 314/14 315/15 4/16
f 3/17 316/18 317/19 314/20
f 4/16 315/15 318/21 319/22
f 3/23 4/24 319/25 316/26
f 5/27 320/28 107/29 321/30
f 5/31 322/32 323/33 320/34
f 5/27 321/30 108/35 322/36
f 6/37 314/38 317/39 324/40
f 6/41 324/42 320/34 323/33
f 6/43 323/44 315/15 314/14
f 7/45 143/46 328/47 329/48
f 7/45 330/49 331/50 143/46
f 7/51 329/52 332/53 330/54
f 8/55 333/56 334/57 335/58
f 8/55 335/58 9/59 336/60
f 8/61 336/62 337/63 333/64
f 9/59 338/65 339/66 336/60
f 9/59 340/67 341/68 338/65
f 9/59 335/58 342/69 343/70
f 9/59 343/70 344/71 340/67
f 10/72 346/73 347/74 348/75
f 11/76 349/77 350/78 351/79
f 11/80 352/81 353/82 354/83
f 11/84 354/85 355/86 349/87
f 10/88 348/89 356/90 357/91
f 10/92 357/93 333/56 337/94
f 12/95 358/96 359/97 360/98
f 12/99 361/100 362/101 363/102
f 12/95 360/98 364/103 365/104
f 12/105 365/106 366/107 361/108
f 12/95 363/109 367/110 358/96
f 13/111 14/112 368/113 369/114
f 13/111 271/115 370/116 371/117
f 13/111 369/114 272/118 271/115
f 15/119 373/120 374/121 375/122
f 15/123 376/124 4765/125 373/126
f 15/123 17/127 377/128 376/124
f 15/119 375/122 378/129 17/130
f 16/131 379/132 380/133 381/134
f 16/135 382/136 383/137 384/138
f 16/131 381/134 385/139 382/140
f 17/130 378/129 386/141 387/142
f 17/130 387/142 388/143 389/144
f 17/145 389/146 390/147 364/103
f 17/148 364/149 360/150 377/151
f 18/152 393/153 394/154 395/155
f 18/152 395/155 396/156 391/157
f 19/158 401/159 402/160 403/161
f 20/162 404/163 405/164 406/165
f 20/166 407/167 408/168 404/169
f 21/170 410/171 411/172 412/173
f 22/174 416/175 417/176 418/177
f 23/178 419/179 420/180 421/181
f 23/182 421/183 118/184 422/185
f 23/186 422/187 423/188 424/189
f 24/12 26/190 425/191 426/192
f 24/12 313/11 427/193 26/190
f 24/12 426/192 428/194 25/195
f 24/12 25/195 429/196 310/7
f 25/195 430/197 431/198 429/196
f 25/199 417/200 432/201 430/202
f 25/195 428/194 418/203 417/204
f 26/205 433/206 434/207 425/208
f 26/209 435/210 27/211 433/212
f 26/190 427/193 423/188 435/213
f 27/214 436/215 437/216 28/217
f 27/211 28/218 29/219 433/212
f 28/220 437/221 438/222 29/223
f 29/224 438/225 434/207 433/206
f 20/226 409/227 439/228 30/229
f 20/230 30/231 440/232 407/233
f 30/231 441/234 442/235 443/236
f 30/231 439/237 444/238 441/234
f 446/239 447/240 448/241 449/242
f 19/243 445/244 446/245 449/246
f 31/247 32/248 450/249 451/250
f 32/251 406/252 405/253 452/254
f 32/255 452/256 453/257 33/258
f 32/248 33/259 454/260 450/249
f 34/261 455/262 456/263 457/264
f 34/261 457/264 458/265 388/143
f 34/261 388/143 387/142 459/266
f 34/261 460/267 461/268 455/262
f 34/261 459/266 462/269 460/267
f 440/232 463/270 464/271 465/272
f 35/273 466/274 467/275 468/276
f 36/277 469/278 470/279 458/265
f 36/280 458/281 457/282 471/283
f 36/284 471/285 472/286 473/287
f 36/288 474/289 475/290 469/291
f 36/284 473/287 476/292 474/293
f 37/294 477/295 478/296 479/297
f 37/298 480/299 481/300 482/301
f 37/298 479/302 483/303 480/299
f 38/304 484/305 485/306 39/307
f 38/308 39/309 486/310 487/311
f 38/304 488/312 489/313 484/305
f 39/314 485/315 491/316 492/317
f 40/318 493/319 494/320 495/321
f 40/318 496/322 497/323 493/319
f 41/324 498/325 499/326 500/327
f 41/328 500/329 501/330 502/331
f 42/332 503/333 504/334 505/335
f 42/332 505/335 501/330 500/329
f 43/336 506/337 507/338 508/339
f 43/340 509/341 52/342 510/343
f 44/344 45/345 511/346 512/347
f 44/348 513/349 514/350 45/351
f 44/344 512/347 515/352 516/353
f 45/354 514/355 517/356 518/357
f 43/336 519/358 520/359 506/337
f 46/360 521/361 516/362 515/363
f 46/364 522/365 523/366 521/367
f 47/368 524/369 525/370 526/371
f 47/372 527/373 528/374 529/375
f 47/376 529/377 530/378 531/379
f 47/368 526/371 532/380 527/381
f 47/368 531/382 49/383 524/369
f 48/384 231/385 525/386 501/330
f 48/384 501/330 505/335 533/387
f 44/348 516/388 535/389 513/349
f 42/390 500/391 499/392 536/393
f 42/390 536/393 537/394 538/395
f 49/396 471/397 457/264 456/263
f 49/383 531/382 472/286 471/285
f 49/398 456/399 539/400 50/401
f 49/402 50/403 502/331 524/404
f 50/405 539/406 540/407 498/325
f 51/408 487/409 541/410 542/411
f 52/412 509/413 45/414 518/415
f 52/416 518/357 543/417 510/418
f 43/336 508/339 544/419 509/420
f 53/421 545/422 546/423 547/424
f 53/425 548/426 549/427 545/428
f 53/429 547/430 550/431 548/432
f 54/433 551/434 552/435 553/436
f 54/433 58/437 554/438 551/434
f 55/439 555/440 556/441 557/442
f 55/443 557/444 558/445 559/446
f 55/447 559/448 560/449 555/450
f 56/451 60/452 561/453 67/454
f 56/455 562/456 67/457 561/458
f 57/459 59/460 563/461 564/462
f 58/463 565/464 566/465 567/466
f 302/467 568/468 56/469 569/470
f 58/471 301/472 302/473 569/474
f 60/475 56/476 570/477 571/478
f 4282/479 572/480 573/481 574/482
f 61/483 575/484 576/485 577/486
f 61/483 577/486 578/487 579/488
f 61/489 579/490 580/491 581/492
f 62/493 583/494 584/495 585/496
f 62/497 585/498 586/499 587/500
f 62/501 587/502 588/503 583/504
f 63/505 589/506 581/507 580/508
f 63/509 580/491 590/510 591/511
f 63/512 591/513 592/514 593/515
f 64/516 549/517 548/518 66/519
f 64/520 66/521 594/522 595/523
f 64/524 595/525 596/526 549/527
f 65/528 597/529 598/530 599/531
f 65/532 599/533 600/534 601/535
f 65/536 601/537 69/538 597/539
f 602/540 603/541 604/542 558/543
f 66/544 605/545 606/546 607/547
f 67/548 68/549 608/550 56/551
f 69/552 609/553 610/554 611/555
f 69/552 611/555 612/556 613/557
f 69/558 601/559 614/560 609/561
f 615/562 616/563 617/564 612/565
f 70/566 618/567 619/568 71/569
f 72/570 621/571 618/572 70/573
f 70/574 71/575 620/576 72/577
f 71/578 619/579 622/580 620/581
f 72/570 623/582 624/583 625/584
f 73/585 624/586 623/587 626/588
f 628/589 629/590 624/586 73/585
f 73/591 626/592 627/593 628/594
f 74/595 630/596 22/597 418/598
f 74/595 75/599 631/600 630/596
f 74/601 632/602 633/603 634/604
f 74/601 634/604 626/592 75/605
f 74/601 418/203 428/194 632/602
f 75/599 626/606 623/607 631/600
f 76/608 635/609 636/610 78/611
f 76/612 637/613 638/614 639/615
f 76/612 78/616 640/617 637/613
f 76/618 639/619 641/620 635/621
f 77/622 636/610 635/609 642/623
f 77/624 643/625 644/626 636/627
f 77/628 642/629 84/630 645/631
f 78/632 636/627 644/626 646/633
f 78/616 646/634 647/635 640/617
f 80/636 648/637 649/638 650/639
f 79/640 651/641 652/642 653/643
f 80/636 650/639 654/644 655/645
f 56/646 608/647 656/648 562/649
f 81/650 657/651 658/652 659/653
f 81/654 659/655 660/656 661/657
f 81/658 82/659 662/660 657/661
f 81/662 661/663 663/664 664/665
f 82/666 81/667 665/668 666/669
f 82/670 666/671 83/672 662/673
f 81/674 664/675 667/676 665/677
f 83/678 666/679 85/680 668/681
f 83/682 668/683 641/684 662/685
f 84/630 665/677 667/676 669/686
f 84/630 669/686 670/687 645/631
f 84/688 85/689 666/690 665/691
f 85/692 84/693 642/694 668/695
f 86/696 671/697 672/698 673/699
f 86/696 673/699 674/700 675/701
f 86/696 675/701 676/702 677/703
f 87/704 678/705 679/706 93/707
f 87/704 93/707 680/708 681/709
f 88/710 90/711 682/712 683/713
f 88/714 683/715 684/716 90/717
f 88/718 685/719 686/720 155/721
f 89/722 687/723 688/724 689/725
f 89/722 676/726 675/727 687/723
f 89/728 689/729 690/730 691/731
f 88/718 681/709 692/732 685/719
f 88/718 678/705 87/704 681/709
f 91/733 693/734 694/735 695/736
f 91/737 695/738 696/739 697/740
f 91/741 697/742 698/743 693/744
f 92/745 699/746 694/747 693/748
f 92/749 693/744 698/743 700/750
f 92/751 700/752 701/753 699/754
f 93/707 702/755 703/756 680/708
f 94/757 704/758 705/759 96/760
f 94/757 96/760 706/761 95/762
f 94/757 95/762 707/763 708/764
f 94/757 708/764 709/765 710/766
f 95/767 706/768 711/769 707/770
f 96/771 712/772 713/773 706/768
f 97/774 714/775 715/776 716/777
f 97/774 716/777 717/778 718/779
f 97/774 718/779 719/780 99/781
f 98/782 106/783 97/774 99/781
f 98/782 99/781 720/784 721/785
f 98/782 721/785 722/786 106/783
f 99/781 719/780 723/787 720/784
f 100/788 724/789 725/790 101/791
f 100/792 726/793 727/794 724/795
f 100/792 101/796 102/797 726/793
f 101/798 728/799 729/800 102/801
f 102/802 729/803 731/804 732/805
f 103/806 733/807 734/808 735/809
f 103/806 736/810 737/811 738/812
f 104/813 739/814 124/815 123/816
f 104/817 740/818 124/819 105/820
f 104/821 105/822 741/823 742/824
f 104/825 742/826 743/827 744/828
f 104/825 744/828 745/829 739/830
f 105/831 124/832 746/833 741/834
f 104/835 123/836 747/837 748/838
f 104/839 748/840 108/35 321/30
f 107/841 320/842 324/40 749/843
f 108/844 748/838 318/845 322/846
f 109/847 751/848 750/849 326/850
f 109/851 319/852 747/853 740/854
f 109/851 325/855 316/856 319/852
f 110/857 117/858 113/859 115/860
f 110/861 752/862 753/863 117/864
f 110/865 420/866 754/867 755/868
f 110/865 115/869 421/870 420/866
f 110/871 755/872 112/873 752/874
f 27/875 753/876 116/877 436/878
f 111/879 756/880 752/881 112/882
f 112/883 755/868 757/884 758/885
f 113/886 117/887 422/888 118/889
f 113/890 118/891 421/892 115/893
f 114/894 759/895 756/896 111/897
f 114/898 111/899 112/883 659/655
f 114/894 659/653 658/652 759/895
f 116/877 756/896 759/895 760/900
f 116/877 760/900 761/901 436/878
f 116/902 753/903 752/904 756/905
f 27/211 435/210 117/906 753/907
f 117/908 435/213 423/188 422/187
f 119/909 762/910 763/911 764/912
f 119/909 764/912 765/913 766/914
f 119/909 766/914 767/915 768/916
f 119/909 768/916 769/917 762/910
f 120/918 770/919 771/920 772/921
f 774/922 775/923 770/919 120/918
f 120/918 772/921 773/924 774/922
f 121/925 776/926 777/927 778/928
f 121/925 778/928 779/929 780/930
f 121/925 780/930 781/931 776/926
f 122/932 782/933 771/934 783/935
f 122/936 784/937 785/938 782/939
f 122/936 781/931 780/930 784/937
f 123/940 124/941 740/942 747/943
f 124/832 739/830 722/786 786/944
f 125/945 129/946 789/947 790/948
f 126/949 787/950 791/951 127/952
f 126/953 792/954 788/955 787/956
f 126/953 127/957 793/958 792/954
f 145/959 146/960 795/961 796/962
f 791/963 794/964 146/965 145/966
f 127/967 791/963 145/966 796/968
f 127/967 796/968 797/969 798/970
f 128/971 131/972 794/964 791/963
f 128/973 791/951 787/950 125/974
f 129/975 788/976 792/977 153/978
f 129/946 799/979 800/980 789/947
f 129/946 153/981 801/982 799/979
f 130/983 802/984 133/985 128/986
f 790/987 803/988 802/989 130/990
f 130/983 128/986 125/991 790/992
f 131/972 132/993 804/994 794/964
f 131/995 128/996 133/997 132/998
f 132/993 805/999 806/1000 807/1001
f 132/993 807/1001 808/1002 804/994
f 133/1003 802/989 805/999 132/993
f 134/1004 809/1005 810/1006 136/1007
f 134/1008 136/1009 811/1010 135/1011
f 134/1004 135/1012 812/1013 809/1005
f 135/1012 813/1014 814/1015 812/1013
f 136/1007 815/1016 816/1017 817/1018
f 135/1012 136/1007 817/1018 813/1014
f 137/1019 818/1020 819/1021 820/1022
f 821/1023 822/1024 818/1020 137/1019
f 137/1019 820/1022 814/1015 821/1023
f 138/1025 823/1026 824/1027 825/1028
f 138/1025 141/1029 139/1030 823/1026
f 139/1031 826/1032 827/1033 823/1034
f 142/1035 828/1036 829/1037 144/1038
f 139/1030 141/1029 142/1035 144/1038
f 139/1030 144/1038 140/1039 830/1040
f 139/1031 830/1041 831/1042 826/1032
f 140/1043 832/1044 833/1045 830/1041
f 140/1046 144/1047 834/1048 832/1049
f 138/1050 835/1051 836/1052 837/1053
f 138/1025 837/1054 838/1055 141/1029
f 142/1056 141/1057 838/1058 828/1059
f 143/1060 839/1061 840/1062 841/1063
f 143/46 331/50 842/1064 839/1065
f 143/1066 841/1067 843/1068 328/1069
f 146/1070 794/1071 804/1072 795/1073
f 147/1074 844/1075 845/1076 846/1077
f 147/1074 846/1077 847/1078 848/1079
f 148/1080 149/1081 849/1082 850/1083
f 148/1080 816/1017 815/1016 149/1081
f 148/1080 850/1083 851/1084 816/1017
f 149/1081 852/1085 853/1086 849/1082
f 149/1081 854/1087 855/1088 852/1085
f 150/1089 856/1090 857/1091 858/1092
f 150/1093 859/1094 860/1095 856/1096
f 150/1093 858/1097 861/1098 859/1094
f 151/1099 862/1100 863/1101 864/1102
f 151/1103 859/1104 861/1105 862/1106
f 151/1107 864/1108 860/1109 859/1110
f 152/1111 865/1112 866/1113 867/1114
f 152/1115 867/1116 868/1117 869/1118
f 152/1115 869/1118 870/1119 871/1120
f 152/1111 871/1121 872/1122 865/1112
f 153/1123 792/1124 793/1125 873/1126
f 153/981 874/1127 875/1128 801/982
f 153/981 873/1129 876/1130 874/1127
f 154/1131 873/1132 793/1133 877/1134
f 154/1135 878/1136 876/1130 873/1129
f 154/1131 877/1134 879/1137 878/1138
f 155/721 880/1139 156/1140 88/718
f 155/721 686/720 881/1141 880/1139
f 156/1142 880/1143 882/1144 883/1145
f 156/1146 883/1147 884/1148 885/1149
f 156/1140 885/1150 886/1151 887/1152
f 156/1140 887/1152 678/705 88/718
f 157/1153 888/1154 889/1155 890/1156
f 157/1153 891/1157 892/1158 893/1159
f 157/1160 893/1161 894/1162 888/1163
f 158/1164 164/1165 163/1166 895/1167
f 158/1168 896/1169 897/1170 164/1171
f 158/1172 895/1173 898/1174 899/1175
f 159/1176 900/1177 901/1178 902/1179
f 159/1176 902/1179 903/1180 160/1181
f 161/1182 157/1153 890/1156 162/1183
f 162/1183 904/1184 905/1185 906/1186
f 162/1183 906/1186 907/1187 161/1182
f 163/1188 164/1189 908/1190 909/1191
f 164/1192 897/1193 910/1194 911/1195
f 164/1189 911/1196 912/1197 908/1190
f 165/1198 913/1199 914/1200 166/1201
f 165/1202 166/1203 915/1204 916/1205
f 165/1202 916/1205 917/1206 913/1207
f 166/1208 921/1209 922/1210 923/1211
f 166/1203 923/1212 924/1213 915/1204
f 167/1214 925/1215 926/1216 927/1217
f 167/1218 927/1219 168/1220 919/1221
f 167/1222 919/1223 922/1224 925/1225
f 168/1226 928/1227 929/1228 920/1229
f 168/1220 927/1219 930/1230 928/1231
f 169/1232 931/1233 932/1234 933/1235
f 935/1236 936/1237 931/1233 169/1232
f 169/1232 933/1235 934/1238 935/1236
f 171/1239 174/1240 175/1241 937/1242
f 171/1243 937/1244 938/1245 304/1246
f 171/1247 939/1248 940/1249 174/1250
f 171/1251 304/1252 941/1253 172/1254
f 172/1255 943/1256 944/1257 942/1258
f 173/1259 945/1260 946/1261 179/1262
f 161/1182 907/1187 891/1157 157/1153
f 174/1263 949/1264 950/1265 951/1266
f 174/1267 952/1268 953/1269 954/1270
f 174/1250 940/1249 955/1271 949/1272
f 174/1273 954/1274 956/1275 957/1276
f 175/1277 951/1278 950/1279 937/1280
f 176/1281 958/1282 959/1283 946/1284
f 177/1285 960/1286 961/1287 962/1288
f 177/1285 962/1288 963/1289 964/1290
f 177/1285 964/1290 965/1291 960/1286
f 176/1292 966/1293 967/1294 968/1295
f 176/1296 968/1297 969/1298 192/1299
f 176/1281 192/1300 193/1301 958/1282
f 178/1302 959/1303 970/1304 971/1305
f 178/1306 179/1307 946/1308 959/1309
f 178/1310 971/1311 972/1312 179/1313
f 179/1313 972/1312 973/1314 974/1315
f 179/1316 975/1317 976/1318 977/1319
f 978/1320 979/1321 980/1322 981/1323
f 982/1324 983/1325 980/1326 984/1327
f 180/1328 985/1329 986/1330 987/1331
f 180/1332 988/1333 989/1334 985/1335
f 180/1328 987/1331 990/1336 988/1337
f 993/1338 994/1339 995/1340 996/1341
f 181/1342 997/1343 998/1344 999/1345
f 181/1346 1000/1347 1001/1348 997/1349
f 181/1350 999/1351 590/510 1000/1352
f 182/1353 183/1354 1002/1355 1003/1356
f 184/1357 185/1358 1005/1359 1004/1360
f 185/1361 1006/1362 1007/1363 1005/1364
f 172/1255 1008/1365 1009/1366 943/1256
f 172/1367 941/1368 1010/1369 1008/1370
f 186/1371 1011/1372 1012/1373 996/1374
f 186/1375 996/1341 995/1340 1004/1376
f 186/1377 1004/1378 1013/1379 1011/1380
f 187/1381 1005/1382 1007/1383 1014/1384
f 187/1385 1013/1379 1004/1378 1005/1386
f 187/1387 1014/1388 1015/1389 1013/1390
f 188/1391 1016/1392 1017/1393 986/1394
f 188/1395 1018/1396 1019/1397 1016/1398
f 188/1395 986/1399 985/1400 1018/1396
f 189/1401 1020/1402 1021/1403 1022/1404
f 189/1405 1022/1406 1023/1407 1024/1408
f 189/1409 1024/1410 1025/1411 1020/1412
f 190/1413 1026/1414 1027/1415 1028/1416
f 190/1413 1029/1417 1030/1418 1026/1414
f 190/1413 1028/1416 1031/1419 194/1420
f 191/1421 1029/1417 1032/1422 797/969
f 191/1421 1033/1423 1030/1418 1029/1417
f 191/1421 1034/1424 1035/1425 1033/1423
f 192/1426 969/1427 1036/1428 1037/1429
f 192/1300 1037/1430 1038/1431 1039/1432
f 193/1433 1041/1434 1042/1435 958/1436
f 193/1437 1040/1438 1043/1439 1041/1440
f 196/1441 1044/1442 1045/1443 1046/1444
f 195/1445 196/1441 1046/1444 1047/1446
f 195/1447 1047/1448 1048/1449 1049/1450
f 196/1451 195/1447 1050/1452 1044/1453
f 197/1454 1051/1455 1044/1453 1050/1452
f 198/1456 207/1457 1052/1458 1053/1459
f 198/1460 1053/1461 1054/1462 1055/1463
f 198/1460 1055/1463 208/1464 207/1465
f 199/1466 1056/1467 1057/1468 1058/1469
f 199/1466 1058/1469 1059/1470 1060/1471
f 199/1466 1060/1471 1061/1472 1056/1467
f 200/1473 1061/1474 1060/1475 1062/1476
f 200/1473 1062/1476 1063/1477 1064/1478
f 200/1479 1064/1480 1065/1481 1066/1482
f 201/1483 1067/1484 1068/1485 1069/1486
f 1071/1487 1072/1488 1067/1484 201/1483
f 201/1483 1069/1486 1070/1489 1071/1487
f 202/1490 1073/1491 1074/1492 1075/1493
f 520/359 1076/1494 1073/1491 202/1490
f 202/1490 1075/1493 506/337 520/359
f 203/1495 1077/1496 1078/1497 1079/1498
f 1081/1499 1082/1500 1077/1501 203/1502
f 203/1502 1079/1503 1080/1504 1081/1499
f 205/1505 1083/1506 1084/1507 1085/1508
f 205/1509 220/1510 1086/1511 1083/1512
f 206/1513 1087/1514 1088/1515 1045/1516
f 206/1513 1089/1517 1090/1518 1087/1514
f 208/1519 1065/1520 1064/1521 1091/1522
f 208/1464 1055/1463 1092/1523 1065/1524
f 208/1525 1091/1526 1093/1527 1094/1528
f 209/1529 1095/1530 1096/1531 1097/1532
f 209/1529 1097/1532 211/1533 1098/1534
f 210/1535 1099/1536 1100/1537 1101/1538
f 211/1533 1097/1532 1099/1536 210/1535
f 210/1535 1101/1538 1102/1539 211/1533
f 211/1540 1103/1541 1104/1542 220/1543
f 211/1533 1102/1539 1105/1544 1103/1545
f 212/1546 1108/1547 1109/1548 534/1549
f 212/1550 1110/1551 1111/1552 1108/1553
f 213/1554 1112/1555 1113/1556 1114/1557
f 213/1554 1115/1558 1116/1559 1117/1560
f 213/1554 1114/1557 1118/1561 1115/1558
f 213/1554 1108/1562 1111/1563 1112/1555
f 213/1554 1117/1560 1109/1564 1108/1562
f 214/1565 1119/1566 1120/1567 1121/1568
f 214/1565 1121/1568 1122/1569 1123/1570
f 214/1565 1123/1570 1126/1571 1124/1572
f 215/1573 1127/1574 1128/1575 1129/1576
f 215/1577 1129/1578 1130/1579 1131/1580
f 215/1573 1132/1581 1021/1403 1127/1574
f 216/1582 1134/1583 1135/1584 1126/1585
f 216/1586 1126/1587 1123/1588 1136/1589
f 216/1590 1137/1591 1138/1592 1134/1593
f 217/1594 1139/1595 1140/1596 1141/1597
f 217/1594 1101/1598 1100/1599 1139/1595
f 217/1600 1141/1601 1142/1602 1143/1603
f 217/1600 1143/1603 1144/1604 1145/1605
f 217/1594 1145/1606 1146/1607 1101/1598
f 218/1608 1147/1609 1148/1610 1149/1611
f 218/1612 1149/1613 1150/1614 1151/1615
f 218/1616 1151/1617 1152/1618 1147/1619
f 219/1620 1153/1621 230/1622 1154/1623
f 219/1620 1155/1624 1156/1625 1157/1626
f 219/1620 1157/1626 1107/1627 1158/1628
f 219/1620 1154/1623 1159/1629 1155/1624
f 221/1630 1160/1631 1083/1512 1086/1511
f 221/1630 1161/1632 1162/1633 1160/1631
f 222/1634 224/1635 1163/1636 223/1637
f 222/1638 223/1639 1164/1640 1165/1641
f 222/1642 1165/1643 227/1644 224/1645
f 223/1637 1166/1646 1167/1647 1168/1648
f 223/1637 1163/1636 1169/1649 1166/1646
f 223/1650 1168/1651 1170/1652 1164/1653
f 224/1654 227/1655 1171/1656 1172/1657
f 224/1654 1172/1657 1173/1658 225/1659
f 224/1660 225/1661 1174/1662 1163/1663
f 225/1659 1173/1658 1175/1664 1176/1665
f 225/1661 1176/1666 1177/1667 1174/1662
f 226/1668 1178/1669 1179/1670 1180/1671
f 226/1668 1181/1672 1182/1673 1178/1669
f 227/1674 1165/1675 1183/1676 1171/1677
f 228/1678 1184/1679 1185/1680 6140/1681
f 1187/1682 1188/1683 1184/1684 228/1685
f 228/1685 6140/1686 1186/1687 1187/1682
f 229/1688 1189/1689 1187/1682 1190/1690
f 229/1691 1191/1692 1173/1658 1172/1657
f 231/1693 1192/1694 526/371 525/370
f 232/1695 1193/1696 1194/1697 1195/1698
f 232/1699 1195/1700 1196/1701 1197/1702
f 232/1703 1197/1704 1198/1705 1193/1706
f 1202/1707 233/1708 1203/1709 1204/1710
f 233/1711 1205/1712 6140/1686 1203/1713
f 233/1708 1202/1707 1206/1714 1207/1715
f 233/1708 1207/1715 1192/1694 1208/1716
f 234/1717 1209/1718 1210/1719 1211/1720
f 234/1721 1212/1722 1213/1723 1209/1724
f 234/1725 1211/1726 1214/1727 1212/1728
f 235/1729 1215/1730 1216/1731 1217/1732
f 235/1729 1217/1732 1164/1733 1170/1734
f 235/1735 1218/1736 1219/1737 1215/1738
f 235/1739 1220/1740 236/1741 1218/1742
f 236/1743 1221/1744 1222/1745 1218/1746
f 236/1741 1220/1740 1223/1747 1221/1748
f 235/1739 1224/1749 1225/1750 1220/1740
f 237/1751 1226/1752 1227/1753 1228/1754
f 237/1751 1198/1705 1197/1704 1226/1752
f 237/1755 1228/1756 1229/1757 1230/1758
f 237/1759 1230/1760 1231/1761 1232/1762
f 237/1751 1232/1763 1233/1764 1198/1705
f 238/1765 1234/1766 1235/1767 1236/1768
f 238/1765 1236/1768 239/1769 1237/1770
f 238/1771 1238/1772 1239/1773 1234/1774
f 239/1775 1236/1776 1240/1777 1241/1778
f 239/1779 1241/1780 1242/1781 1243/1782
f 240/1783 1246/1784 1247/1785 1248/1786
f 240/1787 1249/1788 1250/1789 1246/1790
f 240/1791 1251/1792 1252/1793 1249/1794
f 240/1783 1248/1786 1253/1795 1254/1796
f 240/1797 1254/1798 1255/1799 1251/1800
f 241/1801 1259/1802 1260/1803 1261/1804
f 243/1805 1262/1806 1263/1807 1224/1808
f 242/1809 1264/1810 1265/1811 1266/1812
f 244/1813 1229/1757 1228/1756 245/1814
f 244/1815 245/1816 1267/1817 1268/1818
f 244/1813 1269/1819 1270/1820 1229/1757
f 244/1815 1268/1818 1271/1821 1272/1822
f 245/1823 1273/1824 1274/1825 1267/1826
f 245/1827 1275/1828 1214/1829 1273/1830
f 245/1827 1228/1754 1227/1753 1275/1828
f 246/1831 1277/1832 1278/1833 1279/1834
f 247/1835 264/1836 1280/1837 1281/1838
f 247/1835 1281/1838 1282/1839 1283/1840
f 247/1835 1284/1841 1285/1842 264/1836
f 248/1843 1288/1844 1289/1845 1286/1846
f 1290/1847 1291/1848 1292/1849 1293/1850
f 1296/1851 1297/1852 1298/1853 1299/1854
f 249/1855 1301/1856 257/1857 254/1858
f 249/1855 1302/1859 1303/1860 1301/1856
f 249/1855 1066/1861 1065/1524 1092/1523
f 249/1862 254/1863 1304/1864 1066/1865
f 250/1866 1299/1854 1305/1867 1306/1868
f 251/1869 1262/1870 1307/1871 1308/1872
f 251/1873 1309/1874 1310/1875 1311/1876
f 252/1877 1312/1878 263/1879 1313/1880
f 252/1881 1314/1882 1315/1883 1312/1884
f 252/1877 1313/1880 1316/1885 1317/1886
f 252/1877 1317/1886 1318/1887 1319/1888
f 252/1889 1319/1890 1320/1891 1314/1892
f 253/1893 1321/1894 1322/1895 1323/1896
f 1325/1897 1326/1898 1321/1894 253/1893
f 253/1893 1323/1896 1324/1899 1325/1897
f 254/1900 257/1901 255/1902 1304/1903
f 255/1904 1327/1905 1328/1906 1329/1907
f 255/1902 1329/1908 1330/1909 1304/1903
f 256/1910 1331/1911 1328/1906 1332/1912
f 256/1910 1333/1913 1334/1914 1331/1911
f 256/1915 1332/1916 1335/1917 1333/1918
f 257/1857 1301/1856 1336/1919 1337/1920
f 257/1857 1337/1920 1338/1921 1339/1922
f 257/1857 1339/1922 1340/1923 255/1924
f 258/1925 1341/1926 1243/1927 1342/1928
f 258/1929 1342/1930 1343/1931 1247/1932
f 258/1933 1247/1785 1246/1784 1341/1934
f 239/1935 1344/1936 1345/1937 1346/1938
f 239/1939 1346/1940 1347/1941 1237/1942
f 239/1775 1243/1927 1341/1926 1344/1943
f 259/1944 1238/1945 238/1946 260/1947
f 261/1948 1348/1949 1349/1950 1350/1951
f 261/1952 1350/1953 1351/1954 1352/1955
f 261/1956 1353/1957 1354/1958 267/1959
f 261/1960 1352/1961 1355/1962 1353/1963
f 261/1964 267/1965 1356/1966 1348/1967
f 262/1968 1357/1969 1358/1970 1359/1971
f 262/1972 1359/1973 1355/1962 1352/1961
f 262/1974 1352/1955 1351/1954 1357/1975
f 263/1976 1360/1977 1361/1978 1362/1979
f 263/1980 1312/1981 1363/1982 1360/1983
f 263/1984 1280/1985 1364/1986 1313/1987
f 264/1988 1365/1989 1364/1990 1280/1991
f 263/1976 1366/1992 1281/1838 1280/1837
f 263/1976 1362/1979 1367/1993 1366/1992
f 265/1994 1316/1995 1368/1996 299/1997
f 265/1998 1369/1999 1317/1886 1316/1885
f 265/2000 299/2001 1370/2002 1369/2003
f 266/2004 1371/2005 1372/2006 1373/2007
f 266/2008 1356/1966 267/1965 1371/2009
f 266/2010 1373/2011 1374/2012 1356/2013
f 267/1959 1354/1958 1375/2014 1371/2015
f 268/2016 1376/2017 1255/1799 1377/2018
f 268/2019 1378/2020 1379/2021 1376/2022
f 268/2023 1377/2024 1380/2025 1378/2026
f 269/2027 1318/1887 1317/1886 1369/1999
f 269/2028 1381/2029 1382/2030 1383/2031
f 269/2027 1384/2032 1385/2033 1318/1887
f 269/2028 1383/2031 1386/2034 1384/2035
f 270/2036 1387/2037 369/114 368/113
f 270/2038 358/96 367/110 1387/2039
f 271/2040 272/2041 273/2042 274/2043
f 271/2044 274/2045 1388/2046 1389/2047
f 272/118 369/114 1387/2037 273/2048
f 273/2049 1387/2039 367/110 1390/2050
f 273/2049 1390/2050 1392/2051 1391/2052
f 273/2053 275/2054 1393/2055 274/2045
f 274/2045 1394/2056 1395/2057 1388/2046
f 274/2045 1393/2055 1396/2058 1394/2056
f 275/2054 1384/2035 1386/2034 1393/2055
f 275/2059 1397/2060 1385/2033 1384/2032
f 276/2061 1370/2002 1398/2062 1399/2063
f 276/2061 269/2064 1369/2003 1370/2002
f 269/2028 276/2065 1400/2066 1381/2029
f 277/2067 1401/2068 1402/2069 279/2070
f 277/2071 279/2072 1403/2073 1404/2074
f 277/2067 1405/2075 1406/2076 1401/2068
f 278/2077 279/2078 1402/2079 287/2080
f 278/2081 280/2082 1407/2083 279/2072
f 280/2082 1408/2084 1409/2085 1407/2083
f 280/2086 278/2087 1410/2088 1408/2089
f 278/2090 287/2091 1411/2092 1410/2093
f 281/2094 1412/2095 1413/2096 1414/2097
f 281/2098 1415/2099 1416/2100 1412/2101
f 282/2102 1417/2103 1418/2104 1419/2105
f 282/2102 1420/2106 1421/2107 1417/2103
f 283/2108 342/69 335/58 334/57
f 283/2108 1422/2109 1423/2110 342/69
f 283/2108 334/57 1424/2111 1425/2112
f 283/2113 1426/2114 285/2115 1422/2116
f 283/2108 1425/2112 350/2117 1426/2118
f 284/2119 1427/2120 1428/2121 288/2122
f 284/2123 285/2124 1426/2118 1429/2125
f 284/2126 1429/2127 1430/2128 1427/2129
f 284/2130 288/2131 1422/2116 285/2115
f 286/2132 1431/2133 1432/2134 1433/2135
f 288/2136 1434/2137 1435/2138 1436/2139
f 288/2140 1436/2141 1423/2110 1422/2109
f 289/2142 1437/2143 1438/2144 1439/2145
f 1441/2146 1442/2147 1437/2143 289/2142
f 289/2142 1439/2145 1440/2148 1441/2146
f 290/2149 1443/2150 1444/2151 1445/2152
f 290/2153 1438/2144 1437/2143 1443/2154
f 290/2149 1445/2152 1446/2155 1438/2156
f 291/2157 828/2158 838/2159 1447/2160
f 291/2157 1448/2161 829/2162 828/2158
f 291/2157 1449/2163 293/2164 1448/2161
f 292/2165 1450/2166 1451/2167 1452/2168
f 292/2165 1453/2169 1454/2170 1450/2166
f 292/2165 1452/2168 1455/2171 1456/2172
f 292/2165 1456/2172 1457/2173 1453/2169
f 293/2164 1449/2163 1458/2174 1459/2175
f 294/2176 295/2177 1460/2178 1461/2179
f 294/2180 1462/2181 1463/2182 295/2183
f 294/2184 1461/2185 1464/2186 1462/2187
f 295/2183 1463/2182 1465/2188 1466/2189
f 295/2190 1466/2191 1467/2192 1460/2193
f 296/2194 1468/2195 1469/2196 1470/2197
f 296/2198 1471/2199 1472/2200 1468/2201
f 296/2198 1473/2202 1474/2203 1471/2199
f 296/2204 1475/2205 1476/2206 1473/2207
f 296/2204 1470/2208 1477/2209 1475/2205
f 1434/2210 1478/2211 1479/2212 1435/2213
f 298/2214 1480/2215 1481/2216 1482/2217
f 298/2218 299/1997 1368/1996 1480/2219
f 298/2220 1483/2221 1484/2222 299/2223
f 299/2001 1484/2224 1398/2062 1370/2002
f 300/2225 1485/2226 1486/2227 1487/2228
f 300/2225 1487/2228 1488/2229 1489/2230
f 276/2065 1490/2231 1491/2232 1400/2066
f 301/2233 1492/2234 555/2235 560/2236
f 301/2237 569/2238 1493/2239 1492/2240
f 301/2241 563/2242 568/2243 302/2244
f 301/2245 560/2246 1494/2247 1495/2248
f 301/2245 1495/2248 564/462 563/461
f 301/2249 567/2250 556/2251 1496/2252
f 304/2253 1497/2254 1036/1428 969/1427
f 304/2253 990/2255 987/2256 1497/2254
f 304/2257 938/2258 1498/2259 990/2260
f 305/2261 1499/2262 1500/2263 1501/2264
f 305/2265 1501/2266 1502/2267 1503/2268
f 306/2269 1505/2270 1158/2271 1107/2272
f 307/2273 1506/2274 1507/2275 1508/2276
f 1277/2277 1509/2278 1510/2279 1511/2280
f 1510/2279 1509/2278 1512/2281 1513/2282
f 1513/2282 1512/2281 1514/2283 1515/2284
f 1515/2284 1514/2283 1519/2285 1516/2286
f 1516/2287 1519/2288 1517/2289 1518/2290
f 1518/2291 1517/2292 1519/2293 1520/2294
f 1520/2295 1519/2296 1521/2297 1522/2298
f 1522/2299 1521/2300 6162/2301 1524/2302
f 1524/2303 6162/2304 1526/2305 1525/2306
f 1544/2307 1543/2308 1547/2309 1545/2310
f 1543/2311 1542/2312 1548/2313 1545/2314 1547/2315
f 1542/2312 1541/2316 1549/2317 1548/2313
f 1541/2316 1540/2318 1550/2319 1549/2317
f 1540/2318 1539/2320 1551/2321 1550/2319
f 1539/2320 1538/2322 1552/2323 1551/2321
f 1538/2322 1537/2324 1553/2325 1552/2323
f 1537/2324 1536/2326 1554/2327 1553/2325
f 1536/2328 1729/2329 1555/2330 1554/2331
f 1729/2332 1535/2333 1556/2334 1555/2335
f 1534/2336 1533/2337 1558/2338 1557/2339 1535/2340
f 1533/2341 1532/2342 1559/2343 1558/2344
f 1532/2345 1531/2346 1560/2347 1559/2348
f 1531/2349 1530/2350 1561/2351 1560/2352
f 1530/2353 1529/2354 1562/2355 1561/2356
f 1529/2357 1528/2358 6162/2359 4232/2360 1562/2361
f 1528/2358 1527/2362 4232/2360 6162/2359
f 1527/2362 1525/2363 1526/2364 6162/2359 4232/2360
f 1505/2365 6142/2366 1564/2367 1158/2368
f 1564/2369 1565/2370 219/2371 1158/2372
f 1564/2369 6142/2373 6141/2374 1566/2375 1567/2376
f 1564/2369 1567/2376 1568/2377 1565/2370
f 1568/2377 1567/2376 1569/2378 1570/2379
f 1570/2379 1569/2378 1571/2380 1572/2381
f 1572/2381 1571/2380 1573/2382 1574/2383
f 1574/2383 1573/2382 1575/2384 1576/2385
f 1576/2385 1575/2384 1577/2386 1578/2387
f 1578/2387 1577/2386 1579/2388 1580/2389
f 1580/2390 1579/2391 1581/2392 1582/2393
f 1579/2388 1577/2386 1583/2394 1584/2395
f 1583/2396 1585/2397 1720/2398 1586/2399 1584/2400
f 1583/2394 1577/2386 1575/2384 1587/2401
f 1583/2394 1587/2401 1588/2402 1585/2403
f 1588/2402 1589/2404 1720/2405 1585/2403
f 1588/2402 1587/2401 1590/2406 1591/2407
f 1588/2402 1591/2407 1592/2408 1589/2404
f 1592/2408 1591/2407 1593/2409 1594/2410
f 1592/2408 1594/2410 1596/2411
f 1592/2408 1596/2411 1597/2412 1589/2404
f 1597/2412 1598/2413 1720/2405 1589/2404
f 1597/2412 1596/2411 1599/2414 1600/2415
f 1597/2412 1600/2415 1601/2416 1598/2413
f 1601/2416 1737/2417 1602/2418 1598/2413
f 1601/2416 1600/2415 1603/2419 1199/2420
f 1603/2419 1600/2415 1599/2414 1604/2421
f 1603/2419 1604/2421 1605/2422 1606/2423
f 1603/2419 1606/2423 1200/2424 1199/2420
f 1606/2423 1605/2422 1607/2425 6143/2426
f 1606/2423 6143/2426 1201/2427 1200/2424
f 6143/2428 1608/2429 1609/2430 1201/2431
f 1609/2432 1608/2433 1610/2434 1611/2435
f 1611/2435 1612/2436 1613/2437 1609/2432
f 1611/2438 1610/2439 1614/2440 1612/2441
f 1614/2442 1616/2443 1617/2444 1612/2445
f 1614/2446 1615/2447 1620/2448 1616/2449
f 1620/2448 1615/2447 1619/2450
f 1620/2451 1623/2452 1621/2453 1616/2443
f 1623/2452 1620/2451 1624/2454 1625/2455
f 1623/2452 1626/2456 1627/2457 1621/2453
f 1623/2452 1625/2455 1628/2458 1626/2456
f 1628/2458 1625/2455 1629/2459 1630/2460
f 1628/2458 1631/2461 1632/2462 1626/2456
f 1628/2458 1630/2460 1633/2463 1631/2461
f 1633/2463 1630/2460 1634/2464 1635/2465
f 1633/2463 1636/2466 1637/2467 1631/2461
f 1633/2463 1635/2465 1638/2468 1636/2466
f 1638/2468 1635/2465 1639/2469 1640/2470
f 1638/2468 1641/2471 1642/2472 1636/2466
f 1638/2468 1640/2470 1643/2473 1641/2471
f 1643/2473 1640/2470 1644/2474 1645/2475
f 1645/2475 1644/2474 1646/2476 1647/2477
f 1647/2477 1646/2476 1648/2478 1649/2479
f 1649/2479 1648/2478 1650/2480 1651/2481
f 1651/2481 1650/2480 1652/2482 1653/2483
f 1653/2483 1652/2482 1654/2484 1655/2485
f 1655/2485 1654/2484 1656/2486 1657/2487
f 1657/2487 1656/2486 1658/2488 1659/2489
f 1659/2489 1658/2488 1660/2490 1661/2491
f 1661/2491 1660/2490 1662/2492 1663/2493
f 1663/2493 1662/2492 1664/2494 1665/2495
f 1665/2495 1664/2494 1666/2496 1667/2497
f 1667/2497 1666/2496 1668/2498 1669/2499
f 1669/2500 1668/2501 1671/2502 1672/2503
f 1672/2504 1671/2505 1673/2506 1665/2507
f 1665/2507 1673/2506 1674/2508 1675/2509
f 1676/2510 1674/2508 1673/2506 1671/2505
f 1768/2511 1767/2512 1769/2513
f 1671/2502 1668/2501 1678/2514 1674/2515 1676/2516
f 1678/2517 1668/2518 1680/2519 1679/2520
f 1680/2521 1681/2522 1589/2523 1688/2524
f 1680/2521 1688/2524 1682/2525 6144/2526 1679/2527
f 1680/2521 1668/2528 1666/2529 1681/2522
f 1681/2530 1666/2496 1664/2494 1589/2531
f 1589/2531 1664/2494 1662/2492 1683/2532
f 1683/2533 1684/2534 1741/2535 1682/2536 1688/2537
f 6156/2538 1685/2539 1686/2540 1687/2541 1734/2542
f 1734/2542 1691/2543 1689/2544 6157/2545
f 1734/2546 1687/2547 1690/2548 1691/2549
f 1690/2550 1687/2541 1686/2540 1691/2543
f 1691/2551 1692/2552 1693/2553 1690/2554
f 1691/2543 1686/2540 1684/2555 1692/2556
f 1693/2553 1692/2552 1658/2488 1656/2486 1694/2557
f 1694/2557 1695/2558 1696/2559 1691/2551 1693/2553
f 1694/2557 1654/2484 1652/2482 1695/2558
f 1696/2559 1697/2560 1698/2561 1699/2562
f 1696/2559 1695/2558 1700/2563 1697/2560
f 1700/2563 1701/2564 1704/2565 1702/2566 1697/2560
f 1700/2563 1650/2480 1648/2478 1701/2564
f 1700/2563 1695/2558 1652/2482 1650/2480
f 1702/2567 1703/2568 1698/2569 1697/2570
f 1706/2571 1707/2572 1708/2573 1704/2565
f 1706/2571 1646/2476 1644/2474 1707/2572
f 1706/2571 1701/2564 1648/2478 1646/2476
f 1708/2573 1709/2574 1705/2575 1702/2566 1704/2565
f 1708/2573 1710/2576 1711/2577 1709/2574
f 1708/2573 1707/2572 1639/2469 1710/2576
f 1711/2577 1712/2578 1713/2579 1709/2574
f 1711/2580 1714/2581 1715/2582 1712/2583
f 1711/2577 1710/2576 1634/2464 1629/2459 1714/2584
f 1716/2585 1624/2586 1717/2587 1718/2588
f 1716/2585 1718/2588 1719/2589 6166/2590
f 1716/2591 6166/2592 1722/2593 1715/2594
f 1722/2595 6166/2590 6163/2596 1721/2597
f 1722/2593 1712/2598 1715/2594
f 1722/2595 1721/2597 1723/2599 1724/2600
f 1722/2595 1724/2600 1713/2601 1712/2602
f 1724/2600 1705/2603 1709/2604 1713/2601
f 1705/2603 1724/2600 1723/2599 6167/2605
f 1705/2606 6167/2607 1725/2608 1703/2609
f 1703/2609 1725/2608 1698/2610
f 1725/2611 1689/2544 1699/2612 1698/2613
f 1689/2544 1691/2543 1696/2614 1699/2612
f 1727/2615 6150/2616 1728/2617 1823/2618
f 1728/2619 6159/2620 1732/2621
f 1728/2619 1732/2621 6165/2622 1730/2623
f 6165/2622 1732/2621 6159/2620 1723/2599 1721/2597
f 6165/2622 1721/2597 6163/2596
f 1730/2624 1733/2625 1731/2626
f 1730/2627 1731/2628 1823/2618
f 1730/2623 6165/2622 1735/2629
f 1735/2630 1736/2631 1728/2632 1730/2633
f 1735/2629 6165/2622 1738/2634 1736/2635
f 1738/2634 1719/2589 1739/2636 1618/2637
f 1738/2634 1618/2637 1736/2635
f 1738/2634 6163/2596 6166/2590 1719/2589
f 1736/2635 1744/2638 1730/2623 1728/2619
f 1736/2635 1618/2637 1742/2639 1744/2638
f 1742/2639 1743/2640 1744/2638
f 1744/2638 1743/2640 1748/2641 1745/2642
f 1748/2641 1749/2643 1750/2644 1595/2645
f 1748/2641 1595/2645 1523/2646 1751/2647 1745/2642
f 1748/2641 1743/2640 1783/2648 1749/2643
f 1751/2647 1752/2649 1753/2650 1730/2623
f 1523/2646 1595/2645 1756/2651 1757/2652
f 1523/2646 1757/2652 1758/2653 1752/2649
f 1758/2653 1759/2654 1760/2655 1761/2656
f 1758/2653 1761/2656 1753/2650 1752/2649
f 1758/2653 1757/2652 1762/2657 1759/2654
f 1762/2657 1782/2658 1780/2659 1763/2660 1759/2654
f 1762/2657 1757/2652 1756/2651 1764/2661
f 1762/2657 1764/2661 1765/2662 1782/2658
f 1765/2662 1599/2414 1596/2411 1594/2410
f 1765/2662 1764/2661 1604/2421 1599/2414
f 1780/2659 1766/2663 1767/2512 1768/2511
f 1768/2511 1769/2513 1770/2664 1771/2665 1763/2660
f 1771/2666 1770/2667 1772/2668 1773/2669
f 1771/2666 1773/2669 1774/2670 1760/2671
f 1771/2665 1760/2655 1759/2654 1763/2660
f 1774/2670 1775/2672 1761/2673 1760/2671
f 1775/2672 1776/2674 1753/2675 1761/2673
f 1776/2674 1746/2676 1730/2627 1753/2675
f 1778/2677 6146/2678 1730/2627 1746/2676
f 6146/2678 1779/2679 1728/2617 1730/2627
f 1779/2680 6146/2681 1776/2682 1728/2683
f 1776/2682 1733/2625 1730/2624 1728/2683
f 1781/2684 1770/2685 1769/2686 6141/2687 6142/2688 1563/2689
f 1769/2690 1767/2691 6141/2692
f 1767/2512 1766/2663 1784/2693
f 1767/2512 1784/2693 1566/2375
f 1784/2694 1569/2695 1567/2696 1566/2697
f 1784/2693 1593/2409 1785/2698
f 1784/2693 1785/2698 1571/2380 1569/2378
f 1785/2698 1590/2406 1573/2382 1571/2380
f 1785/2698 1593/2409 1591/2407 1590/2406
f 1784/2693 1766/2663 1782/2658 1594/2410 1593/2409
f 1764/2661 1756/2651 1605/2422 1604/2421
f 1756/2651 1607/2425 1605/2422
f 1756/2651 1750/2644 6152/2699 1607/2425
f 6151/2700 6152/2699 1749/2643 1783/2648 1818/2701 6154/2702
f 6151/2700 6154/2702 6153/2703 1614/2440 1610/2439
f 6153/2703 6154/2702 1818/2701 1739/2636 1786/2704
f 6153/2705 1786/2706 1619/2707 1615/2708
f 1619/2709 1786/2704 1718/2588 1717/2587
f 1786/2704 1739/2636 1719/2589 1718/2588
f 6159/2620 1728/2619 1726/2710 1670/2711 1755/2712
f 1717/2587 1624/2586 1620/2713 1619/2709
f 1716/2714 1714/2584 1629/2459 1625/2455 1624/2454
f 1710/2576 1639/2469 1635/2465 1634/2464
f 1707/2572 1644/2474 1640/2470 1639/2469
f 1692/2552 1684/2715 1662/2492 1660/2490 1658/2488
f 1686/2540 1685/2539 1741/2716 1684/2555
f 1642/2472 1787/2717 1637/2467 1636/2466
f 1787/2717 1788/2718 1789/2719 1637/2467
f 1789/2719 1632/2462 1631/2461 1637/2467
f 1789/2719 1790/2720 1791/2721 1632/2462
f 1789/2719 1788/2718 1792/2722 1790/2720
f 1792/2722 1793/2723 1794/2724 1790/2720
f 1794/2724 1795/2725 1791/2721 1790/2720
f 1794/2724 1796/2726 1797/2727 1795/2725
f 1794/2724 1793/2723 1798/2728 1796/2726
f 1798/2728 1799/2729 1800/2730 1796/2726
f 1800/2730 1801/2731 1797/2727 1796/2726
f 1800/2730 1802/2732 1803/2733 1801/2731
f 1800/2730 1799/2729 1804/2734 1802/2732
f 1803/2733 1805/2735 1806/2736 1801/2731
f 1803/2737 1584/2738 1586/2739 1805/2740
f 1586/2741 1807/2742 1808/2743 1805/2744
f 1807/2745 1720/2746 1598/2747 1602/2748
f 1602/2748 1737/2749 1810/2750 1808/2751 1807/2745
f 1810/2752 1809/2753 1613/2754 1811/2755
f 1810/2752 1811/2755 1812/2756 1808/2757
f 1812/2756 1811/2755 1617/2444 1813/2758
f 1812/2756 1806/2736 1805/2735 1808/2757
f 1812/2756 1813/2758 1814/2759 1806/2736
f 1814/2759 1813/2758 1622/2760 1815/2761
f 1814/2759 1797/2727 1801/2731 1806/2736
f 1814/2759 1815/2761 1795/2725 1797/2727
f 1815/2761 1622/2760 1621/2453 1627/2457
f 1815/2761 1627/2457 1791/2721 1795/2725
f 1813/2758 1617/2444 1616/2443 1622/2760
f 1811/2755 1613/2754 1612/2445 1617/2444
f 1809/2762 1201/2431 1609/2430 1613/2763
f 1791/2721 1627/2457 1626/2456 1632/2462
f 1590/2406 1587/2401 1575/2384 1573/2382
f 1816/2764 1817/2765 1819/2766
f 1816/2767 1819/2768 1820/2769 1821/2770
f 1819/2771 1817/2772 1822/2773 3923/2774
f 1824/2775 1822/2776 1825/2777 1826/2778
f 1827/2779 1825/2780 1822/2781 1817/2782
f 1827/2783 1817/2784 1816/2785 1828/2786
f 1829/2787 1830/2788 1831/2789 1832/2790
f 1829/2787 1832/2790 190/1413 194/1420
f 1829/2787 1833/2791 1834/2792 1830/2788
f 1834/2792 1835/2793 1836/2794 1830/2788
f 1834/2792 1833/2791 1837/2795 1838/2796
f 1834/2792 1838/2796 1839/2797 1835/2793
f 1839/2797 894/2798 1840/2799 1835/2793
f 1839/2797 1838/2796 1841/2800 1842/2801
f 1839/2797 1842/2801 888/2802 894/2798
f 1842/2803 1843/2804 889/2805 888/2806
f 1842/2803 1841/2807 1844/2808 1843/2804
f 1844/2808 1845/2809 1846/2810 1843/2804
f 1844/2808 1841/2807 1847/2811 1848/2812
f 1844/2808 1848/2812 1849/2813 1845/2809
f 1849/2813 1850/2814 1851/2815 1845/2809
f 1849/2813 1848/2812 1852/2816 1853/2817
f 1849/2813 1853/2817 1854/2818 1850/2814
f 1854/2818 1855/2819 1856/2820 1850/2814
f 1854/2818 1853/2817 1857/2821 1858/2822
f 1854/2818 1858/2822 1859/2823 1855/2819
f 1859/2823 1860/2824 1861/2825 1855/2819
f 1859/2823 1858/2822 1862/2826 1863/2827
f 1859/2823 1863/2827 598/530 1860/2824
f 1863/2828 1862/2829 1864/2830 1865/2831
f 1863/2828 1865/2831 599/2832 598/2833
f 1865/2834 1864/2835 1866/2836 1867/2837
f 1865/2834 1867/2837 600/534 599/533
f 1867/2838 1866/2839 1868/2840 1869/2841
f 1867/2842 1869/2843 1870/2844 600/2845
f 1870/2844 614/560 601/559 600/2845
f 1870/2846 1869/2841 1871/2847 1872/2848
f 1870/2846 1872/2848 1873/2849 614/2850
f 1873/2849 1872/2848 1874/2851 1875/2852
f 1873/2849 1875/2852 1876/2853 1877/2854
f 1873/2849 1877/2854 609/2855 614/2850
f 1877/2856 1876/2857 1878/2858 1879/2859
f 1877/2856 1879/2859 610/554 609/553
f 1879/2859 1878/2858 1880/2860 1881/2861
f 1879/2859 1881/2861 615/2862 610/554
f 1881/2861 1880/2860 1882/2863 1883/2864
f 1881/2861 1883/2864 616/2865 615/2862
f 1883/2864 1882/2863 1884/2866 1885/2867
f 1883/2864 1885/2867 1886/2868 616/2865
f 1886/2869 1887/2870 617/564 616/563
f 1886/2868 1885/2867 1888/2871 1889/2872
f 1886/2868 1889/2872 1890/2873 1887/2874
f 1890/2873 670/687 1891/2875 1887/2874
f 1890/2873 1889/2872 1892/2876 1893/2877
f 1890/2873 1893/2877 645/631 670/687
f 1893/2877 1892/2876 633/603 1894/2878
f 1893/2877 1894/2878 77/628 645/631
f 1894/2878 633/603 632/602 1895/2879
f 1894/2878 1895/2879 643/2880 77/628
f 1895/2879 632/602 428/194 426/192
f 1895/2879 426/192 425/191 643/2880
f 1892/2876 1889/2872 1888/2871 1896/2881
f 1892/2876 1896/2881 634/604 633/603
f 1896/2881 1888/2871 1897/2882 627/593
f 1896/2881 627/593 626/592 634/604
f 1897/2882 1888/2871 1885/2867 1884/2866
f 1897/2882 1884/2866 1898/2883 1899/2884
f 1897/2882 1899/2884 628/594 627/593
f 1899/2884 1898/2883 1900/2885 1901/2886
f 1899/2884 1901/2886 1902/2887 628/594
f 1902/2887 1901/2886 1903/2888 1904/2889
f 1902/2887 1904/2889 1905/2890 1906/2891
f 1902/2887 1906/2891 629/2892 628/594
f 1906/2893 1905/2894 1907/2895 1908/2896
f 1906/2893 1908/2896 1909/2897 629/2898
f 1909/2897 625/584 624/583 629/2898
f 1909/2897 1908/2896 1910/2899 1911/2900
f 1909/2897 1911/2900 1912/2901 625/584
f 1912/2901 621/571 72/570 625/584
f 1912/2901 1911/2900 1913/2902 1914/2903
f 1912/2901 1914/2903 1915/2904 621/571
f 1915/2904 1916/2905 618/572 621/571
f 1915/2904 1914/2903 1917/2906 1918/2907
f 1915/2904 1918/2907 1919/2908 1916/2905
f 1919/2909 1920/2910 1921/2911 1916/2912
f 1919/2908 1918/2907 1922/2913 1059/2914
f 1919/2909 1059/1470 1058/1469 1920/2910
f 1922/2913 1918/2907 1917/2906 1923/2915
f 1922/2913 1923/2915 1063/2916 1062/2917
f 1922/2913 1062/2917 1060/2918 1059/2914
f 1923/2915 1917/2906 1924/2919 1925/2920
f 1923/2915 1925/2920 1926/2921 1063/2916
f 1926/2921 1925/2920 1927/2922 1928/2923
f 1926/2921 1928/2923 1093/2924 1091/2925
f 1926/2921 1091/2925 1064/2926 1063/2916
f 1928/2923 1927/2922 1929/2927 1930/2928
f 1928/2923 1930/2928 1931/2929 1093/2924
f 1931/2929 1930/2928 1932/2930 1933/2931
f 1931/2929 1933/2931 1082/2932 1934/2933
f 1931/2934 1934/2935 1094/1528 1093/1527
f 1934/2936 1082/1500 1081/1499 1935/2937
f 1934/2936 1935/2937 1936/2938 1094/2939
f 1936/2938 207/1465 208/1464 1094/2939
f 1936/2940 1935/2941 1937/2942 1938/2943
f 1936/2940 1938/2943 1052/1458 207/1457
f 1938/2944 1937/2945 1939/2946 1940/2947
f 1938/2944 1940/2947 1941/2948 1052/2949
f 1941/2948 1942/2950 1053/1461 1052/2949
f 1941/2948 1940/2947 1943/2951 1944/2952
f 1941/2948 1944/2952 1945/2953 1942/2950
f 1945/2953 1946/2954 1947/2955 1942/2950
f 1945/2953 1944/2952 1137/1591 1948/2956
f 1945/2953 1948/2956 1949/2957 1946/2954
f 1949/2957 1950/2958 1951/2959 1946/2954
f 1949/2957 1948/2956 1136/2960 1952/2961
f 1949/2957 1952/2961 1953/2962 1950/2958
f 1953/2962 1954/2963 1955/2964 1950/2958
f 1953/2962 1952/2961 1122/2965 1130/2966
f 1953/2962 1130/2966 1129/2967 1954/2963
f 1955/2968 1956/2969 1951/2970 1950/2971
f 1955/2972 1954/2973 1957/2974 1958/2975
f 1957/2974 1959/2976 1960/2977 1958/2975
f 1957/2974 1954/2973 1129/1576 1128/1575
f 1957/2974 1128/1575 1961/2978 1959/2976
f 1961/2979 1962/2980 1963/2981 1959/2982
f 1961/2978 1128/1575 1127/1574 1964/2983
f 1961/2979 1964/2984 1965/2985 1962/2980
f 1965/2985 1966/2986 1967/2987 1962/2980
f 1965/2985 1964/2984 1020/1412 1025/1411
f 1965/2985 1025/1411 1968/2988 1966/2986
f 1968/2988 1969/2989 1847/2990 1837/2795
f 1968/2988 1837/2795 1833/2791 1966/2986
f 1968/2988 1025/1411 1024/1410 1969/2989
f 1969/2991 1852/2816 1848/2812 1847/2811
f 1969/2991 1024/1408 1023/1407 1852/2816
f 1964/2983 1127/1574 1021/1403 1020/1402
f 1963/2981 1962/2980 1967/2987 1970/2992
f 1971/2993 1972/2994 1958/2995 1960/2996
f 1970/2992 1967/2987 1828/2997 1816/2998
f 1956/2999 1026/3000 1030/3001 1973/3002
f 1956/2999 1973/3002 1974/3003 1951/3004
f 1974/3003 1973/3002 1975/3005 1976/3006
f 1974/3007 1976/3008 1977/3009 1947/2955
f 1974/3007 1947/2955 1946/2954 1951/2959
f 1977/3009 1976/3008 1978/3010 1979/3011
f 1977/3009 1979/3011 1054/1462 1053/1461
f 1977/3009 1053/1461 1942/2950 1947/2955
f 1979/3011 1978/3010 1980/3012 1981/3013
f 1979/3011 1981/3013 1982/3014 1054/1462
f 1982/3014 1981/3013 1983/3015 1302/1859
f 1982/3014 1302/1859 249/1855 1092/1523
f 1982/3014 1092/1523 1055/1463 1054/1462
f 1983/3015 1984/3016 1985/3017 1986/3018
f 1983/3015 1986/3018 1303/1860 1302/1859
f 1983/3015 1981/3013 1980/3012 1984/3016
f 1986/3019 1985/3020 1987/3021 1988/3022
f 1986/3018 1988/3023 1989/3024 1303/1860
f 1989/3024 1988/3023 1990/3025 1991/3026
f 1989/3024 1991/3026 1992/3027 1336/1919
f 1989/3024 1336/1919 1301/1856 1303/1860
f 1992/3027 1991/3026 1993/3028 1459/2175
f 1992/3027 1459/2175 1458/2174 1994/3029
f 1992/3027 1994/3029 1337/1920 1336/1919
f 1994/3029 1458/2174 1995/3030 1996/3031
f 1994/3029 1996/3031 1338/1921 1337/1920
f 1996/3031 1995/3030 1997/3032 1998/3033
f 1996/3031 1998/3033 1999/3034 1338/1921
f 1999/3034 1998/3033 2000/3035 2001/3036
f 1999/3034 2001/3036 2002/3037 2003/3038
f 1999/3034 2003/3038 1339/1922 1338/1921
f 2003/3038 2002/3037 2004/3039 2005/3040
f 2003/3038 2005/3040 1340/1923 1339/1922
f 2005/3041 2004/3042 2006/3043 2007/3044
f 2005/3041 2007/3044 2008/3045 1340/3046
f 2008/3045 2007/3044 2009/3047 2010/3048
f 2008/3045 2010/3048 2011/3049 1327/3050
f 2008/3045 1327/3050 255/3051 1340/3046
f 2011/3049 2010/3048 2012/3052 2013/3053
f 2011/3049 2013/3053 1335/1917 1332/1916
f 2011/3049 1332/1916 1328/3054 1327/3050
f 2013/3053 2012/3052 2014/3055 2015/3056
f 2013/3053 2015/3056 2016/3057 1335/1917
f 2016/3057 2015/3056 2017/3058 2018/3059
f 2016/3057 2018/3059 2019/3060 2020/3061
f 2016/3057 2020/3061 1333/1918 1335/1917
f 2020/3062 2019/3063 2021/3064 2022/3065
f 2020/3066 2022/3067 1334/1914 1333/1913
f 2022/3065 2021/3064 2023/3068 2024/3069
f 2022/3065 2024/3069 2025/3070 1334/3071
f 2025/3072 2026/3073 1331/1911 1334/1914
f 2025/3070 2024/3069 2027/3074 2028/3075
f 2025/3070 2028/3075 2029/3076 2026/3077
f 2029/3078 1330/3079 1329/1907 2026/3073
f 2029/3076 2028/3075 1056/1467 1061/1472
f 2029/3078 1061/3080 200/3081 1330/3079
f 2028/3075 2027/3074 1057/1468 1056/1467
f 2027/3074 2024/3069 2023/3068 2030/3082
f 2027/3074 2030/3082 2031/3083 1057/1468
f 2031/3083 2030/3082 2032/3084 2033/3085
f 2031/3083 2033/3085 1921/2911 1920/2910
f 2031/3083 1920/2910 1058/1469 1057/1468
f 2033/3085 2032/3084 2034/3086 622/580
f 2033/3085 622/580 619/579 1921/2911
f 2034/3086 2032/3084 2035/3087 2036/3088
f 2034/3086 2036/3088 2037/3089 2038/3090
f 2034/3086 2038/3090 620/581 622/580
f 2038/3090 2037/3089 2039/3091 2040/3092
f 2038/3093 2040/3094 72/577 620/576
f 2040/3095 2039/3096 630/3097 631/3098
f 2040/3094 631/3099 623/3100 72/577
f 2039/3091 2037/3089 414/3101 413/3102
f 2039/3096 413/3103 22/3104 630/3097
f 2037/3089 2036/3088 2041/3105 414/3101
f 2041/3105 2042/3106 2043/3107 2044/3108
f 2041/3105 2044/3108 415/3109 414/3101
f 2041/3105 2036/3088 2035/3087 2042/3106
f 2044/3110 2043/3111 2045/3112 2046/3113
f 2044/3110 2046/3113 22/3114 415/3115
f 2046/3113 2045/3112 2047/3116 2048/3117
f 2046/3113 2048/3117 416/3118 22/3114
f 2048/3117 2047/3116 2049/3119 2050/3120
f 2048/3117 2050/3120 2051/3121 416/3118
f 2051/3121 2050/3120 2052/3122 2053/3123
f 2051/3121 2053/3123 2054/3124 432/3125
f 2051/3121 432/3125 417/3126 416/3118
f 2054/3124 2053/3123 2055/3127 2056/3128
f 2054/3129 2056/3130 2057/3131 2058/3132
f 2054/3133 2058/3134 430/202 432/201
f 2058/3132 2057/3131 2059/3135 2060/3136
f 2058/3132 2060/3136 431/198 430/197
f 2060/3136 2059/3135 2061/3137 2062/3138
f 2060/3136 2062/3138 2063/3139 431/198
f 2063/3139 2062/3138 2064/3140 2065/3141
f 2063/3139 2065/3141 2066/3142 2067/3143
f 2063/3139 2067/3143 429/196 431/198
f 2067/3143 2066/3142 2068/3144 311/8
f 2067/3143 311/8 310/7 429/196
f 2068/3144 2066/3142 2069/3145 2070/3146
f 2068/3144 2070/3146 2071/3147 308/3148
f 2068/3144 308/3148 1/5 311/8
f 2071/3147 2070/3146 2072/3149 2073/3150
f 2071/3151 2073/3152 2074/3153 2075/3154
f 2071/3151 2075/3154 309/3 308/2
f 2075/3155 2074/3156 2076/3157 2077/3158
f 2075/3155 2077/3158 312/10 309/9
f 2077/3158 2076/3157 2078/3159 2079/3160
f 2077/3158 2079/3160 2080/3161 312/10
f 2080/3161 2079/3160 2081/3162 424/189
f 2080/3161 424/189 423/188 427/193
f 2080/3161 427/193 313/11 312/10
f 2081/3162 2079/3160 2078/3159 2082/3163
f 2081/3162 2082/3163 2083/3164 2084/3165
f 2081/3162 2084/3165 23/186 424/189
f 2084/3165 2083/3164 2085/3166 2086/3167
f 2084/3165 2086/3167 419/3168 23/186
f 2086/3167 2085/3166 2087/3169 2088/3170
f 2086/3167 2088/3170 2089/3171 419/3168
f 2089/3172 2088/3173 2090/3174 2091/3175
f 2089/3172 2091/3175 2092/3176 754/867
f 2089/3177 754/3178 420/180 419/179
f 2092/3176 2091/3175 2093/3179 2094/3180
f 2092/3176 2094/3180 2095/3181 757/884
f 2092/3176 757/884 755/868 754/867
f 2095/3181 2094/3180 2096/3182 2097/3183
f 2095/3181 2097/3183 2098/3184 2099/3185
f 2095/3181 2099/3185 758/885 757/884
f 2099/3185 2098/3184 2100/3186 2101/3187
f 2099/3185 2101/3187 660/656 758/885
f 2101/3187 2100/3186 2102/3188 2103/3189
f 2101/3187 2103/3189 661/657 660/656
f 2103/3189 2102/3188 2104/3190 2105/3191
f 2103/3189 2105/3191 663/3192 661/657
f 2105/3191 2104/3190 2106/3193 2107/3194
f 2105/3191 2107/3194 2108/3195 663/3192
f 2108/3195 2107/3194 2109/3196 2110/3197
f 2108/3198 2110/3199 2111/3200 2112/3201
f 2108/3198 2112/3201 664/675 663/3202
f 2112/3201 2111/3200 2113/3203 2114/3204
f 2112/3201 2114/3204 667/676 664/675
f 2114/3204 2113/3203 2115/3205 2116/3206
f 2114/3204 2116/3206 669/686 667/676
f 2116/3206 2115/3205 2117/3207 1891/2875
f 2116/3206 1891/2875 670/687 669/686
f 2117/3207 2115/3205 2118/3208 2119/3209
f 2117/3207 2119/3209 612/556 617/3210
f 2117/3207 617/3210 1887/2874 1891/2875
f 2119/3209 2118/3208 2120/3211 2121/3212
f 2119/3209 2121/3212 613/557 612/556
f 2121/3213 2120/3214 2122/3215 2123/3216
f 2121/3213 2123/3216 2124/3217 613/3218
f 2124/3219 2123/3220 1861/2825 1860/2824
f 2124/3219 1860/2824 598/530 597/529
f 2124/3217 597/3221 69/3222 613/3218
f 2123/3220 2122/3223 2125/3224 1861/2825
f 2125/3224 2122/3223 2126/3225 2127/3226
f 2125/3224 2127/3226 2128/3227 1856/2820
f 2125/3224 1856/2820 1855/2819 1861/2825
f 2128/3227 2127/3226 2129/3228 2130/3229
f 2128/3227 2130/3229 2131/3230 1851/2815
f 2128/3227 1851/2815 1850/2814 1856/2820
f 2131/3230 2130/3229 2132/3231 2133/3232
f 2131/3230 2133/3232 2134/3233 1846/2810
f 2131/3230 1846/2810 1845/2809 1851/2815
f 2134/3234 2133/3235 2135/3236 2136/3237
f 2134/3234 2136/3237 890/1156 889/1155
f 2134/3233 889/2805 1843/2804 1846/2810
f 2136/3237 2135/3236 2137/3238 2138/3239
f 2136/3237 2138/3239 162/1183 890/1156
f 2138/3239 2137/3238 2139/3240 2140/3241
f 2138/3239 2140/3241 904/1184 162/1183
f 2140/3241 2139/3240 2141/3242 2142/3243
f 2140/3241 2142/3243 2143/3244 904/1184
f 2143/3244 2142/3243 2144/3245 2145/3246
f 2143/3244 2145/3246 2146/3247 2147/3248
f 2143/3244 2147/3248 905/1185 904/1184
f 2147/3248 2146/3247 2148/3249 900/1177
f 2147/3248 900/1177 159/1176 905/1185
f 2148/3249 2146/3247 2149/3250 2150/3251
f 2148/3249 2150/3251 2151/3252 2152/3253
f 2148/3249 2152/3253 901/1178 900/1177
f 2152/3253 2151/3252 2153/3254 2154/3255
f 2152/3253 2154/3255 932/1234 901/1178
f 2154/3255 2153/3254 2155/3256 2156/3257
f 2154/3255 2156/3257 933/1235 932/1234
f 2156/3257 2157/3258 2158/3259 933/1235
f 2156/3257 2155/3256 2159/3260 2157/3258
f 2159/3260 2160/3261 2161/3262 2157/3258
f 2159/3260 2155/3256 2162/3263 2163/3264
f 2159/3260 2163/3264 917/1206 2160/3261
f 2163/3264 2162/3263 2164/3265 2165/3266
f 2163/3264 2165/3266 913/1207 917/1206
f 2165/3266 2164/3265 2166/3267 2167/3268
f 2165/3269 2167/3270 914/1200 913/1199
f 2167/3271 2166/3272 2168/3273 2169/3274
f 2167/3271 2169/3274 2170/3275 914/3276
f 2170/3277 2169/3278 2171/3279 2172/3280
f 2170/3277 2172/3280 2173/3281 921/3282
f 2170/3275 921/3283 166/3284 914/3276
f 2173/3281 2172/3280 2174/3285 2175/3286
f 2173/3281 2175/3286 926/1216 925/1215
f 2173/3287 925/3288 922/3289 921/3290
f 2175/3286 2174/3285 2176/3291 2177/3292
f 2175/3286 2177/3292 2178/3293 926/1216
f 2178/3293 2177/3292 2179/3294 2180/3295
f 2178/3293 2180/3295 2181/3296 930/3297
f 2178/3293 930/3297 927/1217 926/1216
f 2181/3296 2180/3295 2182/3298 2183/3299
f 2181/3300 2183/3301 2184/3302 2185/3303
f 2181/3300 2185/3303 928/1231 930/1230
f 2185/3304 2184/3305 2186/3306 2187/3307
f 2185/3304 2187/3307 929/1228 928/1227
f 2187/3308 2186/3309 2188/3310 2189/3311
f 2187/3312 2189/3313 2190/3314 929/3315
f 2190/3316 2189/3311 2191/3317 2192/3318
f 2190/3316 2192/3318 915/1204 924/1213
f 2190/3319 924/3320 920/3321 929/3322
f 2192/3318 2191/3317 2193/3323 2194/3324
f 2192/3318 2194/3324 916/1205 915/1204
f 2194/3324 2193/3323 2161/3262 2160/3261
f 2194/3324 2160/3261 917/1206 916/1205
f 2193/3323 2191/3317 2195/3325 2196/3326
f 2193/3323 2196/3326 2197/3327 2161/3262
f 2197/3327 2196/3326 2198/3328 2199/3329
f 2197/3327 2199/3329 2200/3330 2158/3259
f 2197/3327 2158/3259 2157/3258 2161/3262
f 2200/3330 2199/3329 2201/3331 2202/3332
f 2200/3330 2202/3332 2203/3333 934/1238
f 2200/3330 934/1238 933/1235 2158/3259
f 2203/3333 2202/3332 2204/3334 2205/3335
f 2203/3333 2205/3335 2206/3336 2207/3337
f 2203/3333 2207/3337 935/1236 934/1238
f 2207/3337 2206/3336 2208/3338 2209/3339
f 2207/3337 2209/3339 892/1158 935/1236
f 2209/3339 2208/3338 2210/3340 2211/3341
f 2209/3339 2211/3341 893/1159 892/1158
f 2211/3341 2210/3340 2212/3342 1840/3343
f 2211/3341 1840/3343 894/3344 893/1159
f 2212/3342 2210/3340 2213/3345 2214/3346
f 2212/3347 2214/3348 2215/3349 1836/2794
f 2212/3347 1836/2794 1835/2793 1840/2799
f 2215/3349 2214/3348 878/1138 879/1137
f 2215/3349 879/1137 2216/3350 1831/2789
f 2215/3349 1831/2789 1830/2788 1836/2794
f 2216/3350 879/1137 877/1134 798/970
f 2216/3350 798/970 797/969 1032/1422
f 2216/3350 1032/1422 1832/2790 1831/2789
f 2214/3346 2213/3345 876/1130 878/1136
f 2213/3345 2217/3351 874/1127 876/1130
f 2213/3345 2210/3340 2208/3338 2217/3351
f 2217/3351 2218/3352 875/1128 874/1127
f 2217/3351 2208/3338 2206/3336 2218/3352
f 2218/3352 2219/3353 2220/3354 875/1128
f 2218/3352 2206/3336 2205/3335 2219/3353
f 2220/3354 2221/3355 2222/3356 2223/3357
f 2220/3354 2223/3357 801/982 875/1128
f 2220/3354 2219/3353 2224/3358 2221/3355
f 2224/3358 2225/3359 2226/3360 2221/3355
f 2224/3358 2219/3353 2205/3335 2204/3334
f 2224/3358 2204/3334 2227/3361 2225/3359
f 2227/3361 2228/3362 2229/3363 2225/3359
f 2227/3361 2204/3334 2202/3332 2201/3331
f 2227/3361 2201/3331 2230/3364 2228/3362
f 2230/3364 2231/3365 2232/3366 2228/3362
f 2230/3364 2201/3331 2199/3329 2198/3328
f 2230/3364 2198/3328 2233/3367 2231/3365
f 2233/3367 2234/3368 2235/3369 2231/3365
f 2233/3367 2198/3328 2196/3326 2195/3325
f 2233/3367 2195/3325 2188/3310 2234/3368
f 2235/3369 2236/3370 2237/3371 2238/3372
f 2235/3369 2238/3372 2232/3366 2231/3365
f 2235/3369 2234/3368 2239/3373 2236/3370
f 2239/3374 2240/3375 2241/3376 2236/3377
f 2239/3373 2234/3368 2188/3310 2186/3309
f 2239/3374 2186/3306 2184/3305 2240/3375
f 2241/3376 2242/3378 867/1114 866/1113
f 2241/3379 866/3380 2237/3381 2236/3382
f 2241/3376 2240/3375 2243/3383 2242/3378
f 2243/3384 2244/3385 2245/3386 2242/3387
f 2243/3383 2240/3375 2184/3305 2183/3388
f 2243/3384 2183/3299 2182/3298 2244/3385
f 2245/3386 2246/3389 2247/3390 868/1117
f 2245/3386 868/1117 867/1116 2242/3387
f 2245/3386 2244/3385 2248/3391 2246/3389
f 2248/3391 2249/3392 2250/3393 2246/3389
f 2248/3391 2244/3385 2182/3298 2251/3394
f 2248/3391 2251/3394 2252/3395 2249/3392
f 2252/3395 2253/3396 2254/3397 2249/3392
f 2252/3395 2251/3394 2179/3294 2255/3398
f 2252/3395 2255/3398 2256/3399 2253/3396
f 2256/3399 2257/3400 2258/3401 2253/3396
f 2256/3399 2255/3398 2176/3291 2259/3402
f 2256/3399 2259/3402 2260/3403 2257/3400
f 2260/3403 2261/3404 2262/3405 2257/3400
f 2260/3403 2259/3402 2263/3406 2264/3407
f 2260/3403 2264/3407 2265/3408 2261/3404
f 2265/3408 2266/3409 2267/3410 2261/3404
f 2265/3408 2264/3407 2268/3411 2269/3412
f 2265/3408 2269/3412 2270/3413 2266/3409
f 2270/3413 158/1172 899/1175 2266/3409
f 2270/3413 2269/3412 2271/3414 2272/3415
f 2270/3413 2272/3415 896/3416 158/1172
f 2272/3417 2271/3418 2273/3419 2274/3420
f 2272/3421 2274/3422 2275/3423 896/3424
f 2275/3425 2276/3426 2277/3427 896/3428
f 2275/3429 2274/3430 2278/3431 2279/3432
f 2275/3429 2279/3432 2280/3433 2276/3434
f 2280/3433 2281/3435 2282/3436 2276/3434
f 2280/3433 2279/3432 2283/3437 2284/3438
f 2280/3433 2284/3438 2285/3439 2281/3435
f 2285/3439 2286/3440 912/1197 2281/3435
f 2285/3439 2284/3438 2149/3250 2287/3441
f 2285/3439 2287/3441 2288/3442 2286/3440
f 2288/3442 2289/3443 2290/3444 2286/3440
f 2288/3442 2287/3441 2145/3246 2144/3245
f 2288/3442 2144/3245 2291/3445 2289/3443
f 2291/3445 2292/3446 2293/3447 2289/3443
f 2291/3445 2144/3245 2142/3243 2141/3242
f 2291/3445 2141/3242 2294/3448 2292/3446
f 2294/3448 2295/3449 2296/3450 2292/3446
f 2294/3448 2141/3242 2139/3240 2297/3451
f 2298/3452 2295/3449 2294/3448 2297/3451
f 2299/3453 2297/3451 2139/3240 2137/3238
f 2299/3453 2137/3238 2135/3236 2300/3454
f 2299/3453 2300/3454 686/720 685/719
f 2300/3454 2135/3236 2133/3235 2132/3455
f 2300/3454 2132/3455 881/1141 686/720
f 2296/3450 703/756 2301/3456 2302/3457
f 2296/3450 2302/3457 2293/3447 2292/3446
f 2296/3450 2295/3449 680/708 703/756
f 2302/3457 2301/3456 2303/3458 2304/3459
f 2302/3457 2304/3459 2305/3460 2293/3447
f 2305/3460 2304/3459 2306/3461 909/1191
f 2305/3460 909/1191 908/1190 2290/3444
f 2305/3460 2290/3444 2289/3443 2293/3447
f 2304/3459 2303/3458 2307/3462 2306/3461
f 2307/3462 2308/3463 2309/3464 2310/3465
f 2307/3462 2310/3465 2311/3466 2306/3461
f 2307/3462 2303/3458 2312/3467 2308/3463
f 2312/3467 2313/3468 2314/3469 2308/3463
f 2312/3467 2303/3458 2301/3456 2315/3470
f 2312/3467 2315/3470 2316/3471 2313/3468
f 2316/3471 2317/3472 2318/3473 2313/3468
f 2316/3471 2315/3470 702/755 2319/3474
f 2316/3471 2319/3474 2320/3475 2317/3472
f 2320/3475 2321/3476 2322/3477 2317/3472
f 2320/3475 2319/3474 2323/3478 2324/3479
f 2320/3475 2324/3479 2325/3480 2321/3476
f 2325/3480 2326/3481 2327/3482 2321/3476
f 2325/3480 2324/3479 654/644 650/639
f 2325/3480 650/639 649/638 2326/3481
f 2327/3482 2328/3483 2329/3484 2330/3485
f 2327/3482 2330/3485 2322/3477 2321/3476
f 2327/3482 2326/3481 2331/3486 2328/3483
f 2331/3486 2326/3481 649/638 2332/3487
f 2331/3486 2332/3487 2333/3488 2334/3489
f 2331/3486 2334/3489 2335/3490 2328/3483
f 2335/3490 2334/3489 2336/3491 2337/3492
f 2335/3490 2337/3492 2338/3493 2339/3494
f 2335/3490 2339/3494 2329/3484 2328/3483
f 2339/3494 2338/3493 2340/3495 2341/3496
f 2339/3494 2341/3496 2342/3497 2329/3484
f 2342/3497 2341/3496 701/753 2343/3498
f 2342/3497 2343/3498 2344/3499 2345/3500
f 2342/3497 2345/3500 2330/3485 2329/3484
f 2345/3500 2344/3499 2346/3501 2347/3502
f 2345/3500 2347/3502 2322/3477 2330/3485
f 2347/3502 2346/3501 2348/3503 2318/3473
f 2347/3502 2318/3473 2317/3472 2322/3477
f 2348/3503 2346/3501 2349/3504 2350/3505
f 2348/3503 2350/3505 2351/3506 2314/3469
f 2348/3503 2314/3469 2313/3468 2318/3473
f 2351/3507 2350/3508 2352/3509 2353/3510
f 2351/3507 2353/3510 2354/3511 2309/3512
f 2351/3506 2309/3464 2308/3463 2314/3469
f 2354/3513 2353/3514 2355/3515 2356/3516
f 2354/3513 2356/3516 2357/3517 2358/3518
f 2354/3511 2358/3519 2310/3520 2309/3512
f 2358/3521 2357/3522 895/1167 163/1166
f 2358/3519 163/3523 2311/3524 2310/3520
f 2357/3525 2356/3526 2359/3527 2360/3528
f 2357/3525 2360/3528 898/1174 895/1173
f 2360/3528 2359/3527 2361/3529 2362/3530
f 2360/3528 2362/3530 2363/3531 898/1174
f 2363/3531 2362/3530 2364/3532 2365/3533
f 2363/3531 2365/3533 2366/3534 2367/3535
f 2363/3531 2367/3535 899/1175 898/1174
f 2367/3535 2366/3534 2368/3536 2267/3410
f 2367/3535 2267/3410 2266/3409 899/1175
f 2368/3536 2366/3534 2369/3537 2370/3538
f 2368/3536 2370/3538 2371/3539 2262/3405
f 2368/3536 2262/3405 2261/3404 2267/3410
f 2371/3539 2370/3538 2372/3540 2373/3541
f 2371/3539 2373/3541 2374/3542 2258/3401
f 2371/3539 2258/3401 2257/3400 2262/3405
f 2374/3542 2373/3541 2375/3543 2376/3544
f 2374/3542 2376/3544 2377/3545 2254/3397
f 2374/3542 2254/3397 2253/3396 2258/3401
f 2377/3545 2376/3544 2378/3546 2379/3547
f 2377/3545 2379/3547 2380/3548 2250/3393
f 2377/3545 2250/3393 2249/3392 2254/3397
f 2380/3548 2379/3547 2381/3549 2382/3550
f 2380/3548 2382/3550 2383/3551 2247/3390
f 2380/3548 2247/3390 2246/3389 2250/3393
f 2383/3551 2382/3550 2384/3552 2385/3553
f 2383/3551 2385/3553 870/1119 869/1118
f 2383/3551 869/1118 868/1117 2247/3390
f 2385/3553 2384/3552 2386/3554 2387/3555
f 2385/3553 2387/3555 2388/3556 870/1119
f 2388/3556 2387/3555 2389/3557 2390/3558
f 2388/3559 2390/3560 2391/3561 2392/3562
f 2388/3556 2392/3563 871/1120 870/1119
f 2392/3564 2391/3565 2393/3566 2394/3567
f 2392/3564 2394/3567 872/1122 871/1121
f 2394/3568 2393/3569 2395/3570 2396/3571
f 2394/3568 2396/3571 2397/3572 872/3573
f 2397/3572 2396/3571 2398/3574 2399/3575
f 2397/3572 2399/3575 2400/3576 2401/3577
f 2397/3572 2401/3577 865/3578 872/3573
f 2401/3577 2400/3576 2238/3372 2237/3371
f 2401/3577 2237/3371 866/3579 865/3578
f 2400/3576 2399/3575 2402/3580 2403/3581
f 2400/3576 2403/3581 2232/3366 2238/3372
f 2403/3581 2402/3580 2404/3582 2229/3363
f 2403/3581 2229/3363 2228/3362 2232/3366
f 2404/3582 2402/3580 2405/3583 2406/3584
f 2404/3582 2406/3584 2407/3585 2226/3360
f 2404/3582 2226/3360 2225/3359 2229/3363
f 2407/3585 2406/3584 2408/3586 2409/3587
f 2407/3585 2409/3587 2410/3588 2222/3356
f 2407/3585 2222/3356 2221/3355 2226/3360
f 2410/3588 2409/3587 2411/3589 2412/3590
f 2410/3588 2412/3590 2413/3591 2414/3592
f 2410/3588 2414/3592 2223/3357 2222/3356
f 2414/3592 2413/3591 800/980 799/979
f 2414/3592 799/979 801/982 2223/3357
f 2413/3591 2412/3590 2415/3593 2416/3594
f 2413/3591 2416/3594 2417/3595 800/980
f 2417/3595 2416/3594 2418/3596 2419/3597
f 2417/3595 2419/3597 2420/3598 2421/3599
f 2417/3595 2421/3599 789/947 800/980
f 2421/3599 2420/3598 2422/3600 2423/3601
f 2421/3599 2423/3601 790/948 789/947
f 2423/3602 2422/3603 2424/3604 2425/3605
f 2423/3602 2425/3605 803/988 790/987
f 2425/3605 2424/3604 2426/3606 2427/3607
f 2425/3605 2427/3607 2428/3608 803/988
f 2428/3608 2427/3607 2429/3609 2430/3610
f 2428/3608 2430/3610 806/1000 805/999
f 2428/3608 805/999 802/989 803/988
f 2430/3610 2429/3609 2431/3611 2432/3612
f 2430/3610 2432/3612 2433/3613 806/1000
f 2433/3613 2432/3612 2434/3614 2435/3615
f 2433/3613 2435/3615 2436/3616 2437/3617
f 2433/3613 2437/3617 807/1001 806/1000
f 2437/3617 2436/3616 2438/3618 2439/3619
f 2437/3617 2439/3619 808/1002 807/1001
f 2439/3619 2438/3618 2440/3620 2441/3621
f 2439/3622 2441/3623 2442/3624 808/3625
f 2442/3624 795/3626 804/3627 808/3625
f 2442/3624 2441/3623 2443/3628 2444/3629
f 2442/3630 2444/3631 796/3632 795/3633
f 2444/3634 2443/3635 2445/3636 191/1421
f 2444/3634 191/1421 797/969 796/968
f 2445/3636 2443/3635 2446/3637 1034/1424
f 2445/3636 2447/3638 2448/3639 191/1421
f 2446/3637 2443/3635 2441/3621 2440/3620
f 2446/3637 2440/3620 2449/3640 2450/3641
f 2446/3637 2450/3641 1035/1425 1034/1424
f 2450/3641 2449/3640 2451/3642 2452/3643
f 2450/3644 2452/3645 2453/3646 1035/3647
f 2453/3648 2452/3649 1980/3650 1978/3651
f 2453/3648 1978/3651 1976/3006 1975/3005
f 2453/3646 1975/3652 1033/3653 1035/3647
f 2452/3649 2451/3654 1984/3655 1980/3650
f 2451/3642 2449/3640 2454/3656 2455/3657
f 2451/3654 2455/3658 1985/3659 1984/3655
f 2455/3657 2454/3656 2456/3660 2457/3661
f 2455/3658 2457/3662 1987/3663 1985/3659
f 2457/3661 2456/3660 2458/3664 2459/3665
f 2457/3662 2459/3666 2460/3667 1987/3663
f 2460/3667 2459/3666 832/1049 834/1048
f 2460/3667 834/1048 2461/3668 1990/3669
f 2460/3667 1990/3669 1988/3670 1987/3663
f 2461/3668 834/1048 144/1047 829/3671
f 2461/3672 829/2162 1448/2161 1993/3028
f 2461/3672 1993/3028 1991/3026 1990/3025
f 2459/3665 2458/3664 833/1045 832/1044
f 2458/3664 2435/3615 2434/3614 833/1045
f 2458/3664 2456/3660 2436/3616 2435/3615
f 2456/3660 2454/3656 2438/3618 2436/3616
f 2454/3656 2449/3640 2440/3620 2438/3618
f 2434/3614 2432/3612 2431/3611 831/1042
f 2434/3614 831/1042 830/1041 833/1045
f 2431/3611 2429/3609 2462/3673 2463/3674
f 2431/3611 2463/3674 826/1032 831/1042
f 2463/3674 2462/3673 2464/3675 2465/3676
f 2463/3674 2465/3676 827/1033 826/1032
f 2465/3677 2464/3678 2466/3679 2467/3680
f 2465/3681 2467/3682 2468/3683 827/3684
f 2468/3685 2469/3686 2470/3687 824/3688
f 2468/3683 824/1027 823/1026 827/3684
f 2468/3685 2467/3689 2471/3690 2469/3686
f 2471/3690 2472/3691 2473/3692 2469/3686
f 2471/3690 2467/3689 2466/3693 2474/3694
f 2471/3690 2474/3694 2475/3695 2472/3691
f 2475/3695 2476/3696 2477/3697 2472/3691
f 2475/3695 2474/3694 2478/3698 2479/3699
f 2475/3695 2479/3699 2480/3700 2476/3696
f 2480/3700 2481/3701 2482/3702 2476/3696
f 2480/3700 2479/3699 2483/3703 2484/3704
f 2480/3700 2484/3704 2485/3705 2481/3701
f 2485/3705 782/3706 785/3707 2481/3701
f 2485/3708 2484/3709 2486/3710 772/3711
f 2485/3708 772/3711 771/934 782/933
f 2486/3710 2484/3709 2483/3712 2487/3713
f 2486/3714 2487/3715 2488/3716 2489/3717
f 2486/3714 2489/3717 773/924 772/921
f 2489/3717 2488/3716 2490/3718 763/911
f 2489/3717 763/911 762/910 773/924
f 2490/3718 2488/3716 821/1023 2491/3719
f 2490/3718 2491/3719 2492/3720 2493/3721
f 2490/3718 2493/3721 764/912 763/911
f 2493/3721 2492/3720 2494/3722 2495/3723
f 2493/3721 2495/3723 765/913 764/912
f 2495/3723 2494/3722 2496/3724 2497/3725
f 2495/3723 2497/3725 2498/3726 765/913
f 2498/3726 2499/3727 766/914 765/913
f 2498/3726 2497/3725 2500/3728 2501/3729
f 2498/3726 2501/3729 2502/3730 2499/3727
f 2502/3730 2503/3731 2504/3732 2499/3727
f 2502/3730 2501/3729 2505/3733 2506/3734
f 2502/3730 2506/3734 2507/3735 2503/3731
f 2507/3735 2508/3736 2509/3737 2503/3731
f 2507/3735 2506/3734 2510/3738 2511/3739
f 2507/3735 2511/3739 2512/3740 2508/3736
f 2512/3740 2513/3741 2514/3742 2508/3736
f 2512/3743 2511/3744 2515/3745 2516/3746
f 2512/3743 2516/3746 2517/3747 2513/3748
f 2517/3747 2518/3749 2519/3750 2513/3748
f 2517/3751 2516/3752 2520/3753 2521/3754
f 2517/3751 2521/3754 2522/3755 2518/3756
f 2522/3757 2523/3758 2524/3759 2518/3760
f 2522/3757 2521/3761 2525/3762 2526/3763
f 2522/3757 2526/3763 2527/3764 2523/3758
f 2527/3764 2528/3765 725/790 2523/3758
f 2527/3764 2526/3763 2529/3766 2530/3767
f 2527/3764 2530/3767 2531/3768 2528/3765
f 2531/3768 2532/3769 2533/3770 2528/3765
f 2531/3768 2530/3767 2534/3771 2535/3772
f 2531/3768 2535/3772 2536/3773 2532/3769
f 2536/3773 2537/3774 2538/3775 2532/3769
f 2536/3773 2535/3772 2539/3776 2540/3777
f 2536/3773 2540/3777 2541/3778 2537/3774
f 2541/3779 2542/3780 2543/3781 2537/3782
f 2541/3778 2540/3777 2544/3783 2545/3784
f 2541/3779 2545/3785 2546/3786 2542/3780
f 2546/3787 2547/3788 2548/3789 2542/3790
f 2546/3786 2545/3785 2549/3791 2550/3792
f 2546/3787 2550/3793 2551/3794 2547/3788
f 2551/3795 2552/3796 2553/3797 2547/3798
f 2551/3794 2550/3793 2554/3799 2555/3800
f 2551/3795 2555/3801 2556/3802 2552/3796
f 2556/3802 2557/3803 2558/3804 2552/3796
f 2556/3802 2555/3801 2559/3805 2560/3806
f 2556/3802 2560/3806 2561/3807 2557/3803
f 2561/3807 2562/3808 2563/3809 2557/3803
f 2561/3807 2560/3806 2564/3810 2565/3811
f 2561/3807 2565/3811 2566/3812 2562/3808
f 2566/3812 2567/3813 2568/3814 2562/3808
f 2566/3812 2565/3811 2569/3815 715/776
f 2566/3812 715/776 714/775 2567/3813
f 2569/3815 2565/3811 2564/3810 2570/3816
f 2569/3815 2570/3816 2571/3817 2572/3818
f 2569/3815 2572/3818 716/777 715/776
f 2572/3818 2571/3817 2573/3819 2574/3820
f 2572/3818 2574/3820 717/778 716/777
f 2574/3820 2573/3819 2575/3821 2576/3822
f 2574/3820 2576/3822 2577/3823 717/778
f 2577/3823 2578/3824 718/779 717/778
f 2577/3823 2576/3822 2579/3825 2580/3826
f 2577/3823 2580/3826 2581/3827 2578/3824
f 2581/3827 2582/3828 2583/3829 2578/3824
f 2581/3827 2580/3826 2584/3830 2585/3831
f 2581/3827 2585/3831 2586/3832 2582/3828
f 2585/3831 2584/3830 2587/3833 648/637
f 2587/3833 2584/3830 2588/3834 2589/3835
f 2587/3833 2589/3835 2333/3488 2332/3487
f 2587/3833 2332/3487 649/638 648/637
f 2589/3835 2588/3834 2590/3836 2591/3837
f 2589/3835 2591/3837 2592/3838 2333/3488
f 2592/3839 2591/3840 2593/3841 2594/3842
f 2592/3839 2594/3842 2595/3843 2336/3844
f 2592/3838 2336/3491 2334/3489 2333/3488
f 2595/3845 2594/3846 2596/3847 2597/3848
f 2595/3845 2597/3848 2598/3849 2599/3850
f 2595/3843 2599/3851 2337/3852 2336/3844
f 2599/3850 2598/3849 2600/3853 2601/3854
f 2599/3850 2601/3854 2338/3855 2337/3856
f 2601/3854 2600/3853 2602/3857 2603/3858
f 2601/3854 2603/3858 2340/3859 2338/3855
f 2603/3858 2602/3857 695/736 694/735
f 2603/3858 694/735 699/3860 2340/3859
f 2602/3861 2600/3862 2604/3863 2605/3864
f 2602/3861 2605/3864 696/739 695/738
f 2605/3864 2604/3863 2606/3865 2607/3866
f 2605/3864 2607/3866 2608/3867 696/739
f 2608/3867 2607/3866 2609/3868 2610/3869
f 2608/3867 2610/3869 2611/3870 2612/3871
f 2608/3867 2612/3871 697/740 696/739
f 2612/3872 2611/3873 2613/3874 2614/3875
f 2612/3872 2614/3875 698/3876 697/3877
f 2614/3878 2613/3879 2615/3880 2616/3881
f 2614/3878 2616/3881 700/750 698/743
f 2616/3882 2615/3883 2344/3499 2343/3498
f 2616/3882 2343/3498 701/753 700/752
f 2615/3880 2613/3879 2617/3884 2349/3885
f 2615/3883 2349/3504 2346/3501 2344/3499
f 2617/3884 2613/3879 2611/3886 2618/3887
f 2617/3884 2618/3887 2619/3888 2352/3889
f 2617/3890 2352/3509 2350/3508 2349/3891
f 2619/3892 2618/3893 2620/3894 2621/3895
f 2619/3892 2621/3895 2622/3896 2355/3897
f 2619/3888 2355/3898 2353/3899 2352/3889
f 2622/3896 2621/3895 2623/3900 2624/3901
f 2622/3896 2624/3901 2361/3529 2359/3527
f 2622/3896 2359/3527 2356/3526 2355/3897
f 2624/3901 2623/3900 2625/3902 2626/3903
f 2624/3901 2626/3903 2627/3904 2361/3529
f 2627/3904 2626/3903 2628/3905 2629/3906
f 2627/3904 2629/3906 2630/3907 2364/3532
f 2627/3904 2364/3532 2362/3530 2361/3529
f 2630/3907 2629/3906 2631/3908 2632/3909
f 2630/3907 2632/3909 2633/3910 2634/3911
f 2630/3907 2634/3911 2365/3533 2364/3532
f 2634/3911 2633/3910 2635/3912 2369/3537
f 2634/3911 2369/3537 2366/3534 2365/3533
f 2635/3912 2633/3910 2636/3913 2637/3914
f 2635/3912 2637/3914 2638/3915 2372/3540
f 2635/3912 2372/3540 2370/3538 2369/3537
f 2638/3915 2637/3914 2639/3916 2640/3917
f 2638/3915 2640/3917 2641/3918 2375/3543
f 2638/3915 2375/3543 2373/3541 2372/3540
f 2641/3918 2640/3917 2642/3919 2643/3920
f 2641/3918 2643/3920 2644/3921 2378/3546
f 2641/3918 2378/3546 2376/3544 2375/3543
f 2644/3921 2643/3920 2645/3922 2646/3923
f 2644/3921 2646/3923 2647/3924 2381/3549
f 2644/3921 2381/3549 2379/3547 2378/3546
f 2647/3924 2646/3923 2648/3925 2649/3926
f 2647/3924 2649/3926 2386/3554 2384/3552
f 2647/3924 2384/3552 2382/3550 2381/3549
f 2649/3926 2648/3925 2650/3927 2651/3928
f 2649/3926 2651/3928 2652/3929 2386/3554
f 2652/3929 2651/3928 2653/3930 2654/3931
f 2652/3929 2654/3931 2655/3932 2389/3557
f 2652/3929 2389/3557 2387/3555 2386/3554
f 2655/3932 2654/3931 2656/3933 2657/3934
f 2655/3932 2657/3934 2658/3935 2659/3936
f 2655/3932 2659/3936 2390/3558 2389/3557
f 2659/3937 2658/3938 2660/3939 2661/3940
f 2659/3937 2661/3940 2391/3561 2390/3560
f 2661/3941 2660/3942 2662/3943 2663/3944
f 2661/3941 2663/3944 2393/3566 2391/3565
f 2663/3945 2662/3946 2664/3947 2665/3948
f 2663/3945 2665/3948 2395/3570 2393/3569
f 2665/3948 2664/3947 2666/3949 2667/3950
f 2665/3948 2667/3950 2668/3951 2395/3570
f 2668/3951 2667/3950 2669/3952 2670/3953
f 2668/3951 2670/3953 2405/3583 2398/3574
f 2668/3951 2398/3574 2396/3571 2395/3570
f 2670/3953 2669/3952 2671/3954 2408/3586
f 2670/3953 2408/3586 2406/3584 2405/3583
f 2671/3954 2669/3952 2672/3955 2673/3956
f 2671/3954 2673/3956 2674/3957 2411/3589
f 2671/3954 2411/3589 2409/3587 2408/3586
f 2674/3957 2673/3956 844/1075 147/1074
f 2674/3957 147/1074 848/1079 2415/3593
f 2674/3957 2415/3593 2412/3590 2411/3589
f 2673/3956 2672/3955 2675/3958 844/1075
f 2675/3958 2676/3959 2677/3960 2678/3961
f 2675/3958 2678/3961 845/1076 844/1075
f 2675/3958 2672/3955 2666/3949 2676/3959
f 2678/3961 2677/3960 2679/3962 855/1088
f 2678/3961 855/1088 854/1087 845/1076
f 2679/3962 2680/3963 2681/3964 2682/3965
f 2679/3962 2682/3965 852/1085 855/1088
f 2679/3962 2677/3960 2683/3966 2680/3963
f 2683/3966 2684/3967 2685/3968 2680/3963
f 2683/3966 2677/3960 2676/3959 2686/3969
f 2683/3966 2686/3969 2687/3970 2684/3967
f 2687/3971 2688/3972 2689/3973 2684/3974
f 2687/3970 2686/3969 2664/3947 2662/3946
f 2687/3971 2662/3943 2660/3942 2688/3972
f 2689/3975 2690/3976 2691/3977 2692/3978
f 2689/3973 2692/3979 2685/3980 2684/3974
f 2689/3975 2688/3981 2693/3982 2690/3976
f 2693/3982 2694/3983 2695/3984 2690/3976
f 2693/3982 2688/3981 2660/3985 2658/3935
f 2693/3982 2658/3935 2657/3934 2694/3983
f 2695/3984 2696/3986 2697/3987 2698/3988
f 2695/3984 2698/3988 2691/3977 2690/3976
f 2695/3984 2694/3983 2699/3989 2696/3986
f 2699/3989 2700/3990 2701/3991 2696/3986
f 2699/3989 2694/3983 2657/3934 2656/3933
f 2699/3989 2656/3933 2702/3992 2700/3990
f 2702/3992 2703/3993 2704/3994 2700/3990
f 2702/3992 2656/3933 2654/3931 2653/3930
f 2702/3992 2653/3930 2705/3995 2703/3993
f 2705/3995 2706/3996 2707/3997 2703/3993
f 2705/3995 2653/3930 2651/3928 2650/3927
f 2705/3995 2650/3927 2708/3998 2706/3996
f 2708/3998 2709/3999 2710/4000 2706/3996
f 2708/3998 2650/3927 2648/3925 2711/4001
f 2708/3998 2711/4001 2712/4002 2709/3999
f 2712/4002 2713/4003 2714/4004 2709/3999
f 2712/4002 2711/4001 2645/3922 2715/4005
f 2712/4002 2715/4005 2716/4006 2713/4003
f 2716/4006 2717/4007 2718/4008 2713/4003
f 2716/4006 2715/4005 2642/3919 2719/4009
f 2716/4006 2719/4009 2720/4010 2717/4007
f 2720/4010 2721/4011 2722/4012 2717/4007
f 2720/4010 2719/4009 2639/3916 2723/4013
f 2720/4010 2723/4013 2724/4014 2721/4011
f 2724/4014 2725/4015 2726/4016 2721/4011
f 2724/4014 2723/4013 2636/3913 2727/4017
f 2724/4014 2727/4017 2728/4018 2725/4015
f 2728/4018 2729/4019 2730/4020 2725/4015
f 2728/4018 2727/4017 2632/3909 2631/3908
f 2728/4018 2631/3908 2731/4021 2729/4019
f 2731/4021 2732/4022 2733/4023 2729/4019
f 2731/4021 2631/3908 2629/3906 2628/3905
f 2731/4021 2628/3905 2734/4024 2732/4022
f 2734/4024 2735/4025 2736/4026 2732/4022
f 2734/4024 2628/3905 2626/3903 2625/3902
f 2734/4024 2625/3902 2737/4027 2735/4025
f 2737/4027 2738/4028 2739/4029 2735/4025
f 2737/4027 2625/3902 2623/3900 2740/4030
f 2737/4027 2740/4030 2609/3868 2738/4028
f 2740/4030 2623/3900 2621/3895 2620/3894
f 2740/4030 2620/3894 2610/3869 2609/3868
f 2739/4029 2741/4031 2742/4032 2743/4033
f 2739/4029 2743/4033 2736/4026 2735/4025
f 2739/4029 2738/4028 2606/3865 2741/4031
f 2743/4033 2742/4032 2744/4034 2745/4035
f 2743/4033 2745/4035 2746/4036 2736/4026
f 2746/4036 2745/4035 2747/4037 2748/4038
f 2746/4036 2748/4038 2749/4039 2733/4023
f 2746/4036 2733/4023 2732/4022 2736/4026
f 2749/4039 2748/4038 2750/4040 2751/4041
f 2749/4039 2751/4041 2752/4042 2730/4020
f 2749/4039 2730/4020 2729/4019 2733/4023
f 2752/4042 2751/4041 2753/4043 2754/4044
f 2752/4042 2754/4044 2755/4045 2726/4016
f 2752/4042 2726/4016 2725/4015 2730/4020
f 2755/4045 2754/4044 2756/4046 2757/4047
f 2755/4045 2757/4047 2758/4048 2722/4012
f 2755/4045 2722/4012 2721/4011 2726/4016
f 2758/4048 2757/4047 2759/4049 2760/4050
f 2758/4048 2760/4050 2761/4051 2718/4008
f 2758/4048 2718/4008 2717/4007 2722/4012
f 2761/4051 2760/4050 2762/4052 2763/4053
f 2761/4051 2763/4053 2764/4054 2714/4004
f 2761/4051 2714/4004 2713/4003 2718/4008
f 2764/4054 2763/4053 2765/4055 2766/4056
f 2764/4054 2766/4056 2767/4057 2710/4000
f 2764/4054 2710/4000 2709/3999 2714/4004
f 2767/4057 2766/4056 2768/4058 2769/4059
f 2767/4057 2769/4059 2770/4060 2707/3997
f 2767/4057 2707/3997 2706/3996 2710/4000
f 2770/4060 2769/4059 2771/4061 2772/4062
f 2770/4060 2772/4062 2773/4063 2704/3994
f 2770/4060 2704/3994 2703/3993 2707/3997
f 2773/4063 2772/4062 2774/4064 2775/4065
f 2773/4063 2775/4065 2776/4066 2701/3991
f 2773/4063 2701/3991 2700/3990 2704/3994
f 2776/4066 2775/4065 2777/4067 2778/4068
f 2776/4066 2778/4068 2779/4069 2697/3987
f 2776/4066 2697/3987 2696/3986 2701/3991
f 2779/4069 2778/4068 2780/4070 2781/4071
f 2779/4069 2781/4071 2782/4072 2783/4073
f 2779/4069 2783/4073 2698/3988 2697/3987
f 2783/4073 2782/4072 2784/4074 2785/4075
f 2783/4073 2785/4075 2691/3977 2698/3988
f 2785/4075 2784/4074 2786/4076 2787/4077
f 2785/4075 2787/4077 2692/3978 2691/3977
f 2787/4078 2786/4079 2788/4080 2789/4081
f 2787/4078 2789/4081 2685/3980 2692/3979
f 2789/4082 2788/4083 2790/4084 2681/4085
f 2789/4082 2681/4085 2680/4086 2685/4087
f 2790/4084 2788/4083 2791/4088 2792/4089
f 2790/4090 2792/4091 2793/4092 2794/4093
f 2790/4090 2794/4093 2682/3965 2681/3964
f 2794/4093 2793/4092 2795/4094 853/1086
f 2794/4093 853/1086 852/1085 2682/3965
f 2795/4094 2796/4095 849/1082 853/1086
f 2795/4094 2793/4092 2797/4096 2798/4097
f 2795/4094 2798/4097 2799/4098 2796/4095
f 2799/4098 2800/4099 2801/4100 2796/4095
f 2799/4098 2798/4097 2802/4101 2803/4102
f 2799/4098 2803/4102 2804/4103 2800/4099
f 2804/4103 2805/4104 2806/4105 2800/4099
f 2804/4103 2803/4102 2807/4106 2808/4107
f 2804/4103 2808/4107 2809/4108 2805/4104
f 2809/4108 2810/4109 2811/4110 2805/4104
f 2809/4111 2808/4112 2812/4113 2813/4114
f 2809/4115 2813/4116 2814/4117 2810/4118
f 2814/4119 2815/4120 2816/4121 2810/4109
f 2814/4122 2813/4114 2817/4123 2818/4124
f 2814/4122 2818/4124 2819/4125 2815/4126
f 2819/4125 2820/4127 2821/4128 2815/4126
f 2819/4129 2818/4130 2822/4131 2823/4132
f 2819/4129 2823/4132 2824/4133 2820/4134
f 2824/4133 2825/4135 2826/4136 2820/4134
f 2824/4133 2823/4132 2827/4137 2828/4138
f 2824/4133 2828/4138 2829/4139 2825/4135
f 2829/4139 2830/4140 2831/4141 2825/4135
f 2829/4139 2828/4138 2832/4142 2833/4143
f 2829/4139 2833/4143 2834/4144 2830/4140
f 2834/4144 2835/4145 2836/4146 2830/4140
f 2834/4144 2833/4143 2837/4147 2838/4148
f 2834/4144 2838/4148 2839/4149 2835/4145
f 2839/4149 2840/4150 2841/4151 2835/4145
f 2839/4149 2838/4148 2842/4152 2843/4153
f 2839/4149 2843/4153 2844/4154 2840/4150
f 2844/4154 2845/4155 2846/4156 2840/4150
f 2844/4154 2843/4153 2847/4157 2848/4158
f 2844/4154 2848/4158 2849/4159 2845/4155
f 2849/4159 2850/4160 2851/4161 2845/4155
f 2849/4159 2848/4158 2852/4162 2853/4163
f 2849/4159 2853/4163 2854/4164 2850/4160
f 2854/4164 2855/4165 2856/4166 2850/4160
f 2854/4164 2853/4163 2857/4167 2858/4168
f 2854/4164 2858/4168 2859/4169 2855/4165
f 2859/4169 2860/4170 2861/4171 2855/4165
f 2859/4169 2858/4168 2862/4172 2863/4173
f 2859/4169 2863/4173 2864/4174 2860/4170
f 2864/4174 2865/4175 2866/4176 2860/4170
f 2864/4174 2863/4173 2867/4177 2868/4178
f 2864/4174 2868/4178 2869/4179 2865/4175
f 2869/4179 2870/4180 2871/4181 2865/4175
f 2869/4179 2868/4178 709/765 708/764
f 2869/4179 708/764 707/763 2870/4180
f 2871/4182 2872/4183 2873/4184 2874/4185
f 2871/4181 2874/4186 2866/4176 2865/4175
f 2871/4182 2870/4187 2875/4188 2872/4183
f 2875/4189 2876/4190 2877/4191 2872/4192
f 2875/4188 2870/4187 707/770 711/769
f 2875/4188 711/769 2878/4193 2876/4194
f 2878/4195 2571/3817 2570/3816 2876/4196
f 2878/4193 711/769 706/768 713/773
f 2878/4195 713/4197 2573/3819 2571/3817
f 2877/4198 2564/3810 2560/3806 2559/3805
f 2877/4191 2559/4199 2873/4200 2872/4192
f 2877/4198 2876/4196 2570/3816 2564/3810
f 2874/4185 2873/4184 2554/4201 2879/4202
f 2874/4186 2879/4203 2880/4204 2866/4176
f 2880/4204 2879/4203 2549/4205 2881/4206
f 2880/4204 2881/4206 2882/4207 2861/4171
f 2880/4204 2861/4171 2860/4170 2866/4176
f 2882/4207 2881/4206 2544/3783 2883/4208
f 2882/4207 2883/4208 2884/4209 2856/4166
f 2882/4207 2856/4166 2855/4165 2861/4171
f 2884/4209 2883/4208 2539/3776 2885/4210
f 2884/4209 2885/4210 2886/4211 2851/4161
f 2884/4209 2851/4161 2850/4160 2856/4166
f 2886/4211 2885/4210 2534/3771 2887/4212
f 2886/4211 2887/4212 2888/4213 2846/4156
f 2886/4211 2846/4156 2845/4155 2851/4161
f 2888/4213 2887/4212 2529/3766 2889/4214
f 2888/4213 2889/4214 2890/4215 2841/4151
f 2888/4213 2841/4151 2840/4150 2846/4156
f 2890/4215 2889/4214 2525/3762 2891/4216
f 2890/4215 2891/4216 2892/4217 2836/4146
f 2890/4215 2836/4146 2835/4145 2841/4151
f 2892/4217 2891/4216 2520/4218 2893/4219
f 2892/4217 2893/4219 2894/4220 2831/4141
f 2892/4217 2831/4141 2830/4140 2836/4146
f 2894/4221 2893/4222 2515/3745 2895/4223
f 2894/4221 2895/4223 2896/4224 2826/4225
f 2894/4220 2826/4136 2825/4135 2831/4141
f 2896/4226 2895/4227 2510/4228 2897/4229
f 2896/4226 2897/4229 2898/4230 2821/4231
f 2896/4224 2821/4128 2820/4127 2826/4225
f 2898/4232 2897/4233 2505/3733 2899/4234
f 2898/4232 2899/4234 2900/4235 2816/4121
f 2898/4232 2816/4121 2815/4120 2821/4236
f 2900/4235 2899/4234 2500/3728 2901/4237
f 2900/4235 2901/4237 2902/4238 2811/4110
f 2900/4235 2811/4110 2810/4109 2816/4121
f 2902/4238 2901/4237 2496/3724 2903/4239
f 2902/4238 2903/4239 2904/4240 2806/4105
f 2902/4238 2806/4105 2805/4104 2811/4110
f 2904/4240 2903/4239 2905/4241 851/1084
f 2904/4240 851/1084 850/1083 2801/4100
f 2904/4240 2801/4100 2800/4099 2806/4105
f 2905/4241 2494/3722 2492/3720 817/1018
f 2905/4241 817/1018 816/1017 851/1084
f 2905/4241 2903/4239 2496/3724 2494/3722
f 2901/4237 2500/3728 2497/3725 2496/3724
f 2899/4234 2505/3733 2501/3729 2500/3728
f 2897/4233 2510/3738 2506/3734 2505/3733
f 2895/4227 2515/4242 2511/4243 2510/4228
f 2893/4222 2520/4244 2516/3746 2515/3745
f 2891/4216 2525/3762 2521/3761 2520/4218
f 2889/4214 2529/3766 2526/3763 2525/3762
f 2887/4212 2534/3771 2530/3767 2529/3766
f 2885/4210 2539/3776 2535/3772 2534/3771
f 2883/4208 2544/3783 2540/3777 2539/3776
f 2881/4206 2549/4205 2545/3784 2544/3783
f 2879/4202 2554/4201 2550/3792 2549/3791
f 2873/4200 2559/4199 2555/3800 2554/3799
f 2868/4178 2867/4177 2906/4245 709/765
f 2906/4245 2867/4177 2907/4246 2908/4247
f 2906/4245 2908/4247 2909/4248 2910/4249
f 2906/4245 2910/4249 710/766 709/765
f 2910/4249 2909/4248 2911/4250 2912/4251
f 2910/4249 2912/4251 2913/4252 710/766
f 2913/4252 704/758 94/757 710/766
f 2913/4252 2912/4251 2914/4253 2915/4254
f 2913/4252 2915/4254 2916/4255 704/758
f 2916/4255 2917/4256 705/759 704/758
f 2916/4255 2915/4254 2918/4257 2919/4258
f 2916/4255 2919/4258 2920/4259 2917/4256
f 2920/4260 2593/4261 2921/4262 2917/4263
f 2920/4259 2919/4258 2922/4264 2596/4265
f 2920/4260 2596/3847 2594/3846 2593/4261
f 2922/4264 2919/4258 2918/4257 2744/4034
f 2922/4264 2744/4034 2742/4032 2923/4266
f 2922/4264 2923/4266 2597/4267 2596/4265
f 2923/4266 2742/4032 2741/4031 2924/4268
f 2923/4266 2924/4268 2598/4269 2597/4267
f 2924/4268 2741/4031 2606/3865 2604/3863
f 2924/4268 2604/3863 2600/3862 2598/4269
f 2921/4270 2590/3836 2925/4271 2926/4272
f 2921/4262 2926/4273 705/4274 2917/4263
f 2921/4270 2593/4275 2591/3837 2590/3836
f 2926/4276 2925/4277 2575/4278 712/4279
f 2926/4273 712/772 96/771 705/4274
f 2925/4271 2579/3825 2576/3822 2575/3821
f 2925/4271 2590/3836 2588/3834 2579/3825
f 2918/4257 2915/4254 2914/4253 2747/4037
f 2918/4257 2747/4037 2745/4035 2744/4034
f 2914/4253 2912/4251 2911/4250 2750/4040
f 2914/4253 2750/4040 2748/4038 2747/4037
f 2911/4250 2909/4248 2927/4280 2753/4043
f 2911/4250 2753/4043 2751/4041 2750/4040
f 2927/4280 2909/4248 2908/4247 2928/4281
f 2927/4280 2928/4281 2929/4282 2756/4046
f 2927/4280 2756/4046 2754/4044 2753/4043
f 2929/4282 2928/4281 2930/4283 2931/4284
f 2929/4282 2931/4284 2932/4285 2759/4049
f 2929/4282 2759/4049 2757/4047 2756/4046
f 2932/4285 2931/4284 2933/4286 2934/4287
f 2932/4285 2934/4287 2935/4288 2762/4052
f 2932/4285 2762/4052 2760/4050 2759/4049
f 2935/4288 2934/4287 2936/4289 2937/4290
f 2935/4288 2937/4290 2938/4291 2765/4055
f 2935/4288 2765/4055 2763/4053 2762/4052
f 2938/4291 2937/4290 2939/4292 2940/4293
f 2938/4291 2940/4293 2941/4294 2768/4058
f 2938/4291 2768/4058 2766/4056 2765/4055
f 2941/4294 2940/4293 2942/4295 2943/4296
f 2941/4294 2943/4296 2944/4297 2771/4061
f 2941/4294 2771/4061 2769/4059 2768/4058
f 2944/4297 2943/4296 2945/4298 2946/4299
f 2944/4297 2946/4299 2947/4300 2774/4064
f 2944/4297 2774/4064 2772/4062 2771/4061
f 2947/4300 2946/4299 2948/4301 2949/4302
f 2947/4300 2949/4302 2950/4303 2777/4067
f 2947/4300 2777/4067 2775/4065 2774/4064
f 2950/4303 2949/4302 2951/4304 2952/4305
f 2950/4303 2952/4305 2953/4306 2780/4070
f 2950/4303 2780/4070 2778/4068 2777/4067
f 2953/4306 2952/4305 2954/4307 2955/4308
f 2953/4306 2955/4308 2956/4309 2957/4310
f 2953/4306 2957/4310 2781/4071 2780/4070
f 2957/4310 2956/4309 2958/4311 2959/4312
f 2957/4310 2959/4312 2782/4072 2781/4071
f 2959/4312 2958/4311 2960/4313 2961/4314
f 2959/4312 2961/4314 2784/4074 2782/4072
f 2961/4314 2960/4313 2962/4315 2963/4316
f 2961/4314 2963/4316 2786/4076 2784/4074
f 2963/4317 2962/4318 2964/4319 2791/4320
f 2963/4317 2791/4320 2788/4080 2786/4079
f 2964/4319 2962/4318 862/1106 861/1105
f 2964/4321 861/1098 858/1097 2965/4322
f 2964/4321 2965/4322 2792/4089 2791/4088
f 2965/4323 858/1092 857/1091 2797/4096
f 2965/4323 2797/4096 2793/4092 2792/4091
f 2962/4315 2960/4313 863/1101 862/1100
f 2960/4313 2958/4311 2966/4324 863/1101
f 2966/4324 2967/4325 2968/4326 2969/4327
f 2966/4324 2969/4327 864/1102 863/1101
f 2966/4324 2958/4311 2956/4309 2967/4325
f 2969/4328 2968/4329 2970/4330 2971/4331
f 2969/4328 2971/4331 860/1109 864/1108
f 2971/4331 2970/4330 2807/4332 2972/4333
f 2971/4331 2972/4333 856/4334 860/1109
f 2972/4335 2807/4106 2803/4102 2802/4101
f 2972/4335 2802/4101 857/1091 856/1090
f 2970/4330 2812/4113 2808/4112 2807/4332
f 2970/4330 2968/4329 2973/4336 2812/4113
f 2973/4336 2817/4123 2813/4114 2812/4113
f 2973/4337 2968/4326 2967/4325 2974/4338
f 2973/4337 2974/4338 2975/4339 2817/4340
f 2975/4339 2822/4131 2818/4130 2817/4340
f 2975/4339 2974/4338 2955/4308 2954/4307
f 2975/4339 2954/4307 2976/4341 2822/4131
f 2976/4341 2827/4137 2823/4132 2822/4131
f 2976/4341 2954/4307 2952/4305 2951/4304
f 2976/4341 2951/4304 2977/4342 2827/4137
f 2977/4342 2832/4142 2828/4138 2827/4137
f 2977/4342 2951/4304 2949/4302 2948/4301
f 2977/4342 2948/4301 2978/4343 2832/4142
f 2978/4343 2837/4147 2833/4143 2832/4142
f 2978/4343 2948/4301 2946/4299 2945/4298
f 2978/4343 2945/4298 2979/4344 2837/4147
f 2979/4344 2842/4152 2838/4148 2837/4147
f 2979/4344 2945/4298 2943/4296 2942/4295
f 2979/4344 2942/4295 2980/4345 2842/4152
f 2980/4345 2847/4157 2843/4153 2842/4152
f 2980/4345 2942/4295 2940/4293 2939/4292
f 2980/4345 2939/4292 2981/4346 2847/4157
f 2981/4346 2852/4162 2848/4158 2847/4157
f 2981/4346 2939/4292 2937/4290 2936/4289
f 2981/4346 2936/4289 2982/4347 2852/4162
f 2982/4347 2857/4167 2853/4163 2852/4162
f 2982/4347 2936/4289 2934/4287 2933/4286
f 2982/4347 2933/4286 2983/4348 2857/4167
f 2983/4348 2862/4172 2858/4168 2857/4167
f 2983/4348 2933/4286 2931/4284 2930/4283
f 2983/4348 2930/4283 2907/4246 2862/4172
f 2974/4338 2967/4325 2956/4309 2955/4308
f 2930/4283 2928/4281 2908/4247 2907/4246
f 2907/4246 2867/4177 2863/4173 2862/4172
f 2802/4101 2798/4097 2797/4096 857/1091
f 2801/4100 850/1083 849/1082 2796/4095
f 2738/4028 2609/3868 2607/3866 2606/3865
f 2727/4017 2636/3913 2633/3910 2632/3909
f 2723/4013 2639/3916 2637/3914 2636/3913
f 2719/4009 2642/3919 2640/3917 2639/3916
f 2715/4005 2645/3922 2643/3920 2642/3919
f 2711/4001 2648/3925 2646/3923 2645/3922
f 2686/3969 2676/3959 2666/3949 2664/3947
f 2672/3955 2669/3952 2667/3950 2666/3949
f 2620/3894 2618/3893 2611/3870 2610/3869
f 2588/3834 2584/3830 2580/3826 2579/3825
f 2583/3829 2984/4349 723/787 719/780
f 2583/3829 719/780 718/779 2578/3824
f 2583/3829 2582/3828 2985/4350 2984/4349
f 2985/4350 2986/4351 2987/4352 2984/4349
f 2987/4352 2988/4353 2989/4354 2990/4355
f 2987/4352 2990/4355 723/787 2984/4349
f 2987/4352 2986/4351 2991/4356 2988/4353
f 2991/4356 2986/4351 2992/4357 2993/4358
f 2991/4356 2993/4358 2106/3193 2104/3190
f 2991/4356 2104/3190 2102/3188 2988/4353
f 2993/4358 2992/4357 2994/4359 2995/4360
f 2993/4358 2995/4360 2996/4361 2106/3193
f 2996/4361 2995/4360 2997/4362 2998/4363
f 2996/4361 2998/4363 886/1151 2109/3196
f 2996/4361 2109/3196 2107/3194 2106/3193
f 2998/4363 2997/4362 2999/4364 3000/4365
f 2998/4363 3000/4365 887/1152 886/1151
f 3000/4365 2999/4364 3001/4366 679/706
f 3000/4365 679/706 678/705 887/1152
f 3001/4366 654/644 2324/3479 2323/3478
f 3001/4366 2323/3478 93/707 679/706
f 3001/4366 2999/4364 655/645 654/644
f 2999/4364 2997/4362 3002/4367 655/645
f 3002/4367 3003/4368 80/636 655/645
f 3002/4367 2997/4362 2995/4360 2994/4359
f 2990/4355 2989/4354 3004/4369 3005/4370
f 2990/4355 3005/4370 720/784 723/787
f 3005/4370 3004/4369 3006/4371 3007/4372
f 3005/4370 3007/4372 721/785 720/784
f 3007/4372 3006/4371 3008/4373 786/944
f 3007/4372 786/944 722/786 721/785
f 3008/4373 2096/3182 3009/4374 3010/4375
f 3008/4373 3010/4375 124/832 786/944
f 3008/4373 3006/4371 2097/3183 2096/3182
f 3010/4375 3009/4374 3011/4376 3012/4377
f 3010/4375 3012/4377 746/833 124/832
f 3012/4377 3011/4376 3013/4378 3014/4379
f 3012/4377 3014/4379 3015/4380 746/833
f 3015/4380 3014/4379 3016/4381 734/808
f 3015/4380 734/808 733/807 3017/4382
f 3015/4380 3017/4382 741/834 746/833
f 3016/4381 3018/4383 770/919 775/923
f 3016/4381 775/923 735/809 734/808
f 3016/4381 3014/4379 3013/4378 3018/4383
f 3018/4383 783/4384 771/920 770/919
f 3018/4383 3013/4378 3019/4385 783/4384
f 3019/4385 3020/4386 122/4387 783/4384
f 3019/4385 3013/4378 3011/4376 3021/4388
f 3019/4385 3021/4388 2090/3174 3020/4386
f 3021/4388 3011/4376 3009/4374 2093/3179
f 3021/4388 2093/3179 2091/3175 2090/3174
f 3020/4389 2087/4390 781/4391 122/4392
f 3020/4386 2090/3174 2088/3173 2087/4393
f 3009/4374 2096/3182 2094/3180 2093/3179
f 3006/4371 3004/4369 2098/3184 2097/3183
f 3004/4369 2989/4354 2100/3186 2098/3184
f 2989/4354 2988/4353 2102/3188 2100/3186
f 2575/3821 2573/3819 713/4197 712/4394
f 2568/3814 743/827 738/812 737/811
f 2568/3814 737/811 2563/3809 2562/3808
f 2568/3814 2567/3813 744/828 743/827
f 2567/3813 714/775 745/829 744/828
f 2563/3809 737/811 736/810 3022/4395
f 2563/3809 3022/4395 2558/3804 2557/3803
f 3022/4395 736/810 3023/4396 3024/4397
f 3022/4395 3024/4397 3025/4398 2558/3804
f 3025/4398 3024/4397 3026/4399 3027/4400
f 3025/4398 3027/4400 3028/4401 2553/3797
f 3025/4398 2553/3797 2552/3796 2558/3804
f 3028/4401 2548/4402 2547/3798 2553/3797
f 3028/4401 3027/4400 3029/4403 3030/4404
f 3028/4401 3030/4404 3031/4405 2548/4402
f 3031/4405 3030/4404 3032/4406 3033/4407
f 3031/4408 3033/4409 3034/4410 2543/3781
f 3031/4408 2543/3781 2542/3780 2548/4411
f 3034/4410 3033/4409 729/800 728/799
f 3034/4410 728/799 3035/4412 2538/4413
f 3034/4410 2538/4413 2537/3782 2543/3781
f 3033/4407 3032/4406 731/804 729/803
f 3032/4406 3030/4404 3029/4403 3036/4414
f 3032/4406 3036/4414 3037/4415 731/804
f 3037/4415 3036/4414 3038/4416 3039/4417
f 3037/4415 3039/4417 3040/4418 3041/4419
f 3037/4415 3041/4419 732/805 731/804
f 3041/4419 3040/4418 3042/4420 3043/4421
f 3041/4419 3043/4421 730/4422 732/805
f 3043/4423 3042/4424 3044/4425 727/794
f 3043/4423 727/794 726/793 730/4426
f 3044/4427 3042/4428 3045/4429 2519/4430
f 3044/4425 2519/3750 2518/3749 2524/4431
f 3044/4425 2524/4431 724/795 727/794
f 3045/4432 3042/4420 3040/4418 3046/4433
f 3045/4432 3046/4433 3047/4434 2514/3742
f 3045/4432 2514/3742 2513/3741 2519/4435
f 3047/4434 3046/4433 3048/4436 3049/4437
f 3047/4434 3049/4437 3050/4438 2509/3737
f 3047/4434 2509/3737 2508/3736 2514/3742
f 3050/4438 3049/4437 3051/4439 3052/4440
f 3050/4438 3052/4440 767/915 2504/3732
f 3050/4438 2504/3732 2503/3731 2509/3737
f 3052/4440 3051/4439 3053/4441 3054/4442
f 3052/4440 3054/4442 768/916 767/915
f 3054/4442 3053/4441 3055/4443 3056/4444
f 3054/4442 3056/4444 769/917 768/916
f 3056/4444 3055/4443 3057/4445 3058/4446
f 3056/4444 3058/4446 774/922 769/917
f 3058/4446 3057/4445 103/806 735/809
f 3058/4446 735/809 775/923 774/922
f 3057/4445 3023/4396 736/810 103/806
f 3057/4445 3055/4443 3059/4447 3023/4396
f 3059/4447 3026/4399 3024/4397 3023/4396
f 3059/4447 3055/4443 3053/4441 3060/4448
f 3059/4447 3060/4448 3061/4449 3026/4399
f 3061/4449 3029/4403 3027/4400 3026/4399
f 3061/4449 3060/4448 3062/4450 3038/4416
f 3061/4449 3038/4416 3036/4414 3029/4403
f 3062/4450 3060/4448 3053/4441 3051/4439
f 3062/4450 3051/4439 3049/4437 3048/4436
f 3062/4450 3048/4436 3039/4417 3038/4416
f 3048/4436 3046/4433 3040/4418 3039/4417
f 2538/3775 3035/4451 2533/3770 2532/3769
f 2528/3765 2533/3770 101/791 725/790
f 2524/3759 2523/3758 725/790 724/789
f 2504/3732 767/915 766/914 2499/3727
f 2492/3720 2491/3719 813/1014 817/1018
f 2491/3719 821/1023 814/1015 813/1014
f 2488/3716 2487/3715 822/1024 821/1023
f 2487/4452 2483/3703 3063/4453 822/4454
f 3063/4453 2483/3703 2479/3699 2478/3698
f 3063/4453 2478/3698 3064/4455 3065/4456
f 3063/4453 3065/4456 818/4457 822/4454
f 3065/4458 3064/4459 3066/4460 3067/4461
f 3065/4458 3067/4461 819/4462 818/4463
f 3067/4461 3066/4460 2426/3606 2424/3604
f 3067/4461 2424/3604 2422/3603 819/4462
f 3066/4460 3064/4459 2466/4464 2464/3675
f 3066/4460 2464/3675 2462/3673 2426/3606
f 3064/4455 2478/3698 2474/3694 2466/3693
f 2482/3702 3068/4465 3069/4466 3070/4467
f 2482/3702 3070/4467 2477/3697 2476/3696
f 2482/3702 2481/3701 785/3707 3068/4465
f 3070/4467 3069/4466 3071/4468 3072/4469
f 3070/4467 3072/4469 3073/4470 2477/3697
f 3073/4470 3072/4469 3074/4471 3075/4472
f 3073/4470 3075/4472 3076/4473 2473/3692
f 3073/4470 2473/3692 2472/3691 2477/3697
f 3076/4473 3075/4472 3077/4474 3078/4475
f 3076/4473 3078/4475 3079/4476 2470/3687
f 3076/4473 2470/3687 2469/3686 2473/3692
f 3079/4477 3078/4478 3080/4479 3081/4480
f 3079/4477 3081/4480 3082/4481 825/4482
f 3079/4476 825/4483 824/3688 2470/3687
f 3081/4480 3080/4479 3083/4484 3084/4485
f 3081/4480 3084/4485 835/4486 3082/4481
f 3084/4487 3083/4488 3085/4489 3086/4490
f 3084/4487 3086/4490 836/1052 835/1051
f 3086/4490 3085/4489 3087/4491 3088/4492
f 3086/4490 3088/4492 3089/4493 836/1052
f 3089/4493 3088/4492 3090/4494 3091/4495
f 3089/4493 3091/4495 3092/4496 3093/4497
f 3089/4493 3093/4497 837/1053 836/1052
f 3093/4498 3092/4499 3094/4500 1447/4501
f 3093/4502 1447/2160 838/2159 837/4503
f 3094/4504 3092/4505 3095/4506 3096/4507
f 3094/4504 3096/4507 3097/4508 3098/4509
f 3094/4504 3098/4509 291/2157 1447/2160
f 3098/4509 3097/4508 3099/4510 3100/4511
f 3098/4509 3100/4511 1449/2163 291/2157
f 3100/4511 3099/4510 1997/3032 1995/3030
f 3100/4511 1995/3030 1458/2174 1449/2163
f 3099/4510 3097/4508 3101/4512 3102/4513
f 3099/4510 3102/4513 3103/4514 1997/3032
f 3103/4514 3102/4513 1450/2166 1454/2170
f 3103/4514 1454/2170 3104/4515 2000/3035
f 3103/4514 2000/3035 1998/3033 1997/3032
f 3104/4515 3105/4516 3106/4517 3107/4518
f 3104/4515 3107/4518 2001/3036 2000/3035
f 3104/4515 1454/2170 1453/2169 3105/4516
f 3107/4518 3106/4517 1324/1899 1323/1896
f 3107/4518 1323/1896 2002/3037 2001/3036
f 3106/4517 3108/4519 3109/4520 1324/1899
f 3106/4517 3105/4516 3110/4521 3108/4519
f 3110/4521 3111/4522 3112/4523 3108/4519
f 3110/4521 3105/4516 1453/2169 1457/2173
f 3110/4521 1457/2173 3113/4524 3111/4522
f 3113/4524 3114/4525 3115/4526 3111/4522
f 3113/4524 1457/2173 1456/2172 3116/4527
f 3113/4524 3116/4527 3117/4528 3114/4525
f 3117/4528 3118/4529 3119/4530 3114/4525
f 3117/4528 3116/4527 3120/4531 3121/4532
f 3117/4528 3121/4532 3122/4533 3118/4529
f 3122/4534 3123/4535 3124/4536 3118/4537
f 3122/4533 3121/4532 3125/4538 1467/4539
f 3122/4540 1467/4541 1466/4542 3123/4543
f 3125/4538 3121/4532 3120/4531 3126/4544
f 3125/4538 3126/4544 3127/4545 3128/4546
f 3125/4538 3128/4546 1460/4547 1467/4539
f 3128/4548 3127/4549 3129/4550 3130/4551
f 3128/4548 3130/4551 1461/2179 1460/2178
f 3130/4551 3129/4550 3131/4552 3132/4553
f 3130/4551 3132/4553 1464/4554 1461/2179
f 3132/4553 3131/4552 3133/4555 3134/4556
f 3132/4553 3134/4556 3135/4557 1464/4554
f 3135/4558 3136/4559 1462/2187 1464/2186
f 3135/4557 3134/4556 3137/4560 341/4561
f 3135/4562 341/4563 340/4564 3136/4565
f 3137/4560 3138/4566 338/4567 341/4561
f 3137/4560 3134/4556 3133/4555 3139/4568
f 3137/4560 3139/4568 3140/4569 3138/4566
f 3140/4569 3141/4570 3142/4571 3138/4566
f 3140/4569 3139/4568 3143/4572 3144/4573
f 3140/4569 3144/4573 3145/4574 3141/4570
f 3145/4574 3146/4575 347/74 3141/4570
f 3145/4574 3144/4573 3147/4576 3148/4577
f 3145/4574 3148/4577 3149/4578 3146/4575
f 3149/4578 3150/4579 3151/4580 3146/4575
f 3149/4578 3148/4577 3152/4581 3153/4582
f 3149/4578 3153/4582 3154/4583 3150/4579
f 3154/4584 3155/4585 3156/4586 3150/4587
f 3154/4583 3153/4582 3157/4588 3158/4589
f 3154/4584 3158/4590 3159/4591 3155/4585
f 3159/4591 3160/4592 3161/4593 3155/4585
f 3159/4591 3158/4590 3162/4594 3163/4595
f 3159/4591 3163/4595 3164/4596 3160/4592
f 3164/4596 3165/4597 3166/4598 3160/4592
f 3164/4596 3163/4595 3167/4599 3168/4600
f 3164/4596 3168/4600 3169/4601 3165/4597
f 3169/4601 2065/3141 2064/3140 3165/4597
f 3169/4601 3168/4600 3170/4602 2069/3145
f 3169/4601 2069/3145 2066/3142 2065/3141
f 3170/4602 3168/4600 3167/4599 3171/4603
f 3170/4602 3171/4603 3172/4604 2072/3149
f 3170/4602 2072/3149 2070/3146 2069/3145
f 3172/4604 3171/4603 3173/4605 840/1062
f 3172/4604 840/1062 839/1061 3174/4606
f 3172/4604 3174/4606 2073/3150 2072/3149
f 3174/4607 839/1065 842/1064 3175/4608
f 3174/4607 3175/4608 2074/3153 2073/3152
f 3175/4609 842/4610 3176/4611 3177/4612
f 3175/4609 3177/4612 2076/3157 2074/3156
f 3177/4612 3176/4611 3178/4613 3179/4614
f 3177/4612 3179/4614 2078/3159 2076/3157
f 3179/4614 3178/4613 3180/4615 3181/4616
f 3179/4614 3181/4616 2082/3163 2078/3159
f 3181/4616 3180/4615 778/928 777/927
f 3181/4616 777/927 2083/3164 2082/3163
f 3180/4615 3178/4613 3182/4617 3183/4618
f 3180/4615 3183/4618 779/929 778/928
f 3183/4618 3182/4617 3184/4619 3185/4620
f 3183/4618 3185/4620 3186/4621 779/929
f 3186/4622 3185/4623 3069/4466 3068/4465
f 3186/4624 3068/4625 785/4626 784/4627
f 3186/4621 784/937 780/930 779/929
f 3185/4623 3184/4628 3071/4468 3069/4466
f 3184/4619 3182/4617 3187/4629 3188/4630
f 3184/4628 3188/4631 3189/4632 3071/4468
f 3189/4632 3188/4631 330/4633 332/4634
f 3189/4632 332/4634 3190/4635 3074/4471
f 3189/4632 3074/4471 3072/4469 3071/4468
f 3190/4636 332/4637 329/48 3191/4638
f 3190/4636 3191/4638 3192/4639 3077/4640
f 3190/4635 3077/4474 3075/4472 3074/4471
f 3192/4639 3191/4638 3193/4641 3194/4642
f 3192/4639 3194/4642 3083/4484 3080/4479
f 3192/4639 3080/4479 3078/4478 3077/4640
f 3194/4643 3193/4644 3195/4645 3196/4646
f 3194/4643 3196/4646 3085/4489 3083/4488
f 3196/4646 3195/4645 3197/4647 3198/4648
f 3196/4646 3198/4648 3087/4491 3085/4489
f 3198/4648 3197/4647 3199/4649 3200/4650
f 3198/4648 3200/4650 3201/4651 3087/4491
f 3201/4651 3200/4650 3202/4652 3203/4653
f 3201/4651 3203/4653 3204/4654 3090/4494
f 3201/4651 3090/4494 3088/4492 3087/4491
f 3204/4654 3203/4653 3205/4655 3206/4656
f 3204/4654 3206/4656 3207/4657 3208/4658
f 3204/4654 3208/4658 3091/4495 3090/4494
f 3208/4658 3207/4657 3209/4659 3095/4660
f 3208/4658 3095/4660 3092/4496 3091/4495
f 3209/4659 3207/4657 3210/4661 3211/4662
f 3209/4663 3211/4664 3212/4665 3213/4666
f 3209/4663 3213/4666 3096/4507 3095/4506
f 3213/4666 3212/4665 1451/2167 3101/4512
f 3213/4666 3101/4512 3097/4508 3096/4507
f 3212/4665 3214/4667 1452/2168 1451/2167
f 3212/4665 3211/4664 3215/4668 3214/4667
f 3215/4668 3216/4669 3217/4670 3214/4667
f 3215/4671 3211/4662 3210/4661 3218/4672
f 3215/4671 3218/4672 3219/4673 3216/4674
f 3219/4673 3129/4550 3127/4549 3216/4674
f 3219/4673 3218/4672 3220/4675 3221/4676
f 3219/4673 3221/4676 3131/4552 3129/4550
f 3221/4676 3220/4675 3222/4677 3223/4678
f 3221/4676 3223/4678 3133/4555 3131/4552
f 3223/4678 3222/4677 3224/4679 3143/4572
f 3223/4678 3143/4572 3139/4568 3133/4555
f 3224/4679 3147/4576 3144/4573 3143/4572
f 3224/4679 3222/4677 3225/4680 3226/4681
f 3224/4679 3226/4681 3227/4682 3147/4576
f 3227/4682 3152/4581 3148/4577 3147/4576
f 3227/4682 3226/4681 3228/4683 3229/4684
f 3227/4682 3229/4684 3230/4685 3152/4581
f 3230/4685 3157/4588 3153/4582 3152/4581
f 3230/4685 3229/4684 3231/4686 3232/4687
f 3230/4685 3232/4687 3233/4688 3157/4588
f 3233/4689 3162/4690 3158/4691 3157/4692
f 3233/4688 3232/4687 3234/4693 3235/4694
f 3233/4689 3235/4695 3236/4696 3162/4690
f 3236/4697 3167/4599 3163/4595 3162/4594
f 3236/4696 3235/4695 3237/4698 3173/4699
f 3236/4697 3173/4605 3171/4603 3167/4599
f 3237/4700 3235/4694 3234/4693 3238/4701
f 3237/4700 3238/4701 843/1068 841/1067
f 3237/4698 841/4702 840/4703 3173/4699
f 3238/4701 3234/4693 3199/4649 3197/4647
f 3238/4701 3197/4647 3195/4645 843/1068
f 3234/4704 3232/4705 3231/4706 3199/4707
f 3231/4686 3229/4684 3228/4683 3202/4652
f 3231/4686 3202/4652 3200/4650 3199/4649
f 3228/4683 3226/4681 3225/4680 3205/4655
f 3228/4683 3205/4655 3203/4653 3202/4652
f 3225/4680 3222/4677 3220/4675 3239/4708
f 3225/4680 3239/4708 3206/4656 3205/4655
f 3239/4708 3220/4675 3218/4672 3210/4661
f 3239/4708 3210/4661 3207/4657 3206/4656
f 3217/4670 3126/4544 3120/4531 1455/2171
f 3217/4670 1455/2171 1452/2168 3214/4667
f 3217/4670 3216/4669 3127/4545 3126/4544
f 3195/4645 3193/4644 328/1069 843/1068
f 3193/4641 3191/4638 329/48 328/47
f 3188/4630 3187/4629 331/4709 330/4710
f 3187/4629 3182/4617 3178/4613 3176/4611
f 3187/4629 3176/4611 842/4610 331/4709
f 3166/4598 3240/4711 3241/4712 3242/4713
f 3166/4598 3242/4713 3161/4593 3160/4592
f 3166/4598 3165/4597 2064/3140 3240/4711
f 3242/4713 3241/4712 3243/4714 3244/4715
f 3242/4713 3244/4715 3245/4716 3161/4593
f 3245/4716 3244/4715 3246/4717 3247/4718
f 3245/4716 3247/4718 3248/4719 3156/4586
f 3245/4716 3156/4586 3155/4585 3161/4593
f 3248/4719 3247/4718 3249/4720 356/90
f 3248/4719 356/90 348/89 3151/4721
f 3248/4719 3151/4721 3150/4587 3156/4586
f 3249/4720 3250/4722 1425/4723 1424/4724
f 3249/4720 1424/4724 357/91 356/90
f 3249/4720 3247/4718 3246/4717 3250/4722
f 3250/4722 351/79 350/78 1425/4723
f 3250/4722 3246/4717 3251/4725 351/79
f 3251/4725 3252/4726 11/76 351/79
f 3251/4725 3246/4717 3244/4715 3243/4714
f 3251/4725 3243/4714 3253/4727 3252/4726
f 3253/4727 3254/4728 3255/4729 3252/4726
f 3253/4727 3243/4714 3241/4712 3256/4730
f 3253/4727 3256/4730 3257/4731 3254/4728
f 3257/4731 1070/1489 1069/1486 3254/4728
f 3257/4731 3256/4730 2061/3137 2059/3135
f 3257/4731 2059/3135 2057/3131 1070/1489
f 3256/4730 3241/4712 3240/4711 2061/3137
f 3255/4729 3258/4732 3259/4733 352/4734
f 3255/4735 352/81 11/80 3252/4736
f 3255/4729 3254/4728 1069/1486 3258/4732
f 3259/4733 3260/4737 3261/4738 3262/4739
f 3259/4733 3262/4739 353/4740 352/4734
f 3259/4733 3258/4732 3263/4741 3260/4737
f 3263/4741 3264/4742 3265/4743 3260/4737
f 3263/4741 3258/4732 1069/1486 1068/1485
f 3263/4741 1068/1485 3266/4744 3264/4742
f 3266/4744 519/358 3267/4745 3264/4742
f 3266/4744 1068/1485 1067/1484 3268/4746
f 3266/4744 3268/4746 520/359 519/358
f 3268/4746 1067/1484 1072/1488 3269/4747
f 3268/4746 3269/4747 1076/1494 520/359
f 3269/4748 1072/4749 3270/4750 3271/4751
f 3269/4748 3271/4751 3272/4752 1076/4753
f 3272/4752 3273/4754 3274/4755 3275/4756
f 3272/4752 3275/4756 1073/4757 1076/4753
f 3272/4752 3271/4751 3276/4758 3273/4754
f 3276/4758 3277/4759 3278/4760 3273/4754
f 3276/4758 3271/4751 3270/4750 3279/4761
f 3276/4758 3279/4761 3280/4762 3277/4759
f 3280/4762 3281/4763 3282/4764 3277/4759
f 3280/4765 3279/4766 3283/4767 3284/4768
f 3280/4769 3284/4770 3285/4771 3281/4772
f 3285/4771 3286/4773 3287/4774 3281/4772
f 3285/4771 3284/4770 3288/4775 3289/4776
f 3285/4771 3289/4776 3290/4777 3286/4773
f 3290/4777 3291/4778 3292/4779 3286/4773
f 3290/4777 3289/4776 3293/4780 3294/4781
f 3290/4777 3294/4781 3295/4782 3291/4778
f 3295/4782 2009/3047 3296/4783 3291/4778
f 3295/4782 3294/4781 2014/3055 2012/3052
f 3295/4782 2012/3052 2010/3048 2009/3047
f 3296/4783 2006/3043 3297/4784 3298/4785
f 3296/4783 3298/4785 3292/4779 3291/4778
f 3296/4783 2009/3047 2007/3044 2006/3043
f 3298/4785 3299/4786 3300/4787 3292/4779
f 3298/4785 3297/4784 3301/4788 3299/4786
f 3301/4789 3302/4790 3303/4791 3299/4792
f 3301/4788 3297/4784 1322/4793 1321/4794
f 3301/4789 1321/4795 1326/4796 3302/4790
f 3303/4791 3304/4797 3305/4798 3306/4799
f 3303/4791 3306/4799 3300/4800 3299/4792
f 3303/4791 3302/4790 3307/4801 3304/4797
f 3307/4801 3308/4802 3309/4803 3304/4797
f 3307/4801 3302/4790 1326/4796 3310/4804
f 3307/4801 3310/4804 1078/4805 3308/4802
f 3310/4806 1326/1898 1325/1897 3311/4807
f 3310/4806 3311/4807 1079/1503 1078/4808
f 3311/4807 1325/1897 3312/4809 3313/4810
f 3311/4807 3313/4810 3314/4811 1079/1503
f 3314/4811 1088/1515 1080/1504 1079/1503
f 3314/4811 3313/4810 1298/1853 1046/4812
f 3314/4811 1046/4812 1045/1516 1088/1515
f 3313/4810 3312/4809 1299/1854 1298/1853
f 3312/4809 1325/1897 1324/1899 3109/4520
f 3312/4809 3109/4520 1305/1867 1299/1854
f 3309/4813 3315/4814 3316/4815 3317/4816
f 3309/4803 3317/4817 3305/4798 3304/4797
f 3309/4803 3308/4802 3318/4818 3315/4819
f 3318/4820 1933/2931 1932/2930 3315/4821
f 3318/4818 3308/4802 1078/4805 1077/4822
f 3318/4820 1077/4823 1082/2932 1933/2931
f 3317/4824 3316/4825 3319/4826 3320/4827
f 3317/4817 3320/4828 3321/4829 3305/4798
f 3321/4829 3320/4828 3322/4830 3323/4831
f 3321/4829 3323/4831 3282/4764 3324/4832
f 3321/4829 3324/4832 3306/4799 3305/4798
f 3324/4832 3282/4764 3281/4763 3287/4833
f 3324/4832 3287/4833 3300/4800 3306/4799
f 3323/4831 3322/4830 3325/4834 3278/4760
f 3323/4831 3278/4760 3277/4759 3282/4764
f 3325/4835 3322/4836 3326/4837 3327/4838
f 3325/4835 3327/4838 3328/4839 3274/4840
f 3325/4834 3274/4755 3273/4754 3278/4760
f 3328/4841 3327/4842 3329/4843 3330/4844
f 3328/4841 3330/4844 3331/4845 3332/4846
f 3328/4841 3332/4846 3275/4847 3274/4848
f 3332/4846 3331/4845 3333/4849 1074/4850
f 3332/4846 1074/4850 1073/4851 3275/4847
f 3333/4852 1904/2889 1903/2888 3334/4853
f 3333/4852 3334/4853 1075/1493 1074/1492
f 3333/4854 3331/4855 1905/4856 1904/4857
f 3334/4853 1903/2888 3335/4858 3336/4859
f 3334/4853 3336/4859 3337/4860 1075/1493
f 3337/4860 3336/4859 3338/4861 3339/4862
f 3337/4860 3339/4862 3340/4863 507/338
f 3337/4860 507/338 506/337 1075/1493
f 3340/4863 3339/4862 3341/4864 3342/4865
f 3340/4863 3342/4865 3343/4866 3344/4867
f 3340/4863 3344/4867 508/339 507/338
f 3344/4867 3343/4866 3345/4868 3346/4869
f 3344/4867 3346/4869 544/419 508/339
f 3346/4869 3345/4868 3347/4870 3348/4871
f 3346/4869 3348/4871 511/4872 544/419
f 3348/4871 3347/4870 3349/4873 3350/4874
f 3348/4871 3350/4874 512/4875 511/4872
f 3350/4876 3349/4877 3351/4878 3352/4879
f 3350/4876 3352/4879 515/4880 512/4881
f 3352/4879 3351/4878 1116/1559 3353/4882
f 3352/4879 3353/4882 46/4883 515/4880
f 3353/4882 1116/1559 1115/1558 3354/4884
f 3353/4882 3354/4884 522/4885 46/4883
f 3354/4884 1115/1558 1118/1561 3355/4886
f 3354/4884 3355/4886 3356/4887 522/4885
f 3356/4887 3355/4886 3357/4888 3358/4889
f 3356/4890 3358/4891 3359/4892 3360/4893
f 3356/4890 3360/4893 523/366 522/365
f 3360/4894 3359/4895 1096/1531 3361/4896
f 3360/4894 3361/4896 3362/4897 523/4898
f 3362/4897 3361/4896 3363/4899 3364/4900
f 3362/4897 3364/4900 3365/4901 3366/4902
f 3362/4897 3366/4902 521/4903 523/4898
f 3366/4902 3365/4901 3367/4904 535/389
f 3366/4902 535/389 516/388 521/4903
f 3367/4904 3365/4901 3368/4905 3369/4906
f 3367/4904 3369/4906 3370/4907 3371/4908
f 3367/4904 3371/4908 513/349 535/389
f 3371/4909 3370/4910 3372/4911 3373/4912
f 3371/4913 3373/4914 514/4915 513/4916
f 3373/4912 3372/4911 3374/4917 3375/4918
f 3373/4912 3375/4918 517/356 514/355
f 3375/4918 3374/4917 463/270 3376/4919
f 3375/4918 3376/4919 3377/4920 517/356
f 3377/4920 3376/4919 3378/4921 3379/4922
f 3377/4920 3379/4922 3380/4923 543/417
f 3377/4920 543/417 518/357 517/356
f 3380/4923 3379/4922 3381/4924 3265/4743
f 3380/4923 3265/4743 3264/4742 3267/4745
f 3380/4923 3267/4745 510/418 543/417
f 3381/4924 3379/4922 3378/4921 443/236
f 3381/4924 443/236 442/235 3261/4738
f 3381/4924 3261/4738 3260/4737 3265/4743
f 3378/4921 3376/4919 463/270 440/232
f 3378/4921 440/232 30/231 443/236
f 3374/4917 3372/4911 3382/4925 3383/4926
f 3383/4926 3382/4925 3384/4927 3385/4928
f 3383/4926 3385/4928 488/312 38/304
f 3385/4928 3384/4927 3386/4929 3387/4930
f 3385/4928 3387/4930 3388/4931 488/312
f 3388/4931 3387/4930 3389/4932 3390/4933
f 3388/4931 3390/4933 461/268 3391/4934
f 3388/4931 3391/4934 489/313 488/312
f 3391/4934 461/268 460/267 3392/4935
f 3391/4934 3392/4935 451/250 489/313
f 3392/4935 460/267 462/269 3393/4936
f 3392/4935 3393/4936 31/247 451/250
f 3393/4936 462/269 3394/4937 3395/4938
f 3393/4936 3395/4938 447/240 31/247
f 3395/4938 3394/4937 3396/4939 3397/4940
f 3395/4938 3397/4940 448/241 447/240
f 3397/4940 3396/4939 3398/4941 3399/4942
f 3397/4940 3399/4942 3400/4943 448/241
f 3400/4943 3399/4942 3401/4944 3402/4945
f 3400/4943 3402/4945 3403/4946 3404/4947
f 3400/4943 3404/4947 449/242 448/241
f 3404/4947 3403/4946 3405/4948 3406/4949
f 3404/4947 3406/4949 3407/4950 449/242
f 3406/4949 3405/4948 354/4951 353/4740
f 3406/4949 353/4740 3262/4739 3407/4950
f 3405/4952 3403/4953 3408/4954 3409/4955
f 3405/4956 3409/4957 355/86 354/85
f 3409/4957 3408/4958 3410/4959 3411/4960
f 3409/4957 3411/4960 1430/2128 355/86
f 3411/4960 3410/4959 3412/4961 3413/4962
f 3411/4960 3413/4962 1427/2129 1430/2128
f 3413/4962 3414/4963 1428/4964 1427/2129
f 3414/4963 1416/2100 1415/2099 3415/4965
f 3414/4963 3415/4965 1478/4966 1428/4964
f 3415/4965 3416/4967 1479/4968 1478/4966
f 3417/4969 3412/4961 3418/4970 3419/4971
f 3417/4969 3419/4971 3420/4972 1404/2074
f 3419/4971 3418/4970 3421/4973 3422/4974
f 3419/4971 3422/4974 3423/4975 3420/4972
f 3423/4975 3422/4974 3424/4976 3425/4977
f 3423/4975 3425/4977 3426/4978 3427/4979
f 3423/4975 3427/4979 3428/4980 3420/4972
f 3427/4979 3426/4978 3429/4981 3430/4982
f 3431/4983 3432/4984 1476/2206 1475/2205
f 3433/4985 3434/4986 3435/4987 3436/4988
f 3435/4989 3434/4990 3437/4991 3438/4992
f 3438/4992 3437/4991 3439/4993 3440/4994
f 3438/4995 3440/4996 3441/4997 4963/4998
f 3442/4999 4963/5000 3443/5001 3444/5002 3445/5003
f 3446/5004 3445/5003 3444/5002 3447/5005
f 3446/5004 3447/5005 3448/5006 4800/5007
f 3449/5008 4800/5007 3450/5009 3451/5010 3452/5011
f 6147/5012 3452/5011 3451/5010 3453/5013
f 3456/5014 3455/5015 6147/5012 3454/5016 3457/5017
f 3456/5014 3457/5017 1402/5018 3458/5019
f 3459/5020 1401/5021 1406/5022 3460/5023
f 3461/5024 3460/5023 1406/5022 3462/5025
f 1402/5026 1401/5027 3459/5028 3458/5029
f 3439/4993 3437/4991 1432/5030 3463/5031
f 3463/5031 1432/5030 1431/5032 3464/5033
f 3437/5034 3434/5035 1433/2135 1432/2134
f 3432/4984 3430/4982 3465/5036 3466/5037
f 3432/4984 3466/5037 3467/5038 1476/2206
f 3467/5038 3466/5037 1292/5039 3468/5040
f 3467/5038 3468/5040 3469/5041 3470/5042
f 3467/5038 3470/5042 1473/2207 1476/2206
f 3470/5042 3469/5041 1445/2152 1444/2151
f 3470/5042 1444/2151 1474/5043 1473/2207
f 3469/5044 3468/5045 3471/5046 3472/5047
f 3469/5041 3472/5048 1446/2155 1445/2152
f 3472/5049 3471/5050 3473/5051 3474/5052
f 3472/5049 3474/5052 3475/5053 1446/5054
f 3475/5053 3474/5052 3476/5055 3477/5056
f 3475/5053 3477/5056 3478/5057 1439/5058
f 3475/5059 1439/5060 1438/5061 1446/5062
f 3478/5057 3477/5056 3479/5063 3480/5064
f 3478/5057 3480/5064 1300/5065 3481/5066
f 3478/5057 3481/5066 1440/5067 1439/5058
f 3481/5066 1300/5065 250/1866 1306/1868
f 3481/5066 1306/1868 3482/5068 1440/5067
f 3482/5068 1306/1868 1305/1867 3112/4523
f 3482/5068 3112/4523 3111/4522 3115/4526
f 3482/5068 3115/4526 1441/5069 1440/5067
f 3480/5064 3479/5063 3483/5070 3484/5071
f 3480/5064 3484/5071 1296/1851 1300/5065
f 3484/5071 3483/5070 3485/5072 3486/5073
f 3484/5071 3486/5073 1297/1852 1296/1851
f 3486/5073 3485/5072 3487/5074 1048/1449
f 3486/5073 1048/1449 1047/1448 1297/1852
f 3487/5074 3485/5072 3488/5075 3489/5076
f 3487/5074 3489/5076 3490/5077 3491/5078
f 3487/5074 3491/5078 1049/1450 1048/1449
f 3491/5078 3490/5077 3492/5079 3493/5080
f 3491/5078 3493/5080 3494/5081 1049/1450
f 3494/5081 3493/5080 3495/5082 3496/5083
f 3494/5081 3496/5083 197/1454 1050/1452
f 3494/5081 1050/1452 195/1447 1049/1450
f 3496/5084 3495/5085 1145/5086 1144/5087
f 3496/5084 1144/5087 1051/5088 197/5089
f 3495/5082 3493/5080 3492/5079 3497/5090
f 3495/5085 3497/5091 1146/5092 1145/5086
f 3497/5090 3492/5079 3498/5093 3499/5094
f 3497/5091 3499/5095 3500/5096 1146/5092
f 3500/5096 3499/5095 3501/5097 3502/5098
f 3500/5096 3502/5098 1105/1544 1102/1539
f 3500/5096 1102/1539 1101/1538 1146/5092
f 3502/5098 3501/5097 3503/5099 3504/5100
f 3502/5098 3504/5100 3505/5101 1105/1544
f 3505/5101 3504/5100 3506/5102 3507/5103
f 3505/5101 3507/5103 3508/5104 1161/1632
f 3508/5104 3507/5103 3509/5105 3510/5106
f 3508/5104 3510/5106 3511/5107 3512/5108
f 3508/5104 3512/5108 1162/1633 1161/1632
f 3512/5108 3511/5107 3513/5109 3514/5110
f 3512/5108 3514/5110 3515/5111 1162/1633
f 3515/5111 3514/5110 3516/5112 3517/5113
f 3515/5111 3517/5113 1157/1626 1156/1625
f 3515/5111 1156/1625 1160/1631 1162/1633
f 3517/5113 3516/5112 3518/5114 3519/5115
f 3517/5113 3519/5115 1107/1627 1157/1626
f 3519/5115 3518/5114 3520/5116 3521/5117
f 3519/5115 3521/5117 3522/5118 1107/1627
f 3522/5118 3521/5117 3523/5119 3524/5120
f 3525/5121 3526/5122 3364/4900 3363/4899
f 3525/5121 3363/4899 1095/1530 3527/5123
f 3526/5122 3524/5120 3528/5124 3368/4905
f 3526/5122 3368/4905 3365/4901 3364/4900
f 3528/5124 3524/5120 3523/5119 3529/5125
f 3528/5124 3529/5125 3530/5126 3531/5127
f 3528/5124 3531/5127 3369/4906 3368/4905
f 3531/5127 3530/5126 3532/5128 3533/5129
f 3531/5127 3533/5129 3370/4907 3369/4906
f 3533/5130 3532/5131 3384/4927 3382/4925
f 3533/5130 3382/4925 3372/4911 3370/4910
f 3532/5128 3530/5126 3534/5132 3535/5133
f 3532/5131 3535/5134 3386/4929 3384/4927
f 3535/5135 3534/5136 3536/5137 3537/5138
f 3535/5134 3537/5139 3538/5140 3386/4929
f 3538/5140 3537/5139 3539/5141 3540/5142
f 3538/5140 3540/5142 3541/5143 3389/4932
f 3538/5140 3389/4932 3387/4930 3386/4929
f 3541/5143 3540/5142 3542/5144 540/407
f 3541/5143 540/407 539/406 3543/5145
f 3541/5143 3543/5145 3390/4933 3389/4932
f 3543/5145 539/406 456/263 455/262
f 3543/5145 455/262 461/268 3390/4933
f 3542/5144 3544/5146 536/5147 499/326
f 3542/5144 499/326 498/325 540/407
f 3542/5144 3540/5142 3539/5141 3544/5146
f 3544/5148 3545/5149 537/394 536/393
f 3544/5148 3539/5150 3546/5151 3545/5149
f 3546/5152 3547/5153 3548/5154 3545/5155
f 3546/5156 3539/5157 3537/5158 3536/5159
f 3546/5152 3536/5160 3549/5161 3547/5153
f 3549/5161 3550/5162 3551/5163 3547/5153
f 3549/5161 3536/5160 3534/5132 3552/5164
f 3549/5161 3552/5164 3553/5165 3550/5162
f 3553/5165 3520/5116 3554/5166 3550/5162
f 3553/5165 3552/5164 3529/5125 3523/5119
f 3553/5165 3523/5119 3521/5117 3520/5116
f 3554/5166 3555/5167 3556/5168 3557/5169
f 3554/5166 3557/5169 3551/5163 3550/5162
f 3554/5166 3520/5116 3518/5114 3555/5167
f 3557/5169 3556/5168 1205/1712 3558/5170
f 3557/5169 3558/5170 3559/5171 3551/5163
f 3559/5171 3560/5172 3561/5173 3548/5154
f 3559/5171 3548/5154 3547/5153 3551/5163
f 3561/5173 3560/5172 3562/5174 3563/5175
f 3561/5173 3563/5175 538/5176 537/5177
f 3561/5173 537/5177 3545/5155 3548/5154
f 3563/5175 3562/5174 3564/5178 3565/5179
f 3563/5175 3565/5179 3566/5180 538/5176
f 3556/5168 1186/1687 6140/1686 1205/1712
f 3556/5168 3555/5167 3567/5181 1186/1687
f 3567/5181 3513/5109 1187/1682 1186/1687
f 3567/5181 3555/5167 3518/5114 3516/5112
f 3567/5181 3516/5112 3514/5110 3513/5109
f 3552/5164 3534/5132 3530/5126 3529/5125
f 3513/5109 3511/5107 1190/1690 1187/1682
f 3511/5107 3510/5106 1179/1670 1190/1690
f 3510/5106 3509/5105 1180/1671 1179/1670
f 3509/5105 3568/5182 3569/5183 1180/1671
f 3509/5105 3507/5103 3506/5102 3568/5182
f 3569/5184 3570/5185 3571/5186 1181/5187
f 3569/5183 1181/1672 226/1668 1180/1671
f 3569/5184 3568/5188 3572/5189 3570/5185
f 3572/5190 3573/5191 3574/5192 3570/5193
f 3572/5190 3568/5194 3506/5195 3575/5196
f 3572/5190 3575/5196 3576/5197 3573/5191
f 3576/5197 3577/5198 3578/5199 3573/5191
f 3576/5197 3575/5196 3503/5200 3579/5201
f 3576/5197 3579/5201 3580/5202 3577/5198
f 3580/5202 3581/5203 3582/5204 3577/5198
f 3580/5202 3579/5201 3583/5205 3584/5206
f 3584/5206 3583/5205 3498/5093 3585/5207
f 3585/5207 3498/5093 3492/5079 3490/5077
f 3585/5207 3490/5077 3489/5076 3586/5208
f 3583/5205 3579/5201 3503/5200 3501/5209
f 3583/5205 3501/5209 3499/5094 3498/5093
f 3578/5199 3587/5210 3588/5211 3589/5212
f 3578/5199 3589/5212 3574/5192 3573/5191
f 3578/5199 3577/5198 3582/5204 3587/5210
f 3588/5211 3587/5210 3590/5213 3591/5214
f 3590/5213 3592/5215 3593/5216 3591/5214
f 3590/5213 3587/5210 3582/5204 1266/1812
f 3590/5213 1266/1812 1265/1811 3592/5215
f 3593/5216 3594/5217 3595/5218 3596/5219
f 3593/5216 3592/5215 3597/5220 3594/5217
f 3597/5220 3598/5221 3599/5222 3594/5217
f 3597/5220 3592/5215 1265/1811 3600/5223
f 3597/5220 3600/5223 3601/5224 3598/5221
f 3601/5224 1295/5225 3602/5226 3598/5221
f 3601/5224 3600/5223 3603/5227 3604/5228
f 3601/5224 3604/5228 1290/1847 1295/5225
f 3604/5228 3605/5229 1291/1848 1290/1847
f 3605/5229 3473/5051 3471/5050 1291/1848
f 3603/5227 3600/5223 1265/1811 1264/1810
f 3602/5226 3606/5230 3607/5231 3608/5232
f 3602/5226 3608/5232 3599/5222 3598/5221
f 3602/5226 1295/5225 1294/5233 3606/5230
f 3608/5232 3607/5231 3609/5234 3610/5235
f 3608/5232 3610/5235 3611/5236 3599/5222
f 3611/5236 3610/5235 1367/1993 1362/1979
f 3611/5236 1362/1979 1361/1978 3595/5218
f 3611/5236 3595/5218 3594/5217 3599/5222
f 3610/5235 3609/5234 3612/5237 1367/1993
f 3612/5237 3613/5238 1488/5239 3614/5240
f 3612/5237 3614/5240 1366/1992 1367/1993
f 3612/5237 3609/5234 3615/5241 3613/5238
f 3615/5242 3616/5243 3617/5244 3613/5245
f 3615/5241 3609/5234 3607/5231 3618/5246
f 3615/5242 3618/5247 3619/5248 3616/5243
f 3619/5248 3620/5249 1382/2030 3616/5243
f 3619/5248 3618/5247 3621/5250 3622/5251
f 3619/5248 3622/5251 3429/4981 3620/5249
f 3622/5251 3621/5250 1293/5252 3465/5036
f 3622/5251 3465/5036 3430/4982 3429/4981
f 3621/5253 3618/5246 3607/5231 3606/5230
f 3621/5253 3606/5230 1294/5233 1293/1850
f 3620/5249 3623/5254 1383/2031 1382/2030
f 3620/5249 3429/4981 3426/4978 3623/5254
f 3623/5254 3624/5255 1386/2034 1383/2031
f 3623/5254 3426/4978 3425/4977 3624/5255
f 3624/5255 1396/2058 1393/2055 1386/2034
f 3624/5255 3425/4977 3424/4976 1396/2058
f 3617/5244 1381/2029 1400/2066 1489/2230
f 3617/5244 1489/2230 1488/2229 3613/5245
f 3617/5244 3616/5243 1382/2030 1381/2029
f 3614/5240 1488/5239 1487/5256 1282/1839
f 3614/5240 1282/1839 1281/1838 1366/1992
f 3625/5257 3596/5219 3626/5258 3627/5259
f 3627/5259 3626/5258 3628/5260 3629/5261
f 3629/5261 3628/5260 1311/5262 3630/5263
f 3630/5263 1311/5262 3633/5264 3632/5265
f 3628/5266 1360/5267 1363/5268 1311/5269
f 3628/5260 3626/5258 1361/1978 1360/1977
f 3626/5258 3596/5219 3595/5218 1361/1978
f 3575/5270 3506/5271 3504/5272 3503/5273
f 3574/5192 3634/5274 3571/5275 3570/5193
f 3634/5274 3635/5276 3636/5277 3637/5278
f 3634/5274 3637/5278 3638/5279 3571/5275
f 3638/5279 3637/5278 3639/5280 3640/5281
f 3639/5280 3637/5278 3636/5277 3641/5282
f 3641/5283 1169/1649 1163/1636 1174/5284
f 3641/5285 3636/5286 3642/5287 1169/5288
f 3642/5289 3643/5290 1166/5291 1169/5292
f 3642/5287 3636/5286 3635/5293 3644/5294
f 3489/5076 3488/5075 3645/5295 3586/5208
f 3488/5075 3646/5296 3647/5297 3645/5295
f 3488/5075 3485/5072 3483/5070 3646/5296
f 3647/5297 3646/5296 3648/5298 1288/1844
f 3648/5298 3476/5055 1289/1845 1288/1844
f 3648/5298 3646/5296 3483/5070 3479/5063
f 3648/5298 3479/5063 3477/5056 3476/5055
f 3649/5299 3645/5295 3647/5297 3650/5300
f 3476/5055 3474/5052 3473/5051 1289/1845
f 3471/5050 3468/5301 1292/1849 1291/1848
f 3466/5037 3465/5036 1293/5252 1292/5039
f 3424/4976 3651/5302 1394/2056 1396/2058
f 3424/4976 3422/4974 3421/4973 3651/5302
f 3651/5302 3652/5303 1395/2057 1394/2056
f 3651/5302 3421/4973 3653/5304 3652/5303
f 3653/5304 3654/5305 3655/5306 3652/5303
f 3653/5304 3421/4973 3418/4970 3656/5307
f 3653/5304 3656/5307 3657/5308 3654/5305
f 3657/5308 3402/5309 3401/5310 3654/5305
f 3657/5308 3656/5307 3410/4959 3408/4958
f 3657/5311 3408/4954 3403/4953 3402/5312
f 3656/5307 3418/4970 3412/4961 3410/4959
f 3655/5306 3658/5313 3659/5314 3660/5315
f 3655/5306 3660/5315 1395/2057 3652/5303
f 3655/5306 3654/5305 3401/5310 3658/5313
f 3660/5315 3659/5314 3661/5316 3662/5317
f 3660/5315 3662/5317 1388/2046 1395/2057
f 3662/5317 3661/5316 382/140 385/139
f 3662/5317 385/139 1389/2047 1388/2046
f 3661/5318 3663/5319 383/137 382/136
f 3661/5318 3659/5320 3664/5321 3663/5319
f 3664/5321 3665/5322 3666/5323 3663/5319
f 3664/5321 3659/5320 3658/5324 3398/4941
f 3664/5321 3398/4941 3396/4939 3665/5322
f 3666/5323 386/141 378/129 3667/5325
f 3666/5323 3667/5325 383/137 3663/5319
f 3666/5323 3665/5322 3668/5326 386/141
f 3668/5326 459/266 387/142 386/141
f 3668/5326 3665/5322 3396/4939 3394/4937
f 3668/5326 3394/4937 462/269 459/266
f 3667/5325 378/129 375/122 3669/5327
f 3667/5325 3670/5328 384/138 383/137
f 3667/5325 3669/5327 3671/5329 3672/5330
f 3672/5331 3671/5332 3673/5333 3674/5334
f 3674/5335 3673/5336 3675/5337 3676/5338
f 3676/5338 3675/5337 3677/5339 3678/5340
f 3678/5340 3677/5339 3679/5341 3680/5342
f 3680/5342 3679/5341 3681/5343 3682/5344
f 3682/5345 3681/5346 3683/5347 3684/5348
f 3684/5349 3683/5350 3685/5351 3686/5352
f 3686/5352 3685/5351 3687/5353 3688/5354
f 3688/5354 3687/5353 3689/5355 3690/5356
f 3690/5356 3689/5355 3691/5357 3692/5358
f 3692/5358 3691/5357 3693/5359 3694/5360
f 3694/5360 3693/5359 3695/5361 3696/5362
f 3696/5362 3695/5361 3697/5363 3698/5364
f 3698/5364 3697/5363 3699/5365 3700/5366
f 3700/5366 3699/5365 3701/5367 3702/5368
f 3702/5368 3701/5367 3703/5369 3704/5370
f 3704/5370 3703/5369 3705/5371 3706/5372
f 3706/5372 3705/5371 3707/5373 3708/5374
f 3708/5374 3707/5373 3709/5375 3710/5376
f 3710/5376 3709/5375 3711/5377 3712/5378
f 3712/5378 3711/5377 3713/5379 3714/5380
f 3714/5380 3713/5379 3715/5381 3716/5382
f 3716/5382 3715/5381 3717/5383 3718/5384
f 3718/5384 3717/5383 3719/5385 3720/5386
f 3720/5386 3719/5385 3721/5387 3722/5388
f 3722/5388 3721/5387 3723/5389 3724/5390
f 3724/5390 3723/5389 3725/5391 3726/5392
f 3726/5392 3725/5391 3727/5393 3728/5394
f 3728/5394 3727/5393 3729/5395 3730/5396
f 3730/5396 3729/5395 3731/5397 3732/5398
f 3732/5398 3731/5397 3733/5399 3734/5400
f 3734/5400 3733/5399 3735/5401 3736/5402
f 3736/5402 3735/5401 3737/5403 3738/5404
f 3738/5404 3737/5403 3739/5405 3740/5406
f 3740/5406 3739/5405 3741/5407 3742/5408
f 3742/5408 3741/5407 3743/5409 3745/5410
f 3745/5410 3743/5409 3744/5411
f 3745/5410 3744/5411 3746/5412 3747/5413
f 3747/5413 3746/5412 3748/5414 3749/5415
f 3747/5413 3749/5415 3750/5416 3751/5417
f 3750/5416 3749/5415 3752/5418 3753/5419
f 3752/5418 3754/5420 3755/5421 3753/5419
f 3752/5418 3756/5422 3757/5423 3754/5420
f 3752/5418 3749/5415 3748/5414 3756/5422
f 3757/5423 3758/5424 372/5425 3754/5420
f 372/5425 270/5426 368/5427 3759/5428
f 3758/5424 4765/125 376/124 377/128 372/5425
f 372/5425 3759/5428 3755/5421 3754/5420
f 3760/5429 3761/5430 384/138 3670/5328
f 3658/5324 3401/4944 3399/4942 3398/4941
f 3363/4899 3361/4896 1096/1531 1095/1530
f 3359/4895 3358/5431 1100/1537 1099/1536
f 3359/4895 1099/1536 1097/1532 1096/1531
f 3358/5432 3357/5433 1139/5434 1100/5435
f 3357/5436 3762/5437 1140/1596 1139/1595
f 3357/5436 3355/5438 1118/5439 3762/5437
f 3762/5440 3763/5441 3764/5442 1140/5443
f 3762/5440 1118/1561 1114/1557 3763/5441
f 3764/5442 3765/5444 3766/5445 3767/5446
f 3764/5447 3767/5448 1141/1597 1140/1596
f 3764/5442 3763/5441 3768/5449 3765/5444
f 3768/5449 3769/5450 1150/1614 3765/5444
f 3768/5449 3763/5441 1114/1557 1113/1556
f 3768/5449 1113/1556 3770/5451 3769/5450
f 3770/5451 3771/5452 3772/5453 3769/5450
f 3770/5451 1113/1556 1112/1555 3773/5454
f 3770/5455 3773/5456 3774/5457 3771/5458
f 3774/5459 3775/5460 3776/5461 3771/5462
f 3774/5457 3773/5456 3777/5463 3778/5464
f 3774/5459 3778/5465 3779/5466 3775/5460
f 3779/5466 3780/5467 3781/5468 3775/5460
f 3779/5466 3778/5465 3782/5469 3783/5470
f 3779/5466 3783/5470 3784/5471 3780/5467
f 3784/5471 3785/5472 3786/5473 3780/5467
f 3784/5471 3783/5470 3787/5474 3788/5475
f 3784/5471 3788/5475 3789/5476 3785/5472
f 3789/5476 3790/5477 3791/5478 3785/5472
f 3789/5479 3788/5480 3792/5481 3793/5482
f 3789/5483 3793/5484 3794/5485 3790/5486
f 3794/5487 3795/5488 3796/5489 3790/5490
f 3794/5491 3793/5482 3797/5492 3798/5493
f 3794/5491 3798/5493 3799/5494 3795/5495
f 3799/5494 3800/5496 3801/5497 3795/5495
f 3799/5494 3798/5493 3341/4864 3802/5498
f 3799/5494 3802/5498 3803/5499 3800/5496
f 3803/5499 3804/5500 3805/5501 3800/5496
f 3803/5499 3802/5498 3338/4861 3806/5502
f 3803/5499 3806/5502 3807/5503 3804/5500
f 3807/5503 3808/5504 3809/5505 3804/5500
f 3807/5503 3806/5502 3335/4858 1900/2885
f 3807/5503 1900/2885 1898/2883 3808/5504
f 3809/5505 1880/2860 1878/2858 3810/5506
f 3809/5505 3810/5506 3805/5501 3804/5500
f 3809/5505 3808/5504 1882/2863 1880/2860
f 3810/5506 1878/2858 1876/2857 3811/5507
f 3810/5506 3811/5507 3812/5508 3805/5501
f 3812/5509 3811/5510 3813/5511 3814/5512
f 3812/5509 3814/5512 3815/5513 3801/5514
f 3812/5508 3801/5497 3800/5496 3805/5501
f 3815/5513 3814/5512 3816/5515 3817/5516
f 3815/5513 3817/5516 3818/5517 3796/5518
f 3815/5513 3796/5518 3795/5519 3801/5514
f 3818/5517 3817/5516 3819/5520 3820/5521
f 3818/5517 3820/5521 3821/5522 3791/5478
f 3818/5517 3791/5478 3790/5477 3796/5518
f 3821/5522 3820/5521 3822/5523 3823/5524
f 3821/5522 3823/5524 3824/5525 3786/5473
f 3821/5522 3786/5473 3785/5472 3791/5478
f 3824/5525 3823/5524 3825/5526 3826/5527
f 3824/5525 3826/5527 3827/5528 3781/5468
f 3824/5525 3781/5468 3780/5467 3786/5473
f 3827/5528 3826/5527 3828/5529 3829/5530
f 3827/5528 3829/5530 3830/5531 3776/5461
f 3827/5528 3776/5461 3775/5460 3781/5468
f 3830/5531 3829/5530 3831/5532 1152/1618
f 3830/5531 1152/1618 1151/1617 3772/5533
f 3830/5531 3772/5533 3771/5462 3776/5461
f 3831/5532 3832/5534 3833/5535 3834/5536
f 3831/5532 3834/5536 1147/1619 1152/1618
f 3831/5532 3829/5530 3828/5529 3832/5534
f 3834/5537 3833/5538 3835/5539 3836/5540
f 3834/5537 3836/5540 1148/1610 1147/1609
f 3836/5540 3835/5539 3837/5541 3838/5542
f 3836/5540 3838/5542 3839/5543 1148/1610
f 3839/5543 3838/5542 3840/5544 3841/5545
f 3839/5543 3841/5545 3767/5546 3766/5547
f 3839/5543 3766/5547 1149/1611 1148/1610
f 3841/5545 3840/5544 1089/1517 1142/1602
f 3841/5545 1142/1602 1141/1601 3767/5546
f 3840/5544 3842/5548 1090/1518 1089/1517
f 3840/5544 3838/5542 3837/5541 3842/5548
f 3842/5548 3843/5549 3844/5550 1090/1518
f 3842/5548 3837/5541 3845/5551 3843/5549
f 3845/5551 3846/5552 3847/5553 3843/5549
f 3845/5551 3837/5541 3835/5539 3848/5554
f 3845/5551 3848/5554 3849/5555 3846/5552
f 3849/5555 3850/5556 3851/5557 3846/5552
f 3849/5555 3848/5554 3852/5558 3853/5559
f 3849/5555 3853/5559 3854/5560 3850/5556
f 3854/5560 1135/5561 1134/1593 3850/5556
f 3854/5562 3853/5563 3855/5564 3856/5565
f 3854/5562 3856/5565 3857/5566 1135/5567
f 3857/5566 1124/1572 1126/1571 1135/5567
f 3857/5568 3856/5569 3858/5570 3859/5571
f 3857/5568 3859/5571 1125/5572 1124/5573
f 3859/5574 3858/5575 3860/5576 3861/5577
f 3859/5574 3861/5577 1133/5578 1125/5579
f 3861/5577 3860/5576 3862/5580 3863/5581
f 3861/5577 3863/5581 3864/5582 1133/5578
f 3864/5582 1119/1566 214/1565 1133/5578
f 3864/5582 3863/5581 3865/5583 3866/5584
f 3864/5582 3866/5584 3867/5585 1119/1566
f 3867/5586 1871/5587 1120/5588 1119/5589
f 3867/5585 3866/5584 3868/5590 1874/2851
f 3867/5585 1874/2851 1872/2848 1871/2847
f 3868/5590 3866/5584 3865/5583 3816/5515
f 3868/5590 3816/5515 3814/5512 3813/5511
f 3868/5590 3813/5511 1875/2852 1874/2851
f 3865/5583 3863/5581 3862/5580 3819/5520
f 3865/5583 3819/5520 3817/5516 3816/5515
f 3862/5580 3860/5576 3869/5591 3822/5523
f 3862/5580 3822/5523 3820/5521 3819/5520
f 3869/5591 3860/5576 3858/5575 3870/5592
f 3869/5591 3870/5592 3871/5593 3825/5526
f 3869/5591 3825/5526 3823/5524 3822/5523
f 3871/5593 3870/5592 3855/5564 3872/5594
f 3871/5593 3872/5594 3832/5534 3828/5529
f 3871/5593 3828/5529 3826/5527 3825/5526
f 3872/5594 3855/5564 3853/5563 3852/5595
f 3872/5594 3852/5595 3833/5535 3832/5534
f 3870/5592 3858/5575 3856/5565 3855/5564
f 3852/5558 3848/5554 3835/5539 3833/5538
f 3851/5557 1138/1592 1943/2951 3873/5596
f 3851/5557 3873/5596 3847/5553 3846/5552
f 3851/5557 3850/5556 1134/1593 1138/1592
f 3873/5596 1943/2951 1940/2947 1939/2946
f 3873/5596 1939/2946 3874/5597 3847/5553
f 3874/5597 1939/2946 1937/2945 3875/5598
f 3874/5597 3875/5598 3876/5599 3844/5550
f 3874/5597 3844/5550 3843/5549 3847/5553
f 3876/5599 3875/5598 1081/1499 1080/1504
f 3876/5599 1080/1504 1088/1515 1087/1514
f 3876/5599 1087/1514 1090/1518 3844/5550
f 3875/5598 1937/2945 1935/2937 1081/1499
f 3813/5511 3811/5510 1876/2853 1875/2852
f 3808/5504 1898/2883 1884/2866 1882/2863
f 3806/5502 3338/4861 3336/4859 3335/4858
f 3802/5498 3341/4864 3339/4862 3338/4861
f 3798/5493 3797/5492 3342/4865 3341/4864
f 3797/5492 3793/5482 3792/5481 3877/5600
f 3797/5492 3877/5600 3343/4866 3342/4865
f 3877/5600 3792/5481 3878/5601 3879/5602
f 3877/5600 3879/5602 3345/4868 3343/4866
f 3879/5602 3878/5601 3880/5603 3881/5604
f 3879/5602 3881/5604 3347/4870 3345/4868
f 3881/5604 3880/5603 3882/5605 3883/5606
f 3881/5604 3883/5606 3349/4873 3347/4870
f 3883/5607 3882/5608 3884/5609 3885/5610
f 3883/5607 3885/5610 3351/5611 3349/5612
f 3885/5613 3884/5614 1109/1564 1117/1560
f 3885/5613 1117/1560 1116/1559 3351/4878
f 3884/5615 3882/5605 3886/5616 3887/5617
f 3884/5614 3887/5618 534/5619 1109/1564
f 3887/5620 3886/5621 3888/5622 1110/5623
f 3887/5618 1110/5624 212/5625 534/5619
f 3888/5626 3782/5469 3778/5465 3777/5627
f 3888/5628 3777/5463 1111/1552 1110/1551
f 3888/5626 3886/5629 3889/5630 3782/5469
f 3889/5631 3880/5603 3878/5601 3787/5632
f 3889/5630 3787/5474 3783/5470 3782/5469
f 3889/5631 3886/5616 3882/5605 3880/5603
f 3878/5601 3792/5481 3788/5480 3787/5632
f 3777/5463 3773/5456 1112/5633 1111/1552
f 3772/5453 1151/1615 1150/1614 3769/5450
f 3766/5445 3765/5444 1150/1614 1149/1613
f 3335/4858 1903/2888 1901/2886 1900/2885
f 3331/4845 3330/4844 1907/2895 1905/2894
f 3330/4844 3329/4843 3890/5634 1907/2895
f 3890/5634 1910/2899 1908/2896 1907/2895
f 3890/5634 3329/4843 3891/5635 3892/5636
f 3890/5634 3892/5636 3893/5637 1910/2899
f 3893/5637 1913/2902 1911/2900 1910/2899
f 3893/5637 3892/5636 3894/5638 3895/5639
f 3893/5637 3895/5639 1924/2919 1913/2902
f 3895/5639 3894/5638 1929/2927 1927/2922
f 3895/5639 1927/2922 1925/2920 1924/2919
f 3894/5638 3892/5636 3891/5635 3896/5640
f 3894/5638 3896/5640 3897/5641 1929/2927
f 3897/5641 3896/5640 3319/5642 3316/5643
f 3897/5641 3316/5643 3315/4821 1932/2930
f 3897/5641 1932/2930 1930/2928 1929/2927
f 3896/5640 3891/5635 3326/5644 3319/5642
f 3891/5635 3329/4843 3327/4842 3326/5644
f 3326/4837 3322/4836 3320/4827 3319/4826
f 3300/4787 3287/4774 3286/4773 3292/4779
f 3297/4784 2006/3043 2004/3042 1322/4793
f 3294/4781 3293/4780 3898/5645 2014/3055
f 3898/5645 3293/4780 3899/5646 2049/3119
f 3898/5645 2049/3119 2047/3116 2017/3058
f 3898/5645 2017/3058 2015/3056 2014/3055
f 3899/5646 3293/4780 3289/4776 3288/4775
f 3899/5646 3288/4775 3900/5647 2052/3122
f 3899/5646 2052/3122 2050/3120 2049/3119
f 3900/5647 3288/4775 3284/4770 3283/5648
f 3900/5647 3283/5648 3901/5649 2055/3127
f 3900/5647 2055/3127 2053/3123 2052/3122
f 3901/5650 3283/4767 3279/4766 3270/5651
f 3901/5650 3270/5651 1072/5652 1071/5653
f 3901/5649 1071/5654 2056/3128 2055/3127
f 3267/4745 519/358 43/336 510/418
f 3262/4739 3261/4738 442/235 3407/4950
f 3240/4711 2064/3140 2062/3138 2061/3137
f 3151/4580 348/75 347/74 3146/4575
f 3142/4571 346/73 345/5655 339/5656
f 3142/4571 339/5656 338/4567 3138/4566
f 3142/4571 3141/4570 347/74 346/73
f 3136/5657 3902/5658 1463/5659 1462/5660
f 3136/5657 340/67 344/71 3902/5658
f 3902/5658 344/71 3903/5661 3904/5662
f 3902/5658 3904/5662 1465/5663 1463/5659
f 3904/5664 3903/5665 3905/5666 3906/5667
f 3904/5662 3906/5668 3907/5669 1465/5663
f 3907/5670 3906/5667 1472/2200 3908/5671
f 3907/5669 3908/5672 3124/5673 3123/4543
f 3907/5669 3123/4543 1466/4542 1465/5663
f 3908/5671 1472/2200 1471/2199 3909/5674
f 3908/5672 3909/5675 3910/5676 3124/5673
f 3910/5677 3909/5674 3911/5678 1442/2147
f 3910/5679 1442/5680 1441/5069 3119/4530
f 3910/5681 3119/5682 3118/5683 3124/5684
f 3911/5678 1474/2203 1444/5685 1443/2154
f 3911/5678 1443/2154 1437/2143 1442/2147
f 3911/5678 3909/5674 1471/2199 1474/2203
f 3906/5667 3905/5666 1468/2201 1472/2200
f 3905/5686 3912/5687 1469/2196 1468/2195
f 3905/5686 3903/5661 3913/5688 3912/5687
f 3913/5688 1423/2110 1436/2141 3912/5687
f 3913/5688 3903/5661 344/71 343/70
f 3913/5688 343/70 342/69 1423/2110
f 3912/5687 1436/2141 1435/5689 1469/2196
f 3120/4531 3116/4527 1456/2172 1455/2171
f 3119/4530 1441/5069 3115/4526 3114/4525
f 3112/4523 1305/1867 3109/4520 3108/4519
f 3102/4513 3101/4512 1451/2167 1450/2166
f 2462/3673 2429/3609 2427/3607 2426/3606
f 2422/3600 2420/3598 820/1022 819/1021
f 2420/3598 2419/3597 3914/5690 820/1022
f 3914/5690 3915/5691 809/1005 812/1013
f 3914/5690 812/1013 814/1015 820/1022
f 3914/5690 2419/3597 2418/3596 3915/5691
f 3915/5691 847/1078 810/1006 809/1005
f 3915/5691 2418/3596 848/1079 847/1078
f 2418/3596 2416/3594 2415/3593 848/1079
f 2405/3583 2402/3580 2399/3575 2398/3574
f 2341/3496 2340/3495 699/754 701/753
f 2323/3478 2319/3474 702/755 93/707
f 2315/3470 2301/3456 703/756 702/755
f 2290/3444 908/1190 912/1197 2286/3440
f 2287/3441 2149/3250 2146/3247 2145/3246
f 2284/3438 2283/3437 2150/3251 2149/3250
f 2283/3437 2279/3432 2278/3431 3916/5692
f 2283/3437 3916/5692 2151/3252 2150/3251
f 3916/5692 2278/3431 3917/5693 3918/5694
f 3916/5692 3918/5694 2153/3254 2151/3252
f 3918/5694 3917/5693 2164/3265 2162/3263
f 3918/5694 2162/3263 2155/3256 2153/3254
f 3917/5693 2278/3431 2274/3430 2273/5695
f 3917/5693 2273/5695 2166/3267 2164/3265
f 2282/5696 911/1195 910/1194 3919/5697
f 2282/3436 3919/5698 2277/5699 2276/3434
f 2282/3436 2281/3435 912/1197 911/1196
f 2273/3419 2271/3418 2168/3273 2166/3272
f 2271/3414 2269/3412 2268/3411 2168/5700
f 2268/3411 2264/3407 2263/3406 2171/3279
f 2268/3411 2171/3279 2169/3278 2168/5700
f 2263/3406 2259/3402 2176/3291 2174/3285
f 2263/3406 2174/3285 2172/3280 2171/3279
f 2255/3398 2179/3294 2177/3292 2176/3291
f 2251/3394 2182/3298 2180/3295 2179/3294
f 2195/3325 2191/3317 2189/3311 2188/3310
f 2132/3231 2130/3229 2129/3228 881/5701
f 2129/5702 882/5703 880/5704 881/5705
f 2129/3228 2127/3226 2126/3225 882/5706
f 2126/3225 3920/5707 883/5708 882/5706
f 2126/5709 2122/3215 2120/3214 3920/5710
f 3920/5711 2120/3211 2118/3208 3921/5712
f 3920/5711 3921/5712 884/1148 883/1147
f 3921/5712 2118/3208 2115/3205 2113/3203
f 3921/5712 2113/3203 2111/3200 884/1148
f 2111/3200 2110/3199 885/1149 884/1148
f 2110/3197 2109/3196 886/1151 885/1150
f 2087/3169 2085/3166 776/926 781/931
f 2085/3166 2083/3164 777/927 776/926
f 2057/3131 2056/3130 1071/1487 1070/1489
f 2047/3116 2045/3112 2018/3059 2017/3058
f 2045/3112 2043/3111 2019/3060 2018/3059
f 2043/3107 2042/3106 2021/3064 2019/3063
f 2042/3106 2035/3087 2023/3068 2021/3064
f 2035/3087 2032/3084 2030/3082 2023/3068
f 2026/3073 1329/1907 1328/1906 1331/1911
f 2004/3039 2002/3037 1323/1896 1322/1895
f 1993/3028 1448/2161 293/2164 1459/2175
f 1975/3652 1973/5713 1030/5714 1033/3653
f 1952/2961 1136/2960 1123/5715 1122/2965
f 1948/2956 1137/1591 216/1590 1136/2960
f 1944/2952 1943/2951 1138/1592 1137/1591
f 1924/2919 1917/2906 1914/2903 1913/2902
f 1921/5716 619/568 618/567 1916/5717
f 1871/2847 1869/2841 1868/2840 1120/1567
f 1868/2840 1866/2839 215/1577 1131/1580
f 1868/2840 1131/1580 1121/1568 1120/1567
f 1866/2836 1864/2835 1132/1581 215/1573
f 1864/2830 1862/2829 3922/5718 1132/5719
f 3922/5720 1862/2826 1858/2822 1857/2821
f 3922/5720 1857/2821 1023/1407 1022/1406
f 3922/5721 1022/1404 1021/1403 1132/1581
f 1857/2821 1853/2817 1852/2816 1023/1407
f 1847/2990 1841/2800 1838/2796 1837/2795
f 1832/2790 1032/1422 1029/1417 190/1413
f 3923/5722 1822/5723 1824/5724
f 3926/5725 3927/5726 1963/2981 1970/2992
f 1498/5727 3928/5728 988/1337 990/1336
f 1498/5729 938/5730 1009/1366 3929/5731
f 1498/5732 3929/5733 3930/5734 3928/5735
f 3930/5734 3931/5736 3932/5737 3928/5735
f 3930/5734 3929/5733 3933/5738 3934/5739
f 3930/5734 3934/5739 3935/5740 3931/5736
f 3935/5740 3936/5741 3937/5742 3931/5736
f 3935/5740 3934/5739 3938/5743 3939/5744
f 3935/5740 3939/5744 3940/5745 3936/5741
f 3940/5746 3939/5747 3941/5748 3942/5749
f 3940/5750 3942/5751 3943/5752 3944/5753
f 3940/5754 3944/5755 3945/5756 3936/5757
f 3945/5756 3944/5755 3946/5758 3947/5759
f 3945/5756 3947/5759 960/1286 965/1291
f 3945/5756 965/1291 3937/5760 3936/5757
f 3947/5761 3946/5762 1041/1440 1043/1439
f 3947/5761 1043/1439 961/5763 960/5764
f 3946/5765 3944/5753 3943/5752 3948/5766
f 3946/5762 3948/5767 1042/5768 1041/1440
f 3948/5766 3943/5752 3949/5769 3950/5770
f 3948/5771 3950/5772 970/1304 1042/1435
f 3950/5773 3949/5774 3951/5775 3952/5776
f 3950/5773 3952/5776 971/5777 970/5778
f 3952/5779 3953/5780 972/1312 971/1311
f 3951/5775 3949/5774 3954/5781 3955/5782
f 3951/5775 3955/5782 3956/5783 976/5784
f 3956/5783 3955/5782 978/5785 981/5786
f 3956/5787 981/5788 3957/5789 3958/5790
f 3956/5787 3958/5790 977/1319 976/1318
f 3958/5790 3957/5789 941/1368 304/2253
f 3957/5791 981/5792 980/5793 983/5794
f 3957/5789 983/5795 1010/1369 941/1368
f 3955/5782 3954/5781 979/5796 978/5785
f 3954/5797 3942/5751 3941/5798 979/5799
f 3954/5797 3949/5769 3943/5752 3942/5751
f 3941/5800 984/5801 980/1322 979/1321
f 3941/5802 3939/5744 3938/5743 984/1327
f 3938/5743 3959/5803 982/1324 984/1327
f 3938/5743 3934/5739 3933/5738 3959/5803
f 3959/5803 1010/5804 983/1325 982/1324
f 3959/5805 3933/5806 1008/5807 1010/5808
f 3937/5760 965/1291 964/1290 3960/5809
f 3937/5742 3960/5810 3932/5737 3931/5736
f 3960/5809 964/1290 963/1289 3961/5811
f 3960/5809 3961/5811 989/5812 3932/5813
f 3961/5814 963/5815 1019/1397 1018/1396
f 3961/5814 1018/1396 985/1400 989/5816
f 3933/5817 3929/5731 1009/1366 1008/1365
f 3932/5737 989/1334 988/1333 3928/5735
f 1497/5818 987/5819 986/1394 1017/1393
f 1495/5820 3962/5821 1493/5822 564/5823
f 1494/5824 560/449 559/448 3963/5825
f 1494/5826 3963/5827 596/526 595/525
f 3963/5828 559/5829 558/543 604/542
f 3963/5827 604/5830 3964/5831 596/526
f 3964/5832 604/542 603/541 3965/5833
f 3964/5834 3965/5835 546/5836 545/5837
f 3964/5838 545/428 549/427 596/5839
f 3965/5840 603/5841 565/5842 3966/5843
f 1487/5256 1486/5844 1283/1840 1282/1839
f 1486/5844 3967/5845 3968/5846 1283/1840
f 300/2225 1489/2230 1400/2066 1491/2232
f 1482/2217 1481/2216 3969/5847 3970/5848
f 1481/2216 1480/2215 1365/1989 3971/5849
f 1480/2215 1368/5850 1364/1990 1365/1989
f 1479/4968 3416/4967 1477/2209 1470/2208
f 1479/2212 1470/5851 1469/5852 1435/2213
f 1478/4966 1434/5853 288/5854 1428/4964
f 286/5855 1433/5856 1477/2209 3416/4967
f 1430/2128 1429/2127 349/87 355/86
f 1429/2125 1426/2118 350/2117 349/5857
f 1424/2111 334/57 333/56 357/93
f 1407/2083 3972/5858 1403/2073 279/2072
f 297/5859 3973/5860 3428/4980 3427/4979
f 3432/4984 3431/4983 3973/5860 297/5859
f 3427/4979 3430/4982 3432/4984 297/5859
f 1397/2060 1391/2052 1392/2051 3974/5861
f 1397/2060 3974/5861 3975/5862 1385/2033
f 3975/5862 3974/5861 3976/5863 3977/5864
f 3975/5865 3977/5866 1320/5867 1319/5868
f 3975/5862 1319/1888 1318/1887 1385/2033
f 3977/5869 3976/5870 3978/5871 3979/5872
f 3977/5869 3979/5872 3980/5873 1320/1891
f 3980/5873 3979/5872 3981/5874 3982/5875
f 3980/5873 3982/5875 3983/5876 3984/5877
f 3980/5873 3984/5877 1314/1892 1320/1891
f 3984/5877 3983/5876 3985/5878 3986/5879
f 3984/5880 3986/5881 1315/5882 1314/5883
f 3986/5884 3985/5885 3987/5886 3988/5887
f 3986/5884 3988/5887 3989/5888 1315/5889
f 3989/5888 3988/5887 3990/5890 3991/5891
f 3989/5892 3991/5893 1311/5269 1363/5268
f 3989/5894 1363/5895 1312/1884 1315/1883
f 3991/5891 3990/5890 3992/5896 3993/5897
f 3991/5898 3993/5899 251/5900 1311/5901
f 3993/5897 3992/5896 3994/5902 1263/5903
f 3993/5904 1263/1807 1262/1806 251/5905
f 3994/5902 3992/5896 3995/5906 3996/5907
f 3994/5902 3996/5907 3997/5908 1225/1750
f 3994/5902 1225/1750 1224/1749 1263/5903
f 3997/5908 3996/5907 3998/5909 3999/5910
f 3997/5908 3999/5910 4000/5911 1223/1747
f 3997/5908 1223/1747 1220/1740 1225/1750
f 4000/5911 3999/5910 4001/5912 4002/5913
f 4000/5911 4002/5913 1211/1720 1210/1719
f 4000/5911 1210/1719 1221/1748 1223/1747
f 4002/5914 4001/5915 1274/1825 1273/1824
f 4002/5914 1273/1824 1214/5916 1211/5917
f 4001/5915 4003/5918 4004/5919 1274/1825
f 4001/5912 3999/5910 3998/5909 4003/5920
f 4004/5919 4005/5921 4006/5922 4007/5923
f 4004/5919 4007/5923 1267/1826 1274/1825
f 4004/5924 4003/5925 4008/5926 4005/5927
f 4008/5926 1375/5928 1354/5929 4005/5927
f 4008/5930 4003/5920 3998/5909 4009/5931
f 4008/5930 4009/5931 4010/5932 1375/5933
f 4010/5932 1372/2006 1371/2005 1375/5933
f 4010/5932 4009/5931 3995/5906 4011/5934
f 4010/5932 4011/5934 3987/5886 1372/2006
f 4011/5934 3995/5906 3992/5896 3990/5890
f 4011/5934 3990/5890 3988/5887 3987/5886
f 4009/5931 3998/5909 3996/5907 3995/5906
f 4007/5935 4006/5936 4012/5937 4013/5938
f 4007/5935 4013/5938 1268/1818 1267/1817
f 4013/5938 4012/5937 4014/5939 4015/5940
f 4013/5938 4015/5940 1271/1821 1268/1818
f 4015/5941 4014/5942 1242/5943 1241/1778
f 4015/5941 1241/1778 1240/1777 1271/5944
f 4014/5942 1359/1971 1358/1970 1242/5943
f 4014/5939 4012/5937 1355/1962 1359/1973
f 4012/5937 4006/5936 1353/1963 1355/1962
f 4006/5945 4005/5946 1354/1958 1353/1957
f 3987/5886 3985/5885 1373/2007 1372/2006
f 3985/5878 3983/5876 1374/2012 1373/2011
f 3983/5876 3982/5875 4016/5947 1374/2012
f 4016/5947 4017/5948 1349/5949 1348/5950
f 4016/5951 1348/5952 1356/5953 1374/5954
f 4016/5947 3982/5875 3981/5874 4017/5948
f 4017/5948 4018/5955 4019/5956 1349/5949
f 4017/5948 3981/5874 4020/5957 4018/5955
f 4020/5957 4021/5958 4022/5959 4018/5955
f 4020/5957 3981/5874 3979/5872 3978/5871
f 4020/5957 3978/5871 4023/5960 4021/5958
f 4023/5960 4024/5961 4025/5962 4021/5958
f 4023/5960 3978/5871 3976/5870 4026/5963
f 4023/5960 4026/5963 4027/5964 4024/5961
f 4027/5964 363/102 362/101 4024/5961
f 4027/5965 4026/5966 1392/2051 1390/2050
f 4027/5965 1390/2050 367/110 363/109
f 4026/5966 3976/5863 3974/5861 1392/2051
f 4025/5962 4028/5967 1380/2025 4029/5968
f 4025/5962 4029/5968 4022/5959 4021/5958
f 4025/5962 4024/5961 362/101 4028/5967
f 4029/5968 1380/2025 1377/2024 4030/5969
f 4029/5968 4030/5969 4031/5970 4022/5959
f 4031/5971 4030/5972 1254/1798 1253/5973
f 4031/5971 1253/5973 4032/5974 4019/5975
f 4031/5970 4019/5956 4018/5955 4022/5959
f 4032/5976 1253/1795 1248/1786 4033/5977
f 4032/5978 4033/5979 1351/1954 1350/1953
f 4032/5974 1350/5980 1349/5981 4019/5975
f 4033/5979 1248/5982 1247/1932 1343/1931
f 4033/5979 1343/1931 1357/1975 1351/1954
f 4030/5972 1377/2018 1255/1799 1254/1798
f 4028/5967 4034/5983 1378/2026 1380/2025
f 4028/5967 362/101 361/100 4034/5983
f 4034/5984 4035/5985 1379/2021 1378/2020
f 4034/5984 361/108 366/107 4035/5985
f 4035/5985 4036/5986 4037/5987 1379/2021
f 4035/5985 366/107 4038/5988 4036/5986
f 4038/5988 4039/5989 4040/5990 4036/5986
f 4038/5988 366/107 365/106 4041/5991
f 4038/5988 4041/5991 476/5992 4039/5989
f 4041/5993 365/104 364/103 390/147
f 4041/5993 390/147 474/293 476/292
f 4040/5990 4042/5994 4043/5995 4044/5996
f 4040/5990 4044/5996 4037/5987 4036/5986
f 4040/5990 4039/5989 4045/5997 4042/5994
f 4045/5997 4046/5998 4047/5999 4042/5994
f 4045/5997 4039/5989 476/5992 473/6000
f 4045/5997 473/6000 472/6001 4046/5998
f 4047/5999 4048/6002 1194/1697 4049/6003
f 4047/5999 4049/6003 4043/5995 4042/5994
f 4047/5999 4046/5998 530/378 4048/6002
f 4049/6003 1194/1697 1193/1696 4050/6004
f 4049/6003 4050/6004 4051/6005 4043/5995
f 4051/6006 4050/6007 1233/1764 4052/6008
f 4051/6006 4052/6008 1252/6009 4053/6010
f 4051/6005 4053/6011 4044/5996 4043/5995
f 4053/6012 1252/1793 1251/1792 4054/6013
f 4053/6011 4054/6014 4037/5987 4044/5996
f 4054/6013 1251/1792 1255/6015 1376/6016
f 4054/6014 1376/2022 1379/2021 4037/5987
f 4052/6017 1233/6018 1232/6019 4055/6020
f 4052/6017 4055/6020 1249/1794 1252/1793
f 4055/6021 1232/6022 1231/6023 4056/6024
f 4055/6021 4056/6024 1250/1789 1249/1788
f 4056/6025 1231/1761 4057/6026 1345/6027
f 4056/6028 1345/1937 1344/1936 1250/6029
f 4057/6030 4058/6031 1234/6032 1239/6033
f 4057/6026 1239/1773 1346/6034 1345/6027
f 4057/6026 1231/1761 1230/1760 4058/6035
f 4058/6036 1270/6037 1235/1767 1234/1766
f 4058/6038 1230/1758 1229/1757 1270/1820
f 4050/6007 1193/1706 1198/1705 1233/1764
f 4048/6002 4059/6039 1195/1698 1194/1697
f 4048/6002 530/378 529/377 4059/6039
f 4059/6040 4060/6041 1196/1701 1195/1700
f 4059/6040 529/375 528/374 4060/6041
f 4060/6041 4061/6042 4062/6043 1196/1701
f 4060/6041 528/374 4063/6044 4061/6042
f 4063/6044 4064/6045 4065/6046 4061/6042
f 4063/6044 528/374 527/373 4066/6047
f 4063/6044 4066/6047 4067/6048 4064/6045
f 4067/6048 4068/6049 4069/6050 4064/6045
f 4067/6048 4066/6047 4070/6051 4071/6052
f 4067/6048 4071/6052 4072/6053 4068/6049
f 4072/6053 1215/1738 1219/1737 4068/6049
f 4072/6054 4071/6055 4073/6056 4074/6057
f 4072/6058 4074/6059 1216/6060 1215/6061
f 4074/6057 4073/6056 1204/1710 4075/6062
f 4074/6057 4075/6062 4076/6063 1216/6064
f 4076/6063 1183/1676 1217/6065 1216/6064
f 4076/6063 4075/6062 4077/6066 4078/6067
f 4076/6063 4078/6067 1171/1677 1183/1676
f 4078/6068 4077/6069 1185/1680 229/6070
f 4078/6071 229/1691 1172/1657 1171/1656
f 4077/6066 4075/6062 1204/1710 1203/1709 6140/6072
f 4073/6056 4071/6055 4070/6073 1206/1714
f 4073/6056 1206/1714 1202/1707 1204/1710
f 4070/6074 4066/6075 527/6076 532/6077
f 4070/6073 532/380 1207/1715 1206/1714
f 4069/6050 4079/6078 1213/1723 4080/6079
f 4069/6050 4080/6079 4065/6046 4064/6045
f 4069/6050 4068/6049 1219/1737 4079/6078
f 4080/6079 1213/1723 1212/1722 4081/6080
f 4080/6079 4081/6080 4082/6081 4065/6046
f 4082/6082 4081/6083 1275/6084 1227/6085
f 4082/6082 1227/6085 1226/6086 4062/6087
f 4082/6081 4062/6043 4061/6042 4065/6046
f 4081/6088 1212/6089 1214/6090 1275/6091
f 4079/6078 1222/6092 1209/1724 1213/1723
f 4079/6078 1219/1737 1218/1736 1222/6092
f 4062/6043 1226/6093 1197/1702 1196/1701
f 4046/5998 472/6001 531/379 530/378
f 1389/2047 385/139 381/134 4083/6094
f 4083/6094 381/134 380/133 4084/6095
f 4085/6096 4084/6095 380/133
f 1368/5850 1316/6097 1313/6098 1364/1990
f 4086/6099 264/1836 1285/1842 4087/6100
f 1358/1970 1342/1928 1243/1927 1242/5943
f 1358/6101 1357/6102 1343/6103 1342/6104
f 260/6105 238/6106 1237/6107 1244/6108
f 1347/6109 1238/1772 259/6110 1245/6111
f 1347/6112 1245/6113 1244/6114 1237/6115
f 1347/6109 1346/6034 1239/1773 1238/1772
f 1344/1936 1341/1934 1246/1784 1250/6029
f 1330/1909 200/1479 1066/1482 1304/1903
f 3632/6116 3631/6117 1309/1874 251/1873
f 3632/6118 251/1869 1308/1872 3631/6119
f 1298/1853 1297/1852 1047/1448 1046/4812
f 1276/6120 1240/1777 1236/1776 1235/6121
f 1276/6122 1235/1767 1270/6037 1269/6123
f 1276/6120 1272/6124 1271/5944 1240/1777
f 1258/6125 1257/6126 4088/6127 4089/6128
f 4088/6129 1257/6130 4090/6131 4091/6132
f 4090/6133 1257/6134 1256/6135 4092/6136
f 1222/6137 1221/6138 1210/6139 1209/6140
f 1217/6065 1183/1676 1165/1675 1164/6141
f 1207/1715 532/380 526/371 1192/1694
f 4093/6142 1177/1667 1176/1666
f 1156/1625 1155/1624 1083/1512 1160/1631
f 4094/6143 1159/1629 1154/1623 4095/6144
f 4095/6144 1154/1623 230/1622 4096/6145
f 1144/1604 1143/1603 206/1513 1051/1455
f 1143/1603 1142/1602 1089/1517 206/1513
f 1131/1580 1130/1579 1122/1569 1121/1568
f 4097/6146 1106/6147 1107/6148 4098/6149
f 4099/6150 4100/6151 4101/6152 4102/6153
f 4101/6154 4100/6155 4103/6156 4104/6157
f 211/1533 220/1510 205/1509 204/6158
f 1098/1534 211/1533 204/6158 4105/6159
f 3925/6160 3924/6161 194/6162 1031/6163
f 3925/6164 1031/6165 4106/6166
f 1043/1439 1040/1438 4107/6167 961/5763
f 4107/6168 1040/6169 1039/6170 1038/6171
f 4107/6168 1038/6171 4108/6172 4109/6173
f 4107/6167 4109/6174 962/6175 961/5763
f 4109/6176 4108/6177 1016/1398 1019/1397
f 4109/6176 1019/1397 963/5815 962/6178
f 4108/6179 953/6180 1017/1393 1016/1392
f 1042/1435 970/1304 959/1303 958/1436
f 1015/1389 4110/6181 1011/6182 1013/1390
f 1015/1389 1014/1388 4111/6183 4112/6184
f 1015/6185 4112/6186 592/514 4110/6187
f 4112/6184 4111/6183 4113/6188 4114/6189
f 4112/6186 4114/6190 593/515 592/514
f 4114/6189 4113/6188 4115/6191 4116/6192
f 4114/6190 4116/6193 4117/6194 593/515
f 4116/6195 4115/6196 4118/6197 4119/6198
f 4116/6199 4119/6200 4120/6201 4117/6202
f 4119/6198 4118/6197 674/6203 4121/6204
f 4119/6205 4121/6206 4122/6207 4120/6208
f 4122/6209 589/506 63/505 4120/6210
f 4122/6211 4121/6212 584/6213 583/6214
f 4122/6215 583/6216 588/6217 589/6218
f 4121/6212 674/6219 673/6220 584/6213
f 4118/6221 4115/6222 688/724 687/723
f 4118/6221 687/723 675/727 674/6223
f 4115/6222 4113/6224 4123/6225 688/724
f 4123/6225 4113/6224 4111/6226 4124/6227
f 4123/6228 4124/6229 183/6230 4125/6231
f 4123/6228 4125/6231 689/6232 688/6233
f 4124/6227 4111/6226 1014/1384 1007/1383
f 4110/6187 4127/6234 1012/6235 1011/6236
f 4110/6187 592/514 591/513 4127/6234
f 4127/6237 999/1345 998/1344 1012/1373
f 4127/6234 591/513 590/6238 999/6239
f 4129/6240 4130/6241 4131/6242 4132/6243
f 4129/6244 4132/6245 4133/6246 4128/6247
f 4134/6248 4138/6249 4135/6250 4136/6251 4137/6252
f 4134/6253 4137/6254 4131/6255 4130/6256
f 4138/6257 4139/6258 4140/6259 4141/6260
f 4138/6261 4141/6262 4136/6263 4135/6264
f 4142/6265 4146/6266 4143/6267 4144/6268 4145/6269
f 4142/6270 4145/6271 4140/6272 4139/6273
f 4146/6274 4147/6275 4148/6276 4149/6277
f 4146/6278 4149/6279 4144/6280 4143/6281
f 4151/6282 4152/6283 1001/6284 578/6285
f 4152/6286 994/6287 997/6288 1001/6289
f 1012/1373 998/1344 993/6290 996/1374
f 4153/6291 182/1353 1003/1356 4150/6292
f 1001/1348 1000/1347 579/6293 578/6294
f 1000/1352 590/510 580/491 579/490
f 998/6295 997/6296 994/6297 993/6298
f 4154/6299 173/6300 176/6301 303/6302
f 4155/6303 173/6304 179/6305 977/6306
f 946/1261 945/1260 4156/6307 4157/6308
f 4157/6308 4156/6307 4158/6309 4159/6310
f 4158/6311 4160/6312 4163/6313 4159/6314
f 4162/6315 4163/6316 4160/6317
f 4162/6318 4164/6319 4165/6320 4163/6321
f 4246/6322 4166/6323 4165/6324 4164/6325
f 4246/6326 4167/6327 4168/6328 4166/6329
f 4169/6330 4171/6331 4172/6332 4170/6333 4246/6334
f 4173/6335 4174/6336 4172/6337 4171/6338
f 4176/6339 170/6340 948/6341 6138/6342
f 936/1237 935/1236 892/1158 891/1157
f 936/1237 891/1157 907/1187 903/1180
f 936/1237 903/1180 902/1179 931/1233
f 932/1234 931/1233 902/1179 901/1178
f 924/3320 923/1211 918/6343 920/3321
f 923/1211 922/1210 919/6344 918/6343
f 2311/3466 163/1188 909/1191 2306/3461
f 907/1187 906/1186 160/1181 903/1180
f 906/1186 905/1185 159/1176 160/1181
f 877/6345 793/6346 127/6347 798/6348
f 854/1087 149/1081 815/1016 4177/6349
f 854/1087 4177/6349 846/1077 845/1076
f 4177/6349 815/1016 136/1007 810/1006
f 4177/6349 810/1006 847/1078 846/1077
f 3082/4481 835/4486 138/6350 825/4482
f 774/922 773/924 762/910 769/917
f 761/901 760/900 638/614 637/613
f 761/901 637/613 640/617 647/635
f 761/6351 647/6352 437/6353 436/6354
f 760/900 759/895 658/652 638/614
f 758/885 660/656 659/655 112/883
f 750/6355 749/843 327/6356 326/6357
f 749/843 324/40 317/39 327/6356
f 751/848 109/847 740/6358 104/6359
f 751/6360 104/839 321/30 107/29
f 748/838 747/837 319/6361 318/845
f 745/829 714/775 97/774 106/783
f 745/829 106/783 722/786 739/830
f 743/827 742/826 4178/6362 738/812
f 3035/6363 728/6364 101/6365 2533/6366
f 691/6367 682/6368 90/6369 89/6370
f 684/6371 676/6372 89/6373 90/6374
f 673/6220 672/6375 585/6376 584/6213
f 668/6377 642/623 635/609 641/6378
f 662/6379 641/6380 639/6381 657/6382
f 658/652 657/651 639/615 638/614
f 2586/3832 2585/3831 648/637 80/636
f 647/635 646/634 438/222 437/221
f 646/633 644/626 434/207 438/225
f 644/626 643/625 425/208 434/207
f 603/5841 602/6383 566/6384 565/5842
f 602/6385 558/445 557/444 566/6386
f 4179/6387 4180/6388 551/434 554/438
f 66/519 548/518 550/6389 4181/6390
f 608/6391 68/6392 66/519 4181/6390
f 4117/6393 4120/6210 63/505 593/6394
f 589/506 588/6395 582/6396 581/507
f 588/503 587/502 575/6397 582/6398
f 587/6399 586/6400 576/485 575/484
f 573/6401 572/6402 550/6403 547/6404
f 573/6401 547/6404 546/6405 4182/6406
f 566/6407 557/6408 556/6409 567/6410
f 544/419 511/4872 45/354 509/420
f 525/386 524/404 502/331 501/330
f 3566/6411 503/6412 42/6413 538/6414
f 497/323 491/6415 485/6416 493/319
f 489/313 451/250 450/249 484/305
f 483/6417 479/6418 4183/6419 4184/6420
f 482/6421 4185/6422 4186/6423 37/6424
f 4186/6425 4187/6426 4188/6427 4189/6428
f 4186/6429 4189/6430 477/6431 37/6432
f 475/6433 474/293 390/147 389/146
f 470/279 389/144 388/143 458/265
f 4190/6434 4191/6435 4192/6436 4193/6437
f 4194/6438 4183/6439 4190/6440 467/6441
f 453/6442 452/6443 404/6444 408/6445
f 4196/6446 406/6447 32/6448 31/6449
f 446/245 445/244 4197/6450 4198/6451
f 446/245 4198/6451 4199/6452 396/156
f 4199/6452 4200/6453 391/157 396/156
f 4199/6452 4198/6451 4201/6454 4202/6455
f 4199/6456 4202/6457 4203/6458 4200/6459
f 4203/6460 4204/6461 4205/6462 4200/6463
f 4203/6458 4202/6457 4206/6464 4207/6465
f 4203/6460 4207/6466 4208/6467 4204/6461
f 4208/6467 4207/6466 4209/6468 4210/6469
f 4211/6470 4210/6471 4209/6472 4212/6473
f 4211/6470 4212/6473 4213/6474 6137/6475
f 4214/6476 4213/6477 4212/6478
f 4212/6478 4216/6479 4217/6480 4214/6476
f 4212/6481 4209/6482 4218/6483 4216/6484
f 4218/6485 4206/6486 4219/6487 4216/6488
f 4219/6489 4220/6490 4217/6491 4216/6492
f 4219/6487 4206/6486 398/6493 397/6494
f 4220/6495 4219/6496 397/6497 4221/6498
f 4206/6499 4202/6455 4201/6454 398/6500
f 4201/6501 4222/6502 399/6503 398/6504
f 4201/6454 4198/6451 4197/6450 4222/6505
f 4223/6506 4197/6507 445/6508 4224/6509
f 4226/6510 4225/6511 4227/6512 6164/6513
f 1754/6514 4229/6515 4230/6516 4231/6517
f 1754/6518 4228/6519 4229/6520
f 4249/6521 4233/6522 4234/6523 4238/6524 4239/6525
f 4249/6526 4231/6527 4230/6528 4233/6529
f 4239/6525 4236/6530 4237/6531 4238/6524
f 4239/6532 4238/6533 4234/6534 4236/6535
f 4239/6525 4240/6536 4241/6537 4238/6524
f 4239/6538 4238/6539 4237/6540 4240/6541
f 4239/6542 4243/6543 4244/6544 4245/6545
f 4239/6538 4238/6539 4241/6546 4243/6547
f 4249/6548 4247/6549 4248/6550 4252/6551
f 4249/6552 4239/6553 4245/6554 4244/6555 4247/6556
f 4261/6557 4260/6558 4262/6559 4263/6560 4264/6561 1747/6562
f 1747/6563 4264/6564 4263/6565
f 1747/6566 4263/6567 4267/6568 4239/6569
f 4239/6570 4267/6571 4268/6572 4269/6573
f 4270/6574 4271/6575 4272/6576 4273/6577
f 4270/6578 4269/6579 4268/6580 4271/6581
f 4274/6582 4275/6583 4276/6584 4277/6585
f 4274/6582 4273/6577 4272/6576 4275/6583
f 4278/6586 4279/6587 402/6588 401/6589
f 4278/6586 4277/6590 4276/6591 4279/6587
f 4227/6592 4225/6593 4223/6594 6161/6595
f 4218/6596 4209/6597 4207/6465 4206/6464
f 4205/6462 392/6598 18/6599 391/6600 4200/6463
f 405/6601 404/6602 452/6603
f 377/128 360/6604 359/6605 372/5425
f 345/6606 337/94 336/60 339/66
f 327/6607 317/19 316/18 325/6608
f 323/44 322/6609 318/21 315/15
f 109/6610 326/6611 327/6612 325/6613
f 10/6614 337/6615 345/6616 346/6617
f 270/6618 372/6619 359/6620 358/6621
f 22/6622 413/6623 414/6624 415/6625
f 41/6626 502/6627 50/6628 498/6629
f 61/489 581/492 582/6398 575/6397
f 610/554 615/2862 612/556 611/555
f 102/6630 732/6631 730/6632 726/6633
f 107/6634 749/6635 750/849 751/848
f 125/6636 787/6637 788/6638 129/6639
f 168/1226 920/1229 918/6640 919/6641
f 171/1247 172/6642 942/6643 939/1248
f 192/1300 1039/1432 1040/6644 193/1301
f 214/1565 1124/1572 1125/5579 1133/5578
f 1740/6645 1737/2417 1199/2420 1200/2424 1201/2427
f 244/6646 1272/6647 1276/6122 1269/6123
f 1290/1847 1293/1850 1294/5233 1295/5225
f 250/1866 1300/5065 1296/1851 1299/1854
f 273/6648 1391/6649 1397/6650 275/6651
f 259/6652 260/6653 1244/6654 1245/6655
f 1044/6656 1051/6657 206/6658 1045/6659
f 567/6660 301/472 58/471
f 951/6661 175/6662 174/6663
f 3760/5429 3670/5328 3667/5325 3672/5330
f 379/6664 16/135 384/138
f 370/6665 271/2044 1389/2047 4083/6094
f 484/305 450/249 454/260
f 496/322 40/318 495/321
f 486/6666 39/6667 492/6668
f 533/387 505/335 504/334
f 4178/6362 742/826 741/834 3017/4382
f 733/807 103/806 738/812 4178/6362
f 3926/6669 1970/6670 1816/6671
f 1153/6672 219/2371 1565/2370
f 4096/6673 230/6674 1153/6675
f 1083/6676 1155/6677 1159/6678 4094/6679
f 4105/6680 204/6681 205/6682 1085/6683
f 1161/6684 221/6685 1086/6686
f 1103/1545 1105/1544 3505/5101 1161/1632
f 1086/6687 220/6688 1104/6689
f 1188/6690 1187/6691 1189/6692
f 1189/6693 229/6694 1185/6695 1184/6696
f 3639/6697 3641/5283 1174/5284 1177/6698
f 1284/1841 247/1835 1283/1840
f 3971/5849 1365/1989 264/1988 4086/6699
f 1483/6700 298/6701 1482/6702
f 1490/6703 276/6704 1399/6705
f 1485/2226 300/2225 1491/2232
f 3462/6706 1406/6707 1405/6708
f 1415/2099 281/2098 1414/6709
f 1411/2092 287/2091 1402/6710
f 3669/5327 375/122 374/121
f 475/6711 389/6712 470/6713
f 410/6714 21/6715 4600/6716
f 466/6717 35/6718 468/6719
f 4183/6720 479/6721 478/6722
f 487/6723 51/6724 542/6725
f 561/453 60/452 571/6726
f 570/6727 56/455 561/458
f 1496/6728 556/6729 555/2235 1492/2234
f 569/6730 56/6731 568/6732
f 551/6733 4180/6734 4179/6735
f 576/485 586/6400 585/6736 672/6737
f 4151/6282 578/6285 577/6738 576/6739
f 671/6740 86/6741 677/6742
f 605/6743 66/6744 607/6745
f 651/6746 79/6747 653/6748
f 4246/6749 4164/6750 4162/6751
f 4173/6752 4171/6753 4169/6754
f 966/6755 176/6756 946/6757
f 975/6758 179/6759 974/6760
f 943/6761 1009/6762 938/6763 937/6764
f 940/6765 939/6766 942/6767
f 954/6768 953/6769 952/6770
f 952/6771 174/6772 957/6773
f 1259/6774 241/6775 1261/6776
f 1277/6777 246/6778 1279/6779
f 1420/2106 282/2102 1419/2105
f 1499/6780 305/6781 1503/6782
f 1506/6783 307/6784 1508/6785
f 1107/6786 1106/6787 4097/6788
f 4103/6789 4100/6790 4099/6791
f 4134/6792 4130/6793 4129/6794
f 4142/6795 4139/6796 4138/6797
f 4148/6798 4147/6799 4146/6800
f 4191/6801 4190/6802 4193/6803
f 467/6804 4190/6805 4183/6806
f 3755/6807 3759/6808 368/6809 14/6810
f 14/112 13/111 4284/6811 3755/6812
f 4283/6813 4284/6811 13/111 371/117
f 3751/6814 3750/6815 4283/6813 371/117
f 3750/6816 3753/6817 4283/6818
f 3753/6817 3755/6819 4284/6820 4283/6818
f 393/153 392/6821 4205/6822 4204/6823
f 394/154 393/153 4204/6823 4208/6824
f 395/6825 394/6826 4208/6827 6137/6828 4214/6829
f 4196/6830 31/6831 396/6832
f 31/247 447/240 446/239 396/6833
f 21/6834 20/6835 406/6836
f 4280/6837 4224/6509 445/6508 19/6838
f 19/6839 449/242 3407/4950 4285/6840
f 3407/4950 442/235 441/234 4285/6840
f 441/6841 4280/6842 19/6843 4285/6844
f 4222/6505 4197/6450 4223/6845 4225/6846 4226/6847
f 4222/6505 4226/6847 6164/6848
f 4222/6849 6164/6850 4221/6851
f 4222/6852 4221/6498 397/6497
f 3374/6853 3383/6854 487/6855
f 3374/4917 487/6856 464/271
f 3374/4917 464/271 463/270
f 487/311 3383/6857 38/308
f 1208/6858 3562/5174 3560/5172 4286/6859
f 3560/5172 3559/5171 3558/5170 4286/6859
f 3558/5170 1205/1712 233/1711 4286/6859
f 233/1711 1208/6858 4286/6859
f 1208/6860 231/6861 48/6862 533/6863
f 1208/1716 1192/1694 231/1693
f 2447/6864 191/6865 2448/6866
f 2447/6867 2445/6868 1034/6869 191/6870
f 1971/2993 1960/2996 1963/2981 3927/5726
f 1960/2996 1959/2982 1963/2981
f 1026/3000 1955/2972 1958/2975 1972/6871
f 1026/3000 1956/2999 1955/2972
f 1826/6872 1825/2780 194/1420 3924/6873
f 1825/2780 1827/2779 1828/2997 194/1420
f 1828/2997 1967/2987 1966/2986 194/1420
f 1966/2986 1833/2791 1829/2787 194/1420
f 3527/5123 1095/1530 209/1529 1098/1534
f 3522/5118 3524/5120 3526/5122 3525/5121
f 3522/5118 3527/5123 1098/1534 4105/6159
f 3522/5118 3525/5121 3527/5123
f 1563/6874 1775/6875 1774/6876
f 1563/2689 1774/6877 1773/6878
f 1563/2689 1773/6878 1772/6879
f 1563/2689 1772/6879 1781/2684
f 1581/2392 1579/2391 1584/6880 1804/6881
f 1584/2738 1803/2737 1802/6882 1804/6883
f 1182/1673 1181/1672 3638/6884 3640/6885
f 1181/1672 3571/6886 3638/6884
f 1191/6887 1179/1670 1178/1669
f 1191/6887 229/1688 1190/1690 1179/1670
f 1307/6888 1262/1806 243/1805 1170/6889
f 243/1805 1224/1808 235/6890 1170/6889
f 3635/5276 3588/5211 3591/5214 3625/5257
f 3591/5214 3593/5216 3596/5219 3625/5257
f 3635/5276 3634/5274 3589/5212 3588/5211
f 3634/5274 3574/5192 3589/5212
f 3650/5300 3647/5297 1288/1844 248/1843
f 3473/5051 3605/5229 4288/6891 1289/1845
f 242/1809 3649/5299 4287/6892 1264/1810
f 242/1809 1266/1812 3582/5204 3581/5203
f 3649/5299 1286/1846 4288/6891 4287/6892
f 1286/1846 1289/1845 4288/6891
f 4287/6892 4288/6891 3605/5229 4289/6893
f 3605/5229 3604/5228 3603/5227 4289/6893
f 3603/5227 1264/1810 4287/6892 4289/6893
f 242/1809 3581/5203 4291/6894 4290/6895
f 3580/5202 3584/5206 4291/6894 3581/5203
f 3649/5299 242/1809 4290/6895 3645/5295
f 4290/6895 4291/6894 3586/5208 3645/5295
f 4291/6894 3584/5206 3585/5207 3586/5208
f 3442/4999 3445/5003 3446/5004 4800/5007
f 3449/5008 3452/5011 6147/5012 3455/5015
f 3456/5014 3458/5019 3459/5020 3460/5023
f 4800/6896 3449/6897 3455/6898 3456/6899
f 3438/4995 4963/4998 3442/6900 4800/6901
f 3435/6902 3456/6903 3460/6904 3461/6905
f 3435/6902 3438/6906 4800/6907 3456/6903
f 3431/4983 1475/2205 1477/2209 3433/4985
f 1477/2209 1433/5856 3434/4986 3433/4985
f 1405/6908 277/6909 3428/6910 3973/6911
f 277/2071 1404/2074 3420/4972 3428/4980
f 1431/6912 286/6913 1415/6914
f 286/5855 3416/4967 3415/4965 1415/2099
f 1416/2100 3414/4963 3413/4962 4292/6915
f 3413/4962 3412/4961 3417/4969 4292/6915
f 3417/4969 1404/2074 1403/2073
f 3417/4969 1403/2073 1416/2100
f 3417/6916 1416/6917 4292/6918
f 4258/6919 6145/6920 5759/6921 5492/6922
f 1629/2459 1634/2464 1630/2460
f 4266/6923 4524/6924 4549/6925
f 4228/6519 4264/6926 1747/6927
f 4273/6577 4274/6582 4277/6585 4278/6928
f 4228/6929 4264/6930 1747/6931 4270/6932 4273/6933
f 1747/6934 4239/6570 4269/6573 4270/6935
f 4228/6936 4273/6937 401/6938 400/6939
f 4273/6940 4278/6941 401/6942
f 563/6943 59/6944 57/6945
f 563/6943 57/6945 564/6946
f 563/6947 564/6948 1493/6949
f 54/6950 553/6951 4179/6952
f 54/6953 4179/6954 554/6955
f 54/6953 554/6955 58/6956
f 4152/6283 4151/6282 4294/6957 994/6958
f 4293/6959 4294/6960 4151/6961 1006/6962
f 185/1358 184/1357 4293/6963 1006/6964
f 184/1357 1004/1360 4294/6965 4293/6963
f 1004/6966 995/6967 994/6958 4294/6957
f 4126/6968 183/6969 4124/6970 1007/6971
f 4295/6972 4296/6973 4175/6974 4173/6975
f 4166/6976 4168/6977 4295/6978 4173/6979
f 4170/6980 4172/6981 4298/6982 4297/6983
f 4174/6984 4296/6985 4298/6986 4172/6987
f 4297/6988 4298/6989 4296/6973 4295/6972
f 4168/6990 4170/6980 4297/6983 4295/6991
f 977/1319 969/1427 968/6992
f 977/1319 3958/5790 304/2253 969/1427
f 4160/6993 4158/6309 4156/6307 945/1260
f 4162/6994 4160/6995 945/6996
f 4162/6997 945/6998 173/6999
f 4162/7000 173/7001 4155/7002
f 3953/7003 3952/5776 3951/5775
f 3953/7003 3951/5775 976/5784
f 3953/7004 976/7005 975/7006
f 1036/1428 1497/2254 1017/7007 953/7008
f 1036/1428 953/7008 1037/1429
f 953/6180 4108/6179 1038/7009 1037/7010
f 948/7011 170/7012 4176/7013
f 183/1354 182/1353 4153/6291
f 183/7014 4153/7015 4150/7016
f 183/7017 4150/7018 1003/7019
f 183/7020 1003/7021 1002/7022
f 1524/7023 1525/7024 4299/7025 1277/7026
f 1533/7027 1534/7028 1535/7029 1729/2329
f 1546/7030 1548/7031 1550/7032
f 1544/7033 4300/7034 4302/7035 1543/7036
f 4301/7037 4302/7038 4300/7039 4299/7040
f 1525/7041 1527/7042 4301/7043 4299/7044
f 1543/7045 4302/7038 4304/7046 1542/7047
f 4303/7048 4304/7046 4302/7038 4301/7037
f 1527/7049 1528/7050 4303/7051 4301/7052
f 1546/7030 1550/7032 1551/7053 1552/7054
f 1542/7047 4304/7046 4306/7055 1541/7056
f 4305/7057 4306/7055 4304/7046 4303/7048
f 1528/7050 1529/7058 4305/7059 4303/7051
f 1546/7030 1552/7054 1553/7060 1554/7061
f 1541/7062 4306/7063 4308/7064 1540/7065
f 4307/7066 6148/7067 4309/7068 4308/7069 4306/7055 4305/7057
f 1529/7058 1530/7070 4307/7071 4305/7059
f 1546/7030 1554/7061 1555/7072 1556/7073
f 1540/7065 4308/7064 4309/7074 1539/7075
f 1530/2350 1531/2349 6148/7076 4307/7077
f 1546/7030 1556/7073 1557/7078 1558/7079
f 1539/7075 4309/7074 4310/7080 1538/7081
f 1531/2349 1532/2342 6160/7082 6148/7076
f 1546/7030 1558/7079 1559/7083 1560/7084
f 1538/7081 4310/7080 4311/7085 1537/7086
f 1532/2342 1533/2341 4235/7087 6160/7082
f 1546/7088 1560/7089 1561/7090 1562/7091
f 1533/7027 1729/2329 1536/2328 1537/7086
f 1533/7027 1537/7086 4311/7085
f 1533/7092 4311/7093 4235/7094
f 1546/7095 6162/7096 1521/7097 1519/7098
f 1546/7095 1519/7098 1514/7099 1512/7100
f 4299/7101 4300/7034 1546/7102
f 4299/7103 1546/7104 1512/7105
f 4299/7106 1512/7107 1509/7108
f 4299/7109 1509/7110 1277/7111
f 397/6497 398/7112 399/7113 4222/6852
f 19/7114 403/7115 400/7116 401/7117
f 20/7118 21/7119 406/7120 409/7121
f 407/7122 440/7123 465/7124 408/7125
f 464/7126 487/7127 490/7128 465/7129
f 4242/7130 991/7131 992/7132 1504/7133
f 1256/7134 1257/6126 1258/6125 4089/6128
f 248/1843 1286/1846 1287/7135 3650/5300
f 1544/7033 1545/7136 1548/7137 1546/7102 4300/7034
f 183/7138 4126/7139 689/7140 4125/7141
f 4173/7142 4175/7143 4296/7144 4174/7145
f 33/258 453/257 4195/7146 454/7147
f 4208/7148 4211/7149 6137/7150
f 4312/7151 4324/7152 4323/7153 4326/7154
f 4312/7155 4327/7156 4319/7157 4328/7158
f 4312/7159 4329/7160 4316/7161 4327/7162
f 4312/7163 4328/7164 4325/7165 4324/7166
f 4312/7151 4326/7154 4314/7167 4329/7168
f 4313/7169 4329/7160 4314/7170 4330/7171
f 4313/7169 4331/7172 4316/7161 4329/7160
f 4313/7173 4330/7174 4332/7175 4331/7176
f 4314/7177 4326/7178 4333/7179 4330/7174
f 4315/7180 4334/7181 4335/7182 4332/7175
f 4315/7180 4333/7179 4336/7183 4334/7181
f 4315/7180 4332/7175 4330/7174 4333/7179
f 4316/7184 4331/7185 4337/7186 4317/7187
f 4316/7188 4317/7189 4338/7190 4339/7191
f 4318/7192 4321/7193 4340/7194 4341/7195
f 4318/7192 4341/7195 4342/7196 4343/7197
f 4318/7198 4343/7199 4344/7200 4321/7201
f 4345/7202 4344/7200 4328/7203 4319/7204
f 4319/7157 4339/7191 4338/7190 4346/7205
f 4344/7200 4343/7199 4325/7206 4328/7203
f 4343/7197 4342/7196 4322/7207 4325/7208
f 4342/7209 4336/7210 4323/7211 4322/7212
f 4342/7213 4341/7214 4334/7215 4336/7216
f 4341/7217 4340/7218 4335/7219 4334/7220
f 4340/7218 4347/7221 4337/7222 4335/7219
f 4337/7223 4331/7224 4332/7225 4335/7226
f 4336/7183 4333/7179 4326/7178 4323/7227
f 4322/7228 4323/7229 4324/7166 4325/7165
f 4316/7188 4339/7191 4319/7157 4327/7156
f 4319/7230 4346/7231 4320/7232 4345/7233
f 4345/7234 4320/7235 4346/7236
f 4321/7201 4344/7200 4345/7202
f 4321/7193 4345/7237 4347/7238
f 4321/7193 4347/7238 4340/7194
f 4346/7239 4338/7240 4347/7241
f 4338/7240 4317/7242 4337/7243 4347/7241
f 4348/7244 4370/7245 4353/7246 4371/7247
f 4348/7248 4371/7249 4372/7250 4352/7251
f 4349/7252 4350/7253 4373/7254 4374/7255
f 4349/7256 4375/7257 4376/7258 4377/7259
f 4349/7256 4378/7260 4354/7261 4375/7257
f 4349/7252 4374/7255 4356/7262 4378/7263
f 4351/7264 4379/7265 4380/7266 4381/7267
f 4351/7264 4353/7246 4382/7268 4379/7265
f 4352/7251 4372/7250 4383/7269 4384/7270
f 4353/7246 4377/7271 4376/7272 4371/7247
f 4354/7273 4385/7274 4386/7275 4375/7276
f 4354/7277 4378/7278 4361/7279 4385/7280
f 4355/7281 4356/7262 4374/7255 4369/7282
f 4355/7283 4360/7284 4387/7285 4388/7286
f 4356/7262 4355/7281 4392/7287 4358/7288
f 4356/7289 4358/7290 4393/7291 4394/7292
f 4356/7289 4394/7292 4361/7293 4378/7294
f 4355/7295 4388/7296 4367/7297 4392/7298
f 4357/7299 4390/7300 4395/7301 4362/7302
f 4357/7303 4362/7304 4363/7305 4396/7306
f 4358/7307 4392/7308 4397/7309 4398/7310
f 4358/7288 4360/7311 4399/7312 4400/7313
f 4358/7290 4400/7314 4401/7315 4393/7291
f 4359/7316 4402/7317 4403/7318 4404/7319
f 4359/7320 4404/7321 4405/7322 4406/7323
f 4359/7324 4406/7325 4407/7326 4408/7327
f 4360/7328 4409/7329 4410/7330 4387/7331
f 4360/7328 4358/7332 4398/7333 4409/7329
f 4361/7334 4394/7335 4411/7336 4385/7337
f 4362/7304 4395/7338 4412/7339 4413/7340
f 4362/7304 4414/7341 4415/7342 4363/7305
f 4363/7343 4415/7344 4416/7345 4403/7346
f 4364/7347 4416/7345 4415/7344 4417/7348
f 4364/7349 4417/7350 4365/7351 4418/7352
f 4364/7353 4418/7354 4419/7355 4416/7356
f 4365/7351 4420/7357 4366/7358 4421/7359
f 4365/7351 4417/7350 4422/7360 4420/7357
f 4366/7361 4423/7362 4424/7363 4421/7364
f 4366/7365 4420/7366 4383/7269 4423/7367
f 4367/7368 4425/7369 4397/7370 4392/7371
f 4367/7372 4426/7373 4427/7374 4428/7375
f 4367/7376 4428/7377 4429/7378 4425/7379
f 4368/7380 4430/7381 4419/7355 4418/7354
f 4368/7382 4431/7383 4401/7384 4430/7385
f 4368/7386 4418/7387 4365/7388 4431/7389
f 4412/7339 4395/7338 4355/7281 4369/7282
f 4432/7390 4374/7255 4373/7254 4433/7391
f 4431/7392 4365/7351 4421/7359 4434/7393
f 4431/7394 4434/7395 4393/7396 4401/7397
f 4434/7398 4421/7364 4424/7363 4411/7399
f 4434/7395 4411/7336 4394/7335 4393/7396
f 4430/7400 4405/7401 4404/7402 4419/7403
f 4430/7400 4401/7315 4400/7314 4405/7401
f 4424/7363 4423/7362 4435/7404 4386/7405
f 4424/7363 4386/7405 4385/7406 4411/7399
f 4435/7407 4372/7408 4371/7409 4376/7410
f 4435/7411 4376/7412 4375/7276 4386/7275
f 4435/7413 4423/7367 4383/7269 4372/7250
f 4419/7414 4404/7415 4403/7346 4416/7345
f 4417/7348 4415/7344 4414/7416 4422/7417
f 4436/7418 4403/7419 4402/7420
f 4437/7421 4398/7422 4391/7423 4438/7424
f 4439/7425 4395/7426 4390/7427 4389/7428
f 4440/7429 4405/7430 4400/7313 4399/7312
f 4398/7422 4397/7431 4441/7432 4391/7423
f 4382/7268 4353/7246 4370/7245 4442/7433
f 4377/7271 4353/7246 4351/7264 4443/7434
f 4379/7265 4382/7268 4442/7433
f 4443/7435 4351/7436 4381/7437
f 4412/7339 4369/7282 4374/7255
f 4399/7312 4360/7311 4355/7281 4395/7338
f 4406/7438 4405/7439 4440/7440
f 4402/7441 4359/7442 4408/7443
f 4396/7306 4363/7305 4403/7444
f 4409/7445 4398/7446 4437/7447
f 4426/7448 4367/7297 4388/7296 4387/7449
f 4441/7450 4397/7451 4425/7452 4429/7453
f 4438/7454 4391/7455 4441/7456
f 4373/7457 4349/7256 4377/7259 4443/7458
f 4373/7457 4350/7459 4349/7256
f 4370/7245 4348/7244 4352/7460 4384/7461
f 4384/7270 4383/7269 4420/7366 4422/7462
f 4413/7463 4370/7464 4384/7465 4444/7466
f 4384/7467 4422/7468 4414/7469 4444/7470
f 4414/7341 4362/7304 4413/7340 4444/7471
f 4439/7472 4390/7473 4357/7303 4396/7306
f 4439/7474 4389/7475 4390/7476
f 4445/7477 4446/7478 4447/7479 4448/7480
f 4445/7477 4448/7480 4449/7481 4450/7482
f 4445/7477 4450/7482 4451/7483 4446/7478
f 4451/7483 4452/7484 4453/7485 4446/7478
f 4453/7486 4454/7487 4455/7488 4456/7489
f 4453/7485 4456/7490 4447/7479 4446/7478
f 4455/7488 4454/7487 4457/7491 4458/7492
f 4459/7493 4463/7494 4464/7495 4465/7496
f 4460/7497 4466/7498 4467/7499 4468/7500
f 4461/7501 4465/7496 4464/7495 4469/7502
f 4462/7503 4470/7504 4467/7499 4466/7498
f 4470/7504 4471/7505 4472/7506 4467/7499
f 4472/7506 4464/7495 4463/7494 4473/7507
f 4472/7506 4473/7507 4468/7500 4467/7499
f 4472/7506 4471/7505 4469/7502 4464/7495
f 4474/7508 4475/7509 4476/7510 4477/7511
f 4474/7508 4477/7511 4478/7512 4479/7513
f 4474/7508 4479/7513 4480/7514 4475/7509
f 4480/7514 4479/7513 4481/7515 4482/7516
f 4481/7515 4479/7513 4478/7512 4483/7517
f 4483/7517 4478/7512 4484/7518 4485/7519
f 4484/7518 4478/7512 4477/7511 4486/7520
f 4486/7520 4477/7511 4476/7510 4487/7521
f 4488/7522 4492/7523 4493/7524 4494/7525
f 4489/7526 4495/7527 4496/7528 4497/7529
f 4490/7530 4494/7525 4493/7524 4498/7531
f 4491/7532 4499/7533 4496/7528 4495/7527
f 4499/7533 4498/7534 4493/7535 4496/7528
f 4496/7536 4493/7524 4492/7523 4497/7537
f 4500/7538 4504/7539 4505/7540 4506/7541
f 4501/7542 4507/7543 4508/7544 4509/7545
f 4502/7546 4510/7547 4511/7548 4512/7549
f 4503/7550 4513/7551 4514/7552 4515/7553
f 4515/7553 4514/7552 4511/7548 4510/7547
f 4514/7552 4513/7551 4516/7554 4517/7555
f 4514/7552 4517/7555 4518/7556 4511/7548
f 4518/7556 4517/7555 4508/7557 4505/7540
f 4518/7556 4505/7540 4504/7539 4519/7558
f 4518/7556 4519/7558 4512/7549 4511/7548
f 4517/7559 4516/7560 4509/7545 4508/7544
f 4508/7544 4507/7543 4506/7561 4505/7562
f 4520/7563 4526/7564 4527/7565 4528/7566
f 4529/7567 4530/7568 4531/7569 4521/7570
f 4520/7571 4528/7572 4529/7567 4521/7570
f 4521/7570 4531/7569 4532/7573 4533/7574
f 4522/7575 4534/7576 4535/7577 4536/7578
f 4522/7575 4537/7579 4538/7580 4534/7576
f 4522/7581 4539/7582 4540/7583 4541/7584
f 4522/7575 4536/7578 4542/7585 4539/7586
f 4523/7587 4543/7588 4544/7589 4266/7590
f 4523/7587 4545/7591 4546/7592 4543/7588
f 4523/7593 4547/7594 4548/7595 4545/7596
f 4523/7593 4266/6923 4549/6925 4550/7597 4547/7594
f 4524/6924 4551/7598 4552/7599 4549/6925
f 4524/6924 4553/7600 4554/7601 4555/7602
f 4524/6924 4555/7602 4556/7603 4551/7598
f 4524/6924 4266/6923 4557/7604 4553/7600
f 4525/7605 4551/7606 4556/7607 4558/7608
f 4525/7605 4558/7608 4539/7609 4542/7610
f 4525/7611 4542/7612 4559/7613 4560/7614
f 4525/7615 4561/7616 4552/7599 4551/7598
f 4525/7611 4560/7614 4562/7617 4561/7618
f 4562/7617 4563/7619 4564/7620 4561/7618
f 4564/7621 4565/7622 4552/7599 4561/7616
f 4565/7622 4550/7597 4549/6925 4552/7599
f 4559/7613 4542/7612 4536/7623 4566/7624
f 4566/7625 4536/7578 4535/7577 4567/7626
f 4567/7626 4535/7577 4568/7627 4569/7628
f 4568/7627 4535/7577 4534/7576 4570/7629
f 4570/7629 4534/7576 4538/7580 4571/7630
f 4571/7630 4538/7580 4572/7631
f 4572/7631 4573/7632 6139/7633 4574/7634
f 4574/7634 6139/7633 4575/7635 4576/7636
f 4577/7637 4576/7636 4575/7635
f 4573/7632 4572/7631 4538/7580 4537/7579
f 4558/7608 4556/7607 4578/7638 4579/7639
f 4558/7608 4579/7639 4540/7640 4539/7609
f 4578/7641 4556/7603 4555/7602 4580/7642
f 4580/7642 4555/7602 4554/7601 4581/7643
f 4557/7644 4266/7590 4544/7589 4582/7645
f 4548/7595 4529/7567 4528/7572 4545/7596
f 4546/7592 4545/7591 4528/7646 4527/7647
f 4571/7630 4572/7631 4574/7634
f 4577/7648 4575/7649 6139/7650 4573/7651 4537/7652 4541/7653
f 4537/7654 4522/7655 4541/7656
f 4520/7571 4521/7570 4533/7574 4526/7657
f 4584/7658 4588/7659 4589/7660 4590/7661
f 4585/7662 4591/7663 4592/7664 4593/7665
f 4586/7666 4594/7667 4592/7664 4591/7663
f 4587/7668 4589/7660 4592/7664 4594/7667
f 4587/7668 4595/7669 4590/7661 4589/7660
f 4587/7668 4596/7670 4597/7671 4595/7669
f 4597/7671 4596/7670 4583/7672
f 4592/7664 4589/7660 4588/7659 4593/7665
f 4598/7673 4604/7674 4605/7675 4606/7676
f 4599/7677 4607/7678 4608/7679 4609/7680
f 4600/7681 4610/7682 4608/7679 4605/7675
f 4600/7681 4605/7675 4604/7674 4611/7683
f 4600/7681 4611/7683 4603/7684 4602/7685
f 4601/7686 4609/7680 4608/7679 4610/7682
f 4608/7679 4607/7678 4606/7676 4605/7675
f 4614/7687 4613/7688 4615/7689 4616/7690
f 4616/7690 4615/7689 4617/7691 4618/7692
f 4617/7691 4615/7689 4619/7693 4620/7694
f 4619/7693 4621/7695 4622/7696 4623/7697
f 4619/7693 4623/7697 4620/7694
f 4624/7698 4623/7697 4622/7696
f 4621/7695 4619/7693 4615/7689 4613/7688
f 4612/7699 4613/7700 4614/7701 4616/7702
f 4625/7703 4629/7704 4630/7705 4631/7706
f 4626/7707 4632/7708 4630/7705 4629/7704
f 4627/7709 4633/7710 4634/7711 4635/7712
f 4628/7713 4636/7714 4634/7715 4633/7716
f 4636/7717 4637/7718 4638/7719 4634/7720
f 4638/7719 4639/7721 4635/7722 4634/7720
f 4638/7719 4637/7718 4640/7723 4641/7724
f 4638/7719 4641/7724 4642/7725 4639/7721
f 4642/7725 4641/7724 4643/7726 4644/7727
f 4644/7727 4643/7726 4645/7728 4646/7729
f 4646/7729 4645/7728 4647/7730 4648/7731
f 4648/7731 4647/7730 4649/7732 4650/7733
f 4650/7733 4649/7732 4630/7705 4632/7708
f 4649/7732 4647/7730 4651/7734 4652/7735
f 4649/7732 4652/7735 4631/7706 4630/7705
f 4651/7734 4647/7730 4645/7728 4653/7736
f 4653/7736 4645/7728 4643/7726 4654/7737
f 4654/7737 4643/7726 4641/7724 4640/7723
f 4655/7738 4659/7739 4660/7740 4661/7741
f 4656/7742 4662/7743 4663/7744 4664/7745
f 4657/7746 4661/7747 4660/7748 4665/7749
f 4658/7750 4666/7751 4663/7744 4662/7743
f 4666/7752 4665/7749 4660/7748 4663/7753
f 4663/7744 4660/7754 4659/7755 4664/7745
f 4667/7756 4668/7757 4669/7758 4670/7759
f 4667/7756 4671/7760 4672/7761 4673/7762
f 4667/7756 4673/7762 4674/7763 4675/7764
f 4667/7756 4675/7764 4676/7765 4668/7757
f 4677/7766 4671/7760 4667/7756 4670/7759
f 4676/7765 4675/7764 4678/7767 4679/7768
f 4678/7767 4675/7764 4674/7763 4680/7769
f 4679/7768 4678/7767 4680/7769
f 4681/7770 4685/7771 4686/7772 4687/7773
f 4682/7774 4687/7773 4686/7772 4688/7775
f 4683/7776 4689/7777 4690/7778 4691/7779
f 4684/7780 4692/7781 4690/7778 4689/7777
f 4692/7781 4693/7782 4694/7783 4690/7778
f 4694/7783 4695/7784 4691/7779 4690/7778
f 4694/7783 4693/7782 4688/7775 4686/7772
f 4694/7783 4686/7772 4685/7771 4695/7784
f 4696/7785 4700/7786 4701/7787 4702/7788
f 4697/7789 4703/7790 4704/7791 4705/7792
f 4698/7793 4706/7794 4707/7795 4708/7796
f 4699/7797 4709/7798 4710/7799 4711/7800
f 4710/7799 4709/7798 4705/7792 4704/7791
f 4710/7799 4704/7791 4701/7787 4707/7795
f 4710/7799 4707/7795 4706/7794 4711/7800
f 4707/7795 4701/7787 4700/7786 4708/7796
f 4704/7791 4703/7790 4702/7788 4701/7787
f 4712/7801 4716/7802 4717/7803 4718/7804
f 4713/7805 4719/7806 4720/7807 4721/7808
f 4714/7809 4722/7810 4723/7811 4724/7812
f 4715/7813 4725/7814 4726/7815 4727/7816
f 4726/7815 4725/7814 4721/7808 4720/7807
f 4726/7815 4720/7807 4717/7803 4723/7811
f 4726/7815 4723/7811 4722/7810 4727/7816
f 4723/7811 4717/7803 4716/7802 4724/7812
f 4720/7807 4719/7806 4718/7804 4717/7803
f 4728/7817 4729/7818 4730/7819 4731/7820
f 4728/7817 4731/7820 4732/7821 4733/7822
f 4728/7817 4733/7822 4734/7823 4729/7818
f 4734/7823 4735/7824 4736/7825 4729/7818
f 4736/7825 4737/7826 4730/7819 4729/7818
f 4737/7826 4738/7827 4739/7828 4730/7819
f 4739/7828 4740/7829 4731/7820 4730/7819
f 4740/7829 4741/7830 4732/7821 4731/7820
f 4742/7831 4745/7832 4746/7833 4747/7834
f 4742/7835 4748/7836 4749/7837 4750/7838
f 4742/7835 4750/7838 4751/7839 4745/7840
f 4743/7841 4752/7842 4753/7843 4754/7844
f 4743/7841 4754/7844 4749/7837 4755/7845
f 4743/7841 4756/7846 4757/7847 4752/7842
f 4744/7848 4758/7849 4759/7850 4760/7851
f 4760/7851 4759/7850 4761/7852 4762/7853
f 4762/7853 4761/7852 4763/7854 4764/7855
f 4764/7855 4763/7854 4746/7856 4745/7857
f 4757/7847 4756/7846 4767/7858 4766/7859
f 4766/7859 4767/7858 4768/7860
f 4766/7859 4768/7860 4769/7861 4770/7862
f 4769/7861 4768/7860 4771/7863 4772/7864
f 4772/7864 4771/7863 4773/7865 4774/7866
f 4774/7866 4773/7865 4775/7867 4776/7868
f 4775/7867 4773/7865 4777/7869 4778/7870
f 4777/7869 4773/7865 4771/7863 4779/7871
f 4779/7871 4771/7863 4768/7860 4767/7858
f 4755/7845 4749/7837 4748/7836 4780/7872
f 4754/7844 4781/7873 4750/7838 4749/7837
f 4754/7844 4753/7843 4782/7874 4781/7873
f 4782/7874 4783/7875 4784/7876 4781/7873
f 4784/7876 4751/7839 4750/7838 4781/7873
f 4748/7877 4742/7831 4747/7834
f 4767/7858 4756/7846 4755/7845 4780/7872
f 4756/7846 4743/7841 4755/7845
f 4785/7878 4786/7879 4787/7880
f 4788/7881 4789/7882 4790/7883 4791/7884
f 4788/7881 4791/7884 4792/7885 4793/7886
f 4788/7881 4793/7886 4787/7880 4786/7879
f 4788/7881 4786/7879 4789/7882
f 4792/7885 4791/7884 4794/7887 4795/7888
f 4795/7888 4794/7887 4796/7889 4797/7890
f 4796/7889 4794/7887 4798/7891 4799/7892
f 4798/7891 4794/7887 4791/7884 4790/7883
f 573/7893 4804/7894 4805/7895 4806/7896
f 4801/7897 4807/7898 4808/7899 4809/7900
f 4802/7901 4810/7902 4811/7903 4812/7904
f 4803/7905 4813/7906 4814/7907 4815/7908
f 4814/7909 4808/7899 4807/7898 4815/7910
f 4814/7907 4813/7906 4812/7904 4811/7903
f 4814/7907 4811/7903 4805/7895 4808/7911
f 4811/7903 4810/7902 4806/7896 4805/7895
f 4808/7899 4805/7912 4804/7913 4809/7900
f 4816/7914 4817/7915 4818/7916
f 4820/7917 4821/7918 4818/7916 4817/7915
f 4817/7915 4819/7919 4820/7917
f 4821/7918 4820/7917 4822/7920 4823/7921
f 4823/7921 4822/7920 4824/7922 4825/7923
f 4824/7922 4822/7920 4826/7924 4827/7925
f 4827/7925 4826/7924 4828/7926 4829/7927
f 4828/7926 4826/7924 4820/7917 4819/7919
f 4826/7924 4822/7920 4820/7917
f 4830/7928 4843/7929 4844/7930 4845/7931
f 4830/7932 4842/7933 4846/7934 4843/7935
f 4831/7936 4847/7937 4848/7938 4849/7939
f 4831/7936 4849/7939 4850/7940 4851/7941
f 4831/7942 4851/7943 4852/7944 4853/7945
f 4831/7942 4853/7945 4842/7946 4832/7947
f 4831/7936 4832/7948 4847/7937
f 4832/7949 4854/7950 4847/7951
f 4832/7952 4842/7953 4854/7954
f 4833/7955 4855/7956 4856/7957 4857/7958
f 4833/7959 4857/7960 4858/7961 4859/7962
f 4833/7959 4859/7962 4860/7963 4855/7964
f 4834/7965 4861/7966 4855/7967 4860/7968
f 4834/7969 4835/7970 4850/7940 4861/7971
f 4834/7972 4860/7963 4862/7973 4835/7974
f 4835/7970 4862/7975 4851/7941 4850/7940
f 4836/7976 4838/7977 4863/7978 4864/7979
f 4836/7980 4857/7958 4856/7957 4865/7981
f 4836/7980 4865/7981 4837/7982 4866/7983
f 4836/7984 4866/7985 4867/7986 4838/7987
f 4837/7988 4865/7989 4868/7990 4844/7991
f 4837/7988 4844/7991 4843/7992 4866/7993
f 4838/7987 4867/7986 4840/7994 4863/7995
f 4839/7996 4853/7945 4852/7944
f 4839/7996 4852/7944 4869/7997 4870/7998
f 4839/7999 4841/8000 4863/8001 4840/8002
f 4839/7999 4846/7934 4842/7933 4853/8003
f 4839/7999 4840/8002 4867/8004 4846/7934
f 4841/8005 4871/8006 4864/7979 4863/7978
f 4841/8007 4872/8008 4873/8009 4871/8010
f 4841/8011 4874/8012 4875/8013 4872/8014
f 4830/8015 4845/8016 4854/8017 4842/8018
f 4869/7997 4852/7944 4851/7943 4862/8019
f 4869/8020 4862/7973 4860/7963 4859/7962
f 4874/8012 4841/8011 4839/8021 4870/8022
f 4868/8023 4876/8024 4849/8025 4848/8026
f 4868/8023 4848/8026 4845/8027 4844/8028
f 4868/8029 4865/8030 4856/8031 4876/8032
f 4876/8024 4861/8033 4850/8034 4849/8025
f 4876/8032 4856/8031 4855/7967 4861/7966
f 4867/7986 4866/7985 4843/8035 4846/8036
f 4836/7976 4864/7979 4858/7961 4857/7960
f 4854/7950 4845/8037 4848/8038 4847/7951
f 4871/8006 4870/8039 4858/7961 4864/7979
f 4870/8039 4869/8020 4859/7962 4858/7961
f 4877/8040 4879/8041 4880/8042 4878/8043
f 4265/8044 4881/8045 4882/8046 4883/8047
f 4882/8046 4884/8048 4885/8049 4886/8050
f 4882/8046 4886/8050 4887/8051 4883/8047
f 4882/8046 4881/8045 4888/8052 4884/8048
f 4888/8053 4881/8054 4265/8055 4883/8056 4887/8057
f 4889/8058 4894/8059 4895/8060 4896/8061
f 4889/8062 4896/8063 4897/8064 4898/8065
f 4889/8062 4898/8065 4899/8066 4894/8067
f 4890/8068 4893/8069 4900/8070 4901/8071
f 4890/8072 4901/8073 4902/8074 4891/8075
f 4902/8074 4901/8073 4903/8076 4904/8077
f 4902/8078 4904/8079 4905/8080 4906/8081
f 4902/8082 4906/8083 4892/8084 4891/8085
f 4906/8086 4905/8087 4894/8088 4899/8089
f 4906/8090 4899/8066 4907/8091 4892/8092
f 4907/8091 4899/8066 4898/8065 4908/8093
f 4907/8091 4908/8093 4909/8094 4900/8095
f 4907/8091 4900/8095 4893/8096 4892/8092
f 4909/8094 4908/8093 4910/8097 4911/8098
f 4909/8099 4911/8100 4912/8101 4903/8102
f 4909/8099 4903/8102 4901/8071 4900/8070
f 4912/8101 4911/8100 4913/8103 4914/8104
f 4912/8105 4914/8106 4915/8107 4916/8108
f 4912/8105 4916/8108 4904/8077 4903/8076
f 4916/8109 4915/8110 4917/8111 4918/8112
f 4916/8109 4918/8112 4905/8080 4904/8079
f 4918/8113 4917/8114 4919/8115 4895/8116
f 4918/8112 4895/8117 4894/8118 4905/8080
f 4919/8119 4917/8120 4920/8121 4921/8122
f 4919/8119 4921/8122 4922/8123 4923/8124
f 4919/8119 4923/8124 4896/8061 4895/8060
f 4923/8125 4922/8126 4924/8127 4925/8128
f 4923/8125 4925/8128 4897/8064 4896/8063
f 4925/8128 4924/8127 4926/8129 4927/8130
f 4925/8128 4927/8130 4910/8097 4897/8064
f 4927/8130 4926/8129 4928/8131 4913/8132
f 4927/8130 4913/8132 4911/8098 4910/8097
f 4928/8131 4926/8129 4929/8133 4930/8134
f 4928/8135 4930/8136 4931/8137 4932/8138
f 4928/8139 4932/8140 4914/8104 4913/8103
f 4932/8141 4931/8142 4933/8143 4934/8144
f 4932/8141 4934/8144 4915/8107 4914/8106
f 4934/8145 4933/8146 4935/8147 4920/8148
f 4934/8145 4920/8148 4917/8149 4915/8150
f 4935/8151 4933/8143 4936/8152 4937/8153
f 4935/8154 4937/8155 4938/8156 4939/8157
f 4935/8154 4939/8157 4921/8122 4920/8121
f 4939/8157 4938/8156 4940/8158 4941/8159
f 4939/8157 4941/8159 4922/8123 4921/8122
f 4941/8160 4940/8161 4942/8162 4943/8163
f 4941/8160 4943/8163 4924/8127 4922/8126
f 4943/8163 4942/8162 4944/8164 4929/8133
f 4943/8163 4929/8133 4926/8129 4924/8127
f 4944/8164 4942/8162 4945/8165 4946/8166
f 4947/8167 4948/8168 4949/8169 4936/8152
f 4947/8167 4936/8152 4933/8143 4931/8142
f 4949/8169 4948/8168 4950/8170 4951/8171
f 4949/8172 4951/8173 4952/8174 4953/8175
f 4949/8169 4953/8176 4937/8153 4936/8152
f 4953/8177 4952/8178 4954/8179 4955/8180
f 4953/8177 4955/8180 4938/8156 4937/8155
f 4955/8180 4954/8179 4956/8181 4957/8182
f 4955/8180 4957/8182 4940/8158 4938/8156
f 4957/8183 4956/8184 4958/8185 4945/8165
f 4957/8183 4945/8165 4942/8162 4940/8161
f 4958/8186 4956/8187 4959/8188 4960/8189
f 4961/8190 4960/8191 4962/8192 4967/8193
f 4964/8194 4965/8195 4966/8196 4959/8197
f 4964/8198 4959/8199 4956/8181 4954/8179
f 4966/8200 4962/8201 4960/8189 4959/8188
f 4968/8202 4951/8171 4950/8170 4961/8203
f 4910/8097 4908/8093 4898/8065 4897/8064
f 4890/8204 4891/8205 4892/8206 4893/8207
f 4962/8208 4966/8209 4965/8210 4967/8211
f 4967/8212 4965/8213 4968/8202 4961/8203
f 4952/8174 4951/8173 4968/8214 4969/8215
f 4968/8214 4965/8216 4964/8217 4969/8215
f 4964/8198 4954/8179 4952/8178 4969/8218
f 4950/8219 4948/8220 4946/8221 4970/8222
f 4946/8223 4945/8224 4958/8225 4970/8226
f 4947/8227 4931/8137 4930/8136 4971/8228
f 4930/8229 4929/8230 4944/8231 4971/8232
f 4958/8233 4960/8191 4950/8219 4970/8222
f 4960/8191 4961/8190 4950/8219
f 4944/8234 4947/8227 4971/8228
f 4944/8234 4946/8221 4948/8220 4947/8227
f 4972/8235 4973/8236 4974/8237 4975/8238
f 4972/8235 4975/8238 4976/8239 4977/8240
f 4974/8237 4973/8236 4978/8241 4979/8242
f 4978/8241 4973/8236 4972/8235 4977/8240
f 4980/8243 4981/8244 4982/8245 4983/8246
f 4980/8243 4983/8246 4984/8247 4985/8248
f 4980/8243 4985/8248 4986/8249 4981/8244
f 4986/8249 4985/8248 4987/8250 4988/8251
f 4987/8250 4985/8248 4984/8247 4989/8252
f 4989/8252 4984/8247 4990/8253 4991/8254
f 4990/8253 4984/8247 4983/8246 4992/8255
f 4992/8255 4983/8246 4982/8245 4993/8256
f 4994/8257 4998/8258 4999/8259 5000/8260
f 4995/8261 5001/8262 5002/8263 5003/8264
f 4996/8265 5004/8266 5005/8267 5006/8268
f 4997/8269 5007/8270 5008/8271 5009/8272
f 5009/8272 5008/8271 5002/8263 5001/8262
f 5008/8271 5007/8270 5006/8268 5005/8267
f 5008/8271 5005/8267 4999/8259 5002/8263
f 5005/8267 5004/8266 5000/8260 4999/8259
f 5002/8263 4999/8259 4998/8258 5003/8264
f 5010/8273 5014/8274 5015/8275 5016/8276
f 5011/8277 5017/8278 5015/8275 5014/8274
f 5012/8279 5016/8276 5015/8275 5018/8280
f 5013/8281 5018/8280 5015/8275 5017/8278
f 5019/8282 5031/8283 5032/8284 5033/8285
f 5019/8282 5033/8285 5034/8286 5035/8287
f 5019/8282 5035/8287 5036/8288 5037/8289
f 5019/8290 5037/8291 5038/8292 5039/8293
f 5019/8282 5039/8294 5040/8295 5031/8283
f 5020/8296 5021/8297 5041/8298 5042/8299
f 5020/8300 5042/8301 5037/8302 5036/8303
f 5020/8304 5036/8305 5043/8306 5026/8307
f 5020/8296 5044/8308 5045/8309 5021/8297
f 5020/8304 5026/8307 5046/8310 5044/8311
f 5021/8312 5047/8313 5048/8314 5041/8315
f 5021/8312 5049/8316 5050/8317 5047/8313
f 5021/8312 5045/8318 5051/8319 5049/8316
f 5025/8320 5053/8321 5054/8322 5055/8323
f 5022/8324 5056/8325 5057/8326
f 5023/8327 5058/8328 5059/8329 5060/8330
f 5023/8327 5060/8330 5054/8331 5053/8332
f 5023/8333 5061/8334 5062/8335 5063/8336
f 5023/8337 5063/8338 5028/8339 5058/8340
f 5024/8341 5064/8342 5065/8343 5052/8344
f 5024/8341 5066/8345 5067/8346 5064/8342
f 5025/8347 5055/8348 5062/8335 5061/8334
f 5068/8349 5029/8350 5050/8351 5069/8352
f 5024/8353 5044/8308 5046/8354 5070/8355
f 5024/8353 5052/8356 5045/8309 5044/8308
f 5026/8307 5043/8306 5055/8357 5054/8358
f 5026/8359 5071/8360 5067/8361 5046/8362
f 5026/8359 5054/8363 5060/8364 5071/8360
f 5027/8365 5038/8366 5037/8302 5042/8301
f 5027/8367 5072/8368 5073/8369 5038/8370
f 5027/8371 5030/8372 5074/8373 5072/8374
f 5027/8371 5075/8375 5076/8376 5030/8372
f 5027/8377 5042/8299 5041/8298 5075/8378
f 5028/8379 5029/8350 5068/8349 5058/8380
f 5028/8381 5063/8336 5077/8382 5029/8383
f 5029/8350 5078/8384 5047/8385 5050/8351
f 5029/8383 5077/8382 5034/8286 5078/8386
f 5030/8387 5076/8388 5079/8389 5074/8390
f 5078/8386 5034/8286 5033/8285 5080/8391
f 5078/8384 5080/8392 5048/8393 5047/8385
f 5080/8391 5033/8285 5032/8284 5081/8394
f 5080/8395 5081/8396 5082/8397 5048/8314
f 5082/8397 5081/8396 5083/8398 5084/8399
f 5082/8397 5084/8399 5076/8376 5075/8375
f 5082/8397 5075/8375 5041/8315 5048/8314
f 5077/8382 5063/8336 5062/8335 5085/8400
f 5077/8382 5085/8400 5035/8287 5034/8286
f 5085/8400 5062/8335 5055/8348 5043/8401
f 5085/8400 5043/8401 5036/8288 5035/8287
f 5073/8402 5086/8403 5039/8294 5038/8404
f 5086/8403 5087/8405 5040/8295 5039/8294
f 5071/8406 5060/8330 5059/8329 5088/8407
f 5071/8406 5088/8407 5064/8342 5067/8346
f 5088/8407 5059/8329 5069/8408 5089/8409
f 5088/8407 5089/8409 5065/8343 5064/8342
f 5089/8410 5069/8352 5050/8351 5049/8411
f 5089/8410 5049/8411 5051/8412 5065/8413
f 5057/8414 5056/8415 5024/8416 5070/8417
f 5070/8418 5066/8419 5057/8420
f 5070/8421 5046/8362 5067/8361 5066/8422
f 5069/8408 5059/8329 5058/8328 5068/8423
f 5023/8424 5053/8425 5025/8426 5061/8427
f 5057/8428 5066/8345 5024/8341 5056/8429
f 5045/8318 5052/8430 5065/8431 5051/8319
f 5090/8432 5092/8433 5093/8434 5094/8435
f 5091/8436 5095/8437 5096/8438 5097/8439
f 5097/8440 5096/8441 5098/8442 5099/8443
f 5100/8444 5101/8445 5093/8434 5092/8433
f 5101/8445 5098/8442 5096/8441 5093/8434
f 5096/8441 5095/8446 5094/8435 5093/8434
f 5099/8443 5098/8442 5101/8445 5100/8444
f 5102/8447 5103/8448 5104/8449
f 5105/8450 5106/8451 5107/8452 5108/8453
f 5105/8450 5108/8453 5109/8454 5110/8455
f 5109/8454 5108/8453 5111/8456 5112/8457
f 5111/8456 5108/8453 5107/8452 5113/8458
f 5106/8451 5105/8450 5110/8455
f 5114/8459 5121/8460 5122/8461 5123/8462
f 5114/8463 5119/8464 5124/8465 5116/8466
f 5114/8459 5123/8462 5125/8467 5119/8468
f 5115/8469 5126/8470 5118/8471 5127/8472
f 5115/8473 5127/8474 5128/8475 5129/8476
f 5115/8469 5129/8477 5124/8478 5126/8470
f 5116/8479 5130/8480 5131/8481 5120/8482
f 5116/8483 5117/8484 5132/8485 5130/8486
f 5116/8483 5124/8487 5129/8488 5117/8484
f 5117/8489 5129/8476 5128/8475 5132/8490
f 5118/8491 5136/8492 5137/8493 5127/8494
f 5118/8495 5126/8496 5125/8497 5136/8498
f 5119/8499 5125/8500 5126/8501 5124/8502
f 5137/8503 5136/8504 5135/8505 5134/8506
f 5137/8507 5134/8508 5138/8509 5139/8510
f 5137/8493 5139/8511 5128/8512 5127/8494
f 5139/8510 5138/8509 5131/8513 5133/8514
f 5139/8515 5133/8516 5132/8490 5128/8475
f 5138/8517 5134/8518 5122/8519 5121/8520
f 5138/8521 5121/8522 5120/8482 5131/8481
f 5136/8523 5125/8524 5123/8525 5135/8526
f 5114/8463 5116/8466 5120/8527 5121/8528
f 5130/8529 5132/8530 5133/8531 5131/8532
f 5122/8519 5134/8518 5135/8533 5123/8534
f 5140/8535 5141/8536 5143/8537 5144/8538
f 5140/8535 5144/8538 5145/8539 5142/8540
f 5140/8541 5142/8542 5145/8543 5141/8544
f 5146/8545 5150/8546 5151/8547 5152/8548
f 5147/8549 5153/8550 5154/8551 5155/8552
f 5148/8553 5156/8554 5157/8555 5158/8556
f 5149/8557 5159/8558 5160/8559 5161/8560
f 5160/8561 5159/8562 5155/8552 5154/8551
f 5160/8561 5154/8551 5151/8563 5157/8555
f 5160/8561 5157/8555 5156/8554 5161/8564
f 5157/8565 5151/8547 5150/8546 5158/8566
f 5154/8567 5153/8568 5152/8548 5151/8547
f 5162/8569 5166/8570 5167/8571 5168/8572
f 5163/8573 5169/8574 5170/8575 5171/8576
f 5164/8577 5172/8578 5173/8579 5174/8580
f 5165/8581 5175/8582 5176/8583 5177/8584
f 5176/8583 5175/8582 5174/8580 5173/8579
f 5176/8583 5173/8579 5167/8571 5170/8585
f 5176/8586 5170/8575 5169/8574 5177/8587
f 5173/8579 5172/8578 5168/8572 5167/8571
f 5170/8575 5167/8588 5166/8589 5171/8576
f 5178/8590 5192/8591 5190/8592 5193/8593
f 5178/8594 5193/8595 5194/8596 5195/8597
f 5179/8598 5199/8599 5200/8600 5185/8601
f 5179/8602 5180/8603 5182/8604 5199/8605
f 5180/8603 5201/8606 5202/8607 5182/8604
f 5180/8608 5184/8609 5203/8610 5183/8611
f 5180/8608 5183/8611 5197/8612 5201/8613
f 5181/8614 5200/8615 5199/8616 5191/8617
f 5181/8614 5204/8618 5205/8619 5200/8615
f 5182/8620 5202/8621 5206/8622 5207/8623
f 5183/8624 5203/8625 5208/8626 5198/8627
f 5186/8628 5209/8629 5210/8630 5211/8631
f 5184/8632 5186/8633 5211/8634 5203/8635
f 5187/8636 5213/8637 5214/8638 5212/8639
f 5188/8640 5185/8641 5200/8642 5205/8643
f 5188/8644 5215/8645 5216/8646 5217/8647
f 5188/8648 5205/8649 5218/8650 5215/8651
f 5189/8652 5219/8653 5220/8654 5221/8655
f 5189/8656 5190/8657 5222/8658 5223/8659
f 5190/8660 5224/8661 5225/8662 5222/8663
f 5190/8664 5192/8665 5226/8666 5224/8667
f 5190/8657 5189/8656 5212/8668 5193/8669
f 5191/8670 5188/8644 5227/8671 5181/8672
f 5226/8673 5196/8674 5198/8675 5228/8676
f 5226/8677 5192/8678 5197/8679 5196/8680
f 5229/8681 5228/8682 5230/8683 5223/8684
f 5228/8682 5198/8685 5208/8686 5230/8683
f 5231/8687 5230/8683 5208/8686 5232/8688
f 5232/8689 5208/8690 5203/8691 5211/8692
f 5214/8638 5213/8637 5233/8693 5234/8694
f 5214/8638 5234/8694 5210/8630 5209/8629
f 5213/8695 5187/8696 5221/8697 5220/8698
f 5235/8699 5206/8700 5236/8701 5237/8702
f 5235/8699 5237/8702 5238/8703 5239/8704
f 5236/8705 5240/8706 5241/8707 5242/8708
f 5236/8709 5206/8622 5202/8621 5240/8710
f 5199/8711 5185/8712 5188/8713 5191/8714
f 5183/8624 5198/8627 5196/8715 5197/8716
f 5241/8717 5240/8718 5202/8719 5201/8720
f 5207/8721 5206/8700 5235/8699 5239/8704
f 5199/8722 5182/8723 5207/8724
f 5194/8725 5193/8669 5212/8668
f 5227/8671 5188/8644 5217/8647
f 5204/8726 5181/8727 5227/8728
f 5224/8729 5226/8673 5228/8676 5229/8730
f 5233/8693 5213/8637 5220/8731
f 5223/8684 5230/8683 5231/8687
f 5219/8732 5189/8733 5223/8734
f 5212/8735 5214/8736 5185/8737 5199/8738
f 5214/8739 5180/8740 5179/8741 5185/8742
f 5180/8743 5214/8638 5209/8629
f 5180/8743 5209/8629 5186/8628
f 5180/8744 5186/8633 5184/8632
f 5201/8745 5197/8746 5192/8747 5195/8748
f 5192/8749 5178/8750 5195/8751
f 5187/8696 5212/8752 5189/8753 5221/8697
f 5243/8754 5244/8755 5245/8756 5246/8757
f 5243/8754 5246/8757 5247/8758 5248/8759
f 5248/8759 5247/8758 5249/8760 5250/8761
f 5251/8762 5250/8761 5252/8763 5253/8764
f 5252/8763 5250/8761 5249/8760 5254/8765
f 5254/8765 5249/8760 5255/8766 5256/8767
f 5255/8766 5257/8768 5258/8769 5256/8767
f 5255/8766 5249/8760 5247/8758 5259/8770
f 5255/8766 5259/8770 5260/8771 5257/8768
f 5260/8771 5261/8772 5262/8773 5257/8768
f 5260/8771 5259/8770 5263/8774 5264/8775
f 5260/8771 5264/8775 5265/8776 5261/8772
f 5265/8776 5266/8777 5267/8778 5261/8772
f 5265/8776 5264/8775 5268/8779 5269/8780
f 5265/8776 5269/8780 5270/8781 5266/8777
f 5270/8781 5271/8782 5272/8783 5266/8777
f 5270/8781 5269/8780 5273/8784 5274/8785
f 5270/8781 5274/8785 5275/8786 5271/8782
f 5275/8786 5276/8787 5277/8788 5271/8782
f 5275/8786 5274/8785 5278/8789 5279/8790
f 5275/8786 5279/8790 5280/8791 5276/8787
f 5280/8791 5281/8792 5282/8793 5276/8787
f 5282/8793 5283/8794 5284/8795 5285/8796
f 5282/8793 5285/8796 5277/8788 5276/8787
f 5282/8793 5281/8792 5286/8797 5283/8794
f 5286/8797 5287/8798 5288/8799 5283/8794
f 5288/8799 5289/8800 5290/8801 5291/8802
f 5288/8799 5291/8802 5284/8795 5283/8794
f 5288/8799 5287/8798 5292/8803 5289/8800
f 5292/8803 5293/8804 5294/8805 5289/8800
f 5294/8805 5295/8806 5296/8807 5297/8808
f 5294/8805 5297/8808 5290/8801 5289/8800
f 5294/8805 5293/8804 5298/8809 5295/8806
f 5297/8808 5296/8807 5299/8810 5300/8811
f 5297/8808 5300/8811 5301/8812 5290/8801
f 5301/8812 5300/8811 5302/8813 5303/8814
f 5301/8812 5303/8814 5304/8815 5305/8816
f 5301/8812 5305/8816 5291/8802 5290/8801
f 5305/8816 5304/8815 5306/8817 5307/8818
f 5305/8816 5307/8818 5284/8795 5291/8802
f 5307/8818 5306/8817 5308/8819 5309/8820
f 5307/8818 5309/8820 5285/8796 5284/8795
f 5309/8820 5308/8819 5310/8821 5311/8822
f 5309/8820 5311/8822 5277/8788 5285/8796
f 5311/8822 5310/8821 5312/8823 5272/8783
f 5311/8822 5272/8783 5271/8782 5277/8788
f 5312/8823 5310/8821 5313/8824 5314/8825
f 5312/8823 5314/8825 5315/8826 5267/8778
f 5312/8823 5267/8778 5266/8777 5272/8783
f 5315/8826 5314/8825 5316/8827 5317/8828
f 5315/8826 5317/8828 5318/8829 5262/8773
f 5315/8826 5262/8773 5261/8772 5267/8778
f 5318/8829 5258/8769 5257/8768 5262/8773
f 5316/8827 5314/8825 5313/8824 5319/8830
f 5319/8830 5313/8824 5320/8831 5321/8832
f 5320/8831 5322/8833 5323/8834 5321/8832
f 5320/8831 5313/8824 5310/8821 5308/8819
f 5320/8831 5308/8819 5306/8817 5322/8833
f 5323/8834 5322/8833 5324/8835 5325/8836
f 5324/8835 5326/8837 5327/8838 5325/8836
f 5324/8835 5322/8833 5306/8817 5304/8815
f 5324/8835 5304/8815 5303/8814 5326/8837
f 5327/8838 5326/8837 5328/8839 5329/8840
f 5328/8839 5330/8841 5331/8842 5329/8840
f 5328/8839 5326/8837 5303/8814 5302/8813
f 5328/8839 5302/8813 5332/8843 5330/8841
f 5332/8843 5302/8813 5300/8811 5299/8810
f 5278/8789 5274/8785 5273/8784 5333/8844
f 5333/8844 5273/8784 5334/8845 5335/8846
f 5335/8846 5334/8845 5336/8847 5337/8848
f 5337/8848 5336/8847 5338/8849 5339/8850
f 5339/8850 5338/8849 5340/8851 5341/8852
f 5341/8852 5340/8851 5342/8853 5343/8854
f 5343/8854 5342/8853 5344/8855 5345/8856
f 5340/8851 5338/8849 5245/8756 5244/8755
f 5338/8849 5336/8847 5346/8857 5245/8756
f 5346/8857 5268/8779 5264/8775 5263/8774
f 5346/8857 5263/8774 5246/8757 5245/8756
f 5346/8857 5336/8847 5334/8845 5268/8779
f 5334/8845 5273/8784 5269/8780 5268/8779
f 5263/8774 5259/8770 5247/8758 5246/8757
f 5345/8858 5344/8859 5244/8860 5243/8861 5251/8862 5253/8863
f 5243/8754 5248/8759 5250/8761
f 5243/8754 5250/8761 5251/8762
f 5244/8755 5344/8855 5342/8853 5340/8851
f 5347/8864 5348/8865 5349/8866 5350/8867
f 5349/8868 5351/8869 5352/8870 5350/8871
f 5352/8870 5351/8869 5353/8872
f 5354/8873 5360/8874 5361/8875 5362/8876
f 5355/8877 5363/8878 5364/8879 5358/8880
f 5356/8881 5362/8876 5361/8875 5365/8882
f 5357/8883 5359/8884 5358/8885 5366/8886
f 5358/8885 5364/8887 5367/8888 5366/8886
f 5367/8888 5364/8887 5361/8875 5360/8874
f 5365/8882 5361/8875 5364/8887 5363/8889
f 5368/8890 5369/8891 5370/8892 5371/8893
f 5368/8890 5371/8893 5372/8894 5373/8895
f 5368/8890 5373/8895 5374/8896 5369/8891
f 5374/8896 5375/8897 5376/8898 5369/8891
f 5376/8898 5377/8899 5370/8892 5369/8891
f 5377/8899 5378/8900 5379/8901 5370/8892
f 5379/8901 5380/8902 5371/8893 5370/8892
f 5380/8902 5381/8903 5372/8894 5371/8893
f 5382/8904 5391/8905 5392/8906 5393/8907
f 5382/8908 5394/8909 5395/8910 5391/8911
f 5382/8912 5393/8913 5396/8914 5394/8915
f 5383/8916 5397/8917 5386/8918 5398/8919
f 5383/8920 5393/8907 5392/8906 5397/8921
f 5383/8916 5398/8919 5396/8922 5393/8923
f 5384/8924 5395/8925 5399/8926 5390/8927
f 5384/8928 5390/8929 5400/8930 5385/8931
f 5384/8932 5385/8933 5391/8934 5395/8935
f 5385/8936 5400/8937 5392/8906 5391/8905
f 5386/8938 5397/8939 5403/8940 5404/8941
f 5386/8918 5404/8942 5405/8943 5398/8919
f 5387/8944 5405/8945 5404/8946 5406/8947
f 5387/8944 5406/8947 5407/8948 5408/8949
f 5387/8950 5408/8951 5409/8952 5405/8953
f 5388/8954 5402/8955 5407/8948 5410/8956
f 5388/8957 5410/8958 5411/8959 5389/8960
f 5389/8960 5411/8959 5412/8961 5401/8962
f 5390/8963 5411/8964 5410/8965 5413/8966
f 5390/8963 5413/8966 5403/8940 5400/8967
f 5390/8927 5399/8926 5412/8961 5411/8959
f 5413/8968 5410/8956 5407/8948 5406/8947
f 5413/8968 5406/8947 5404/8946 5403/8969
f 5412/8970 5399/8971 5414/8972 5415/8973
f 5412/8970 5415/8973 5402/8974 5401/8975
f 5415/8976 5414/8977 5409/8952 5408/8951
f 5415/8976 5408/8951 5407/8978 5402/8979
f 5414/8980 5399/8981 5395/8910 5394/8909
f 5414/8982 5394/8983 5396/8984 5409/8985
f 5409/8986 5396/8922 5398/8919 5405/8943
f 5403/8940 5397/8939 5392/8987 5400/8967
f 5388/8988 5389/8989 5401/8990 5402/8991
f 5416/8992 5420/8993 5421/8994 5422/8995
f 5417/8996 5422/8995 5421/8994 5423/8997
f 5418/8998 5424/8999 5421/8994 5420/8993
f 5419/9000 5423/8997 5421/8994 5424/8999
f 5425/9001 5429/9002 5430/9003 5431/9004
f 5426/9005 5432/9006 5433/9007 5434/9008
f 5427/9009 5435/9010 5436/9011 5437/9012
f 5428/9013 5438/9014 5439/9015 5440/9016
f 5439/9015 5438/9014 5437/9012 5436/9011
f 5439/9015 5436/9011 5430/9003 5433/9007
f 5439/9015 5433/9007 5432/9006 5440/9016
f 5436/9011 5435/9010 5431/9004 5430/9003
f 5433/9007 5430/9003 5429/9002 5434/9008
f 5441/9017 5445/9018 5446/9019 5447/9020
f 5442/9021 5448/9022 5449/9023 5450/9024
f 5443/9025 5447/9020 5446/9019 5451/9026
f 5444/9027 5452/9028 5449/9023 5448/9022
f 5452/9028 5453/9029 5454/9030 5449/9023
f 5454/9030 5455/9031 5450/9024 5449/9023
f 5454/9030 5453/9029 5451/9026 5446/9019
f 5454/9030 5446/9019 5445/9018 5455/9031
f 5456/9032 5458/9033 5459/9034 5460/9035
f 5456/9032 5460/9035 5461/9036 5462/9037
f 5456/9032 5462/9037 5463/9038 5458/9033
f 5457/9039 5461/9040 5464/9041 5465/9042
f 5457/9043 5465/9044 5466/9045 5467/9046
f 5457/9047 5467/9048 5462/9049 5461/9050
f 5467/9046 5466/9045 5468/9051 5469/9052
f 5467/9046 5469/9052 5463/9053 5462/9054
f 5468/9051 5466/9045 5470/9055 5471/9056
f 5470/9055 5466/9045 5465/9044 5472/9057
f 5472/9058 5465/9042 5464/9041 5473/9059
f 5473/9060 5464/9061 5474/9062 5475/9063
f 5475/9063 5474/9062 5476/9064 5477/9065
f 5477/9066 5476/9067 5478/9068 5479/9069
f 5479/9070 5478/9071 5480/9072 5481/9073
f 5481/9073 5480/9072 5482/9074 5483/9075
f 5483/9075 5482/9074 5484/9076 5485/9077
f 5484/9076 5482/9074 5486/9078 5487/9079
f 5486/9078 5488/9080 5489/9081 5487/9079
f 5486/9078 5482/9074 5480/9072 5490/9082
f 5486/9078 5490/9082 5491/9083 5488/9080
f 5491/9083 5496/9084 5493/9085 5488/9080
f 5491/9083 5490/9082 5494/9086 5495/9087
f 5491/9083 5495/9087 5496/9084
f 5496/9088 5495/9089 5458/9033 5463/9038
f 5495/9089 5494/9090 5459/9034 5458/9033
f 5494/9086 5490/9082 5480/9072 5478/9071
f 5494/9091 5478/9068 5476/9067 5459/9092
f 5493/9085 5497/9093 5489/9081 5488/9080
f 5476/9064 5474/9062 5460/9035 5459/9034
f 5474/9062 5464/9061 5461/9036 5460/9035
f 5498/9094 5502/9095 5503/9096 5504/9097
f 5499/9098 5505/9099 5506/9100 5507/9101
f 5500/9102 5508/9103 5503/9096 5502/9095
f 5501/9104 5507/9105 5506/9106 5509/9107
f 5509/9108 5506/9100 5503/9096 5508/9103
f 5506/9100 5505/9099 5504/9097 5503/9096
f 5510/9109 5514/9110 5515/9111 5516/9112
f 5511/9113 5517/9114 5518/9115 5519/9116
f 5512/9117 5519/9116 5518/9115 5520/9118
f 5513/9119 5521/9120 5515/9111 5514/9110
f 5521/9120 5522/9121 5523/9122 5515/9111
f 5523/9123 5524/9124 5516/9125 5515/9126
f 5523/9122 5522/9121 5525/9127 5526/9128
f 5523/9123 5526/9129 5527/9130 5524/9124
f 5527/9131 5526/9132 5528/9133 5529/9134
f 5529/9134 5528/9133 5530/9135 5531/9136
f 5531/9137 5530/9138 5518/9115 5517/9114
f 5530/9138 5528/9139 5532/9140 5533/9141
f 5530/9138 5533/9141 5520/9118 5518/9115
f 5532/9140 5528/9139 5526/9142 5525/9143
f 5534/9144 5538/9145 5539/9146 5540/9147
f 5535/9148 5541/9149 5542/9150 5543/9151
f 5536/9152 5544/9153 5545/9154 5546/9155
f 5537/9156 5547/9157 5548/9158 5549/9159
f 5549/9159 5548/9158 5545/9160 5544/9161
f 5548/9158 5547/9157 5543/9162 5542/9163
f 5548/9158 5542/9163 5539/9146 5545/9160
f 5546/9164 5545/9160 5539/9146 5538/9145
f 5542/9163 5541/9165 5540/9147 5539/9146
f 5550/9166 5551/9167 5552/9168
f 5553/9169 5554/9170 5555/9171 5556/9172
f 5552/9168 5551/9167 5557/9173 5553/9169
f 5553/9169 5556/9172 5552/9168
f 5553/9169 5557/9173 5558/9174 5554/9170
f 5558/9175 5559/9176 5560/9177 5554/9178
f 5560/9177 5561/9179 5562/9180 5563/9181
f 5560/9177 5563/9181 5555/9182 5554/9178
f 5560/9177 5559/9176 5564/9183 5561/9179
f 5565/9184 5569/9185 5570/9186 5571/9187
f 5566/9188 5572/9189 5573/9190 5574/9191
f 5567/9192 5575/9193 5576/9194 5577/9195
f 5568/9196 5578/9197 5579/9198 5580/9199
f 5579/9198 5578/9197 5577/9195 5576/9194
f 5579/9198 5576/9194 5570/9186 5573/9200
f 5579/9201 5573/9190 5572/9189 5580/9202
f 5576/9194 5575/9193 5571/9187 5570/9186
f 5573/9190 5570/9203 5569/9204 5574/9191
f 5581/9205 5585/9206 5586/9207 5587/9208
f 5582/9209 5588/9210 5589/9211 5590/9212
f 5583/9213 5591/9214 5592/9215 5593/9216
f 5584/9217 5594/9218 5595/9219 5596/9220
f 5595/9219 5592/9221 5591/9222 5596/9220
f 5595/9219 5594/9218 5597/9223 5598/9224
f 5595/9225 5598/9226 5599/9227 5592/9228
f 5599/9229 5600/9230 5593/9231 5592/9232
f 5599/9229 5598/9233 5589/9234 5586/9207
f 5599/9229 5586/9207 5585/9206 5600/9230
f 5598/9224 5597/9223 5590/9235 5589/9236
f 5589/9234 5588/9237 5587/9208 5586/9207
f 5601/9238 5605/9239 5606/9240 5607/9241
f 5602/9242 5608/9243 5609/9244 5610/9245
f 5603/9246 5611/9247 5612/9248 5613/9249
f 5604/9250 5614/9251 5615/9252 5616/9253
f 5616/9254 5615/9255 5612/9248 5611/9247
f 5615/9252 5609/9244 5606/9240 5612/9256
f 5615/9252 5614/9251 5610/9245 5609/9244
f 5612/9248 5606/9257 5605/9258 5613/9249
f 5609/9244 5608/9243 5607/9241 5606/9240
f 5617/9259 5621/9260 5622/9261 5623/9262
f 5618/9263 5624/9264 5625/9265 5626/9266
f 5619/9267 5627/9268 5628/9269 5629/9270
f 5620/9271 5630/9272 5631/9273 5632/9274
f 5632/9274 5631/9273 5628/9269 5627/9268
f 5631/9273 5625/9265 5622/9261 5628/9269
f 5631/9273 5630/9272 5626/9266 5625/9265
f 5628/9269 5622/9261 5621/9260 5629/9270
f 5625/9265 5624/9264 5623/9262 5622/9261
f 5633/9275 5634/9276 5645/9277 5635/9278
f 5634/9276 5640/9279 5642/9280 5645/9277
f 5634/9276 5646/9281 5647/9282 5640/9279
f 5636/9283 5648/9284 5649/9285 5650/9286
f 5637/9287 5651/9288 5652/9289 5653/9290
f 5637/9287 5653/9290 5654/9291 5638/9292
f 5637/9287 5639/9293 5643/9294 5651/9288
f 5640/9279 5647/9282 5643/9294 5641/9295
f 5643/9294 5647/9282 5655/9296 5651/9288
f 5644/9297 5654/9291 5653/9290 5656/9298
f 5656/9298 5653/9290 5652/9289 5657/9299
f 5657/9299 5652/9289 5649/9285 5648/9284
f 5655/9296 5647/9282 5646/9281 5658/9300
f 5655/9296 5658/9300 5650/9286 5649/9285
f 5655/9296 5649/9285 5652/9289 5651/9288
f 5659/9301 5660/9302 5661/9303 5662/9304
f 5659/9301 5662/9304 5663/9305 5664/9306
f 5659/9301 5664/9306 5665/9307 5666/9308
f 5659/9301 5667/9309 5668/9310 5660/9302
f 5659/9301 5666/9308 5669/9311 5667/9309
f 5669/9311 5666/9308 5670/9312 5671/9313
f 5670/9312 5666/9308 5665/9307 5672/9314
f 5672/9315 5665/9316 5673/9317 5674/9318
f 5673/9317 5665/9316 5664/9319 5675/9320
f 5675/9321 5664/9306 5663/9305 5676/9322
f 5677/9323 5681/9324 5682/9325 5683/9326
f 5678/9327 5684/9328 5685/9329 5686/9330
f 5679/9331 5687/9332 5682/9325 5681/9324
f 5680/9333 5686/9330 5685/9329 5688/9334
f 5688/9335 5685/9336 5689/9337 5690/9338
f 5690/9338 5689/9337 5691/9339 5692/9340
f 5692/9340 5691/9339 5693/9341 5694/9342
f 5694/9343 5693/9344 5695/9345 5696/9346
f 5696/9347 5695/9348 5697/9349 5698/9350
f 5698/9351 5697/9352 5682/9325 5687/9332
f 5697/9349 5695/9348 5699/9353 5700/9354
f 5697/9349 5700/9354 5683/9355 5682/9356
f 5699/9357 5695/9345 5693/9344 5701/9358
f 5701/9359 5693/9360 5691/9361 5702/9362
f 5702/9362 5691/9361 5689/9363 5703/9364
f 5703/9364 5689/9363 5685/9329 5684/9328
f 5704/9365 5705/9366 5706/9367
f 5705/9366 5707/9368 5708/9369 5706/9367
f 5709/9370 5710/9371 5711/9372 5712/9373
f 5713/9374 5717/9375 5718/9376 5719/9377
f 5714/9378 5719/9377 5718/9376 5720/9379
f 5715/9380 5721/9381 5722/9382 5723/9383
f 5716/9384 5724/9385 5722/9382 5721/9381
f 5724/9386 5720/9379 5718/9376 5722/9387
f 5722/9382 5718/9388 5717/9389 5723/9383
f 5725/9390 5727/9391 5728/9392 5729/9393
f 5725/9394 5729/9395 5730/9396 5731/9397
f 5725/9390 5732/9398 5733/9399 5727/9391
f 5725/9400 5731/9401 5734/9402 5735/9403
f 5725/9400 5735/9403 5736/9404 5732/9405
f 5726/9406 5737/9407 5732/9405 5736/9404
f 5726/9408 5736/9409 5738/9410 5739/9411
f 5726/9406 5739/9412 5740/9413 5737/9407
f 5740/9414 5741/9415 5742/9416 5743/9417
f 5740/9418 5743/9419 5744/9420 5737/9421
f 5740/9422 5739/9411 5745/9423 5741/9424
f 5745/9423 5739/9411 5738/9410 5746/9425
f 5746/9425 5738/9410 5747/9426 5748/9427
f 5748/9427 5747/9426 5749/9428 5750/9429
f 5749/9428 5747/9426 5735/9430 5734/9431
f 5747/9426 5738/9410 5736/9409 5735/9430
f 5744/9432 5733/9399 5732/9398 5737/9433
f 5730/9434 5729/9435 5751/9436 5752/9437
f 5752/9438 5751/9439 5753/9440 5754/9441
f 5754/9442 5753/9443 5755/9444 5756/9445
f 5756/9446 5755/9447 5757/9448 5758/9449
f 5758/9450 5757/9451 5760/9452
f 5760/9453 5761/9454 5762/9455
f 5761/9456 5760/9457 5763/9458 5764/9459
f 5763/9458 5760/9457 5757/9460 5765/9461
f 5765/9462 5757/9463 5755/9464 5766/9465
f 5766/9466 5755/9467 5753/9440 5767/9468
f 5767/9468 5753/9440 5751/9439 5768/9469
f 5768/9469 5751/9439 5729/9393 5728/9392
f 5769/9470 5773/9471 5774/9472 5775/9473
f 5770/9474 5776/9475 5777/9476 5778/9477
f 5771/9478 5775/9473 5774/9472 5779/9479
f 5772/9480 5780/9481 5777/9482 5776/9483
f 5780/9484 5781/9485 5782/9486 5777/9476
f 5782/9486 5781/9485 5779/9479 5774/9472
f 5782/9486 5774/9472 5773/9471 5783/9487
f 5782/9486 5783/9487 5778/9477 5777/9476
f 5784/9488 5788/9489 5789/9490 5790/9491
f 5785/9492 5791/9493 5792/9494 5793/9495
f 5786/9496 5790/9491 5789/9490 5794/9497
f 5787/9498 5793/9495 5792/9494 5795/9499
f 5795/9499 5792/9494 5796/9500 5797/9501
f 5797/9501 5796/9500 5789/9490 5788/9489
f 5796/9500 5792/9494 5791/9493 5798/9502
f 5796/9500 5798/9502 5794/9497 5789/9490
f 5799/9503 5803/9504 5804/9505 5805/9506
f 5800/9507 5806/9508 5807/9509 5808/9510
f 5801/9511 5809/9512 5810/9513 5811/9514
f 5802/9515 5812/9516 5813/9517 5814/9518
f 5813/9517 5812/9516 5811/9514 5810/9513
f 5813/9517 5810/9513 5804/9505 5807/9519
f 5813/9520 5807/9509 5806/9508 5814/9521
f 5810/9513 5809/9512 5805/9506 5804/9505
f 5807/9509 5804/9522 5803/9523 5808/9510
f 5815/9524 5816/9525 5817/9526 5818/9527
f 5815/9524 5818/9527 5819/9528 5820/9529
f 5815/9524 5820/9529 5821/9530 5816/9525
f 5821/9530 5820/9529 5822/9531 5823/9532
f 5822/9531 5820/9529 5819/9528 5824/9533
f 5824/9533 5819/9528 5825/9534 5826/9535
f 5825/9534 5819/9528 5818/9527 5827/9536
f 5827/9536 5818/9527 5817/9526 5828/9537
f 5829/9538 5835/9539 5836/9540 5837/9541
f 5830/9542 5838/9543 5836/9540 5835/9539
f 5831/9544 5839/9545 5840/9546 5841/9547
f 5832/9548 5834/9549 5833/9550 5842/9551
f 5833/9552 5840/9546 5839/9545 5842/9553
f 5833/9552 5837/9541 5836/9540 5840/9546
f 5841/9547 5840/9546 5836/9540 5838/9543
f 5843/9554 5844/9555 5845/9556 5846/9557
f 5844/9558 5843/9559 5846/9560
f 5847/9561 5851/9562 5852/9563 5853/9564
f 5848/9565 5854/9566 5855/9567 5856/9568
f 5849/9569 5857/9570 5858/9571 5859/9572
f 5850/9573 5860/9574 5861/9575 5862/9576
f 5861/9575 5860/9574 5859/9572 5858/9571
f 5861/9575 5858/9571 5852/9563 5855/9567
f 5861/9575 5855/9567 5854/9566 5862/9576
f 5858/9571 5857/9570 5853/9564 5852/9563
f 5855/9567 5852/9563 5851/9562 5856/9568
f 5863/9577 5869/9578 5870/9579 5871/9580
f 5864/9581 5872/9582 5873/9583 5874/9584
f 5865/9585 5875/9586 5876/9587 5877/9588
f 5866/9589 5877/9590 5876/9591 5878/9592
f 5867/9593 5878/9594 5876/9595 5879/9596
f 5867/9597 5880/9598 5881/9599 5882/9600
f 5867/9601 5879/9602 5883/9603 5880/9604
f 5868/9605 5882/9600 5881/9599 5884/9606
f 5884/9606 5881/9599 5873/9607 5872/9608
f 5883/9609 5879/9610 5885/9611 5886/9612
f 5883/9613 5886/9614 5871/9615 5870/9616
f 5883/9617 5870/9579 5887/9618 5880/9619
f 5887/9618 5873/9583 5881/9620 5880/9619
f 5887/9618 5870/9579 5869/9578 5888/9621
f 5887/9618 5888/9621 5874/9584 5873/9583
f 5885/9622 5879/9623 5876/9624 5875/9625
f 5889/9626 5890/9627 5891/9628
f 5890/9627 5892/9629 5893/9630 5891/9628
f 5893/9630 5892/9629 5894/9631 5895/9632
f 5893/9630 5895/9632 5896/9633 5897/9634
f 5896/9633 5895/9632 5898/9635 5899/9636
f 5899/9636 5898/9635 5900/9637 5901/9638
f 5902/9639 5900/9637 5903/9640 5904/9641
f 5903/9640 5900/9637 5898/9635 5905/9642
f 5905/9642 5898/9635 5895/9632 5894/9631
f 5901/9638 5900/9637 5902/9639
f 5906/9643 5907/9644 5908/9645
f 5907/9644 5909/9646 5910/9647 5908/9645
f 5911/9648 5912/9649 5913/9650 5914/9651
f 5914/9651 5913/9650 5915/9652 5916/9653
f 5914/9651 5916/9653 5917/9654 5918/9655
f 5918/9655 5917/9654 5919/9656 5920/9657
f 5917/9658 5916/9659 5921/9660 5922/9661
f 5923/9662 5922/9661 5921/9660
f 5915/9652 5913/9650 5924/9663 5925/9664
f 5924/9663 5913/9650 5912/9649 5926/9665
f 5910/9647 5909/9646 5926/9665 5912/9649
f 5912/9649 5911/9648 5910/9647
f 5927/9666 5928/9667 5929/9668 5930/9669
f 5927/9666 5930/9669 5931/9670 5932/9671
f 5927/9672 5933/9673 5934/9674 5935/9675
f 5927/9666 5935/9676 5936/9677 5928/9667
f 5937/9678 5931/9670 5938/9679 5939/9680
f 5938/9679 5931/9670 5930/9669 5940/9681
f 5940/9681 5930/9669 5929/9668 5941/9682
f 5934/9683 5933/9684 5927/9685
f 5934/9686 5927/9687 5932/9688
f 5934/9689 5932/9690 5931/9691
f 5934/9692 5931/9670 5937/9678
f 5942/9693 5943/9694 5944/9695 5945/9696
f 5942/9693 5946/9697 5947/9698 5943/9694
f 5942/9693 5945/9696 5948/9699 5946/9697
f 5948/9699 5949/9700 5950/9701 5946/9697
f 5950/9701 5951/9702 5947/9698 5946/9697
f 5951/9702 5952/9703 5953/9704 5947/9698
f 5953/9704 5954/9705 5943/9694 5947/9698
f 5954/9705 5955/9706 5944/9695 5943/9694
f 5956/9707 5958/9708 5960/9709 5961/9710
f 5956/9707 5961/9710 5962/9711 5963/9712
f 5956/9707 5964/9713 5965/9714 5958/9708
f 5957/9715 5958/9708 5965/9714 5967/9716
f 5957/9715 5968/9717 5969/9718 5958/9708
f 5957/9715 5967/9716 5970/9719 5968/9717
f 5958/9708 5969/9718 5971/9720 5972/9721
f 5959/9722 5973/9723 5974/9724 5975/9725
f 5959/9722 5976/9726 5977/9727 5973/9723
f 5975/9725 5974/9724 5978/9728 5979/9729
f 5980/9730 5968/9731 5970/9732 5982/9733
f 5980/9734 5981/9735 5969/9736 5968/9737
f 5960/9738 5958/9739 5972/9740
f 5976/9726 5959/9722 5975/9725
f 5956/9707 5963/9712 5966/9741 5964/9713
f 5983/9742 5984/9743 5985/9744 5986/9745
f 5983/9746 5986/9747 5987/9748 5988/9749
f 5983/9742 5989/9750 5990/9751 5991/9752
f 5983/9742 5991/9752 5992/9753 5984/9743
f 5993/9754 5994/9755 5987/9748 5986/9747
f 5990/9756 5989/9757 5995/9758 5996/9759
f 5988/9749 5987/9748 5997/9760 5998/9761
f 5998/9761 5997/9760 5999/9762 6000/9763
f 5989/9750 5983/9742 5988/9764
f 5999/9765 5997/9766 5987/9767
f 5999/9762 5987/9748 5994/9755
f 5999/9768 5994/9769 5993/9770
f 6001/9771 6002/9772 6003/9773
f 6002/9772 6004/9774 6005/9775 6003/9773
f 6005/9775 6004/9774 6006/9776 6007/9777
f 6005/9775 6007/9777 6008/9778 6009/9779
f 6005/9775 6009/9779 6010/9780 6003/9773
f 6010/9780 6009/9779 6011/9781 6012/9782
f 6011/9781 6009/9779 6008/9778 6013/9783
f 6013/9783 6008/9778 6014/9784 6015/9785
f 6014/9784 6008/9778 6007/9777 6016/9786
f 6016/9786 6007/9777 6006/9776 6017/9787
f 6018/9788 6022/9789 6023/9790 6024/9791
f 6019/9792 6025/9793 6026/9794 6027/9795
f 6020/9796 6028/9797 6029/9798 6030/9799
f 6021/9800 6031/9801 6032/9802 6033/9803
f 6032/9802 6031/9801 6030/9799 6029/9798
f 6032/9802 6029/9798 6023/9790 6026/9794
f 6032/9802 6026/9794 6025/9793 6033/9803
f 6029/9798 6028/9797 6024/9791 6023/9790
f 6026/9794 6023/9790 6022/9789 6027/9795
f 6037/9804 6036/9805 6038/9806 6039/9807
f 6040/9808 6035/9809 6034/9810
f 6038/9811 6036/9812 6037/9813
f 6041/9814 6043/9815 6044/9816 6045/9817
f 6041/9814 6045/9817 6046/9818 6047/9819
f 6041/9814 6047/9819 6048/9820 6043/9815
f 6042/9821 6049/9822 6050/9823 6051/9824
f 6042/9821 6051/9824 6052/9825 6053/9826
f 6042/9821 6053/9826 6054/9827 6049/9822
f 6052/9828 6051/9829 6055/9830 6056/9831
f 6056/9831 6055/9830 6057/9832 6058/9833
f 6056/9831 6058/9833 6047/9834 6046/9835
f 6058/9836 6057/9837 6059/9838 6060/9839
f 6061/9840 6044/9816 6043/9815
f 6062/9841 6065/9842 6066/9843 6067/9844
f 6062/9845 6067/9846 6068/9847 6063/9848
f 6062/9849 6063/9850 6069/9851 6070/9852
f 6062/9853 6070/9854 6071/9855 6072/9856
f 6062/9857 6072/9858 6073/9859 6065/9860
f 6063/9861 6068/9862 6074/9863 6064/9864
f 6063/9865 6064/9866 6075/9867 6076/9868
f 6063/9869 6076/9870 6077/9871 6069/9872
f 6064/9866 6074/9873 6078/9874 6075/9867
f 6065/9875 6079/9876 6080/9877 6066/9878
f 6065/9879 6081/9880 6082/9881 6079/9882
f 6065/9879 6073/9883 6083/9884 6081/9880
f 6083/9885 6073/9886 6084/9887 6085/9888
f 6084/9889 6073/9859 6072/9858 6086/9890
f 6086/9891 6072/9856 6071/9855 6087/9892
f 6082/9881 6088/9893 6089/9894 6079/9882
f 6089/9894 6090/9895 6080/9896 6079/9882
f 6089/9894 6088/9893 6091/9897 6092/9898
f 6089/9894 6092/9898 6093/9899 6090/9895
f 6093/9899 6092/9898 6094/9900 6095/9901
f 6094/9900 6092/9898 6091/9897 6096/9902
f 6097/9903 6099/9904 6100/9905 6101/9906
f 6097/9903 6101/9906 6102/9907 6103/9908
f 6097/9903 6104/9909 6105/9910 6099/9904
f 6098/9911 6106/9912 6107/9913 6108/9914
f 6098/9911 6109/9915 6110/9916 6106/9912
f 6098/9917 6108/9918 6111/9919 6112/9920
f 6110/9916 6109/9915 6113/9921 6114/9922
f 6114/9922 6113/9921 6115/9923 6116/9924
f 6116/9924 6115/9923 6103/9908 6102/9907
f 6105/9925 6104/9926 6117/9927 6118/9928
f 6118/9928 6117/9927 6119/9929
f 6109/9930 6098/9917 6112/9920
f 6117/9931 6104/9932 6103/9933 6115/9934
f 6104/9932 6097/9935 6103/9933
f 6120/9936 6121/9937 6122/9938 6123/9939
f 6120/9936 6123/9939 6124/9940 6125/9941
f 6120/9936 6125/9941 6126/9942 6121/9937
f 6126/9942 6127/9943 6128/9944 6121/9937
f 6128/9944 6129/9945 6122/9938 6121/9937
f 6129/9945 6130/9946 6131/9947 6122/9938
f 6131/9947 6132/9948 6123/9939 6122/9938
f 6132/9948 6133/9949 6124/9940 6123/9939
f 6155/9950 6134/9951 6135/9952 6136/9953
f 4800/5007 3448/5006 3450/5009
f 4963/5000 3441/9954 3443/5001
f 6157/2545 5492/9955 5759/9956
f 1734/2542 6157/2545 5759/9956 6156/2538
f 1550/7032 1548/7031 1549/9957
f 1546/7095 1562/9958 4232/9959
f 1741/2716 4215/9960 6144/9961
f 4161/9962 4215/9960 1741/2716 1685/2539
f 1725/2611 6167/2605 6157/2545
f 1728/9963 1730/9964 1823/9965
f 1742/2639 1618/2637 1783/2648 1743/2640
f 1765/2662 1594/2410 1782/2658
f 1780/2659 1768/2511 1763/2660
f 1781/2684 1772/6879 1770/2685
f 1754/9966 4231/9967 4249/9968
f 1747/9969 4249/9970 4257/9971
f 1809/9972 1740/9973 1201/9974
f 1601/2416 1199/2420 1737/2417
f 1684/9975 1683/9976 1662/9977
f 1556/9978 1535/9979 1557/9980
f 1807/2742 1586/2741 1720/9981
f 1683/9982 1688/9983 1589/9984
f 1677/9985 4161/9962 1685/2539 6156/2538
f 1704/2565 1701/2564 1706/2571
f 1715/9986 1714/9987 1716/9988
f 6157/2545 1755/2712 1670/2711 5492/9955
f 1618/2637 1739/2636 1818/2701 1783/2648
f 1595/2645 1750/2644 1756/2651
f 1751/2647 1523/2646 1752/2649
f 4249/9989 4252/9990 4248/9991
f 4228/6519 1754/6518 4249/9992 1747/6927 4264/6926
f 1747/9993 4249/9994 4257/9995 4253/9996 4254/9997
f 4261/9998 1747/9999 4257/10000 4259/10001 4260/10002
f 6137/10003 4213/10004 4214/10005
f 4208/6467 4210/6469 4211/10006
f 6138/10007 948/7011 4176/7013
f 4077/6069 6140/1681 1185/1680
f 1767/2512 1566/2375 6141/2374
f 1505/10008 1563/2689 6142/2688
f 6143/2426 1607/2425 6152/2699 6151/2700
f 1682/10009 1741/10010 6144/10011
f 6156/2538 5759/9956 6145/10012 1677/9985
f 1776/2674 6146/2678 1778/2677 1775/2672
f 6147/5012 3453/5013 3454/5016
f 4246/10013 4170/10014 4168/10015 4167/10016
f 6148/10017 6160/10018 4310/10019 4309/10020
f 1737/10021 1740/10022 1809/10023 1810/10024
f 1670/10025 1726/10026 6149/10027 6158/10028
f 6150/2616 6149/10027 1726/10026 1728/2617
f 1751/2647 1730/2623 1745/2642
f 1780/2659 1782/2658 1766/2663
f 6151/2700 1610/2439 1608/10029 6143/2426
f 1750/2644 1749/2643 6152/2699
f 6153/10030 1615/2447 1614/2446
f 4249/6548 4248/6550 4250/10031 4252/6551
f 1747/10032 4254/10033 4255/10034 4257/10035 4249/10036
f 393/153 18/152 392/6821
f 1694/2557 1656/2486 1654/2484
f 1703/10037 1702/10038 1705/10039
f 1725/2611 6157/2545 1689/2544
f 1670/10025 6158/10028 4258/6919 5492/6922
f 6159/2620 1755/2712 6167/2605 1723/2599
f 4228/10040 1754/9966 4249/9968 4239/10041
f 6160/10042 4235/10043 4311/10044 4310/10045
f 1777/10046 1775/2672 1778/2677
f 1776/10047 1775/10048 1777/10049 1778/10050 1746/10051
f 4249/10052 4252/10053 4250/10054 4251/10055
f 1747/9993 4249/9994 4257/9995 4255/10056 4256/10057
f 6161/10058 4223/10059 4224/10060
f 1546/7095 4232/9959 6162/7096
f 1616/2443 1621/2453 1622/2760
f 6164/10061 6161/10062 4224/10063 4280/10064
f 6165/2622 6163/2596 1738/2634
f 4249/10036 4251/10065 4253/10066 4257/10035
f 1747/10032 4256/10067 4259/10068 4257/10035 4249/10036
f 21/170 412/173 4600/10069
f 1690/10070 1693/10071 1691/10072
f 1665/10073 1675/10074 1674/10075 1678/2517 1679/2520 6144/10076 4215/10077 4161/10078 1677/10079 6145/6920 4258/6919 6158/10028 6149/10027 6150/2616 1727/2615 1823/2618 1731/2628 1733/10080 1776/2674 1775/2672 1563/10081 1505/10082 306/10083 1107/10084
f 1755/2712 6157/2545 6167/2605
