# Blender 5.0.1
# www.blender.org
mtllib tripo_convert_996a925d-f5a5-402f-b830-3a2e1e36e639.mtl
o tripo_node_996a925d-f5a5-402f-b830-3a2e1e36e639
v 0.250801 0.200652 0.181258
v 0.200845 0.168349 0.192322
v 0.129660 0.254531 0.275548
v 0.120926 0.373807 0.074794
v 0.161069 0.370092 -0.046930
v 0.155150 0.368670 -0.041758
v 0.055939 0.389585 -0.022729
v 0.085222 0.377355 -0.018771
v 0.090739 0.384045 -0.012963
v 0.078865 0.126613 0.044118
v 0.082237 0.369386 -0.027379
v 0.061697 0.414836 -0.035286
v 0.060183 0.384752 -0.075741
v 0.072928 0.368057 -0.094908
v 0.092907 0.362453 -0.098301
v 0.096718 0.384855 -0.112761
v 0.075990 0.366749 -0.122510
v 0.044527 0.387246 -0.116288
v 0.012777 0.368479 -0.137415
v 0.119382 0.337686 -0.136751
v 0.174368 0.269541 -0.261895
v 0.141790 0.275699 -0.280261
v 0.322741 0.137588 -0.088217
v 0.198882 -0.162439 -0.133345
v 0.232709 -0.061140 -0.148036
v 0.201301 -0.078350 -0.127928
v 0.142396 0.039619 -0.217654
v 0.161968 -0.119420 -0.255325
v 0.186632 -0.144637 -0.259123
v 0.277482 -0.017260 -0.159579
v 0.154997 -0.066451 -0.191530
v 0.231389 -0.035911 -0.171484
v 0.259277 -0.024350 -0.162586
v 0.096538 -0.325907 -0.298020
v 0.054175 -0.213313 -0.288939
v 0.131778 -0.303308 -0.258263
v 0.002810 -0.475477 -0.057320
v 0.292394 -0.345336 -0.104678
v 0.298096 -0.325316 0.095295
v 0.245099 -0.257455 0.161615
v 0.114313 -0.059077 0.130318
v 0.111758 -0.015558 0.121439
v 0.105464 -0.021887 0.223253
v 0.088334 0.027700 0.250981
v 0.089030 -0.146997 0.282336
v 0.040869 -0.242537 0.241466
v 0.090398 -0.306799 0.298506
v 0.097358 -0.274425 0.220537
v 0.086084 -0.261333 0.235989
v 0.156174 -0.284231 0.209124
v 0.078140 -0.251612 0.198897
v 0.089373 -0.267764 0.183830
v 0.058970 -0.472545 0.015514
v -0.014987 -0.463884 0.154448
v -0.137473 -0.336224 0.290116
v 0.052752 -0.292392 0.297479
v 0.019407 -0.058803 0.269375
v -0.148391 -0.073879 0.177480
v -0.280927 -0.102269 0.159288
v -0.207506 -0.123116 0.205211
v -0.315866 -0.358463 -0.063078
v -0.159583 -0.470156 -0.002099
v -0.129097 -0.367203 -0.293663
v -0.232895 -0.109269 -0.278856
v -0.244019 -0.119915 -0.264300
v -0.161042 -0.289864 -0.281832
v -0.083271 -0.221328 -0.295220
v -0.043677 -0.279146 -0.310582
v -0.029368 -0.149891 -0.239702
v -0.204726 -0.053653 -0.133350
v -0.194652 0.188564 -0.202996
v -0.297252 0.270305 -0.066293
v 0.043683 0.182463 -0.105738
v -0.034897 0.360913 -0.155886
v -0.000250 0.343121 -0.206447
v -0.038196 0.151081 -0.334363
v -0.130563 0.174802 -0.299011
v -0.068040 0.367287 -0.186777
v -0.075809 0.373705 -0.119883
v 0.011520 0.400240 -0.175450
v 0.024165 0.397035 -0.170189
v 0.017954 0.391664 -0.177639
v -0.003732 0.402366 -0.176903
v 0.005043 0.396278 -0.179500
v -0.002960 0.376839 -0.087984
v 0.028458 0.399749 -0.064079
v 0.033025 0.421410 -0.064404
v -0.031067 0.395852 -0.059889
v -0.046167 0.441451 -0.100538
v -0.051064 0.432302 -0.094486
v -0.104637 0.406320 -0.087047
v -0.169763 0.413912 -0.059628
v -0.154663 0.483869 0.047537
v -0.292698 0.160527 0.106851
v -0.053114 0.191648 -0.010603
v 0.012627 0.162852 0.075658
v -0.100250 0.417593 -0.029307
v -0.004776 0.287429 0.297375
v 0.017406 0.115945 0.318118
v -0.010013 0.033743 0.287330
v 0.007490 0.085944 0.311553
v -0.214863 0.068777 0.144118
v -0.299916 0.197199 0.111131
v -0.324544 0.137429 0.098301
v -0.098422 0.223630 0.232904
v -0.250380 0.307720 0.134505
v 0.227917 0.189442 0.191638
v 0.234945 0.151550 0.173489
v 0.258605 0.166773 0.161297
v 0.291830 0.202010 0.130733
v 0.295294 0.216145 0.130467
v 0.256966 0.227603 0.185516
v 0.283709 0.186172 0.124823
v 0.201483 0.135055 0.175556
v 0.171413 0.175250 0.201905
v 0.162848 0.122452 0.176881
v 0.190012 0.216983 0.219543
v 0.086124 0.205234 0.306098
v 0.100198 0.188097 0.297938
v 0.149297 0.229872 0.261341
v 0.070447 0.279591 0.292082
v 0.057166 0.221839 0.312697
v 0.143087 0.288136 0.267126
v 0.078514 0.304848 0.282922
v 0.104329 0.385187 0.080702
v 0.104901 0.391294 0.112254
v 0.131694 0.378316 0.100405
v 0.160319 0.359896 0.085516
v 0.151261 0.352765 0.074472
v 0.091394 0.377378 0.046135
v 0.097126 0.390554 0.043967
v 0.142162 0.359491 -0.035897
v 0.146749 0.354671 -0.054430
v 0.155723 0.357930 -0.083873
v 0.152390 0.368736 -0.080812
v 0.141934 0.369553 -0.052714
v 0.131062 0.380021 -0.032214
v 0.135976 0.383495 -0.017565
v 0.123167 0.372599 -0.015953
v 0.050518 0.398805 0.010380
v 0.072279 0.393397 0.013246
v 0.075485 0.384865 -0.017486
v 0.031914 0.396340 -0.022220
v 0.022122 0.405572 0.001274
v 0.053537 0.383164 -0.043758
v 0.044911 0.389042 -0.041593
v 0.051170 0.397784 -0.029834
v 0.045943 0.389058 -0.042357
v 0.074359 0.382476 -0.018370
v 0.075586 0.381802 -0.020939
v 0.111991 0.371347 -0.025906
v 0.107387 0.398131 -0.011705
v 0.084973 0.408045 -0.016118
v 0.075399 0.395605 -0.014096
v 0.103978 0.138889 0.046294
v 0.107508 0.124653 0.008554
v 0.069359 0.111277 0.015245
v 0.059020 0.132313 0.059412
v 0.086172 0.152285 0.074173
v 0.034319 0.118458 0.030219
v 0.281589 0.153584 0.073198
v 0.293294 0.171095 0.081696
v 0.278607 0.166684 0.115904
v 0.277656 0.144159 0.096008
v 0.090639 0.389956 -0.032498
v 0.107647 0.382834 -0.034865
v 0.073144 0.377876 -0.037579
v 0.077588 0.390591 -0.040828
v 0.087976 0.387744 0.012841
v 0.079033 0.378796 0.012534
v 0.078949 0.371590 -0.048729
v 0.097148 0.353609 -0.059473
v 0.091448 0.359622 -0.075826
v 0.064992 0.361122 -0.024125
v 0.079247 0.348966 -0.060155
v 0.068913 0.412983 -0.026561
v 0.075797 0.404889 -0.036593
v 0.065405 0.407169 -0.050057
v 0.050623 0.416980 -0.051126
v 0.045644 0.415908 -0.025640
v 0.059078 0.404198 -0.020923
v 0.053315 0.378938 -0.058322
v 0.061744 0.373721 -0.071408
v 0.060020 0.388789 -0.063136
v 0.064964 0.399736 -0.086749
v 0.060017 0.401974 -0.070369
v 0.077419 0.381536 -0.093037
v 0.077096 0.361942 -0.103516
v 0.084847 0.359552 -0.103781
v 0.095327 0.376413 -0.098336
v 0.070360 0.372037 -0.063248
v 0.079506 0.363174 -0.088997
v 0.075264 0.362538 -0.103668
v 0.089083 0.358509 -0.105744
v 0.096504 0.359644 -0.106554
v 0.114516 0.359307 -0.086316
v 0.116806 0.370961 -0.087462
v 0.121708 0.354970 -0.097123
v 0.076264 0.395829 -0.100874
v 0.073829 0.391140 -0.131187
v 0.108238 0.376909 -0.127632
v 0.087238 0.379653 -0.143974
v 0.124477 0.375104 -0.097742
v 0.134037 0.370687 -0.108791
v 0.103987 0.362760 -0.119698
v 0.052322 0.373411 -0.108460
v 0.042125 0.387246 -0.101034
v 0.052146 0.405792 -0.100744
v 0.040096 0.384585 -0.130511
v 0.053506 0.376047 -0.143141
v 0.053098 0.394375 -0.142881
v 0.018219 0.377105 -0.110199
v 0.033231 0.374784 -0.103508
v 0.043143 0.368405 -0.117315
v 0.054031 0.361370 -0.130764
v 0.024192 0.362488 -0.156439
v -0.012365 0.362563 -0.132605
v -0.002351 0.366595 -0.104575
v 0.098619 0.352408 -0.110290
v 0.113996 0.345514 -0.087007
v 0.129499 0.341561 -0.105047
v 0.075195 0.337871 -0.166436
v 0.067822 0.353826 -0.142184
v 0.126034 0.318176 -0.178042
v 0.084666 0.322467 -0.202445
v 0.154984 0.322592 -0.127821
v 0.160283 0.310785 -0.158245
v 0.152799 0.326423 -0.103470
v 0.209475 0.264010 -0.236704
v 0.206209 0.251860 -0.234243
v 0.152882 0.261089 -0.268127
v 0.166288 0.281346 -0.280202
v 0.219517 0.272727 -0.243197
v 0.088109 0.270775 -0.293940
v 0.092721 0.284933 -0.300300
v 0.102158 0.300070 -0.305787
v 0.307471 0.139026 -0.143458
v 0.305175 0.166163 -0.141498
v 0.321805 0.172392 -0.083752
v 0.305353 0.077199 -0.125222
v 0.295635 0.090521 -0.152413
v 0.323384 0.123836 -0.067348
v 0.308343 0.069081 -0.107239
v 0.185153 -0.169461 -0.098334
v 0.211408 -0.179221 -0.100359
v 0.215533 -0.164009 -0.145830
v 0.181542 -0.152669 -0.149343
v 0.164514 -0.157965 -0.099121
v 0.198219 -0.151152 -0.173067
v 0.242185 -0.028722 -0.114436
v 0.229427 -0.039609 -0.115974
v 0.252222 -0.036283 -0.127609
v 0.219341 -0.072063 -0.144711
v 0.208212 -0.097235 -0.170393
v 0.217272 -0.094714 -0.177944
v 0.221823 -0.047802 -0.107404
v 0.211788 -0.078525 -0.140963
v 0.210783 -0.055398 -0.098179
v 0.196967 -0.057848 -0.093475
v 0.185875 -0.088735 -0.134140
v 0.198107 -0.097175 -0.158993
v 0.105773 0.035818 -0.223945
v 0.108619 0.053759 -0.246327
v 0.155593 0.053171 -0.234571
v 0.194159 0.031616 -0.210809
v 0.159610 0.026039 -0.195885
v 0.103888 0.026416 -0.194949
v 0.111009 -0.158015 -0.265552
v 0.100702 -0.137569 -0.257085
v 0.150052 -0.104658 -0.242692
v 0.165999 -0.150599 -0.259751
v 0.124179 -0.172408 -0.260092
v 0.196520 -0.078842 -0.227272
v 0.207253 -0.094581 -0.223297
v 0.191124 -0.122694 -0.246720
v 0.184756 -0.070762 -0.218541
v 0.203627 -0.160045 -0.242530
v 0.180376 -0.175930 -0.247511
v 0.281222 -0.003528 -0.162023
v 0.293972 0.020271 -0.140617
v 0.295699 0.012016 -0.128539
v 0.289928 0.005188 -0.115885
v 0.279103 -0.032761 -0.148697
v 0.263011 -0.009343 -0.161207
v 0.173208 -0.066805 -0.206707
v 0.139149 -0.092583 -0.225319
v 0.126424 -0.080082 -0.195888
v 0.116735 -0.069310 -0.169449
v 0.163884 -0.054946 -0.170384
v 0.195180 -0.050085 -0.181479
v 0.246042 -0.039468 -0.184553
v 0.220097 -0.056831 -0.204268
v 0.209924 -0.050850 -0.192931
v 0.205614 -0.039063 -0.161757
v 0.207022 -0.019261 -0.153097
v 0.237141 -0.013347 -0.157441
v 0.234137 -0.283291 -0.177894
v 0.243190 -0.250557 -0.158733
v 0.290909 -0.273478 -0.129537
v 0.267439 -0.306916 -0.164132
v 0.198084 -0.130653 -0.229407
v 0.189538 -0.142119 -0.234669
v 0.200853 -0.148177 -0.226421
v 0.061126 -0.277926 -0.302051
v 0.080310 -0.276396 -0.294287
v 0.116041 -0.317567 -0.282488
v -0.001878 -0.327147 -0.309147
v 0.001065 -0.285254 -0.302229
v 0.093956 -0.361054 -0.298569
v -0.010429 -0.349782 -0.314543
v 0.204279 -0.345373 -0.233761
v 0.205083 -0.375599 -0.229991
v 0.194182 -0.326775 -0.233659
v -0.008624 -0.235013 -0.295749
v -0.022804 -0.205706 -0.286251
v 0.037315 -0.177793 -0.272952
v 0.085647 -0.219353 -0.277030
v 0.180527 -0.301394 -0.219545
v 0.115348 -0.273463 -0.261424
v 0.172134 -0.267586 -0.207936
v 0.019947 -0.477920 -0.116042
v 0.073002 -0.476945 -0.086855
v 0.020943 -0.474496 -0.031347
v -0.011842 -0.468757 -0.007926
v -0.030012 -0.474674 -0.044130
v 0.306677 -0.356741 0.056595
v 0.298825 -0.381889 0.042206
v 0.282874 -0.382617 -0.098004
v 0.308982 -0.307356 -0.059885
v 0.308039 -0.311347 0.072170
v 0.282156 -0.295069 0.138328
v 0.274180 -0.307330 0.150227
v 0.246351 -0.320835 0.189225
v 0.252830 -0.335698 0.180374
v 0.258660 -0.356435 0.169194
v 0.283233 -0.282484 0.133949
v 0.278465 -0.272651 0.124221
v 0.250332 -0.240474 0.154894
v 0.227572 -0.254761 0.171836
v 0.243921 -0.279138 0.150359
v 0.258352 -0.284994 0.150370
v 0.173435 -0.261154 0.171264
v 0.173753 -0.273931 0.159460
v 0.212953 -0.274623 0.152903
v 0.195957 -0.257682 0.175651
v 0.144671 -0.135185 0.208736
v 0.164901 -0.151267 0.182201
v 0.140312 -0.136750 0.171673
v 0.123861 -0.121954 0.216989
v 0.108803 -0.050789 0.168423
v 0.111306 -0.090924 0.170451
v 0.127567 -0.106639 0.112625
v 0.121981 -0.061976 0.092641
v 0.111772 -0.006759 0.159137
v 0.122341 -0.020334 0.068311
v 0.119525 0.015598 0.109675
v 0.120583 0.023502 0.150618
v 0.112016 -0.076115 0.225536
v 0.096800 0.007512 0.198381
v 0.103353 -0.016263 0.265598
v 0.117210 -0.072574 0.257304
v 0.080315 0.047565 0.279933
v 0.079033 0.050708 0.239077
v 0.064597 0.082102 0.276814
v 0.073751 -0.129632 0.269904
v 0.063739 -0.153486 0.267521
v 0.079696 -0.177281 0.269465
v 0.088699 -0.115277 0.288610
v 0.073441 -0.109230 0.278471
v 0.117465 -0.144901 0.287208
v 0.107822 -0.117172 0.298296
v -0.007270 -0.230423 0.238254
v -0.015007 -0.237807 0.248935
v 0.033471 -0.246093 0.257852
v 0.076202 -0.254389 0.214456
v 0.035874 -0.238387 0.227757
v -0.000399 -0.222047 0.231007
v 0.110747 -0.288874 0.291721
v 0.064954 -0.277262 0.289285
v 0.007936 -0.297920 0.300389
v 0.005602 -0.317368 0.311304
v -0.001474 -0.339884 0.318859
v 0.094805 -0.333317 0.300804
v 0.185178 -0.337786 0.250706
v 0.185257 -0.320256 0.251222
v 0.184933 -0.307070 0.247902
v 0.121040 -0.281458 0.238181
v 0.123571 -0.281146 0.217230
v 0.123290 -0.279634 0.194659
v 0.092612 -0.272048 0.202637
v 0.169352 -0.286833 0.219768
v 0.198659 -0.288195 0.183774
v 0.165195 -0.283857 0.186278
v 0.037679 -0.229453 0.223198
v 0.121841 -0.261677 0.172682
v 0.128027 -0.250805 0.185880
v 0.083832 -0.234696 0.210362
v 0.121351 -0.275134 0.175131
v 0.115493 -0.472260 0.017492
v 0.100020 -0.469542 0.072317
v 0.038773 -0.471100 0.042912
v 0.009871 -0.468702 0.018418
v 0.039628 -0.473539 -0.007430
v 0.106512 -0.475037 -0.038550
v -0.051040 -0.464406 0.140805
v -0.016062 -0.467291 0.101523
v 0.021379 -0.465045 0.140400
v -0.014371 -0.465401 0.193901
v -0.072118 -0.465105 0.182645
v 0.044042 -0.465479 0.183741
v -0.102425 -0.317522 0.305136
v -0.157212 -0.277809 0.290444
v -0.184838 -0.289931 0.271871
v -0.232494 -0.295352 0.231331
v -0.219220 -0.329176 0.237116
v -0.210162 -0.358982 0.240388
v -0.127011 -0.369644 0.287986
v 0.012510 -0.274998 0.283997
v 0.043480 -0.073897 0.283323
v 0.024580 -0.020333 0.299805
v 0.005125 -0.023368 0.280350
v 0.015150 -0.078866 0.246810
v 0.051991 -0.098803 0.265913
v -0.023347 -0.043946 0.237265
v -0.108822 -0.058494 0.179188
v -0.120012 0.001225 0.170418
v -0.162764 -0.014505 0.175009
v -0.216564 -0.030339 0.187065
v -0.215209 -0.064616 0.187906
v -0.096864 -0.127234 0.185466
v -0.078912 -0.110329 0.187062
v -0.217363 -0.090961 0.183836
v -0.163673 -0.106582 0.179340
v -0.110388 -0.141593 0.187542
v -0.281991 -0.080791 0.162781
v -0.273486 -0.078146 0.151616
v -0.270800 -0.090227 0.146131
v -0.273501 -0.109978 0.127551
v -0.277854 -0.128724 0.137332
v -0.286981 -0.101565 0.181558
v -0.291295 -0.082769 0.177442
v -0.280314 -0.034714 0.111033
v -0.269381 -0.051508 0.124360
v -0.283146 -0.066996 0.150359
v -0.294235 -0.035990 0.125393
v -0.222142 -0.122561 0.212928
v -0.190760 -0.144279 0.224896
v -0.179335 -0.136849 0.207496
v -0.215249 -0.109825 0.190623
v -0.238286 -0.107210 0.196953
v -0.171925 -0.124531 0.188793
v -0.242415 -0.194760 0.155388
v -0.225200 -0.218988 0.153188
v -0.219054 -0.213806 0.203316
v -0.248753 -0.181497 0.184798
v -0.324826 -0.339322 -0.032798
v -0.323363 -0.289733 -0.095817
v -0.308557 -0.301816 -0.121199
v -0.276178 -0.319510 -0.174817
v -0.278333 -0.361246 -0.160896
v -0.268984 -0.398283 -0.147684
v -0.303961 -0.398143 -0.045847
v -0.148984 -0.468383 0.037100
v -0.192983 -0.471696 0.052547
v -0.198549 -0.474081 -0.007394
v -0.139731 -0.472586 -0.043513
v -0.104057 -0.471239 0.002981
v -0.111630 -0.337978 -0.307320
v -0.036194 -0.384532 -0.310818
v -0.063409 -0.410856 -0.287510
v -0.183328 -0.398447 -0.246079
v -0.197916 -0.356323 -0.255170
v -0.143919 -0.315249 -0.302420
v -0.223280 -0.131050 -0.280154
v -0.233590 -0.145512 -0.265647
v -0.218835 -0.104029 -0.273366
v -0.213073 -0.122449 -0.281963
v -0.233189 -0.075373 -0.269672
v -0.224157 -0.078708 -0.276274
v -0.247811 -0.108900 -0.250141
v -0.236147 -0.072764 -0.256212
v -0.180125 -0.281238 -0.254796
v -0.214580 -0.323885 -0.235175
v -0.212629 -0.285519 -0.218148
v -0.172820 -0.258727 -0.259622
v -0.155926 -0.254225 -0.290341
v -0.148014 -0.244656 -0.310406
v -0.134363 -0.270611 -0.310783
v -0.123036 -0.292229 -0.320652
v -0.215229 -0.081971 -0.275734
v -0.158571 -0.064730 -0.270227
v -0.173140 -0.075336 -0.256907
v -0.198552 -0.083898 -0.267469
v -0.173638 -0.061163 -0.279886
v -0.112592 -0.210574 -0.289744
v -0.099737 -0.173321 -0.256572
v -0.079412 -0.181987 -0.261165
v -0.064877 -0.252627 -0.311589
v -0.090589 -0.266645 -0.321337
v -0.108747 -0.243177 -0.311393
v -0.124198 -0.224040 -0.306156
v -0.064178 -0.297802 -0.319871
v -0.033938 -0.176426 -0.264022
v -0.055051 -0.139588 -0.226299
v -0.002090 -0.102517 -0.200165
v 0.014008 -0.126698 -0.223574
v 0.028560 -0.153574 -0.252813
v -0.218490 -0.061861 -0.186094
v -0.222672 -0.096958 -0.182491
v -0.208291 -0.082914 -0.117402
v -0.199002 -0.051004 -0.071430
v -0.194591 -0.018733 -0.113082
v -0.195894 -0.001379 -0.181365
v -0.219493 -0.229130 -0.229827
v -0.213077 -0.254834 -0.212785
v -0.258867 -0.245221 -0.173370
v -0.246184 -0.206171 -0.224101
v -0.208114 0.212983 -0.213168
v -0.171665 0.206284 -0.249729
v -0.169042 0.179062 -0.222339
v -0.178508 0.148985 -0.175940
v -0.205770 0.167617 -0.168838
v -0.234318 0.188994 -0.166848
v -0.291193 0.240275 -0.076952
v -0.306892 0.198176 -0.019097
v -0.316705 0.221321 -0.002955
v -0.312938 0.242981 0.017503
v -0.297334 0.295568 -0.017473
v -0.267317 0.278773 -0.151299
v -0.265389 0.258609 -0.149294
v -0.289704 0.323972 -0.028083
v -0.287666 0.310788 -0.082118
v 0.017022 0.189167 -0.101448
v 0.018716 0.150870 -0.084171
v 0.056792 0.157866 -0.096713
v 0.065616 0.207240 -0.112807
v 0.035027 0.229844 -0.112356
v 0.094169 0.181992 -0.103452
v -0.059268 0.363767 -0.156139
v -0.042747 0.365335 -0.128510
v -0.031424 0.362444 -0.170115
v -0.065407 0.368584 -0.174376
v -0.011464 0.338242 -0.227746
v -0.045762 0.350245 -0.211314
v -0.018002 0.354120 -0.196150
v 0.033017 0.340590 -0.192209
v 0.036741 0.328480 -0.223972
v 0.029517 0.355191 -0.173557
v -0.106894 0.177389 -0.319330
v -0.091149 0.206789 -0.324819
v -0.025403 0.185267 -0.338963
v 0.055962 0.155842 -0.335625
v 0.054658 0.139506 -0.330517
v -0.020565 0.115174 -0.329660
v 0.061146 0.171691 -0.338389
v -0.139920 0.201299 -0.286269
v -0.136857 0.211646 -0.297953
v -0.128711 0.115686 -0.311475
v -0.144980 0.130262 -0.285191
v -0.144182 0.184249 -0.264562
v -0.024947 0.362296 -0.184207
v -0.060732 0.346842 -0.226600
v -0.091060 0.361782 -0.200164
v -0.110429 0.386491 -0.152493
v -0.100841 0.385419 -0.143270
v -0.124504 0.381521 -0.163320
v -0.092865 0.380098 -0.134674
v -0.089620 0.392468 -0.090326
v -0.070765 0.382865 -0.092241
v -0.029054 0.368927 -0.098055
v 0.012710 0.403181 -0.167559
v -0.001539 0.407985 -0.164993
v 0.041661 0.391284 -0.163624
v 0.035705 0.381283 -0.159918
v 0.018427 0.396927 -0.154312
v 0.034500 0.396983 -0.149243
v 0.013649 0.387335 -0.156326
v 0.002063 0.390849 -0.163058
v -0.021698 0.412219 -0.168649
v -0.014964 0.414614 -0.159029
v -0.008481 0.396117 -0.164882
v -0.024367 0.403671 -0.162915
v -0.058555 0.435157 -0.104887
v -0.048178 0.446301 -0.089031
v -0.017955 0.380287 -0.075950
v -0.000277 0.391048 -0.070574
v 0.011198 0.383415 -0.087297
v 0.035883 0.400833 -0.087765
v 0.026319 0.381355 -0.085155
v 0.025966 0.413148 -0.041628
v 0.004657 0.423898 -0.049716
v 0.005395 0.415222 -0.064738
v 0.008496 0.427911 -0.063331
v 0.039024 0.393249 -0.048662
v 0.040909 0.405140 -0.033753
v 0.006523 0.433295 -0.046794
v 0.029231 0.427012 -0.038082
v 0.050587 0.410801 -0.078701
v 0.011320 0.395939 -0.049354
v 0.042910 0.382121 -0.061049
v -0.044906 0.385800 -0.069276
v -0.050436 0.410675 -0.048470
v -0.001086 0.405018 -0.030852
v -0.042159 0.446676 -0.074591
v -0.032140 0.440212 -0.084406
v -0.032014 0.428769 -0.086460
v -0.041008 0.431679 -0.100189
v -0.040793 0.430590 -0.115819
v -0.048894 0.436095 -0.120128
v -0.057475 0.429977 -0.119324
v -0.042424 0.430641 -0.074504
v -0.047303 0.424190 -0.114626
v -0.131560 0.404689 -0.106505
v -0.133095 0.415612 -0.060634
v -0.110246 0.414328 -0.054423
v -0.059748 0.414496 -0.033293
v -0.168752 0.414708 -0.062689
v -0.168176 0.430670 -0.066265
v -0.165861 0.437363 -0.041605
v -0.150459 0.414158 -0.065660
v -0.148257 0.397647 -0.118898
v -0.156372 0.405058 -0.132906
v -0.168217 0.420175 -0.087333
v -0.141613 0.476928 0.045896
v -0.159648 0.474978 0.010032
v -0.170669 0.480509 0.016415
v -0.174924 0.467045 0.023863
v -0.156342 0.472826 0.062306
v -0.317238 0.191790 0.095440
v -0.276666 0.142080 0.104685
v -0.248470 0.203850 0.138208
v -0.260234 0.228462 0.140188
v -0.267959 0.257724 0.131681
v -0.320141 0.204679 0.073130
v -0.329698 0.177422 0.063461
v -0.053924 0.230298 -0.016693
v -0.050612 0.229356 0.022933
v -0.047679 0.181016 0.012372
v -0.042741 0.175288 -0.035521
v -0.042577 0.221828 -0.057179
v -0.032529 0.149014 -0.009695
v 0.023798 0.189892 0.094323
v 0.058278 0.170710 0.092699
v 0.030480 0.143196 0.071212
v 0.006490 0.133772 0.047729
v -0.008742 0.163170 0.063185
v -0.007554 0.206853 0.082305
v -0.120418 0.423442 -0.019798
v -0.096025 0.426825 0.019183
v -0.069360 0.415640 -0.010944
v -0.072193 0.322850 0.272032
v -0.082915 0.301872 0.271485
v -0.036234 0.261598 0.297691
v 0.003386 0.321837 0.285633
v -0.063855 0.338634 0.266328
v 0.011842 0.143759 0.317026
v 0.009303 0.120798 0.297329
v 0.022778 0.118380 0.327265
v 0.017490 0.153648 0.331149
v 0.018679 0.085616 0.322561
v -0.045150 -0.006686 0.232938
v -0.017942 0.084270 0.261639
v -0.051453 0.044666 0.216709
v 0.016196 0.033980 0.310427
v -0.253835 0.077334 0.140758
v -0.232864 0.018482 0.171271
v -0.187612 0.034098 0.161146
v -0.141216 0.061965 0.155257
v -0.187460 0.100325 0.136073
v -0.241001 0.125486 0.115058
v -0.284107 0.261040 0.101953
v -0.325324 0.162260 0.049009
v -0.325376 0.109144 0.082906
v -0.067421 0.186306 0.246517
v -0.062246 0.209867 0.274293
v -0.101574 0.254942 0.251192
v -0.122136 0.231505 0.202219
v -0.089070 0.170921 0.200758
v -0.141498 0.281018 0.215083
v -0.219424 0.332885 0.162019
v -0.219284 0.347059 0.155086
v -0.260052 0.321523 0.107254
v -0.217258 0.311841 0.168928
v -0.178199 0.328407 0.195274
v -0.179973 0.344443 0.196408
v -0.207253 0.287628 0.174377
v -0.172225 0.308686 0.192399
v -0.144464 0.308137 0.223593
v -0.141944 0.326593 0.231503
v -0.193718 0.260334 0.175256
v -0.162290 0.280920 0.189915
v -0.174572 0.220200 0.166934
v -0.139926 0.232506 0.182726
v -0.133560 0.161093 0.162718
v -0.108021 0.168144 0.177541
v -0.093693 0.091870 0.164584
v -0.075258 0.098009 0.177555
v -0.056873 0.107589 0.201403
v -0.025393 0.130180 0.251348
v -0.068366 0.027328 0.191460
v -0.080806 0.019180 0.176827
v -0.071884 -0.036744 0.193472
v -0.062130 -0.025467 0.206523
v -0.042272 -0.075534 0.200874
v -0.033875 -0.059510 0.214423
v 0.004668 -0.109217 0.223530
v 0.011445 -0.094104 0.232529
v 0.044309 -0.134587 0.251120
v 0.053365 -0.115347 0.255307
v 0.023819 -0.159338 0.242583
v 0.038522 -0.182350 0.252674
v -0.010454 -0.130717 0.214676
v -0.034316 -0.153492 0.205405
v -0.002514 -0.180682 0.229931
v -0.057136 -0.091244 0.195027
v -0.083385 -0.046081 0.184891
v -0.095176 0.011753 0.172031
v -0.113302 0.083161 0.157241
v -0.162212 0.137164 0.144485
v -0.219434 0.175158 0.134657
v -0.018027 -0.195350 0.222009
v 0.005857 -0.210810 0.230810
v 0.017246 -0.199073 0.239180
v -0.052086 -0.167824 0.201379
v -0.066233 -0.180015 0.200940
v -0.029317 -0.208444 0.219092
v -0.041793 -0.216010 0.227083
v -0.079105 -0.187823 0.209363
v -0.094174 -0.195207 0.223080
v -0.056240 -0.221352 0.237776
v -0.121645 -0.154066 0.196044
v -0.134276 -0.165381 0.212649
v -0.153279 -0.177104 0.237794
v -0.119660 -0.208619 0.247653
v -0.138675 -0.219131 0.267296
v -0.102025 -0.246983 0.279068
v -0.080055 -0.233394 0.257084
v -0.168475 -0.184834 0.253373
v -0.181928 -0.191880 0.264875
v -0.153010 -0.226532 0.281532
v -0.201775 -0.149038 0.238392
v -0.212228 -0.159132 0.246893
v -0.221744 -0.174076 0.245718
v -0.193161 -0.203782 0.266538
v -0.232894 -0.125063 0.221663
v -0.243207 -0.133653 0.226428
v -0.250731 -0.145495 0.222452
v -0.253440 -0.157273 0.212458
v -0.224953 -0.190342 0.238145
v -0.263576 -0.112360 0.210512
v -0.272624 -0.120393 0.205173
v -0.275322 -0.127068 0.192586
v -0.274809 -0.133737 0.177547
v -0.251355 -0.168626 0.200488
v -0.284025 -0.100306 0.197071
v -0.271897 -0.095588 0.200309
v -0.278103 -0.075786 0.197755
v -0.290485 -0.080357 0.191769
v -0.283785 -0.045034 0.187208
v -0.295319 -0.050425 0.179845
v -0.298358 -0.058467 0.169074
v -0.293033 -0.066096 0.158116
v -0.303525 -0.008147 0.155711
v -0.306482 -0.018533 0.142888
v -0.302850 -0.028416 0.132892
v -0.314643 0.034734 0.106388
v -0.308399 0.023903 0.092821
v -0.297468 0.009790 0.080361
v -0.277228 -0.002261 0.073876
v -0.310075 0.079235 0.052829
v -0.296664 0.056331 0.037196
v -0.274434 0.037788 0.029608
v -0.244423 0.022953 0.028502
v -0.255303 -0.013700 0.074872
v -0.291818 0.096505 -0.007149
v -0.269849 0.076571 -0.014665
v -0.237180 0.059872 -0.015823
v -0.214615 0.044650 -0.017439
v -0.225286 0.010962 0.027212
v -0.263051 0.114769 -0.062923
v -0.230374 0.097282 -0.063970
v -0.203679 0.079407 -0.067956
v -0.188690 0.062518 -0.073132
v -0.201450 0.027306 -0.022606
v -0.219345 0.133169 -0.115943
v -0.191850 0.114736 -0.121840
v -0.176090 0.096307 -0.129877
v -0.171355 0.073492 -0.142865
v -0.183506 0.041214 -0.082104
v -0.162075 0.129477 -0.186741
v -0.156888 0.103875 -0.203935
v -0.170812 0.059089 -0.222633
v -0.174549 0.046203 -0.159920
v -0.150097 0.159413 -0.236610
v -0.149237 0.122651 -0.253867
v -0.171874 0.061887 -0.259482
v -0.205394 -0.007214 -0.245477
v -0.201494 -0.002107 -0.226588
v -0.173428 0.055036 -0.280295
v -0.207681 -0.012989 -0.264286
v -0.233996 -0.069665 -0.239685
v -0.166455 0.042376 -0.297206
v -0.204850 -0.019948 -0.277466
v -0.153243 0.027108 -0.305310
v -0.195630 -0.030416 -0.284889
v -0.139570 0.011581 -0.305607
v -0.186753 -0.040319 -0.285375
v -0.125039 -0.006019 -0.296751
v -0.179641 -0.050275 -0.282932
v -0.207650 -0.083849 -0.272338
v -0.199061 -0.098291 -0.262292
v -0.209905 -0.101451 -0.268693
v -0.191242 -0.113992 -0.266815
v -0.202618 -0.117617 -0.275257
v -0.176187 -0.138932 -0.278110
v -0.187929 -0.143690 -0.287477
v -0.199519 -0.152397 -0.291286
v -0.209723 -0.165701 -0.281703
v -0.158721 -0.194362 -0.304509
v -0.170847 -0.205376 -0.302356
v -0.180186 -0.217417 -0.291317
v -0.190961 -0.226949 -0.267571
v -0.219672 -0.181711 -0.265919
v -0.259129 -0.183159 -0.222518
v -0.286687 -0.231482 -0.163214
v -0.298961 -0.214392 -0.160876
v -0.266157 -0.165737 -0.218113
v -0.299496 -0.198795 -0.156268
v -0.268824 -0.148762 -0.214536
v -0.293677 -0.186880 -0.146785
v -0.264240 -0.136495 -0.206462
v -0.240897 -0.104673 -0.235091
v -0.254192 -0.129200 -0.194350
v -0.233283 -0.100909 -0.216314
v -0.228587 -0.067795 -0.220051
v -0.240330 -0.124375 -0.168983
v -0.284613 -0.179289 -0.136590
v -0.273345 -0.173373 -0.117923
v -0.246325 -0.154666 -0.070128
v -0.220910 -0.117601 -0.102622
v -0.235069 -0.118143 -0.004822
v -0.208275 -0.083543 -0.039024
v -0.230914 -0.079858 0.042069
v -0.206240 -0.050805 -0.006695
v -0.194639 -0.020500 -0.046833
v -0.207428 -0.025334 0.009660
v -0.194155 0.006040 -0.031468
v -0.183912 0.014615 -0.095468
v -0.213522 -0.005530 0.020100
v -0.227853 -0.057856 0.060106
v -0.229396 -0.041087 0.069806
v -0.238688 -0.025996 0.075414
v -0.254150 -0.075359 0.119648
v -0.259093 -0.062490 0.124596
v -0.256814 -0.090316 0.107562
v -0.257190 -0.114579 0.073910
v -0.265969 -0.137440 0.082481
v -0.260218 -0.172815 0.031353
v -0.257348 -0.196089 0.052158
v -0.265182 -0.160431 0.091629
v -0.252615 -0.148546 0.016457
v -0.262167 -0.182829 -0.033781
v -0.264441 -0.206639 -0.001917
v -0.285717 -0.234121 -0.026170
v -0.278965 -0.254697 0.024447
v -0.257619 -0.225570 0.032701
v -0.286124 -0.208317 -0.070586
v -0.302252 -0.220337 -0.088133
v -0.309159 -0.254307 -0.045715
v -0.321824 -0.267166 -0.061074
v -0.321779 -0.304024 -0.000921
v -0.305852 -0.282528 0.012963
v -0.314172 -0.229659 -0.100566
v -0.321447 -0.240353 -0.113923
v -0.326829 -0.279625 -0.077922
v -0.326522 -0.323177 -0.014473
v -0.312372 -0.251441 -0.124258
v -0.295679 -0.267968 -0.140152
v -0.263058 -0.280306 -0.174893
v -0.312328 -0.366425 0.077563
v -0.314427 -0.347667 0.083381
v -0.311832 -0.321563 0.087809
v -0.270960 -0.350440 0.172141
v -0.275441 -0.323652 0.171068
v -0.271088 -0.293144 0.163030
v -0.295099 -0.291909 0.086859
v -0.249102 -0.266184 0.151375
v -0.265954 -0.262606 0.083512
v -0.225618 -0.246385 0.147510
v -0.245907 -0.238676 0.081798
v -0.244339 -0.210425 0.090300
v -0.254873 -0.180768 0.114164
v -0.269804 -0.151330 0.154385
v -0.227654 -0.266284 0.215169
v -0.205462 -0.245249 0.203594
v -0.199373 -0.257906 0.256329
v -0.195566 -0.230872 0.242311
v -0.222116 -0.204712 0.228308
v -0.197487 -0.219979 0.260475
v -0.181215 -0.247318 0.277094
v -0.168923 -0.235993 0.288496
v -0.135916 -0.267836 0.297565
v -0.117975 -0.256547 0.292767
v -0.079336 -0.301772 0.308619
v -0.062590 -0.286184 0.299972
v -0.048027 -0.268694 0.284056
v 0.021472 -0.257093 0.271456
v -0.030779 -0.249553 0.265291
v 0.073274 -0.264609 0.281897
v 0.080917 -0.258833 0.263809
v 0.117128 -0.282037 0.278258
v 0.119570 -0.281542 0.260948
v 0.181992 -0.297247 0.239615
v 0.175447 -0.291336 0.229738
v 0.228899 -0.297255 0.190361
v 0.215086 -0.292301 0.187219
v 0.242503 -0.291235 0.161732
v 0.227977 -0.288256 0.161386
v 0.208929 -0.286474 0.160463
v 0.230922 -0.275357 0.152000
v 0.168930 -0.283223 0.165406
v 0.211909 -0.254930 0.176504
v 0.171618 -0.219101 0.218842
v 0.154923 -0.229518 0.212761
v 0.140077 -0.240717 0.200309
v 0.109847 -0.202024 0.247129
v 0.093757 -0.221804 0.227990
v 0.058364 -0.203667 0.248910
v 0.044132 -0.218144 0.232985
v 0.126682 -0.185032 0.258967
v 0.184380 -0.206163 0.218222
v 0.141332 -0.171882 0.260787
v 0.193341 -0.188857 0.213019
v 0.153027 -0.156880 0.256776
v 0.131905 -0.134419 0.279163
v 0.154279 -0.142727 0.244956
v 0.132327 -0.125080 0.264608
v 0.121093 -0.105338 0.272738
v 0.121035 -0.110847 0.289492
v 0.116562 -0.071751 0.278471
v 0.110573 -0.072791 0.297359
v 0.096216 -0.076662 0.307504
v 0.078535 -0.080684 0.304540
v 0.094519 -0.014214 0.304668
v 0.078604 -0.017264 0.317088
v 0.058705 -0.020521 0.319691
v 0.040581 -0.021669 0.312991
v 0.062333 -0.079820 0.294988
v 0.064284 0.040881 0.325304
v 0.047854 0.036465 0.327999
v 0.030584 0.034202 0.321867
v 0.041939 0.086001 0.335655
v 0.029799 0.084840 0.332174
v 0.040638 0.124517 0.338196
v 0.031329 0.122226 0.336891
v 0.044669 0.166137 0.333500
v 0.030120 0.164357 0.335752
v 0.019276 0.218699 0.316996
v -0.001514 0.202112 0.317284
v -0.054219 0.234550 0.289531
v -0.013877 0.181264 0.310989
v -0.016763 0.157724 0.293300
v -0.094268 0.280245 0.265498
v 0.045982 0.124994 0.331269
v 0.056931 0.159510 0.329148
v 0.049168 0.122349 0.317880
v 0.063692 0.146757 0.315309
v 0.054063 0.116679 0.298988
v 0.067944 0.136495 0.296026
v 0.106996 0.169147 0.283504
v 0.075747 0.121456 0.265857
v 0.108382 0.148350 0.255132
v 0.147038 0.171161 0.223907
v 0.155552 0.204548 0.246872
v 0.199930 0.231056 0.225792
v 0.200956 0.251467 0.233880
v 0.258064 0.246012 0.178282
v 0.206722 0.271004 0.227586
v 0.253154 0.260213 0.168565
v 0.205280 0.283317 0.214479
v 0.145127 0.304103 0.251723
v 0.201553 0.299051 0.197943
v 0.144700 0.319494 0.230677
v 0.084092 0.338847 0.246965
v 0.081889 0.321324 0.269935
v 0.019707 0.355505 0.247408
v 0.010620 0.336449 0.272184
v -0.042164 0.367928 0.233815
v -0.054977 0.350952 0.254629
v -0.101435 0.377124 0.202897
v -0.116067 0.363535 0.218366
v -0.126513 0.353704 0.227934
v -0.165811 0.366078 0.180711
v -0.174257 0.356727 0.190209
v -0.135012 0.341932 0.233223
v -0.210966 0.358838 0.143280
v -0.154658 0.377932 0.167779
v -0.199002 0.371186 0.128726
v -0.235073 0.363865 0.084684
v -0.250695 0.349356 0.098192
v -0.260984 0.353673 0.026614
v -0.278500 0.339366 0.034352
v -0.285606 0.316274 0.040615
v -0.299672 0.262811 0.054244
v -0.272922 0.341104 -0.032423
v -0.233152 0.374273 0.014139
v -0.242163 0.363553 -0.039113
v -0.236833 0.353404 -0.092358
v -0.267895 0.330143 -0.088560
v -0.215142 0.340529 -0.149008
v -0.240617 0.317888 -0.153316
v -0.257507 0.302500 -0.156045
v -0.201070 0.305226 -0.207319
v -0.214819 0.288734 -0.213271
v -0.224368 0.274295 -0.217469
v -0.167782 0.274868 -0.261186
v -0.175750 0.262127 -0.267787
v -0.181367 0.248520 -0.271764
v -0.226545 0.259037 -0.216899
v -0.181615 0.233000 -0.268415
v -0.225432 0.244144 -0.216399
v -0.259949 0.231055 -0.152279
v -0.278058 0.200076 -0.093862
v -0.220599 0.228143 -0.216368
v -0.250416 0.207013 -0.162386
v -0.268138 0.172285 -0.107961
v -0.250398 0.151390 -0.114675
v -0.282401 0.134812 -0.055852
v -0.292369 0.163744 -0.039847
v -0.303357 0.123710 0.010232
v -0.315959 0.146794 0.031639
v -0.318051 0.094956 0.068321
v -0.318682 0.046163 0.122403
v -0.292343 0.001368 0.167813
v -0.310652 0.060176 0.136736
v -0.275687 0.008735 0.174218
v -0.291466 0.073927 0.142792
v -0.257356 0.013080 0.174294
v -0.277956 0.078669 0.140996
v -0.268374 -0.040912 0.189948
v -0.249727 -0.035727 0.190002
v -0.262296 -0.071310 0.197069
v -0.243904 -0.066524 0.194041
v -0.258672 -0.091846 0.196130
v -0.241621 -0.089527 0.190534
v -0.251732 -0.108498 0.205328
v -0.176848 0.222064 -0.262833
v -0.134829 0.228907 -0.302106
v -0.128792 0.243026 -0.299849
v -0.082852 0.220776 -0.323210
v -0.119739 0.255755 -0.293745
v -0.071789 0.235494 -0.315991
v -0.008160 0.219356 -0.328225
v -0.016811 0.200581 -0.338062
v 0.068862 0.204295 -0.321733
v 0.065040 0.187123 -0.331871
v 0.147953 0.190660 -0.294754
v 0.148216 0.174484 -0.302880
v 0.147363 0.161833 -0.307960
v 0.219250 0.158705 -0.262778
v 0.219175 0.142789 -0.265905
v 0.213345 0.126383 -0.267537
v 0.143603 0.150036 -0.308024
v 0.202564 0.108637 -0.266966
v 0.137571 0.139541 -0.304298
v 0.186906 0.092151 -0.263692
v 0.128537 0.122168 -0.292590
v 0.055411 0.122406 -0.315026
v -0.013125 0.089872 -0.317130
v 0.114594 0.088548 -0.269158
v 0.055447 0.084543 -0.279745
v -0.000908 0.058566 -0.285219
v -0.057711 0.020015 -0.287140
v -0.070782 0.045782 -0.303920
v 0.059157 0.041914 -0.256565
v 0.005807 0.021707 -0.265052
v -0.053291 -0.006953 -0.272981
v -0.115845 -0.041962 -0.274159
v -0.118930 -0.024795 -0.285946
v 0.002016 0.003338 -0.243158
v -0.058071 -0.023059 -0.250325
v -0.123660 -0.051279 -0.253912
v -0.071670 -0.030669 -0.226934
v -0.131360 -0.062850 -0.233615
v -0.176596 -0.089193 -0.249840
v -0.132285 -0.086587 -0.228439
v -0.173529 -0.107770 -0.253098
v -0.132116 -0.113992 -0.234913
v -0.162699 -0.131617 -0.264533
v -0.120445 -0.149177 -0.251212
v -0.138267 -0.176205 -0.281499
v -0.148620 -0.186283 -0.295877
v -0.136170 -0.232854 -0.315191
v -0.122220 -0.255978 -0.322177
v -0.106430 -0.278874 -0.327692
v -0.079435 -0.311080 -0.325023
v -0.094828 -0.321992 -0.319497
v -0.023244 -0.369025 -0.317278
v 0.088730 -0.385603 -0.293994
v 0.082070 -0.406814 -0.284516
v 0.069035 -0.431363 -0.260109
v 0.200130 -0.394738 -0.219000
v 0.186034 -0.421563 -0.204641
v 0.167419 -0.444818 -0.184860
v 0.158828 -0.458493 -0.174616
v 0.061637 -0.453897 -0.234903
v 0.252878 -0.425977 -0.087449
v 0.230598 -0.447086 -0.079150
v 0.223804 -0.459771 -0.076485
v 0.219209 -0.473762 -0.076233
v 0.155796 -0.474046 -0.170772
v 0.243971 -0.446832 0.031361
v 0.239432 -0.458471 0.030958
v 0.233840 -0.472388 0.029718
v 0.218088 -0.479823 0.027356
v 0.204449 -0.484204 -0.071870
v 0.206931 -0.452673 0.127780
v 0.202385 -0.467787 0.125773
v 0.191640 -0.474779 0.119683
v 0.178964 -0.475435 0.112390
v 0.203881 -0.480187 0.025502
v 0.142318 -0.461611 0.197721
v 0.134851 -0.469549 0.188585
v 0.125415 -0.471470 0.178364
v 0.113876 -0.471621 0.165958
v 0.164999 -0.475031 0.105416
v 0.063736 -0.466828 0.228709
v 0.058034 -0.468564 0.215013
v 0.051979 -0.469089 0.200767
v 0.099437 -0.468058 0.149687
v -0.013830 -0.467118 0.227133
v -0.014109 -0.467743 0.212382
v -0.087130 -0.467048 0.216437
v -0.080157 -0.468072 0.200511
v -0.151569 -0.468206 0.182786
v -0.139718 -0.469203 0.169412
v -0.124525 -0.466352 0.152257
v -0.093318 -0.465069 0.117246
v -0.187676 -0.471156 0.120794
v -0.167192 -0.468321 0.107598
v -0.127980 -0.466540 0.080147
v -0.079729 -0.469762 0.042466
v -0.050887 -0.468406 0.074740
v -0.017816 -0.469468 0.044102
v 0.016173 -0.469303 0.073593
v -0.043750 -0.469661 0.014136
v -0.068086 -0.473403 -0.027756
v -0.100761 -0.475436 -0.089557
v -0.043597 -0.477460 -0.117609
v -0.126953 -0.479709 -0.135577
v -0.048931 -0.484603 -0.169198
v 0.035259 -0.482681 -0.165200
v -0.050744 -0.487833 -0.192215
v 0.042049 -0.488374 -0.185437
v 0.122593 -0.486607 -0.138759
v 0.108707 -0.480429 -0.124422
v 0.175559 -0.483430 -0.063165
v 0.156422 -0.477493 -0.056185
v 0.190136 -0.479291 0.023913
v 0.167911 -0.473459 0.022093
v 0.145762 -0.469594 0.095002
v 0.065411 -0.466882 0.115273
v 0.190869 -0.484476 -0.068023
v 0.134511 -0.487924 -0.150600
v 0.145207 -0.486532 -0.161147
v 0.048289 -0.489293 -0.202951
v 0.054651 -0.485082 -0.219961
v 0.059365 -0.468511 -0.227155
v -0.052477 -0.478445 -0.229724
v -0.051021 -0.460305 -0.236476
v -0.052809 -0.441486 -0.254753
v -0.155426 -0.452555 -0.195606
v -0.166999 -0.428640 -0.220310
v -0.227340 -0.447045 -0.117735
v -0.247856 -0.423300 -0.133435
v -0.259016 -0.443122 -0.028604
v -0.280878 -0.420442 -0.038837
v -0.254773 -0.438437 0.062703
v -0.268508 -0.423508 0.066310
v -0.292281 -0.401540 0.066267
v -0.229919 -0.425366 0.145855
v -0.246849 -0.407406 0.153825
v -0.261329 -0.390619 0.162909
v -0.306725 -0.386566 0.068735
v -0.269190 -0.372506 0.170680
v -0.195752 -0.395908 0.226196
v -0.205037 -0.380793 0.237222
v -0.110438 -0.406924 0.262963
v -0.119224 -0.388699 0.279250
v -0.013242 -0.417324 0.272233
v -0.012858 -0.398079 0.292410
v -0.012456 -0.378835 0.309461
v 0.084975 -0.398732 0.276266
v 0.091579 -0.376628 0.292303
v 0.095209 -0.357508 0.300460
v -0.012216 -0.360916 0.312554
v 0.181168 -0.377562 0.242814
v 0.185712 -0.357883 0.249370
v 0.256623 -0.376993 0.161755
v 0.243641 -0.401083 0.150840
v 0.283509 -0.405141 0.036119
v 0.172123 -0.398157 0.230950
v 0.155849 -0.423302 0.211543
v 0.222158 -0.426241 0.136764
v 0.076259 -0.420650 0.256050
v 0.071826 -0.432443 0.245125
v 0.148903 -0.434082 0.203806
v -0.012832 -0.430482 0.258249
v -0.012655 -0.439927 0.252024
v 0.069644 -0.443718 0.240344
v -0.101887 -0.424084 0.247593
v -0.096934 -0.435049 0.238188
v -0.095541 -0.450013 0.236926
v -0.013053 -0.454754 0.251805
v -0.182766 -0.414194 0.213177
v -0.171454 -0.429992 0.202324
v -0.166296 -0.445974 0.197934
v -0.161931 -0.461973 0.193811
v -0.092777 -0.463188 0.229398
v -0.219639 -0.440466 0.139607
v -0.215911 -0.458202 0.137824
v -0.204148 -0.469690 0.131240
v -0.248133 -0.458038 0.062524
v -0.235621 -0.471903 0.061385
v -0.216741 -0.473578 0.057589
v -0.253090 -0.460591 -0.025088
v -0.240202 -0.475799 -0.020026
v -0.221522 -0.476920 -0.013495
v -0.213735 -0.479812 -0.103383
v -0.196819 -0.481275 -0.090691
v -0.177908 -0.478403 -0.074406
v -0.137842 -0.485460 -0.157165
v -0.148539 -0.485342 -0.175236
v -0.052364 -0.488182 -0.212127
v -0.154049 -0.469601 -0.189018
v -0.222476 -0.463330 -0.111838
v -0.013647 -0.465834 0.241703
v 0.067733 -0.457716 0.238465
v 0.145026 -0.447096 0.199466
v 0.210909 -0.440397 0.130468
v 0.262198 -0.427826 0.032662
v 0.273888 -0.405696 -0.094207
v -0.079605 -0.075887 -0.207972
v -0.078637 -0.101566 -0.207205
v -0.068993 -0.124345 -0.215112
v -0.016988 -0.063124 -0.183739
v -0.011362 -0.082918 -0.189437
v 0.045280 -0.040166 -0.162407
v 0.049629 -0.063871 -0.165124
v 0.058850 -0.083054 -0.180108
v 0.108887 -0.052100 -0.155708
v 0.076140 -0.102441 -0.205119
v 0.091137 -0.121991 -0.237076
v 0.104772 -0.028785 -0.153160
v 0.164141 -0.023380 -0.151001
v 0.165569 -0.043319 -0.155121
v 0.104444 -0.004745 -0.156138
v 0.163511 -0.003627 -0.158138
v 0.208906 -0.001774 -0.161310
v 0.209010 0.010228 -0.179159
v 0.234539 0.013207 -0.190073
v 0.239893 -0.000731 -0.168230
v 0.164992 0.012522 -0.172154
v 0.105173 0.014247 -0.171156
v 0.042878 0.003587 -0.178114
v 0.047934 0.014283 -0.203144
v 0.042128 -0.015297 -0.164624
v -0.018972 -0.039739 -0.184994
v -0.019378 -0.016257 -0.192391
v -0.079100 -0.050110 -0.209191
v -0.010131 -0.005126 -0.214799
v 0.055628 0.023985 -0.233927
v 0.250346 0.022884 -0.194444
v 0.262516 0.002129 -0.174677
v 0.266240 0.035462 -0.191670
v 0.278749 0.012580 -0.171848
v 0.278580 0.052468 -0.177880
v 0.289774 0.032117 -0.154844
v 0.256132 0.089477 -0.216453
v 0.267882 0.117349 -0.207101
v 0.243182 0.069928 -0.227873
v 0.225846 0.053822 -0.228298
v 0.210262 0.042588 -0.220547
v 0.168896 0.074237 -0.252747
v 0.274419 0.146716 -0.204197
v 0.216105 0.175503 -0.255790
v 0.270187 0.166879 -0.200493
v 0.210346 0.202624 -0.243874
v 0.258839 0.196295 -0.192991
v 0.292724 0.195011 -0.138452
v 0.249493 0.220567 -0.186369
v 0.280752 0.221381 -0.135034
v 0.296109 0.227552 -0.083542
v 0.308226 0.202539 -0.082251
v 0.302127 0.243725 -0.022279
v 0.312434 0.223013 -0.015629
v 0.322797 0.200966 -0.008283
v 0.299387 0.245052 0.049439
v 0.307766 0.228569 0.059025
v 0.314094 0.216568 0.066747
v 0.329451 0.185974 -0.005547
v 0.318651 0.203796 0.074443
v 0.332967 0.173786 0.003496
v 0.315431 0.193587 0.077756
v 0.329381 0.163615 0.011604
v 0.321031 0.112027 -0.050912
v 0.309804 0.104835 -0.036223
v 0.298734 0.051634 -0.076075
v 0.307750 0.058567 -0.088943
v 0.315181 0.153099 0.019100
v 0.294024 0.139582 0.027212
v 0.290637 0.095436 -0.022497
v 0.306228 0.182979 0.081511
v 0.272209 0.088170 -0.009166
v 0.266073 0.043526 -0.053312
v 0.282976 0.046446 -0.064633
v 0.278029 0.126930 0.035960
v 0.268909 0.109388 0.055583
v 0.260109 0.074027 0.008690
v 0.255244 0.054596 0.022157
v 0.244971 0.024193 -0.026525
v 0.252445 0.037755 -0.039644
v 0.268681 0.089256 0.072389
v 0.250869 0.079841 0.081721
v 0.241338 0.044263 0.032816
v 0.265659 0.124240 0.116817
v 0.247245 0.108780 0.129700
v 0.216708 0.105315 0.128781
v 0.226719 0.078861 0.085112
v 0.261830 0.145106 0.142736
v 0.240388 0.123918 0.156937
v 0.208312 0.112259 0.156980
v 0.170589 0.094332 0.154293
v 0.178215 0.094777 0.123074
v 0.151420 0.082262 0.128391
v 0.154454 0.066239 0.091158
v 0.187808 0.074871 0.087766
v 0.145280 0.087087 0.159159
v 0.127849 0.078989 0.163833
v 0.134989 0.069189 0.133747
v 0.133902 0.120341 0.188567
v 0.113881 0.109884 0.205605
v 0.093886 0.089146 0.215934
v 0.115941 0.060028 0.172119
v 0.105535 0.033579 0.183475
v 0.127475 0.047715 0.141838
v 0.082958 0.068396 0.225786
v 0.063050 0.101333 0.269676
v 0.060454 0.092804 0.304071
v 0.078607 0.051356 0.301046
v 0.059390 0.094180 0.321581
v 0.075507 0.047103 0.314653
v 0.100704 -0.013596 0.285563
v 0.053456 0.089785 0.331825
v 0.126193 0.036388 0.104252
v 0.135248 0.056443 0.095805
v 0.121301 0.004357 0.054427
v 0.133824 0.022271 0.048800
v 0.154233 0.033110 0.047343
v 0.146280 -0.011066 0.003452
v 0.163622 0.000336 0.000520
v 0.187657 0.007894 -0.000420
v 0.185471 0.042197 0.045608
v 0.212375 0.010098 -0.006461
v 0.219153 0.044471 0.039163
v 0.232482 0.010426 -0.014584
v 0.209078 -0.023545 -0.050956
v 0.225830 -0.019584 -0.060743
v 0.235550 -0.008440 -0.074618
v 0.244783 -0.003426 -0.086503
v 0.260480 -0.002213 -0.096348
v 0.268599 -0.037609 -0.137621
v 0.277501 0.000755 -0.106116
v 0.248822 -0.065669 -0.165416
v 0.250394 -0.055674 -0.178004
v 0.225411 -0.073232 -0.198947
v 0.227672 -0.088939 -0.189463
v 0.211697 -0.110323 -0.212172
v 0.202610 -0.115848 -0.199283
v 0.188838 -0.130568 -0.210979
v 0.191760 -0.114418 -0.184211
v 0.178470 -0.127122 -0.189846
v 0.172250 -0.140043 -0.190266
v 0.181264 -0.141669 -0.213679
v 0.181094 -0.110380 -0.163538
v 0.167276 -0.122266 -0.163168
v 0.162452 -0.136546 -0.160628
v 0.167649 -0.148691 -0.156389
v 0.180614 -0.147987 -0.185512
v 0.155730 -0.108937 -0.119625
v 0.153232 -0.125003 -0.109692
v 0.154859 -0.141069 -0.102512
v 0.148459 -0.104106 -0.054622
v 0.155952 -0.128421 -0.040543
v 0.165451 -0.158987 -0.035561
v 0.180978 -0.181383 -0.036256
v 0.156385 -0.114069 0.005696
v 0.169913 -0.155609 0.017896
v 0.183613 -0.190615 0.024609
v 0.207472 -0.213761 0.029986
v 0.206735 -0.197172 -0.038450
v 0.161115 -0.141707 0.058355
v 0.175015 -0.182209 0.067737
v 0.197049 -0.211411 0.077196
v 0.228657 -0.241502 0.089864
v 0.242874 -0.241771 0.043432
v 0.147055 -0.148068 0.117792
v 0.173054 -0.176346 0.127243
v 0.207737 -0.203038 0.135182
v 0.231687 -0.222714 0.136573
v 0.253299 -0.257356 0.102970
v 0.182214 -0.165495 0.190942
v 0.190523 -0.175470 0.201444
v 0.244572 -0.231118 0.144989
v 0.147827 -0.135843 0.230254
v 0.126386 -0.121924 0.246065
v 0.111587 -0.105311 0.222847
v 0.116845 -0.103249 0.252349
v 0.121199 -0.115695 0.168645
v 0.267338 -0.265563 0.114352
v 0.297521 -0.287253 0.062712
v 0.287420 -0.273859 0.061449
v 0.270036 -0.260676 0.056881
v 0.294024 -0.249258 -0.041854
v 0.277962 -0.236313 -0.039009
v 0.246652 -0.218551 -0.037977
v 0.264860 -0.197231 -0.109622
v 0.240925 -0.189062 -0.104750
v 0.244255 -0.170208 -0.157451
v 0.229893 -0.166647 -0.152314
v 0.220381 -0.156275 -0.200187
v 0.209812 -0.152312 -0.188918
v 0.190916 -0.147655 -0.207955
v 0.227882 -0.169928 -0.211402
v 0.256416 -0.179862 -0.165116
v 0.262419 -0.195926 -0.171239
v 0.218288 -0.192442 -0.219136
v 0.281242 -0.207144 -0.112853
v 0.292380 -0.219189 -0.116943
v 0.297967 -0.234752 -0.121854
v 0.260763 -0.213601 -0.171199
v 0.306102 -0.262415 -0.046545
v 0.311598 -0.276891 -0.052574
v 0.311768 -0.291898 -0.057703
v 0.294770 -0.252424 -0.123478
v 0.305671 -0.299828 0.063499
v 0.255108 -0.231647 -0.167385
v 0.177071 -0.236617 -0.205629
v 0.194891 -0.213367 -0.214634
v 0.119328 -0.227881 -0.249838
v 0.146783 -0.193956 -0.245169
v 0.147756 -0.096098 0.044601
v 0.144950 -0.080128 -0.012395
v 0.138241 -0.055493 0.026056
v 0.143972 -0.057248 -0.027609
v 0.138950 -0.029367 0.013023
v 0.154067 -0.041674 -0.038532
v 0.149733 -0.085145 -0.071569
v 0.159497 -0.072199 -0.083427
v 0.176604 -0.063184 -0.089929
v 0.170581 -0.032933 -0.044363
v 0.191473 -0.026108 -0.046708
v 0.168649 -0.097542 -0.128928
v 0.292729 0.231920 0.124222
v 0.286678 0.245331 0.115991
v 0.278992 0.261870 0.105831
v 0.246049 0.278039 0.155219
v 0.270926 0.279006 0.094253
v 0.238509 0.296772 0.139657
v 0.196592 0.318337 0.177749
v 0.233844 0.309236 0.128529
v 0.193667 0.330664 0.165290
v 0.144597 0.350376 0.192534
v 0.144395 0.338805 0.206637
v 0.089125 0.367911 0.207649
v 0.086829 0.356730 0.222787
v 0.032804 0.383037 0.210411
v 0.027752 0.372317 0.224453
v -0.023794 0.395606 0.199272
v -0.030469 0.385332 0.211933
v -0.077532 0.402209 0.173384
v -0.086381 0.392420 0.184891
v -0.126949 0.406332 0.137450
v -0.137569 0.395633 0.148797
v -0.166036 0.402384 0.094382
v -0.179298 0.390032 0.107540
v -0.193156 0.397290 0.053458
v -0.209321 0.384562 0.065030
v -0.212128 0.389689 0.004596
v -0.181730 0.406926 0.045485
v -0.198784 0.400132 -0.001988
v -0.204042 0.391256 -0.049021
v -0.218743 0.380327 -0.044795
v -0.200309 0.381547 -0.096857
v -0.214427 0.369974 -0.094831
v -0.184616 0.368397 -0.145100
v -0.197040 0.356250 -0.146426
v -0.159553 0.356631 -0.191857
v -0.168707 0.342521 -0.194519
v -0.182597 0.326527 -0.199963
v -0.129851 0.327539 -0.236095
v -0.140670 0.312803 -0.242743
v -0.155655 0.292197 -0.252655
v -0.093238 0.293606 -0.274099
v -0.104837 0.276389 -0.283191
v -0.044552 0.276088 -0.293565
v -0.054434 0.260844 -0.302113
v 0.011065 0.260205 -0.304360
v 0.003716 0.244437 -0.313851
v 0.077318 0.243637 -0.297896
v 0.073890 0.228286 -0.307263
v 0.147871 0.230248 -0.273161
v 0.147714 0.214686 -0.281884
v 0.205125 0.222267 -0.235791
v 0.148419 0.243591 -0.266938
v 0.202795 0.236473 -0.232050
v 0.244588 0.237223 -0.182705
v 0.246109 0.255208 -0.182489
v 0.276231 0.254558 -0.134247
v 0.274733 0.237573 -0.132829
v 0.289614 0.261505 -0.088169
v 0.289009 0.244119 -0.085028
v 0.295169 0.275066 -0.029518
v 0.295133 0.259084 -0.025974
v 0.286975 0.293350 0.028301
v 0.287402 0.276688 0.034086
v 0.292466 0.262490 0.040561
v 0.265802 0.291414 0.086183
v 0.266422 0.306910 0.080220
v 0.233461 0.323758 0.119283
v 0.272482 0.321727 0.077062
v 0.238216 0.338988 0.115170
v 0.199455 0.358009 0.153396
v 0.194152 0.343975 0.156809
v 0.150735 0.377290 0.176286
v 0.146769 0.363083 0.182736
v 0.098902 0.394118 0.195569
v 0.092993 0.380270 0.196839
v 0.044080 0.411024 0.198441
v 0.037660 0.396404 0.201379
v -0.013250 0.423126 0.187072
v -0.018216 0.407334 0.190205
v -0.066955 0.428887 0.161233
v -0.070393 0.413809 0.164567
v -0.116678 0.431442 0.125274
v -0.120050 0.416970 0.129752
v -0.152693 0.426724 0.078419
v -0.156706 0.412158 0.084642
v -0.176092 0.421222 0.039669
v -0.152582 0.442587 0.074338
v -0.174937 0.437347 0.035381
v -0.188210 0.428732 -0.012860
v -0.190971 0.413403 -0.007876
v -0.196236 0.422371 -0.059024
v -0.196590 0.405435 -0.054115
v -0.193840 0.415232 -0.104957
v -0.194277 0.397171 -0.100481
v -0.179333 0.402439 -0.154193
v -0.178831 0.385260 -0.148413
v -0.155065 0.388504 -0.198107
v -0.156242 0.372625 -0.193930
v -0.119935 0.370309 -0.244758
v -0.116175 0.357453 -0.235512
v -0.121902 0.342275 -0.234039
v -0.074561 0.339191 -0.270374
v -0.078795 0.322614 -0.268091
v -0.084938 0.306994 -0.268215
v -0.031958 0.304153 -0.289812
v -0.037220 0.288875 -0.287160
v 0.022719 0.287482 -0.299782
v 0.016671 0.273772 -0.297906
v 0.081546 0.257362 -0.291581
v -0.027702 0.319437 -0.295961
v 0.028951 0.301691 -0.305245
v -0.023469 0.334641 -0.301925
v 0.035129 0.315992 -0.310756
v -0.018696 0.350713 -0.306589
v 0.040970 0.331734 -0.315295
v 0.106675 0.315328 -0.307818
v 0.044553 0.339278 -0.304323
v 0.105517 0.322490 -0.296802
v 0.170574 0.307303 -0.272547
v 0.173129 0.299751 -0.282818
v 0.219977 0.301897 -0.236602
v 0.225831 0.291769 -0.245308
v 0.260492 0.303423 -0.192746
v 0.268256 0.291247 -0.198343
v 0.262901 0.274269 -0.193760
v 0.295056 0.297449 -0.150162
v 0.289047 0.283578 -0.145520
v 0.280525 0.271063 -0.137776
v 0.251025 0.267911 -0.184435
v 0.305737 0.289127 -0.093232
v 0.295355 0.277559 -0.091613
v 0.310236 0.298839 -0.034009
v 0.299215 0.290722 -0.032627
v 0.302919 0.315962 0.023591
v 0.292819 0.308906 0.024145
v 0.279332 0.336058 0.074106
v 0.307975 0.332377 0.019810
v 0.285316 0.350617 0.070533
v 0.252501 0.368684 0.112668
v 0.246239 0.353734 0.114731
v 0.214206 0.385821 0.152538
v 0.208746 0.369533 0.156006
v 0.166070 0.403840 0.180111
v 0.158747 0.387770 0.181322
v 0.114604 0.423988 0.194981
v 0.106013 0.408396 0.196361
v 0.057471 0.442748 0.198044
v 0.051043 0.427569 0.198710
v -0.004510 0.455613 0.185928
v -0.008720 0.439763 0.185883
v -0.065300 0.461226 0.160689
v -0.066431 0.445727 0.162409
v -0.116623 0.461013 0.120333
v -0.115944 0.445062 0.122205
v -0.155731 0.459172 0.070719
v -0.113622 0.476327 0.116544
v -0.175765 0.452298 0.030376
v -0.186311 0.459772 -0.021891
v -0.190298 0.443859 -0.016583
v -0.192609 0.455897 -0.066073
v -0.194731 0.439532 -0.062370
v -0.186333 0.447536 -0.111728
v -0.190549 0.432343 -0.108782
v -0.173471 0.435708 -0.161598
v -0.177354 0.419499 -0.158741
v -0.148764 0.422818 -0.207143
v -0.154350 0.405838 -0.204366
v -0.111475 0.402019 -0.249217
v -0.116974 0.387381 -0.248319
v -0.065706 0.382757 -0.279030
v -0.071620 0.369856 -0.282031
v -0.075333 0.353894 -0.278276
v -0.012584 0.362072 -0.297386
v -0.063276 0.378607 -0.266973
v -0.014771 0.352249 -0.285564
v 0.041548 0.327642 -0.292539
v -0.019787 0.338777 -0.277437
v 0.036478 0.313609 -0.283940
v 0.094898 0.294666 -0.275476
v 0.100954 0.310823 -0.285368
v 0.154052 0.280625 -0.250995
v 0.163214 0.296257 -0.261419
v 0.202654 0.277214 -0.214363
v 0.209645 0.291658 -0.224562
v 0.239934 0.279192 -0.173179
v 0.248942 0.294096 -0.182319
v 0.265141 0.287452 -0.132183
v 0.274569 0.301401 -0.141070
v 0.286678 0.308261 -0.148012
v 0.289589 0.312271 -0.087536
v 0.304145 0.316992 -0.093060
v 0.312486 0.304593 -0.094567
v 0.311540 0.327252 -0.041733
v 0.315463 0.314738 -0.038511
v 0.305597 0.346865 0.015021
v 0.297081 0.324021 -0.039446
v 0.290323 0.344218 0.011423
v 0.271658 0.360672 0.057642
v 0.282723 0.363569 0.063310
v 0.245155 0.378453 0.101524
v 0.253061 0.381310 0.107118
v 0.207601 0.398977 0.133157
v 0.215944 0.400681 0.144328
v 0.165465 0.419068 0.159245
v 0.170700 0.419148 0.173513
v 0.119667 0.436928 0.175799
v 0.120588 0.438052 0.189083
v 0.065415 0.455199 0.178868
v 0.063188 0.456619 0.193014
v 0.005039 0.470288 0.170504
v 0.000315 0.470610 0.183452
v -0.054681 0.482441 0.145708
v -0.062996 0.477407 0.159411
v -0.106295 0.485155 0.105437
v -0.052759 0.468140 0.140056
v -0.100745 0.475766 0.098693
v -0.052978 0.452390 0.138687
v -0.100651 0.458917 0.097186
v -0.137867 0.462069 0.047424
v -0.102855 0.443715 0.097187
v -0.138470 0.446198 0.050282
v -0.158842 0.444178 0.007182
v -0.157185 0.459248 0.008040
v -0.165473 0.453900 -0.035077
v -0.168551 0.469659 -0.032154
v -0.167222 0.447151 -0.067749
v -0.170833 0.462375 -0.069830
v -0.183337 0.468905 -0.069900
v -0.179808 0.473030 -0.027625
v -0.170324 0.450774 -0.106386
v -0.177925 0.458536 -0.111851
v -0.158184 0.433997 -0.151120
v -0.162839 0.445176 -0.159037
v -0.134904 0.413278 -0.190645
v -0.136737 0.426301 -0.199679
v -0.101770 0.388211 -0.229009
v -0.103635 0.402363 -0.239633
v -0.066495 0.364514 -0.257556
v -0.103329 0.372772 -0.221293
v -0.070611 0.348378 -0.248837
v -0.024998 0.323424 -0.268858
v -0.070247 0.341622 -0.238752
v -0.024125 0.322433 -0.257986
v 0.033622 0.306670 -0.262044
v 0.032051 0.301159 -0.276191
v 0.090761 0.297866 -0.251864
v 0.089337 0.285225 -0.262091
v 0.145946 0.290917 -0.231467
v 0.148096 0.275470 -0.241488
v 0.187875 0.287709 -0.196956
v 0.195750 0.271433 -0.204245
v 0.220136 0.283933 -0.157369
v 0.229002 0.271241 -0.163919
v 0.245647 0.283117 -0.118682
v 0.256174 0.276607 -0.123991
v 0.260305 0.286120 -0.072264
v 0.272232 0.284964 -0.076489
v 0.280990 0.298733 -0.082550
v 0.276342 0.297898 -0.029704
v 0.286487 0.310633 -0.034089
v 0.270062 0.315263 0.018013
v 0.279375 0.329400 0.014081
v 0.253530 0.332834 0.058332
v 0.262422 0.347125 0.057520
v 0.227803 0.349575 0.098903
v 0.237426 0.364061 0.100071
v 0.192684 0.368212 0.129051
v 0.200556 0.383772 0.131022
v 0.151949 0.386683 0.154257
v 0.158002 0.403347 0.154558
v 0.108381 0.404949 0.169108
v 0.114697 0.421818 0.171442
v 0.060644 0.423227 0.170498
v 0.063746 0.440216 0.171533
v 0.003232 0.440039 0.162609
v 0.005082 0.456153 0.164077
v 0.057619 0.406301 0.170312
v 0.001039 0.421430 0.160902
v -0.053563 0.433781 0.136589
v 0.003243 0.414534 0.154087
v -0.051375 0.422713 0.129866
v -0.101763 0.429626 0.092984
v -0.042921 0.428660 0.118584
v -0.091328 0.430730 0.082577
v -0.125754 0.432110 0.041517
v -0.136580 0.431278 0.050189
v -0.147868 0.425147 -0.002213
v -0.156021 0.428776 0.003459
v -0.111619 0.431090 0.031613
v -0.133503 0.426371 -0.010426
v -0.078560 0.432315 0.070487
v -0.061541 0.427602 0.052574
v -0.015927 0.424122 0.075771
v 0.007327 0.410339 0.031327
v -0.030104 0.413255 0.012174
v -0.032512 0.428967 0.103027
v 0.017467 0.418707 0.122224
v 0.028955 0.412452 0.087420
v 0.010522 0.420081 0.139363
v 0.062877 0.406276 0.142710
v 0.065429 0.404579 0.123592
v 0.059401 0.402332 0.160664
v 0.103893 0.389007 0.153463
v 0.103794 0.392484 0.133112
v 0.104637 0.390756 0.166677
v 0.147659 0.373477 0.153383
v 0.141798 0.374998 0.137907
v 0.177466 0.359695 0.111660
v 0.172348 0.364350 0.100771
v 0.137462 0.379493 0.119595
v 0.184626 0.354538 0.125743
v 0.218302 0.340387 0.095397
v 0.209273 0.345761 0.084830
v 0.233733 0.331203 0.049847
v 0.219808 0.331667 0.042722
v 0.198655 0.344966 0.074165
v 0.244110 0.325255 0.056277
v 0.258732 0.308986 0.017984
v 0.244962 0.315269 0.012116
v 0.249516 0.301772 -0.028425
v 0.235879 0.309392 -0.028891
v 0.230465 0.319389 0.008692
v 0.264885 0.294651 -0.027637
v 0.245623 0.295443 -0.069281
v 0.230577 0.292413 -0.111163
v 0.216417 0.299646 -0.101399
v 0.232206 0.302842 -0.064444
v 0.206712 0.309979 -0.091610
v 0.222552 0.312279 -0.058675
v 0.226624 0.312802 -0.026649
v 0.212440 0.299036 -0.051680
v 0.218470 0.300482 -0.020283
v 0.217277 0.306635 0.010590
v 0.221012 0.321512 0.006773
v 0.204293 0.317636 0.040681
v 0.210836 0.332861 0.037373
v 0.179285 0.335147 0.063349
v 0.188981 0.348903 0.065113
v 0.194535 0.297030 0.046021
v 0.168304 0.313038 0.069701
v 0.135801 0.329906 0.079139
v 0.146029 0.278886 0.081632
v 0.112003 0.299613 0.090296
v 0.077198 0.319539 0.081947
v 0.102491 0.345178 0.073635
v 0.049228 0.335000 0.056388
v 0.075419 0.357869 0.050589
v 0.036440 0.344146 0.019639
v 0.062292 0.365235 0.017326
v 0.040025 0.344844 -0.022453
v 0.000985 0.314395 0.021759
v 0.002915 0.316212 -0.022391
v 0.018964 0.307066 -0.062917
v 0.055533 0.334744 -0.061797
v 0.041494 0.289149 -0.093590
v 0.076406 0.315988 -0.090243
v 0.098297 0.333072 -0.087751
v 0.098126 0.298110 -0.105116
v 0.118401 0.320791 -0.100140
v 0.123047 0.278247 -0.107359
v 0.140690 0.306293 -0.102097
v 0.150619 0.258806 -0.096984
v 0.166012 0.290581 -0.094606
v 0.176829 0.311032 -0.097342
v 0.187477 0.280853 -0.074607
v 0.196326 0.302280 -0.080441
v 0.185100 0.312674 -0.115496
v 0.193680 0.302636 -0.132526
v 0.207301 0.294002 -0.146849
v 0.174153 0.298781 -0.182859
v 0.136911 0.302957 -0.211422
v 0.089864 0.309477 -0.234574
v 0.036614 0.320138 -0.247000
v -0.018039 0.332535 -0.245783
v 0.204275 0.276813 -0.047202
v 0.174743 0.245622 -0.072712
v 0.191584 0.239910 -0.043175
v 0.196969 0.240930 -0.008925
v 0.210780 0.279436 -0.014482
v 0.192477 0.246810 0.024972
v 0.208681 0.285753 0.015497
v 0.174041 0.260146 0.057086
v 0.170341 0.200595 0.037556
v 0.148053 0.217492 0.071463
v 0.115825 0.239688 0.095990
v 0.118733 0.180501 0.078452
v 0.085702 0.203401 0.098138
v 0.048326 0.227357 0.103287
v 0.078317 0.264400 0.103528
v 0.011635 0.250023 0.091750
v 0.042091 0.287129 0.090649
v -0.017410 0.267837 0.063442
v 0.014516 0.304710 0.062170
v -0.033209 0.277031 0.023681
v -0.034780 0.220143 0.056809
v -0.035307 0.278386 -0.021660
v -0.021794 0.268122 -0.065362
v -0.017788 0.205201 -0.086115
v 0.004691 0.250519 -0.094951
v 0.067446 0.266989 -0.110340
v 0.096362 0.243018 -0.113577
v 0.126182 0.219916 -0.101218
v 0.120739 0.160370 -0.078272
v 0.151976 0.202356 -0.075923
v 0.138949 0.149824 -0.041573
v 0.169897 0.192464 -0.042530
v 0.145791 0.152314 0.001713
v 0.177265 0.191304 -0.003743
v 0.139091 0.163158 0.044714
v 0.097721 0.122294 -0.032890
v 0.079474 0.135880 -0.068780
v 0.034050 0.125439 -0.055282
v 0.052715 0.111900 -0.019390
v -0.004743 0.128920 -0.033577
v 0.013018 0.117118 -0.003035
v -0.015964 0.136561 0.018899
v -0.032553 0.172112 0.039635
v -0.016722 0.160825 -0.062969
v 0.069071 0.400761 0.089789
v 0.071090 0.397871 0.046388
v 0.042233 0.403470 0.041660
v -0.012730 0.412803 -0.011722
v -0.104352 0.361022 -0.213298
v -0.135182 0.385511 -0.173473
v -0.135604 0.398741 -0.182358
v -0.157336 0.418807 -0.142897
v -0.168229 0.436702 -0.099114
v -0.086323 0.068102 -0.320688
v -0.101769 0.093537 -0.320366
v 0.256573 -0.296221 0.160924
v 0.238970 -0.307437 0.192726
v -0.050757 0.422277 -0.139306
v -0.038781 0.416801 -0.130820
v -0.033502 0.425745 -0.131403
v -0.027932 0.410711 -0.143327
v -0.024421 0.420267 -0.146815
v -0.035747 0.422152 -0.157362
v -0.044889 0.430813 -0.139928
v -0.039344 0.412308 -0.153794
v -0.016013 0.407503 -0.152868
v -0.004961 0.402450 -0.156316
v 0.007015 0.398836 -0.156208
v -0.016933 0.424846 -0.071836
v -0.022827 0.430738 -0.060080
v -0.019942 0.442615 -0.058501
v -0.014768 0.435442 -0.070411
v 0.037929 0.390141 -0.052203
v 0.044953 0.384636 -0.050307
v 0.028205 0.383242 -0.145827
v 0.063007 0.384560 -0.156120
v 0.071743 0.362915 -0.107438
v 0.131971 0.358697 -0.109001
v 0.142395 0.352153 -0.080190
v 0.134439 0.356208 -0.057202
v 0.130586 0.356841 -0.074226
v 0.132101 0.365886 -0.057763
v 0.130733 0.366547 -0.073186
v 0.141400 0.371344 -0.077633
v 0.128545 0.361678 -0.039149
v 0.123891 0.372810 -0.043231
v 0.108993 0.392900 -0.022304
v 0.089213 0.400708 -0.025203
v 0.062588 0.378336 -0.048466
v 0.067537 0.390755 -0.051784
v 0.076280 0.358534 -0.116940
v 0.087429 0.357065 -0.107348
v 0.051215 0.382974 -0.046550
v 0.043814 0.385345 -0.051181
v 0.053080 0.385811 -0.038769
v 0.045401 0.389518 -0.041979
v 0.049225 0.383612 -0.047795
v 0.049101 0.385142 -0.045258
v 0.051796 0.383858 -0.044126
v 0.044378 0.386828 -0.047911
v 0.046644 0.385879 -0.046884
v 0.046745 0.384406 -0.049347
v 0.052336 0.384680 -0.041872
v 0.049731 0.386107 -0.042643
v 0.050286 0.387160 -0.039937
v 0.047689 0.388414 -0.041023
v 0.047200 0.387265 -0.043795
v 0.044937 0.388297 -0.044671
v 0.084024 0.358818 -0.112307
v 0.078362 0.360999 -0.105804
v 0.077394 0.361513 -0.106043
v 0.077055 0.362741 -0.103226
v 0.082498 0.359411 -0.111353
v 0.082191 0.359816 -0.107878
v 0.081151 0.359925 -0.109008
v 0.080001 0.360757 -0.104593
v 0.078343 0.362250 -0.102962
v 0.078415 0.361210 -0.106110
v 0.077049 0.361528 -0.107946
v 0.076202 0.361798 -0.107697
v 0.076205 0.361808 -0.106401
v 0.077778 0.361245 -0.108402
v 0.079513 0.360886 -0.106157
v 0.078603 0.360924 -0.108918
v 0.080614 0.360560 -0.106217
v 0.079446 0.360597 -0.109445
v 0.081855 0.360195 -0.106276
v 0.080318 0.360258 -0.109990
v 0.083036 0.359853 -0.106272
v 0.081167 0.359928 -0.110521
v 0.082629 0.359842 -0.106841
v 0.081805 0.359680 -0.110920
v 0.081360 0.360556 -0.103590
v 0.082160 0.360437 -0.102999
v 0.082208 0.360777 -0.102171
v 0.080808 0.361311 -0.102458
v 0.079588 0.361775 -0.102707
v 0.075018 0.362094 -0.107729
v 0.075032 0.362098 -0.106755
v 0.074601 0.362198 -0.107740
v 0.043535 0.385249 -0.052091
v 0.043473 0.383001 -0.057957
v 0.041086 0.385244 -0.055561
v 0.042276 0.384126 -0.056756
v 0.042187 0.384498 -0.056041
v 0.042962 0.384027 -0.056231
v 0.041291 0.385268 -0.055206
v 0.043224 0.384584 -0.054341
v 0.042027 0.385355 -0.053931
v 0.042343 0.385392 -0.053384
v 0.043286 0.384717 -0.053893
v 0.042685 0.385432 -0.052791
v 0.043381 0.384920 -0.053203
v 0.043024 0.385472 -0.052204
v 0.043479 0.385129 -0.052496
vt 0.257189 0.478679
vt 0.261916 0.492247
vt 0.242441 0.500313
vt 0.238027 0.485047
vt 0.230489 0.458433
vt 0.233918 0.452512
vt 0.265707 0.467848
vt 0.224876 0.466449
vt 0.260591 0.510106
vt 0.244081 0.519421
vt 0.271375 0.520579
vt 0.247426 0.539380
vt 0.287463 0.500729
vt 0.330930 0.516905
vt 0.336098 0.552216
vt 0.325480 0.551386
vt 0.314768 0.515820
vt 0.108664 0.426173
vt 0.087580 0.450373
vt 0.067530 0.425431
vt 0.076792 0.411484
vt 0.122995 0.439014
vt 0.097391 0.460752
vt 0.738314 0.171377
vt 0.741482 0.181379
vt 0.728599 0.192152
vt 0.724425 0.176088
vt 0.720856 0.157523
vt 0.728306 0.156402
vt 0.033635 0.071318
vt 0.034037 0.056389
vt 0.040998 0.054913
vt 0.039289 0.074187
vt 0.156290 0.221521
vt 0.159054 0.218434
vt 0.167282 0.215344
vt 0.167264 0.225037
vt 0.950728 0.837536
vt 0.932669 0.828343
vt 0.936157 0.826592
vt 0.954054 0.835883
vt 0.951412 0.827300
vt 0.964446 0.825551
vt 0.970919 0.830623
vt 0.161075 0.200734
vt 0.169850 0.199816
vt 0.799244 0.167678
vt 0.787736 0.181727
vt 0.779326 0.173444
vt 0.790616 0.161110
vt 0.807052 0.178113
vt 0.800870 0.190779
vt 0.808499 0.160918
vt 0.810511 0.165822
vt 0.366501 0.257704
vt 0.368129 0.252241
vt 0.376544 0.252704
vt 0.377200 0.257414
vt 0.013666 0.195460
vt 0.009969 0.199135
vt 0.009969 0.191215
vt 0.010953 0.190790
vt 0.968341 0.591813
vt 0.954212 0.588030
vt 0.951833 0.580583
vt 0.967598 0.587676
vt 0.025561 0.056537
vt 0.015558 0.061963
vt 0.014994 0.048974
vt 0.022969 0.046874
vt 0.927775 0.242913
vt 0.922908 0.256452
vt 0.905104 0.248286
vt 0.917195 0.230770
vt 0.940804 0.239833
vt 0.941400 0.258319
vt 0.423594 0.732047
vt 0.407634 0.737081
vt 0.405635 0.717018
vt 0.425601 0.718807
vt 0.830745 0.285850
vt 0.840074 0.281212
vt 0.852419 0.294464
vt 0.836950 0.297205
vt 0.195338 0.184763
vt 0.204991 0.187582
vt 0.202958 0.196680
vt 0.195338 0.198784
vt 0.277227 0.013108
vt 0.270387 0.014328
vt 0.270090 0.007182
vt 0.276948 0.005409
vt 0.926971 0.994944
vt 0.912259 0.999577
vt 0.912589 0.992975
vt 0.931741 0.991005
vt 0.013353 0.011684
vt 0.017571 0.016191
vt 0.016461 0.027332
vt 0.013353 0.021478
vt 0.792324 0.153004
vt 0.800253 0.134630
vt 0.808745 0.132521
vt 0.802019 0.147793
vt 0.928618 0.981441
vt 0.949332 0.982735
vt 0.951898 0.991258
vt 0.980253 0.789403
vt 0.982806 0.794750
vt 0.975748 0.796567
vt 0.971596 0.788711
vt 0.212801 0.177877
vt 0.212801 0.187421
vt 0.206320 0.186989
vt 0.204485 0.182969
vt 0.975088 0.780748
vt 0.987864 0.783664
vt 0.052427 0.062629
vt 0.043471 0.066637
vt 0.044213 0.058034
vt 0.051722 0.055751
vt 0.058486 0.061593
vt 0.058569 0.074187
vt 0.051771 0.071773
vt 0.953578 0.629478
vt 0.949240 0.632319
vt 0.945601 0.630417
vt 0.943504 0.625793
vt 0.320177 0.291746
vt 0.320177 0.302283
vt 0.312844 0.301768
vt 0.312925 0.292456
vt 0.822609 0.134844
vt 0.816882 0.147505
vt 0.810725 0.146536
vt 0.818030 0.133455
vt 0.825348 0.130311
vt 0.824676 0.129564
vt 0.943144 0.630195
vt 0.939625 0.628594
vt 0.319619 0.314320
vt 0.313397 0.313955
vt 0.930597 0.617740
vt 0.936816 0.614721
vt 0.083189 0.281151
vt 0.083953 0.267657
vt 0.092043 0.269642
vt 0.091710 0.279639
vt 0.933374 0.792426
vt 0.929691 0.777324
vt 0.941526 0.766724
vt 0.944159 0.784327
vt 0.923211 0.795448
vt 0.919695 0.781928
vt 0.934104 0.809401
vt 0.926569 0.812013
vt 0.097615 0.288401
vt 0.092156 0.292845
vt 0.944905 0.641131
vt 0.934620 0.647723
vt 0.929363 0.634842
vt 0.932902 0.632519
vt 0.113233 0.175679
vt 0.106419 0.179612
vt 0.106419 0.171380
vt 0.112089 0.163180
vt 0.961380 0.646426
vt 0.959553 0.654033
vt 0.949917 0.656274
vt 0.161723 0.136585
vt 0.175707 0.134640
vt 0.172865 0.145617
vt 0.162554 0.144115
vt 0.949935 0.772161
vt 0.953393 0.781555
vt 0.859753 0.144499
vt 0.846999 0.152397
vt 0.839302 0.148401
vt 0.841549 0.139212
vt 0.843326 0.129662
vt 0.863601 0.133127
vt 0.195322 0.142514
vt 0.206944 0.138551
vt 0.206944 0.153825
vt 0.195156 0.156184
vt 0.823933 0.099002
vt 0.820220 0.117671
vt 0.805714 0.118132
vt 0.807807 0.105810
vt 0.850599 0.106567
vt 0.843318 0.119566
vt 0.838308 0.080306
vt 0.861916 0.089095
vt 0.808457 0.085855
vt 0.818921 0.072316
vt 0.799387 0.095045
vt 0.155957 0.018322
vt 0.175408 0.017412
vt 0.175494 0.024072
vt 0.146018 0.025236
vt 0.298055 0.244037
vt 0.289195 0.211301
vt 0.295081 0.212163
vt 0.300654 0.234066
vt 0.137976 0.018877
vt 0.149552 0.012679
vt 0.111052 0.028107
vt 0.111214 0.020078
vt 0.113709 0.010935
vt 0.600611 0.442590
vt 0.580441 0.463179
vt 0.570960 0.452688
vt 0.589114 0.428367
vt 0.610387 0.478619
vt 0.595746 0.484240
vt 0.613318 0.439656
vt 0.619879 0.474707
vt 0.739636 0.904802
vt 0.722094 0.913039
vt 0.721944 0.898740
vt 0.745551 0.895642
vt 0.747813 0.913119
vt 0.724399 0.924991
vt 0.099381 0.672958
vt 0.110018 0.673294
vt 0.108741 0.689999
vt 0.095352 0.684904
vt 0.073564 0.537703
vt 0.071920 0.546311
vt 0.052274 0.549918
vt 0.064409 0.535205
vt 0.052667 0.559072
vt 0.036932 0.570131
vt 0.033125 0.565166
vt 0.074238 0.552535
vt 0.060577 0.569461
vt 0.053552 0.564444
vt 0.077568 0.560020
vt 0.081055 0.566751
vt 0.057657 0.578734
vt 0.043206 0.574931
vt 0.765983 0.014473
vt 0.746652 0.014519
vt 0.745690 0.003272
vt 0.770930 0.004951
vt 0.307945 0.151302
vt 0.320177 0.147241
vt 0.320177 0.169850
vt 0.302964 0.164353
vt 0.777113 0.023675
vt 0.748569 0.029315
vt 0.450825 0.723486
vt 0.484454 0.722152
vt 0.481466 0.733128
vt 0.450246 0.735019
vt 0.202107 0.215606
vt 0.208130 0.230507
vt 0.189990 0.247186
vt 0.181208 0.241523
vt 0.215219 0.191752
vt 0.222894 0.198359
vt 0.217575 0.213633
vt 0.217742 0.224708
vt 0.424240 0.744496
vt 0.422518 0.736205
vt 0.229046 0.230857
vt 0.219266 0.241802
vt 0.634185 0.526100
vt 0.628046 0.522013
vt 0.626536 0.505144
vt 0.633973 0.503531
vt 0.641235 0.501304
vt 0.643926 0.527554
vt 0.250513 0.152764
vt 0.242176 0.158689
vt 0.242102 0.150704
vt 0.250454 0.145246
vt 0.433827 0.763271
vt 0.427153 0.752883
vt 0.450006 0.747450
vt 0.449961 0.765089
vt 0.449375 0.780393
vt 0.425736 0.772190
vt 0.411949 0.761515
vt 0.392395 0.760149
vt 0.388146 0.750629
vt 0.404976 0.744931
vt 0.406678 0.753306
vt 0.403446 0.769385
vt 0.395981 0.777417
vt 0.382092 0.769902
vt 0.229321 0.167923
vt 0.229774 0.156437
vt 0.377081 0.759724
vt 0.367327 0.758249
vt 0.263588 0.291458
vt 0.264550 0.274644
vt 0.292845 0.280913
vt 0.284083 0.299365
vt 0.648155 0.611070
vt 0.644263 0.598401
vt 0.653373 0.594621
vt 0.655973 0.600879
vt 0.127571 0.730160
vt 0.121400 0.718818
vt 0.124607 0.711955
vt 0.132145 0.718123
vt 0.195079 0.326340
vt 0.170661 0.306933
vt 0.180432 0.303879
vt 0.204419 0.320174
vt 0.145253 0.339980
vt 0.141406 0.318855
vt 0.198467 0.344316
vt 0.143759 0.352276
vt 0.254570 0.324210
vt 0.259180 0.339445
vt 0.247000 0.316264
vt 0.159046 0.276039
vt 0.130066 0.295253
vt 0.119394 0.282915
vt 0.146462 0.261242
vt 0.176187 0.275285
vt 0.001031 0.181063
vt 0.002004 0.148677
vt 0.015618 0.147585
vt 0.007204 0.195230
vt 0.211431 0.311945
vt 0.199032 0.299076
vt 0.229035 0.290736
vt 0.237310 0.306034
vt 0.250192 0.793114
vt 0.251236 0.825078
vt 0.220166 0.819181
vt 0.236972 0.783148
vt 0.249500 0.766046
vt 0.264336 0.781229
vt 0.072426 0.863465
vt 0.050713 0.781902
vt 0.065739 0.784733
vt 0.089961 0.853827
vt 0.110427 0.919478
vt 0.096135 0.926389
vt 0.063980 0.899043
vt 0.041104 0.887766
vt 0.045759 0.847827
vt 0.028896 0.767912
vt 0.025632 0.781799
vt 0.007109 0.751501
vt 0.011364 0.743476
vt 0.012159 0.721619
vt 0.020837 0.723584
vt 0.032825 0.725713
vt 0.593659 0.893721
vt 0.599970 0.867336
vt 0.606664 0.870852
vt 0.602246 0.895018
vt 0.893939 0.540884
vt 0.887782 0.549337
vt 0.886237 0.530966
vt 0.889894 0.526465
vt 0.896015 0.514066
vt 0.900849 0.515336
vt 0.864322 0.558656
vt 0.860281 0.550514
vt 0.875572 0.539573
vt 0.874282 0.556665
vt 0.593866 0.919674
vt 0.574997 0.916712
vt 0.582663 0.903853
vt 0.606317 0.915405
vt 0.571712 0.674253
vt 0.592052 0.675129
vt 0.587901 0.695619
vt 0.556658 0.695674
vt 0.572832 0.651168
vt 0.593053 0.651592
vt 0.552293 0.670653
vt 0.545360 0.646445
vt 0.570932 0.633698
vt 0.592684 0.634966
vt 0.623531 0.667690
vt 0.617703 0.695235
vt 0.614707 0.649832
vt 0.645686 0.670374
vt 0.634261 0.697418
vt 0.643912 0.646641
vt 0.661106 0.640545
vt 0.640825 0.633708
vt 0.663931 0.623082
vt 0.478594 0.163993
vt 0.465806 0.161737
vt 0.473524 0.150846
vt 0.488434 0.151640
vt 0.692505 0.340676
vt 0.679896 0.330620
vt 0.684012 0.321453
vt 0.693857 0.327251
vt 0.242085 0.017571
vt 0.227065 0.016523
vt 0.231657 0.003068
vt 0.242085 0.001606
vt 0.237744 0.628057
vt 0.213800 0.629144
vt 0.211116 0.621807
vt 0.233579 0.619656
vt 0.705481 0.609663
vt 0.729184 0.600261
vt 0.729358 0.612399
vt 0.706191 0.617045
vt 0.236007 0.634512
vt 0.215461 0.635331
vt 0.551110 0.121876
vt 0.547951 0.135776
vt 0.530530 0.118333
vt 0.534720 0.108843
vt 0.525607 0.087271
vt 0.534544 0.081062
vt 0.543301 0.071890
vt 0.564212 0.116760
vt 0.585690 0.155888
vt 0.577993 0.160621
vt 0.571782 0.163993
vt 0.739941 0.604382
vt 0.746715 0.590243
vt 0.753088 0.598900
vt 0.758480 0.609017
vt 0.742091 0.613604
vt 0.769662 0.593752
vt 0.773024 0.585488
vt 0.795011 0.593642
vt 0.779303 0.601497
vt 0.206098 0.049544
vt 0.207647 0.022612
vt 0.212597 0.022765
vt 0.213014 0.046419
vt 0.829627 0.592010
vt 0.843842 0.569773
vt 0.849757 0.576638
vt 0.837460 0.599844
vt 0.214753 0.059428
vt 0.206098 0.060521
vt 0.828777 0.579417
vt 0.838976 0.567376
vt 0.744834 0.622784
vt 0.761934 0.618161
vt 0.210489 0.766024
vt 0.182127 0.774199
vt 0.180898 0.744428
vt 0.216060 0.749122
vt 0.234430 0.756505
vt 0.223814 0.774292
vt 0.195687 0.800609
vt 0.224638 0.684893
vt 0.244743 0.685827
vt 0.233757 0.711060
vt 0.208871 0.697789
vt 0.217873 0.665481
vt 0.248364 0.661689
vt 0.190549 0.679991
vt 0.503358 0.011741
vt 0.505609 0.032536
vt 0.472317 0.018533
vt 0.468802 0.002814
vt 0.730075 0.504546
vt 0.702277 0.481845
vt 0.701855 0.449434
vt 0.719381 0.455716
vt 0.734602 0.459628
vt 0.747992 0.506758
vt 0.515249 0.095392
vt 0.678880 0.283174
vt 0.674969 0.299230
vt 0.653994 0.276540
vt 0.665228 0.267532
vt 0.694663 0.285030
vt 0.688523 0.308165
vt 0.692515 0.257628
vt 0.374600 0.076625
vt 0.378364 0.098503
vt 0.348215 0.109440
vt 0.344308 0.086069
vt 0.338179 0.057746
vt 0.353787 0.049177
vt 0.412495 0.085483
vt 0.409879 0.098071
vt 0.364534 0.041138
vt 0.385214 0.061019
vt 0.415468 0.075580
vt 0.495835 0.274227
vt 0.500043 0.284757
vt 0.494261 0.287641
vt 0.490007 0.282179
vt 0.478497 0.274003
vt 0.481594 0.263224
vt 0.507519 0.271951
vt 0.507713 0.281806
vt 0.358665 0.600944
vt 0.350312 0.609962
vt 0.333077 0.608146
vt 0.350070 0.594992
vt 0.101654 0.659779
vt 0.094212 0.655589
vt 0.112298 0.646475
vt 0.117343 0.656862
vt 0.096439 0.669272
vt 0.084924 0.665589
vt 0.119502 0.668994
vt 0.441819 0.967529
vt 0.429153 0.958562
vt 0.443672 0.940233
vt 0.455623 0.961892
vt 0.356006 0.166178
vt 0.373943 0.172325
vt 0.347336 0.204441
vt 0.332397 0.201594
vt 0.301657 0.199617
vt 0.304206 0.176759
vt 0.665293 0.687103
vt 0.716390 0.695738
vt 0.707460 0.714516
vt 0.654896 0.707973
vt 0.321828 0.739246
vt 0.310200 0.721478
vt 0.329460 0.706788
vt 0.341967 0.735673
vt 0.318701 0.763069
vt 0.293435 0.745764
vt 0.087230 0.378265
vt 0.091541 0.360577
vt 0.135602 0.373430
vt 0.126395 0.391436
vt 0.778195 0.715171
vt 0.818622 0.713516
vt 0.825546 0.732968
vt 0.810719 0.739949
vt 0.818303 0.779217
vt 0.771597 0.737523
vt 0.817234 0.601727
vt 0.816923 0.613670
vt 0.805841 0.616952
vt 0.806507 0.603188
vt 0.001038 0.263691
vt 0.007639 0.259376
vt 0.012653 0.267445
vt 0.008743 0.273247
vt 0.581785 0.078749
vt 0.575679 0.085901
vt 0.570335 0.066457
vt 0.576071 0.064545
vt 0.276793 0.312254
vt 0.285391 0.316197
vt 0.285766 0.335729
vt 0.278495 0.335964
vt 0.958122 0.201051
vt 0.954419 0.218367
vt 0.935366 0.184934
vt 0.954855 0.176456
vt 0.944564 0.234276
vt 0.922612 0.201108
vt 0.261608 0.021475
vt 0.245996 0.021233
vt 0.245905 0.008948
vt 0.261608 0.002182
vt 0.809298 0.698586
vt 0.819725 0.685250
vt 0.831817 0.682940
vt 0.831511 0.697932
vt 0.835334 0.709958
vt 0.001448 0.247263
vt 0.006401 0.247700
vt 0.608397 0.012335
vt 0.602355 0.020220
vt 0.588472 0.016903
vt 0.599688 0.008869
vt 0.584330 0.741965
vt 0.592289 0.753959
vt 0.573610 0.773097
vt 0.568524 0.764167
vt 0.587968 0.723210
vt 0.603261 0.722152
vt 0.602357 0.736380
vt 0.601970 0.747031
vt 0.117724 0.321557
vt 0.109521 0.333321
vt 0.091993 0.321240
vt 0.103459 0.311110
vt 0.537068 0.768410
vt 0.548561 0.753394
vt 0.543464 0.782462
vt 0.509026 0.789061
vt 0.511432 0.769957
vt 0.515547 0.748294
vt 0.348875 0.333489
vt 0.321795 0.334438
vt 0.319930 0.315995
vt 0.353905 0.316717
vt 0.380381 0.328403
vt 0.362578 0.349509
vt 0.329848 0.365650
vt 0.781312 0.657373
vt 0.771727 0.670750
vt 0.744544 0.653937
vt 0.775512 0.639665
vt 0.563773 0.579514
vt 0.572397 0.566630
vt 0.591821 0.585642
vt 0.573472 0.594064
vt 0.544431 0.597429
vt 0.542059 0.579993
vt 0.542374 0.561496
vt 0.423238 0.487776
vt 0.414205 0.473853
vt 0.439685 0.445551
vt 0.450919 0.455227
vt 0.463545 0.464215
vt 0.450865 0.495399
vt 0.379556 0.502416
vt 0.378249 0.491997
vt 0.448263 0.511319
vt 0.419234 0.510492
vt 0.955733 0.040898
vt 0.964836 0.030282
vt 0.976150 0.048109
vt 0.957950 0.055874
vt 0.938779 0.036817
vt 0.944554 0.018092
vt 0.934729 0.056850
vt 0.883052 0.155805
vt 0.891274 0.165538
vt 0.874652 0.168232
vt 0.866179 0.154811
vt 0.887627 0.150163
vt 0.900669 0.162816
vt 0.891840 0.123639
vt 0.904140 0.120419
vt 0.908967 0.140685
vt 0.893625 0.135427
vt 0.875025 0.114992
vt 0.886552 0.101587
vt 0.868707 0.124508
vt 0.061851 0.103729
vt 0.024371 0.100636
vt 0.028129 0.083464
vt 0.063519 0.084600
vt 0.108551 0.088347
vt 0.110295 0.096958
vt 0.075731 0.119547
vt 0.108922 0.079553
vt 0.610849 0.616048
vt 0.610952 0.602261
vt 0.619100 0.600704
vt 0.623835 0.625712
vt 0.289276 0.445927
vt 0.305715 0.471260
vt 0.296370 0.482454
vt 0.286514 0.470686
vt 0.037786 0.319931
vt 0.052712 0.313713
vt 0.052712 0.343728
vt 0.035246 0.340134
vt 0.906536 0.159676
vt 0.891143 0.143152
vt 0.920100 0.141054
vt 0.919582 0.163429
vt 0.906882 0.189845
vt 0.899975 0.188934
vt 0.915920 0.191054
vt 0.882203 0.184980
vt 0.893848 0.187798
vt 0.874935 0.202575
vt 0.869411 0.193248
vt 0.857838 0.173222
vt 0.457915 0.366646
vt 0.461154 0.363727
vt 0.464647 0.369529
vt 0.459723 0.370937
vt 0.451596 0.361644
vt 0.456610 0.357197
vt 0.224514 0.009097
vt 0.221577 0.013666
vt 0.221577 0.006446
vt 0.222859 0.001189
vt 0.054664 0.263178
vt 0.054590 0.273056
vt 0.048491 0.271985
vt 0.051264 0.260700
vt 0.921130 0.745323
vt 0.929642 0.745846
vt 0.929114 0.754516
vt 0.920274 0.755401
vt 0.957379 0.681058
vt 0.964775 0.672622
vt 0.968341 0.678679
vt 0.962856 0.685257
vt 0.447603 0.351005
vt 0.453567 0.349431
vt 0.296750 0.253927
vt 0.289520 0.251941
vt 0.289935 0.243009
vt 0.295229 0.242497
vt 0.296502 0.259656
vt 0.287908 0.257452
vt 0.184192 0.214941
vt 0.182814 0.204834
vt 0.193278 0.207734
vt 0.191215 0.218835
vt 0.187389 0.230371
vt 0.177805 0.222483
vt 0.845107 0.167594
vt 0.851567 0.160511
vt 0.845262 0.177728
vt 0.129600 0.153341
vt 0.138386 0.146020
vt 0.138613 0.162332
vt 0.129600 0.167898
vt 0.385910 0.240628
vt 0.373733 0.236694
vt 0.378303 0.224600
vt 0.386555 0.226807
vt 0.093939 0.277227
vt 0.098039 0.263350
vt 0.104764 0.263010
vt 0.105424 0.276167
vt 0.379332 0.248157
vt 0.369760 0.245566
vt 0.972622 0.769348
vt 0.978456 0.757432
vt 0.987326 0.759476
vt 0.986464 0.772508
vt 0.961275 0.775553
vt 0.958351 0.767444
vt 0.825060 0.166608
vt 0.834226 0.157914
vt 0.840128 0.163363
vt 0.837229 0.174274
vt 0.843189 0.190263
vt 0.824832 0.177323
vt 0.818998 0.159334
vt 0.187425 0.192295
vt 0.177805 0.192096
vt 0.845067 0.203613
vt 0.821531 0.189379
vt 0.972667 0.722861
vt 0.979102 0.723899
vt 0.984863 0.729681
vt 0.977554 0.732913
vt 0.203786 0.073688
vt 0.204991 0.081997
vt 0.198927 0.081997
vt 0.198928 0.074733
vt 0.462380 0.313354
vt 0.464647 0.316462
vt 0.459107 0.322410
vt 0.454386 0.320386
vt 0.312368 0.223244
vt 0.310033 0.231912
vt 0.304515 0.231833
vt 0.305271 0.224504
vt 0.075593 0.204991
vt 0.075593 0.195060
vt 0.083949 0.195593
vt 0.083134 0.202736
vt 0.232658 0.187168
vt 0.238181 0.189634
vt 0.235291 0.197684
vt 0.226990 0.197000
vt 0.063661 0.039799
vt 0.066086 0.050580
vt 0.061373 0.051404
vt 0.060474 0.044829
vt 0.184822 0.137745
vt 0.190526 0.141329
vt 0.191325 0.148375
vt 0.184822 0.147657
vt 0.851559 0.191067
vt 0.878639 0.211506
vt 0.895436 0.215413
vt 0.877498 0.232296
vt 0.867387 0.225289
vt 0.842064 0.212619
vt 0.231239 0.879593
vt 0.232743 0.880299
vt 0.233173 0.888839
vt 0.219879 0.890162
vt 0.885301 0.237155
vt 0.905973 0.216816
vt 0.914328 0.216597
vt 0.899950 0.237991
vt 0.250815 0.030880
vt 0.248900 0.023560
vt 0.269890 0.024068
vt 0.269171 0.031237
vt 0.268938 0.411420
vt 0.271370 0.429506
vt 0.263510 0.428474
vt 0.260728 0.406423
vt 0.226680 0.074371
vt 0.208908 0.080974
vt 0.205385 0.071687
vt 0.227778 0.053862
vt 0.714898 0.069723
vt 0.719422 0.081523
vt 0.682575 0.075671
vt 0.675531 0.063263
vt 0.670464 0.049084
vt 0.702433 0.055166
vt 0.487916 0.438423
vt 0.480425 0.425193
vt 0.493460 0.401260
vt 0.497693 0.429567
vt 0.937301 0.460251
vt 0.944141 0.441035
vt 0.962125 0.451281
vt 0.945247 0.470730
vt 0.921886 0.461280
vt 0.923559 0.434538
vt 0.927285 0.479527
vt 0.241244 0.924880
vt 0.227108 0.928264
vt 0.223277 0.908192
vt 0.243079 0.911483
vt 0.421881 0.689954
vt 0.423926 0.701808
vt 0.406853 0.698299
vt 0.410739 0.683502
vt 0.247942 0.934262
vt 0.230462 0.947116
vt 0.853952 0.229949
vt 0.856850 0.241633
vt 0.833039 0.245194
vt 0.836269 0.223621
vt 0.054799 0.471515
vt 0.032085 0.506004
vt 0.022008 0.499047
vt 0.033967 0.467236
vt 0.066864 0.486269
vt 0.039739 0.511698
vt 0.135760 0.223451
vt 0.141546 0.210318
vt 0.146184 0.225388
vt 0.132251 0.239277
vt 0.603971 0.229916
vt 0.598897 0.232441
vt 0.586766 0.219002
vt 0.596204 0.218168
vt 0.617583 0.235634
vt 0.611861 0.241500
vt 0.646245 0.243503
vt 0.685241 0.236263
vt 0.132251 0.269417
vt 0.154232 0.250371
vt 0.640978 0.219264
vt 0.675826 0.213798
vt 0.633555 0.256479
vt 0.291035 0.084872
vt 0.276685 0.069667
vt 0.310903 0.063443
vt 0.315042 0.087881
vt 0.314423 0.116132
vt 0.283594 0.105580
vt 0.256530 0.088211
vt 0.806695 0.897256
vt 0.823197 0.868725
vt 0.832819 0.883632
vt 0.808027 0.909715
vt 0.471191 0.419190
vt 0.482536 0.388465
vt 0.618466 0.137787
vt 0.620878 0.163941
vt 0.601826 0.162023
vt 0.601751 0.128720
vt 0.631116 0.121742
vt 0.646559 0.154299
vt 0.612909 0.099715
vt 0.840723 0.852949
vt 0.843373 0.828354
vt 0.850464 0.828150
vt 0.853780 0.862879
vt 0.631472 0.054572
vt 0.627655 0.045477
vt 0.650762 0.038674
vt 0.610446 0.067078
vt 0.605085 0.061097
vt 0.635769 0.067362
vt 0.617075 0.075572
vt 0.601294 0.090638
vt 0.591931 0.086429
vt 0.773111 0.110398
vt 0.771506 0.131818
vt 0.755761 0.130801
vt 0.758135 0.111266
vt 0.625589 0.088327
vt 0.733574 0.129829
vt 0.731273 0.110398
vt 0.640828 0.111941
vt 0.655783 0.101205
vt 0.670691 0.135696
vt 0.659090 0.144800
vt 0.686677 0.174199
vt 0.677088 0.180763
vt 0.662198 0.187816
vt 0.631190 0.199180
vt 0.693552 0.209728
vt 0.703585 0.205763
vt 0.713944 0.230811
vt 0.703892 0.232484
vt 0.719422 0.256001
vt 0.707838 0.255629
vt 0.714920 0.288065
vt 0.705614 0.286714
vt 0.706861 0.315401
vt 0.697759 0.312704
vt 0.452848 0.156356
vt 0.458620 0.147122
vt 0.463443 0.131265
vt 0.478379 0.131740
vt 0.434559 0.136017
vt 0.439331 0.123437
vt 0.442327 0.106593
vt 0.464864 0.113682
vt 0.405319 0.123885
vt 0.407854 0.112984
vt 0.379700 0.120959
vt 0.380063 0.113262
vt 0.351150 0.131863
vt 0.350238 0.123408
vt 0.314510 0.145499
vt 0.312565 0.134339
vt 0.273189 0.146148
vt 0.274662 0.126808
vt 0.689492 0.130744
vt 0.689105 0.095477
vt 0.241909 0.111273
vt 0.642325 0.081777
vt 0.221857 0.105948
vt 0.238887 0.076613
vt 0.466587 0.102761
vt 0.480486 0.109371
vt 0.479013 0.117660
vt 0.443643 0.094766
vt 0.445274 0.085154
vt 0.469158 0.094177
vt 0.200556 0.642047
vt 0.196137 0.635341
vt 0.483831 0.103556
vt 0.178989 0.655338
vt 0.174411 0.648347
vt 0.168164 0.639158
vt 0.189972 0.628082
vt 0.151119 0.669274
vt 0.148450 0.660901
vt 0.143971 0.649496
vt 0.135839 0.633960
vt 0.157684 0.622768
vt 0.149849 0.609847
vt 0.171862 0.599303
vt 0.180461 0.614403
vt 0.129418 0.623896
vt 0.124042 0.615851
vt 0.143871 0.600505
vt 0.107178 0.638556
vt 0.104246 0.631009
vt 0.401511 0.025453
vt 0.405519 0.017177
vt 0.428001 0.022131
vt 0.425548 0.030351
vt 0.399064 0.032809
vt 0.378803 0.025199
vt 0.380299 0.018293
vt 0.383217 0.011729
vt 0.481528 0.954775
vt 0.473854 0.957614
vt 0.463435 0.933940
vt 0.472505 0.932290
vt 0.364130 0.014790
vt 0.364842 0.008557
vt 0.490011 0.972111
vt 0.484002 0.976464
vt 0.477172 0.980404
vt 0.465566 0.959332
vt 0.497836 0.981744
vt 0.493568 0.987864
vt 0.509751 0.258223
vt 0.501341 0.256462
vt 0.352244 0.008788
vt 0.353630 0.015506
vt 0.343006 0.018015
vt 0.341251 0.011211
vt 0.515407 0.271041
vt 0.515227 0.281526
vt 0.326982 0.023657
vt 0.325694 0.017008
vt 0.512712 0.297877
vt 0.506486 0.294816
vt 0.325012 0.597947
vt 0.328482 0.603474
vt 0.324369 0.612459
vt 0.316184 0.608488
vt 0.505516 0.321702
vt 0.497983 0.317671
vt 0.491634 0.313851
vt 0.499819 0.292316
vt 0.347538 0.588493
vt 0.485717 0.348430
vt 0.477326 0.344614
vt 0.377398 0.571157
vt 0.380676 0.581199
vt 0.383418 0.593615
vt 0.408622 0.554240
vt 0.411321 0.568538
vt 0.413135 0.584063
vt 0.414393 0.600765
vt 0.383415 0.605890
vt 0.441424 0.559729
vt 0.442801 0.575635
vt 0.444007 0.594005
vt 0.444217 0.608044
vt 0.414778 0.612344
vt 0.474348 0.568558
vt 0.475301 0.587199
vt 0.476462 0.603918
vt 0.476558 0.615922
vt 0.443904 0.619511
vt 0.508475 0.582824
vt 0.510425 0.600188
vt 0.511449 0.613242
vt 0.365931 0.410686
vt 0.356575 0.400639
vt 0.384456 0.377170
vt 0.391624 0.386861
vt 0.546448 0.611326
vt 0.340043 0.434264
vt 0.328219 0.423266
vt 0.314398 0.401900
vt 0.345028 0.388437
vt 0.317448 0.455360
vt 0.304557 0.438510
vt 0.296024 0.407249
vt 0.297052 0.369199
vt 0.307039 0.369923
vt 0.284756 0.405935
vt 0.286956 0.368188
vt 0.294411 0.335616
vt 0.274427 0.401575
vt 0.279350 0.366171
vt 0.568117 0.036629
vt 0.571584 0.001221
vt 0.581785 0.001974
vt 0.575869 0.037192
vt 0.008978 0.218711
vt 0.021760 0.183086
vt 0.030710 0.188990
vt 0.014753 0.222441
vt 0.040748 0.196230
vt 0.019768 0.226573
vt 0.010607 0.247755
vt 0.024374 0.231352
vt 0.015394 0.246749
vt 0.017281 0.254278
vt 0.011982 0.257066
vt 0.023133 0.260884
vt 0.017544 0.263885
vt 0.841081 0.636731
vt 0.847562 0.640024
vt 0.843979 0.652726
vt 0.836930 0.649591
vt 0.027926 0.274407
vt 0.023102 0.280199
vt 0.020145 0.288712
vt 0.048712 0.295067
vt 0.044174 0.302360
vt 0.824530 0.629524
vt 0.828521 0.659903
vt 0.819544 0.662344
vt 0.815760 0.632135
vt 0.805145 0.663890
vt 0.803987 0.636225
vt 0.801539 0.683096
vt 0.775032 0.626161
vt 0.735143 0.639846
vt 0.733604 0.629016
vt 0.774010 0.616979
vt 0.296230 0.283056
vt 0.321472 0.250806
vt 0.325570 0.258240
vt 0.300057 0.291220
vt 0.331440 0.263522
vt 0.305308 0.296784
vt 0.681619 0.575525
vt 0.687879 0.574071
vt 0.703962 0.593826
vt 0.698281 0.600332
vt 0.695468 0.569535
vt 0.710188 0.585421
vt 0.293187 0.317004
vt 0.302794 0.317203
vt 0.304347 0.334669
vt 0.705332 0.558046
vt 0.719276 0.569768
vt 0.674141 0.532208
vt 0.682527 0.524215
vt 0.704226 0.504525
vt 0.722288 0.527166
vt 0.736017 0.541107
vt 0.358164 0.296949
vt 0.371765 0.273559
vt 0.408489 0.285594
vt 0.393682 0.307965
vt 0.436381 0.300229
vt 0.413654 0.321256
vt 0.396065 0.341478
vt 0.424850 0.332434
vt 0.406798 0.353374
vt 0.374731 0.365033
vt 0.432640 0.341166
vt 0.414004 0.362974
vt 0.447848 0.309625
vt 0.454712 0.317069
vt 0.415295 0.623127
vt 0.382411 0.625712
vt 0.382549 0.616475
vt 0.348420 0.624454
vt 0.348934 0.617700
vt 0.481585 0.299096
vt 0.477411 0.293262
vt 0.331123 0.615626
vt 0.469732 0.286833
vt 0.449950 0.278071
vt 0.452184 0.265149
vt 0.421997 0.252844
vt 0.429858 0.238854
vt 0.454247 0.252476
vt 0.416759 0.267116
vt 0.387863 0.254669
vt 0.401529 0.239014
vt 0.688677 0.461518
vt 0.669332 0.467980
vt 0.671518 0.439312
vt 0.689733 0.440863
vt 0.416708 0.225908
vt 0.693167 0.481652
vt 0.671967 0.494606
vt 0.659890 0.500915
vt 0.651611 0.473733
vt 0.640995 0.478741
vt 0.636667 0.442300
vt 0.650977 0.439702
vt 0.650893 0.505230
vt 0.351154 0.235937
vt 0.343518 0.231636
vt 0.357718 0.207532
vt 0.367430 0.212267
vt 0.667083 0.535741
vt 0.385130 0.178517
vt 0.393922 0.187009
vt 0.336608 0.227452
vt 0.708796 0.641576
vt 0.717360 0.652962
vt 0.700739 0.663558
vt 0.687919 0.655040
vt 0.325912 0.221394
vt 0.305351 0.220126
vt 0.738733 0.666875
vt 0.952050 0.141801
vt 0.967821 0.139718
vt 0.968341 0.171676
vt 0.932560 0.140251
vt 0.426459 0.147127
vt 0.431596 0.155981
vt 0.436621 0.168914
vt 0.719670 0.365321
vt 0.732116 0.362259
vt 0.729043 0.412039
vt 0.715762 0.410518
vt 0.644954 0.395901
vt 0.668353 0.354708
vt 0.678054 0.364742
vt 0.660416 0.402079
vt 0.693904 0.375383
vt 0.680829 0.409056
vt 0.709151 0.380781
vt 0.696002 0.414349
vt 0.439667 0.214406
vt 0.471269 0.204205
vt 0.477174 0.217576
vt 0.447049 0.227954
vt 0.418518 0.987864
vt 0.438643 0.987781
vt 0.462965 0.240090
vt 0.463057 0.983919
vt 0.487379 0.250182
vt 0.709513 0.344275
vt 0.723776 0.353654
vt 0.498963 0.199543
vt 0.502946 0.215067
vt 0.728143 0.325614
vt 0.736017 0.337815
vt 0.428590 0.930900
vt 0.444176 0.916108
vt 0.454264 0.934274
vt 0.453797 0.912212
vt 0.226641 0.030571
vt 0.237745 0.030833
vt 0.238181 0.046855
vt 0.226641 0.046357
vt 0.444499 0.896956
vt 0.451697 0.889927
vt 0.462385 0.910629
vt 0.450546 0.024471
vt 0.451339 0.015875
vt 0.474128 0.030787
vt 0.473444 0.041838
vt 0.449950 0.034113
vt 0.505020 0.047126
vt 0.501786 0.058776
vt 0.165795 0.589353
vt 0.197020 0.581677
vt 0.200672 0.594934
vt 0.231022 0.583739
vt 0.228927 0.598074
vt 0.229632 0.609621
vt 0.205395 0.610099
vt 0.508601 0.104154
vt 0.526482 0.125423
vt 0.253187 0.607381
vt 0.257075 0.617199
vt 0.251980 0.599649
vt 0.274851 0.598839
vt 0.277391 0.607014
vt 0.280273 0.614394
vt 0.740304 0.580483
vt 0.734924 0.573430
vt 0.774989 0.573430
vt 0.773792 0.579484
vt 0.719506 0.589192
vt 0.807729 0.582705
vt 0.801830 0.587743
vt 0.819966 0.591667
vt 0.813347 0.595693
vt 0.805106 0.601226
vt 0.063693 0.372226
vt 0.063685 0.382218
vt 0.056252 0.382651
vt 0.056867 0.373365
vt 0.058986 0.353397
vt 0.064426 0.351642
vt 0.786125 0.609786
vt 0.056252 0.326689
vt 0.063380 0.327175
vt 0.882398 0.535299
vt 0.881480 0.554420
vt 0.339821 0.669947
vt 0.340818 0.661783
vt 0.347938 0.661923
vt 0.346699 0.670507
vt 0.877153 0.589137
vt 0.867128 0.587439
vt 0.857684 0.582583
vt 0.331949 0.475266
vt 0.341652 0.473476
vt 0.337588 0.498337
vt 0.330085 0.507598
vt 0.858209 0.617768
vt 0.845453 0.608247
vt 0.330085 0.446571
vt 0.340789 0.446624
vt 0.854440 0.639438
vt 0.837380 0.628718
vt 0.827116 0.621485
vt 0.820881 0.615938
vt 0.068083 0.378329
vt 0.067502 0.365248
vt 0.082115 0.361982
vt 0.083949 0.376054
vt 0.083949 0.384788
vt 0.066730 0.386555
vt 0.068770 0.345746
vt 0.083581 0.343378
vt 0.870439 0.623465
vt 0.868273 0.650549
vt 0.886628 0.589597
vt 0.880682 0.624575
vt 0.880073 0.647173
vt 0.896199 0.590126
vt 0.890512 0.624422
vt 0.889505 0.643652
vt 0.283493 0.156645
vt 0.285036 0.174576
vt 0.275512 0.175576
vt 0.274787 0.158640
vt 0.637389 0.731136
vt 0.631229 0.724522
vt 0.637854 0.715879
vt 0.645624 0.720831
vt 0.893140 0.656181
vt 0.885605 0.660831
vt 0.645080 0.699755
vt 0.654485 0.702875
vt 0.901962 0.671383
vt 0.894795 0.677448
vt 0.659084 0.322989
vt 0.664021 0.317526
vt 0.674070 0.339685
vt 0.628640 0.343139
vt 0.619768 0.345557
vt 0.618513 0.318432
vt 0.628640 0.315395
vt 0.012649 0.280315
vt 0.019099 0.310814
vt 0.009137 0.313871
vt 0.003475 0.282970
vt 0.641563 0.292022
vt 0.647077 0.284829
vt 0.669716 0.309891
vt 0.026753 0.340071
vt 0.018110 0.341760
vt 0.009527 0.345391
vt 0.000427 0.318265
vt 0.627037 0.263378
vt 0.027538 0.365123
vt 0.021618 0.367801
vt 0.606832 0.247278
vt 0.036363 0.382792
vt 0.031493 0.384088
vt 0.592734 0.235703
vt 0.048343 0.401221
vt 0.041209 0.403701
vt 0.579751 0.220596
vt 0.049302 0.432706
vt 0.035653 0.430093
vt 0.032721 0.402235
vt 0.018985 0.459903
vt 0.024798 0.424082
vt 0.579163 0.193311
vt 0.590064 0.195038
vt 0.586848 0.158800
vt 0.604893 0.199344
vt 0.611572 0.222088
vt 0.011432 0.492412
vt 0.587034 0.124879
vt 0.576144 0.122471
vt 0.342629 0.583254
vt 0.333060 0.598380
vt 0.329532 0.595627
vt 0.336899 0.580059
vt 0.052350 0.395634
vt 0.322872 0.594375
vt 0.326515 0.580515
vt 0.312843 0.593059
vt 0.315100 0.580896
vt 0.313046 0.553757
vt 0.297343 0.580697
vt 0.295409 0.558126
vt 0.283075 0.533180
vt 0.300556 0.520433
vt 0.292396 0.492553
vt 0.301403 0.486132
vt 0.664339 0.774233
vt 0.703831 0.779942
vt 0.703034 0.789456
vt 0.665235 0.783633
vt 0.625373 0.778853
vt 0.622805 0.763696
vt 0.700776 0.798525
vt 0.665575 0.793040
vt 0.627201 0.790311
vt 0.665123 0.805070
vt 0.629278 0.803672
vt 0.595597 0.807890
vt 0.592255 0.793151
vt 0.590451 0.782420
vt 0.564188 0.816903
vt 0.557618 0.801243
vt 0.553698 0.791225
vt 0.537696 0.829201
vt 0.530020 0.815908
vt 0.525397 0.807457
vt 0.841901 0.732716
vt 0.857356 0.731367
vt 0.861840 0.762558
vt 0.849171 0.765715
vt 0.840650 0.768441
vt 0.832060 0.734575
vt 0.855798 0.796317
vt 0.847798 0.798207
vt 0.840616 0.800513
vt 0.833496 0.772033
vt 0.014141 0.536882
vt 0.007389 0.533092
vt 0.585340 0.083924
vt 0.000427 0.527901
vt 0.860081 0.826629
vt 0.866358 0.794021
vt 0.871555 0.824434
vt 0.879905 0.853236
vt 0.867529 0.857530
vt 0.894475 0.882833
vt 0.884042 0.889606
vt 0.873228 0.894173
vt 0.482143 0.500166
vt 0.481187 0.512891
vt 0.483802 0.470893
vt 0.507131 0.465470
vt 0.515407 0.496678
vt 0.848935 0.904081
vt 0.820075 0.915628
vt 0.911079 0.907645
vt 0.901192 0.915628
vt 0.910456 0.872470
vt 0.925929 0.894064
vt 0.845968 0.323865
vt 0.864103 0.332482
vt 0.855759 0.355637
vt 0.836871 0.348129
vt 0.823582 0.342654
vt 0.834286 0.319756
vt 0.851469 0.385864
vt 0.833744 0.383065
vt 0.821863 0.381227
vt 0.835847 0.418108
vt 0.824221 0.418678
vt 0.814997 0.419614
vt 0.810050 0.380390
vt 0.379315 0.515407
vt 0.829095 0.454128
vt 0.820770 0.456174
vt 0.813211 0.458170
vt 0.808497 0.421341
vt 0.343405 0.508941
vt 0.342104 0.501017
vt 0.583202 0.543808
vt 0.610741 0.568873
vt 0.605205 0.573942
vt 0.579250 0.549394
vt 0.340654 0.493415
vt 0.373420 0.478486
vt 0.400533 0.455697
vt 0.543251 0.535932
vt 0.575787 0.556821
vt 0.542705 0.548729
vt 0.365168 0.467693
vt 0.389817 0.443438
vt 0.507751 0.549962
vt 0.507875 0.564530
vt 0.473597 0.553647
vt 0.412822 0.418168
vt 0.424635 0.430803
vt 0.433776 0.393031
vt 0.446171 0.404575
vt 0.460205 0.413544
vt 0.463209 0.377057
vt 0.473203 0.383090
vt 0.495316 0.352374
vt 0.361175 0.430702
vt 0.359647 0.460107
vt 0.350053 0.461448
vt 0.350053 0.429470
vt 0.503781 0.358292
vt 0.268961 0.039568
vt 0.302507 0.032163
vt 0.304187 0.041635
vt 0.268451 0.051883
vt 0.307101 0.051022
vt 0.269757 0.059206
vt 0.117138 0.273322
vt 0.111269 0.272257
vt 0.107631 0.235469
vt 0.117138 0.227187
vt 0.329455 0.031686
vt 0.332078 0.041440
vt 0.345131 0.026301
vt 0.347598 0.035821
vt 0.355098 0.022423
vt 0.358083 0.030669
vt 0.079594 0.673543
vt 0.072072 0.669093
vt 0.078409 0.660646
vt 0.367346 0.027456
vt 0.374030 0.037063
vt 0.365094 0.021116
vt 0.089155 0.650342
vt 0.066759 0.665087
vt 0.073622 0.656312
vt 0.359862 0.481600
vt 0.353237 0.484170
vt 0.452092 0.367590
vt 0.600710 0.579153
vt 0.596608 0.604939
vt 0.625712 0.595766
vt 0.817784 0.487968
vt 0.825478 0.486656
vt 0.829661 0.514141
vt 0.821335 0.514453
vt 0.004120 0.079384
vt 0.005584 0.088516
vt 0.834105 0.485151
vt 0.839856 0.512535
vt 0.853628 0.540628
vt 0.842385 0.544692
vt 0.030497 0.075374
vt 0.065828 0.075772
vt 0.068073 0.065601
vt 0.109125 0.062875
vt 0.109083 0.071564
vt 0.151873 0.060072
vt 0.153838 0.067791
vt 0.154894 0.074031
vt 0.193361 0.067764
vt 0.195327 0.075624
vt 0.194523 0.084588
vt 0.154579 0.080467
vt 0.191499 0.095004
vt 0.153104 0.086733
vt 0.185962 0.105580
vt 0.151369 0.097225
vt 0.113605 0.106139
vt 0.083383 0.131793
vt 0.149824 0.117076
vt 0.120155 0.126734
vt 0.095046 0.147272
vt 0.071543 0.174343
vt 0.060818 0.162446
vt 0.128692 0.148673
vt 0.104198 0.165764
vt 0.077967 0.187914
vt 0.051125 0.214031
vt 0.046785 0.205304
vt 0.661151 0.002828
vt 0.691719 0.002250
vt 0.692159 0.013322
vt 0.661112 0.014447
vt 0.627607 0.017867
vt 0.629556 0.007012
vt 0.656453 0.027498
vt 0.625763 0.028672
vt 0.601497 0.023775
vt 0.027883 0.247186
vt 0.027473 0.239436
vt 0.047791 0.228477
vt 0.050720 0.240756
vt 0.031781 0.255945
vt 0.054210 0.254200
vt 0.039955 0.265914
vt 0.857955 0.644966
vt 0.853518 0.655553
vt 0.874630 0.662023
vt 0.867506 0.675521
vt 0.848175 0.676518
vt 0.838747 0.675704
vt 0.053070 0.290013
vt 0.033585 0.270828
vt 0.847738 0.695019
vt 0.836930 0.694474
vt 0.069996 0.305151
vt 0.064778 0.310814
vt 0.060597 0.318582
vt 0.080121 0.312401
vt 0.074609 0.320192
vt 0.070930 0.329721
vt 0.085396 0.329270
vt 0.079119 0.338574
vt 0.103409 0.341851
vt 0.097352 0.349694
vt 0.837537 0.731260
vt 0.139775 0.363574
vt 0.199315 0.357565
vt 0.199197 0.369557
vt 0.196935 0.384774
vt 0.259706 0.350230
vt 0.256800 0.366282
vt 0.926450 0.481486
vt 0.933199 0.549704
vt 0.919825 0.549596
vt 0.913326 0.485160
vt 0.913326 0.549943
vt 0.901823 0.491278
vt 0.912174 0.616927
vt 0.901823 0.611337
vt 0.137967 0.885165
vt 0.119897 0.833153
vt 0.125881 0.829641
vt 0.143212 0.877716
vt 0.132862 0.827127
vt 0.150327 0.873181
vt 0.100945 0.778651
vt 0.106873 0.776855
vt 0.114091 0.775082
vt 0.121415 0.787330
vt 0.129508 0.786174
vt 0.152401 0.833287
vt 0.145941 0.837524
vt 0.088549 0.729559
vt 0.096463 0.727976
vt 0.121415 0.734472
vt 0.127639 0.735962
vt 0.135108 0.737543
vt 0.136854 0.784801
vt 0.386269 0.893352
vt 0.383654 0.887050
vt 0.431353 0.876885
vt 0.431662 0.883789
vt 0.144647 0.692437
vt 0.150968 0.696033
vt 0.158715 0.700317
vt 0.143180 0.738723
vt 0.173422 0.660933
vt 0.178461 0.666851
vt 0.183781 0.672948
vt 0.168585 0.705933
vt 0.212158 0.649147
vt 0.214694 0.656434
vt 0.250270 0.642563
vt 0.249395 0.651619
vt 0.287714 0.648832
vt 0.284002 0.657414
vt 0.279305 0.668294
vt 0.269553 0.690671
vt 0.315700 0.673800
vt 0.307731 0.683576
vt 0.292782 0.703487
vt 0.274945 0.730089
vt 0.255389 0.718725
vt 0.243965 0.739307
vt 0.222292 0.730193
vt 0.261718 0.749964
vt 0.280573 0.766900
vt 0.306838 0.792301
vt 0.283025 0.815537
vt 0.327279 0.810998
vt 0.293985 0.840465
vt 0.251591 0.852075
vt 0.298593 0.851680
vt 0.251442 0.863382
vt 0.203891 0.853248
vt 0.208531 0.843700
vt 0.165325 0.824264
vt 0.173767 0.817519
vt 0.143945 0.783333
vt 0.155353 0.780453
vt 0.154502 0.740600
vt 0.191099 0.717441
vt 0.158507 0.829186
vt 0.199891 0.861090
vt 0.196326 0.868010
vt 0.251190 0.873104
vt 0.250870 0.882439
vt 0.364063 0.628268
vt 0.413077 0.626503
vt 0.411834 0.635712
vt 0.359623 0.635848
vt 0.192823 0.874116
vt 0.469302 0.623921
vt 0.469823 0.633721
vt 0.472456 0.644259
vt 0.411763 0.643791
vt 0.359078 0.644259
vt 0.802315 0.796689
vt 0.792067 0.805819
vt 0.748881 0.770992
vt 0.760142 0.756331
vt 0.837537 0.831469
vt 0.821387 0.839489
vt 0.697885 0.749256
vt 0.702964 0.732211
vt 0.652189 0.741633
vt 0.654419 0.724846
vt 0.789169 0.324586
vt 0.802371 0.335754
vt 0.788412 0.373164
vt 0.778422 0.370102
vt 0.763818 0.362268
vt 0.775487 0.314258
vt 0.775307 0.414599
vt 0.762719 0.412201
vt 0.750970 0.411065
vt 0.753836 0.358515
vt 0.415881 0.131231
vt 0.419474 0.138031
vt 0.359807 0.144565
vt 0.739960 0.411712
vt 0.742131 0.360387
vt 0.756531 0.458402
vt 0.746234 0.459788
vt 0.771959 0.502015
vt 0.759565 0.505692
vt 0.792991 0.538924
vt 0.781225 0.547299
vt 0.769890 0.554453
vt 0.529073 0.839969
vt 0.524184 0.852482
vt 0.478786 0.840270
vt 0.480736 0.825732
vt 0.556844 0.056491
vt 0.581807 0.103676
vt 0.575001 0.110460
vt 0.549239 0.061411
vt 0.520730 0.007473
vt 0.481440 0.814905
vt 0.428007 0.823185
vt 0.427808 0.812357
vt 0.428008 0.803479
vt 0.481176 0.804488
vt 0.370901 0.830093
vt 0.371996 0.819092
vt 0.377526 0.808420
vt 0.373265 0.845303
vt 0.320064 0.868419
vt 0.315205 0.854358
vt 0.044281 0.725935
vt 0.428370 0.836463
vt 0.429380 0.854758
vt 0.378132 0.863175
vt 0.476357 0.856105
vt 0.474928 0.864593
vt 0.429988 0.862454
vt 0.518282 0.865758
vt 0.513909 0.874768
vt 0.512045 0.880323
vt 0.474540 0.870978
vt 0.801182 0.533354
vt 0.783684 0.498636
vt 0.791027 0.496465
vt 0.806518 0.530813
vt 0.608123 0.256769
vt 0.615734 0.257743
vt 0.616927 0.301459
vt 0.609264 0.301365
vt 0.769258 0.457453
vt 0.780217 0.456821
vt 0.789275 0.456607
vt 0.798502 0.496201
vt 0.798162 0.456226
vt 0.806239 0.493978
vt 0.785120 0.415431
vt 0.794392 0.415722
vt 0.327117 0.660383
vt 0.322189 0.665906
vt 0.291146 0.641496
vt 0.798863 0.375055
vt 0.807795 0.378684
vt 0.802814 0.416992
vt 0.349169 0.695500
vt 0.340397 0.700494
vt 0.811184 0.338887
vt 0.819966 0.345059
vt 0.364668 0.735235
vt 0.354319 0.735060
vt 0.365080 0.780971
vt 0.354595 0.777467
vt 0.342598 0.772372
vt 0.336120 0.820111
vt 0.344378 0.827331
vt 0.302640 0.861300
vt 0.777023 0.817932
vt 0.736906 0.787574
vt 0.743801 0.778718
vt 0.786019 0.813089
vt 0.305709 0.869707
vt 0.690219 0.767709
vt 0.694115 0.757760
vt 0.648349 0.761454
vt 0.649530 0.750851
vt 0.119843 0.268449
vt 0.118860 0.223168
vt 0.128852 0.222114
vt 0.128852 0.269417
vt 0.251013 0.635104
vt 0.209708 0.641915
vt 0.819966 0.525991
vt 0.813466 0.530346
vt 0.509712 0.894153
vt 0.473743 0.884754
vt 0.475034 0.877777
vt 0.512470 0.886818
vt 0.430477 0.869762
vt 0.615284 0.342811
vt 0.608123 0.343605
vt 0.382093 0.879297
vt 0.381048 0.872692
vt 0.081936 0.730324
vt 0.335719 0.894153
vt 0.328220 0.882600
vt 0.090905 0.781381
vt 0.110330 0.841030
vt 0.100944 0.847992
vt 0.078612 0.783693
vt 0.129348 0.899043
vt 0.118163 0.910786
vt 0.867936 0.689693
vt 0.064125 0.269527
vt 0.076646 0.229070
vt 0.080606 0.241864
vt 0.088185 0.251619
vt 0.077561 0.278562
vt 0.107453 0.215153
vt 0.112701 0.224061
vt 0.543582 0.794052
vt 0.505834 0.800443
vt 0.136598 0.196034
vt 0.141850 0.207216
vt 0.474269 0.799802
vt 0.477481 0.786895
vt 0.446314 0.791983
vt 0.477858 0.768100
vt 0.479434 0.747141
vt 0.520796 0.732232
vt 0.170487 0.193590
vt 0.165398 0.182565
vt 0.194643 0.171793
vt 0.197863 0.181422
vt 0.420678 0.780625
vt 0.215586 0.163740
vt 0.217173 0.173485
vt 0.161888 0.170406
vt 0.191384 0.161641
vt 0.213852 0.154331
vt 0.434036 0.055918
vt 0.445125 0.056075
vt 0.451654 0.067749
vt 0.438613 0.069598
vt 0.229022 0.149239
vt 0.429922 0.037259
vt 0.441026 0.036161
vt 0.782347 0.034980
vt 0.751679 0.041069
vt 0.793363 0.012978
vt 0.804347 0.027251
vt 0.189387 0.152697
vt 0.159089 0.160093
vt 0.719225 0.042951
vt 0.719284 0.029934
vt 0.131587 0.183882
vt 0.128877 0.173689
vt 0.103269 0.203628
vt 0.099612 0.191561
vt 0.686277 0.040811
vt 0.654656 0.036745
vt 0.688726 0.028766
vt 0.073396 0.216004
vt 0.720179 0.013693
vt 0.719543 0.002250
vt 0.073797 0.204422
vt 0.457481 0.072443
vt 0.443223 0.079284
vt 0.434047 0.080044
vt 0.429922 0.069834
vt 0.239759 0.144405
vt 0.230035 0.134765
vt 0.236464 0.126391
vt 0.246645 0.137055
vt 0.618475 0.519954
vt 0.602945 0.519388
vt 0.601256 0.507851
vt 0.617018 0.506312
vt 0.573832 0.509430
vt 0.566454 0.495661
vt 0.577348 0.520998
vt 0.218745 0.110622
vt 0.223115 0.099543
vt 0.212160 0.121071
vt 0.223557 0.141992
vt 0.206142 0.129201
vt 0.179751 0.117542
vt 0.199910 0.137361
vt 0.176629 0.130765
vt 0.152422 0.136393
vt 0.472456 0.055645
vt 0.464083 0.050178
vt 0.536627 0.509468
vt 0.531751 0.502546
vt 0.556291 0.483871
vt 0.542346 0.516093
vt 0.528002 0.493898
vt 0.550110 0.475267
vt 0.475526 0.095663
vt 0.475526 0.055127
vt 0.485916 0.056821
vt 0.486598 0.093616
vt 0.541954 0.462005
vt 0.561432 0.441332
vt 0.535380 0.450898
vt 0.552963 0.430720
vt 0.568908 0.408802
vt 0.578562 0.417143
vt 0.584798 0.379734
vt 0.594800 0.384528
vt 0.605556 0.389540
vt 0.610240 0.352207
vt 0.619746 0.354398
vt 0.626931 0.355709
vt 0.612063 0.393808
vt 0.634433 0.357336
vt 0.619852 0.394732
vt 0.639545 0.359817
vt 0.626688 0.395393
vt 0.623752 0.437743
vt 0.126730 0.464364
vt 0.132395 0.472117
vt 0.102819 0.491212
vt 0.098178 0.484557
vt 0.630461 0.471597
vt 0.165357 0.448220
vt 0.167676 0.457830
vt 0.170535 0.471288
vt 0.138364 0.483778
vt 0.202886 0.448311
vt 0.202843 0.455677
vt 0.201627 0.464773
vt 0.216489 0.474205
vt 0.144673 0.494436
vt 0.115044 0.508539
vt 0.108529 0.500003
vt 0.173034 0.482385
vt 0.806809 0.284690
vt 0.809000 0.298434
vt 0.778214 0.297801
vt 0.775681 0.285954
vt 0.195093 0.474642
vt 0.777334 0.310220
vt 0.747407 0.307013
vt 0.746558 0.297046
vt 0.149727 0.504936
vt 0.121117 0.516769
vt 0.809322 0.312125
vt 0.178199 0.500296
vt 0.182179 0.511149
vt 0.153857 0.523497
vt 0.150269 0.513882
vt 0.838814 0.312368
vt 0.206665 0.493038
vt 0.210406 0.506262
vt 0.036735 0.946171
vt 0.037383 0.930315
vt 0.060794 0.936230
vt 0.062474 0.948818
vt 0.223752 0.489508
vt 0.226859 0.505870
vt 0.022169 0.942193
vt 0.022519 0.925724
vt 0.024463 0.906458
vt 0.040724 0.910479
vt 0.228865 0.522758
vt 0.228902 0.543796
vt 0.215266 0.538699
vt 0.218245 0.553994
vt 0.198178 0.555656
vt 0.193736 0.539007
vt 0.187304 0.521588
vt 0.214155 0.519863
vt 0.022169 0.893410
vt 0.038328 0.896778
vt 0.232987 0.556783
vt 0.235424 0.566790
vt 0.219338 0.565207
vt 0.256344 0.552633
vt 0.263474 0.565173
vt 0.264921 0.580572
vt 0.235214 0.578180
vt 0.608271 0.619397
vt 0.610563 0.634503
vt 0.591395 0.621414
vt 0.590102 0.609319
vt 0.606572 0.608436
vt 0.264652 0.592218
vt 0.233798 0.591506
vt 0.636397 0.622946
vt 0.295141 0.592520
vt 0.662797 0.612476
vt 0.679585 0.608736
vt 0.679097 0.621301
vt 0.672277 0.641401
vt 0.689863 0.608436
vt 0.688135 0.622895
vt 0.678603 0.645390
vt 0.618790 0.289517
vt 0.627321 0.289120
vt 0.665695 0.674614
vt 0.656127 0.671674
vt 0.619141 0.266723
vt 0.625702 0.267398
vt 0.692730 0.626593
vt 0.696971 0.608911
vt 0.002026 0.214753
vt 0.002062 0.198340
vt 0.006606 0.198340
vt 0.007809 0.213831
vt 0.033748 0.364420
vt 0.570899 0.622315
vt 0.569249 0.610852
vt 0.541518 0.632194
vt 0.541032 0.622089
vt 0.200407 0.566930
vt 0.171894 0.575608
vt 0.171042 0.563695
vt 0.141956 0.578412
vt 0.141193 0.567496
vt 0.138983 0.555162
vt 0.167750 0.547869
vt 0.133060 0.543948
vt 0.160181 0.532923
vt 0.126531 0.535102
vt 0.106018 0.553376
vt 0.100446 0.544661
vt 0.096511 0.536322
vt 0.123668 0.524906
vt 0.022275 0.297097
vt 0.031237 0.294036
vt 0.031237 0.322564
vt 0.025080 0.324082
vt 0.091668 0.530244
vt 0.717009 0.304889
vt 0.713909 0.298774
vt 0.085448 0.522831
vt 0.057269 0.528308
vt 0.079549 0.514322
vt 0.052488 0.521806
vt 0.074847 0.507237
vt 0.041300 0.543716
vt 0.649967 0.525284
vt 0.650923 0.546215
vt 0.642577 0.547340
vt 0.241266 0.174941
vt 0.230179 0.186243
vt 0.225086 0.178499
vt 0.236633 0.167107
vt 0.634189 0.544039
vt 0.651452 0.564023
vt 0.642150 0.561977
vt 0.651647 0.580565
vt 0.641785 0.579160
vt 0.028455 0.558387
vt 0.020897 0.576651
vt 0.015826 0.570412
vt 0.014243 0.586299
vt 0.005297 0.581450
vt 0.029163 0.581538
vt 0.025440 0.590701
vt 0.022553 0.597331
vt 0.011202 0.592775
vt 0.040397 0.585848
vt 0.039403 0.595320
vt 0.401084 0.665631
vt 0.415175 0.666910
vt 0.414597 0.674582
vt 0.399178 0.672268
vt 0.222562 0.053186
vt 0.215569 0.054664
vt 0.215672 0.038875
vt 0.222083 0.038692
vt 0.438896 0.666095
vt 0.441839 0.675565
vt 0.443403 0.684575
vt 0.415193 0.681137
vt 0.730388 0.933199
vt 0.750797 0.919452
vt 0.472399 0.672240
vt 0.476412 0.686163
vt 0.475019 0.702017
vt 0.442972 0.693309
vt 0.698431 0.931578
vt 0.692815 0.918903
vt 0.501676 0.684872
vt 0.502534 0.707106
vt 0.501459 0.725322
vt 0.471831 0.712854
vt 0.665449 0.922324
vt 0.657821 0.906482
vt 0.690762 0.903254
vt 0.524778 0.705532
vt 0.524345 0.726867
vt 0.649984 0.933199
vt 0.638615 0.917069
vt 0.626450 0.896863
vt 0.646318 0.885230
vt 0.518459 0.888086
vt 0.527777 0.876401
vt 0.560200 0.885545
vt 0.549563 0.898615
vt 0.535463 0.914144
vt 0.506577 0.904390
vt 0.524150 0.923301
vt 0.499562 0.918274
vt 0.569442 0.926316
vt 0.568436 0.933388
vt 0.520996 0.931165
vt 0.599903 0.929094
vt 0.266236 0.203681
vt 0.267370 0.174925
vt 0.274143 0.206583
vt 0.615253 0.927512
vt 0.618879 0.936789
vt 0.601473 0.937104
vt 0.622228 0.720681
vt 0.607496 0.717002
vt 0.612566 0.709659
vt 0.627787 0.712295
vt 0.072235 0.300654
vt 0.062563 0.296478
vt 0.057480 0.275009
vt 0.072235 0.277252
vt 0.583822 0.707657
vt 0.591853 0.895755
vt 0.553992 0.716790
vt 0.520819 0.937104
vt 0.495201 0.935481
vt 0.497018 0.927687
vt 0.277693 0.251995
vt 0.283476 0.207331
vt 0.285036 0.253799
vt 0.612013 0.876446
vt 0.628440 0.851680
vt 0.632411 0.859427
vt 0.470444 0.914426
vt 0.477282 0.906417
vt 0.637053 0.869948
vt 0.682628 0.851044
vt 0.684303 0.861770
vt 0.687003 0.880238
vt 0.485569 0.891484
vt 0.724313 0.869521
vt 0.722992 0.882715
vt 0.750627 0.880077
vt 0.748509 0.887902
vt 0.118164 0.671769
vt 0.126065 0.669678
vt 0.126358 0.694962
vt 0.118201 0.693290
vt 0.115176 0.707056
vt 0.104589 0.700577
vt 0.111941 0.712341
vt 0.215569 0.026634
vt 0.221749 0.026705
vt 0.134709 0.697637
vt 0.134709 0.669392
vt 0.001596 0.920654
vt 0.010422 0.921063
vt 0.017759 0.944872
vt 0.005109 0.944913
vt 0.751635 0.871365
vt 0.723791 0.859392
vt 0.005745 0.890496
vt 0.012123 0.890626
vt 0.020509 0.890515
vt 0.019192 0.918070
vt 0.722504 0.850923
vt 0.681306 0.841808
vt 0.021376 0.848709
vt 0.029413 0.849331
vt 0.037687 0.849362
vt 0.029591 0.888329
vt 0.015553 0.790394
vt 0.021446 0.787990
vt 0.624765 0.844947
vt 0.001596 0.755784
vt 0.292217 0.270085
vt 0.267657 0.263123
vt 0.267927 0.253114
vt 0.291526 0.260847
vt 0.227466 0.274613
vt 0.232947 0.260086
vt 0.195406 0.276166
vt 0.204871 0.255572
vt 0.241733 0.246164
vt 0.266391 0.244010
vt 0.243864 0.233891
vt 0.523660 0.681036
vt 0.496861 0.665666
vt 0.519485 0.658352
vt 0.492113 0.652156
vt 0.516266 0.643441
vt 0.488634 0.642613
vt 0.513814 0.632764
vt 0.141683 0.587786
vt 0.171028 0.586765
vt 0.466276 0.660431
vt 0.461983 0.652104
vt 0.114942 0.582467
vt 0.087184 0.587294
vt 0.084338 0.577023
vt 0.112384 0.572565
vt 0.109926 0.561674
vt 0.060068 0.588913
vt 0.062639 0.598380
vt 0.089795 0.596104
vt 0.091059 0.692052
vt 0.001287 0.588292
vt 0.856139 0.312368
vt 0.862472 0.289300
vt 0.870726 0.309633
vt 0.637905 0.469378
vt 0.650474 0.332089
vt 0.655973 0.337141
vt 0.642322 0.328800
vt 0.732746 0.801849
vt 0.757492 0.815570
vt 0.754504 0.823156
vt 0.729773 0.810139
vt 0.734981 0.793524
vt 0.750312 0.833197
vt 0.726009 0.820375
vt 0.697778 0.810360
vt 0.722297 0.831361
vt 0.694938 0.823349
vt 0.664376 0.819805
vt 0.693377 0.832251
vt 0.663909 0.829052
vt 0.632870 0.828990
vt 0.631459 0.819582
vt 0.602025 0.832710
vt 0.599389 0.823173
vt 0.573934 0.839957
vt 0.570242 0.831108
vt 0.549221 0.851203
vt 0.545043 0.843087
vt 0.873160 0.730715
vt 0.882353 0.730341
vt 0.885058 0.758241
vt 0.876084 0.759741
vt 0.891576 0.787933
vt 0.882074 0.790322
vt 0.900085 0.817073
vt 0.888922 0.820205
vt 0.909478 0.841060
vt 0.898304 0.845874
vt 0.922529 0.864701
vt 0.917497 0.837491
vt 0.930598 0.859826
vt 0.944913 0.877747
vt 0.937361 0.883955
vt 0.877721 0.339316
vt 0.886344 0.343779
vt 0.878267 0.364340
vt 0.869334 0.360990
vt 0.872844 0.389553
vt 0.863868 0.388093
vt 0.871274 0.417037
vt 0.862489 0.417479
vt 0.851065 0.417728
vt 0.864932 0.448113
vt 0.854880 0.449591
vt 0.840800 0.451932
vt 0.859793 0.479984
vt 0.848243 0.482540
vt 0.867167 0.506106
vt 0.857012 0.508680
vt 0.878514 0.531008
vt 0.868899 0.534847
vt 0.071284 0.052025
vt 0.073262 0.043527
vt 0.109094 0.043036
vt 0.109039 0.050791
vt 0.147420 0.041181
vt 0.149066 0.048623
vt 0.178850 0.039008
vt 0.183776 0.047789
vt 0.189816 0.060077
vt 0.146165 0.034687
vt 0.175928 0.032365
vt 0.517806 0.469653
vt 0.513845 0.463154
vt 0.530520 0.443585
vt 0.493606 0.057456
vt 0.495884 0.092091
vt 0.507180 0.458380
vt 0.523783 0.436994
vt 0.540826 0.418530
vt 0.547775 0.424143
vt 0.554564 0.398408
vt 0.562268 0.403501
vt 0.570506 0.371276
vt 0.577814 0.375701
vt 0.584646 0.342971
vt 0.593010 0.346788
vt 0.600599 0.349382
vt 0.746461 0.843284
vt 0.743413 0.851203
vt 0.719859 0.839172
vt 0.606701 0.322140
vt 0.598691 0.318794
vt 0.719025 0.847149
vt 0.692980 0.841073
vt 0.136386 0.397135
vt 0.164429 0.398848
vt 0.164829 0.406486
vt 0.136715 0.404428
vt 0.106946 0.401555
vt 0.106525 0.394497
vt 0.663920 0.837105
vt 0.664834 0.843410
vt 0.634989 0.844721
vt 0.634021 0.837208
vt 0.919999 0.480999
vt 0.911966 0.480978
vt 0.910901 0.454043
vt 0.918682 0.452716
vt 0.604212 0.841081
vt 0.909188 0.424557
vt 0.917520 0.423163
vt 0.576006 0.848033
vt 0.909362 0.393454
vt 0.918121 0.392942
vt 0.925253 0.392030
vt 0.925390 0.422801
vt 0.911441 0.364000
vt 0.919666 0.364192
vt 0.890435 0.729059
vt 0.893273 0.756291
vt 0.914057 0.336289
vt 0.922035 0.336518
vt 0.899022 0.785889
vt 0.905825 0.783620
vt 0.916071 0.812845
vt 0.908462 0.814845
vt 0.925147 0.834775
vt 0.300816 0.926102
vt 0.281603 0.926602
vt 0.281900 0.918071
vt 0.301236 0.917375
vt 0.326094 0.917026
vt 0.325156 0.925488
vt 0.938330 0.856446
vt 0.349890 0.915549
vt 0.349282 0.924726
vt 0.347939 0.932799
vt 0.323290 0.933199
vt 0.374142 0.914082
vt 0.373877 0.923788
vt 0.373510 0.932381
vt 0.401275 0.914657
vt 0.400292 0.924019
vt 0.400234 0.933199
vt 0.426288 0.916009
vt 0.425896 0.924600
vt 0.426485 0.933105
vt 0.001466 0.369479
vt 0.009209 0.368838
vt 0.013574 0.399539
vt 0.005103 0.400229
vt 0.878260 0.416108
vt 0.881037 0.447172
vt 0.873480 0.447392
vt 0.883941 0.476797
vt 0.876447 0.477448
vt 0.868394 0.478199
vt 0.020167 0.034854
vt 0.021171 0.026173
vt 0.046321 0.028028
vt 0.045829 0.036541
vt 0.875274 0.503917
vt 0.075662 0.028438
vt 0.074532 0.036236
vt 0.886344 0.528102
vt 0.109644 0.035849
vt 0.046161 0.019493
vt 0.076668 0.020201
vt 0.046007 0.011009
vt 0.077634 0.011924
vt 0.046063 0.002074
vt 0.078276 0.003014
vt 0.113853 0.002562
vt 0.255443 0.440551
vt 0.285036 0.460303
vt 0.280226 0.464647
vt 0.252526 0.446318
vt 0.217720 0.433569
vt 0.219814 0.427607
vt 0.150420 0.002381
vt 0.185730 0.431715
vt 0.185889 0.424970
vt 0.179565 0.000840
vt 0.179026 0.011363
vt 0.154964 0.436753
vt 0.153262 0.430342
vt 0.487732 0.447858
vt 0.504014 0.429636
vt 0.512182 0.434113
vt 0.495805 0.454027
vt 0.518519 0.408777
vt 0.525549 0.412121
vt 0.288790 0.176934
vt 0.295075 0.148868
vt 0.300654 0.148730
vt 0.296442 0.177285
vt 0.518188 0.433070
vt 0.533239 0.413843
vt 0.501642 0.454877
vt 0.541988 0.390105
vt 0.547148 0.393829
vt 0.246333 0.384849
vt 0.247942 0.392778
vt 0.223971 0.402321
vt 0.221662 0.395516
vt 0.563395 0.366740
vt 0.195921 0.410677
vt 0.194022 0.404540
vt 0.577159 0.338839
vt 0.165461 0.414214
vt 0.591839 0.314548
vt 0.585227 0.310388
vt 0.574091 0.336344
vt 0.566432 0.331774
vt 0.578323 0.306394
vt 0.166050 0.421697
vt 0.136612 0.420731
vt 0.136613 0.412894
vt 0.106655 0.417391
vt 0.106564 0.409399
vt 0.078588 0.410207
vt 0.078818 0.401512
vt 0.080351 0.394337
vt 0.906003 0.484150
vt 0.896931 0.485944
vt 0.893885 0.458539
vt 0.902878 0.456060
vt 0.053949 0.392911
vt 0.054722 0.384849
vt 0.891528 0.427683
vt 0.900008 0.426207
vt 0.891837 0.394093
vt 0.900345 0.393771
vt 0.894885 0.361108
vt 0.902947 0.362415
vt 0.027102 0.683305
vt 0.020244 0.682943
vt 0.018299 0.649297
vt 0.025640 0.650357
vt 0.031466 0.651367
vt 0.035141 0.682771
vt 0.020546 0.616390
vt 0.028314 0.618998
vt 0.035141 0.620632
vt 0.253951 0.403469
vt 0.252774 0.370536
vt 0.259949 0.370354
vt 0.281727 0.909352
vt 0.284438 0.901503
vt 0.303751 0.900989
vt 0.302060 0.909245
vt 0.026818 0.593810
vt 0.033224 0.596125
vt 0.327283 0.900154
vt 0.326188 0.908997
vt 0.349873 0.897558
vt 0.349731 0.906382
vt 0.374303 0.896590
vt 0.374316 0.904818
vt 0.401572 0.896670
vt 0.401761 0.905392
vt 0.427318 0.897294
vt 0.427554 0.906467
vt 0.258766 0.242085
vt 0.250845 0.240677
vt 0.257059 0.209982
vt 0.264347 0.210949
vt 0.018237 0.368411
vt 0.021475 0.399260
vt 0.258103 0.180364
vt 0.265513 0.180333
vt 0.021270 0.430169
vt 0.013823 0.429921
vt 0.018302 0.009534
vt 0.017876 0.000840
vt 0.009252 0.460743
vt 0.001466 0.459519
vt 0.005247 0.430074
vt 0.255636 0.151686
vt 0.263614 0.149772
vt 0.546293 0.273101
vt 0.546644 0.304330
vt 0.540596 0.304642
vt 0.538274 0.274321
vt 0.532216 0.242982
vt 0.540877 0.241759
vt 0.250845 0.125150
vt 0.256912 0.122040
vt 0.530328 0.275411
vt 0.523890 0.244073
vt 0.001928 0.003121
vt 0.010145 0.003058
vt 0.011714 0.035410
vt 0.002222 0.035593
vt 0.523628 0.214394
vt 0.532172 0.212544
vt 0.011633 0.068509
vt 0.001928 0.070283
vt 0.339482 0.529850
vt 0.368113 0.536989
vt 0.366241 0.545843
vt 0.336644 0.538175
vt 0.368922 0.526191
vt 0.399140 0.529941
vt 0.397698 0.539630
vt 0.396328 0.549311
vt 0.428003 0.531066
vt 0.427650 0.541238
vt 0.427290 0.550548
vt 0.453336 0.530869
vt 0.453175 0.540767
vt 0.454334 0.548493
vt 0.480718 0.535270
vt 0.483130 0.542610
vt 0.129819 0.447050
vt 0.104972 0.464647
vt 0.101685 0.459640
vt 0.126780 0.442013
vt 0.535535 0.384926
vt 0.531573 0.380017
vt 0.546078 0.356812
vt 0.551881 0.360046
vt 0.559610 0.364161
vt 0.559287 0.328396
vt 0.551343 0.212374
vt 0.572745 0.235229
vt 0.566615 0.238580
vt 0.546444 0.218488
vt 0.523228 0.203976
vt 0.525768 0.198220
vt 0.570883 0.304492
vt 0.497230 0.192781
vt 0.498491 0.187995
vt 0.546749 0.315903
vt 0.550178 0.289260
vt 0.556917 0.288695
vt 0.554507 0.316272
vt 0.469697 0.190098
vt 0.469743 0.182800
vt 0.550017 0.261054
vt 0.558358 0.259459
vt 0.441897 0.191163
vt 0.440032 0.183477
vt 0.546749 0.231631
vt 0.554428 0.229272
vt 0.415604 0.197440
vt 0.412075 0.191445
vt 0.888253 0.486123
vt 0.885711 0.459589
vt 0.389551 0.212016
vt 0.384434 0.206582
vt 0.883535 0.428674
vt 0.364667 0.233362
vt 0.359021 0.229198
vt 0.883535 0.394665
vt 0.345124 0.261608
vt 0.338593 0.258251
vt 0.886363 0.360345
vt 0.263611 0.336619
vt 0.271370 0.339397
vt 0.268053 0.372172
vt 0.890514 0.332159
vt 0.898832 0.332628
vt 0.212659 0.021000
vt 0.182203 0.005394
vt 0.184950 0.001236
vt 0.214922 0.015684
vt 0.922160 0.623187
vt 0.922394 0.650083
vt 0.914473 0.651832
vt 0.913729 0.625222
vt 0.144130 0.899190
vt 0.146395 0.890660
vt 0.171803 0.895721
vt 0.171283 0.903401
vt 0.147742 0.882785
vt 0.171736 0.887290
vt 0.194143 0.889536
vt 0.192365 0.897253
vt 0.189954 0.905103
vt 0.215054 0.898100
vt 0.212162 0.905867
vt 0.232478 0.897471
vt 0.232210 0.905392
vt 0.291917 0.018601
vt 0.310404 0.010758
vt 0.313016 0.017413
vt 0.292202 0.025174
vt 0.074480 0.301840
vt 0.073655 0.281135
vt 0.081997 0.282412
vt 0.081997 0.304559
vt 0.329011 0.892517
vt 0.306221 0.893149
vt 0.327894 0.001236
vt 0.331891 0.004717
vt 0.350789 0.890148
vt 0.373522 0.890641
vt 0.510402 0.400221
vt 0.505560 0.396296
vt 0.516464 0.379335
vt 0.523474 0.382163
vt 0.203039 0.019532
vt 0.201695 0.044781
vt 0.194159 0.045174
vt 0.195973 0.019846
vt 0.524012 0.357568
vt 0.532117 0.359290
vt 0.203039 0.071740
vt 0.196782 0.072235
vt 0.529584 0.330747
vt 0.538697 0.332413
vt 0.253799 0.161035
vt 0.250083 0.190353
vt 0.243625 0.190734
vt 0.246725 0.159631
vt 0.531944 0.305043
vt 0.253799 0.218079
vt 0.248236 0.220610
vt 0.521094 0.329827
vt 0.522817 0.305314
vt 0.521533 0.276301
vt 0.516568 0.305677
vt 0.517067 0.277715
vt 0.925173 0.110262
vt 0.920504 0.113244
vt 0.902881 0.087328
vt 0.909090 0.082583
vt 0.516457 0.245030
vt 0.879740 0.067246
vt 0.884310 0.062611
vt 0.505560 0.218839
vt 0.514043 0.215746
vt 0.853140 0.051458
vt 0.856432 0.045086
vt 0.344453 0.511576
vt 0.370820 0.520213
vt 0.341007 0.519920
vt 0.825278 0.045842
vt 0.825562 0.038012
vt 0.400971 0.523310
vt 0.798591 0.045479
vt 0.798253 0.038049
vt 0.428129 0.522715
vt 0.774519 0.047877
vt 0.773139 0.041143
vt 0.453491 0.522363
vt 0.750955 0.057499
vt 0.748683 0.051385
vt 0.478717 0.517841
vt 0.479523 0.526757
vt 0.500154 0.511576
vt 0.502042 0.520112
vt 0.503693 0.529256
vt 0.359223 0.283083
vt 0.351750 0.282916
vt 0.351188 0.256215
vt 0.359223 0.255867
vt 0.060968 0.602713
vt 0.052927 0.627005
vt 0.043739 0.625940
vt 0.052644 0.600426
vt 0.061166 0.628221
vt 0.057643 0.652026
vt 0.049255 0.652147
vt 0.040935 0.652366
vt 0.057779 0.678427
vt 0.048893 0.679128
vt 0.040714 0.680468
vt 0.061505 0.704011
vt 0.052809 0.705753
vt 0.044532 0.707722
vt 0.067748 0.729321
vt 0.059452 0.731193
vt 0.050631 0.734116
vt 0.915314 0.765301
vt 0.906153 0.764249
vt 0.909256 0.740557
vt 0.918459 0.741799
vt 0.067302 0.754097
vt 0.059644 0.757492
vt 0.912463 0.714210
vt 0.921386 0.713758
vt 0.928826 0.713077
vt 0.926513 0.742655
vt 0.914150 0.682768
vt 0.922455 0.681805
vt 0.929295 0.680324
vt 0.929119 0.647599
vt 0.903543 0.714728
vt 0.904553 0.683850
vt 0.905095 0.653714
vt 0.771643 0.267360
vt 0.743652 0.252224
vt 0.745650 0.248154
vt 0.773603 0.262691
vt 0.900086 0.655897
vt 0.898985 0.628050
vt 0.905773 0.625953
vt 0.805242 0.271370
vt 0.775340 0.256742
vt 0.805959 0.264202
vt 0.833956 0.264563
vt 0.834069 0.271370
vt 0.151150 0.875939
vt 0.173100 0.879674
vt 0.858914 0.258066
vt 0.859352 0.263565
vt 0.197416 0.882016
vt 0.890198 0.245227
vt 0.889301 0.246471
vt 0.833235 0.255808
vt 0.857439 0.250104
vt 0.806578 0.255671
vt 0.808114 0.242691
vt 0.783579 0.232006
vt 0.793705 0.206785
vt 0.813885 0.215524
vt 0.778138 0.247820
vt 0.753748 0.233149
vt 0.763924 0.216675
vt 0.749163 0.241498
vt 0.730358 0.220318
vt 0.737202 0.212979
vt 0.355319 0.137941
vt 0.354471 0.163864
vt 0.346807 0.163993
vt 0.346807 0.136409
vt 0.724280 0.226783
vt 0.712341 0.205338
vt 0.720572 0.199412
vt 0.720996 0.231150
vt 0.706775 0.209532
vt 0.697772 0.186108
vt 0.705957 0.183658
vt 0.901729 0.740288
vt 0.898985 0.763646
vt 0.704620 0.159232
vt 0.710716 0.158436
vt 0.714781 0.180168
vt 0.696557 0.160186
vt 0.697536 0.135394
vt 0.704806 0.136314
vt 0.069692 0.702215
vt 0.074187 0.727450
vt 0.064882 0.677923
vt 0.710720 0.113529
vt 0.718226 0.116686
vt 0.712634 0.136879
vt 0.704665 0.110683
vt 0.715185 0.090368
vt 0.722143 0.094750
vt 0.064017 0.652388
vt 0.067606 0.630182
vt 0.736925 0.078014
vt 0.741667 0.084272
vt 0.728356 0.099863
vt 0.731478 0.071269
vt 0.754659 0.065518
vt 0.074187 0.608071
vt 0.068967 0.604639
vt 0.728501 0.066693
vt 0.776526 0.057489
vt 0.777323 0.067152
vt 0.757193 0.073349
vt 0.776631 0.075580
vt 0.758101 0.080339
vt 0.743853 0.089068
vt 0.760681 0.943363
vt 0.760534 0.927178
vt 0.769403 0.930306
vt 0.768427 0.946407
vt 0.793209 0.824223
vt 0.790307 0.831276
vt 0.773919 0.830021
vt 0.775119 0.821955
vt 0.732281 0.103212
vt 0.757030 0.826619
vt 0.758086 0.818307
vt 0.723369 0.118614
vt 0.921621 0.365582
vt 0.922110 0.357931
vt 0.941701 0.358306
vt 0.941832 0.367032
vt 0.719507 0.138312
vt 0.957966 0.356450
vt 0.960531 0.363446
vt 0.923378 0.347356
vt 0.943455 0.346850
vt 0.116200 0.915515
vt 0.128891 0.912273
vt 0.133180 0.930348
vt 0.118734 0.931946
vt 0.150317 0.909277
vt 0.153545 0.929280
vt 0.156947 0.950288
vt 0.138020 0.949062
vt 0.120405 0.951041
vt 0.159451 0.968051
vt 0.141397 0.965409
vt 0.128130 0.965683
vt 0.326627 0.306268
vt 0.325884 0.292928
vt 0.345575 0.288513
vt 0.344575 0.301492
vt 0.345635 0.310119
vt 0.327436 0.314320
vt 0.910256 0.981725
vt 0.908745 0.964319
vt 0.926383 0.966078
vt 0.907301 0.940156
vt 0.925128 0.941682
vt 0.947320 0.944745
vt 0.948210 0.968592
vt 0.969122 0.947165
vt 0.968950 0.970072
vt 0.968620 0.984524
vt 0.984177 0.972144
vt 0.981111 0.987947
vt 0.980467 0.999577
vt 0.968759 0.994959
vt 0.881299 0.007284
vt 0.896848 0.009973
vt 0.892587 0.025664
vt 0.876469 0.019973
vt 0.865109 0.015274
vt 0.870147 0.001705
vt 0.887141 0.043085
vt 0.870790 0.034912
vt 0.859865 0.029564
vt 0.864919 0.047269
vt 0.854500 0.040645
vt 0.788892 0.085413
vt 0.775580 0.081970
vt 0.793449 0.076688
vt 0.797431 0.066428
vt 0.798647 0.055305
vt 0.824191 0.057302
vt 0.848099 0.063159
vt 0.873098 0.074871
vt 0.895851 0.093022
vt 0.913582 0.116329
vt 0.928152 0.140046
vt 0.772958 0.913393
vt 0.784002 0.916993
vt 0.780362 0.933438
vt 0.765587 0.908840
vt 0.800978 0.919458
vt 0.798010 0.937118
vt 0.805009 0.842378
vt 0.804668 0.862172
vt 0.787198 0.863551
vt 0.788281 0.842794
vt 0.806300 0.830314
vt 0.769102 0.862738
vt 0.772299 0.841431
vt 0.750744 0.858442
vt 0.755110 0.837955
vt 0.927167 0.327542
vt 0.906909 0.325465
vt 0.910059 0.301726
vt 0.932862 0.304006
vt 0.956296 0.303851
vt 0.948635 0.327543
vt 0.937906 0.280668
vt 0.959921 0.279985
vt 0.176472 0.907663
vt 0.201137 0.907663
vt 0.204101 0.930272
vt 0.179232 0.930440
vt 0.206955 0.953121
vt 0.181874 0.953198
vt 0.208807 0.972245
vt 0.183325 0.971665
vt 0.999577 0.424987
vt 0.990646 0.442966
vt 0.974535 0.429201
vt 0.983314 0.410781
vt 0.325884 0.275374
vt 0.347509 0.270803
vt 0.975530 0.463584
vt 0.954043 0.417311
vt 0.908085 0.913785
vt 0.925611 0.913602
vt 0.931559 0.410781
vt 0.948797 0.915306
vt 0.952223 0.890911
vt 0.973510 0.894650
vt 0.970963 0.919354
vt 0.950901 0.001705
vt 0.974497 0.014253
vt 0.989816 0.923757
vt 0.987099 0.949355
vt 0.919390 0.012919
vt 0.914730 0.031451
vt 0.909493 0.051248
vt 0.930450 0.076140
vt 0.904274 0.068631
vt 0.881252 0.058057
vt 0.824314 0.918646
vt 0.850625 0.916764
vt 0.849170 0.938621
vt 0.822554 0.938781
vt 0.848241 0.960531
vt 0.822369 0.958959
vt 0.806300 0.887532
vt 0.786728 0.890249
vt 0.890770 0.296218
vt 0.895555 0.271219
vt 0.915694 0.277571
vt 0.764470 0.888207
vt 0.875255 0.939031
vt 0.873093 0.960531
vt 0.875754 0.917252
vt 0.898058 0.917592
vt 0.897378 0.939434
vt 0.893090 0.959025
vt 0.387642 0.737969
vt 0.366900 0.736337
vt 0.366900 0.713565
vt 0.385025 0.715822
vt 0.371149 0.692624
vt 0.388066 0.694919
vt 0.937465 0.491979
vt 0.955687 0.481257
vt 0.394164 0.677339
vt 0.984186 0.475392
vt 0.964500 0.490668
vt 0.538835 0.147820
vt 0.515415 0.147360
vt 0.515666 0.127128
vt 0.535510 0.127217
vt 0.537430 0.170929
vt 0.516387 0.169531
vt 0.490211 0.148680
vt 0.490211 0.128359
vt 0.495418 0.169601
vt 0.533832 0.193278
vt 0.513676 0.188776
vt 0.852371 0.898043
vt 0.875671 0.897779
vt 0.233591 0.963859
vt 0.960531 0.257601
vt 0.749591 0.200214
vt 0.758679 0.173248
vt 0.766387 0.185153
vt 0.777910 0.195602
vt 0.774253 0.166414
vt 0.817720 0.201146
vt 0.929295 0.164240
vt 0.513832 0.329444
vt 0.923570 0.192530
vt 0.515635 0.356546
vt 0.507507 0.355387
vt 0.295721 0.883517
vt 0.273664 0.889790
vt 0.269733 0.881861
vt 0.292315 0.875939
vt 0.298702 0.891744
vt 0.276556 0.898307
vt 0.249555 0.894843
vt 0.244949 0.885303
vt 0.252059 0.902669
vt 0.585690 0.259602
vt 0.578834 0.261608
vt 0.020987 0.017166
vt 0.032834 0.231509
vt 0.049313 0.152618
vt 0.038144 0.141984
vt 0.013399 0.177601
vt 0.021983 0.134966
vt 0.901962 0.541488
vt 0.355507 0.661853
vt 0.354561 0.669859
vt 0.340313 0.647250
vt 0.347115 0.643899
vt 0.354223 0.641674
vt 0.367323 0.664139
vt 0.314175 0.623320
vt 0.317086 0.617080
vt 0.320274 0.611560
vt 0.368985 0.673543
vt 0.143501 0.142758
vt 0.158136 0.138356
vt 0.158136 0.157177
vt 0.142213 0.163993
vt 0.700839 0.330650
vt 0.726833 0.311242
vt 0.703263 0.409359
vt 0.046953 0.382651
vt 0.036343 0.377922
vt 0.577314 0.609231
vt 0.418758 0.067226
vt 0.391802 0.052550
vt 0.500346 0.115437
vt 0.496472 0.118621
vt 0.756653 0.169850
vt 0.742778 0.169191
vt 0.956240 0.235331
vt 0.257724 0.296340
vt 0.263404 0.294674
vt 0.267296 0.305210
vt 0.259633 0.305935
vt 0.066378 0.060853
vt 0.061131 0.060580
vt 0.065207 0.069972
vt 0.060474 0.070283
vt 0.456327 0.331325
vt 0.454297 0.340884
vt 0.446180 0.340583
vt 0.448853 0.329785
vt 0.310621 0.241888
vt 0.312368 0.252911
vt 0.307833 0.253799
vt 0.305559 0.243104
vt 0.287908 0.233006
vt 0.292828 0.232151
vt 0.267465 0.315161
vt 0.264419 0.324082
vt 0.257724 0.322665
vt 0.259383 0.314770
vt 0.013971 0.104160
vt 0.020072 0.100551
vt 0.021475 0.108515
vt 0.015662 0.109267
vt 0.188635 0.019802
vt 0.188945 0.026389
vt 0.183606 0.028288
vt 0.183734 0.019877
vt 0.186543 0.012356
vt 0.191325 0.012148
vt 0.021315 0.114438
vt 0.015410 0.114877
vt 0.190092 0.032474
vt 0.184118 0.036100
vt 0.018581 0.121043
vt 0.013971 0.120039
vt 0.191325 0.037645
vt 0.185123 0.042951
vt 0.233940 0.208575
vt 0.226984 0.209712
vt 0.273322 0.149275
vt 0.271576 0.161652
vt 0.265992 0.162041
vt 0.265992 0.147663
vt 0.987864 0.743823
vt 0.980354 0.744377
vt 0.266150 0.207603
vt 0.272385 0.208095
vt 0.271411 0.223420
vt 0.266638 0.222942
vt 0.105168 0.249975
vt 0.099630 0.250459
vt 0.099851 0.241724
vt 0.105424 0.239996
vt 0.238181 0.220207
vt 0.231352 0.224514
vt 0.962311 0.782383
vt 0.390310 0.391052
vt 0.399908 0.394828
vt 0.400186 0.405319
vt 0.390795 0.400862
vt 0.266150 0.235721
vt 0.273322 0.236228
vt 0.367971 0.232724
vt 0.362684 0.243726
vt 0.361270 0.253236
vt 0.381807 0.248666
vt 0.381135 0.253344
vt 0.390310 0.411231
vt 0.400530 0.413359
vt 0.386555 0.252624
vt 0.953700 0.668484
vt 0.960843 0.664088
vt 0.218658 0.000679
vt 0.218658 0.009221
vt 0.210651 0.009762
vt 0.213230 0.001547
vt 0.161723 0.154232
vt 0.169293 0.153666
vt 0.928382 0.764846
vt 0.919032 0.767571
vt 0.942505 0.659543
vt 0.054664 0.285036
vt 0.048294 0.282380
vt 0.968341 0.203464
vt 0.554619 0.734658
vt 0.090684 0.298660
vt 0.770325 0.697475
vt 0.729306 0.678702
vt 0.427749 0.795802
vt 0.382704 0.800953
vt 0.698661 0.604430
vt 0.087162 0.929339
vt 0.001031 0.113797
vt 0.010238 0.095425
vt 0.173630 0.233055
vt 0.828039 0.130521
vt 0.834936 0.139265
vt 0.409983 0.413888
vt 0.408714 0.407874
vt 0.146186 0.207478
vt 0.154232 0.207478
vt 0.153649 0.222070
vt 0.147350 0.222562
vt 0.922975 0.620355
vt 0.220156 0.079135
vt 0.226467 0.079135
vt 0.226164 0.093710
vt 0.220584 0.092194
vt 0.918850 0.602769
vt 0.925634 0.604676
vt 0.169850 0.235071
vt 0.162702 0.238181
vt 0.930520 0.591887
vt 0.935388 0.596368
vt 0.932672 0.605056
vt 0.178646 0.152279
vt 0.176798 0.143840
vt 0.181716 0.143032
vt 0.183516 0.150770
vt 0.093710 0.193278
vt 0.089001 0.192817
vt 0.088793 0.182165
vt 0.093710 0.182767
vt 0.177874 0.210618
vt 0.179612 0.218239
vt 0.175376 0.222562
vt 0.171700 0.210574
vt 0.174008 0.197211
vt 0.179612 0.200626
vt 0.940002 0.821826
vt 0.177598 0.133791
vt 0.183516 0.134523
vt 0.950333 0.821864
vt 0.959598 0.820421
vt 0.201973 0.207523
vt 0.196228 0.210848
vt 0.967831 0.813674
vt 0.974846 0.816141
vt 0.972989 0.805552
vt 0.978118 0.805575
vt 0.984149 0.804878
vt 0.980831 0.817159
vt 0.274627 0.000739
vt 0.266806 0.000729
vt 0.942962 0.589729
vt 0.937611 0.584693
vt 0.088022 0.259280
vt 0.097615 0.258178
vt 0.807373 0.155200
vt 0.799473 0.154540
vt 0.814429 0.155716
vt 0.264661 0.015618
vt 0.264661 0.008520
vt 0.058569 0.049365
vt 0.057442 0.054364
vt 0.051744 0.049716
vt 0.043601 0.047077
vt 0.045944 0.040409
vt 0.052745 0.044105
vt 0.021720 0.036897
vt 0.015276 0.039560
vt 0.033635 0.038867
vt 0.038534 0.038773
vt 0.024526 0.074112
vt 0.016675 0.078092
vt 0.015618 0.183735
vt 0.015618 0.191325
vt 0.010416 0.187105
vt 0.011425 0.181431
vt 0.029284 0.048565
vt 0.027956 0.048716
vt 0.029284 0.038036
vt 0.787879 0.155812
vt 0.791968 0.159504
vt 0.822769 0.123624
vt 0.830347 0.125078
vt 0.950653 0.635489
vt 0.119047 0.169501
vt 0.120409 0.158595
vt 0.126899 0.152061
vt 0.126899 0.171802
vt 0.103472 0.184347
vt 0.095121 0.187421
vt 0.095121 0.175898
vt 0.102285 0.176993
vt 0.085550 0.190721
vt 0.084500 0.191409
vt 0.084168 0.189983
vt 0.085659 0.189372
vt 0.081646 0.193278
vt 0.081646 0.191445
vt 0.082882 0.190881
vt 0.083192 0.192265
vt 0.085901 0.186391
vt 0.085761 0.188118
vt 0.084287 0.188527
vt 0.084353 0.187020
vt 0.081646 0.188119
vt 0.082914 0.187605
vt 0.082895 0.189150
vt 0.081646 0.189628
vt 0.116734 0.165945
vt 0.117089 0.165056
vt 0.116152 0.163482
vt 0.116939 0.163636
vt 0.117138 0.161394
vt 0.116072 0.161394
vt 0.204060 0.002111
vt 0.205349 0.001185
vt 0.205747 0.001789
vt 0.204250 0.002634
vt 0.203089 0.002349
vt 0.203023 0.001872
vt 0.203632 0.001601
vt 0.203031 0.002819
vt 0.204465 0.003192
vt 0.202965 0.003350
vt 0.204676 0.003754
vt 0.202898 0.003892
vt 0.204917 0.004385
vt 0.202828 0.004454
vt 0.205175 0.004973
vt 0.202760 0.005000
vt 0.204815 0.004908
vt 0.202709 0.005411
vt 0.204228 0.004930
vt 0.202654 0.005857
vt 0.115649 0.163178
vt 0.115189 0.161394
vt 0.115302 0.163062
vt 0.114669 0.161394
vt 0.206532 0.003803
vt 0.206944 0.003601
vt 0.206510 0.002944
vt 0.206133 0.002373
vt 0.202750 0.001296
vt 0.203210 0.001098
vt 0.202654 0.001093
vt 0.019075 0.124947
vt 0.019075 0.123929
vt 0.019306 0.123590
vt 0.019523 0.124005
vt 0.019075 0.122917
vt 0.019283 0.122861
vt 0.001952 0.076140
vt 0.001236 0.075929
vt 0.001373 0.075629
vt 0.001952 0.075895
vt 0.001522 0.075302
vt 0.001952 0.075519
vt 0.001669 0.074979
vt 0.001952 0.075134
vt 0.001952 0.074913
s 1
usemtl tripo_mat_996a925d-f5a5-402f-b830-3a2e1e36e639
f 1/1 107/2 108/3 109/4
f 1/1 110/5 111/6 112/7
f 1/1 109/4 113/8 110/5
f 2/9 114/10 108/3 107/2
f 2/9 115/11 116/12 114/10
f 2/9 107/2 117/13 115/11
f 3/14 118/15 119/16 120/17
f 3/18 121/19 122/20 118/21
f 3/18 123/22 124/23 121/19
f 4/24 125/25 126/26 127/27
f 4/24 127/27 128/28 129/29
f 4/30 130/31 131/32 125/33
f 5/34 6/35 132/36 133/37
f 5/38 134/39 135/40 6/41
f 6/41 136/42 137/43 138/44
f 6/35 138/45 139/46 132/36
f 7/47 140/48 141/49 142/50
f 7/47 143/51 144/52 140/48
f 7/47 145/53 146/54 143/51
f 7/55 147/56 148/57 145/58
f 8/59 9/60 149/61 150/62
f 8/63 151/64 139/65 9/66
f 9/67 152/68 153/69 154/70
f 10/71 155/72 156/73 157/74
f 10/71 158/75 159/76 155/72
f 10/77 157/78 160/79 158/80
f 161/81 162/82 163/83 164/84
f 8/85 165/86 166/87 151/88
f 8/89 167/90 168/91 165/92
f 8/93 169/94 170/95 11/96
f 8/97 11/98 171/99 167/100
f 11/101 172/102 173/103 171/104
f 11/96 174/105 175/106 172/107
f 12/108 176/109 177/110 178/111
f 180/112 181/113 176/114 12/115
f 12/108 178/111 179/116 180/117
f 13/118 185/119 186/120 184/121
f 13/118 183/122 14/123 187/124
f 14/125 188/126 189/127 15/128
f 14/129 15/130 190/131 187/132
f 14/133 183/134 191/135 192/136
f 14/133 192/136 193/137 188/138
f 15/128 189/127 194/139 195/140
f 15/130 196/141 197/142 190/131
f 15/128 195/140 198/143 196/144
f 16/145 199/146 187/147 190/148
f 16/149 200/150 18/151 199/152
f 16/149 201/153 202/154 200/150
f 16/149 203/155 204/156 201/153
f 16/145 190/148 197/157 203/158
f 17/159 202/160 201/161 205/162
f 18/163 206/164 207/165 208/166
f 18/167 209/168 210/169 17/159
f 18/170 200/171 211/172 209/173
f 18/151 208/174 185/175 199/152
f 19/176 212/177 213/178 214/179
f 19/176 214/179 215/180 216/181
f 19/182 217/183 218/184 212/185
f 20/186 219/187 220/188 221/189
f 20/186 222/190 223/191 219/187
f 20/186 224/192 225/193 222/190
f 20/186 226/194 227/195 224/192
f 20/186 221/189 228/196 226/194
f 21/197 229/198 230/199 231/200
f 232/201 233/202 229/203 21/204
f 21/197 231/200 22/205 232/206
f 22/205 231/200 234/207 235/208
f 22/205 235/208 236/209 232/206
f 23/210 237/211 238/212 239/213
f 23/210 240/214 241/215 237/211
f 23/210 242/216 243/217 240/214
f 24/218 244/219 245/220 246/221
f 24/218 247/222 248/223 244/219
f 24/224 246/225 249/226 247/227
f 250/228 251/229 25/230 252/231
f 25/230 253/232 254/233 255/234
f 25/230 251/229 256/235 253/232
f 26/236 257/237 258/238 259/239
f 26/236 260/240 261/241 257/237
f 27/242 262/243 263/244 264/245
f 27/246 264/247 265/248 266/249
f 27/242 266/250 267/251 262/243
f 28/252 268/253 269/254 270/255
f 28/256 271/257 272/258 268/259
f 28/256 273/260 274/261 275/262
f 28/256 275/262 29/263 271/257
f 28/252 270/255 276/264 273/265
f 29/263 277/266 278/267 271/257
f 30/268 279/269 280/270 281/271
f 30/268 281/271 282/272 283/273
f 30/274 33/275 284/276 279/277
f 31/278 285/279 286/280 287/281
f 31/278 287/281 288/282 289/283
f 31/278 289/283 290/284 285/279
f 32/285 291/286 292/287 293/288
f 32/285 293/288 290/284 294/289
f 32/285 294/289 295/290 296/291
f 32/292 296/293 284/276 33/275
f 32/285 33/294 30/295 291/286
f 297/296 298/297 299/298 300/299
f 29/300 275/301 301/302 302/303
f 29/304 302/305 303/306 277/307
f 34/308 304/309 305/310 306/311
f 34/308 307/312 308/313 304/309
f 34/308 309/314 310/315 307/312
f 34/308 311/316 312/317 309/314
f 34/308 306/311 313/318 311/316
f 35/319 314/320 315/321 316/322
f 35/319 317/323 305/310 304/309
f 35/319 304/309 308/313 314/320
f 36/324 318/325 313/326 306/327
f 36/328 306/311 305/310 319/329
f 36/328 319/329 320/330 318/331
f 37/332 321/333 322/334 323/335
f 37/332 323/335 324/336 325/337
f 38/338 326/339 327/340 328/341
f 38/338 328/341 312/342 311/343
f 38/338 300/344 299/345 329/346
f 38/338 329/346 39/347 326/339
f 39/347 330/348 331/349 332/350
f 39/347 332/350 333/351 334/352
f 39/347 334/352 335/353 326/339
f 40/354 336/355 337/356 338/357
f 40/358 339/359 340/360 341/361
f 40/358 341/361 331/362 336/363
f 342/364 343/365 344/366 345/367
f 346/368 347/369 348/370 349/371
f 41/372 350/373 351/374 352/375
f 42/376 354/377 350/373 41/372
f 41/372 352/375 353/378 42/376
f 42/376 353/378 355/379 356/380
f 42/376 356/380 357/381 354/377
f 43/382 358/383 351/374 350/373
f 43/382 350/373 354/377 359/384
f 43/382 360/385 361/386 358/383
f 44/387 362/388 360/385 43/382
f 44/387 363/389 364/390 362/388
f 44/387 43/382 359/384 363/389
f 45/391 365/392 366/393 367/394
f 45/395 368/396 369/397 365/398
f 45/399 370/400 371/401 368/402
f 46/403 372/404 373/405 374/406
f 46/407 49/408 375/409 376/410
f 46/403 376/411 377/412 372/404
f 47/413 378/414 379/415 56/416
f 47/413 56/416 380/417 381/418
f 47/413 381/418 382/419 383/420
f 47/413 383/420 384/421 385/422
f 47/413 385/422 386/423 378/414
f 48/424 49/408 387/425 388/426
f 48/424 388/426 389/427 390/428
f 48/424 390/428 375/409 49/408
f 50/429 391/430 392/431 393/432
f 50/429 393/432 389/427 388/426
f 50/429 388/426 387/425 391/430
f 51/433 394/434 376/435 375/436
f 51/437 395/438 396/439 397/440
f 51/433 375/436 390/441 52/442
f 51/437 52/443 398/444 395/438
f 52/445 390/428 389/427 398/446
f 53/447 399/448 400/449 401/450
f 53/447 401/450 402/451 403/452
f 53/447 403/452 404/453 399/448
f 54/454 405/455 406/456 407/457
f 54/454 408/458 409/459 405/455
f 54/454 407/457 410/460 408/458
f 55/461 411/462 412/463 413/464
f 55/465 413/466 414/467 415/468
f 55/465 415/468 416/469 417/470
f 56/416 379/415 418/471 380/417
f 57/472 419/473 420/474 421/475
f 57/472 422/476 423/477 419/473
f 57/472 421/475 424/478 422/476
f 58/479 425/480 426/481 427/482
f 58/479 427/482 428/483 429/484
f 58/479 430/485 431/486 425/480
f 58/479 429/484 432/487 433/488
f 58/479 433/488 434/489 430/485
f 59/490 435/491 436/492 437/493
f 59/490 437/493 438/494 439/495
f 59/490 440/496 441/497 435/491
f 442/498 443/499 444/500 445/501
f 60/502 446/503 447/504 448/505
f 60/502 449/506 450/507 446/503
f 60/502 448/505 451/508 449/506
f 452/509 453/510 454/511 455/512
f 61/513 456/514 457/515 458/516
f 61/513 458/516 459/517 460/518
f 61/519 460/520 461/521 462/522
f 62/523 463/524 464/525 465/526
f 62/523 466/527 467/528 463/524
f 63/529 468/530 469/531 470/532
f 472/533 473/534 468/535 63/536
f 63/536 470/537 471/538 472/533
f 64/539 474/540 475/541 65/542
f 64/543 476/544 477/545 474/546
f 64/547 65/548 478/549 479/550
f 65/551 480/552 481/553 478/554
f 482/555 66/556 483/557 484/558
f 66/556 473/559 472/560 483/557
f 66/561 482/562 485/563 486/564
f 66/565 486/566 487/567 488/568
f 66/565 488/568 489/569 473/534
f 64/543 479/570 490/571 476/544
f 491/572 492/573 493/574 494/575
f 67/576 495/577 496/578 497/579
f 67/576 498/580 499/581 500/582
f 67/576 500/582 501/583 495/577
f 68/584 502/585 499/586 498/587
f 68/584 498/587 314/320 308/313
f 68/584 308/313 307/312 502/585
f 69/588 503/589 497/579 504/590
f 69/588 504/590 505/591 506/592
f 69/588 506/592 507/593 503/589
f 70/594 508/595 509/596 510/597
f 70/594 510/597 511/598 512/599
f 70/594 512/599 513/600 508/595
f 514/601 515/602 516/603 517/604
f 71/605 518/606 519/607 520/608
f 71/605 520/608 521/609 522/610
f 71/605 522/610 523/611 518/606
f 72/612 524/613 525/614 526/615
f 72/612 526/615 527/616 528/617
f 72/612 529/618 530/619 524/613
f 72/612 528/617 531/620 532/621
f 73/622 533/623 534/624 535/625
f 73/622 536/626 537/627 533/623
f 73/622 535/625 538/628 536/626
f 74/629 539/630 540/631 217/632
f 74/629 217/632 19/176 541/633
f 74/629 541/633 542/634 539/630
f 75/635 543/636 544/637 545/638
f 75/635 546/639 547/640 543/636
f 75/635 545/638 548/641 546/639
f 76/642 549/643 550/644 551/645
f 76/642 552/646 553/647 554/648
f 76/642 551/645 555/649 552/646
f 77/650 556/651 557/652 549/653
f 559/654 560/655 556/656 77/657
f 77/658 549/659 558/660 559/661
f 78/662 561/663 545/638 544/637
f 78/662 544/637 562/664 563/665
f 78/662 542/634 541/633 561/663
f 78/662 564/666 565/667 542/634
f 78/662 563/665 566/668 564/666
f 79/669 567/670 568/671 569/672
f 79/669 569/672 570/673 540/631
f 79/669 540/631 539/630 567/670
f 80/674 571/675 81/676 82/677
f 80/674 83/678 572/679 571/675
f 80/680 82/681 84/682 83/683
f 81/684 573/685 574/686 82/687
f 81/688 575/689 576/690 573/691
f 82/692 577/693 578/694 84/695
f 83/678 579/696 580/697 572/679
f 83/698 581/699 582/700 579/701
f 83/698 84/702 578/703 581/699
f 85/704 585/705 586/706 587/707
f 85/704 587/707 212/708 218/709
f 85/710 218/711 570/673 585/712
f 86/713 87/714 588/715 589/716
f 86/717 590/718 591/719 592/720
f 86/721 592/722 593/723 87/724
f 86/717 594/725 595/726 590/718
f 87/727 593/728 596/729 597/730
f 87/727 597/730 180/117 179/116
f 87/727 179/116 598/731 588/732
f 86/733 589/734 587/735 586/736
f 86/733 586/736 88/737 599/738
f 86/733 599/738 146/54 600/739
f 88/740 586/706 585/705 601/741
f 88/737 602/742 603/743 599/738
f 89/744 584/745 604/746 605/747
f 89/748 605/749 606/750 607/751
f 89/752 607/753 608/754 609/755
f 89/756 609/757 610/758 583/759
f 90/760 611/761 604/762 584/763
f 90/764 607/765 606/766 611/767
f 90/768 612/769 608/770 607/771
f 90/772 583/773 610/774 612/775
f 601/776 569/672 568/671 88/737
f 91/777 613/778 614/779 615/780
f 91/777 602/742 88/737 568/671
f 91/777 615/780 616/781 602/742
f 92/782 617/783 618/784 619/785
f 620/786 621/787 622/788 623/789
f 93/790 624/791 625/792 626/793
f 93/794 626/795 627/796 628/797
f 94/798 103/799 629/800 104/801
f 94/802 630/803 631/804 632/805
f 94/802 632/805 633/806 103/807
f 634/808 635/809 104/810 629/811
f 95/812 636/813 637/814 638/815
f 95/812 639/816 640/817 636/813
f 95/812 638/815 641/818 639/816
f 96/819 642/820 643/821 644/822
f 96/823 644/824 645/825 646/826
f 96/819 646/827 647/828 642/820
f 97/829 615/780 614/779 648/830
f 97/829 648/830 649/831 650/832
f 97/829 650/832 616/781 615/780
f 98/833 651/834 652/835 653/836
f 98/833 654/837 655/838 651/834
f 98/833 121/19 124/23 654/837
f 99/839 656/840 657/841 101/842
f 99/843 658/844 659/845 656/846
f 99/843 101/847 660/848 658/844
f 100/849 661/850 424/478 421/475
f 100/851 101/842 657/841 662/852
f 100/849 662/853 663/854 661/850
f 100/849 421/475 420/474 664/855
f 100/849 664/855 660/848 101/847
f 102/856 665/857 666/858 667/859
f 102/856 667/859 668/860 669/861
f 102/856 669/861 670/862 665/857
f 103/863 633/864 671/865 629/866
f 104/810 635/809 672/867 673/868
f 105/869 674/870 675/871 676/872
f 105/869 677/873 678/874 674/870
f 105/869 676/872 679/875 677/873
f 106/876 680/877 681/878 682/879
f 633/806 683/880 680/881 106/882
f 106/876 682/879 671/865 633/864
f 683/880 684/883 685/884 680/881
f 683/880 633/806 632/805 686/885
f 683/880 686/885 687/886 684/883
f 687/886 688/887 689/888 684/883
f 687/889 686/890 690/891 691/892
f 687/886 691/893 679/875 688/887
f 691/892 690/891 692/894 693/895
f 691/893 693/896 677/873 679/875
f 693/896 692/897 694/898 695/899
f 693/896 695/899 678/874 677/873
f 695/899 694/898 696/900 697/901
f 695/899 697/901 698/902 678/874
f 698/902 699/903 674/870 678/874
f 698/902 697/901 700/904 663/854
f 698/902 663/854 662/853 699/903
f 700/904 697/901 696/900 701/905
f 700/904 701/905 702/906 703/907
f 700/904 703/907 661/850 663/854
f 703/907 702/906 704/908 705/909
f 703/907 705/909 424/478 661/850
f 705/909 704/908 706/910 707/911
f 705/909 707/911 422/476 424/478
f 707/911 706/910 708/912 709/913
f 707/911 709/913 423/477 422/476
f 709/914 708/915 366/393 365/392
f 709/913 365/398 369/397 423/477
f 708/915 710/916 711/917 366/393
f 708/915 706/918 712/919 710/916
f 712/919 713/920 714/921 710/916
f 712/919 706/918 704/922 715/923
f 712/919 715/923 431/486 713/920
f 715/923 704/922 702/924 716/925
f 715/923 716/925 425/480 431/486
f 716/925 702/924 701/926 717/927
f 716/925 717/927 426/481 425/480
f 717/927 701/926 696/928 718/929
f 717/927 718/929 668/860 426/481
f 718/929 696/928 694/930 719/931
f 718/929 719/931 669/861 668/860
f 719/932 694/898 692/897 720/933
f 719/931 720/934 670/862 669/861
f 720/933 692/897 690/935 631/804
f 720/934 631/936 630/937 670/862
f 714/921 721/938 722/939 723/940
f 714/921 723/940 711/917 710/916
f 714/921 713/920 724/941 721/938
f 724/941 725/942 726/943 721/938
f 724/941 713/920 431/486 430/485
f 724/941 430/485 434/489 725/942
f 726/944 727/945 372/404 377/412
f 726/943 377/946 722/939 721/938
f 726/944 725/947 728/948 727/945
f 728/948 729/949 730/950 727/945
f 728/948 725/947 434/951 731/952
f 728/948 731/952 732/953 729/949
f 732/953 733/954 734/955 729/949
f 732/953 731/952 451/508 448/505
f 732/953 448/505 447/504 733/954
f 734/955 735/956 736/957 737/958
f 734/955 737/958 730/950 729/949
f 734/955 733/954 738/959 735/956
f 738/959 739/960 740/961 735/956
f 738/959 733/954 447/504 741/962
f 738/959 741/962 742/963 739/960
f 742/964 743/965 744/966 739/967
f 742/964 741/968 745/969 746/970
f 742/964 746/970 747/971 743/965
f 747/972 748/973 749/974 743/975
f 747/971 746/970 750/976 751/977
f 747/972 751/978 752/979 748/973
f 752/979 753/980 754/981 748/973
f 752/979 751/978 755/982 440/983
f 752/984 440/496 59/490 753/985
f 755/986 751/977 750/976 756/987
f 755/986 756/987 757/988 758/989
f 755/990 758/991 441/497 440/496
f 758/989 757/988 759/992 760/993
f 758/991 760/994 761/995 441/497
f 761/996 762/997 435/998 441/999
f 761/995 760/994 763/1000 764/1001
f 761/995 764/1001 765/1002 762/1003
f 765/1004 445/501 444/500 762/997
f 765/1002 764/1001 766/1005 767/1006
f 765/1004 767/1007 768/1008 445/501
f 768/1008 769/1009 442/498 445/501
f 768/1008 767/1007 770/1010 771/1011
f 768/1008 771/1011 772/1012 769/1009
f 772/1012 773/1013 774/1014 769/1009
f 772/1012 771/1011 775/1015 776/1016
f 772/1012 776/1016 777/1017 773/1013
f 777/1017 778/1018 779/1019 773/1013
f 777/1017 776/1016 780/1020 781/1021
f 777/1017 781/1021 782/1022 778/1018
f 782/1022 783/1023 784/1024 778/1018
f 782/1022 781/1021 785/1025 786/1026
f 782/1022 786/1026 787/1027 783/1023
f 787/1028 788/1029 789/1030 783/1031
f 787/1027 786/1026 521/609 790/1032
f 787/1028 790/1033 791/1034 788/1029
f 791/1034 792/1035 793/1036 788/1029
f 791/1034 790/1033 794/1037 795/1038
f 791/1034 795/1038 796/1039 792/1035
f 796/1039 797/1040 798/1041 792/1035
f 796/1039 795/1038 559/654 799/1042
f 796/1039 799/1042 800/1043 797/1040
f 800/1043 481/553 801/1044 797/1040
f 800/1043 799/1042 802/1045 803/1046
f 800/1043 803/1046 478/554 481/553
f 803/1047 802/1048 804/1049 805/1050
f 803/1047 805/1050 479/550 478/549
f 805/1051 804/1052 806/1053 807/1054
f 805/1051 807/1054 490/571 479/570
f 807/1054 806/1053 808/1055 809/1056
f 807/1054 809/1056 810/1057 490/571
f 810/1057 809/1056 494/1058 493/1059
f 810/1057 493/1059 811/1060 812/1061
f 810/1057 812/1061 476/544 490/571
f 812/1061 811/1060 813/1062 814/1063
f 812/1061 814/1063 477/545 476/544
f 814/1064 813/1065 815/1066 816/1067
f 814/1063 816/1068 817/1069 477/545
f 817/1069 818/1070 474/546 477/545
f 817/1069 816/1068 819/1071 820/1072
f 817/1073 820/1074 821/1075 818/1076
f 821/1075 822/1077 823/1078 818/1076
f 821/1075 820/1074 487/567 486/566
f 821/1075 486/566 485/1079 822/1077
f 823/1078 517/604 824/1080 475/541
f 823/1078 475/541 474/540 818/1076
f 823/1078 822/1077 514/601 517/604
f 824/1080 517/604 516/603 825/1081
f 824/1080 825/1081 826/1082 827/1083
f 824/1080 827/1083 65/542 475/541
f 827/1084 826/1085 828/1086 829/1087
f 827/1084 829/1087 480/552 65/551
f 829/1087 828/1086 830/1088 831/1089
f 829/1090 831/1091 832/1092 480/1093
f 832/1092 831/1091 833/1094 834/1095
f 832/1096 834/1097 835/1098 801/1044
f 832/1096 801/1044 481/553 480/552
f 835/1098 834/1097 509/596 508/595
f 835/1098 508/595 513/600 798/1041
f 835/1098 798/1041 797/1040 801/1044
f 834/1095 833/1094 836/1099 509/1100
f 836/1099 833/1094 837/1101 838/1102
f 836/1099 838/1102 839/1103 840/1104
f 836/1099 840/1104 510/1105 509/1100
f 840/1106 839/1107 841/1108 842/1109
f 840/1106 842/1109 511/598 510/597
f 842/1109 841/1108 843/1110 844/1111
f 842/1109 844/1111 845/1112 511/598
f 845/1112 844/1111 846/1113 847/1114
f 845/1112 847/1114 789/1030 848/1115
f 845/1112 848/1115 512/599 511/598
f 848/1115 789/1030 788/1029 793/1036
f 848/1115 793/1036 513/600 512/599
f 847/1114 846/1113 849/1116 784/1117
f 847/1114 784/1117 783/1031 789/1030
f 849/1116 846/1113 850/1118 851/1119
f 849/1120 851/1121 852/1122 779/1019
f 849/1120 779/1019 778/1018 784/1024
f 852/1122 851/1121 853/1123 854/1124
f 852/1122 854/1124 443/499 774/1014
f 852/1122 774/1014 773/1013 779/1019
f 854/1125 853/1126 437/493 436/492
f 854/1124 436/1127 444/500 443/499
f 853/1126 855/1128 438/494 437/493
f 853/1126 851/1119 850/1118 855/1128
f 855/1128 856/1129 857/1130 438/494
f 855/1128 850/1118 843/1110 856/1129
f 857/1130 858/1131 859/1132 860/1133
f 857/1130 860/1133 439/495 438/494
f 857/1130 856/1129 861/1134 858/1131
f 861/1134 862/1135 863/1136 858/1131
f 861/1134 856/1129 843/1110 841/1108
f 861/1134 841/1108 839/1107 862/1135
f 863/1137 864/1138 865/1139 866/1140
f 863/1136 866/1141 859/1132 858/1131
f 863/1137 862/1142 867/1143 864/1138
f 867/1143 868/1144 869/1145 864/1138
f 867/1143 862/1142 839/1103 838/1102
f 867/1143 838/1102 837/1101 868/1144
f 869/1145 870/1146 871/1147 872/1148
f 869/1145 872/1148 865/1139 864/1138
f 869/1145 868/1144 873/1149 870/1146
f 873/1150 874/1151 875/1152 870/1153
f 873/1149 868/1144 837/1101 830/1154
f 873/1150 830/1088 828/1086 874/1151
f 875/1152 457/515 456/514 876/1155
f 875/1152 876/1155 871/1156 870/1153
f 875/1152 874/1151 877/1157 457/515
f 877/1158 878/1159 458/1160 457/1161
f 877/1157 874/1151 828/1086 826/1085
f 877/1158 826/1082 825/1081 878/1159
f 878/1162 879/1163 459/517 458/516
f 878/1159 825/1081 516/603 879/1164
f 879/1165 516/1166 515/1167 484/558
f 879/1165 484/558 483/557 459/1168
f 876/1155 456/514 880/1169 881/1170
f 876/1155 881/1170 882/1171 871/1156
f 882/1172 881/1173 883/1174 884/1175
f 882/1176 884/1177 885/1178 886/1179
f 882/1176 886/1179 872/1148 871/1147
f 886/1179 885/1178 887/1180 888/1181
f 886/1179 888/1181 865/1139 872/1148
f 888/1181 887/1180 889/1182 890/1183
f 888/1181 890/1183 866/1140 865/1139
f 890/1184 889/1185 453/1186 891/1187
f 890/1184 891/1187 859/1132 866/1141
f 891/1188 453/510 452/509 892/1189
f 891/1187 892/1190 860/1133 859/1132
f 892/1189 452/509 455/512 893/1191
f 892/1190 893/1192 439/495 860/1133
f 893/1191 455/512 754/981 753/980
f 893/1192 753/985 59/490 439/495
f 889/1182 887/1180 894/1193 895/1194
f 889/1185 895/1195 454/1196 453/1186
f 895/1194 894/1193 896/1197 897/1198
f 895/1199 897/1200 898/1201 454/511
f 898/1201 897/1200 899/1202 749/974
f 898/1201 749/974 748/973 754/981
f 898/1201 754/981 455/512 454/511
f 899/1203 897/1204 896/1205 900/1206
f 899/1202 900/1207 901/1208 744/1209
f 899/1202 744/1209 743/975 749/974
f 901/1210 900/1211 412/463 902/1212
f 901/1210 902/1212 903/1213 740/1214
f 901/1210 740/1214 739/967 744/966
f 903/1213 902/1212 904/1215 905/1216
f 903/1217 905/1218 906/1219 736/957
f 903/1217 736/957 735/956 740/961
f 906/1219 905/1218 380/1220 418/1221
f 906/1219 418/1221 907/1222 908/1223
f 906/1219 908/1223 737/958 736/957
f 908/1223 907/1222 374/406 373/405
f 908/1223 373/405 730/950 737/958
f 907/1224 418/471 379/415 909/1225
f 907/1222 909/1226 910/1227 374/406
f 909/1226 379/1228 378/1229 911/1230
f 909/1226 911/1230 912/1231 910/1227
f 912/1232 911/1233 913/1234 914/1235
f 912/1232 914/1235 391/430 387/425
f 912/1232 387/425 49/408 910/1236
f 914/1235 913/1234 915/1237 916/1238
f 914/1235 916/1238 392/431 391/430
f 916/1238 915/1237 917/1239 918/1240
f 916/1238 918/1240 919/1241 392/431
f 919/1242 918/1243 920/1244 344/1245
f 919/1242 344/1245 343/1246 921/1247
f 919/1241 921/1248 393/432 392/431
f 921/1247 343/1246 395/1249 398/1250
f 921/1248 398/446 389/427 393/432
f 920/1251 340/360 339/359 922/1252
f 920/1251 922/1252 345/367 344/366
f 920/1253 918/1254 917/1255 340/1256
f 922/1252 339/359 923/1257 924/1258
f 922/1252 924/1258 925/1259 345/367
f 925/1260 396/1261 342/1262 345/1263
f 925/1259 924/1258 926/1264 927/1265
f 925/1260 927/1266 397/1267 396/1261
f 927/1265 926/1264 367/1268 928/1269
f 927/1265 928/1269 929/1270 397/440
f 929/1270 394/1271 51/437 397/440
f 929/1272 928/1273 711/1274 723/1275
f 929/1272 723/1275 722/1276 394/1277
f 928/1273 367/1278 366/1279 711/1274
f 926/1264 924/1258 923/1257 930/1280
f 926/1264 930/1280 45/1281 367/1268
f 930/1280 923/1257 931/1282 932/1283
f 930/1280 932/1283 370/1284 45/1281
f 932/1283 931/1282 933/1285 934/1286
f 932/1283 934/1286 935/1287 370/1284
f 935/1288 934/1289 936/1290 937/1291
f 935/1292 937/1293 938/1294 939/1295
f 935/1287 939/1296 371/1297 370/1284
f 939/1295 938/1294 940/1298 941/1299
f 939/1296 941/1300 942/1301 371/1297
f 942/1302 943/1303 368/396 371/1304
f 942/1305 941/1306 944/1307 945/1308
f 942/1309 945/1310 946/1311 943/1312
f 946/1313 947/1314 948/1315 943/1303
f 946/1311 945/1310 949/1316 950/1317
f 946/1311 950/1317 951/1318 947/1319
f 951/1320 664/855 420/474 947/1314
f 951/1318 950/1317 952/1321 953/1322
f 951/1320 953/1323 660/848 664/855
f 953/1322 952/1321 954/1324 955/1325
f 953/1323 955/1326 658/844 660/848
f 955/1325 954/1324 956/1327 957/1328
f 955/1326 957/1329 659/845 658/844
f 957/1328 956/1327 122/20 958/1330
f 957/1328 958/1330 959/1331 659/1332
f 959/1331 958/1330 98/833 653/836
f 959/1331 653/836 960/1333 961/1334
f 959/1335 961/1336 656/846 659/845
f 961/1336 960/1337 675/871 962/1338
f 961/1336 962/1338 657/1339 656/846
f 962/1338 675/871 674/870 699/903
f 962/1338 699/903 662/853 657/1339
f 960/1333 653/836 652/835 963/1340
f 960/1337 963/1341 676/872 675/871
f 963/1341 652/1342 689/888 688/887
f 963/1341 688/887 679/875 676/872
f 958/1330 122/20 121/19 98/833
f 956/1343 954/1344 964/1345 965/1346
f 956/1327 965/1347 118/21 122/20
f 965/1346 964/1345 966/1348 967/1349
f 965/1346 967/1349 119/16 118/15
f 967/1349 966/1348 968/1350 969/1351
f 967/1349 969/1351 970/1352 119/16
f 970/1352 969/1351 971/1353 972/1354
f 970/1352 972/1354 973/1355 974/1356
f 970/1352 974/1356 120/17 119/16
f 974/1356 973/1355 115/11 117/13
f 974/1356 117/13 975/1357 120/17
f 975/1357 1/1 112/7 976/1358
f 975/1357 976/1358 3/14 120/17
f 975/1357 117/13 107/2 1/1
f 976/1359 112/1360 977/1361 978/1362
f 976/1359 978/1362 123/1363 3/1364
f 978/1362 977/1361 979/1365 980/1366
f 978/1362 980/1366 981/1367 123/1363
f 981/1367 980/1366 982/1368 983/1369
f 981/1367 983/1369 984/1370 985/1371
f 981/1367 985/1371 124/1372 123/1363
f 985/1371 984/1370 986/1373 987/1374
f 985/1371 987/1374 654/1375 124/1372
f 987/1374 986/1373 988/1376 989/1377
f 987/1374 989/1377 655/1378 654/1375
f 989/1379 988/1380 990/1381 991/1382
f 989/1379 991/1382 992/1383 655/1384
f 992/1383 991/1382 993/1385 994/1386
f 992/1383 994/1386 685/1387 995/1388
f 992/1389 995/1390 651/834 655/838
f 995/1391 685/884 684/883 689/888
f 995/1390 689/1392 652/835 651/834
f 994/1386 993/1385 996/1393 681/878
f 994/1386 681/878 680/877 685/1387
f 996/1393 993/1385 997/1394 998/1395
f 996/1393 998/1395 999/1396 1000/1397
f 996/1393 1000/1397 682/879 681/878
f 1000/1397 999/1396 1001/1398 1002/1399
f 1000/1397 1002/1399 1003/1400 682/879
f 1003/1401 1002/1402 531/620 528/617
f 1003/1401 528/617 527/616 1004/1403
f 1003/1401 1004/1403 671/1404 682/1405
f 1004/1403 527/616 635/809 634/808
f 1004/1406 634/1407 629/866 671/865
f 1002/1399 1001/1398 1005/1408 531/1409
f 1005/1408 1001/1398 1006/1410 1007/1411
f 1005/1412 1007/1413 1008/1414 1009/1415
f 1005/1412 1009/1415 532/1416 531/1417
f 1009/1415 1008/1414 1010/1418 1011/1419
f 1009/1415 1011/1419 1012/1420 532/1416
f 1012/1420 1011/1419 1013/1421 1014/1422
f 1012/1420 1014/1422 1015/1423 529/1424
f 1012/1425 529/618 72/612 532/621
f 1015/1423 1014/1422 1016/1426 1017/1427
f 1015/1423 1017/1427 1018/1428 1019/1429
f 1015/1430 1019/1431 530/619 529/618
f 1019/1432 1018/1433 1020/1434 1021/1435
f 1019/1431 1021/1436 1022/1437 530/619
f 1022/1437 1023/1438 524/613 530/619
f 1022/1439 1021/1435 1024/1440 1025/1441
f 1022/1437 1025/1442 1026/1443 1023/1438
f 1026/1444 1027/1445 780/1020 1028/1446
f 1026/1443 1028/1447 1029/1448 1023/1438
f 1026/1444 1025/1441 523/611 1027/1445
f 1029/1448 1028/1447 775/1449 1030/1450
f 1029/1448 1030/1450 1031/1451 525/614
f 1029/1448 525/614 524/613 1023/1438
f 1031/1451 1030/1450 770/1452 1032/1453
f 1031/1451 1032/1453 673/868 672/867
f 1031/1451 672/867 526/615 525/614
f 1032/1453 770/1452 767/1006 766/1005
f 1032/1453 766/1005 1033/1454 673/868
f 1033/1454 766/1005 764/1001 763/1000
f 1033/1455 763/1456 1034/1457 1035/1458
f 1033/1454 1035/1459 104/810 673/868
f 1035/1460 1034/1461 1036/1462 1037/1463
f 1035/1460 1037/1463 94/798 104/801
f 1037/1463 1036/1462 1038/1464 1039/1465
f 1037/1466 1039/1467 630/1468 94/1469
f 1039/1465 1038/1464 666/858 665/857
f 1039/1465 665/857 670/862 630/937
f 1038/1464 1036/1462 1040/1470 1041/1471
f 1038/1464 1041/1471 428/483 666/858
f 1041/1471 1040/1470 1042/1472 1043/1473
f 1041/1471 1043/1473 429/484 428/483
f 1043/1473 1042/1472 1044/1474 1045/1475
f 1043/1473 1045/1475 432/487 429/484
f 1045/1476 1044/1477 1046/1478 450/507
f 1045/1475 450/1479 449/1480 432/487
f 1046/1481 750/976 746/970 745/969
f 1046/1478 745/1482 446/503 450/507
f 1046/1478 1044/1477 756/1483 750/1484
f 1044/1474 1042/1472 757/988 756/987
f 1042/1472 1040/1470 759/992 757/988
f 1040/1470 1036/1462 1034/1461 759/992
f 1034/1457 763/1456 760/1485 759/1486
f 1030/1450 775/1449 771/1487 770/1452
f 1028/1446 780/1020 776/1016 775/1015
f 1027/1445 785/1025 781/1021 780/1020
f 1027/1445 523/611 522/610 785/1025
f 1025/1441 1024/1440 518/606 523/611
f 1024/1440 1021/1435 1020/1434 1047/1488
f 1024/1440 1047/1488 519/607 518/606
f 1047/1488 1020/1434 557/652 556/651
f 1047/1488 556/651 560/1489 519/607
f 1020/1434 1018/1433 1048/1490 557/652
f 1048/1491 1018/1428 1017/1427 1049/1492
f 1048/1491 1049/1492 1050/1493 550/1494
f 1048/1495 550/644 549/643 557/1496
f 1050/1493 1049/1492 1051/1497 1052/1498
f 1050/1493 1052/1498 1053/1499 1054/1500
f 1050/1501 1054/1502 551/645 550/644
f 1054/1502 1053/1503 1055/1504 1056/1505
f 1054/1502 1056/1505 555/649 551/645
f 1056/1505 1055/1504 1057/1506 1058/1507
f 1056/1505 1058/1507 1059/1508 555/649
f 1059/1508 1058/1507 1060/1509 1061/1510
f 1059/1508 1061/1510 1062/1511 1063/1512
f 1059/1508 1063/1512 552/646 555/649
f 1063/1512 1062/1511 1064/1513 1065/1514
f 1063/1512 1065/1514 553/647 552/646
f 1065/1514 1064/1513 1066/1515 1067/1516
f 1065/1514 1067/1516 1068/1517 553/647
f 1068/1517 1069/1518 554/648 553/647
f 1068/1517 1067/1516 1070/1519 1071/1520
f 1068/1517 1071/1520 1072/1521 1069/1518
f 1072/1521 1073/1522 1074/1523 1069/1518
f 1072/1521 1071/1520 1075/1524 1076/1525
f 1072/1521 1076/1525 1077/1526 1073/1522
f 1077/1526 1078/1527 1079/1528 1073/1522
f 1077/1529 1076/1530 1080/1531 1081/1532
f 1077/1529 1081/1532 1082/1533 1078/1534
f 1082/1533 492/573 491/572 1078/1534
f 1082/1533 1081/1532 1083/1535 1084/1536
f 1082/1533 1084/1536 1085/1537 492/573
f 1085/1538 811/1060 493/1059 492/1539
f 1085/1538 1084/1540 1086/1541 1087/1542
f 1085/1538 1087/1542 813/1062 811/1060
f 1087/1542 1086/1541 1088/1543 1089/1544
f 1087/1545 1089/1546 815/1066 813/1065
f 1089/1546 1088/1547 1090/1548 1091/1549
f 1089/1546 1091/1549 1092/1550 815/1066
f 1092/1551 819/1071 816/1068 815/1552
f 1092/1550 1091/1549 495/1553 501/1554
f 1092/1551 501/1555 1093/1556 819/1071
f 1093/1556 487/1557 820/1072 819/1071
f 1093/1556 501/1555 500/1558 1094/1559
f 1093/1556 1094/1559 488/1560 487/1557
f 1094/1559 500/1558 499/586 1095/1561
f 1094/1559 1095/1561 489/1562 488/1560
f 1095/1561 499/586 502/585 1096/1563
f 1095/1561 1096/1563 1097/1564 489/1562
f 1097/1565 468/535 473/534 489/569
f 1097/1564 1096/1563 310/315 1098/1566
f 1097/1564 1098/1566 469/531 468/530
f 1098/1566 310/315 309/314 1099/1567
f 1098/1566 1099/1567 1100/1568 469/531
f 1100/1568 1101/1569 470/532 469/531
f 1100/1568 1099/1567 1102/1570 1103/1571
f 1100/1572 1103/1573 1104/1574 1101/1575
f 1104/1574 1105/1576 1106/1577 1101/1575
f 1104/1574 1103/1573 1107/1578 1108/1579
f 1104/1580 1108/1581 1109/1582 1105/1583
f 1109/1582 1110/1584 1111/1585 1105/1583
f 1109/1582 1108/1581 1112/1586 1113/1587
f 1109/1582 1113/1587 1114/1588 1110/1584
f 1114/1589 1115/1590 1116/1591 1110/1592
f 1114/1588 1113/1587 1117/1593 1118/1594
f 1114/1589 1118/1595 1119/1596 1115/1590
f 1119/1596 1120/1597 1121/1598 1115/1590
f 1119/1599 1118/1600 1122/1601 1123/1602
f 1119/1596 1123/1603 1124/1604 1120/1597
f 1124/1604 1125/1605 1126/1606 1120/1597
f 1124/1604 1123/1603 1127/1607 1128/1608
f 1124/1604 1128/1608 1129/1609 1125/1605
f 1129/1609 410/460 1130/1610 1125/1605
f 1129/1609 1128/1608 1131/1611 1132/1612
f 1129/1609 1132/1612 408/458 410/460
f 1132/1612 1131/1611 1133/1613 1134/1614
f 1132/1612 1134/1614 409/459 408/458
f 1134/1614 1133/1613 1135/1615 1136/1616
f 1134/1614 1136/1616 1137/1617 409/459
f 1137/1617 1138/1618 405/455 409/459
f 1137/1617 1136/1616 1139/1619 1140/1620
f 1137/1617 1140/1620 1141/1621 1138/1618
f 1141/1621 1142/1622 1143/1623 1138/1618
f 1141/1621 1140/1620 464/525 463/524
f 1141/1621 463/524 467/528 1142/1622
f 1143/1623 1144/1624 1145/1625 406/456
f 1143/1623 406/456 405/455 1138/1618
f 1143/1623 1142/1622 1146/1626 1144/1624
f 1146/1626 324/336 402/451 1144/1624
f 1146/1626 1142/1622 467/528 1147/1627
f 1146/1626 1147/1627 325/337 324/336
f 1147/1627 467/528 466/527 1148/1628
f 1147/1627 1148/1628 1149/1629 325/337
f 1149/1629 1148/1628 1150/1630 1151/1631
f 1149/1629 1151/1631 1152/1632 321/333
f 1149/1629 321/333 37/332 325/337
f 1152/1632 1151/1631 1153/1633 1154/1634
f 1152/1632 1154/1634 1155/1635 1156/1636
f 1152/1632 1156/1636 322/334 321/333
f 1156/1636 1155/1635 1157/1637 1158/1638
f 1156/1636 1158/1638 404/453 322/334
f 1158/1638 1157/1637 1159/1639 1160/1640
f 1158/1638 1160/1640 399/448 404/453
f 1160/1640 1159/1639 1126/1606 1161/1641
f 1160/1640 1161/1641 400/449 399/448
f 1161/1641 1126/1606 1125/1605 1130/1610
f 1161/1641 1130/1610 1162/1642 400/449
f 1162/1642 1145/1625 401/450 400/449
f 1162/1642 1130/1610 410/460 407/457
f 1162/1642 407/457 406/456 1145/1625
f 1159/1639 1157/1637 1163/1643 1121/1598
f 1159/1639 1121/1598 1120/1597 1126/1606
f 1163/1643 1157/1637 1155/1635 1164/1644
f 1163/1643 1164/1644 1165/1645 1116/1591
f 1163/1643 1116/1591 1115/1590 1121/1598
f 1165/1645 1164/1644 1166/1646 1167/1647
f 1165/1648 1167/1649 1168/1650 1111/1651
f 1165/1645 1111/1652 1110/1592 1116/1591
f 1168/1650 1167/1649 1169/1653 1170/1654
f 1168/1650 1170/1654 1171/1655 1106/1656
f 1168/1650 1106/1656 1105/1657 1111/1651
f 1171/1658 1170/1659 1172/1660 1173/1661
f 1171/1658 1173/1661 471/538 470/537
f 1171/1658 470/537 1101/1662 1106/1663
f 1173/1661 1172/1660 1174/1664 1175/1665
f 1173/1661 1175/1665 461/521 471/538
f 1175/1665 1174/1664 1176/1666 1177/1667
f 1175/1665 1177/1667 462/522 461/521
f 1177/1668 1176/1669 1178/1670 1179/1671
f 1177/1668 1179/1671 1180/1672 462/1673
f 1180/1672 1179/1671 1181/1674 1182/1675
f 1180/1672 1182/1675 1183/1676 1184/1677
f 1180/1678 1184/1679 61/513 462/1680
f 1184/1677 1183/1676 1185/1681 880/1682
f 1184/1679 880/1169 456/514 61/513
f 1185/1681 1183/1676 1186/1683 1187/1684
f 1185/1681 1187/1684 416/469 883/1174
f 1185/1681 883/1174 881/1173 880/1682
f 1187/1684 1186/1683 1188/1685 1189/1686
f 1187/1684 1189/1686 417/470 416/469
f 1189/1686 1188/1685 1190/1687 1191/1688
f 1189/1686 1191/1688 1192/1689 417/470
f 1192/1690 1191/1691 1193/1692 1194/1693
f 1192/1694 1194/1695 1195/1696 1196/1697
f 1192/1694 1196/1697 55/461 417/1698
f 1196/1697 1195/1696 383/420 382/419
f 1196/1697 382/419 411/462 55/461
f 1195/1699 1194/1693 1197/1700 1198/1701
f 1195/1699 1198/1701 384/1702 383/1703
f 1198/1701 1197/1700 1199/1704 335/1705
f 1198/1701 335/1705 334/1706 384/1702
f 1199/1704 1200/1707 1201/1708 327/1709
f 1199/1710 327/340 326/339 335/353
f 1199/1704 1197/1700 1202/1711 1200/1707
f 1202/1711 1203/1712 1204/1713 1200/1707
f 1202/1711 1197/1700 1194/1693 1193/1692
f 1202/1711 1193/1692 1205/1714 1203/1712
f 1205/1714 1206/1715 1207/1716 1203/1712
f 1205/1714 1193/1692 1191/1691 1190/1717
f 1205/1714 1190/1717 1208/1718 1206/1715
f 1208/1718 1209/1719 1210/1720 1206/1715
f 1208/1721 1190/1687 1188/1685 1211/1722
f 1208/1721 1211/1722 1212/1723 1209/1724
f 1212/1725 1213/1726 1214/1727 1209/1728
f 1212/1723 1211/1722 1215/1729 1216/1730
f 1212/1723 1216/1730 1217/1731 1213/1732
f 1217/1731 1218/1733 1219/1734 1213/1732
f 1217/1731 1216/1730 1181/1674 1220/1735
f 1217/1731 1220/1735 1221/1736 1218/1733
f 1221/1737 1222/1738 1135/1615 1218/1739
f 1221/1736 1220/1735 1178/1670 1223/1740
f 1221/1736 1223/1740 1224/1741 1222/1742
f 1224/1743 1225/1744 1139/1619 1222/1738
f 1224/1741 1223/1740 1226/1745 1227/1746
f 1224/1743 1227/1747 1228/1748 1225/1744
f 1228/1748 465/526 464/525 1225/1744
f 1228/1748 1227/1747 1229/1749 1230/1750
f 1228/1748 1230/1750 1231/1751 465/526
f 1231/1751 466/527 62/523 465/526
f 1231/1751 1230/1750 1232/1752 1150/1630
f 1231/1751 1150/1630 1148/1628 466/527
f 1232/1752 1230/1750 1229/1749 1233/1753
f 1232/1752 1233/1753 1234/1754 1153/1633
f 1232/1752 1153/1633 1151/1631 1150/1630
f 1234/1755 1233/1756 1235/1757 1169/1758
f 1234/1754 1169/1759 1167/1647 1166/1646
f 1234/1754 1166/1646 1154/1634 1153/1633
f 1235/1757 1233/1756 1229/1760 1236/1761
f 1235/1757 1236/1761 1174/1664 1172/1660
f 1235/1757 1172/1660 1170/1659 1169/1758
f 1236/1761 1229/1760 1227/1762 1226/1763
f 1236/1761 1226/1763 1176/1666 1174/1664
f 1226/1764 1223/1765 1178/1766 1176/1767
f 1225/1744 464/525 1140/1620 1139/1619
f 1222/1738 1139/1619 1136/1616 1135/1615
f 1220/1735 1181/1674 1179/1671 1178/1670
f 1219/1768 1133/1613 1131/1611 1237/1769
f 1219/1734 1237/1770 1214/1771 1213/1732
f 1219/1768 1218/1739 1135/1615 1133/1613
f 1237/1769 1131/1611 1128/1608 1127/1607
f 1237/1772 1127/1773 1238/1774 1214/1775
f 1238/1774 1127/1773 1123/1602 1122/1601
f 1238/1774 1122/1601 1239/1776 1210/1720
f 1238/1777 1210/1778 1209/1728 1214/1727
f 1239/1776 1122/1601 1118/1600 1117/1779
f 1239/1776 1117/1779 1240/1780 1207/1716
f 1239/1776 1207/1716 1206/1715 1210/1720
f 1240/1781 1117/1593 1113/1587 1112/1586
f 1240/1780 1112/1782 1241/1783 1204/1713
f 1240/1780 1204/1713 1203/1712 1207/1716
f 1241/1784 1112/1586 1108/1581 1107/1785
f 1241/1784 1107/1785 1242/1786 1201/1787
f 1241/1783 1201/1708 1200/1707 1204/1713
f 1242/1786 1107/1785 1103/1788 1102/1789
f 1242/1786 1102/1789 312/342 328/341
f 1242/1786 328/341 327/340 1201/1787
f 1216/1730 1215/1729 1182/1675 1181/1674
f 1215/1729 1211/1722 1188/1685 1186/1683
f 1215/1729 1186/1683 1183/1676 1182/1675
f 1166/1646 1164/1644 1155/1635 1154/1634
f 1145/1625 1144/1624 402/451 401/450
f 1102/1570 1099/1567 309/314 312/317
f 1096/1563 502/585 307/312 310/315
f 1091/1549 1090/1548 496/1790 495/1553
f 1090/1791 1088/1543 1243/1792 1244/1793
f 1090/1791 1244/1793 1245/1794 496/1795
f 1245/1794 1244/1793 1246/1796 1247/1797
f 1245/1798 1247/1799 505/591 504/590
f 1245/1798 504/590 497/579 496/578
f 1247/1797 1246/1796 1248/1800 1249/1801
f 1247/1799 1249/1802 1250/1803 505/591
f 1250/1803 1249/1802 1251/1804 288/282
f 1250/1803 288/282 287/281 1252/1805
f 1250/1803 1252/1805 506/592 505/591
f 1252/1805 287/281 286/280 1253/1806
f 1252/1805 1253/1806 507/593 506/592
f 1253/1806 286/280 270/255 269/254
f 1253/1806 269/254 316/1807 507/593
f 1251/1808 1249/1801 1248/1800 1254/1809
f 1251/1808 1254/1809 1255/1810 1256/1811
f 1251/1804 1256/1812 289/283 288/282
f 1256/1811 1255/1810 295/1813 294/1814
f 1256/1812 294/289 290/284 289/283
f 1255/1810 1254/1809 1257/1815 1258/1816
f 1255/1810 1258/1816 1259/1817 295/1813
f 1259/1818 1260/1819 1261/1820 1262/1821
f 1259/1817 1262/1822 296/293 295/1813
f 1259/1818 1258/1823 1263/1824 1260/1819
f 1263/1825 1264/1826 267/251 266/250
f 1263/1825 266/250 265/1827 1260/1828
f 1263/1829 1258/1816 1257/1815 1264/1830
f 1264/1826 1265/1831 1266/1832 267/251
f 1264/1830 1257/1815 1267/1833 1265/1834
f 1267/1833 1268/1835 1269/1836 1265/1834
f 1267/1833 1257/1815 1254/1809 1248/1800
f 1267/1833 1248/1800 1246/1796 1268/1835
f 1269/1837 1270/1838 1083/1535 1271/1839
f 1269/1837 1271/1839 1266/1832 1265/1831
f 1269/1836 1268/1835 1243/1792 1270/1840
f 1271/1839 1083/1535 1081/1532 1080/1531
f 1271/1839 1080/1531 1272/1841 1266/1832
f 1272/1841 1080/1531 1076/1530 1075/1842
f 1272/1841 1075/1842 263/244 262/243
f 1272/1841 262/243 267/251 1266/1832
f 1270/1840 1086/1541 1084/1540 1083/1843
f 1270/1840 1243/1792 1088/1543 1086/1541
f 1268/1835 1246/1796 1244/1793 1243/1792
f 1262/1821 1261/1820 1273/1844 1274/1845
f 1262/1821 1274/1845 284/1846 296/1847
f 1274/1848 1273/1849 1275/1850 1276/1851
f 1274/1848 1276/1851 279/277 284/276
f 1276/1852 1275/1853 1277/1854 1278/1855
f 1276/1852 1278/1855 280/270 279/269
f 1278/1855 1277/1854 241/215 240/214
f 1278/1855 240/214 243/217 280/270
f 1277/1854 1279/1856 1280/1857 241/215
f 1277/1854 1275/1853 1281/1858 1279/1856
f 1281/1859 1064/1513 1062/1511 1279/1860
f 1281/1859 1275/1850 1273/1849 1282/1861
f 1281/1859 1282/1861 1066/1515 1064/1513
f 1282/1861 1273/1849 1261/1862 1283/1863
f 1282/1861 1283/1863 1284/1864 1066/1515
f 1284/1864 1070/1519 1067/1516 1066/1515
f 1284/1864 1283/1863 265/1865 264/1866
f 1284/1864 264/1866 263/1867 1070/1519
f 1283/1868 1261/1820 1260/1819 265/1869
f 1280/1857 1061/1870 1060/1871 1285/1872
f 1280/1857 1285/1872 237/211 241/215
f 1280/1857 1279/1856 1062/1873 1061/1870
f 1285/1872 1060/1871 1286/1874 1287/1875
f 1285/1872 1287/1875 238/212 237/211
f 1287/1876 1286/1877 1288/1878 1289/1879
f 1287/1875 1289/1880 1290/1881 238/212
f 1290/1881 1289/1880 1291/1882 1292/1883
f 1290/1881 1292/1883 1293/1884 1294/1885
f 1290/1881 1294/1885 239/213 238/212
f 1294/1885 1293/1884 1295/1886 1296/1887
f 1294/1885 1296/1887 1297/1888 239/213
f 1297/1888 1296/1887 1298/1889 1299/1890
f 1297/1888 1299/1890 1300/1891 1301/1892
f 1297/1888 1301/1892 23/210 239/213
f 1301/1892 1300/1891 1302/1893 1303/1894
f 1301/1892 1303/1894 242/216 23/210
f 1303/1894 1302/1893 1304/1895 1305/1896
f 1303/1894 1305/1896 1306/1897 242/216
f 1306/1898 1307/1899 1308/1900 1309/1901
f 1306/1897 1309/1902 243/217 242/216
f 1306/1898 1305/1903 1310/1904 1307/1899
f 1310/1904 1311/1905 1312/1906 1307/1899
f 1310/1904 1305/1903 1304/1907 1313/1908
f 1310/1904 1313/1908 162/1909 1311/1905
f 1313/1908 1304/1907 110/5 113/8
f 1313/1908 113/8 163/1910 162/1909
f 1312/1906 1314/1911 1315/1912 1316/1913
f 1312/1906 1316/1913 1308/1900 1307/1899
f 1312/1906 1311/1905 1317/1914 1314/1911
f 1317/1915 1318/1916 1319/1917 1314/1918
f 1317/1914 1311/1905 162/1909 161/1919
f 1317/1915 161/81 164/84 1318/1916
f 1319/1917 1320/1920 1321/1921 1322/1922
f 1319/1923 1322/1924 1315/1912 1314/1911
f 1319/1917 1318/1916 1323/1925 1320/1920
f 1323/1926 1324/1927 1325/1928 1320/1929
f 1323/1925 1318/1916 164/84 1326/1930
f 1323/1926 1326/1931 1327/1932 1324/1927
f 1327/1933 1328/1934 1329/1935 1324/1936
f 1327/1932 1326/1931 1330/1937 1331/1938
f 1327/1933 1331/1939 1332/1940 1328/1934
f 1332/1940 1333/1941 1334/1942 1328/1934
f 1332/1943 1331/1938 108/3 114/10
f 1332/1943 114/10 116/12 1333/1944
f 1334/1945 1335/1946 1336/1947 1337/1948
f 1334/1945 1337/1948 1329/1949 1328/1950
f 1334/1942 1333/1941 1338/1951 1335/1952
f 1338/1953 1339/1954 1340/1955 1335/1946
f 1338/1953 1333/1944 116/12 1341/1956
f 1338/1953 1341/1956 1342/1957 1339/1954
f 1342/1957 1343/1958 1344/1959 1339/1954
f 1342/1957 1341/1956 973/1355 972/1354
f 1342/1957 972/1354 971/1353 1343/1958
f 1344/1960 1345/1961 357/381 1346/1962
f 1344/1960 1346/1962 1340/1963 1339/1964
f 1344/1959 1343/1958 1347/1965 1345/1966
f 1347/1967 363/389 359/384 1345/1961
f 1347/1965 1343/1958 971/1353 1348/1968
f 1347/1967 1348/1969 364/390 363/389
f 1348/1968 971/1353 969/1351 968/1350
f 1348/1969 968/1970 1349/1971 364/390
f 1349/1971 1350/1972 362/388 364/390
f 1349/1971 968/1970 966/1973 1351/1974
f 1349/1971 1351/1974 1352/1975 1350/1972
f 1352/1976 949/1977 945/1308 944/1307
f 1352/1975 944/1978 1353/1979 1350/1972
f 1352/1976 1351/1980 1354/1981 949/1977
f 1354/1982 1351/1974 966/1973 964/1983
f 1354/1984 964/1985 954/1986 952/1987
f 1354/1988 952/1321 950/1317 949/1316
f 1353/1979 944/1978 941/1299 940/1298
f 1353/1979 940/1298 361/386 360/385
f 1353/1979 360/385 362/388 1350/1972
f 1346/1962 357/381 356/380 1355/1989
f 1346/1962 1355/1989 1356/1990 1340/1963
f 1356/1990 1355/1989 1357/1991 1358/1992
f 1356/1993 1358/1994 1359/1995 1336/1947
f 1356/1993 1336/1947 1335/1946 1340/1955
f 1359/1995 1358/1994 1360/1996 1361/1997
f 1359/1995 1361/1997 1362/1998 1363/1999
f 1359/1995 1363/1999 1337/1948 1336/1947
f 1363/1999 1362/1998 1364/2000 1365/2001
f 1363/1999 1365/2001 1329/1949 1337/1948
f 1365/2001 1364/2000 1366/2002 1325/1928
f 1365/2001 1325/1928 1324/1927 1329/1949
f 1366/2002 1364/2000 1367/2003 1368/2004
f 1366/2002 1368/2004 1369/2005 1321/2006
f 1366/2002 1321/2006 1320/1929 1325/1928
f 1369/2007 1368/2008 256/2009 251/2010
f 1369/2005 251/229 250/228 1370/2011
f 1369/2012 1370/2013 1322/1922 1321/1921
f 1370/2011 250/228 252/231 1371/2014
f 1370/2011 1371/2014 1315/1912 1322/1924
f 1371/2014 252/231 1372/2015 1373/2016
f 1371/2014 1373/2016 1316/1913 1315/1912
f 1373/2016 1372/2015 283/2017 282/2018
f 1373/2016 282/2018 1308/1900 1316/1913
f 1372/2015 252/231 25/230 1374/2019
f 1372/2020 1374/2021 1375/2022 283/273
f 1375/2023 1376/2024 292/2025 291/2026
f 1375/2022 291/2027 30/268 283/273
f 1375/2022 1374/2021 1377/2028 1376/2029
f 1377/2028 1378/2030 274/2031 1376/2029
f 1377/2032 1374/2019 25/230 255/234
f 1377/2032 255/234 1379/2033 1378/2034
f 1379/2033 1380/2035 301/2036 1378/2034
f 1379/2033 255/234 254/233 1381/2037
f 1379/2033 1381/2037 1382/2038 1380/2035
f 1382/2038 1383/2039 1384/2040 1380/2035
f 1382/2038 1381/2037 1385/2041 1386/2042
f 1382/2043 1386/2044 1387/2045 1383/2046
f 1387/2047 1388/2048 1389/2049 1383/2050
f 1387/2045 1386/2044 1390/2051 1391/2052
f 1387/2045 1391/2052 1392/2053 1388/2054
f 1392/2055 248/223 247/222 1388/2056
f 1392/2053 1391/2052 1393/2057 1394/2058
f 1392/2053 1394/2058 1395/2059 248/2060
f 1395/2061 1396/2062 244/219 248/223
f 1395/2059 1394/2058 1397/2063 1398/2064
f 1395/2059 1398/2064 1399/2065 1396/2066
f 1399/2067 1400/2068 1401/2069 1396/2062
f 1399/2065 1398/2064 1402/2070 1403/2071
f 1399/2067 1403/2072 1404/2073 1400/2068
f 1404/2073 1405/2074 1406/2075 1400/2068
f 1404/2076 1403/2077 1407/2078 1408/2079
f 1404/2076 1408/2079 1409/2080 1405/2081
f 1409/2080 1410/2082 1411/2083 1405/2081
f 1409/2080 1408/2079 348/370 347/369
f 1409/2080 347/369 1412/2084 1410/2082
f 1412/2084 1413/2085 1414/2086 1410/2082
f 1412/2084 347/369 346/368 1415/2087
f 1412/2088 1415/2089 936/1290 1413/2090
f 1415/2087 346/368 349/371 1416/2091
f 1415/2087 1416/2091 937/2092 936/2093
f 1416/2094 349/2095 1417/2096 1418/2097
f 1416/2094 1418/2097 938/1294 937/1293
f 1418/2097 1417/2096 358/383 361/386
f 1418/2097 361/386 940/1298 938/1294
f 1417/2098 349/2099 348/2100 1419/2101
f 1417/2096 1419/2102 351/374 358/383
f 1419/2103 348/370 1408/2079 1407/2078
f 1419/2102 1407/2104 352/375 351/374
f 1414/2086 338/2105 337/2106 1420/2107
f 1414/2086 1420/2107 1411/2083 1410/2082
f 1414/2108 1413/2090 933/2109 338/2110
f 1420/2111 337/356 1421/2112 1422/2113
f 1420/2107 1422/2114 1423/2115 1411/2083
f 1423/2116 1422/2113 1424/2117 1425/2118
f 1423/2116 1425/2118 1426/2119 1406/2075
f 1423/2115 1406/2120 1405/2081 1411/2083
f 1426/2119 1425/2118 1427/2121 1428/2122
f 1426/2119 1428/2122 245/220 1401/2069
f 1426/2119 1401/2069 1400/2068 1406/2075
f 1428/2122 1427/2121 1429/2123 1430/2124
f 1428/2122 1430/2124 246/221 245/220
f 1430/2125 1429/2126 1431/2127 1432/2128
f 1430/2125 1432/2128 249/226 246/225
f 1432/2128 1431/2127 303/306 1433/2129
f 1432/2128 1433/2129 1389/2130 249/226
f 1433/2129 303/306 302/305 1384/2131
f 1433/2132 1384/2133 1383/2050 1389/2049
f 1431/2127 1434/2134 277/307 303/306
f 1431/2127 1429/2126 1435/2135 1434/2134
f 1435/2136 1436/2137 1437/2138 1434/2139
f 1435/2140 1429/2123 1427/2121 1438/2141
f 1435/2136 1438/2142 1439/2143 1436/2137
f 1439/2143 1440/2144 1441/2145 1436/2137
f 1439/2146 1438/2141 1424/2117 1442/2147
f 1439/2143 1442/2148 1443/2149 1440/2144
f 1443/2149 1444/2150 1445/2151 1440/2144
f 1443/2149 1442/2148 1421/2152 1446/2153
f 1443/2149 1446/2153 330/348 1444/2150
f 1446/2154 1421/2112 337/356 336/355
f 1446/2153 336/2155 331/349 330/348
f 1445/2156 299/298 298/297 1447/2157
f 1445/2156 1447/2157 1441/2158 1440/2159
f 1445/2151 1444/2150 329/346 299/345
f 1447/2157 298/297 320/330 1448/2160
f 1447/2157 1448/2160 1449/2161 1441/2158
f 1449/2161 1448/2160 1450/2162 1451/2163
f 1449/2161 1451/2163 278/267 1437/2164
f 1449/2161 1437/2164 1436/2165 1441/2158
f 1451/2163 1450/2162 317/323 272/258
f 1451/2163 272/258 271/257 278/267
f 1450/2162 319/329 305/310 317/323
f 1450/2162 1448/2160 320/330 319/329
f 1444/2150 330/348 39/347 329/346
f 1442/2147 1424/2117 1422/2113 1421/2112
f 1438/2141 1427/2121 1425/2118 1424/2117
f 1437/2164 278/267 277/266 1434/2166
f 1413/2090 936/1290 934/1289 933/2109
f 1407/2104 1403/2071 1402/2070 352/375
f 1402/2070 1398/2064 1397/2063 1452/2167
f 1402/2070 1452/2167 353/378 352/375
f 1452/2167 1397/2063 1453/2168 1454/2169
f 1452/2167 1454/2169 355/379 353/378
f 1454/2169 1453/2168 1455/2170 1456/2171
f 1454/2169 1456/2171 1357/1991 355/379
f 1456/2171 1455/2170 1457/2172 1360/2173
f 1456/2174 1360/1996 1358/1994 1357/2175
f 1457/2172 1455/2170 1458/2176 1459/2177
f 1457/2178 1459/2179 1460/2180 1461/2181
f 1457/2178 1461/2181 1361/1997 1360/1996
f 1461/2181 1460/2180 259/239 1462/2182
f 1461/2181 1462/2182 1362/1998 1361/1997
f 1462/2182 259/239 258/238 1367/2003
f 1462/2182 1367/2003 1364/2000 1362/1998
f 1460/2180 1459/2179 1463/2183 260/240
f 1460/2180 260/240 26/236 259/239
f 1463/2183 1390/2184 1386/2042 1385/2041
f 1463/2183 1385/2041 261/241 260/240
f 1463/2183 1459/2179 1458/2185 1390/2184
f 1458/2176 1393/2057 1391/2052 1390/2051
f 1458/2176 1455/2170 1453/2168 1393/2057
f 1453/2168 1397/2063 1394/2058 1393/2057
f 1401/2069 245/220 244/219 1396/2062
f 1389/2130 1388/2186 247/227 249/226
f 1385/2041 1381/2037 254/233 261/241
f 1384/2040 302/2187 301/2036 1380/2035
f 1378/2030 301/302 275/301 274/2031
f 1376/2024 274/261 273/260 292/2025
f 1368/2004 1367/2003 258/238 256/235
f 1357/1991 1355/1989 356/380 355/379
f 1345/1961 359/384 354/377 357/381
f 1341/1956 116/12 115/11 973/1355
f 1331/1938 1330/1937 109/4 108/3
f 1330/2188 1326/1930 164/84 163/83
f 1330/2188 163/83 113/2189 109/2190
f 1309/1902 1308/2191 282/272 281/271
f 1309/1902 281/271 280/270 243/217
f 1304/1895 1302/1893 111/2192 110/2193
f 1302/1893 1300/1891 1464/2194 111/2192
f 1464/2195 1300/2196 1299/2197 1465/2198
f 1464/2195 1465/2198 979/1365 977/1361
f 1464/2195 977/1361 112/1360 111/2199
f 1465/2198 1299/2197 1298/2200 1466/2201
f 1465/2198 1466/2201 1467/2202 979/1365
f 1467/2202 1466/2201 1468/2203 1469/2204
f 1467/2202 1469/2204 1470/2205 982/1368
f 1467/2202 982/1368 980/1366 979/1365
f 1470/2205 1469/2204 1471/2206 1472/2207
f 1470/2205 1472/2207 1473/2208 1474/2209
f 1470/2205 1474/2209 983/1369 982/1368
f 1474/2209 1473/2208 1475/2210 1476/2211
f 1474/2209 1476/2211 984/1370 983/1369
f 1476/2211 1475/2210 1477/2212 1478/2213
f 1476/2211 1478/2213 986/1373 984/1370
f 1478/2213 1477/2212 1479/2214 1480/2215
f 1478/2213 1480/2215 988/1376 986/1373
f 1480/2216 1479/2217 1481/2218 1482/2219
f 1480/2216 1482/2219 990/1381 988/1380
f 1482/2219 1481/2218 1483/2220 1484/2221
f 1482/2219 1484/2221 997/1394 990/1381
f 1484/2221 1483/2220 1485/2222 1486/2223
f 1484/2221 1486/2223 998/1395 997/1394
f 1486/2223 1485/2222 1487/2224 1488/2225
f 1486/2223 1488/2225 999/1396 998/1395
f 1488/2225 1487/2224 1489/2226 1006/1410
f 1488/2225 1006/1410 1001/1398 999/1396
f 1489/2226 1487/2224 1490/2227 1491/2228
f 1489/2226 1491/2228 1492/2229 1493/2230
f 1489/2226 1493/2230 1007/1411 1006/1410
f 1493/2231 1492/2232 1494/2233 1495/2234
f 1493/2231 1495/2234 1008/1414 1007/1413
f 1495/2234 1494/2233 1496/2235 1497/2236
f 1495/2234 1497/2236 1010/1418 1008/1414
f 1497/2236 1496/2235 1498/2237 1499/2238
f 1497/2236 1499/2238 1500/2239 1010/1418
f 1500/2239 1499/2238 1501/2240 1502/2241
f 1500/2239 1502/2241 1503/2242 1013/1421
f 1500/2239 1013/1421 1011/1419 1010/1418
f 1503/2242 1502/2241 1504/2243 1505/2244
f 1503/2242 1505/2244 1051/1497 1016/1426
f 1503/2242 1016/1426 1014/1422 1013/1421
f 1505/2244 1504/2243 1506/2245 1507/2246
f 1505/2244 1507/2246 1052/1498 1051/1497
f 1507/2246 1506/2245 1508/2247 1509/2248
f 1507/2246 1509/2248 1053/1499 1052/1498
f 1509/2249 1508/2250 1510/2251 1511/2252
f 1509/2249 1511/2252 1055/1504 1053/1503
f 1511/2252 1510/2251 1512/2253 1513/2254
f 1511/2252 1513/2254 1057/1506 1055/1504
f 1513/2254 1512/2253 1514/2255 1288/2256
f 1513/2254 1288/2256 1286/2257 1057/1506
f 1514/2255 1512/2253 1515/2258 1516/2259
f 1514/2260 1516/2261 1517/2262 1291/1882
f 1514/2263 1291/2264 1289/1879 1288/1878
f 1517/2262 1516/2261 230/2265 1518/2266
f 1517/2262 1518/2266 1519/2267 1520/2268
f 1517/2262 1520/2268 1292/1883 1291/1882
f 1520/2268 1519/2267 1521/2269 1522/2270
f 1520/2268 1522/2270 1293/1884 1292/1883
f 1522/2270 1521/2269 1523/2271 1524/2272
f 1522/2270 1524/2272 1295/1886 1293/1884
f 1524/2272 1523/2271 1525/2273 1526/2274
f 1524/2272 1526/2274 1527/2275 1295/1886
f 1527/2276 1526/2277 1528/2278 1468/2203
f 1527/2276 1468/2203 1466/2201 1298/2200
f 1527/2275 1298/1889 1296/1887 1295/1886
f 1528/2279 1526/2274 1525/2273 1529/2280
f 1528/2278 1529/2281 1530/2282 1471/2206
f 1528/2278 1471/2206 1469/2204 1468/2203
f 1530/2283 1529/2284 1531/2285 1532/2286
f 1530/2283 1532/2286 1533/2287 1534/2288
f 1530/2282 1534/2289 1472/2207 1471/2206
f 1534/2289 1533/2290 1535/2291 1536/2292
f 1534/2289 1536/2292 1473/2208 1472/2207
f 1536/2293 1535/2294 1537/2295 1538/2296
f 1536/2292 1538/2297 1475/2210 1473/2208
f 1538/2296 1537/2295 1539/2298 1540/2299
f 1538/2297 1540/2300 1477/2212 1475/2210
f 1540/2299 1539/2298 1541/2301 1542/2302
f 1540/2299 1542/2302 1479/2303 1477/2304
f 1542/2302 1541/2301 1543/2305 1544/2306
f 1542/2307 1544/2308 1481/2218 1479/2217
f 1544/2306 1543/2305 1545/2309 1546/2310
f 1544/2308 1546/2311 1483/2220 1481/2218
f 1546/2311 1545/2312 1547/2313 1548/2314
f 1546/2311 1548/2314 1485/2222 1483/2220
f 1548/2314 1547/2313 1549/2315 1490/2227
f 1548/2314 1490/2227 1487/2224 1485/2222
f 1549/2316 1547/2317 1550/2318 1551/2319
f 1549/2316 1551/2319 1552/2320 1553/2321
f 1549/2315 1553/2322 1491/2228 1490/2227
f 1553/2321 1552/2320 1554/2323 1555/2324
f 1553/2321 1555/2324 1492/2325 1491/2326
f 1555/2324 1554/2323 1556/2327 1557/2328
f 1555/2324 1557/2328 1494/2329 1492/2325
f 1557/2328 1556/2327 1558/2330 1559/2331
f 1557/2328 1559/2331 1496/2332 1494/2329
f 1559/2331 1558/2330 1560/2333 1561/2334
f 1559/2331 1561/2334 1498/2335 1496/2332
f 1561/2336 1560/2337 1562/2338 1563/2339
f 1561/2340 1563/2341 1564/2342 1498/2237
f 1564/2342 1563/2341 1565/2343 1566/2344
f 1564/2342 1566/2344 1567/2345 1501/2240
f 1564/2342 1501/2240 1499/2238 1498/2237
f 1567/2346 1566/2347 1568/2348 1569/2349
f 1567/2345 1569/2350 1506/2245 1504/2243
f 1567/2345 1504/2243 1502/2241 1501/2240
f 1569/2349 1568/2348 1570/2351 1571/2352
f 1569/2350 1571/2353 1508/2247 1506/2245
f 1571/2352 1570/2351 234/207 1572/2354
f 1571/2352 1572/2354 1510/2251 1508/2250
f 1572/2354 234/207 231/200 1515/2258
f 1572/2354 1515/2258 1512/2253 1510/2251
f 1570/2351 1568/2348 1573/2355 1574/2356
f 1570/2351 1574/2356 235/208 234/207
f 1574/2356 1573/2355 1575/2357 1576/2358
f 1574/2356 1576/2358 236/209 235/208
f 1576/2358 1575/2357 1577/2359 1578/2360
f 1576/2358 1578/2360 1579/2361 236/209
f 1579/2362 1578/2363 1580/2364 1581/2365
f 1579/2362 1581/2365 1582/2366 1583/2367
f 1579/2361 1583/2368 232/206 236/209
f 1583/2367 1582/2366 1584/2369 1585/2370
f 1583/2368 1585/2371 233/2372 232/206
f 1585/2370 1584/2369 1586/2373 1587/2374
f 1585/2375 1587/2376 1588/2377 233/2378
f 1588/2377 1587/2376 1589/2379 1590/2380
f 1588/2381 1590/2382 1591/2383 1592/2384
f 1588/2381 1592/2384 229/203 233/202
f 1592/2385 1591/2386 1519/2267 1518/2266
f 1592/2385 1518/2266 230/2265 229/2387
f 1591/2386 1590/2380 1593/2388 1594/2389
f 1591/2386 1594/2389 1521/2269 1519/2267
f 1594/2390 1593/2391 1595/2392 1596/2393
f 1594/2389 1596/2394 1523/2271 1521/2269
f 1596/2393 1595/2392 1597/2395 1598/2396
f 1596/2394 1598/2397 1525/2273 1523/2271
f 1598/2396 1597/2395 1599/2398 1531/2285
f 1598/2397 1531/2399 1529/2280 1525/2273
f 1599/2400 1597/2401 1600/2402 1601/2403
f 1599/2398 1601/2404 1602/2405 1603/2406
f 1599/2398 1603/2406 1532/2286 1531/2285
f 1603/2406 1602/2405 1604/2407 1605/2408
f 1603/2406 1605/2408 1533/2287 1532/2286
f 1605/2408 1604/2407 1606/2409 1607/2410
f 1605/2408 1607/2410 1535/2411 1533/2287
f 1607/2412 1606/2413 1608/2414 1609/2415
f 1607/2410 1609/2416 1537/2417 1535/2411
f 1609/2415 1608/2414 1610/2418 1611/2419
f 1609/2415 1611/2419 1539/2298 1537/2295
f 1611/2419 1610/2418 1612/2420 1613/2421
f 1611/2419 1613/2421 1541/2301 1539/2298
f 1613/2421 1612/2420 1614/2422 1615/2423
f 1613/2421 1615/2423 1543/2305 1541/2301
f 1615/2424 1614/2425 1616/2426 1617/2427
f 1615/2424 1617/2427 1545/2428 1543/2429
f 1617/2427 1616/2426 1618/2430 1550/2431
f 1617/2427 1550/2431 1547/2432 1545/2428
f 1618/2433 1616/2434 1619/2435 628/797
f 1618/2436 628/2437 627/2438 1620/2439
f 1618/2430 1620/2440 1551/2441 1550/2431
f 1620/2439 627/2438 1621/2442 1622/2443
f 1620/2439 1622/2443 1552/2320 1551/2319
f 1622/2443 1621/2442 1623/2444 1624/2445
f 1622/2443 1624/2445 1554/2323 1552/2320
f 1624/2445 1623/2444 1625/2446 1626/2447
f 1624/2445 1626/2447 1556/2327 1554/2323
f 1626/2447 1625/2446 1627/2448 1628/2449
f 1626/2447 1628/2449 1558/2330 1556/2327
f 1628/2449 1627/2448 1629/2450 1630/2451
f 1628/2449 1630/2451 1560/2333 1558/2330
f 1630/2452 1629/2453 1631/2454 1632/2455
f 1630/2456 1632/2457 1562/2338 1560/2337
f 1632/2455 1631/2454 1633/2458 1634/2459
f 1632/2457 1634/2460 1635/2461 1562/2338
f 1635/2462 1634/2463 1577/2359 1575/2357
f 1635/2461 1575/2464 1573/2465 1565/2466
f 1635/2461 1565/2466 1563/2339 1562/2338
f 1634/2459 1633/2458 1636/2467 1577/2468
f 1636/2469 1633/2470 1637/2471 1638/2472
f 1636/2469 1638/2472 1639/2473 1580/2474
f 1636/2467 1580/2475 1578/2476 1577/2468
f 1639/2473 1638/2472 1640/2477 1641/2478
f 1639/2479 1641/2480 1642/2481 1643/2482
f 1639/2473 1643/2483 1581/2484 1580/2474
f 1643/2482 1642/2481 1644/2485 1645/2486
f 1643/2487 1645/2488 1582/2489 1581/2490
f 1645/2488 1644/2491 1646/2492 1647/2493
f 1645/2488 1647/2493 1584/2494 1582/2489
f 1647/2493 1646/2492 1648/2495 1649/2496
f 1647/2493 1649/2496 1586/2497 1584/2494
f 1649/2496 1648/2495 1650/2498 1651/2499
f 1649/2496 1651/2499 1652/2500 1586/2497
f 1652/2500 1651/2499 1653/2501 1654/2502
f 1652/2503 1654/2504 1655/2505 1589/2506
f 1652/2503 1589/2506 1587/2374 1586/2373
f 1655/2507 1654/2508 1656/2509 1657/2510
f 1655/2507 1657/2510 1595/2511 1593/2388
f 1655/2507 1593/2388 1590/2380 1589/2379
f 1657/2510 1656/2509 1658/2512 1600/2402
f 1657/2510 1600/2402 1597/2401 1595/2511
f 1658/2513 1656/2514 1659/2515 1660/2516
f 1658/2513 1660/2516 1661/2517 1662/2518
f 1658/2512 1662/2519 1601/2403 1600/2402
f 1662/2518 1661/2517 1663/2520 1664/2521
f 1662/2522 1664/2523 1602/2524 1601/2525
f 1664/2521 1663/2520 1665/2526 1666/2527
f 1664/2523 1666/2528 1604/2529 1602/2524
f 1666/2527 1665/2526 1667/2530 1668/2531
f 1666/2528 1668/2532 1606/2533 1604/2529
f 1668/2531 1667/2530 1669/2534 1670/2535
f 1668/2536 1670/2537 1608/2414 1606/2413
f 1670/2535 1669/2534 1671/2538 1672/2539
f 1670/2537 1672/2540 1610/2418 1608/2414
f 1672/2539 1671/2538 1673/2541 1674/2542
f 1672/2540 1674/2543 1612/2420 1610/2418
f 1674/2542 1673/2541 1675/2544 1676/2545
f 1674/2543 1676/2546 1614/2422 1612/2420
f 1676/2547 1675/2548 1677/2549 1619/2435
f 1676/2546 1619/2550 1616/2551 1614/2422
f 1677/2552 1675/2553 1678/2554 1679/2555
f 1677/2552 1679/2555 624/791 93/790
f 1677/2549 93/794 628/797 1619/2435
f 1679/2556 1678/2557 1680/2558 1681/2559
f 1679/2560 1681/2561 1682/2562 624/2563
f 1682/2562 1681/2561 1683/2564 1684/2565
f 1682/2562 1684/2565 1685/2566 1686/2567
f 1682/2562 1686/2567 625/2568 624/2563
f 1686/2567 1685/2566 619/785 1687/2569
f 1686/2567 1687/2569 1688/2570 625/2568
f 1688/2570 1687/2569 1689/2571 1690/2572
f 1688/2573 1690/2574 1691/2575 1692/2576
f 1688/2573 1692/2576 626/793 625/792
f 1692/2577 1691/2578 1623/2579 1621/2580
f 1692/2581 1621/2442 627/2438 626/2582
f 1691/2575 1690/2574 1693/2583 1694/2584
f 1691/2585 1694/2586 1625/2446 1623/2444
f 1694/2587 1693/2588 1695/2589 1696/2590
f 1694/2591 1696/2592 1627/2593 1625/2594
f 1696/2590 1695/2589 1697/2595 1698/2596
f 1696/2592 1698/2597 1629/2598 1627/2593
f 1698/2596 1697/2595 1699/2599 1700/2600
f 1698/2601 1700/2602 1631/2603 1629/2604
f 1700/2600 1699/2599 1701/2605 1637/2471
f 1700/2602 1637/2606 1633/2607 1631/2603
f 1701/2605 1699/2599 1702/2608 1703/2609
f 1701/2605 1703/2609 1704/2610 1640/2477
f 1701/2605 1640/2477 1638/2472 1637/2471
f 1704/2610 1703/2609 1705/2611 1706/2612
f 1704/2613 1706/2614 1707/2615 1708/2616
f 1704/2610 1708/2617 1641/2478 1640/2477
f 1708/2616 1707/2615 1709/2618 1710/2619
f 1708/2617 1710/2620 1642/2621 1641/2478
f 1710/2619 1709/2618 1711/2622 1712/2623
f 1710/2624 1712/2625 1644/2491 1642/2626
f 1712/2623 1711/2622 1713/2627 1714/2628
f 1712/2625 1714/2629 1646/2492 1644/2491
f 1714/2628 1713/2627 1715/2630 1716/2631
f 1714/2629 1716/2632 1648/2495 1646/2492
f 1716/2631 1715/2630 1717/2633 1718/2634
f 1716/2632 1718/2635 1650/2498 1648/2495
f 1718/2634 1717/2633 1719/2636 1720/2637
f 1718/2635 1720/2638 1721/2639 1650/2498
f 1721/2639 1720/2638 1722/2640 1723/2641
f 1721/2639 1723/2641 1659/2642 1653/2501
f 1721/2639 1653/2501 1651/2499 1650/2498
f 1723/2643 1722/2644 1724/2645 1725/2646
f 1723/2647 1725/2648 1660/2649 1659/2650
f 1725/2648 1724/2651 1726/2652 1727/2653
f 1725/2648 1727/2653 1661/2654 1660/2649
f 1727/2653 1726/2652 1728/2655 1729/2656
f 1727/2653 1729/2656 1663/2657 1661/2654
f 1729/2656 1728/2655 1730/2658 1731/2659
f 1729/2656 1731/2659 1665/2660 1663/2657
f 1731/2659 1730/2658 1732/2661 1733/2662
f 1731/2659 1733/2662 1667/2663 1665/2660
f 1733/2664 1732/2665 1734/2666 1735/2667
f 1733/2662 1735/2668 1669/2669 1667/2663
f 1735/2667 1734/2666 1736/2670 1737/2671
f 1735/2667 1737/2671 1671/2672 1669/2673
f 1737/2671 1736/2670 1738/2674 1739/2675
f 1737/2671 1739/2675 1673/2676 1671/2672
f 1739/2675 1738/2674 1680/2558 1678/2557
f 1739/2675 1678/2557 1675/2677 1673/2676
f 1738/2674 1736/2670 1740/2678 1741/2679
f 1738/2674 1741/2679 1742/2680 1680/2558
f 1742/2681 1741/2682 1743/2683 1744/2684
f 1742/2680 1744/2685 1745/2686 1683/2687
f 1742/2680 1683/2687 1681/2559 1680/2558
f 1745/2688 1744/2684 1746/2689 1747/2690
f 1745/2688 1747/2690 1748/2691 1749/2692
f 1745/2693 1749/2694 1684/2565 1683/2564
f 1749/2692 1748/2691 1750/2695 1751/2696
f 1749/2694 1751/2697 1685/2566 1684/2565
f 1751/2696 1750/2695 617/2698 92/2699
f 1751/2697 92/782 619/785 1685/2566
f 1750/2695 1748/2691 1752/2700 1753/2701
f 1750/2695 1753/2701 620/786 617/2698
f 1753/2701 1752/2700 649/831 648/830
f 1753/2701 648/830 614/779 620/786
f 1752/2700 1754/2702 1755/2703 649/831
f 1752/2700 1748/2691 1747/2690 1754/2702
f 1755/2703 1756/2704 1757/2705 1758/2706
f 1755/2703 1758/2706 650/832 649/831
f 1755/2703 1754/2702 1759/2707 1756/2704
f 1759/2707 1760/2708 1761/2709 1756/2704
f 1759/2707 1754/2702 1747/2690 1746/2689
f 1759/2707 1746/2689 1762/2710 1760/2708
f 1762/2710 1763/2711 1764/2712 1760/2708
f 1762/2713 1746/2714 1744/2715 1743/2716
f 1762/2710 1743/2683 1765/2717 1763/2711
f 1765/2717 1766/2718 1767/2719 1763/2711
f 1765/2717 1743/2683 1741/2682 1740/2720
f 1765/2717 1740/2720 1768/2721 1766/2718
f 1768/2721 1769/2722 1770/2723 1766/2718
f 1768/2724 1740/2678 1736/2670 1734/2666
f 1768/2724 1734/2666 1732/2665 1769/2725
f 1770/2723 1771/2726 1772/2727 1773/2728
f 1770/2723 1773/2728 1767/2719 1766/2718
f 1770/2723 1769/2722 1774/2729 1771/2726
f 1774/2729 1775/2730 1776/2731 1771/2726
f 1774/2732 1769/2733 1732/2661 1730/2658
f 1774/2732 1730/2658 1728/2655 1775/2734
f 1776/2731 1777/2735 1778/2736 1779/2737
f 1776/2731 1779/2737 1772/2727 1771/2726
f 1776/2731 1775/2730 1780/2738 1777/2735
f 1780/2738 1781/2739 1782/2740 1777/2735
f 1780/2741 1775/2734 1728/2655 1726/2652
f 1780/2741 1726/2652 1724/2651 1781/2742
f 1782/2740 1783/2743 1784/2744 1785/2745
f 1782/2740 1785/2745 1778/2736 1777/2735
f 1782/2740 1781/2739 1786/2746 1783/2743
f 1786/2746 1719/2636 1787/2747 1783/2743
f 1786/2748 1781/2742 1724/2651 1722/2749
f 1786/2746 1722/2750 1720/2637 1719/2636
f 1787/2747 1788/2751 1789/2752 1790/2753
f 1787/2747 1790/2753 1784/2744 1783/2743
f 1787/2747 1719/2636 1717/2633 1788/2751
f 1790/2753 1789/2752 1791/2754 1792/2755
f 1790/2753 1792/2755 1793/2756 1784/2744
f 1793/2757 1792/2758 1794/2759 1795/2760
f 1793/2761 1795/2762 1796/2763 1797/2764
f 1793/2756 1797/2765 1785/2745 1784/2744
f 1797/2764 1796/2763 1798/2766 1799/2767
f 1797/2765 1799/2768 1778/2736 1785/2745
f 1799/2769 1798/2770 1800/2771 1801/2772
f 1799/2768 1801/2773 1779/2737 1778/2736
f 1801/2772 1800/2771 129/2774 128/2775
f 1801/2773 128/28 1772/2727 1779/2737
f 1800/2771 1798/2770 1802/2776 1803/2777
f 1800/2778 1803/2779 1804/2780 129/2781
f 1804/2780 1803/2779 1805/2782 1806/2783
f 1804/2780 1806/2783 1807/2784 1808/2785
f 1804/2780 1808/2785 4/2786 129/2781
f 1808/2785 1807/2784 1809/2787 1810/2788
f 1808/2785 1810/2788 130/2789 4/2786
f 1810/2790 1809/2791 1811/2792 1812/2793
f 1810/2790 1812/2793 170/2794 130/2795
f 1812/2796 1811/2797 1813/2798 174/105
f 1812/2796 174/105 11/96 170/95
f 1813/2798 1811/2797 1814/2799 1815/2800
f 1813/2798 1815/2800 1816/2801 1817/2802
f 1813/2798 1817/2802 175/106 174/105
f 1817/2802 1816/2801 1818/2803 1819/2804
f 1817/2802 1819/2804 1820/2805 175/106
f 1820/2805 1819/2804 1821/2806 1822/2807
f 1820/2805 1822/2807 221/2808 220/2809
f 1820/2805 220/2809 172/107 175/106
f 1822/2810 1821/2811 1823/2812 1824/2813
f 1822/2810 1824/2813 228/2814 221/2815
f 1824/2813 1823/2812 1825/2816 1826/2817
f 1824/2813 1826/2817 1827/2818 228/2814
f 1827/2818 1826/2817 1828/2819 1829/2820
f 1827/2821 1829/2822 1791/2754 1830/2823
f 1827/2821 1830/2823 226/194 228/196
f 1830/2823 1791/2754 1789/2752 1831/2824
f 1830/2823 1831/2824 227/195 226/194
f 1831/2824 1789/2752 1788/2751 1832/2825
f 1831/2824 1832/2825 1833/2826 227/195
f 1833/2826 1834/2827 224/192 227/195
f 1833/2826 1832/2825 1715/2630 1713/2627
f 1833/2826 1713/2627 1711/2622 1834/2827
f 1834/2827 1835/2828 225/193 224/192
f 1834/2827 1711/2622 1709/2618 1835/2828
f 1835/2828 1836/2829 547/640 225/193
f 1835/2828 1709/2618 1707/2615 1836/2829
f 1836/2829 1837/2830 543/636 547/640
f 1836/2829 1707/2615 1706/2614 1837/2830
f 1837/2830 562/664 544/637 543/636
f 1837/2830 1706/2614 1705/2831 562/664
f 1832/2825 1788/2751 1717/2633 1715/2630
f 1829/2832 1828/2833 1838/2834 1794/2759
f 1829/2832 1794/2759 1792/2758 1791/2835
f 1838/2834 1828/2833 1839/2836 1840/2837
f 1838/2838 1840/2839 1841/2840 1842/2841
f 1838/2838 1842/2841 1795/2762 1794/2842
f 1842/2841 1841/2840 1843/2843 1844/2844
f 1842/2841 1844/2844 1796/2763 1795/2762
f 1844/2844 1843/2843 1845/2845 1802/2846
f 1844/2844 1802/2846 1798/2766 1796/2763
f 1845/2847 1843/2848 1846/2849 1847/2850
f 1845/2847 1847/2850 1848/2851 1805/2852
f 1845/2847 1805/2852 1803/2777 1802/2776
f 1848/2851 1847/2850 1849/2853 1850/2854
f 1848/2855 1850/2856 1851/2857 1852/2858
f 1848/2855 1852/2858 1806/2783 1805/2782
f 1852/2858 1851/2857 1853/2859 1854/2860
f 1852/2858 1854/2860 1807/2784 1806/2783
f 1854/2860 1853/2859 1855/2861 1856/2862
f 1854/2860 1856/2862 1809/2787 1807/2784
f 1856/2863 1855/2864 1857/2865 1814/2866
f 1856/2867 1814/2868 1811/2792 1809/2791
f 1857/2865 1855/2864 1858/2869 637/814
f 1857/2865 637/814 636/813 1859/2870
f 1857/2871 1859/2872 1815/2800 1814/2799
f 1859/2870 636/813 640/817 1860/2873
f 1859/2872 1860/2874 1816/2801 1815/2800
f 1860/2874 640/2875 1861/2876 1862/2877
f 1860/2874 1862/2877 1818/2803 1816/2801
f 1862/2878 1861/2879 533/623 537/627
f 1862/2877 537/2880 1863/2881 1818/2803
f 1863/2882 537/627 536/626 1864/2883
f 1863/2882 1864/2883 1823/2812 1821/2811
f 1863/2881 1821/2806 1819/2804 1818/2803
f 1864/2883 536/626 538/628 1865/2884
f 1864/2883 1865/2884 1825/2816 1823/2812
f 1865/2884 538/628 1866/2885 1867/2886
f 1865/2884 1867/2886 1839/2887 1825/2816
f 1867/2888 1866/2889 1868/2890 1869/2891
f 1867/2888 1869/2891 1840/2837 1839/2836
f 1869/2891 1868/2890 1870/2892 1871/2893
f 1869/2894 1871/2895 1841/2840 1840/2839
f 1871/2896 1870/2897 1872/2898 1846/2849
f 1871/2895 1846/2899 1843/2843 1841/2840
f 1872/2898 1870/2897 156/73 155/72
f 1872/2898 155/72 159/76 1849/2853
f 1872/2898 1849/2853 1847/2850 1846/2849
f 1870/2892 1868/2890 1873/2900 156/2901
f 1873/2900 1874/2902 1875/2903 1876/2904
f 1873/2900 1876/2904 157/2905 156/2901
f 1873/2900 1868/2890 1866/2889 1874/2902
f 1876/2906 1875/2907 1877/2908 1878/2909
f 1876/2906 1878/2909 160/79 157/78
f 1878/2909 1877/2908 641/2910 1879/2911
f 1878/2909 1879/2911 645/825 160/79
f 1879/2912 641/818 638/815 1880/2913
f 1879/2911 1880/2914 646/826 645/825
f 1880/2913 638/815 637/814 1858/2869
f 1880/2913 1858/2869 647/2915 646/2916
f 1877/2917 1881/2918 639/2919 641/2920
f 1877/2917 1875/2921 534/2922 1881/2918
f 1881/2918 1861/2923 640/2924 639/2919
f 1881/2918 534/2922 533/2925 1861/2923
f 1875/2921 1874/2926 535/2927 534/2922
f 1874/2902 1866/2889 538/2928 535/2929
f 1858/2930 1855/2861 1853/2859 647/828
f 1853/2859 1851/2857 642/820 647/828
f 1851/2857 1850/2856 643/821 642/820
f 1850/2854 1849/2853 159/76 643/2931
f 1839/2887 1828/2819 1826/2817 1825/2816
f 1773/2728 1772/2727 128/28 127/27
f 1773/2728 127/27 126/26 1767/2719
f 1767/2719 126/26 1764/2712 1763/2711
f 1764/2712 126/26 125/25 1882/2932
f 1764/2712 1882/2932 1761/2709 1760/2708
f 1882/2932 125/25 131/2933 1883/2934
f 1882/2932 1883/2934 1884/2935 1761/2709
f 1884/2935 1883/2934 141/49 140/48
f 1884/2935 140/48 144/52 1757/2705
f 1884/2935 1757/2705 1756/2704 1761/2709
f 1883/2934 131/2933 169/2936 141/49
f 1758/2706 1757/2705 144/52 1885/2937
f 1758/2706 1885/2937 616/781 650/832
f 1885/2937 144/52 143/51 603/743
f 1885/2937 603/743 602/742 616/781
f 1705/2831 1886/2938 563/665 562/664
f 1705/2611 1703/2609 1702/2608 1886/2939
f 1886/2938 1887/2940 566/668 563/665
f 1886/2939 1702/2608 1888/2941 1887/2942
f 1888/2943 1889/2944 622/2945 1887/2946
f 1888/2941 1702/2608 1699/2599 1697/2595
f 1888/2943 1697/2947 1695/2948 1889/2944
f 1889/2944 1890/2949 623/2950 622/2945
f 1889/2944 1695/2948 1693/2951 1890/2949
f 1890/2949 1689/2571 618/784 623/2950
f 1890/2949 1693/2951 1690/2572 1689/2571
f 1887/2940 622/788 621/787 566/668
f 1689/2571 1687/2569 619/785 618/784
f 1659/2515 1656/2514 1654/2952 1653/2953
f 1573/2355 1568/2348 1566/2347 1565/2954
f 1516/2259 1515/2258 231/200 230/199
f 1286/2257 1060/1509 1058/1507 1057/1506
f 1079/1528 494/1058 809/1056 808/1055
f 1079/1528 808/1055 1074/1523 1073/1522
f 1079/1528 1078/1527 491/2955 494/1058
f 1075/1524 1071/1520 1070/1519 263/1867
f 1074/1523 808/1055 806/1053 1891/2956
f 1074/1523 1891/2956 554/648 1069/1518
f 1891/2956 806/1053 804/1052 1892/2957
f 1891/2956 1892/2957 76/642 554/648
f 1892/2957 804/1052 802/2958 558/2959
f 1892/2957 558/2959 549/643 76/642
f 1051/1497 1049/1492 1017/1427 1016/1426
f 997/1394 993/1385 991/1382 990/1381
f 948/1315 419/473 423/477 369/397
f 948/1315 369/397 368/396 943/1303
f 948/1315 947/1314 420/474 419/473
f 933/1285 931/1282 40/358 338/2960
f 931/1282 923/1257 339/359 40/358
f 917/1255 1893/2961 341/2962 340/1256
f 917/1255 915/2963 1894/2964 1893/2961
f 1894/2964 333/2965 332/2966 1893/2961
f 1894/2964 915/2963 913/2967 386/2968
f 1894/2964 386/2968 385/2969 333/2965
f 1893/2961 332/2966 331/2970 341/2962
f 913/2967 911/1230 378/1229 386/2968
f 905/1216 904/1215 381/418 380/417
f 904/1215 411/462 382/419 381/418
f 904/1215 902/1212 412/463 411/462
f 900/2971 896/2972 413/2973 412/2974
f 896/1197 894/1193 414/2975 413/2976
f 894/1193 887/1180 885/1178 414/2975
f 885/2977 884/1175 415/468 414/467
f 884/1175 883/1174 416/469 415/468
f 850/1118 846/1113 844/1111 843/1110
f 837/1101 833/1094 831/1091 830/1154
f 822/1077 485/1079 515/602 514/601
f 802/2978 799/2979 559/661 558/660
f 798/1041 513/600 793/1036 792/1035
f 795/1038 794/1037 560/655 559/654
f 794/2980 790/1032 521/609 520/608
f 794/2980 520/608 519/607 560/1489
f 786/1026 785/1025 522/610 521/609
f 774/1014 443/499 442/498 769/1009
f 762/997 444/500 436/1127 435/998
f 745/1482 741/962 447/504 446/503
f 731/2981 434/489 433/488 451/2982
f 730/950 373/405 372/404 727/945
f 722/939 377/946 376/2983 394/2984
f 690/891 686/890 632/2985 631/2986
f 672/867 635/809 527/616 526/615
f 668/860 667/859 427/482 426/481
f 667/859 666/858 428/483 427/482
f 645/825 644/824 158/80 160/79
f 644/2987 643/2931 159/76 158/75
f 621/787 620/786 614/779 613/778
f 621/787 613/778 564/666 566/668
f 613/778 91/777 565/667 564/666
f 91/777 568/671 567/670 565/667
f 612/2988 610/2989 1895/2990 1896/2991
f 612/769 1896/2992 1897/2993 608/770
f 1897/2993 1896/2992 1898/2994 1899/2995
f 1897/2996 1899/2997 1900/2998 1901/2999
f 1897/2996 1901/2999 609/755 608/754
f 1901/3000 1900/3001 1902/3002 1895/3003
f 1901/3000 1895/3003 610/758 609/757
f 1902/3004 1900/3005 579/701 582/700
f 1902/3006 582/3007 1903/3008 1898/3009
f 1902/3006 1898/3009 1896/2991 1895/2990
f 1903/3010 582/3011 581/3012 1904/3013
f 1903/3014 1904/3015 572/3016 580/3017
f 1903/3014 580/3017 1899/3018 1898/3019
f 1904/3013 581/3012 578/3020 1905/3021
f 1904/3015 1905/3022 571/3023 572/3016
f 1905/3021 578/3020 577/3024 575/3025
f 1905/3022 575/3026 81/3027 571/3023
f 1900/2998 1899/2997 580/697 579/696
f 611/767 606/766 1906/3028 1907/3029
f 611/3030 1907/3031 1908/3032 604/3033
f 1908/3034 1909/3035 605/747 604/746
f 1908/3036 1907/3037 591/3038 596/3039
f 1908/3034 596/729 593/728 1909/3035
f 1909/3040 1906/3041 606/3042 605/3043
f 1909/3040 593/723 592/722 1906/3041
f 1907/3029 1906/3028 592/3044 591/3045
f 603/743 143/51 146/54 599/738
f 601/776 585/712 570/673 569/672
f 598/731 186/3046 185/175 208/174
f 598/3047 208/3048 207/3049 588/3050
f 598/731 179/116 178/111 186/3046
f 597/3051 596/3039 591/3038 590/3052
f 597/3053 590/718 595/726 180/3054
f 595/726 594/725 148/57 147/56
f 595/726 147/56 181/3055 180/3054
f 594/725 1910/3056 1911/3057 148/57
f 589/734 213/178 212/177 587/735
f 589/3058 588/3050 207/3049 213/3059
f 1910/3056 594/725 86/717 600/3060
f 577/693 82/692 574/3061 1912/3062
f 577/3063 1912/3064 576/3065 575/3066
f 1912/3062 574/3061 210/169 209/168
f 1912/3067 209/173 211/172 576/3068
f 576/690 211/3069 1913/3070 573/691
f 1913/3070 211/3069 200/150 202/154
f 1913/3071 202/160 17/159 210/169
f 1913/3072 210/3073 574/686 573/685
f 570/673 218/711 217/632 540/631
f 567/670 539/630 542/634 565/667
f 561/663 541/633 19/176 216/181
f 561/663 216/181 548/641 545/638
f 548/641 216/181 215/180 223/191
f 548/641 223/191 222/190 546/639
f 547/640 546/639 222/190 225/193
f 515/1167 485/3074 482/555 484/558
f 507/593 316/1807 315/3075 503/589
f 503/589 315/3075 67/576 497/579
f 498/587 67/3076 315/321 314/320
f 483/3077 472/533 460/520 459/3078
f 472/533 471/538 461/521 460/520
f 451/2982 433/488 432/487 449/1480
f 404/453 403/452 323/335 322/334
f 403/452 402/451 324/336 323/335
f 396/439 395/438 343/365 342/364
f 385/3079 384/1702 334/1706 333/3080
f 46/407 374/3081 910/1236 49/408
f 38/338 311/343 313/3082 300/344
f 320/330 298/297 297/296 318/331
f 318/325 297/3083 300/3084 313/326
f 317/323 35/319 268/259 272/258
f 35/319 316/322 269/3085 268/259
f 293/288 276/264 285/279 290/284
f 293/288 292/287 273/265 276/264
f 286/280 285/279 276/264 270/255
f 261/241 254/233 253/232 257/237
f 258/238 257/237 253/232 256/235
f 1914/3086 215/180 214/179 206/3087
f 220/188 219/187 173/103 172/102
f 214/3088 213/3059 207/3049 206/3089
f 17/159 205/162 195/140 194/139
f 205/3090 201/3091 204/3092 1915/3093
f 205/162 1915/3094 198/143 195/140
f 1915/3095 204/3096 135/3097 134/3098
f 1915/3094 134/3099 1916/3100 198/143
f 1916/3101 134/3102 5/34 133/37
f 1916/3100 133/3103 1917/3104 1918/3105
f 1916/3100 1918/3105 196/144 198/143
f 1918/3106 1917/3107 1919/3108 1920/3109
f 1918/3110 1920/3111 197/3112 196/3113
f 1920/3114 1919/3115 136/3116 1921/3117
f 1920/3114 1921/3117 203/3118 197/3119
f 1921/3120 136/42 6/41 135/40
f 1921/3120 135/40 204/156 203/155
f 1919/3108 1917/3107 1922/3121 1923/3122
f 1919/3123 1923/3124 137/43 136/42
f 1923/3125 1922/3126 151/88 166/87
f 1923/3124 166/3127 1924/3128 137/43
f 1924/3128 166/3127 165/3129 1925/3130
f 1924/3128 1925/3130 153/3131 152/3132
f 1924/3128 152/3132 138/44 137/43
f 1925/3133 165/92 168/91 177/3134
f 1925/3130 177/110 176/109 153/3131
f 1922/3135 132/3136 139/65 151/64
f 1922/3135 1917/3104 133/3103 132/3136
f 199/146 185/3137 13/3138 187/147
f 192/136 191/135 171/104 173/103
f 191/135 1926/3139 167/3140 171/104
f 191/135 183/134 182/3141 1926/3139
f 1926/3142 1927/3143 168/91 167/90
f 1926/3144 182/3145 184/121 1927/3146
f 1927/3146 184/121 186/120 178/3147
f 1927/3146 178/3147 177/3148 168/3149
f 181/3150 154/70 153/69 176/3151
f 170/3152 169/3153 131/32 130/31
f 152/68 9/67 139/3154 138/3155
f 13/118 184/121 182/3145 183/122
f 89/3156 583/3157 90/3158 584/3159
f 149/3160 9/67 154/70 142/3161
f 154/70 181/3150 7/3162 142/3161
f 181/3055 147/56 7/55
f 142/50 8/3163 150/3164
f 142/50 141/49 169/2936 8/3163
f 173/103 219/187 1929/3165 192/136
f 1928/3166 1929/3165 219/187 223/191
f 215/180 1914/3086 1928/3166 223/191
f 1914/3086 193/137 1928/3166
f 193/137 192/136 1929/3165 1928/3166
f 1914/3167 17/159 194/139
f 1914/3168 206/3169 18/3170 17/3171
f 617/3172 620/3173 623/3174 618/3175
f 1930/3176 1934/3177 1935/3178 1936/3179
f 1931/3180 1937/3181 1938/3182 1939/3183
f 1932/3184 1940/3185 1941/3186 1942/3187
f 1933/3188 1943/3189 1944/3190 1945/3191
f 1944/3190 1943/3189 1942/3187 1941/3186
f 1944/3190 1941/3186 1935/3178 1938/3182
f 1944/3190 1938/3182 1937/3181 1945/3191
f 1941/3186 1940/3185 1936/3179 1935/3178
f 1938/3182 1935/3178 1934/3177 1939/3183
f 1946/3192 1950/3193 1951/3194 1952/3195
f 1947/3196 1952/3195 1951/3194 1953/3197
f 1948/3198 1949/3199 1954/3200 1955/3201
f 1948/3198 1956/3202 1957/3203 1958/3204
f 1948/3198 1955/3201 1959/3205 1956/3202
f 1959/3205 1955/3201 1960/3206 1961/3207
f 1961/3207 1960/3206 1962/3208 1963/3209
f 1963/3209 1962/3208 1964/3210 1965/3211
f 1965/3211 1964/3210 1966/3212 1967/3213
f 1967/3213 1966/3212 1968/3214 1969/3215
f 1969/3215 1968/3214 1951/3216 1950/3217
f 1968/3218 1970/3219 1953/3197 1951/3194
f 1968/3218 1966/3220 1971/3221 1970/3219
f 1971/3222 1966/3212 1964/3210 1972/3223
f 1972/3223 1964/3210 1962/3208 1973/3224
f 1973/3224 1962/3208 1960/3206 1974/3225
f 1974/3225 1960/3206 1955/3201 1954/3200
f 1958/3204 1957/3203 1975/3226 1976/3227
f 1976/3227 1975/3226 1977/3228
f 1979/3229 1981/3230 1982/3231 1983/3232
f 1980/3233 1984/3234 1982/3231 1981/3230
f 1985/3235 1986/3236 1987/3237 1988/3238
f 1987/3237 1989/3239 1990/3240 1988/3238
f 1990/3240 1989/3239 1991/3241 1992/3242
f 1991/3241 1978/3243 1992/3242
f 1983/3232 1982/3231 1984/3234
