# Blender 5.0.1
# www.blender.org
mtllib tripo_convert_ecff2da7-035f-47da-be43-5dea97bf50e9.mtl
o tripo_node_ecff2da7-035f-47da-be43-5dea97bf50e9
v 0.165389 -0.003475 0.058824
v 0.160638 -0.041167 0.059803
v 0.140731 -0.018419 0.072722
v 0.133927 -0.036768 0.131265
v -0.098639 -0.030292 0.469244
v -0.095460 -0.008861 0.467780
v 0.139196 -0.022167 0.060569
v -0.129189 -0.004897 -0.015056
v 0.019387 0.034669 -0.025049
v 0.157550 -0.002795 -0.059409
v -0.043019 -0.022965 -0.481553
v -0.036168 -0.021886 -0.473339
v -0.044129 -0.028620 -0.459018
v -0.044916 -0.028549 -0.453296
v -0.069747 -0.018249 -0.462638
v -0.064862 -0.020756 -0.459507
v -0.074111 -0.031157 -0.446799
v -0.046924 -0.031167 -0.463690
v 0.066923 -0.016082 -0.064308
v 0.066126 -0.026384 -0.097543
v 0.138784 -0.025098 -0.068611
v 0.151638 -0.019093 -0.060781
v 0.135687 -0.022415 -0.060288
v 0.113825 -0.071656 -0.136594
v 0.107218 -0.065566 -0.142997
v 0.127916 -0.044718 -0.134491
v 0.104510 -0.070978 -0.138114
v 0.065920 -0.106488 -0.061278
v 0.116686 -0.130999 -0.005907
v 0.136107 -0.102823 0.066466
v 0.138410 -0.113328 0.061616
v 0.065916 -0.104752 0.060898
v 0.132851 -0.080667 0.056124
v 0.066288 -0.099782 0.111813
v 0.109199 -0.064526 0.144312
v 0.066018 -0.054866 0.088987
v 0.066694 -0.016421 0.064510
v 0.470564 -0.047390 0.006728
v 0.473856 -0.054596 -0.009742
v 0.467464 -0.071372 -0.005933
v 0.480788 -0.060100 0.001368
v -0.362906 -0.093718 0.010183
v -0.249998 -0.073734 0.153064
v -0.365540 -0.074574 0.114633
v -0.252051 -0.058952 0.193526
v -0.372426 -0.072735 0.275347
v -0.337828 -0.072341 0.253750
v -0.346309 -0.072343 0.260040
v -0.227657 -0.063555 0.202901
v -0.203222 -0.048496 0.138259
v -0.208056 -0.049789 0.138038
v -0.220725 -0.041865 0.139154
v -0.195088 -0.069847 0.190370
v -0.244163 -0.059327 0.187294
v -0.248647 -0.061462 0.175291
v -0.237322 -0.065336 0.176258
v -0.363753 -0.052985 0.009174
v -0.407539 -0.076802 0.061937
v -0.404801 -0.069287 0.060824
v -0.406586 -0.058489 0.042263
v -0.389297 -0.048115 0.076593
v -0.371682 -0.057618 0.109773
v -0.373252 -0.044774 0.110909
v -0.386258 -0.059787 0.161683
v -0.452134 -0.044080 0.132909
v -0.375841 -0.060312 0.270121
v -0.373080 -0.063650 0.138654
v -0.390394 -0.073281 0.147416
v -0.371839 -0.058468 0.154556
v -0.366855 -0.074243 0.138132
v -0.411551 -0.076727 0.029257
v -0.409420 -0.075883 -0.063096
v -0.407904 -0.089438 -0.044325
v -0.362637 -0.094864 -0.009609
v -0.375224 -0.101400 -0.082650
v -0.375238 -0.072047 -0.107203
v -0.356307 -0.073111 -0.263856
v -0.348463 -0.073830 -0.202372
v -0.250935 -0.066156 -0.179193
v -0.247238 -0.059828 -0.170565
v -0.388762 -0.059563 -0.151318
v -0.334737 -0.057955 -0.189409
v -0.244730 -0.057672 -0.220845
v -0.382083 -0.068413 -0.144816
v -0.378357 -0.070295 -0.142339
v -0.376541 -0.046751 -0.082745
v -0.365670 -0.055306 -0.008813
v -0.376620 -0.065004 -0.109291
v -0.374132 -0.054019 -0.108114
v -0.404970 -0.057521 -0.045603
v -0.408254 -0.040905 -0.115801
v -0.443358 -0.051348 -0.132408
v -0.447039 -0.070278 -0.130568
v -0.406151 -0.042415 -0.140058
v -0.409402 -0.063969 -0.031465
v -0.447265 -0.068442 -0.115136
v -0.444765 -0.049543 -0.120583
v -0.358431 -0.026265 -0.057350
v -0.370952 -0.042866 -0.105759
v -0.172862 -0.041007 -0.127931
v -0.161741 -0.042492 -0.122215
v -0.219316 -0.038649 -0.470264
v -0.228920 -0.039126 -0.385339
v -0.229353 -0.028265 -0.138690
v -0.222131 -0.034137 -0.419060
v -0.223962 -0.031326 -0.443101
v -0.220216 -0.032256 -0.431183
v -0.212616 -0.026093 -0.443633
v -0.427301 0.109313 -0.149040
v -0.478427 0.149353 -0.148240
v -0.487179 0.141186 -0.138464
v -0.211232 -0.020148 -0.468878
v -0.208155 -0.018415 -0.134456
v -0.248191 -0.015556 -0.110989
v -0.431358 0.113639 -0.127471
v -0.476857 0.145301 0.133561
v -0.425214 0.111491 0.127264
v -0.455792 -0.031771 0.129032
v -0.418752 -0.025639 0.122143
v -0.418715 -0.025460 0.132203
v -0.454424 -0.038435 0.125177
v -0.458361 -0.033667 0.131401
v -0.182342 -0.038296 0.109380
v -0.263005 -0.014717 0.111668
v -0.199282 -0.029679 0.420031
v -0.215919 -0.036265 0.436047
v -0.196127 -0.034507 0.428622
v -0.197105 -0.034352 0.428394
v -0.216643 -0.031755 0.431924
v -0.218717 -0.041074 0.470413
v -0.222420 -0.027469 0.463699
v -0.422650 0.111710 0.149307
v -0.471902 0.147392 0.152021
v -0.371357 -0.054442 0.140566
v 0.147263 0.007416 0.056114
v 0.143855 0.000252 0.063379
v 0.156301 -0.004915 0.067064
v 0.151208 -0.016625 0.064607
v 0.175207 0.026727 0.046515
v 0.150026 0.027859 0.047830
v 0.138132 -0.045989 0.061314
v 0.200726 -0.051763 0.060075
v 0.202821 -0.012656 0.058407
v 0.146008 -0.016673 0.073447
v 0.151789 -0.007212 0.081714
v 0.148348 -0.012827 0.098091
v 0.128724 -0.031791 0.110408
v 0.112206 -0.025143 0.102679
v 0.116559 -0.016628 0.071123
v 0.116623 -0.029698 0.071641
v 0.139899 -0.027326 0.073166
v 0.139903 -0.025366 0.068781
v 0.123776 -0.053831 0.140666
v 0.124412 -0.065748 0.137385
v 0.135259 -0.057520 0.132540
v 0.126806 -0.026039 0.125217
v 0.118961 -0.042864 0.136825
v 0.126622 -0.049879 0.122456
v -0.103699 -0.031222 0.469252
v -0.102084 -0.033090 0.458846
v -0.095947 -0.031511 0.461278
v -0.090541 -0.030037 0.464252
v -0.096394 -0.028905 0.473713
v -0.102931 -0.029386 0.475921
v -0.093466 -0.012041 0.458498
v -0.100560 -0.012769 0.455060
v -0.101833 -0.009655 0.466485
v -0.101250 -0.006198 0.475086
v -0.092411 -0.007019 0.473187
v -0.087373 -0.011656 0.461867
v 0.150075 -0.015838 0.068851
v 0.138334 -0.044903 0.066376
v -0.092704 0.007142 -0.019407
v -0.099981 -0.002122 -0.025268
v -0.123450 -0.005186 -0.020398
v -0.104003 0.006522 -0.010841
v -0.128376 -0.007748 -0.026884
v -0.155296 -0.011105 -0.022214
v -0.151950 -0.010871 -0.010981
v -0.111084 0.005442 -0.004712
v 0.045140 0.038610 -0.030654
v 0.049514 0.026928 -0.041475
v 0.012215 0.026620 -0.034037
v 0.004030 0.037557 -0.017980
v 0.019668 0.040593 -0.009360
v 0.154563 -0.004003 -0.064171
v 0.140167 0.000205 -0.061578
v 0.148556 0.014296 -0.053534
v 0.174099 0.015175 -0.052021
v 0.170417 -0.015908 -0.059083
v -0.042757 -0.028492 -0.476448
v -0.055424 -0.031142 -0.477779
v -0.054960 -0.024855 -0.482835
v -0.054398 -0.019121 -0.483919
v -0.042244 -0.020399 -0.479880
v -0.037261 -0.026413 -0.475499
v -0.038095 -0.020380 -0.466802
v -0.037901 -0.028206 -0.467633
v -0.043704 -0.018815 -0.475481
v -0.046271 -0.017793 -0.469434
v -0.044070 -0.021528 -0.459786
v -0.050033 -0.023106 -0.455799
v -0.043797 -0.030939 -0.469624
v -0.058281 -0.028075 -0.450801
v -0.058271 -0.030449 -0.455397
v -0.057877 -0.033128 -0.463395
v -0.060085 -0.024728 -0.449668
v -0.079234 -0.018149 -0.455141
v -0.071903 -0.022441 -0.454515
v -0.082212 -0.015531 -0.462900
v -0.085018 -0.015713 -0.455212
v -0.060365 -0.015739 -0.472124
v -0.075962 -0.013827 -0.473190
v -0.055187 -0.021065 -0.458399
v -0.051953 -0.019306 -0.462441
v -0.065271 -0.023350 -0.452129
v -0.073474 -0.034314 -0.460398
v -0.069144 -0.028653 -0.442787
v -0.070878 -0.033631 -0.431070
v -0.077283 -0.037035 -0.431250
v -0.088509 -0.038657 -0.431624
v -0.086823 -0.036040 -0.447277
v -0.087593 -0.035696 -0.459476
v -0.056481 -0.034109 -0.470974
v 0.086763 -0.016371 -0.066904
v 0.087409 -0.029857 -0.067984
v 0.066672 -0.029802 -0.065326
v 0.066343 -0.021793 -0.086096
v 0.086858 -0.020469 -0.088249
v 0.066083 -0.032707 -0.085918
v 0.065967 -0.029445 -0.102705
v 0.137607 -0.051519 -0.065369
v 0.135301 -0.050065 -0.071907
v 0.134632 -0.027973 -0.071588
v 0.132261 -0.052869 -0.058998
v 0.135857 -0.017363 -0.072519
v 0.144783 -0.017940 -0.079895
v 0.152053 -0.011248 -0.084050
v 0.152061 -0.015333 -0.071809
v 0.167759 -0.050155 -0.059376
v 0.147891 -0.050651 -0.059170
v 0.149506 -0.003147 -0.072690
v 0.138928 -0.041557 -0.125685
v 0.131272 -0.062210 -0.134518
v 0.126743 -0.082998 -0.133532
v 0.111673 -0.092629 -0.133778
v 0.082894 -0.084864 -0.136076
v 0.081874 -0.075782 -0.137769
v 0.079493 -0.071121 -0.143442
v 0.098861 -0.065668 -0.151239
v 0.107127 -0.054329 -0.155237
v 0.113967 -0.047336 -0.142682
v 0.123386 -0.034030 -0.130661
v 0.066073 -0.095467 -0.110427
v 0.066065 -0.077545 -0.120106
v 0.065961 -0.080911 -0.092180
v 0.066148 -0.102647 -0.092706
v 0.092021 -0.106273 -0.063294
v 0.091593 -0.103646 -0.089665
v 0.066066 -0.083997 -0.064298
v 0.090790 -0.087774 -0.065420
v 0.116163 -0.094046 -0.051883
v 0.114886 -0.107615 -0.052479
v 0.131067 -0.101735 -0.055220
v 0.133787 -0.083208 -0.058131
v 0.141485 -0.084507 -0.053998
v 0.138414 -0.106181 -0.040180
v 0.112668 -0.112606 -0.034480
v 0.113221 -0.130596 0.011064
v 0.079326 -0.135089 0.009379
v 0.080871 -0.135070 -0.004687
v 0.082872 -0.132362 -0.018727
v 0.113248 -0.123836 -0.019865
v 0.137945 -0.116496 -0.022410
v 0.138138 -0.119308 -0.004541
v 0.137147 -0.118478 0.013860
v 0.137108 -0.108972 0.069089
v 0.138790 -0.108163 0.057240
v 0.138605 -0.100588 0.057832
v 0.129430 -0.104303 0.087779
v 0.135204 -0.106596 0.088540
v 0.118487 -0.105073 0.064709
v 0.114623 -0.104084 0.087465
v 0.137624 -0.078032 0.070300
v 0.116998 -0.076849 0.069027
v 0.137911 -0.077756 0.059909
v 0.122902 -0.117364 0.061960
v 0.123757 -0.111430 0.053633
v 0.138027 -0.114002 0.071177
v 0.122147 -0.117989 0.074973
v 0.095291 -0.105268 0.062840
v 0.093158 -0.076010 0.067325
v 0.066141 -0.074998 0.065680
v 0.066135 -0.102795 0.084249
v 0.093130 -0.103683 0.085714
v 0.066033 -0.074399 0.081535
v 0.125276 -0.102361 0.053930
v 0.099104 -0.108284 0.050675
v 0.097349 -0.097376 0.050352
v 0.103190 -0.113949 0.035502
v 0.132033 -0.103402 0.044059
v 0.166374 -0.086497 0.051512
v 0.066796 -0.100853 0.106081
v 0.065993 -0.071532 0.109936
v 0.073154 -0.069637 0.122082
v 0.089267 -0.067303 0.123081
v 0.089656 -0.088649 0.117353
v 0.090432 -0.099730 0.110142
v 0.112837 -0.048130 0.145972
v 0.104832 -0.051576 0.157027
v 0.102257 -0.063893 0.154409
v 0.111296 -0.072627 0.137843
v 0.090214 -0.068781 0.147423
v 0.093878 -0.071284 0.138234
v 0.096451 -0.079935 0.137187
v 0.066066 -0.050319 0.077228
v 0.066005 -0.032764 0.083066
v 0.065999 -0.045492 0.102227
v 0.065991 -0.073993 0.095928
v 0.072020 -0.022282 0.090739
v 0.066136 -0.030848 0.065879
v 0.090739 -0.016568 0.067951
v 0.090326 -0.023149 0.096609
v 0.090521 -0.030307 0.068535
v 0.459766 -0.041050 0.011577
v 0.459844 -0.045684 0.016310
v 0.473216 -0.051649 0.007534
v 0.472936 -0.047153 0.002666
v 0.459911 -0.037496 0.006119
v 0.477040 -0.051650 0.003099
v 0.475495 -0.053423 -0.007522
v 0.477141 -0.056817 -0.006865
v 0.474385 -0.057625 -0.009464
v 0.469521 -0.052813 -0.013081
v 0.470128 -0.049332 -0.010661
v 0.469129 -0.057156 -0.013812
v 0.469578 -0.067917 -0.008367
v 0.473785 -0.066490 -0.005131
v 0.470804 -0.070149 -0.002412
v 0.456836 -0.077609 -0.007310
v 0.456856 -0.074128 -0.012929
v 0.456642 -0.078622 -0.000473
v 0.478118 -0.060982 0.004370
v 0.477729 -0.063478 0.002618
v 0.480273 -0.061221 -0.000614
v 0.481303 -0.057540 0.001216
v 0.478603 -0.057921 0.004877
v 0.480929 -0.058115 -0.001883
v -0.353189 -0.105397 0.008651
v -0.355624 -0.108952 0.015138
v -0.373092 -0.102302 0.017505
v -0.376032 -0.074950 0.006674
v -0.364776 -0.075326 0.006189
v -0.362076 -0.096347 0.003711
v -0.352715 -0.104532 0.003019
v -0.257879 -0.073744 0.164322
v -0.264588 -0.074058 0.156000
v -0.248586 -0.073914 0.143904
v -0.238477 -0.067039 0.152570
v -0.248133 -0.070760 0.170841
v -0.233751 -0.068788 0.140175
v -0.340856 -0.074611 0.111810
v -0.338228 -0.074434 0.133329
v -0.373554 -0.064874 0.129221
v -0.368672 -0.081096 0.110448
v -0.343124 -0.086124 0.110728
v -0.376773 -0.056357 0.092358
v -0.376712 -0.070249 0.094737
v -0.250559 -0.057447 0.215275
v -0.229260 -0.051725 0.205365
v -0.218923 -0.051105 0.165862
v -0.241272 -0.056782 0.162809
v -0.245177 -0.058316 0.172413
v -0.367749 -0.071627 0.268873
v -0.366786 -0.060873 0.269331
v -0.381117 -0.060657 0.260235
v -0.384021 -0.069719 0.262683
v -0.375673 -0.072754 0.257855
v -0.353499 -0.073324 0.249739
v -0.343309 -0.073393 0.243375
v -0.323684 -0.073502 0.226452
v -0.314410 -0.071965 0.234422
v -0.353946 -0.061012 0.268688
v -0.356995 -0.071866 0.265418
v -0.185346 -0.066024 0.217643
v -0.222356 -0.060539 0.222974
v -0.198483 -0.047338 0.167079
v -0.168099 -0.043357 0.168975
v -0.189865 -0.046518 0.137467
v -0.192294 -0.037461 0.138259
v -0.201286 -0.032820 0.138661
v -0.229689 -0.026480 0.139886
v -0.180859 -0.036863 0.134226
v -0.185746 -0.032573 0.133884
v -0.237048 -0.055952 0.137373
v -0.242223 -0.061255 0.187150
v -0.141871 -0.072340 0.185026
v -0.142782 -0.067856 0.217112
v -0.263671 -0.058941 0.179095
v -0.261029 -0.062356 0.187151
v -0.266947 -0.058310 0.169217
v -0.219561 -0.070214 0.154023
v -0.263043 -0.069415 0.188562
v -0.348929 -0.042935 0.008568
v -0.350284 -0.045549 0.000487
v -0.362337 -0.055776 -0.000275
v -0.362353 -0.076280 -0.001132
v -0.380099 -0.056176 0.010131
v -0.381993 -0.044165 0.018756
v -0.364549 -0.041021 0.017697
v -0.348502 -0.034393 0.015305
v -0.405460 -0.078182 0.058993
v -0.414136 -0.083919 0.059952
v -0.415329 -0.079110 0.063165
v -0.416216 -0.073841 0.064244
v -0.408081 -0.072738 0.062230
v -0.404640 -0.073177 0.059527
v -0.409459 -0.068680 0.061737
v -0.405011 -0.068309 0.057173
v -0.404431 -0.073104 0.055722
v -0.409374 -0.064594 0.059503
v -0.407374 -0.059271 0.046616
v -0.415629 -0.055462 0.046172
v -0.414888 -0.056747 0.040598
v -0.413934 -0.060468 0.035743
v -0.406766 -0.062890 0.039802
v -0.405153 -0.064506 0.044207
v -0.373283 -0.043466 0.090373
v -0.373660 -0.042303 0.076271
v -0.392326 -0.061432 0.083452
v -0.379037 -0.036122 0.062567
v -0.399679 -0.038087 0.061954
v -0.381168 -0.060364 0.112935
v -0.366162 -0.042246 0.101810
v -0.382597 -0.063058 0.127808
v -0.350462 -0.035002 0.110506
v -0.348677 -0.037695 0.100591
v -0.376705 -0.033140 0.112306
v -0.353823 -0.024125 0.112851
v -0.395233 -0.046207 0.111600
v -0.394732 -0.034443 0.112321
v -0.397982 -0.058449 0.115933
v -0.380256 -0.058611 0.156214
v -0.383173 -0.065277 0.145315
v -0.389958 -0.065392 0.152910
v -0.393702 -0.066795 0.181667
v -0.388201 -0.059534 0.184494
v -0.378970 -0.058390 0.186587
v -0.442311 -0.046875 0.131493
v -0.439574 -0.042296 0.135811
v -0.451478 -0.039648 0.133754
v -0.455193 -0.040953 0.128887
v -0.444115 -0.045703 0.123652
v -0.457793 -0.037466 0.130472
v -0.370749 -0.058319 0.257465
v -0.372408 -0.074216 0.140654
v -0.378194 -0.073858 0.142904
v -0.377199 -0.065008 0.142767
v -0.371773 -0.059442 0.141740
v -0.381244 -0.058270 0.140138
v -0.358439 -0.058150 0.140222
v -0.358998 -0.041772 0.141096
v -0.380419 -0.043822 0.141378
v -0.384448 -0.073381 0.144862
v -0.380961 -0.073438 0.178573
v -0.390034 -0.073105 0.180460
v -0.357655 -0.058368 0.160929
v -0.352904 -0.073937 0.173069
v -0.363675 -0.073820 0.176408
v -0.331718 -0.074125 0.162872
v -0.411222 -0.071381 0.029653
v -0.422665 -0.071352 0.027643
v -0.422038 -0.077595 0.027927
v -0.421728 -0.083404 0.031384
v -0.409934 -0.080868 0.032418
v -0.405581 -0.074008 0.034719
v -0.408582 -0.071605 -0.063136
v -0.419650 -0.070568 -0.065312
v -0.419234 -0.076734 -0.064497
v -0.418567 -0.082408 -0.061729
v -0.409232 -0.079467 -0.059694
v -0.405550 -0.074954 -0.057660
v -0.407211 -0.086856 -0.041015
v -0.405490 -0.082780 -0.046722
v -0.408446 -0.087514 -0.049919
v -0.418069 -0.091310 -0.051634
v -0.418131 -0.091486 -0.044978
v -0.417756 -0.090466 -0.038836
v -0.352740 -0.105973 -0.008969
v -0.352973 -0.104623 -0.003180
v -0.362020 -0.096390 -0.002896
v -0.366486 -0.103610 -0.017894
v -0.353993 -0.110485 -0.015676
v -0.367528 -0.075871 -0.005853
v -0.362259 -0.095664 -0.106879
v -0.368527 -0.099115 -0.102912
v -0.372183 -0.089306 -0.105654
v -0.362523 -0.089709 -0.109123
v -0.389414 -0.096560 -0.078310
v -0.388769 -0.085450 -0.083906
v -0.376771 -0.087403 -0.087898
v -0.372503 -0.107553 -0.071113
v -0.389681 -0.105824 -0.069507
v -0.376472 -0.088448 -0.093487
v -0.372795 -0.101699 -0.091199
v -0.355173 -0.107232 -0.091698
v -0.354853 -0.108433 -0.083957
v -0.354843 -0.113158 -0.074875
v -0.372102 -0.074568 -0.112369
v -0.373793 -0.079529 -0.106654
v -0.376354 -0.076381 -0.098859
v -0.376378 -0.064336 -0.098302
v -0.371738 -0.074320 -0.119488
v -0.362589 -0.073224 -0.260114
v -0.367060 -0.071475 -0.269810
v -0.356041 -0.069782 -0.272772
v -0.348452 -0.073117 -0.259796
v -0.353656 -0.073409 -0.252672
v -0.343289 -0.068672 -0.267324
v -0.359168 -0.073739 -0.210593
v -0.352802 -0.073656 -0.226793
v -0.339867 -0.073772 -0.211713
v -0.346838 -0.073960 -0.182765
v -0.361837 -0.073919 -0.182266
v -0.328037 -0.073924 -0.186563
v -0.244420 -0.069375 -0.154758
v -0.261445 -0.073930 -0.151676
v -0.272173 -0.073846 -0.171439
v -0.236873 -0.064076 -0.180076
v -0.231646 -0.067551 -0.156086
v -0.261084 -0.063417 -0.189217
v -0.260280 -0.059464 -0.181880
v -0.379130 -0.059021 -0.153548
v -0.380743 -0.058645 -0.165575
v -0.389430 -0.059523 -0.163965
v -0.392615 -0.063680 -0.161745
v -0.385740 -0.061458 -0.148690
v -0.378388 -0.059517 -0.146355
v -0.331343 -0.058091 -0.173882
v -0.309738 -0.058011 -0.180762
v -0.327132 -0.057838 -0.202865
v -0.352540 -0.057975 -0.191136
v -0.353482 -0.058153 -0.171060
v -0.349794 -0.057794 -0.215369
v -0.379227 -0.058438 -0.260433
v -0.370694 -0.058135 -0.261913
v -0.367111 -0.063669 -0.274117
v -0.380776 -0.064342 -0.266312
v -0.234540 -0.053672 -0.200282
v -0.240951 -0.053440 -0.224740
v -0.212507 -0.061191 -0.226758
v -0.201299 -0.069609 -0.191895
v -0.227246 -0.065402 -0.189272
v -0.376601 -0.064119 -0.141684
v -0.389639 -0.070832 -0.160496
v -0.382091 -0.073507 -0.159983
v -0.372077 -0.073965 -0.160063
v -0.368885 -0.074021 -0.146386
v -0.366093 -0.074034 -0.136371
v -0.370541 -0.073609 -0.138256
v -0.362894 -0.040083 -0.083416
v -0.367393 -0.041224 -0.095106
v -0.376340 -0.051224 -0.096357
v -0.376765 -0.062453 -0.088462
v -0.388046 -0.061337 -0.084005
v -0.386999 -0.048339 -0.077107
v -0.384684 -0.036879 -0.063098
v -0.363045 -0.036341 -0.065642
v -0.358498 -0.033102 -0.070579
v -0.351297 -0.044097 -0.007421
v -0.351826 -0.036613 -0.014770
v -0.365312 -0.042898 -0.017799
v -0.383068 -0.044842 -0.018961
v -0.382921 -0.057909 -0.010333
v -0.383245 -0.073967 -0.006867
v -0.381204 -0.051695 -0.110282
v -0.391996 -0.057408 -0.109818
v -0.386341 -0.068651 -0.109435
v -0.411203 -0.056252 -0.046386
v -0.410690 -0.057341 -0.052121
v -0.405238 -0.061120 -0.049002
v -0.404653 -0.065304 -0.044204
v -0.405666 -0.061156 -0.041853
v -0.411097 -0.057544 -0.040656
v -0.407111 -0.041236 -0.127449
v -0.419930 -0.043323 -0.127497
v -0.420767 -0.044790 -0.117600
v -0.406604 -0.049543 -0.110940
v -0.394129 -0.046787 -0.110549
v -0.396359 -0.038051 -0.112343
v -0.420384 -0.051970 -0.112687
v -0.400870 -0.024620 -0.113847
v -0.410838 -0.028237 -0.117460
v -0.411312 -0.029918 -0.128661
v -0.434104 -0.047760 -0.134365
v -0.433449 -0.055959 -0.134050
v -0.443610 -0.057334 -0.130902
v -0.447887 -0.056882 -0.125592
v -0.445697 -0.050025 -0.126755
v -0.433737 -0.045480 -0.126776
v -0.433729 -0.071208 -0.131134
v -0.434035 -0.071334 -0.122868
v -0.444979 -0.068113 -0.123129
v -0.444362 -0.063679 -0.130230
v -0.433412 -0.064122 -0.133457
v -0.447232 -0.062991 -0.124072
v -0.392864 -0.040949 -0.140734
v -0.389267 -0.050697 -0.140275
v -0.403781 -0.053035 -0.139591
v -0.419034 -0.054195 -0.136981
v -0.420391 -0.044647 -0.136707
v -0.409082 -0.031021 -0.140351
v -0.397111 -0.029102 -0.141318
v -0.407878 -0.067415 -0.030936
v -0.419339 -0.068782 -0.027901
v -0.419777 -0.063328 -0.030508
v -0.419884 -0.058812 -0.034882
v -0.409934 -0.060356 -0.035844
v -0.405302 -0.064508 -0.037249
v -0.445304 -0.062089 -0.117044
v -0.434303 -0.070732 -0.113484
v -0.434380 -0.062170 -0.113600
v -0.446083 -0.055515 -0.118322
v -0.434541 -0.054014 -0.114319
v -0.434125 -0.047228 -0.119050
v -0.361804 -0.029358 -0.059666
v -0.363271 -0.033338 -0.054713
v -0.363151 -0.032493 -0.051635
v -0.341341 -0.021413 -0.058866
v -0.343613 -0.028767 -0.074576
v -0.349370 -0.038593 -0.096062
v -0.351260 -0.039791 -0.106924
v -0.353465 -0.033899 -0.111367
v -0.371981 -0.038799 -0.110963
v -0.383398 -0.043242 -0.110812
v -0.175923 -0.044035 -0.128267
v -0.176860 -0.044082 -0.131262
v -0.173771 -0.044174 -0.132114
v -0.172462 -0.040208 -0.133868
v -0.179623 -0.038592 -0.135073
v -0.175481 -0.043050 -0.136397
v -0.185915 -0.029215 -0.120133
v -0.184860 -0.033516 -0.111798
v -0.147573 -0.034282 -0.110674
v -0.191189 -0.027559 -0.130631
v -0.220381 -0.040345 -0.461227
v -0.224159 -0.030321 -0.458477
v -0.222711 -0.029124 -0.467509
v -0.210917 -0.036939 -0.473761
v -0.208900 -0.040731 -0.465005
v -0.213993 -0.027744 -0.475293
v -0.220875 -0.041139 -0.386125
v -0.224679 -0.044990 -0.351297
v -0.236104 -0.042245 -0.352309
v -0.219581 -0.035758 -0.383580
v -0.217374 -0.033422 -0.411331
v -0.229286 -0.036059 -0.413871
v -0.224998 -0.039489 -0.350599
v -0.229611 -0.024128 -0.137112
v -0.223837 -0.023503 -0.137749
v -0.220632 -0.035354 -0.138920
v -0.233926 -0.041773 -0.138969
v -0.239765 -0.026282 -0.138752
v -0.231385 -0.024277 -0.136187
v -0.228460 -0.032316 -0.430785
v -0.212792 -0.035302 -0.435110
v -0.207327 -0.038332 -0.415397
v -0.219701 -0.030976 -0.441286
v -0.224359 -0.032053 -0.447659
v -0.217375 -0.032390 -0.425941
v -0.205843 -0.030592 -0.427901
v -0.213552 -0.023204 -0.454603
v -0.415737 0.100533 -0.148251
v -0.425889 0.093286 -0.148201
v -0.436963 0.108995 -0.149259
v -0.427266 0.118828 -0.149542
v -0.407433 0.109277 -0.148452
v -0.441001 0.119811 -0.149869
v -0.478822 0.147117 -0.142044
v -0.469184 0.150037 -0.141786
v -0.468972 0.149801 -0.149588
v -0.468351 0.141929 -0.150328
v -0.477239 0.141184 -0.148327
v -0.482635 0.140844 -0.144223
v -0.478518 0.143654 -0.136288
v -0.481015 0.132534 -0.138043
v -0.476315 0.136002 -0.132150
v -0.481384 0.131487 -0.145655
v -0.197931 -0.017610 -0.472762
v -0.197834 -0.024838 -0.478861
v -0.213685 -0.021559 -0.462425
v -0.196978 -0.018522 -0.463828
v -0.263575 -0.018880 -0.110821
v -0.259888 -0.023986 -0.110379
v -0.225453 -0.023968 -0.110159
v -0.216786 -0.014931 -0.112351
v -0.252877 0.000651 -0.112862
v -0.269905 -0.005379 -0.112206
v -0.441212 0.112787 -0.128044
v -0.429667 0.093963 -0.126059
v -0.418747 0.101723 -0.125883
v -0.431092 0.123330 -0.128102
v -0.444571 0.123805 -0.128899
v -0.408830 0.111215 -0.126327
v -0.469963 0.145643 0.132193
v -0.470009 0.133898 0.130968
v -0.477076 0.132511 0.132607
v -0.481213 0.130443 0.139768
v -0.481395 0.145144 0.139679
v -0.470791 0.150495 0.138730
v -0.424136 0.122272 0.127887
v -0.401413 0.108668 0.126131
v -0.410722 0.099569 0.125806
v -0.421764 0.091713 0.125739
v -0.436094 0.111599 0.127947
v -0.439333 0.125037 0.128897
v -0.446379 -0.029239 0.128589
v -0.445364 -0.031200 0.121100
v -0.456952 -0.034925 0.127468
v -0.448751 -0.034081 0.132958
v -0.416440 -0.020932 0.122715
v -0.409198 -0.020497 0.115452
v -0.411834 -0.030553 0.114988
v -0.428264 -0.030001 0.118660
v -0.430264 -0.026889 0.128356
v -0.422790 -0.035710 0.137814
v -0.410443 -0.038804 0.140263
v -0.410068 -0.027023 0.140467
v -0.414131 -0.012946 0.142692
v -0.420021 -0.011979 0.133211
v -0.419981 -0.010512 0.122932
v -0.435781 -0.034677 0.135245
v -0.444974 -0.038800 0.118827
v -0.184142 -0.027144 0.103290
v -0.220760 -0.024406 0.097161
v -0.217860 -0.031099 0.108847
v -0.215773 -0.025643 0.110293
v -0.184565 -0.034903 0.111984
v -0.177532 -0.036480 0.110656
v -0.154984 -0.037093 0.111383
v -0.153668 -0.025799 0.106798
v -0.163821 -0.043165 0.127212
v -0.175873 -0.036926 0.126572
v -0.297014 -0.020711 0.111883
v -0.299330 -0.007543 0.112971
v -0.281309 0.001669 0.113728
v -0.268812 0.012673 0.114927
v -0.241748 -0.002457 0.113265
v -0.262408 -0.031070 0.109777
v -0.296485 -0.031589 0.107050
v -0.200303 -0.034742 0.428645
v -0.197902 -0.032194 0.428163
v -0.217834 -0.033111 0.411037
v -0.200374 -0.026968 0.433646
v -0.205511 -0.040069 0.437338
v -0.208237 -0.040466 0.446902
v -0.218548 -0.038198 0.442136
v -0.218076 -0.029909 0.441559
v -0.216102 -0.037214 0.427718
v -0.202604 -0.037064 0.428590
v -0.226665 -0.034759 0.429226
v -0.194964 -0.035931 0.428573
v -0.197813 -0.037525 0.428419
v -0.199520 -0.036303 0.428373
v -0.193175 -0.032015 0.428534
v -0.192463 -0.033134 0.428799
v -0.197839 -0.037396 0.428697
v -0.194766 -0.036347 0.428718
v -0.203476 -0.023436 0.445211
v -0.214047 -0.040737 0.461549
v -0.200261 -0.038670 0.466550
v -0.204051 -0.035542 0.473941
v -0.208333 -0.027969 0.475780
v -0.221843 -0.034704 0.467959
v -0.224975 -0.038856 0.457051
v -0.223367 -0.026225 0.455621
v -0.208744 -0.021056 0.469836
v -0.207151 -0.019477 0.461402
v -0.433476 0.111665 0.149533
v -0.417514 0.092556 0.148281
v -0.407353 0.100074 0.148364
v -0.398935 0.108331 0.148525
v -0.421947 0.121892 0.149869
v -0.437532 0.123444 0.150216
v -0.472267 0.149351 0.145922
v -0.479865 0.141745 0.147796
v -0.472671 0.140363 0.151260
v -0.463311 0.147778 0.152072
v -0.462918 0.150274 0.145078
v -0.462848 0.140238 0.151652
v -0.461290 0.131458 0.151082
v -0.451159 0.132280 0.150995
v -0.452245 0.140573 0.151574
v -0.452892 0.148368 0.151939
v -0.470965 0.130537 0.151089
v -0.466086 0.118624 0.150042
v -0.457493 0.120631 0.150247
v -0.479557 0.129367 0.148012
v -0.473432 0.116810 0.147641
v -0.465665 0.100458 0.146937
v -0.458191 0.103116 0.149319
v -0.475311 0.117447 0.139637
v -0.467595 0.100377 0.138938
v -0.456283 0.073901 0.137904
v -0.453793 0.074614 0.146189
v -0.473740 0.118801 0.132336
v -0.467848 0.100995 0.130184
v -0.455959 0.074650 0.129233
v -0.442678 0.042405 0.127057
v -0.442878 0.041114 0.136813
v -0.460057 0.104172 0.128878
v -0.448820 0.077994 0.126875
v -0.434923 0.046434 0.123139
v -0.420802 0.014445 0.118861
v -0.428777 0.009677 0.124182
v -0.439774 0.082148 0.126411
v -0.424998 0.051219 0.122904
v -0.410512 0.019858 0.118800
v -0.400817 -0.004408 0.116090
v -0.411918 -0.007358 0.116587
v -0.414809 0.056364 0.122654
v -0.399168 0.025658 0.118919
v -0.387462 -0.000993 0.115945
v -0.381024 -0.019554 0.113893
v -0.396083 -0.021296 0.114080
v -0.382326 0.034182 0.119111
v -0.367067 0.006668 0.116006
v -0.358571 -0.011563 0.114043
v -0.340351 0.020221 0.116501
v -0.329108 0.000040 0.114300
v -0.325502 -0.014338 0.112902
v -0.324619 -0.027275 0.111840
v -0.308152 0.010740 0.115005
v -0.325559 0.032200 0.117416
v -0.318327 0.041308 0.118233
v -0.297555 0.020310 0.115903
v -0.312051 0.049705 0.119089
v -0.289629 0.029698 0.116835
v -0.305540 0.057702 0.121685
v -0.282226 0.038391 0.119383
v -0.258630 0.020996 0.117762
v -0.229289 0.001661 0.120779
v -0.279011 0.040720 0.130003
v -0.254972 0.020651 0.129870
v -0.225598 -0.002475 0.131980
v -0.199801 -0.022959 0.133920
v -0.200373 -0.019369 0.125024
v -0.256515 0.014477 0.140005
v -0.226599 -0.012995 0.139469
v -0.261217 0.002775 0.141513
v -0.280739 0.037059 0.140332
v -0.287104 0.028867 0.142785
v -0.303806 0.057785 0.140835
v -0.309456 0.050354 0.143970
v -0.315692 0.042341 0.143994
v -0.294089 0.020404 0.142763
v -0.263788 -0.013051 0.141141
v -0.321900 0.034274 0.143907
v -0.302144 0.011702 0.142603
v -0.281217 -0.016555 0.141351
v -0.267983 -0.058181 0.137931
v -0.315976 0.000077 0.142412
v -0.304913 -0.026575 0.141239
v -0.304344 -0.058141 0.138823
v -0.304791 -0.058294 0.162517
v -0.268970 -0.058276 0.156764
v -0.333563 -0.033713 0.141239
v -0.335355 -0.057652 0.139440
v -0.338467 -0.058334 0.164928
v -0.336092 -0.058087 0.192694
v -0.301767 -0.058160 0.181028
v -0.356691 -0.058116 0.193393
v -0.353261 -0.057875 0.219654
v -0.329763 -0.057907 0.211142
v -0.369259 -0.058201 0.188948
v -0.367277 -0.058017 0.220954
v -0.363215 -0.057890 0.241406
v -0.347334 -0.057744 0.236624
v -0.378782 -0.058546 0.220626
v -0.375981 -0.058641 0.243133
v -0.357881 -0.057705 0.256176
v -0.389301 -0.060254 0.220094
v -0.387388 -0.059743 0.245584
v -0.393256 -0.067526 0.218929
v -0.392999 -0.068294 0.246489
v -0.388714 -0.072867 0.217788
v -0.384100 -0.072714 0.243787
v -0.378370 -0.073247 0.216177
v -0.372573 -0.073218 0.240305
v -0.364731 -0.073193 0.253772
v -0.361464 -0.073530 0.237159
v -0.368374 -0.073528 0.214711
v -0.357150 -0.073695 0.211320
v -0.350297 -0.073614 0.230434
v -0.342448 -0.073763 0.202123
v -0.333164 -0.073657 0.216715
v -0.320729 -0.073888 0.184227
v -0.310764 -0.073806 0.194962
v -0.301433 -0.073645 0.202274
v -0.288007 -0.074031 0.169037
v -0.280085 -0.073912 0.176096
v -0.271295 -0.073464 0.182752
v -0.292102 -0.072525 0.209071
v -0.284977 -0.064717 0.212900
v -0.313357 -0.059537 0.233675
v -0.289565 -0.058425 0.204135
v -0.321466 -0.057886 0.223239
v -0.340462 -0.057983 0.249461
v -0.295977 -0.058053 0.193577
v -0.267803 -0.074172 0.147220
v -0.269264 -0.074266 0.136798
v -0.247400 -0.073645 0.126309
v -0.247660 -0.073620 0.134978
v -0.295527 -0.074162 0.158503
v -0.301530 -0.074317 0.143174
v -0.270475 -0.074408 0.126055
v -0.272282 -0.077212 0.113740
v -0.247428 -0.079758 0.112624
v -0.247422 -0.074106 0.117805
v -0.303362 -0.074461 0.125870
v -0.303419 -0.079413 0.112249
v -0.271991 -0.085747 0.112644
v -0.272341 -0.095778 0.112478
v -0.245608 -0.099048 0.112416
v -0.246438 -0.089680 0.112710
v -0.305625 -0.090843 0.112226
v -0.307098 -0.102000 0.111212
v -0.272887 -0.105037 0.110717
v -0.344319 -0.097938 0.109156
v -0.343379 -0.107459 0.101588
v -0.307463 -0.109169 0.104003
v -0.368763 -0.092222 0.106392
v -0.367680 -0.103253 0.097425
v -0.364933 -0.106403 0.085468
v -0.341240 -0.109039 0.090059
v -0.376777 -0.082985 0.093993
v -0.376738 -0.092643 0.089150
v -0.376167 -0.099743 0.080474
v -0.378981 -0.105771 0.071682
v -0.362750 -0.109088 0.075526
v -0.394478 -0.085700 0.083077
v -0.396859 -0.094840 0.078416
v -0.400349 -0.104464 0.070025
v -0.402017 -0.109916 0.058731
v -0.379035 -0.111173 0.061021
v -0.420032 -0.093407 0.076715
v -0.421424 -0.102130 0.068492
v -0.422704 -0.107658 0.057820
v -0.423569 -0.108017 0.046582
v -0.402629 -0.112597 0.047073
v -0.434492 -0.098839 0.067001
v -0.435192 -0.103731 0.057081
v -0.435590 -0.104462 0.046690
v -0.436085 -0.103516 0.036849
v -0.424432 -0.107106 0.035996
v -0.444379 -0.100076 0.056636
v -0.445050 -0.100982 0.047200
v -0.445400 -0.099954 0.038150
v -0.445567 -0.096112 0.030187
v -0.435844 -0.099174 0.028113
v -0.450322 -0.095286 0.047504
v -0.449377 -0.095061 0.039533
v -0.448417 -0.091641 0.033407
v -0.448459 -0.086277 0.029023
v -0.445375 -0.089610 0.024463
v -0.441417 -0.093144 0.040428
v -0.440856 -0.090458 0.034249
v -0.440925 -0.085536 0.029727
v -0.441331 -0.079233 0.026496
v -0.448393 -0.080001 0.025826
v -0.431349 -0.089669 0.035139
v -0.431518 -0.084588 0.030415
v -0.432209 -0.078461 0.026838
v -0.432594 -0.071418 0.026561
v -0.441639 -0.071602 0.026681
v -0.441437 -0.064322 0.028600
v -0.448811 -0.063861 0.028411
v -0.449168 -0.071842 0.026749
v -0.432349 -0.064724 0.029041
v -0.432356 -0.058818 0.033041
v -0.441224 -0.058168 0.032010
v -0.423074 -0.065176 0.030214
v -0.423548 -0.059419 0.034046
v -0.424261 -0.055213 0.039563
v -0.433107 -0.054897 0.038874
v -0.412849 -0.065861 0.032176
v -0.406114 -0.068118 0.036975
v -0.404793 -0.077095 0.039654
v -0.404802 -0.070346 0.041873
v -0.404812 -0.079489 0.044770
v -0.404505 -0.071958 0.046673
v -0.405202 -0.065853 0.048762
v -0.404514 -0.072829 0.051372
v -0.405186 -0.067065 0.053123
v -0.409071 -0.061780 0.055470
v -0.408542 -0.060205 0.050871
v -0.416773 -0.058711 0.057237
v -0.416208 -0.056108 0.051831
v -0.425428 -0.057509 0.058004
v -0.425116 -0.054288 0.052205
v -0.424846 -0.053623 0.045858
v -0.433878 -0.053841 0.052525
v -0.433920 -0.053457 0.045711
v -0.442323 -0.053680 0.053241
v -0.442802 -0.053517 0.045830
v -0.441861 -0.054771 0.038308
v -0.450302 -0.051943 0.046236
v -0.448958 -0.054518 0.038123
v -0.447708 -0.056999 0.031099
v -0.446551 -0.048208 0.036230
v -0.446010 -0.053698 0.027978
v -0.446705 -0.061902 0.022490
v -0.436928 -0.050985 0.025484
v -0.437185 -0.060112 0.018088
v -0.436731 -0.071488 0.016256
v -0.446537 -0.071575 0.020548
v -0.436307 -0.082514 0.016682
v -0.445705 -0.081225 0.020937
v -0.435659 -0.091973 0.021271
v -0.423793 -0.084106 0.013198
v -0.423777 -0.094243 0.018833
v -0.424394 -0.102526 0.026478
v -0.400083 -0.097532 0.016978
v -0.401327 -0.105734 0.025494
v -0.402260 -0.110624 0.035688
v -0.376148 -0.107983 0.025394
v -0.377403 -0.112978 0.036337
v -0.378200 -0.114235 0.048776
v -0.359631 -0.118631 0.036443
v -0.360363 -0.118914 0.051424
v -0.361506 -0.114642 0.065116
v -0.337987 -0.123467 0.054046
v -0.338902 -0.118769 0.069732
v -0.339672 -0.110844 0.079839
v -0.306696 -0.118894 0.072320
v -0.306555 -0.112282 0.083100
v -0.307008 -0.111085 0.093762
v -0.272562 -0.113730 0.084165
v -0.272820 -0.113102 0.094972
v -0.273101 -0.111531 0.104158
v -0.243502 -0.114433 0.094108
v -0.244122 -0.113209 0.103132
v -0.244831 -0.107080 0.109563
v -0.223869 -0.113347 0.101486
v -0.223985 -0.108526 0.107639
v -0.224375 -0.102280 0.111419
v -0.203625 -0.119039 0.109170
v -0.200441 -0.111067 0.112020
v -0.199355 -0.101724 0.113424
v -0.225220 -0.094010 0.112678
v -0.200429 -0.091219 0.112945
v -0.226087 -0.084490 0.112465
v -0.201223 -0.080985 0.112622
v -0.226845 -0.074781 0.112948
v -0.203014 -0.075806 0.119181
v -0.227975 -0.071726 0.120695
v -0.206554 -0.074483 0.129114
v -0.230625 -0.070191 0.130098
v -0.211310 -0.072898 0.139746
v -0.172412 -0.076858 0.131110
v -0.175963 -0.075656 0.142120
v -0.182229 -0.073964 0.158253
v -0.135895 -0.076705 0.145293
v -0.137976 -0.075202 0.159482
v -0.096669 -0.076571 0.147965
v -0.097501 -0.075071 0.162249
v -0.099430 -0.072738 0.185317
v -0.059117 -0.074880 0.165316
v -0.060205 -0.072179 0.189244
v -0.064402 -0.067164 0.226949
v -0.102789 -0.068611 0.220482
v -0.072685 -0.061843 0.266607
v -0.107100 -0.063431 0.258316
v -0.144070 -0.063023 0.253411
v -0.113536 -0.057919 0.297700
v -0.147424 -0.058451 0.292211
v -0.180033 -0.057143 0.289776
v -0.179910 -0.061982 0.251721
v -0.211430 -0.053359 0.290091
v -0.214761 -0.057485 0.253121
v -0.241608 -0.049827 0.292684
v -0.245962 -0.053695 0.254453
v -0.226920 -0.044770 0.291224
v -0.229981 -0.048774 0.251547
v -0.196141 -0.040214 0.289088
v -0.196632 -0.043723 0.249763
v -0.199954 -0.044625 0.206366
v -0.162312 -0.040115 0.249120
v -0.162849 -0.043687 0.207971
v -0.125534 -0.037182 0.250647
v -0.124280 -0.040906 0.210216
v -0.123205 -0.042834 0.170854
v -0.127129 -0.043374 0.144891
v -0.086496 -0.039567 0.215240
v -0.083733 -0.042095 0.176022
v -0.082336 -0.042816 0.150701
v -0.081762 -0.042923 0.136934
v -0.122777 -0.043398 0.131860
v -0.045579 -0.041529 0.184159
v -0.042709 -0.042054 0.157542
v -0.041939 -0.042052 0.143243
v -0.041512 -0.041828 0.131797
v -0.080954 -0.042432 0.126645
v -0.005682 -0.041889 0.165047
v -0.004219 -0.041476 0.148275
v -0.003914 -0.041047 0.136642
v -0.003932 -0.038095 0.128453
v -0.041418 -0.036733 0.124601
v 0.030204 -0.042205 0.153555
v 0.031882 -0.041570 0.142441
v 0.031840 -0.039952 0.132346
v 0.030841 -0.029990 0.127251
v -0.005004 -0.028138 0.124826
v 0.060351 -0.042106 0.147053
v 0.062578 -0.040329 0.136782
v 0.063841 -0.032922 0.129767
v 0.063992 -0.023113 0.124370
v 0.029835 -0.020333 0.121092
v 0.084925 -0.042718 0.144059
v 0.089797 -0.037974 0.134933
v 0.092523 -0.029170 0.129390
v 0.095761 -0.014639 0.115698
v 0.063971 -0.010472 0.110521
v 0.104135 -0.043309 0.139756
v 0.108532 -0.034992 0.133414
v 0.114996 -0.019177 0.120323
v 0.120710 -0.001944 0.095772
v 0.097051 0.000742 0.091438
v 0.135457 -0.005554 0.099175
v 0.139270 -0.000652 0.080815
v 0.122889 0.002747 0.078329
v 0.123717 0.003311 0.067114
v 0.095985 0.005414 0.063882
v 0.096740 0.005120 0.075567
v 0.141821 0.000304 0.070988
v 0.123839 0.004810 0.057022
v 0.153902 -0.004254 0.073528
v 0.123830 0.014432 0.052876
v 0.095264 0.018398 0.050216
v 0.095173 0.008189 0.053469
v 0.061441 0.018948 0.046985
v 0.062155 0.010062 0.051807
v 0.062620 0.006227 0.060671
v 0.029427 0.008527 0.047441
v 0.029410 0.005564 0.055824
v 0.028498 0.005925 0.066980
v 0.062458 0.005413 0.071765
v 0.028138 0.003196 0.081166
v 0.062946 0.002257 0.086306
v 0.028889 -0.007343 0.105493
v -0.005715 0.003936 0.077532
v -0.005956 -0.005552 0.099916
v -0.005681 -0.018656 0.117321
v -0.041572 -0.004840 0.095493
v -0.041726 -0.017165 0.112656
v -0.041782 -0.026996 0.121564
v -0.078861 -0.016657 0.106590
v -0.080223 -0.025924 0.117038
v -0.080529 -0.036775 0.120171
v -0.116808 -0.026125 0.110958
v -0.118687 -0.036559 0.115383
v -0.120288 -0.042354 0.122267
v -0.157872 -0.042195 0.119226
v -0.175908 -0.036926 0.119436
v -0.183264 -0.031951 0.118991
v -0.182976 -0.031290 0.126560
v -0.203864 -0.019315 0.115772
v -0.115359 -0.016112 0.101075
v -0.152599 -0.016073 0.095263
v -0.152175 -0.007684 0.077741
v -0.188394 -0.008464 0.070674
v -0.186371 -0.014286 0.088107
v -0.114530 -0.006368 0.084007
v -0.114131 -0.001767 0.059776
v -0.153077 -0.004716 0.054273
v -0.077593 -0.004818 0.089699
v -0.076146 0.000763 0.066329
v -0.073996 0.001034 0.051455
v -0.111788 -0.002287 0.043260
v -0.040909 0.002411 0.072543
v -0.038449 0.004055 0.058245
v -0.035100 0.003025 0.047803
v -0.070969 -0.000848 0.041144
v -0.004548 0.005751 0.063401
v -0.002966 0.004949 0.052537
v -0.001489 0.008938 0.043396
v -0.032952 0.006619 0.038577
v -0.032233 0.015236 0.032641
v -0.067914 0.010072 0.026512
v -0.068669 0.001256 0.033147
v -0.000309 0.018567 0.038288
v 0.000100 0.027859 0.029500
v -0.031964 0.024979 0.023579
v 0.029579 0.018275 0.043014
v 0.028966 0.028660 0.036753
v 0.026201 0.038093 0.023511
v -0.000268 0.036534 0.016526
v 0.060200 0.029070 0.041533
v 0.056560 0.040078 0.029672
v 0.051440 0.047827 0.015426
v 0.023126 0.044200 0.009725
v 0.094505 0.031841 0.044106
v 0.088772 0.044989 0.031398
v 0.082760 0.055016 0.017223
v 0.079193 0.059617 0.005810
v 0.047502 0.050045 0.002094
v 0.119783 0.049000 0.032272
v 0.114909 0.064222 0.022350
v 0.113294 0.071600 0.009104
v 0.112322 0.071994 -0.005759
v 0.078548 0.058848 -0.006634
v 0.146546 0.067534 0.026862
v 0.146504 0.074356 0.011318
v 0.146546 0.076687 -0.004409
v 0.146598 0.073136 -0.019426
v 0.112841 0.066000 -0.018707
v 0.182099 0.079024 0.013558
v 0.182569 0.080601 -0.002466
v 0.182166 0.076121 -0.017647
v 0.180907 0.065475 -0.029551
v 0.147584 0.061577 -0.029500
v 0.226329 0.076615 -0.000472
v 0.225159 0.074878 -0.017064
v 0.222327 0.063833 -0.030433
v 0.218542 0.048168 -0.039077
v 0.179676 0.045138 -0.037968
v 0.269177 0.060416 -0.015797
v 0.266516 0.051875 -0.029344
v 0.260620 0.037486 -0.037002
v 0.247543 0.010409 -0.045823
v 0.210667 0.016589 -0.047444
v 0.302951 0.029005 -0.026211
v 0.293635 0.016926 -0.034564
v 0.281639 -0.003215 -0.048400
v 0.276109 -0.031806 -0.057694
v 0.238294 -0.024781 -0.059419
v 0.326081 -0.002429 -0.038653
v 0.319736 -0.017541 -0.050094
v 0.316514 -0.038857 -0.055902
v 0.315526 -0.062069 -0.054093
v 0.275924 -0.059637 -0.057647
v 0.359773 -0.028425 -0.047518
v 0.357073 -0.045572 -0.051613
v 0.355619 -0.064851 -0.050113
v 0.355508 -0.082193 -0.043262
v 0.316165 -0.082279 -0.047071
v 0.395798 -0.050824 -0.045059
v 0.395163 -0.066057 -0.043456
v 0.394940 -0.080106 -0.036816
v 0.394481 -0.090964 -0.025928
v 0.355709 -0.095575 -0.030930
v 0.431783 -0.064788 -0.032115
v 0.431435 -0.074811 -0.027259
v 0.431084 -0.082670 -0.019291
v 0.430853 -0.087447 -0.009711
v 0.394016 -0.097385 -0.012008
v 0.457344 -0.069239 -0.017802
v 0.457600 -0.062958 -0.020327
v 0.468930 -0.061483 -0.013107
v 0.469170 -0.065190 -0.011155
v 0.474482 -0.060705 -0.008950
v 0.474410 -0.063709 -0.007427
v 0.477402 -0.059919 -0.006181
v 0.477137 -0.063005 -0.004719
v 0.475743 -0.066103 -0.002122
v 0.476810 -0.065127 0.000385
v 0.471221 -0.068758 0.004823
v 0.471018 -0.069919 0.001225
v 0.478930 -0.062231 -0.002515
v 0.479402 -0.059059 -0.004041
v 0.478694 -0.055795 -0.004767
v 0.479935 -0.054902 -0.002547
v 0.476613 -0.052234 -0.005563
v 0.477333 -0.051524 -0.003035
v 0.477824 -0.051182 -0.000091
v 0.480122 -0.054525 0.000607
v 0.478420 -0.054737 0.004353
v 0.472888 -0.054827 0.009563
v 0.472445 -0.058441 0.010272
v 0.459638 -0.051611 0.019469
v 0.459461 -0.057993 0.020478
v 0.459349 -0.064946 0.019648
v 0.472111 -0.062567 0.009740
v 0.458532 -0.070753 0.016340
v 0.471686 -0.066189 0.007769
v 0.457926 -0.075457 0.011619
v 0.430520 -0.075439 0.026856
v 0.430364 -0.082777 0.019783
v 0.430373 -0.086872 0.010918
v 0.456991 -0.077773 0.005655
v 0.430563 -0.088531 0.000708
v 0.394299 -0.096809 0.016404
v 0.393762 -0.098268 0.002633
v 0.356170 -0.100731 0.020061
v 0.356055 -0.105132 0.003731
v 0.355760 -0.103282 -0.014060
v 0.317266 -0.109200 0.003240
v 0.317017 -0.106045 -0.016362
v 0.316798 -0.097225 -0.033971
v 0.278865 -0.108617 -0.019418
v 0.278441 -0.098991 -0.037591
v 0.277202 -0.082177 -0.050553
v 0.240900 -0.099812 -0.040029
v 0.239444 -0.081914 -0.052988
v 0.237390 -0.057186 -0.058996
v 0.202500 -0.081495 -0.054334
v 0.200061 -0.053921 -0.059419
v 0.202082 -0.019505 -0.058804
v 0.168977 -0.082167 -0.054031
v 0.170135 -0.102052 -0.041329
v 0.204448 -0.100561 -0.041451
v 0.205296 -0.111902 -0.023301
v 0.170532 -0.113194 -0.023998
v 0.241519 -0.110110 -0.021773
v 0.241668 -0.113961 -0.000182
v 0.205469 -0.115827 -0.001665
v 0.278888 -0.111793 0.001609
v 0.278902 -0.108373 0.021832
v 0.241467 -0.110561 0.021183
v 0.317408 -0.104822 0.021448
v 0.317175 -0.096167 0.036225
v 0.278647 -0.099147 0.038565
v 0.356045 -0.093268 0.033583
v 0.355232 -0.082179 0.043422
v 0.316290 -0.082358 0.046905
v 0.394162 -0.089310 0.027486
v 0.394347 -0.080151 0.037546
v 0.394578 -0.068036 0.043589
v 0.354949 -0.065975 0.050504
v 0.431173 -0.066688 0.031789
v 0.431908 -0.056425 0.033704
v 0.395669 -0.053274 0.046021
v 0.396883 -0.039095 0.042770
v 0.359560 -0.029705 0.049334
v 0.356632 -0.046343 0.053708
v 0.432841 -0.045177 0.032907
v 0.433270 -0.036023 0.027781
v 0.398196 -0.027081 0.035688
v 0.399071 -0.017879 0.025900
v 0.365189 -0.006959 0.030803
v 0.362526 -0.016738 0.041569
v 0.433477 -0.028793 0.019893
v 0.433967 -0.023678 0.011667
v 0.399706 -0.011255 0.015352
v 0.399878 -0.009203 0.002422
v 0.368167 0.000947 0.002394
v 0.367171 -0.001012 0.017078
v 0.433825 -0.022323 0.001971
v 0.433518 -0.023877 -0.008464
v 0.400071 -0.010333 -0.011821
v 0.459884 -0.035803 -0.000193
v 0.459652 -0.036062 -0.006568
v 0.458972 -0.038921 -0.012554
v 0.433691 -0.027581 -0.018355
v 0.472268 -0.045890 -0.000898
v 0.471447 -0.045778 -0.004471
v 0.470718 -0.046910 -0.007790
v 0.458362 -0.043699 -0.017166
v 0.458552 -0.049424 -0.020650
v 0.432911 -0.044535 -0.031586
v 0.433206 -0.035571 -0.025889
v 0.397392 -0.036766 -0.042503
v 0.398851 -0.025133 -0.035132
v 0.399742 -0.016400 -0.025111
v 0.362632 -0.014916 -0.040379
v 0.365370 -0.005626 -0.028254
v 0.367786 -0.000182 -0.013541
v 0.332882 0.006735 -0.025404
v 0.337236 0.012774 -0.012934
v 0.338588 0.014529 0.001127
v 0.306846 0.035309 -0.013678
v 0.309230 0.038876 -0.000402
v 0.306911 0.035485 0.014144
v 0.336057 0.011631 0.014729
v 0.302668 0.029118 0.026953
v 0.331483 0.005782 0.027240
v 0.293969 0.017941 0.034020
v 0.325143 -0.002584 0.040625
v 0.282714 -0.000532 0.047129
v 0.319907 -0.016815 0.050985
v 0.276226 -0.029221 0.058539
v 0.316461 -0.038176 0.056205
v 0.276002 -0.059671 0.057857
v 0.315557 -0.062359 0.054713
v 0.277502 -0.082789 0.050040
v 0.237774 -0.057623 0.059186
v 0.239727 -0.083807 0.051574
v 0.240978 -0.101094 0.039251
v 0.202908 -0.085750 0.051956
v 0.204431 -0.104206 0.038556
v 0.205178 -0.113469 0.020229
v 0.168475 -0.106873 0.035892
v 0.169576 -0.115989 0.017920
v 0.170295 -0.117363 -0.003316
v 0.134722 -0.113324 0.029340
v 0.107739 -0.122829 0.022199
v 0.074627 -0.120321 0.029903
v 0.077250 -0.129943 0.020301
v 0.042169 -0.121864 0.027950
v 0.042595 -0.132021 0.019571
v 0.043476 -0.136997 0.009474
v 0.044310 -0.136888 -0.003120
v 0.007062 -0.127319 0.019973
v 0.005219 -0.131676 0.008521
v 0.005710 -0.132695 -0.004992
v 0.008571 -0.128527 -0.017999
v 0.044685 -0.135859 -0.017715
v -0.027021 -0.124325 0.008700
v -0.026546 -0.124132 -0.009972
v -0.026358 -0.121513 -0.023128
v -0.027082 -0.115623 -0.033398
v 0.011038 -0.120515 -0.028410
v -0.060481 -0.122288 -0.011065
v -0.062184 -0.118806 -0.022397
v -0.064012 -0.115192 -0.032163
v -0.063966 -0.120524 -0.041788
v -0.026912 -0.116112 -0.042101
v -0.097411 -0.116234 -0.020872
v -0.099059 -0.115845 -0.032120
v -0.099010 -0.121582 -0.042333
v -0.098118 -0.133939 -0.046242
v -0.062370 -0.133067 -0.044423
v -0.133662 -0.118251 -0.030568
v -0.133602 -0.121633 -0.041875
v -0.133466 -0.131782 -0.048734
v -0.134440 -0.144111 -0.053745
v -0.098062 -0.146111 -0.051650
v -0.164063 -0.123246 -0.040059
v -0.164350 -0.128416 -0.050683
v -0.168004 -0.140646 -0.056134
v -0.170700 -0.147682 -0.067488
v -0.134457 -0.150270 -0.065254
v -0.190797 -0.124170 -0.048529
v -0.192432 -0.130516 -0.058633
v -0.198526 -0.134975 -0.068673
v -0.202575 -0.131643 -0.080022
v -0.172911 -0.147189 -0.080328
v -0.215236 -0.124332 -0.056085
v -0.216466 -0.122397 -0.066509
v -0.219223 -0.118372 -0.078229
v -0.222093 -0.115241 -0.088588
v -0.206051 -0.128180 -0.089874
v -0.238275 -0.121732 -0.065671
v -0.239549 -0.115541 -0.077390
v -0.240069 -0.114473 -0.088561
v -0.240864 -0.114067 -0.097368
v -0.223600 -0.113982 -0.097272
v -0.267901 -0.115237 -0.077905
v -0.267465 -0.113576 -0.088817
v -0.267282 -0.113189 -0.097458
v -0.267163 -0.111286 -0.104901
v -0.241384 -0.111393 -0.105039
v -0.298788 -0.111907 -0.087779
v -0.298361 -0.111389 -0.096221
v -0.297777 -0.110784 -0.103773
v -0.296725 -0.105114 -0.109715
v -0.266837 -0.105522 -0.110341
v -0.329911 -0.109438 -0.093843
v -0.329343 -0.108782 -0.101994
v -0.328308 -0.104562 -0.107841
v -0.326910 -0.097121 -0.110607
v -0.295530 -0.097320 -0.112343
v -0.354898 -0.106391 -0.099243
v -0.353290 -0.103590 -0.105592
v -0.350657 -0.096923 -0.108639
v -0.348545 -0.089352 -0.110017
v -0.325609 -0.088624 -0.111506
v -0.324503 -0.079884 -0.111681
v -0.293196 -0.080488 -0.112989
v -0.294372 -0.089014 -0.112763
v -0.347595 -0.080993 -0.110931
v -0.346081 -0.075078 -0.116052
v -0.323474 -0.074721 -0.115601
v -0.360011 -0.081857 -0.112430
v -0.357629 -0.075304 -0.117451
v -0.356329 -0.074488 -0.125915
v -0.344340 -0.074530 -0.125264
v -0.368096 -0.081057 -0.110578
v -0.366097 -0.074441 -0.116009
v -0.365785 -0.074332 -0.124336
v -0.356878 -0.074432 -0.135539
v -0.400869 -0.073653 -0.126547
v -0.401281 -0.073622 -0.136110
v -0.379531 -0.067614 -0.139629
v -0.385480 -0.059396 -0.139960
v -0.373203 -0.054126 -0.140216
v -0.369703 -0.058525 -0.140492
v -0.402069 -0.063272 -0.139027
v -0.419549 -0.071843 -0.133183
v -0.418961 -0.063489 -0.136136
v -0.419556 -0.072430 -0.123670
v -0.404234 -0.073270 -0.110394
v -0.420253 -0.071737 -0.112570
v -0.405003 -0.060362 -0.110461
v -0.419706 -0.061429 -0.111961
v -0.358923 -0.050846 -0.140043
v -0.356273 -0.057172 -0.142208
v -0.354648 -0.058203 -0.150816
v -0.366850 -0.058473 -0.148420
v -0.373633 -0.058730 -0.146598
v -0.374903 -0.061842 -0.140732
v -0.365662 -0.058429 -0.157423
v -0.372976 -0.058638 -0.155313
v -0.365384 -0.058241 -0.169189
v -0.373545 -0.058378 -0.167232
v -0.365095 -0.058037 -0.189764
v -0.373802 -0.058154 -0.188293
v -0.381947 -0.058495 -0.186999
v -0.389992 -0.059666 -0.185795
v -0.372693 -0.058141 -0.219714
v -0.381638 -0.058542 -0.219610
v -0.390178 -0.059339 -0.219163
v -0.393019 -0.065731 -0.218432
v -0.393489 -0.065243 -0.184747
v -0.377828 -0.058418 -0.245323
v -0.386813 -0.058849 -0.247133
v -0.391586 -0.065894 -0.247716
v -0.385406 -0.072106 -0.244745
v -0.387338 -0.072291 -0.217561
v -0.377141 -0.072099 -0.261952
v -0.369096 -0.073250 -0.253541
v -0.375074 -0.073183 -0.240371
v -0.364046 -0.073496 -0.235155
v -0.368930 -0.073608 -0.214525
v -0.378271 -0.073368 -0.216448
v -0.358922 -0.073472 -0.245705
v -0.347110 -0.073598 -0.235848
v -0.341034 -0.073505 -0.242658
v -0.334246 -0.073087 -0.249535
v -0.314491 -0.073255 -0.230127
v -0.323112 -0.073637 -0.223565
v -0.330895 -0.073720 -0.217913
v -0.299957 -0.073761 -0.199033
v -0.311716 -0.073867 -0.192499
v -0.292676 -0.073980 -0.164612
v -0.320711 -0.074115 -0.159669
v -0.287589 -0.074184 -0.146522
v -0.319787 -0.074340 -0.144073
v -0.343749 -0.074451 -0.144825
v -0.344787 -0.074196 -0.158616
v -0.358776 -0.074364 -0.146386
v -0.360768 -0.074135 -0.159470
v -0.371947 -0.073814 -0.182684
v -0.381566 -0.073532 -0.183044
v -0.389154 -0.071555 -0.183863
v -0.343629 -0.074545 -0.134564
v -0.320911 -0.074468 -0.133663
v -0.322338 -0.074591 -0.124426
v -0.289058 -0.074355 -0.134527
v -0.290861 -0.074543 -0.125064
v -0.292054 -0.074900 -0.116723
v -0.262471 -0.074196 -0.126643
v -0.264163 -0.074525 -0.117695
v -0.265036 -0.080172 -0.113060
v -0.244300 -0.073168 -0.116832
v -0.244115 -0.080399 -0.113052
v -0.243804 -0.089353 -0.112652
v -0.265750 -0.089137 -0.112773
v -0.243094 -0.097855 -0.112319
v -0.266339 -0.097726 -0.112388
v -0.242184 -0.105403 -0.110086
v -0.224274 -0.098747 -0.111904
v -0.223685 -0.105385 -0.109522
v -0.223748 -0.111074 -0.104344
v -0.203227 -0.111991 -0.110657
v -0.206603 -0.120105 -0.106945
v -0.207246 -0.125526 -0.099303
v -0.177322 -0.138598 -0.112118
v -0.177541 -0.145062 -0.102756
v -0.175318 -0.146292 -0.091698
v -0.137114 -0.150249 -0.104572
v -0.135233 -0.150553 -0.091992
v -0.134377 -0.150850 -0.078600
v -0.097881 -0.151013 -0.092519
v -0.097357 -0.151483 -0.077915
v -0.097771 -0.151326 -0.064048
v -0.060460 -0.150090 -0.078092
v -0.060820 -0.150105 -0.063375
v -0.061563 -0.145697 -0.050272
v -0.023465 -0.147864 -0.063935
v -0.024033 -0.143133 -0.050113
v -0.025376 -0.130058 -0.043795
v 0.014694 -0.139933 -0.051679
v 0.013224 -0.127440 -0.044706
v 0.011745 -0.110416 -0.041639
v 0.050890 -0.122413 -0.047229
v 0.047543 -0.107962 -0.044473
v 0.047198 -0.122835 -0.025766
v 0.083778 -0.103516 -0.047115
v 0.083093 -0.119911 -0.028263
v 0.086133 -0.115218 -0.049871
v 0.089065 -0.125319 -0.058198
v 0.113646 -0.119265 -0.060520
v 0.053913 -0.133764 -0.054716
v 0.054573 -0.135950 -0.069367
v 0.089383 -0.126705 -0.072947
v 0.015152 -0.143939 -0.066119
v 0.015066 -0.143565 -0.082192
v 0.054946 -0.135465 -0.085608
v -0.023330 -0.147837 -0.079363
v -0.023331 -0.147578 -0.095779
v 0.015276 -0.143007 -0.098357
v -0.060811 -0.149859 -0.093942
v -0.061923 -0.149273 -0.108936
v -0.023497 -0.147157 -0.111092
v -0.099553 -0.150220 -0.106570
v -0.101409 -0.145399 -0.118620
v -0.063219 -0.144487 -0.121494
v -0.138653 -0.144779 -0.115193
v -0.139252 -0.133072 -0.119338
v -0.102815 -0.133687 -0.124303
v -0.174958 -0.126773 -0.115222
v -0.172161 -0.113465 -0.117365
v -0.139480 -0.119230 -0.121326
v -0.201097 -0.103442 -0.112400
v -0.201425 -0.093871 -0.112681
v -0.171484 -0.098597 -0.117417
v -0.224878 -0.090760 -0.112420
v -0.225522 -0.081029 -0.112493
v -0.202988 -0.083154 -0.112106
v -0.204374 -0.076198 -0.117283
v -0.174693 -0.077842 -0.120221
v -0.172847 -0.086527 -0.117112
v -0.226468 -0.073335 -0.116888
v -0.228265 -0.070885 -0.127472
v -0.206876 -0.074663 -0.127844
v -0.243902 -0.070528 -0.126704
v -0.244418 -0.070102 -0.138297
v -0.230043 -0.069432 -0.138815
v -0.261026 -0.074069 -0.137387
v -0.214153 -0.070869 -0.157569
v -0.210089 -0.073244 -0.140011
v -0.188698 -0.073425 -0.160283
v -0.182147 -0.075224 -0.142386
v -0.178016 -0.076489 -0.130339
v -0.148463 -0.076398 -0.146875
v -0.144686 -0.077687 -0.134450
v -0.141842 -0.078484 -0.124392
v -0.108387 -0.077479 -0.138946
v -0.106287 -0.078338 -0.128101
v -0.104920 -0.090361 -0.125854
v -0.140419 -0.089172 -0.121470
v -0.104419 -0.104340 -0.125821
v -0.139666 -0.103106 -0.121585
v -0.103745 -0.119715 -0.125574
v -0.066778 -0.103856 -0.129788
v -0.065758 -0.119167 -0.129257
v -0.064477 -0.132981 -0.128061
v -0.027794 -0.116124 -0.131392
v -0.025923 -0.130356 -0.129852
v -0.024352 -0.141852 -0.123449
v 0.012812 -0.123507 -0.130954
v 0.014831 -0.135504 -0.124757
v 0.015551 -0.141926 -0.112957
v 0.053317 -0.124095 -0.127010
v 0.055260 -0.132633 -0.116461
v 0.055588 -0.134788 -0.101874
v 0.089723 -0.119700 -0.121749
v 0.090490 -0.125437 -0.107014
v 0.089823 -0.126232 -0.089399
v 0.109917 -0.117985 -0.110965
v 0.109525 -0.120380 -0.093090
v 0.110959 -0.120511 -0.075761
v 0.122625 -0.116801 -0.095625
v 0.124705 -0.117793 -0.077728
v 0.128485 -0.115782 -0.061961
v 0.134822 -0.113947 -0.079835
v 0.137064 -0.109586 -0.066056
v 0.136212 -0.097387 -0.063795
v 0.129974 -0.106155 -0.065467
v 0.128300 -0.094784 -0.066787
v 0.126745 -0.076977 -0.069270
v 0.134748 -0.079334 -0.067182
v 0.127083 -0.049139 -0.071443
v 0.117194 -0.074171 -0.069464
v 0.117557 -0.048276 -0.070873
v 0.118590 -0.029824 -0.071329
v 0.127587 -0.029133 -0.071808
v 0.119902 -0.016170 -0.071943
v 0.128957 -0.016786 -0.072078
v 0.119321 -0.020228 -0.091815
v 0.129272 -0.020911 -0.094610
v 0.138096 -0.022401 -0.097828
v 0.136068 -0.037460 -0.118136
v 0.146643 -0.022066 -0.103439
v 0.127733 -0.033586 -0.112678
v 0.118162 -0.030369 -0.109077
v 0.117465 -0.045157 -0.120141
v 0.127737 -0.050708 -0.121429
v 0.136600 -0.055971 -0.125895
v 0.128750 -0.069510 -0.122547
v 0.136118 -0.076120 -0.127639
v 0.129301 -0.087382 -0.120477
v 0.134810 -0.095459 -0.124399
v 0.124524 -0.101899 -0.126940
v 0.133691 -0.107567 -0.113382
v 0.123263 -0.113102 -0.113120
v 0.110872 -0.108758 -0.125664
v 0.087747 -0.108492 -0.130411
v 0.084963 -0.094922 -0.134922
v 0.049965 -0.111346 -0.132337
v 0.048258 -0.097920 -0.134705
v 0.009954 -0.108590 -0.133279
v 0.009155 -0.094619 -0.134082
v 0.049007 -0.086627 -0.135604
v -0.028694 -0.100387 -0.132093
v -0.028802 -0.087217 -0.132651
v 0.010252 -0.082314 -0.135075
v -0.067286 -0.090309 -0.130152
v -0.068190 -0.079852 -0.133569
v -0.029282 -0.077528 -0.137878
v -0.029909 -0.076244 -0.149080
v 0.010603 -0.074752 -0.153996
v 0.010832 -0.076004 -0.142497
v -0.069727 -0.077205 -0.143968
v -0.071939 -0.075880 -0.157040
v -0.030557 -0.074823 -0.162472
v -0.111486 -0.076253 -0.151627
v -0.115989 -0.074451 -0.168978
v -0.075199 -0.074093 -0.174942
v -0.154286 -0.074523 -0.164346
v -0.164168 -0.071104 -0.195260
v -0.123556 -0.070664 -0.199118
v -0.133471 -0.065774 -0.235627
v -0.092477 -0.065136 -0.242904
v -0.081957 -0.070091 -0.206536
v -0.175126 -0.064512 -0.231734
v -0.184702 -0.059215 -0.269145
v -0.144377 -0.060876 -0.272374
v -0.212672 -0.056072 -0.268741
v -0.212873 -0.051094 -0.308155
v -0.191136 -0.054101 -0.307895
v -0.232588 -0.054256 -0.267343
v -0.227442 -0.049896 -0.309360
v -0.212236 -0.046235 -0.348125
v -0.237843 -0.049051 -0.270138
v -0.239972 -0.046790 -0.310255
v -0.227535 -0.046839 -0.270634
v -0.227352 -0.043494 -0.309667
v -0.214071 -0.044699 -0.269898
v -0.215052 -0.041484 -0.308794
v -0.213943 -0.037876 -0.348433
v -0.208804 -0.034226 -0.382584
v -0.199065 -0.038904 -0.308060
v -0.199557 -0.035240 -0.346656
v -0.197412 -0.031868 -0.382191
v -0.197688 -0.028346 -0.414233
v -0.206460 -0.031334 -0.412801
v -0.178439 -0.031963 -0.345954
v -0.180955 -0.028941 -0.382415
v -0.184059 -0.025942 -0.416563
v -0.188561 -0.023779 -0.435762
v -0.202432 -0.027012 -0.431179
v -0.153684 -0.026530 -0.384318
v -0.161287 -0.023679 -0.419908
v -0.166072 -0.019920 -0.438711
v -0.127985 -0.020303 -0.424220
v -0.132431 -0.017265 -0.441658
v -0.134590 -0.016121 -0.451512
v -0.168342 -0.019051 -0.449269
v -0.193460 -0.022573 -0.447025
v -0.169384 -0.017821 -0.458532
v -0.195508 -0.020932 -0.455903
v -0.170466 -0.015400 -0.467366
v -0.136205 -0.014737 -0.460440
v -0.137540 -0.012915 -0.469539
v -0.138504 -0.013363 -0.478601
v -0.171172 -0.015416 -0.476322
v -0.138525 -0.020617 -0.483746
v -0.171018 -0.022340 -0.481673
v -0.137689 -0.029764 -0.482478
v -0.170137 -0.031392 -0.480067
v -0.196179 -0.033849 -0.477332
v -0.168958 -0.037020 -0.472671
v -0.194275 -0.038319 -0.469148
v -0.167962 -0.037526 -0.463620
v -0.193014 -0.039390 -0.460347
v -0.208162 -0.040781 -0.455528
v -0.191692 -0.039353 -0.451082
v -0.207151 -0.040580 -0.445498
v -0.218657 -0.037800 -0.443632
v -0.220166 -0.038697 -0.450782
v -0.188216 -0.040209 -0.439757
v -0.202085 -0.040294 -0.434709
v -0.195490 -0.041169 -0.416032
v -0.181164 -0.041417 -0.419325
v -0.173500 -0.045597 -0.384467
v -0.193856 -0.045191 -0.382434
v -0.207989 -0.042189 -0.382945
v -0.194154 -0.049449 -0.346408
v -0.165622 -0.050368 -0.347967
v -0.155543 -0.056304 -0.310449
v -0.131039 -0.050267 -0.353803
v -0.118265 -0.055496 -0.317075
v -0.105076 -0.060147 -0.279942
v -0.085360 -0.053782 -0.326232
v -0.070498 -0.058197 -0.290917
v -0.055282 -0.062858 -0.254748
v -0.052016 -0.056428 -0.298599
v -0.034820 -0.061042 -0.263905
v -0.017003 -0.066005 -0.228160
v -0.041830 -0.067931 -0.217320
v -0.000547 -0.070715 -0.193118
v -0.033281 -0.072577 -0.182517
v 0.007850 -0.073373 -0.168207
v 0.015761 -0.068601 -0.202345
v 0.033989 -0.072352 -0.174948
v 0.044029 -0.072853 -0.157858
v 0.044585 -0.070436 -0.181652
v 0.064213 -0.071039 -0.165125
v 0.074364 -0.070521 -0.153672
v 0.047689 -0.073696 -0.146321
v 0.049019 -0.077006 -0.136414
v 0.072958 -0.067958 -0.173906
v 0.088923 -0.065950 -0.161877
v 0.077345 -0.059236 -0.180857
v 0.094544 -0.056993 -0.167148
v 0.075725 -0.047893 -0.177701
v 0.091990 -0.047740 -0.163311
v 0.102175 -0.046527 -0.149528
v 0.084219 -0.044615 -0.155417
v 0.092023 -0.043574 -0.143359
v 0.097304 -0.036707 -0.133538
v 0.107920 -0.042149 -0.136749
v 0.102560 -0.022925 -0.124298
v 0.114761 -0.027380 -0.127498
v 0.108951 -0.004651 -0.102057
v 0.123850 -0.007999 -0.104357
v 0.134658 -0.011545 -0.106739
v 0.131519 0.000377 -0.082517
v 0.143794 -0.003648 -0.084198
v 0.144106 -0.015346 -0.108890
v 0.136458 0.001051 -0.070286
v 0.114842 0.002520 -0.079991
v 0.117203 0.003839 -0.067175
v 0.118410 0.005861 -0.055203
v 0.085716 0.005934 -0.064730
v 0.086384 0.008422 -0.053795
v 0.087166 0.018551 -0.048978
v 0.121690 0.017743 -0.051062
v 0.087648 0.030849 -0.043645
v 0.122141 0.036519 -0.042284
v 0.149859 0.040315 -0.040388
v 0.117081 0.053416 -0.028784
v 0.084716 0.043898 -0.031749
v 0.080770 0.052435 -0.018109
v 0.046519 0.044376 -0.021403
v 0.046484 0.048195 -0.009938
v 0.020022 0.037713 -0.019397
v 0.019798 0.041148 -0.010053
v 0.019408 0.041413 -0.004398
v 0.049769 0.016306 -0.046136
v 0.049532 0.006703 -0.050218
v 0.011916 0.004618 -0.048595
v 0.012377 0.013256 -0.042759
v -0.026799 0.003534 -0.046836
v -0.025491 0.009226 -0.038366
v -0.023889 0.020114 -0.032185
v -0.060990 0.003333 -0.035237
v -0.061888 0.009710 -0.028893
v -0.064119 0.016361 -0.020187
v -0.026956 0.027875 -0.019092
v -0.066622 0.020695 -0.008132
v -0.029976 0.032817 -0.004397
v 0.002415 0.039867 -0.000061
v -0.031298 0.030277 0.009916
v -0.067666 0.020396 0.003521
v -0.067647 0.016800 0.015562
v -0.107071 0.006482 0.007744
v -0.105580 0.002193 0.018622
v -0.148965 -0.008243 -0.000245
v -0.147451 -0.009665 0.009463
v -0.147553 -0.011856 0.016839
v -0.106616 -0.003347 0.026521
v -0.150134 -0.010227 0.025604
v -0.109373 -0.004164 0.034519
v -0.152333 -0.007091 0.034922
v -0.190939 -0.017239 0.019401
v -0.191499 -0.011714 0.028862
v -0.190427 -0.007311 0.048821
v -0.229344 -0.015721 0.026104
v -0.227894 -0.010476 0.044196
v -0.227124 -0.010185 0.063913
v -0.263673 -0.013325 0.041481
v -0.263471 -0.012937 0.059647
v -0.263592 -0.019068 0.077693
v -0.224931 -0.015442 0.081331
v -0.262934 -0.027887 0.093805
v -0.295757 -0.022891 0.076573
v -0.296200 -0.029052 0.092245
v -0.323168 -0.027175 0.076829
v -0.323383 -0.031502 0.090345
v -0.323862 -0.034247 0.103375
v -0.347358 -0.037113 0.088301
v -0.346507 -0.032947 0.076321
v -0.362922 -0.038450 0.076103
v -0.364092 -0.041074 0.088701
v -0.363866 -0.032229 0.062527
v -0.347370 -0.023842 0.063380
v -0.347583 -0.022944 0.044281
v -0.364946 -0.030264 0.045833
v -0.323666 -0.019565 0.060800
v -0.324066 -0.018393 0.042512
v -0.324983 -0.022307 0.026295
v -0.348469 -0.025190 0.027070
v -0.295715 -0.016106 0.059140
v -0.295848 -0.015735 0.041229
v -0.296268 -0.020838 0.025140
v -0.296475 -0.027213 0.015569
v -0.325987 -0.030825 0.015170
v -0.264429 -0.018593 0.024596
v -0.264579 -0.024335 0.016041
v -0.264393 -0.030598 0.008964
v -0.296304 -0.034332 0.009109
v -0.229845 -0.020877 0.016260
v -0.229878 -0.026291 0.008856
v -0.230715 -0.027781 0.001039
v -0.265206 -0.032855 0.000373
v -0.190081 -0.020781 0.011423
v -0.190342 -0.021499 0.003706
v -0.192051 -0.021630 -0.004395
v -0.232259 -0.027281 -0.007071
v -0.234602 -0.024257 -0.014518
v -0.269938 -0.026842 -0.016303
v -0.267069 -0.031862 -0.008554
v -0.195605 -0.020317 -0.013303
v -0.199815 -0.015312 -0.021514
v -0.237724 -0.018872 -0.023722
v -0.240853 -0.011672 -0.037489
v -0.276645 -0.014550 -0.038706
v -0.273118 -0.020536 -0.024604
v -0.203177 -0.010496 -0.035126
v -0.206986 -0.008179 -0.056494
v -0.244586 -0.011044 -0.056268
v -0.162914 -0.008184 -0.034511
v -0.168249 -0.005677 -0.056625
v -0.172379 -0.009232 -0.077488
v -0.212596 -0.012376 -0.076062
v -0.131310 -0.005563 -0.036986
v -0.134337 -0.002965 -0.054712
v -0.136172 -0.005625 -0.076437
v -0.138005 -0.013396 -0.093973
v -0.176425 -0.018181 -0.095141
v -0.102243 -0.000456 -0.053300
v -0.102261 -0.002066 -0.073007
v -0.102613 -0.009289 -0.092230
v -0.103623 -0.019603 -0.106024
v -0.141291 -0.026005 -0.107648
v -0.064861 0.001311 -0.069914
v -0.065422 -0.005436 -0.091717
v -0.066059 -0.015735 -0.107619
v -0.066455 -0.025388 -0.117347
v -0.105521 -0.029613 -0.113405
v -0.028269 -0.002294 -0.091007
v -0.027681 -0.012525 -0.108662
v -0.027371 -0.023645 -0.119489
v -0.027004 -0.034605 -0.124964
v -0.066150 -0.035816 -0.121479
v 0.010296 -0.011847 -0.110992
v 0.011085 -0.023889 -0.121801
v 0.012296 -0.034898 -0.128128
v 0.012754 -0.040667 -0.137356
v -0.026840 -0.041172 -0.132497
v 0.047747 -0.025931 -0.125148
v 0.047705 -0.036720 -0.131951
v 0.046882 -0.041179 -0.142090
v 0.042236 -0.041900 -0.154683
v 0.012333 -0.041364 -0.150284
v 0.075630 -0.040265 -0.136984
v 0.070543 -0.042367 -0.147759
v 0.060264 -0.042785 -0.160951
v 0.041236 -0.043947 -0.181131
v 0.030078 -0.042618 -0.174906
v 0.069576 -0.044558 -0.168773
v 0.049331 -0.046020 -0.186919
v 0.032247 -0.043428 -0.213024
v 0.022608 -0.042576 -0.207505
v 0.055703 -0.050097 -0.191827
v 0.040298 -0.047272 -0.217970
v 0.020585 -0.043936 -0.249480
v 0.013873 -0.039700 -0.245143
v 0.057507 -0.059642 -0.193372
v 0.041471 -0.057926 -0.219513
v 0.021019 -0.053559 -0.250618
v 0.002230 -0.049374 -0.283040
v 0.002366 -0.040182 -0.282249
v 0.033255 -0.063559 -0.214622
v 0.013912 -0.058911 -0.246530
v -0.005088 -0.054583 -0.279413
v -0.023194 -0.050932 -0.312381
v -0.016042 -0.046203 -0.315682
v 0.005171 -0.061726 -0.241142
v -0.013795 -0.057084 -0.274733
v -0.031672 -0.053139 -0.308249
v -0.048258 -0.048803 -0.340923
v -0.039558 -0.046598 -0.344752
v -0.022467 -0.059356 -0.270144
v -0.040352 -0.054726 -0.303979
v -0.056868 -0.050299 -0.337114
v -0.071166 -0.045882 -0.370398
v -0.062849 -0.044063 -0.373527
v -0.068060 -0.051768 -0.332477
v -0.081803 -0.047508 -0.366603
v -0.093840 -0.043359 -0.400927
v -0.083286 -0.042073 -0.404040
v -0.099202 -0.048907 -0.361284
v -0.112383 -0.044279 -0.396408
v -0.123355 -0.040265 -0.428976
v -0.101490 -0.039579 -0.431442
v -0.143962 -0.045014 -0.389870
v -0.156951 -0.041197 -0.424170
v -0.163977 -0.038985 -0.443481
v -0.128749 -0.038179 -0.445921
v -0.132119 -0.037086 -0.456775
v -0.106012 -0.036688 -0.458579
v -0.104123 -0.037660 -0.447411
v -0.166718 -0.037688 -0.454571
v -0.134435 -0.037307 -0.466326
v -0.136238 -0.035851 -0.475712
v -0.109301 -0.035241 -0.478329
v -0.107761 -0.036814 -0.468511
v -0.088389 -0.034329 -0.479630
v -0.088406 -0.036511 -0.470116
v -0.070338 -0.033277 -0.479160
v -0.072198 -0.036154 -0.471113
v -0.069260 -0.026553 -0.485145
v -0.088451 -0.027811 -0.486412
v -0.088846 -0.018210 -0.486887
v -0.069261 -0.018202 -0.486167
v -0.110537 -0.029571 -0.485557
v -0.111288 -0.019264 -0.485633
v -0.111143 -0.011511 -0.480888
v -0.089549 -0.011525 -0.482231
v -0.090826 -0.010859 -0.472455
v -0.071371 -0.013515 -0.481607
v -0.110173 -0.011112 -0.471543
v -0.109085 -0.014315 -0.462663
v -0.092154 -0.014205 -0.463317
v -0.093313 -0.015286 -0.454997
v -0.108433 -0.015462 -0.453866
v -0.108086 -0.016343 -0.443967
v -0.095086 -0.016022 -0.444622
v -0.107352 -0.018380 -0.426656
v -0.095983 -0.017928 -0.427927
v -0.088007 -0.017993 -0.428676
v -0.086928 -0.015956 -0.444403
v -0.080199 -0.018312 -0.429209
v -0.080846 -0.016585 -0.444920
v -0.074214 -0.019780 -0.429675
v -0.075416 -0.020006 -0.444971
v -0.068602 -0.022549 -0.430180
v -0.070708 -0.023205 -0.443492
v -0.066982 -0.028083 -0.430838
v -0.067711 -0.025518 -0.442092
v -0.060417 -0.025523 -0.409395
v -0.060098 -0.033022 -0.410638
v -0.066020 -0.038937 -0.409444
v -0.048432 -0.037428 -0.378700
v -0.054325 -0.042004 -0.376815
v -0.074453 -0.040790 -0.406870
v -0.032017 -0.042268 -0.347748
v -0.047274 -0.029776 -0.378115
v -0.031528 -0.034019 -0.346962
v -0.015390 -0.037131 -0.315131
v -0.037851 -0.028483 -0.343133
v -0.021916 -0.032190 -0.311107
v -0.004503 -0.035760 -0.278084
v -0.030274 -0.030886 -0.306622
v -0.013281 -0.034790 -0.273313
v 0.004575 -0.038955 -0.239721
v -0.021979 -0.034525 -0.268822
v -0.004628 -0.038320 -0.234629
v 0.012866 -0.041725 -0.202378
v -0.017667 -0.038439 -0.228663
v -0.002671 -0.041135 -0.195665
v 0.007928 -0.041915 -0.168042
v -0.032020 -0.041247 -0.185709
v -0.028261 -0.041651 -0.160607
v -0.027402 -0.041311 -0.145302
v -0.068556 -0.042267 -0.153490
v -0.067290 -0.042379 -0.139714
v -0.066415 -0.041812 -0.128440
v -0.108486 -0.043067 -0.134310
v -0.108362 -0.042847 -0.124080
v -0.109506 -0.039008 -0.115224
v -0.150833 -0.043309 -0.126957
v -0.146250 -0.043442 -0.134588
v -0.146901 -0.043399 -0.146856
v -0.173698 -0.044102 -0.147679
v -0.167657 -0.043602 -0.138354
v -0.168705 -0.042887 -0.129907
v -0.109602 -0.043075 -0.147951
v -0.111060 -0.042543 -0.170288
v -0.148142 -0.043191 -0.167610
v -0.071015 -0.041663 -0.176535
v -0.076160 -0.039638 -0.210893
v -0.115248 -0.040980 -0.203840
v -0.040358 -0.038719 -0.220833
v -0.051335 -0.035453 -0.256641
v -0.083143 -0.036273 -0.246150
v -0.033543 -0.034922 -0.263516
v -0.049044 -0.030916 -0.297523
v -0.064501 -0.031624 -0.291487
v -0.038665 -0.030624 -0.302336
v -0.054475 -0.027831 -0.334876
v -0.063779 -0.028045 -0.330650
v -0.046220 -0.027803 -0.338927
v -0.061006 -0.024675 -0.370870
v -0.068848 -0.024977 -0.367244
v -0.052929 -0.025165 -0.374738
v -0.066945 -0.022062 -0.406121
v -0.074212 -0.021447 -0.402779
v -0.081663 -0.021856 -0.399662
v -0.089475 -0.022291 -0.396791
v -0.077517 -0.025327 -0.363504
v -0.100095 -0.022760 -0.393706
v -0.089897 -0.025746 -0.358992
v -0.077696 -0.028586 -0.325293
v -0.111180 -0.026839 -0.353466
v -0.102549 -0.030280 -0.317867
v -0.092943 -0.032600 -0.281747
v -0.138278 -0.032424 -0.310582
v -0.129445 -0.034658 -0.273463
v -0.121360 -0.037695 -0.238221
v -0.166907 -0.038177 -0.269911
v -0.158526 -0.041133 -0.234793
v -0.151983 -0.042379 -0.200408
v -0.190531 -0.044444 -0.232806
v -0.184006 -0.042887 -0.199032
v -0.177195 -0.044053 -0.167112
v -0.209723 -0.047484 -0.197605
v -0.202370 -0.047874 -0.168805
v -0.198315 -0.047565 -0.151478
v -0.227811 -0.052394 -0.193659
v -0.221677 -0.051599 -0.169391
v -0.218910 -0.051372 -0.154877
v -0.238783 -0.056136 -0.168706
v -0.236280 -0.055712 -0.155985
v -0.234017 -0.054644 -0.143053
v -0.216909 -0.050327 -0.141295
v -0.196345 -0.044003 -0.138810
v -0.203629 -0.031959 -0.138341
v -0.255373 -0.058188 -0.158629
v -0.252561 -0.057497 -0.142882
v -0.252648 -0.046101 -0.138891
v -0.253610 -0.033174 -0.139079
v -0.274965 -0.058074 -0.142606
v -0.274953 -0.049068 -0.138906
v -0.275150 -0.036369 -0.139162
v -0.279121 -0.020861 -0.139478
v -0.262289 -0.013007 -0.139123
v -0.303310 -0.049917 -0.139357
v -0.303557 -0.038518 -0.139514
v -0.304574 -0.026379 -0.140178
v -0.311812 -0.005671 -0.141526
v -0.294997 0.005014 -0.141309
v -0.336097 -0.040504 -0.139874
v -0.337439 -0.030346 -0.140680
v -0.341877 -0.015521 -0.141944
v -0.355898 0.010752 -0.143508
v -0.334293 0.024037 -0.143507
v -0.364154 -0.034197 -0.141022
v -0.368456 -0.021800 -0.142049
v -0.379255 0.000634 -0.143420
v -0.396779 0.030504 -0.145019
v -0.379650 0.040133 -0.145472
v -0.385509 -0.025993 -0.141771
v -0.394063 -0.004953 -0.142810
v -0.409141 0.025072 -0.144570
v -0.426581 0.055753 -0.146578
v -0.416831 0.060472 -0.146610
v -0.405191 -0.009074 -0.142122
v -0.419395 0.021033 -0.144314
v -0.436118 0.051578 -0.146494
v -0.452025 0.080562 -0.147968
v -0.443084 0.084576 -0.148209
v -0.429016 0.017310 -0.144006
v -0.444934 0.048021 -0.144376
v -0.458745 0.077951 -0.144081
v -0.468258 0.100676 -0.145106
v -0.462816 0.102145 -0.148817
v -0.445274 0.048945 -0.133909
v -0.458127 0.079110 -0.135104
v -0.467238 0.102084 -0.136228
v -0.472356 0.115124 -0.136734
v -0.473385 0.113648 -0.145794
v -0.455368 0.081354 -0.127088
v -0.464387 0.103820 -0.128841
v -0.469210 0.116753 -0.129773
v -0.472982 0.126973 -0.130542
v -0.476218 0.124694 -0.137189
v -0.456857 0.106595 -0.128587
v -0.462106 0.119326 -0.129566
v -0.465657 0.129533 -0.130374
v -0.467994 0.138681 -0.131222
v -0.454049 0.121930 -0.129300
v -0.456610 0.131564 -0.130055
v -0.458037 0.140229 -0.130980
v -0.445232 0.132539 -0.129543
v -0.445500 0.140851 -0.130422
v -0.445736 0.148988 -0.133009
v -0.458703 0.147728 -0.134092
v -0.469181 0.146590 -0.134395
v -0.458447 0.150522 -0.141991
v -0.445352 0.150336 -0.141879
v -0.445151 0.148647 -0.151596
v -0.458318 0.149324 -0.150402
v -0.444293 0.142136 -0.151516
v -0.457748 0.142204 -0.151168
v -0.443364 0.135381 -0.150986
v -0.456530 0.135171 -0.151210
v -0.466870 0.134335 -0.151130
v -0.454669 0.127640 -0.150578
v -0.464186 0.126160 -0.150634
v -0.472899 0.124053 -0.150617
v -0.475862 0.132969 -0.150425
v -0.477216 0.123139 -0.146445
v -0.468695 0.114496 -0.149478
v -0.460214 0.116759 -0.149692
v -0.454179 0.104892 -0.149152
v -0.451412 0.118629 -0.149822
v -0.445846 0.107255 -0.149286
v -0.434869 0.088381 -0.148219
v -0.404524 0.067852 -0.146661
v -0.390880 0.078066 -0.146700
v -0.362893 0.052311 -0.145324
v -0.381425 0.086505 -0.146709
v -0.353138 0.060912 -0.145201
v -0.322835 0.034102 -0.143533
v -0.346659 0.067385 -0.145113
v -0.316529 0.040895 -0.143476
v -0.286949 0.013467 -0.141006
v -0.310191 0.048052 -0.143242
v -0.281256 0.021571 -0.140718
v -0.254041 -0.004898 -0.138992
v -0.275299 0.029909 -0.139679
v -0.245023 -0.000133 -0.138606
v -0.272289 0.034298 -0.129891
v -0.243421 0.011429 -0.129737
v -0.215715 -0.010481 -0.132239
v -0.218460 -0.022230 -0.137444
v -0.273224 0.034009 -0.119048
v -0.244775 0.013523 -0.118221
v -0.214191 -0.009578 -0.124560
v -0.280095 0.025131 -0.115531
v -0.308529 0.050593 -0.118688
v -0.315400 0.041635 -0.117727
v -0.287001 0.016167 -0.114643
v -0.302488 0.058105 -0.122035
v -0.332501 0.083868 -0.126222
v -0.337973 0.077970 -0.122194
v -0.301552 0.058520 -0.131951
v -0.331490 0.084287 -0.135357
v -0.360108 0.108474 -0.138084
v -0.359545 0.109756 -0.130035
v -0.303997 0.055028 -0.140613
v -0.334314 0.080746 -0.142995
v -0.363189 0.104809 -0.144439
v -0.391708 0.129284 -0.148318
v -0.387427 0.135286 -0.143799
v -0.340318 0.074082 -0.144914
v -0.368820 0.098940 -0.146494
v -0.396569 0.122854 -0.148766
v -0.424558 0.134372 -0.150223
v -0.423328 0.141615 -0.150557
v -0.374892 0.092832 -0.146706
v -0.401833 0.116162 -0.148657
v -0.426212 0.126522 -0.149920
v -0.442509 0.127991 -0.150397
v -0.423013 0.148643 -0.150433
v -0.423270 0.149868 -0.140042
v -0.387278 0.136959 -0.135134
v -0.424408 0.147665 -0.131553
v -0.391283 0.133295 -0.128117
v -0.364324 0.105338 -0.124982
v -0.397174 0.126060 -0.126997
v -0.370614 0.098910 -0.124070
v -0.344283 0.070998 -0.121169
v -0.376826 0.092543 -0.123378
v -0.350541 0.064434 -0.120589
v -0.327538 0.031681 -0.116646
v -0.301061 0.006391 -0.113826
v -0.331257 -0.003535 -0.113429
v -0.326135 -0.015386 -0.112285
v -0.291749 -0.009104 -0.112181
v -0.324027 -0.026324 -0.111321
v -0.288477 -0.020166 -0.111132
v -0.322441 -0.034311 -0.108334
v -0.287092 -0.027537 -0.110859
v -0.321501 -0.034311 -0.098436
v -0.286301 -0.030218 -0.103366
v -0.259895 -0.031274 -0.109901
v -0.284464 -0.028526 -0.089534
v -0.254057 -0.026007 -0.092193
v -0.216671 -0.021599 -0.092895
v -0.222583 -0.030858 -0.108079
v -0.183747 -0.037959 -0.108560
v -0.249236 -0.015859 -0.074964
v -0.282620 -0.020516 -0.075041
v -0.279949 -0.014192 -0.056979
v -0.317949 -0.025139 -0.075431
v -0.315095 -0.017534 -0.058530
v -0.311189 -0.018045 -0.038531
v -0.337917 -0.020615 -0.038674
v -0.335497 -0.025194 -0.022943
v -0.307135 -0.022774 -0.023129
v -0.333253 -0.033386 -0.013195
v -0.303226 -0.029378 -0.014281
v -0.330151 -0.041053 -0.007700
v -0.299675 -0.035648 -0.007681
v -0.328276 -0.042425 0.001307
v -0.297188 -0.037557 0.001090
v -0.326872 -0.039296 0.009363
v -0.353336 -0.028546 -0.024374
v -0.355128 -0.024795 -0.038510
v -0.362896 -0.032511 -0.039642
v -0.363241 -0.036014 -0.028198
v -0.383162 -0.035883 -0.032623
v -0.383374 -0.032682 -0.048728
v -0.407359 -0.035150 -0.048788
v -0.407250 -0.037365 -0.034103
v -0.406964 -0.045707 -0.021147
v -0.406733 -0.058144 -0.012513
v -0.428086 -0.040856 -0.035429
v -0.428626 -0.048178 -0.024232
v -0.428640 -0.059304 -0.016804
v -0.428467 -0.071212 -0.013528
v -0.407199 -0.072030 -0.009244
v -0.439908 -0.050711 -0.026977
v -0.439281 -0.060606 -0.020606
v -0.438682 -0.071214 -0.017401
v -0.439022 -0.081458 -0.017022
v -0.428511 -0.082783 -0.014245
v -0.447200 -0.061886 -0.024280
v -0.446511 -0.071158 -0.021075
v -0.446744 -0.079664 -0.020537
v -0.447971 -0.087308 -0.024172
v -0.439430 -0.089811 -0.021965
v -0.445763 -0.071263 -0.026345
v -0.445756 -0.077929 -0.025911
v -0.446771 -0.084093 -0.028543
v -0.447149 -0.089725 -0.033195
v -0.448444 -0.094521 -0.029614
v -0.437452 -0.077571 -0.026422
v -0.437516 -0.083787 -0.028695
v -0.437564 -0.088739 -0.033105
v -0.437574 -0.092171 -0.038906
v -0.446939 -0.093273 -0.038843
v -0.427695 -0.083055 -0.028585
v -0.427798 -0.087914 -0.032888
v -0.428055 -0.091277 -0.038767
v -0.428285 -0.092454 -0.045500
v -0.437757 -0.093152 -0.045730
v -0.417360 -0.086726 -0.033501
v -0.417517 -0.081309 -0.029973
v -0.407799 -0.078346 -0.033413
v -0.407440 -0.083132 -0.037258
v -0.404762 -0.073753 -0.040813
v -0.404921 -0.078376 -0.043618
v -0.404484 -0.069677 -0.046827
v -0.404653 -0.074225 -0.049529
v -0.405553 -0.078950 -0.052317
v -0.409084 -0.084216 -0.055675
v -0.404681 -0.069947 -0.055509
v -0.404752 -0.065189 -0.052493
v -0.409621 -0.060814 -0.057416
v -0.408965 -0.065821 -0.061751
v -0.418882 -0.059290 -0.059574
v -0.419170 -0.064518 -0.063719
v -0.427869 -0.058020 -0.060650
v -0.428768 -0.063613 -0.064518
v -0.429376 -0.070527 -0.065473
v -0.437712 -0.063104 -0.064493
v -0.438741 -0.070539 -0.065451
v -0.438557 -0.077903 -0.065467
v -0.429041 -0.077575 -0.065396
v -0.437927 -0.084535 -0.063629
v -0.428134 -0.083869 -0.062841
v -0.437794 -0.089672 -0.059026
v -0.428092 -0.089238 -0.058506
v -0.418073 -0.088011 -0.057738
v -0.428291 -0.092426 -0.052471
v -0.437819 -0.092744 -0.052681
v -0.447354 -0.090459 -0.059709
v -0.447229 -0.093824 -0.053087
v -0.447210 -0.094108 -0.045803
v -0.448248 -0.099475 -0.054595
v -0.448843 -0.100917 -0.045665
v -0.448064 -0.098881 -0.037025
v -0.440415 -0.104142 -0.045573
v -0.440308 -0.102213 -0.036318
v -0.439926 -0.096980 -0.028286
v -0.429263 -0.105939 -0.035755
v -0.428597 -0.099840 -0.027543
v -0.428517 -0.092623 -0.019670
v -0.411105 -0.104442 -0.026026
v -0.409848 -0.096475 -0.017504
v -0.408350 -0.085573 -0.011513
v -0.385972 -0.099790 -0.017162
v -0.384082 -0.089596 -0.010250
v -0.387400 -0.107220 -0.025922
v -0.368163 -0.109232 -0.026142
v -0.369010 -0.114086 -0.035780
v -0.355188 -0.120127 -0.034864
v -0.354876 -0.116020 -0.023454
v -0.388258 -0.112294 -0.035607
v -0.388724 -0.112721 -0.046482
v -0.369441 -0.115021 -0.047607
v -0.412101 -0.109486 -0.035370
v -0.412178 -0.111382 -0.045734
v -0.411578 -0.110212 -0.057039
v -0.389343 -0.111450 -0.057869
v -0.429384 -0.107522 -0.045627
v -0.429312 -0.106806 -0.056186
v -0.428311 -0.101442 -0.066865
v -0.410485 -0.104428 -0.068458
v -0.440185 -0.102629 -0.055302
v -0.439727 -0.098164 -0.064967
v -0.439169 -0.090438 -0.072657
v -0.427196 -0.092726 -0.075423
v -0.448284 -0.095666 -0.063248
v -0.447550 -0.088196 -0.069596
v -0.448054 -0.079601 -0.073804
v -0.438665 -0.080446 -0.076873
v -0.447028 -0.085341 -0.064774
v -0.447589 -0.078305 -0.066378
v -0.448113 -0.070027 -0.065545
v -0.447621 -0.069485 -0.072538
v -0.445966 -0.060585 -0.070169
v -0.437467 -0.060279 -0.075013
v -0.438099 -0.070137 -0.077674
v -0.445968 -0.061974 -0.065044
v -0.444156 -0.056101 -0.062047
v -0.444959 -0.053019 -0.065311
v -0.436642 -0.057123 -0.061182
v -0.436692 -0.054136 -0.054986
v -0.444434 -0.053222 -0.055900
v -0.428035 -0.054977 -0.054301
v -0.428664 -0.053626 -0.047268
v -0.437299 -0.052959 -0.047775
v -0.419410 -0.055864 -0.053495
v -0.419764 -0.054427 -0.046859
v -0.419720 -0.055371 -0.040384
v -0.428992 -0.054292 -0.040396
v -0.429081 -0.057973 -0.034592
v -0.437790 -0.057565 -0.034191
v -0.437755 -0.053941 -0.040418
v -0.445951 -0.057023 -0.033545
v -0.445955 -0.053786 -0.040515
v -0.445342 -0.052465 -0.048361
v -0.447098 -0.048831 -0.038747
v -0.446482 -0.047156 -0.048529
v -0.445452 -0.048734 -0.057655
v -0.438777 -0.042627 -0.048483
v -0.437551 -0.045534 -0.059088
v -0.436974 -0.051284 -0.068490
v -0.426390 -0.041765 -0.061018
v -0.425506 -0.049128 -0.071814
v -0.424967 -0.060144 -0.078303
v -0.407166 -0.047790 -0.074477
v -0.406405 -0.060134 -0.081452
v -0.406820 -0.072215 -0.084904
v -0.425186 -0.071033 -0.081954
v -0.407491 -0.083869 -0.082658
v -0.425819 -0.082124 -0.080205
v -0.409003 -0.095009 -0.077619
v -0.388783 -0.073919 -0.085974
v -0.377001 -0.075562 -0.090207
v -0.407258 -0.038770 -0.062422
v -0.427287 -0.038717 -0.048553
v -0.439741 -0.044320 -0.036724
v -0.447603 -0.053487 -0.029840
v -0.446238 -0.063795 -0.029570
v -0.437886 -0.063640 -0.029942
v -0.437692 -0.070665 -0.027135
v -0.429490 -0.063330 -0.029996
v -0.429066 -0.069940 -0.027404
v -0.428103 -0.076746 -0.026873
v -0.418283 -0.075206 -0.027872
v -0.408012 -0.072762 -0.031475
v -0.404882 -0.068954 -0.038699
v -0.370655 -0.113100 -0.059699
v -0.354690 -0.120035 -0.062694
v -0.355286 -0.120507 -0.048122
v -0.332734 -0.121386 -0.063525
v -0.333625 -0.121920 -0.048388
v -0.334107 -0.121033 -0.034969
v -0.302636 -0.124550 -0.049306
v -0.303475 -0.123619 -0.035548
v -0.303774 -0.120389 -0.024018
v -0.334363 -0.119303 -0.023355
v -0.303970 -0.114602 -0.016766
v -0.334539 -0.113313 -0.016384
v -0.304309 -0.108793 -0.010917
v -0.334823 -0.107930 -0.010284
v -0.304599 -0.106390 -0.003606
v -0.335164 -0.105533 -0.003346
v -0.304845 -0.106414 0.004167
v -0.335488 -0.105453 0.003691
v -0.305164 -0.109555 0.011542
v -0.335774 -0.107366 0.010465
v -0.305524 -0.115800 0.017275
v -0.336190 -0.112808 0.016021
v -0.305913 -0.120225 0.026102
v -0.336483 -0.118688 0.024622
v -0.357992 -0.115054 0.023393
v -0.336995 -0.122502 0.037462
v -0.306205 -0.123600 0.039221
v -0.306421 -0.124209 0.056067
v -0.273125 -0.125105 0.040931
v -0.272990 -0.124168 0.056766
v -0.272822 -0.119241 0.072536
v -0.240255 -0.124067 0.058462
v -0.240334 -0.118779 0.072173
v -0.242452 -0.114654 0.083925
v -0.218598 -0.119934 0.072060
v -0.220734 -0.116753 0.084047
v -0.222641 -0.115371 0.093655
v -0.202994 -0.131282 0.084354
v -0.204965 -0.129051 0.094589
v -0.206214 -0.126002 0.103255
v -0.172693 -0.147231 0.093423
v -0.174648 -0.145556 0.104977
v -0.173046 -0.137827 0.112762
v -0.133621 -0.149093 0.103312
v -0.134549 -0.144524 0.114518
v -0.134614 -0.133228 0.120102
v -0.170952 -0.126035 0.116465
v -0.134186 -0.120047 0.122413
v -0.168844 -0.113075 0.118527
v -0.133693 -0.104771 0.122882
v -0.167943 -0.099378 0.118636
v -0.133650 -0.091624 0.122971
v -0.168644 -0.087776 0.118744
v -0.133723 -0.081261 0.123445
v -0.169943 -0.079087 0.121830
v -0.134646 -0.077893 0.133180
v -0.095629 -0.082573 0.127586
v -0.095966 -0.077870 0.135838
v -0.059032 -0.083304 0.131435
v -0.058953 -0.077877 0.139211
v -0.059056 -0.076421 0.151188
v -0.023329 -0.076896 0.141860
v -0.022430 -0.075536 0.153987
v -0.021492 -0.073929 0.168443
v 0.011740 -0.074528 0.156723
v 0.009302 -0.072828 0.173293
v -0.001263 -0.069350 0.204934
v -0.024479 -0.070714 0.196880
v -0.018622 -0.063752 0.243250
v -0.035103 -0.065361 0.236615
v -0.035136 -0.057878 0.279779
v -0.048867 -0.060032 0.274573
v -0.050345 -0.053407 0.316056
v -0.062136 -0.054665 0.311682
v -0.081755 -0.056314 0.305575
v -0.075188 -0.049987 0.347707
v -0.091906 -0.051344 0.342645
v -0.120254 -0.052370 0.336156
v -0.102694 -0.046257 0.378680
v -0.127222 -0.047109 0.373605
v -0.160097 -0.047757 0.369140
v -0.152917 -0.053417 0.331181
v -0.190098 -0.047007 0.368440
v -0.183682 -0.052056 0.328783
v -0.213160 -0.043333 0.370316
v -0.211460 -0.048166 0.328793
v -0.233588 -0.041480 0.372091
v -0.237269 -0.045918 0.331286
v -0.222985 -0.037136 0.371173
v -0.225246 -0.041147 0.330222
v -0.200724 -0.033064 0.371370
v -0.198067 -0.036910 0.328358
v -0.168463 -0.029041 0.368628
v -0.164383 -0.032455 0.327923
v -0.162386 -0.036300 0.288318
v -0.129859 -0.029759 0.330235
v -0.126893 -0.033333 0.290254
v -0.097799 -0.027947 0.335255
v -0.092143 -0.031510 0.295430
v -0.089077 -0.035869 0.255550
v -0.067515 -0.030590 0.301712
v -0.058129 -0.034655 0.262394
v -0.051256 -0.038501 0.223516
v -0.039500 -0.034087 0.269208
v -0.025856 -0.038093 0.231866
v -0.012928 -0.041024 0.195140
v -0.012274 -0.037938 0.238284
v 0.005207 -0.040793 0.202984
v 0.022087 -0.042057 0.172443
v 0.015290 -0.040988 0.209045
v 0.035850 -0.043121 0.179210
v 0.052680 -0.042868 0.158846
v 0.043598 -0.045238 0.185368
v 0.064412 -0.044044 0.166367
v 0.078023 -0.043625 0.153925
v 0.071142 -0.046387 0.174594
v 0.087438 -0.046376 0.162042
v 0.098342 -0.046048 0.150561
v 0.092770 -0.053221 0.168482
v 0.075461 -0.054001 0.181213
v 0.073915 -0.064726 0.178673
v 0.090564 -0.063931 0.165552
v 0.068500 -0.069160 0.171345
v 0.082417 -0.068618 0.158424
v 0.058575 -0.070945 0.163930
v 0.066904 -0.071014 0.152342
v 0.070774 -0.071604 0.141968
v 0.072177 -0.078288 0.137046
v 0.042652 -0.073869 0.147958
v 0.042081 -0.075040 0.139319
v 0.041498 -0.085536 0.136293
v 0.041045 -0.097152 0.135395
v 0.071556 -0.089764 0.136215
v 0.010240 -0.079724 0.135915
v 0.009049 -0.091108 0.134965
v 0.008650 -0.104194 0.134145
v 0.010905 -0.119160 0.132606
v 0.042502 -0.111546 0.134013
v -0.024483 -0.094208 0.132974
v -0.024715 -0.108588 0.132579
v -0.024109 -0.123580 0.131326
v -0.023414 -0.137402 0.128993
v 0.012933 -0.132294 0.127985
v -0.060281 -0.108596 0.130360
v -0.060203 -0.123436 0.129184
v -0.059884 -0.136746 0.126935
v -0.059301 -0.146034 0.118053
v -0.022912 -0.145413 0.119263
v -0.097250 -0.121804 0.126226
v -0.097442 -0.135737 0.124419
v -0.097048 -0.146211 0.116447
v -0.095982 -0.150897 0.103193
v -0.058685 -0.149934 0.104493
v -0.058287 -0.150167 0.088427
v -0.022926 -0.148298 0.090207
v -0.022692 -0.147681 0.105667
v -0.094970 -0.151139 0.087927
v -0.095097 -0.151118 0.074085
v -0.058833 -0.149966 0.073243
v -0.132392 -0.149771 0.089922
v -0.132260 -0.150245 0.076877
v -0.132970 -0.150277 0.063896
v -0.095718 -0.150568 0.061452
v -0.170714 -0.147731 0.081979
v -0.168572 -0.147760 0.069640
v -0.165844 -0.141315 0.056697
v -0.133138 -0.143317 0.053255
v -0.199653 -0.134371 0.072843
v -0.193645 -0.133228 0.060482
v -0.189941 -0.124398 0.052133
v -0.162298 -0.128625 0.052023
v -0.216522 -0.123398 0.060094
v -0.215637 -0.124217 0.048326
v -0.215915 -0.122873 0.033113
v -0.189717 -0.123581 0.038616
v -0.240970 -0.125243 0.043895
v -0.242122 -0.121943 0.029053
v -0.242497 -0.116127 0.019575
v -0.215917 -0.116662 0.022127
v -0.273080 -0.122007 0.027172
v -0.272775 -0.116419 0.018448
v -0.272424 -0.110718 0.011815
v -0.242198 -0.110495 0.012016
v -0.241911 -0.108605 0.003892
v -0.214452 -0.109741 0.003296
v -0.215046 -0.111047 0.012745
v -0.272016 -0.107797 0.004248
v -0.271760 -0.107684 -0.003869
v -0.241761 -0.108742 -0.004828
v -0.241906 -0.111027 -0.012802
v -0.214839 -0.112514 -0.014705
v -0.214434 -0.109956 -0.005803
v -0.271745 -0.110008 -0.011208
v -0.271770 -0.115533 -0.017239
v -0.242004 -0.116945 -0.019120
v -0.241435 -0.121905 -0.027180
v -0.215112 -0.123072 -0.032001
v -0.215234 -0.118588 -0.022272
v -0.271452 -0.120732 -0.024728
v -0.270567 -0.124661 -0.036633
v -0.240218 -0.124462 -0.039746
v -0.239076 -0.124508 -0.053248
v -0.214941 -0.123850 -0.044421
v -0.269567 -0.125452 -0.050922
v -0.268665 -0.122240 -0.064707
v -0.301271 -0.122266 -0.063880
v -0.299594 -0.114649 -0.077075
v -0.331319 -0.114282 -0.075546
v -0.330417 -0.110330 -0.085531
v -0.191093 -0.123087 -0.036519
v -0.163914 -0.120058 -0.028206
v -0.190654 -0.120064 -0.025447
v -0.162562 -0.114267 -0.018338
v -0.189356 -0.113461 -0.016509
v -0.160216 -0.113278 -0.007794
v -0.188028 -0.111079 -0.006640
v -0.159321 -0.114020 0.003109
v -0.187626 -0.111193 0.002887
v -0.160253 -0.113663 0.014907
v -0.188294 -0.111666 0.013899
v -0.161684 -0.119581 0.027284
v -0.189587 -0.117983 0.025587
v -0.161827 -0.123310 0.040590
v -0.132794 -0.117737 0.029500
v -0.133098 -0.121398 0.041823
v -0.132533 -0.130890 0.048881
v -0.098685 -0.120545 0.044669
v -0.097568 -0.131898 0.046286
v -0.096598 -0.143705 0.050990
v -0.062160 -0.130047 0.043662
v -0.060866 -0.142426 0.048211
v -0.059797 -0.149286 0.059677
v -0.024989 -0.140956 0.047737
v -0.024198 -0.147318 0.059826
v -0.023500 -0.148152 0.074194
v 0.011290 -0.144520 0.060669
v 0.011450 -0.144552 0.074983
v 0.012023 -0.144052 0.090575
v 0.044828 -0.138843 0.076061
v 0.044897 -0.137910 0.090595
v 0.045540 -0.136767 0.104803
v 0.012963 -0.143185 0.105268
v 0.045987 -0.133980 0.117777
v 0.013661 -0.141170 0.118554
v 0.044794 -0.124147 0.127165
v 0.076626 -0.125772 0.119682
v 0.074999 -0.115406 0.128169
v 0.072418 -0.102565 0.134668
v 0.102492 -0.104850 0.130727
v 0.098905 -0.092096 0.135493
v 0.119551 -0.098492 0.131298
v 0.115074 -0.084547 0.135765
v 0.131949 -0.094014 0.128546
v 0.127751 -0.079341 0.134157
v 0.136744 -0.089275 0.122780
v 0.136943 -0.073656 0.128602
v 0.125869 -0.086507 0.120365
v 0.127474 -0.068603 0.122839
v 0.109765 -0.086744 0.119520
v 0.109679 -0.066161 0.123211
v 0.109551 -0.043056 0.118586
v 0.089868 -0.041815 0.115225
v 0.073674 -0.040507 0.112257
v 0.125459 -0.098136 0.113818
v 0.110410 -0.097948 0.112679
v 0.126727 -0.102161 0.102802
v 0.112609 -0.102148 0.101758
v 0.091627 -0.102143 0.099391
v 0.066056 -0.101401 0.097731
v 0.135851 -0.097685 0.114172
v 0.136031 -0.103660 0.103392
v 0.137630 -0.103890 0.117690
v 0.136916 -0.112531 0.106061
v 0.137545 -0.113305 0.089428
v 0.122704 -0.115483 0.106574
v 0.121935 -0.116938 0.090849
v 0.103510 -0.120084 0.107699
v 0.101610 -0.121775 0.092516
v 0.100839 -0.123172 0.077481
v 0.100949 -0.123446 0.064033
v 0.074989 -0.129410 0.091987
v 0.074539 -0.130266 0.077626
v 0.074742 -0.130973 0.064252
v 0.073924 -0.126308 0.052740
v 0.100430 -0.117789 0.054086
v 0.045076 -0.138978 0.062426
v 0.044156 -0.133656 0.050908
v 0.041860 -0.121851 0.046178
v 0.071544 -0.115578 0.048224
v 0.010585 -0.138349 0.049207
v 0.009244 -0.125314 0.044991
v 0.008558 -0.110042 0.042529
v 0.040328 -0.109333 0.044276
v -0.025846 -0.127120 0.043951
v -0.027782 -0.111788 0.041419
v -0.027458 -0.116613 0.032594
v 0.009184 -0.120023 0.029517
v -0.063771 -0.118838 0.042772
v -0.063974 -0.114533 0.033029
v -0.061920 -0.118961 0.022727
v -0.026860 -0.121405 0.024173
v -0.098715 -0.115754 0.032409
v -0.096779 -0.116978 0.019933
v -0.094958 -0.119924 0.006214
v -0.059959 -0.122416 0.008866
v -0.130372 -0.114774 0.017188
v -0.128466 -0.116859 0.004431
v -0.129205 -0.116451 -0.008764
v -0.095507 -0.119956 -0.009202
v -0.131745 -0.114623 -0.019859
v 0.069423 -0.104403 0.046792
v 0.076231 -0.128944 0.106419
v 0.104393 -0.115388 0.121266
v 0.122496 -0.109118 0.119883
v -0.096877 -0.106902 0.127113
v -0.059721 -0.094851 0.130748
v -0.096234 -0.093732 0.127356
v -0.023906 -0.082469 0.133576
v 0.011022 -0.075595 0.144632
v 0.040330 -0.072655 0.159350
v 0.040704 -0.069162 0.184819
v 0.030420 -0.071856 0.179089
v 0.019332 -0.065325 0.216319
v 0.011589 -0.067525 0.211306
v 0.000280 -0.060254 0.251778
v -0.007890 -0.061810 0.247981
v -0.017911 -0.055408 0.287142
v -0.025663 -0.056843 0.283796
v -0.035070 -0.051141 0.322266
v -0.042384 -0.052314 0.319228
v -0.051757 -0.046968 0.356761
v -0.058492 -0.048071 0.353978
v -0.065395 -0.048946 0.351240
v -0.073694 -0.044048 0.387471
v -0.080255 -0.044495 0.385139
v -0.088485 -0.045687 0.382587
v -0.092337 -0.039969 0.418632
v -0.100034 -0.040486 0.416683
v -0.112914 -0.041211 0.413237
v -0.107012 -0.036775 0.442469
v -0.119291 -0.037672 0.439453
v -0.140078 -0.039093 0.435209
v -0.134670 -0.042046 0.408157
v -0.170871 -0.040261 0.428048
v -0.166492 -0.042691 0.405376
v -0.196826 -0.042215 0.405330
v -0.214079 -0.039220 0.406634
v -0.229523 -0.037381 0.409113
v -0.143225 -0.036296 0.449605
v -0.173745 -0.037929 0.443993
v -0.194018 -0.039497 0.440296
v -0.195047 -0.038367 0.428546
v -0.194947 -0.038941 0.450177
v -0.175984 -0.036572 0.454427
v -0.178193 -0.036493 0.463247
v -0.197166 -0.038855 0.458532
v -0.145774 -0.034664 0.460358
v -0.147886 -0.034719 0.469358
v -0.149962 -0.032527 0.478010
v -0.180779 -0.035997 0.472069
v -0.123213 -0.033434 0.464691
v -0.123867 -0.031891 0.473406
v -0.124509 -0.029652 0.481251
v -0.125224 -0.025430 0.486720
v -0.151871 -0.028147 0.484400
v -0.111444 -0.030435 0.475293
v -0.110801 -0.028433 0.482168
v -0.110614 -0.024028 0.486618
v -0.111194 -0.016740 0.488494
v -0.126119 -0.017771 0.488021
v -0.101164 -0.027511 0.481708
v -0.099807 -0.023201 0.485884
v -0.098980 -0.016984 0.488344
v -0.099274 -0.009872 0.486514
v -0.111605 -0.010288 0.486095
v -0.089035 -0.024090 0.481460
v -0.087067 -0.018227 0.482150
v -0.086877 -0.012083 0.480375
v -0.078545 -0.016022 0.467714
v -0.082650 -0.013076 0.464772
v -0.089180 -0.008241 0.476772
v -0.100278 -0.006369 0.480980
v -0.077849 -0.020833 0.469085
v -0.071650 -0.024333 0.451322
v -0.073934 -0.019268 0.449579
v -0.080856 -0.025708 0.468584
v -0.075985 -0.028855 0.450851
v -0.069234 -0.033337 0.424372
v -0.068411 -0.028365 0.424017
v -0.085190 -0.028872 0.466973
v -0.080618 -0.031901 0.450162
v -0.073401 -0.037212 0.423722
v -0.061292 -0.040658 0.391905
v -0.055626 -0.036329 0.393749
v -0.085997 -0.033442 0.448741
v -0.079307 -0.039072 0.422203
v -0.067203 -0.043178 0.389856
v -0.045428 -0.044325 0.359223
v -0.085795 -0.039533 0.420361
v -0.092346 -0.034282 0.446710
v -0.098917 -0.035440 0.444766
v -0.110229 -0.034293 0.456667
v -0.111622 -0.032579 0.467068
v -0.122034 -0.035088 0.453998
v -0.027945 -0.049206 0.325183
v -0.021669 -0.044792 0.327378
v -0.039883 -0.039726 0.361025
v -0.019957 -0.037447 0.326856
v -0.037863 -0.033539 0.360882
v -0.053715 -0.030359 0.393790
v -0.040979 -0.028364 0.358350
v -0.056056 -0.024977 0.392026
v -0.068601 -0.022922 0.423375
v -0.062328 -0.023758 0.388896
v -0.073728 -0.021164 0.421395
v -0.078786 -0.015732 0.447608
v -0.080006 -0.020221 0.419320
v -0.084815 -0.014166 0.445573
v -0.086387 -0.020026 0.417449
v -0.091286 -0.014121 0.443410
v -0.093162 -0.020195 0.415697
v -0.098214 -0.014533 0.441108
v -0.101112 -0.020521 0.413922
v -0.106091 -0.015112 0.438674
v -0.108821 -0.013558 0.451851
v -0.118196 -0.016009 0.435182
v -0.121312 -0.014545 0.448135
v -0.123366 -0.012981 0.459448
v -0.110659 -0.011507 0.463024
v -0.124878 -0.008945 0.468652
v -0.111212 -0.007130 0.472011
v -0.126118 -0.007516 0.476841
v -0.111499 -0.006548 0.479733
v -0.126546 -0.011095 0.484345
v -0.152895 -0.009819 0.472490
v -0.153649 -0.013395 0.480767
v -0.153347 -0.020114 0.486084
v -0.186237 -0.016600 0.475803
v -0.185482 -0.023515 0.481288
v -0.183406 -0.032051 0.479431
v -0.185321 -0.015118 0.466835
v -0.183895 -0.016927 0.457613
v -0.204872 -0.021220 0.453171
v -0.151129 -0.011911 0.463430
v -0.149429 -0.014902 0.453852
v -0.182283 -0.018465 0.448315
v -0.180733 -0.020215 0.437467
v -0.146838 -0.016358 0.442321
v -0.144155 -0.017851 0.430175
v -0.177324 -0.024141 0.426993
v -0.139955 -0.023150 0.409373
v -0.173243 -0.025503 0.410549
v -0.112396 -0.021208 0.412121
v -0.105180 -0.024555 0.373963
v -0.134130 -0.026455 0.370220
v -0.091222 -0.023647 0.377237
v -0.079204 -0.027133 0.339949
v -0.081986 -0.023316 0.380287
v -0.068157 -0.026683 0.344102
v -0.053805 -0.029960 0.306914
v -0.075127 -0.023129 0.383040
v -0.060350 -0.026378 0.347767
v -0.044468 -0.029655 0.311570
v -0.028482 -0.033853 0.274812
v -0.053738 -0.026155 0.351228
v -0.037487 -0.029843 0.315475
v -0.020814 -0.034047 0.279372
v -0.003404 -0.038193 0.243620
v -0.030562 -0.030373 0.319542
v -0.013380 -0.034466 0.284050
v 0.004544 -0.038656 0.248755
v 0.023474 -0.041742 0.214812
v -0.006198 -0.035491 0.288670
v 0.012305 -0.039595 0.253857
v 0.031658 -0.043059 0.220539
v 0.051069 -0.046958 0.191591
v 0.017601 -0.045231 0.258147
v 0.037374 -0.049777 0.225370
v 0.055336 -0.053824 0.195855
v 0.035181 -0.058237 0.225391
v 0.055588 -0.062539 0.196814
v 0.027514 -0.063123 0.221265
v 0.048208 -0.066403 0.190845
v 0.015968 -0.053868 0.258820
v 0.008493 -0.058298 0.255650
v -0.003238 -0.049145 0.293164
v -0.010211 -0.053314 0.290473
v -0.001682 -0.041232 0.292433
v -0.023946 -0.031872 0.323623
v -0.047215 -0.026837 0.354780
v -0.068603 -0.023075 0.385928
v -0.220923 -0.027104 0.447893
v -0.221923 -0.039154 0.449126
v -0.210990 -0.040722 0.454021
v -0.092713 -0.027395 0.477533
v -0.362823 -0.031973 -0.045908
v -0.319434 -0.033149 -0.086936
v -0.346170 -0.036691 -0.085199
v -0.356295 -0.023596 -0.112240
v -0.359986 -0.010079 -0.113210
v -0.379065 -0.016737 -0.113534
v -0.374459 -0.030474 -0.112151
v -0.390437 -0.020914 -0.113712
v -0.385890 -0.034921 -0.112144
v -0.398802 0.001111 -0.115964
v -0.408740 -0.003770 -0.116152
v -0.386428 0.006586 -0.115848
v -0.398786 0.036072 -0.118902
v -0.411261 0.029937 -0.119187
v -0.362244 0.016349 -0.116048
v -0.378282 0.046021 -0.119125
v -0.397399 0.075719 -0.122634
v -0.413550 0.065931 -0.122459
v -0.358547 0.057532 -0.119931
v -0.384366 0.085561 -0.123069
v -0.402779 0.118577 -0.126622
v -0.428694 0.131053 -0.128502
v -0.426399 0.139662 -0.129109
v -0.438865 0.089253 -0.126516
v -0.425108 0.059921 -0.123070
v -0.447621 0.085145 -0.126906
v -0.434516 0.055269 -0.123754
v -0.421039 0.024920 -0.119725
v -0.442776 0.051229 -0.124427
v -0.430053 0.020145 -0.121779
v -0.417954 -0.009088 -0.119326
v -0.430961 0.017956 -0.132845
v -0.418358 -0.011845 -0.130349
v -0.415859 -0.013380 -0.141669
v -0.448874 0.109676 -0.128320
v -0.340145 0.012501 -0.114147
v -0.338745 0.031676 -0.116262
v -0.380710 -0.038345 -0.140888
v -0.361506 -0.043051 -0.139994
v -0.377069 -0.047064 -0.140215
v -0.335288 -0.050281 -0.139769
v -0.302928 -0.058065 -0.142629
v -0.334475 -0.058200 -0.142982
v -0.301939 -0.058205 -0.152265
v -0.333548 -0.058241 -0.152099
v -0.302620 -0.058180 -0.163498
v -0.331483 -0.058197 -0.162276
v -0.353923 -0.058262 -0.159747
v -0.276023 -0.058207 -0.153858
v -0.281316 -0.058155 -0.167054
v -0.297586 -0.057954 -0.188637
v -0.322625 -0.057791 -0.212614
v -0.267499 -0.058205 -0.174005
v -0.290805 -0.058090 -0.197254
v -0.316515 -0.057891 -0.221478
v -0.338322 -0.057837 -0.241729
v -0.345342 -0.057710 -0.230716
v -0.284531 -0.059263 -0.205645
v -0.310010 -0.059556 -0.230290
v -0.330937 -0.059191 -0.250982
v -0.344816 -0.058264 -0.264006
v -0.351531 -0.057816 -0.252393
v -0.307830 -0.067877 -0.234730
v -0.328775 -0.067556 -0.254550
v -0.282611 -0.067055 -0.210192
v -0.287697 -0.072949 -0.205306
v -0.361616 -0.057928 -0.259052
v -0.368289 -0.058058 -0.242728
v -0.358115 -0.057774 -0.239104
v -0.356288 -0.061053 -0.272999
v -0.363142 -0.057880 -0.219102
v -0.214722 -0.048134 -0.230825
v -0.231878 -0.051229 -0.227993
v -0.196209 -0.042064 -0.269532
v -0.174175 -0.035166 -0.307759
v -0.146132 -0.029480 -0.347704
v -0.119489 -0.023922 -0.389420
v -0.055878 -0.016404 -0.478765
v -0.003645 -0.064175 -0.235749
v 0.024444 -0.066432 -0.208537
v 0.052004 -0.066077 -0.187975
v 0.078506 -0.030833 -0.129923
v 0.047658 -0.014981 -0.115429
v 0.081935 -0.018906 -0.120464
v 0.047430 -0.000620 -0.093796
v 0.084397 -0.002172 -0.098602
v 0.047658 0.005170 -0.073588
v 0.085121 0.005029 -0.077106
v 0.048678 0.005996 -0.061548
v 0.009614 0.005259 -0.070077
v 0.010781 0.005893 -0.058307
v -0.028154 0.003432 -0.069132
v -0.027594 0.003873 -0.056900
v -0.064163 0.002221 -0.055577
v -0.062625 0.001345 -0.045445
v -0.101381 -0.002088 -0.041113
v -0.100098 -0.004888 -0.031476
v 0.009571 -0.000540 -0.091416
v -0.365524 -0.033037 0.029760
v -0.382975 -0.035839 0.031285
v -0.382287 -0.032838 0.046810
v -0.405670 -0.037313 0.032186
v -0.404809 -0.035046 0.047062
v -0.424670 -0.040955 0.033969
v -0.424634 -0.037390 0.046789
v -0.423514 -0.040932 0.059547
v -0.419872 -0.046898 0.071600
v -0.436955 -0.041944 0.046614
v -0.436343 -0.043781 0.057760
v -0.435337 -0.049115 0.067360
v -0.434121 -0.057966 0.074454
v -0.418883 -0.057411 0.079157
v -0.445730 -0.047542 0.056482
v -0.444317 -0.051793 0.065162
v -0.442791 -0.059584 0.071481
v -0.442089 -0.068939 0.074593
v -0.433169 -0.069132 0.078190
v -0.449323 -0.055778 0.062248
v -0.448027 -0.062294 0.066969
v -0.447774 -0.069523 0.069243
v -0.447480 -0.077154 0.070525
v -0.442201 -0.078651 0.074540
v -0.441870 -0.063453 0.063170
v -0.441320 -0.069676 0.066413
v -0.441347 -0.076323 0.067212
v -0.441184 -0.082774 0.065036
v -0.448131 -0.084724 0.067737
v -0.433170 -0.069066 0.065830
v -0.432659 -0.075529 0.066462
v -0.432374 -0.081826 0.064544
v -0.432373 -0.087193 0.060116
v -0.441366 -0.088109 0.060324
v -0.424375 -0.074637 0.065876
v -0.424043 -0.080812 0.064114
v -0.423639 -0.086181 0.060086
v -0.422948 -0.090204 0.054854
v -0.432483 -0.091687 0.054721
v -0.412689 -0.087379 0.055379
v -0.411313 -0.089340 0.049219
v -0.422303 -0.092442 0.048602
v -0.405346 -0.079904 0.055088
v -0.404988 -0.080361 0.050136
v -0.410426 -0.088668 0.042741
v -0.410072 -0.085377 0.036902
v -0.421588 -0.088577 0.036087
v -0.421852 -0.092041 0.041970
v -0.432020 -0.092894 0.041306
v -0.432478 -0.093631 0.048145
v -0.441913 -0.093593 0.047566
v -0.441486 -0.092157 0.054635
v -0.448845 -0.094183 0.055584
v -0.448687 -0.090765 0.062358
v -0.443558 -0.095153 0.065244
v -0.442733 -0.087610 0.070940
v -0.433499 -0.090344 0.073731
v -0.433108 -0.080446 0.078139
v -0.417940 -0.082605 0.081662
v -0.417627 -0.070292 0.083206
v -0.393059 -0.075208 0.085617
v -0.425068 -0.068407 0.065040
v -0.416850 -0.068274 0.063640
v -0.425510 -0.062742 0.062004
v -0.417076 -0.063014 0.061317
v -0.433578 -0.062995 0.062464
v -0.433713 -0.057478 0.058177
v -0.442371 -0.057538 0.059178
v -0.448920 -0.053150 0.054461
v -0.445713 -0.046514 0.046291
v -0.437110 -0.044116 0.035060
v -0.424695 -0.047712 0.022498
v -0.404695 -0.045610 0.020290
v -0.402742 -0.057627 0.011955
v -0.424287 -0.058791 0.014638
v -0.400184 -0.072404 0.008561
v -0.424240 -0.071742 0.011348
v -0.398104 -0.087633 0.010899
v 0.133598 -0.112448 -0.097119
v 0.130379 -0.099214 -0.111927
v 0.131112 -0.103923 -0.097429
v 0.131114 -0.105415 -0.081014
v 0.119499 -0.102672 -0.100306
v 0.119448 -0.104821 -0.083207
v 0.119575 -0.105254 -0.064747
v 0.107578 -0.104362 -0.086338
v 0.108232 -0.106137 -0.063935
v 0.106807 -0.090399 -0.066266
v 0.118476 -0.092407 -0.066770
v 0.105809 -0.071102 -0.068920
v 0.090259 -0.067385 -0.068162
v 0.089089 -0.045787 -0.068942
v 0.105443 -0.046975 -0.070101
v 0.105564 -0.029976 -0.070361
v 0.105958 -0.016152 -0.069900
v 0.105760 -0.020147 -0.089557
v 0.084162 -0.025861 -0.102550
v 0.105911 -0.027526 -0.105917
v 0.089672 -0.036301 -0.112679
v 0.105753 -0.040331 -0.117033
v 0.090655 -0.050333 -0.119954
v 0.106093 -0.056341 -0.121293
v 0.118260 -0.063624 -0.122579
v 0.106495 -0.075920 -0.121660
v 0.119076 -0.082250 -0.121009
v 0.107022 -0.093671 -0.117439
v 0.119252 -0.097241 -0.114525
v 0.107250 -0.101706 -0.104074
v 0.091139 -0.085518 -0.119696
v 0.091387 -0.099506 -0.109208
v 0.090887 -0.068050 -0.122289
v 0.066372 -0.060981 -0.121057
v 0.066060 -0.042782 -0.117083
v 0.066000 -0.044959 -0.087741
v 0.065965 -0.063413 -0.090794
v 0.066418 -0.044534 -0.066436
v 0.066042 -0.062609 -0.067677
v -0.375866 -0.088887 -0.100073
v -0.371244 -0.101372 -0.097926
v 0.239020 -0.020422 0.059029
v 0.248717 0.016319 0.044210
v 0.212151 0.025373 0.044908
v 0.219027 0.054380 0.036562
v 0.179641 0.054483 0.035476
v 0.261325 0.040901 0.036114
v 0.266956 0.052944 0.027702
v 0.222945 0.066903 0.026631
v 0.225893 0.075599 0.014393
v 0.181183 0.069851 0.027089
v 0.270184 0.060713 0.014340
v 0.271427 0.064567 -0.000591
v 0.148589 0.051316 0.035639
v 0.123938 0.030911 0.044871
v 0.432299 -0.054565 -0.033535
v 0.458154 -0.056243 -0.021464
v -0.372430 -0.073656 0.177372
v -0.336272 -0.012910 0.142240
v -0.354061 -0.020443 0.142145
v -0.342671 0.002890 0.143203
v -0.353782 -0.006598 0.142861
v -0.385010 -0.002581 0.143770
v -0.382532 -0.026137 0.142357
v -0.402234 -0.010466 0.143352
v -0.397796 -0.027700 0.142546
v -0.396625 -0.042329 0.141669
v -0.397958 -0.054878 0.140378
v -0.413192 -0.049946 0.138850
v -0.414345 -0.054897 0.129907
v -0.397955 -0.059406 0.129133
v -0.426514 -0.045899 0.137409
v -0.429165 -0.050740 0.130652
v -0.430019 -0.049562 0.120295
v -0.414523 -0.053864 0.118024
v -0.412353 -0.043239 0.113511
v -0.428890 -0.040499 0.115495
v -0.400483 0.017579 0.144790
v -0.412572 0.013265 0.144660
v -0.423461 0.008971 0.144076
v -0.429183 0.046221 0.146371
v -0.438986 0.042204 0.145631
v -0.428343 0.008271 0.134985
v -0.445505 0.078243 0.148057
v -0.419062 0.050566 0.146431
v -0.436650 0.082268 0.148196
v -0.450053 0.106157 0.149512
v -0.427581 0.086628 0.148234
v -0.442241 0.109044 0.149556
v -0.448642 0.122366 0.150274
v -0.438099 0.132308 0.150803
v -0.418476 0.129992 0.150340
v -0.414942 0.138153 0.150656
v -0.438246 0.140883 0.151427
v -0.413037 0.148045 0.150908
v -0.438410 0.148615 0.151881
v -0.412051 0.149834 0.141039
v -0.438620 0.149835 0.143255
v -0.453144 0.150715 0.144489
v -0.438796 0.149540 0.135101
v -0.453333 0.150684 0.136137
v -0.461949 0.150480 0.137513
v -0.452677 0.143726 0.130954
v -0.461854 0.144478 0.131698
v -0.461656 0.134626 0.130092
v -0.452173 0.134684 0.129743
v -0.450373 0.124720 0.129314
v -0.459120 0.123117 0.129580
v -0.439271 0.142991 0.130350
v -0.439315 0.134289 0.129400
v -0.420277 0.131187 0.128257
v -0.416232 0.140801 0.128797
v -0.388699 0.122753 0.127123
v -0.394873 0.115778 0.126513
v -0.412147 0.149528 0.132065
v -0.383347 0.129034 0.130052
v -0.357019 0.102386 0.127584
v -0.362919 0.096488 0.124742
v -0.380802 0.132249 0.138225
v -0.354873 0.103758 0.135816
v -0.327972 0.081114 0.133209
v -0.330951 0.078868 0.124589
v -0.382257 0.129311 0.145812
v -0.354455 0.103358 0.143964
v -0.328438 0.079269 0.142052
v -0.302736 0.060181 0.131074
v -0.359776 0.097122 0.146522
v -0.333692 0.072376 0.145199
v -0.366305 0.089905 0.146804
v -0.339666 0.064776 0.145328
v -0.372558 0.083091 0.146796
v -0.345323 0.057303 0.145287
v -0.380470 0.075335 0.146738
v -0.353410 0.047475 0.145243
v -0.334734 0.019200 0.143760
v -0.364988 0.034061 0.144997
v -0.346172 0.004236 0.143349
v -0.382549 0.020980 0.144797
v -0.351044 -0.004763 0.143115
v -0.391954 0.065937 0.146622
v -0.406921 0.056498 0.146489
v -0.392739 0.115323 0.148612
v -0.386959 0.122511 0.148443
v -0.337120 0.072133 0.121928
v -0.343550 0.064806 0.121106
v -0.369341 0.089814 0.124031
v -0.350202 0.057588 0.120478
v -0.375730 0.083297 0.123548
v -0.361962 0.047164 0.119711
v -0.385935 0.074363 0.123007
v -0.401933 0.063749 0.122522
v -0.431234 0.086266 0.126026
v -0.452158 0.107015 0.128552
v -0.444399 0.109574 0.128311
v -0.466714 0.121099 0.130107
v -0.198172 -0.032341 0.428274
v -0.195795 -0.032549 0.427748
v -0.216824 -0.022762 -0.133871
v -0.202717 -0.020317 -0.133711
v -0.206661 -0.021661 -0.132379
v -0.205022 -0.022282 -0.137436
v -0.180510 -0.044819 -0.136779
v -0.175854 -0.043166 -0.135974
v 0.066148 -0.048945 0.067211
v 0.091525 -0.049715 0.069659
v 0.116441 -0.048031 0.071633
v 0.138798 -0.045040 0.073022
v -0.228709 -0.045329 0.138598
v -0.239796 -0.028739 0.139887
v -0.233431 -0.060855 -0.177954
v 0.019373 0.036812 -0.009520
v 0.019454 0.035229 -0.011811
v 0.019521 0.038021 -0.012015
v 0.019531 0.033715 -0.014004
v 0.019654 0.039102 -0.014245
v 0.019666 0.036751 -0.016303
v 0.019605 0.036054 -0.018577
v 0.019667 0.038889 -0.019346
v 0.019731 0.039631 -0.017006
v 0.019597 0.032843 -0.016161
v 0.019645 0.032924 -0.018252
v 0.019696 0.033008 -0.020438
v 0.019653 0.035520 -0.020996
v 0.019607 0.038179 -0.021586
v -0.369012 -0.062877 -0.139557
v -0.369375 -0.057879 -0.140759
v -0.369599 -0.074792 -0.138038
v -0.380183 -0.067822 -0.140974
v -0.368574 -0.065514 -0.138976
v -0.371643 -0.062656 -0.140080
v -0.369175 -0.060913 -0.140025
v -0.373298 -0.060573 -0.140486
v -0.376166 -0.071880 -0.139314
v -0.374490 -0.068892 -0.139680
v -0.369625 -0.070708 -0.138521
v -0.378229 -0.065809 -0.140893
v -0.376211 -0.063730 -0.140810
v -0.373441 -0.065896 -0.139902
v -0.369151 -0.067789 -0.138784
v -0.362571 -0.035761 -0.038518
v -0.362907 -0.032476 -0.039968
v -0.362643 -0.034660 -0.042588
v -0.362197 -0.038970 -0.038384
v -0.362949 -0.031596 -0.047648
v -0.362717 -0.033975 -0.048315
v -0.362300 -0.038197 -0.049834
v -0.362256 -0.038790 -0.046986
v -0.362723 -0.033897 -0.054411
v -0.362270 -0.038410 -0.052637
v -0.362696 -0.035294 -0.060173
v -0.362175 -0.039320 -0.055263
v -0.363021 -0.030889 -0.054265
v -0.362929 -0.033669 -0.060394
v -0.362747 -0.036118 -0.064246
v -0.362657 -0.037028 -0.064348
v -0.362630 -0.038206 -0.067185
v -0.217978 -0.035009 -0.440139
v -0.217998 -0.034627 -0.440107
v -0.217919 -0.034785 -0.439891
v -0.216851 -0.034625 -0.438989
v -0.216919 -0.034710 -0.438903
v -0.216209 -0.034027 -0.438240
v -0.216144 -0.034652 -0.438137
v -0.215505 -0.033440 -0.437458
v -0.215355 -0.034900 -0.437362
v -0.214703 -0.033328 -0.436723
v -0.214552 -0.035232 -0.436574
v -0.213818 -0.033586 -0.435941
v -0.213736 -0.035569 -0.435775
v -0.212875 -0.033840 -0.435049
v -0.212832 -0.035604 -0.434876
v -0.211808 -0.033932 -0.434032
v -0.211892 -0.035355 -0.433932
v -0.210691 -0.033973 -0.432970
v -0.210800 -0.035165 -0.432864
v -0.208976 -0.033899 -0.431394
v -0.209258 -0.035439 -0.431520
v -0.206707 -0.033685 -0.429303
v -0.207319 -0.036179 -0.429618
v -0.205197 -0.034762 -0.427966
v -0.205717 -0.036991 -0.427937
v -0.208666 -0.032609 -0.431146
v -0.210513 -0.032738 -0.432885
v -0.211887 -0.032520 -0.434138
v -0.213019 -0.031854 -0.435107
v -0.214022 -0.031264 -0.435966
v -0.215012 -0.030892 -0.436844
v -0.215623 -0.031918 -0.437556
v -0.216261 -0.032990 -0.438301
v -0.216880 -0.034030 -0.439024
v -0.217497 -0.035065 -0.439743
v -0.217836 -0.034430 -0.439945
v -0.218168 -0.033809 -0.440143
v -0.218315 -0.033864 -0.440274
v -0.218391 -0.033391 -0.440277
v -0.218261 -0.033634 -0.440199
v -0.215477 -0.022778 -0.133608
v -0.220487 -0.023263 -0.133455
v -0.220086 -0.022932 -0.134017
v -0.223173 -0.023544 -0.139073
v -0.217555 -0.034983 -0.439756
v -0.346515 0.000238 0.143181
v -0.344546 -0.001540 0.143147
v -0.343953 -0.000586 0.143170
v -0.344902 0.001638 0.143219
v -0.346143 0.004547 0.143283
v -0.347987 0.003166 0.143237
v -0.346988 -0.002096 0.143124
v -0.345359 -0.002848 0.143116
v -0.349701 0.001883 0.143194
v -0.348797 -0.000272 0.143152
v -0.348627 -0.002076 0.143118
v -0.350947 -0.000761 0.143142
v -0.350639 -0.002402 0.143127
v -0.350251 -0.004465 0.143108
v -0.349043 -0.004325 0.143102
v -0.347533 -0.004149 0.143095
v -0.346060 -0.003977 0.143088
v -0.351230 0.000739 0.143155
v -0.218254 -0.034039 -0.440230
vt 0.321589 0.141994
vt 0.321589 0.129102
vt 0.328654 0.132033
vt 0.329425 0.139227
vt 0.566415 0.404998
vt 0.566840 0.398418
vt 0.575057 0.393811
vt 0.593697 0.398885
vt 0.544965 0.414051
vt 0.542364 0.395718
vt 0.557156 0.392432
vt 0.595646 0.382096
vt 0.620675 0.375675
vt 0.604283 0.427503
vt 0.575777 0.431755
vt 0.577423 0.165253
vt 0.574312 0.166606
vt 0.564901 0.163148
vt 0.566615 0.151421
vt 0.643104 0.661985
vt 0.672103 0.661985
vt 0.670506 0.675223
vt 0.647499 0.679246
vt 0.740184 0.399750
vt 0.758008 0.398520
vt 0.757902 0.408139
vt 0.740754 0.406308
vt 0.583121 0.164798
vt 0.582711 0.167610
vt 0.716825 0.345227
vt 0.704814 0.353352
vt 0.696033 0.353568
vt 0.701519 0.345289
vt 0.725072 0.350031
vt 0.713116 0.356404
vt 0.378650 0.069853
vt 0.378353 0.085184
vt 0.369242 0.078545
vt 0.364822 0.064697
vt 0.454258 0.587052
vt 0.457976 0.586732
vt 0.457475 0.594484
vt 0.452805 0.593077
vt 0.448637 0.591227
vt 0.452312 0.583904
vt 0.456969 0.581872
vt 0.599147 0.069966
vt 0.594852 0.075451
vt 0.589512 0.073134
vt 0.595346 0.067019
vt 0.600506 0.063304
vt 0.603670 0.069115
vt 0.599664 0.077234
vt 0.582495 0.172634
vt 0.573167 0.170993
vt 0.144378 0.202720
vt 0.149639 0.204413
vt 0.149374 0.218944
vt 0.146524 0.220119
vt 0.578268 0.384537
vt 0.574406 0.393127
vt 0.329324 0.306130
vt 0.322334 0.304641
vt 0.313706 0.289151
vt 0.328659 0.295706
vt 0.313936 0.283396
vt 0.307663 0.289456
vt 0.297260 0.272133
vt 0.328649 0.288787
vt 0.305133 0.268602
vt 0.737155 0.772659
vt 0.735608 0.753292
vt 0.745004 0.749946
vt 0.743331 0.777720
vt 0.380671 0.372000
vt 0.372020 0.372106
vt 0.377311 0.360132
vt 0.389698 0.364778
vt 0.772045 0.671051
vt 0.773110 0.673005
vt 0.769312 0.683518
vt 0.758816 0.677246
vt 0.782124 0.662221
vt 0.783838 0.676009
vt 0.759062 0.658595
vt 0.139825 0.253695
vt 0.134299 0.253344
vt 0.134157 0.245558
vt 0.140048 0.246274
vt 0.256867 0.026836
vt 0.248101 0.027677
vt 0.248904 0.023580
vt 0.257482 0.024894
vt 0.190658 0.067225
vt 0.192941 0.067515
vt 0.191245 0.073837
vt 0.188458 0.071789
vt 0.134656 0.121917
vt 0.133327 0.116965
vt 0.138207 0.117769
vt 0.138207 0.123061
vt 0.561021 0.319911
vt 0.559046 0.314618
vt 0.563347 0.312441
vt 0.565718 0.318194
vt 0.195005 0.073837
vt 0.194825 0.068588
vt 0.205231 0.323458
vt 0.210128 0.322875
vt 0.210151 0.327373
vt 0.204855 0.327532
vt 0.204855 0.315787
vt 0.210142 0.316347
vt 0.422474 0.624327
vt 0.426081 0.622501
vt 0.430271 0.625111
vt 0.428465 0.629356
vt 0.418314 0.623449
vt 0.417179 0.613511
vt 0.420581 0.613740
vt 0.426464 0.614429
vt 0.079516 0.310493
vt 0.075652 0.306533
vt 0.077100 0.299317
vt 0.079516 0.300708
vt 0.567044 0.294841
vt 0.572026 0.287478
vt 0.572873 0.292659
vt 0.569601 0.298157
vt 0.566177 0.285819
vt 0.571665 0.283332
vt 0.560606 0.302333
vt 0.558974 0.291029
vt 0.570945 0.305177
vt 0.568162 0.307835
vt 0.574985 0.297356
vt 0.415111 0.601654
vt 0.425098 0.602812
vt 0.411874 0.605109
vt 0.403426 0.603179
vt 0.403936 0.598458
vt 0.404819 0.590224
vt 0.416189 0.592308
vt 0.425180 0.592387
vt 0.431966 0.615845
vt 0.576087 0.727007
vt 0.576143 0.712292
vt 0.586089 0.711609
vt 0.586215 0.726985
vt 0.174179 0.689142
vt 0.158135 0.687705
vt 0.158369 0.672515
vt 0.174010 0.674419
vt 0.620985 0.305585
vt 0.620035 0.314716
vt 0.606472 0.313632
vt 0.606553 0.306243
vt 0.053011 0.127489
vt 0.052656 0.146970
vt 0.047966 0.145501
vt 0.049213 0.129288
vt 0.000928 0.306545
vt 0.007573 0.305529
vt 0.007573 0.325639
vt 0.001726 0.324774
vt 0.066264 0.290681
vt 0.064932 0.291560
vt 0.061014 0.286512
vt 0.066264 0.279926
vt 0.263065 0.077367
vt 0.258941 0.085773
vt 0.253662 0.088983
vt 0.253310 0.080028
vt 0.253310 0.071949
vt 0.265055 0.071120
vt 0.807122 0.665643
vt 0.806707 0.680225
vt 0.276414 0.062477
vt 0.270482 0.059419
vt 0.269247 0.050372
vt 0.276414 0.051365
vt 0.810752 0.028399
vt 0.805527 0.028055
vt 0.803884 0.024133
vt 0.817883 0.008351
vt 0.353380 0.730304
vt 0.365240 0.711286
vt 0.372970 0.709047
vt 0.366602 0.724268
vt 0.361936 0.739141
vt 0.350332 0.745334
vt 0.349306 0.725881
vt 0.346702 0.729371
vt 0.329914 0.738154
vt 0.329834 0.731564
vt 0.183005 0.718488
vt 0.180625 0.699524
vt 0.184856 0.698113
vt 0.189496 0.712786
vt 0.795300 0.024482
vt 0.796612 0.016108
vt 0.806779 0.010625
vt 0.817696 0.000475
vt 0.588582 0.352863
vt 0.582619 0.339294
vt 0.601110 0.345517
vt 0.600141 0.360279
vt 0.066741 0.870894
vt 0.068311 0.851707
vt 0.087718 0.852011
vt 0.089870 0.870688
vt 0.642251 0.727007
vt 0.625923 0.726937
vt 0.628378 0.708700
vt 0.641808 0.707744
vt 0.620985 0.367290
vt 0.619513 0.351593
vt 0.028709 0.228020
vt 0.038254 0.224930
vt 0.036594 0.237431
vt 0.023702 0.242274
vt 0.117284 0.766005
vt 0.114109 0.784445
vt 0.096082 0.788601
vt 0.100926 0.770337
vt 0.092473 0.264135
vt 0.104827 0.267295
vt 0.102308 0.292187
vt 0.092025 0.290541
vt 0.081811 0.288537
vt 0.082175 0.266095
vt 0.081287 0.247787
vt 0.094394 0.248317
vt 0.107894 0.249706
vt 0.066875 0.673443
vt 0.064476 0.677788
vt 0.059677 0.670681
vt 0.063678 0.667430
vt 0.076942 0.686397
vt 0.073826 0.687661
vt 0.711474 0.095844
vt 0.711780 0.108939
vt 0.694866 0.110470
vt 0.695458 0.099607
vt 0.743413 0.461895
vt 0.742305 0.443639
vt 0.757510 0.442844
vt 0.756405 0.463616
vt 0.075906 0.657799
vt 0.079856 0.663774
vt 0.261968 0.030050
vt 0.259624 0.020277
vt 0.266948 0.021571
vt 0.266948 0.030292
vt 0.143103 0.250469
vt 0.150109 0.251103
vt 0.152277 0.262947
vt 0.142747 0.261915
vt 0.058975 0.675603
vt 0.062452 0.681305
vt 0.711655 0.147673
vt 0.694534 0.146142
vt 0.694957 0.126307
vt 0.711861 0.126053
vt 0.763561 0.764011
vt 0.765396 0.744200
vt 0.776105 0.744912
vt 0.779176 0.764431
vt 0.033786 0.831278
vt 0.041882 0.816364
vt 0.061384 0.815027
vt 0.061262 0.823101
vt 0.630411 0.348376
vt 0.642947 0.351168
vt 0.637260 0.373217
vt 0.627302 0.399716
vt 0.029959 0.833029
vt 0.032225 0.816301
vt 0.167307 0.052407
vt 0.170392 0.052924
vt 0.159866 0.071858
vt 0.149942 0.068921
vt 0.687024 0.725545
vt 0.709967 0.728761
vt 0.712415 0.740403
vt 0.696476 0.741866
vt 0.687993 0.743329
vt 0.685945 0.726339
vt 0.132643 0.062409
vt 0.143887 0.059178
vt 0.143769 0.069531
vt 0.134875 0.071107
vt 0.697708 0.364522
vt 0.691656 0.363539
vt 0.322962 0.838947
vt 0.327400 0.831093
vt 0.336725 0.835497
vt 0.334651 0.842496
vt 0.693538 0.376244
vt 0.687054 0.374823
vt 0.780270 0.732174
vt 0.772113 0.728247
vt 0.775288 0.716725
vt 0.788795 0.726758
vt 0.785817 0.745666
vt 0.795164 0.745008
vt 0.166505 0.119275
vt 0.152388 0.108211
vt 0.162099 0.104123
vt 0.170392 0.109383
vt 0.654214 0.715648
vt 0.651152 0.698038
vt 0.671251 0.691892
vt 0.671313 0.706029
vt 0.794835 0.398555
vt 0.795164 0.409174
vt 0.777170 0.408685
vt 0.777071 0.398573
vt 0.618038 0.156408
vt 0.620762 0.147589
vt 0.625290 0.149396
vt 0.619524 0.159772
vt 0.614984 0.158003
vt 0.616080 0.146668
vt 0.616086 0.162124
vt 0.034123 0.694364
vt 0.036318 0.694563
vt 0.036140 0.697306
vt 0.033423 0.696519
vt 0.031290 0.691347
vt 0.033967 0.689875
vt 0.029249 0.693879
vt 0.105860 0.005781
vt 0.104190 0.004110
vt 0.106738 0.001123
vt 0.108584 0.003444
vt 0.104389 0.013596
vt 0.100301 0.013349
vt 0.109394 0.013996
vt 0.453015 0.050972
vt 0.450271 0.052239
vt 0.449654 0.050080
vt 0.452981 0.049306
vt 0.454380 0.052067
vt 0.451599 0.053942
vt 0.040624 0.702456
vt 0.039027 0.702536
vt 0.039742 0.700327
vt 0.041651 0.700870
vt 0.180805 0.032444
vt 0.190528 0.037123
vt 0.188713 0.042470
vt 0.174918 0.041432
vt 0.126931 0.245605
vt 0.126931 0.228776
vt 0.132527 0.234178
vt 0.129905 0.246122
vt 0.048601 0.195119
vt 0.053011 0.197823
vt 0.052804 0.204471
vt 0.048601 0.204416
vt 0.585851 0.809646
vt 0.590910 0.800888
vt 0.596364 0.806563
vt 0.585402 0.816454
vt 0.577369 0.810673
vt 0.583319 0.796700
vt 0.574713 0.820081
vt 0.673026 0.830438
vt 0.655109 0.834087
vt 0.651806 0.818477
vt 0.672487 0.813122
vt 0.118806 0.692810
vt 0.101784 0.689587
vt 0.109243 0.683453
vt 0.124300 0.680735
vt 0.714755 0.714092
vt 0.710130 0.716815
vt 0.705125 0.698317
vt 0.713461 0.696038
vt 0.136943 0.681617
vt 0.133469 0.691363
vt 0.120932 0.697820
vt 0.370177 0.120624
vt 0.369873 0.113248
vt 0.382748 0.103665
vt 0.387592 0.120443
vt 0.370552 0.145204
vt 0.357980 0.134074
vt 0.306706 0.019016
vt 0.305791 0.022290
vt 0.297856 0.022754
vt 0.297656 0.016099
vt 0.183064 0.068157
vt 0.186890 0.058860
vt 0.193955 0.058834
vt 0.191964 0.065278
vt 0.667796 0.712149
vt 0.677076 0.720659
vt 0.671293 0.724766
vt 0.664769 0.717183
vt 0.643804 0.730192
vt 0.649621 0.725038
vt 0.655560 0.732141
vt 0.648495 0.737459
vt 0.635188 0.751124
vt 0.627865 0.745857
vt 0.232330 0.085196
vt 0.226306 0.070433
vt 0.234763 0.070433
vt 0.233230 0.077955
vt 0.566188 0.774427
vt 0.543171 0.785766
vt 0.534250 0.766353
vt 0.560989 0.760017
vt 0.362769 0.167285
vt 0.360293 0.164664
vt 0.381136 0.156101
vt 0.396877 0.172213
vt 0.368788 0.175155
vt 0.885948 0.662426
vt 0.893179 0.655639
vt 0.897306 0.661166
vt 0.895883 0.668467
vt 0.886584 0.687725
vt 0.881792 0.675536
vt 0.882991 0.664626
vt 0.345852 0.148675
vt 0.577849 0.785018
vt 0.574992 0.793361
vt 0.504520 0.793116
vt 0.503094 0.769486
vt 0.361281 0.123839
vt 0.356251 0.113716
vt 0.361925 0.111220
vt 0.367161 0.129572
vt 0.132897 0.254830
vt 0.136314 0.255876
vt 0.131340 0.263162
vt 0.131340 0.252179
vt 0.361421 0.127241
vt 0.349189 0.116658
vt 0.563439 0.810853
vt 0.071943 0.156563
vt 0.068436 0.172281
vt 0.063761 0.174179
vt 0.063761 0.157417
vt 0.213646 0.139846
vt 0.220673 0.148666
vt 0.215453 0.151725
vt 0.208989 0.145100
vt 0.198936 0.274466
vt 0.205883 0.276739
vt 0.206151 0.291781
vt 0.200699 0.290821
vt 0.428645 0.014063
vt 0.416370 0.014345
vt 0.416044 0.004845
vt 0.429113 0.004736
vt 0.441676 0.002032
vt 0.440656 0.008617
vt 0.161200 0.219311
vt 0.162443 0.217648
vt 0.166375 0.224236
vt 0.162625 0.225164
vt 0.158674 0.225723
vt 0.158190 0.219605
vt 0.158761 0.216930
vt 0.155826 0.217012
vt 0.155211 0.220463
vt 0.254605 0.355931
vt 0.254413 0.353161
vt 0.258107 0.352804
vt 0.257598 0.355562
vt 0.000861 0.236880
vt 0.001223 0.233434
vt 0.004567 0.233646
vt 0.003093 0.237662
vt 0.449255 0.010126
vt 0.452497 0.010327
vt 0.452939 0.016359
vt 0.448788 0.016321
vt 0.667668 0.327623
vt 0.669241 0.333699
vt 0.666472 0.333232
vt 0.664440 0.327963
vt 0.249389 0.341013
vt 0.252892 0.339888
vt 0.253533 0.343260
vt 0.249270 0.344285
vt 0.239081 0.093353
vt 0.253675 0.092519
vt 0.254564 0.095771
vt 0.246552 0.102372
vt 0.779028 0.476149
vt 0.769242 0.478273
vt 0.762711 0.466572
vt 0.772934 0.466624
vt 0.236486 0.106136
vt 0.226186 0.094886
vt 0.140100 0.672791
vt 0.328387 0.914924
vt 0.329425 0.922251
vt 0.318828 0.915043
vt 0.318144 0.909145
vt 0.579334 0.374863
vt 0.565599 0.370882
vt 0.567795 0.364535
vt 0.578337 0.367558
vt 0.265993 0.085881
vt 0.276951 0.099030
vt 0.272215 0.104716
vt 0.264388 0.094271
vt 0.309982 0.916653
vt 0.305201 0.899240
vt 0.313549 0.897580
vt 0.318075 0.931227
vt 0.309493 0.929905
vt 0.326494 0.934514
vt 0.287677 0.053820
vt 0.287539 0.059823
vt 0.279899 0.063254
vt 0.280872 0.055823
vt 0.266207 0.058444
vt 0.272465 0.062369
vt 0.251175 0.062989
vt 0.249370 0.058001
vt 0.299465 0.041780
vt 0.305091 0.045944
vt 0.774726 0.808089
vt 0.777580 0.801169
vt 0.781533 0.801613
vt 0.777594 0.809722
vt 0.573058 0.313645
vt 0.576334 0.311985
vt 0.578719 0.320667
vt 0.572819 0.320926
vt 0.198791 0.147673
vt 0.195888 0.146189
vt 0.195619 0.143242
vt 0.198542 0.143898
vt 0.353104 0.007479
vt 0.356997 0.012884
vt 0.348544 0.016452
vt 0.345053 0.009284
vt 0.319891 0.001636
vt 0.327532 0.001577
vt 0.326992 0.005945
vt 0.320537 0.004947
vt 0.281072 0.072120
vt 0.281353 0.067812
vt 0.290659 0.065309
vt 0.283524 0.071479
vt 0.558691 0.369984
vt 0.558627 0.363913
vt 0.102575 0.681440
vt 0.099810 0.688873
vt 0.805751 0.756642
vt 0.802693 0.754578
vt 0.809508 0.747502
vt 0.818714 0.755295
vt 0.799021 0.760602
vt 0.799625 0.753458
vt 0.807751 0.766708
vt 0.325998 0.015146
vt 0.319891 0.014933
vt 0.320433 0.009490
vt 0.326372 0.010635
vt 0.689142 0.804798
vt 0.684947 0.807052
vt 0.680239 0.782561
vt 0.686768 0.780593
vt 0.276414 0.068157
vt 0.252142 0.067858
vt 0.301023 0.070144
vt 0.289111 0.079668
vt 0.660024 0.788397
vt 0.667707 0.785258
vt 0.676397 0.810917
vt 0.645144 0.797230
vt 0.654436 0.332191
vt 0.658355 0.331753
vt 0.658778 0.340204
vt 0.654167 0.339957
vt 0.649885 0.339859
vt 0.651334 0.331080
vt 0.656224 0.327591
vt 0.684796 0.020930
vt 0.687913 0.020172
vt 0.689045 0.028319
vt 0.684498 0.028202
vt 0.680304 0.027841
vt 0.682154 0.020839
vt 0.599877 0.014770
vt 0.600732 0.018307
vt 0.597422 0.017762
vt 0.597330 0.013031
vt 0.600813 0.031795
vt 0.597957 0.032803
vt 0.597863 0.027651
vt 0.601826 0.027569
vt 0.647989 0.362690
vt 0.652099 0.363082
vt 0.653250 0.370315
vt 0.648351 0.370290
vt 0.643835 0.369906
vt 0.645560 0.362046
vt 0.212044 0.305507
vt 0.211742 0.314279
vt 0.207502 0.313192
vt 0.207106 0.306570
vt 0.609329 0.661676
vt 0.613289 0.667585
vt 0.604932 0.673996
vt 0.603370 0.670872
vt 0.209437 0.291215
vt 0.242111 0.695576
vt 0.238310 0.700040
vt 0.233562 0.693941
vt 0.240616 0.691375
vt 0.654872 0.101418
vt 0.655051 0.112902
vt 0.646245 0.113959
vt 0.644781 0.104678
vt 0.663837 0.100347
vt 0.664452 0.112618
vt 0.567280 0.673655
vt 0.571072 0.663274
vt 0.575192 0.664038
vt 0.573656 0.673996
vt 0.018631 0.622691
vt 0.012432 0.620598
vt 0.012636 0.607673
vt 0.018322 0.607729
vt 0.657124 0.085838
vt 0.664209 0.086458
vt 0.585315 0.652040
vt 0.589234 0.654069
vt 0.584970 0.657620
vt 0.579141 0.655178
vt 0.586795 0.646780
vt 0.594480 0.653884
vt 0.578727 0.646346
vt 0.296157 0.384520
vt 0.293741 0.379711
vt 0.301072 0.376953
vt 0.302647 0.385213
vt 0.292764 0.390073
vt 0.287811 0.385875
vt 0.297964 0.394296
vt 0.250621 0.387035
vt 0.257217 0.379611
vt 0.268773 0.385137
vt 0.257026 0.393838
vt 0.236145 0.387195
vt 0.236567 0.376158
vt 0.237945 0.401197
vt 0.228391 0.457472
vt 0.210152 0.460942
vt 0.208840 0.448244
vt 0.223909 0.441410
vt 0.228275 0.467858
vt 0.210434 0.470404
vt 0.777879 0.042341
vt 0.776773 0.049544
vt 0.767858 0.049037
vt 0.768560 0.042548
vt 0.347553 0.465717
vt 0.338282 0.465739
vt 0.340064 0.462903
vt 0.349384 0.464145
vt 0.779967 0.044341
vt 0.782091 0.049674
vt 0.752894 0.084098
vt 0.764475 0.085727
vt 0.760612 0.101945
vt 0.743435 0.090417
vt 0.750648 0.071142
vt 0.765331 0.069341
vt 0.733013 0.074495
vt 0.698320 0.055375
vt 0.697703 0.061722
vt 0.688923 0.064816
vt 0.693899 0.054345
vt 0.258536 0.464290
vt 0.261227 0.488227
vt 0.235151 0.494550
vt 0.234536 0.475399
vt 0.290768 0.095619
vt 0.285815 0.094105
vt 0.285947 0.090440
vt 0.291560 0.089854
vt 0.352144 0.458827
vt 0.340921 0.457474
vt 0.210072 0.359369
vt 0.222009 0.354628
vt 0.221268 0.360120
vt 0.208081 0.361958
vt 0.220807 0.367471
vt 0.210600 0.369094
vt 0.203102 0.370616
vt 0.204714 0.367453
vt 0.156428 0.177084
vt 0.162771 0.185187
vt 0.154067 0.188270
vt 0.148827 0.183616
vt 0.567280 0.633498
vt 0.577294 0.636741
vt 0.571479 0.644977
vt 0.514964 0.567747
vt 0.503109 0.567975
vt 0.504111 0.559416
vt 0.514057 0.559721
vt 0.154511 0.168508
vt 0.163714 0.163378
vt 0.172697 0.176662
vt 0.172209 0.181656
vt 0.202642 0.147361
vt 0.210596 0.155002
vt 0.607065 0.632563
vt 0.595323 0.626031
vt 0.595022 0.620511
vt 0.605599 0.623557
vt 0.618752 0.622970
vt 0.619932 0.632512
vt 0.212044 0.276302
vt 0.621902 0.644164
vt 0.610667 0.647319
vt 0.586021 0.638888
vt 0.940803 0.996844
vt 0.942606 0.986636
vt 0.951101 0.989533
vt 0.948292 0.998363
vt 0.937692 0.989153
vt 0.934033 0.981423
vt 0.576714 0.629981
vt 0.584408 0.630920
vt 0.310501 0.390574
vt 0.310321 0.395180
vt 0.306072 0.395164
vt 0.307986 0.391013
vt 0.581950 0.018209
vt 0.585497 0.017555
vt 0.586192 0.022196
vt 0.582632 0.021980
vt 0.252263 0.336998
vt 0.248492 0.336095
vt 0.250281 0.331597
vt 0.253695 0.332821
vt 0.462969 0.011250
vt 0.471583 0.011250
vt 0.470706 0.020710
vt 0.463392 0.020676
vt 0.961118 0.975632
vt 0.960820 0.982114
vt 0.951429 0.981564
vt 0.952071 0.974951
vt 0.970698 0.976995
vt 0.971151 0.982271
vt 0.953816 0.964662
vt 0.961556 0.966121
vt 0.000984 0.200684
vt 0.001491 0.191174
vt 0.009764 0.191805
vt 0.009590 0.200404
vt 0.722469 0.960763
vt 0.720684 0.953611
vt 0.726692 0.953817
vt 0.726717 0.961519
vt 0.342597 0.147192
vt 0.341989 0.151669
vt 0.337882 0.151554
vt 0.338253 0.146586
vt 0.472625 0.038496
vt 0.468321 0.039758
vt 0.469195 0.030841
vt 0.474723 0.031731
vt 0.203047 0.310920
vt 0.202775 0.320713
vt 0.196725 0.320052
vt 0.197452 0.312058
vt 0.735873 0.965089
vt 0.731242 0.962620
vt 0.732609 0.954486
vt 0.737601 0.955426
vt 0.342678 0.160926
vt 0.337161 0.160121
vt 0.337316 0.156175
vt 0.341998 0.156305
vt 0.719284 0.932466
vt 0.719270 0.922619
vt 0.726622 0.920813
vt 0.727178 0.931627
vt 0.726693 0.942994
vt 0.719610 0.943224
vt 0.480885 0.011484
vt 0.477417 0.021748
vt 0.710772 0.933662
vt 0.710346 0.924721
vt 0.018933 0.200684
vt 0.018483 0.192153
vt 0.242255 0.331303
vt 0.239973 0.332701
vt 0.238420 0.324405
vt 0.242749 0.323980
vt 0.247355 0.324375
vt 0.246375 0.331547
vt 0.244424 0.335641
vt 0.331251 0.160926
vt 0.332199 0.156247
vt 0.992648 0.991107
vt 0.983463 0.994284
vt 0.982525 0.988052
vt 0.990524 0.986714
vt 0.191709 0.309956
vt 0.189844 0.319366
vt 0.988748 0.977649
vt 0.990353 0.981842
vt 0.981708 0.982104
vt 0.980717 0.977209
vt 0.463867 0.038622
vt 0.463503 0.030643
vt 0.333751 0.146829
vt 0.332543 0.151300
vt 0.008797 0.035522
vt 0.011360 0.035828
vt 0.010806 0.040458
vt 0.008797 0.041651
vt 0.179784 0.175523
vt 0.187263 0.185898
vt 0.177234 0.191983
vt 0.146381 0.191365
vt 0.162252 0.198836
vt 0.155260 0.202972
vt 0.919396 0.981477
vt 0.920406 0.976928
vt 0.934419 0.978335
vt 0.943227 0.980236
vt 0.041017 0.049119
vt 0.043545 0.050974
vt 0.042858 0.052694
vt 0.041017 0.053011
vt 0.056355 0.021789
vt 0.056347 0.018544
vt 0.056797 0.014367
vt 0.056797 0.030292
vt 0.053551 0.019452
vt 0.053776 0.016121
vt 0.094422 0.622902
vt 0.083204 0.636134
vt 0.078548 0.632097
vt 0.093651 0.609243
vt 0.094662 0.638978
vt 0.087320 0.643704
vt 0.408338 0.059953
vt 0.408942 0.066717
vt 0.401197 0.068196
vt 0.400984 0.061456
vt 0.440052 0.496235
vt 0.442157 0.502599
vt 0.435670 0.503587
vt 0.433496 0.494963
vt 0.126357 0.028399
vt 0.124257 0.021081
vt 0.131172 0.021017
vt 0.132805 0.027807
vt 0.378224 0.484709
vt 0.378403 0.490639
vt 0.353085 0.485982
vt 0.354394 0.477670
vt 0.614965 0.173139
vt 0.616781 0.180013
vt 0.596542 0.183243
vt 0.594015 0.174554
vt 0.399149 0.485968
vt 0.402559 0.491509
vt 0.638802 0.165941
vt 0.640677 0.174089
vt 0.722331 0.802455
vt 0.719192 0.802398
vt 0.719217 0.798099
vt 0.728179 0.796658
vt 0.720097 0.809884
vt 0.719106 0.803757
vt 0.731851 0.806872
vt 0.411475 0.487495
vt 0.413864 0.499200
vt 0.399144 0.502149
vt 0.572869 0.180239
vt 0.574437 0.183276
vt 0.573121 0.188778
vt 0.569500 0.180172
vt 0.581819 0.182295
vt 0.585823 0.184084
vt 0.585023 0.192711
vt 0.565028 0.188802
vt 0.561577 0.180978
vt 0.607621 0.935060
vt 0.614852 0.927384
vt 0.619361 0.935379
vt 0.607132 0.942120
vt 0.600718 0.934233
vt 0.609121 0.920606
vt 0.598978 0.944152
vt 0.332759 0.429621
vt 0.332762 0.434194
vt 0.325577 0.433804
vt 0.325895 0.428068
vt 0.574482 0.969141
vt 0.574963 0.962132
vt 0.580798 0.962276
vt 0.580535 0.968932
vt 0.124954 0.012866
vt 0.124954 0.018932
vt 0.121733 0.018794
vt 0.120356 0.014418
vt 0.338892 0.437331
vt 0.332325 0.438407
vt 0.335918 0.432836
vt 0.997742 0.834055
vt 0.994262 0.841062
vt 0.990319 0.839102
vt 0.991116 0.833275
vt 0.005623 0.061484
vt 0.010055 0.061718
vt 0.011601 0.068568
vt 0.005985 0.068212
vt 0.133247 0.015200
vt 0.143351 0.014283
vt 0.143368 0.019960
vt 0.554689 0.191401
vt 0.559286 0.189196
vt 0.559184 0.201632
vt 0.552577 0.201459
vt 0.549802 0.189450
vt 0.555031 0.182580
vt 0.841787 0.975848
vt 0.853346 0.976475
vt 0.851253 0.980615
vt 0.826231 0.984610
vt 0.843345 0.963520
vt 0.856402 0.965922
vt 0.818929 0.979045
vt 0.960162 0.860598
vt 0.967432 0.860069
vt 0.961194 0.875098
vt 0.952354 0.870730
vt 0.958855 0.853585
vt 0.968609 0.851669
vt 0.944055 0.864985
vt 0.170568 0.975726
vt 0.170957 0.970594
vt 0.179593 0.971554
vt 0.179933 0.976916
vt 0.179577 0.498584
vt 0.179498 0.507970
vt 0.173989 0.508798
vt 0.174935 0.498047
vt 0.227947 0.344920
vt 0.223517 0.348358
vt 0.224040 0.340352
vt 0.228844 0.339819
vt 0.199735 0.940593
vt 0.191923 0.938928
vt 0.203764 0.923419
vt 0.209674 0.930958
vt 0.214524 0.939669
vt 0.198745 0.948553
vt 0.188631 0.949828
vt 0.027821 0.035625
vt 0.026882 0.028668
vt 0.032185 0.027016
vt 0.029130 0.036372
vt 0.193100 0.139869
vt 0.195544 0.140357
vt 0.192955 0.142080
vt 0.026458 0.037865
vt 0.024067 0.031136
vt 0.300521 0.947223
vt 0.297238 0.945171
vt 0.297973 0.939443
vt 0.305121 0.942192
vt 0.024909 0.016898
vt 0.020590 0.009002
vt 0.027126 0.005939
vt 0.027880 0.007707
vt 0.032185 0.001938
vt 0.031689 0.014284
vt 0.800724 0.797336
vt 0.793027 0.794910
vt 0.796917 0.786335
vt 0.803888 0.791500
vt 0.172194 0.627314
vt 0.166329 0.628559
vt 0.165413 0.617875
vt 0.172225 0.617318
vt 0.179848 0.616836
vt 0.179495 0.624698
vt 0.794570 0.803406
vt 0.787653 0.802916
vt 0.192310 0.104602
vt 0.195582 0.112298
vt 0.189472 0.113457
vt 0.189075 0.103913
vt 0.198791 0.140610
vt 0.306805 0.974482
vt 0.303895 0.976157
vt 0.302521 0.967034
vt 0.308239 0.967265
vt 0.777868 0.816464
vt 0.775923 0.814415
vt 0.782041 0.810706
vt 0.356948 0.193071
vt 0.352967 0.195304
vt 0.332040 0.177940
vt 0.339779 0.173753
vt 0.329425 0.775250
vt 0.321384 0.800499
vt 0.317480 0.798597
vt 0.326605 0.776729
vt 0.733062 0.574238
vt 0.731452 0.557705
vt 0.739679 0.556257
vt 0.740260 0.578767
vt 0.906866 0.642317
vt 0.904952 0.652129
vt 0.902818 0.654910
vt 0.305662 0.832176
vt 0.307305 0.857486
vt 0.297452 0.858120
vt 0.292127 0.844245
vt 0.285025 0.834271
vt 0.298317 0.815732
vt 0.317750 0.833020
vt 0.315591 0.857750
vt 0.052066 0.181752
vt 0.050639 0.175508
vt 0.053011 0.175508
vt 0.052520 0.175715
vt 0.522177 0.034549
vt 0.508173 0.028451
vt 0.520420 0.019111
vt 0.529309 0.027472
vt 0.542424 0.603951
vt 0.534749 0.603711
vt 0.536141 0.596529
vt 0.543982 0.599339
vt 0.278235 0.095920
vt 0.276367 0.091553
vt 0.282423 0.091188
vt 0.281970 0.098449
vt 0.543099 0.610056
vt 0.533146 0.610279
vt 0.021376 0.018024
vt 0.022719 0.017909
vt 0.022525 0.020298
vt 0.021089 0.020826
vt 0.021089 0.015195
vt 0.022036 0.015232
vt 0.022569 0.003466
vt 0.024612 0.002276
vt 0.024348 0.004928
vt 0.022080 0.005680
vt 0.525148 0.013732
vt 0.534353 0.020282
vt 0.542329 0.578628
vt 0.539468 0.585421
vt 0.529021 0.582615
vt 0.531296 0.576920
vt 0.443414 0.551103
vt 0.446046 0.539801
vt 0.451977 0.542163
vt 0.448366 0.552828
vt 0.544715 0.580158
vt 0.547749 0.588000
vt 0.282214 0.074629
vt 0.283987 0.080345
vt 0.274756 0.080460
vt 0.276492 0.072259
vt 0.453710 0.552650
vt 0.457073 0.541930
vt 0.535463 0.000738
vt 0.545608 0.005579
vt 0.541711 0.010563
vt 0.530537 0.004129
vt 0.878310 0.862011
vt 0.873341 0.868231
vt 0.869590 0.850313
vt 0.878570 0.847886
vt 0.887182 0.846802
vt 0.884513 0.866250
vt 0.878295 0.875942
vt 0.876438 0.906679
vt 0.877316 0.907883
vt 0.869484 0.908759
vt 0.872021 0.903923
vt 0.214282 0.341493
vt 0.214109 0.335166
vt 0.219245 0.334674
vt 0.218773 0.341592
vt 0.876441 0.898194
vt 0.880586 0.901900
vt 0.872079 0.893292
vt 0.877180 0.887826
vt 0.881476 0.892233
vt 0.885683 0.896162
vt 0.867129 0.898451
vt 0.862469 0.890210
vt 0.867555 0.886168
vt 0.862485 0.902921
vt 0.858033 0.893657
vt 0.852137 0.881716
vt 0.857118 0.878582
vt 0.167654 0.518827
vt 0.167938 0.509223
vt 0.173496 0.518695
vt 0.173234 0.531721
vt 0.167440 0.531333
vt 0.172768 0.551880
vt 0.166822 0.551051
vt 0.178980 0.518226
vt 0.179677 0.531753
vt 0.179179 0.551850
vt 0.179267 0.576421
vt 0.172033 0.576794
vt 0.224004 0.966240
vt 0.203795 0.972726
vt 0.202186 0.966703
vt 0.222290 0.960619
vt 0.246643 0.952954
vt 0.248705 0.959171
vt 0.271360 0.945132
vt 0.273852 0.951651
vt 0.220015 0.953646
vt 0.243962 0.945300
vt 0.268240 0.937168
vt 0.286874 0.932006
vt 0.288106 0.940377
vt 0.241041 0.937423
vt 0.264910 0.928414
vt 0.285459 0.921974
vt 0.299633 0.918739
vt 0.299690 0.929874
vt 0.260027 0.915426
vt 0.281498 0.906461
vt 0.295590 0.901703
vt 0.273719 0.885866
vt 0.289466 0.879257
vt 0.300323 0.877769
vt 0.309890 0.878163
vt 0.283292 0.863114
vt 0.266108 0.874120
vt 0.259993 0.868122
vt 0.277105 0.854629
vt 0.254318 0.862884
vt 0.270834 0.848109
vt 0.248840 0.857606
vt 0.264922 0.842120
vt 0.279586 0.826304
vt 0.295818 0.806727
vt 0.467632 0.483196
vt 0.467480 0.499940
vt 0.459523 0.497987
vt 0.458570 0.481086
vt 0.252757 0.018932
vt 0.252449 0.011503
vt 0.277020 0.009500
vt 0.274798 0.017316
vt 0.298696 0.007638
vt 0.297571 0.014364
vt 0.254267 0.002886
vt 0.282158 0.001598
vt 0.902192 0.696464
vt 0.895770 0.692112
vt 0.902184 0.672193
vt 0.897963 0.721911
vt 0.889085 0.719251
vt 0.231342 0.012209
vt 0.231487 0.004088
vt 0.899933 0.746196
vt 0.892333 0.746084
vt 0.901362 0.768964
vt 0.894538 0.768775
vt 0.887066 0.768710
vt 0.884259 0.746246
vt 0.878775 0.713508
vt 0.879575 0.768606
vt 0.875557 0.746917
vt 0.868794 0.721955
vt 0.850775 0.695356
vt 0.866183 0.678542
vt 0.862529 0.749586
vt 0.852189 0.731044
vt 0.834202 0.716331
vt 0.314300 0.110454
vt 0.327287 0.098812
vt 0.341278 0.121519
vt 0.331257 0.131124
vt 0.834984 0.744307
vt 0.820328 0.734429
vt 0.299769 0.092908
vt 0.312464 0.078905
vt 0.329086 0.066887
vt 0.339060 0.091601
vt 0.319586 0.055083
vt 0.335876 0.044375
vt 0.342411 0.061547
vt 0.311073 0.050221
vt 0.329868 0.035944
vt 0.343221 0.028377
vt 0.348183 0.039521
vt 0.324150 0.029682
vt 0.338037 0.020420
vt 0.354018 0.024252
vt 0.318761 0.024035
vt 0.333900 0.012861
vt 0.204497 0.057848
vt 0.223156 0.058249
vt 0.223797 0.063335
vt 0.203543 0.063754
vt 0.684678 0.731942
vt 0.686618 0.752122
vt 0.683414 0.753308
vt 0.678370 0.734540
vt 0.675937 0.755155
vt 0.670146 0.737836
vt 0.663536 0.728464
vt 0.662205 0.740856
vt 0.657107 0.720406
vt 0.668704 0.756873
vt 0.660693 0.760079
vt 0.654448 0.746502
vt 0.650502 0.767762
vt 0.642762 0.757658
vt 0.635722 0.782275
vt 0.627729 0.775040
vt 0.620419 0.770275
vt 0.612702 0.795507
vt 0.606442 0.790837
vt 0.599568 0.786514
vt 0.613133 0.765877
vt 0.188863 0.278501
vt 0.188385 0.254079
vt 0.194973 0.254302
vt 0.196898 0.277728
vt 0.196154 0.301399
vt 0.188385 0.302920
vt 0.362806 0.059804
vt 0.364722 0.085446
vt 0.357790 0.087279
vt 0.353137 0.060352
vt 0.358631 0.037169
vt 0.056735 0.327496
vt 0.057139 0.307659
vt 0.068157 0.309288
vt 0.064831 0.329425
vt 0.056735 0.297109
vt 0.063526 0.291879
vt 0.348836 0.088795
vt 0.291756 0.099701
vt 0.299133 0.097002
vt 0.299133 0.120768
vt 0.294425 0.121168
vt 0.593106 0.782739
vt 0.599283 0.812796
vt 0.601020 0.820345
vt 0.585653 0.829426
vt 0.585290 0.823054
vt 0.618889 0.802749
vt 0.624271 0.813606
vt 0.602595 0.828145
vt 0.604735 0.837088
vt 0.586609 0.839525
vt 0.586217 0.835665
vt 0.626720 0.826176
vt 0.627681 0.836213
vt 0.604676 0.838003
vt 0.701743 0.646052
vt 0.694397 0.646828
vt 0.690621 0.627377
vt 0.697542 0.627499
vt 0.704878 0.627718
vt 0.708024 0.645804
vt 0.708010 0.668800
vt 0.699731 0.671007
vt 0.691616 0.672684
vt 0.687627 0.647742
vt 0.696513 0.699836
vt 0.689479 0.699798
vt 0.686375 0.673475
vt 0.701969 0.717541
vt 0.693819 0.717506
vt 0.151243 0.623699
vt 0.142515 0.621272
vt 0.146715 0.604045
vt 0.155131 0.606023
vt 0.127603 0.715497
vt 0.122466 0.706349
vt 0.132401 0.700650
vt 0.134694 0.708225
vt 0.140100 0.714462
vt 0.135943 0.719434
vt 0.138519 0.629293
vt 0.131882 0.631093
vt 0.135254 0.619330
vt 0.740989 0.466572
vt 0.746225 0.466783
vt 0.751387 0.479943
vt 0.744664 0.481824
vt 0.136317 0.644387
vt 0.129907 0.646729
vt 0.121479 0.647591
vt 0.123978 0.630791
vt 0.737584 0.484603
vt 0.745792 0.498904
vt 0.739369 0.500133
vt 0.128046 0.662145
vt 0.120089 0.662745
vt 0.111793 0.662976
vt 0.112856 0.647640
vt 0.126517 0.671669
vt 0.119141 0.671865
vt 0.111481 0.671787
vt 0.104241 0.671785
vt 0.103992 0.663219
vt 0.118527 0.678571
vt 0.111555 0.678730
vt 0.104903 0.678649
vt 0.122365 0.055931
vt 0.122607 0.049871
vt 0.130250 0.049727
vt 0.129732 0.056473
vt 0.025651 0.770109
vt 0.019221 0.771946
vt 0.018094 0.767557
vt 0.023896 0.766504
vt 0.027993 0.763356
vt 0.030979 0.766375
vt 0.030555 0.758950
vt 0.034393 0.760999
vt 0.412728 0.637674
vt 0.408290 0.638814
vt 0.407225 0.632951
vt 0.411725 0.632128
vt 0.644766 0.359717
vt 0.645370 0.354102
vt 0.648992 0.354077
vt 0.648711 0.359654
vt 0.653640 0.354223
vt 0.653324 0.359454
vt 0.645616 0.347068
vt 0.649358 0.347116
vt 0.653887 0.347485
vt 0.659078 0.347526
vt 0.659261 0.354177
vt 0.664606 0.353732
vt 0.665204 0.359139
vt 0.659349 0.359717
vt 0.663991 0.347058
vt 0.668333 0.346770
vt 0.669122 0.353286
vt 0.663333 0.340233
vt 0.667582 0.340297
vt 0.444735 0.023252
vt 0.448873 0.023245
vt 0.449152 0.029765
vt 0.444784 0.029770
vt 0.662470 0.332701
vt 0.445118 0.016089
vt 0.255697 0.334978
vt 0.260139 0.333928
vt 0.261693 0.337824
vt 0.257099 0.338600
vt 0.660574 0.327728
vt 0.263257 0.341814
vt 0.258089 0.342425
vt 0.264241 0.345853
vt 0.258578 0.346114
vt 0.253843 0.346742
vt 0.258528 0.349629
vt 0.254088 0.350064
vt 0.249682 0.351078
vt 0.249248 0.347518
vt 0.010914 0.236141
vt 0.007978 0.234665
vt 0.009644 0.228652
vt 0.013531 0.230260
vt 0.455699 0.010816
vt 0.457119 0.016291
vt 0.010781 0.222505
vt 0.015223 0.223983
vt 0.458195 0.022748
vt 0.453542 0.023102
vt 0.459206 0.029117
vt 0.454235 0.029743
vt 0.460475 0.035223
vt 0.455103 0.036224
vt 0.449511 0.036210
vt 0.456077 0.041651
vt 0.450004 0.041409
vt 0.444735 0.041139
vt 0.444818 0.036334
vt 0.025721 0.738035
vt 0.020281 0.736999
vt 0.021043 0.732342
vt 0.027686 0.735371
vt 0.032577 0.740623
vt 0.028406 0.742624
vt 0.670210 0.358029
vt 0.366818 0.009652
vt 0.368055 0.003429
vt 0.375096 0.002727
vt 0.374161 0.009800
vt 0.373165 0.018205
vt 0.365832 0.016798
vt 0.035105 0.747408
vt 0.030512 0.748186
vt 0.372070 0.026197
vt 0.365208 0.023847
vt 0.035972 0.754489
vt 0.032156 0.754030
vt 0.120295 0.037326
vt 0.127635 0.035163
vt 0.129694 0.042438
vt 0.122047 0.043518
vt 0.137014 0.033324
vt 0.138647 0.041535
vt 0.139052 0.049834
vt 0.155687 0.040607
vt 0.155507 0.049352
vt 0.154420 0.057177
vt 0.138600 0.057088
vt 0.104525 0.646939
vt 0.097124 0.645841
vt 0.097934 0.627349
vt 0.105872 0.628711
vt 0.114971 0.629759
vt 0.106525 0.615699
vt 0.117506 0.616783
vt 0.127581 0.618084
vt 0.120188 0.600468
vt 0.131741 0.601671
vt 0.139238 0.602536
vt 0.134806 0.578092
vt 0.142816 0.578324
vt 0.150650 0.579034
vt 0.144810 0.553387
vt 0.152752 0.553964
vt 0.159513 0.554491
vt 0.158184 0.579724
vt 0.153161 0.532392
vt 0.159786 0.533166
vt 0.164562 0.533869
vt 0.164420 0.554516
vt 0.163583 0.579657
vt 0.159307 0.518220
vt 0.163884 0.518487
vt 0.684686 0.627282
vt 0.682553 0.612098
vt 0.687158 0.611982
vt 0.673787 0.597663
vt 0.679475 0.594855
vt 0.686278 0.593548
vt 0.693272 0.612150
vt 0.694047 0.593807
vt 0.700307 0.612302
vt 0.701602 0.593870
vt 0.707474 0.612348
vt 0.709024 0.627311
vt 0.571447 0.840550
vt 0.552745 0.842496
vt 0.553587 0.837516
vt 0.571750 0.834765
vt 0.555535 0.829993
vt 0.573078 0.827685
vt 0.558327 0.821877
vt 0.530399 0.830740
vt 0.532288 0.822428
vt 0.535835 0.810180
vt 0.502719 0.822676
vt 0.503324 0.812124
vt 0.473787 0.823226
vt 0.473470 0.812684
vt 0.473389 0.795623
vt 0.445130 0.812890
vt 0.444373 0.795248
vt 0.444993 0.767281
vt 0.473565 0.769582
vt 0.448481 0.737618
vt 0.474259 0.741512
vt 0.501673 0.742738
vt 0.476408 0.712166
vt 0.501610 0.714027
vt 0.525660 0.713712
vt 0.528048 0.741672
vt 0.548622 0.711431
vt 0.553466 0.738368
vt 0.570547 0.707561
vt 0.576219 0.735353
vt 0.582128 0.763824
vt 0.406885 0.087495
vt 0.430380 0.071647
vt 0.436743 0.080665
vt 0.413059 0.097923
vt 0.450440 0.098952
vt 0.428199 0.117485
vt 0.402394 0.136472
vt 0.444406 0.136999
vt 0.421124 0.156382
vt 0.462985 0.156820
vt 0.440960 0.176850
vt 0.419489 0.196317
vt 0.403121 0.206598
vt 0.461932 0.195506
vt 0.441337 0.215827
vt 0.427877 0.228756
vt 0.420476 0.235691
vt 0.397947 0.215284
vt 0.464202 0.233171
vt 0.450731 0.247549
vt 0.443132 0.254851
vt 0.436962 0.260597
vt 0.415142 0.241100
vt 0.472694 0.264558
vt 0.464058 0.273446
vt 0.457732 0.279220
vt 0.453232 0.283227
vt 0.433123 0.264248
vt 0.483508 0.290051
vt 0.478135 0.296345
vt 0.472528 0.301219
vt 0.719735 0.420290
vt 0.727104 0.420620
vt 0.730308 0.446884
vt 0.722941 0.446532
vt 0.494359 0.309962
vt 0.489747 0.316187
vt 0.717875 0.397656
vt 0.723253 0.396498
vt 0.730450 0.395999
vt 0.734250 0.420995
vt 0.486627 0.320467
vt 0.504472 0.325064
vt 0.501842 0.332293
vt 0.718207 0.377598
vt 0.724533 0.375263
vt 0.500279 0.336718
vt 0.494562 0.345502
vt 0.476518 0.330408
vt 0.483935 0.323415
vt 0.713549 0.367245
vt 0.719433 0.363727
vt 0.730721 0.358451
vt 0.735044 0.372433
vt 0.506261 0.353862
vt 0.495747 0.369319
vt 0.482040 0.358305
vt 0.514488 0.357895
vt 0.504634 0.375793
vt 0.496353 0.386876
vt 0.487187 0.379046
vt 0.075730 0.124142
vt 0.072506 0.148867
vt 0.064815 0.155246
vt 0.066377 0.123964
vt 0.064815 0.111102
vt 0.073165 0.110188
vt 0.481348 0.384913
vt 0.466286 0.371087
vt 0.473153 0.365882
vt 0.492123 0.393046
vt 0.488858 0.397835
vt 0.475819 0.389874
vt 0.502701 0.393232
vt 0.499226 0.398425
vt 0.496758 0.402850
vt 0.563810 0.169146
vt 0.574014 0.174149
vt 0.564527 0.174179
vt 0.557418 0.375115
vt 0.550362 0.375696
vt 0.545442 0.354999
vt 0.552919 0.354283
vt 0.460161 0.375716
vt 0.562174 0.389588
vt 0.542654 0.330199
vt 0.549220 0.330199
vt 0.443431 0.358186
vt 0.448499 0.354079
vt 0.425248 0.342024
vt 0.429838 0.337903
vt 0.435627 0.332042
vt 0.454584 0.348633
vt 0.443293 0.324948
vt 0.462845 0.341829
vt 0.456952 0.313382
vt 0.425035 0.307869
vt 0.437160 0.296714
vt 0.446669 0.288140
vt 0.465779 0.306052
vt 0.417615 0.279033
vt 0.426802 0.270357
vt 0.737309 0.447055
vt 0.740260 0.473532
vt 0.733040 0.473887
vt 0.431497 0.265774
vt 0.405607 0.252615
vt 0.410547 0.246579
vt 0.735805 0.502142
vt 0.727852 0.502857
vt 0.725870 0.474056
vt 0.737542 0.529132
vt 0.729975 0.530953
vt 0.411877 0.244604
vt 0.390896 0.225669
vt 0.393821 0.221309
vt 0.371229 0.207371
vt 0.374087 0.201853
vt 0.375659 0.194676
vt 0.360014 0.195186
vt 0.365676 0.191857
vt 0.369671 0.188446
vt 0.357417 0.190676
vt 0.362020 0.188113
vt 0.318066 0.018008
vt 0.312413 0.018240
vt 0.310965 0.013454
vt 0.317009 0.013288
vt 0.047548 0.207423
vt 0.053011 0.208540
vt 0.053011 0.223403
vt 0.046694 0.219791
vt 0.309698 0.007752
vt 0.314065 0.007309
vt 0.313459 0.789690
vt 0.324099 0.775928
vt 0.162348 0.094549
vt 0.162348 0.071739
vt 0.170392 0.078539
vt 0.166088 0.100342
vt 0.389590 0.229130
vt 0.385026 0.234963
vt 0.363909 0.217026
vt 0.369584 0.210619
vt 0.354554 0.225917
vt 0.333209 0.209129
vt 0.343752 0.201715
vt 0.376151 0.243897
vt 0.362951 0.255894
vt 0.341114 0.236777
vt 0.397094 0.261766
vt 0.384901 0.273960
vt 0.377650 0.282313
vt 0.354858 0.265123
vt 0.405321 0.290634
vt 0.398574 0.298921
vt 0.394336 0.305776
vt 0.373309 0.288903
vt 0.417764 0.315362
vt 0.412449 0.321442
vt 0.408161 0.326768
vt 0.390314 0.311506
vt 0.545030 0.260023
vt 0.538761 0.261029
vt 0.540025 0.234404
vt 0.546438 0.233372
vt 0.370008 0.294086
vt 0.545552 0.283331
vt 0.538575 0.284764
vt 0.531786 0.285529
vt 0.531631 0.261718
vt 0.548035 0.306030
vt 0.540899 0.306733
vt 0.533240 0.306880
vt 0.419567 0.347459
vt 0.411093 0.352545
vt 0.394455 0.341125
vt 0.401648 0.334854
vt 0.535144 0.329886
vt 0.437236 0.362560
vt 0.429151 0.366538
vt 0.418944 0.370749
vt 0.402084 0.357628
vt 0.526810 0.327741
vt 0.535533 0.355259
vt 0.525481 0.351713
vt 0.445697 0.383776
vt 0.435159 0.387519
vt 0.427200 0.391146
vt 0.409678 0.375027
vt 0.517696 0.347713
vt 0.524728 0.374725
vt 0.513221 0.372015
vt 0.453678 0.403205
vt 0.445703 0.408877
vt 0.436962 0.415490
vt 0.419935 0.396748
vt 0.471463 0.418739
vt 0.462948 0.426375
vt 0.454260 0.434023
vt 0.445827 0.441173
vt 0.429846 0.421838
vt 0.481400 0.445243
vt 0.472733 0.453250
vt 0.463968 0.460200
vt 0.712604 0.652102
vt 0.721092 0.652771
vt 0.722660 0.677345
vt 0.713531 0.678170
vt 0.494753 0.476543
vt 0.484901 0.483820
vt 0.475816 0.488365
vt 0.456464 0.464928
vt 0.723944 0.622460
vt 0.735807 0.625393
vt 0.736461 0.654052
vt 0.506380 0.507316
vt 0.497340 0.512112
vt 0.734335 0.590689
vt 0.745122 0.595172
vt 0.764996 0.605396
vt 0.759151 0.632032
vt 0.752294 0.565195
vt 0.761300 0.572040
vt 0.776447 0.580868
vt 0.797751 0.585604
vt 0.791257 0.612884
vt 0.776978 0.548879
vt 0.788511 0.553494
vt 0.804359 0.556433
vt 0.821209 0.558278
vt 0.818124 0.586956
vt 0.797865 0.524807
vt 0.810573 0.527285
vt 0.824544 0.529281
vt 0.836816 0.530530
vt 0.835600 0.559114
vt 0.815504 0.499552
vt 0.826537 0.500778
vt 0.836406 0.501954
vt 0.281784 0.792189
vt 0.279816 0.803327
vt 0.255804 0.800487
vt 0.257415 0.787193
vt 0.826314 0.474591
vt 0.833340 0.475575
vt 0.302920 0.796531
vt 0.301458 0.804631
vt 0.094589 0.032134
vt 0.101565 0.032692
vt 0.098424 0.059771
vt 0.088287 0.058869
vt 0.001998 0.700488
vt 0.000882 0.693332
vt 0.018199 0.698020
vt 0.018741 0.702389
vt 0.002081 0.685608
vt 0.019226 0.693328
vt 0.028012 0.696829
vt 0.027798 0.699810
vt 0.028415 0.702416
vt 0.032648 0.698675
vt 0.032335 0.701016
vt 0.032262 0.703296
vt 0.035509 0.699559
vt 0.035058 0.701893
vt 0.034710 0.704288
vt 0.449217 0.046102
vt 0.449287 0.048018
vt 0.443448 0.048789
vt 0.444114 0.046180
vt 0.445171 0.043974
vt 0.449116 0.044147
vt 0.452092 0.046053
vt 0.452549 0.047718
vt 0.037170 0.702381
vt 0.037704 0.700021
vt 0.038186 0.697552
vt 0.040121 0.697846
vt 0.038175 0.694568
vt 0.039986 0.694946
vt 0.613051 0.166344
vt 0.612046 0.163460
vt 0.613761 0.162810
vt 0.614936 0.165516
vt 0.616118 0.167633
vt 0.614360 0.168499
vt 0.617677 0.164220
vt 0.619009 0.166089
vt 0.621902 0.161128
vt 0.623586 0.162985
vt 0.629260 0.152208
vt 0.631986 0.155761
vt 0.446423 0.056674
vt 0.436551 0.062467
vt 0.433920 0.058808
vt 0.444741 0.054474
vt 0.432264 0.054228
vt 0.443719 0.051672
vt 0.431658 0.049343
vt 0.412622 0.057511
vt 0.411972 0.050077
vt 0.118367 0.013465
vt 0.123283 0.034083
vt 0.116717 0.033789
vt 0.113922 0.013955
vt 0.432300 0.044825
vt 0.109200 0.033293
vt 0.433897 0.040896
vt 0.119326 0.060589
vt 0.109166 0.060497
vt 0.120587 0.088783
vt 0.108527 0.088312
vt 0.095462 0.087867
vt 0.106714 0.116841
vt 0.092335 0.116286
vt 0.079490 0.115733
vt 0.083153 0.087227
vt 0.088677 0.144241
vt 0.075421 0.143812
vt 0.230784 0.796840
vt 0.206310 0.793040
vt 0.206970 0.777412
vt 0.232122 0.782266
vt 0.181936 0.789306
vt 0.182314 0.773043
vt 0.834242 0.587430
vt 0.832746 0.614921
vt 0.814929 0.614985
vt 0.831100 0.641874
vt 0.811126 0.642151
vt 0.785960 0.639208
vt 0.830283 0.666468
vt 0.135420 0.766915
vt 0.135164 0.784171
vt 0.830936 0.686704
vt 0.157881 0.769150
vt 0.158001 0.786086
vt 0.154954 0.800925
vt 0.132017 0.798484
vt 0.178575 0.803578
vt 0.085578 0.171621
vt 0.101407 0.172328
vt 0.098985 0.198898
vt 0.083123 0.198207
vt 0.072261 0.171326
vt 0.104095 0.145015
vt 0.119002 0.145710
vt 0.117145 0.173223
vt 0.120155 0.117361
vt 0.131113 0.117996
vt 0.131404 0.146427
vt 0.130612 0.089303
vt 0.645598 0.537757
vt 0.637428 0.538154
vt 0.634821 0.509697
vt 0.644988 0.509144
vt 0.127557 0.061029
vt 0.365540 0.051550
vt 0.388429 0.050709
vt 0.388809 0.060699
vt 0.366290 0.062272
vt 0.638689 0.566815
vt 0.629837 0.567967
vt 0.625544 0.539239
vt 0.637773 0.593409
vt 0.631413 0.594609
vt 0.623947 0.595911
vt 0.619101 0.569858
vt 0.414844 0.064370
vt 0.632107 0.615106
vt 0.627021 0.615695
vt 0.608795 0.571676
vt 0.599294 0.545145
vt 0.611283 0.541923
vt 0.615771 0.597369
vt 0.609089 0.598219
vt 0.600077 0.573332
vt 0.622357 0.616252
vt 0.639910 0.135612
vt 0.633602 0.131361
vt 0.641131 0.111383
vt 0.631734 0.108259
vt 0.636510 0.088171
vt 0.646994 0.090774
vt 0.589994 0.548064
vt 0.626163 0.128771
vt 0.619143 0.127628
vt 0.622709 0.106756
vt 0.584627 0.563034
vt 0.577554 0.569402
vt 0.562566 0.552041
vt 0.570224 0.544374
vt 0.576775 0.536510
vt 0.590037 0.557427
vt 0.598713 0.583536
vt 0.593274 0.588155
vt 0.587272 0.592957
vt 0.569680 0.576324
vt 0.607733 0.600265
vt 0.604244 0.603331
vt 0.600572 0.606259
vt 0.596839 0.608679
vt 0.581750 0.597706
vt 0.607476 0.148407
vt 0.611470 0.146983
vt 0.612381 0.157755
vt 0.610165 0.158145
vt 0.036350 0.680043
vt 0.038855 0.689527
vt 0.036495 0.689208
vt 0.032070 0.680138
vt 0.027840 0.681861
vt 0.024173 0.684679
vt 0.009870 0.672873
vt 0.015975 0.668657
vt 0.022741 0.665608
vt 0.804584 0.472651
vt 0.811492 0.472914
vt 0.805111 0.497926
vt 0.796190 0.496795
vt 0.000882 0.651770
vt 0.009322 0.648998
vt 0.561964 0.582363
vt 0.555735 0.586443
vt 0.535676 0.569084
vt 0.543979 0.565036
vt 0.553474 0.559458
vt 0.530277 0.545920
vt 0.539467 0.542516
vt 0.547997 0.536558
vt 0.525022 0.526576
vt 0.533654 0.521620
vt 0.614495 0.071767
vt 0.610131 0.046649
vt 0.620951 0.044740
vt 0.624580 0.069684
vt 0.554292 0.528531
vt 0.631896 0.044278
vt 0.635216 0.068852
vt 0.558924 0.519809
vt 0.641355 0.046283
vt 0.647491 0.068696
vt 0.576991 0.521664
vt 0.559750 0.500138
vt 0.572507 0.490875
vt 0.587060 0.517049
vt 0.593082 0.484348
vt 0.602474 0.513133
vt 0.615375 0.482025
vt 0.620126 0.510736
vt 0.632409 0.481328
vt 0.611184 0.454203
vt 0.630496 0.453626
vt 0.643236 0.453060
vt 0.644460 0.480769
vt 0.629327 0.426533
vt 0.642941 0.426061
vt 0.130522 0.174158
vt 0.128652 0.201024
vt 0.115096 0.199887
vt 0.125361 0.227380
vt 0.112081 0.225996
vt 0.096481 0.224707
vt 0.081338 0.223747
vt 0.119246 0.252007
vt 0.130088 0.254435
vt 0.122628 0.275415
vt 0.112907 0.271663
vt 0.385227 0.092769
vt 0.382839 0.074030
vt 0.397582 0.063068
vt 0.397582 0.088202
vt 0.117403 0.296262
vt 0.110323 0.294067
vt 0.287868 0.017987
vt 0.295050 0.019283
vt 0.295347 0.043230
vt 0.287868 0.043545
vt 0.108508 0.319532
vt 0.101058 0.318559
vt 0.091833 0.317488
vt 0.107575 0.345626
vt 0.099038 0.346601
vt 0.089111 0.345758
vt 0.079704 0.343148
vt 0.081131 0.316673
vt 0.098093 0.370245
vt 0.084388 0.369217
vt 0.074756 0.368578
vt 0.000897 0.787436
vt 0.002524 0.779322
vt 0.027294 0.787531
vt 0.023756 0.796659
vt 0.082379 0.394106
vt 0.074030 0.394916
vt 0.066830 0.395875
vt 0.067252 0.368687
vt 0.059693 0.395537
vt 0.060856 0.368251
vt 0.073908 0.420845
vt 0.065586 0.421645
vt 0.058012 0.421286
vt 0.014284 0.069283
vt 0.023291 0.067874
vt 0.028361 0.093728
vt 0.019104 0.094634
vt 0.065446 0.447158
vt 0.057096 0.446732
vt 0.008817 0.044437
vt 0.016106 0.042774
vt 0.024791 0.040006
vt 0.032027 0.065862
vt 0.051937 0.446468
vt 0.057310 0.469202
vt 0.049429 0.469071
vt 0.008764 0.021085
vt 0.016951 0.016398
vt 0.045142 0.471662
vt 0.036614 0.473291
vt 0.039535 0.446753
vt 0.048070 0.447106
vt 0.001511 0.002810
vt 0.005774 0.000412
vt 0.042544 0.489443
vt 0.034890 0.493595
vt 0.026441 0.496132
vt 0.027102 0.474446
vt 0.043667 0.506245
vt 0.035983 0.506755
vt 0.027318 0.508322
vt 0.019638 0.510029
vt 0.019117 0.498299
vt 0.035819 0.522811
vt 0.027234 0.523270
vt 0.019016 0.523237
vt 0.012519 0.523498
vt 0.013215 0.510811
vt 0.025834 0.544089
vt 0.017849 0.543359
vt 0.011509 0.542907
vt 0.006065 0.542533
vt 0.006895 0.523579
vt 0.017499 0.566407
vt 0.011315 0.565782
vt 0.005793 0.565074
vt 0.288857 0.698379
vt 0.288850 0.692287
vt 0.308995 0.689118
vt 0.309585 0.694926
vt 0.011946 0.589044
vt 0.005983 0.588325
vt 0.266987 0.701492
vt 0.267354 0.696198
vt 0.026431 0.727186
vt 0.028080 0.722002
vt 0.051109 0.724057
vt 0.049594 0.729519
vt 0.248882 0.704288
vt 0.250094 0.699410
vt 0.008098 0.724900
vt 0.010617 0.720371
vt 0.012715 0.715045
vt 0.029614 0.715922
vt 0.250452 0.694132
vt 0.002111 0.718673
vt 0.002422 0.714448
vt 0.030979 0.709607
vt 0.053903 0.711927
vt 0.052498 0.718078
vt 0.013985 0.709047
vt 0.248435 0.684420
vt 0.248551 0.678576
vt 0.263472 0.676312
vt 0.263646 0.681099
vt 0.004942 0.709062
vt 0.240604 0.685364
vt 0.241108 0.679154
vt 0.188786 0.375823
vt 0.194920 0.377230
vt 0.193813 0.385996
vt 0.187149 0.384229
vt 0.234723 0.686732
vt 0.235013 0.680318
vt 0.188161 0.369538
vt 0.194255 0.370206
vt 0.202013 0.377334
vt 0.185806 0.364937
vt 0.191009 0.365581
vt 0.197713 0.344574
vt 0.204754 0.344775
vt 0.206121 0.360976
vt 0.739656 0.915123
vt 0.733232 0.918776
vt 0.730341 0.909379
vt 0.733833 0.907168
vt 0.742153 0.931674
vt 0.734736 0.931242
vt 0.739275 0.945019
vt 0.733421 0.943743
vt 0.203542 0.331225
vt 0.196568 0.330714
vt 0.186028 0.341256
vt 0.188448 0.329624
vt 0.973354 0.996652
vt 0.961849 0.999635
vt 0.960907 0.990165
vt 0.971744 0.989225
vt 0.184328 0.354378
vt 0.729025 0.898708
vt 0.733980 0.897166
vt 0.786875 0.055754
vt 0.786358 0.065743
vt 0.780125 0.067370
vt 0.781213 0.058284
vt 0.782177 0.053202
vt 0.786402 0.051833
vt 0.785601 0.050558
vt 0.774670 0.059652
vt 0.775817 0.054166
vt 0.766050 0.060510
vt 0.767038 0.054415
vt 0.750966 0.061861
vt 0.751567 0.055394
vt 0.752068 0.049339
vt 0.752506 0.043332
vt 0.728566 0.057935
vt 0.728149 0.051358
vt 0.728006 0.045043
vt 0.297737 0.465705
vt 0.298427 0.461203
vt 0.323201 0.461723
vt 0.322258 0.465584
vt 0.709487 0.055570
vt 0.707664 0.049068
vt 0.277048 0.465739
vt 0.276850 0.460876
vt 0.278846 0.455938
vt 0.298901 0.456033
vt 0.266984 0.465504
vt 0.262763 0.461250
vt 0.125820 0.295347
vt 0.124119 0.280572
vt 0.131081 0.281817
vt 0.132527 0.294301
vt 0.295841 0.369134
vt 0.289259 0.374588
vt 0.279904 0.369506
vt 0.283644 0.362161
vt 0.126949 0.269335
vt 0.132527 0.272540
vt 0.275500 0.377325
vt 0.260615 0.372652
vt 0.262514 0.365898
vt 0.263794 0.359310
vt 0.282974 0.381642
vt 0.275120 0.389793
vt 0.279799 0.394613
vt 0.284486 0.399962
vt 0.269204 0.413440
vt 0.264845 0.406763
vt 0.261105 0.400751
vt 0.245623 0.422468
vt 0.241445 0.413491
vt 0.219976 0.425999
vt 0.217822 0.405157
vt 0.206433 0.428779
vt 0.206328 0.405012
vt 0.208140 0.387461
vt 0.218314 0.387427
vt 0.210073 0.376512
vt 0.219779 0.375741
vt 0.237402 0.368760
vt 0.238169 0.361720
vt 0.239144 0.356209
vt 0.323733 0.456821
vt 0.200602 0.387008
vt 0.198747 0.403638
vt 0.192043 0.402103
vt 0.197707 0.427067
vt 0.190858 0.425244
vt 0.184802 0.423926
vt 0.185626 0.400803
vt 0.190522 0.446171
vt 0.184046 0.444455
vt 0.284649 0.672612
vt 0.303295 0.669065
vt 0.303603 0.674454
vt 0.284890 0.677534
vt 0.316051 0.666777
vt 0.317624 0.672435
vt 0.074513 0.713315
vt 0.089792 0.714680
vt 0.089437 0.721218
vt 0.073414 0.719809
vt 0.089406 0.727452
vt 0.072425 0.726030
vt 0.089469 0.732880
vt 0.071454 0.731571
vt 0.103083 0.729157
vt 0.102960 0.733892
vt 0.325375 0.686665
vt 0.337634 0.685053
vt 0.338416 0.690661
vt 0.326835 0.692273
vt 0.353267 0.685784
vt 0.352717 0.692228
vt 0.352685 0.699025
vt 0.338301 0.695787
vt 0.008047 0.510638
vt 0.378092 0.696110
vt 0.378383 0.704288
vt 0.012175 0.498813
vt 0.010475 0.477017
vt 0.018668 0.475795
vt 0.010539 0.447278
vt 0.019850 0.446355
vt 0.029722 0.446214
vt 0.020808 0.418883
vt 0.031556 0.419032
vt 0.041735 0.419839
vt 0.032777 0.391891
vt 0.043582 0.392691
vt 0.053239 0.393675
vt 0.050901 0.420458
vt 0.044548 0.365192
vt 0.054744 0.366072
vt 0.037543 0.092174
vt 0.041675 0.119543
vt 0.032089 0.120793
vt 0.045534 0.147836
vt 0.036348 0.148916
vt 0.023891 0.150629
vt 0.021830 0.121946
vt 0.038721 0.176718
vt 0.027815 0.176673
vt 0.030173 0.775777
vt 0.054638 0.776026
vt 0.051079 0.793038
vt 0.062662 0.339804
vt 0.072238 0.340889
vt 0.079092 0.775260
vt 0.075456 0.793181
vt 0.074223 0.804631
vt 0.048794 0.803949
vt 0.093822 0.801739
vt 0.030377 0.203352
vt 0.039151 0.203122
vt 0.374587 0.048243
vt 0.365285 0.049224
vt 0.365285 0.033454
vt 0.374863 0.029583
vt 0.047331 0.176924
vt 0.046845 0.203444
vt 0.054293 0.308530
vt 0.043522 0.307531
vt 0.042261 0.281734
vt 0.053107 0.282492
vt 0.055032 0.337521
vt 0.044387 0.336694
vt 0.032574 0.336170
vt 0.031603 0.306663
vt 0.033213 0.364533
vt 0.021150 0.363935
vt 0.020707 0.335424
vt 0.021117 0.391572
vt 0.010063 0.391840
vt 0.009893 0.363498
vt 0.010429 0.419595
vt 0.001563 0.420481
vt 0.000844 0.392297
vt 0.002743 0.447978
vt 0.243993 0.451734
vt 0.243129 0.443117
vt 0.269013 0.443765
vt 0.270004 0.453152
vt 0.406038 0.693760
vt 0.407048 0.701893
vt 0.162993 0.767925
vt 0.134931 0.760994
vt 0.137579 0.752683
vt 0.163530 0.759596
vt 0.140580 0.743251
vt 0.164344 0.749590
vt 0.114377 0.745468
vt 0.117570 0.739966
vt 0.119762 0.733949
vt 0.120137 0.726951
vt 0.142006 0.732424
vt 0.103171 0.723316
vt 0.103312 0.716170
vt 0.119629 0.718991
vt 0.345690 0.670135
vt 0.343591 0.664023
vt 0.364271 0.660322
vt 0.367449 0.666215
vt 0.141746 0.723503
vt 0.330124 0.671145
vt 0.328004 0.665010
vt 0.181460 0.472094
vt 0.189293 0.471352
vt 0.188490 0.487042
vt 0.180625 0.488310
vt 0.182353 0.459002
vt 0.189546 0.459835
vt 0.198078 0.460070
vt 0.197695 0.470656
vt 0.198331 0.447798
vt 0.210645 0.483296
vt 0.197572 0.485336
vt 0.211331 0.502104
vt 0.197872 0.505956
vt 0.188828 0.508344
vt 0.199413 0.530910
vt 0.190110 0.533018
vt 0.182587 0.534569
vt 0.181243 0.510240
vt 0.191501 0.559904
vt 0.183440 0.560867
vt 0.165340 0.719863
vt 0.191559 0.722031
vt 0.191675 0.730755
vt 0.165542 0.727572
vt 0.141121 0.717245
vt 0.191167 0.741001
vt 0.165229 0.737809
vt 0.190686 0.752264
vt 0.218946 0.743058
vt 0.218705 0.754275
vt 0.218709 0.764371
vt 0.190418 0.762450
vt 0.246772 0.754362
vt 0.247162 0.764776
vt 0.295668 0.444353
vt 0.321680 0.444772
vt 0.322557 0.454380
vt 0.296293 0.454020
vt 0.347056 0.443117
vt 0.348358 0.452947
vt 0.000844 0.363633
vt 0.001376 0.334730
vt 0.009998 0.334682
vt 0.474756 0.494062
vt 0.482778 0.498828
vt 0.479043 0.523914
vt 0.469868 0.520273
vt 0.008971 0.305288
vt 0.019678 0.305594
vt 0.006486 0.279654
vt 0.017276 0.279673
vt 0.030189 0.280810
vt 0.015164 0.265187
vt 0.028260 0.266144
vt 0.041048 0.265720
vt 0.026913 0.256393
vt 0.040132 0.255522
vt 0.051882 0.253298
vt 0.052362 0.264288
vt 0.038995 0.247976
vt 0.049257 0.246791
vt 0.348358 0.176072
vt 0.341108 0.172020
vt 0.340499 0.164196
vt 0.348358 0.164672
vt 0.046251 0.233198
vt 0.046398 0.222015
vt 0.634639 0.675407
vt 0.643704 0.674511
vt 0.641263 0.679782
vt 0.633022 0.681040
vt 0.620126 0.682204
vt 0.621612 0.676447
vt 0.201710 0.134001
vt 0.202828 0.120863
vt 0.208257 0.125631
vt 0.208257 0.138207
vt 0.599822 0.682102
vt 0.600402 0.676038
vt 0.048565 0.167166
vt 0.053011 0.170392
vt 0.618225 0.689222
vt 0.599303 0.689131
vt 0.585777 0.688535
vt 0.585159 0.681915
vt 0.584188 0.676777
vt 0.575775 0.687674
vt 0.576096 0.681021
vt 0.576438 0.675928
vt 0.173906 0.643136
vt 0.173223 0.649760
vt 0.158599 0.648479
vt 0.157417 0.640967
vt 0.155817 0.634249
vt 0.174179 0.638059
vt 0.060584 0.039599
vt 0.060584 0.058235
vt 0.058159 0.064370
vt 0.054181 0.042422
vt 0.152467 0.627510
vt 0.169561 0.630896
vt 0.143920 0.640609
vt 0.140610 0.634070
vt 0.145756 0.647893
vt 0.766752 0.822316
vt 0.773722 0.819961
vt 0.774446 0.830858
vt 0.766907 0.834927
vt 0.760473 0.838790
vt 0.760730 0.825158
vt 0.766152 0.848765
vt 0.760829 0.853622
vt 0.180950 0.082929
vt 0.179274 0.097716
vt 0.171393 0.102529
vt 0.173417 0.087293
vt 0.182483 0.072365
vt 0.185538 0.069429
vt 0.238050 0.297617
vt 0.246122 0.298221
vt 0.237315 0.307246
vt 0.229609 0.308104
vt 0.180067 0.111975
vt 0.173678 0.116507
vt 0.185538 0.121045
vt 0.180699 0.124954
vt 0.004144 0.253734
vt 0.014122 0.255257
vt 0.004506 0.263873
vt 0.358747 0.752413
vt 0.348264 0.756563
vt 0.470824 0.559401
vt 0.469234 0.544237
vt 0.479319 0.547252
vt 0.482778 0.564188
vt 0.331655 0.755345
vt 0.330731 0.745552
vt 0.305312 0.764561
vt 0.303970 0.755387
vt 0.303699 0.745625
vt 0.276333 0.770552
vt 0.275970 0.762060
vt 0.274948 0.751139
vt 0.275284 0.740931
vt 0.305004 0.737470
vt 0.247138 0.742852
vt 0.247914 0.733253
vt 0.276912 0.732061
vt 0.219442 0.733148
vt 0.079129 0.002899
vt 0.086727 0.001855
vt 0.087089 0.028827
vt 0.079129 0.028992
vt 0.219634 0.725669
vt 0.186563 0.617917
vt 0.194803 0.618057
vt 0.196266 0.648067
vt 0.187828 0.647620
vt 0.087046 0.056797
vt 0.080084 0.055209
vt 0.185472 0.589109
vt 0.193154 0.588550
vt 0.202849 0.587626
vt 0.204650 0.618298
vt 0.200957 0.558306
vt 0.213908 0.555929
vt 0.216139 0.586189
vt 0.212520 0.527571
vt 0.235689 0.521972
vt 0.236383 0.551992
vt 0.263643 0.546676
vt 0.266824 0.577158
vt 0.239636 0.582925
vt 0.262957 0.515902
vt 0.290857 0.510886
vt 0.291130 0.540645
vt 0.291990 0.490358
vt 0.320871 0.492327
vt 0.319576 0.508245
vt 0.291988 0.475679
vt 0.322506 0.481705
vt 0.350118 0.494939
vt 0.294251 0.472012
vt 0.323783 0.472579
vt 0.669440 0.160624
vt 0.698993 0.159895
vt 0.699203 0.167559
vt 0.670576 0.169964
vt 0.700490 0.177468
vt 0.671899 0.179007
vt 0.642879 0.182133
vt 0.618109 0.187914
vt 0.673325 0.190780
vt 0.644983 0.192678
vt 0.619031 0.196330
vt 0.595511 0.198020
vt 0.596070 0.191401
vt 0.646670 0.208241
vt 0.619780 0.208514
vt 0.594557 0.208228
vt 0.580227 0.206064
vt 0.582818 0.195524
vt 0.619890 0.228698
vt 0.593361 0.225188
vt 0.579311 0.222854
vt 0.592036 0.249962
vt 0.579005 0.247774
vt 0.571658 0.246775
vt 0.571440 0.221802
vt 0.571695 0.203137
vt 0.564589 0.221593
vt 0.565073 0.202185
vt 0.558054 0.221376
vt 0.565021 0.246134
vt 0.558276 0.245723
vt 0.551570 0.245498
vt 0.551442 0.221351
vt 0.163259 0.014299
vt 0.187404 0.014645
vt 0.187277 0.020275
vt 0.163291 0.019709
vt 0.187290 0.026929
vt 0.163322 0.026275
vt 0.143972 0.026541
vt 0.140616 0.151173
vt 0.141766 0.169043
vt 0.135060 0.168726
vt 0.134157 0.150968
vt 0.443967 0.513631
vt 0.437914 0.514561
vt 0.439154 0.533342
vt 0.432465 0.533592
vt 0.431401 0.515015
vt 0.428676 0.503629
vt 0.424530 0.515498
vt 0.421258 0.503845
vt 0.420458 0.495323
vt 0.425797 0.494584
vt 0.416045 0.517446
vt 0.413069 0.506998
vt 0.399023 0.510849
vt 0.400691 0.521537
vt 0.374752 0.525294
vt 0.374324 0.510246
vt 0.375405 0.499923
vt 0.347948 0.508096
vt 0.347605 0.529116
vt 0.319608 0.534490
vt 0.350071 0.554811
vt 0.322504 0.562211
vt 0.294612 0.569900
vt 0.327478 0.586862
vt 0.300828 0.595877
vt 0.273537 0.605104
vt 0.305475 0.609863
vt 0.279161 0.620622
vt 0.252048 0.631779
vt 0.245418 0.612967
vt 0.225519 0.641975
vt 0.219480 0.617373
vt 0.206825 0.646806
vt 0.231410 0.654450
vt 0.210388 0.666358
vt 0.197322 0.672825
vt 0.214729 0.674505
vt 0.201575 0.688038
vt 0.192628 0.694891
vt 0.188671 0.674897
vt 0.181371 0.675324
vt 0.182489 0.646752
vt 0.318066 0.118091
vt 0.318066 0.140100
vt 0.312598 0.139689
vt 0.312121 0.117964
vt 0.305661 0.730489
vt 0.207523 0.694945
vt 0.197830 0.706049
vt 0.784619 0.025031
vt 0.770378 0.026958
vt 0.768263 0.020620
vt 0.784030 0.018469
vt 0.769034 0.012235
vt 0.784803 0.011622
vt 0.797366 0.010323
vt 0.806194 0.402598
vt 0.795515 0.395845
vt 0.800894 0.389829
vt 0.810176 0.394926
vt 0.817698 0.398509
vt 0.815905 0.406267
vt 0.811864 0.410835
vt 0.802249 0.406254
vt 0.813973 0.440163
vt 0.818409 0.432341
vt 0.828950 0.436021
vt 0.825202 0.445031
vt 0.819930 0.451357
vt 0.809667 0.444810
vt 0.367817 0.472632
vt 0.363854 0.464424
vt 0.379771 0.457794
vt 0.385559 0.467101
vt 0.840602 0.450826
vt 0.837602 0.458792
vt 0.389332 0.474166
vt 0.401621 0.461103
vt 0.406477 0.468634
vt 0.410336 0.472951
vt 0.392574 0.480355
vt 0.834462 0.465739
vt 0.811754 0.454605
vt 0.177669 0.261268
vt 0.177669 0.244638
vt 0.185538 0.244075
vt 0.180974 0.260549
vt 0.001041 0.022071
vt 0.007573 0.022461
vt 0.006476 0.044130
vt 0.001041 0.053011
vt 0.410826 0.457991
vt 0.415646 0.466295
vt 0.280201 0.018702
vt 0.280201 0.025131
vt 0.271759 0.028399
vt 0.272533 0.019226
vt 0.395076 0.450664
vt 0.403386 0.445854
vt 0.410688 0.440827
vt 0.417439 0.455847
vt 0.422800 0.464992
vt 0.389685 0.427208
vt 0.396162 0.422391
vt 0.763937 0.699588
vt 0.760741 0.723012
vt 0.753053 0.722288
vt 0.755104 0.696918
vt 0.743735 0.721720
vt 0.740825 0.696298
vt 0.738995 0.675950
vt 0.727419 0.700080
vt 0.733327 0.724016
vt 0.726077 0.727355
vt 0.717414 0.703243
vt 0.414447 0.403324
vt 0.408527 0.411842
vt 0.390008 0.389139
vt 0.395969 0.385618
vt 0.402437 0.380193
vt 0.384202 0.369720
vt 0.389387 0.365198
vt 0.392359 0.362270
vt 0.753082 0.749941
vt 0.760359 0.750287
vt 0.760337 0.778021
vt 0.753667 0.777658
vt 0.759531 0.806523
vt 0.754887 0.805828
vt 0.746591 0.804553
vt 0.757642 0.832268
vt 0.752544 0.833029
vt 0.355558 0.350938
vt 0.338894 0.327915
vt 0.342840 0.322672
vt 0.361576 0.343150
vt 0.348465 0.315603
vt 0.368439 0.334542
vt 0.386580 0.350683
vt 0.375720 0.326856
vt 0.354452 0.309412
vt 0.361083 0.303535
vt 0.382884 0.319771
vt 0.337544 0.285063
vt 0.344216 0.280546
vt 0.366891 0.297938
vt 0.387564 0.314997
vt 0.312615 0.265176
vt 0.318717 0.261313
vt 0.322725 0.257650
vt 0.347985 0.276019
vt 0.326412 0.252044
vt 0.351099 0.270617
vt 0.330627 0.246428
vt 0.303192 0.232118
vt 0.308334 0.227410
vt 0.320081 0.218534
vt 0.288529 0.207558
vt 0.299439 0.199813
vt 0.310806 0.190772
vt 0.280679 0.181121
vt 0.290910 0.172512
vt 0.300759 0.163601
vt 0.321436 0.183475
vt 0.309837 0.155980
vt 0.284599 0.146129
vt 0.292969 0.138179
vt 0.301021 0.130834
vt 0.318913 0.148508
vt 0.271477 0.130628
vt 0.278800 0.123892
vt 0.285764 0.117287
vt 0.266012 0.111374
vt 0.290292 0.112988
vt 0.315585 0.877722
vt 0.259847 0.117721
vt 0.251709 0.108536
vt 0.258104 0.101757
vt 0.265795 0.086947
vt 0.243843 0.114708
vt 0.252445 0.123712
vt 0.241719 0.132799
vt 0.234068 0.122186
vt 0.262492 0.138265
vt 0.252136 0.146866
vt 0.242560 0.154044
vt 0.231646 0.140517
vt 0.275071 0.154719
vt 0.265033 0.163265
vt 0.255737 0.170624
vt 0.250146 0.174934
vt 0.235666 0.158598
vt 0.270774 0.188672
vt 0.265792 0.192543
vt 0.503604 0.004775
vt 0.503330 0.009808
vt 0.479772 0.008671
vt 0.480196 0.003062
vt 0.282674 0.211869
vt 0.278397 0.215260
vt 0.261782 0.195876
vt 0.273602 0.218511
vt 0.256547 0.199491
vt 0.299069 0.236333
vt 0.294625 0.239877
vt 0.289287 0.242816
vt 0.268352 0.221564
vt 0.263152 0.223922
vt 0.245130 0.205038
vt 0.250701 0.202772
vt 0.282647 0.245156
vt 0.276174 0.246897
vt 0.256656 0.226757
vt 0.247659 0.231831
vt 0.229728 0.212412
vt 0.239133 0.207432
vt 0.267093 0.251701
vt 0.253412 0.259916
vt 0.235416 0.238797
vt 0.286821 0.273884
vt 0.271996 0.281612
vt 0.258297 0.289245
vt 0.239707 0.266084
vt 0.300679 0.292739
vt 0.289410 0.299646
vt 0.276354 0.308994
vt 0.265508 0.316190
vt 0.246294 0.295231
vt 0.305666 0.316903
vt 0.294633 0.326321
vt 0.283571 0.335167
vt 0.275142 0.340951
vt 0.255996 0.320586
vt 0.314395 0.345748
vt 0.301806 0.355730
vt 0.292382 0.362736
vt 0.839219 0.311623
vt 0.831560 0.311654
vt 0.829625 0.282660
vt 0.837368 0.283884
vt 0.320115 0.376158
vt 0.310304 0.384691
vt 0.840602 0.339906
vt 0.831784 0.340480
vt 0.823407 0.340771
vt 0.823657 0.311832
vt 0.840060 0.367901
vt 0.830556 0.368799
vt 0.822072 0.369760
vt 0.817008 0.335965
vt 0.810240 0.336596
vt 0.811630 0.307286
vt 0.817173 0.306993
vt 0.827990 0.395815
vt 0.819668 0.395893
vt 0.816139 0.362064
vt 0.808637 0.361854
vt 0.799137 0.359115
vt 0.800725 0.336972
vt 0.813966 0.382680
vt 0.805771 0.379466
vt 0.795523 0.372642
vt 0.779663 0.359761
vt 0.783624 0.351288
vt 0.790287 0.379833
vt 0.775851 0.365937
vt 0.755763 0.354946
vt 0.759287 0.347608
vt 0.784059 0.384708
vt 0.772584 0.370728
vt 0.752560 0.360978
vt 0.728363 0.348384
vt 0.731193 0.343381
vt 0.729587 0.013043
vt 0.751712 0.014403
vt 0.751900 0.021430
vt 0.729509 0.020895
vt 0.702172 0.018567
vt 0.702389 0.011471
vt 0.674865 0.016376
vt 0.675160 0.009596
vt 0.266384 0.660975
vt 0.242531 0.674315
vt 0.239441 0.667980
vt 0.263822 0.655499
vt 0.288904 0.643318
vt 0.291118 0.648923
vt 0.314010 0.631792
vt 0.316000 0.637255
vt 0.260360 0.648775
vt 0.285957 0.636660
vt 0.311450 0.625333
vt 0.336251 0.614913
vt 0.338578 0.621520
vt 0.283072 0.630033
vt 0.308790 0.618723
vt 0.333926 0.608380
vt 0.359055 0.599672
vt 0.360892 0.605958
vt 0.331128 0.599908
vt 0.356847 0.591651
vt 0.382624 0.584656
vt 0.384339 0.592578
vt 0.353874 0.578587
vt 0.380292 0.570798
vt 0.404726 0.564492
vt 0.405379 0.580678
vt 0.377160 0.547266
vt 0.402974 0.539568
vt 0.417490 0.535445
vt 0.417421 0.561441
vt 0.425552 0.559548
vt 0.425501 0.578810
vt 0.417215 0.579601
vt 0.425759 0.534028
vt 0.432688 0.558349
vt 0.439654 0.557531
vt 0.440153 0.577448
vt 0.432884 0.578048
vt 0.439999 0.592876
vt 0.433043 0.592344
vt 0.438693 0.606110
vt 0.432919 0.604298
vt 0.436870 0.617003
vt 0.134460 0.236200
vt 0.140997 0.237507
vt 0.135135 0.224336
vt 0.141994 0.225115
vt 0.223647 0.028318
vt 0.223936 0.021304
vt 0.238219 0.022274
vt 0.237681 0.028319
vt 0.135230 0.210065
vt 0.141885 0.210295
vt 0.207342 0.028399
vt 0.207387 0.020826
vt 0.207657 0.014862
vt 0.223530 0.016084
vt 0.551600 0.281652
vt 0.558708 0.280202
vt 0.553050 0.294869
vt 0.236675 0.018448
vt 0.551400 0.265749
vt 0.558314 0.265960
vt 0.564880 0.266152
vt 0.565329 0.278603
vt 0.571369 0.277255
vt 0.571368 0.266103
vt 0.578649 0.265780
vt 0.578884 0.275357
vt 0.591388 0.265291
vt 0.591081 0.273711
vt 0.590970 0.279597
vt 0.579493 0.281328
vt 0.591005 0.285338
vt 0.579445 0.285792
vt 0.590987 0.289697
vt 0.579694 0.289649
vt 0.590915 0.293736
vt 0.581026 0.292901
vt 0.024612 0.165759
vt 0.024612 0.174179
vt 0.020405 0.174057
vt 0.022165 0.166261
vt 0.582210 0.294935
vt 0.577071 0.300971
vt 0.041509 0.036677
vt 0.043545 0.043408
vt 0.038985 0.045438
vt 0.038985 0.037169
vt 0.040065 0.027817
vt 0.041915 0.028900
vt 0.557999 0.004537
vt 0.557487 0.000475
vt 0.573199 0.002145
vt 0.572818 0.007682
vt 0.570875 0.012090
vt 0.556181 0.008675
vt 0.387361 0.605563
vt 0.387854 0.610021
vt 0.363851 0.616867
vt 0.362833 0.612405
vt 0.385937 0.599221
vt 0.340329 0.627248
vt 0.621911 0.012875
vt 0.596533 0.010141
vt 0.597225 0.004485
vt 0.622392 0.006785
vt 0.648101 0.008234
vt 0.647698 0.014928
vt 0.678227 0.325875
vt 0.653989 0.315912
vt 0.656471 0.311270
vt 0.680839 0.321053
vt 0.706020 0.331868
vt 0.703325 0.336970
vt 0.683677 0.314727
vt 0.709044 0.325207
vt 0.734664 0.336295
vt 0.711863 0.318594
vt 0.737899 0.329292
vt 0.762518 0.340216
vt 0.741561 0.319401
vt 0.766594 0.328479
vt 0.787448 0.334700
vt 0.772290 0.306413
vt 0.790918 0.307773
vt 0.802201 0.307573
vt 0.793927 0.277821
vt 0.804108 0.277987
vt 0.812432 0.278029
vt 0.805810 0.247466
vt 0.813326 0.247002
vt 0.819777 0.245818
vt 0.817577 0.278061
vt 0.808880 0.216010
vt 0.811765 0.207784
vt 0.822721 0.279581
vt 0.820975 0.241629
vt 0.827361 0.251538
vt 0.803531 0.219785
vt 0.794491 0.219984
vt 0.792413 0.200360
vt 0.799591 0.204294
vt 0.805736 0.203088
vt 0.795736 0.247398
vt 0.779264 0.247578
vt 0.779191 0.220224
vt 0.776881 0.277309
vt 0.751388 0.275502
vt 0.754413 0.246411
vt 0.746061 0.302327
vt 0.719188 0.296371
vt 0.725139 0.272447
vt 0.715121 0.309811
vt 0.689324 0.300467
vt 0.692903 0.288778
vt 0.686362 0.308350
vt 0.661621 0.298654
vt 0.664212 0.291594
vt 0.659101 0.304929
vt 0.634856 0.295963
vt 0.637085 0.290004
vt 0.632458 0.302079
vt 0.608666 0.293645
vt 0.610722 0.288157
vt 0.630274 0.306240
vt 0.606609 0.298483
vt 0.612599 0.282509
vt 0.614276 0.276608
vt 0.639353 0.283430
vt 0.615956 0.268637
vt 0.641984 0.274092
vt 0.667377 0.281077
vt 0.644867 0.258147
vt 0.671457 0.262388
vt 0.698487 0.267357
vt 0.674834 0.235717
vt 0.702556 0.240068
vt 0.728855 0.243944
vt 0.703093 0.212281
vt 0.729318 0.216384
vt 0.754910 0.219243
vt 0.729008 0.192692
vt 0.754160 0.195674
vt 0.777958 0.198868
vt 0.753779 0.176575
vt 0.775320 0.180366
vt 0.788261 0.182396
vt 0.755665 0.162917
vt 0.773816 0.166108
vt 0.784622 0.167346
vt 0.773364 0.153364
vt 0.782839 0.154515
vt 0.792459 0.155502
vt 0.794704 0.168105
vt 0.797679 0.183275
vt 0.739535 0.795023
vt 0.741495 0.807750
vt 0.726959 0.784015
vt 0.736327 0.779654
vt 0.779842 0.140573
vt 0.791556 0.141793
vt 0.742153 0.821516
vt 0.733577 0.820881
vt 0.724090 0.820523
vt 0.740851 0.837918
vt 0.734044 0.837389
vt 0.724786 0.836487
vt 0.713196 0.838105
vt 0.708727 0.825212
vt 0.732534 0.858113
vt 0.724214 0.857359
vt 0.715329 0.857077
vt 0.699766 0.860597
vt 0.693239 0.847479
vt 0.723210 0.881231
vt 0.715753 0.881339
vt 0.704687 0.883300
vt 0.684564 0.891303
vt 0.676521 0.874468
vt 0.716550 0.901116
vt 0.707250 0.903188
vt 0.690159 0.909164
vt 0.667148 0.919428
vt 0.661460 0.906128
vt 0.708992 0.915981
vt 0.693066 0.920452
vt 0.670139 0.928910
vt 0.646571 0.939024
vt 0.643874 0.931528
vt 0.695180 0.928942
vt 0.672288 0.936731
vt 0.648884 0.946323
vt 0.626635 0.955487
vt 0.624404 0.948626
vt 0.674250 0.944068
vt 0.650669 0.953162
vt 0.627774 0.960821
vt 0.020620 0.219043
vt 0.020841 0.202236
vt 0.025747 0.202924
vt 0.026505 0.219617
vt 0.013945 0.109201
vt 0.016166 0.131928
vt 0.008433 0.131763
vt 0.007334 0.108847
vt 0.006682 0.091424
vt 0.013216 0.091941
vt 0.006219 0.081545
vt 0.012888 0.082102
vt 0.001467 0.107780
vt 0.001304 0.090703
vt 0.001170 0.080898
vt 0.001089 0.073152
vt 0.005935 0.074284
vt 0.987347 0.853925
vt 0.985329 0.863887
vt 0.979530 0.862748
vt 0.981882 0.852882
vt 0.983291 0.845049
vt 0.988914 0.846057
vt 0.983942 0.838126
vt 0.975721 0.851928
vt 0.976476 0.844626
vt 0.976523 0.838161
vt 0.968086 0.845243
vt 0.967332 0.839169
vt 0.966611 0.833221
vt 0.976201 0.832625
vt 0.983952 0.832232
vt 0.325263 0.439234
vt 0.317526 0.438829
vt 0.317705 0.433013
vt 0.307914 0.438850
vt 0.308110 0.432317
vt 0.308604 0.425180
vt 0.318155 0.426838
vt 0.576174 0.954354
vt 0.577748 0.944739
vt 0.582555 0.944646
vt 0.581460 0.954473
vt 0.587517 0.944547
vt 0.586683 0.954153
vt 0.586500 0.961767
vt 0.592275 0.953444
vt 0.592634 0.960501
vt 0.593506 0.967028
vt 0.586766 0.968476
vt 0.026078 0.180015
vt 0.025879 0.186137
vt 0.021448 0.185741
vt 0.020620 0.179547
vt 0.587117 0.972895
vt 0.580105 0.973130
vt 0.025550 0.193458
vt 0.021174 0.192751
vt 0.012753 0.074890
vt 0.600720 0.964803
vt 0.599729 0.958422
vt 0.608807 0.955014
vt 0.610131 0.961556
vt 0.599044 0.951843
vt 0.607727 0.948737
vt 0.622255 0.942325
vt 0.639433 0.921951
vt 0.633025 0.911168
vt 0.653846 0.892927
vt 0.627592 0.903586
vt 0.648309 0.885121
vt 0.670055 0.865293
vt 0.644076 0.879875
vt 0.665578 0.860145
vt 0.687669 0.840940
vt 0.660826 0.854955
vt 0.682174 0.836147
vt 0.703433 0.818546
vt 0.676479 0.831184
vt 0.700620 0.811605
vt 0.045105 0.124954
vt 0.047026 0.098413
vt 0.054524 0.100126
vt 0.054904 0.121770
vt 0.691734 0.810003
vt 0.709982 0.791433
vt 0.718679 0.794092
vt 0.068351 0.302920
vt 0.070515 0.278480
vt 0.078103 0.277596
vt 0.076044 0.300290
vt 0.310493 0.126049
vt 0.302402 0.128741
vt 0.302402 0.106613
vt 0.308171 0.106544
vt 0.836075 0.955095
vt 0.854376 0.936893
vt 0.860325 0.942555
vt 0.587977 0.107791
vt 0.596994 0.110845
vt 0.598267 0.133361
vt 0.588323 0.134314
vt 0.878084 0.920733
vt 0.884098 0.926446
vt 0.866366 0.948268
vt 0.872893 0.915968
vt 0.891786 0.893742
vt 0.896363 0.897402
vt 0.078215 0.252422
vt 0.071230 0.253158
vt 0.070900 0.226698
vt 0.077376 0.225996
vt 0.071025 0.201659
vt 0.076095 0.200435
vt 0.052816 0.052152
vt 0.053749 0.076920
vt 0.047371 0.075238
vt 0.046737 0.050746
vt 0.046311 0.027957
vt 0.051962 0.028918
vt 0.045105 0.004184
vt 0.051422 0.003491
vt 0.615485 0.888930
vt 0.635135 0.869908
vt 0.639662 0.874718
vt 0.619470 0.893397
vt 0.600069 0.911563
vt 0.595720 0.907521
vt 0.589634 0.930957
vt 0.584468 0.929453
vt 0.623476 0.898309
vt 0.604540 0.915951
vt 0.595213 0.932818
vt 0.592933 0.944557
vt 0.579359 0.928660
vt 0.591375 0.904169
vt 0.292315 0.424716
vt 0.291839 0.432352
vt 0.265654 0.433840
vt 0.266341 0.427495
vt 0.292249 0.438652
vt 0.268306 0.439234
vt 0.073858 0.173877
vt 0.080183 0.174468
vt 0.081410 0.201404
vt 0.068351 0.175536
vt 0.912379 0.874438
vt 0.928776 0.850975
vt 0.933874 0.855550
vt 0.917677 0.878380
vt 0.901736 0.901736
vt 0.908501 0.871771
vt 0.922916 0.882286
vt 0.907034 0.905780
vt 0.894051 0.932270
vt 0.877701 0.953739
vt 0.900783 0.957440
vt 0.898417 0.966651
vt 0.872704 0.966088
vt 0.898139 0.974848
vt 0.871593 0.974510
vt 0.897852 0.980844
vt 0.871438 0.980029
vt 0.184175 0.240922
vt 0.168445 0.219844
vt 0.174413 0.215609
vt 0.188665 0.237687
vt 0.871016 0.982088
vt 0.852095 0.985912
vt 0.197673 0.255499
vt 0.197298 0.232107
vt 0.210475 0.250382
vt 0.228141 0.271653
vt 0.216610 0.275406
vt 0.824903 0.989957
vt 0.432999 0.492245
vt 0.425704 0.488056
vt 0.426382 0.458298
vt 0.441127 0.464460
vt 0.797527 0.999635
vt 0.797888 0.996268
vt 0.425704 0.429957
vt 0.435540 0.432585
vt 0.076980 0.630192
vt 0.094662 0.603932
vt 0.222644 0.245063
vt 0.206459 0.226388
vt 0.217966 0.219366
vt 0.189168 0.206780
vt 0.200146 0.200454
vt 0.213156 0.193002
vt 0.200181 0.178120
vt 0.209997 0.171779
vt 0.223569 0.187724
vt 0.216305 0.168117
vt 0.230213 0.185465
vt 0.558863 0.620719
vt 0.581122 0.620257
vt 0.579612 0.626196
vt 0.556846 0.625695
vt 0.235441 0.184097
vt 0.220667 0.166992
vt 0.226553 0.163668
vt 0.241477 0.181212
vt 0.231795 0.160663
vt 0.246451 0.177939
vt 0.457025 0.008577
vt 0.458416 0.002162
vt 0.200553 0.162444
vt 0.206431 0.158446
vt 0.191906 0.168345
vt 0.187355 0.164352
vt 0.193482 0.158563
vt 0.198113 0.152222
vt 0.181456 0.149603
vt 0.188893 0.142842
vt 0.172457 0.157316
vt 0.160848 0.143924
vt 0.169031 0.136865
vt 0.176182 0.130567
vt 0.636270 0.620905
vt 0.637318 0.629998
vt 0.158202 0.125807
vt 0.164002 0.119923
vt 0.652363 0.620257
vt 0.653467 0.628366
vt 0.654612 0.637055
vt 0.639150 0.640053
vt 0.660910 0.620823
vt 0.661432 0.628106
vt 0.662122 0.635897
vt 0.663514 0.643311
vt 0.655962 0.645464
vt 0.667412 0.628137
vt 0.667886 0.634967
vt 0.669001 0.641129
vt 0.670831 0.646542
vt 0.664856 0.649329
vt 0.059337 0.772445
vt 0.053268 0.771008
vt 0.054025 0.767179
vt 0.058793 0.768309
vt 0.063493 0.767182
vt 0.065213 0.770778
vt 0.068094 0.764508
vt 0.071045 0.767726
vt 0.654447 0.613288
vt 0.649787 0.612560
vt 0.649712 0.606433
vt 0.654406 0.606488
vt 0.658302 0.606368
vt 0.658850 0.613413
vt 0.639386 0.384333
vt 0.643655 0.384536
vt 0.643500 0.391459
vt 0.639340 0.391416
vt 0.654048 0.599278
vt 0.657869 0.599203
vt 0.639340 0.377122
vt 0.643664 0.377505
vt 0.648616 0.377796
vt 0.648675 0.384786
vt 0.639912 0.369414
vt 0.657232 0.591486
vt 0.653043 0.591689
vt 0.651262 0.584282
vt 0.655010 0.583896
vt 0.642792 0.362033
vt 0.594154 0.033627
vt 0.589655 0.034078
vt 0.590016 0.027678
vt 0.593962 0.027801
vt 0.589936 0.022332
vt 0.593794 0.022489
vt 0.597741 0.022662
vt 0.602053 0.022693
vt 0.593555 0.017082
vt 0.589424 0.017034
vt 0.588345 0.012229
vt 0.593198 0.011564
vt 0.692178 0.020231
vt 0.695882 0.020453
vt 0.697312 0.027254
vt 0.693478 0.027730
vt 0.698546 0.033839
vt 0.694464 0.034771
vt 0.689401 0.035469
vt 0.695138 0.041326
vt 0.689706 0.042352
vt 0.684285 0.042463
vt 0.684208 0.035457
vt 0.679387 0.042182
vt 0.679549 0.034945
vt 0.675606 0.042157
vt 0.675600 0.035001
vt 0.676167 0.027580
vt 0.657741 0.370267
vt 0.658190 0.377685
vt 0.653747 0.377880
vt 0.656326 0.363496
vt 0.678657 0.020802
vt 0.658459 0.384839
vt 0.653790 0.384897
vt 0.658850 0.391902
vt 0.653979 0.391858
vt 0.648619 0.391770
vt 0.072765 0.755901
vt 0.073428 0.750584
vt 0.077623 0.750210
vt 0.077558 0.756879
vt 0.075109 0.762875
vt 0.071348 0.760839
vt 0.049563 0.677869
vt 0.043160 0.678145
vt 0.043494 0.671981
vt 0.050323 0.672222
vt 0.056304 0.672189
vt 0.055049 0.678381
vt 0.051091 0.664155
vt 0.057225 0.663912
vt 0.666159 0.654473
vt 0.658228 0.657830
vt 0.657190 0.652608
vt 0.672103 0.651722
vt 0.063102 0.664078
vt 0.058917 0.651148
vt 0.065323 0.650466
vt 0.644004 0.657516
vt 0.641560 0.649769
vt 0.627010 0.662615
vt 0.624341 0.655430
vt 0.066398 0.632955
vt 0.059818 0.633750
vt 0.060328 0.619618
vt 0.066519 0.618638
vt 0.053154 0.619932
vt 0.054254 0.609856
vt 0.062702 0.610006
vt 0.068517 0.609593
vt 0.052606 0.634072
vt 0.044591 0.634023
vt 0.044434 0.619827
vt 0.051952 0.651584
vt 0.044309 0.651280
vt 0.036035 0.650418
vt 0.036214 0.634054
vt 0.043812 0.663899
vt 0.036062 0.663457
vt 0.673356 0.141599
vt 0.665084 0.140143
vt 0.665124 0.127150
vt 0.673996 0.128711
vt 0.036369 0.671446
vt 0.672020 0.150047
vt 0.664763 0.148941
vt 0.656734 0.148888
vt 0.656064 0.139777
vt 0.671025 0.156334
vt 0.664648 0.155602
vt 0.657420 0.155623
vt 0.650712 0.157140
vt 0.649225 0.150043
vt 0.071308 0.737931
vt 0.075900 0.743468
vt 0.071777 0.745373
vt 0.068704 0.741064
vt 0.063770 0.739055
vt 0.065561 0.733841
vt 0.057650 0.738660
vt 0.058127 0.733509
vt 0.684292 0.049134
vt 0.679099 0.048923
vt 0.690395 0.049224
vt 0.498400 0.515013
vt 0.505079 0.516061
vt 0.505079 0.522602
vt 0.497687 0.522325
vt 0.490167 0.521875
vt 0.490902 0.514793
vt 0.051915 0.737980
vt 0.051523 0.734093
vt 0.047437 0.739386
vt 0.045543 0.736663
vt 0.696245 0.047368
vt 0.699499 0.040269
vt 0.700502 0.045776
vt 0.301014 0.414748
vt 0.305594 0.414377
vt 0.305406 0.420102
vt 0.300850 0.420301
vt 0.300859 0.408289
vt 0.305558 0.407994
vt 0.310770 0.408014
vt 0.310932 0.414371
vt 0.301086 0.401645
vt 0.305613 0.401629
vt 0.310517 0.401469
vt 0.315253 0.401052
vt 0.315822 0.407843
vt 0.314503 0.394766
vt 0.252998 0.319010
vt 0.248207 0.317989
vt 0.248737 0.311965
vt 0.253695 0.313068
vt 0.316345 0.414268
vt 0.251864 0.325404
vt 0.320875 0.413950
vt 0.321852 0.419891
vt 0.316776 0.420286
vt 0.310998 0.420301
vt 0.043092 0.748899
vt 0.043067 0.754768
vt 0.039195 0.755475
vt 0.039195 0.748158
vt 0.041497 0.741705
vt 0.044602 0.743499
vt 0.137282 0.126607
vt 0.141913 0.121690
vt 0.145750 0.126081
vt 0.140356 0.131782
vt 0.135250 0.136464
vt 0.133145 0.130444
vt 0.144731 0.139027
vt 0.138956 0.144506
vt 0.512062 0.522531
vt 0.513527 0.531149
vt 0.505071 0.531977
vt 0.510920 0.516476
vt 0.514477 0.544764
vt 0.505020 0.545789
vt 0.495952 0.545726
vt 0.496867 0.532068
vt 0.487528 0.545109
vt 0.488827 0.531510
vt 0.647907 0.140378
vt 0.646827 0.127169
vt 0.655408 0.126585
vt 0.494761 0.559022
vt 0.486421 0.558919
vt 0.493388 0.567935
vt 0.484836 0.567975
vt 0.572756 0.654568
vt 0.146309 0.156032
vt 0.153207 0.150435
vt 0.151324 0.132619
vt 0.151799 0.119846
vt 0.156993 0.114892
vt 0.147028 0.116599
vt 0.151635 0.111908
vt 0.666878 0.621970
vt 0.041463 0.762518
vt 0.044576 0.760219
vt 0.048978 0.763938
vt 0.046899 0.767567
vt 0.243523 0.306005
vt 0.249197 0.306227
vt 0.243319 0.311696
vt 0.639635 0.612348
vt 0.639700 0.606200
vt 0.644687 0.606399
vt 0.644925 0.612379
vt 0.639635 0.600034
vt 0.644333 0.600042
vt 0.649311 0.599532
vt 0.643698 0.592853
vt 0.648426 0.592235
vt 0.643095 0.584231
vt 0.647046 0.584425
vt 0.585437 0.033034
vt 0.581950 0.031221
vt 0.582878 0.026167
vt 0.586217 0.027056
vt 0.639848 0.592883
vt 0.243051 0.317313
vt 0.302086 0.394737
vt 0.675347 0.049224
vt 0.036635 0.677372
vt 0.027751 0.649151
vt 0.027716 0.633833
vt 0.027136 0.621162
vt 0.035525 0.620264
vt 0.672452 0.099980
vt 0.673996 0.087073
vt 0.033817 0.608479
vt 0.044501 0.609450
vt 0.033984 0.592320
vt 0.045071 0.593530
vt 0.054928 0.594364
vt 0.045486 0.570739
vt 0.055579 0.571847
vt 0.064083 0.572458
vt 0.063477 0.594959
vt 0.069476 0.572817
vt 0.068667 0.595291
vt 0.073833 0.573230
vt 0.073205 0.595676
vt 0.073547 0.608877
vt 0.079225 0.573688
vt 0.078322 0.596158
vt 0.077810 0.609247
vt 0.084930 0.574151
vt 0.083483 0.596651
vt 0.082377 0.609282
vt 0.090301 0.574680
vt 0.088429 0.597123
vt 0.086489 0.609842
vt 0.202411 0.037818
vt 0.223329 0.037298
vt 0.223710 0.043531
vt 0.202582 0.043542
vt 0.223099 0.050379
vt 0.202440 0.051035
vt 0.187292 0.050055
vt 0.097035 0.613989
vt 0.098672 0.598254
vt 0.108045 0.599129
vt 0.184925 0.058691
vt 0.171589 0.056945
vt 0.172989 0.048659
vt 0.100847 0.575850
vt 0.110439 0.576569
vt 0.122806 0.577344
vt 0.112874 0.552327
vt 0.124529 0.552795
vt 0.136186 0.553202
vt 0.126961 0.528793
vt 0.137100 0.529304
vt 0.145711 0.531253
vt 0.137789 0.513332
vt 0.146561 0.515311
vt 0.153571 0.517049
vt 0.147253 0.502404
vt 0.154732 0.504205
vt 0.161093 0.505413
vt 0.154822 0.480595
vt 0.163265 0.482437
vt 0.668811 0.600048
vt 0.652830 0.577850
vt 0.658418 0.576110
vt 0.679012 0.612393
vt 0.169137 0.481476
vt 0.163481 0.452248
vt 0.171740 0.453299
vt 0.651521 0.548163
vt 0.659815 0.547510
vt 0.666966 0.573887
vt 0.669469 0.546469
vt 0.676372 0.571630
vt 0.680660 0.545312
vt 0.686382 0.570262
vt 0.690310 0.544603
vt 0.694937 0.570178
vt 0.697923 0.544113
vt 0.701381 0.570618
vt 0.705492 0.594778
vt 0.529204 0.837726
vt 0.502567 0.838882
vt 0.502589 0.831650
vt 0.474386 0.838298
vt 0.474059 0.832176
vt 0.447315 0.837826
vt 0.446707 0.832072
vt 0.446002 0.823268
vt 0.420409 0.832398
vt 0.418962 0.823550
vt 0.417335 0.812994
vt 0.393724 0.823720
vt 0.394437 0.811397
vt 0.400128 0.787485
vt 0.417677 0.791920
vt 0.410354 0.758223
vt 0.422876 0.762050
vt 0.420070 0.730321
vt 0.430492 0.733282
vt 0.428860 0.702702
vt 0.437797 0.705169
vt 0.452588 0.708408
vt 0.445020 0.677871
vt 0.457614 0.680527
vt 0.478823 0.683481
vt 0.463172 0.653362
vt 0.481488 0.655523
vt 0.505883 0.656700
vt 0.503099 0.685051
vt 0.527916 0.655286
vt 0.525795 0.684825
vt 0.544669 0.652395
vt 0.546121 0.682998
vt 0.559514 0.649766
vt 0.564862 0.679495
vt 0.454075 0.055615
vt 0.478696 0.038171
vt 0.483382 0.044635
vt 0.459372 0.062950
vt 0.494279 0.057045
vt 0.471485 0.079094
vt 0.508338 0.076433
vt 0.487524 0.098177
vt 0.466313 0.118221
vt 0.505452 0.116359
vt 0.484504 0.137130
vt 0.523686 0.131843
vt 0.504116 0.154038
vt 0.483252 0.174794
vt 0.519463 0.164753
vt 0.501953 0.188767
vt 0.483489 0.211175
vt 0.514708 0.195877
vt 0.500346 0.221312
vt 0.486009 0.246082
vt 0.510447 0.225793
vt 0.499093 0.252414
vt 0.490142 0.276457
vt 0.507307 0.255108
vt 0.500495 0.280836
vt 0.497230 0.300001
vt 0.507594 0.282131
vt 0.507025 0.302884
vt 0.506635 0.316454
vt 0.514784 0.302612
vt 0.515611 0.317718
vt 0.514454 0.329316
vt 0.511281 0.337810
vt 0.521590 0.317402
vt 0.521037 0.329668
vt 0.518803 0.339533
vt 0.063832 0.278472
vt 0.056767 0.280201
vt 0.055942 0.266564
vt 0.063351 0.264448
vt 0.143854 0.081599
vt 0.143597 0.096552
vt 0.135933 0.097471
vt 0.135895 0.082582
vt 0.335262 0.822176
vt 0.346639 0.811499
vt 0.351122 0.816574
vt 0.341737 0.826931
vt 0.358890 0.821394
vt 0.353523 0.830424
vt 0.351355 0.838283
vt 0.350707 0.842054
vt 0.371613 0.832117
vt 0.372595 0.838426
vt 0.694488 0.393137
vt 0.693442 0.414428
vt 0.685768 0.415461
vt 0.689511 0.392556
vt 0.677262 0.416409
vt 0.681118 0.393620
vt 0.691642 0.438110
vt 0.683346 0.439590
vt 0.673758 0.440573
vt 0.662655 0.439721
vt 0.666620 0.416110
vt 0.682794 0.464402
vt 0.672249 0.465320
vt 0.661211 0.465673
vt 0.651028 0.465923
vt 0.652910 0.439007
vt 0.674073 0.491470
vt 0.663173 0.492201
vt 0.653386 0.492699
vt 0.183661 0.398799
vt 0.177042 0.398127
vt 0.179254 0.371417
vt 0.186485 0.372071
vt 0.666278 0.519370
vt 0.656059 0.520266
vt 0.648353 0.520686
vt 0.646541 0.492940
vt 0.174494 0.425817
vt 0.164733 0.424592
vt 0.167049 0.397215
vt 0.155252 0.396341
vt 0.157862 0.370397
vt 0.169242 0.370781
vt 0.153546 0.423295
vt 0.143368 0.422886
vt 0.144074 0.396189
vt 0.153676 0.450864
vt 0.144086 0.450298
vt 0.134519 0.450349
vt 0.134066 0.422880
vt 0.146476 0.478729
vt 0.137484 0.476706
vt 0.391814 0.665342
vt 0.389253 0.675466
vt 0.366169 0.678068
vt 0.366251 0.669002
vt 0.138876 0.499556
vt 0.416515 0.669022
vt 0.410570 0.676222
vt 0.408740 0.685356
vt 0.389111 0.684793
vt 0.130021 0.494682
vt 0.129027 0.511401
vt 0.120399 0.510330
vt 0.124124 0.491581
vt 0.109223 0.509971
vt 0.114207 0.490919
vt 0.116214 0.528799
vt 0.105302 0.529080
vt 0.265855 0.048152
vt 0.265711 0.040295
vt 0.283261 0.039944
vt 0.283003 0.048802
vt 0.102799 0.551768
vt 0.245406 0.049478
vt 0.245651 0.042076
vt 0.245550 0.035673
vt 0.265746 0.033462
vt 0.092915 0.528421
vt 0.086977 0.527898
vt 0.087519 0.507702
vt 0.094426 0.508492
vt 0.283987 0.032152
vt 0.091671 0.550633
vt 0.086160 0.550034
vt 0.080204 0.549551
vt 0.080571 0.527473
vt 0.074677 0.527309
vt 0.074240 0.507356
vt 0.080828 0.507360
vt 0.074782 0.549292
vt 0.070282 0.549138
vt 0.069958 0.527202
vt 0.063995 0.526533
vt 0.061389 0.507018
vt 0.068590 0.507423
vt 0.064726 0.548676
vt 0.055959 0.547627
vt 0.054771 0.525203
vt 0.044888 0.523874
vt 0.052257 0.506448
vt 0.045483 0.546380
vt 0.035422 0.545190
vt 0.034851 0.569187
vt 0.672296 0.050352
vt 0.661523 0.048483
vt 0.660056 0.026841
vt 0.670459 0.028236
vt 0.673359 0.071816
vt 0.663462 0.070227
vt 0.025285 0.590784
vt 0.018026 0.589725
vt 0.025304 0.567411
vt 0.024942 0.608091
vt 0.050106 0.488554
vt 0.058937 0.489198
vt 0.066066 0.469496
vt 0.067127 0.489252
vt 0.073439 0.468812
vt 0.073824 0.488567
vt 0.081286 0.467462
vt 0.081155 0.487928
vt 0.089323 0.467205
vt 0.088171 0.487980
vt 0.097966 0.468316
vt 0.096234 0.488875
vt 0.106940 0.469867
vt 0.104703 0.490303
vt 0.101223 0.509521
vt 0.116670 0.470487
vt 0.109635 0.448696
vt 0.118638 0.449397
vt 0.249702 0.071562
vt 0.249909 0.090319
vt 0.241225 0.090876
vt 0.241225 0.069650
vt 0.124992 0.471293
vt 0.231664 0.826583
vt 0.230502 0.833029
vt 0.205657 0.829678
vt 0.206366 0.821448
vt 0.207402 0.813119
vt 0.233899 0.817974
vt 0.257482 0.823613
vt 0.253071 0.832036
vt 0.180386 0.818323
vt 0.181251 0.809531
vt 0.341103 0.681162
vt 0.316893 0.685356
vt 0.316539 0.675980
vt 0.340699 0.672280
vt 0.134076 0.396399
vt 0.125692 0.396711
vt 0.126659 0.370309
vt 0.135497 0.370220
vt 0.146073 0.370236
vt 0.137434 0.344141
vt 0.147960 0.344543
vt 0.159448 0.344683
vt 0.150028 0.319998
vt 0.160726 0.320468
vt 0.171206 0.320501
vt 0.170292 0.344519
vt 0.180792 0.320620
vt 0.180107 0.344471
vt 0.401694 0.658682
vt 0.381955 0.657214
vt 0.380701 0.647412
vt 0.400657 0.649263
vt 0.421525 0.649610
vt 0.422194 0.658850
vt 0.363355 0.653639
vt 0.361821 0.644154
vt 0.657255 0.415222
vt 0.662118 0.392584
vt 0.671676 0.393678
vt 0.668455 0.371808
vt 0.678000 0.373683
vt 0.672246 0.358950
vt 0.682711 0.361423
vt 0.674897 0.349680
vt 0.685883 0.351886
vt 0.359717 0.167920
vt 0.359717 0.177965
vt 0.353279 0.177735
vt 0.350933 0.166549
vt 0.689588 0.344967
vt 0.375633 0.096843
vt 0.371014 0.107915
vt 0.364822 0.105185
vt 0.368378 0.092313
vt 0.713068 0.768437
vt 0.699745 0.768094
vt 0.698842 0.756371
vt 0.714124 0.755294
vt 0.730794 0.754647
vt 0.726730 0.767140
vt 0.603343 0.109970
vt 0.620792 0.106847
vt 0.616611 0.119223
vt 0.601223 0.123061
vt 0.730685 0.740416
vt 0.602047 0.097037
vt 0.620877 0.092442
vt 0.730794 0.728710
vt 0.601223 0.086314
vt 0.620985 0.080722
vt 0.146018 0.090654
vt 0.155996 0.091125
vt 0.690846 0.768665
vt 0.690283 0.757718
vt 0.676139 0.111929
vt 0.676139 0.100842
vt 0.684286 0.100674
vt 0.684267 0.111080
vt 0.684839 0.126591
vt 0.676887 0.126780
vt 0.684637 0.145399
vt 0.678551 0.144372
vt 0.788239 0.764438
vt 0.793638 0.764872
vt 0.676457 0.093189
vt 0.684367 0.093877
vt 0.695215 0.095417
vt 0.080611 0.694567
vt 0.087722 0.697793
vt 0.085330 0.702632
vt 0.076945 0.700234
vt 0.069960 0.691239
vt 0.163516 0.252114
vt 0.175728 0.253174
vt 0.175555 0.263664
vt 0.163952 0.263671
vt 0.175633 0.277853
vt 0.164384 0.278713
vt 0.153287 0.278746
vt 0.143404 0.278178
vt 0.162939 0.298326
vt 0.152357 0.298143
vt 0.142526 0.297514
vt 0.134091 0.297658
vt 0.136141 0.278151
vt 0.140014 0.319322
vt 0.131578 0.319536
vt 0.104334 0.803350
vt 0.104257 0.811837
vt 0.082106 0.812921
vt 0.081976 0.805186
vt 0.129058 0.344191
vt 0.129115 0.803903
vt 0.128219 0.813198
vt 0.126660 0.824151
vt 0.103686 0.820940
vt 0.155094 0.806221
vt 0.153770 0.816066
vt 0.153103 0.827209
vt 0.122266 0.371887
vt 0.115733 0.371369
vt 0.114755 0.344351
vt 0.124418 0.345199
vt 0.180091 0.826559
vt 0.121874 0.398450
vt 0.114757 0.398209
vt 0.107206 0.396362
vt 0.109507 0.370664
vt 0.121986 0.424197
vt 0.113031 0.423734
vt 0.103915 0.421868
vt 0.093862 0.420056
vt 0.097047 0.394447
vt 0.100709 0.446444
vt 0.091376 0.444597
vt 0.081656 0.444658
vt 0.082511 0.419900
vt 0.073431 0.446107
vt 0.114774 0.320063
vt 0.126859 0.321903
vt 0.129820 0.300566
vt 0.082156 0.821156
vt 0.633588 0.327353
vt 0.645598 0.329682
vt 0.061804 0.808230
vt 0.044108 0.809973
vt 0.136729 0.260934
vt 0.173598 0.297934
vt 0.185694 0.277657
vt 0.183399 0.298098
vt 0.185407 0.264247
vt 0.345109 0.649276
vt 0.332759 0.648111
vt 0.332594 0.636692
vt 0.343907 0.639118
vt 0.331809 0.658850
vt 0.323179 0.658395
vt 0.322148 0.647775
vt 0.323541 0.636920
vt 0.094769 0.698597
vt 0.096556 0.704288
vt 0.691636 0.776232
vt 0.698309 0.775998
vt 0.677200 0.518311
vt 0.684135 0.490344
vt 0.686836 0.517157
vt 0.692578 0.489230
vt 0.694998 0.516134
vt 0.691384 0.463362
vt 0.421416 0.838495
vt 0.396204 0.838935
vt 0.395033 0.832550
vt 0.372577 0.823603
vt 0.370641 0.804916
vt 0.378574 0.808489
vt 0.384261 0.780413
vt 0.390281 0.783616
vt 0.395915 0.753142
vt 0.402163 0.755420
vt 0.406946 0.725998
vt 0.412858 0.727971
vt 0.417242 0.699102
vt 0.422810 0.700875
vt 0.427232 0.672699
vt 0.432360 0.674321
vt 0.437604 0.675896
vt 0.441327 0.648749
vt 0.446290 0.650044
vt 0.452499 0.651401
vt 0.452965 0.624666
vt 0.458738 0.625608
vt 0.468409 0.627318
vt 0.462170 0.606216
vt 0.471375 0.607652
vt 0.486901 0.609448
vt 0.484693 0.629659
vt 0.509947 0.612741
vt 0.508208 0.629669
vt 0.530446 0.627757
vt 0.542982 0.625664
vt 0.550723 0.608247
vt 0.554129 0.622839
vt 0.501384 0.022751
vt 0.514031 0.014746
vt 0.488261 0.598662
vt 0.511012 0.600842
vt 0.526128 0.602272
vt 0.527621 0.610808
vt 0.526173 0.594962
vt 0.511974 0.593034
vt 0.513030 0.586425
vt 0.527265 0.588694
vt 0.489427 0.590598
vt 0.490402 0.583865
vt 0.491350 0.577365
vt 0.514357 0.579787
vt 0.472597 0.588851
vt 0.472505 0.582403
vt 0.472452 0.576586
vt 0.472585 0.572485
vt 0.492297 0.572511
vt 0.463261 0.581799
vt 0.462331 0.576778
vt 0.461866 0.573479
vt 0.445509 0.470269
vt 0.450880 0.469956
vt 0.451552 0.480953
vt 0.445880 0.481059
vt 0.829707 0.005411
vt 0.833029 0.008590
vt 0.828763 0.011889
vt 0.825076 0.009269
vt 0.445082 0.462322
vt 0.449536 0.461073
vt 0.454758 0.460648
vt 0.455632 0.469692
vt 0.443414 0.454644
vt 0.447504 0.452634
vt 0.451973 0.451947
vt 0.062687 0.012065
vt 0.064483 0.023441
vt 0.061027 0.023682
vt 0.058869 0.013261
vt 0.056144 0.006609
vt 0.059860 0.003691
vt 0.067159 0.011420
vt 0.068157 0.023234
vt 0.068157 0.037148
vt 0.063901 0.037035
vt 0.817158 0.027174
vt 0.817531 0.015442
vt 0.821969 0.015669
vt 0.821375 0.026881
vt 0.823613 0.040354
vt 0.819098 0.041113
vt 0.827026 0.060294
vt 0.823709 0.060454
vt 0.825202 0.026784
vt 0.827369 0.039545
vt 0.831102 0.059662
vt 0.832458 0.084758
vt 0.827370 0.085045
vt 0.438729 0.622116
vt 0.442280 0.602212
vt 0.446329 0.602927
vt 0.443175 0.622872
vt 0.436406 0.647406
vt 0.431917 0.646255
vt 0.422409 0.671271
vt 0.448054 0.623812
vt 0.451122 0.604019
vt 0.456076 0.605035
vt 0.463598 0.595574
vt 0.463939 0.587841
vt 0.472431 0.596784
vt 0.832591 0.111632
vt 0.833005 0.139998
vt 0.827583 0.140241
vt 0.827390 0.111890
vt 0.411812 0.697399
vt 0.822489 0.140633
vt 0.822837 0.112207
vt 0.822969 0.085221
vt 0.064124 0.080998
vt 0.062810 0.107950
vt 0.058142 0.108055
vt 0.059638 0.080850
vt 0.062082 0.056131
vt 0.065927 0.056283
vt 0.586943 0.105877
vt 0.575441 0.127873
vt 0.570716 0.125919
vt 0.583422 0.104023
vt 0.595738 0.088756
vt 0.599079 0.090412
vt 0.579274 0.101551
vt 0.591748 0.086421
vt 0.603516 0.078428
vt 0.060091 0.036340
vt 0.575173 0.098904
vt 0.587438 0.083859
vt 0.570940 0.095970
vt 0.582819 0.081098
vt 0.566126 0.092388
vt 0.577666 0.077867
vt 0.583739 0.070056
vt 0.569887 0.072783
vt 0.575647 0.064862
vt 0.581005 0.058323
vt 0.589134 0.063718
vt 0.585509 0.053168
vt 0.593986 0.059211
vt 0.589513 0.048581
vt 0.598167 0.055355
vt 0.604253 0.061008
vt 0.593402 0.044637
vt 0.601570 0.052136
vt 0.607733 0.058810
vt 0.574177 0.035702
vt 0.578340 0.031206
vt 0.456472 0.480706
vt 0.457386 0.500773
vt 0.452444 0.501081
vt 0.458166 0.524958
vt 0.453038 0.524950
vt 0.446613 0.524290
vt 0.446444 0.500806
vt 0.515774 0.574178
vt 0.559849 0.015362
vt 0.555327 0.020224
vt 0.550826 0.025401
vt 0.538174 0.015740
vt 0.569923 0.040983
vt 0.565326 0.046451
vt 0.546380 0.030725
vt 0.541035 0.036755
vt 0.560107 0.053396
vt 0.554588 0.060687
vt 0.536736 0.043579
vt 0.544879 0.072879
vt 0.529496 0.053718
vt 0.559689 0.086953
vt 0.541802 0.109221
vt 0.525770 0.094852
vt 0.550349 0.115442
vt 0.535249 0.139960
vt 0.556492 0.119126
vt 0.542878 0.144127
vt 0.528960 0.169902
vt 0.561323 0.121627
vt 0.548676 0.146719
vt 0.536045 0.172870
vt 0.523127 0.199323
vt 0.553786 0.148742
vt 0.541567 0.174874
vt 0.529345 0.201394
vt 0.517673 0.228158
vt 0.547146 0.176759
vt 0.535510 0.203273
vt 0.524339 0.230101
vt 0.514431 0.256871
vt 0.541508 0.205022
vt 0.530885 0.231944
vt 0.521520 0.258638
vt 0.514607 0.283252
vt 0.054884 0.223164
vt 0.055356 0.194736
vt 0.061154 0.194274
vt 0.061613 0.222595
vt 0.062027 0.248145
vt 0.055620 0.248824
vt 0.066864 0.222620
vt 0.068157 0.248415
vt 0.143887 0.113674
vt 0.139109 0.115488
vt 0.358896 0.797003
vt 0.371991 0.774699
vt 0.377925 0.777286
vt 0.364727 0.800949
vt 0.832851 0.227190
vt 0.826357 0.226566
vt 0.827008 0.198090
vt 0.833029 0.198112
vt 0.389627 0.750807
vt 0.827325 0.168987
vt 0.832931 0.168834
vt 0.401067 0.724026
vt 0.821173 0.198470
vt 0.821971 0.169430
vt 0.061480 0.165195
vt 0.055882 0.165570
vt 0.056923 0.136612
vt 0.062189 0.136387
vt 0.552559 0.178439
vt 0.558879 0.150648
vt 0.563825 0.152361
vt 0.566066 0.123872
vt 0.820331 0.226705
vt 0.527381 0.009180
vt 0.283987 0.086171
vt 0.275163 0.086400
vt 0.546020 0.594008
vt 0.537707 0.591137
vt 0.444528 0.589562
vt 0.825916 0.017320
vt 0.449355 0.581322
vt 0.455285 0.577722
vt 0.607189 0.069157
vt 0.584019 0.014100
vt 0.183911 0.167420
vt 0.180549 0.169976
vt 0.181844 0.211264
vt 0.169890 0.195448
vt 0.921282 0.969108
vt 0.922411 0.958853
vt 0.937052 0.961471
vt 0.935275 0.971994
vt 0.945803 0.963182
vt 0.944097 0.973895
vt 0.949364 0.946196
vt 0.957156 0.948587
vt 0.939735 0.943658
vt 0.945347 0.920783
vt 0.955129 0.923789
vt 0.921035 0.939377
vt 0.929298 0.915938
vt 0.939803 0.892121
vt 0.952672 0.897356
vt 0.913639 0.909866
vt 0.929200 0.886484
vt 0.938809 0.860337
vt 0.956222 0.848250
vt 0.953566 0.842259
vt 0.951240 0.836668
vt 0.968434 0.877450
vt 0.961781 0.900377
vt 0.975281 0.879415
vt 0.969171 0.902661
vt 0.962828 0.926296
vt 0.975656 0.904635
vt 0.969976 0.928712
vt 0.964536 0.951372
vt 0.001649 0.176633
vt 0.001549 0.154381
vt 0.009729 0.155365
vt 0.009846 0.178066
vt 0.018026 0.155388
vt 0.018325 0.178765
vt 0.697478 0.937097
vt 0.001478 0.130726
vt 0.981354 0.881269
vt 0.973366 0.861438
vt 0.902185 0.930971
vt 0.656040 0.850021
vt 0.001699 0.066260
vt 0.718307 0.913534
vt 0.723141 0.899962
vt 0.724897 0.911625
vt 0.730394 0.881441
vt 0.738718 0.858310
vt 0.736439 0.881307
vt 0.786982 0.081727
vt 0.788974 0.104837
vt 0.781955 0.106087
vt 0.780342 0.082907
vt 0.773674 0.106207
vt 0.772986 0.084981
vt 0.773609 0.068391
vt 0.782210 0.125172
vt 0.772234 0.122020
vt 0.755500 0.111289
vt 0.736528 0.094259
vt 0.767891 0.132529
vt 0.749547 0.116729
vt 0.730357 0.099222
vt 0.714296 0.084353
vt 0.721994 0.078606
vt 0.743729 0.121746
vt 0.724241 0.104414
vt 0.707905 0.090226
vt 0.697588 0.080803
vt 0.705744 0.075258
vt 0.077083 0.024979
vt 0.077035 0.046524
vt 0.070886 0.045079
vt 0.070907 0.024022
vt 0.069944 0.009988
vt 0.077623 0.011084
vt 0.287811 0.404287
vt 0.272167 0.418616
vt 0.077516 0.072437
vt 0.071755 0.070806
vt 0.252820 0.435844
vt 0.249573 0.431805
vt 0.067435 0.071259
vt 0.074658 0.092760
vt 0.072749 0.103222
vt 0.077623 0.097280
vt 0.700302 0.068227
vt 0.711917 0.062433
vt 0.715136 0.069702
vt 0.690347 0.072785
vt 0.075466 0.000634
vt 0.069044 0.000946
vt 0.181077 0.095087
vt 0.187432 0.095783
vt 0.187432 0.104129
vt 0.182038 0.103155
vt 0.729541 0.064912
vt 0.762502 0.138208
vt 0.790527 0.125334
vt 0.729120 0.174714
vt 0.730246 0.161868
vt 0.732127 0.154957
vt 0.750430 0.158302
vt 0.701749 0.190638
vt 0.674926 0.209147
vt 0.647167 0.232111
vt 0.618032 0.254141
vt 0.555976 0.305963
vt 0.552265 0.307231
vt 0.549802 0.296494
vt 0.555892 0.315871
vt 0.135234 0.191355
vt 0.141921 0.191258
vt 0.256895 0.641999
vt 0.235472 0.661168
vt 0.218928 0.680320
vt 0.222521 0.684696
vt 0.212288 0.698604
vt 0.816103 0.416567
vt 0.823379 0.418511
vt 0.812902 0.428878
vt 0.836610 0.395466
vt 0.832617 0.420784
vt 0.356189 0.451210
vt 0.342638 0.429816
vt 0.354942 0.419686
vt 0.369971 0.442532
vt 0.366458 0.410259
vt 0.382479 0.432801
vt 0.373679 0.405061
vt 0.350154 0.387394
vt 0.357290 0.382403
vt 0.363217 0.378332
vt 0.380422 0.400110
vt 0.332505 0.365865
vt 0.339602 0.360308
vt 0.345585 0.355904
vt 0.322743 0.339270
vt 0.329107 0.335231
vt 0.312832 0.311479
vt 0.318750 0.307484
vt 0.335631 0.331289
vt 0.351075 0.352718
vt 0.338096 0.397468
vt 0.327253 0.406970
vt 0.833465 0.256193
vt 0.224845 0.145901
vt 0.218310 0.135636
vt 0.224763 0.129514
vt 0.210448 0.125328
vt 0.217166 0.118989
vt 0.226224 0.111992
vt 0.206737 0.105881
vt 0.215498 0.099272
vt 0.198520 0.094347
vt 0.205770 0.088302
vt 0.213331 0.082695
vt 0.221650 0.078765
vt 0.199645 0.081402
vt 0.206106 0.076334
vt 0.211808 0.072133
vt 0.778433 0.510223
vt 0.771921 0.509204
vt 0.772283 0.497891
vt 0.780018 0.498747
vt 0.200794 0.071619
vt 0.206206 0.068116
vt 0.776489 0.516885
vt 0.770755 0.515651
vt 0.763870 0.515099
vt 0.763702 0.508460
vt 0.773570 0.520643
vt 0.768774 0.519610
vt 0.763455 0.519398
vt 0.757838 0.519178
vt 0.756722 0.515213
vt 0.000861 0.205776
vt 0.006055 0.205405
vt 0.006546 0.210738
vt 0.001461 0.210914
vt 0.154424 0.249029
vt 0.154868 0.244129
vt 0.159691 0.244397
vt 0.159947 0.249119
vt 0.164557 0.244336
vt 0.165650 0.249652
vt 0.154658 0.238103
vt 0.159370 0.237960
vt 0.164110 0.237821
vt 0.168314 0.237709
vt 0.168751 0.244339
vt 0.158957 0.231826
vt 0.163599 0.231660
vt 0.167790 0.231276
vt 0.391870 0.620651
vt 0.395690 0.620028
vt 0.396274 0.627068
vt 0.392292 0.627095
vt 0.391481 0.613592
vt 0.394777 0.612426
vt 0.399237 0.611178
vt 0.400256 0.619321
vt 0.391729 0.606969
vt 0.394596 0.606751
vt 0.267835 0.354853
vt 0.263019 0.353365
vt 0.264084 0.349854
vt 0.270225 0.350666
vt 0.270734 0.345876
vt 0.403947 0.610175
vt 0.408206 0.609499
vt 0.409396 0.618021
vt 0.405101 0.618640
vt 0.269234 0.341175
vt 0.410589 0.625172
vt 0.406105 0.626094
vt 0.401109 0.626803
vt 0.402010 0.633692
vt 0.396793 0.633684
vt 0.402486 0.639918
vt 0.396475 0.639203
vt 0.391481 0.639304
vt 0.392596 0.633734
vt 0.006877 0.766135
vt 0.012177 0.767799
vt 0.012304 0.772445
vt 0.005533 0.769946
vt 0.000574 0.765205
vt 0.002308 0.762429
vt 0.170392 0.249909
vt 0.750127 0.515711
vt 0.744573 0.516464
vt 0.741833 0.509768
vt 0.748087 0.508866
vt 0.755374 0.508452
vt 0.752266 0.519742
vt 0.753739 0.497224
vt 0.762802 0.496921
vt 0.759107 0.478810
vt 0.753337 0.466678
vt 0.124943 0.678238
vt 0.646076 0.339836
vt 0.648024 0.331244
vt 0.266648 0.337279
vt 0.261213 0.355931
vt 0.154424 0.232097
vt 0.154614 0.225985
vt 0.001272 0.227903
vt 0.001317 0.222024
vt 0.005978 0.221927
vt 0.005359 0.227794
vt 0.001326 0.216459
vt 0.006366 0.216430
vt 0.011481 0.216911
vt 0.011788 0.210843
vt 0.016682 0.212110
vt 0.016138 0.217980
vt 0.012046 0.205115
vt 0.017039 0.207289
vt 0.008273 0.737946
vt 0.002907 0.740748
vt 0.000574 0.738492
vt 0.006315 0.734305
vt 0.013590 0.732354
vt 0.014035 0.736019
vt 0.461953 0.039931
vt 0.195148 0.076556
vt 0.193078 0.086810
vt 0.189096 0.080879
vt 0.191947 0.099661
vt 0.187658 0.091326
vt 0.184620 0.084996
vt 0.200369 0.111914
vt 0.384513 0.002032
vt 0.399361 0.003061
vt 0.399712 0.012554
vt 0.383840 0.010628
vt 0.399896 0.023776
vt 0.382429 0.020222
vt 0.399373 0.034875
vt 0.381108 0.029087
vt 0.417149 0.028642
vt 0.424112 0.043545
vt 0.155528 0.032152
vt 0.039655 0.069497
vt 0.045438 0.068983
vt 0.045438 0.098449
vt 0.040038 0.091596
vt 0.035927 0.004060
vt 0.039758 0.006522
vt 0.036371 0.041051
vt 0.033984 0.037641
vt 0.014373 0.247535
vt 0.026264 0.248235
vt 0.230586 0.331647
vt 0.227521 0.319961
vt 0.233663 0.317380
vt 0.235891 0.327896
vt 0.240736 0.338177
vt 0.235246 0.342353
vt 0.081483 0.822997
vt 0.093564 0.822997
vt 0.095642 0.831497
vt 0.083058 0.831558
vt 0.069472 0.831420
vt 0.070037 0.823811
vt 0.246122 0.347698
vt 0.241356 0.348358
vt 0.085323 0.840276
vt 0.068837 0.839787
vt 0.640721 0.687461
vt 0.641496 0.695820
vt 0.630106 0.696876
vt 0.631429 0.688268
vt 0.616117 0.697635
vt 0.613586 0.709122
vt 0.597804 0.710152
vt 0.598491 0.698076
vt 0.586033 0.698145
vt 0.575859 0.698029
vt 0.173499 0.660129
vt 0.159067 0.658585
vt 0.147615 0.673276
vt 0.147033 0.657101
vt 0.782672 0.817887
vt 0.798604 0.816696
vt 0.794750 0.824381
vt 0.783005 0.827323
vt 0.794157 0.834714
vt 0.782818 0.839110
vt 0.773881 0.844451
vt 0.782495 0.853520
vt 0.773215 0.858157
vt 0.765671 0.861916
vt 0.781986 0.866580
vt 0.772919 0.869184
vt 0.764674 0.870615
vt 0.106103 0.831524
vt 0.108205 0.840392
vt 0.098374 0.840477
vt 0.104230 0.823409
vt 0.109808 0.851772
vt 0.102099 0.852074
vt 0.793734 0.860610
vt 0.794006 0.847755
vt 0.812028 0.842594
vt 0.812204 0.854785
vt 0.582317 0.327962
vt 0.585523 0.316065
vt 0.604972 0.321691
vt 0.602480 0.333807
vt 0.812204 0.829196
vt 0.618999 0.324522
vt 0.617828 0.336555
vt 0.610427 0.726957
vt 0.597089 0.726947
vt 0.595445 0.309005
vt 0.811987 0.819366
vt 0.183667 0.361537
vt 0.229937 0.688547
vt 0.230519 0.682872
vt 0.230187 0.696975
vt 0.236403 0.704050
vt 0.580057 0.664374
vt 0.578660 0.673831
vt 0.007548 0.619210
vt 0.007109 0.607190
vt 0.642361 0.399485
vt 0.584016 0.457731
vt 0.557764 0.467102
vt 0.548557 0.440976
vt 0.527779 0.447876
vt 0.524929 0.419016
vt 0.540633 0.477893
vt 0.532196 0.482684
vt 0.518869 0.451414
vt 0.552167 0.507144
vt 0.507995 0.461363
vt 0.502804 0.469127
vt 0.488275 0.437976
vt 0.513769 0.421048
vt 0.529373 0.484964
vt 0.523668 0.493398
vt 0.516038 0.501374
vt 0.618530 0.016009
vt 0.630128 0.016646
vt 0.607476 0.017326
vt 0.513027 0.395514
vt 0.525063 0.396056
vt 0.538288 0.376764
vt 0.511177 0.428504
vt 0.501555 0.425478
vt 0.500170 0.400259
vt 0.510957 0.402117
vt 0.509780 0.450593
vt 0.500170 0.447303
vt 0.769707 0.544298
vt 0.519401 0.548251
vt 0.787638 0.522555
vt 0.818935 0.473682
vt 0.005144 0.678715
vt 0.021224 0.688792
vt 0.389248 0.040896
vt 0.413361 0.043095
vt 0.110155 0.798415
vt 0.510063 0.343535
vt 0.516776 0.347485
vt 0.005655 0.238549
vt 0.674063 0.783990
vt 0.680491 0.808893
vt 0.224757 0.067549
vt 0.362800 0.020337
vt 0.845763 0.755359
vt 0.833290 0.762177
vt 0.851970 0.766254
vt 0.841416 0.768333
vt 0.829482 0.788163
vt 0.817002 0.775993
vt 0.817060 0.794501
vt 0.809131 0.784079
vt 0.801214 0.776732
vt 0.793346 0.771787
vt 0.789212 0.782852
vt 0.563680 0.341011
vt 0.570371 0.341328
vt 0.568821 0.353265
vt 0.560621 0.351804
vt 0.785442 0.792409
vt 0.566434 0.331584
vt 0.571739 0.330528
vt 0.579334 0.331290
vt 0.578983 0.342781
vt 0.781343 0.791835
vt 0.321697 0.946301
vt 0.314422 0.943562
vt 0.578367 0.355002
vt 0.188828 0.136314
vt 0.189516 0.124471
vt 0.196849 0.124170
vt 0.196898 0.136314
vt 0.310977 0.955497
vt 0.303169 0.954329
vt 0.810185 0.800240
vt 0.834060 0.806283
vt 0.826048 0.811287
vt 0.818588 0.815614
vt 0.837499 0.835899
vt 0.830693 0.839730
vt 0.165413 0.601159
vt 0.165765 0.575752
vt 0.171872 0.601865
vt 0.179859 0.601426
vt 0.848543 0.859919
vt 0.842638 0.863071
vt 0.844630 0.832047
vt 0.854912 0.856649
vt 0.862592 0.875275
vt 0.861571 0.853410
vt 0.867826 0.872088
vt 0.872599 0.881856
vt 0.883158 0.880310
vt 0.890779 0.867942
vt 0.897106 0.869628
vt 0.888048 0.884303
vt 0.903687 0.873045
vt 0.892440 0.887924
vt 0.213856 0.316831
vt 0.214174 0.298189
vt 0.221417 0.297243
vt 0.220205 0.316804
vt 0.219524 0.327465
vt 0.214041 0.327484
vt 0.226208 0.316815
vt 0.225673 0.327473
vt 0.224796 0.333834
vt 0.167723 0.964644
vt 0.168351 0.958268
vt 0.173813 0.958086
vt 0.172485 0.964754
vt 0.229083 0.333895
vt 0.179786 0.965354
vt 0.180522 0.958417
vt 0.187955 0.957926
vt 0.188409 0.964453
vt 0.175457 0.948343
vt 0.181857 0.949059
vt 0.185710 0.935380
vt 0.178991 0.931647
vt 0.194448 0.913013
vt 0.199079 0.918071
vt 0.170412 0.947710
vt 0.172743 0.928114
vt 0.190106 0.908745
vt 0.211786 0.891675
vt 0.215800 0.896314
vt 0.229083 0.276744
vt 0.228023 0.297183
vt 0.223024 0.274884
vt 0.088383 0.000478
vt 0.094662 0.001019
vt 0.094662 0.024612
vt 0.089135 0.022932
vt 0.458570 0.551586
vt 0.459310 0.532565
vt 0.465786 0.534434
vt 0.464721 0.552829
vt 0.164113 0.010789
vt 0.136706 0.011845
vt 0.136903 0.005779
vt 0.163291 0.005366
vt 0.187888 0.005151
vt 0.188217 0.011579
vt 0.210254 0.004902
vt 0.210588 0.012193
vt 0.902523 0.792968
vt 0.904565 0.818950
vt 0.898572 0.819128
vt 0.896190 0.792797
vt 0.891430 0.819591
vt 0.889078 0.792767
vt 0.884642 0.820084
vt 0.882182 0.792615
vt 0.876552 0.821103
vt 0.872818 0.792789
vt 0.865013 0.769121
vt 0.859786 0.793341
vt 0.851150 0.768886
vt 0.844214 0.797494
vt 0.843729 0.767587
vt 0.865883 0.823434
vt 0.853599 0.827754
vt 0.894047 0.846423
vt 0.900832 0.846376
vt 0.906866 0.846815
vt 0.459774 0.514724
vt 0.466809 0.516437
vt 0.114219 0.008786
vt 0.113517 0.001598
vt 0.231199 0.874498
vt 0.235789 0.879415
vt 0.240671 0.884677
vt 0.220198 0.901522
vt 0.245441 0.890103
vt 0.224469 0.906704
vt 0.252150 0.899516
vt 0.230202 0.914869
vt 0.236694 0.927403
vt 0.217719 0.947050
vt 0.200765 0.960685
vt 0.199535 0.954799
vt 0.189240 0.970190
vt 0.190208 0.975632
vt 0.903056 0.659694
vt 0.077623 0.328920
vt 0.076580 0.336998
vt 0.069296 0.335515
vt 0.069764 0.328336
vt 0.069296 0.313731
vt 0.076974 0.313623
vt 0.168832 0.500169
vt 0.217526 0.347487
vt 0.528081 0.032702
vt 0.190596 0.246810
vt 0.187253 0.251802
vt 0.187253 0.242344
vt 0.191218 0.247929
vt 0.785857 0.811622
vt 0.798332 0.992999
vt 0.594514 0.155246
vt 0.587977 0.154943
vt 0.718958 0.793146
vt 0.724196 0.775025
vt 0.733411 0.767232
vt 0.066948 0.261010
vt 0.068157 0.263365
vt 0.067861 0.264518
vt 0.065632 0.265055
vt 0.232870 0.288985
vt 0.232870 0.301026
vt 0.230339 0.299205
vt 0.231561 0.297082
vt 0.065632 0.253085
vt 0.407100 0.074251
vt 0.401773 0.076239
vt 0.400984 0.079516
vt 0.406099 0.079380
vt 0.590605 0.180155
vt 0.003786 0.014054
vt 0.003786 0.018932
vt 0.001254 0.016523
vt 0.001545 0.013324
vt 0.801360 0.195527
vt 0.802631 0.200650
vt 0.771522 0.147132
vt 0.077791 0.615838
vt 0.082646 0.616119
vt 0.202249 0.306439
vt 0.425270 0.030297
vt 0.305718 0.030130
vt 0.297656 0.032185
vt 0.584625 0.779690
vt 0.579244 0.784767
vt 0.795061 0.422492
vt 0.776336 0.422965
vt 0.757969 0.421633
vt 0.775089 0.442314
vt 0.741502 0.419350
vt 0.096556 0.649606
vt 0.094266 0.645831
vt 0.153353 0.218531
vt 0.152295 0.205524
vt 0.795005 0.441668
vt 0.765265 0.726610
vt 0.763561 0.714215
vt 0.709558 0.360974
vt 0.033015 0.810763
vt 0.773510 0.463846
vt 0.148587 0.243428
vt 0.144378 0.246122
vt 0.836816 0.705790
vt 0.807719 0.691777
vt 0.001512 0.249909
vt 0.001654 0.245989
vt 0.811959 0.867967
vt 0.793302 0.870894
vt 0.435195 0.626253
vt 0.573129 0.308737
vt 0.570536 0.313386
vt 0.434184 0.630255
vt 0.580506 0.125231
vt 0.583121 0.136841
vt 0.370980 0.121720
vt 0.785627 0.687863
vt 0.102909 0.870536
vt 0.176797 0.174672
vt 0.022080 0.001843
vt 0.035981 0.077623
vt 0.035981 0.071456
vt 0.037865 0.075833
vt 0.143826 0.178953
vt 0.143826 0.163891
vt 0.151460 0.171347
vt 0.147223 0.181752
vt 0.149694 0.686898
vt 0.880665 0.692522
vt 0.876139 0.678567
vt 0.766853 0.157622
vt 0.212482 0.282191
vt 0.219617 0.289353
vt 0.215032 0.295028
vt 0.212482 0.295347
vt 0.040652 0.207527
vt 0.045438 0.205546
vt 0.045438 0.215830
vt 0.174179 0.237667
vt 0.172515 0.248016
vt 0.172515 0.234632
vt 0.764964 0.144664
vt 0.905388 0.944749
vt 0.018933 0.224455
vt 0.018332 0.229083
vt 0.018332 0.216795
vt 0.284036 0.092983
vt 0.284036 0.102235
vt 0.288641 0.097899
vt 0.806964 0.200001
vt 0.039737 0.016408
vt 0.041651 0.013478
vt 0.041651 0.018932
vt 0.581659 0.176228
vt 0.002144 0.283787
vt 0.004292 0.281435
vt 0.005680 0.287430
vt 0.002144 0.295347
vt 0.418707 0.494489
vt 0.527238 0.031131
vt 0.283343 0.030292
vt 0.282038 0.020746
vt 0.285881 0.017353
vt 0.285881 0.029054
vt 0.708940 0.790686
vt 0.077482 0.109808
vt 0.039758 0.064370
vt 0.031947 0.055268
vt 0.180290 0.127018
vt 0.183645 0.126666
vt 0.183645 0.134421
vt 0.179702 0.127520
vt 0.598901 0.307692
vt 0.795164 0.463573
vt 0.169051 0.062301
vt 0.169658 0.063959
vt 0.167748 0.063850
vt 0.170240 0.065546
vt 0.166582 0.065234
vt 0.167741 0.066791
vt 0.167725 0.068306
vt 0.165667 0.068556
vt 0.165667 0.066995
vt 0.170392 0.067044
vt 0.169913 0.068405
vt 0.169412 0.069827
vt 0.167592 0.069935
vt 0.165667 0.070050
vt 0.210314 0.341815
vt 0.211816 0.343010
vt 0.208846 0.343021
vt 0.209284 0.340843
vt 0.207724 0.339315
vt 0.206958 0.342737
vt 0.215830 0.348506
vt 0.210985 0.350251
vt 0.210415 0.347802
vt 0.213815 0.346328
vt 0.206958 0.350095
vt 0.206985 0.348030
vt 0.207013 0.345898
vt 0.209494 0.345666
vt 0.212630 0.344522
vt 0.174124 0.060316
vt 0.176576 0.061330
vt 0.174998 0.063292
vt 0.171746 0.060271
vt 0.177341 0.066961
vt 0.175593 0.067489
vt 0.172494 0.068672
vt 0.172013 0.066588
vt 0.175744 0.071968
vt 0.172379 0.070736
vt 0.174806 0.076219
vt 0.171746 0.072680
vt 0.177965 0.071813
vt 0.176015 0.076353
vt 0.174267 0.079220
vt 0.173596 0.079310
vt 0.172774 0.081410
vt 0.010937 0.000819
vt 0.011359 0.003423
vt 0.010937 0.005680
vt 0.018564 0.013059
vt 0.018714 0.012821
vt 0.018932 0.013253
vt 0.018794 0.013002
vt 0.015146 0.011359
vt 0.015028 0.011102
vt 0.015066 0.010332
vt 0.015146 0.010324
vt 0.048088 0.232607
vt 0.048148 0.232583
vt 0.048669 0.233253
vt 0.048222 0.233395
vt 0.049188 0.233972
vt 0.048134 0.234220
vt 0.049361 0.234750
vt 0.047986 0.235066
vt 0.049271 0.235624
vt 0.047836 0.235924
vt 0.049194 0.236587
vt 0.047918 0.236854
vt 0.049251 0.237664
vt 0.048213 0.237803
vt 0.049351 0.238786
vt 0.048481 0.238897
vt 0.049601 0.240466
vt 0.048451 0.240395
vt 0.050016 0.242682
vt 0.048139 0.242432
vt 0.049397 0.244229
vt 0.047742 0.244194
vt 0.050576 0.240640
vt 0.050268 0.238812
vt 0.050272 0.237448
vt 0.050635 0.236318
vt 0.050956 0.235318
vt 0.051118 0.234331
vt 0.050288 0.233732
vt 0.049421 0.233106
vt 0.048579 0.232499
vt 0.047798 0.231854
vt 0.047742 0.231895
vt 0.018932 0.012780
vt 0.018770 0.012351
vt 0.018932 0.012251
vt 0.018788 0.012213
vt 0.018932 0.011894
vt 0.001893 0.011359
vt 0.001698 0.011219
vt 0.001876 0.010628
vt 0.001841 0.011082
vt 0.001824 0.010335
vt 0.001857 0.010144
vt 0.001893 0.010493
vt 0.134087 0.104746
vt 0.136314 0.107692
vt 0.135807 0.107686
vt 0.134087 0.111702
vt 0.015046 0.004589
vt 0.014227 0.006360
vt 0.013550 0.005885
vt 0.013550 0.004105
vt 0.013550 0.001778
vt 0.015197 0.002181
vt 0.016041 0.006032
vt 0.015155 0.007011
vt 0.016728 0.002556
vt 0.016739 0.004275
vt 0.017144 0.005546
vt 0.018335 0.003987
vt 0.018600 0.005187
vt 0.018933 0.006696
vt 0.018074 0.006949
vt 0.017002 0.007265
vt 0.015956 0.007573
vt 0.018094 0.002890
s 1
usemtl tripo_mat_ecff2da7-035f-47da-be43-5dea97bf50e9
f 1/1 135/2 136/3 137/4
f 1/5 137/6 138/7 2/8
f 1/5 139/9 140/10 135/11
f 2/8 138/7 141/12 33/13
f 2/8 142/14 143/15 1/5
f 3/16 144/17 145/18 146/19
f 3/20 147/21 148/22 149/23
f 3/24 149/25 150/26 151/27
f 3/16 151/28 152/29 144/17
f 4/30 153/31 154/32 155/33
f 4/30 156/34 157/35 153/31
f 4/36 155/37 158/38 147/39
f 5/40 159/41 160/42 161/43
f 5/40 161/43 162/44 163/45
f 5/40 163/45 164/46 159/41
f 6/47 165/48 166/49 167/50
f 6/47 167/50 168/51 169/52
f 6/47 169/52 170/53 165/48
f 7/54 171/55 144/17 152/29
f 7/56 152/57 172/58 141/59
f 7/60 141/12 138/7 171/61
f 173/62 174/63 175/64 176/65
f 8/66 175/64 177/67 178/68
f 180/69 176/65 175/64 8/66
f 8/66 178/68 179/70 180/69
f 9/71 181/72 182/73 183/74
f 9/75 183/76 184/77 185/78
f 10/79 186/80 187/81 188/82
f 190/83 22/84 186/80 10/79
f 10/79 188/82 189/85 190/83
f 11/86 191/87 192/88 193/89
f 11/90 193/91 194/92 195/93
f 11/94 195/95 196/96 191/97
f 12/98 197/99 198/100 196/101
f 12/102 199/103 200/104 197/105
f 12/106 196/96 195/95 199/107
f 13/108 201/109 202/110 14/111
f 13/108 198/112 197/113 201/109
f 13/114 18/115 203/116 198/117
f 13/114 14/118 204/119 205/120
f 13/114 205/120 206/121 18/115
f 14/122 202/123 207/124 204/125
f 15/126 208/127 209/128 16/129
f 15/126 210/130 211/131 208/127
f 15/126 212/132 213/133 210/130
f 16/129 214/134 215/135 15/126
f 16/129 209/128 216/136 214/134
f 17/137 217/138 206/121 205/120
f 17/137 218/139 219/140 220/141
f 17/137 205/120 204/119 218/139
f 17/137 220/141 221/142 222/143
f 17/137 222/143 223/144 217/138
f 18/115 206/121 224/145 203/116
f 19/146 225/147 226/148 227/149
f 19/150 228/151 229/152 225/153
f 19/154 227/155 230/156 228/157
f 21/158 232/159 233/160 234/161
f 21/162 23/163 235/164 232/165
f 21/166 234/167 236/168 237/169
f 21/170 237/171 238/172 239/173
f 21/170 239/173 22/174 23/175
f 22/84 190/83 240/176 241/177
f 22/178 239/179 242/180 186/181
f 24/182 27/183 25/184 26/185
f 24/186 26/187 243/188 244/189
f 24/186 244/189 245/190 246/191
f 25/192 27/193 247/194 248/195
f 25/196 248/197 249/198 250/199
f 25/184 250/200 251/201 252/202
f 26/185 25/184 252/202 253/203
f 254/204 255/205 256/206 257/207
f 28/208 258/209 259/210 257/211
f 28/212 260/213 261/214 258/215
f 28/216 257/207 256/206 260/217
f 262/218 263/219 264/220 265/221
f 266/222 267/223 268/224 262/225
f 29/226 269/227 270/228 271/229
f 29/226 271/229 272/230 273/231
f 29/226 273/231 274/232 275/233
f 29/226 275/233 276/234 269/227
f 30/235 277/236 278/237 279/238
f 30/235 280/239 281/240 277/236
f 30/241 282/242 283/243 280/244
f 30/245 284/246 285/247 282/248
f 30/235 279/238 286/249 284/250
f 31/251 287/252 288/253 278/254
f 31/255 289/256 290/257 287/258
f 31/259 278/237 277/236 289/260
f 32/261 294/262 295/263 291/264
f 32/265 293/266 296/267 294/268
f 33/269 297/270 298/271 299/272
f 33/13 299/273 300/274 301/275
f 33/13 301/275 302/276 2/8
f 33/269 286/277 279/278 297/270
f 34/279 303/280 304/281 305/282
f 34/283 305/284 306/285 307/286
f 34/283 307/286 308/287 303/288
f 35/289 309/290 310/291 311/292
f 35/293 312/294 154/32 153/31
f 35/295 311/296 313/297 314/298
f 35/293 314/299 315/300 312/294
f 36/301 316/302 317/303 318/304
f 36/301 319/305 296/267 316/302
f 36/301 318/304 304/306 319/305
f 37/307 320/308 317/309 321/310
f 37/311 322/312 323/313 320/314
f 37/315 321/316 324/317 322/318
f 38/319 325/320 326/321 327/322
f 38/319 328/323 329/324 325/320
f 38/319 327/322 330/325 328/323
f 39/326 331/327 332/328 333/329
f 39/326 334/330 335/331 331/327
f 39/326 333/329 336/332 334/330
f 40/333 337/334 338/335 339/336
f 40/333 340/337 341/338 337/334
f 40/333 339/336 342/339 340/337
f 41/340 343/341 344/342 345/343
f 41/340 346/344 347/345 343/341
f 41/346 345/347 348/348 346/349
f 42/350 349/351 350/352 351/353
f 42/354 352/355 353/356 354/357
f 42/358 354/359 355/360 349/361
f 43/362 356/363 357/364 358/365
f 43/362 359/366 360/367 356/363
f 43/362 358/365 361/368 359/366
f 44/369 362/370 363/371 70/372
f 44/373 70/374 364/375 62/376
f 44/377 365/378 366/379 362/380
f 44/373 367/381 368/382 365/383
f 54/384 45/385 369/386 370/387
f 370/387 371/388 372/389 54/384
f 46/390 374/391 375/392 66/393
f 46/394 66/395 376/396 377/397
f 46/398 377/399 378/400 374/401
f 47/402 48/403 379/404 380/405
f 47/402 380/405 381/406 382/407
f 47/408 383/409 384/410 48/411
f 49/412 53/413 385/414 386/415
f 50/416 51/417 371/388 387/418
f 50/416 387/418 388/419 389/420
f 50/421 389/422 390/423 391/424
f 50/421 392/425 52/426 51/427
f 51/417 395/428 372/389 371/388
f 53/413 49/412 396/429 56/430
f 53/413 397/431 398/432 385/414
f 55/433 399/434 400/435 56/436
f 55/437 56/438 396/439 373/440
f 55/433 373/441 401/442 399/434
f 56/430 360/367 359/366 402/443
f 56/444 400/445 403/446 360/447
f 57/448 404/449 405/450 406/451
f 57/452 406/453 407/454 353/455
f 57/456 408/457 409/458 410/459
f 57/456 410/459 411/460 404/461
f 58/462 412/463 413/464 414/465
f 58/462 414/465 415/466 416/467
f 58/462 416/467 417/468 412/463
f 59/469 417/468 416/467 418/470
f 59/471 419/472 420/473 417/474
f 59/475 418/476 421/477 419/478
f 60/479 422/480 423/481 424/482
f 60/483 424/484 425/485 426/486
f 60/487 426/488 427/489 422/490
f 61/491 367/492 428/493 429/494
f 61/495 430/496 368/497 367/498
f 61/491 429/494 431/499 432/500
f 62/376 428/501 367/381 44/373
f 62/502 433/503 63/504 434/505
f 62/506 364/507 435/508 433/509
f 63/510 436/511 437/512 434/513
f 63/504 438/514 439/515 436/516
f 63/504 440/517 441/518 438/514
f 63/504 433/503 442/519 440/517
f 64/520 443/521 444/522 445/523
f 64/524 445/525 446/526 447/527
f 64/520 447/528 448/529 443/521
f 65/530 449/531 450/532 451/533
f 65/534 452/535 453/536 449/537
f 65/538 451/539 454/540 452/541
f 66/542 375/543 455/544 376/545
f 67/546 456/547 457/548 458/549
f 67/550 458/551 69/552 459/553
f 67/554 460/555 435/508 364/507
f 67/556 364/375 70/374 456/557
f 134/558 459/559 461/560 462/561
f 460/562 67/563 459/559 134/558
f 134/558 462/561 463/564 460/562
f 68/565 445/566 444/567 464/568
f 68/569 464/570 465/571 466/572
f 68/573 466/574 446/526 445/525
f 69/552 467/575 461/576 459/553
f 69/552 458/551 444/522 443/521
f 70/372 468/577 469/578 456/579
f 70/372 363/371 470/580 468/577
f 71/581 471/582 472/583 473/584
f 71/581 473/584 474/585 475/586
f 71/581 475/586 476/587 471/582
f 72/588 477/589 478/590 479/591
f 72/588 479/591 480/592 481/593
f 72/594 481/595 482/596 477/597
f 73/598 483/599 484/600 485/601
f 73/602 485/603 486/604 487/605
f 73/602 487/605 488/606 483/607
f 74/608 489/609 490/610 491/611
f 74/612 492/613 493/614 489/615
f 74/608 491/611 407/454 494/616
f 495/617 496/618 497/619 498/620
f 75/621 499/622 500/623 501/624
f 75/621 502/625 503/626 499/622
f 75/627 501/628 504/629 505/630
f 75/631 505/632 506/633 507/634
f 75/621 507/635 508/636 502/625
f 76/637 509/638 510/639 511/640
f 88/641 513/642 509/638 76/637
f 76/637 511/640 512/643 88/641
f 77/644 514/645 515/646 516/647
f 77/644 517/648 518/649 514/645
f 77/644 516/647 519/650 517/648
f 78/651 520/652 521/653 522/654
f 78/651 523/655 524/656 520/652
f 78/651 522/654 525/657 523/655
f 79/658 526/659 527/660 528/661
f 79/658 529/662 530/663 526/659
f 81/664 533/665 534/666 535/667
f 81/668 535/669 536/670 537/671
f 81/664 537/672 538/673 533/665
f 82/674 539/675 540/676 541/677
f 82/674 542/678 543/679 539/675
f 82/674 541/677 544/680 542/678
f 545/681 546/682 547/683 548/684
f 83/685 551/686 552/687 553/688
f 84/689 554/690 538/691 537/692
f 84/693 537/671 536/670 555/694
f 84/695 555/696 556/697 85/698
f 85/698 556/697 557/699 558/700
f 85/698 558/700 559/701 560/702
f 86/703 561/704 562/705 563/706
f 86/707 563/708 512/643 564/709
f 86/710 564/711 565/712 566/713
f 86/703 566/714 567/715 568/716
f 86/703 568/716 569/717 561/704
f 87/718 406/451 405/450 570/719
f 87/720 570/721 571/722 572/723
f 87/720 572/723 573/724 574/725
f 87/726 494/616 407/454 406/453
f 87/720 574/725 575/727 494/728
f 88/641 512/643 563/708 89/729
f 88/730 576/731 577/732 578/733
f 88/730 89/734 99/735 576/731
f 89/729 563/708 562/736 99/737
f 90/738 579/739 580/740 581/741
f 90/742 581/743 582/744 583/745
f 90/746 583/747 584/748 579/749
f 91/750 585/751 586/752 587/753
f 91/754 588/755 589/756 590/757
f 91/754 587/758 591/759 588/755
f 91/754 590/757 592/760 593/761
f 91/762 593/763 594/764 585/765
f 92/766 595/767 596/768 597/769
f 92/770 597/771 598/772 599/773
f 92/774 599/775 600/776 595/777
f 93/778 601/779 602/780 603/781
f 93/782 604/783 605/784 601/785
f 93/786 603/787 606/788 604/789
f 94/790 607/791 608/792 609/793
f 94/790 609/793 610/794 611/795
f 94/796 611/797 586/752 585/751
f 94/790 612/798 613/799 607/791
f 94/800 585/765 594/764 612/801
f 95/802 614/803 615/804 616/805
f 95/802 616/805 617/806 618/807
f 95/802 618/807 619/808 614/803
f 96/809 620/810 606/788 603/787
f 96/811 621/812 622/813 620/814
f 96/815 603/781 602/780 621/816
f 97/817 623/818 624/819 625/820
f 97/821 625/822 600/776 599/775
f 97/823 599/773 598/772 623/824
f 98/825 626/826 627/827 628/828
f 98/829 629/830 630/831 569/717
f 99/832 562/705 631/833 632/834
f 99/735 632/835 633/836 634/837
f 99/735 634/837 635/838 576/731
f 100/839 636/840 637/841 638/842
f 100/843 639/844 640/845 101/846
f 100/843 638/847 641/848 639/844
f 101/849 642/850 643/851 644/852
f 101/849 640/853 645/854 642/850
f 102/855 646/856 647/857 648/858
f 102/859 649/860 650/861 646/862
f 102/863 648/864 651/865 649/866
f 103/867 652/868 653/869 654/870
f 103/871 655/872 656/873 657/874
f 103/867 657/875 105/876 652/868
f 103/871 654/877 658/878 655/872
f 104/879 659/880 660/881 661/882
f 663/883 664/884 659/880 104/879
f 104/879 661/882 662/885 663/883
f 105/876 665/886 666/887 667/888
f 106/889 668/890 108/891 669/892
f 107/893 670/894 671/895 668/890
f 108/891 672/896 647/897 669/892
f 109/898 673/899 674/900 675/901
f 109/898 676/902 677/903 673/899
f 109/898 675/901 678/904 676/902
f 110/905 679/906 680/907 681/908
f 110/909 681/910 682/911 683/912
f 110/913 683/914 684/915 679/916
f 111/917 685/918 679/906 684/919
f 111/920 686/921 687/922 685/923
f 111/924 684/925 688/926 686/927
f 112/928 689/929 690/930 651/865
f 112/931 691/932 692/933 689/934
f 112/931 651/935 648/936 691/932
f 114/937 693/938 694/939 695/940
f 697/941 698/942 693/938 114/937
f 114/937 695/940 696/943 697/941
f 115/944 699/945 700/946 701/947
f 115/944 702/948 703/949 699/945
f 115/944 701/947 704/950 702/948
f 116/951 705/952 706/953 707/954
f 116/955 707/956 708/957 709/958
f 116/959 709/960 710/961 705/962
f 117/963 711/964 712/965 713/966
f 117/963 713/966 714/967 715/968
f 117/963 715/968 716/969 711/964
f 118/970 717/971 718/972 719/973
f 118/974 719/975 454/540 122/976
f 118/970 122/977 720/978 717/971
f 119/979 721/980 722/981 723/982
f 725/983 120/984 721/985 119/986
f 119/986 723/987 724/988 725/983
f 120/989 726/990 727/991 728/992
f 120/993 728/994 729/995 730/996
f 120/993 730/996 731/997 721/998
f 120/989 725/999 732/1000 726/990
f 121/1001 733/1002 453/1003 452/1004
f 121/1005 452/541 454/540 719/975
f 121/1006 719/1007 718/1008 733/1009
f 122/1010 454/1011 451/533 720/1012
f 123/1013 734/1014 735/1015 736/1016
f 123/1017 736/1018 737/1019 738/1020
f 739/1021 740/1022 741/1023 734/1024
f 389/422 742/1025 743/1026 393/1027
f 124/1028 744/1029 745/1030 746/1031
f 124/1028 746/1031 747/1032 748/1033
f 124/1028 749/1034 750/1035 744/1029
f 125/1036 751/1037 128/1038 752/1039
f 125/1040 753/1041 129/1042 754/1043
f 126/1044 755/1045 756/1046 757/1047
f 126/1048 757/1049 758/1050 129/1051
f 126/1044 759/1052 760/1053 755/1045
f 127/1054 762/1055 763/1056 764/1057
f 127/1054 765/1058 766/1059 762/1055
f 128/1060 751/1061 767/1062 768/1063
f 129/1042 758/1064 769/1065 754/1043
f 130/1066 770/1067 771/1068 772/1069
f 130/1070 772/1071 773/1072 774/1073
f 130/1066 774/1074 775/1075 770/1067
f 131/1076 776/1077 775/1078 774/1079
f 131/1080 774/1073 773/1072 777/1081
f 131/1082 777/1083 778/1084 776/1085
f 132/1086 779/1087 780/1088 781/1089
f 132/1086 781/1089 782/1090 783/1091
f 132/1086 783/1091 784/1092 779/1087
f 133/1093 785/1094 786/1095 787/1096
f 133/1097 788/1098 789/1099 785/1100
f 133/1093 787/1096 790/1101 788/1102
f 790/1101 791/1103 792/1104 793/1105
f 790/1101 793/1105 794/1106 788/1102
f 790/1101 787/1096 795/1107 791/1103
f 795/1107 796/1108 797/1109 791/1103
f 795/1107 787/1096 786/1095 798/1110
f 795/1107 798/1110 799/1111 796/1108
f 799/1111 800/1112 801/1113 796/1108
f 799/1114 798/1115 708/957 802/1116
f 799/1114 802/1116 803/1117 800/1118
f 803/1117 804/1119 805/1120 800/1118
f 803/1117 802/1116 806/1121 807/1122
f 803/1117 807/1122 808/1123 804/1119
f 808/1123 809/1124 810/1125 804/1119
f 808/1126 807/1127 811/1128 812/1129
f 808/1126 812/1129 813/1130 809/1131
f 813/1130 814/1132 815/1133 809/1131
f 813/1130 812/1129 816/1134 817/1135
f 813/1130 817/1135 818/1136 814/1132
f 818/1136 819/1137 820/1138 814/1132
f 818/1136 817/1135 821/1139 822/1140
f 818/1136 822/1140 823/1141 819/1137
f 823/1141 824/1142 825/1143 819/1137
f 823/1141 822/1140 826/1144 827/1145
f 823/1141 827/1145 828/1146 824/1142
f 828/1146 439/515 438/514 824/1142
f 828/1146 827/1145 829/1147 830/1148
f 828/1146 830/1148 831/1149 439/515
f 831/1149 832/1150 436/516 439/515
f 831/1149 830/1148 833/1151 745/1030
f 831/1149 745/1030 744/1029 832/1150
f 833/1151 830/1148 829/1147 834/1152
f 833/1151 834/1152 835/1153 836/1154
f 833/1151 836/1154 746/1031 745/1030
f 836/1154 835/1153 837/1155 838/1156
f 836/1154 838/1156 747/1032 746/1031
f 838/1156 837/1155 839/1157 840/1158
f 838/1156 840/1158 841/1159 747/1032
f 841/1159 842/1160 748/1033 747/1032
f 841/1161 840/1162 843/1163 844/1164
f 841/1165 844/1166 845/1167 842/1168
f 845/1167 846/1169 847/1170 842/1168
f 845/1167 844/1166 848/1171 849/1172
f 845/1173 849/1174 391/424 846/1175
f 849/1174 848/1176 850/1177 392/425
f 849/1174 392/425 50/421 391/424
f 848/1171 844/1166 843/1178 851/1179
f 848/1176 851/1180 852/1181 850/1177
f 852/1181 851/1180 853/1182 854/1183
f 852/1181 854/1183 855/1184 856/1185
f 852/1181 856/1185 857/1186 850/1177
f 856/1185 855/1184 858/1187 859/1188
f 856/1185 859/1188 860/1189 857/1186
f 860/1189 861/1190 395/1191 857/1186
f 860/1189 859/1188 862/1192 863/1193
f 860/1189 863/1193 864/1194 861/1190
f 864/1195 865/1196 866/1197 861/1198
f 864/1194 863/1193 867/1199 868/1200
f 864/1195 868/1201 869/1202 865/1196
f 869/1202 870/1203 871/1204 865/1196
f 869/1202 868/1201 461/576 467/575
f 869/1202 467/575 872/1205 870/1203
f 872/1205 873/1206 874/1207 870/1203
f 872/1205 467/575 69/552 875/1208
f 872/1205 875/1208 876/1209 873/1206
f 876/1209 877/1210 878/1211 873/1206
f 876/1209 875/1208 448/529 879/1212
f 876/1209 879/1212 880/1213 877/1210
f 880/1213 455/544 881/1214 877/1210
f 880/1213 879/1212 882/1215 883/1216
f 880/1213 883/1216 376/545 455/544
f 883/1217 882/1218 884/1219 885/1220
f 883/1217 885/1220 377/397 376/396
f 885/1221 884/1222 886/1223 887/1224
f 885/1221 887/1224 378/400 377/399
f 887/1224 886/1223 888/1225 889/1226
f 887/1224 889/1226 890/1227 378/400
f 890/1227 889/1226 891/1228 379/404
f 890/1227 379/404 48/403 384/1229
f 890/1227 384/1229 374/401 378/400
f 891/1228 892/1230 893/1231 894/1232
f 891/1228 894/1232 380/405 379/404
f 891/1228 889/1226 888/1225 892/1230
f 894/1232 893/1231 895/1233 896/1234
f 894/1232 896/1234 381/406 380/405
f 896/1234 895/1233 897/1235 898/1236
f 896/1234 898/1236 899/1237 381/406
f 899/1237 898/1236 900/1238 901/1239
f 899/1237 901/1239 902/1240 903/1241
f 899/1237 903/1241 382/407 381/406
f 903/1242 902/1243 403/1244 904/1245
f 903/1242 904/1245 905/1246 382/1247
f 905/1248 904/1249 906/1250 907/1251
f 905/1248 907/1251 878/1211 908/1252
f 905/1253 908/1254 47/1255 382/1256
f 908/1252 878/1211 877/1210 881/1214
f 908/1254 881/1257 383/1258 47/1255
f 907/1251 906/1250 909/1259 874/1207
f 907/1251 874/1207 873/1206 878/1211
f 909/1259 906/1250 400/435 399/434
f 909/1259 399/434 401/442 871/1204
f 909/1259 871/1204 870/1203 874/1207
f 906/1260 904/1261 403/1262 400/1263
f 902/1240 901/1239 357/364 356/363
f 902/1240 356/363 360/367 403/1264
f 901/1239 900/1238 910/1265 357/364
f 910/1265 911/1266 912/1267 913/1268
f 910/1265 913/1268 358/365 357/364
f 910/1265 900/1238 914/1269 911/1266
f 914/1269 915/1270 916/1271 911/1266
f 914/1269 900/1238 898/1236 897/1235
f 914/1269 897/1235 470/580 915/1270
f 916/1271 917/1272 918/1273 919/1274
f 916/1271 919/1274 912/1267 911/1266
f 916/1271 915/1270 920/1275 917/1272
f 920/1275 921/1276 922/1277 917/1272
f 920/1275 915/1270 470/580 363/371
f 920/1275 363/371 362/370 921/1276
f 922/1278 923/1279 924/1280 925/1281
f 922/1278 925/1281 918/1282 917/1283
f 922/1278 921/1284 926/1285 923/1279
f 926/1285 927/1286 928/1287 923/1279
f 926/1285 921/1284 362/380 366/379
f 926/1285 366/379 929/1288 927/1286
f 929/1288 930/1289 931/1290 927/1286
f 929/1288 366/379 365/378 932/1291
f 929/1288 932/1291 933/1292 930/1289
f 933/1293 934/1294 935/1295 930/1296
f 933/1297 932/1298 936/1299 937/1300
f 933/1297 937/1300 938/1301 934/1302
f 938/1303 939/1304 940/1305 934/1294
f 938/1306 937/1307 941/1308 942/1309
f 938/1303 942/1310 943/1311 939/1304
f 943/1311 944/1312 945/1313 939/1304
f 943/1314 942/1309 946/1315 947/1316
f 943/1311 947/1317 948/1318 944/1312
f 948/1318 949/1319 950/1320 944/1312
f 948/1318 947/1317 951/1321 952/1322
f 948/1318 952/1322 953/1323 949/1319
f 953/1323 954/1324 955/1325 949/1319
f 953/1323 952/1322 956/1326 957/1327
f 953/1323 957/1327 958/1328 954/1324
f 958/1329 959/1330 960/1331 954/1332
f 958/1333 957/1334 961/1335 962/1336
f 958/1333 962/1336 963/1337 959/1338
f 963/1337 964/1339 965/1340 959/1338
f 963/1341 962/1342 966/1343 967/1344
f 963/1345 967/1346 968/1347 964/1348
f 968/1347 969/1349 970/1350 964/1348
f 968/1347 967/1346 971/1351 972/1352
f 968/1347 972/1352 973/1353 969/1349
f 973/1353 974/1354 975/1355 969/1349
f 973/1353 972/1352 474/585 473/584
f 973/1353 473/584 472/583 974/1354
f 975/1355 976/1356 977/1357 978/1358
f 975/1355 978/1358 970/1350 969/1349
f 975/1355 974/1354 979/1359 976/1356
f 979/1359 980/1360 981/1361 976/1356
f 979/1359 974/1354 472/583 982/1362
f 979/1359 982/1362 983/1363 980/1360
f 983/1364 984/1365 985/1366 980/1367
f 983/1363 982/1362 986/1368 425/485
f 983/1364 425/1369 424/482 984/1365
f 986/1368 982/1362 472/583 471/582
f 986/1370 471/1371 476/1372 987/1373
f 986/1368 987/1374 426/486 425/485
f 987/1373 476/1372 988/1375 989/1376
f 987/1373 989/1376 427/489 426/488
f 989/1376 988/1375 990/1377 991/1378
f 989/1376 991/1378 992/1379 427/489
f 992/1379 991/1378 993/1380 994/1381
f 992/1379 994/1381 995/1382 996/1383
f 992/1379 996/1383 422/490 427/489
f 996/1384 995/1385 997/1386 998/1387
f 996/1388 998/1389 423/481 422/480
f 998/1387 997/1386 999/1390 1000/1391
f 998/1389 1000/1392 1001/1393 423/481
f 1001/1393 1000/1392 1002/1394 1003/1395
f 1001/1393 1003/1395 985/1366 984/1365
f 1001/1393 984/1365 424/482 423/481
f 1003/1395 1002/1394 1004/1396 1005/1397
f 1003/1395 1005/1397 1006/1398 985/1366
f 1006/1398 1005/1397 1007/1399 1008/1400
f 1006/1398 1008/1400 1009/1401 981/1402
f 1006/1398 981/1402 980/1367 985/1366
f 1009/1403 1008/1404 1010/1405 1011/1406
f 1009/1403 1011/1406 1012/1407 977/1408
f 1009/1409 977/1357 976/1356 981/1361
f 1012/1410 1011/1411 1013/1412 1014/1413
f 1012/1410 1014/1413 1015/1414 1016/1415
f 1012/1407 1016/1416 978/1417 977/1408
f 1016/1415 1015/1414 1017/1418 1018/1419
f 1016/1416 1018/1420 970/1421 978/1417
f 1018/1422 1017/1423 1019/1424 965/1425
f 1018/1420 965/1340 964/1339 970/1421
f 1019/1424 1017/1423 1020/1426 1021/1427
f 1019/1424 1021/1427 1022/1428 960/1331
f 1019/1424 960/1331 959/1330 965/1425
f 1022/1428 1021/1427 1023/1429 1024/1430
f 1022/1428 1024/1430 1025/1431 955/1432
f 1022/1428 955/1432 954/1332 960/1331
f 1025/1433 1024/1434 1026/1435 1027/1436
f 1025/1433 1027/1436 1028/1437 950/1320
f 1025/1433 950/1320 949/1319 955/1325
f 1028/1437 1027/1436 1029/1438 1030/1439
f 1028/1437 1030/1439 1031/1440 945/1313
f 1028/1437 945/1313 944/1312 950/1320
f 1031/1440 1030/1439 1032/1441 1033/1442
f 1031/1440 1033/1442 1034/1443 940/1305
f 1031/1440 940/1305 939/1304 945/1313
f 1034/1443 1033/1442 1035/1444 1036/1445
f 1034/1443 1036/1445 1037/1446 935/1295
f 1034/1443 935/1295 934/1294 940/1305
f 1037/1446 1036/1445 1038/1447 1039/1448
f 1037/1446 1039/1448 1040/1449 931/1450
f 1037/1446 931/1450 930/1296 935/1295
f 1040/1449 1039/1448 1041/1451 1042/1452
f 1040/1449 1042/1452 1043/1453 928/1454
f 1040/1449 928/1454 927/1455 931/1450
f 1043/1453 1042/1452 1044/1456 1045/1457
f 1043/1458 1045/1459 1046/1460 924/1280
f 1043/1458 924/1280 923/1279 928/1287
f 1046/1460 1045/1459 1047/1461 1048/1462
f 1046/1460 1048/1462 1049/1463 1050/1464
f 1046/1460 1050/1464 925/1281 924/1280
f 1050/1464 1049/1463 1051/1465 1052/1466
f 1050/1464 1052/1466 918/1282 925/1281
f 1052/1466 1051/1465 1053/1467 1054/1468
f 1052/1466 1054/1468 919/1469 918/1282
f 1054/1470 1053/1471 1055/1472 1056/1473
f 1054/1470 1056/1473 912/1267 919/1274
f 1056/1473 1055/1472 1057/1474 1058/1475
f 1056/1473 1058/1475 913/1268 912/1267
f 1058/1475 1057/1474 1059/1476 361/368
f 1058/1475 361/368 358/365 913/1268
f 1059/1476 1057/1474 1060/1477 1061/1478
f 1059/1476 1061/1478 1062/1479 402/443
f 1059/1476 402/443 359/366 361/368
f 1062/1479 1061/1478 1063/1480 1064/1481
f 1062/1479 1064/1481 397/431 53/413
f 1062/1479 53/413 56/430 402/443
f 1064/1481 1063/1480 1065/1482 1066/1483
f 1064/1481 1066/1483 1067/1484 397/431
f 1067/1484 1066/1483 1068/1485 1069/1486
f 1067/1484 1069/1486 1070/1487 1071/1488
f 1067/1484 1071/1488 398/432 397/431
f 1071/1488 1070/1487 1072/1489 1073/1490
f 1071/1488 1073/1490 1074/1491 398/432
f 1074/1491 1073/1490 1075/1492 1076/1493
f 1074/1491 1076/1493 1077/1494 1078/1495
f 1074/1491 1078/1495 385/414 398/432
f 1078/1495 1077/1494 1079/1496 1080/1497
f 1078/1495 1080/1497 386/415 385/414
f 1080/1497 1079/1496 1081/1498 1082/1499
f 1080/1497 1082/1499 369/1500 386/415
f 1082/1501 1081/1502 1083/1503 1084/1504
f 1082/1501 1084/1504 370/387 369/386
f 1084/1504 1083/1503 1085/1505 1086/1506
f 1084/1504 1086/1506 1087/1507 370/387
f 1087/1507 387/418 371/388 370/387
f 1087/1507 1086/1506 1088/1508 1089/1509
f 1087/1507 1089/1509 388/419 387/418
f 1089/1509 1088/1508 1090/1510 1091/1511
f 1089/1509 1091/1511 1092/1512 388/419
f 1092/1512 1093/1513 389/420 388/419
f 1092/1512 1091/1511 1094/1514 1095/1515
f 1092/1512 1095/1515 1096/1516 1093/1513
f 1096/1516 1097/1517 1098/1518 1093/1513
f 1096/1516 1095/1515 1099/1519 1100/1520
f 1096/1516 1100/1520 1101/1521 1097/1517
f 1101/1521 1102/1522 1103/1523 1097/1517
f 1101/1521 1100/1520 1104/1524 1105/1525
f 1101/1521 1105/1525 1106/1526 1102/1522
f 1106/1526 1107/1527 1108/1528 1102/1522
f 1106/1526 1105/1525 1109/1529 1110/1530
f 1106/1526 1110/1530 1111/1531 1107/1527
f 1111/1532 1112/1533 1113/1534 1107/1535
f 1111/1531 1110/1530 1114/1536 1115/1537
f 1111/1532 1115/1538 1116/1539 1112/1533
f 1116/1539 1117/1540 1118/1541 1112/1533
f 1116/1542 1115/1537 1119/1543 1120/1544
f 1116/1539 1120/1545 1121/1546 1117/1540
f 1121/1547 1122/1548 1123/1549 1117/1550
f 1121/1546 1120/1545 1124/1551 1125/1552
f 1121/1546 1125/1552 1126/1553 1122/1554
f 1126/1555 1127/1556 1128/1557 1122/1548
f 1126/1553 1125/1552 157/35 156/34
f 1126/1555 156/1558 1129/1559 1127/1556
f 1129/1559 1130/1560 1131/1561 1127/1556
f 1129/1562 156/1563 4/1564 146/1565
f 1129/1562 146/1565 145/1566 1130/1567
f 1131/1561 1132/1568 1133/1569 1134/1570
f 1131/1561 1134/1570 1128/1557 1127/1556
f 1131/1561 1130/1560 1135/1571 1132/1568
f 1135/1571 136/1572 1136/1573 1132/1568
f 1135/1571 1130/1560 145/1574 1137/1575
f 1135/1571 1137/1575 137/1576 136/1572
f 1137/1577 145/18 144/17 171/55
f 1137/1577 171/55 138/1578 137/1579
f 1136/1580 1138/1581 1139/1582 1140/1583
f 1136/1573 1140/1584 1133/1569 1132/1568
f 1136/1580 136/1585 135/11 1138/1581
f 1140/1583 1139/1582 1141/1586 1142/1587
f 1140/1584 1142/1588 1143/1589 1133/1569
f 1143/1589 1142/1588 1144/1590 1145/1591
f 1143/1589 1145/1591 1146/1592 1147/1593
f 1143/1589 1147/1593 1134/1570 1133/1569
f 1147/1593 1146/1592 1148/1594 1149/1595
f 1147/1593 1149/1595 1128/1557 1134/1570
f 1149/1595 1148/1594 1150/1596 1123/1549
f 1149/1595 1123/1549 1122/1548 1128/1557
f 1150/1596 1148/1594 1151/1597 1152/1598
f 1150/1596 1152/1598 1153/1599 1118/1600
f 1150/1596 1118/1600 1117/1550 1123/1549
f 1153/1599 1152/1598 1154/1601 1155/1602
f 1153/1603 1155/1604 1156/1605 1113/1534
f 1153/1603 1113/1534 1112/1533 1118/1541
f 1156/1606 1155/1602 1157/1607 1158/1608
f 1156/1605 1158/1609 1159/1610 1108/1611
f 1156/1605 1108/1611 1107/1535 1113/1534
f 1159/1610 1158/1609 1160/1612 1161/1613
f 1159/1614 1161/1615 1162/1616 1103/1523
f 1159/1614 1103/1523 1102/1522 1108/1528
f 1162/1616 1161/1615 740/1617 1163/1618
f 1162/1616 1163/1618 742/1619 1098/1518
f 1162/1616 1098/1518 1097/1517 1103/1523
f 1163/1618 740/1617 739/1620 1164/1621
f 1163/1618 1164/1621 743/1622 742/1619
f 1164/1621 739/1620 738/1623 1165/1624
f 1164/1625 1165/1626 1166/1627 743/1628
f 1166/1629 1165/1630 1167/1631 847/1632
f 1166/1627 847/1170 846/1169 394/1633
f 1166/1627 394/1633 393/1634 743/1628
f 1167/1635 1165/1636 738/1020 737/1019
f 1167/1635 737/1019 124/1028 748/1033
f 1167/1637 748/1638 842/1639 847/1640
f 1161/1613 1160/1612 741/1023 740/1022
f 1160/1641 1168/1642 1169/1643 741/1644
f 1160/1641 1158/1608 1157/1607 1168/1642
f 1169/1643 1170/1645 1171/1646 1172/1647
f 1169/1643 1172/1647 734/1014 741/1644
f 1169/1643 1168/1642 1173/1648 1170/1645
f 1173/1648 1174/1649 1175/1650 1170/1645
f 1173/1648 1168/1642 1157/1607 1176/1651
f 1173/1648 1176/1651 1177/1652 1174/1649
f 1177/1652 1178/1653 1179/1654 1174/1649
f 1177/1652 1176/1651 1154/1601 1180/1655
f 1177/1652 1180/1655 1181/1656 1178/1653
f 1181/1656 1182/1657 1183/1658 1178/1653
f 1181/1656 1180/1655 1151/1597 1184/1659
f 1181/1656 1184/1659 1185/1660 1182/1657
f 1185/1660 1186/1661 1187/1662 1182/1657
f 1185/1660 1184/1659 1146/1592 1145/1591
f 1185/1660 1145/1591 1144/1590 1186/1661
f 1187/1663 1188/1664 1189/1665 1190/1666
f 1187/1662 1190/1667 1183/1658 1182/1657
f 1187/1663 1186/1668 1191/1669 1188/1664
f 1191/1669 1192/1670 1193/1671 1188/1664
f 1191/1669 1186/1668 1144/1672 1194/1673
f 1191/1669 1194/1673 1195/1674 1192/1670
f 1195/1675 1196/1676 1197/1677 1192/1678
f 1195/1674 1194/1673 1141/1586 1198/1679
f 1195/1675 1198/1680 1199/1681 1196/1676
f 1199/1681 1200/1682 1201/1683 1196/1676
f 1199/1684 1198/1679 1202/1685 1203/1686
f 1199/1681 1203/1687 1204/1688 1200/1682
f 1204/1688 1205/1689 1206/1690 1200/1682
f 1204/1691 1203/1686 1207/1692 1208/1693
f 1204/1688 1208/1694 1209/1695 1205/1689
f 1209/1695 1210/1696 1211/1697 1205/1689
f 1209/1695 1208/1694 1212/1698 1213/1699
f 1209/1695 1213/1699 1214/1700 1210/1696
f 1214/1700 1215/1701 1216/1702 1210/1696
f 1214/1700 1213/1699 1217/1703 1218/1704
f 1214/1700 1218/1704 1219/1705 1215/1701
f 1219/1706 1220/1707 1221/1708 1215/1709
f 1219/1705 1218/1704 1222/1710 1223/1711
f 1219/1705 1223/1711 1224/1712 1220/1713
f 1224/1714 1225/1715 1226/1716 1220/1707
f 1224/1712 1223/1711 1227/1717 1228/1718
f 1224/1714 1228/1719 1229/1720 1225/1715
f 1229/1720 1230/1721 1231/1722 1225/1715
f 1229/1720 1228/1719 1232/1723 1233/1724
f 1229/1720 1233/1724 1234/1725 1230/1721
f 1234/1725 1235/1726 1236/1727 1230/1721
f 1234/1725 1233/1724 1237/1728 1238/1729
f 1234/1725 1238/1729 1239/1730 1235/1726
f 1239/1730 1240/1731 1241/1732 1235/1726
f 1239/1730 1238/1729 1242/1733 1243/1734
f 1239/1730 1243/1734 1244/1735 1240/1731
f 1244/1735 1245/1736 1246/1737 1240/1731
f 1244/1735 1243/1734 1247/1738 1248/1739
f 1244/1735 1248/1739 1249/1740 1245/1736
f 1249/1741 1250/1742 1251/1743 1245/1744
f 1249/1740 1248/1739 1252/1745 1253/1746
f 1249/1741 1253/1747 1254/1748 1250/1742
f 1254/1749 1255/1750 1256/1751 1250/1752
f 1254/1753 1253/1754 1257/1755 341/1756
f 1254/1749 341/338 340/337 1255/1750
f 1257/1755 1253/1754 1252/1757 1258/1758
f 1257/1755 1258/1758 1259/1759 1260/1760
f 1257/1755 1260/1760 337/1761 341/1756
f 1260/1760 1259/1759 1261/1762 1262/1763
f 1260/1760 1262/1763 338/1764 337/1761
f 1262/1763 1261/1762 1263/1765 1264/1766
f 1262/1763 1264/1766 1265/1767 338/1764
f 1265/1768 1266/1769 1267/1770 1268/1771
f 1265/1768 1268/1771 339/1772 338/1773
f 1265/1768 1264/1774 1269/1775 1266/1769
f 1269/1776 1264/1766 1263/1765 1270/1777
f 1269/1776 1270/1777 348/348 345/347
f 1269/1775 345/343 344/342 1266/1769
f 1270/1777 1263/1765 332/328 1271/1778
f 1270/1777 1271/1778 1272/1779 348/348
f 1272/1779 1271/1778 1273/1780 1274/1781
f 1272/1782 1274/1783 1275/1784 1276/1785
f 1272/1782 1276/1785 346/1786 348/1787
f 1276/1785 1275/1784 330/325 1277/1788
f 1276/1785 1277/1788 347/1789 346/1786
f 1277/1788 330/325 327/322 1278/1790
f 1277/1788 1278/1790 1279/1791 347/1789
f 1279/1791 1278/1790 1280/1792 1281/1793
f 1279/1794 1281/1795 1282/1796 1283/1797
f 1279/1794 1283/1797 343/341 347/345
f 1283/1797 1282/1796 1284/1798 1285/1799
f 1283/1797 1285/1799 344/342 343/341
f 1285/1799 1284/1798 1286/1800 1267/1770
f 1285/1799 1267/1770 1266/1769 344/342
f 1286/1800 1284/1798 1287/1801 1288/1802
f 1286/1803 1288/1804 1289/1805 1290/1806
f 1286/1800 1290/1807 1268/1771 1267/1770
f 1290/1806 1289/1805 1291/1808 342/339
f 1290/1807 342/1809 339/1772 1268/1771
f 1291/1808 1289/1805 1292/1810 1293/1811
f 1291/1808 1293/1811 1256/1751 1255/1750
f 1291/1808 1255/1750 340/337 342/339
f 1293/1811 1292/1810 1294/1812 1295/1813
f 1293/1811 1295/1813 1296/1814 1256/1751
f 1296/1814 1295/1813 1297/1815 1298/1816
f 1296/1814 1298/1816 1299/1817 1251/1818
f 1296/1814 1251/1818 1250/1752 1256/1751
f 1299/1817 1298/1816 1300/1819 1301/1820
f 1299/1821 1301/1822 1302/1823 1246/1824
f 1299/1821 1246/1824 1245/1744 1251/1743
f 1302/1823 1301/1822 1303/1825 1304/1826
f 1302/1827 1304/1828 1305/1829 1241/1732
f 1302/1827 1241/1732 1240/1731 1246/1737
f 1305/1829 1304/1828 1306/1830 1307/1831
f 1305/1829 1307/1831 1308/1832 1236/1727
f 1305/1829 1236/1727 1235/1726 1241/1732
f 1308/1832 1307/1831 240/176 190/83
f 1308/1832 190/83 189/85 1231/1722
f 1308/1832 1231/1722 1230/1721 1236/1727
f 1307/1831 1306/1830 1309/1833 240/176
f 1309/1834 1310/1835 267/223 266/222
f 1309/1833 266/1836 241/177 240/176
f 1309/1834 1306/1837 1311/1838 1310/1835
f 1311/1838 1312/1839 1313/1840 1310/1835
f 1311/1838 1306/1837 1304/1826 1303/1825
f 1311/1838 1303/1825 1314/1841 1312/1839
f 1314/1842 1315/1843 1316/1844 1312/1845
f 1314/1842 1303/1846 1301/1820 1300/1819
f 1314/1842 1300/1819 1317/1847 1315/1843
f 1317/1847 1318/1848 1319/1849 1315/1843
f 1317/1847 1300/1819 1298/1816 1297/1815
f 1317/1847 1297/1815 1320/1850 1318/1848
f 1320/1850 1321/1851 1322/1852 1318/1848
f 1320/1850 1297/1815 1295/1813 1294/1812
f 1320/1850 1294/1812 1323/1853 1321/1851
f 1323/1854 1324/1855 1325/1856 1321/1857
f 1323/1853 1294/1812 1292/1810 1326/1858
f 1323/1859 1326/1860 1327/1861 1324/1862
f 1327/1863 1328/1864 1329/1865 1324/1855
f 1327/1861 1326/1860 1288/1802 1287/1801
f 1327/1863 1287/1866 1330/1867 1328/1864
f 1330/1867 1331/1868 1332/1869 1328/1864
f 1330/1870 1287/1801 1284/1798 1282/1796
f 1330/1867 1282/1871 1281/1872 1331/1868
f 1332/1869 1333/1873 1334/1874 1335/1875
f 1332/1869 1335/1875 1329/1865 1328/1864
f 1332/1869 1331/1868 1336/1876 1333/1873
f 1336/1876 1337/1877 1338/1878 1333/1873
f 1336/1876 1331/1868 1281/1872 1280/1879
f 1336/1880 1280/1792 326/321 1337/1881
f 1338/1882 1339/1883 1340/1884 1341/1885
f 1338/1878 1341/1886 1334/1874 1333/1873
f 1338/1882 1337/1881 1342/1887 1339/1883
f 1342/1887 1343/1888 1344/1889 1339/1883
f 1342/1887 1337/1881 326/321 325/320
f 1342/1887 325/320 329/324 1343/1888
f 1344/1890 1345/1891 1346/1892 1347/1893
f 1344/1890 1347/1893 1340/1894 1339/1895
f 1344/1890 1343/1896 1348/1897 1345/1891
f 1348/1897 1349/1898 1350/1899 1345/1891
f 1348/1897 1343/1896 329/1900 1351/1901
f 1348/1897 1351/1901 1352/1902 1349/1898
f 1352/1902 1353/1903 1354/1904 1349/1898
f 1352/1905 1351/1906 1355/1907 1356/1908
f 1352/1909 1356/1910 1357/1911 1353/1912
f 1357/1911 335/331 1358/1913 1353/1912
f 1357/1911 1356/1910 1274/1781 1273/1780
f 1357/1911 1273/1780 331/327 335/331
f 1358/1913 1359/1914 1360/1915 1361/1916
f 1358/1913 1361/1916 1354/1917 1353/1912
f 1358/1913 335/331 334/330 1359/1914
f 1361/1918 1360/1919 1362/1920 1363/1921
f 1361/1916 1363/1922 1364/1923 1354/1917
f 1364/1924 1363/1925 1365/1926 1366/1927
f 1364/1924 1366/1927 1367/1928 1350/1899
f 1364/1924 1350/1899 1349/1898 1354/1904
f 1367/1928 1366/1927 1368/1929 1369/1930
f 1367/1928 1369/1930 1370/1931 1346/1892
f 1367/1928 1346/1892 1345/1891 1350/1899
f 1370/1931 1369/1930 1371/1932 1372/1933
f 1370/1934 1372/1935 1373/1936 1374/1937
f 1370/1931 1374/1938 1347/1893 1346/1892
f 1374/1937 1373/1936 1375/1939 1376/1940
f 1374/1938 1376/1941 1340/1894 1347/1893
f 1376/1940 1375/1939 1377/1942 1378/1943
f 1376/1940 1378/1943 1341/1885 1340/1884
f 1378/1944 1377/1945 1379/1946 1380/1947
f 1378/1944 1380/1947 1334/1874 1341/1886
f 1380/1947 1379/1946 1381/1948 1382/1949
f 1380/1947 1382/1949 1335/1875 1334/1874
f 1382/1949 1381/1948 1383/1950 1384/1951
f 1382/1949 1384/1951 1329/1865 1335/1875
f 1384/1951 1383/1950 1385/1952 1325/1856
f 1384/1951 1325/1856 1324/1855 1329/1865
f 1385/1952 1383/1950 1386/1953 1387/1954
f 1385/1952 1387/1954 1388/1955 1322/1956
f 1385/1952 1322/1956 1321/1857 1325/1856
f 1388/1955 1387/1954 1389/1957 1390/1958
f 1388/1959 1390/1960 1391/1961 1319/1849
f 1388/1959 1319/1849 1318/1848 1322/1852
f 1391/1961 1390/1960 1392/1962 1393/1963
f 1391/1961 1393/1963 1394/1964 1316/1844
f 1391/1961 1316/1844 1315/1843 1319/1849
f 1394/1964 1393/1963 276/234 275/233
f 1394/1964 275/233 274/232 1313/1965
f 1394/1964 1313/1965 1312/1845 1316/1844
f 1393/1963 1392/1962 1395/1966 276/234
f 1395/1966 301/1967 300/1968 1396/1969
f 1395/1966 1396/1969 269/227 276/234
f 1395/1970 1392/1971 302/1972 301/1973
f 1396/1969 300/1968 1397/1974 1398/1975
f 1396/1969 1398/1975 270/228 269/227
f 1398/1976 1397/1977 1399/1978 1400/1979
f 1398/1975 1400/1980 1401/1981 270/228
f 1401/1981 1402/1982 271/229 270/228
f 1401/1981 1400/1980 1403/1983 1404/1984
f 1401/1981 1404/1984 1405/1985 1402/1982
f 1405/1985 1406/1986 1407/1987 1402/1982
f 1405/1985 1404/1984 1408/1988 1409/1989
f 1405/1985 1409/1989 1410/1990 1406/1986
f 1410/1991 1411/1992 1412/1993 1406/1994
f 1410/1990 1409/1989 1413/1995 1414/1996
f 1410/1990 1414/1996 1415/1997 1411/1998
f 1415/1997 1416/1999 1417/2000 1411/1998
f 1415/1997 1414/1996 1418/2001 1419/2002
f 1415/1997 1419/2002 1420/2003 1416/1999
f 1420/2004 1421/2005 1422/2006 1416/2007
f 1420/2003 1419/2002 1423/2008 1424/2009
f 1420/2004 1424/2010 1425/2011 1421/2005
f 1425/2011 1426/2012 1427/2013 1421/2005
f 1425/2014 1424/2009 1428/2015 1429/2016
f 1425/2011 1429/2017 1430/2018 1426/2012
f 1430/2019 1431/2020 1432/2021 1426/2022
f 1430/2018 1429/2017 1433/2023 1434/2024
f 1430/2019 1434/2025 1435/2026 1431/2020
f 1435/2026 1436/2027 1437/2028 1431/2020
f 1435/2026 1434/2025 1438/2029 1439/2030
f 1435/2026 1439/2030 1440/2031 1436/2027
f 1440/2031 1441/2032 1442/2033 1436/2027
f 1440/2031 1439/2030 1443/2034 1444/2035
f 1440/2031 1444/2035 1445/2036 1441/2032
f 1445/2036 1446/2037 1447/2038 1441/2032
f 1445/2036 1444/2035 1448/2039 1449/2040
f 1445/2036 1449/2040 1450/2041 1446/2037
f 1450/2041 1451/2042 1452/2043 1446/2037
f 1450/2041 1449/2040 1453/2044 1454/2045
f 1450/2041 1454/2045 1455/2046 1451/2042
f 1455/2047 1456/2048 1457/2049 1451/2050
f 1455/2046 1454/2045 1458/2051 1459/2052
f 1455/2047 1459/2053 1460/2054 1456/2048
f 1460/2055 1461/2056 1462/2057 1456/2058
f 1460/2054 1459/2053 1463/2059 1464/2060
f 1460/2055 1464/2061 1465/2062 1461/2056
f 1465/2062 1466/2063 1467/2064 1461/2056
f 1465/2065 1464/2060 496/618 495/617
f 1465/2062 495/2066 498/2067 1466/2063
f 1467/2064 1468/2068 1469/2069 1470/2070
f 1467/2064 1470/2070 1462/2057 1461/2056
f 1467/2064 1466/2063 1471/2071 1468/2068
f 1471/2072 1472/2073 1473/2074 1468/2075
f 1471/2071 1466/2063 498/2067 1474/2076
f 1471/2072 1474/2077 1475/2078 1472/2073
f 1475/2079 1476/2080 1477/2081 1472/2082
f 1475/2078 1474/2077 1478/2083 1479/2084
f 1475/2079 1479/2085 1480/2086 1476/2080
f 1480/2086 559/701 1481/2087 1476/2080
f 1480/2086 1479/2085 509/2088 513/2089
f 560/702 1482/2090 1483/2091 1484/2092
f 560/702 559/701 1480/2086 513/2089
f 1484/2093 1485/2094 1486/2095 1487/2096
f 1484/2093 1483/2097 1488/2098 1485/2094
f 1488/2098 609/793 608/792 1485/2094
f 1488/2098 1483/2097 1489/2099 1490/2100
f 1488/2098 1490/2100 610/794 609/793
f 1490/2100 1489/2099 601/785 605/784
f 1490/2100 605/784 596/768 610/794
f 1489/2101 1483/2091 1482/2090 1491/2102
f 1489/2101 1491/2102 602/780 601/779
f 1491/2102 1482/2090 1492/2103 1493/2104
f 1491/2102 1493/2104 621/816 602/780
f 1493/2105 1492/2106 1494/2107 1495/2108
f 1493/2105 1495/2108 622/813 621/812
f 1495/2108 1494/2107 588/755 591/759
f 1495/2108 591/759 624/819 622/813
f 1494/2107 1492/2106 578/733 577/732
f 1494/2107 577/732 589/756 588/755
f 1492/2103 1482/2090 560/702 578/2109
f 1487/2096 1486/2095 1496/2110 1497/2111
f 1487/2112 1497/2113 1498/2114 1499/2115
f 1487/2112 1499/2115 1500/2116 1501/2117
f 1501/2117 1500/2116 538/673 554/2118
f 1500/2116 1499/2115 1502/2119 1503/2120
f 1500/2116 1503/2120 533/665 538/673
f 1503/2120 1502/2119 1504/2121 1505/2122
f 1503/2120 1505/2122 534/666 533/665
f 1505/2122 1504/2121 1506/2123 1507/2124
f 1505/2122 1507/2124 1508/2125 534/666
f 1508/2125 1509/2126 535/667 534/666
f 1508/2125 1507/2124 1510/2127 1511/2128
f 1508/2125 1511/2128 1512/2129 1509/2126
f 1512/2130 1513/2131 1514/2132 1509/2133
f 1512/2129 1511/2128 1515/2134 1516/2135
f 1512/2130 1516/2136 1517/2137 1513/2131
f 1517/2137 1518/2138 1519/2139 1513/2131
f 1517/2137 1516/2136 545/2140 548/2141
f 1517/2142 548/2143 1520/2144 1518/2145
f 1520/2146 1521/2147 1522/2148 1518/2149
f 1520/2144 548/2143 547/2150 515/2151
f 1520/2146 515/646 514/645 1521/2147
f 1522/2148 1523/2152 1524/2153 1525/2154
f 1522/2148 1525/2154 1519/2155 1518/2149
f 1522/2148 1521/2147 1526/2156 1523/2152
f 1526/2156 1527/2157 521/653 1523/2152
f 1526/2156 1521/2147 514/645 518/649
f 1526/2156 518/649 1528/2158 1527/2157
f 1528/2158 518/649 517/648 1529/2159
f 1528/2158 1529/2159 1530/2160 1531/2161
f 1528/2158 1531/2161 1532/2162 1527/2157
f 1532/2162 1531/2161 1533/2163 1534/2164
f 1532/2162 1534/2164 525/657 522/654
f 1532/2162 522/654 521/653 1527/2157
f 1534/2164 1533/2163 528/661 1535/2165
f 1534/2164 1535/2165 1536/2166 525/657
f 1536/2166 1535/2165 1537/2167 1538/2168
f 1536/2166 1538/2168 1539/2169 1540/2170
f 1536/2166 1540/2170 523/655 525/657
f 1540/2170 1539/2169 1541/2171 1542/2172
f 1540/2170 1542/2172 524/656 523/655
f 1542/2172 1541/2171 558/700 557/699
f 1542/2172 557/699 1543/2173 524/656
f 1543/2173 557/699 556/697 1544/2174
f 1543/2173 1544/2174 1525/2154 1524/2153
f 1543/2173 1524/2153 520/652 524/656
f 1544/2174 556/697 555/696 1545/2175
f 1544/2174 1545/2175 1519/2155 1525/2154
f 1545/2176 555/694 536/670 1514/2132
f 1545/2176 1514/2132 1513/2131 1519/2139
f 1541/2171 1539/2169 1546/2177 1481/2087
f 1541/2171 1481/2087 559/701 558/700
f 1546/2177 1539/2169 1538/2168 1547/2178
f 1546/2177 1547/2178 1548/2179 1477/2081
f 1546/2177 1477/2081 1476/2080 1481/2087
f 1548/2179 1547/2178 1549/2180 1550/2181
f 1548/2179 1550/2181 1551/2182 1473/2183
f 1548/2179 1473/2183 1472/2082 1477/2081
f 1551/2182 1550/2181 1552/2184 1553/2185
f 1551/2186 1553/2187 1554/2188 1469/2189
f 1551/2186 1469/2189 1468/2075 1473/2074
f 1554/2188 1553/2187 1555/2190 1556/2191
f 1554/2192 1556/2193 1557/2194 1558/2195
f 1554/2192 1558/2195 1470/2070 1469/2069
f 1558/2195 1557/2194 1559/2196 1560/2197
f 1558/2195 1560/2197 1462/2057 1470/2070
f 1560/2197 1559/2196 1561/2198 1457/2199
f 1560/2197 1457/2199 1456/2058 1462/2057
f 1561/2198 1559/2196 1562/2200 1563/2201
f 1561/2202 1563/2203 1564/2204 1452/2205
f 1561/2202 1452/2205 1451/2050 1457/2049
f 1564/2204 1563/2203 1565/2206 1566/2207
f 1564/2204 1566/2207 1567/2208 1447/2209
f 1564/2210 1447/2038 1446/2037 1452/2043
f 1567/2208 1566/2207 1568/2211 1569/2212
f 1567/2213 1569/2214 1570/2215 1442/2033
f 1567/2213 1442/2033 1441/2032 1447/2038
f 1570/2215 1569/2214 1571/2216 1572/2217
f 1570/2215 1572/2217 1573/2218 1437/2028
f 1570/2215 1437/2028 1436/2027 1442/2033
f 1573/2218 1572/2217 1574/2219 1575/2220
f 1573/2218 1575/2220 1576/2221 1432/2021
f 1573/2218 1432/2021 1431/2020 1437/2028
f 1576/2221 1575/2220 1577/2222 1578/2223
f 1576/2221 1578/2223 1579/2224 1427/2225
f 1576/2221 1427/2225 1426/2022 1432/2021
f 1579/2224 1578/2223 1580/2226 1581/2227
f 1579/2228 1581/2229 1582/2230 1422/2006
f 1579/2228 1422/2006 1421/2005 1427/2013
f 1582/2230 1581/2229 1583/2231 1584/2232
f 1582/2230 1584/2232 1585/2233 1417/2234
f 1582/2230 1417/2234 1416/2007 1422/2006
f 1585/2233 1584/2232 1586/2235 1587/2236
f 1585/2237 1587/2238 1588/2239 1412/1993
f 1585/2240 1412/2241 1411/1998 1417/2000
f 1588/2239 1587/2238 1589/2242 1590/2243
f 1588/2239 1590/2243 272/2244 1407/2245
f 1588/2239 1407/2245 1406/1994 1412/1993
f 1590/2243 1589/2242 262/225 268/224
f 1590/2243 268/224 273/2246 272/2244
f 1589/2247 1591/2248 263/219 262/218
f 1589/2247 1587/2236 1586/2235 1591/2248
f 1591/2249 1592/2250 1593/2251 263/2252
f 1591/2248 1586/2235 1594/2253 1592/2254
f 1594/2255 1595/2256 1596/2257 1592/2258
f 1594/2253 1586/2235 1584/2232 1583/2231
f 1594/2255 1583/2259 1597/2260 1595/2256
f 1597/2260 1598/2261 1599/2262 1595/2256
f 1597/2260 1583/2259 1581/2227 1580/2226
f 1597/2260 1580/2226 1600/2263 1598/2261
f 1600/2263 1601/2264 1602/2265 1598/2261
f 1600/2263 1580/2226 1578/2223 1577/2222
f 1600/2263 1577/2222 1603/2266 1601/2264
f 1603/2266 1604/2267 1605/2268 1601/2264
f 1603/2266 1577/2222 1575/2220 1574/2219
f 1603/2266 1574/2219 1606/2269 1604/2267
f 1606/2269 1607/2270 1608/2271 1604/2267
f 1606/2269 1574/2219 1572/2217 1571/2216
f 1606/2269 1571/2216 1609/2272 1607/2270
f 1609/2273 1610/2274 1611/2275 1607/2276
f 1609/2277 1571/2278 1569/2212 1568/2211
f 1609/2279 1568/2280 1612/2281 1610/2282
f 1612/2281 1613/2283 1614/2284 1610/2282
f 1612/2281 1568/2280 1566/2285 1565/2286
f 1612/2281 1565/2286 1615/2287 1613/2283
f 1615/2287 1616/2288 1617/2289 1613/2283
f 1615/2287 1565/2286 1563/2201 1562/2200
f 1615/2287 1562/2200 1618/2290 1616/2288
f 1618/2290 1619/2291 1620/2292 1616/2288
f 1618/2290 1562/2200 1559/2196 1557/2194
f 1618/2290 1557/2194 1556/2193 1619/2291
f 1620/2293 1621/2294 1622/2295 1623/2296
f 1620/2292 1623/2297 1617/2289 1616/2288
f 1620/2293 1619/2298 1624/2299 1621/2294
f 1624/2300 1625/2301 1626/2302 1621/2303
f 1624/2299 1619/2298 1556/2191 1555/2190
f 1624/2300 1555/2304 1627/2305 1625/2301
f 1627/2305 1628/2306 1629/2307 1625/2301
f 1627/2305 1555/2304 1553/2185 1552/2184
f 1627/2305 1552/2184 1630/2308 1628/2306
f 1630/2308 527/660 526/659 1628/2306
f 1630/2308 1552/2184 1550/2181 1549/2180
f 1630/2308 1549/2180 1537/2167 527/660
f 1629/2307 530/663 1631/2309 1632/2310
f 1629/2307 1632/2310 1626/2302 1625/2301
f 1629/2307 1628/2306 526/659 530/663
f 1632/2310 1631/2309 1633/2311 1634/2312
f 1632/2310 1634/2312 1635/2313 1626/2302
f 1635/2313 1634/2312 1636/2314 1637/2315
f 1635/2313 1637/2315 1638/2316 1622/2317
f 1635/2313 1622/2317 1621/2303 1626/2302
f 1638/2316 1637/2315 1639/2318 1640/2319
f 1638/2320 1640/2321 1641/2322 1642/2323
f 1638/2320 1642/2323 1623/2297 1622/2324
f 1642/2323 1641/2322 1643/2325 1644/2326
f 1642/2323 1644/2326 1617/2289 1623/2297
f 1644/2326 1643/2325 1645/2327 1614/2284
f 1644/2326 1614/2284 1613/2283 1617/2289
f 1645/2327 1643/2325 1646/2328 1647/2329
f 1645/2327 1647/2329 1648/2330 1611/2331
f 1645/2327 1611/2331 1610/2282 1614/2284
f 1648/2330 1647/2329 1649/2332 1650/2333
f 1648/2334 1650/2335 1651/2336 1608/2337
f 1648/2334 1608/2337 1607/2276 1611/2275
f 1651/2336 1650/2335 1652/2338 1653/2339
f 1651/2340 1653/2341 1654/2342 1605/2268
f 1651/2340 1605/2268 1604/2267 1608/2271
f 1654/2343 1653/2344 1655/2345 1656/2346
f 1654/2342 1656/2347 1657/2348 1602/2265
f 1654/2342 1602/2265 1601/2264 1605/2268
f 1657/2348 1656/2347 1658/2349 1659/2350
f 1657/2348 1659/2350 1660/2351 1599/2262
f 1657/2348 1599/2262 1598/2261 1602/2265
f 1660/2351 1659/2350 1661/2352 1662/2353
f 1660/2351 1662/2353 1663/2354 1596/2257
f 1660/2351 1596/2257 1595/2256 1599/2262
f 1663/2354 1662/2353 1664/2355 1665/2356
f 1663/2354 1665/2356 1666/2357 1593/2358
f 1663/2354 1593/2358 1592/2258 1596/2257
f 1666/2357 1665/2356 1667/2359 1668/2360
f 1666/2361 1668/2362 1669/2363 264/2364
f 1666/2365 264/220 263/219 1593/2366
f 1669/2367 1668/2368 1670/2369 1671/2370
f 1669/2367 1671/2370 1672/2371 1673/2372
f 1669/2373 1673/2374 265/2375 264/2376
f 1673/2372 1672/2371 1674/2377 233/2378
f 1673/2379 233/160 232/159 265/2380
f 1674/2377 1672/2371 1675/2381 1676/2382
f 1674/2377 1676/2382 1677/2383 1678/2384
f 1674/2377 1678/2384 234/2385 233/2378
f 1678/2384 1677/2383 1679/2386 1680/2387
f 1678/2384 1680/2387 236/2388 234/2385
f 1680/2389 1679/2390 1681/2391 1682/2392
f 1680/2389 1682/2392 1683/2393 236/2394
f 1683/2395 1684/2396 243/2397 1685/2398
f 1683/2393 1685/2399 237/2400 236/2394
f 1683/2393 1682/2392 1686/2401 1684/2402
f 1686/2401 1682/2392 1681/2391 1687/2403
f 1686/2404 1687/2405 1688/2406 1689/2407
f 1686/2404 1689/2407 1690/2408 1684/2409
f 1690/2408 1689/2407 1691/2410 1692/2411
f 1690/2412 1692/2413 245/2414 244/2415
f 1690/2412 244/2415 243/2416 1684/2417
f 1692/2418 1691/2419 1693/2420 1694/2421
f 1692/2413 1694/2422 1695/2423 245/2414
f 1695/2423 1694/2422 1696/2424 1697/2425
f 1695/2426 1697/2427 1661/2352 1698/2428
f 1695/2429 1698/2430 246/191 245/190
f 1698/2428 1661/2352 1659/2350 1658/2349
f 1698/2431 1658/2432 1699/2433 246/2434
f 1699/2435 1700/2436 24/186 246/191
f 1699/2433 1658/2432 1656/2346 1655/2345
f 1699/2435 1655/2437 1701/2438 1700/2436
f 1701/2438 1702/2439 247/194 1700/2436
f 1701/2438 1655/2437 1653/2440 1652/2441
f 1701/2438 1652/2441 1703/2442 1702/2439
f 1703/2442 1704/2443 1705/2444 1702/2439
f 1703/2442 1652/2441 1650/2333 1649/2332
f 1703/2442 1649/2332 1706/2445 1704/2443
f 1706/2445 1707/2446 1708/2447 1704/2443
f 1706/2445 1649/2332 1647/2329 1646/2328
f 1706/2445 1646/2328 1709/2448 1707/2446
f 1709/2449 1710/2450 1711/2451 1707/2452
f 1709/2448 1646/2328 1643/2325 1641/2322
f 1709/2448 1641/2322 1640/2321 1710/2453
f 1711/2454 1712/2455 1713/2456 1714/2457
f 1711/2451 1714/2458 1708/2459 1707/2452
f 1711/2454 1710/2460 1715/2461 1712/2455
f 1715/2461 1716/2462 1717/2463 1712/2455
f 1715/2461 1710/2460 1640/2319 1639/2318
f 1715/2461 1639/2318 1718/2464 1716/2462
f 1718/2464 1719/2465 1720/2466 1716/2462
f 1718/2464 1639/2318 1637/2315 1636/2314
f 1718/2464 1636/2314 1721/2467 1719/2465
f 1721/2467 1722/2468 1723/2469 1719/2465
f 1721/2467 1636/2314 1634/2312 1633/2311
f 1721/2467 1633/2311 552/687 1722/2468
f 1723/2469 1724/2470 1725/2471 1726/2472
f 1723/2469 1726/2472 1720/2466 1719/2465
f 1723/2469 1722/2468 1727/2473 1724/2470
f 1727/2473 1728/2474 1729/2475 1724/2470
f 1727/2473 1722/2468 552/687 551/686
f 1727/2473 551/686 1730/2476 1728/2474
f 1730/2476 1731/2477 1732/2478 1728/2474
f 1730/2476 551/686 83/685 1733/2479
f 1730/2476 1733/2479 1734/2480 1731/2477
f 1734/2480 653/869 1735/2481 1731/2477
f 1734/2480 1733/2479 1736/2482 1737/2483
f 1734/2480 1737/2483 654/870 653/869
f 1737/2484 1736/2485 1738/2486 1739/2487
f 1737/2484 1739/2487 658/878 654/877
f 1739/2487 1738/2486 1740/2488 1741/2489
f 1739/2487 1741/2489 1742/2490 658/878
f 1742/2490 1743/2491 655/872 658/878
f 1742/2490 1741/2489 1744/2492 1745/2493
f 1742/2490 1745/2493 1746/2494 1743/2491
f 1746/2494 1747/2495 1748/2496 1743/2491
f 1746/2494 1745/2493 1749/2497 1750/2498
f 1746/2494 1750/2498 1751/2499 1747/2495
f 1751/2499 1752/2500 1753/2501 1747/2495
f 1751/2499 1750/2498 1754/2502 1755/2503
f 1751/2499 1755/2503 1756/2504 1752/2500
f 1756/2504 1755/2503 1757/2505 1758/2506
f 1756/2504 1758/2506 1759/2507 1760/2508
f 1756/2504 1760/2508 1761/2509 1752/2500
f 1761/2509 1760/2508 1762/2510 1763/2511
f 1761/2509 1763/2511 672/896 108/891
f 1761/2509 108/891 1753/2501 1752/2500
f 1763/2511 1762/2510 1764/2512 692/933
f 1763/2511 692/933 691/932 672/896
f 1764/2512 1762/2510 1765/2513 1766/2514
f 1764/2512 1766/2514 1767/2515 1768/2516
f 1764/2512 1768/2516 689/934 692/933
f 1768/2517 1767/2518 1769/2519 1770/2520
f 1768/2517 1770/2520 690/930 689/929
f 1770/2520 1769/2519 1771/2521 1772/2522
f 1770/2520 1772/2522 1773/2523 690/930
f 1773/2524 1772/2525 1774/2526 1775/2527
f 1773/2528 1775/2529 650/861 649/860
f 1773/2523 649/866 651/865 690/930
f 1775/2529 1774/2530 1776/2531 1777/2532
f 1775/2529 1777/2532 1778/2533 650/861
f 1778/2533 1777/2532 1779/2534 1780/2535
f 1778/2533 1780/2535 1781/2536 1782/2537
f 1778/2533 1782/2537 646/862 650/861
f 1780/2535 1779/2534 1783/2538 1784/2539
f 1785/2540 1784/2539 1783/2538 1786/2541
f 1785/2540 1786/2541 1787/2542 1788/2543
f 1785/2540 1788/2543 1789/2544 667/888
f 1789/2544 1788/2543 1790/2545 1735/2481
f 1789/2544 1735/2481 653/869 652/868
f 1789/2544 652/868 105/876 667/888
f 1790/2545 1788/2543 1787/2542 1791/2546
f 1790/2545 1791/2546 1792/2547 1732/2478
f 1790/2545 1732/2478 1731/2477 1735/2481
f 1792/2547 1791/2546 1793/2548 1794/2549
f 1792/2547 1794/2549 1795/2550 1729/2475
f 1792/2547 1729/2475 1728/2474 1732/2478
f 1795/2550 1794/2549 1796/2551 1797/2552
f 1795/2550 1797/2552 1798/2553 1725/2471
f 1795/2550 1725/2471 1724/2470 1729/2475
f 1798/2553 1797/2552 1799/2554 1800/2555
f 1798/2553 1800/2555 1801/2556 1802/2557
f 1798/2553 1802/2557 1726/2472 1725/2471
f 1802/2557 1801/2556 1803/2558 1804/2559
f 1802/2557 1804/2559 1720/2466 1726/2472
f 1804/2559 1803/2558 1805/2560 1717/2463
f 1804/2559 1717/2463 1716/2462 1720/2466
f 1805/2560 1803/2558 1806/2561 1807/2562
f 1805/2560 1807/2562 1808/2563 1713/2456
f 1805/2560 1713/2456 1712/2455 1717/2463
f 1808/2563 1807/2562 1809/2564 1810/2565
f 1808/2563 1810/2565 1811/2566 1812/2567
f 1808/2563 1812/2567 1714/2457 1713/2456
f 1812/2567 1811/2566 249/198 1813/2568
f 1812/2567 1813/2568 1708/2569 1714/2457
f 1813/2570 249/2571 248/2572 1705/2573
f 1813/2574 1705/2444 1704/2443 1708/2447
f 1811/2566 1810/2565 1814/2575 1815/2576
f 1811/2566 1815/2576 250/199 249/198
f 1815/2577 1814/2578 1816/2579 1817/2580
f 1815/2577 1817/2580 251/201 250/200
f 1817/2580 1816/2579 1818/2581 1819/2582
f 1817/2580 1819/2582 1820/2583 251/201
f 1820/2584 1819/2585 1821/2586 1822/2587
f 1820/2584 1822/2587 1823/2588 1824/2589
f 1820/2584 1824/2589 252/2590 251/2591
f 1824/2592 1823/2593 1825/2594 1826/2595
f 1824/2592 1826/2595 253/2596 252/2597
f 1826/2598 1825/2599 1827/2600 1828/2601
f 1826/2595 1828/2602 1829/2603 253/2596
f 1829/2604 1828/2601 1830/2605 1831/2606
f 1829/2604 1831/2606 238/2607 1832/2608
f 1829/2603 1832/2609 26/2610 253/2596
f 1832/2611 238/2612 237/2613 1685/2614
f 1832/2615 1685/2616 243/2617 26/2618
f 1831/2606 1830/2605 1833/2619 242/2620
f 1831/2621 242/2622 239/2623 238/2624
f 1833/2619 1830/2605 1834/2625 1835/2626
f 1833/2619 1835/2626 1836/2627 187/2628
f 1833/2619 187/2628 186/2629 242/2620
f 1836/2627 1835/2626 1837/2630 1838/2631
f 1836/2632 1838/2633 1839/2634 1840/2635
f 1836/2632 1840/2635 188/82 187/81
f 1840/2635 1839/2634 1841/2636 1842/2637
f 1840/2635 1842/2637 1843/2638 188/82
f 1843/2638 1842/2637 1844/2639 1221/1708
f 1843/2638 1221/1708 1220/1707 1226/1716
f 1843/2638 1226/1716 189/85 188/82
f 1844/2639 1842/2637 1841/2636 1845/2640
f 1844/2639 1845/2640 1846/2641 1216/2642
f 1844/2639 1216/2642 1215/1709 1221/1708
f 1846/2643 1845/2644 181/2645 1847/2646
f 1846/2643 1847/2646 1848/2647 1211/1697
f 1846/2643 1211/1697 1210/1696 1216/1702
f 1848/2647 1847/2646 1849/2648 1850/2649
f 1848/2647 1850/2649 1851/2650 1206/1690
f 1848/2647 1206/1690 1205/1689 1211/1697
f 1851/2650 1201/1683 1200/1682 1206/1690
f 1845/2640 1841/2636 182/73 181/72
f 1841/2636 1839/2634 1852/2651 182/73
f 1852/2651 1853/2652 1854/2653 1855/2654
f 1852/2651 1855/2654 183/74 182/73
f 1852/2651 1839/2634 1838/2633 1853/2652
f 1855/2654 1854/2653 1856/2655 1857/2656
f 1855/2654 1857/2656 1858/2657 183/74
f 1858/2657 1857/2656 1859/2658 1860/2659
f 1858/2660 1860/2661 1861/2662 1862/2663
f 1858/2660 1862/2663 184/77 183/76
f 1862/2663 1861/2662 1863/2664 1864/2665
f 1862/2663 1864/2665 1865/2666 184/77
f 1865/2666 1864/2665 1866/2667 1197/1677
f 1865/2666 1197/1677 1196/1676 1201/1683
f 1866/2667 1864/2665 1863/2664 1867/2668
f 1866/2667 1867/2668 1868/2669 1193/2670
f 1866/2667 1193/2670 1192/1678 1197/1677
f 1868/2669 1867/2668 180/69 1869/2671
f 1868/2669 1869/2671 1870/2672 1189/2673
f 1868/2669 1189/2673 1188/2674 1193/2670
f 1870/2672 1869/2671 1871/2675 1872/2676
f 1870/2672 1872/2676 1873/2677 1874/2678
f 1870/2672 1874/2678 1190/1667 1189/2673
f 1874/2678 1873/2677 1875/2679 1876/2680
f 1874/2678 1876/2680 1183/1658 1190/1667
f 1876/2680 1875/2679 1877/2681 1179/1654
f 1876/2680 1179/1654 1178/1653 1183/1658
f 1877/2681 1875/2679 1878/2682 1879/2683
f 1877/2681 1879/2683 1880/2684 1175/1650
f 1877/2681 1175/1650 1174/1649 1179/1654
f 1880/2684 1879/2683 1881/2685 1882/2686
f 1880/2684 1882/2686 1883/2687 1171/1646
f 1880/2684 1171/1646 1170/1645 1175/1650
f 1883/2687 1882/2686 1884/2688 1885/2689
f 1883/2687 1885/2689 1886/2690 1887/2691
f 1883/2687 1887/2691 1172/1647 1171/1646
f 1887/2691 1886/2690 1888/2692 735/1015
f 1887/2691 735/1015 734/1014 1172/1647
f 1888/2692 1886/2690 1889/2693 1890/2694
f 1888/2692 1890/2694 750/2695 749/2696
f 1888/2692 749/2696 736/1016 735/1015
f 1890/2694 1889/2693 1891/2697 1892/2698
f 1890/2694 1892/2698 1893/2699 750/2695
f 1893/2699 1892/2698 1894/2700 437/512
f 1893/2699 437/512 436/511 832/2701
f 1893/2702 832/1150 744/1029 750/1035
f 1894/2700 1895/2703 1896/2704 1897/2705
f 1894/2700 1897/2705 434/513 437/512
f 1894/2700 1892/2698 1891/2697 1895/2703
f 1897/2705 1896/2704 429/494 428/493
f 1897/2705 428/493 62/2706 434/513
f 1896/2704 1898/2707 431/499 429/494
f 1896/2704 1895/2703 1899/2708 1898/2707
f 1899/2708 1900/2709 1901/2710 1898/2707
f 1899/2708 1895/2703 1891/2697 1902/2711
f 1899/2708 1902/2711 1903/2712 1900/2709
f 1903/2712 1904/2713 1905/2714 1900/2709
f 1903/2712 1902/2711 1906/2715 1907/2716
f 1903/2712 1907/2716 1908/2717 1904/2713
f 1908/2717 1909/2718 1910/2719 1904/2713
f 1908/2717 1907/2716 1884/2688 1911/2720
f 1908/2717 1911/2720 1912/2721 1909/2718
f 1912/2722 1913/2723 1914/2724 1909/2725
f 1912/2721 1911/2720 1881/2685 1915/2726
f 1912/2721 1915/2726 1916/2727 1913/2728
f 1916/2727 1917/2729 1918/2730 1913/2728
f 1916/2727 1915/2726 1878/2682 1919/2731
f 1916/2727 1919/2731 1920/2732 1917/2729
f 1920/2732 1921/2733 1922/2734 1917/2729
f 1920/2732 1919/2731 1873/2677 1872/2676
f 1920/2732 1872/2676 1871/2675 1921/2733
f 1922/2734 1923/2735 1924/2736 1925/2737
f 1922/2734 1925/2737 1918/2730 1917/2729
f 1922/2734 1921/2733 1926/2738 1923/2735
f 1926/2738 1927/2739 1928/2740 1923/2735
f 1926/2738 1921/2733 1871/2675 179/70
f 1926/2738 179/70 178/68 1927/2739
f 1928/2740 1929/2741 1930/2742 1931/2743
f 1928/2740 1931/2743 1924/2736 1923/2735
f 1928/2740 1927/2739 1932/2744 1929/2741
f 1932/2744 1933/2745 1934/2746 1929/2741
f 1932/2744 1927/2739 178/68 1935/2747
f 1932/2744 1935/2747 1936/2748 1933/2745
f 1936/2748 1937/2749 1938/2750 1933/2745
f 1936/2748 1935/2747 1939/2751 1940/2752
f 1936/2748 1940/2752 1941/2753 1937/2749
f 1941/2753 1942/2754 1943/2755 1937/2749
f 1941/2753 1940/2752 1944/2756 1945/2757
f 1941/2753 1945/2757 1946/2758 1942/2754
f 1946/2758 1947/2759 1948/2760 1942/2754
f 1946/2758 1945/2757 1949/2761 1950/2762
f 1946/2758 1950/2762 1951/2763 1947/2759
f 1951/2764 1952/2765 1953/2766 1947/2767
f 1951/2763 1950/2762 1954/2768 1955/2769
f 1951/2764 1955/2770 1956/2771 1952/2765
f 1956/2771 1957/2772 1958/2773 1952/2765
f 1956/2771 1955/2770 1959/2774 1960/2775
f 1956/2771 1960/2775 1961/2776 1957/2772
f 1961/2777 1962/2778 1963/2779 1957/2780
f 1961/2776 1960/2775 1964/2781 1965/2782
f 1961/2777 1965/2783 1966/2784 1962/2778
f 1966/2784 1967/2785 1968/2786 1962/2778
f 1966/2784 1965/2783 1969/2787 1970/2788
f 1966/2784 1970/2788 1971/2789 1967/2785
f 1971/2789 1972/2790 1973/2791 1967/2785
f 1971/2789 1970/2788 1821/2586 1974/2792
f 1971/2789 1974/2792 1975/2793 1972/2790
f 1975/2793 1976/2794 1977/2795 1972/2790
f 1975/2793 1974/2792 1818/2796 1978/2797
f 1975/2793 1978/2797 1979/2798 1976/2794
f 1979/2798 1980/2799 1981/2800 1976/2794
f 1979/2801 1978/2802 1982/2803 1983/2804
f 1979/2801 1983/2804 1984/2805 1980/2806
f 1984/2805 1985/2807 1986/2808 1980/2806
f 1984/2809 1983/2810 1987/2811 1988/2812
f 1984/2809 1988/2812 1989/2813 1985/2814
f 1989/2813 1990/2815 1991/2816 1985/2814
f 1989/2813 1988/2812 1992/2817 1993/2818
f 1989/2813 1993/2818 1994/2819 1990/2815
f 1994/2819 1995/2820 1996/2821 1990/2815
f 1994/2819 1993/2818 1997/2822 1998/2823
f 1994/2819 1998/2823 1999/2824 1995/2820
f 1999/2824 2000/2825 2001/2826 1995/2820
f 1999/2824 1998/2823 1799/2554 2002/2827
f 1999/2824 2002/2827 2003/2828 2000/2825
f 2003/2828 2004/2829 2005/2830 2000/2825
f 2003/2828 2002/2827 1796/2551 2006/2831
f 2003/2828 2006/2831 2007/2832 2004/2829
f 2007/2832 2008/2833 2009/2834 2004/2829
f 2007/2832 2006/2831 1793/2548 2010/2835
f 2007/2832 2010/2835 2011/2836 2008/2833
f 2011/2836 2012/2837 2013/2838 2008/2833
f 2011/2836 2010/2835 1787/2542 1786/2541
f 2011/2836 1786/2541 1783/2538 2012/2837
f 2013/2838 2014/2839 2015/2840 2016/2841
f 2013/2838 2016/2841 2009/2834 2008/2833
f 2013/2838 2012/2837 2017/2842 2014/2839
f 2017/2842 1776/2531 2018/2843 2014/2839
f 2017/2842 2012/2837 1783/2538 1779/2534
f 2017/2842 1779/2534 1777/2532 1776/2531
f 2018/2843 2019/2844 2020/2845 2021/2846
f 2018/2843 2021/2846 2015/2840 2014/2839
f 2018/2843 1776/2531 1774/2530 2019/2844
f 2021/2846 2020/2845 2022/2847 2023/2848
f 2021/2846 2023/2848 223/144 2015/2840
f 2023/2848 2022/2847 2024/2849 2025/2850
f 2023/2848 2025/2850 217/138 223/144
f 2025/2850 2024/2849 192/2851 224/145
f 2025/2850 224/145 206/121 217/138
f 2024/2852 2026/2853 193/89 192/88
f 2024/2852 2022/2854 2027/2855 2026/2853
f 2027/2856 2028/2857 2029/2858 2026/2859
f 2027/2855 2022/2854 2020/2860 2030/2861
f 2027/2856 2030/2862 2031/2863 2028/2857
f 2031/2863 2032/2864 2033/2865 2028/2857
f 2031/2863 2030/2862 1771/2521 1769/2519
f 2031/2863 1769/2519 1767/2518 2032/2864
f 2033/2866 2034/2867 213/133 2035/2868
f 2033/2865 2035/2869 2029/2858 2028/2857
f 2033/2866 2032/2870 2036/2871 2034/2867
f 2036/2871 2037/2872 2038/2873 2034/2867
f 2036/2871 2032/2870 1767/2515 1766/2514
f 2036/2871 1766/2514 1765/2513 2037/2872
f 2038/2873 2039/2874 211/131 210/130
f 2038/2873 210/130 213/133 2034/2867
f 2038/2873 2037/2872 2040/2875 2039/2874
f 2040/2875 2041/2876 2042/2877 2039/2874
f 2040/2875 2037/2872 1765/2513 1759/2507
f 2040/2875 1759/2507 1758/2506 2041/2876
f 2042/2877 2041/2876 2043/2878 2044/2879
f 2042/2877 2044/2879 2045/2880 2046/2881
f 2042/2877 2046/2881 211/131 2039/2874
f 2046/2881 2045/2880 2047/2882 2048/2883
f 2046/2881 2048/2883 208/127 211/131
f 2048/2883 2047/2882 2049/2884 2050/2885
f 2048/2883 2050/2885 209/128 208/127
f 2050/2885 2049/2884 2051/2886 2052/2887
f 2050/2885 2052/2887 216/136 209/128
f 2052/2888 2051/2889 2053/2890 2054/2891
f 2052/2887 2054/2892 207/2893 216/136
f 2054/2894 2053/2895 219/2896 218/2897
f 2054/2894 218/2897 204/2898 207/2899
f 2053/2900 2051/2901 2055/2902 2056/2903
f 2053/2900 2056/2903 2057/2904 219/2905
f 2057/2906 2056/2907 2058/2908 2059/2909
f 2057/2906 2059/2909 2001/2826 2060/2910
f 2057/2906 2060/2910 220/141 219/140
f 2060/2910 2001/2826 2000/2825 2005/2830
f 2060/2910 2005/2830 221/142 220/141
f 2059/2909 2058/2908 2061/2911 1996/2821
f 2059/2909 1996/2821 1995/2820 2001/2826
f 2061/2912 2058/2913 2062/2914 2063/2915
f 2061/2912 2063/2915 2064/2916 1991/2917
f 2061/2911 1991/2816 1990/2815 1996/2821
f 2064/2918 2063/2919 2065/2920 2066/2921
f 2064/2918 2066/2921 2067/2922 1986/2923
f 2064/2916 1986/2808 1985/2807 1991/2917
f 2067/2922 2066/2921 2068/2924 2069/2925
f 2067/2922 2069/2925 2070/2926 1981/2800
f 2067/2922 1981/2800 1980/2799 1986/2923
f 2070/2926 2069/2925 2071/2927 2072/2928
f 2070/2926 2072/2928 2073/2929 1977/2795
f 2070/2926 1977/2795 1976/2794 1981/2800
f 2073/2929 2072/2928 2074/2930 2075/2931
f 2073/2929 2075/2931 2076/2932 1973/2791
f 2073/2929 1973/2791 1972/2790 1977/2795
f 2076/2932 2075/2931 2077/2933 2078/2934
f 2076/2932 2078/2934 2079/2935 1968/2786
f 2076/2932 1968/2786 1967/2785 1973/2791
f 2079/2935 2078/2934 2080/2936 2081/2937
f 2079/2935 2081/2937 2082/2938 1963/2779
f 2079/2935 1963/2779 1962/2778 1968/2786
f 2082/2938 2081/2937 2083/2939 2084/2940
f 2082/2938 2084/2940 2085/2941 1958/2942
f 2082/2938 1958/2942 1957/2780 1963/2779
f 2085/2941 2084/2940 2086/2943 101/2944
f 2085/2945 101/2946 644/2947 1953/2766
f 2085/2945 1953/2766 1952/2765 1958/2773
f 2084/2940 2083/2939 2087/2948 2086/2943
f 2087/2948 2088/2949 2089/2950 2090/2951
f 2087/2948 2090/2951 2091/2952 2086/2943
f 2087/2948 2083/2939 2092/2953 2088/2949
f 2092/2953 2093/2954 2094/2955 2088/2949
f 2092/2953 2083/2939 2081/2937 2080/2936
f 2092/2953 2080/2936 2095/2956 2093/2954
f 2095/2956 2096/2957 2097/2958 2093/2954
f 2095/2956 2080/2936 2078/2934 2077/2933
f 2095/2956 2077/2933 2098/2959 2096/2957
f 2098/2959 2099/2960 2100/2961 2096/2957
f 2098/2959 2077/2933 2075/2931 2074/2930
f 2098/2959 2074/2930 2101/2962 2099/2960
f 2101/2962 2102/2963 2103/2964 2099/2960
f 2101/2962 2074/2930 2072/2928 2071/2927
f 2101/2962 2071/2927 2104/2965 2102/2963
f 2104/2965 2105/2966 2106/2967 2102/2963
f 2104/2965 2071/2927 2069/2925 2068/2924
f 2104/2965 2068/2924 2107/2968 2105/2966
f 2107/2968 2108/2969 2109/2970 2105/2966
f 2107/2968 2068/2924 2066/2921 2065/2920
f 2107/2968 2065/2920 2110/2971 2108/2969
f 2110/2971 2111/2972 2112/2973 2108/2969
f 2110/2971 2065/2920 2063/2919 2062/2974
f 2110/2971 2062/2974 2055/2975 2111/2972
f 2112/2973 2047/2882 2045/2880 2113/2976
f 2112/2973 2113/2976 2109/2970 2108/2969
f 2112/2973 2111/2972 2049/2884 2047/2882
f 2113/2976 2045/2880 2044/2879 2114/2977
f 2113/2976 2114/2977 2115/2978 2109/2970
f 2115/2978 2114/2977 2116/2979 2117/2980
f 2115/2978 2117/2980 2118/2981 2106/2967
f 2115/2978 2106/2967 2105/2966 2109/2970
f 2118/2981 2117/2980 2119/2982 2120/2983
f 2118/2981 2120/2983 2121/2984 2103/2964
f 2118/2981 2103/2964 2102/2963 2106/2967
f 2121/2984 2120/2983 2122/2985 2123/2986
f 2121/2984 2123/2986 2124/2987 2100/2961
f 2121/2984 2100/2961 2099/2960 2103/2964
f 2124/2987 2123/2986 2125/2988 2126/2989
f 2124/2987 2126/2989 2127/2990 2097/2958
f 2124/2987 2097/2958 2096/2957 2100/2961
f 2127/2990 2126/2989 2128/2991 2129/2992
f 2127/2990 2129/2992 2130/2993 2094/2955
f 2127/2990 2094/2955 2093/2954 2097/2958
f 2130/2993 2129/2992 2131/2994 2132/2995
f 2130/2993 2132/2995 2133/2996 2089/2950
f 2130/2993 2089/2950 2088/2949 2094/2955
f 2132/2995 2131/2994 2134/2997 2135/2998
f 2132/2995 2135/2998 2136/2999 2133/2996
f 2136/2999 2135/2998 2137/3000 2138/3001
f 2136/2999 2138/3001 2139/3002 2140/3003
f 2136/2999 2140/3003 2141/3004 2133/2996
f 2140/3005 2139/3006 662/885 661/882
f 2140/3005 661/882 2142/3007 2141/3008
f 2139/3002 2138/3001 2143/3009 2144/3010
f 2139/3006 2144/3011 2145/3012 662/885
f 2145/3012 2146/3013 663/883 662/885
f 2145/3012 2144/3011 2147/3014 2148/3015
f 2145/3012 2148/3015 2149/3016 2146/3013
f 2149/3016 2150/3017 2151/3018 2146/3013
f 2149/3016 2148/3015 2152/3019 2153/3020
f 2149/3016 2153/3020 2154/3021 2150/3017
f 2154/3021 2155/3022 2156/3023 2150/3017
f 2154/3021 2153/3020 2157/3024 2158/3025
f 2154/3021 2158/3025 2159/3026 2155/3022
f 2159/3026 2160/3027 2161/3028 2155/3022
f 2159/3026 2158/3025 2162/3029 2163/3030
f 2159/3026 2163/3030 2164/3031 2160/3027
f 2164/3031 2165/3032 2166/3033 2160/3027
f 2164/3031 2163/3030 2167/3034 2168/3035
f 2164/3031 2168/3035 2169/3036 2165/3032
f 2169/3036 2170/3037 2171/3038 2165/3032
f 2169/3036 2168/3035 2172/3039 2173/3040
f 2169/3036 2173/3040 2174/3041 2170/3037
f 2174/3041 2175/3042 2176/3043 2170/3037
f 2174/3041 2173/3040 2177/3044 2178/3045
f 2174/3041 2178/3045 2179/3046 2175/3042
f 2179/3047 2180/3048 2181/3049 2175/3050
f 2179/3051 2178/3052 2182/3053 2183/3054
f 2179/3051 2183/3054 2184/3055 2180/3056
f 2184/3055 2185/3057 2186/3058 2180/3056
f 2184/3055 2183/3054 2187/3059 2188/3060
f 2184/3055 2188/3060 2189/3061 2185/3057
f 2189/3061 2190/3062 2191/3063 2185/3057
f 2189/3064 2188/3065 2192/3066 2193/3067
f 2189/3064 2193/3067 2194/3068 2190/3069
f 2194/3068 2195/3070 687/922 2190/3069
f 2194/3068 2193/3067 2196/3071 2197/3072
f 2194/3068 2197/3072 2198/3073 2195/3070
f 2198/3073 2197/3072 2199/3074 2200/3075
f 2198/3073 2200/3075 2201/3076 2202/3077
f 2198/3073 2202/3077 2203/3078 2195/3070
f 2203/3078 685/923 687/922 2195/3070
f 2203/3079 2202/3080 2204/3081 680/907
f 2203/3079 680/907 679/906 685/918
f 2204/3081 2202/3080 2201/3082 2205/3083
f 2204/3081 2205/3083 2206/3084 2207/3085
f 2204/3081 2207/3085 681/908 680/907
f 2207/3086 2206/3087 2208/3088 2209/3089
f 2207/3086 2209/3089 682/911 681/910
f 2209/3089 2208/3088 2210/3090 2211/3091
f 2209/3089 2211/3091 2212/3092 682/911
f 2212/3092 2211/3091 2213/3093 2214/3094
f 2212/3092 2214/3094 2215/3095 2216/3096
f 2212/3092 2216/3096 683/912 682/911
f 2216/3097 2215/3098 2217/3099 688/3100
f 2216/3096 688/3101 684/3102 683/912
f 2217/3099 2215/3098 2218/3103 2186/3104
f 2217/3105 2186/3058 2185/3057 2191/3063
f 2217/3105 2191/3063 686/927 688/926
f 2218/3106 2215/3095 2214/3094 2219/3107
f 2218/3106 2219/3107 2220/3108 2181/3109
f 2218/3103 2181/3049 2180/3048 2186/3104
f 2220/3108 2219/3107 2221/3110 2222/3111
f 2220/3108 2222/3111 2223/3112 2176/3043
f 2220/3108 2176/3043 2175/3042 2181/3109
f 2223/3112 2222/3111 675/901 674/900
f 2223/3112 674/900 2224/3113 2171/3038
f 2223/3112 2171/3038 2170/3037 2176/3043
f 2224/3113 674/900 673/899 2225/3114
f 2224/3113 2225/3114 2226/3115 2166/3033
f 2224/3113 2166/3033 2165/3032 2171/3038
f 2226/3115 2225/3114 2227/3116 2228/3117
f 2226/3115 2228/3117 2229/3118 2161/3028
f 2226/3115 2161/3028 2160/3027 2166/3033
f 2229/3118 2228/3117 2230/3119 2231/3120
f 2229/3118 2231/3120 2232/3121 2156/3023
f 2229/3118 2156/3023 2155/3022 2161/3028
f 2232/3121 2231/3120 2233/3122 2234/3123
f 2232/3121 2234/3123 2235/3124 2151/3018
f 2232/3121 2151/3018 2150/3017 2156/3023
f 2235/3124 2234/3123 2236/3125 2237/3126
f 2235/3124 663/883 2146/3013 2151/3018
f 2237/3127 2236/3128 2238/3129 2239/3130
f 2237/3126 2239/3131 2240/3132 2241/3133
f 2239/3134 2238/3135 2242/3136 2243/3137
f 2239/3138 2243/3139 2244/3140 2240/3141
f 2243/3142 2242/3143 2245/3144 697/941
f 2243/3145 697/3146 696/3147 2244/3148
f 2245/3144 2246/3149 2247/3150 2248/3151
f 2245/3144 2248/3151 698/942 697/941
f 2245/3144 2242/3143 2249/3152 2246/3149
f 2249/3152 2250/3153 2251/3154 2246/3149
f 2249/3155 2242/3136 2238/3135 2252/3156
f 2249/3155 2252/3156 2253/3157 2250/3158
f 2253/3157 2254/3159 2255/3160 2250/3158
f 2253/3161 2252/3162 2256/3163 2257/3164
f 2253/3161 2257/3164 2258/3165 2254/3166
f 2258/3165 2259/3167 2260/3168 2254/3166
f 2258/3169 2257/3170 2261/3171 2262/3172
f 2258/3169 2262/3172 2263/3173 2259/3174
f 2263/3173 2264/3175 2265/3176 2259/3174
f 2263/3173 2262/3172 2266/3177 2267/3178
f 2263/3173 2267/3178 2268/3179 2264/3175
f 2268/3179 2269/3180 2210/3090 2264/3175
f 2268/3179 2267/3178 677/903 676/902
f 2268/3179 676/902 678/904 2269/3180
f 2269/3180 678/904 2221/3110 2213/3093
f 2269/3180 2213/3093 2211/3091 2210/3090
f 2267/3178 2266/3177 2227/3116 677/903
f 2266/3177 2262/3172 2261/3171 2230/3119
f 2266/3177 2230/3119 2228/3117 2227/3116
f 2265/3176 2208/3088 2206/3087 2270/3181
f 2265/3176 2270/3181 2260/3182 2259/3174
f 2265/3176 2264/3175 2210/3090 2208/3088
f 2270/3183 2206/3084 2205/3083 2271/3184
f 2270/3183 2271/3184 2272/3185 2260/3186
f 2272/3185 2271/3184 2273/3187 2274/3188
f 2272/3189 2274/3190 2275/3191 2255/3160
f 2272/3189 2255/3160 2254/3159 2260/3192
f 2275/3193 2274/3194 2276/3195 2277/3196
f 2275/3193 2277/3196 2278/3197 2251/3154
f 2275/3193 2251/3154 2250/3153 2255/3198
f 2278/3197 2277/3196 2279/3199 2280/3200
f 2278/3197 2280/3200 2281/3201 2247/3150
f 2278/3197 2247/3150 2246/3149 2251/3154
f 2281/3201 2282/3202 2248/3151 2247/3150
f 2282/3202 2283/3203 2284/3204 2285/3205
f 2282/3202 2285/3205 698/942 2248/3151
f 2285/3205 2284/3204 2286/3206 2287/3207
f 2285/3205 2287/3207 693/938 698/942
f 2287/3207 2286/3206 2288/3208 2289/3209
f 2287/3207 2289/3209 694/939 693/938
f 2289/3210 2288/3211 2290/3212 2291/3213
f 2289/3209 2291/3214 2292/3215 694/939
f 2292/3216 2291/3213 2293/3217 2294/3218
f 2292/3216 2294/3218 2295/3219 2296/3220
f 2292/3215 2296/3221 695/940 694/939
f 2296/3222 2295/3223 1943/3224 2297/3225
f 2296/3221 2297/3226 643/3227 695/940
f 2297/3225 1943/3224 1942/3228 1948/3229
f 2297/3230 1948/3231 644/852 643/851
f 2295/3219 2294/3218 2298/3232 1938/2750
f 2295/3219 1938/2750 1937/2749 1943/2755
f 2298/3232 2294/3218 2293/3217 2299/3233
f 2298/3232 2299/3233 2300/3234 1934/2746
f 2298/3232 1934/2746 1933/2745 1938/2750
f 2300/3234 2299/3233 2301/3235 2302/3236
f 2300/3234 2302/3236 2303/3237 1930/2742
f 2300/3234 1930/2742 1929/2741 1934/2746
f 2303/3237 2302/3236 629/830 2304/3238
f 2303/3237 2304/3238 2305/3239 2306/3240
f 2303/3237 2306/3240 1931/2743 1930/2742
f 2306/3240 2305/3239 2307/3241 2308/3242
f 2306/3240 2308/3242 1924/2736 1931/2743
f 2308/3243 2307/3244 2309/3245 2310/3246
f 2308/3242 2310/3247 1925/2737 1924/2736
f 2310/3247 2309/3248 2311/3249 2312/3250
f 2310/3247 2312/3250 1918/2730 1925/2737
f 2312/3250 2311/3249 2313/3251 1914/3252
f 2312/3250 1914/3252 1913/2728 1918/2730
f 2313/3251 2311/3249 405/450 404/449
f 2313/3253 404/461 411/460 1910/3254
f 2313/3253 1910/3254 1909/2725 1914/2724
f 2311/3249 2309/3248 570/719 405/450
f 2309/3245 2307/3244 571/722 570/721
f 2307/3241 2305/3239 2314/3255 571/3256
f 2314/3255 2315/3257 2316/3258 2317/3259
f 2314/3255 2317/3259 572/3260 571/3256
f 2314/3255 2305/3239 2304/3238 2315/3257
f 2317/3259 2318/3261 573/3262 572/3260
f 2318/3261 2319/3263 2320/3264 2321/3265
f 2318/3261 2321/3265 2322/3266 573/3262
f 2322/3267 2323/3268 574/725 573/724
f 2322/3266 2321/3265 2324/3269 2325/3270
f 2322/3267 2325/3271 2326/3272 2323/3268
f 2326/3272 2327/3273 2328/3274 2323/3268
f 2326/3272 2325/3271 2329/3275 2330/3276
f 2326/3272 2330/3276 2331/3277 2327/3273
f 2331/3277 2332/3278 2333/3279 2327/3273
f 2331/3277 2330/3276 2334/3280 2335/3281
f 2331/3277 2335/3281 2336/3282 2332/3278
f 2336/3282 2337/3283 2338/3284 2332/3278
f 2336/3285 2335/3286 2339/3287 2340/3288
f 2336/3285 2340/3288 2341/3289 2337/3290
f 2341/3289 2342/3291 2343/3292 2337/3290
f 2341/3293 2340/3294 2344/3295 2345/3296
f 2341/3293 2345/3296 2346/3297 2342/3298
f 2346/3299 2347/3300 2348/3301 2342/3302
f 2346/3297 2345/3296 2349/3303 2350/3304
f 2346/3299 2350/3305 2351/3306 2347/3300
f 2351/3306 2352/3307 2353/3308 2347/3300
f 2351/3306 2350/3305 2354/3309 488/606
f 2351/3306 488/606 487/605 2352/3307
f 2354/3310 2350/3304 2349/3303 2355/3311
f 2354/3310 2355/3311 2356/3312 2357/3313
f 2354/3309 2357/3314 483/607 488/606
f 2357/3315 2356/3316 2358/3317 2359/3318
f 2357/3315 2359/3318 484/600 483/599
f 2359/3318 2358/3317 2360/3319 2361/3320
f 2359/3318 2361/3320 2362/3321 484/600
f 2362/3321 2363/3322 485/601 484/600
f 2362/3321 2361/3320 2364/3323 482/596
f 2362/3321 482/596 481/595 2363/3322
f 2364/3323 2361/3320 2360/3319 2365/3324
f 2364/3323 2365/3324 2366/3325 2367/3326
f 2364/3323 2367/3326 477/597 482/596
f 2367/3327 2366/3328 2368/3329 2369/3330
f 2367/3327 2369/3330 478/590 477/589
f 2369/3330 2368/3329 2370/3331 2371/3332
f 2369/3330 2371/3332 2372/3333 478/590
f 2372/3333 2371/3332 2373/3334 2374/3335
f 2372/3333 2374/3335 2375/3336 2376/3337
f 2372/3333 2376/3337 479/591 478/590
f 2376/3337 2375/3336 2377/3338 2378/3339
f 2376/3337 2378/3339 480/592 479/591
f 2378/3339 2377/3338 2379/3340 2380/3341
f 2378/3339 2380/3341 2381/3342 480/592
f 2381/3343 2380/3344 2382/3345 486/604
f 2381/3343 486/604 485/603 2363/3346
f 2381/3342 2363/3347 481/593 480/592
f 2382/3345 2380/3344 2379/3348 2383/3349
f 2382/3345 2383/3349 2353/3308 2352/3307
f 2382/3345 2352/3307 487/605 486/604
f 2383/3349 2379/3348 2384/3350 2385/3351
f 2383/3349 2385/3351 2386/3352 2353/3308
f 2386/3353 2385/3354 2387/3355 2388/3356
f 2386/3353 2388/3356 2389/3357 2348/3358
f 2386/3352 2348/3301 2347/3300 2353/3308
f 2389/3359 2388/3360 2390/3361 2391/3362
f 2389/3359 2391/3362 2392/3363 2343/3364
f 2389/3357 2343/3292 2342/3291 2348/3358
f 2392/3363 2391/3362 2393/3365 2394/3366
f 2392/3367 2394/3368 2395/3369 2338/3284
f 2392/3367 2338/3284 2337/3283 2343/3370
f 2395/3371 2394/3366 2396/3372 2397/3373
f 2395/3369 2397/3374 2398/3375 2333/3279
f 2395/3369 2333/3279 2332/3278 2338/3284
f 2398/3375 2397/3374 2399/3376 2400/3377
f 2398/3375 2400/3377 575/727 2328/3274
f 2398/3375 2328/3274 2327/3273 2333/3279
f 2400/3377 2399/3376 492/613 74/612
f 2400/3377 74/612 494/728 575/727
f 2399/3378 2401/3379 2402/3380 492/3381
f 2399/3378 2397/3373 2396/3372 2401/3379
f 2402/3380 2403/3382 2404/3383 2405/3384
f 2402/3380 2405/3384 493/3385 492/3381
f 2402/3380 2401/3379 2406/3386 2403/3382
f 2406/3386 2407/3387 2408/3388 2403/3382
f 2406/3386 2401/3379 2396/3372 2409/3389
f 2406/3386 2409/3389 2410/3390 2407/3387
f 2410/3390 2411/3391 2412/3392 2407/3387
f 2410/3390 2409/3389 2393/3365 2413/3393
f 2410/3390 2413/3393 2414/3394 2411/3391
f 2414/3395 2415/3396 2416/3397 2411/3398
f 2414/3394 2413/3393 2390/3361 2417/3399
f 2414/3395 2417/3400 2418/3401 2415/3396
f 2418/3401 2419/3402 2420/3403 2415/3396
f 2418/3401 2417/3400 2387/3404 2421/3405
f 2418/3401 2421/3405 2422/3406 2419/3402
f 2422/3406 2423/3407 2424/3408 2419/3402
f 2422/3409 2421/3410 2384/3411 2425/3412
f 2422/3409 2425/3412 2426/3413 2423/3414
f 2426/3413 2427/3415 2428/3416 2423/3414
f 2426/3417 2425/3418 2377/3338 2375/3336
f 2426/3417 2375/3336 2374/3335 2427/3419
f 2428/3420 2429/3421 2430/3422 2431/3423
f 2428/3420 2431/3423 2424/3424 2423/3425
f 2428/3416 2427/3415 2432/3426 2429/3427
f 2432/3426 2433/3428 2434/3429 2429/3427
f 2432/3430 2427/3419 2374/3335 2373/3334
f 2432/3430 2373/3334 2435/3431 2433/3432
f 2435/3433 2436/3434 2437/3435 2433/3436
f 2435/3431 2373/3334 2371/3332 2370/3331
f 2435/3433 2370/3437 2438/3438 2436/3434
f 2438/3438 2439/3439 2440/3440 2436/3434
f 2438/3438 2370/3437 2368/3441 2441/3442
f 2438/3438 2441/3442 2442/3443 2439/3439
f 2442/3443 2443/3444 2444/3445 2439/3439
f 2442/3443 2441/3442 580/740 579/739
f 2442/3443 579/739 584/3446 2443/3444
f 2444/3447 2445/3448 2446/3449 2447/3450
f 2444/3445 2447/3451 2440/3440 2439/3439
f 2444/3447 2443/3452 617/806 2445/3448
f 2447/3451 2446/3453 2448/3454 2449/3455
f 2447/3451 2449/3455 2450/3456 2440/3440
f 2450/3457 2449/3458 2451/3459 2452/3460
f 2450/3457 2452/3460 2453/3461 2437/3462
f 2450/3456 2437/3435 2436/3434 2440/3440
f 2453/3463 2452/3464 2454/3465 2455/3466
f 2453/3463 2455/3466 2456/3467 2434/3468
f 2453/3461 2434/3429 2433/3428 2437/3462
f 2456/3467 2455/3466 2457/3469 2458/3470
f 2456/3471 2458/3472 2459/3473 2430/3422
f 2456/3471 2430/3422 2429/3421 2434/3474
f 2459/3473 2458/3472 2460/3475 2461/3476
f 2459/3473 2461/3476 2462/3477 2463/3478
f 2459/3473 2463/3478 2431/3423 2430/3422
f 2463/3478 2462/3477 2464/3479 2465/3480
f 2463/3478 2465/3480 2424/3424 2431/3423
f 2465/3481 2464/3482 2466/3483 2420/3403
f 2465/3481 2420/3403 2419/3402 2424/3408
f 2466/3483 2464/3482 500/623 499/622
f 2466/3483 499/622 503/626 2416/3397
f 2466/3483 2416/3397 2415/3396 2420/3403
f 2464/3479 2462/3477 2467/3484 500/3485
f 2467/3484 565/712 564/711 2468/3486
f 2467/3484 2468/3486 501/3487 500/3485
f 2467/3484 2462/3477 2461/3476 565/712
f 2468/3488 564/709 512/643 511/640
f 2468/3488 511/640 504/629 501/628
f 2461/3476 2460/3475 566/713 565/712
f 2460/3489 2469/3490 567/715 566/714
f 2460/3489 2458/3470 2457/3469 2469/3490
f 2469/3490 2320/3264 2319/3263 567/715
f 2469/3490 2457/3469 2470/3491 2320/3264
f 2470/3491 2324/3269 2321/3265 2320/3264
f 2470/3491 2457/3469 2455/3466 2454/3465
f 2470/3491 2454/3465 2471/3492 2324/3269
f 2471/3492 2329/3493 2325/3270 2324/3269
f 2471/3492 2454/3465 2452/3464 2451/3494
f 2471/3492 2451/3494 2472/3495 2329/3493
f 2472/3496 2334/3280 2330/3276 2329/3275
f 2472/3497 2451/3459 2449/3458 2448/3498
f 2472/3497 2448/3498 2473/3499 2334/3500
f 2473/3499 2339/3287 2335/3286 2334/3500
f 2473/3501 2448/3502 2446/3449 2474/3503
f 2473/3504 2474/3505 2475/3506 2339/3507
f 2475/3506 2344/3295 2340/3294 2339/3507
f 2475/3506 2474/3505 2476/3508 2477/3509
f 2475/3506 2477/3509 2478/3510 2344/3295
f 2478/3510 2349/3303 2345/3296 2344/3295
f 2478/3510 2477/3509 615/3511 2479/3512
f 2478/3510 2479/3512 2355/3311 2349/3303
f 2479/3512 615/3511 614/3513 2480/3514
f 2479/3512 2480/3514 2356/3312 2355/3311
f 2480/3515 614/3516 619/3517 2481/3518
f 2480/3515 2481/3518 2358/3317 2356/3316
f 2481/3518 619/3517 583/745 582/744
f 2481/3518 582/744 2360/3319 2358/3317
f 2477/3509 2476/3508 616/3519 615/3511
f 2476/3520 2474/3503 2446/3449 2445/3448
f 2476/3520 2445/3448 617/806 616/805
f 2443/3452 584/748 618/807 617/806
f 2441/3442 2368/3441 2366/3521 580/740
f 2425/3418 2384/3522 2379/3340 2377/3338
f 2421/3410 2387/3355 2385/3354 2384/3411
f 2417/3399 2390/3361 2388/3360 2387/3523
f 2416/3524 503/3525 2412/3392 2411/3391
f 2413/3393 2393/3365 2391/3362 2390/3361
f 2412/3392 503/3525 502/3526 2482/3527
f 2412/3392 2482/3527 2408/3388 2407/3387
f 2482/3528 502/625 508/636 2483/3529
f 2482/3527 2483/3530 2484/3531 2408/3388
f 2484/3531 2483/3530 2485/3532 2486/3533
f 2484/3531 2486/3533 2487/3534 2404/3383
f 2484/3531 2404/3383 2403/3382 2408/3388
f 2487/3534 2486/3533 2488/3535 2489/3536
f 2487/3534 2489/3536 2490/3537 2491/3538
f 2487/3534 2491/3538 2405/3384 2404/3383
f 2491/3538 2490/3537 2492/3539 2493/3540
f 2491/3538 2493/3540 493/3385 2405/3384
f 2493/3540 2492/3539 2494/3541 2495/3542
f 2493/3540 2495/3542 489/3543 493/3385
f 2495/3542 2494/3541 2496/3544 2497/3545
f 2495/3542 2497/3545 490/3546 489/3543
f 2497/3545 2496/3544 2498/3547 2499/3548
f 2497/3545 2499/3548 355/3549 490/3546
f 2499/3548 2498/3547 2500/3550 2501/3551
f 2499/3548 2501/3551 349/3552 355/3549
f 2501/3553 2500/3554 2502/3555 2503/3556
f 2501/3553 2503/3556 350/352 349/351
f 2503/3556 2502/3555 2504/3557 2505/3558
f 2503/3556 2505/3558 2506/3559 350/352
f 2506/3560 2505/3561 2507/3562 1029/1438
f 2506/3559 1029/3563 1027/3564 1026/3565
f 2506/3559 1026/3565 351/353 350/352
f 2507/3562 2505/3561 2504/3566 2508/3567
f 2507/3562 2508/3567 2509/3568 1032/1441
f 2507/3562 1032/1441 1030/1439 1029/1438
f 2509/3568 2508/3567 2510/3569 2511/3570
f 2509/3568 2511/3570 2512/3571 1035/1444
f 2509/3568 1035/1444 1033/1442 1032/1441
f 2512/3571 2511/3570 2513/3572 2514/3573
f 2512/3571 2514/3573 2515/3574 1038/1447
f 2512/3571 1038/1447 1036/1445 1035/1444
f 2515/3574 2514/3573 2516/3575 2517/3576
f 2515/3574 2517/3576 2518/3577 1041/1451
f 2515/3574 1041/1451 1039/1448 1038/1447
f 2518/3577 2517/3576 2519/3578 2520/3579
f 2518/3577 2520/3579 2521/3580 1044/1456
f 2518/3577 1044/1456 1042/1452 1041/1451
f 2521/3580 2520/3579 2522/3581 2523/3582
f 2521/3583 2523/3584 2524/3585 1047/1461
f 2521/3583 1047/1461 1045/1459 1044/3586
f 2524/3587 2523/3582 2525/3588 2526/3589
f 2524/3585 2526/3590 2527/3591 2528/3592
f 2524/3585 2528/3592 1048/1462 1047/1461
f 2528/3592 2527/3591 2529/3593 2530/3594
f 2528/3592 2530/3594 1049/1463 1048/1462
f 2530/3594 2529/3593 2531/3595 2532/3596
f 2530/3594 2532/3596 1051/1465 1049/1463
f 2532/3596 2531/3595 2533/3597 2534/3598
f 2532/3596 2534/3598 1053/1467 1051/1465
f 2534/3598 2533/3597 2535/3599 2536/3600
f 2534/3598 2536/3600 1055/3601 1053/1467
f 2536/3602 2535/3603 2537/3604 1060/1477
f 2536/3602 1060/1477 1057/1474 1055/1472
f 2537/3604 2535/3603 2538/3605 2539/3606
f 2537/3604 2539/3606 1065/1482 1063/1480
f 2537/3604 1063/1480 1061/1478 1060/1477
f 2539/3606 2538/3605 2540/3607 2541/3608
f 2539/3606 2541/3608 2542/3609 1065/1482
f 2542/3609 2541/3608 2543/3610 2544/3611
f 2542/3609 2544/3611 2545/3612 1068/1485
f 2542/3609 1068/1485 1066/1483 1065/1482
f 2545/3612 2544/3611 2546/3613 2547/3614
f 2545/3612 2547/3614 2548/3615 2549/3616
f 2545/3612 2549/3616 1069/1486 1068/1485
f 2549/3616 2548/3615 2550/3617 2551/3618
f 2549/3616 2551/3618 1070/1487 1069/1486
f 2551/3618 2550/3617 2552/3619 2553/3620
f 2551/3618 2553/3620 1072/1489 1070/1487
f 2553/3620 2552/3619 2554/3621 2555/3622
f 2553/3620 2555/3622 2556/3623 1072/1489
f 2556/3623 2555/3622 2557/3624 2558/3625
f 2556/3623 2558/3625 2559/3626 1075/1492
f 2556/3623 1075/1492 1073/1490 1072/1489
f 2559/3626 2558/3625 2560/3627 2561/3628
f 2559/3626 2561/3628 2562/3629 2563/3630
f 2559/3626 2563/3630 1076/1493 1075/1492
f 2563/3630 2562/3629 2564/3631 2565/3632
f 2563/3630 2565/3632 1077/1494 1076/1493
f 2565/3632 2564/3631 2566/3633 2567/3634
f 2565/3632 2567/3634 1079/1496 1077/1494
f 2567/3634 2566/3633 2568/3635 2569/3636
f 2567/3634 2569/3636 1081/1498 1079/1496
f 2569/3637 2568/3638 2570/3639 2571/3640
f 2569/3637 2571/3640 1083/1503 1081/1502
f 2571/3640 2570/3639 2572/3641 2573/3642
f 2571/3640 2573/3642 1085/1505 1083/1503
f 2573/3642 2572/3641 2574/3643 2575/3644
f 2573/3642 2575/3644 2576/3645 1085/1505
f 2576/3645 1088/1508 1086/1506 1085/1505
f 2576/3645 2575/3644 2577/3646 2578/3647
f 2576/3645 2578/3647 1090/1510 1088/1508
f 2578/3647 2577/3646 2579/3648 2580/3649
f 2578/3647 2580/3649 2581/3650 1090/1510
f 2581/3650 1094/1514 1091/1511 1090/1510
f 2581/3650 2580/3649 2582/3651 2583/3652
f 2581/3650 2583/3652 2584/3653 1094/1514
f 2584/3653 1099/1519 1095/1515 1094/1514
f 2584/3653 2583/3652 2585/3654 2586/3655
f 2584/3653 2586/3655 2587/3656 1099/1519
f 2587/3656 1104/1524 1100/1520 1099/1519
f 2587/3656 2586/3655 2588/3657 2589/3658
f 2587/3656 2589/3658 2590/3659 1104/1524
f 2590/3659 1109/1529 1105/1525 1104/1524
f 2590/3659 2589/3658 2591/3660 2592/3661
f 2590/3659 2592/3661 2593/3662 1109/1529
f 2593/3662 1114/1536 1110/1530 1109/1529
f 2593/3662 2592/3661 2594/3663 2595/3664
f 2593/3662 2595/3664 2596/3665 1114/1536
f 2596/3665 1119/1543 1115/1537 1114/1536
f 2596/3665 2595/3664 2597/3666 2598/3667
f 2596/3665 2598/3667 2599/3668 1119/1543
f 2599/3668 1124/3669 1120/1544 1119/1543
f 2599/3668 2598/3667 2600/3670 310/3671
f 2599/3668 310/3671 309/3672 1124/3669
f 2600/3673 2598/3674 2597/3675 2601/3676
f 2600/3677 2601/3678 2602/3679 2603/3680
f 2600/3677 2603/3680 311/292 310/291
f 2603/3681 2602/3682 2604/3683 2605/3684
f 2603/3681 2605/3684 313/297 311/296
f 2605/3684 2604/3683 2606/3685 2607/3686
f 2605/3684 2607/3686 2608/3687 313/297
f 2608/3687 2609/3688 314/298 313/297
f 2608/3687 2607/3686 2610/3689 2611/3690
f 2608/3691 2611/3692 2612/3693 2609/3694
f 2612/3693 2613/3695 2614/3696 2609/3694
f 2612/3693 2611/3692 2615/3697 2616/3698
f 2612/3693 2616/3698 2617/3699 2613/3695
f 2617/3699 2618/3700 2619/3701 2613/3695
f 2617/3699 2616/3698 2620/3702 2621/3703
f 2617/3699 2621/3703 2622/3704 2618/3700
f 2622/3704 2623/3705 2624/3706 2618/3700
f 2622/3704 2621/3703 2625/3707 2626/3708
f 2622/3704 2626/3708 2627/3709 2623/3705
f 2627/3710 2628/3711 2629/3712 2623/3713
f 2627/3709 2626/3708 2630/3714 2631/3715
f 2627/3709 2631/3715 2632/3716 2628/3717
f 2632/3718 2633/3719 2634/3720 2628/3711
f 2632/3716 2631/3715 2527/3591 2526/3590
f 2632/3718 2526/3589 2525/3588 2633/3719
f 2634/3720 2635/3721 2636/3722 2637/3723
f 2634/3720 2637/3723 2629/3712 2628/3711
f 2634/3720 2633/3719 2638/3724 2635/3721
f 2638/3724 2639/3725 2640/3726 2635/3721
f 2638/3724 2633/3719 2525/3588 2641/3727
f 2638/3724 2641/3727 2642/3728 2639/3725
f 2642/3728 2643/3729 2644/3730 2639/3725
f 2642/3728 2641/3727 2522/3581 2645/3731
f 2642/3728 2645/3731 2646/3732 2643/3729
f 2646/3733 2647/3734 2648/3735 2643/3736
f 2646/3732 2645/3731 2519/3578 2649/3737
f 2646/3733 2649/3738 2650/3739 2647/3734
f 2650/3739 2651/3740 2652/3741 2647/3734
f 2650/3742 2649/3737 2516/3575 2653/3743
f 2650/3742 2653/3743 2654/3744 2651/3745
f 2654/3744 2655/3746 2656/3747 2651/3745
f 2654/3744 2653/3743 2513/3572 2657/3748
f 2654/3744 2657/3748 2658/3749 2655/3746
f 2658/3750 2659/3751 2660/3752 2655/3753
f 2658/3749 2657/3748 2510/3569 2661/3754
f 2658/3750 2661/3755 2662/3756 2659/3751
f 2662/3756 2663/3757 2664/3758 2659/3751
f 2662/3756 2661/3755 2504/3557 2502/3555
f 2662/3756 2502/3555 2500/3554 2663/3757
f 2664/3759 2665/3760 2666/3761 2667/3762
f 2664/3758 2667/3763 2660/3752 2659/3751
f 2664/3759 2663/3764 2668/3765 2665/3760
f 2668/3765 2669/3766 2670/3767 2665/3760
f 2668/3765 2663/3764 2500/3550 2498/3547
f 2668/3765 2498/3547 2496/3544 2669/3766
f 2670/3767 2671/3768 2672/3769 2673/3770
f 2670/3767 2673/3770 2666/3761 2665/3760
f 2670/3767 2669/3766 2674/3771 2671/3768
f 2674/3771 2675/3772 2676/3773 2671/3768
f 2674/3771 2669/3766 2496/3544 2494/3541
f 2674/3771 2494/3541 2492/3539 2675/3772
f 2676/3773 2677/3774 2678/3775 2679/3776
f 2676/3773 2679/3776 2672/3769 2671/3768
f 2676/3773 2675/3772 2680/3777 2677/3774
f 2680/3777 2681/3778 2682/3779 2677/3774
f 2680/3777 2675/3772 2492/3539 2490/3537
f 2680/3777 2490/3537 2489/3536 2681/3778
f 2682/3779 2683/3780 1438/2029 2684/3781
f 2682/3779 2684/3781 2678/3775 2677/3774
f 2682/3779 2681/3778 2685/3782 2683/3780
f 2685/3782 2686/3783 1443/2034 2683/3780
f 2685/3782 2681/3778 2489/3536 2488/3535
f 2685/3782 2488/3535 2687/3784 2686/3783
f 2687/3785 2688/3786 1448/3787 2686/3788
f 2687/3784 2488/3535 2486/3533 2485/3532
f 2687/3785 2485/3789 2689/3790 2688/3786
f 2689/3791 2690/3792 1453/2044 2688/3793
f 2689/3790 2485/3789 2483/3529 508/636
f 2689/3791 508/3794 507/634 2690/3792
f 2690/3792 1458/2051 1454/2045 1453/2044
f 2690/3792 507/634 506/633 1458/2051
f 2688/3793 1453/2044 1449/2040 1448/2039
f 2686/3783 1448/2039 1444/2035 1443/2034
f 2684/3781 1438/2029 1434/2025 1433/3795
f 2684/3781 1433/3795 2691/3796 2678/3775
f 2691/3796 1433/3795 1429/2016 1428/2015
f 2691/3796 1428/2015 2692/3797 2693/3798
f 2691/3796 2693/3798 2679/3776 2678/3775
f 2693/3798 2692/3797 2694/3799 2695/3800
f 2693/3798 2695/3800 2672/3769 2679/3776
f 2695/3800 2694/3799 2696/3801 2697/3802
f 2695/3800 2697/3802 2673/3770 2672/3769
f 2697/3802 2696/3801 2698/3803 2699/3804
f 2697/3802 2699/3804 2666/3761 2673/3770
f 2699/3804 2698/3803 2700/3805 2701/3806
f 2699/3804 2701/3806 2667/3762 2666/3761
f 2701/3806 2700/3805 2702/3807 2703/3808
f 2701/3806 2703/3808 2660/3809 2667/3762
f 2703/3808 2702/3807 2704/3810 2656/3747
f 2703/3808 2656/3747 2655/3746 2660/3809
f 2704/3810 2702/3807 2705/3811 2706/3812
f 2704/3813 2706/3814 2707/3815 2652/3816
f 2704/3810 2652/3817 2651/3745 2656/3747
f 2707/3818 2706/3819 2708/3820 2709/3821
f 2707/3818 2709/3821 2710/3822 2648/3823
f 2707/3818 2648/3823 2647/3824 2652/3825
f 2710/3822 2709/3821 2711/3826 2712/3827
f 2710/3828 2712/3829 2713/3830 2644/3831
f 2710/3828 2644/3831 2643/3736 2648/3735
f 2713/3832 2712/3833 2714/3834 2715/3835
f 2713/3832 2715/3835 2716/3836 2640/3726
f 2713/3832 2640/3726 2639/3725 2644/3730
f 2716/3836 2715/3835 2717/3837 2718/3838
f 2716/3836 2718/3838 2719/3839 2636/3722
f 2716/3836 2636/3722 2635/3721 2640/3726
f 2719/3839 2718/3838 2720/3840 2721/3841
f 2719/3839 2721/3841 2722/3842 2723/3843
f 2719/3839 2723/3843 2637/3723 2636/3722
f 2723/3843 2722/3842 2724/3844 2725/3845
f 2723/3843 2725/3845 2629/3712 2637/3723
f 2725/3846 2724/3847 2726/3848 2624/3849
f 2725/3846 2624/3849 2623/3850 2629/3851
f 2726/3848 2724/3847 2727/3852 2728/3853
f 2726/3854 2728/3855 2729/3856 2619/3701
f 2726/3854 2619/3701 2618/3700 2624/3706
f 2729/3856 2728/3855 2730/3857 2731/3858
f 2729/3856 2731/3858 315/300 2614/3696
f 2729/3856 2614/3696 2613/3695 2619/3701
f 2731/3858 2730/3857 2732/3859 2733/3860
f 2731/3858 2733/3860 312/294 315/300
f 2733/3860 2732/3859 2734/3861 2735/3862
f 2733/3860 2735/3862 154/32 312/294
f 2735/3863 2734/3864 2736/3865 2737/3866
f 2735/3862 2737/3867 155/33 154/32
f 2737/3868 2736/3869 2738/3870 2739/3871
f 2737/3868 2739/3871 158/38 155/37
f 2739/3872 2738/3873 2740/3874 2741/3875
f 2739/3872 2741/3875 2742/3876 158/3877
f 2742/3878 148/3879 147/3880 158/3881
f 2742/3876 2741/3875 306/285 2743/3882
f 2742/3878 2743/3883 323/3884 148/3879
f 2743/3882 306/285 305/284 2744/3885
f 2743/3883 2744/3886 320/3887 323/3884
f 2744/3888 305/282 304/281 318/3889
f 2744/3888 318/3889 317/309 320/308
f 2741/3875 2740/3874 307/286 306/285
f 2740/3874 2738/3873 2745/3890 2746/3891
f 2740/3874 2746/3891 308/287 307/286
f 2746/3892 2745/3893 2747/3894 2748/3895
f 2746/3892 2748/3895 2749/3896 308/3897
f 2749/3896 2748/3895 283/243 295/263
f 2749/3896 295/263 294/262 2750/3898
f 2749/3896 2750/3898 303/3899 308/3897
f 2750/3900 294/268 296/267 319/305
f 2750/3900 319/305 304/306 303/3901
f 2748/3895 2747/3894 280/244 283/243
f 2747/3894 2745/3893 2751/3902 2752/3903
f 2747/3894 2752/3903 281/3904 280/244
f 2752/3905 2751/3906 2753/3907 2754/3908
f 2752/3905 2754/3908 2755/3909 281/240
f 2755/3910 2754/3911 2756/3912 2757/3913
f 2755/3910 2757/3913 290/257 289/256
f 2755/3909 289/260 277/236 281/240
f 2757/3913 2756/3912 2758/3914 2759/3915
f 2757/3913 2759/3915 2760/3916 290/257
f 2760/3916 2761/3917 287/258 290/257
f 2760/3916 2759/3915 2762/3918 2763/3919
f 2760/3916 2763/3919 2764/3920 2761/3917
f 2764/3920 2765/3921 2766/3922 2761/3917
f 2764/3920 2763/3919 2720/3840 2767/3923
f 2764/3920 2767/3923 2768/3924 2765/3921
f 2768/3925 2769/3926 2770/3927 2765/3928
f 2768/3924 2767/3923 2717/3837 2771/3929
f 2768/3925 2771/3930 2772/3931 2769/3926
f 2772/3931 2773/3932 2774/3933 2769/3926
f 2772/3931 2771/3930 2714/3934 2775/3935
f 2772/3931 2775/3935 2776/3936 2773/3932
f 2776/3937 2777/3938 2778/3939 2773/3940
f 2776/3936 2775/3935 2711/3826 2779/3941
f 2776/3937 2779/3942 2780/3943 2777/3938
f 2780/3943 2781/3944 2782/3945 2777/3938
f 2780/3943 2779/3942 2708/3946 2783/3947
f 2780/3943 2783/3947 2784/3948 2781/3944
f 2784/3948 2785/3949 2786/3950 2781/3944
f 2784/3948 2783/3947 2705/3811 2787/3951
f 2784/3948 2787/3951 2788/3952 2785/3949
f 2788/3952 2789/3953 2790/3954 2785/3949
f 2788/3952 2787/3951 2700/3805 2698/3803
f 2788/3952 2698/3803 2696/3801 2789/3953
f 2790/3954 1418/2001 1414/1996 1413/1995
f 2790/3954 1413/1995 2786/3950 2785/3949
f 2790/3954 2789/3953 2791/3955 1418/2001
f 2791/3955 1423/2008 1419/2002 1418/2001
f 2791/3955 2789/3953 2696/3801 2694/3799
f 2791/3955 2694/3799 2692/3797 1423/2008
f 2787/3951 2705/3811 2702/3807 2700/3805
f 2786/3950 1413/1995 1409/1989 1408/1988
f 2786/3950 1408/1988 2782/3945 2781/3944
f 2783/3947 2708/3946 2706/3812 2705/3811
f 2782/3945 1408/1988 1404/1984 1403/1983
f 2782/3945 1403/1983 2778/3939 2777/3938
f 2779/3941 2711/3826 2709/3821 2708/3820
f 2778/3939 1403/1983 1400/1980 1399/3956
f 2778/3939 1399/3956 2774/3957 2773/3940
f 2775/3935 2714/3934 2712/3827 2711/3826
f 2774/3957 1399/3956 1397/1974 2792/3958
f 2774/3933 2792/3959 2770/3927 2769/3926
f 2792/3960 1397/3961 300/274 299/273
f 2792/3959 299/272 298/271 2770/3927
f 2771/3929 2717/3837 2715/3835 2714/3834
f 2770/3927 298/271 2766/3962 2765/3928
f 2767/3923 2720/3840 2718/3838 2717/3837
f 2766/3962 298/271 297/270 288/3963
f 2766/3922 288/3964 287/258 2761/3917
f 2763/3919 2762/3918 2721/3841 2720/3840
f 2762/3918 2759/3915 2758/3914 2793/3965
f 2762/3918 2793/3965 2722/3842 2721/3841
f 2793/3965 2758/3914 2794/3966 2727/3967
f 2793/3965 2727/3967 2724/3844 2722/3842
f 2794/3966 2758/3914 2756/3912 2795/3968
f 2794/3969 2795/3970 2732/3971 2730/3972
f 2794/3969 2730/3972 2728/3853 2727/3852
f 2795/3970 2756/3973 2754/3974 2753/3975
f 2795/3970 2753/3975 2734/3976 2732/3971
f 2753/3907 2751/3906 2736/3977 2734/3978
f 2751/3979 2745/3890 2738/3873 2736/3980
f 2692/3797 1428/2015 1424/2009 1423/2008
f 2683/3780 1443/2034 1439/2030 1438/2029
f 2661/3754 2510/3569 2508/3567 2504/3566
f 2657/3748 2513/3572 2511/3570 2510/3569
f 2653/3743 2516/3575 2514/3573 2513/3572
f 2649/3737 2519/3578 2517/3576 2516/3575
f 2645/3731 2522/3581 2520/3579 2519/3578
f 2641/3727 2525/3588 2523/3582 2522/3581
f 2631/3715 2630/3714 2529/3593 2527/3591
f 2630/3714 2626/3708 2625/3707 2796/3981
f 2630/3714 2796/3981 2531/3595 2529/3593
f 2796/3981 2625/3707 2797/3982 2798/3983
f 2796/3981 2798/3983 2533/3597 2531/3595
f 2798/3983 2797/3982 2540/3984 2538/3985
f 2798/3983 2538/3985 2535/3599 2533/3597
f 2797/3982 2625/3707 2621/3703 2620/3702
f 2797/3982 2620/3702 2799/3986 2540/3984
f 2799/3986 2620/3702 2616/3698 2615/3697
f 2799/3987 2615/3988 2800/3989 2543/3610
f 2799/3987 2543/3610 2541/3608 2540/3607
f 2800/3989 2615/3988 2611/3690 2610/3689
f 2800/3989 2610/3689 2801/3990 2546/3613
f 2800/3989 2546/3613 2544/3611 2543/3610
f 2801/3990 2610/3689 2607/3686 2606/3685
f 2801/3990 2606/3685 2802/3991 2803/3992
f 2801/3990 2803/3992 2547/3614 2546/3613
f 2803/3992 2802/3991 2804/3993 2805/3994
f 2803/3992 2805/3994 2548/3615 2547/3614
f 2805/3994 2804/3993 2806/3995 2807/3996
f 2805/3994 2807/3996 2550/3617 2548/3615
f 2807/3996 2806/3995 2808/3997 2809/3998
f 2807/3996 2809/3998 2552/3619 2550/3617
f 2809/3998 2808/3997 2810/3999 2811/4000
f 2809/3998 2811/4000 2554/3621 2552/3619
f 2811/4000 2810/3999 2812/4001 2813/4002
f 2811/4000 2813/4002 2814/4003 2554/3621
f 2814/4003 2813/4002 2815/4004 2816/4005
f 2814/4003 2816/4005 2817/4006 2557/3624
f 2814/4003 2557/3624 2555/3622 2554/3621
f 2817/4006 2816/4005 2818/4007 2819/4008
f 2817/4006 2819/4008 2820/4009 2560/3627
f 2817/4006 2560/3627 2558/3625 2557/3624
f 2820/4009 2819/4008 2821/4010 2822/4011
f 2820/4009 2822/4011 2823/4012 2824/4013
f 2820/4009 2824/4013 2561/3628 2560/3627
f 2824/4013 2823/4012 2825/4014 2826/4015
f 2824/4013 2826/4015 2562/3629 2561/3628
f 2826/4015 2827/4016 2564/3631 2562/3629
f 2827/4016 760/1053 759/1052 2828/4017
f 2827/4016 2828/4017 2566/3633 2564/3631
f 2828/4017 759/1052 761/4018 2829/4019
f 2828/4017 2829/4019 2568/3635 2566/3633
f 2829/4020 761/4021 129/1042 753/1041
f 2829/4020 753/1041 2570/3639 2568/3638
f 2825/4014 2823/4012 2830/4022 2831/4023
f 2825/4014 2831/4023 2832/4024 2833/4025
f 2832/4024 2834/4026 756/1046 755/1045
f 2832/4024 2831/4023 2835/4027 2834/4026
f 2835/4027 2836/4028 2837/4029 2834/4026
f 2835/4027 2831/4023 2830/4022 2838/4030
f 2835/4027 2838/4030 2839/4031 2836/4028
f 2839/4031 2840/4032 2841/4033 2836/4028
f 2839/4031 2838/4030 2842/4034 2843/4035
f 2839/4031 2843/4035 2844/4036 2840/4032
f 2844/4036 2845/4037 2846/4038 2840/4032
f 2844/4036 2843/4035 2847/4039 2848/4040
f 2844/4036 2848/4040 2849/4041 2845/4037
f 2849/4042 2850/4043 2851/4044 2845/4045
f 2849/4046 2848/4047 2852/4048 2853/4049
f 2849/4042 2853/4050 2854/4051 2850/4043
f 2854/4051 2855/4052 2856/4053 2850/4043
f 2854/4051 2853/4050 2857/4054 2858/4055
f 2854/4051 2858/4055 2859/4056 2855/4052
f 2859/4057 2860/4058 2861/4059 2862/4060
f 2859/4057 2862/4060 2863/4061 2855/4062
f 2859/4057 2858/4063 2864/4064 2860/4058
f 2864/4064 2865/4065 2866/4066 2860/4058
f 2864/4067 2858/4068 2857/4069 2867/4070
f 2864/4067 2867/4070 2868/4071 2865/4072
f 2868/4071 2869/4073 2870/4074 2865/4072
f 2868/4071 2867/4070 2871/4075 2872/4076
f 2868/4071 2872/4076 2873/4077 2869/4073
f 2873/4077 2874/4078 2875/4079 2869/4073
f 2873/4080 2872/4081 2876/4082 2877/4083
f 2873/4080 2877/4083 2878/4084 2874/4085
f 2878/4084 2812/4001 2879/4086 2874/4085
f 2878/4084 2877/4083 2880/4087 2815/4004
f 2878/4084 2815/4004 2813/4002 2812/4001
f 2880/4087 2877/4083 2876/4082 2881/4088
f 2880/4087 2881/4088 2882/4089 2818/4007
f 2880/4087 2818/4007 2816/4005 2815/4004
f 2882/4089 2881/4088 161/43 160/42
f 2882/4089 160/42 2883/4090 2821/4010
f 2882/4089 2821/4010 2819/4008 2818/4007
f 2883/4090 160/42 159/41 2884/4091
f 2883/4090 2884/4091 2842/4034 2885/4092
f 2883/4090 2885/4092 2822/4011 2821/4010
f 2885/4092 2842/4034 2838/4030 2830/4022
f 2885/4092 2830/4022 2823/4012 2822/4011
f 2884/4091 159/41 164/46 2847/4039
f 2884/4091 2847/4039 2843/4035 2842/4034
f 2881/4088 2876/4082 162/44 161/43
f 2879/4093 2886/4094 2887/4095 2888/4096
f 2879/4093 2888/4096 2875/4079 2874/4078
f 2879/4086 2812/4001 2810/3999 2886/4097
f 2888/4096 2887/4095 2889/4098 2890/4099
f 2888/4096 2890/4099 2891/4100 2875/4079
f 2891/4101 2890/4102 2892/4103 2893/4104
f 2891/4101 2893/4104 2894/4105 2870/4106
f 2891/4100 2870/4074 2869/4073 2875/4079
f 2894/4107 2893/4108 2895/4109 2896/4110
f 2894/4107 2896/4110 2897/4111 2866/4112
f 2894/4105 2866/4066 2865/4065 2870/4106
f 2897/4111 2896/4110 2898/4113 2899/4114
f 2897/4111 2899/4114 170/53 2861/4115
f 2897/4116 2861/4059 2860/4058 2866/4066
f 2899/4114 2898/4113 2900/4117 2901/4118
f 2899/4114 2901/4118 165/48 170/53
f 2901/4118 2900/4117 2902/4119 2903/4120
f 2901/4118 2903/4120 166/49 165/48
f 2903/4120 2902/4119 2904/4121 2905/4122
f 2903/4120 2905/4122 2906/4123 166/49
f 2906/4123 2905/4122 2907/4124 2908/4125
f 2906/4123 2908/4125 2909/4126 2910/4127
f 2906/4123 2910/4127 167/50 166/49
f 2910/4127 2909/4126 2911/4128 2912/4129
f 2910/4127 2912/4129 168/51 167/50
f 2912/4129 2911/4128 2913/4130 2914/4131
f 2912/4129 2914/4131 2863/4132 168/51
f 2914/4131 2913/4130 2915/4133 2856/4134
f 2914/4131 2856/4134 2855/4135 2863/4132
f 2915/4133 2913/4130 2916/4136 2917/4137
f 2915/4138 2917/4139 2918/4140 2851/4044
f 2915/4138 2851/4044 2850/4043 2856/4053
f 2918/4140 2917/4139 2919/4141 2920/4142
f 2918/4140 2920/4142 2921/4143 2846/4144
f 2918/4140 2846/4144 2845/4045 2851/4044
f 2921/4143 2920/4142 773/1072 772/1071
f 2921/4145 772/1069 771/1068 2841/4033
f 2921/4145 2841/4033 2840/4032 2846/4038
f 2920/4142 2919/4141 777/1081 773/1072
f 2919/4146 2922/4147 778/1084 777/1083
f 2919/4146 2917/4137 2916/4136 2922/4147
f 2922/4147 2923/4148 2924/4149 778/1084
f 2922/4147 2916/4136 2925/4150 2923/4148
f 2925/4150 2926/4151 2927/4152 2923/4148
f 2925/4150 2916/4136 2913/4130 2911/4128
f 2925/4150 2911/4128 2909/4126 2926/4151
f 2927/4152 2928/4153 754/1043 769/1065
f 2927/4152 769/1065 2924/4149 2923/4148
f 2927/4152 2926/4151 2929/4154 2928/4153
f 2929/4154 2930/4155 2931/4156 2928/4153
f 2929/4154 2926/4151 2909/4126 2908/4125
f 2929/4154 2908/4125 2907/4124 2930/4155
f 2930/4155 2932/4157 2933/4158 2931/4156
f 2930/4155 2907/4124 2934/4159 2932/4157
f 2934/4159 2935/4160 2936/4161 2932/4157
f 2934/4159 2907/4124 2905/4122 2904/4121
f 2934/4159 2904/4121 2937/4162 2935/4160
f 2937/4162 2938/4163 2579/3648 2935/4160
f 2937/4162 2904/4121 2902/4119 2939/4164
f 2937/4162 2939/4164 2940/4165 2938/4163
f 2940/4165 2941/4166 2582/3651 2938/4163
f 2940/4165 2939/4164 2942/4167 2943/4168
f 2940/4165 2943/4168 2944/4169 2941/4166
f 2944/4169 2945/4170 2585/3654 2941/4166
f 2944/4169 2943/4168 2946/4171 2947/4172
f 2944/4169 2947/4172 2948/4173 2945/4170
f 2948/4173 2949/4174 2588/3657 2945/4170
f 2948/4173 2947/4172 2950/4175 2951/4176
f 2948/4173 2951/4176 2952/4177 2949/4174
f 2952/4177 2953/4178 2591/3660 2949/4174
f 2952/4177 2951/4176 2954/4179 2955/4180
f 2952/4177 2955/4180 2956/4181 2953/4178
f 2956/4181 2957/4182 2594/3663 2953/4178
f 2956/4183 2955/4184 2958/4185 2959/4186
f 2956/4183 2959/4186 2960/4187 2957/4188
f 2960/4187 2601/3676 2597/3675 2957/4188
f 2960/4187 2959/4186 2961/4189 2962/4190
f 2960/4191 2962/4192 2602/3679 2601/3678
f 2962/4193 2961/4194 2963/4195 2964/4196
f 2962/4193 2964/4196 2604/3683 2602/3682
f 2964/4196 2963/4195 2804/3993 2802/3991
f 2964/4196 2802/3991 2606/3685 2604/3683
f 2963/4197 2961/4198 2965/4199 2966/4200
f 2963/4195 2966/4201 2806/3995 2804/3993
f 2966/4200 2965/4199 2967/4202 2968/4203
f 2966/4201 2968/4204 2808/3997 2806/3995
f 2968/4203 2967/4202 2887/4095 2886/4094
f 2968/4204 2886/4097 2810/3999 2808/3997
f 2967/4202 2965/4199 2958/4205 2969/4206
f 2967/4202 2969/4206 2889/4098 2887/4095
f 2969/4207 2958/4185 2955/4184 2954/4208
f 2969/4207 2954/4208 2970/4209 2889/4210
f 2970/4211 2954/4179 2951/4176 2950/4175
f 2970/4211 2950/4175 2971/4212 2892/4213
f 2970/4209 2892/4103 2890/4102 2889/4210
f 2971/4212 2950/4175 2947/4172 2946/4171
f 2971/4212 2946/4171 2972/4214 2895/4109
f 2971/4212 2895/4109 2893/4108 2892/4213
f 2972/4214 2946/4171 2943/4168 2942/4167
f 2972/4214 2942/4167 2900/4117 2898/4113
f 2972/4214 2898/4113 2896/4110 2895/4109
f 2965/4199 2961/4198 2959/4215 2958/4205
f 2957/4182 2597/3666 2595/3664 2594/3663
f 2953/4178 2594/3663 2592/3661 2591/3660
f 2949/4174 2591/3660 2589/3658 2588/3657
f 2945/4170 2588/3657 2586/3655 2585/3654
f 2942/4167 2939/4164 2902/4119 2900/4117
f 2941/4166 2585/3654 2583/3652 2582/3651
f 2938/4163 2582/3651 2580/3649 2579/3648
f 2936/4161 2577/3646 2575/3644 2574/3643
f 2936/4161 2574/3643 2933/4158 2932/4157
f 2936/4161 2935/4160 2579/3648 2577/3646
f 2933/4158 2574/3643 2572/3641 125/1040
f 2924/4149 769/1065 758/1064 2973/4216
f 2924/4149 2973/4216 776/1085 778/1084
f 2973/4217 758/1050 757/1049 2974/4218
f 2973/4217 2974/4218 775/1078 776/1077
f 2974/4219 757/1047 756/1046 2975/4220
f 2974/4219 2975/4220 770/1067 775/1075
f 2975/4220 756/1046 2834/4026 2837/4029
f 2975/4220 2837/4029 771/1068 770/1067
f 2876/4082 2872/4081 2871/4221 162/44
f 2871/4075 2867/4070 2857/4069 2976/4222
f 2871/4221 2976/4223 163/45 162/44
f 2976/4222 2857/4069 2853/4049 2852/4048
f 2976/4223 2852/4224 164/46 163/45
f 2863/4132 2862/4225 169/52 168/51
f 2862/4225 2861/4115 170/53 169/52
f 2852/4224 2848/4040 2847/4039 164/46
f 2841/4033 771/1068 2837/4029 2836/4028
f 2614/3696 315/300 314/299 2609/3694
f 2572/3641 2570/3639 753/1041 125/1040
f 2409/3389 2396/3372 2394/3366 2393/3365
f 2366/3325 2365/3324 581/743 580/4226
f 2365/3324 2360/3319 582/744 581/743
f 2328/3274 575/727 574/725 2323/3268
f 2319/3263 2977/4227 568/716 567/715
f 2316/3258 2315/3257 98/829 628/4228
f 2315/3257 2304/3238 629/830 98/829
f 2302/3236 2301/3235 630/831 629/830
f 2301/3235 2978/4229 2979/4230 630/831
f 2301/3235 2299/3233 2293/3217 2978/4229
f 2979/4230 631/833 562/705 561/704
f 2979/4230 561/704 569/717 630/831
f 2979/4230 2978/4229 2290/3212 631/833
f 2978/4229 2293/3217 2291/3213 2290/3212
f 2290/3212 2288/3211 632/834 631/833
f 2288/3208 2286/3206 633/836 632/835
f 2286/3206 2284/3204 2980/4231 633/836
f 2980/4231 2981/4232 2982/4233 2983/4234
f 2980/4231 2983/4234 634/837 633/836
f 2980/4231 2284/3204 2283/3203 2981/4232
f 2983/4234 2982/4233 2984/4235 2985/4236
f 2983/4234 2985/4236 635/838 634/837
f 2985/4236 2984/4235 592/760 590/757
f 2985/4236 590/757 589/756 635/838
f 2984/4235 2986/4237 2987/4238 592/760
f 2984/4235 2982/4233 2988/4239 2986/4237
f 2988/4239 2989/4240 2990/4241 2986/4237
f 2988/4239 2982/4233 2981/4232 2991/4242
f 2988/4239 2991/4242 2992/4243 2989/4240
f 2992/4243 2993/4244 2994/4245 2989/4240
f 2992/4243 2995/4246 2996/4247 2993/4244
f 2996/4247 704/950 701/947 2993/4244
f 2996/4247 2995/4246 2280/3200 2279/3199
f 2996/4247 2279/3199 2997/4248 704/950
f 2997/4248 2998/4249 702/948 704/950
f 2997/4248 2279/3199 2277/3196 2276/3195
f 2997/4248 2276/3195 2999/4250 2998/4249
f 2999/4250 2200/3075 2199/3074 2998/4249
f 2999/4250 2276/3195 2274/3194 2273/4251
f 2999/4250 2273/4251 2201/3076 2200/3075
f 2998/4249 2199/3074 703/949 702/948
f 2994/4245 700/946 3000/4252 3001/4253
f 2994/4245 3001/4253 2990/4241 2989/4240
f 2994/4245 2993/4244 701/947 700/946
f 3001/4253 3000/4252 3002/4254 3003/4255
f 3001/4253 3003/4255 3004/4256 2990/4241
f 3004/4256 3003/4255 3005/4257 3006/4258
f 3004/4256 3006/4258 3007/4259 2987/4238
f 3004/4256 2987/4238 2986/4237 2990/4241
f 3007/4260 3006/4261 3008/4262 3009/4263
f 3007/4260 3009/4263 594/764 593/763
f 3007/4259 593/761 592/760 2987/4238
f 3009/4263 3008/4262 2177/4264 3010/4265
f 3009/4263 3010/4265 612/801 594/764
f 3010/4266 2177/3044 2173/3040 2172/3039
f 3010/4266 2172/3039 613/799 612/798
f 3008/4262 2182/3053 2178/3052 2177/4264
f 3008/4262 3006/4261 3005/4267 2182/3053
f 3005/4267 2187/3059 2183/3054 2182/3053
f 3005/4257 3003/4255 3002/4254 2187/4268
f 3002/4254 2192/3066 2188/3065 2187/4268
f 3002/4254 3000/4252 3011/4269 2192/3066
f 3011/4269 2196/3071 2193/3067 2192/3066
f 3011/4269 3000/4252 700/946 699/945
f 3011/4269 699/945 703/949 2196/3071
f 3013/4270 2995/4246 2992/4243 2991/4242
f 2273/3187 2271/3184 2205/3083 2201/3082
f 2261/3171 2257/3170 2256/4271 2233/3122
f 2261/3171 2233/3122 2231/3120 2230/3119
f 2256/3163 2252/3162 2238/3129 2236/3128
f 2256/4271 2236/3125 2234/3123 2233/3122
f 2227/3116 2225/3114 673/899 677/903
f 2222/3111 2221/3110 678/904 675/901
f 2221/3110 2219/3107 2214/3094 2213/3093
f 2199/3074 2197/3072 2196/3071 703/949
f 2191/3063 2190/3062 687/4272 686/927
f 2172/3039 2168/3035 2167/3034 613/799
f 2167/3034 2163/3030 2162/3029 3014/4273
f 2167/3034 3014/4273 607/791 613/799
f 3014/4273 2162/3029 3015/4274 3016/4275
f 3014/4273 3016/4275 608/792 607/791
f 3016/4275 3015/4274 1496/2110 1486/2095
f 3016/4275 1486/2095 1485/2094 608/792
f 3015/4274 2162/3029 2158/3025 2157/3024
f 3015/4274 2157/3024 3017/4276 1496/2110
f 3017/4276 2157/3024 2153/3020 2152/3019
f 3017/4276 2152/3019 3018/4277 3019/4278
f 3017/4276 3019/4278 1497/2111 1496/2110
f 3019/4279 3018/4280 3020/4281 3021/4282
f 3019/4279 3021/4282 1498/2114 1497/2113
f 3021/4282 3020/4281 3022/4283 3023/4284
f 3021/4282 3023/4284 3024/4285 1498/2114
f 3024/4285 1502/2119 1499/2115 1498/2114
f 3024/4285 3023/4284 539/675 543/679
f 3024/4285 543/679 1504/2121 1502/2119
f 3023/4284 3022/4283 540/676 539/675
f 3022/4283 3020/4281 3025/4286 3026/4287
f 3022/4283 3026/4287 3027/4288 540/676
f 3027/4288 3028/4289 541/677 540/676
f 3027/4288 3026/4287 3029/4290 3030/4291
f 3027/4288 3030/4291 3031/4292 3028/4289
f 3031/4292 3032/4293 3033/4294 3028/4289
f 3031/4292 3030/4291 3034/4295 3035/4296
f 3031/4292 3035/4296 3036/4297 3032/4293
f 3036/4297 3037/4298 3038/4299 3032/4293
f 3036/4300 3035/4301 3039/4302 3040/4303
f 3036/4300 3040/4303 519/4304 3037/4305
f 3040/4306 3039/4307 1530/2160 1529/2159
f 3040/4306 1529/2159 517/648 519/650
f 3039/4302 3035/4301 3034/4308 3041/4309
f 3039/4307 3041/4310 3042/4311 1530/2160
f 3042/4312 3041/4309 531/4313 79/4314
f 3042/4311 79/658 528/661 1533/2163
f 3042/4311 1533/2163 1531/2161 1530/2160
f 3041/4309 3034/4308 532/4315 531/4313
f 3038/4299 3043/4316 3044/4317 3045/4318
f 3038/4299 3045/4318 3033/4294 3032/4293
f 3038/4299 3037/4298 3046/4319 3043/4316
f 3046/4319 547/683 546/682 3043/4316
f 3046/4320 3037/4305 519/4304 516/4321
f 3046/4322 516/4323 515/4324 547/4325
f 3045/4318 3044/4317 1510/2127 3047/4326
f 3045/4318 3047/4326 544/680 3033/4294
f 3047/4326 1510/2127 1507/2124 1506/2123
f 3047/4326 1506/2123 542/678 544/680
f 3044/4317 1515/2134 1511/2128 1510/2127
f 3044/4317 3043/4316 546/682 1515/2134
f 3034/4295 3030/4291 3029/4290 532/4327
f 3033/4294 544/680 541/677 3028/4289
f 3026/4287 3025/4286 2143/3009 3029/4290
f 3025/4286 2147/4328 2144/3010 2143/3009
f 3025/4286 3020/4281 3018/4280 2147/4328
f 3018/4277 2152/3019 2148/3015 2147/3014
f 2131/2994 3048/4329 3049/4330 2134/2997
f 2131/2994 2129/2992 2128/2991 3048/4329
f 3049/4330 1738/2486 1736/2485 550/4331
f 3049/4330 550/4331 549/4332 2134/2997
f 3049/4330 3048/4329 1740/2488 1738/2486
f 3048/4329 2128/2991 3050/4333 1740/2488
f 3050/4333 1744/2492 1741/2489 1740/2488
f 3050/4333 2128/2991 2126/2989 2125/2988
f 3050/4333 2125/2988 3051/4334 1744/2492
f 3051/4334 1749/2497 1745/2493 1744/2492
f 3051/4334 2125/2988 2123/2986 2122/2985
f 3051/4334 2122/2985 3052/4335 1749/2497
f 3052/4335 1754/2502 1750/2498 1749/2497
f 3052/4335 2122/2985 2120/2983 2119/2982
f 3052/4335 2119/2982 3053/4336 1754/2502
f 3053/4336 1757/2505 1755/2503 1754/2502
f 3053/4336 2119/2982 2117/2980 2116/2979
f 3053/4336 2116/2979 2043/2878 1757/2505
f 2116/2979 2114/2977 2044/2879 2043/2878
f 2111/2972 2055/2975 2051/2886 2049/2884
f 2062/2914 2058/2913 2056/2903 2055/2902
f 2043/2878 2041/2876 1758/2506 1757/2505
f 2035/2868 213/133 212/132 3054/4337
f 2035/2868 3054/4337 194/4338 2029/4339
f 3054/4337 212/132 200/104 199/103
f 3054/4337 199/103 195/4340 194/4338
f 2030/2861 2020/2860 2019/4341 1771/4342
f 2029/2858 194/92 193/91 2026/2859
f 2019/4341 1774/2526 1772/2525 1771/4342
f 2016/2841 2015/2840 223/144 222/143
f 2016/2841 222/143 221/142 2009/2834
f 2010/2835 1793/2548 1791/2546 1787/2542
f 2009/2834 221/142 2005/2830 2004/2829
f 2006/2831 1796/2551 1794/2549 1793/2548
f 2002/2827 1799/2554 1797/2552 1796/2551
f 1998/2823 1997/2822 1800/2555 1799/2554
f 1997/2822 1993/2818 1992/2817 3055/4343
f 1997/2822 3055/4343 1801/2556 1800/2555
f 3055/4343 1992/2817 3056/4344 1806/2561
f 3055/4343 1806/2561 1803/2558 1801/2556
f 3056/4344 1992/2817 1988/2812 1987/2811
f 3056/4344 1987/2811 3057/4345 1809/2564
f 3056/4344 1809/2564 1807/2562 1806/2561
f 3057/4345 1987/2811 1983/2810 1982/4346
f 3057/4345 1982/4346 1816/4347 1814/2575
f 3057/4345 1814/2575 1810/2565 1809/2564
f 1982/2803 1978/2802 1818/2581 1816/2579
f 1974/2792 1821/2586 1819/2585 1818/2796
f 1970/2788 1969/2787 1822/2587 1821/2586
f 1969/4348 1965/2782 1964/2781 3058/4349
f 1969/4348 3058/4349 1823/2593 1822/4350
f 3058/4349 1964/2781 3059/4351 3060/4352
f 3058/4349 3060/4352 1825/2594 1823/2593
f 3060/4353 3059/4354 3061/4355 3062/4356
f 3060/4353 3062/4356 1827/2600 1825/2599
f 3062/4356 3061/4355 3063/4357 3064/4358
f 3062/4356 3064/4358 1834/2625 1827/2600
f 3064/4358 3063/4357 3065/4359 1837/2630
f 3064/4358 1837/2630 1835/2626 1834/2625
f 3065/4359 3063/4357 3066/4360 3067/4361
f 3065/4359 3067/4361 1854/4362 1853/4363
f 3065/4359 1853/4363 1838/2631 1837/2630
f 3067/4361 3066/4360 3068/4364 3069/4365
f 3067/4361 3069/4365 1856/4366 1854/4362
f 3069/4365 3068/4364 1949/2761 3070/4367
f 3069/4365 3070/4367 3071/4368 1856/4366
f 3071/4368 3070/4367 1944/2756 3072/4369
f 3071/4368 3072/4369 3073/4370 1859/4371
f 3071/4368 1859/4371 1857/4372 1856/4366
f 3073/4370 3072/4369 1939/2751 177/67
f 3073/4370 177/67 175/64 174/63
f 3073/4370 174/63 1860/2661 1859/4371
f 3072/4369 1944/2756 1940/2752 1939/2751
f 3070/4367 1949/2761 1945/2757 1944/2756
f 3068/4364 1954/2768 1950/2762 1949/2761
f 3068/4364 3066/4360 3074/4373 1954/2768
f 3074/4373 1959/4374 1955/2769 1954/2768
f 3074/4373 3066/4360 3063/4357 3061/4355
f 3074/4373 3061/4355 3059/4354 1959/4374
f 3059/4351 1964/2781 1960/2775 1959/2774
f 1953/2766 644/2947 1948/4375 1947/2767
f 1939/2751 1935/2747 178/68 177/67
f 1919/2731 1878/2682 1875/2679 1873/2677
f 1915/2726 1881/2685 1879/2683 1878/2682
f 1911/2720 1884/2688 1882/2686 1881/2685
f 1910/2719 411/4376 1905/2714 1904/2713
f 1907/2716 1906/2715 1885/2689 1884/2688
f 1906/2715 1902/2711 1891/2697 1889/2693
f 1906/2715 1889/2693 1886/2690 1885/2689
f 1905/2714 411/4376 410/4377 3075/4378
f 1905/2714 3075/4378 1901/2710 1900/2709
f 3075/4378 410/4377 409/4379 3076/4380
f 3075/4378 3076/4380 3077/4381 1901/2710
f 3077/4381 431/499 1898/2707 1901/2710
f 3077/4381 3076/4380 3078/4382 3079/4383
f 3077/4381 3079/4383 432/500 431/499
f 3079/4383 3078/4382 3080/4384 3081/4385
f 3079/4383 3081/4385 3082/4386 432/500
f 3082/4386 3083/4387 61/491 432/500
f 3082/4386 3081/4385 3084/4388 3085/4389
f 3082/4386 3085/4389 3086/4390 3083/4387
f 3086/4391 3087/4392 3088/4393 3083/4394
f 3086/4390 3085/4389 3089/4395 3090/4396
f 3086/4391 3090/4397 3091/4398 3087/4392
f 3091/4398 3092/4399 3093/4400 3087/4392
f 3091/4398 3090/4397 3094/4401 3095/4402
f 3091/4398 3095/4402 3096/4403 3092/4399
f 3096/4403 3097/4404 3098/4405 3092/4399
f 3096/4406 3095/4407 3099/4408 3100/4409
f 3096/4410 3100/4411 3101/4412 3097/4413
f 3101/4412 3102/4414 3103/4415 3097/4413
f 3101/4412 3100/4411 3104/4416 3105/4417
f 3101/4412 3105/4417 3106/4418 3102/4414
f 3106/4418 3107/4419 3108/4420 3102/4414
f 3106/4418 3105/4417 3109/4421 3110/4422
f 3106/4418 3110/4422 3111/4423 3107/4419
f 3111/4424 3112/4425 3113/4426 3107/4427
f 3111/4423 3110/4422 414/465 413/464
f 3111/4424 413/4428 3114/4429 3112/4425
f 3114/4429 3115/4430 3116/4431 3112/4425
f 3114/4429 413/4428 412/4432 3117/4433
f 3114/4434 3117/4435 3118/4436 3115/4437
f 3118/4436 990/1377 3119/4438 3115/4437
f 3118/4436 3117/4435 420/473 993/1380
f 3118/4436 993/1380 991/1378 990/1377
f 3119/4439 3120/4440 3121/4441 3122/4442
f 3119/4439 3122/4442 3116/4431 3115/4430
f 3119/4438 990/1377 988/1375 3120/4443
f 3122/4442 3121/4441 971/4444 3123/4445
f 3122/4442 3123/4445 3124/4446 3116/4431
f 3124/4446 3123/4445 966/1343 3125/4447
f 3124/4446 3125/4447 3126/4448 3113/4426
f 3124/4446 3113/4426 3112/4425 3116/4431
f 3126/4448 3125/4447 961/4449 3127/4450
f 3126/4448 3127/4450 3128/4451 3108/4452
f 3126/4448 3108/4452 3107/4427 3113/4426
f 3128/4453 3127/4454 956/4455 3129/4456
f 3128/4453 3129/4456 3130/4457 3103/4458
f 3128/4459 3103/4415 3102/4414 3108/4420
f 3130/4460 3129/4461 951/4462 3131/4463
f 3130/4460 3131/4463 3132/4464 3098/4405
f 3130/4460 3098/4405 3097/4404 3103/4465
f 3132/4464 3131/4463 946/1315 3133/4466
f 3132/4464 3133/4466 3134/4467 3093/4400
f 3132/4464 3093/4400 3092/4399 3098/4405
f 3134/4467 3133/4466 941/1308 3135/4468
f 3134/4467 3135/4468 430/496 3088/4393
f 3134/4467 3088/4393 3087/4392 3093/4400
f 3135/4468 941/1308 937/1307 936/4469
f 3135/4468 936/4469 368/497 430/496
f 3133/4466 946/1315 942/1309 941/1308
f 3131/4463 951/4462 947/1316 946/1315
f 3129/4470 956/1326 952/1322 951/1321
f 3127/4454 961/1335 957/1334 956/4455
f 3125/4447 966/1343 962/1342 961/4449
f 3123/4445 971/4444 967/1344 966/1343
f 3121/4471 474/585 972/1352 971/1351
f 3121/4471 3120/4472 475/586 474/585
f 3120/4443 988/1375 476/1372 475/4473
f 3117/4435 412/4474 417/474 420/473
f 3110/4422 3109/4421 415/466 414/465
f 3109/4421 3105/4417 3104/4416 3136/4475
f 3109/4421 3136/4475 3137/4476 415/466
f 3137/4477 3136/4478 3138/4479 3139/4480
f 3137/4477 3139/4480 421/477 418/476
f 3137/4476 418/470 416/467 415/466
f 3139/4480 3138/4479 999/1390 997/1386
f 3139/4480 997/1386 995/1385 421/477
f 3138/4479 3136/4478 3104/4481 3140/4482
f 3138/4479 3140/4482 3141/4483 999/1390
f 3141/4483 3140/4482 3099/4408 3142/4484
f 3141/4483 3142/4484 1004/4485 1002/4486
f 3141/4483 1002/4486 1000/1391 999/1390
f 3142/4484 3099/4408 3095/4407 3094/4487
f 3142/4484 3094/4487 3143/4488 1004/4485
f 3143/4489 3094/4490 3090/4491 3089/4492
f 3143/4489 3089/4492 3144/4493 1007/4494
f 3143/4495 1007/1399 1005/1397 1004/1396
f 3144/4496 3089/4395 3085/4389 3084/4388
f 3144/4496 3084/4388 3145/4497 1010/4498
f 3144/4493 1010/1405 1008/1404 1007/4494
f 3145/4497 3084/4388 3081/4385 3080/4384
f 3145/4497 3080/4384 3146/4499 1013/4500
f 3145/4497 1013/4500 1011/4501 1010/4498
f 3146/4499 3080/4384 3078/4382 3147/4502
f 3146/4503 3147/4504 3148/4505 3149/4506
f 3146/4503 3149/4506 1014/1413 1013/1412
f 3149/4506 3148/4505 3150/4507 3151/4508
f 3149/4506 3151/4508 1015/1414 1014/1413
f 3151/4508 3150/4507 3152/4509 1020/4510
f 3151/4508 1020/4510 1017/1418 1015/1414
f 3152/4509 3150/4507 352/4511 42/4512
f 3152/4513 42/350 351/353 1023/1429
f 3152/4513 1023/1429 1021/1427 1020/1426
f 3150/4507 3148/4505 408/457 352/4511
f 3148/4505 3147/4504 409/458 408/457
f 3147/4502 3078/4382 3076/4380 409/4379
f 3140/4482 3104/4481 3100/4409 3099/4408
f 3088/4393 430/496 61/495 3083/4394
f 1871/2675 1869/2671 180/69 179/70
f 1867/2668 1863/2664 176/65 180/69
f 1863/2664 1861/2662 173/62 176/65
f 1861/4514 1860/4515 174/4516 173/4517
f 1834/2625 1830/2605 1828/2601 1827/2600
f 1765/2513 1762/2510 1760/2508 1759/2507
f 1748/2496 671/895 670/894 656/873
f 1748/2496 656/873 655/872 1743/2491
f 1748/2496 1747/2495 1753/2501 671/895
f 1736/4518 1733/4519 83/4520 550/4521
f 1705/2444 248/195 247/194 1702/2439
f 1700/2436 247/194 27/193 24/186
f 1697/2427 1696/4522 3153/4523 1664/2355
f 1697/2427 1664/2355 1662/2353 1661/2352
f 3153/4524 1696/4525 3154/4526 3155/4527
f 3153/4524 3155/4527 3156/4528 1667/4529
f 3153/4523 1667/2359 1665/2356 1664/2355
f 3156/4530 3155/4531 3157/4532 3158/4533
f 3156/4530 3158/4533 3159/4534 1670/4535
f 3156/4528 1670/4536 1668/4537 1667/4529
f 3159/4534 3158/4533 3160/4538 3161/4539
f 3159/4540 3161/4541 3162/4542 3163/4543
f 3159/4540 3163/4543 1671/2370 1670/2369
f 3163/4543 3162/4542 3164/4544 1675/2381
f 3163/4543 1675/2381 1672/2371 1671/2370
f 3164/4544 3162/4542 261/214 3165/4545
f 3164/4544 3165/4545 3166/4546 3167/4547
f 3164/4544 3167/4547 1676/2382 1675/2381
f 3167/4547 3166/4546 226/148 3168/4548
f 3167/4547 3168/4548 1677/2383 1676/2382
f 3168/4548 226/148 225/147 3169/4549
f 3168/4548 3169/4549 1679/2386 1677/2383
f 3169/4550 225/153 229/152 3170/4551
f 3169/4550 3170/4551 1681/2391 1679/2390
f 3170/4551 229/152 3171/4552 3172/4553
f 3170/4551 3172/4553 1687/2403 1681/2391
f 3172/4554 3171/4555 3173/4556 3174/4557
f 3172/4554 3174/4557 1688/2406 1687/2405
f 3174/4557 3173/4556 3175/4558 3176/4559
f 3174/4557 3176/4559 3177/4560 1688/2406
f 3177/4560 3176/4559 3178/4561 3179/4562
f 3177/4560 3179/4562 1693/4563 1691/2410
f 3177/4560 1691/2410 1689/2407 1688/2406
f 3179/4562 3178/4561 3180/4564 3181/4565
f 3179/4562 3181/4565 3154/4566 1693/4563
f 3181/4567 3180/4568 3182/4569 3157/4532
f 3181/4567 3157/4532 3155/4531 3154/4570
f 3182/4569 3180/4568 3183/4571 3184/4572
f 3182/4569 3184/4572 259/210 3160/4538
f 3182/4569 3160/4538 3158/4533 3157/4532
f 3183/4573 3185/4574 3186/4575 255/4576
f 3183/4573 3180/4564 3178/4561 3185/4574
f 3186/4577 3187/4578 3188/4579 3189/4580
f 3186/4577 3189/4580 256/206 255/205
f 3186/4575 3185/4574 3175/4558 3187/4581
f 3189/4580 3188/4579 3190/4582 3191/4583
f 3189/4580 3191/4583 260/217 256/206
f 3191/4584 3190/4585 3166/4546 3165/4545
f 3191/4584 3165/4545 261/214 260/213
f 3190/4585 227/149 226/148 3166/4546
f 3190/4582 3188/4579 230/156 227/155
f 3188/4579 3187/4578 231/4586 230/156
f 3187/4581 3175/4558 3173/4556 231/4587
f 3185/4574 3178/4561 3176/4559 3175/4558
f 3162/4542 3161/4541 258/215 261/214
f 3161/4539 3160/4538 259/210 258/209
f 3154/4526 1696/4525 1694/2421 1693/2420
f 1633/2311 1631/2309 553/688 552/687
f 1631/2309 530/663 529/662 553/688
f 1549/2180 1547/2178 1538/2168 1537/2167
f 1537/2167 1535/2165 528/661 527/660
f 1524/2153 1523/2152 521/653 520/652
f 1516/2135 1515/2134 546/682 545/681
f 1514/2132 536/670 535/669 1509/2133
f 1506/2123 1504/2121 543/679 542/678
f 560/702 513/2089 88/4588 578/2109
f 1479/2084 1478/2083 510/4589 509/4590
f 1478/2083 1474/2077 498/620 497/619
f 1478/2083 497/619 3192/4591 510/4589
f 3192/4591 497/619 496/618 3193/4592
f 3192/4593 3193/4594 505/630 504/629
f 3192/4593 504/629 511/640 510/639
f 3193/4592 496/618 1464/2060 1463/2059
f 3193/4595 1463/4596 506/633 505/632
f 1463/4596 1459/2052 1458/2051 506/633
f 1407/1987 272/230 271/229 1402/1982
f 1392/4597 1390/1958 1389/1957 302/276
f 1389/1957 142/14 2/8 302/276
f 1389/1957 1387/1954 1386/1953 142/14
f 1386/1953 3194/4598 143/15 142/14
f 1386/1953 1383/1950 1381/1948 3194/4598
f 3194/4598 3195/4599 3196/4600 143/15
f 3194/4598 1381/1948 1379/1946 3195/4599
f 3196/4600 3197/4601 3198/4602 139/9
f 3196/4600 139/9 1/5 143/15
f 3196/4600 3195/4599 3199/4603 3197/4601
f 3199/4603 3200/4604 3201/4605 3197/4601
f 3199/4603 3195/4599 1379/1946 1377/1945
f 3199/4603 1377/1945 1375/4606 3200/4604
f 3201/4607 3202/4608 1217/1703 3203/4609
f 3201/4605 3203/4610 3198/4602 3197/4601
f 3201/4607 3200/4611 3204/4612 3202/4608
f 3204/4612 3205/4613 1222/1710 3202/4608
f 3204/4614 3200/4615 1375/1939 1373/1936
f 3204/4614 1373/1936 1372/1935 3205/4616
f 3205/4613 1227/1717 1223/1711 1222/1710
f 3205/4613 1372/1933 1371/1932 1227/1717
f 3203/4609 1217/1703 1213/1699 1212/1698
f 3203/4610 1212/4617 3206/4618 3198/4602
f 3206/4618 1212/4617 1208/1693 1207/1692
f 3206/4618 1207/1692 3207/4619 140/10
f 3206/4618 140/10 139/9 3198/4602
f 3207/4619 1207/1692 1203/1686 1202/1685
f 3207/4619 1202/1685 1139/1582 1138/1581
f 3207/4619 1138/1581 135/11 140/10
f 3202/4608 1222/1710 1218/1704 1217/1703
f 1371/4620 1232/4621 1228/4622 1227/4623
f 1371/4620 1369/4624 1368/4625 1232/4621
f 1368/4626 1237/1728 1233/1724 1232/1723
f 1368/1929 1366/1927 1365/1926 1237/4627
f 1365/4628 1242/1733 1238/1729 1237/1728
f 1365/4628 1363/1921 1362/1920 1242/1733
f 1362/1920 1247/1738 1243/1734 1242/1733
f 1362/1920 1360/1919 3208/4629 1247/1738
f 3208/4629 1252/1745 1248/1739 1247/1738
f 3208/4630 1360/1915 1359/1914 3209/4631
f 3208/4630 3209/4631 1258/1758 1252/1757
f 3209/4631 1359/1914 334/330 336/332
f 3209/4631 336/332 1259/1759 1258/1758
f 1356/1908 1355/1907 1275/1784 1274/1783
f 1355/1907 1351/1906 329/324 328/323
f 1355/1907 328/323 330/325 1275/1784
f 1326/1860 1292/4632 1289/4633 1288/1802
f 1313/1840 274/4634 267/223 1310/1835
f 1280/1792 1278/1790 327/322 326/321
f 1273/1780 1271/1778 332/328 331/327
f 1263/1765 1261/1762 333/329 332/328
f 1261/1762 1259/1759 336/332 333/329
f 1231/1722 189/85 1226/1716 1225/1715
f 1202/1685 1198/1679 1141/1586 1139/1582
f 1194/1673 1144/1672 1142/1587 1141/1586
f 1184/1659 1151/1597 1148/1594 1146/1592
f 1180/1655 1154/1601 1152/1598 1151/1597
f 1176/1651 1157/1607 1155/1602 1154/1601
f 1125/4635 1124/3669 309/3672 157/4636
f 1098/1518 742/1619 389/420 1093/1513
f 1026/3565 1024/1430 1023/1429 351/353
f 995/1385 994/4637 419/478 421/477
f 994/1381 993/1380 420/473 419/472
f 936/1299 932/1298 365/383 368/382
f 897/1235 895/1233 468/577 470/580
f 895/1233 893/1231 469/578 468/577
f 893/1231 892/1230 3210/4638 469/578
f 3210/4638 457/4639 456/579 469/578
f 3210/4638 892/1230 888/1225 465/571
f 3210/4638 465/571 464/570 457/4639
f 888/1225 886/1223 466/572 465/571
f 886/4640 884/1219 446/526 466/574
f 884/1219 882/1218 447/527 446/526
f 882/1215 879/1212 448/529 447/528
f 881/1214 455/544 375/543 383/4641
f 875/1208 69/552 443/521 448/529
f 871/1204 401/442 866/1197 865/1196
f 868/1200 867/1199 462/561 461/560
f 867/1199 863/1193 862/1192 3211/4642
f 867/1199 3211/4642 3212/4643 462/561
f 3212/4643 3211/4642 3213/4644 3214/4645
f 3212/4643 3214/4645 3215/4646 3216/4647
f 3212/4643 3216/4647 463/564 462/561
f 3216/4647 3215/4646 3217/4648 3218/4649
f 3216/4647 3218/4649 3219/4650 463/564
f 3219/4650 3220/4651 460/562 463/564
f 3219/4650 3218/4649 728/992 727/991
f 3219/4650 727/991 3221/4652 3220/4651
f 3221/4653 3222/4654 3223/4655 3220/4656
f 3221/4652 727/991 726/990 3224/4657
f 3221/4653 3224/4658 3225/4659 3222/4654
f 3225/4659 3226/4660 3227/4661 3222/4654
f 3225/4662 3224/4657 450/532 449/531
f 3225/4659 449/537 453/536 3226/4660
f 3227/4663 3228/4664 440/517 442/519
f 3227/4661 442/4665 3223/4655 3222/4654
f 3227/4666 3226/4667 3229/4668 3228/4669
f 3229/4670 724/4671 723/982 3228/4664
f 3229/4668 3226/4667 453/1003 733/1002
f 3229/4670 733/1009 718/1008 724/4671
f 3228/4664 723/982 441/518 440/517
f 3224/4657 726/990 732/1000 450/532
f 3223/4655 442/4665 433/509 435/508
f 3223/4655 435/508 460/555 3220/4656
f 3218/4649 3217/4648 729/4672 728/992
f 3217/4648 3215/4646 3230/4673 3231/4674
f 3217/4648 3231/4674 3232/4675 729/4672
f 3232/4675 3231/4674 3233/4676 3234/4677
f 3232/4678 3234/4679 810/1125 3235/4680
f 3232/4678 3235/4680 730/996 729/995
f 3235/4680 810/1125 809/1124 815/4681
f 3235/4680 815/4681 731/997 730/996
f 3234/4677 3233/4676 3236/4682 805/4683
f 3234/4679 805/1120 804/1119 810/1125
f 3236/4682 3233/4676 3237/4684 3238/4685
f 3236/4682 3238/4685 3239/4686 801/1113
f 3236/4682 801/1113 800/1112 805/4683
f 3239/4686 3238/4685 3240/4687 3241/4688
f 3239/4686 3241/4688 3242/4689 797/1109
f 3239/4686 797/1109 796/1108 801/1113
f 3242/4689 3241/4688 779/1087 784/1092
f 3242/4689 784/1092 3243/4690 792/1104
f 3242/4689 792/1104 791/1103 797/1109
f 3243/4690 3244/4691 3245/4692 3246/4693
f 3243/4690 3246/4693 793/1105 792/1104
f 3243/4690 784/1092 783/1091 3244/4691
f 3246/4693 3245/4692 3247/4694 3248/4695
f 3246/4693 3248/4695 794/1106 793/1105
f 3248/4696 3247/4697 3249/4698 3250/4699
f 3248/4696 3250/4699 3251/4700 794/4701
f 3251/4700 3250/4699 3252/4702 3253/4703
f 3251/4700 3253/4703 3254/4704 789/1099
f 3251/4700 789/1099 788/1098 794/4701
f 3254/4705 3253/4706 3255/4707 3256/4708
f 3254/4704 3256/4709 705/962 710/961
f 3254/4704 710/961 785/1100 789/1099
f 3256/4708 3257/4710 706/953 705/952
f 3256/4708 3255/4707 3258/4711 3257/4710
f 3258/4711 3259/4712 3260/4713 3257/4710
f 3258/4711 3255/4707 3261/4714 3262/4715
f 3258/4711 3262/4715 716/969 3259/4712
f 3262/4715 3263/4716 711/964 716/969
f 3262/4715 3261/4714 3264/4717 3263/4716
f 3264/4717 3265/4718 3266/4719 3263/4716
f 3264/4717 3261/4714 3252/4720 3267/4721
f 3264/4717 3267/4721 3268/4722 3265/4718
f 3268/4722 3269/4723 3270/4724 3265/4718
f 3268/4725 3267/4726 3249/4698 3271/4727
f 3268/4728 3271/4729 3272/4730 3269/4731
f 3272/4732 3273/4733 3274/4734 3269/4735
f 3272/4736 3271/4737 3275/4738 3276/4739
f 3272/4736 3276/4739 3277/4740 3273/4741
f 3277/4740 853/4742 3278/4743 3273/4741
f 3277/4744 3276/4745 3279/4746 3280/4747
f 3277/4744 3280/4747 854/1183 853/1182
f 3280/4747 3279/4746 3281/4748 3282/4749
f 3280/4747 3282/4749 855/1184 854/1183
f 3282/4749 3281/4748 3283/4750 3284/4751
f 3282/4749 3284/4751 858/1187 855/1184
f 3284/4751 3283/4750 3285/4752 3286/4753
f 3284/4751 3286/4753 3287/4754 858/1187
f 3287/4754 862/1192 859/1188 858/1187
f 3287/4754 3286/4753 3288/4755 3289/4756
f 3289/4756 3288/4755 3290/4757 3291/4758
f 3290/4757 3230/4673 3215/4646
f 3290/4757 3215/4646 3214/4645 3291/4758
f 3290/4757 3288/4755 3292/4759 3293/4760
f 3290/4757 3293/4760 3237/4684 3230/4673
f 3293/4760 3292/4759 780/1088 3240/4687
f 3293/4760 3240/4687 3238/4685 3237/4684
f 3292/4759 3288/4755 3286/4753 3285/4752
f 3292/4759 3285/4752 781/1089 780/1088
f 3285/4752 3283/4750 782/1090 781/1089
f 3283/4750 3281/4748 3294/4761 782/1090
f 3294/4761 3281/4748 3279/4746 3295/4762
f 3294/4761 3295/4762 3245/4692 3244/4691
f 3294/4761 3244/4691 783/1091 782/1090
f 3295/4762 3279/4746 3276/4745 3275/4763
f 3295/4762 3275/4763 3247/4694 3245/4692
f 3278/4764 843/1163 840/1162 839/4765
f 3278/4764 839/4765 3274/4734 3273/4733
f 3278/4743 853/4742 851/1179 843/1178
f 3275/4738 3271/4737 3249/4766 3247/4767
f 3274/4768 839/1157 837/1155 3296/4769
f 3274/4768 3296/4769 3270/4724 3269/4723
f 3296/4769 837/1155 835/1153 3297/4770
f 3296/4769 3297/4770 3298/4771 3270/4724
f 3298/4771 3297/4770 3299/4772 3300/4773
f 3298/4771 3300/4773 712/965 3266/4719
f 3298/4771 3266/4719 3265/4718 3270/4724
f 3300/4773 3299/4772 3301/4774 3302/4775
f 3300/4773 3302/4775 713/966 712/965
f 3302/4775 3301/4774 826/1144 3303/4776
f 3302/4775 3303/4776 714/967 713/966
f 3303/4776 826/1144 822/1140 821/1139
f 3303/4776 821/1139 3304/4777 714/967
f 3304/4777 821/1139 817/1135 816/1134
f 3304/4777 816/1134 3305/4778 3306/4779
f 3304/4777 3306/4779 715/968 714/967
f 3306/4779 3305/4778 3260/4713 3259/4712
f 3306/4779 3259/4712 716/969 715/968
f 3305/4778 816/1134 812/1129 811/1128
f 3305/4778 811/1128 3307/4780 3260/4713
f 3307/4780 811/1128 807/1127 806/4781
f 3307/4780 806/4781 707/954 706/953
f 3307/4780 706/953 3257/4710 3260/4713
f 3301/4774 829/1147 827/1145 826/1144
f 3301/4774 3299/4772 834/1152 829/1147
f 3299/4772 3297/4770 835/1153 834/1152
f 3267/4726 3252/4702 3250/4699 3249/4698
f 3266/4719 712/965 711/964 3263/4716
f 3261/4714 3255/4707 3253/4706 3252/4720
f 3241/4688 3240/4687 780/1088 779/1087
f 3237/4684 3233/4676 3231/4674 3230/4673
f 866/1197 401/442 373/441 372/389
f 866/1197 372/389 395/428 861/1198
f 846/1175 391/424 390/423 394/4782
f 825/1143 441/518 723/982 722/981
f 825/1143 722/981 820/1138 819/1137
f 825/1143 824/1142 438/514 441/518
f 820/4783 722/4784 721/4785 731/4786
f 820/4783 731/4786 815/4787 814/4788
f 806/1121 802/1116 708/957 707/956
f 798/1115 786/4789 709/958 708/957
f 786/4790 785/1100 710/961 709/960
f 754/1043 2928/4153 2931/4156 3309/4791
f 3308/4792 125/4793 754/4794 3309/4795
f 749/1034 124/1028 737/1019 736/1018
f 732/1000 725/999 717/4796 720/1012
f 732/1000 720/1012 451/533 450/532
f 725/983 724/988 718/972 717/971
f 696/943 695/940 643/3227 642/4797
f 696/3147 642/4798 645/4799 2244/3148
f 3310/4800 2142/3007 661/882 660/881
f 2142/3007 645/4801 640/4802 2141/3008
f 113/4803 3312/4804 3313/4805 3311/4806
f 2240/4807 3311/4808 3312/4809 113/4810
f 2240/4811 113/4803 3311/4806
f 691/932 648/936 647/897 672/896
f 1782/4812 669/4813 647/857 646/856
f 106/4814 669/4813 1782/4812 1781/4815
f 657/874 656/873 670/894 105/4816
f 637/4817 3314/4818 3315/4819 638/4820
f 635/838 589/756 577/732 576/731
f 625/820 624/819 591/759 587/758
f 625/822 587/753 586/752 600/776
f 624/819 623/818 620/814 622/813
f 623/824 598/772 606/788 620/810
f 619/808 618/807 584/748 583/747
f 611/795 610/794 596/768 595/767
f 611/797 595/777 600/776 586/752
f 606/788 598/772 597/771 604/789
f 605/784 604/783 597/769 596/768
f 2089/2950 2133/2996 2141/3004 640/4821
f 639/4822 2090/2951 2089/2950 640/4821
f 80/4823 532/4327 3029/4290 2143/3009
f 2137/3000 80/4823 2143/3009 2138/3001
f 491/4824 490/3546 355/3549 354/4825
f 491/611 354/4826 353/455 407/454
f 464/568 444/567 458/549 457/548
f 408/457 57/456 353/4827 352/4511
f 384/4828 383/4829 375/392 374/391
f 49/412 386/415 369/1500 45/4830
f 396/429 49/412 45/4830 54/4831
f 324/317 321/316 3316/4832 3317/4833
f 324/317 3317/4833 3318/4834 150/26
f 324/317 150/26 149/25 322/318
f 3318/4834 3317/4833 292/4835 285/247
f 3318/4834 285/247 284/246 3319/4836
f 3318/4834 3319/4836 151/27 150/26
f 3319/4837 284/250 286/249 172/4838
f 3319/4839 172/58 152/57 151/4840
f 3317/4833 3316/4832 293/4841 292/4835
f 3316/4842 321/4843 317/303 316/302
f 3316/4842 316/302 296/267 293/266
f 323/313 322/312 149/23 148/22
f 309/4844 35/293 153/31 157/35
f 297/270 279/278 278/4845 288/3963
f 295/263 283/243 282/242 291/264
f 292/4835 291/4846 282/248 285/247
f 286/4847 33/4848 141/59 172/58
f 274/4634 273/2246 268/224 267/223
f 266/1836 262/4849 235/4850 241/177
f 262/218 265/221 232/4851 235/4852
f 254/4853 3184/4854 3183/4573 255/4576
f 224/145 192/2851 191/4855 203/116
f 216/136 207/2893 202/4856 214/134
f 215/135 214/134 202/4856 201/4857
f 215/135 201/4857 197/105 200/104
f 215/135 200/104 212/132 15/126
f 203/116 191/4855 196/4858 198/117
f 4/4859 147/4860 3/16 146/19
f 54/384 372/389 373/441 396/4861
f 389/422 393/1027 394/4782 390/423
f 123/1013 738/1623 739/1620 734/1014
f 241/177 235/4850 23/4862 22/84
f 259/210 3184/4572 254/4863 257/211
f 2977/4227 2319/3263 2318/3261 2317/3259
f 626/4864 98/829 569/717 568/716
f 671/895 1753/2501 108/891 668/890
f 2833/4025 2832/4024 755/1045 760/1053
f 760/1053 2827/4016 2826/4015 2825/4014
f 752/4865 128/1060 768/1063
f 751/4866 125/4867 752/4868
f 765/1058 127/1054 764/1057
f 231/4869 3173/4870 3171/4871 20/4872
f 20/4873 3171/4552 229/152 228/151
f 52/426 392/425 3321/4874 3320/4875
f 850/1177 857/1186 3321/4874 392/425
f 3320/4875 3321/4874 857/1186 395/1191
f 51/427 52/426 3320/4875 395/1191
f 2137/3000 2135/2998 2134/2997 3322/4876
f 2134/4877 553/4878 529/4879 3322/4880
f 2134/4881 549/4882 553/4883
f 529/4884 79/4885 3322/4886
f 79/4887 80/4823 2137/3000 3322/4876
f 2991/4242 2981/4232 2283/3203 3012/4888
f 185/78 184/77 1865/2666 1851/2650
f 1865/2666 1201/1683 1851/2650
f 1849/2648 1847/2646 181/2645
f 1849/2648 181/2645 9/75
f 1849/4889 9/4890 185/4891
f 1501/4892 554/690 560/4893
f 554/690 84/689 85/4894 560/4893
f 100/4895 101/2944 2086/2943
f 100/4895 2086/2943 2091/2952
f 100/4896 2091/4897 636/4898
f 665/4899 105/4816 107/893 668/890
f 105/4816 670/894 107/893
f 668/4900 106/4901 1781/4902 1780/4903
f 668/4904 1780/2535 1784/2539 666/887
f 666/887 1784/2539 1785/2540 667/888
f 3309/4791 125/1040 3308/4905
f 3309/4791 2931/4156 2933/4158 125/1040
f 664/884 2237/3126 2241/3133
f 664/884 663/883 2235/3124 2237/3126
f 2241/4906 2240/4907 2244/4908 3310/4909
f 2244/4910 645/4801 2142/3007 3310/4800
f 3291/4758 3214/4645 3213/4644 3289/4756
f 3213/4644 3287/4754 3289/4756
f 3213/4644 3211/4642 862/1192 3287/4754
f 79/4314 531/4313 532/4315 80/4911
f 83/4520 553/4912 549/4913 550/4521
f 126/4914 129/4915 761/4916 759/4917
f 20/4918 228/157 231/4586
f 228/157 230/156 231/4586
f 32/4919 291/4846 292/4835 293/4841
f 3012/4888 2283/3203 2282/3202 2281/3201
f 2995/4246 3013/4270 2281/3201 2280/3200
f 3013/4270 3012/4888 2281/3201
f 3013/4270 2991/4242 3012/4888
f 3323/4920 3324/4921 3325/4922
f 3324/4921 3326/4923 3327/4924 3325/4922
f 3328/4925 3329/4926 3330/4927 3331/4928
f 3327/4924 3326/4923 3332/4929 3328/4925
f 3328/4925 3331/4928 3327/4924
f 3328/4925 3332/4929 3333/4930 3329/4926
f 3333/4930 3334/4931 3335/4932 3329/4926
f 3335/4932 3336/4933 3330/4927 3329/4926
f 3337/4934 3341/4935 3342/4936 3343/4937
f 3338/4938 3343/4937 3342/4936 3344/4939
f 3339/4940 3345/4941 3346/4942 3347/4943
f 3340/4944 3348/4945 3346/4942 3345/4941
f 3348/4945 3349/4946 3350/4947 3346/4942
f 3350/4947 3349/4946 3344/4939 3342/4936
f 3350/4947 3342/4936 3341/4935 3351/4948
f 3350/4947 3351/4948 3347/4943 3346/4942
f 3352/4949 3353/4950 3354/4951 3355/4952
f 3354/4951 3353/4950 3356/4953 3357/4954
f 3354/4951 3357/4954 3358/4955 3359/4956
f 3358/4955 3357/4954 3360/4957 3361/4958
f 3361/4958 3360/4957 3362/4959 3363/4960
f 3362/4959 3360/4957 3364/4961 3365/4962
f 3362/4959 3365/4962 3366/4963 3367/4964
f 3368/4965 3367/4964 3366/4963
f 3364/4961 3360/4957 3357/4954 3356/4953
f 3353/4966 3352/4967 3355/4968
f 3369/4969 3370/4970 3413/4971 3371/4972
f 3371/4973 3413/4974 3372/4975 3373/4976
f 3373/4977 3372/4978 3374/4979 3375/4980
f 3375/4980 3374/4979 3376/4981 3377/4982
f 3377/4982 3376/4981 3378/4983 3379/4984
f 3379/4984 3378/4983 3380/4985 3381/4986
f 3381/4986 3380/4985 3382/4987 3383/4988
f 3383/4988 3382/4987 3384/4989 3385/4990
f 3385/4990 3384/4989 3386/4991 3387/4992
f 3387/4992 3386/4991 3388/4993 3389/4994
f 3389/4994 3388/4993 3390/4995 3391/4996
f 3391/4996 3390/4995 3392/4997 3393/4998
f 3394/4999 3388/4993 3386/4991 3395/5000
f 3395/5000 3386/4991 3384/4989 3396/5001
f 3396/5001 3384/4989 3382/4987 3397/5002
f 3397/5002 3382/4987 3380/4985 3398/5003
f 3398/5003 3380/4985 3378/4983 3399/5004
f 3399/5004 3378/4983 3376/4981 3400/5005
f 3400/5005 3376/4981 3374/4979 3401/5006
f 3401/5006 3374/4979 3372/4978 3402/5007
f 3402/5007 3372/4978 3413/5008 3403/5009
f 3404/5010 3370/4970 3432/5011 3405/5012
f 3405/5012 3432/5011 3406/5013 3407/5014
f 3390/4995 3388/4993 3394/4999
f 3369/5015 3371/5016 3432/5017 3370/5018
f 3371/5016 3408/5019 3407/5020 3406/5021 3432/5017
f 3409/5022 3410/5023 3411/5024
f 3411/5024 3410/5023 3412/5025
f 3414/5026 3415/5027 3416/5028 3417/5029
f 3414/5026 3417/5029 3418/5030 3419/5031
f 3414/5026 3420/5032 3421/5033 3415/5027
f 3414/5026 3419/5031 3422/5034 3423/5035
f 3414/5026 3423/5035 3424/5036 3420/5032
f 3424/5036 3423/5035 3425/5037 3426/5038
f 3424/5036 3426/5038 3427/5039 3428/5040
f 3424/5036 3428/5040 3429/5041 3420/5032
f 3429/5041 3430/5042 3421/5033 3420/5032
f 3425/5037 3423/5035 3422/5034 3431/5043
f 3413/4971 3370/4970 3404/5010
