# Blender 5.0.1
# www.blender.org
mtllib tripo_convert_4e9f0594-5cb9-4b12-986c-0a81154a03fa.mtl
o tripo_node_4e9f0594-5cb9-4b12-986c-0a81154a03fa
v 0.443019 0.037056 0.242668
v 0.446562 0.037946 0.227886
v 0.388724 0.005672 0.345504
v 0.397756 0.011459 0.065166
v 0.415590 0.013259 0.059708
v 0.440468 0.002393 -0.023207
v 0.418102 0.077174 -0.188342
v 0.423959 0.070455 -0.149153
v 0.421968 0.062214 -0.123473
v 0.402136 0.074005 -0.206518
v 0.394226 0.034639 -0.327040
v 0.393189 0.035774 -0.325101
v 0.399350 0.038456 -0.328397
v 0.382064 0.029717 -0.323247
v 0.411780 0.065574 -0.141160
v 0.380525 0.024318 -0.301038
v 0.427047 0.046013 -0.096556
v 0.439769 0.030861 -0.072782
v 0.431661 0.041712 -0.092333
v 0.421182 0.041872 -0.091210
v 0.446505 0.044083 -0.099542
v 0.449045 0.046355 -0.104424
v 0.451530 0.034879 -0.087957
v 0.461831 0.001488 -0.033990
v 0.435613 -0.003501 -0.001830
v 0.441208 -0.007650 -0.003651
v 0.417224 -0.101431 -0.077142
v 0.392947 -0.101792 -0.073520
v 0.417396 -0.101070 0.046285
v 0.396637 -0.098783 0.081753
v 0.393739 -0.038504 0.075342
v 0.395992 -0.037450 0.168757
v 0.390211 -0.006574 0.355524
v 0.441123 0.005951 0.035484
v 0.469089 -0.004803 0.022289
v 0.388134 -0.036859 0.046736
v 0.414407 -0.042403 0.039598
v 0.399011 0.000400 0.053609
v 0.398041 -0.006523 0.049270
v 0.340238 -0.038066 0.081976
v 0.346873 -0.037224 0.049598
v 0.390761 -0.039463 0.054479
v 0.387025 -0.021812 0.304269
v 0.386159 -0.034817 0.343479
v 0.382541 -0.053672 0.360097
v 0.382761 -0.096926 0.330025
v 0.341055 -0.103794 0.046518
v 0.342595 -0.104000 0.082780
v -0.393501 -0.101601 0.081166
v -0.371893 -0.097712 0.320665
v -0.386635 -0.063060 0.344380
v -0.378825 -0.056235 0.356417
v -0.383532 -0.041378 0.360327
v -0.384475 -0.022637 0.302712
v -0.467087 -0.009033 0.047651
v -0.468480 0.002889 0.065655
v -0.468399 0.000179 0.065322
v -0.468633 -0.015813 0.042296
v -0.469199 -0.008076 0.053723
v -0.468856 -0.004085 0.064118
v -0.395622 0.003776 0.089988
v -0.396927 0.006788 0.333994
v -0.394174 -0.020606 0.347835
v -0.415788 -0.007417 0.346338
v -0.410726 -0.003852 0.342251
v -0.404482 0.003209 0.336687
v -0.421379 0.008289 0.328796
v -0.401232 -0.031072 0.087676
v -0.395469 -0.030418 0.083661
v -0.399734 -0.031649 0.148094
v -0.389862 -0.023582 0.360008
v -0.405347 -0.088136 0.334160
v -0.400887 -0.083062 0.341242
v -0.418319 -0.103185 0.080190
v -0.472890 -0.047926 0.033964
v -0.467607 -0.019542 0.037141
v -0.468805 -0.021297 0.034957
v -0.470347 -0.058838 0.034546
v -0.417720 -0.102893 -0.042486
v -0.401591 -0.102422 -0.042075
v -0.361663 -0.097650 -0.313839
v -0.374815 -0.069641 -0.340358
v -0.385950 -0.078905 -0.322945
v -0.384851 -0.068626 -0.325170
v -0.384669 -0.022859 -0.332592
v -0.391211 -0.027653 -0.333134
v -0.393169 -0.019904 -0.331830
v -0.384272 0.006301 -0.315586
v -0.395394 -0.014640 -0.333703
v -0.379219 0.006189 -0.335315
v -0.368252 -0.011146 -0.342543
v -0.381639 -0.024676 -0.292377
v -0.468579 -0.018603 0.036781
v -0.470612 0.009389 0.003857
v -0.442049 0.053313 -0.086059
v -0.425615 0.061519 -0.099475
v -0.425732 0.058590 -0.092123
v -0.427997 0.059005 -0.096246
v -0.439976 0.054617 -0.089372
v -0.393802 0.031930 -0.043201
v -0.382064 0.010698 -0.307583
v -0.385749 0.023824 -0.321661
v -0.401579 0.072112 -0.173776
v -0.426205 0.064582 -0.105943
v -0.426815 0.063431 -0.112722
v -0.444651 0.028793 -0.029698
v -0.445122 0.034092 -0.042364
v -0.448086 0.033535 -0.045858
v -0.413969 0.011483 0.082170
v -0.398181 0.034709 0.299404
v -0.396065 0.027443 0.294944
v -0.418843 0.009587 0.331017
v 0.438946 -0.005259 -0.002270
v -0.403910 0.005281 0.334807
v -0.416656 -0.003356 0.343434
v 0.444210 0.041039 0.224508
v 0.447633 0.040443 0.224102
v 0.446019 0.040026 0.229706
v 0.445875 0.039901 0.229644
v 0.434695 0.038024 0.251134
v 0.438558 0.041874 0.225035
v 0.394526 0.015390 0.335994
v 0.373702 0.019262 0.333346
v 0.371656 0.004626 0.347193
v 0.403889 0.011693 0.339131
v 0.367907 -0.012962 0.359520
v 0.403403 0.009992 0.055865
v 0.405602 0.016058 0.070859
v 0.398638 0.012722 0.078433
v 0.397260 0.003033 0.083853
v 0.397380 0.000534 0.068229
v 0.421103 0.004786 0.036670
v 0.429784 0.008532 0.036340
v 0.426530 0.019856 0.063089
v 0.411577 0.004496 0.046894
v 0.415383 0.000820 0.036559
v 0.432766 0.003228 -0.022197
v 0.428121 0.014573 -0.043419
v 0.437409 0.015128 -0.043584
v 0.442395 -0.000561 -0.010072
v 0.437473 -0.001306 -0.007003
v 0.448425 0.004092 -0.027157
v 0.448875 -0.000221 -0.013230
v 0.447276 0.012373 -0.043343
v 0.415923 0.075987 -0.203480
v 0.425668 0.076462 -0.203681
v 0.430031 0.076105 -0.188832
v 0.432497 0.071853 -0.160805
v 0.427400 0.071549 -0.159477
v 0.408598 0.075203 -0.186318
v 0.440534 0.071955 -0.162578
v 0.433042 0.061652 -0.128338
v 0.425645 0.065085 -0.131085
v 0.417470 0.068562 -0.137301
v 0.438813 0.060354 -0.128935
v 0.418133 0.065008 -0.129065
v 0.421751 0.066851 -0.134914
v 0.425379 0.065222 -0.131267
v 0.422162 0.053360 -0.106656
v 0.418452 0.052598 -0.108790
v 0.409073 0.076175 -0.200820
v 0.408633 0.075929 -0.191349
v 0.407547 0.071504 -0.189796
v 0.399915 0.066265 -0.172975
v 0.393640 0.065365 -0.176012
v 0.394334 0.063679 -0.222786
v 0.409293 0.076124 -0.206517
v 0.412107 0.071866 -0.202561
v 0.401008 0.041642 -0.325321
v 0.399652 0.034561 -0.332963
v 0.396936 0.035628 -0.329785
v 0.394236 0.033955 -0.327819
v 0.388458 0.039160 -0.317110
v 0.392412 0.039666 -0.322395
v 0.396101 0.039251 -0.327007
v 0.410703 0.037843 -0.328742
v 0.418982 0.061610 -0.290819
v 0.409500 0.050735 -0.312590
v 0.384879 0.037123 -0.316485
v 0.380500 0.033867 -0.311433
v 0.380029 0.027025 -0.318477
v 0.412301 0.052382 -0.118524
v 0.414062 0.069102 -0.139281
v 0.416910 0.068393 -0.137227
v 0.380044 0.029189 -0.306076
v 0.380635 0.034071 -0.299850
v 0.381083 0.026225 -0.295191
v 0.380178 0.017725 -0.304339
v 0.378992 0.021713 -0.311830
v 0.381128 0.017614 -0.295640
v 0.395891 0.039272 -0.095643
v 0.401217 0.039305 -0.093909
v 0.401284 0.036262 -0.087693
v 0.392146 0.036150 -0.092296
v 0.431097 0.046016 -0.095943
v 0.428382 0.040276 -0.088821
v 0.424064 0.050585 -0.102510
v 0.427746 0.050414 -0.099423
v 0.413969 0.018926 -0.079860
v 0.399841 0.013654 -0.080093
v 0.400088 0.021343 -0.080236
v 0.411771 0.028051 -0.079727
v 0.422795 0.026079 -0.069870
v 0.419267 0.010804 -0.046355
v 0.419212 0.031899 -0.079216
v 0.431378 0.029860 -0.068917
v 0.423669 0.040694 -0.081070
v 0.427924 0.040851 -0.088625
v 0.435743 0.037700 -0.092960
v 0.433514 0.037002 -0.088448
v 0.420899 0.039291 -0.088192
v 0.415280 0.037919 -0.089407
v 0.413747 0.040285 -0.093602
v 0.444129 0.044420 -0.099081
v 0.447854 0.047765 -0.105988
v 0.442941 0.061402 -0.133314
v 0.456570 0.046358 -0.108171
v 0.453546 0.032351 -0.087647
v 0.449266 0.062075 -0.135303
v 0.452918 0.028792 -0.075413
v 0.449378 0.026595 -0.070155
v 0.442237 0.035965 -0.083930
v 0.460867 0.000658 -0.022248
v 0.459308 0.003708 -0.035564
v 0.464288 0.004837 -0.038375
v 0.468479 -0.002598 -0.008036
v 0.462764 -0.002805 -0.005282
v 0.470785 0.004322 -0.039543
v 0.475632 -0.002507 -0.010102
v 0.438200 -0.003142 -0.000582
v 0.444462 -0.007834 -0.004640
v 0.442812 -0.006013 -0.002831
v 0.437667 -0.008104 -0.002718
v 0.442447 -0.005523 -0.001701
v 0.425915 0.002473 -0.021034
v 0.421857 -0.002322 0.001842
v 0.417523 0.000368 -0.020330
v 0.432357 0.001294 0.017836
v 0.423818 -0.000339 0.020037
v 0.445381 -0.002589 0.006130
v 0.442760 0.000248 0.019464
v 0.385114 -0.088663 -0.349709
v 0.417723 -0.101426 -0.060693
v 0.405547 -0.099495 -0.065231
v 0.404372 -0.096844 -0.077229
v 0.403520 -0.089476 -0.079229
v 0.415844 -0.089764 -0.078847
v 0.417550 -0.088683 -0.058596
v 0.390751 -0.101151 -0.103134
v 0.391750 -0.094989 -0.103533
v 0.392468 -0.095143 -0.081674
v 0.380185 -0.102621 -0.072372
v 0.379876 -0.101863 -0.101763
v 0.394119 -0.102688 -0.035866
v 0.380353 -0.103046 -0.037518
v 0.416128 -0.084076 0.046451
v 0.395253 -0.083429 0.046975
v 0.396053 -0.103858 0.046610
v 0.411676 -0.102831 0.007016
v 0.418221 -0.094928 0.007811
v 0.396504 -0.103347 0.005840
v 0.397618 -0.096880 0.094179
v 0.392821 -0.103482 0.092183
v 0.391804 -0.095794 0.082251
v 0.397796 -0.084937 0.084687
v 0.397615 -0.085048 0.095343
v 0.392585 -0.082460 0.081145
v 0.383607 -0.038006 0.077835
v 0.381047 -0.035326 0.066815
v 0.392122 -0.035824 0.064529
v 0.398319 -0.040927 0.081170
v 0.398367 -0.055809 0.081885
v 0.394080 -0.053519 0.077456
v 0.400342 -0.034602 0.063059
v 0.398228 -0.030985 0.070215
v 0.398645 -0.029955 0.077717
v 0.393169 -0.038941 0.196689
v 0.393028 -0.057724 0.197871
v 0.394347 -0.056173 0.169240
v 0.394350 -0.017573 0.175357
v 0.393115 -0.019156 0.197513
v 0.398876 -0.015692 0.359250
v 0.410366 0.007352 0.343062
v 0.452129 -0.001210 0.022447
v 0.445286 -0.003114 0.027491
v 0.449332 0.000459 0.026116
v 0.448545 0.006935 0.038097
v 0.475848 -0.004839 0.022070
v 0.473633 0.002689 0.040526
v 0.466187 0.003593 0.040650
v 0.460158 -0.001617 0.022787
v 0.462480 -0.004734 0.009419
v 0.469559 -0.005590 0.008500
v 0.456414 0.006284 0.038979
v 0.476333 -0.005933 0.007582
v 0.381275 -0.042110 0.046970
v 0.382023 -0.036375 0.056407
v 0.365249 -0.036288 0.049020
v 0.363369 -0.041636 0.046709
v 0.366218 -0.036305 0.057836
v 0.411194 -0.038019 0.048238
v 0.406280 -0.043021 0.052289
v 0.414462 -0.049697 0.046780
v 0.415123 -0.060056 0.012216
v 0.415184 -0.040270 0.013964
v 0.414460 -0.031246 0.037496
v 0.409185 -0.001993 0.046838
v 0.406036 -0.011112 0.047462
v 0.397506 -0.010303 0.074999
v 0.397431 -0.013044 0.064601
v 0.397908 -0.017764 0.058340
v 0.403328 -0.022798 0.051742
v 0.340417 -0.046225 0.081419
v 0.341268 -0.047484 0.068237
v 0.343704 -0.040445 0.068516
v 0.355293 -0.035769 0.079411
v 0.356713 -0.045365 0.081912
v 0.353802 -0.036333 0.068798
v 0.347577 -0.042050 0.046455
v 0.350876 -0.036931 0.057978
v 0.343399 -0.041530 0.056814
v 0.379798 -0.048734 0.046767
v 0.394418 -0.047084 0.050629
v 0.402685 -0.038905 0.057424
v 0.386066 -0.035082 0.308592
v 0.388703 -0.019556 0.284877
v 0.388812 -0.005785 0.286165
v 0.385949 -0.013354 0.312454
v 0.383853 -0.033080 0.321169
v 0.383954 -0.043157 0.339258
v 0.384249 -0.020429 0.335239
v 0.387852 -0.015115 0.338726
v 0.395473 -0.012194 0.343121
v 0.391505 -0.037695 0.348144
v 0.388835 -0.052397 0.343132
v 0.373936 -0.057765 0.358676
v 0.376124 -0.071518 0.351453
v 0.386978 -0.061670 0.356956
v 0.388539 -0.040316 0.362755
v 0.379757 -0.037254 0.363397
v 0.395787 -0.045086 0.361984
v 0.389498 -0.096810 0.324914
v 0.404299 -0.080827 0.345564
v 0.398133 -0.075402 0.349475
v 0.363051 -0.097390 0.329245
v 0.361331 -0.098155 0.316609
v 0.374580 -0.097937 0.314618
v 0.380243 -0.097061 0.312419
v 0.325187 -0.103355 0.003121
v 0.344447 -0.103388 0.005220
v 0.348958 -0.103737 0.046295
v 0.348306 -0.083154 0.047047
v 0.341134 -0.083175 0.052763
v 0.340574 -0.103993 0.062740
v 0.304037 -0.103948 0.060822
v 0.300126 -0.103686 0.035188
v 0.341064 -0.083794 0.065970
v 0.363687 -0.104272 0.082808
v 0.363523 -0.104224 0.109995
v 0.343211 -0.104198 0.112002
v 0.341071 -0.084420 0.081578
v 0.307357 -0.104126 0.086949
v 0.310288 -0.104144 0.115701
v 0.361754 -0.087063 0.082076
v -0.391497 -0.103827 0.110085
v -0.393905 -0.072390 0.111922
v -0.394188 -0.069754 0.082496
v -0.389367 -0.103486 0.037629
v -0.353448 -0.103632 0.042038
v -0.414845 -0.068167 0.081857
v -0.366445 -0.098173 0.306976
v -0.334840 -0.098010 0.306872
v -0.334789 -0.097208 0.318944
v -0.371201 -0.093035 0.332688
v -0.395608 -0.095403 0.327159
v -0.334045 -0.094030 0.329262
v -0.384491 -0.090132 0.316780
v -0.382663 -0.094858 0.304805
v -0.389881 -0.086848 0.325745
v -0.385397 -0.058009 0.340989
v -0.391538 -0.068853 0.337226
v -0.396285 -0.058916 0.344152
v -0.384745 -0.027132 0.343876
v -0.403522 -0.030728 0.348789
v -0.361327 -0.062337 0.353781
v -0.360665 -0.043741 0.359575
v -0.385974 -0.066541 0.352221
v -0.363998 -0.077004 0.345704
v -0.395484 -0.050046 0.358184
v -0.381548 -0.026056 0.360405
v -0.394595 -0.030688 0.360360
v -0.361373 -0.025257 0.360752
v -0.402650 -0.035296 0.360366
v -0.384029 -0.036476 0.306361
v -0.382112 -0.035819 0.319083
v -0.383169 -0.016963 0.311290
v -0.386167 -0.013672 0.287563
v -0.386384 -0.032378 0.285652
v -0.385804 -0.001010 0.291542
v -0.468185 -0.014116 0.041134
v -0.469173 -0.013748 0.042940
v -0.469011 -0.009386 0.050587
v -0.466089 0.001494 0.063582
v -0.477293 0.004410 0.063180
v -0.478795 0.002366 0.044243
v -0.471298 0.003141 0.044930
v -0.402749 0.004209 0.083456
v -0.404081 -0.005634 0.082142
v -0.394738 -0.006068 0.090005
v -0.394154 0.011444 0.113811
v -0.397213 0.017829 0.104633
v -0.393903 0.000818 0.117683
v -0.403765 0.007284 0.335248
v -0.400635 0.010952 0.331593
v -0.397742 0.008972 0.327820
v -0.403335 -0.003575 0.343681
v -0.407042 -0.001561 0.342775
v -0.389636 0.007343 0.327812
v -0.383501 0.003572 0.328008
v -0.418726 -0.003272 0.343370
v -0.419320 -0.001734 0.341819
v -0.412608 -0.001772 0.342817
v -0.406581 -0.000315 0.342272
v -0.405983 0.001348 0.340674
v -0.409084 -0.005019 0.345492
v -0.403468 0.006179 0.331188
v -0.403051 0.003599 0.335844
v -0.404735 0.003824 0.338861
v -0.403499 0.006237 0.336303
v -0.409889 -0.035293 0.350698
v -0.421681 0.005959 0.335360
v -0.421608 0.005639 0.335591
v -0.427277 0.014540 0.319341
v -0.421117 0.012396 0.329381
v -0.422518 0.008604 0.333622
v -0.398073 -0.034904 0.118215
v -0.393975 -0.030274 0.122219
v -0.415209 -0.026404 0.081806
v -0.415455 -0.043333 0.081314
v -0.394304 -0.048423 0.082646
v -0.404114 -0.015460 0.082496
v -0.415422 -0.013027 0.081020
v -0.395084 -0.015429 0.090724
v -0.393825 -0.011585 0.120712
v -0.392354 -0.030213 0.164932
v -0.393034 -0.049889 0.147272
v -0.392165 -0.049595 0.169104
v -0.391001 -0.050679 0.196040
v -0.391125 -0.025290 0.194894
v -0.394336 -0.008737 0.356367
v -0.402813 -0.011713 0.357608
v -0.381659 -0.006895 0.355589
v -0.393957 -0.048962 0.113783
v -0.404547 -0.078736 0.338637
v -0.398476 -0.074972 0.338169
v -0.396058 -0.081241 0.332639
v -0.392153 -0.075770 0.347092
v -0.403181 -0.056510 0.356162
v -0.409832 -0.060659 0.353708
v -0.410371 -0.061935 0.348484
v -0.415953 -0.061442 0.036467
v -0.467106 -0.066535 0.035849
v -0.469498 -0.021243 0.033988
v -0.466962 -0.021876 0.031498
v -0.462768 -0.018288 0.040658
v -0.463106 -0.018699 0.036071
v -0.418921 -0.102033 -0.016234
v -0.420213 -0.092117 -0.006718
v -0.416150 -0.046357 -0.004017
v -0.411898 -0.103107 -0.024055
v -0.394059 -0.101610 -0.042744
v -0.411954 -0.103141 -0.021607
v -0.379468 -0.094874 -0.323393
v -0.372345 -0.093168 -0.328168
v -0.334612 -0.097405 -0.316152
v -0.327842 -0.097972 -0.301677
v -0.359746 -0.097968 -0.302175
v -0.377426 -0.095146 -0.314231
v -0.389823 -0.063286 -0.333351
v -0.393822 -0.038587 -0.335592
v -0.393178 -0.042977 -0.345118
v -0.373717 -0.084316 -0.334350
v -0.389917 -0.071576 -0.328464
v -0.385759 -0.042763 -0.345576
v -0.366305 -0.066487 -0.340998
v -0.386870 -0.085401 -0.321962
v -0.382297 -0.088575 -0.315163
v -0.380573 -0.082281 -0.313780
v -0.381208 -0.071984 -0.320052
v -0.376786 -0.061470 -0.319731
v -0.382804 -0.061157 -0.327589
v -0.390375 -0.020178 -0.333251
v -0.392623 -0.030080 -0.335347
v -0.387951 -0.031212 -0.332057
v -0.389190 -0.031942 -0.332204
v -0.378721 -0.033206 -0.326448
v -0.378852 -0.001336 -0.308192
v -0.392460 -0.029373 -0.334154
v -0.391390 -0.034550 -0.333389
v -0.388136 -0.030505 -0.331651
v -0.390550 -0.022783 -0.332857
v -0.392166 -0.026694 -0.334193
v -0.393727 -0.011305 -0.330583
v -0.389998 -0.012204 -0.333215
v -0.393190 -0.012841 -0.333331
v -0.387325 0.023829 -0.302742
v -0.386490 0.015560 -0.306723
v -0.395155 -0.004950 -0.330070
v -0.404605 -0.004124 -0.332907
v -0.402214 -0.015179 -0.337208
v -0.389591 0.019365 -0.326385
v -0.377934 0.020139 -0.324279
v -0.389691 0.002257 -0.337533
v -0.397389 0.016927 -0.328337
v -0.368288 0.004299 -0.336607
v -0.375490 -0.014069 -0.343522
v -0.370342 0.019982 -0.323472
v -0.384629 -0.015089 -0.343665
v -0.361549 -0.019201 -0.344708
v -0.369607 -0.032656 -0.345877
v -0.359648 0.001740 -0.337882
v -0.380158 -0.016142 -0.301502
v -0.377765 -0.040374 -0.311711
v -0.381042 -0.042667 -0.296762
v -0.383294 -0.044803 -0.269412
v -0.383267 -0.018595 -0.269398
v -0.382964 0.000929 -0.272617
v -0.484717 0.015790 0.004907
v -0.481004 0.025576 -0.023391
v -0.470072 0.022069 -0.025294
v -0.473518 0.009449 0.001917
v -0.444406 0.056124 -0.086727
v -0.441112 0.057224 -0.088691
v -0.446841 0.053643 -0.085978
v -0.445962 0.055605 -0.085800
v -0.440813 0.047592 -0.068843
v -0.448311 0.050362 -0.086275
v -0.435690 0.053785 -0.092459
v -0.433834 0.056780 -0.090019
v -0.432069 0.051907 -0.069976
v -0.424110 0.051341 -0.069033
v -0.418659 0.048315 -0.069214
v -0.413176 0.056485 -0.094855
v -0.413688 0.044757 -0.070105
v -0.397466 0.020814 -0.044569
v -0.403450 0.014234 -0.043491
v -0.416100 0.025398 -0.042662
v -0.415910 0.027719 -0.042660
v -0.405397 0.035267 -0.050594
v -0.400887 0.043319 -0.068587
v -0.392330 0.024482 -0.073081
v -0.382985 0.031120 -0.279941
v -0.389868 0.037266 -0.280266
v -0.382630 0.022448 -0.279172
v -0.393990 0.035302 -0.310598
v -0.387755 0.035940 -0.308800
v -0.401224 0.034237 -0.313087
v -0.397669 0.065304 -0.204908
v -0.389279 0.056548 -0.207911
v -0.392619 0.061263 -0.170509
v -0.396594 0.059895 -0.130675
v -0.405071 0.064330 -0.136980
v -0.428773 0.066239 -0.117528
v -0.424153 0.066422 -0.114748
v -0.424933 0.065677 -0.110659
v -0.426563 0.061374 -0.108845
v -0.423074 0.067144 -0.115513
v -0.427791 0.065837 -0.115326
v -0.448355 0.023188 -0.018906
v -0.445699 0.027965 -0.028288
v -0.449878 0.017286 -0.006325
v -0.446396 0.035239 -0.039566
v -0.446462 0.035038 -0.039198
v -0.446458 0.037407 -0.044396
v -0.446984 0.035152 -0.039487
v -0.447245 0.032648 -0.034819
v -0.460751 0.024003 -0.026297
v -0.460850 0.035560 -0.053881
v -0.415051 0.005097 0.082080
v -0.430682 0.006800 0.050313
v -0.426404 0.005416 0.049485
v -0.420040 0.022318 0.099597
v -0.436552 0.007199 0.053099
v -0.413632 0.032996 -0.046311
v -0.408870 0.037346 0.281733
v -0.402409 0.037197 0.276945
v -0.408011 0.028121 0.305965
v -0.416950 0.033930 0.286432
v -0.397768 0.035807 0.263585
v -0.389271 0.033468 0.265246
v -0.386655 0.023275 0.297163
v -0.404994 0.038594 0.262770
v -0.422045 0.010556 0.323952
v -0.414461 0.008787 0.332633
v -0.477410 0.004708 0.025383
v -0.483549 0.004536 0.025055
v 0.441855 -0.003831 0.000308
v -0.486599 0.002545 0.044271
v -0.485440 0.008316 0.044446
v -0.485979 0.009084 0.027163
v -0.476126 0.009997 0.044214
v -0.477572 0.010738 0.027984
v -0.478143 0.015764 0.009894
v -0.476035 0.028429 -0.018336
v -0.468001 0.011731 0.028518
v -0.468333 0.016684 0.011454
v -0.466427 0.028774 -0.015687
v -0.460998 0.045790 -0.048418
v -0.469750 0.045199 -0.050809
v -0.458560 0.017837 0.012084
v -0.456900 0.029740 -0.014070
v -0.452038 0.046962 -0.046587
v -0.447239 0.031204 -0.013115
v -0.442733 0.048294 -0.044845
v -0.435935 0.061738 -0.073621
v -0.444152 0.060530 -0.075715
v -0.452528 0.059457 -0.078276
v -0.443721 0.070876 -0.104803
v -0.451952 0.069727 -0.106463
v -0.460820 0.058480 -0.080835
v -0.435746 0.072039 -0.103171
v -0.428338 0.077944 -0.132463
v -0.435807 0.077022 -0.133170
v -0.428254 0.073028 -0.101833
v -0.420986 0.078805 -0.131578
v -0.415063 0.082429 -0.162453
v -0.422018 0.081992 -0.163169
v -0.419280 0.073988 -0.100372
v -0.413129 0.079721 -0.130617
v -0.407647 0.082901 -0.161738
v -0.402876 0.081999 -0.193346
v -0.410360 0.081988 -0.193877
v -0.400337 0.080820 -0.129458
v -0.395071 0.083241 -0.160599
v -0.389770 0.081647 -0.192574
v -0.384806 0.076656 -0.224535
v -0.398300 0.077226 -0.225495
v -0.369931 0.079214 -0.159800
v -0.366507 0.078694 -0.191921
v -0.362950 0.075879 -0.223709
v -0.359264 0.068974 -0.254172
v -0.381213 0.068143 -0.255098
v -0.335014 0.076666 -0.190893
v -0.331646 0.077312 -0.222527
v -0.328035 0.073241 -0.252900
v -0.324358 0.064857 -0.277783
v -0.355621 0.059550 -0.280192
v -0.299115 0.083907 -0.219215
v -0.295077 0.080713 -0.247931
v -0.291450 0.068655 -0.274339
v -0.291007 0.047208 -0.298553
v -0.321522 0.044933 -0.297298
v -0.262584 0.081793 -0.239974
v -0.261048 0.067907 -0.270343
v -0.261208 0.048060 -0.300698
v -0.261312 0.028252 -0.326430
v -0.291845 0.026403 -0.323614
v -0.232576 0.070042 -0.272296
v -0.232060 0.049164 -0.302981
v -0.230136 0.028281 -0.326813
v -0.228773 0.003707 -0.340996
v -0.259573 0.003045 -0.339660
v -0.200177 0.047837 -0.305385
v -0.198656 0.026582 -0.327720
v -0.197884 0.002186 -0.342121
v -0.196474 -0.027071 -0.344654
v -0.226423 -0.027420 -0.344344
v -0.166027 0.022161 -0.328892
v -0.165590 -0.002004 -0.341947
v -0.165283 -0.028623 -0.345009
v -0.163525 -0.053084 -0.342014
v -0.193754 -0.053425 -0.341484
v -0.132548 -0.006023 -0.342296
v -0.131945 -0.032341 -0.345431
v -0.132486 -0.054515 -0.342047
v -0.132267 -0.069422 -0.336510
v -0.161718 -0.068875 -0.335916
v -0.099881 -0.034901 -0.345954
v -0.100987 -0.056412 -0.343273
v -0.101688 -0.070375 -0.340346
v -0.101956 -0.081374 -0.335993
v -0.131659 -0.080065 -0.331171
v -0.068853 -0.056447 -0.345999
v -0.069712 -0.070317 -0.344314
v -0.069928 -0.081595 -0.340729
v -0.069632 -0.090418 -0.335746
v -0.101511 -0.090360 -0.330712
v -0.036857 -0.069640 -0.346610
v -0.036822 -0.080852 -0.343415
v -0.036570 -0.090217 -0.338588
v -0.036003 -0.096158 -0.330518
v -0.068795 -0.095951 -0.327503
v -0.004018 -0.081112 -0.344681
v -0.003729 -0.090596 -0.340162
v -0.003327 -0.096409 -0.332152
v -0.002734 -0.097510 -0.321718
v -0.035153 -0.097471 -0.320079
v 0.029505 -0.091313 -0.339561
v 0.029764 -0.097182 -0.332201
v 0.029971 -0.097474 -0.321987
v 0.030179 -0.097669 -0.310873
v -0.002017 -0.097767 -0.310224
v 0.061973 -0.097246 -0.330332
v 0.061713 -0.097437 -0.320100
v 0.061649 -0.097630 -0.309682
v 0.061903 -0.097892 -0.294915
v 0.030629 -0.097921 -0.294391
v 0.092017 -0.097464 -0.318403
v 0.092600 -0.097679 -0.308193
v 0.093345 -0.097913 -0.294911
v 0.094899 -0.098439 -0.265300
v 0.062995 -0.098430 -0.264751
v 0.123412 -0.097702 -0.310322
v 0.124914 -0.097928 -0.296515
v 0.127191 -0.098436 -0.266635
v 0.129105 -0.099065 -0.232542
v 0.096900 -0.099063 -0.231265
v 0.156403 -0.097907 -0.298855
v 0.158811 -0.098430 -0.268384
v 0.160817 -0.099063 -0.233998
v 0.162536 -0.099738 -0.199712
v 0.130727 -0.099734 -0.198429
v 0.190038 -0.098405 -0.269856
v 0.192266 -0.099046 -0.235312
v 0.194185 -0.099720 -0.200940
v 0.195847 -0.100394 -0.166782
v 0.164102 -0.100409 -0.165632
v 0.223890 -0.099019 -0.236372
v 0.226008 -0.099678 -0.202070
v 0.227711 -0.100352 -0.167869
v 0.229081 -0.101025 -0.133805
v 0.197296 -0.101063 -0.132821
v 0.258394 -0.099640 -0.203160
v 0.259996 -0.100311 -0.168923
v 0.261061 -0.100997 -0.134710
v 0.261768 -0.101693 -0.100760
v 0.230249 -0.101701 -0.099980
v 0.293079 -0.100285 -0.170012
v 0.293498 -0.100989 -0.135561
v 0.293193 -0.101690 -0.101445
v 0.292803 -0.102377 -0.067708
v 0.262490 -0.102378 -0.067085
v 0.325707 -0.100997 -0.136351
v 0.324180 -0.101692 -0.102022
v 0.321791 -0.102374 -0.068411
v 0.320798 -0.102911 -0.034061
v 0.293260 -0.102907 -0.033791
v 0.349480 -0.101716 -0.102328
v 0.346851 -0.102381 -0.069329
v 0.344189 -0.102917 -0.034607
v 0.366624 -0.102492 -0.070464
v 0.364149 -0.102969 -0.035942
v 0.362219 -0.103402 0.004511
v 0.360372 -0.103845 0.046247
v 0.380183 -0.103457 0.004239
v 0.376572 -0.103821 0.046593
v 0.375944 -0.082969 0.046571
v 0.360673 -0.083078 0.046782
v 0.376770 -0.067194 0.046538
v 0.360488 -0.067436 0.046701
v 0.347645 -0.068044 0.046966
v 0.360971 -0.057235 0.046586
v 0.347167 -0.057612 0.046832
v 0.340854 -0.057246 0.055571
v 0.340940 -0.068169 0.054915
v 0.340714 -0.056258 0.067925
v 0.340839 -0.067939 0.067514
v 0.340382 -0.055422 0.081040
v 0.340775 -0.067699 0.081531
v 0.358066 -0.056600 0.082013
v 0.359778 -0.069878 0.082038
v 0.373609 -0.074010 0.081924
v 0.374603 -0.090011 0.082024
v 0.372458 -0.059860 0.081912
v 0.383784 -0.064345 0.081327
v 0.383787 -0.078490 0.081620
v 0.371395 -0.047314 0.081888
v 0.383787 -0.050600 0.081007
v 0.393400 -0.068617 0.079428
v 0.370182 -0.035565 0.079287
v 0.367654 -0.035713 0.068426
v 0.397972 -0.071103 0.084191
v 0.397583 -0.072155 0.095317
v 0.397705 -0.058178 0.093179
v 0.397332 -0.059998 0.107536
v 0.397304 -0.073071 0.109214
v 0.398262 -0.043573 0.090929
v 0.397664 -0.045124 0.104870
v 0.397499 -0.043207 0.130929
v 0.396879 -0.059126 0.133967
v 0.398760 -0.030326 0.087362
v 0.398885 -0.030214 0.100570
v 0.397972 -0.029161 0.124343
v 0.397751 -0.017710 0.094676
v 0.396862 -0.015160 0.118391
v 0.395761 -0.015486 0.150205
v 0.395164 -0.029079 0.151117
v 0.397319 -0.007040 0.088765
v 0.396782 -0.002146 0.113401
v 0.395892 0.000548 0.145507
v 0.396850 0.008761 0.109202
v 0.396037 0.013210 0.141808
v 0.394547 0.014577 0.171387
v 0.394472 0.000155 0.173447
v 0.392953 0.014360 0.198088
v 0.393028 -0.000046 0.198021
v 0.391524 0.012611 0.226883
v 0.391615 -0.001170 0.226255
v 0.391749 -0.020266 0.225648
v 0.390269 -0.006187 0.256688
v 0.390348 -0.025592 0.255571
v 0.390297 -0.048479 0.256391
v 0.391766 -0.043620 0.226588
v 0.390143 -0.063758 0.258564
v 0.391733 -0.061333 0.228403
v 0.389963 -0.073015 0.260855
v 0.391755 -0.072218 0.230439
v 0.392960 -0.071247 0.199982
v 0.391892 -0.081711 0.232393
v 0.392800 -0.081677 0.201825
v 0.394363 -0.082202 0.171118
v 0.394086 -0.070758 0.170383
v 0.396859 -0.083836 0.136385
v 0.396823 -0.072662 0.134786
v 0.397346 -0.084531 0.109878
v 0.396912 -0.094702 0.137629
v 0.397388 -0.095540 0.109928
v 0.393595 -0.103545 0.138535
v 0.393972 -0.103585 0.109542
v 0.384763 -0.103958 0.139064
v 0.384835 -0.104128 0.108849
v 0.384571 -0.103391 0.089362
v 0.375310 -0.104205 0.108050
v 0.375792 -0.104177 0.082693
v 0.383841 -0.092936 0.082077
v 0.374306 -0.104033 0.139837
v 0.363037 -0.104044 0.140876
v 0.360870 -0.103533 0.173553
v 0.341789 -0.103510 0.174447
v 0.342858 -0.104031 0.142597
v 0.372039 -0.103520 0.173318
v 0.369473 -0.102118 0.205472
v 0.358620 -0.102357 0.205904
v 0.382680 -0.103405 0.173305
v 0.380007 -0.101698 0.205270
v 0.377705 -0.100505 0.236335
v 0.367816 -0.100920 0.236988
v 0.392262 -0.101818 0.173096
v 0.389598 -0.099854 0.204954
v 0.386473 -0.098149 0.235523
v 0.385089 -0.097437 0.266465
v 0.376658 -0.099702 0.267763
v 0.392119 -0.091559 0.203488
v 0.391259 -0.090988 0.234190
v 0.388904 -0.090344 0.264835
v 0.387693 -0.089384 0.291826
v 0.384093 -0.095966 0.293651
v 0.389719 -0.081791 0.262928
v 0.388146 -0.081670 0.289882
v 0.386382 -0.082448 0.308964
v 0.386105 -0.088524 0.309303
v 0.388279 -0.073812 0.288535
v 0.386144 -0.076167 0.308849
v 0.386885 -0.077046 0.323781
v 0.389111 -0.082627 0.324641
v 0.388348 -0.066015 0.287280
v 0.386003 -0.068351 0.308598
v 0.385117 -0.069884 0.322762
v 0.389394 -0.066772 0.336471
v 0.394083 -0.071084 0.337726
v 0.385915 -0.058187 0.308820
v 0.383917 -0.059833 0.323312
v 0.384635 -0.059046 0.334843
v 0.394609 -0.055067 0.344898
v 0.383494 -0.047302 0.322927
v 0.382549 -0.046195 0.333318
v 0.382798 -0.026573 0.329891
v 0.385976 -0.003482 0.316292
v 0.387322 0.004603 0.319068
v 0.392572 0.024308 0.293690
v 0.398862 0.027741 0.293329
v 0.393768 0.008681 0.320945
v 0.389098 0.016234 0.291629
v 0.390767 0.028649 0.259556
v 0.394662 0.035911 0.260032
v 0.388872 0.006333 0.289376
v 0.390352 0.018511 0.258914
v 0.391561 0.023694 0.227260
v 0.392113 0.033902 0.227218
v 0.390240 0.007498 0.257946
v 0.393112 0.035785 0.197946
v 0.400660 0.041412 0.197948
v 0.397835 0.041064 0.227260
v 0.392968 0.025804 0.197928
v 0.394650 0.025961 0.169851
v 0.395242 0.035760 0.168619
v 0.396872 0.032406 0.137096
v 0.406692 0.035222 0.136558
v 0.403143 0.039766 0.168354
v 0.396303 0.023913 0.138880
v 0.396906 0.018852 0.105363
v 0.401106 0.024771 0.102203
v 0.411805 0.025432 0.098710
v 0.422174 0.028760 0.099638
v 0.417518 0.036227 0.136702
v 0.432756 0.030328 0.100110
v 0.428103 0.036536 0.137192
v 0.424718 0.040509 0.169343
v 0.413994 0.040676 0.168671
v 0.421261 0.046031 0.198238
v 0.410978 0.043613 0.198137
v 0.415934 0.045791 0.227140
v 0.407042 0.043887 0.226982
v 0.410233 0.041415 0.258762
v 0.402709 0.039020 0.259546
v 0.406316 0.033798 0.293908
v 0.418647 0.040431 0.257160
v 0.415408 0.034255 0.293193
v 0.408517 0.011796 0.321640
v 0.401053 0.011651 0.322412
v 0.402877 -0.010774 0.343515
v 0.416277 0.011407 0.322400
v 0.409094 -0.011418 0.342753
v 0.403887 -0.036437 0.349241
v 0.398356 -0.036572 0.349891
v 0.400629 -0.056242 0.345729
v 0.409767 -0.036747 0.351496
v 0.406724 -0.056793 0.348203
v 0.399182 -0.075170 0.337816
v 0.412000 -0.056439 0.350107
v 0.405190 -0.078346 0.338579
v 0.391358 -0.087958 0.324340
v 0.408603 -0.081375 0.342635
v 0.392525 -0.092245 0.323814
v 0.384709 -0.093539 0.310390
v 0.377174 -0.098303 0.295038
v 0.368751 -0.098698 0.296568
v 0.367070 -0.099949 0.268880
v 0.358469 -0.098659 0.298443
v 0.356650 -0.099935 0.269958
v 0.357208 -0.101115 0.237744
v 0.340320 -0.099857 0.271261
v 0.340227 -0.101263 0.238830
v 0.340843 -0.102507 0.206703
v 0.312883 -0.101276 0.240612
v 0.312845 -0.102471 0.208572
v 0.312436 -0.103435 0.176875
v 0.278948 -0.102367 0.211575
v 0.278214 -0.103312 0.180194
v 0.277055 -0.103959 0.149244
v 0.311659 -0.103999 0.145676
v 0.275390 -0.104090 0.119158
v 0.243093 -0.103904 0.152625
v 0.241639 -0.104051 0.122095
v 0.239925 -0.104092 0.091999
v 0.273174 -0.104109 0.089861
v 0.238034 -0.103942 0.061993
v 0.270581 -0.103938 0.061089
v 0.236101 -0.103608 0.031433
v 0.267857 -0.103621 0.031779
v 0.234283 -0.103255 -0.000378
v 0.265412 -0.103281 -0.000317
v 0.295465 -0.103313 0.000487
v 0.263608 -0.102901 -0.033547
v 0.232710 -0.102893 -0.033158
v 0.231407 -0.102379 -0.066427
v 0.201225 -0.102885 -0.032558
v 0.199907 -0.102387 -0.065661
v 0.198620 -0.101729 -0.099102
v 0.168201 -0.102389 -0.064772
v 0.166894 -0.101740 -0.098132
v 0.165550 -0.101077 -0.131759
v 0.135135 -0.101731 -0.097065
v 0.133775 -0.101070 -0.130627
v 0.132304 -0.100404 -0.164430
v 0.101990 -0.101063 -0.129449
v 0.100450 -0.100397 -0.163235
v 0.098773 -0.099728 -0.197177
v 0.068738 -0.100391 -0.162015
v 0.066960 -0.099721 -0.196029
v 0.064956 -0.099059 -0.230297
v 0.035547 -0.099714 -0.194881
v 0.033639 -0.099055 -0.229383
v 0.031819 -0.098424 -0.264173
v 0.002665 -0.099059 -0.228187
v 0.000764 -0.098444 -0.263015
v -0.000933 -0.098007 -0.292880
v -0.030324 -0.098479 -0.261264
v -0.032598 -0.098007 -0.291272
v -0.034136 -0.097753 -0.308499
v -0.064068 -0.098021 -0.289538
v -0.066100 -0.097746 -0.306122
v -0.067562 -0.097464 -0.317317
v -0.096883 -0.097793 -0.302498
v -0.098433 -0.097513 -0.312908
v -0.100081 -0.096386 -0.322896
v -0.128482 -0.097551 -0.308620
v -0.129928 -0.096272 -0.318511
v -0.130990 -0.089448 -0.325825
v -0.158784 -0.095628 -0.317074
v -0.159560 -0.088719 -0.324242
v -0.160524 -0.079619 -0.329965
v -0.189138 -0.090162 -0.327058
v -0.190397 -0.080268 -0.331744
v -0.191870 -0.068748 -0.336265
v -0.221061 -0.081075 -0.335002
v -0.222040 -0.070113 -0.339368
v -0.223645 -0.054083 -0.342619
v -0.254397 -0.070019 -0.341288
v -0.254713 -0.054372 -0.343976
v -0.256430 -0.028553 -0.344627
v -0.287562 -0.053654 -0.344282
v -0.287184 -0.029322 -0.345468
v -0.289735 0.000790 -0.338834
v -0.319236 -0.028642 -0.345722
v -0.319319 -0.001407 -0.339141
v -0.320402 0.021961 -0.321274
v -0.345346 -0.000457 -0.339040
v -0.345947 0.020479 -0.321796
v -0.350557 0.041779 -0.299467
v -0.361278 0.019814 -0.323102
v -0.369605 0.039645 -0.302920
v -0.377052 0.057650 -0.282520
v -0.380439 0.037655 -0.305959
v -0.390251 0.055903 -0.284639
v -0.394682 0.068174 -0.256492
v -0.397946 0.054879 -0.286990
v -0.402645 0.068247 -0.257898
v -0.406179 0.077546 -0.226308
v -0.409882 0.068210 -0.259301
v -0.413215 0.077945 -0.226935
v -0.417255 0.081798 -0.194191
v -0.419869 0.078276 -0.227167
v -0.424052 0.081545 -0.194234
v -0.429070 0.081433 -0.163873
v -0.430852 0.081138 -0.194259
v -0.435763 0.080690 -0.164577
v -0.443303 0.076016 -0.133980
v -0.442901 0.078613 -0.165634
v -0.450366 0.074107 -0.134847
v -0.458357 0.067108 -0.108129
v -0.451244 0.068745 -0.134261
v -0.453352 0.062369 -0.108479
v -0.465080 0.054044 -0.085002
v -0.472260 0.039493 -0.054300
v -0.446805 0.052488 -0.085951
v -0.448365 0.059697 -0.106994
v -0.442700 0.059965 -0.107036
v -0.442514 0.056756 -0.087856
v -0.445256 0.067109 -0.130682
v -0.439370 0.065727 -0.126314
v -0.432106 0.071559 -0.161360
v -0.426185 0.072294 -0.159414
v -0.433671 0.066618 -0.116921
v -0.438016 0.073229 -0.164226
v -0.432744 0.073146 -0.190807
v -0.426619 0.073034 -0.188442
v -0.443776 0.074897 -0.165717
v -0.438829 0.075090 -0.193188
v -0.432355 0.072654 -0.225338
v -0.426070 0.070681 -0.223185
v -0.437852 0.079548 -0.194317
v -0.433107 0.076538 -0.226958
v -0.428459 0.066209 -0.261037
v -0.427756 0.062004 -0.258933
v -0.426723 0.078167 -0.227235
v -0.422354 0.067901 -0.260973
v -0.416808 0.053162 -0.292584
v -0.422342 0.051135 -0.292545
v -0.415652 0.068187 -0.260100
v -0.410599 0.053737 -0.291480
v -0.407573 0.033368 -0.315136
v -0.404180 0.054177 -0.289682
v -0.404884 0.015154 -0.329537
v -0.414214 0.032070 -0.316343
v -0.411282 0.013096 -0.328925
v -0.417657 0.029056 -0.314021
v -0.422599 0.047787 -0.290779
v -0.413366 0.028187 -0.311008
v -0.417022 0.046193 -0.289132
v -0.421137 0.061295 -0.257170
v -0.411687 0.043855 -0.287255
v -0.414680 0.060013 -0.254726
v -0.419922 0.068416 -0.220963
v -0.408578 0.059169 -0.252756
v -0.412843 0.068042 -0.218277
v -0.420722 0.073971 -0.186292
v -0.404960 0.068986 -0.214449
v -0.415278 0.074740 -0.182394
v -0.417768 0.073044 -0.167992
v -0.409236 0.070981 -0.165966
v -0.411208 0.069592 -0.165198
v -0.422386 0.069374 -0.122936
v -0.406677 0.072782 -0.166962
v -0.412686 0.067277 -0.129099
v -0.399312 0.056928 -0.249895
v -0.403997 0.043258 -0.285312
v -0.393492 0.039984 -0.283045
v -0.392287 0.053640 -0.247235
v -0.386298 0.046698 -0.246459
v -0.384665 0.037194 -0.244705
v -0.386899 0.045834 -0.206069
v -0.388690 0.049706 -0.168499
v -0.384696 0.025241 -0.241880
v -0.386703 0.031602 -0.204082
v -0.388355 0.029474 -0.167120
v -0.389948 0.009990 -0.134967
v -0.390016 0.043743 -0.132513
v -0.386763 0.010793 -0.201903
v -0.388488 0.001896 -0.166198
v -0.390025 -0.018507 -0.137313
v -0.390765 -0.046890 -0.120732
v -0.392675 -0.029524 -0.115326
v -0.388651 -0.020871 -0.164844
v -0.391798 -0.030643 -0.140797
v -0.390474 -0.066400 -0.127110
v -0.386877 -0.100033 -0.103596
v -0.391399 -0.087394 -0.101939
v -0.392032 -0.035503 -0.141896
v -0.390412 -0.081291 -0.130658
v -0.379507 -0.101297 -0.105360
v -0.370673 -0.102106 -0.075480
v -0.375476 -0.102137 -0.074894
v -0.384484 -0.100698 -0.138182
v -0.373274 -0.101387 -0.106888
v -0.365823 -0.102079 -0.076030
v -0.365255 -0.102667 -0.047858
v -0.369927 -0.102677 -0.047725
v -0.366112 -0.101378 -0.107691
v -0.360334 -0.102049 -0.076654
v -0.358250 -0.102651 -0.047911
v -0.362531 -0.103071 -0.021590
v -0.374687 -0.103080 -0.024230
v -0.351876 -0.102008 -0.077390
v -0.347470 -0.102619 -0.047962
v -0.348133 -0.103048 -0.019566
v -0.358967 -0.103443 0.007916
v -0.387879 -0.103445 -0.000155
v -0.332988 -0.102569 -0.048189
v -0.332281 -0.103005 -0.018833
v -0.337870 -0.103401 0.010784
v -0.312738 -0.102946 -0.018552
v -0.315344 -0.103336 0.011733
v -0.321471 -0.103692 0.042579
v -0.333460 -0.103697 0.075724
v -0.290882 -0.103263 0.012070
v -0.294177 -0.103656 0.042983
v -0.298743 -0.103899 0.074387
v -0.304026 -0.104042 0.105623
v -0.340545 -0.104007 0.106465
v -0.266248 -0.103625 0.043276
v -0.269051 -0.103920 0.074575
v -0.272530 -0.104024 0.106025
v -0.276713 -0.104047 0.137506
v -0.309705 -0.104058 0.136862
v -0.239080 -0.103921 0.075040
v -0.241437 -0.104006 0.106735
v -0.244404 -0.104043 0.138492
v -0.247879 -0.103616 0.169851
v -0.281500 -0.103590 0.168612
v -0.210205 -0.103993 0.107356
v -0.212191 -0.104024 0.139355
v -0.214531 -0.103606 0.171043
v -0.217033 -0.102760 0.202213
v -0.251352 -0.102754 0.200556
v -0.179939 -0.104015 0.139996
v -0.181396 -0.103590 0.172078
v -0.183041 -0.102738 0.203904
v -0.184779 -0.101491 0.235556
v -0.219407 -0.101525 0.233010
v -0.148531 -0.103568 0.172874
v -0.149547 -0.102707 0.205419
v -0.150767 -0.101423 0.238184
v -0.152558 -0.099748 0.272286
v -0.186796 -0.099986 0.267226
v -0.116626 -0.102680 0.206478
v -0.117593 -0.101349 0.240139
v -0.119102 -0.099635 0.274484
v -0.121170 -0.098137 0.304616
v -0.154929 -0.098319 0.300641
v -0.084605 -0.101309 0.240992
v -0.085596 -0.099570 0.275586
v -0.086468 -0.098082 0.305651
v -0.086767 -0.097706 0.320044
v -0.122283 -0.097749 0.318675
v -0.051816 -0.099579 0.275346
v -0.052067 -0.098099 0.305428
v -0.052062 -0.097764 0.320244
v -0.052155 -0.099455 0.331279
v -0.086915 -0.099516 0.331228
v -0.018028 -0.098146 0.304466
v -0.017967 -0.097769 0.320051
v -0.017884 -0.099968 0.331941
v -0.017703 -0.096746 0.342281
v -0.052209 -0.096570 0.341503
v 0.016675 -0.097836 0.319527
v 0.017153 -0.099846 0.331615
v 0.017470 -0.096040 0.341915
v 0.017752 -0.087471 0.349416
v -0.017442 -0.087988 0.349143
v 0.051426 -0.099562 0.330848
v 0.051898 -0.096255 0.341535
v 0.052267 -0.087611 0.348787
v 0.052549 -0.076634 0.353878
v 0.018041 -0.076327 0.354173
v 0.086359 -0.096735 0.340482
v 0.086816 -0.088272 0.347683
v 0.086923 -0.077243 0.353117
v 0.086554 -0.063600 0.356026
v 0.052743 -0.063550 0.356860
v 0.120965 -0.088214 0.344192
v 0.120623 -0.077092 0.349844
v 0.119777 -0.062773 0.354643
v 0.118115 -0.040972 0.362955
v 0.085789 -0.043688 0.362266
v 0.152358 -0.075880 0.346058
v 0.151196 -0.060868 0.355598
v 0.150034 -0.038035 0.363584
v 0.150490 -0.015174 0.363503
v 0.117731 -0.016640 0.363748
v 0.182642 -0.057375 0.357390
v 0.182914 -0.036125 0.363973
v 0.183878 -0.014188 0.363054
v 0.184378 0.006508 0.353544
v 0.150810 0.006556 0.354247
v 0.216211 -0.034586 0.364247
v 0.217369 -0.013359 0.362489
v 0.218466 0.007012 0.352737
v 0.219001 0.026725 0.335607
v 0.184707 0.025657 0.336617
v 0.249815 -0.012617 0.361619
v 0.251202 0.007986 0.351558
v 0.252772 0.028233 0.333752
v 0.254410 0.046755 0.309448
v 0.220254 0.044825 0.310955
v 0.282696 0.008424 0.350533
v 0.285745 0.028597 0.333270
v 0.288136 0.046185 0.306932
v 0.289279 0.060341 0.275468
v 0.256002 0.058642 0.277969
v 0.317150 0.026113 0.332574
v 0.320046 0.044211 0.304390
v 0.321898 0.061148 0.272714
v 0.324019 0.069619 0.238156
v 0.290270 0.067534 0.240106
v 0.350010 0.043431 0.304646
v 0.354190 0.061279 0.273999
v 0.357708 0.068067 0.238896
v 0.359347 0.071342 0.202401
v 0.326235 0.071261 0.202216
v 0.385422 0.058126 0.279039
v 0.389378 0.062754 0.242357
v 0.390808 0.063568 0.204420
v 0.391664 0.062567 0.168903
v 0.360731 0.070670 0.166856
v 0.408047 0.057890 0.245182
v 0.410271 0.058288 0.206588
v 0.414664 0.056305 0.170609
v 0.417288 0.048089 0.136763
v 0.392513 0.051229 0.135682
v 0.422030 0.055077 0.208211
v 0.426177 0.052975 0.171649
v 0.430203 0.046495 0.137477
v 0.434290 0.039046 0.101994
v 0.419855 0.041181 0.101271
v 0.435275 0.050708 0.172620
v 0.439413 0.045396 0.138230
v 0.443901 0.037655 0.102606
v 0.448104 0.027878 0.066282
v 0.437181 0.029695 0.066180
v 0.446756 0.044551 0.138957
v 0.451038 0.036645 0.103163
v 0.455659 0.026764 0.066475
v 0.457570 0.014231 0.038045
v 0.449256 0.015961 0.039054
v 0.458088 0.035688 0.103917
v 0.462900 0.025657 0.066895
v 0.465164 0.012963 0.037825
v 0.465549 0.004871 0.019554
v 0.457744 0.006016 0.019596
v 0.470066 0.024722 0.067720
v 0.472677 0.011766 0.037739
v 0.473053 0.003713 0.019458
v 0.473228 0.001309 0.004207
v 0.465966 0.002260 0.003907
v 0.480156 0.010870 0.038024
v 0.480313 0.002602 0.019710
v 0.480213 0.000367 0.004948
v 0.480283 0.003913 -0.011766
v 0.473363 0.005093 -0.012544
v 0.486355 0.000270 0.019907
v 0.486326 -0.001424 0.005856
v 0.486025 0.001458 -0.011112
v 0.484342 0.010136 -0.040626
v 0.478997 0.012392 -0.039103
v 0.483755 -0.005678 0.006786
v 0.482736 -0.002226 -0.011165
v 0.478371 0.005661 -0.041609
v 0.465169 0.027846 -0.079047
v 0.475062 0.030417 -0.076847
v 0.466801 0.051470 -0.108542
v 0.463019 0.053258 -0.106630
v 0.472942 0.033030 -0.073890
v 0.461960 0.047476 -0.108991
v 0.454243 0.064289 -0.137251
v 0.458304 0.068011 -0.137040
v 0.451102 0.075766 -0.164776
v 0.448128 0.079031 -0.163094
v 0.454967 0.070292 -0.135266
v 0.446111 0.070786 -0.164534
v 0.438092 0.076845 -0.188933
v 0.443881 0.080626 -0.188864
v 0.439366 0.081696 -0.205177
v 0.438637 0.086271 -0.205669
v 0.442357 0.084824 -0.187242
v 0.433627 0.077366 -0.203899
v 0.429695 0.077169 -0.216121
v 0.433085 0.079042 -0.229035
v 0.423880 0.076175 -0.211340
v 0.421423 0.075425 -0.222562
v 0.419439 0.071404 -0.255393
v 0.416387 0.075520 -0.208175
v 0.416187 0.075017 -0.212847
v 0.409045 0.073163 -0.241190
v 0.416293 0.072916 -0.243906
v 0.411147 0.074557 -0.204263
v 0.410529 0.074936 -0.204964
v 0.407012 0.076103 -0.196889
v 0.412403 0.073786 -0.202834
v 0.411442 0.065310 -0.277082
v 0.401738 0.061117 -0.286265
v 0.398330 0.062186 -0.278847
v 0.399840 0.053619 -0.308621
v 0.400269 0.053927 -0.308247
v 0.408919 0.056462 -0.299624
v 0.402547 0.055777 -0.304435
v 0.405874 0.055136 -0.303202
v 0.400565 0.054141 -0.307988
v 0.408215 0.054433 -0.304489
v 0.402886 0.055654 -0.305397
v 0.407607 0.054434 -0.304592
v 0.400660 0.054206 -0.307894
v 0.403992 0.053960 -0.306502
v 0.400871 0.054848 -0.306700
v 0.400660 0.053603 -0.307707
v 0.400263 0.053186 -0.308011
v 0.399863 0.052766 -0.308317
v 0.399549 0.052436 -0.308557
v 0.399384 0.052263 -0.308683
v 0.405340 0.052764 -0.307966
v 0.404128 0.052609 -0.311417
v 0.414381 0.057728 -0.297581
v 0.427694 0.070200 -0.289453
v 0.417538 0.040393 -0.328536
v 0.416718 0.050027 -0.328391
v 0.421891 0.078967 -0.270941
v 0.408327 0.052238 -0.327114
v 0.414911 0.079038 -0.269982
v 0.420966 0.085666 -0.226177
v 0.428299 0.085830 -0.224353
v 0.435842 0.084451 -0.229253
v 0.431509 0.086087 -0.205044
v 0.424400 0.085969 -0.204790
v 0.428672 0.085557 -0.183769
v 0.435633 0.085145 -0.185398
v 0.434567 0.080262 -0.159061
v 0.441457 0.079612 -0.161118
v 0.441776 0.071658 -0.131103
v 0.448169 0.070954 -0.133261
v 0.449868 0.054552 -0.102144
v 0.456132 0.053940 -0.104310
v 0.459323 0.033988 -0.069781
v 0.466141 0.033332 -0.071611
v 0.464981 0.014210 -0.037303
v 0.471808 0.013311 -0.038153
v 0.466226 0.005885 -0.012313
v 0.457932 0.015212 -0.036520
v 0.458854 0.006861 -0.012792
v 0.458267 0.003176 0.003814
v 0.450654 0.007895 -0.013159
v 0.449779 0.004449 0.003183
v 0.449111 0.007431 0.019828
v 0.438387 0.006081 0.003956
v 0.438069 0.009357 0.020217
v 0.437953 0.017406 0.038406
v 0.421005 0.012148 0.020502
v 0.421400 0.020115 0.038800
v 0.421254 0.032215 0.066218
v 0.391523 0.023992 0.039695
v 0.393315 0.036237 0.067216
v 0.394404 0.045109 0.100748
v 0.359778 0.037163 0.070359
v 0.361421 0.049704 0.100674
v 0.360515 0.056290 0.134074
v 0.326174 0.048710 0.102926
v 0.327348 0.056770 0.134825
v 0.327320 0.069047 0.166985
v 0.291730 0.055767 0.137362
v 0.291947 0.064796 0.169498
v 0.291345 0.068825 0.204173
v 0.257510 0.062670 0.172479
v 0.257709 0.066118 0.206515
v 0.257110 0.065499 0.242544
v 0.224856 0.065305 0.208586
v 0.224762 0.063549 0.244402
v 0.223038 0.057000 0.279700
v 0.193301 0.066359 0.246500
v 0.191124 0.059076 0.281129
v 0.186914 0.043580 0.310672
v 0.159158 0.064984 0.281238
v 0.153517 0.046225 0.309422
v 0.151241 0.026292 0.336587
v 0.121468 0.048581 0.308694
v 0.119556 0.026797 0.336640
v 0.118455 0.006271 0.354775
v 0.087945 0.026248 0.337819
v 0.086536 0.005703 0.355646
v 0.085529 -0.018108 0.363781
v 0.053718 0.003670 0.356349
v 0.052916 -0.019768 0.363854
v 0.052744 -0.044796 0.361813
v 0.018928 -0.021989 0.363861
v 0.018665 -0.045206 0.361317
v 0.018347 -0.063344 0.357034
v -0.016339 -0.045826 0.360990
v -0.016618 -0.063593 0.356873
v -0.017053 -0.076896 0.353928
v -0.051542 -0.064547 0.356619
v -0.051805 -0.077398 0.353575
v -0.052051 -0.088198 0.348432
v -0.087237 -0.078255 0.352931
v -0.087195 -0.088489 0.347476
v -0.087070 -0.097007 0.340962
v -0.124230 -0.089090 0.346003
v -0.124041 -0.097405 0.339652
v -0.123258 -0.098829 0.329948
v -0.159121 -0.096462 0.334899
v -0.157746 -0.098366 0.325130
v -0.156289 -0.097756 0.313798
v -0.191152 -0.098010 0.321087
v -0.190102 -0.097936 0.309518
v -0.188948 -0.098551 0.295661
v -0.224426 -0.097956 0.307097
v -0.223517 -0.098723 0.291725
v -0.221635 -0.100149 0.263446
v -0.258377 -0.098804 0.290074
v -0.256706 -0.100209 0.261192
v -0.254317 -0.101516 0.231024
v -0.292606 -0.100128 0.260146
v -0.289671 -0.101387 0.229659
v -0.285976 -0.102597 0.199165
v -0.325265 -0.101166 0.229166
v -0.320832 -0.102294 0.198386
v -0.315679 -0.103456 0.167727
v -0.355290 -0.101922 0.198632
v -0.351456 -0.103125 0.168055
v -0.346206 -0.104063 0.137449
v -0.389408 -0.102799 0.168988
v -0.390305 -0.104236 0.139820
v -0.392244 -0.075944 0.168842
v -0.393250 -0.074891 0.142478
v -0.388993 -0.101669 0.199170
v -0.391062 -0.077603 0.197875
v -0.388842 -0.100686 0.231256
v -0.389789 -0.079071 0.228888
v -0.389670 -0.052557 0.226623
v -0.388311 -0.079694 0.259576
v -0.388276 -0.055317 0.257223
v -0.388202 -0.026293 0.257318
v -0.389683 -0.023892 0.226174
v -0.388060 -0.005110 0.259585
v -0.389652 -0.001106 0.226893
v -0.391158 -0.001233 0.193628
v -0.389628 0.012447 0.227720
v -0.391222 0.013144 0.193025
v -0.392779 0.009883 0.155006
v -0.392617 -0.005153 0.158586
v -0.391309 0.024055 0.192280
v -0.392949 0.020778 0.152252
v -0.391438 0.034121 0.191648
v -0.393313 0.030298 0.149227
v -0.394720 0.041526 0.191411
v -0.400204 0.034615 0.145717
v -0.403171 0.041405 0.192504
v -0.408628 0.035532 0.150069
v -0.412309 0.043068 0.193676
v -0.415252 0.039285 0.151814
v -0.427197 0.026115 0.104434
v -0.443149 0.006564 0.052717
v -0.425779 0.039861 0.153696
v -0.436577 0.025248 0.105953
v -0.449598 0.005893 0.052857
v -0.453465 0.007637 0.024593
v -0.448742 0.008061 0.025111
v -0.444994 0.023638 0.108880
v -0.455417 0.005581 0.056344
v -0.456360 0.008007 0.021351
v -0.464377 0.003900 0.045913
v -0.464245 0.006551 0.023794
v -0.456280 0.017710 -0.009799
v -0.470620 0.005456 0.025368
v -0.466463 0.010934 0.001293
v -0.450172 0.026407 -0.026126
v -0.445816 0.028244 -0.028863
v -0.447372 0.032262 -0.034113
v -0.445875 0.030816 -0.032858
v -0.447218 0.032180 -0.034326
v -0.445107 0.030299 -0.033003
v -0.444765 0.029744 -0.031845
v -0.447165 0.032165 -0.034417
v -0.447033 0.032129 -0.034641
v -0.443862 0.028921 -0.029693
v -0.443683 0.031452 -0.035272
v -0.446716 0.032043 -0.035180
v -0.446363 0.031946 -0.035780
v -0.441019 0.032260 -0.032744
v -0.431606 0.020687 -0.009487
v -0.434587 0.020283 -0.008560
v -0.442228 0.032094 -0.033369
v -0.428911 0.020905 -0.010612
v -0.438776 0.032977 -0.032186
v -0.425631 0.020407 -0.011301
v -0.416242 -0.018413 0.009047
v -0.416722 -0.003154 0.014826
v -0.420455 0.004623 0.017719
v -0.415842 -0.028858 0.046586
v -0.415857 -0.013922 0.048444
v -0.415900 -0.004647 0.048836
v -0.424941 0.007247 0.019065
v -0.420776 0.002252 0.048877
v -0.429663 0.009098 0.020465
v -0.437310 0.019316 -0.007048
v -0.434386 0.009596 0.022095
v -0.439487 0.018395 -0.006192
v -0.441001 0.028874 -0.027662
v -0.442542 0.017694 -0.005364
v -0.441837 0.025174 -0.021389
v -0.443177 0.024963 -0.021375
v -0.442357 0.028590 -0.028171
v -0.446002 0.016765 -0.004108
v -0.448526 0.016377 -0.003828
v -0.443920 0.008596 0.025022
v -0.439119 0.009357 0.023379
v -0.415051 -0.003203 0.081927
v -0.416499 0.004823 -0.016229
v -0.418600 -0.102656 0.003781
v -0.405297 -0.103410 -0.004872
v -0.418750 -0.094749 0.000729
v -0.419785 -0.097478 -0.007456
v -0.386680 -0.103138 -0.023734
v -0.382429 -0.103113 -0.024106
v -0.373962 -0.102673 -0.047455
v -0.388236 -0.103187 -0.020790
v -0.377214 -0.102670 -0.047002
v -0.379549 -0.102175 -0.074085
v -0.379852 -0.102632 -0.046474
v -0.382723 -0.102213 -0.072849
v -0.391531 -0.076059 -0.099967
v -0.385761 -0.102266 -0.071420
v -0.391672 -0.059572 -0.094128
v -0.391368 0.007439 -0.102387
v -0.394477 -0.033830 -0.082856
v -0.399674 0.051601 -0.094320
v -0.407405 0.043720 -0.069248
v -0.406797 0.052892 -0.096287
v -0.410097 0.036310 -0.052444
v -0.414194 0.036969 -0.053366
v -0.414891 0.033109 -0.045798
v -0.416772 0.033857 -0.045577
v -0.418007 0.037691 -0.053545
v -0.417317 0.034339 -0.045763
v -0.420404 0.040563 -0.052787
v -0.418121 0.034104 -0.044603
v -0.422694 0.042962 -0.052189
v -0.418760 0.033986 -0.042988
v -0.427332 0.044295 -0.051876
v -0.419863 0.034225 -0.040789
v -0.435840 0.041853 -0.049819
v -0.433516 0.035784 -0.034034
v -0.446707 0.032415 -0.033874
v -0.444932 0.031555 -0.038213
v -0.443681 0.031102 -0.034095
v -0.445188 0.031648 -0.037697
v -0.416284 -0.000532 -0.042442
v -0.433215 0.036813 -0.035660
v -0.392932 -0.057033 -0.043848
v -0.393673 -0.072349 -0.043110
v -0.393857 -0.037272 -0.045515
v -0.400343 -0.044645 -0.043355
v -0.400922 -0.103144 -0.028687
v -0.401952 -0.103146 -0.028623
v -0.400616 -0.017999 -0.045100
v -0.392809 -0.057582 -0.055325
v -0.392024 -0.099369 -0.048570
v -0.395879 -0.103107 -0.029052
v -0.387764 -0.102301 -0.044383
v -0.392659 -0.103089 -0.029052
v -0.389936 -0.103067 -0.029370
v -0.385569 -0.102316 -0.045549
v -0.382685 -0.102544 -0.046061
v -0.387137 -0.103049 -0.029579
v -0.385067 -0.103054 -0.028661
v -0.422104 -0.092763 -0.013313
v -0.422213 -0.092573 -0.013341
v -0.420430 -0.092201 -0.007501
v -0.422268 -0.092479 -0.013355
v -0.407543 -0.103163 -0.025173
v -0.396226 -0.090826 -0.043452
v -0.409053 -0.103223 -0.018601
v -0.403678 -0.103166 -0.026844
v -0.415632 -0.051738 -0.042940
v -0.401861 -0.089849 -0.043175
v -0.415865 -0.060221 -0.042923
v -0.434838 0.034247 -0.031887
v -0.437038 0.032851 -0.030828
v -0.436719 0.033579 -0.031661
v -0.445800 0.031792 -0.036737
v -0.445623 0.031744 -0.037038
v -0.445977 0.031841 -0.036436
v -0.446145 0.031887 -0.036150
v -0.446262 0.031919 -0.035952
v -0.392495 -0.096097 -0.068891
v -0.392662 -0.064317 -0.059711
v -0.392991 -0.014517 -0.058138
v -0.401567 0.000278 -0.044226
v -0.402690 0.012621 -0.043499
v -0.400912 -0.016586 -0.044981
v -0.416273 0.006116 -0.042609
v -0.416182 0.014153 -0.042871
v -0.416314 0.022765 -0.042628
v -0.444740 0.031503 -0.038540
v -0.460099 0.004645 0.066112
v -0.459342 0.007390 0.076323
v -0.450403 0.025944 0.118952
v -0.457091 0.027261 0.123171
v -0.465566 0.010007 0.082147
v -0.464006 0.027825 0.126935
v -0.472218 0.013523 0.087898
v -0.470634 0.029744 0.129953
v -0.478028 0.017087 0.091279
v -0.484506 0.006075 0.063249
v -0.475721 0.022904 0.091459
v -0.482094 0.011251 0.062515
v -0.467357 0.024651 0.092245
v -0.473088 0.012454 0.062238
v -0.459020 0.026324 0.093602
v -0.464231 0.013870 0.063354
v -0.466771 0.010870 0.044730
v -0.455183 0.015705 0.065278
v -0.457308 0.011745 0.045926
v -0.458318 0.012891 0.029045
v -0.447180 0.012797 0.047888
v -0.447999 0.014019 0.030064
v -0.448449 0.019145 0.012285
v -0.435890 0.015361 0.031649
v -0.436097 0.020712 0.012430
v -0.435052 0.033783 -0.012894
v -0.431790 0.050058 -0.043139
v -0.418476 0.022615 0.011443
v -0.417656 0.035591 -0.012772
v -0.415179 0.051595 -0.041217
v -0.410764 0.065079 -0.069486
v -0.425822 0.063393 -0.071630
v -0.386593 0.036688 -0.013213
v -0.385667 0.050605 -0.040121
v -0.382579 0.063210 -0.067929
v -0.378755 0.071133 -0.097584
v -0.405370 0.074840 -0.098780
v -0.349904 0.048348 -0.039123
v -0.347770 0.057742 -0.067508
v -0.344890 0.064887 -0.097082
v -0.341540 0.069966 -0.127876
v -0.374393 0.076249 -0.128327
v -0.313003 0.058798 -0.066324
v -0.310984 0.066226 -0.096056
v -0.308313 0.073182 -0.126303
v -0.305159 0.077320 -0.157060
v -0.338253 0.074177 -0.159106
v -0.276610 0.071909 -0.094540
v -0.273834 0.081253 -0.123735
v -0.270567 0.086587 -0.153688
v -0.267250 0.087769 -0.184793
v -0.302103 0.080790 -0.188411
v -0.237012 0.089722 -0.120877
v -0.233237 0.093427 -0.151750
v -0.230784 0.091042 -0.184066
v -0.230258 0.091282 -0.214630
v -0.265108 0.089916 -0.213647
v -0.197844 0.092574 -0.152027
v -0.196400 0.088810 -0.185654
v -0.196732 0.085237 -0.217902
v -0.197864 0.082867 -0.247974
v -0.231093 0.085385 -0.241546
v -0.164925 0.083136 -0.186344
v -0.165346 0.079256 -0.219375
v -0.165691 0.075687 -0.251793
v -0.166619 0.063516 -0.281562
v -0.200546 0.069688 -0.278016
v -0.134449 0.077722 -0.220062
v -0.134726 0.069722 -0.251433
v -0.134613 0.057314 -0.281017
v -0.134361 0.038416 -0.307445
v -0.166810 0.043555 -0.307464
v -0.104120 0.073713 -0.252982
v -0.103756 0.059160 -0.282691
v -0.103080 0.039749 -0.309581
v -0.101824 0.018203 -0.331404
v -0.133644 0.017741 -0.329277
v -0.072555 0.064628 -0.284796
v -0.071785 0.043698 -0.311483
v -0.070569 0.021186 -0.333525
v -0.068850 -0.006204 -0.345539
v -0.100130 -0.006988 -0.343411
v -0.040470 0.047275 -0.313530
v -0.039916 0.023556 -0.335640
v -0.038343 -0.004791 -0.347536
v -0.036912 -0.034754 -0.349283
v -0.068140 -0.035427 -0.347544
v -0.009016 0.024191 -0.337818
v -0.007847 -0.004114 -0.349552
v -0.005845 -0.034165 -0.350071
v -0.004721 -0.055849 -0.349574
v -0.036754 -0.055811 -0.348757
v 0.022889 -0.004296 -0.351101
v 0.025298 -0.034075 -0.351003
v 0.027340 -0.056529 -0.350160
v 0.028587 -0.070918 -0.348708
v -0.004309 -0.069894 -0.347969
v 0.056634 -0.033907 -0.351962
v 0.058945 -0.056490 -0.348665
v 0.060400 -0.070543 -0.346285
v 0.061372 -0.081627 -0.342253
v 0.029206 -0.081991 -0.344592
v 0.089434 -0.056805 -0.348804
v 0.090251 -0.070146 -0.343754
v 0.090951 -0.080352 -0.338644
v 0.091590 -0.090073 -0.334208
v 0.061950 -0.091126 -0.337355
v 0.119147 -0.070850 -0.346293
v 0.119472 -0.081152 -0.341551
v 0.119892 -0.090418 -0.336641
v 0.120985 -0.096881 -0.330328
v 0.091843 -0.096999 -0.328040
v 0.149208 -0.083678 -0.349038
v 0.149708 -0.092418 -0.344563
v 0.151043 -0.096783 -0.336230
v 0.152686 -0.097309 -0.326028
v 0.122291 -0.097512 -0.320794
v 0.183757 -0.092258 -0.347667
v 0.184569 -0.096761 -0.339650
v 0.185454 -0.097110 -0.329550
v 0.186293 -0.097476 -0.318668
v 0.154321 -0.097593 -0.315317
v 0.216999 -0.096089 -0.339711
v 0.217507 -0.097118 -0.329682
v 0.218126 -0.097456 -0.319115
v 0.219262 -0.097829 -0.301303
v 0.187687 -0.097859 -0.300676
v 0.248520 -0.097247 -0.329186
v 0.249442 -0.097503 -0.318631
v 0.250991 -0.097830 -0.301006
v 0.253505 -0.098381 -0.271023
v 0.221435 -0.098387 -0.270654
v 0.281361 -0.097444 -0.318330
v 0.283440 -0.097810 -0.300602
v 0.286506 -0.098357 -0.271401
v 0.289506 -0.098973 -0.238222
v 0.256184 -0.099002 -0.237255
v 0.315647 -0.097777 -0.300520
v 0.319344 -0.098316 -0.271958
v 0.322573 -0.098940 -0.239500
v 0.324720 -0.099608 -0.205772
v 0.291729 -0.099609 -0.204361
v 0.344750 -0.098308 -0.272680
v 0.347334 -0.098941 -0.240810
v 0.348984 -0.099618 -0.207015
v 0.350222 -0.100318 -0.172099
v 0.325704 -0.100299 -0.171160
v 0.361178 -0.098928 -0.241811
v 0.362637 -0.099595 -0.207864
v 0.364398 -0.100306 -0.172686
v 0.365988 -0.101018 -0.137149
v 0.350535 -0.101021 -0.136902
v 0.374493 -0.099514 -0.208730
v 0.376245 -0.100203 -0.173245
v 0.378540 -0.100885 -0.136792
v 0.367283 -0.101784 -0.102166
v 0.387581 -0.099553 -0.173919
v 0.389938 -0.098544 -0.137063
v 0.387644 -0.093631 -0.174017
v 0.390581 -0.092921 -0.137264
v 0.387686 -0.087565 -0.174118
v 0.390405 -0.087007 -0.136940
v 0.391881 -0.088280 -0.104095
v 0.389518 -0.080638 -0.136354
v 0.391793 -0.080769 -0.104528
v 0.392615 -0.079977 -0.086573
v 0.393082 -0.089029 -0.084679
v 0.402386 -0.078596 -0.079416
v 0.392385 -0.067830 -0.088848
v 0.401081 -0.064230 -0.079654
v 0.414100 -0.059929 -0.079096
v 0.414741 -0.076930 -0.079098
v 0.415307 -0.051419 -0.054531
v 0.415431 -0.072368 -0.056592
v 0.415367 -0.067664 -0.026885
v 0.417013 -0.087065 -0.029305
v 0.415362 -0.045065 -0.022999
v 0.415370 -0.031656 -0.052551
v 0.415363 -0.027153 -0.021899
v 0.415161 -0.024080 0.008235
v 0.414879 -0.020166 0.029961
v 0.415283 -0.016079 -0.021779
v 0.415163 -0.014643 0.005701
v 0.415046 -0.010590 0.025630
v 0.414655 -0.005944 0.038725
v 0.413885 -0.015633 0.041920
v 0.415555 -0.007697 0.004043
v 0.416137 -0.003979 0.022688
v 0.415164 -0.007456 -0.021311
v 0.415332 -0.016445 -0.051705
v 0.415291 -0.005782 -0.050507
v 0.415245 0.003540 -0.048427
v 0.412899 -0.006141 -0.080112
v 0.413829 0.006536 -0.079904
v 0.399415 -0.009859 -0.079740
v 0.399433 0.003385 -0.080108
v 0.392172 -0.014453 -0.092974
v 0.392161 0.000671 -0.093402
v 0.392122 0.011266 -0.093185
v 0.391069 -0.002038 -0.112642
v 0.391093 0.010864 -0.112044
v 0.391154 0.019299 -0.110695
v 0.392155 0.018702 -0.092636
v 0.391186 0.026105 -0.109617
v 0.392239 0.024390 -0.091599
v 0.400651 0.026186 -0.080753
v 0.392282 0.028577 -0.091047
v 0.401007 0.029796 -0.081674
v 0.410417 0.032729 -0.083338
v 0.411174 0.030796 -0.081307
v 0.417433 0.035015 -0.084563
v 0.418386 0.033635 -0.082096
v 0.424003 0.042224 -0.085211
v 0.424516 0.039789 -0.082985
v 0.416474 0.036326 -0.086612
v 0.422094 0.038908 -0.086694
v 0.409484 0.034823 -0.085735
v 0.408454 0.037056 -0.089050
v 0.407275 0.039945 -0.094245
v 0.401321 0.033324 -0.084118
v 0.392245 0.032431 -0.091325
v 0.391212 0.031443 -0.108419
v 0.391238 0.036531 -0.106923
v 0.391252 0.041057 -0.105323
v 0.389653 0.045851 -0.133578
v 0.389650 0.051473 -0.131834
v 0.393079 0.054793 -0.130607
v 0.394517 0.043548 -0.104592
v 0.399285 0.054458 -0.129903
v 0.400183 0.043762 -0.104680
v 0.405083 0.053620 -0.127486
v 0.406007 0.044088 -0.104023
v 0.412451 0.044693 -0.102407
v 0.406191 0.068330 -0.161252
v 0.387219 0.061926 -0.175728
v 0.387369 0.055517 -0.175628
v 0.385158 0.055696 -0.223539
v 0.386653 0.062103 -0.225669
v 0.382167 0.043472 -0.275015
v 0.381495 0.048632 -0.279807
v 0.389272 0.052243 -0.274977
v 0.381032 0.043146 -0.297191
v 0.385372 0.044601 -0.300197
v 0.388956 0.048166 -0.303198
v 0.390149 0.051203 -0.297797
v 0.393137 0.056767 -0.284679
v 0.395733 0.071555 -0.240152
v 0.403797 0.071218 -0.247056
v 0.393371 0.054392 -0.300130
v 0.391900 0.053479 -0.304072
v 0.396098 0.052918 -0.308097
v 0.398892 0.052937 -0.309449
v 0.398641 0.052730 -0.309713
v 0.390837 0.053241 -0.305524
v 0.389309 0.052919 -0.306458
v 0.392101 0.051008 -0.310870
v 0.388381 0.045589 -0.307564
v 0.389640 0.042526 -0.313207
v 0.393931 0.048068 -0.315254
v 0.384620 0.042048 -0.307139
v 0.380015 0.039708 -0.304546
v 0.381128 0.037253 -0.292323
v 0.381635 0.029775 -0.287152
v 0.382755 0.036648 -0.269102
v 0.383252 0.028296 -0.262983
v 0.381905 0.020346 -0.284738
v 0.385438 0.047748 -0.221110
v 0.385646 0.038941 -0.218973
v 0.385823 0.026635 -0.216943
v 0.383692 0.015778 -0.257094
v 0.387479 0.048446 -0.175552
v 0.387559 0.039985 -0.175646
v 0.387609 0.029744 -0.176001
v 0.387651 0.013749 -0.176540
v 0.385959 0.007509 -0.215061
v 0.389572 0.032836 -0.136838
v 0.389526 0.024744 -0.138139
v 0.389490 0.012980 -0.139187
v 0.389499 -0.004006 -0.139128
v 0.387705 -0.010258 -0.176240
v 0.387632 -0.037416 -0.175701
v 0.386034 -0.045396 -0.211650
v 0.386061 -0.020182 -0.212984
v 0.389486 -0.028577 -0.138620
v 0.389449 -0.049693 -0.137706
v 0.387572 -0.056637 -0.174825
v 0.391118 -0.020802 -0.111847
v 0.391155 -0.041561 -0.110653
v 0.391276 -0.058416 -0.108653
v 0.389437 -0.064948 -0.136725
v 0.392187 -0.033503 -0.092404
v 0.392223 -0.052046 -0.091007
v 0.391583 -0.070645 -0.105643
v 0.399499 -0.026737 -0.079857
v 0.399992 -0.045745 -0.079843
v 0.413955 -0.020583 -0.079649
v 0.414016 -0.039192 -0.079351
v 0.389327 -0.073277 -0.136114
v 0.387711 -0.081579 -0.174254
v 0.387689 -0.075287 -0.174413
v 0.387629 -0.068531 -0.174396
v 0.386439 -0.076673 -0.210157
v 0.386262 -0.070439 -0.210421
v 0.386083 -0.061495 -0.210887
v 0.384275 -0.072728 -0.244954
v 0.384223 -0.066094 -0.245358
v 0.384177 -0.053662 -0.246092
v 0.382482 -0.071713 -0.277198
v 0.382310 -0.062688 -0.278162
v 0.382247 -0.042212 -0.279808
v 0.384167 -0.031964 -0.247964
v 0.382211 -0.014154 -0.281405
v 0.384029 -0.003930 -0.251809
v 0.382096 0.007640 -0.282660
v 0.380708 -0.019071 -0.302914
v 0.380885 0.004878 -0.299022
v 0.378330 -0.023808 -0.316357
v 0.379421 0.005061 -0.310079
v 0.375971 -0.040082 -0.327074
v 0.377384 0.006660 -0.319297
v 0.374160 -0.032729 -0.335492
v 0.377180 0.011470 -0.327703
v 0.376574 -0.020883 -0.346394
v 0.382228 0.016301 -0.332598
v 0.382433 -0.019837 -0.350927
v 0.389316 0.019210 -0.340429
v 0.390597 -0.021558 -0.352268
v 0.400563 0.014356 -0.343535
v 0.397518 -0.021109 -0.355364
v 0.406431 0.014956 -0.347625
v 0.401732 -0.018965 -0.360980
v 0.408304 0.018266 -0.351781
v 0.395833 -0.016295 -0.362846
v 0.402132 0.020732 -0.351945
v 0.389248 -0.013415 -0.362734
v 0.395770 0.023285 -0.350896
v 0.400794 0.053129 -0.325637
v 0.389059 0.026033 -0.349388
v 0.392843 0.054242 -0.323669
v 0.397303 0.075851 -0.277323
v 0.406189 0.077150 -0.274268
v 0.404488 0.084252 -0.232095
v 0.412962 0.085109 -0.229495
v 0.409872 0.085245 -0.204522
v 0.417105 0.085685 -0.204711
v 0.414928 0.085736 -0.180448
v 0.421715 0.085891 -0.182154
v 0.421377 0.081352 -0.154495
v 0.428044 0.080848 -0.156901
v 0.428747 0.072935 -0.126229
v 0.435425 0.072144 -0.128734
v 0.436541 0.055640 -0.097612
v 0.443346 0.055101 -0.099900
v 0.445505 0.035179 -0.065770
v 0.452566 0.034485 -0.067652
v 0.450291 0.016405 -0.035713
v 0.434695 0.036781 -0.063937
v 0.438880 0.018255 -0.034787
v 0.438941 0.009192 -0.013124
v 0.420659 0.021394 -0.033513
v 0.420683 0.011348 -0.013324
v 0.420597 0.008886 0.004034
v 0.388898 0.014733 -0.012737
v 0.389297 0.012667 0.004496
v 0.390232 0.015822 0.020919
v 0.354805 0.014259 0.006514
v 0.356022 0.017125 0.023200
v 0.357622 0.025478 0.042456
v 0.321305 0.018852 0.026701
v 0.323064 0.026932 0.045862
v 0.324892 0.037698 0.073163
v 0.286859 0.028275 0.049848
v 0.288546 0.038308 0.075963
v 0.290214 0.047977 0.106026
v 0.250711 0.039520 0.080344
v 0.253595 0.049419 0.109542
v 0.256113 0.056747 0.140352
v 0.216004 0.053983 0.114176
v 0.220621 0.063867 0.143133
v 0.223773 0.068151 0.174239
v 0.183487 0.069059 0.148803
v 0.188460 0.072752 0.178151
v 0.191910 0.069509 0.211810
v 0.151880 0.075897 0.185397
v 0.157756 0.074664 0.216832
v 0.160789 0.071486 0.249334
v 0.119114 0.077584 0.223425
v 0.122357 0.077290 0.254283
v 0.122829 0.069034 0.281979
v 0.082178 0.073638 0.258485
v 0.084606 0.066792 0.286762
v 0.087564 0.047583 0.312002
v 0.047930 0.059780 0.291965
v 0.052606 0.043279 0.318264
v 0.054258 0.023990 0.340591
v 0.017018 0.034553 0.322267
v 0.018779 0.018756 0.343386
v 0.019182 -0.000037 0.357365
v -0.017421 0.013819 0.345248
v -0.016702 -0.003840 0.358310
v -0.016308 -0.024355 0.363722
v -0.052299 -0.006332 0.358369
v -0.051737 -0.025987 0.363555
v -0.051461 -0.046965 0.360433
v -0.087037 -0.026700 0.363255
v -0.086967 -0.047633 0.360106
v -0.087172 -0.065343 0.355982
v -0.121711 -0.046913 0.360199
v -0.122961 -0.065443 0.355065
v -0.123948 -0.078824 0.351666
v -0.157075 -0.062809 0.353254
v -0.158386 -0.076981 0.347516
v -0.159203 -0.087872 0.341873
v -0.191246 -0.074803 0.345817
v -0.191577 -0.085261 0.337789
v -0.191659 -0.094490 0.329834
v -0.225187 -0.084915 0.338260
v -0.225379 -0.093911 0.329778
v -0.225107 -0.097825 0.319409
v -0.259696 -0.093362 0.329526
v -0.259474 -0.097158 0.318574
v -0.259093 -0.097997 0.306369
v -0.295275 -0.097162 0.318199
v -0.295287 -0.097992 0.306209
v -0.294681 -0.098823 0.289802
v -0.333360 -0.098695 0.290338
v -0.330418 -0.099898 0.260232
v -0.362123 -0.098678 0.289532
v -0.359583 -0.099692 0.260830
v -0.358137 -0.100884 0.229932
v -0.381702 -0.097992 0.261158
v -0.379244 -0.097879 0.288425
v -0.386287 -0.080142 0.286767
v -0.384349 -0.078691 0.305033
v -0.383999 -0.058731 0.305982
v -0.386404 -0.057631 0.285387
v -0.383322 -0.076805 0.316817
v -0.382094 -0.059862 0.318767
v -0.384509 -0.076388 0.325910
v -0.380760 -0.060033 0.327542
v -0.380869 -0.034638 0.329000
v -0.382735 -0.059461 0.335194
v -0.381055 -0.032178 0.336852
v -0.381462 -0.003618 0.323248
v -0.382153 -0.010168 0.318066
v -0.385378 0.015079 0.296521
v -0.385542 0.007490 0.294350
v -0.387894 0.017467 0.262773
v -0.387960 0.008192 0.261414
v -0.387821 0.026391 0.264790
v -0.389645 0.032762 0.229332
v -0.389608 0.022856 0.228493
v -0.391824 0.040732 0.230396
v -0.400284 0.040930 0.230305
v -0.408294 0.044213 0.230564
v -0.413297 0.039892 0.263023
v -0.419199 0.045268 0.231707
v -0.422494 0.044567 0.194902
v -0.427992 0.043623 0.233368
v -0.431974 0.042590 0.196751
v -0.435919 0.038341 0.157376
v -0.440429 0.040970 0.198933
v -0.443740 0.036706 0.160823
v -0.448568 0.037246 0.200785
v -0.451052 0.034385 0.163545
v -0.453174 0.037085 0.202340
v -0.458684 0.035263 0.165766
v -0.459423 0.038871 0.204203
v -0.465165 0.037528 0.167635
v -0.462062 0.043913 0.205573
v -0.465948 0.042800 0.168501
v -0.469164 0.035140 0.130447
v -0.458321 0.045173 0.168848
v -0.461365 0.037592 0.130966
v -0.450393 0.046345 0.169200
v -0.453551 0.039195 0.131689
v -0.442511 0.047476 0.169468
v -0.445846 0.040690 0.132432
v -0.450578 0.028090 0.095200
v -0.437747 0.042240 0.133431
v -0.441911 0.030045 0.097082
v -0.445694 0.017749 0.067691
v -0.429536 0.033047 0.100248
v -0.433355 0.020435 0.070850
v -0.435149 0.014252 0.049210
v -0.415678 0.023954 0.074285
v -0.417402 0.017182 0.052295
v -0.418165 0.017387 0.032635
v -0.385450 0.019138 0.054816
v -0.385800 0.017561 0.033015
v -0.386512 0.024973 0.011142
v -0.350599 0.017954 0.034196
v -0.351082 0.025460 0.011407
v -0.351039 0.036882 -0.012740
v -0.315057 0.025357 0.012500
v -0.314651 0.037081 -0.011558
v -0.314132 0.048619 -0.037976
v -0.278735 0.037556 -0.010689
v -0.278947 0.051708 -0.036739
v -0.278645 0.063559 -0.064936
v -0.244355 0.054124 -0.035559
v -0.243546 0.067439 -0.063240
v -0.240540 0.077108 -0.092055
v -0.207757 0.067075 -0.061706
v -0.204821 0.077521 -0.090374
v -0.200953 0.089187 -0.119916
v -0.170437 0.074507 -0.090010
v -0.167200 0.083952 -0.120048
v -0.165150 0.086527 -0.152786
v -0.134996 0.079436 -0.120429
v -0.133809 0.081784 -0.153203
v -0.133837 0.081054 -0.186749
v -0.102047 0.081941 -0.153527
v -0.102978 0.084552 -0.187293
v -0.104197 0.083351 -0.221002
v -0.071808 0.091470 -0.187853
v -0.073064 0.090624 -0.222106
v -0.073029 0.080770 -0.254702
v -0.040271 0.095686 -0.222439
v -0.040619 0.085731 -0.255655
v -0.040678 0.068668 -0.286213
v -0.007855 0.086791 -0.256223
v -0.008800 0.070011 -0.287712
v -0.009193 0.048763 -0.315863
v 0.023006 0.069719 -0.290135
v 0.022119 0.047524 -0.317709
v 0.022001 0.023321 -0.339556
v 0.053680 0.045800 -0.320325
v 0.053566 0.022170 -0.341800
v 0.054352 -0.004797 -0.352643
v 0.086016 0.021024 -0.343636
v 0.087011 -0.005596 -0.354149
v 0.088292 -0.033990 -0.352797
v 0.119958 -0.006468 -0.355326
v 0.119704 -0.035894 -0.354122
v 0.119210 -0.057193 -0.349818
v 0.151135 -0.038498 -0.355400
v 0.149879 -0.058492 -0.355708
v 0.149209 -0.072674 -0.352848
v 0.182149 -0.059908 -0.359147
v 0.182370 -0.073364 -0.356007
v 0.183058 -0.083655 -0.352383
v 0.215141 -0.073383 -0.357590
v 0.215792 -0.083598 -0.353587
v 0.216446 -0.091920 -0.348230
v 0.246700 -0.084281 -0.353036
v 0.247189 -0.092368 -0.347749
v 0.247778 -0.096572 -0.339101
v 0.278271 -0.094065 -0.347232
v 0.278998 -0.097211 -0.338948
v 0.280087 -0.097224 -0.328997
v 0.310428 -0.097007 -0.338121
v 0.311630 -0.097158 -0.328393
v 0.313152 -0.097403 -0.318096
v 0.337873 -0.097178 -0.327782
v 0.339171 -0.097416 -0.317580
v 0.341600 -0.097767 -0.300419
v 0.353870 -0.097469 -0.317094
v 0.356437 -0.097816 -0.300344
v 0.359272 -0.098328 -0.273447
v 0.368301 -0.097902 -0.300550
v 0.370924 -0.098413 -0.274210
v 0.372623 -0.098933 -0.242945
v 0.382908 -0.098373 -0.275219
v 0.384288 -0.098714 -0.243955
v 0.385591 -0.099465 -0.209768
v 0.384349 -0.093818 -0.243947
v 0.386573 -0.094645 -0.209706
v 0.384383 -0.088961 -0.244089
v 0.386665 -0.088317 -0.209758
v 0.384358 -0.083860 -0.244461
v 0.386590 -0.082639 -0.209958
v 0.384318 -0.078444 -0.244707
v 0.382907 -0.086252 -0.276030
v 0.382798 -0.081944 -0.276337
v 0.382656 -0.077141 -0.276702
v 0.381047 -0.086014 -0.301166
v 0.381014 -0.082509 -0.301138
v 0.380987 -0.078511 -0.301180
v 0.378459 -0.087440 -0.316404
v 0.378464 -0.085147 -0.316318
v 0.378393 -0.081316 -0.316532
v 0.380835 -0.071959 -0.301526
v 0.378239 -0.062093 -0.316716
v 0.380567 -0.050696 -0.303051
v 0.377193 -0.087473 -0.326016
v 0.376772 -0.077060 -0.326567
v 0.375969 -0.066280 -0.330267
v 0.376136 -0.068702 -0.334167
v 0.378116 -0.081895 -0.333946
v 0.378724 -0.084704 -0.333852
v 0.378416 -0.081852 -0.335182
v 0.379061 -0.078410 -0.340372
v 0.379031 -0.077562 -0.340894
v 0.378195 -0.080539 -0.335242
v 0.379070 -0.078667 -0.340213
v 0.380961 -0.086844 -0.337134
v 0.380548 -0.084748 -0.337462
v 0.380085 -0.084737 -0.337073
v 0.378257 -0.082140 -0.334336
v 0.379079 -0.078916 -0.340060
v 0.378244 -0.080959 -0.335134
v 0.379087 -0.079147 -0.339917
v 0.379959 -0.084224 -0.337312
v 0.378727 -0.081869 -0.336417
v 0.380863 -0.084300 -0.338034
v 0.380320 -0.087754 -0.336304
v 0.380889 -0.087432 -0.337056
v 0.378742 -0.087758 -0.332789
v 0.378298 -0.090214 -0.332445
v 0.381028 -0.090230 -0.337383
v 0.383897 -0.085805 -0.340381
v 0.379845 -0.078547 -0.339754
v 0.387215 -0.085670 -0.343124
v 0.384243 -0.076174 -0.343212
v 0.382162 -0.074222 -0.343072
v 0.389137 -0.063799 -0.349842
v 0.383294 -0.064105 -0.346865
v 0.378848 -0.076681 -0.343809
v 0.380359 -0.076065 -0.340872
v 0.379728 -0.066107 -0.344574
v 0.378214 -0.077082 -0.344396
v 0.378045 -0.067442 -0.342202
v 0.379012 -0.077121 -0.341136
v 0.379020 -0.077235 -0.341095
v 0.387908 -0.084066 -0.343862
v 0.389578 -0.082745 -0.351250
v 0.395402 -0.059855 -0.358101
v 0.381634 -0.080246 -0.354648
v 0.388715 -0.055622 -0.361653
v 0.376389 -0.076746 -0.356205
v 0.381546 -0.051568 -0.362653
v 0.370696 -0.072998 -0.357447
v 0.374456 -0.046947 -0.363181
v 0.382659 -0.009644 -0.362274
v 0.367118 -0.042002 -0.363611
v 0.375565 -0.005426 -0.361573
v 0.380210 0.028871 -0.347637
v 0.363454 -0.000678 -0.360363
v 0.365033 0.032380 -0.345267
v 0.365656 0.056967 -0.318606
v 0.382347 0.055650 -0.321117
v 0.369722 0.075185 -0.278567
v 0.386637 0.075308 -0.278561
v 0.377238 0.080225 -0.235317
v 0.394096 0.082736 -0.233914
v 0.383322 0.083319 -0.203330
v 0.400475 0.084588 -0.204189
v 0.389600 0.083796 -0.175492
v 0.406348 0.085360 -0.178438
v 0.396976 0.079999 -0.147535
v 0.412758 0.081868 -0.151529
v 0.404346 0.073310 -0.118456
v 0.419975 0.073894 -0.123076
v 0.412205 0.056910 -0.090304
v 0.427376 0.056372 -0.094700
v 0.418334 0.038512 -0.060495
v 0.383197 0.053376 -0.085970
v 0.387535 0.039309 -0.057057
v 0.388869 0.024481 -0.031822
v 0.351182 0.039850 -0.053469
v 0.353379 0.026578 -0.029089
v 0.354011 0.017406 -0.010737
v 0.317787 0.028398 -0.024826
v 0.319246 0.019450 -0.006884
v 0.320168 0.015799 0.009987
v 0.283687 0.021082 -0.001733
v 0.284351 0.017722 0.014400
v 0.285414 0.020795 0.030884
v 0.247542 0.019440 0.018703
v 0.247996 0.022080 0.034881
v 0.248752 0.029558 0.054205
v 0.210627 0.022983 0.037155
v 0.210886 0.030448 0.057767
v 0.212658 0.042058 0.085366
v 0.174218 0.031608 0.061763
v 0.175701 0.044092 0.090650
v 0.178608 0.057065 0.120553
v 0.139994 0.045717 0.095916
v 0.142163 0.059075 0.126064
v 0.146029 0.071670 0.155537
v 0.106942 0.058942 0.130161
v 0.109854 0.069546 0.161099
v 0.114308 0.076643 0.192365
v 0.074621 0.066855 0.164162
v 0.077388 0.074402 0.196250
v 0.080016 0.075984 0.228035
v 0.042013 0.068346 0.197802
v 0.042672 0.072032 0.230183
v 0.044119 0.069094 0.262162
v 0.009207 0.063969 0.230610
v 0.010257 0.060300 0.263915
v 0.013132 0.050795 0.296047
v -0.021699 0.053165 0.263927
v -0.020260 0.044434 0.296940
v -0.018515 0.029483 0.325126
v -0.053864 0.043153 0.296896
v -0.053532 0.026303 0.324981
v -0.053035 0.010789 0.345220
v -0.087276 0.025541 0.323809
v -0.087611 0.009570 0.344957
v -0.087443 -0.007344 0.357833
v -0.121181 0.009243 0.343405
v -0.121641 -0.007394 0.357043
v -0.121306 -0.026431 0.362890
v -0.154961 -0.006951 0.356113
v -0.154905 -0.025445 0.362702
v -0.155310 -0.044341 0.361045
v -0.189148 -0.023915 0.362238
v -0.189356 -0.041708 0.361158
v -0.190174 -0.059467 0.354455
v -0.224405 -0.040918 0.361001
v -0.224471 -0.058016 0.355045
v -0.224759 -0.073687 0.346973
v -0.259743 -0.058643 0.354711
v -0.259705 -0.073820 0.346981
v -0.259731 -0.084858 0.338229
v -0.295153 -0.074876 0.346157
v -0.295180 -0.085603 0.337606
v -0.295185 -0.093958 0.329176
v -0.331676 -0.086834 0.336848
v -0.330779 -0.076587 0.345270
v -0.367239 -0.086179 0.338619
v -0.330314 -0.062481 0.353011
v -0.295248 -0.060083 0.354001
v -0.295416 -0.042017 0.360305
v -0.330101 -0.043323 0.359672
v -0.259862 -0.041068 0.360744
v -0.259758 -0.022714 0.361168
v -0.295418 -0.023116 0.360982
v -0.224057 -0.022943 0.361528
v -0.223451 -0.005635 0.355010
v -0.259468 -0.005369 0.354959
v -0.188493 -0.006252 0.355140
v -0.188060 0.010690 0.342276
v -0.223254 0.010645 0.343046
v -0.154269 0.010112 0.342352
v -0.153867 0.029116 0.323281
v -0.188717 0.028719 0.323979
v -0.120305 0.027359 0.323185
v -0.120052 0.047251 0.296262
v -0.155019 0.048335 0.297562
v -0.086864 0.044449 0.296171
v -0.087089 0.057894 0.264255
v -0.121553 0.060564 0.265240
v -0.054079 0.054858 0.264448
v -0.054728 0.064219 0.231458
v -0.088480 0.068257 0.232194
v -0.022926 0.059123 0.230722
v -0.024197 0.062702 0.197475
v -0.056639 0.067259 0.198143
v 0.008200 0.063491 0.197478
v 0.006592 0.059858 0.164601
v -0.026535 0.061077 0.164470
v 0.040131 0.063822 0.165010
v 0.038233 0.056700 0.132459
v 0.004507 0.055575 0.131708
v 0.072043 0.058016 0.132408
v 0.071392 0.047163 0.101687
v 0.037516 0.047247 0.101332
v 0.105613 0.046273 0.099862
v 0.104883 0.034618 0.070257
v 0.071358 0.035841 0.072788
v 0.138916 0.032926 0.066395
v 0.138672 0.025543 0.042304
v 0.104569 0.026033 0.045474
v 0.173993 0.024243 0.039389
v 0.174082 0.021111 0.023034
v 0.138693 0.022197 0.024649
v 0.210559 0.020365 0.021353
v 0.210866 0.024215 0.006852
v 0.174675 0.024667 0.008098
v 0.247470 0.023445 0.003342
v 0.247226 0.031938 -0.013836
v 0.211406 0.032451 -0.009512
v 0.283032 0.031110 -0.018892
v 0.280935 0.046335 -0.041392
v 0.245718 0.047667 -0.035460
v 0.315200 0.042101 -0.048463
v 0.311725 0.058184 -0.075283
v 0.277246 0.064615 -0.068485
v 0.347101 0.053049 -0.081082
v 0.341763 0.065116 -0.109454
v 0.307263 0.071639 -0.104010
v 0.375934 0.067675 -0.113489
v 0.369057 0.073911 -0.143244
v 0.335952 0.074303 -0.138689
v 0.329676 0.080895 -0.169463
v 0.297635 0.091904 -0.165003
v 0.303258 0.084139 -0.133336
v 0.362523 0.078800 -0.172753
v 0.355872 0.081195 -0.203003
v 0.323092 0.086111 -0.201847
v 0.316704 0.088272 -0.237319
v 0.283362 0.097136 -0.234459
v 0.290401 0.096025 -0.198708
v 0.349294 0.082075 -0.237165
v 0.342616 0.075149 -0.277217
v 0.310114 0.082813 -0.275253
v 0.306032 0.065329 -0.309567
v 0.273121 0.070243 -0.305086
v 0.276720 0.089324 -0.270932
v 0.339104 0.059258 -0.314534
v 0.338626 0.036119 -0.342257
v 0.306064 0.041808 -0.338677
v 0.306590 0.009493 -0.356663
v 0.275124 0.015321 -0.355047
v 0.273996 0.047178 -0.336366
v 0.338732 0.004346 -0.358838
v 0.336520 -0.030050 -0.363670
v 0.306428 -0.024114 -0.362844
v 0.356697 -0.036989 -0.363978
v 0.352435 -0.062235 -0.360204
v 0.334535 -0.056016 -0.361684
v 0.363481 -0.068240 -0.358523
v 0.362357 -0.081526 -0.354280
v 0.351863 -0.076372 -0.356146
v 0.368944 -0.084472 -0.353056
v 0.367647 -0.091155 -0.350120
v 0.361391 -0.089236 -0.350972
v 0.374012 -0.086181 -0.352291
v 0.372571 -0.092044 -0.349341
v 0.371812 -0.096381 -0.346132
v 0.367050 -0.096606 -0.346694
v 0.378582 -0.087401 -0.351535
v 0.376605 -0.092486 -0.348661
v 0.375327 -0.096096 -0.344961
v 0.374224 -0.096364 -0.339631
v 0.370896 -0.096878 -0.340320
v 0.380867 -0.092659 -0.347432
v 0.378258 -0.095350 -0.343980
v 0.376698 -0.095681 -0.338959
v 0.376463 -0.094778 -0.333127
v 0.374831 -0.095868 -0.333621
v 0.381066 -0.094191 -0.343650
v 0.378509 -0.094657 -0.338454
v 0.377196 -0.093531 -0.332880
v 0.377205 -0.091860 -0.325867
v 0.377153 -0.093047 -0.326000
v 0.380165 -0.092098 -0.337530
v 0.378125 -0.092485 -0.332646
v 0.377260 -0.090726 -0.325785
v 0.378153 -0.091355 -0.332500
v 0.377317 -0.089420 -0.325722
v 0.378452 -0.089651 -0.316545
v 0.378419 -0.091644 -0.316756
v 0.381078 -0.089187 -0.301174
v 0.381134 -0.092115 -0.301226
v 0.378409 -0.093483 -0.316951
v 0.382971 -0.090379 -0.275769
v 0.383014 -0.093778 -0.275463
v 0.381241 -0.094850 -0.301297
v 0.380542 -0.097741 -0.301144
v 0.377773 -0.097061 -0.317916
v 0.378444 -0.095285 -0.317162
v 0.375115 -0.096701 -0.325426
v 0.377264 -0.095300 -0.326110
v 0.377179 -0.094225 -0.326223
v 0.371942 -0.096592 -0.334471
v 0.368010 -0.097018 -0.334998
v 0.366596 -0.097014 -0.340956
v 0.360676 -0.097146 -0.334901
v 0.360436 -0.097071 -0.341774
v 0.360722 -0.095165 -0.347945
v 0.351795 -0.097076 -0.342962
v 0.351570 -0.093544 -0.348637
v 0.351679 -0.086081 -0.352356
v 0.335329 -0.090913 -0.349651
v 0.334773 -0.081901 -0.354035
v 0.334404 -0.070949 -0.357627
v 0.308036 -0.078197 -0.355413
v 0.307311 -0.066130 -0.359310
v 0.306608 -0.050305 -0.362366
v 0.276434 -0.062855 -0.360154
v 0.275487 -0.046303 -0.362585
v 0.274722 -0.018845 -0.362093
v 0.244392 -0.043511 -0.361463
v 0.243595 -0.014554 -0.360986
v 0.243648 0.019987 -0.353937
v 0.212802 -0.011674 -0.359784
v 0.212197 0.023094 -0.353066
v 0.211173 0.051181 -0.332568
v 0.242475 0.050020 -0.334286
v 0.210505 0.072676 -0.299784
v 0.241350 0.072671 -0.301887
v 0.211677 0.091466 -0.264208
v 0.243676 0.091815 -0.266752
v 0.215309 0.102841 -0.227698
v 0.249071 0.100840 -0.230224
v 0.220648 0.105111 -0.191681
v 0.255912 0.102862 -0.194433
v 0.226368 0.104525 -0.157241
v 0.262806 0.101148 -0.160384
v 0.232558 0.097122 -0.123989
v 0.269212 0.094808 -0.127586
v 0.237847 0.083949 -0.092623
v 0.272777 0.080137 -0.097618
v 0.242402 0.067513 -0.062462
v 0.203042 0.083910 -0.089288
v 0.208304 0.067869 -0.058849
v 0.210992 0.047932 -0.031174
v 0.173523 0.065551 -0.057257
v 0.175625 0.047059 -0.029969
v 0.175764 0.033366 -0.007752
v 0.139639 0.047102 -0.030058
v 0.140066 0.034320 -0.007802
v 0.139144 0.025524 0.008580
v 0.104349 0.035502 -0.008224
v 0.104373 0.026347 0.009423
v 0.104376 0.022729 0.026779
v 0.069990 0.027245 0.010065
v 0.070499 0.023832 0.028562
v 0.070905 0.026392 0.048648
v 0.036560 0.023612 0.030363
v 0.036790 0.026553 0.050518
v 0.037104 0.036261 0.073369
v 0.001369 0.026160 0.051399
v 0.001473 0.036396 0.073319
v 0.002651 0.047013 0.100890
v -0.034903 0.036397 0.074279
v -0.033028 0.046839 0.101923
v -0.029601 0.056427 0.132128
v -0.068487 0.048915 0.104241
v -0.064169 0.059537 0.134170
v -0.059724 0.066867 0.165470
v -0.099213 0.062544 0.137325
v -0.095091 0.070049 0.168445
v -0.091194 0.072900 0.200056
v -0.131958 0.070196 0.171553
v -0.128432 0.072542 0.202891
v -0.124565 0.070859 0.234389
v -0.165917 0.070292 0.204923
v -0.162264 0.069971 0.236851
v -0.157914 0.062452 0.268184
v -0.198179 0.062015 0.237760
v -0.194443 0.056931 0.269329
v -0.191004 0.045805 0.298790
v -0.229362 0.050373 0.268864
v -0.226653 0.041185 0.299086
v -0.224353 0.026895 0.325013
v -0.261265 0.039615 0.298944
v -0.259836 0.025970 0.325454
v -0.259311 0.010571 0.343364
v -0.295177 0.026968 0.324128
v -0.295457 0.011410 0.343004
v -0.295399 -0.005047 0.355009
v -0.329858 0.012626 0.341915
v -0.330042 -0.005089 0.354993
v -0.330032 -0.023934 0.360912
v -0.361301 -0.005783 0.355192
v -0.360696 0.013432 0.341292
v -0.382133 0.012286 0.342347
v -0.384536 0.031381 0.321662
v -0.399309 0.027613 0.323158
v -0.396719 0.009927 0.344315
v -0.360821 0.031571 0.319823
v -0.362052 0.048352 0.296695
v -0.388678 0.048765 0.297826
v -0.329090 0.029223 0.321043
v -0.329182 0.043657 0.296092
v -0.330420 0.053534 0.267705
v -0.364458 0.057513 0.269817
v -0.295205 0.040232 0.297555
v -0.296626 0.049145 0.267301
v -0.299160 0.054964 0.234980
v -0.333315 0.060199 0.235934
v -0.263227 0.048727 0.268138
v -0.265664 0.053086 0.235573
v -0.268324 0.056117 0.202545
v -0.302282 0.059551 0.201894
v -0.231990 0.054298 0.236546
v -0.234532 0.055421 0.203793
v -0.236479 0.055621 0.171401
v -0.270922 0.056535 0.169733
v -0.200952 0.062337 0.205107
v -0.202377 0.058189 0.172968
v -0.203516 0.050801 0.141794
v -0.238510 0.050310 0.140031
v -0.168077 0.064893 0.173480
v -0.169111 0.056165 0.142282
v -0.170313 0.044687 0.112159
v -0.205061 0.042307 0.112006
v -0.134384 0.060217 0.141028
v -0.136545 0.047845 0.110722
v -0.139057 0.035782 0.080451
v -0.172078 0.034061 0.082915
v -0.102764 0.049050 0.107439
v -0.105485 0.035747 0.078223
v -0.106162 0.025266 0.054694
v -0.140420 0.025529 0.055733
v -0.070682 0.036183 0.076167
v -0.070837 0.025568 0.053469
v -0.070629 0.021757 0.033807
v -0.105885 0.021743 0.034869
v -0.034882 0.025931 0.052241
v -0.034758 0.022489 0.032745
v -0.034711 0.027537 0.013494
v -0.070262 0.026967 0.014062
v 0.001313 0.023385 0.031624
v 0.001068 0.027667 0.012634
v 0.000467 0.037242 -0.007964
v -0.034136 0.036938 -0.007659
v 0.036029 0.027699 0.011256
v 0.034626 0.037645 -0.009006
v 0.033465 0.052450 -0.032412
v -0.000413 0.055179 -0.030667
v 0.069158 0.036940 -0.009137
v 0.068087 0.050114 -0.032378
v 0.067026 0.064488 -0.059034
v 0.032871 0.070092 -0.058221
v 0.103628 0.048400 -0.030790
v 0.101927 0.062586 -0.058084
v 0.099498 0.074206 -0.088065
v 0.065756 0.077729 -0.088058
v 0.137416 0.062977 -0.057141
v 0.133717 0.074489 -0.087563
v 0.129690 0.082067 -0.120131
v 0.096532 0.080920 -0.120379
v 0.168391 0.078959 -0.087603
v 0.162609 0.089070 -0.119525
v 0.157907 0.093204 -0.153814
v 0.125960 0.086643 -0.153966
v 0.196882 0.095717 -0.120673
v 0.191349 0.099639 -0.154977
v 0.186098 0.101234 -0.190002
v 0.153733 0.094815 -0.189275
v 0.150424 0.093244 -0.226060
v 0.120158 0.086703 -0.225395
v 0.122752 0.088181 -0.189016
v 0.181842 0.099831 -0.226524
v 0.180156 0.088836 -0.263074
v 0.149046 0.084507 -0.262646
v 0.148792 0.068445 -0.297023
v 0.117278 0.065906 -0.295359
v 0.118386 0.079089 -0.261154
v 0.179963 0.070834 -0.298197
v 0.179804 0.051038 -0.330370
v 0.148425 0.048744 -0.326893
v 0.149999 0.022784 -0.347302
v 0.118332 0.021219 -0.345216
v 0.117057 0.045465 -0.324070
v 0.180851 0.023657 -0.349707
v 0.182367 -0.009941 -0.358196
v 0.151751 -0.008236 -0.356751
v 0.182527 -0.040678 -0.358888
v 0.213484 -0.041951 -0.360254
v 0.214292 -0.060285 -0.360269
v 0.245404 -0.060886 -0.360421
v 0.246158 -0.074051 -0.357258
v 0.277179 -0.075667 -0.356550
v 0.277819 -0.085719 -0.352058
v 0.308687 -0.087682 -0.350810
v 0.309421 -0.095726 -0.346719
v 0.336017 -0.097040 -0.344386
v 0.336909 -0.097000 -0.336446
v 0.352210 -0.097139 -0.335457
v 0.352722 -0.097253 -0.327506
v 0.362425 -0.097273 -0.327021
v 0.365218 -0.097565 -0.317065
v 0.085516 0.044553 -0.322291
v 0.086136 0.064692 -0.293494
v 0.054709 0.067316 -0.292304
v 0.056440 0.081968 -0.259134
v 0.087625 0.078533 -0.259990
v 0.058474 0.091802 -0.224471
v 0.089571 0.087580 -0.224926
v 0.059719 0.092908 -0.188622
v 0.091324 0.088001 -0.188826
v 0.061149 0.090418 -0.153727
v 0.093696 0.086739 -0.153843
v 0.063301 0.084987 -0.120222
v 0.028241 0.094490 -0.153486
v 0.029819 0.090134 -0.119668
v 0.031888 0.083345 -0.087441
v -0.004171 0.091688 -0.119303
v -0.002662 0.086334 -0.086471
v -0.001278 0.074248 -0.056523
v -0.036960 0.084596 -0.086149
v -0.035532 0.073914 -0.055876
v -0.034255 0.054778 -0.030527
v -0.070039 0.068142 -0.057573
v -0.069202 0.051789 -0.031844
v -0.069216 0.036762 -0.007614
v -0.104436 0.049473 -0.032667
v -0.104840 0.036412 -0.007151
v -0.105442 0.026418 0.014871
v -0.140517 0.036367 -0.007158
v -0.140645 0.025892 0.014913
v -0.140686 0.021491 0.035214
v -0.175507 0.025538 0.014723
v -0.174857 0.021386 0.035975
v -0.173898 0.024992 0.057510
v -0.208989 0.020718 0.036659
v -0.208135 0.024326 0.058895
v -0.206796 0.032725 0.083744
v -0.243442 0.023353 0.059070
v -0.242932 0.031656 0.083449
v -0.240861 0.041597 0.110758
v -0.279364 0.030581 0.082524
v -0.277156 0.043556 0.109021
v -0.273856 0.052286 0.137936
v -0.313495 0.044518 0.108644
v -0.309635 0.056922 0.137439
v -0.305837 0.059591 0.168935
v -0.346365 0.056795 0.137687
v -0.342296 0.061799 0.169780
v -0.337535 0.062266 0.202935
v -0.377282 0.060574 0.170394
v -0.372683 0.064357 0.203943
v -0.368171 0.062944 0.237647
v -0.401540 0.059160 0.204314
v -0.397244 0.059508 0.237999
v -0.392413 0.056270 0.270474
v -0.414294 0.055076 0.238245
v -0.409030 0.051258 0.270273
v -0.404570 0.043235 0.298030
v -0.419917 0.047667 0.270411
v -0.415136 0.039605 0.298409
v -0.409959 0.024705 0.325071
v -0.423216 0.036831 0.298720
v -0.418472 0.023062 0.326688
v -0.414376 0.004223 0.349021
v -0.406816 0.007054 0.346738
v -0.409909 -0.014873 0.358357
v -0.421703 0.000646 0.351198
v -0.416931 -0.017632 0.358743
v -0.409996 -0.038278 0.360255
v -0.423632 -0.019923 0.357064
v -0.418013 -0.040811 0.358771
v -0.423117 -0.017947 0.350921
v -0.416811 -0.039855 0.353136
v -0.403123 -0.060160 0.345335
v -0.427581 -0.006455 0.346627
v -0.418908 -0.002853 0.342942
v -0.428846 -0.003232 0.351448
v -0.434774 0.020114 0.328847
v -0.438657 0.016597 0.330203
v -0.426631 0.021500 0.327855
v -0.431075 0.034277 0.299005
v -0.439084 0.032280 0.299140
v -0.443621 0.040684 0.271367
v -0.451087 0.039728 0.272253
v -0.445327 0.031557 0.299232
v -0.435890 0.042390 0.270917
v -0.442046 0.048140 0.240007
v -0.449894 0.046289 0.240557
v -0.428046 0.044938 0.270643
v -0.434041 0.049958 0.239450
v -0.438827 0.050033 0.205166
v -0.446981 0.048728 0.205430
v -0.425474 0.052154 0.238822
v -0.430507 0.051967 0.204955
v -0.434361 0.049070 0.169597
v -0.418608 0.054945 0.204629
v -0.422351 0.051776 0.169704
v -0.425491 0.044466 0.134371
v -0.405520 0.055778 0.170284
v -0.408882 0.047489 0.135679
v -0.412383 0.036447 0.102505
v -0.381029 0.052129 0.137180
v -0.383109 0.040211 0.105396
v -0.384562 0.026729 0.078077
v -0.348741 0.042906 0.107994
v -0.349990 0.028504 0.080764
v -0.350363 0.019824 0.056865
v -0.315068 0.029507 0.081937
v -0.315034 0.020659 0.057687
v -0.315092 0.018498 0.035070
v -0.279123 0.021994 0.058152
v -0.279132 0.019260 0.036037
v -0.279088 0.025125 0.013693
v -0.243730 0.019949 0.036841
v -0.244092 0.025223 0.014689
v -0.244253 0.038784 -0.009308
v -0.209770 0.025270 0.014812
v -0.210311 0.038135 -0.008521
v -0.209646 0.053738 -0.034511
v -0.175944 0.037008 -0.007796
v -0.174993 0.050964 -0.033876
v -0.173122 0.063277 -0.061408
v -0.139831 0.049465 -0.033123
v -0.138632 0.061178 -0.060857
v -0.136891 0.071750 -0.089789
v -0.104264 0.063154 -0.059448
v -0.103600 0.073801 -0.088579
v -0.102571 0.079147 -0.120239
v -0.070544 0.079038 -0.087088
v -0.070251 0.083633 -0.119815
v -0.070522 0.087466 -0.153582
v -0.037724 0.089196 -0.119491
v -0.038472 0.093445 -0.153326
v -0.039468 0.097663 -0.187917
v -0.005207 0.095727 -0.153222
v -0.006110 0.099471 -0.187865
v -0.006941 0.098029 -0.222895
v 0.027409 0.098224 -0.188279
v 0.026373 0.096469 -0.223646
v 0.024643 0.085969 -0.257871
v -0.455070 0.047472 0.205630
v -0.456696 0.042936 0.240879
v -0.454952 0.038728 0.239581
v -0.450316 0.033996 0.270332
v -0.448139 0.035487 0.237874
v -0.443068 0.033306 0.268176
v -0.437269 0.026429 0.293505
v -0.441723 0.025679 0.298116
v -0.436342 0.033774 0.266638
v -0.430775 0.027602 0.291234
v -0.425940 0.017787 0.314110
v -0.424135 0.030236 0.289291
v -0.420060 0.021759 0.311661
v -0.423024 0.010280 0.324218
v -0.402820 0.011363 0.326832
v -0.401955 0.009700 0.333084
v -0.404326 0.003447 0.338487
v -0.411909 0.004752 0.337324
v -0.408736 -0.004981 0.345731
v -0.429307 0.036031 0.265470
v -0.421717 0.038526 0.264222
v -0.436624 0.041980 0.235051
v -0.442801 0.036477 0.236136
v 0.380645 -0.090975 -0.337514
v 0.384032 -0.091325 -0.347436
v -0.388836 -0.074193 0.334152
v 0.389625 0.039880 -0.135142
v 0.410386 -0.025769 0.047038
v 0.403280 -0.029105 0.058920
v 0.407576 -0.033328 0.053517
v 0.399132 -0.025254 0.065386
v 0.398331 -0.021825 0.072497
v 0.398216 -0.019587 0.081912
v 0.415627 -0.079701 0.009339
v 0.417494 -0.102219 -0.031157
v 0.407056 -0.100945 -0.034031
v 0.414582 -0.068417 0.046967
v 0.395791 -0.067308 0.047088
v 0.396688 -0.054437 0.047966
v 0.378721 -0.056890 0.046541
v 0.361885 -0.049058 0.046540
v 0.347483 -0.049104 0.046613
v 0.341247 -0.048705 0.056164
v 0.483184 -0.004634 0.021278
v 0.484099 0.006492 0.039702
v 0.480695 0.003274 0.040369
v 0.480056 0.018348 0.071187
v 0.475859 0.016209 0.071187
v 0.469318 0.014093 0.070503
v 0.470894 0.027927 0.107031
v 0.463990 0.025447 0.106688
v 0.457396 0.026472 0.105397
v 0.462454 0.015371 0.069236
v 0.450092 0.028635 0.103809
v 0.454306 0.016998 0.067499
v 0.442118 0.029424 0.102391
v 0.445971 0.017558 0.066049
v 0.437442 0.019764 0.064640
v 0.446693 0.034492 0.140226
v 0.438280 0.035305 0.138640
v 0.443494 0.038028 0.173012
v 0.434912 0.040156 0.171206
v 0.437885 0.043108 0.200561
v 0.430476 0.044553 0.198011
v 0.431458 0.042954 0.226182
v 0.423837 0.044191 0.227336
v 0.427033 0.039105 0.254659
v 0.429916 0.027850 0.289894
v 0.423758 0.031062 0.291639
v 0.422618 0.009360 0.321907
v 0.437038 0.025551 0.287742
v 0.428828 0.008355 0.321844
v 0.420889 -0.011388 0.345132
v 0.415506 -0.012647 0.342858
v 0.415692 -0.036530 0.353312
v 0.427080 -0.010203 0.346986
v 0.420971 -0.036063 0.355540
v 0.415634 -0.057281 0.354011
v 0.420412 -0.034034 0.359907
v 0.412529 -0.056074 0.358233
v 0.415377 -0.030836 0.361657
v 0.407162 -0.053028 0.360053
v 0.410011 -0.026671 0.361935
v 0.401552 -0.049522 0.361153
v 0.393303 -0.069063 0.353047
v 0.379989 -0.083913 0.343711
v 0.359923 -0.075712 0.348835
v 0.361605 -0.088294 0.339554
v 0.336534 -0.074509 0.349363
v 0.337154 -0.087335 0.339638
v 0.338277 -0.096567 0.329448
v 0.308338 -0.085495 0.340398
v 0.308930 -0.095423 0.329986
v 0.309935 -0.097921 0.316208
v 0.339510 -0.098151 0.316573
v 0.311040 -0.098530 0.300523
v 0.340312 -0.098548 0.300342
v 0.312256 -0.099818 0.272746
v 0.278699 -0.098676 0.300799
v 0.279178 -0.099869 0.274774
v 0.279289 -0.101213 0.243271
v 0.246414 -0.099798 0.277730
v 0.245881 -0.101094 0.246595
v 0.245172 -0.102267 0.215061
v 0.212670 -0.100943 0.250613
v 0.211646 -0.102156 0.218868
v 0.210689 -0.103088 0.187236
v 0.244271 -0.103187 0.183674
v 0.209615 -0.103845 0.155845
v 0.177383 -0.102999 0.190853
v 0.176480 -0.103800 0.158964
v 0.175461 -0.103997 0.127376
v 0.208392 -0.104022 0.124793
v 0.174360 -0.104052 0.095996
v 0.207039 -0.104073 0.094000
v 0.173191 -0.103953 0.064607
v 0.205585 -0.103949 0.063197
v 0.171970 -0.103616 0.032957
v 0.204090 -0.103610 0.031992
v 0.170722 -0.103256 0.000849
v 0.202619 -0.103252 0.000063
v 0.169467 -0.102885 -0.031753
v 0.138750 -0.103260 0.001861
v 0.137607 -0.102879 -0.030780
v 0.136407 -0.102379 -0.063768
v 0.105735 -0.102871 -0.029690
v 0.104603 -0.102366 -0.062671
v 0.103362 -0.101722 -0.095928
v 0.072846 -0.102356 -0.061506
v 0.071652 -0.101713 -0.094737
v 0.070296 -0.101057 -0.128237
v 0.040060 -0.101704 -0.093499
v 0.038769 -0.101050 -0.126977
v 0.037263 -0.100386 -0.160769
v 0.007416 -0.101043 -0.125650
v 0.006022 -0.100382 -0.159422
v 0.004450 -0.099711 -0.193575
v -0.025060 -0.100379 -0.157928
v -0.026501 -0.099715 -0.192021
v -0.028209 -0.099080 -0.226573
v -0.057465 -0.099729 -0.190237
v -0.059069 -0.099123 -0.224589
v -0.061300 -0.098531 -0.259095
v -0.090105 -0.099161 -0.222379
v -0.092165 -0.098589 -0.256572
v -0.094895 -0.098069 -0.287042
v -0.123379 -0.098620 -0.254031
v -0.125585 -0.098130 -0.284068
v -0.127132 -0.097863 -0.298396
v -0.156829 -0.098132 -0.282404
v -0.157586 -0.097881 -0.296985
v -0.158107 -0.097530 -0.307574
v -0.188747 -0.097813 -0.298840
v -0.188866 -0.097510 -0.309730
v -0.188623 -0.096890 -0.319876
v -0.220455 -0.097480 -0.313115
v -0.220286 -0.097238 -0.323874
v -0.220470 -0.091178 -0.330942
v -0.254168 -0.096802 -0.325771
v -0.254220 -0.090897 -0.332713
v -0.254303 -0.081536 -0.337280
v -0.289723 -0.089463 -0.332747
v -0.289268 -0.080414 -0.337264
v -0.288607 -0.068966 -0.341298
v -0.327955 -0.078213 -0.337519
v -0.323689 -0.067419 -0.341207
v -0.321304 -0.051832 -0.344746
v -0.359528 -0.060734 -0.342864
v -0.352334 -0.047427 -0.345299
v -0.347224 -0.026087 -0.346004
v -0.378483 -0.038533 -0.345732
v -0.393162 -0.015658 -0.343571
v -0.400781 -0.015890 -0.342291
v -0.405292 -0.001937 -0.336866
v -0.398137 0.000332 -0.337914
v -0.409283 0.011994 -0.323504
v -0.402138 0.014592 -0.317872
v -0.407256 0.027437 -0.307139
v -0.392827 0.022257 -0.310973
v -0.399712 0.027999 -0.304123
v -0.396611 0.029257 -0.305035
v -0.330352 -0.085143 -0.334556
v -0.331266 -0.094798 -0.326516
v -0.289875 -0.096113 -0.325393
v -0.289975 -0.097502 -0.314736
v -0.253833 -0.097472 -0.314984
v -0.253318 -0.097763 -0.303026
v -0.288335 -0.097857 -0.302163
v -0.220442 -0.097736 -0.301980
v -0.220246 -0.098084 -0.283476
v -0.252355 -0.098105 -0.283125
v -0.188484 -0.098102 -0.282631
v -0.187468 -0.098647 -0.251424
v -0.219134 -0.098656 -0.251188
v -0.155316 -0.098633 -0.252236
v -0.153407 -0.099230 -0.218421
v -0.185358 -0.099258 -0.217205
v -0.121504 -0.099194 -0.220187
v -0.119977 -0.099806 -0.186472
v -0.151581 -0.099845 -0.184809
v -0.088607 -0.099764 -0.188344
v -0.087321 -0.100392 -0.154629
v -0.118627 -0.100427 -0.153004
v -0.056143 -0.100376 -0.156307
v -0.055025 -0.101027 -0.122763
v -0.086242 -0.101024 -0.121278
v -0.023835 -0.101036 -0.124245
v -0.022768 -0.101685 -0.090891
v -0.054074 -0.101673 -0.089545
v 0.008596 -0.101696 -0.092215
v 0.009604 -0.102334 -0.059061
v -0.021874 -0.102319 -0.057817
v 0.041175 -0.102346 -0.060296
v 0.042147 -0.102856 -0.027333
v 0.010469 -0.102836 -0.026133
v 0.073905 -0.102864 -0.028529
v 0.074855 -0.103252 0.004208
v 0.042993 -0.103243 0.005421
v 0.106780 -0.103258 0.003005
v 0.107749 -0.103632 0.035441
v 0.075720 -0.103634 0.036764
v 0.139839 -0.103624 0.034145
v 0.140875 -0.103959 0.066134
v 0.108650 -0.103960 0.067689
v 0.109492 -0.104012 0.099876
v 0.077238 -0.104011 0.101643
v 0.076510 -0.103958 0.069202
v 0.141852 -0.104029 0.097973
v 0.142779 -0.103985 0.129849
v 0.110288 -0.103988 0.132152
v 0.111049 -0.103709 0.164640
v 0.078586 -0.103665 0.167049
v 0.077918 -0.103993 0.134221
v 0.143651 -0.103757 0.161924
v 0.144396 -0.102927 0.194344
v 0.111760 -0.102868 0.197522
v 0.112579 -0.101702 0.231091
v 0.080240 -0.101580 0.234294
v 0.079311 -0.102820 0.200307
v 0.145168 -0.101878 0.227201
v 0.146513 -0.100380 0.260676
v 0.113985 -0.100041 0.265463
v 0.178263 -0.102033 0.222997
v 0.179403 -0.100745 0.255379
v 0.181110 -0.099330 0.287074
v 0.148580 -0.098863 0.292931
v 0.213832 -0.099645 0.281724
v 0.214635 -0.098692 0.303813
v 0.182434 -0.098444 0.306566
v 0.246623 -0.098751 0.302171
v 0.246641 -0.097978 0.316809
v 0.215116 -0.097989 0.317763
v 0.278266 -0.097846 0.316335
v 0.277905 -0.094620 0.330206
v 0.246551 -0.094325 0.330115
v 0.246544 -0.084371 0.340242
v 0.215170 -0.084835 0.339344
v 0.215309 -0.094241 0.329881
v 0.277759 -0.084495 0.340576
v 0.277876 -0.071352 0.350425
v 0.246708 -0.071400 0.349972
v 0.308165 -0.072455 0.350197
v 0.308670 -0.055669 0.359207
v 0.278507 -0.054343 0.359321
v 0.337027 -0.057651 0.358626
v 0.338618 -0.036470 0.363724
v 0.309699 -0.034801 0.363883
v 0.360004 -0.059310 0.358026
v 0.363494 -0.037763 0.363533
v 0.341081 -0.014096 0.360367
v 0.343901 0.005953 0.349879
v 0.313699 0.007397 0.350243
v 0.311147 -0.013025 0.360683
v 0.280865 -0.012509 0.361010
v 0.279592 -0.033774 0.364114
v 0.248476 -0.033621 0.364317
v 0.247344 -0.054197 0.359222
v 0.215207 -0.055016 0.358719
v 0.214963 -0.072358 0.348961
v 0.183384 -0.074304 0.347225
v 0.183704 -0.085504 0.338144
v 0.152883 -0.087100 0.339963
v 0.152742 -0.096936 0.333177
v 0.183962 -0.095463 0.330068
v 0.151544 -0.098315 0.322739
v 0.183429 -0.098159 0.319587
v 0.150270 -0.098093 0.311007
v 0.119349 -0.099227 0.326872
v 0.118144 -0.097848 0.315327
v 0.116326 -0.098469 0.297779
v 0.084784 -0.097733 0.317882
v 0.083562 -0.098295 0.300905
v 0.081700 -0.099873 0.268949
v 0.050134 -0.098235 0.302265
v 0.048851 -0.099768 0.271328
v 0.047690 -0.101483 0.236793
v 0.015508 -0.099691 0.273023
v 0.014822 -0.101407 0.238680
v 0.014242 -0.102736 0.204476
v 0.046844 -0.102776 0.202638
v 0.013757 -0.103581 0.170773
v 0.046178 -0.103620 0.169104
v 0.013336 -0.104000 0.137517
v 0.045616 -0.103999 0.136014
v 0.012899 -0.104024 0.104615
v 0.045051 -0.104018 0.103231
v 0.012409 -0.103959 0.071908
v 0.044432 -0.103959 0.070620
v 0.011850 -0.103606 0.039281
v 0.043752 -0.103624 0.038056
v 0.011204 -0.103219 0.006609
v -0.019987 -0.103605 0.040402
v -0.020503 -0.103193 0.007746
v -0.021123 -0.102808 -0.024957
v -0.052120 -0.103180 0.008788
v -0.052626 -0.102781 -0.023827
v -0.053274 -0.102303 -0.056589
v -0.084025 -0.102760 -0.022790
v -0.084595 -0.102285 -0.055412
v -0.085343 -0.101662 -0.088234
v -0.115770 -0.102273 -0.054299
v -0.116517 -0.101665 -0.086958
v -0.117465 -0.101047 -0.119820
v -0.147503 -0.101690 -0.085733
v -0.148587 -0.101077 -0.118442
v -0.149955 -0.100463 -0.151475
v -0.179448 -0.101107 -0.117153
v -0.181125 -0.100497 -0.150086
v -0.183128 -0.099880 -0.183407
v -0.211951 -0.100529 -0.148795
v -0.214371 -0.099911 -0.182184
v -0.216917 -0.099282 -0.216241
v -0.245471 -0.099943 -0.180905
v -0.248426 -0.099311 -0.215103
v -0.250829 -0.098674 -0.250375
v -0.280796 -0.099348 -0.213580
v -0.283977 -0.098709 -0.248712
v -0.286486 -0.098168 -0.281661
v -0.319735 -0.098756 -0.246753
v -0.323632 -0.098264 -0.280045
v -0.346302 -0.098762 -0.245363
v -0.351057 -0.098283 -0.278724
v -0.363961 -0.098612 -0.244091
v -0.369744 -0.097752 -0.277351
v -0.377941 -0.095352 -0.302632
v -0.382119 -0.090696 -0.275269
v -0.380546 -0.085732 -0.298831
v -0.383053 -0.077668 -0.273358
v -0.381132 -0.074782 -0.296656
v -0.378041 -0.074422 -0.309824
v -0.381078 -0.062126 -0.296288
v -0.377886 -0.061712 -0.310024
v -0.374558 -0.037797 -0.319978
v -0.379278 -0.008263 -0.306304
v -0.382700 0.012523 -0.275949
v -0.384915 0.009361 -0.238360
v -0.385167 -0.015741 -0.235121
v -0.386911 -0.017320 -0.200596
v -0.385240 -0.046155 -0.235215
v -0.386971 -0.047352 -0.201517
v -0.388635 -0.045764 -0.165751
v -0.387007 -0.071665 -0.204226
v -0.388911 -0.072581 -0.165684
v -0.391635 -0.035764 -0.141653
v -0.386926 -0.089117 -0.207243
v -0.387260 -0.098055 -0.172674
v -0.375832 -0.100727 -0.139508
v -0.372627 -0.100079 -0.174243
v -0.365117 -0.100699 -0.140689
v -0.358149 -0.101344 -0.108642
v -0.353076 -0.100664 -0.142042
v -0.345543 -0.101297 -0.109675
v -0.338030 -0.101950 -0.078210
v -0.324952 -0.101249 -0.110896
v -0.318385 -0.101880 -0.079186
v -0.313793 -0.102502 -0.048599
v -0.292919 -0.101820 -0.080334
v -0.290123 -0.102420 -0.049206
v -0.289445 -0.102871 -0.018571
v -0.264040 -0.102365 -0.049905
v -0.263531 -0.102814 -0.018809
v -0.264320 -0.103219 0.012175
v -0.235779 -0.102798 -0.019192
v -0.236158 -0.103211 0.012125
v -0.237299 -0.103626 0.043508
v -0.206839 -0.103206 0.011955
v -0.207489 -0.103630 0.043619
v -0.208625 -0.103928 0.075411
v -0.177041 -0.103632 0.043558
v -0.177716 -0.103935 0.075588
v -0.178702 -0.103988 0.107760
v -0.146467 -0.103944 0.075537
v -0.147029 -0.103993 0.107902
v -0.147711 -0.104008 0.140376
v -0.115216 -0.104002 0.107773
v -0.115532 -0.104002 0.140450
v -0.115960 -0.103541 0.173330
v -0.083376 -0.104004 0.140201
v -0.083543 -0.103527 0.173348
v -0.083934 -0.102678 0.206889
v -0.051128 -0.103528 0.172908
v -0.051212 -0.102680 0.206641
v -0.051455 -0.101311 0.240865
v -0.018465 -0.102703 0.205817
v -0.018266 -0.101349 0.240045
v -0.018114 -0.099627 0.274369
v 0.016193 -0.098203 0.303133
v 0.050889 -0.097685 0.318810
v 0.085644 -0.099645 0.329514
v 0.120586 -0.097295 0.337777
v -0.018688 -0.103550 0.172043
v -0.051176 -0.104007 0.139618
v -0.018931 -0.104002 0.138722
v -0.051298 -0.104019 0.106706
v -0.019219 -0.104024 0.105778
v -0.051476 -0.103952 0.073994
v -0.019568 -0.103951 0.073043
v -0.051739 -0.103614 0.041388
v -0.083286 -0.103955 0.074736
v -0.083380 -0.103622 0.042211
v -0.083625 -0.103185 0.009709
v -0.114863 -0.103628 0.042853
v -0.114951 -0.103193 0.010506
v -0.115248 -0.102757 -0.021839
v -0.146024 -0.103199 0.011151
v -0.146212 -0.102765 -0.021001
v -0.146704 -0.102286 -0.053261
v -0.176773 -0.102776 -0.020286
v -0.177250 -0.102305 -0.052317
v -0.178144 -0.101715 -0.084579
v -0.207187 -0.102324 -0.051449
v -0.208244 -0.101740 -0.083495
v -0.209863 -0.101138 -0.115925
v -0.237578 -0.101766 -0.082451
v -0.239696 -0.101168 -0.114733
v -0.242434 -0.100561 -0.147513
v -0.268896 -0.101199 -0.113506
v -0.272759 -0.100595 -0.146164
v -0.276917 -0.099978 -0.179476
v -0.303235 -0.100626 -0.144742
v -0.309229 -0.100014 -0.177984
v -0.314434 -0.099387 -0.211900
v -0.338625 -0.100032 -0.176622
v -0.342932 -0.099410 -0.210583
v -0.358814 -0.100043 -0.175454
v -0.362334 -0.099392 -0.209701
v -0.377307 -0.099046 -0.208941
v -0.379403 -0.096623 -0.243240
v -0.384792 -0.083162 -0.240869
v -0.385098 -0.068039 -0.238033
v -0.383200 -0.064244 -0.271176
v -0.332114 -0.100641 -0.143374
v -0.297514 -0.101225 -0.112194
v -0.265873 -0.101792 -0.081416
v -0.236246 -0.102340 -0.050649
v -0.206724 -0.102788 -0.019681
v -0.176715 -0.103203 0.011631
v -0.146117 -0.103631 0.043304
v -0.114967 -0.103948 0.075253
v -0.083304 -0.104011 0.107375
v 0.346487 0.022927 0.332175
v 0.378823 0.040401 0.309208
v 0.399176 0.033645 0.313481
v 0.405815 0.050860 0.283493
v 0.410621 0.028557 0.316680
v 0.417188 0.045472 0.286389
v 0.419800 0.054172 0.247561
v 0.424938 0.041784 0.287931
v 0.428258 0.050747 0.249339
v 0.431018 0.052641 0.210038
v 0.435568 0.047754 0.250770
v 0.438582 0.050783 0.211110
v 0.442462 0.049364 0.173327
v 0.446134 0.049643 0.211967
v 0.449538 0.047969 0.173900
v 0.453804 0.043734 0.139706
v 0.456489 0.046543 0.174345
v 0.460717 0.042960 0.140487
v 0.465033 0.034754 0.104819
v 0.467915 0.042109 0.141347
v 0.472183 0.033659 0.105752
v 0.476951 0.023177 0.068660
v 0.476172 0.030582 0.107091
v 0.472204 0.038634 0.142316
v 0.467663 0.034836 0.142231
v 0.468025 0.042651 0.175755
v 0.463891 0.038296 0.176333
v 0.457803 0.037287 0.175400
v 0.460545 0.033607 0.141886
v 0.450827 0.036610 0.177229
v 0.453733 0.032359 0.141822
v 0.445080 0.041993 0.199377
v 0.449799 0.041631 0.205416
v 0.463296 0.044973 0.174765
v 0.460877 0.046553 0.213224
v 0.460480 0.041396 0.212902
v 0.453928 0.041449 0.214647
v 0.457998 0.039203 0.253255
v 0.451661 0.037194 0.244561
v 0.449907 0.028180 0.292264
v 0.443351 0.027066 0.289939
v 0.440215 0.013569 0.325632
v 0.434351 0.012007 0.324270
v 0.430388 -0.007181 0.350257
v 0.437014 0.018893 0.326385
v 0.426402 -0.003151 0.350726
v 0.430651 0.021454 0.324548
v 0.421313 0.000124 0.349292
v 0.424533 0.023472 0.322227
v 0.416310 0.003333 0.346686
v 0.405097 -0.021875 0.361122
v 0.418085 0.025630 0.319662
v 0.431138 0.038575 0.289241
v 0.437957 0.035804 0.290800
v 0.443156 0.045751 0.252262
v 0.445640 0.032997 0.292412
v 0.451338 0.044075 0.253648
v 0.453557 0.048792 0.212595
v 0.385923 -0.045524 0.308941
v 0.388517 -0.053819 0.284816
v 0.388600 -0.035469 0.284137
v 0.393888 -0.092801 0.172133
v -0.420940 0.004508 0.337093
v -0.400725 0.010303 0.331076
v -0.398022 0.008397 0.329070
v -0.397393 0.009171 0.328996
v -0.402763 0.009357 0.335096
v 0.455053 -0.003538 0.009357
v 0.456275 -0.002833 -0.003048
v 0.456262 0.000147 -0.017836
v 0.448871 -0.002806 -0.001116
v 0.442373 -0.003092 0.001070
v 0.458698 0.005047 -0.034820
v 0.418005 0.046145 -0.100596
v 0.431556 0.041338 -0.087714
v 0.429346 0.041169 -0.083915
v 0.436038 0.037645 -0.092793
v 0.436289 0.041739 -0.092288
v 0.416806 0.068059 -0.137424
v 0.413324 0.070838 -0.140731
v 0.393432 0.043442 -0.320340
v 0.394681 0.041833 -0.324369
v 0.437201 0.052585 -0.108327
v 0.430750 0.054996 -0.109823
v 0.434026 0.044645 -0.094642
v 0.429321 0.046759 -0.096322
v 0.444135 0.049721 -0.108676
v 0.436641 0.042410 -0.092705
v -0.469917 -0.063101 0.033245
v -0.470032 -0.047320 0.034127
v -0.468718 -0.056708 0.034308
v -0.468109 -0.051137 0.038016
v -0.453043 0.012021 0.084290
v -0.457284 0.005905 0.064216
v -0.394192 -0.096499 -0.043237
v -0.394932 -0.102690 -0.042685
v -0.418632 -0.103002 0.043730
v 0.450980 0.035725 0.205383
v 0.451041 0.039299 0.203219
v 0.449784 0.034873 0.210408
v 0.449740 0.040486 0.210463
v 0.450997 0.036701 0.204792
v 0.450708 0.037220 0.206273
v 0.450684 0.035513 0.206629
v 0.450710 0.039602 0.205064
v 0.450729 0.038399 0.205549
v 0.451017 0.037891 0.204071
v 0.450108 0.035104 0.209047
v 0.450092 0.036946 0.209071
v 0.449769 0.036824 0.210427
v 0.449754 0.038688 0.210445
v 0.450099 0.038783 0.209001
v 0.450047 0.040207 0.208756
v 0.450412 0.037198 0.207729
v 0.450405 0.038723 0.207344
v 0.450371 0.039911 0.206952
v 0.450425 0.035330 0.207714
v 0.417351 0.067750 -0.137009
v 0.416905 0.063877 -0.135500
v 0.416934 0.069517 -0.138164
v 0.421970 0.066966 -0.134659
v 0.417777 0.066516 -0.134138
v 0.420845 0.064386 -0.133042
v 0.421283 0.065390 -0.133671
v 0.416912 0.065269 -0.136158
v 0.416921 0.066988 -0.136970
v 0.421801 0.066577 -0.134415
v 0.405127 0.070625 -0.182434
v 0.413523 0.073353 -0.179365
v 0.408775 0.074863 -0.185483
v 0.413778 0.075795 -0.182914
v 0.407111 0.072930 -0.184092
v 0.409166 0.073571 -0.183461
v 0.408053 0.071984 -0.182136
v 0.411910 0.073138 -0.180537
v 0.412275 0.074228 -0.181888
v 0.413657 0.074644 -0.181241
v 0.409953 0.075082 -0.184878
v 0.412549 0.075566 -0.183544
v 0.410778 0.073935 -0.182731
v 0.411306 0.075334 -0.184183
v 0.410218 0.072912 -0.181768
v 0.389684 0.052569 -0.307628
v 0.392496 0.051081 -0.310651
v 0.390964 0.045921 -0.320775
v 0.386420 0.044941 -0.321704
v 0.390915 0.051984 -0.308822
v 0.389717 0.050338 -0.312739
v 0.386232 0.051215 -0.311621
v 0.392780 0.049939 -0.312894
v 0.388496 0.045389 -0.321280
v 0.388711 0.047401 -0.318128
v 0.392057 0.047218 -0.318232
v 0.385100 0.047103 -0.318512
v 0.384785 0.049143 -0.315348
v 0.389051 0.048870 -0.315457
v 0.393039 0.048618 -0.315486
v 0.394744 0.046501 -0.312504
v 0.396451 0.047698 -0.311620
v 0.393783 0.048432 -0.316719
v 0.399145 0.050106 -0.314177
v 0.394411 0.047171 -0.313966
v 0.395235 0.047866 -0.313706
v 0.395263 0.046865 -0.312235
v 0.395821 0.047256 -0.311946
v 0.396247 0.048236 -0.313188
v 0.397244 0.048407 -0.312372
v 0.395641 0.049012 -0.315838
v 0.395475 0.048545 -0.314900
v 0.394104 0.047786 -0.315309
v 0.398133 0.049202 -0.313217
v 0.397009 0.048993 -0.314099
v 0.397425 0.049569 -0.314993
v 0.405424 0.053125 -0.311932
v 0.399494 0.050307 -0.314540
v 0.402264 0.055396 -0.305944
v -0.444103 -0.006606 0.039575
v 0.403619 0.052267 -0.312726
v 0.403027 0.053026 -0.311065
v 0.404471 0.053809 -0.310126
v 0.399162 0.051291 -0.312586
v 0.401219 0.052090 -0.312010
v 0.401602 0.051308 -0.313613
v 0.403375 0.054597 -0.308049
v 0.402060 0.053810 -0.309054
v 0.400833 0.054332 -0.307453
v 0.399632 0.053440 -0.308720
v 0.400833 0.052902 -0.310341
v 0.398940 0.051952 -0.311274
v 0.426555 0.047964 -0.096826
v 0.429186 0.044608 -0.093464
v 0.432241 0.043721 -0.092587
v 0.424581 0.046720 -0.093942
v 0.425357 0.044347 -0.091954
v 0.431587 0.046051 -0.095913
v 0.429629 0.047131 -0.096843
v 0.428207 0.049838 -0.100587
v 0.426691 0.050297 -0.100815
v 0.423864 0.051153 -0.101241
v 0.422707 0.050036 -0.098721
v 0.421924 0.049280 -0.097015
v 0.425589 0.042296 -0.089962
v 0.429023 0.042182 -0.089797
v 0.433818 0.044924 -0.095033
v 0.432573 0.042002 -0.089563
v 0.436527 0.042313 -0.092505
v 0.428411 0.039789 -0.086125
v 0.430828 0.039167 -0.084388
v 0.425636 0.040504 -0.088121
v 0.442712 0.035416 -0.084198
v 0.440229 0.035597 -0.085869
v 0.442587 0.037391 -0.087908
v 0.439092 0.037091 -0.088147
v 0.438410 0.035736 -0.087083
v 0.436163 0.036453 -0.087822
v 0.437187 0.036755 -0.090021
v 0.437946 0.038827 -0.091715
v 0.440355 0.039430 -0.089968
v 0.434684 0.037576 -0.090957
v 0.435857 0.037835 -0.093150
v 0.433478 0.037310 -0.088705
v 0.442709 0.046380 -0.107207
v 0.445592 0.046837 -0.104385
v 0.444822 0.050012 -0.111211
v 0.449492 0.049689 -0.107988
v 0.443525 0.048929 -0.108784
v 0.444333 0.048094 -0.108726
v 0.443146 0.046450 -0.106779
v 0.445006 0.046744 -0.104959
v 0.446877 0.048177 -0.106901
v 0.447528 0.048253 -0.106173
v 0.445671 0.049953 -0.110625
v 0.448528 0.049756 -0.108653
v 0.446167 0.048077 -0.107619
v 0.447568 0.049822 -0.109315
v 0.445226 0.048095 -0.108201
v 0.446618 0.049888 -0.109972
v 0.444426 0.046652 -0.105526
v 0.443797 0.046553 -0.106141
v 0.443588 0.050056 -0.107647
v 0.445737 0.046513 -0.103538
v 0.445047 0.050338 -0.111214
v 0.448991 0.048773 -0.108183
v 0.444194 0.049057 -0.106489
v 0.445320 0.049377 -0.107436
v 0.444031 0.050142 -0.108730
v 0.446879 0.047306 -0.105167
v 0.445989 0.048220 -0.106080
v 0.444906 0.047883 -0.105127
v 0.444439 0.050220 -0.109729
v 0.445922 0.049647 -0.108667
v 0.446487 0.049766 -0.110107
v 0.447817 0.049239 -0.109085
v 0.447084 0.048924 -0.107564
v 0.448023 0.048101 -0.106801
v 0.459039 0.002205 -0.037222
v 0.460259 0.001204 -0.036992
v 0.461238 0.002248 -0.037381
v 0.460204 0.003735 -0.039109
v 0.458608 0.002192 -0.036011
v 0.459074 0.000957 -0.035194
v 0.458753 0.002097 -0.034342
v 0.458711 0.000717 -0.033998
v 0.460195 0.000565 -0.034439
v 0.460608 0.002164 -0.034954
v 0.461206 0.001804 -0.035060
v 0.460872 0.000496 -0.034639
v 0.461869 0.001405 -0.035178
v 0.461636 0.000418 -0.034866
v 0.462507 0.001022 -0.035291
v 0.462504 0.000329 -0.035124
v 0.462882 0.000797 -0.035358
v 0.459182 0.003280 -0.039229
v 0.459147 0.003042 -0.034695
v 0.458127 -0.010699 -0.019531
v 0.456433 -0.012175 -0.018176
v 0.453848 -0.010694 -0.019759
v 0.455371 -0.010032 -0.021212
v 0.455917 -0.007933 -0.023740
v 0.459401 -0.008257 -0.022326
v 0.456494 -0.005511 -0.026646
v 0.459509 -0.005411 -0.026091
v 0.457227 -0.002725 -0.030006
v 0.459924 -0.002728 -0.029586
v 0.458073 0.000454 -0.033663
v 0.459760 0.000093 -0.033482
v 0.454728 -0.013568 -0.016521
v 0.451735 -0.011614 -0.017743
v 0.459116 -0.012683 -0.016561
v 0.457230 -0.013716 -0.014052
v 0.461909 -0.013830 -0.013829
v 0.459679 -0.014764 -0.011969
v 0.464199 -0.015535 -0.011825
v 0.461766 -0.016633 -0.010734
v 0.463916 -0.012657 -0.015264
v 0.466906 -0.014313 -0.013040
v 0.460776 -0.011025 -0.018192
v 0.471990 0.001237 -0.030849
v 0.471790 -0.000135 -0.029548
v 0.470710 -0.000782 -0.030421
v 0.471595 -0.001476 -0.028278
v 0.469577 -0.002569 -0.030043
v 0.469891 -0.003647 -0.028313
v 0.469613 -0.005298 -0.026282
v 0.467707 -0.006101 -0.027942
v 0.468492 -0.004476 -0.029182
v 0.471395 -0.002852 -0.026974
v 0.471308 -0.004278 -0.025291
v 0.471404 -0.005741 -0.023050
v 0.469240 -0.006851 -0.024579
v 0.468828 -0.008163 -0.023290
v 0.466277 -0.009058 -0.025686
v 0.466999 -0.007566 -0.026825
v 0.471502 -0.007225 -0.020777
v 0.469027 -0.065816 -0.001689
v 0.469038 -0.065608 -0.000827
v 0.470170 -0.062953 0.002317
v 0.470783 -0.062010 0.001903
v 0.469618 -0.064336 0.000382
v 0.469229 -0.064747 0.001087
v 0.468525 -0.066211 -0.000281
v 0.468755 -0.065864 -0.000180
v 0.469112 -0.063919 0.000860
v 0.469886 -0.063860 0.000499
v 0.469509 -0.062963 0.002491
v 0.469639 -0.062262 0.002267
v 0.468349 -0.064006 0.001187
v 0.468689 -0.062471 0.002570
v 0.467468 -0.064342 0.001612
v 0.467774 -0.062673 0.002862
v 0.467195 -0.064649 0.002261
v 0.467074 -0.062827 0.003085
v 0.466941 -0.065036 0.002907
v 0.466654 -0.063003 0.003242
v 0.467452 -0.065264 0.003037
v 0.467325 -0.062993 0.003065
v 0.468240 -0.065283 0.002830
v 0.468100 -0.062982 0.002861
v 0.468858 -0.065118 0.001838
v 0.468859 -0.062972 0.002662
v 0.467760 -0.066813 0.001865
v 0.468132 -0.066520 0.000821
v 0.467497 -0.067019 0.002601
v 0.467561 -0.066942 0.002543
v 0.467893 -0.066642 0.001787
v 0.468193 -0.066371 0.001102
v 0.468490 -0.066103 0.000424
v 0.468575 -0.077151 0.000566
v 0.469598 -0.063854 -0.002456
v 0.466313 -0.072921 0.004432
v 0.466477 -0.065945 0.004509
v 0.469355 -0.072211 -0.000628
v 0.467911 -0.071195 0.001826
v 0.467458 -0.075063 0.002475
v 0.468049 -0.064893 0.001002
v 0.468234 -0.067855 0.001200
v 0.469563 -0.068221 -0.001517
v 0.466367 -0.070633 0.004457
v 0.466433 -0.067818 0.004488
v 0.442761 -0.006663 -0.003096
v 0.442532 -0.006491 -0.003260
v 0.442886 -0.010277 -0.000151
v 0.446409 -0.007701 0.001439
v 0.442976 -0.010270 -0.000290
v 0.442646 -0.006652 -0.003358
v 0.442570 -0.005958 -0.002457
v 0.443712 -0.007016 -0.002255
v 0.443360 -0.007051 -0.003701
v 0.444005 -0.007342 -0.004506
v 0.443981 -0.008388 -0.003477
v 0.442627 -0.007504 -0.002428
v 0.442806 -0.009425 -0.000850
v 0.443998 -0.009652 -0.001333
v 0.443667 -0.009706 0.000201
v 0.446013 -0.007736 -0.000160
v 0.444935 -0.006747 0.000304
v 0.444786 -0.006504 0.000977
v 0.445413 -0.008429 0.000990
v 0.445653 -0.008440 -0.000572
v 0.443947 -0.007078 0.000562
v 0.445182 -0.008619 0.000821
v 0.444059 -0.009460 0.000256
v 0.443010 -0.007990 0.000059
v 0.442870 -0.009112 -0.001272
v 0.442756 -0.007856 -0.002337
v 0.442474 -0.006631 -0.000886
v 0.442340 -0.005227 -0.001986
v 0.442702 -0.005452 0.000311
v 0.442010 -0.003692 -0.000509
v 0.443346 -0.004876 0.000650
v 0.441948 -0.003345 -0.000134
v 0.443674 -0.005393 0.000015
v 0.442168 -0.004268 -0.000955
v 0.443741 -0.006281 -0.001004
v 0.442349 -0.005031 -0.001633
v 0.444766 -0.007332 -0.001182
v 0.444784 -0.007545 -0.002787
v 0.445884 -0.007890 -0.001791
v 0.445615 -0.007996 -0.003517
v 0.444851 -0.007871 -0.005095
v 0.444071 -0.007442 -0.004366
v 0.446114 -0.008529 -0.004179
v 0.445763 -0.008372 -0.005946
v 0.445483 -0.008975 -0.004326
v 0.445565 -0.008243 -0.005826
v 0.445907 -0.008460 -0.002294
v 0.445037 -0.009092 -0.002649
v 0.443891 -0.009207 -0.002572
v 0.444796 -0.009071 -0.001001
v 0.442715 -0.008449 -0.001652
v 0.444520 -0.009082 0.000587
v 0.452985 -0.028197 -0.079637
v 0.452358 -0.105496 -0.075048
v 0.452834 -0.053455 -0.081594
v 0.453001 -0.049334 -0.087806
v 0.450978 -0.104968 -0.084111
v 0.452879 -0.030166 -0.085007
v 0.452618 0.028980 -0.074907
v 0.457438 0.037232 -0.094225
v 0.452798 -0.027796 -0.074270
v 0.452812 -0.040706 -0.073674
v 0.453004 -0.040877 -0.080250
v 0.452934 -0.016828 -0.083340
v 0.452867 -0.014294 -0.076763
v 0.455156 -0.019028 -0.090846
v 0.451644 -0.105223 -0.079739
v 0.452076 -0.092128 -0.079547
v 0.452818 -0.091699 -0.074341
v 0.452867 -0.053681 -0.073650
v 0.453047 -0.067680 -0.072858
v 0.452945 -0.066219 -0.080406
v 0.452278 -0.065786 -0.085543
v 0.451360 -0.092264 -0.084447
v 0.452796 0.018901 -0.076149
v 0.453643 0.019940 -0.084483
v 0.452830 0.030691 -0.083925
v 0.456568 0.020009 -0.092824
v 0.453876 0.008042 -0.084236
v 0.455883 0.007769 -0.091286
v 0.453739 -0.004036 -0.084338
v 0.455639 -0.003876 -0.091091
v 0.452853 0.008005 -0.076775
v 0.452880 -0.004456 -0.077391
v 0.451717 -0.079606 -0.085443
v 0.452366 -0.079290 -0.080446
v 0.452819 -0.078943 -0.075996
v 0.453007 -0.051659 -0.082006
v 0.451994 -0.053858 -0.081516
v 0.453486 -0.024855 -0.084834
v 0.452636 -0.028074 -0.079445
v 0.452633 -0.046341 -0.079504
v 0.452708 -0.046121 -0.082052
v 0.452994 -0.051570 -0.083262
v 0.452384 -0.052811 -0.083864
v 0.453598 -0.045915 -0.082306
v 0.454082 -0.046084 -0.080992
v 0.453774 -0.025999 -0.086563
v 0.452922 -0.032549 -0.082974
v 0.452714 -0.031939 -0.080553
v 0.452661 -0.032869 -0.079225
v 0.453164 -0.032859 -0.081703
v 0.453038 -0.027135 -0.081774
v 0.452739 -0.039164 -0.078895
v 0.453118 -0.039309 -0.081173
v 0.453399 -0.039383 -0.082990
v 0.453505 -0.033050 -0.083841
v 0.453463 -0.026144 -0.084231
v 0.453510 -0.033308 -0.085034
v 0.453859 -0.026729 -0.086810
v 0.453183 -0.033165 -0.084589
v 0.453957 -0.026727 -0.087663
v 0.453327 -0.039339 -0.084158
v 0.452830 -0.039494 -0.083725
v 0.452601 -0.039409 -0.082180
v 0.452896 -0.045607 -0.084264
v 0.452459 -0.039370 -0.080833
v 0.453122 -0.045485 -0.084992
v 0.452968 -0.051390 -0.085806
v 0.452978 -0.051455 -0.084893
v 0.453295 -0.045831 -0.083629
v 0.452698 -0.051970 -0.085751
v 0.377573 -0.082685 -0.344564
v 0.378192 -0.075335 -0.346423
v 0.379333 -0.082506 -0.337290
v 0.379127 -0.075472 -0.339802
v 0.377766 -0.080392 -0.345144
v 0.378114 -0.080335 -0.342869
v 0.378096 -0.082631 -0.342403
v 0.378546 -0.075386 -0.343917
v 0.378303 -0.077902 -0.343497
v 0.377974 -0.077922 -0.345769
v 0.378720 -0.082568 -0.339823
v 0.378715 -0.080284 -0.340384
v 0.379257 -0.079896 -0.338222
v 0.379188 -0.077549 -0.339060
v 0.378626 -0.077954 -0.341300
v 0.378831 -0.075428 -0.341900
v 0.442261 -0.001936 0.029968
v 0.443881 -0.002274 0.028767
v 0.444394 -0.001081 0.028680
v 0.445523 -0.002617 0.027550
v 0.445706 -0.000555 0.027888
v 0.449836 -0.001812 0.024593
v 0.450798 -0.002497 0.023538
v 0.451507 -0.000371 0.023268
v 0.450149 0.000289 0.024717
v 0.448851 -0.003312 0.025084
v 0.450270 -0.004200 0.023817
v 0.452011 -0.005806 0.022077
v 0.452290 -0.003299 0.022111
v 0.452560 -0.000883 0.022144
v -0.439283 0.008874 0.060274
v -0.434996 0.005348 0.062402
v -0.452825 -0.007555 0.045842
v -0.452297 -0.014273 0.047280
v -0.440688 0.006580 0.058763
v -0.437959 0.003360 0.059991
v -0.448071 -0.011173 0.050980
v -0.451201 -0.005325 0.047405
v -0.446506 -0.008109 0.052218
v -0.449281 -0.002889 0.049271
v -0.445161 -0.005214 0.053343
v -0.447103 -0.001925 0.051524
v -0.443929 -0.002030 0.054631
v -0.445045 -0.000825 0.053680
v -0.442234 0.000004 0.056175
v -0.443550 0.001788 0.055522
v -0.439982 0.001571 0.058127
v -0.442151 0.004190 0.057189
v -0.438731 -0.002132 0.034796
v -0.441281 -0.003809 0.035428
v -0.437422 -0.000310 0.035955
v -0.437512 -0.000034 0.036117
v -0.438094 0.000227 0.036182
v -0.438082 -0.000442 0.036022
v -0.438547 -0.001555 0.034133
v -0.438228 -0.001081 0.034938
v -0.437952 -0.001450 0.035152
v -0.439447 -0.002662 0.033603
v -0.438916 -0.002131 0.033194
v -0.439655 -0.002714 0.035135
v -0.440171 -0.003178 0.033991
v -0.438742 -0.001011 0.036074
v -0.439401 -0.001534 0.035862
v -0.440305 -0.003232 0.035289
v -0.439891 -0.002316 0.035339
v -0.440308 -0.003062 0.034617
v -0.441640 -0.004110 0.034841
v -0.440908 -0.003663 0.034385
v -0.442136 -0.004628 0.036164
v -0.442439 -0.004601 0.035353
v -0.442296 -0.004379 0.035937
v -0.442088 -0.004789 0.037163
v -0.441142 -0.003440 0.033370
v -0.442124 -0.003931 0.033998
v -0.442887 -0.004313 0.034487
v -0.437447 -0.000859 0.035506
v -0.437781 -0.000520 0.035639
v -0.438742 -0.000879 0.035247
v -0.438343 -0.000136 0.036029
v -0.439147 -0.001616 0.034508
v -0.439548 -0.002358 0.033734
v -0.439329 -0.002533 0.032210
v -0.440035 -0.002926 0.032664
v -0.440747 -0.003404 0.033129
v -0.441475 -0.003852 0.033600
v -0.442206 -0.004301 0.034073
v -0.442952 -0.004759 0.034556
v -0.443325 -0.005187 0.035902
v -0.443725 -0.005234 0.035057
v -0.444375 -0.005890 0.036404
v -0.444455 -0.005683 0.035530
v -0.443176 -0.005363 0.036794
v -0.444289 -0.006114 0.037348
v -0.443026 -0.005585 0.037850
v -0.444200 -0.006345 0.038317
v -0.443086 -0.005812 0.038720
v -0.444211 -0.006354 0.038953
v -0.444021 -0.006809 0.040274
v -0.443213 -0.005388 0.037539
v -0.444378 -0.005954 0.037790
v -0.443385 -0.004985 0.036365
v -0.444544 -0.005554 0.036629
v -0.443846 -0.004792 0.035101
v -0.444687 -0.005213 0.035639
v -0.457604 -0.012776 0.041520
v -0.453941 -0.010010 0.046965
v -0.450028 -0.011256 0.044378
v -0.456372 -0.012443 0.041892
v -0.455824 -0.012300 0.040651
v -0.456097 -0.013248 0.041455
v -0.455376 -0.013702 0.043623
v -0.456847 -0.013023 0.043634
v -0.456492 -0.012302 0.043707
v -0.455169 -0.010995 0.047221
v -0.451784 -0.011830 0.047039
v -0.451817 -0.010161 0.046782
v -0.451853 -0.008350 0.046502
v -0.453639 -0.010244 0.045976
v -0.455008 -0.011550 0.045855
v -0.453493 -0.013097 0.043769
v -0.454436 -0.012749 0.041615
v -0.452494 -0.011171 0.042002
v -0.447981 -0.009551 0.042737
v -0.449178 -0.010081 0.042367
v -0.450253 -0.009578 0.043701
v -0.450332 -0.009734 0.041320
v -0.450913 -0.009947 0.045707
v -0.451068 -0.011581 0.046010
v -0.452738 -0.013350 0.045407
v -0.454427 -0.013416 0.045506
v -0.451965 -0.011811 0.046928
v -0.452026 -0.013709 0.047162
v -0.453695 -0.013048 0.047406
v -0.455205 -0.012451 0.047627
v -0.455946 -0.012832 0.045676
v -0.456178 -0.012030 0.045777
v -0.456532 -0.011926 0.047822
v -0.451740 -0.014054 0.047383
v -0.454802 -0.011855 0.044033
v -0.453199 -0.010668 0.044370
v -0.452817 -0.011093 0.042865
v -0.454549 -0.011944 0.042418
v -0.452442 -0.011525 0.041359
v -0.454055 -0.011864 0.040652
v -0.452152 -0.011311 0.039653
v -0.453911 -0.011717 0.039322
v -0.454655 -0.012491 0.039839
v -0.453090 -0.011783 0.038212
v -0.453183 -0.011624 0.039877
v -0.451835 -0.010515 0.037817
v -0.452161 -0.009989 0.039776
v -0.451836 -0.011077 0.037791
v -0.451597 -0.010901 0.036383
v -0.451281 -0.010104 0.043261
v -0.450882 -0.010835 0.041841
v -0.451644 -0.009227 0.044917
v -0.451907 -0.010038 0.046710
v -0.454407 -0.006993 0.056835
v -0.457627 -0.009264 0.052514
v -0.466002 0.004893 0.067521
v -0.460823 0.003266 0.066967
v -0.456186 -0.004642 0.059612
v -0.457853 -0.005058 0.058285
v -0.455560 -0.007807 0.055287
v -0.458831 -0.005388 0.057487
v -0.465129 0.000511 0.062985
v -0.461920 0.000955 0.064163
v -0.462959 0.003937 0.067196
v -0.457488 -0.000225 0.066133
v -0.460091 -0.002198 0.061624
v -0.457350 -0.002421 0.062564
v -0.461974 -0.002547 0.060226
v -0.457235 -0.009831 0.023899
v 0.380700 -0.084455 -0.337790
v -0.422143 -0.092648 -0.013313
v -0.439477 -0.002622 0.032235
v -0.453117 -0.009415 0.029847
v -0.444810 -0.005619 0.036684
v -0.452778 -0.006927 0.023673
v -0.443097 -0.003763 0.028292
v -0.445003 -0.005231 0.032222
v -0.441994 -0.004037 0.034335
v -0.451201 -0.008586 0.032002
v -0.449959 -0.007531 0.028954
v -0.452947 -0.008167 0.026749
v -0.446724 -0.006531 0.035570
v -0.448880 -0.006128 0.025832
v -0.447455 -0.006371 0.030760
v -0.446119 -0.005208 0.027139
v -0.448931 -0.007583 0.034287
v -0.448731 -0.009422 0.041443
v -0.447130 -0.008383 0.040570
v -0.448893 -0.009238 0.040408
v -0.450303 -0.009718 0.040224
v -0.449387 -0.009694 0.041615
v -0.448668 -0.009675 0.042708
v -0.447986 -0.009243 0.042160
v -0.447360 -0.008670 0.041209
v -0.449323 -0.009189 0.039406
v -0.446068 -0.008323 0.042370
v -0.445172 -0.007667 0.041622
v -0.447907 -0.008039 0.038203
v -0.446984 -0.008992 0.043134
v -0.447890 -0.009655 0.043890
v -0.421725 0.009291 0.326228
v -0.422878 0.009096 0.326340
v -0.422909 0.009765 0.325174
v -0.422193 0.010196 0.325747
v -0.421473 0.008862 0.327061
v -0.422657 0.008469 0.327428
v -0.422550 0.010399 0.327266
v -0.422610 0.010929 0.325165
v -0.423254 0.011493 0.326972
v -0.423972 0.012121 0.328986
v -0.422605 0.010192 0.328631
v -0.421177 0.008176 0.328261
v -0.421915 0.007723 0.328694
v -0.422745 0.007213 0.329182
v -0.423728 0.008028 0.327751
v -0.424535 0.007560 0.328187
v -0.425311 0.008373 0.326816
v -0.424132 0.008781 0.326570
v -0.423597 0.006690 0.329683
v -0.424263 0.007021 0.329906
v -0.425151 0.007723 0.328815
v -0.425273 0.008853 0.329181
v -0.426092 0.009614 0.328018
v -0.425805 0.008797 0.327366
v -0.424130 0.008537 0.329503
v -0.423996 0.010073 0.329094
v -0.425150 0.010360 0.328778
v -0.424717 0.011900 0.328429
v -0.425642 0.012181 0.328161
v -0.426065 0.010734 0.328486
v -0.423860 0.011640 0.328678
v -0.426631 0.012481 0.327874
v -0.426841 0.011198 0.327673
v -0.426555 0.010388 0.327043
v -0.427287 0.011966 0.326819
v -0.427031 0.011180 0.326035
v -0.426762 0.010355 0.325213
v -0.426287 0.009575 0.326256
v -0.426033 0.009811 0.324497
v -0.425746 0.009110 0.325649
v -0.424622 0.010081 0.324298
v -0.424396 0.009453 0.325431
v -0.423033 0.010386 0.324074
v -0.427545 0.012758 0.327609
v -0.472745 -0.075943 0.032306
v -0.470356 -0.074648 0.033856
v -0.465367 -0.104298 0.037490
v -0.475222 -0.104457 0.030937
v -0.466228 -0.075389 0.036645
v -0.466467 -0.093418 0.036568
v -0.474244 -0.093789 0.031439
v -0.466704 -0.085605 0.036317
v -0.473500 -0.084753 0.031870
v -0.466067 -0.079077 0.036736
v -0.451117 -0.103775 -0.062870
v -0.457562 -0.105659 -0.057035
v -0.449290 -0.105465 -0.054580
v -0.452890 -0.104293 -0.055110
v -0.457516 -0.100039 -0.059737
v -0.457417 -0.092636 -0.060531
v -0.451058 -0.096596 -0.062373
v -0.449833 -0.064272 -0.054679
v -0.451843 -0.061768 -0.058897
v -0.452817 -0.059994 -0.057341
v -0.453059 -0.063923 -0.055032
v -0.456453 -0.097367 -0.053860
v -0.452827 -0.095352 -0.054413
v -0.448771 -0.093289 -0.055012
v -0.450633 -0.087957 -0.061891
v -0.450949 -0.078144 -0.061469
v -0.449214 -0.083524 -0.054870
v -0.456770 -0.083412 -0.060239
v -0.457263 -0.074463 -0.060159
v -0.457252 -0.066951 -0.059327
v -0.450920 -0.070667 -0.061160
v -0.456906 -0.079540 -0.054372
v -0.456781 -0.071569 -0.054203
v -0.455901 -0.064355 -0.055390
v -0.453045 -0.070048 -0.054553
v -0.455694 -0.058852 -0.057980
v -0.455449 -0.060910 -0.057396
v -0.451504 -0.065465 -0.061193
v -0.456005 -0.065345 -0.057705
v -0.449762 -0.068345 -0.054871
v -0.449648 -0.074757 -0.054876
v -0.453205 -0.077170 -0.054649
v -0.453182 -0.086180 -0.054491
v -0.456816 -0.088736 -0.054192
v -0.397643 -0.034385 -0.146145
v -0.391008 -0.034152 -0.146579
v -0.396271 -0.033826 -0.137949
v -0.391401 -0.034609 -0.141568
v -0.395613 -0.034314 -0.146278
v -0.395623 -0.034400 -0.143984
v -0.397204 -0.034206 -0.143526
v -0.391160 -0.034329 -0.144646
v -0.393580 -0.034415 -0.144469
v -0.393357 -0.034235 -0.146425
v -0.396737 -0.034016 -0.140736
v -0.395188 -0.034226 -0.141425
v -0.394338 -0.034137 -0.139386
v -0.392722 -0.034397 -0.140586
v -0.393565 -0.034480 -0.142552
v -0.391271 -0.034458 -0.143231
v -0.432475 0.003623 0.030485
v -0.432330 0.003706 0.028967
v -0.433846 0.001566 0.030875
v -0.433364 0.002395 0.031832
v -0.432844 0.003287 0.032861
v -0.431814 0.004535 0.031392
v -0.430328 0.006334 0.029272
v -0.429043 0.007890 0.027439
v -0.432357 0.003528 0.027521
v -0.434365 0.000675 0.029846
v -0.453897 0.010144 0.006824
v -0.449805 0.008713 0.001510
v -0.456261 -0.009732 0.020539
v -0.456849 -0.002000 0.015285
v -0.459070 -0.001701 0.016047
v -0.461001 -0.006882 0.020466
v -0.452035 0.004716 0.005702
v -0.454207 0.006921 0.008379
v -0.460786 -0.005892 0.019719
v -0.456652 -0.007230 0.019121
v -0.460010 -0.002327 0.017026
v -0.457275 -0.001059 0.014520
v -0.456926 -0.005028 0.017775
v -0.460450 -0.004345 0.018551
v -0.454941 0.000478 0.012136
v -0.455112 0.000464 0.012000
v -0.454542 0.003669 0.010072
v -0.453617 0.002371 0.009087
v -0.445417 0.054107 -0.083366
v -0.444980 0.054744 -0.085619
v -0.446463 0.053029 -0.085610
v -0.446499 0.052692 -0.082343
v -0.445841 0.053444 -0.081214
v -0.444242 0.053975 -0.082362
v -0.442789 0.054458 -0.083404
v -0.429347 0.060793 -0.093837
v -0.430165 0.059180 -0.094265
v -0.430636 0.059509 -0.092915
v -0.431932 0.057451 -0.092961
v -0.432085 0.058066 -0.091879
v -0.430740 0.058045 -0.094566
v -0.432727 0.055929 -0.093320
v -0.433299 0.055937 -0.092178
v -0.431685 0.056182 -0.095061
v -0.433956 0.054467 -0.094580
v -0.435805 0.053979 -0.093640
v -0.437494 0.053533 -0.092782
v -0.433741 0.056416 -0.090695
v -0.432337 0.054895 -0.095403
v -0.385869 0.019902 -0.312271
v -0.385954 0.014916 -0.307451
v -0.387145 0.022247 -0.309621
v -0.385846 0.020657 -0.305520
v -0.385897 0.018280 -0.310703
v -0.385877 0.019293 -0.309832
v -0.386300 0.020693 -0.311376
v -0.385918 0.016827 -0.306808
v -0.385904 0.017723 -0.308318
v -0.385925 0.016654 -0.309131
v -0.386731 0.021486 -0.310481
v -0.385932 0.020380 -0.309045
v -0.386678 0.021675 -0.308147
v -0.386271 0.021177 -0.306862
v -0.385871 0.019457 -0.307533
v -0.385881 0.018826 -0.306136
v -0.391051 0.022883 -0.310348
v -0.398362 0.023812 -0.309205
v -0.398219 0.031337 -0.303515
v -0.395931 0.028316 -0.305890
v -0.397216 0.023519 -0.309536
v -0.394146 0.025959 -0.307743
v -0.395102 0.022977 -0.310146
v -0.392066 0.024802 -0.308678
v -0.393270 0.022508 -0.310674
v -0.409584 0.069670 -0.167430
v -0.408139 0.071127 -0.168281
v -0.408349 0.070771 -0.169445
v -0.409042 0.069964 -0.168380
v -0.407725 0.071696 -0.167753
v -0.407000 0.072591 -0.168194
v -0.407223 0.072212 -0.169444
v -0.409781 0.069800 -0.166366
v -0.408111 0.071565 -0.166666
v -0.406770 0.072982 -0.166906
v -0.407466 0.071800 -0.170801
v -0.410834 0.068686 -0.166177
v -0.408291 0.071101 -0.174712
v -0.409345 0.071672 -0.179620
v -0.406314 0.071335 -0.179197
v -0.407989 0.070597 -0.175970
v -0.407236 0.071946 -0.175961
v -0.407770 0.071830 -0.174119
v -0.408578 0.070797 -0.172697
v -0.408966 0.071566 -0.174126
v -0.408977 0.071480 -0.175999
v -0.408285 0.070375 -0.179128
v -0.408692 0.070893 -0.177632
v -0.409673 0.071937 -0.177549
v -0.409136 0.070582 -0.181249
v -0.407909 0.069870 -0.180615
v -0.409124 0.074152 -0.179093
v -0.408293 0.074301 -0.180890
v -0.408995 0.073112 -0.181806
v -0.409958 0.074001 -0.177288
v -0.409675 0.071961 -0.182693
v -0.406623 0.070009 -0.181169
v -0.407808 0.070873 -0.182232
v -0.407239 0.072157 -0.180760
v -0.407270 0.073601 -0.179528
v -0.406620 0.073185 -0.178284
v -0.406217 0.072799 -0.177068
v -0.406709 0.071651 -0.177380
v -0.407586 0.070080 -0.177389
v -0.407197 0.069592 -0.178794
v -0.406859 0.069131 -0.180221
v -0.406324 0.068505 -0.181785
v -0.407215 0.068978 -0.182439
v -0.407613 0.069276 -0.182346
v -0.408929 0.070063 -0.182919
v -0.410308 0.070888 -0.183520
v -0.408314 0.069562 -0.183245
v -0.409413 0.070146 -0.184052
v -0.408921 0.071484 -0.183041
v -0.410117 0.072154 -0.183904
v -0.409624 0.073510 -0.182884
v -0.408412 0.072778 -0.182031
v -0.410615 0.070785 -0.184934
v -0.409165 0.074773 -0.181934
v -0.408002 0.074066 -0.180933
v -0.408734 0.075958 -0.181043
v -0.408202 0.075632 -0.180012
v -0.407586 0.075256 -0.178818
v -0.406997 0.074895 -0.177676
v -0.406418 0.074541 -0.176553
v -0.406109 0.074158 -0.175257
v -0.406726 0.073096 -0.175685
v -0.406546 0.073541 -0.172930
v -0.407139 0.072711 -0.173490
v -0.407311 0.072540 -0.170839
v -0.407939 0.071677 -0.171735
v -0.408244 0.071364 -0.169418
v -0.408857 0.070538 -0.170412
v -0.409569 0.071650 -0.171604
v -0.409915 0.071437 -0.169148
v -0.410833 0.072867 -0.170722
v -0.410830 0.073331 -0.172948
v -0.410011 0.072550 -0.173440
v -0.410797 0.073850 -0.175474
v -0.409849 0.072607 -0.175671
v -0.409120 0.070262 -0.168085
v -0.409641 0.072382 -0.168501
v -0.409861 0.072811 -0.170928
v -0.410083 0.072833 -0.170776
v -0.410852 0.072910 -0.170250
v -0.410968 0.071637 -0.168191
v -0.411129 0.069863 -0.165319
v -0.408438 0.071676 -0.166459
v -0.432727 0.067137 -0.120554
v -0.424061 0.066353 -0.114540
v -0.426292 0.067956 -0.118526
v -0.422229 0.069580 -0.123129
v -0.423452 0.066862 -0.115911
v -0.425254 0.066876 -0.116682
v -0.425844 0.066348 -0.115243
v -0.426537 0.066897 -0.117232
v -0.424754 0.067274 -0.117722
v -0.422833 0.069339 -0.122445
v -0.422253 0.069241 -0.122235
v -0.427596 0.066342 -0.115933
v -0.431028 0.066768 -0.118683
v -0.429812 0.067790 -0.120279
v -0.431294 0.067720 -0.121016
v -0.432019 0.066983 -0.119774
v -0.422833 0.067379 -0.117303
v -0.426798 0.058769 -0.104329
v -0.422722 0.060788 -0.104053
v -0.426363 0.061400 -0.108599
v -0.423502 0.062837 -0.107211
v -0.425474 0.059425 -0.104239
v -0.425656 0.060220 -0.105403
v -0.426650 0.059663 -0.105780
v -0.422985 0.061479 -0.105119
v -0.424349 0.060813 -0.105223
v -0.424075 0.060118 -0.104145
v -0.426507 0.060526 -0.107181
v -0.425527 0.061050 -0.106763
v -0.425371 0.061898 -0.108118
v -0.424415 0.062378 -0.107655
v -0.424555 0.061567 -0.106345
v -0.423232 0.062127 -0.106118
v -0.429295 0.067047 -0.115721
v -0.433443 0.066767 -0.116964
v -0.428146 0.060999 -0.111832
v -0.434305 0.065699 -0.109901
v -0.428951 0.065234 -0.114555
v -0.430325 0.066006 -0.113897
v -0.430443 0.066970 -0.116065
v -0.431846 0.066875 -0.116485
v -0.432055 0.066512 -0.114017
v -0.433746 0.066391 -0.114477
v -0.430261 0.062613 -0.111169
v -0.430244 0.064215 -0.112501
v -0.428571 0.063237 -0.113271
v -0.434041 0.066026 -0.112060
v -0.432050 0.065531 -0.111883
v -0.432356 0.064212 -0.110512
v -0.424409 0.011039 0.327618
v -0.424804 0.012159 0.328544
v -0.426318 0.012535 0.328229
v -0.425174 0.010559 0.326833
v -0.422353 0.010994 0.325543
v -0.423002 0.011464 0.327353
v -0.423524 0.011841 0.328810
v -0.425875 0.010106 0.326082
v -0.421679 0.010507 0.323662
v -0.428043 0.012963 0.327871
vt 0.642060 0.126753
vt 0.629362 0.127171
vt 0.628875 0.124845
vt 0.632846 0.125574
vt 0.153200 0.398320
vt 0.151688 0.389275
vt 0.151771 0.389237
vt 0.153200 0.388087
vt 0.648392 0.131900
vt 0.630073 0.131019
vt 0.901363 0.604353
vt 0.891895 0.607313
vt 0.889090 0.594577
vt 0.903006 0.594107
vt 0.912254 0.605525
vt 0.895052 0.613169
vt 0.917859 0.591652
vt 0.555350 0.106034
vt 0.552502 0.112985
vt 0.549690 0.102236
vt 0.555318 0.097329
vt 0.744161 0.793373
vt 0.753355 0.792943
vt 0.756765 0.799811
vt 0.745906 0.801011
vt 0.735823 0.800608
vt 0.737711 0.794054
vt 0.351101 0.654453
vt 0.368366 0.656190
vt 0.368300 0.662334
vt 0.348121 0.662591
vt 0.361186 0.649991
vt 0.369005 0.651504
vt 0.519372 0.157975
vt 0.527586 0.164085
vt 0.517694 0.166605
vt 0.511207 0.161590
vt 0.461248 0.146488
vt 0.462430 0.151712
vt 0.447730 0.156356
vt 0.446966 0.149986
vt 0.470247 0.144270
vt 0.472715 0.147443
vt 0.457932 0.141290
vt 0.467628 0.140032
vt 0.446573 0.143187
vt 0.190810 0.324478
vt 0.189970 0.334940
vt 0.183374 0.333596
vt 0.182718 0.322932
vt 0.185404 0.303555
vt 0.189042 0.303434
vt 0.197541 0.324503
vt 0.179721 0.303515
vt 0.192953 0.296983
vt 0.190133 0.281259
vt 0.194650 0.284374
vt 0.199160 0.289942
vt 0.186171 0.280723
vt 0.219084 0.076288
vt 0.216981 0.072012
vt 0.219995 0.068266
vt 0.222140 0.071148
vt 0.493281 0.058039
vt 0.506196 0.059466
vt 0.504784 0.062111
vt 0.488584 0.059834
vt 0.409658 0.392193
vt 0.413640 0.397118
vt 0.412352 0.402512
vt 0.409658 0.404065
vt 0.148348 0.586409
vt 0.153561 0.565736
vt 0.157030 0.566827
vt 0.157030 0.597480
vt 0.186427 0.205437
vt 0.189585 0.209246
vt 0.188531 0.212565
vt 0.186427 0.211581
vt 0.005461 0.353612
vt 0.003658 0.349478
vt 0.000433 0.348981
vt 0.007660 0.348540
vt 0.112523 0.013405
vt 0.112210 0.007882
vt 0.112985 0.010700
vt 0.112210 0.013054
vt 0.415703 0.403945
vt 0.414021 0.402405
vt 0.414817 0.399951
vt 0.417470 0.401130
vt 0.009794 0.071701
vt 0.002039 0.070471
vt 0.001033 0.047942
vt 0.005202 0.059756
vt 0.075704 0.733152
vt 0.068773 0.735020
vt 0.067555 0.730079
vt 0.074228 0.729686
vt 0.480611 0.064492
vt 0.498480 0.066705
vt 0.480719 0.061741
vt 0.482504 0.060124
vt 0.032948 0.869276
vt 0.029412 0.865974
vt 0.033656 0.862529
vt 0.036963 0.867890
vt 0.030744 0.873867
vt 0.025524 0.871204
vt 0.036753 0.873840
vt 0.514421 0.078820
vt 0.516056 0.075517
vt 0.520747 0.075967
vt 0.517019 0.081805
vt 0.191590 0.096152
vt 0.193216 0.097683
vt 0.191418 0.101140
vt 0.188023 0.101705
vt 0.415230 0.433425
vt 0.415547 0.427952
vt 0.417470 0.430649
vt 0.417470 0.434705
vt 0.568410 0.167420
vt 0.571813 0.177260
vt 0.566536 0.176947
vt 0.562088 0.168773
vt 0.532985 0.073852
vt 0.537290 0.065234
vt 0.557349 0.063679
vt 0.555922 0.070475
vt 0.529549 0.071938
vt 0.529373 0.066169
vt 0.396090 0.730510
vt 0.390378 0.732709
vt 0.386506 0.721333
vt 0.391011 0.717664
vt 0.193415 0.104548
vt 0.190072 0.105325
vt 0.519113 0.062631
vt 0.521746 0.063422
vt 0.520853 0.067318
vt 0.517396 0.067780
vt 0.195160 0.421212
vt 0.193565 0.421300
vt 0.196557 0.416227
vt 0.197245 0.417671
vt 0.193565 0.398832
vt 0.196784 0.396113
vt 0.406306 0.707713
vt 0.411725 0.706041
vt 0.407824 0.722824
vt 0.406107 0.721396
vt 0.183205 0.262139
vt 0.182710 0.283072
vt 0.178139 0.283462
vt 0.177565 0.263501
vt 0.405006 0.730511
vt 0.402046 0.734073
vt 0.399309 0.722635
vt 0.153200 0.410426
vt 0.152667 0.417470
vt 0.150935 0.409408
vt 0.153200 0.406289
vt 0.452441 0.132539
vt 0.469958 0.126207
vt 0.472243 0.129947
vt 0.460594 0.132404
vt 0.447911 0.126766
vt 0.468053 0.121432
vt 0.166842 0.270877
vt 0.168520 0.267454
vt 0.168520 0.271930
vt 0.168074 0.271758
vt 0.149149 0.193081
vt 0.149370 0.195330
vt 0.147895 0.194160
vt 0.149370 0.190644
vt 0.088494 0.014010
vt 0.087500 0.011755
vt 0.089744 0.012431
vt 0.090005 0.015320
vt 0.476478 0.148368
vt 0.463721 0.156340
vt 0.479881 0.157573
vt 0.464857 0.162057
vt 0.489996 0.149278
vt 0.492150 0.154994
vt 0.481240 0.141118
vt 0.490449 0.142018
vt 0.694265 0.796641
vt 0.682923 0.796590
vt 0.686421 0.788306
vt 0.694821 0.787794
vt 0.651100 0.167420
vt 0.647735 0.176202
vt 0.642766 0.176620
vt 0.643149 0.168128
vt 0.999631 0.389269
vt 0.991601 0.390587
vt 0.990610 0.376616
vt 0.999431 0.377913
vt 0.191500 0.953671
vt 0.171043 0.953577
vt 0.170699 0.949324
vt 0.185793 0.949176
vt 0.692344 0.779801
vt 0.691830 0.770963
vt 0.712114 0.771459
vt 0.712824 0.778999
vt 0.666341 0.779701
vt 0.667798 0.770240
vt 0.019150 0.311313
vt 0.012382 0.313948
vt 0.012757 0.305726
vt 0.019150 0.300781
vt 0.924880 0.494980
vt 0.936351 0.495847
vt 0.936894 0.510258
vt 0.923080 0.509717
vt 0.997924 0.304065
vt 0.999623 0.331166
vt 0.994134 0.330696
vt 0.986194 0.304153
vt 0.609250 0.793797
vt 0.609431 0.779050
vt 0.637526 0.780342
vt 0.636370 0.790786
vt 0.430755 0.200401
vt 0.435524 0.195199
vt 0.438535 0.199623
vt 0.430363 0.202580
vt 0.751907 0.869960
vt 0.754396 0.860505
vt 0.761741 0.860940
vt 0.760542 0.869060
vt 0.960361 0.594126
vt 0.957065 0.591972
vt 0.957838 0.582873
vt 0.961331 0.584450
vt 0.936377 0.403285
vt 0.937584 0.410380
vt 0.929776 0.411602
vt 0.928756 0.403867
vt 0.439395 0.142940
vt 0.444280 0.145123
vt 0.443964 0.152788
vt 0.439843 0.151132
vt 0.453855 0.095750
vt 0.448420 0.092604
vt 0.448420 0.087534
vt 0.453813 0.089241
vt 0.439854 0.135950
vt 0.443419 0.138235
vt 0.813960 0.830578
vt 0.833166 0.832551
vt 0.833352 0.845545
vt 0.813662 0.843512
vt 0.819174 0.817097
vt 0.834397 0.818935
vt 0.918568 0.610089
vt 0.898960 0.617335
vt 0.409343 0.291080
vt 0.408899 0.282726
vt 0.413640 0.279837
vt 0.413640 0.285720
vt 0.195216 0.009419
vt 0.195330 0.017235
vt 0.191489 0.017063
vt 0.191489 0.007652
vt 0.501320 0.142063
vt 0.502572 0.149800
vt 0.490807 0.123730
vt 0.490200 0.119100
vt 0.502708 0.119380
vt 0.503261 0.124489
vt 0.491625 0.129836
vt 0.482424 0.129143
vt 0.481349 0.124341
vt 0.502668 0.131321
vt 0.480274 0.119747
vt 0.409810 0.032467
vt 0.406437 0.032555
vt 0.407482 0.027307
vt 0.409810 0.025741
vt 0.968229 0.515150
vt 0.968991 0.530942
vt 0.965040 0.532252
vt 0.964737 0.519888
vt 0.916371 0.405769
vt 0.922708 0.410438
vt 0.922929 0.421392
vt 0.916819 0.421638
vt 0.445047 0.231025
vt 0.446912 0.225376
vt 0.451940 0.223528
vt 0.451940 0.231715
vt 0.956340 0.327101
vt 0.949835 0.310964
vt 0.954395 0.303475
vt 0.957512 0.309381
vt 0.962463 0.304336
vt 0.970020 0.328074
vt 0.463430 0.085718
vt 0.461984 0.093120
vt 0.457632 0.093835
vt 0.456199 0.085718
vt 0.455094 0.157094
vt 0.460315 0.158339
vt 0.461515 0.164690
vt 0.455094 0.164581
vt 0.750213 0.808711
vt 0.742950 0.810253
vt 0.738475 0.813298
vt 0.732597 0.805241
vt 0.229800 0.744629
vt 0.229800 0.754537
vt 0.223269 0.754580
vt 0.223646 0.746108
vt 0.915371 0.636221
vt 0.914917 0.641848
vt 0.905807 0.642603
vt 0.906065 0.637736
vt 0.922414 0.551525
vt 0.932885 0.550310
vt 0.933667 0.556790
vt 0.922416 0.557172
vt 0.938351 0.440450
vt 0.929356 0.437433
vt 0.929871 0.430468
vt 0.937218 0.429945
vt 0.968473 0.543628
vt 0.964742 0.543157
vt 0.015541 0.031583
vt 0.013259 0.026896
vt 0.019150 0.026896
vt 0.017695 0.034470
vt 0.967651 0.513309
vt 0.960247 0.520912
vt 0.961928 0.510803
vt 0.964901 0.502604
vt 0.968461 0.505065
vt 0.921925 0.404344
vt 0.924501 0.396269
vt 0.928092 0.398128
vt 0.907917 0.824362
vt 0.910452 0.833662
vt 0.894623 0.822151
vt 0.895973 0.812697
vt 0.913842 0.818807
vt 0.919187 0.832710
vt 0.934521 0.834647
vt 0.931325 0.840264
vt 0.929315 0.824455
vt 0.931906 0.820895
vt 0.659467 0.201690
vt 0.670781 0.206040
vt 0.670179 0.212400
vt 0.656031 0.205418
vt 0.339693 0.013344
vt 0.344700 0.012471
vt 0.344700 0.021065
vt 0.338926 0.018908
vt 0.027327 0.806487
vt 0.033258 0.809484
vt 0.031718 0.819840
vt 0.024244 0.812339
vt 0.023226 0.797070
vt 0.029298 0.794935
vt 0.018206 0.800379
vt 0.679496 0.076600
vt 0.673970 0.076069
vt 0.677714 0.056200
vt 0.681741 0.054133
vt 0.414793 0.763101
vt 0.415789 0.749517
vt 0.424505 0.748630
vt 0.425564 0.757821
vt 0.426976 0.761785
vt 0.418155 0.767872
vt 0.610830 0.741102
vt 0.641126 0.731197
vt 0.639213 0.744436
vt 0.610794 0.746561
vt 0.923180 0.547690
vt 0.923174 0.542235
vt 0.937151 0.542672
vt 0.938018 0.547602
vt 0.599658 0.740379
vt 0.601866 0.715215
vt 0.619630 0.713133
vt 0.890333 0.681295
vt 0.894820 0.667112
vt 0.903933 0.667652
vt 0.901530 0.681572
vt 0.585804 0.741293
vt 0.585263 0.755845
vt 0.566540 0.755080
vt 0.565651 0.741015
vt 0.915371 0.681741
vt 0.914703 0.668217
vt 0.583780 0.716877
vt 0.563902 0.718209
vt 0.922968 0.596873
vt 0.922252 0.583449
vt 0.936473 0.585539
vt 0.937517 0.597364
vt 0.919201 0.973183
vt 0.899317 0.975547
vt 0.897222 0.953847
vt 0.917455 0.951250
vt 0.604840 0.233412
vt 0.606050 0.216304
vt 0.634656 0.237303
vt 0.630743 0.261981
vt 0.653095 0.098645
vt 0.653235 0.076991
vt 0.667483 0.075786
vt 0.670250 0.099580
vt 0.439487 0.242587
vt 0.448766 0.246673
vt 0.448079 0.268484
vt 0.439794 0.268233
vt 0.431375 0.242795
vt 0.426600 0.222148
vt 0.435680 0.226077
vt 0.432795 0.268512
vt 0.442772 0.234019
vt 0.450788 0.235548
vt 0.564062 0.231715
vt 0.564062 0.215437
vt 0.568639 0.217507
vt 0.570670 0.224130
vt 0.049511 0.747177
vt 0.051850 0.745038
vt 0.051615 0.753909
vt 0.045700 0.748851
vt 0.868475 0.247699
vt 0.872181 0.218063
vt 0.877071 0.224508
vt 0.870330 0.244835
vt 0.862960 0.243025
vt 0.863945 0.222753
vt 0.553011 0.810941
vt 0.540916 0.815403
vt 0.540509 0.801995
vt 0.556303 0.800354
vt 0.557922 0.818542
vt 0.542730 0.826518
vt 0.564531 0.806552
vt 0.554987 0.790019
vt 0.560737 0.788436
vt 0.563980 0.793181
vt 0.541060 0.789370
vt 0.569525 0.796307
vt 0.764350 0.924905
vt 0.762194 0.934552
vt 0.753410 0.934502
vt 0.758292 0.921268
vt 0.774560 0.918269
vt 0.776362 0.931100
vt 0.771489 0.909663
vt 0.201075 0.319186
vt 0.201075 0.325158
vt 0.199877 0.329380
vt 0.199719 0.324734
vt 0.180010 0.182044
vt 0.178791 0.187670
vt 0.178033 0.186442
vt 0.178033 0.178051
vt 0.208480 0.036574
vt 0.210650 0.032647
vt 0.210314 0.034972
vt 0.210650 0.042130
vt 0.009845 0.350562
vt 0.011490 0.351975
vt 0.008371 0.354462
vt 0.009306 0.351914
vt 0.571341 0.011296
vt 0.574088 0.005590
vt 0.587053 0.006701
vt 0.585761 0.011735
vt 0.167654 0.171292
vt 0.168468 0.175480
vt 0.167779 0.177607
vt 0.167778 0.175706
vt 0.167654 0.164044
vt 0.168520 0.170054
vt 0.010666 0.361665
vt 0.011490 0.363850
vt 0.643440 0.047277
vt 0.641837 0.055535
vt 0.642768 0.049527
vt 0.641837 0.037697
vt 0.173990 0.414170
vt 0.180579 0.413261
vt 0.181925 0.418655
vt 0.173553 0.419536
vt 0.910372 0.900732
vt 0.893745 0.896126
vt 0.899895 0.891375
vt 0.914828 0.900003
vt 0.910620 0.907547
vt 0.891350 0.903558
vt 0.590812 0.774772
vt 0.586346 0.774921
vt 0.588329 0.771446
vt 0.591548 0.770692
vt 0.586815 0.784356
vt 0.584423 0.782812
vt 0.595052 0.795041
vt 0.596675 0.771741
vt 0.601102 0.773884
vt 0.603226 0.796641
vt 0.864701 0.204019
vt 0.869629 0.205257
vt 0.214526 0.119640
vt 0.218310 0.121016
vt 0.217323 0.121732
vt 0.214526 0.124475
vt 0.000587 0.082345
vt 0.000587 0.078210
vt 0.001428 0.076313
vt 0.001915 0.080900
vt 0.147088 0.205505
vt 0.149370 0.202527
vt 0.149013 0.200921
vt 0.149370 0.206820
vt 0.148869 0.107240
vt 0.148105 0.105450
vt 0.147766 0.103054
vt 0.149370 0.106232
vt 0.384783 0.005051
vt 0.383663 0.006142
vt 0.383133 0.003802
vt 0.384202 0.003224
vt 0.384485 0.008057
vt 0.384915 0.009575
vt 0.427045 0.281505
vt 0.425591 0.281505
vt 0.426270 0.278649
vt 0.426661 0.277515
vt 0.858809 0.224342
vt 0.860627 0.205086
vt 0.580178 0.066384
vt 0.578428 0.070581
vt 0.578463 0.070855
vt 0.578428 0.058424
vt 0.198976 0.052175
vt 0.198924 0.050201
vt 0.201075 0.050951
vt 0.201075 0.053620
vt 0.190945 0.047353
vt 0.189601 0.068594
vt 0.186837 0.070735
vt 0.186858 0.044709
vt 0.657670 0.050075
vt 0.667306 0.047669
vt 0.667652 0.059140
vt 0.653095 0.062603
vt 0.659529 0.040320
vt 0.667320 0.038779
vt 0.653708 0.050312
vt 0.653247 0.039148
vt 0.915624 0.924131
vt 0.889026 0.925096
vt 0.889582 0.912186
vt 0.910365 0.914003
vt 0.191500 0.088228
vt 0.186837 0.099580
vt 0.871176 0.926511
vt 0.872254 0.939301
vt 0.857188 0.939702
vt 0.859563 0.926232
vt 0.838638 0.941195
vt 0.838770 0.923668
vt 0.563889 0.779008
vt 0.569728 0.780846
vt 0.555145 0.777850
vt 0.912838 0.924477
vt 0.916797 0.936553
vt 0.895330 0.937752
vt 0.891885 0.928032
vt 0.048000 0.769831
vt 0.045700 0.763561
vt 0.048364 0.759436
vt 0.052513 0.763158
vt 0.450033 0.058308
vt 0.457685 0.060489
vt 0.457065 0.066564
vt 0.450033 0.067025
vt 0.180010 0.015158
vt 0.175614 0.022980
vt 0.175614 0.011918
vt 0.177194 0.008711
vt 0.568191 0.831384
vt 0.562170 0.825557
vt 0.569828 0.811235
vt 0.574412 0.814422
vt 0.423653 0.348530
vt 0.413544 0.333654
vt 0.417214 0.334165
vt 0.425130 0.345257
vt 0.425631 0.240592
vt 0.427045 0.236342
vt 0.426975 0.237826
vt 0.427045 0.243205
vt 0.181925 0.164678
vt 0.180017 0.172350
vt 0.181430 0.171170
vt 0.179909 0.164678
vt 0.199160 0.270455
vt 0.197180 0.271930
vt 0.197669 0.267151
vt 0.197180 0.268031
vt 0.168237 0.178095
vt 0.999631 0.871754
vt 0.998929 0.889882
vt 0.992021 0.896431
vt 0.960613 0.898157
vt 0.440058 0.048946
vt 0.451197 0.048703
vt 0.444655 0.061462
vt 0.440058 0.067025
vt 0.876337 0.264884
vt 0.883460 0.252839
vt 0.886646 0.257877
vt 0.877284 0.283607
vt 0.868242 0.265926
vt 0.877088 0.254028
vt 0.867126 0.287929
vt 0.512832 0.216600
vt 0.524356 0.212449
vt 0.536200 0.222263
vt 0.533232 0.225970
vt 0.506930 0.207966
vt 0.521555 0.206622
vt 0.212424 0.911667
vt 0.199685 0.893729
vt 0.204813 0.893551
vt 0.218291 0.909469
vt 0.450081 0.195009
vt 0.453805 0.196942
vt 0.453855 0.202990
vt 0.450081 0.202605
vt 0.183840 0.093388
vt 0.183840 0.107240
vt 0.179565 0.104474
vt 0.180338 0.096156
vt 0.516932 0.201535
vt 0.503207 0.201476
vt 0.027105 0.773661
vt 0.022477 0.770614
vt 0.025816 0.767004
vt 0.030263 0.767733
vt 0.018369 0.764571
vt 0.024363 0.761728
vt 0.030640 0.761173
vt 0.162716 0.278023
vt 0.166549 0.276083
vt 0.168520 0.282964
vt 0.165304 0.283420
vt 0.159267 0.251773
vt 0.161065 0.255853
vt 0.030640 0.747038
vt 0.018019 0.746465
vt 0.022190 0.738801
vt 0.025964 0.744355
vt 0.742060 0.001375
vt 0.749308 0.005772
vt 0.727029 0.017831
vt 0.718606 0.018057
vt 0.125262 0.008858
vt 0.126390 0.009954
vt 0.126390 0.013405
vt 0.123548 0.010972
vt 0.154058 0.381913
vt 0.154058 0.379070
vt 0.155115 0.381408
vt 0.154995 0.383000
vt 0.197245 0.380444
vt 0.197245 0.388745
vt 0.195757 0.385175
vt 0.196601 0.382443
vt 0.178095 0.260440
vt 0.175438 0.256688
vt 0.178095 0.255291
vt 0.177576 0.257217
vt 0.014348 0.353541
vt 0.014978 0.348601
vt 0.015320 0.349736
vt 0.015320 0.361935
vt 0.162308 0.241991
vt 0.162112 0.248189
vt 0.216931 0.048838
vt 0.215259 0.041957
vt 0.221618 0.040446
vt 0.221734 0.048710
vt 0.883330 0.172961
vt 0.873685 0.181833
vt 0.869145 0.180063
vt 0.871726 0.174559
vt 0.208831 0.859237
vt 0.201671 0.862147
vt 0.196089 0.851592
vt 0.201417 0.849745
vt 0.216412 0.860527
vt 0.216647 0.871491
vt 0.211688 0.873612
vt 0.871022 0.169713
vt 0.884359 0.165850
vt 0.205390 0.874391
vt 0.221364 0.877105
vt 0.215906 0.886490
vt 0.222415 0.862295
vt 0.742748 0.029154
vt 0.737074 0.022705
vt 0.754036 0.016063
vt 0.755245 0.026432
vt 0.756174 0.045353
vt 0.738110 0.044917
vt 0.724718 0.042361
vt 0.004514 0.505560
vt 0.004120 0.485624
vt 0.011670 0.483506
vt 0.013459 0.503784
vt 0.613851 0.016931
vt 0.614997 0.007267
vt 0.615504 0.015173
vt 0.172350 0.366964
vt 0.169878 0.367680
vt 0.169786 0.365068
vt 0.171383 0.364289
vt 0.002051 0.022980
vt 0.002051 0.019664
vt 0.003450 0.020174
vt 0.003830 0.021242
vt 0.361762 0.741142
vt 0.360759 0.753262
vt 0.357038 0.740796
vt 0.359155 0.740205
vt 0.000879 0.030640
vt 0.001030 0.027834
vt 0.000879 0.024511
vt 0.003830 0.024714
vt 0.367680 0.739237
vt 0.367390 0.752843
vt 0.733446 0.216044
vt 0.733446 0.237460
vt 0.727990 0.236527
vt 0.727447 0.222475
vt 0.667882 0.019389
vt 0.673063 0.019676
vt 0.688952 0.015891
vt 0.688300 0.020098
vt 0.199160 0.377255
vt 0.197378 0.374577
vt 0.199160 0.371952
vt 0.198903 0.367050
vt 0.671251 0.011264
vt 0.689502 0.011662
vt 0.383081 0.728673
vt 0.379327 0.733487
vt 0.369955 0.726552
vt 0.369949 0.724949
vt 0.384915 0.720756
vt 0.376925 0.719574
vt 0.044858 0.662591
vt 0.037175 0.661115
vt 0.034840 0.647539
vt 0.047875 0.647539
vt 0.704030 0.036792
vt 0.699546 0.036487
vt 0.709280 0.021193
vt 0.710008 0.037470
vt 0.858795 0.186863
vt 0.857273 0.182945
vt 0.860915 0.191373
vt 0.673305 0.109437
vt 0.678666 0.088051
vt 0.685060 0.086099
vt 0.681058 0.111846
vt 0.032394 0.740083
vt 0.042130 0.742250
vt 0.042130 0.766001
vt 0.035557 0.763784
vt 0.387954 0.009575
vt 0.387954 0.001331
vt 0.390660 0.003881
vt 0.389521 0.006547
vt 0.133922 0.044981
vt 0.133952 0.047875
vt 0.130837 0.042445
vt 0.134050 0.042445
vt 0.603225 0.212095
vt 0.602756 0.213256
vt 0.603225 0.229800
vt 0.602384 0.220460
vt 0.202990 0.003887
vt 0.201686 0.005502
vt 0.201578 0.005745
vt 0.201578 0.001076
vt 0.004106 0.283738
vt 0.002880 0.281615
vt 0.005745 0.281615
vt 0.005485 0.285335
vt 0.543846 0.074960
vt 0.547183 0.077338
vt 0.547690 0.080711
vt 0.540941 0.090648
vt 0.646026 0.038150
vt 0.633798 0.027212
vt 0.634104 0.020733
vt 0.653015 0.030389
vt 0.666059 0.022116
vt 0.666871 0.026418
vt 0.658380 0.026945
vt 0.654294 0.014610
vt 0.920603 0.957501
vt 0.923296 0.935586
vt 0.924409 0.935001
vt 0.924966 0.957460
vt 0.554232 0.046619
vt 0.543500 0.040605
vt 0.576403 0.034506
vt 0.577613 0.038816
vt 0.758341 0.222018
vt 0.750584 0.226527
vt 0.746414 0.211795
vt 0.752090 0.209163
vt 0.408159 0.034769
vt 0.430000 0.037253
vt 0.427810 0.042829
vt 0.405414 0.040885
vt 0.310230 0.674080
vt 0.305347 0.661257
vt 0.305197 0.653360
vt 0.310230 0.653923
vt 0.399530 0.639357
vt 0.400530 0.637631
vt 0.404065 0.636457
vt 0.398837 0.642515
vt 0.599809 0.009811
vt 0.600725 0.005666
vt 0.087515 0.009837
vt 0.090005 0.010591
vt 0.587931 0.001385
vt 0.183482 0.202990
vt 0.181144 0.189856
vt 0.185058 0.189421
vt 0.186577 0.201267
vt 0.289683 0.674080
vt 0.286329 0.673977
vt 0.286329 0.658975
vt 0.296825 0.658243
vt 0.212680 0.672166
vt 0.200908 0.671647
vt 0.201383 0.665215
vt 0.212434 0.666352
vt 0.225370 0.666893
vt 0.228686 0.671474
vt 0.636686 0.118730
vt 0.636686 0.099218
vt 0.641367 0.097745
vt 0.641525 0.115734
vt 0.212294 0.659738
vt 0.224529 0.660105
vt 0.244621 0.659002
vt 0.246282 0.665659
vt 0.269230 0.655506
vt 0.270687 0.661570
vt 0.224350 0.653350
vt 0.243746 0.652409
vt 0.268236 0.649303
vt 0.243393 0.645729
vt 0.267329 0.642862
vt 0.288761 0.638393
vt 0.289932 0.644086
vt 0.291437 0.649892
vt 0.311072 0.644020
vt 0.311959 0.649719
vt 0.292956 0.655641
vt 0.310204 0.638498
vt 0.330892 0.633626
vt 0.331175 0.638790
vt 0.309505 0.633313
vt 0.330479 0.628541
vt 0.351892 0.624711
vt 0.352256 0.629519
vt 0.308731 0.627103
vt 0.330027 0.623106
vt 0.351538 0.619583
vt 0.372778 0.616562
vt 0.373075 0.621733
vt 0.329507 0.614263
vt 0.350919 0.610890
vt 0.372311 0.607507
vt 0.393197 0.604362
vt 0.393819 0.613685
vt 0.349997 0.593533
vt 0.371628 0.591445
vt 0.392702 0.589267
vt 0.412288 0.586994
vt 0.412615 0.602157
vt 0.370892 0.569697
vt 0.392364 0.567642
vt 0.412301 0.565415
vt 0.809005 0.230253
vt 0.827138 0.228903
vt 0.826994 0.247915
vt 0.807853 0.248950
vt 0.391349 0.545143
vt 0.410298 0.542606
vt 0.807100 0.209715
vt 0.827281 0.209715
vt 0.821485 0.127861
vt 0.843465 0.124873
vt 0.844731 0.142946
vt 0.826145 0.147617
vt 0.801783 0.129925
vt 0.795498 0.109072
vt 0.818263 0.108322
vt 0.843268 0.106968
vt 0.865556 0.104974
vt 0.865754 0.122969
vt 0.698260 0.829668
vt 0.699195 0.804644
vt 0.716210 0.805505
vt 0.715355 0.831111
vt 0.843084 0.089553
vt 0.864578 0.085755
vt 0.311420 0.842422
vt 0.312789 0.860124
vt 0.291509 0.860738
vt 0.289897 0.842658
vt 0.843756 0.069790
vt 0.864528 0.065939
vt 0.333174 0.843404
vt 0.334138 0.860999
vt 0.335337 0.881263
vt 0.314664 0.881714
vt 0.355743 0.846264
vt 0.356448 0.863627
vt 0.356880 0.882114
vt 0.358180 0.898764
vt 0.337309 0.899198
vt 0.379283 0.866161
vt 0.379919 0.884444
vt 0.379611 0.899514
vt 0.379742 0.909457
vt 0.359402 0.909271
vt 0.402073 0.885991
vt 0.401386 0.900650
vt 0.400928 0.910098
vt 0.400723 0.917421
vt 0.380120 0.916474
vt 0.423617 0.900584
vt 0.423075 0.910039
vt 0.422922 0.917598
vt 0.159190 0.525711
vt 0.165974 0.525021
vt 0.166848 0.545107
vt 0.159833 0.545833
vt 0.445791 0.909453
vt 0.445819 0.916987
vt 0.159087 0.505777
vt 0.166066 0.504945
vt 0.172890 0.505650
vt 0.172688 0.525710
vt 0.445954 0.923157
vt 0.468485 0.916989
vt 0.468652 0.923257
vt 0.167040 0.485241
vt 0.173763 0.486053
vt 0.880322 0.512593
vt 0.873076 0.512747
vt 0.872734 0.490337
vt 0.879998 0.490007
vt 0.007660 0.278972
vt 0.000849 0.279590
vt 0.000618 0.259708
vt 0.007107 0.259338
vt 0.879524 0.535425
vt 0.872471 0.535321
vt 0.864802 0.535197
vt 0.865131 0.512965
vt 0.877454 0.557605
vt 0.870404 0.557179
vt 0.863221 0.556883
vt 0.853032 0.556703
vt 0.853427 0.535111
vt 0.868500 0.578049
vt 0.861443 0.578205
vt 0.852267 0.578399
vt 0.831810 0.578758
vt 0.832205 0.556730
vt 0.862163 0.599517
vt 0.852607 0.600221
vt 0.831948 0.601072
vt 0.808390 0.601572
vt 0.808290 0.579319
vt 0.853457 0.622006
vt 0.832387 0.622933
vt 0.808625 0.623489
vt 0.784938 0.623849
vt 0.784825 0.601869
vt 0.832645 0.644516
vt 0.808769 0.645222
vt 0.785018 0.645717
vt 0.761419 0.646041
vt 0.761396 0.624108
vt 0.808735 0.667069
vt 0.785027 0.667703
vt 0.761399 0.668055
vt 0.737872 0.668179
vt 0.737963 0.646223
vt 0.784995 0.690077
vt 0.761344 0.690358
vt 0.737723 0.690268
vt 0.714290 0.689938
vt 0.714516 0.668169
vt 0.761294 0.713212
vt 0.737524 0.712671
vt 0.714001 0.711638
vt 0.690742 0.710556
vt 0.691048 0.689624
vt 0.737287 0.734915
vt 0.713648 0.733034
vt 0.690525 0.730575
vt 0.666864 0.729063
vt 0.667345 0.710055
vt 0.713245 0.750499
vt 0.690550 0.747890
vt 0.666674 0.745216
vt 0.690848 0.761560
vt 0.667108 0.759022
vt 0.639270 0.756716
vt 0.610546 0.754438
vt 0.639020 0.769119
vt 0.609916 0.765608
vt 0.923128 0.523167
vt 0.937168 0.523591
vt 0.937146 0.534134
vt 0.923080 0.534354
vt 0.947784 0.523012
vt 0.947668 0.534254
vt 0.947315 0.543121
vt 0.954519 0.533916
vt 0.954321 0.543446
vt 0.245323 0.752414
vt 0.245436 0.745659
vt 0.252747 0.745903
vt 0.252459 0.752746
vt 0.251431 0.761923
vt 0.245122 0.762171
vt 0.896433 0.656771
vt 0.896978 0.649236
vt 0.905516 0.648659
vt 0.905133 0.656720
vt 0.914577 0.648195
vt 0.914812 0.656674
vt 0.922317 0.571944
vt 0.922252 0.563521
vt 0.934418 0.564532
vt 0.935386 0.573690
vt 0.944865 0.576740
vt 0.945293 0.587756
vt 0.944299 0.566989
vt 0.952053 0.570273
vt 0.951822 0.579987
vt 0.943766 0.558344
vt 0.952281 0.560835
vt 0.959400 0.563196
vt 0.958653 0.573460
vt 0.943165 0.550393
vt 0.952416 0.552350
vt 0.959444 0.552982
vt 0.937840 0.419683
vt 0.930256 0.420906
vt 0.922314 0.431970
vt 0.439683 0.159596
vt 0.444094 0.161399
vt 0.443608 0.168520
vt 0.439395 0.167375
vt 0.754518 0.850947
vt 0.762155 0.852047
vt 0.753441 0.840322
vt 0.761148 0.842336
vt 0.770988 0.844073
vt 0.771707 0.853145
vt 0.753445 0.830035
vt 0.760087 0.832186
vt 0.769648 0.833725
vt 0.787684 0.833276
vt 0.789244 0.844358
vt 0.758072 0.822929
vt 0.767184 0.823294
vt 0.783612 0.823367
vt 0.763536 0.814477
vt 0.779974 0.813516
vt 0.801901 0.814810
vt 0.802073 0.824217
vt 0.759815 0.806923
vt 0.776968 0.804375
vt 0.799198 0.803595
vt 0.774437 0.796712
vt 0.797071 0.794738
vt 0.817512 0.794791
vt 0.818450 0.804806
vt 0.835915 0.795840
vt 0.835387 0.805772
vt 0.855711 0.798016
vt 0.854817 0.807498
vt 0.853760 0.820647
vt 0.875634 0.811982
vt 0.874214 0.825327
vt 0.874013 0.841138
vt 0.853626 0.836784
vt 0.875000 0.851749
vt 0.854285 0.849061
vt 0.876270 0.858210
vt 0.855325 0.856635
vt 0.834355 0.854942
vt 0.856355 0.863247
vt 0.835277 0.862197
vt 0.814087 0.861525
vt 0.813962 0.853609
vt 0.790084 0.861481
vt 0.789356 0.853721
vt 0.771782 0.861071
vt 0.790579 0.869016
vt 0.771448 0.868664
vt 0.790899 0.875156
vt 0.770904 0.874211
vt 0.400423 0.324734
vt 0.405980 0.326020
vt 0.405980 0.337040
vt 0.400488 0.335198
vt 0.566140 0.776103
vt 0.546179 0.775147
vt 0.546012 0.769038
vt 0.566818 0.769813
vt 0.580278 0.770103
vt 0.578131 0.775727
vt 0.567596 0.763260
vt 0.585053 0.764201
vt 0.951825 0.596686
vt 0.945874 0.597480
vt 0.951619 0.589900
vt 0.438535 0.205357
vt 0.430238 0.206820
vt 0.545729 0.761804
vt 0.545286 0.754003
vt 0.522849 0.751725
vt 0.522696 0.738537
vt 0.544590 0.740038
vt 0.522740 0.759438
vt 0.500709 0.756901
vt 0.500664 0.749401
vt 0.522496 0.766781
vt 0.500610 0.764176
vt 0.479313 0.761847
vt 0.479086 0.755006
vt 0.522472 0.773405
vt 0.500668 0.770810
vt 0.479754 0.767926
vt 0.458501 0.766231
vt 0.457721 0.760373
vt 0.857950 0.874707
vt 0.836819 0.874848
vt 0.836091 0.869070
vt 0.857282 0.869707
vt 0.191500 0.451379
vt 0.185668 0.451940
vt 0.186173 0.431599
vt 0.191500 0.431011
vt 0.186007 0.413776
vt 0.190976 0.413016
vt 0.878432 0.870297
vt 0.877405 0.864333
vt 0.895994 0.865157
vt 0.897075 0.870543
vt 0.909123 0.866338
vt 0.909153 0.870541
vt 0.895329 0.859692
vt 0.909254 0.862004
vt 0.919524 0.863107
vt 0.919935 0.866978
vt 0.894724 0.854273
vt 0.909342 0.856605
vt 0.919057 0.858140
vt 0.611180 0.114313
vt 0.609444 0.104480
vt 0.613434 0.102844
vt 0.614943 0.114327
vt 0.909835 0.849604
vt 0.919770 0.851231
vt 0.927750 0.851072
vt 0.928626 0.856438
vt 0.176465 0.211499
vt 0.177444 0.203896
vt 0.181925 0.203092
vt 0.181925 0.212565
vt 0.919923 0.842578
vt 0.927123 0.842165
vt 0.933699 0.846750
vt 0.925417 0.828518
vt 0.916820 0.812127
vt 0.919008 0.806640
vt 0.689839 0.205234
vt 0.712227 0.206408
vt 0.714285 0.210868
vt 0.691011 0.210512
vt 0.670069 0.201761
vt 0.900478 0.797693
vt 0.902179 0.792183
vt 0.878779 0.788052
vt 0.879360 0.783046
vt 0.898593 0.804447
vt 0.877996 0.795023
vt 0.856342 0.790385
vt 0.856657 0.783342
vt 0.876960 0.802586
vt 0.008312 0.178733
vt 0.008723 0.197560
vt 0.002360 0.198522
vt 0.002022 0.179083
vt 0.004058 0.157927
vt 0.009575 0.158268
vt 0.836188 0.787943
vt 0.836535 0.781060
vt 0.816834 0.786888
vt 0.816314 0.780087
vt 0.594554 0.164600
vt 0.572955 0.165613
vt 0.571807 0.158905
vt 0.593676 0.159194
vt 0.009575 0.216902
vt 0.003884 0.218310
vt 0.795411 0.787258
vt 0.794466 0.781339
vt 0.772128 0.789624
vt 0.770157 0.785421
vt 0.549040 0.165059
vt 0.545893 0.157946
vt 0.550232 0.079620
vt 0.555350 0.078449
vt 0.322875 0.653356
vt 0.322251 0.660020
vt 0.545694 0.150762
vt 0.571133 0.151458
vt 0.545237 0.143461
vt 0.570739 0.144151
vt 0.592863 0.144303
vt 0.593121 0.151717
vt 0.612695 0.144726
vt 0.613420 0.151795
vt 0.614078 0.158896
vt 0.632892 0.146427
vt 0.633462 0.152545
vt 0.634390 0.158850
vt 0.655145 0.148196
vt 0.656289 0.153310
vt 0.657292 0.158802
vt 0.737300 0.207093
vt 0.739191 0.211942
vt 0.717072 0.216874
vt 0.735222 0.201690
vt 0.679825 0.148496
vt 0.653516 0.142521
vt 0.678700 0.142298
vt 0.176180 0.410766
vt 0.171370 0.413247
vt 0.167369 0.388093
vt 0.171425 0.386035
vt 0.691955 0.215930
vt 0.692841 0.220225
vt 0.671010 0.217254
vt 0.162257 0.366811
vt 0.163016 0.389176
vt 0.158551 0.368322
vt 0.892892 0.151375
vt 0.897218 0.151142
vt 0.896302 0.168379
vt 0.892534 0.169069
vt 0.888047 0.170707
vt 0.888023 0.153206
vt 0.896410 0.182383
vt 0.892204 0.182317
vt 0.888023 0.181258
vt 0.900276 0.167799
vt 0.900551 0.181929
vt 0.897776 0.195816
vt 0.893848 0.193630
vt 0.890208 0.191304
vt 0.904048 0.180986
vt 0.902201 0.197245
vt 0.617756 0.101688
vt 0.622026 0.099673
vt 0.621769 0.114285
vt 0.618295 0.114001
vt 0.624290 0.096676
vt 0.624290 0.114900
vt 0.919555 0.870636
vt 0.919051 0.873571
vt 0.909732 0.874041
vt 0.166605 0.418579
vt 0.166605 0.428960
vt 0.162850 0.428484
vt 0.162540 0.417858
vt 0.168243 0.369874
vt 0.172350 0.369154
vt 0.172350 0.380274
vt 0.167607 0.381085
vt 0.898105 0.875156
vt 0.438975 0.760080
vt 0.438109 0.754230
vt 0.457173 0.753729
vt 0.439856 0.764897
vt 0.437068 0.747089
vt 0.456684 0.746513
vt 0.478815 0.747667
vt 0.456185 0.735214
vt 0.478471 0.735923
vt 0.500538 0.737114
vt 0.477906 0.717011
vt 0.499930 0.717750
vt 0.521737 0.718225
vt 0.498687 0.694288
vt 0.520285 0.694531
vt 0.541607 0.694472
vt 0.543225 0.718436
vt 0.562368 0.694045
vt 0.540103 0.670956
vt 0.561164 0.670686
vt 0.581936 0.670226
vt 0.582603 0.693220
vt 0.602658 0.669642
vt 0.602493 0.692122
vt 0.623771 0.669044
vt 0.622763 0.690948
vt 0.645743 0.668554
vt 0.644945 0.690033
vt 0.643662 0.710751
vt 0.667896 0.689588
vt 0.668377 0.668258
vt 0.691347 0.668160
vt 0.668726 0.646518
vt 0.691582 0.646406
vt 0.714676 0.646323
vt 0.691737 0.624506
vt 0.714776 0.624408
vt 0.737999 0.624291
vt 0.714810 0.602468
vt 0.737990 0.602338
vt 0.761338 0.602138
vt 0.737949 0.580378
vt 0.761287 0.580129
vt 0.784736 0.579790
vt 0.761214 0.558218
vt 0.784716 0.557810
vt 0.808397 0.557253
vt 0.784686 0.536107
vt 0.808526 0.535622
vt 0.832562 0.535204
vt 0.808453 0.514220
vt 0.832515 0.513747
vt 0.853147 0.513295
vt 0.832060 0.492253
vt 0.852806 0.491406
vt 0.864721 0.490760
vt 0.852373 0.469649
vt 0.863858 0.468647
vt 0.871616 0.467908
vt 0.862106 0.447318
vt 0.869325 0.446500
vt 0.876291 0.445608
vt 0.878724 0.467308
vt 0.867097 0.425662
vt 0.873997 0.424907
vt 0.173633 0.545214
vt 0.174265 0.563937
vt 0.167337 0.563942
vt 0.173280 0.581336
vt 0.166392 0.581235
vt 0.159087 0.582160
vt 0.160083 0.564869
vt 0.360172 0.916318
vt 0.360779 0.922249
vt 0.340429 0.923626
vt 0.339594 0.917092
vt 0.338598 0.909432
vt 0.318501 0.918064
vt 0.317846 0.910776
vt 0.316706 0.899942
vt 0.295552 0.911066
vt 0.295293 0.900453
vt 0.293966 0.882737
vt 0.272624 0.900226
vt 0.272763 0.883547
vt 0.270690 0.862471
vt 0.250643 0.883337
vt 0.250292 0.864226
vt 0.249051 0.847144
vt 0.268780 0.844003
vt 0.867105 0.139086
vt 0.886058 0.134327
vt 0.886646 0.150671
vt 0.868929 0.154542
vt 0.848262 0.160316
vt 0.139039 0.777491
vt 0.139039 0.754892
vt 0.157030 0.753229
vt 0.156905 0.775653
vt 0.870521 0.164012
vt 0.851788 0.171964
vt 0.833564 0.178837
vt 0.830689 0.165801
vt 0.854706 0.178518
vt 0.835945 0.186798
vt 0.815180 0.189187
vt 0.813863 0.180664
vt 0.812179 0.167198
vt 0.837987 0.191585
vt 0.816279 0.194319
vt 0.794557 0.194872
vt 0.793898 0.189804
vt 0.413452 0.611468
vt 0.817388 0.198971
vt 0.795046 0.199418
vt 0.394351 0.619132
vt 0.394776 0.623994
vt 0.373204 0.626497
vt 0.394927 0.628590
vt 0.373141 0.631190
vt 0.352593 0.634394
vt 0.373045 0.635886
vt 0.352907 0.639022
vt 0.331516 0.643973
vt 0.353260 0.643963
vt 0.331766 0.648860
vt 0.312652 0.654160
vt 0.428273 0.214952
vt 0.445728 0.207371
vt 0.445943 0.211052
vt 0.429113 0.218310
vt 0.004120 0.419183
vt 0.008857 0.419609
vt 0.015320 0.435105
vt 0.004548 0.438041
vt 0.032555 0.645323
vt 0.032555 0.662590
vt 0.028077 0.661797
vt 0.027744 0.644341
vt 0.012751 0.460942
vt 0.004900 0.461722
vt 0.405980 0.280543
vt 0.405809 0.300568
vt 0.400936 0.301060
vt 0.400936 0.280673
vt 0.405780 0.321367
vt 0.401008 0.321720
vt 0.412507 0.662591
vt 0.407768 0.648415
vt 0.411202 0.647944
vt 0.415555 0.659446
vt 0.571579 0.188014
vt 0.554837 0.188894
vt 0.557117 0.184345
vt 0.570832 0.184173
vt 0.571089 0.191598
vt 0.553093 0.193415
vt 0.532220 0.183816
vt 0.532769 0.179556
vt 0.562737 0.179307
vt 0.530948 0.188195
vt 0.512274 0.187934
vt 0.513116 0.183479
vt 0.530590 0.192300
vt 0.511342 0.192372
vt 0.488837 0.191980
vt 0.489590 0.187434
vt 0.485440 0.200326
vt 0.466715 0.203477
vt 0.466237 0.200992
vt 0.485702 0.197199
vt 0.508315 0.195617
vt 0.507671 0.198472
vt 0.532755 0.198838
vt 0.531817 0.201966
vt 0.394427 0.637730
vt 0.372796 0.640722
vt 0.394902 0.633323
vt 0.178464 0.021778
vt 0.182640 0.022239
vt 0.183840 0.046473
vt 0.179821 0.046274
vt 0.183632 0.070853
vt 0.179775 0.070758
vt 0.416215 0.630612
vt 0.415721 0.625977
vt 0.818954 0.206820
vt 0.818084 0.202639
vt 0.841511 0.199692
vt 0.842604 0.203519
vt 0.862673 0.195331
vt 0.840055 0.195605
vt 0.876015 0.186240
vt 0.877652 0.190544
vt 0.864107 0.199239
vt 0.182507 0.091597
vt 0.178464 0.091920
vt 0.625208 0.001166
vt 0.626205 0.015320
vt 0.621780 0.015317
vt 0.621780 0.000624
vt 0.574500 0.216114
vt 0.573233 0.218310
vt 0.555193 0.208108
vt 0.556009 0.205636
vt 0.444251 0.193415
vt 0.428626 0.192877
vt 0.430168 0.189583
vt 0.444734 0.189415
vt 0.466311 0.188286
vt 0.465915 0.193004
vt 0.445433 0.185547
vt 0.467212 0.183590
vt 0.490419 0.182972
vt 0.467819 0.179197
vt 0.491370 0.177827
vt 0.513800 0.179210
vt 0.492942 0.172000
vt 0.515731 0.175030
vt 0.525873 0.174915
vt 0.526263 0.168858
vt 0.527086 0.170096
vt 0.580588 0.231715
vt 0.580588 0.201572
vt 0.583277 0.199470
vt 0.585990 0.225978
vt 0.468690 0.172538
vt 0.445813 0.180080
vt 0.446169 0.172648
vt 0.447708 0.169828
vt 0.469747 0.167420
vt 0.498646 0.165841
vt 0.687615 0.059015
vt 0.692608 0.059649
vt 0.699189 0.061016
vt 0.692502 0.087545
vt 0.689135 0.113418
vt 0.707380 0.063170
vt 0.702286 0.089158
vt 0.703069 0.114712
vt 0.715900 0.137243
vt 0.692591 0.138362
vt 0.716590 0.091016
vt 0.722058 0.115819
vt 0.735579 0.136109
vt 0.754836 0.148040
vt 0.742705 0.151482
vt 0.737722 0.117142
vt 0.743937 0.133917
vt 0.768402 0.143969
vt 0.791321 0.160759
vt 0.782415 0.161703
vt 0.747297 0.133242
vt 0.778728 0.141772
vt 0.792494 0.159539
vt 0.733006 0.247549
vt 0.712177 0.252924
vt 0.711888 0.249596
vt 0.732020 0.242427
vt 0.792450 0.136890
vt 0.792811 0.158464
vt 0.733904 0.251887
vt 0.712439 0.256284
vt 0.692995 0.255997
vt 0.693016 0.252770
vt 0.734285 0.256848
vt 0.712737 0.260087
vt 0.692862 0.260832
vt 0.674817 0.257244
vt 0.676930 0.248920
vt 0.713041 0.265941
vt 0.692637 0.268272
vt 0.673075 0.267130
vt 0.654390 0.258993
vt 0.660650 0.239237
vt 0.692445 0.278271
vt 0.672188 0.278052
vt 0.651905 0.273482
vt 0.671523 0.291531
vt 0.650708 0.289003
vt 0.629593 0.284033
vt 0.607051 0.274964
vt 0.649887 0.305875
vt 0.628655 0.302857
vt 0.607123 0.298952
vt 0.585727 0.294555
vt 0.586033 0.269336
vt 0.627778 0.322122
vt 0.606273 0.319435
vt 0.584688 0.316279
vt 0.563102 0.312636
vt 0.564344 0.289886
vt 0.605227 0.340105
vt 0.583447 0.337717
vt 0.561640 0.334907
vt 0.540139 0.331758
vt 0.541808 0.308588
vt 0.582263 0.359253
vt 0.560267 0.357115
vt 0.538511 0.354740
vt 0.517133 0.352268
vt 0.519106 0.328627
vt 0.559044 0.379354
vt 0.536996 0.377579
vt 0.515146 0.375684
vt 0.493433 0.373730
vt 0.496025 0.349896
vt 0.535652 0.400239
vt 0.513292 0.398760
vt 0.490802 0.397136
vt 0.467421 0.395089
vt 0.471726 0.371583
vt 0.511766 0.421451
vt 0.488654 0.419980
vt 0.465101 0.418122
vt 0.444453 0.415978
vt 0.448002 0.392777
vt 0.487270 0.442723
vt 0.463532 0.441216
vt 0.442902 0.439898
vt 0.433009 0.439348
vt 0.434810 0.414873
vt 0.462879 0.464531
vt 0.442222 0.463641
vt 0.432029 0.463290
vt 0.424361 0.462954
vt 0.425236 0.438969
vt 0.442058 0.487152
vt 0.431336 0.486821
vt 0.423055 0.486584
vt 0.416056 0.486474
vt 0.417435 0.462683
vt 0.430855 0.510738
vt 0.422436 0.510769
vt 0.415485 0.510756
vt 0.279289 0.838829
vt 0.279105 0.831914
vt 0.303403 0.832404
vt 0.303571 0.839349
vt 0.422146 0.534438
vt 0.414904 0.534521
vt 0.255519 0.838934
vt 0.255275 0.832007
vt 0.255105 0.823837
vt 0.278931 0.823684
vt 0.231727 0.839320
vt 0.231421 0.832521
vt 0.231371 0.824266
vt 0.231666 0.814636
vt 0.255009 0.814571
vt 0.207853 0.832917
vt 0.208113 0.824567
vt 0.208734 0.814195
vt 0.209936 0.798251
vt 0.232248 0.800278
vt 0.186216 0.824238
vt 0.187045 0.812677
vt 0.187907 0.796087
vt 0.187673 0.780703
vt 0.210285 0.781746
vt 0.165341 0.809963
vt 0.165210 0.794648
vt 0.164625 0.780012
vt 0.923773 0.479321
vt 0.908572 0.481078
vt 0.909532 0.460654
vt 0.925168 0.458749
vt 0.142225 0.793475
vt 0.141506 0.779445
vt 0.922410 0.499897
vt 0.907262 0.501898
vt 0.889233 0.501555
vt 0.890936 0.480554
vt 0.920978 0.519737
vt 0.905566 0.521882
vt 0.886934 0.522102
vt 0.014475 0.159468
vt 0.033584 0.158514
vt 0.032012 0.182086
vt 0.012732 0.182770
vt 0.904247 0.541041
vt 0.885864 0.542294
vt 0.015117 0.136706
vt 0.035470 0.135252
vt 0.058774 0.134710
vt 0.056572 0.157666
vt 0.015479 0.115034
vt 0.037156 0.113246
vt 0.061013 0.112212
vt 0.085586 0.111030
vt 0.083695 0.134317
vt 0.037111 0.092558
vt 0.060424 0.089906
vt 0.085131 0.087767
vt 0.110252 0.086943
vt 0.110099 0.109805
vt 0.056815 0.068305
vt 0.082277 0.065880
vt 0.108012 0.065217
vt 0.131844 0.064932
vt 0.134155 0.086293
vt 0.079813 0.052975
vt 0.105937 0.051770
vt 0.129967 0.049049
vt 0.127791 0.739459
vt 0.126663 0.762117
vt 0.110324 0.762170
vt 0.111622 0.738671
vt 0.104469 0.043643
vt 0.128873 0.041096
vt 0.135965 0.739819
vt 0.135192 0.761985
vt 0.151027 0.038620
vt 0.173925 0.036115
vt 0.174608 0.046084
vt 0.151637 0.047540
vt 0.127962 0.034810
vt 0.150433 0.032257
vt 0.173387 0.029476
vt 0.026093 0.722788
vt 0.026163 0.698147
vt 0.033428 0.698494
vt 0.032506 0.722713
vt 0.149878 0.027183
vt 0.172922 0.024546
vt 0.021322 0.722911
vt 0.021159 0.698031
vt 0.020755 0.676894
vt 0.026219 0.677920
vt 0.016591 0.723167
vt 0.016317 0.698042
vt 0.015745 0.676482
vt 0.015998 0.662864
vt 0.021131 0.663122
vt 0.011509 0.698349
vt 0.010785 0.676171
vt 0.011055 0.662561
vt 0.224805 0.010118
vt 0.234750 0.010132
vt 0.235032 0.015147
vt 0.224848 0.015296
vt 0.005873 0.676188
vt 0.006226 0.662473
vt 0.224532 0.005106
vt 0.234169 0.005305
vt 0.245966 0.005394
vt 0.246607 0.010176
vt 0.007840 0.653062
vt 0.001829 0.661869
vt 0.003442 0.653074
vt 0.233345 0.001079
vt 0.245214 0.001428
vt 0.266382 0.002829
vt 0.265639 0.006502
vt 0.208209 0.190669
vt 0.207756 0.201576
vt 0.204669 0.202990
vt 0.204904 0.191196
vt 0.204581 0.170067
vt 0.209751 0.170329
vt 0.204540 0.138701
vt 0.211249 0.140999
vt 0.445927 0.121695
vt 0.466831 0.116623
vt 0.423533 0.141502
vt 0.420248 0.133330
vt 0.170331 0.005745
vt 0.146629 0.004955
vt 0.146719 0.001793
vt 0.170240 0.002874
vt 0.195137 0.001384
vt 0.195330 0.005393
vt 0.209436 0.114372
vt 0.213758 0.114265
vt 0.210714 0.091088
vt 0.214480 0.090785
vt 0.205948 0.114212
vt 0.207072 0.092012
vt 0.540030 0.095901
vt 0.540030 0.112985
vt 0.536776 0.112855
vt 0.537017 0.095991
vt 0.126736 0.004419
vt 0.126459 0.001384
vt 0.207795 0.071556
vt 0.212565 0.070761
vt 0.204853 0.053872
vt 0.209624 0.053785
vt 0.175680 0.303927
vt 0.174465 0.284092
vt 0.177268 0.321790
vt 0.163305 0.192816
vt 0.163469 0.181520
vt 0.166605 0.181022
vt 0.166250 0.193787
vt 0.163100 0.210650
vt 0.160802 0.209608
vt 0.202072 0.044118
vt 0.206987 0.043059
vt 0.199396 0.036295
vt 0.201684 0.028762
vt 0.177972 0.332554
vt 0.183407 0.339007
vt 0.178748 0.341365
vt 0.183349 0.346897
vt 0.179699 0.369111
vt 0.188943 0.338006
vt 0.188368 0.341157
vt 0.188852 0.361232
vt 0.183560 0.361933
vt 0.193082 0.336146
vt 0.193385 0.336727
vt 0.196977 0.331886
vt 0.192464 0.334962
vt 0.181828 0.384681
vt 0.187001 0.392183
vt 0.190420 0.387762
vt 0.184939 0.407209
vt 0.184704 0.406904
vt 0.180174 0.399877
vt 0.419385 0.333210
vt 0.418180 0.330134
vt 0.419385 0.327971
vt 0.418801 0.324674
vt 0.189585 0.254637
vt 0.189585 0.260440
vt 0.188136 0.259326
vt 0.187983 0.256873
vt 0.176736 0.091996
vt 0.176787 0.092080
vt 0.178095 0.094153
vt 0.176829 0.097277
vt 0.176736 0.097665
vt 0.198106 0.147388
vt 0.197735 0.145112
vt 0.197882 0.142541
vt 0.199160 0.145624
vt 0.198683 0.147130
vt 0.197735 0.147455
vt 0.003830 0.148466
vt 0.003805 0.150901
vt 0.003661 0.151285
vt 0.003661 0.145630
vt 0.172350 0.149012
vt 0.172113 0.149370
vt 0.172113 0.143345
vt 0.172218 0.143752
vt 0.410156 0.139795
vt 0.410313 0.133698
vt 0.410156 0.133437
vt 0.411725 0.139055
vt 0.185159 0.407166
vt 0.185252 0.407269
vt 0.181347 0.405891
vt 0.181690 0.402699
vt 0.181636 0.408391
vt 0.177862 0.408281
vt 0.176796 0.397713
vt 0.197367 0.034491
vt 0.199160 0.045960
vt 0.195034 0.029045
vt 0.199160 0.004382
vt 0.965947 0.629535
vt 0.962721 0.633052
vt 0.918319 0.634950
vt 0.931665 0.629951
vt 0.189585 0.565242
vt 0.182771 0.560179
vt 0.183246 0.528834
vt 0.187480 0.530656
vt 0.962092 0.638783
vt 0.918449 0.639167
vt 0.431335 0.047807
vt 0.430642 0.052617
vt 0.402090 0.048051
vt 0.400941 0.042972
vt 0.887641 0.629919
vt 0.890235 0.625222
vt 0.404108 0.037809
vt 0.387972 0.040590
vt 0.388478 0.035674
vt 0.164534 0.164815
vt 0.160802 0.165144
vt 0.178464 0.605141
vt 0.175193 0.602827
vt 0.387726 0.045496
vt 0.373513 0.042367
vt 0.374609 0.037576
vt 0.375861 0.032950
vt 0.356114 0.038094
vt 0.357464 0.033356
vt 0.358766 0.028768
vt 0.336052 0.032892
vt 0.337457 0.028497
vt 0.338769 0.023822
vt 0.314084 0.027084
vt 0.315507 0.022779
vt 0.317029 0.018046
vt 0.289327 0.020313
vt 0.290521 0.015622
vt 0.292070 0.010947
vt 0.264576 0.016160
vt 0.265074 0.011456
vt 0.246509 0.015100
vt 0.264137 0.021019
vt 0.246914 0.020193
vt 0.235166 0.020462
vt 0.247247 0.025855
vt 0.235709 0.026325
vt 0.224903 0.026639
vt 0.224923 0.020682
vt 0.235333 0.034181
vt 0.224832 0.034256
vt 0.026822 0.663570
vt 0.034119 0.664241
vt 0.033700 0.677802
vt 0.045390 0.665025
vt 0.044618 0.678632
vt 0.043959 0.699062
vt 0.064024 0.679858
vt 0.062191 0.700451
vt 0.059009 0.723263
vt 0.042121 0.722732
vt 0.082742 0.701795
vt 0.080673 0.724117
vt 0.175328 0.063653
vt 0.175781 0.086418
vt 0.154189 0.086746
vt 0.152624 0.064650
vt 0.173833 0.110735
vt 0.153485 0.109638
vt 0.088921 0.761989
vt 0.068369 0.762170
vt 0.069768 0.738917
vt 0.089998 0.737584
vt 0.133564 0.109362
vt 0.151340 0.134209
vt 0.130966 0.133769
vt 0.108143 0.133881
vt 0.128368 0.157522
vt 0.105899 0.157087
vt 0.081487 0.157193
vt 0.104119 0.179753
vt 0.079689 0.179514
vt 0.054900 0.180412
vt 0.078430 0.201212
vt 0.053981 0.202430
vt 0.031754 0.205109
vt 0.054509 0.224489
vt 0.032714 0.228173
vt 0.011463 0.229544
vt 0.011619 0.206440
vt 0.033290 0.250302
vt 0.011246 0.251418
vt 0.891259 0.460116
vt 0.891653 0.440768
vt 0.910568 0.440868
vt 0.893100 0.421555
vt 0.911897 0.421383
vt 0.209892 0.767683
vt 0.231926 0.768024
vt 0.232514 0.782821
vt 0.926716 0.438422
vt 0.254576 0.769380
vt 0.255026 0.784021
vt 0.255062 0.801187
vt 0.278485 0.785613
vt 0.278591 0.801636
vt 0.278758 0.814504
vt 0.302758 0.802203
vt 0.302899 0.814796
vt 0.303161 0.824204
vt 0.327010 0.815576
vt 0.327154 0.824695
vt 0.327300 0.832753
vt 0.351617 0.825472
vt 0.351566 0.833195
vt 0.351468 0.839924
vt 0.327398 0.839448
vt 0.377139 0.833929
vt 0.376996 0.840496
vt 0.418634 0.438639
vt 0.420417 0.413158
vt 0.427026 0.413926
vt 0.424578 0.389070
vt 0.431198 0.390245
vt 0.438994 0.391525
vt 0.434807 0.367292
vt 0.442754 0.368295
vt 0.452247 0.369421
vt 0.445252 0.344669
vt 0.455789 0.345662
vt 0.475167 0.347634
vt 0.457767 0.321646
vt 0.477567 0.323487
vt 0.498238 0.325855
vt 0.479160 0.298741
vt 0.500040 0.301493
vt 0.520909 0.304770
vt 0.501251 0.276944
vt 0.522302 0.280738
vt 0.543251 0.285026
vt 0.522982 0.256957
vt 0.543904 0.260331
vt 0.564824 0.264685
vt 0.544194 0.234122
vt 0.564252 0.234198
vt 0.584780 0.234091
vt 0.878819 0.976651
vt 0.858662 0.976457
vt 0.858051 0.957846
vt 0.876208 0.956394
vt 0.837811 0.976483
vt 0.838069 0.959792
vt 0.815648 0.976651
vt 0.816717 0.961662
vt 0.817594 0.943339
vt 0.795568 0.962948
vt 0.796560 0.946092
vt 0.795743 0.926100
vt 0.817161 0.923576
vt 0.793631 0.911569
vt 0.816074 0.907897
vt 0.839020 0.907058
vt 0.815153 0.898581
vt 0.839064 0.897135
vt 0.865371 0.898330
vt 0.863291 0.908789
vt 0.839295 0.889594
vt 0.866988 0.890745
vt 0.839469 0.882638
vt 0.868826 0.884093
vt 0.839422 0.877410
vt 0.871097 0.880776
vt 0.507023 0.053238
vt 0.510364 0.048985
vt 0.537297 0.055535
vt 0.478944 0.047589
vt 0.479160 0.041709
vt 0.508402 0.042762
vt 0.479470 0.035368
vt 0.508118 0.038088
vt 0.541176 0.035217
vt 0.577391 0.030051
vt 0.508062 0.030711
vt 0.541180 0.028649
vt 0.578005 0.025637
vt 0.597729 0.026234
vt 0.596856 0.029395
vt 0.540087 0.022569
vt 0.576286 0.021275
vt 0.600278 0.024634
vt 0.627328 0.034805
vt 0.618718 0.032283
vt 0.584334 0.016344
vt 0.599460 0.018973
vt 0.621827 0.028322
vt 0.599074 0.014443
vt 0.615182 0.020063
vt 0.547690 0.101156
vt 0.544038 0.111070
vt 0.632570 0.034419
vt 0.634006 0.037714
vt 0.185707 0.033114
vt 0.186996 0.034089
vt 0.187670 0.037249
vt 0.185707 0.040215
vt 0.185846 0.033001
vt 0.187643 0.034070
vt 0.187300 0.188771
vt 0.187670 0.186946
vt 0.187604 0.186924
vt 0.187670 0.189585
vt 0.174265 0.335003
vt 0.174113 0.334999
vt 0.174265 0.338955
vt 0.173832 0.337561
vt 0.634373 0.039145
vt 0.638225 0.037579
vt 0.638551 0.037855
vt 0.638245 0.039925
vt 0.145540 0.103081
vt 0.145133 0.103077
vt 0.145540 0.107240
vt 0.144562 0.104863
vt 0.172280 0.616705
vt 0.172350 0.635780
vt 0.170514 0.635758
vt 0.170514 0.614844
vt 0.174759 0.627628
vt 0.174160 0.626908
vt 0.176180 0.645355
vt 0.174160 0.645337
vt 0.432948 0.161960
vt 0.434669 0.142323
vt 0.436620 0.143998
vt 0.434439 0.162775
vt 0.913785 0.893476
vt 0.914251 0.892988
vt 0.941311 0.907102
vt 0.930759 0.911054
vt 0.766000 0.218040
vt 0.766000 0.243205
vt 0.761864 0.239618
vt 0.764081 0.218175
vt 0.925252 0.913046
vt 0.948435 0.933047
vt 0.938132 0.934290
vt 0.931735 0.934537
vt 0.923275 0.913987
vt 0.758513 0.238033
vt 0.762099 0.218283
vt 0.013405 0.640172
vt 0.013405 0.660675
vt 0.008863 0.657195
vt 0.009809 0.639830
vt 0.598219 0.046283
vt 0.597879 0.042926
vt 0.617856 0.040943
vt 0.618610 0.042977
vt 0.597329 0.039529
vt 0.617486 0.039353
vt 0.191871 0.555015
vt 0.193415 0.555350
vt 0.191664 0.539823
vt 0.193415 0.538149
vt 0.024895 0.644032
vt 0.023743 0.660359
vt 0.021771 0.660676
vt 0.023582 0.648853
vt 0.633154 0.039994
vt 0.628486 0.038628
vt 0.616748 0.034665
vt 0.616831 0.032911
vt 0.633591 0.037726
vt 0.596387 0.032694
vt 0.617244 0.037173
vt 0.596986 0.036157
vt 0.577634 0.041811
vt 0.628351 0.039545
vt 0.577281 0.045683
vt 0.926799 0.934566
vt 0.937452 0.956778
vt 0.930689 0.957376
vt 0.666957 0.032030
vt 0.659408 0.033758
vt 0.946681 0.957356
vt 0.958345 0.957063
vt 0.970923 0.926148
vt 0.975488 0.957501
vt 0.925343 0.889590
vt 0.658714 0.217947
vt 0.661137 0.217950
vt 0.666691 0.217421
vt 0.676876 0.240632
vt 0.677030 0.243575
vt 0.692928 0.249979
vt 0.191500 0.244544
vt 0.190350 0.248950
vt 0.187061 0.224405
vt 0.191500 0.213621
vt 0.674884 0.239487
vt 0.692694 0.247725
vt 0.711428 0.246765
vt 0.692396 0.245892
vt 0.710652 0.244546
vt 0.792571 0.181141
vt 0.792460 0.182005
vt 0.774564 0.162872
vt 0.792708 0.180568
vt 0.792360 0.183003
vt 0.763097 0.166622
vt 0.717058 0.159780
vt 0.745061 0.173973
vt 0.704782 0.179720
vt 0.691407 0.182531
vt 0.686176 0.164624
vt 0.681185 0.139378
vt 0.145150 0.072407
vt 0.145540 0.090493
vt 0.141018 0.090332
vt 0.140150 0.071341
vt 0.139401 0.042816
vt 0.145540 0.046927
vt 0.671387 0.006121
vt 0.689773 0.007828
vt 0.648345 0.008983
vt 0.644645 0.002278
vt 0.139964 0.102313
vt 0.137099 0.101848
vt 0.136650 0.089999
vt 0.143290 0.103404
vt 0.701801 0.012072
vt 0.707553 0.012412
vt 0.707539 0.013788
vt 0.701778 0.014487
vt 0.137822 0.106832
vt 0.136978 0.107240
vt 0.707288 0.014236
vt 0.701193 0.016977
vt 0.708087 0.014812
vt 0.700715 0.019216
vt 0.688353 0.024724
vt 0.709062 0.015408
vt 0.700776 0.022398
vt 0.577516 0.114900
vt 0.574901 0.113050
vt 0.574901 0.098004
vt 0.580245 0.100993
vt 0.710241 0.016491
vt 0.703768 0.026810
vt 0.550093 0.220772
vt 0.559977 0.212636
vt 0.561095 0.223058
vt 0.558228 0.231715
vt 0.415313 0.310915
vt 0.417470 0.318235
vt 0.415313 0.319805
vt 0.605140 0.197645
vt 0.597079 0.225970
vt 0.597079 0.197294
vt 0.683315 0.026270
vt 0.690748 0.028383
vt 0.683315 0.055535
vt 0.697060 0.035696
vt 0.464538 0.096208
vt 0.505367 0.085783
vt 0.515683 0.087801
vt 0.491916 0.084456
vt 0.028310 0.028725
vt 0.001085 0.017122
vt 0.032235 0.023623
vt 0.068940 0.017824
vt 0.068827 0.017122
vt 0.751635 0.201443
vt 0.733288 0.199785
vt 0.761030 0.193376
vt 0.789749 0.198746
vt 0.791855 0.212295
vt 0.791689 0.212565
vt 0.680764 0.234412
vt 0.694266 0.237557
vt 0.691161 0.240383
vt 0.680686 0.236634
vt 0.680841 0.238521
vt 0.691910 0.241926
vt 0.692184 0.243927
vt 0.680918 0.240457
vt 0.680235 0.241863
vt 0.427488 0.308572
vt 0.428960 0.310230
vt 0.423781 0.285181
vt 0.428960 0.284112
vt 0.158945 0.276228
vt 0.156220 0.281505
vt 0.156220 0.271697
vt 0.156299 0.271709
vt 0.166602 0.360193
vt 0.166605 0.360246
vt 0.166605 0.373425
vt 0.163656 0.363181
vt 0.166596 0.360154
vt 0.005745 0.313240
vt 0.000981 0.317890
vt 0.005193 0.290306
vt 0.000981 0.282994
vt 0.137880 0.088090
vt 0.134266 0.054763
vt 0.137880 0.042196
vt 0.136262 0.087537
vt 0.528040 0.091357
vt 0.499506 0.100785
vt 0.526812 0.095114
vt 0.505260 0.101777
vt 0.970278 0.871330
vt 0.438431 0.105588
vt 0.437063 0.104185
vt 0.439106 0.107240
vt 0.905300 0.879520
vt 0.904811 0.878941
vt 0.445261 0.196937
vt 0.442422 0.204853
vt 0.442283 0.204801
vt 0.442283 0.195591
vt 0.446195 0.198574
vt 0.442560 0.204905
vt 0.009427 0.155110
vt 0.008806 0.147819
vt 0.009575 0.147819
vt 0.009320 0.155115
vt 0.011490 0.157508
vt 0.011490 0.164690
vt 0.011197 0.163259
vt 0.011333 0.157492
vt 0.432948 0.139518
vt 0.166549 0.212505
vt 0.166551 0.209665
vt 0.166605 0.208805
vt 0.166605 0.212565
vt 0.409588 0.340870
vt 0.409810 0.340734
vt 0.407615 0.339466
vt 0.409810 0.331653
vt 0.905152 0.878589
vt 0.708406 0.237733
vt 0.709739 0.242415
vt 0.787818 0.184666
vt 0.791967 0.200861
vt 0.791856 0.201672
vt 0.765752 0.190462
vt 0.731387 0.190701
vt 0.654930 0.197245
vt 0.646652 0.186079
vt 0.647636 0.180049
vt 0.654930 0.168478
vt 0.732301 0.199845
vt 0.720640 0.200081
vt 0.382917 0.754546
vt 0.370966 0.739779
vt 0.370564 0.734278
vt 0.381459 0.742982
vt 0.383206 0.755504
vt 0.371345 0.744329
vt 0.384915 0.773661
vt 0.368101 0.720812
vt 0.368668 0.720665
vt 0.720937 0.004515
vt 0.723871 0.002278
vt 0.000905 0.164690
vt 0.000905 0.150614
vt 0.000986 0.150960
vt 0.001915 0.158828
vt 0.369962 0.728368
vt 0.379945 0.734548
vt 0.369067 0.720953
vt 0.370409 0.721364
vt 0.011894 0.149370
vt 0.011894 0.125247
vt 0.013405 0.125524
vt 0.177736 0.055535
vt 0.178095 0.055067
vt 0.176791 0.049040
vt 0.178095 0.041604
vt 0.003830 0.122070
vt 0.002176 0.149370
vt 0.001487 0.145307
vt 0.001487 0.119951
vt 0.177893 0.199028
vt 0.177710 0.198855
vt 0.180010 0.193802
vt 0.180010 0.201075
vt 0.178162 0.199286
vt 0.169980 0.279933
vt 0.170435 0.279453
vt 0.170435 0.284137
vt 0.170190 0.285335
vt 0.146495 0.224381
vt 0.149370 0.223862
vt 0.149370 0.233630
vt 0.147295 0.229714
vt 0.664323 0.227331
vt 0.570143 0.016968
vt 0.563221 0.016348
vt 0.533947 0.017762
vt 0.531892 0.012740
vt 0.560074 0.011472
vt 0.530144 0.007609
vt 0.557061 0.006321
vt 0.528923 0.002770
vt 0.555564 0.002014
vt 0.574928 0.000686
vt 0.182427 0.176613
vt 0.188184 0.156756
vt 0.192088 0.156323
vt 0.185938 0.176847
vt 0.884350 0.777490
vt 0.885331 0.756335
vt 0.890410 0.755188
vt 0.889841 0.777161
vt 0.189166 0.669177
vt 0.189600 0.662959
vt 0.895319 0.753740
vt 0.895008 0.775947
vt 0.189124 0.656833
vt 0.201237 0.658751
vt 0.188165 0.650566
vt 0.200633 0.652206
vt 0.212186 0.653046
vt 0.199544 0.645195
vt 0.211744 0.645911
vt 0.224486 0.646366
vt 0.210967 0.637535
vt 0.224715 0.637834
vt 0.243716 0.637308
vt 0.266522 0.635289
vt 0.225800 0.625674
vt 0.244037 0.625294
vt 0.265582 0.623802
vt 0.286658 0.620974
vt 0.287739 0.631391
vt 0.244744 0.603850
vt 0.264935 0.603419
vt 0.285562 0.601504
vt 0.306759 0.599105
vt 0.307892 0.617485
vt 0.264221 0.578723
vt 0.284762 0.577477
vt 0.305785 0.575731
vt 0.327333 0.573673
vt 0.328288 0.596349
vt 0.284396 0.553462
vt 0.305559 0.552311
vt 0.327007 0.550715
vt 0.348393 0.548794
vt 0.349051 0.571665
vt 0.305638 0.528557
vt 0.326724 0.526875
vt 0.347742 0.524867
vt 0.368935 0.522841
vt 0.370081 0.546947
vt 0.326322 0.501414
vt 0.347728 0.499066
vt 0.369213 0.497654
vt 0.389880 0.497552
vt 0.388738 0.521607
vt 0.348076 0.474635
vt 0.370236 0.473932
vt 0.391479 0.474444
vt 0.411421 0.475487
vt 0.407182 0.498369
vt 0.370129 0.452217
vt 0.391856 0.452797
vt 0.413214 0.453319
vt 0.800937 0.049039
vt 0.822817 0.050207
vt 0.819782 0.072423
vt 0.797305 0.070413
vt 0.392344 0.431474
vt 0.412352 0.431947
vt 0.801728 0.028193
vt 0.823548 0.028626
vt 0.845895 0.026758
vt 0.845263 0.048248
vt 0.604820 0.111428
vt 0.582944 0.112985
vt 0.583043 0.094207
vt 0.605774 0.093247
vt 0.822671 0.010279
vt 0.845460 0.008067
vt 0.866049 0.004232
vt 0.866191 0.023497
vt 0.628616 0.094405
vt 0.605677 0.073501
vt 0.628952 0.075187
vt 0.650081 0.078115
vt 0.649267 0.097012
vt 0.421721 0.846472
vt 0.423309 0.865985
vt 0.401684 0.866642
vt 0.400126 0.848642
vt 0.629508 0.056061
vt 0.651101 0.059774
vt 0.442904 0.844728
vt 0.444395 0.864894
vt 0.445597 0.885600
vt 0.424014 0.886202
vt 0.464269 0.844179
vt 0.465478 0.864311
vt 0.467050 0.885003
vt 0.467945 0.899887
vt 0.445822 0.900058
vt 0.486722 0.864290
vt 0.488561 0.884757
vt 0.490088 0.900145
vt 0.491006 0.909954
vt 0.468282 0.909458
vt 0.510206 0.884458
vt 0.511871 0.899794
vt 0.512912 0.909318
vt 0.513570 0.916709
vt 0.491419 0.917336
vt 0.532917 0.899786
vt 0.533461 0.908674
vt 0.533904 0.915403
vt 0.534316 0.921837
vt 0.513929 0.922964
vt 0.553459 0.909083
vt 0.553650 0.915901
vt 0.553899 0.921996
vt 0.175647 0.235243
vt 0.181925 0.235145
vt 0.181326 0.252780
vt 0.174933 0.252533
vt 0.168653 0.235974
vt 0.168186 0.215849
vt 0.174716 0.215052
vt 0.180896 0.215874
vt 0.879378 0.619209
vt 0.872289 0.620096
vt 0.869412 0.598996
vt 0.876036 0.598326
vt 0.885325 0.618506
vt 0.886646 0.642077
vt 0.880923 0.642426
vt 0.873930 0.642793
vt 0.866399 0.643108
vt 0.864860 0.620966
vt 0.880206 0.664807
vt 0.873245 0.664913
vt 0.865936 0.665085
vt 0.853624 0.665439
vt 0.853955 0.643637
vt 0.872146 0.686300
vt 0.864842 0.686682
vt 0.852650 0.687326
vt 0.831913 0.688339
vt 0.832435 0.666200
vt 0.863864 0.708700
vt 0.851587 0.709707
vt 0.831375 0.711119
vt 0.808422 0.712390
vt 0.808561 0.689374
vt 0.850752 0.731930
vt 0.830965 0.733793
vt 0.808503 0.735239
vt 0.785189 0.735907
vt 0.785016 0.713109
vt 0.830848 0.751341
vt 0.808805 0.752356
vt 0.785457 0.752680
vt 0.761347 0.752693
vt 0.761294 0.735752
vt 0.809160 0.761932
vt 0.785712 0.762121
vt 0.761408 0.762489
vt 0.736860 0.762729
vt 0.737064 0.752060
vt 0.786025 0.770323
vt 0.761510 0.770677
vt 0.736316 0.771382
vt 0.712700 0.762779
vt 0.761726 0.778518
vt 0.736320 0.779264
vt 0.147589 0.952171
vt 0.122151 0.953301
vt 0.122015 0.949214
vt 0.147386 0.948289
vt 0.121876 0.945027
vt 0.147541 0.944203
vt 0.170234 0.944699
vt 0.147870 0.939804
vt 0.169848 0.939519
vt 0.182236 0.938762
vt 0.183650 0.944988
vt 0.642596 0.183717
vt 0.636470 0.183840
vt 0.635274 0.177200
vt 0.007944 0.314060
vt 0.008456 0.306140
vt 0.455749 0.108324
vt 0.455770 0.116741
vt 0.448886 0.116815
vt 0.448886 0.107975
vt 0.625384 0.177834
vt 0.622611 0.168783
vt 0.634317 0.168650
vt 0.982748 0.390915
vt 0.971013 0.391116
vt 0.964845 0.374255
vt 0.979331 0.375430
vt 0.975732 0.354978
vt 0.989149 0.356415
vt 0.960086 0.352561
vt 0.951177 0.373121
vt 0.947707 0.352014
vt 0.945230 0.331248
vt 0.942273 0.316296
vt 0.940061 0.352062
vt 0.938746 0.333108
vt 0.935713 0.319399
vt 0.932352 0.310414
vt 0.939006 0.308095
vt 0.933968 0.334334
vt 0.931180 0.321505
vt 0.927706 0.311987
vt 0.379118 0.651380
vt 0.391879 0.651638
vt 0.392392 0.657533
vt 0.380474 0.657248
vt 0.934103 0.351841
vt 0.407895 0.654582
vt 0.405440 0.659197
vt 0.940666 0.372718
vt 0.933291 0.372017
vt 0.926831 0.370691
vt 0.928681 0.351251
vt 0.933897 0.392455
vt 0.925140 0.392460
vt 0.916586 0.392575
vt 0.921778 0.369337
vt 0.556822 0.075575
vt 0.574355 0.067136
vt 0.574500 0.072741
vt 0.576933 0.167742
vt 0.585649 0.168611
vt 0.587960 0.177989
vt 0.578871 0.177729
vt 0.185753 0.881114
vt 0.186160 0.890253
vt 0.177060 0.893602
vt 0.176591 0.883167
vt 0.176618 0.875850
vt 0.185646 0.874023
vt 0.163337 0.885263
vt 0.163601 0.876348
vt 0.164435 0.870510
vt 0.176912 0.870710
vt 0.185459 0.868716
vt 0.165101 0.865799
vt 0.177562 0.866771
vt 0.185048 0.865376
vt 0.177894 0.863874
vt 0.184371 0.862894
vt 0.563244 0.176461
vt 0.560819 0.176133
vt 0.559054 0.169557
vt 0.560280 0.169106
vt 0.527585 0.071474
vt 0.525629 0.071431
vt 0.524952 0.066620
vt 0.526987 0.066314
vt 0.522803 0.060294
vt 0.525021 0.060638
vt 0.001915 0.427968
vt 0.001915 0.434705
vt 0.000988 0.434481
vt 0.000599 0.430463
vt 0.522894 0.062714
vt 0.523183 0.066915
vt 0.523382 0.071469
vt 0.520544 0.071600
vt 0.196933 0.210419
vt 0.191892 0.210650
vt 0.192499 0.206286
vt 0.196676 0.206644
vt 0.516364 0.071763
vt 0.523868 0.076642
vt 0.518917 0.082958
vt 0.526502 0.077835
vt 0.520454 0.084260
vt 0.177658 0.861216
vt 0.165866 0.862099
vt 0.166840 0.858570
vt 0.167893 0.855426
vt 0.176945 0.858661
vt 0.148328 0.852448
vt 0.149467 0.848547
vt 0.507619 0.081820
vt 0.488363 0.081573
vt 0.488305 0.078281
vt 0.507550 0.078961
vt 0.189036 0.198157
vt 0.190773 0.179830
vt 0.194939 0.180951
vt 0.192917 0.198661
vt 0.189036 0.204565
vt 0.198648 0.183219
vt 0.196831 0.199686
vt 0.509073 0.071965
vt 0.491978 0.071346
vt 0.510571 0.067815
vt 0.201075 0.201415
vt 0.201035 0.207724
vt 0.195825 0.148510
vt 0.199812 0.151180
vt 0.489581 0.074685
vt 0.460505 0.074174
vt 0.467317 0.068675
vt 0.458924 0.083412
vt 0.458310 0.078460
vt 0.119038 0.841845
vt 0.119181 0.846268
vt 0.086098 0.846705
vt 0.084558 0.842301
vt 0.001450 0.010507
vt 0.035849 0.012043
vt 0.033630 0.017235
vt 0.001534 0.014962
vt 0.050696 0.855748
vt 0.047327 0.852243
vt 0.072770 0.010507
vt 0.069289 0.015700
vt 0.039087 0.729431
vt 0.043880 0.725752
vt 0.055867 0.729085
vt 0.056630 0.732738
vt 0.056637 0.736737
vt 0.052307 0.736695
vt 0.042483 0.736014
vt 0.011375 0.728448
vt 0.425130 0.338955
vt 0.417243 0.312591
vt 0.420552 0.289526
vt 0.425130 0.302050
vt 0.197991 0.362518
vt 0.193084 0.392271
vt 0.191508 0.365905
vt 0.198808 0.339025
vt 0.014718 0.734596
vt 0.052113 0.740170
vt 0.036645 0.738693
vt 0.054819 0.740347
vt 0.190586 0.402527
vt 0.190983 0.405368
vt 0.187546 0.407405
vt 0.185458 0.407885
vt 0.185589 0.408094
vt 0.191478 0.406498
vt 0.192368 0.407348
vt 0.189834 0.409810
vt 0.106439 0.010198
vt 0.107046 0.009876
vt 0.109155 0.013107
vt 0.106439 0.015320
vt 0.060152 0.736925
vt 0.064419 0.738278
vt 0.063060 0.743021
vt 0.056605 0.739589
vt 0.061605 0.733655
vt 0.061441 0.729691
vt 0.030347 0.858694
vt 0.025661 0.862804
vt 0.035387 0.856232
vt 0.038816 0.860244
vt 0.042473 0.865345
vt 0.054858 0.860388
vt 0.059180 0.866081
vt 0.044250 0.871826
vt 0.087868 0.852163
vt 0.089445 0.858217
vt 0.090989 0.866688
vt 0.063391 0.874654
vt 0.119316 0.851149
vt 0.119349 0.856990
vt 0.119222 0.864064
vt 0.119034 0.875113
vt 0.092509 0.879870
vt 0.146227 0.861471
vt 0.145422 0.867072
vt 0.144834 0.875206
vt 0.145071 0.886932
vt 0.119519 0.891682
vt 0.120204 0.910425
vt 0.095474 0.916354
vt 0.094263 0.898963
vt 0.145705 0.903889
vt 0.146580 0.918456
vt 0.121030 0.923684
vt 0.164102 0.898207
vt 0.165166 0.912524
vt 0.166742 0.924137
vt 0.147433 0.928976
vt 0.177674 0.906748
vt 0.178852 0.919532
vt 0.180525 0.930403
vt 0.168961 0.932543
vt 0.186274 0.901905
vt 0.186504 0.915026
vt 0.186850 0.927781
vt 0.612661 0.178245
vt 0.599578 0.178238
vt 0.595575 0.168155
vt 0.608360 0.168458
vt 0.956701 0.391537
vt 0.943858 0.391963
vt 0.147950 0.934720
vt 0.121712 0.940896
vt 0.121530 0.936555
vt 0.121463 0.931890
vt 0.096867 0.937928
vt 0.096612 0.933628
vt 0.096187 0.927459
vt 0.072794 0.935613
vt 0.072439 0.931038
vt 0.071788 0.922464
vt 0.050518 0.935290
vt 0.049748 0.929071
vt 0.048375 0.914955
vt 0.070246 0.907506
vt 0.046949 0.895604
vt 0.067267 0.888197
vt 0.045831 0.880572
vt 0.032154 0.899251
vt 0.034565 0.882672
vt 0.022922 0.902685
vt 0.026926 0.882678
vt 0.015706 0.914051
vt 0.020539 0.881688
vt 0.009806 0.909078
vt 0.014680 0.878465
vt 0.020876 0.867610
vt 0.002148 0.901018
vt 0.011256 0.875169
vt 0.085714 0.725752
vt 0.086175 0.731528
vt 0.804454 0.148907
vt 0.805962 0.174265
vt 0.800933 0.173901
vt 0.796897 0.148581
vt 0.013405 0.087645
vt 0.012055 0.115911
vt 0.006260 0.116031
vt 0.005023 0.089632
vt 0.001567 0.115172
vt 0.001033 0.088978
vt 0.175193 0.510243
vt 0.179713 0.508807
vt 0.193415 0.569604
vt 0.193415 0.593650
vt 0.188518 0.592406
vt 0.190159 0.568257
vt 0.428764 0.271930
vt 0.425097 0.271783
vt 0.425097 0.244514
vt 0.428960 0.249926
vt 0.752596 0.845876
vt 0.748464 0.872065
vt 0.744414 0.870378
vt 0.748324 0.844236
vt 0.988141 0.629855
vt 0.988053 0.634412
vt 0.739850 0.868440
vt 0.743897 0.842467
vt 0.987235 0.639026
vt 0.961697 0.643560
vt 0.986114 0.643883
vt 0.960978 0.648628
vt 0.925710 0.649437
vt 0.922536 0.644203
vt 0.433190 0.058679
vt 0.434992 0.064842
vt 0.405746 0.059480
vt 0.404184 0.053606
vt 0.387323 0.055525
vt 0.387573 0.050532
vt 0.371187 0.051827
vt 0.372416 0.047156
vt 0.353085 0.047159
vt 0.354690 0.042578
vt 0.332843 0.041843
vt 0.334472 0.037255
vt 0.311076 0.036245
vt 0.312597 0.031567
vt 0.286682 0.029817
vt 0.287908 0.024959
vt 0.263704 0.026286
vt 0.285591 0.037261
vt 0.263256 0.034152
vt 0.247318 0.033939
vt 0.262707 0.046716
vt 0.247620 0.046543
vt 0.235545 0.046458
vt 0.247461 0.068477
vt 0.235532 0.068058
vt 0.224914 0.067266
vt 0.224909 0.046030
vt 0.234124 0.091851
vt 0.223289 0.090863
vt 0.065367 0.665876
vt 0.086563 0.666843
vt 0.085008 0.681180
vt 0.108008 0.668665
vt 0.106295 0.682849
vt 0.104074 0.702763
vt 0.128488 0.684772
vt 0.126329 0.703722
vt 0.192309 0.111894
vt 0.190216 0.136962
vt 0.171345 0.135537
vt 0.101897 0.724186
vt 0.123509 0.724828
vt 0.149439 0.705786
vt 0.146053 0.726506
vt 0.168887 0.160786
vt 0.149179 0.158772
vt 0.141969 0.747197
vt 0.169875 0.729971
vt 0.165448 0.750588
vt 0.148052 0.183240
vt 0.127706 0.180791
vt 0.144682 0.208821
vt 0.125451 0.205130
vt 0.102290 0.202465
vt 0.120724 0.230318
vt 0.099375 0.225994
vt 0.077001 0.223626
vt 0.095039 0.252611
vt 0.074196 0.250108
vt 0.054307 0.249558
vt 0.070506 0.277818
vt 0.050445 0.275910
vt 0.030641 0.273683
vt 0.045619 0.301199
vt 0.025508 0.297772
vt 0.007646 0.296472
vt 0.010117 0.273234
vt 0.896199 0.401153
vt 0.876154 0.398065
vt 0.883274 0.375600
vt 0.900927 0.379100
vt 0.917063 0.379389
vt 0.913949 0.401031
vt 0.905102 0.356422
vt 0.920226 0.356885
vt 0.278405 0.771819
vt 0.303165 0.774338
vt 0.302805 0.787327
vt 0.327733 0.776109
vt 0.327262 0.788552
vt 0.327006 0.803155
vt 0.351633 0.789179
vt 0.351519 0.803756
vt 0.351609 0.816311
vt 0.375510 0.803355
vt 0.376322 0.816620
vt 0.376965 0.826152
vt 0.399890 0.815219
vt 0.400761 0.825641
vt 0.401302 0.833838
vt 0.423461 0.824528
vt 0.423675 0.832795
vt 0.423720 0.840223
vt 0.401234 0.840686
vt 0.446881 0.832586
vt 0.447004 0.839937
vt 0.428934 0.366748
vt 0.429812 0.343483
vt 0.436792 0.343904
vt 0.430840 0.319812
vt 0.438227 0.320212
vt 0.446592 0.320765
vt 0.439352 0.295517
vt 0.447579 0.295793
vt 0.458833 0.296602
vt 0.459406 0.269900
vt 0.480026 0.272648
vt 0.460658 0.250072
vt 0.480329 0.252510
vt 0.501531 0.254245
vt 0.480706 0.237246
vt 0.501370 0.233026
vt 0.523438 0.233688
vt 0.461868 0.238288
vt 0.794988 0.975838
vt 0.776186 0.976564
vt 0.776830 0.964042
vt 0.764787 0.974786
vt 0.764201 0.963591
vt 0.763031 0.949877
vt 0.777199 0.948492
vt 0.756028 0.962638
vt 0.754250 0.951060
vt 0.749737 0.962545
vt 0.748208 0.951456
vt 0.746544 0.933993
vt 0.742903 0.951190
vt 0.741061 0.932497
vt 0.749705 0.912449
vt 0.753446 0.916800
vt 0.767639 0.898724
vt 0.769333 0.903889
vt 0.790848 0.896103
vt 0.792025 0.902455
vt 0.789225 0.890010
vt 0.813514 0.884626
vt 0.814350 0.891430
vt 0.766977 0.893046
vt 0.788719 0.885093
vt 0.812561 0.879083
vt 0.452078 0.045121
vt 0.453113 0.039372
vt 0.431487 0.032452
vt 0.453979 0.033919
vt 0.432313 0.026780
vt 0.454486 0.026373
vt 0.479857 0.028307
vt 0.454296 0.020181
vt 0.479604 0.021623
vt 0.506657 0.023373
vt 0.479022 0.015601
vt 0.505141 0.017640
vt 0.478545 0.009814
vt 0.504034 0.012329
vt 0.478007 0.006499
vt 0.503429 0.006888
vt 0.477523 0.002048
vt 0.502986 0.002284
vt 0.197472 0.103161
vt 0.196132 0.077963
vt 0.199615 0.076719
vt 0.201075 0.102264
vt 0.198067 0.128857
vt 0.194440 0.129488
vt 0.146895 0.659628
vt 0.122350 0.657069
vt 0.122522 0.651797
vt 0.146963 0.654235
vt 0.884350 0.729153
vt 0.889412 0.727896
vt 0.122519 0.646318
vt 0.146771 0.648832
vt 0.170562 0.652955
vt 0.171167 0.658726
vt 0.122566 0.640872
vt 0.146549 0.643504
vt 0.169808 0.647110
vt 0.900264 0.752117
vt 0.900240 0.774107
vt 0.146165 0.637901
vt 0.168891 0.641107
vt 0.905335 0.750257
vt 0.905679 0.771904
vt 0.186910 0.643991
vt 0.912538 0.747245
vt 0.912757 0.769016
vt 0.185268 0.635441
vt 0.198960 0.636875
vt 0.183603 0.623201
vt 0.197446 0.624591
vt 0.210739 0.625286
vt 0.196286 0.602506
vt 0.210768 0.602937
vt 0.226602 0.603604
vt 0.210310 0.578624
vt 0.226779 0.579140
vt 0.244738 0.579299
vt 0.226316 0.554259
vt 0.244261 0.554166
vt 0.263774 0.554015
vt 0.244032 0.529361
vt 0.263670 0.529707
vt 0.284428 0.529721
vt 0.263504 0.505811
vt 0.284129 0.505467
vt 0.305007 0.503624
vt 0.283328 0.480746
vt 0.304220 0.478948
vt 0.325886 0.476512
vt 0.303812 0.455210
vt 0.325485 0.453218
vt 0.347972 0.452079
vt 0.325344 0.430995
vt 0.347815 0.430452
vt 0.370350 0.430760
vt 0.348312 0.408526
vt 0.371473 0.409454
vt 0.394041 0.410587
vt 0.414224 0.410824
vt 0.373108 0.387928
vt 0.396093 0.389090
vt 0.560764 0.097208
vt 0.559424 0.077057
vt 0.582141 0.074033
vt 0.416660 0.389361
vt 0.397317 0.366443
vt 0.418286 0.366985
vt 0.581576 0.054023
vt 0.605707 0.054023
vt 0.980330 0.049060
vt 0.980481 0.073168
vt 0.960568 0.074089
vt 0.961176 0.049523
vt 0.959756 0.025251
vt 0.978378 0.025236
vt 0.956192 0.003363
vt 0.974833 0.003583
vt 0.941759 0.048839
vt 0.940306 0.024538
vt 0.937009 0.002841
vt 0.485715 0.844641
vt 0.920683 0.023203
vt 0.917484 0.001936
vt 0.507551 0.845320
vt 0.508469 0.864483
vt 0.529990 0.845966
vt 0.531044 0.864870
vt 0.532071 0.884321
vt 0.553811 0.865286
vt 0.553788 0.885468
vt 0.553490 0.899884
vt 0.575521 0.887094
vt 0.574780 0.900878
vt 0.574346 0.910480
vt 0.160855 0.217040
vt 0.161220 0.236921
vt 0.597128 0.901802
vt 0.597299 0.910882
vt 0.597764 0.917753
vt 0.574336 0.917837
vt 0.168618 0.195132
vt 0.175203 0.194320
vt 0.619948 0.910736
vt 0.620379 0.917533
vt 0.169967 0.175721
vt 0.176709 0.175191
vt 0.886255 0.664648
vt 0.172403 0.157749
vt 0.178984 0.157344
vt 0.885161 0.685848
vt 0.879021 0.686030
vt 0.883984 0.707276
vt 0.878134 0.707566
vt 0.871252 0.708078
vt 0.876811 0.729235
vt 0.870075 0.729830
vt 0.862935 0.730631
vt 0.869018 0.747924
vt 0.861949 0.748573
vt 0.850054 0.749836
vt 0.861256 0.758704
vt 0.849641 0.760071
vt 0.831023 0.761380
vt 0.849492 0.768263
vt 0.831263 0.769438
vt 0.809664 0.769857
vt 0.831670 0.777731
vt 0.810086 0.777932
vt 0.786474 0.778007
vt 0.097396 0.953661
vt 0.073784 0.953541
vt 0.073732 0.950161
vt 0.097386 0.950329
vt 0.073578 0.946809
vt 0.097277 0.945961
vt 0.073263 0.943292
vt 0.097074 0.942043
vt 0.073030 0.939556
vt 0.051493 0.945313
vt 0.051232 0.942342
vt 0.050924 0.939031
vt 0.034134 0.945444
vt 0.034113 0.943024
vt 0.034037 0.940265
vt 0.023625 0.946614
vt 0.023657 0.945030
vt 0.023465 0.942388
vt 0.033722 0.935746
vt 0.023116 0.929119
vt 0.032424 0.921086
vt 0.016986 0.946752
vt 0.016485 0.939571
vt 0.013804 0.932174
vt 0.011140 0.933891
vt 0.150099 0.093647
vt 0.151285 0.079393
vt 0.151285 0.102223
vt 0.151238 0.103410
vt 0.011548 0.944925
vt 0.010596 0.942973
vt 0.006975 0.940654
vt 0.006605 0.940075
vt 0.013405 0.122560
vt 0.012652 0.122042
vt 0.013405 0.118461
vt 0.013312 0.118273
vt 0.148781 0.215010
vt 0.148648 0.215892
vt 0.146262 0.219024
vt 0.146399 0.217556
vt 0.381085 0.008127
vt 0.381085 0.011490
vt 0.380856 0.011344
vt 0.380022 0.008824
vt 0.177440 0.074685
vt 0.177440 0.070150
vt 0.177538 0.069973
vt 0.178095 0.073597
vt 0.009575 0.227885
vt 0.009111 0.227018
vt 0.009575 0.223524
vt 0.009480 0.223363
vt 0.177184 0.192425
vt 0.178095 0.192798
vt 0.177518 0.195330
vt 0.177184 0.195128
vt 0.148791 0.215308
vt 0.146789 0.217165
vt 0.146180 0.217320
vt 0.147918 0.215676
vt 0.181026 0.152596
vt 0.181925 0.149669
vt 0.181925 0.153200
vt 0.145989 0.217193
vt 0.146218 0.213226
vt 0.160860 0.187670
vt 0.160079 0.185034
vt 0.160860 0.183236
vt 0.146941 0.219687
vt 0.149000 0.218046
vt 0.009372 0.946837
vt 0.012317 0.947021
vt 0.012582 0.948714
vt 0.009179 0.948772
vt 0.669091 0.199076
vt 0.668362 0.200675
vt 0.666475 0.197085
vt 0.670250 0.192765
vt 0.146314 0.219404
vt 0.149370 0.216146
vt 0.149370 0.220225
vt 0.663644 0.196199
vt 0.666979 0.190314
vt 0.664067 0.180761
vt 0.665412 0.153224
vt 0.670250 0.154318
vt 0.668308 0.181759
vt 0.668513 0.189116
vt 0.415493 0.023362
vt 0.415555 0.032555
vt 0.413537 0.032555
vt 0.413663 0.030383
vt 0.005153 0.144283
vt 0.007334 0.145785
vt 0.006763 0.153200
vt 0.006411 0.152754
vt 0.004180 0.939787
vt 0.003933 0.932206
vt 0.005583 0.933107
vt 0.006432 0.939773
vt 0.006462 0.939851
vt 0.421964 0.384915
vt 0.420159 0.383640
vt 0.420159 0.353134
vt 0.425130 0.354332
vt 0.180010 0.527352
vt 0.179966 0.541945
vt 0.175343 0.539609
vt 0.175343 0.523096
vt 0.658198 0.175842
vt 0.661345 0.150205
vt 0.744284 0.900086
vt 0.740266 0.915494
vt 0.734836 0.914027
vt 0.739714 0.897425
vt 0.731226 0.911746
vt 0.734762 0.894747
vt 0.727299 0.909281
vt 0.729851 0.891651
vt 0.735271 0.865869
vt 0.724766 0.888328
vt 0.730336 0.862981
vt 0.733061 0.838558
vt 0.739219 0.840543
vt 0.721925 0.859737
vt 0.722518 0.836125
vt 0.985040 0.650056
vt 0.984031 0.660263
vt 0.959875 0.665734
vt 0.960078 0.655302
vt 0.929535 0.666162
vt 0.927735 0.655869
vt 0.435663 0.072218
vt 0.435513 0.083896
vt 0.407116 0.078328
vt 0.406669 0.066673
vt 0.386025 0.073849
vt 0.386928 0.062011
vt 0.367357 0.069274
vt 0.369707 0.057735
vt 0.347995 0.063949
vt 0.351089 0.053084
vt 0.327455 0.058622
vt 0.330784 0.047870
vt 0.306133 0.052982
vt 0.309144 0.042546
vt 0.283388 0.048525
vt 0.302461 0.072978
vt 0.280936 0.069758
vt 0.261759 0.068645
vt 0.278301 0.094824
vt 0.259934 0.093121
vt 0.246219 0.092542
vt 0.257035 0.117654
vt 0.243636 0.116507
vt 0.231726 0.115732
vt 0.240111 0.141011
vt 0.228740 0.140420
vt 0.218069 0.139539
vt 0.220898 0.114799
vt 0.225789 0.165793
vt 0.215258 0.165337
vt 0.130139 0.670934
vt 0.153065 0.672812
vt 0.151787 0.686842
vt 0.176110 0.673548
vt 0.174948 0.688309
vt 0.172945 0.708710
vt 0.197377 0.690159
vt 0.195599 0.711626
vt 0.192923 0.733901
vt 0.217373 0.714411
vt 0.215222 0.736953
vt 0.211913 0.758861
vt 0.189005 0.754900
vt 0.140215 0.234620
vt 0.158245 0.237563
vt 0.155178 0.261844
vt 0.135862 0.259552
vt 0.115827 0.256197
vt 0.133120 0.283854
vt 0.112583 0.281657
vt 0.091381 0.279567
vt 0.110370 0.306076
vt 0.089057 0.305338
vt 0.067058 0.304070
vt 0.087328 0.328452
vt 0.064324 0.327448
vt 0.041278 0.325203
vt 0.063021 0.349522
vt 0.039482 0.348260
vt 0.018298 0.346838
vt 0.021250 0.322322
vt 0.039056 0.371463
vt 0.017652 0.371020
vt 0.887945 0.353561
vt 0.890278 0.331427
vt 0.907420 0.333980
vt 0.002448 0.345936
vt 0.004714 0.320951
vt 0.001741 0.370529
vt 0.018062 0.394329
vt 0.001463 0.394405
vt 0.908650 0.312454
vt 0.923306 0.312670
vt 0.922295 0.334576
vt 0.908818 0.291385
vt 0.923674 0.291461
vt 0.351997 0.776972
vt 0.375610 0.777224
vt 0.375296 0.789151
vt 0.398621 0.777162
vt 0.398498 0.788611
vt 0.398716 0.801590
vt 0.422148 0.787749
vt 0.422231 0.799897
vt 0.422752 0.812880
vt 0.446434 0.799488
vt 0.446436 0.811910
vt 0.446601 0.823695
vt 0.470788 0.812484
vt 0.470729 0.823883
vt 0.470732 0.832650
vt 0.495203 0.824821
vt 0.495207 0.833348
vt 0.495204 0.840260
vt 0.470701 0.839704
vt 0.520403 0.834397
vt 0.522034 0.840406
vt 0.431916 0.295329
vt 0.519797 0.826210
vt 0.544955 0.833786
vt 0.547683 0.839319
vt 0.519504 0.815529
vt 0.495299 0.813663
vt 0.495462 0.800536
vt 0.519407 0.801611
vt 0.470915 0.799729
vt 0.470908 0.787305
vt 0.495528 0.787705
vt 0.446256 0.787302
vt 0.445917 0.776639
vt 0.470786 0.776570
vt 0.935982 0.226807
vt 0.936108 0.248241
vt 0.923577 0.250141
vt 0.923896 0.228758
vt 0.908900 0.250302
vt 0.909971 0.228879
vt 0.936436 0.269100
vt 0.923701 0.270847
vt 0.908560 0.270963
vt 0.890056 0.269911
vt 0.891277 0.248615
vt 0.890272 0.290166
vt 0.018482 0.417134
vt 0.039547 0.417158
vt 0.038547 0.441287
vt 0.018403 0.440302
vt 0.002193 0.417596
vt 0.039468 0.394250
vt 0.062962 0.394657
vt 0.062409 0.418438
vt 0.062656 0.371870
vt 0.086278 0.372586
vt 0.086097 0.395876
vt 0.086289 0.350644
vt 0.109238 0.351801
vt 0.109190 0.374186
vt 0.109611 0.329432
vt 0.131260 0.330830
vt 0.131259 0.353700
vt 0.131830 0.307665
vt 0.152749 0.309266
vt 0.152821 0.332558
vt 0.153246 0.285921
vt 0.172397 0.286652
vt 0.172377 0.310043
vt 0.257420 0.738517
vt 0.236392 0.738416
vt 0.238231 0.716063
vt 0.259388 0.716612
vt 0.239870 0.694506
vt 0.260583 0.695605
vt 0.218909 0.692471
vt 0.194689 0.240358
vt 0.209873 0.240746
vt 0.207531 0.264263
vt 0.192055 0.263820
vt 0.197907 0.216028
vt 0.211935 0.216387
vt 0.222519 0.216471
vt 0.221303 0.240888
vt 0.198801 0.674413
vt 0.213554 0.191116
vt 0.223838 0.191303
vt 0.234188 0.191208
vt 0.233121 0.216183
vt 0.236738 0.165968
vt 0.249566 0.166270
vt 0.246434 0.190962
vt 0.253145 0.141594
vt 0.270528 0.143210
vt 0.266436 0.167471
vt 0.274960 0.119620
vt 0.295373 0.122223
vt 0.291443 0.145959
vt 0.298824 0.097857
vt 0.319685 0.101766
vt 0.316682 0.125528
vt 0.323055 0.078205
vt 0.343989 0.083197
vt 0.340706 0.106014
vt 0.362384 0.110600
vt 0.360717 0.132665
vt 0.338261 0.128524
vt 0.364564 0.087954
vt 0.385275 0.092801
vt 0.384947 0.115414
vt 0.409150 0.120125
vt 0.408241 0.143106
vt 0.384007 0.137942
vt 0.408407 0.097634
vt 0.434379 0.102599
vt 0.433906 0.125009
vt 0.931194 0.704735
vt 0.957885 0.704145
vt 0.956988 0.725476
vt 0.929909 0.726874
vt 0.904906 0.722709
vt 0.906115 0.699760
vt 0.931556 0.682612
vt 0.959440 0.682386
vt 0.983728 0.677355
vt 0.983072 0.698780
vt 0.681634 0.829712
vt 0.682546 0.852961
vt 0.660763 0.849099
vt 0.659424 0.826131
vt 0.983227 0.719892
vt 0.704212 0.833583
vt 0.704803 0.856382
vt 0.703578 0.880340
vt 0.682758 0.876437
vt 0.717551 0.884978
vt 0.714686 0.902169
vt 0.702325 0.898110
vt 0.722312 0.906122
vt 0.721533 0.915033
vt 0.714296 0.911672
vt 0.726072 0.916941
vt 0.725158 0.921384
vt 0.720846 0.920159
vt 0.729564 0.918035
vt 0.728547 0.921914
vt 0.609660 0.209394
vt 0.611012 0.212846
vt 0.608445 0.214480
vt 0.606873 0.210462
vt 0.732711 0.918797
vt 0.731321 0.922149
vt 0.611955 0.208390
vt 0.613275 0.211821
vt 0.879988 0.774185
vt 0.876332 0.773295
vt 0.876867 0.771013
vt 0.880868 0.771787
vt 0.614621 0.207344
vt 0.615149 0.210714
vt 0.879271 0.776187
vt 0.875837 0.774988
vt 0.871861 0.774690
vt 0.872197 0.773571
vt 0.226178 0.685049
vt 0.224991 0.681672
vt 0.226546 0.680524
vt 0.227426 0.684427
vt 0.229621 0.687799
vt 0.228682 0.688141
vt 0.012317 0.951013
vt 0.017140 0.949778
vt 0.017061 0.950599
vt 0.012160 0.951879
vt 0.229550 0.683885
vt 0.230514 0.687395
vt 0.233630 0.691182
vt 0.233015 0.691316
vt 0.017183 0.948995
vt 0.012469 0.950285
vt 0.012557 0.949503
vt 0.017212 0.948092
vt 0.023552 0.948142
vt 0.023430 0.949520
vt 0.034165 0.947635
vt 0.034162 0.949656
vt 0.023317 0.950792
vt 0.051721 0.948158
vt 0.051972 0.950501
vt 0.034145 0.951545
vt 0.034283 0.953542
vt 0.022690 0.953275
vt 0.023191 0.952038
vt 0.052193 0.953671
vt 0.084260 0.015320
vt 0.083185 0.015130
vt 0.082460 0.009929
vt 0.084260 0.009785
vt 0.017012 0.952156
vt 0.016921 0.951416
vt 0.416857 0.304346
vt 0.416318 0.304485
vt 0.416318 0.297835
vt 0.417470 0.299606
vt 0.078515 0.010271
vt 0.078515 0.015320
vt 0.077376 0.014602
vt 0.078127 0.009731
vt 0.872824 0.771595
vt 0.873265 0.768893
vt 0.877404 0.768061
vt 0.873371 0.763830
vt 0.878114 0.763829
vt 0.882435 0.764183
vt 0.881362 0.768513
vt 0.879142 0.757895
vt 0.883198 0.757891
vt 0.720360 0.924072
vt 0.714048 0.923066
vt 0.714152 0.918140
vt 0.724711 0.924946
vt 0.702843 0.921436
vt 0.702493 0.915487
vt 0.702243 0.908157
vt 0.684045 0.913219
vt 0.683550 0.905142
vt 0.683030 0.894430
vt 0.662237 0.903171
vt 0.661532 0.891925
vt 0.660830 0.873010
vt 0.640033 0.890177
vt 0.639300 0.870231
vt 0.638990 0.846064
vt 0.618007 0.868415
vt 0.617248 0.844116
vt 0.615967 0.823638
vt 0.637612 0.824297
vt 0.984309 0.739892
vt 0.986146 0.759256
vt 0.959516 0.764114
vt 0.957569 0.745420
vt 0.931940 0.766803
vt 0.930017 0.747546
vt 0.428944 0.170791
vt 0.426920 0.192862
vt 0.403961 0.190022
vt 0.405646 0.166738
vt 0.431669 0.148017
vt 0.380025 0.186024
vt 0.381839 0.161705
vt 0.356741 0.181781
vt 0.358664 0.156656
vt 0.333272 0.177234
vt 0.335658 0.151963
vt 0.310229 0.173336
vt 0.313327 0.149269
vt 0.287519 0.169959
vt 0.307693 0.197336
vt 0.284858 0.193469
vt 0.263302 0.191409
vt 0.283167 0.217472
vt 0.262078 0.215817
vt 0.245093 0.215553
vt 0.261855 0.240663
vt 0.244978 0.240198
vt 0.232636 0.240709
vt 0.245148 0.264859
vt 0.231907 0.264706
vt 0.219667 0.264561
vt 0.231328 0.288437
vt 0.218351 0.287933
vt 0.205170 0.287476
vt 0.216831 0.311350
vt 0.203658 0.311014
vt 0.261846 0.678051
vt 0.282736 0.678357
vt 0.281816 0.695255
vt 0.241372 0.676903
vt 0.304430 0.677849
vt 0.303918 0.694398
vt 0.302020 0.714398
vt 0.280434 0.715602
vt 0.326297 0.694060
vt 0.323909 0.714054
vt 0.172361 0.334118
vt 0.171352 0.358743
vt 0.152387 0.356102
vt 0.319958 0.735257
vt 0.346080 0.715300
vt 0.341896 0.736749
vt 0.151184 0.379945
vt 0.131160 0.376596
vt 0.149209 0.404108
vt 0.129330 0.400983
vt 0.108441 0.398017
vt 0.126958 0.426409
vt 0.106176 0.423703
vt 0.084704 0.420766
vt 0.104176 0.449569
vt 0.082610 0.446773
vt 0.060404 0.443514
vt 0.080551 0.471575
vt 0.058535 0.468733
vt 0.037061 0.466125
vt 0.057615 0.492856
vt 0.035903 0.490742
vt 0.016345 0.488955
vt 0.017594 0.464358
vt 0.035492 0.514642
vt 0.015627 0.513451
vt 0.893420 0.226655
vt 0.894821 0.204806
vt 0.910877 0.206805
vt 0.001304 0.512960
vt 0.016383 0.537860
vt 0.001379 0.537917
vt 0.911001 0.184676
vt 0.925034 0.184688
vt 0.924459 0.206678
vt 0.910569 0.163503
vt 0.925747 0.163405
vt 0.495595 0.776448
vt 0.519514 0.776577
vt 0.519424 0.788365
vt 0.541094 0.777104
vt 0.926834 0.144131
vt 0.910487 0.144559
vt 0.911993 0.131450
vt 0.928010 0.131523
vt 0.892789 0.128283
vt 0.895749 0.118888
vt 0.914408 0.122554
vt 0.929588 0.123593
vt 0.001253 0.597763
vt 0.002304 0.582969
vt 0.019431 0.583210
vt 0.017971 0.599568
vt 0.037471 0.584231
vt 0.036554 0.602603
vt 0.002014 0.561675
vt 0.018521 0.561297
vt 0.037459 0.561550
vt 0.058045 0.562632
vt 0.056924 0.586107
vt 0.036247 0.538085
vt 0.057951 0.539311
vt 0.080591 0.541328
vt 0.080434 0.564892
vt 0.057594 0.516246
vt 0.080187 0.518200
vt 0.102897 0.520315
vt 0.103563 0.543760
vt 0.079977 0.494941
vt 0.102226 0.496975
vt 0.124101 0.498596
vt 0.125084 0.522389
vt 0.102614 0.473769
vt 0.123691 0.475035
vt 0.143648 0.476100
vt 0.144486 0.500277
vt 0.124596 0.451338
vt 0.144375 0.452334
vt 0.163027 0.453441
vt 0.162505 0.477436
vt 0.146090 0.428363
vt 0.928139 0.220225
vt 0.926772 0.199233
vt 0.948936 0.197351
vt 0.949841 0.217557
vt 0.164727 0.430134
vt 0.183384 0.432148
vt 0.181205 0.454927
vt 0.927464 0.177983
vt 0.949841 0.177348
vt 0.386979 0.716990
vt 0.366870 0.716363
vt 0.369241 0.694370
vt 0.389709 0.694850
vt 0.370277 0.676781
vt 0.391404 0.676638
vt 0.348113 0.694195
vt 0.348668 0.677052
vt 0.200658 0.385296
vt 0.213376 0.385327
vt 0.212374 0.409659
vt 0.199503 0.409675
vt 0.326686 0.677360
vt 0.201828 0.360482
vt 0.214487 0.360570
vt 0.228215 0.360694
vt 0.227463 0.385235
vt 0.202721 0.335462
vt 0.215663 0.335674
vt 0.229102 0.335999
vt 0.244391 0.336575
vt 0.243863 0.360463
vt 0.230317 0.311874
vt 0.245427 0.313000
vt 0.263368 0.313978
vt 0.262315 0.337348
vt 0.245691 0.289161
vt 0.263284 0.290078
vt 0.283356 0.291016
vt 0.283348 0.314580
vt 0.262248 0.265530
vt 0.282719 0.266914
vt 0.304624 0.268829
vt 0.304861 0.292119
vt 0.282425 0.242404
vt 0.304601 0.245200
vt 0.327652 0.248246
vt 0.327387 0.271143
vt 0.305557 0.221253
vt 0.328526 0.225503
vt 0.352232 0.229036
vt 0.351124 0.251105
vt 0.330543 0.201839
vt 0.354221 0.205947
vt 0.378051 0.209870
vt 0.376366 0.232219
vt 0.400939 0.234822
vt 0.399296 0.255722
vt 0.374978 0.253617
vt 0.402462 0.213123
vt 0.425518 0.214619
vt 0.424350 0.236101
vt 0.262877 0.739089
vt 0.288791 0.736667
vt 0.289102 0.755469
vt 0.264376 0.758341
vt 0.422309 0.257265
vt 0.261177 0.720198
vt 0.288259 0.718220
vt 0.314326 0.717507
vt 0.313498 0.736572
vt 0.962358 0.782080
vt 0.935416 0.785151
vt 0.988141 0.778217
vt 0.335125 0.739682
vt 0.334824 0.758341
vt 0.313422 0.755808
vt 0.572564 0.825471
vt 0.594276 0.823851
vt 0.595544 0.843777
vt 0.574210 0.844476
vt 0.596960 0.867364
vt 0.575791 0.866342
vt 0.552323 0.845676
vt 0.597269 0.888552
vt 0.618669 0.889270
vt 0.619336 0.901881
vt 0.640815 0.902067
vt 0.641351 0.910940
vt 0.641703 0.917737
vt 0.662756 0.911777
vt 0.663169 0.918435
vt 0.175432 0.139622
vt 0.181925 0.139043
vt 0.684460 0.919481
vt 0.684934 0.924779
vt 0.663436 0.923902
vt 0.882810 0.728752
vt 0.243205 0.766001
vt 0.237524 0.765747
vt 0.237766 0.750269
vt 0.243205 0.749809
vt 0.880506 0.747042
vt 0.875017 0.747467
vt 0.873959 0.758001
vt 0.868465 0.758163
vt 0.867895 0.764846
vt 0.860957 0.766534
vt 0.866512 0.773567
vt 0.861260 0.775220
vt 0.849611 0.776724
vt 0.238368 0.740897
vt 0.242893 0.740028
vt 0.881903 0.022562
vt 0.877631 0.001292
vt 0.897353 0.001292
vt 0.900924 0.022431
vt 0.901812 0.046671
vt 0.883131 0.046853
vt 0.921801 0.047515
vt 0.919889 0.072289
vt 0.899783 0.071332
vt 0.881060 0.071667
vt 0.916275 0.096149
vt 0.895953 0.095130
vt 0.421196 0.278493
vt 0.398860 0.276835
vt 0.398917 0.298293
vt 0.374893 0.297124
vt 0.374571 0.275314
vt 0.350991 0.295842
vt 0.350796 0.273378
vt 0.327605 0.294078
vt 0.351156 0.318553
vt 0.327711 0.317181
vt 0.304989 0.315487
vt 0.327417 0.340643
vt 0.304491 0.339328
vt 0.282532 0.338136
vt 0.303745 0.363008
vt 0.281772 0.361780
vt 0.261890 0.360712
vt 0.281800 0.385628
vt 0.262064 0.384856
vt 0.243525 0.384682
vt 0.262000 0.409193
vt 0.242876 0.409274
vt 0.226554 0.409517
vt 0.242587 0.433906
vt 0.226167 0.433822
vt 0.211824 0.433684
vt 0.225963 0.457894
vt 0.211021 0.457269
vt 0.197018 0.456417
vt 0.198565 0.433318
vt 0.210188 0.480829
vt 0.195712 0.480043
vt 0.180173 0.478892
vt 0.411725 0.676645
vt 0.409329 0.694827
vt 0.195169 0.504419
vt 0.179926 0.503845
vt 0.658266 0.963808
vt 0.636096 0.963372
vt 0.640358 0.944047
vt 0.662590 0.944076
vt 0.613621 0.963287
vt 0.617094 0.943231
vt 0.622715 0.923508
vt 0.645465 0.924102
vt 0.162956 0.502165
vt 0.594303 0.942035
vt 0.599380 0.920949
vt 0.145903 0.524694
vt 0.146624 0.549393
vt 0.125786 0.546497
vt 0.146144 0.574750
vt 0.125244 0.571657
vt 0.102973 0.568085
vt 0.124370 0.595809
vt 0.102314 0.592340
vt 0.079396 0.588938
vt 0.101076 0.612268
vt 0.078426 0.609012
vt 0.056076 0.605404
vt 0.077479 0.620790
vt 0.055349 0.616887
vt 0.035484 0.613583
vt 0.054646 0.624408
vt 0.034616 0.620881
vt 0.876496 0.112185
vt 0.878807 0.105115
vt 0.898352 0.112291
vt 0.873144 0.122926
vt 0.014495 0.617102
vt 0.033938 0.626461
vt 0.013097 0.622968
vt 0.900108 0.107168
vt 0.919867 0.111842
vt 0.917205 0.116432
vt 0.934041 0.113389
vt 0.931887 0.118147
vt 0.922875 0.107228
vt 0.935820 0.108659
vt 0.574614 0.782880
vt 0.579452 0.784700
vt 0.574587 0.798353
vt 0.584075 0.786517
vt 0.580117 0.800308
vt 0.408697 0.320069
vt 0.408454 0.305417
vt 0.412550 0.303674
vt 0.412516 0.319084
vt 0.853307 0.225783
vt 0.853633 0.210238
vt 0.858194 0.242379
vt 0.853046 0.241881
vt 0.864068 0.250935
vt 0.858240 0.253486
vt 0.853466 0.254695
vt 0.853046 0.202035
vt 0.859508 0.201656
vt 0.411176 0.293402
vt 0.414712 0.295341
vt 0.425130 0.275672
vt 0.424399 0.278035
vt 0.925192 0.102181
vt 0.936436 0.103689
vt 0.901616 0.102162
vt 0.902954 0.097156
vt 0.012016 0.628594
vt 0.033310 0.631888
vt 0.032864 0.637420
vt 0.011080 0.634210
vt 0.052795 0.640777
vt 0.051998 0.645925
vt 0.032647 0.641730
vt 0.009622 0.636884
vt 0.053409 0.635440
vt 0.075057 0.639946
vt 0.074354 0.645362
vt 0.054027 0.630022
vt 0.075763 0.634421
vt 0.098874 0.638019
vt 0.098441 0.643648
vt 0.076574 0.628508
vt 0.099364 0.632273
vt 0.122777 0.635242
vt 0.100113 0.624056
vt 0.123194 0.626945
vt 0.145953 0.629427
vt 0.123520 0.615313
vt 0.145643 0.617945
vt 0.166400 0.620664
vt 0.167291 0.632532
vt 0.145529 0.598694
vt 0.165231 0.600422
vt 0.551601 0.943598
vt 0.548555 0.964340
vt 0.529212 0.966699
vt 0.533808 0.945888
vt 0.556275 0.920960
vt 0.576727 0.919818
vt 0.572743 0.942039
vt 0.570057 0.963099
vt 0.567214 0.980044
vt 0.545260 0.980481
vt 0.591663 0.963030
vt 0.589043 0.980251
vt 0.195135 0.553863
vt 0.210085 0.554101
vt 0.195284 0.578263
vt 0.611043 0.980481
vt 0.195304 0.529064
vt 0.209832 0.529264
vt 0.225766 0.529416
vt 0.209674 0.504815
vt 0.225389 0.505246
vt 0.243556 0.505541
vt 0.225589 0.481549
vt 0.243203 0.482101
vt 0.263019 0.481839
vt 0.242826 0.458369
vt 0.262466 0.457913
vt 0.282853 0.456838
vt 0.262022 0.433634
vt 0.282453 0.433024
vt 0.303531 0.432053
vt 0.282066 0.409281
vt 0.303280 0.409055
vt 0.325435 0.408607
vt 0.303301 0.386212
vt 0.326060 0.386282
vt 0.349405 0.386753
vt 0.326912 0.363814
vt 0.350360 0.364613
vt 0.374312 0.365590
vt 0.350889 0.341642
vt 0.374807 0.342556
vt 0.398234 0.343432
vt 0.375175 0.319420
vt 0.398782 0.320441
vt 0.937285 0.097521
vt 0.940468 0.073677
vt 0.958218 0.097665
vt 0.419087 0.344367
vt 0.632985 0.980437
vt 0.181697 0.601682
vt 0.922745 0.744590
vt 0.923031 0.765632
vt 0.098058 0.649233
vt 0.097523 0.654067
vt 0.073595 0.650061
vt 0.196764 0.052517
vt 0.193882 0.053658
vt 0.188733 0.032794
vt 0.192593 0.031147
vt 0.431335 0.000686
vt 0.452955 0.001069
vt 0.453212 0.005873
vt 0.431948 0.005860
vt 0.413797 0.006864
vt 0.411141 0.003300
vt 0.181144 0.014202
vt 0.185252 0.013079
vt 0.394628 0.010620
vt 0.382586 0.012549
vt 0.681741 0.154113
vt 0.681741 0.183313
vt 0.672674 0.172693
vt 0.678514 0.150909
vt 0.432244 0.010619
vt 0.414646 0.011556
vt 0.398159 0.012156
vt 0.736837 0.231958
vt 0.736336 0.214571
vt 0.741047 0.213586
vt 0.741574 0.230111
vt 0.580176 0.054449
vt 0.580245 0.063140
vt 0.748602 0.245120
vt 0.736990 0.240727
vt 0.404065 0.649877
vt 0.399822 0.651100
vt 0.010987 0.024135
vt 0.011490 0.030045
vt 0.006962 0.030812
vt 0.003908 0.027519
vt 0.011490 0.038300
vt 0.008396 0.036478
vt 0.415313 0.016323
vt 0.432324 0.015564
vt 0.432405 0.020898
vt 0.416582 0.021575
vt 0.418988 0.027644
vt 0.454072 0.014096
vt 0.689400 0.181763
vt 0.689400 0.202990
vt 0.684571 0.202460
vt 0.683663 0.182258
vt 0.440439 0.076592
vt 0.446195 0.076397
vt 0.446195 0.098264
vt 0.440236 0.099580
vt 0.453823 0.009715
vt 0.681635 0.191279
vt 0.675826 0.193415
vt 0.363937 0.738838
vt 0.866987 0.775072
vt 0.009097 0.950066
vt 0.009096 0.949289
vt 0.001252 0.302570
vt 0.001346 0.298704
vt 0.001915 0.298654
vt 0.001915 0.302550
vt 0.021065 0.307582
vt 0.020891 0.308315
vt 0.020891 0.299529
vt 0.021022 0.300806
vt 0.668376 0.201075
vt 0.233630 0.676192
vt 0.227508 0.676879
vt 0.232112 0.671370
vt 0.615422 0.203113
vt 0.611332 0.204237
vt 0.611046 0.198593
vt 0.616630 0.198081
vt 0.616105 0.205548
vt 0.616630 0.209238
vt 0.663283 0.195002
vt 0.011449 0.942989
vt 0.421501 0.032587
vt 0.746223 0.907544
vt 0.736063 0.929069
vt 0.738851 0.950244
vt 0.056188 0.746292
vt 0.061280 0.747857
vt 0.060881 0.758037
vt 0.054491 0.756396
vt 0.058934 0.765459
vt 0.756392 0.971776
vt 0.750091 0.969552
vt 0.147317 0.856589
vt 0.055823 0.740182
vt 0.216323 0.746125
vt 0.217084 0.754078
vt 0.945956 0.304450
vt 0.217542 0.739319
vt 0.224310 0.740478
vt 0.223963 0.760938
vt 0.218662 0.761040
vt 0.951108 0.299894
vt 0.225392 0.765832
vt 0.221029 0.766001
vt 0.208735 0.208824
vt 0.208735 0.214480
vt 0.204422 0.212748
vt 0.204129 0.207252
vt 0.229441 0.761449
vt 0.738509 0.821120
vt 0.743087 0.818695
vt 0.746223 0.822811
vt 0.741172 0.825059
vt 0.748104 0.816570
vt 0.751432 0.822351
vt 0.754671 0.815343
vt 0.925059 0.304904
vt 0.929548 0.304872
vt 0.983614 0.329827
vt 0.999631 0.357514
vt 0.662550 0.795719
vt 0.635980 0.795316
vt 0.664833 0.788591
vt 0.975383 0.303986
vt 0.946977 0.496904
vt 0.947767 0.509877
vt 0.959556 0.496978
vt 0.956567 0.509249
vt 0.954721 0.521660
vt 0.960018 0.533280
vt 0.960017 0.543224
vt 0.890879 0.643515
vt 0.890830 0.638643
vt 0.897976 0.638387
vt 0.897462 0.643342
vt 0.245122 0.740262
vt 0.252780 0.740654
vt 0.875161 0.578162
vt 0.007660 0.221112
vt 0.007306 0.239612
vt 0.000885 0.239698
vt 0.001360 0.220935
vt 0.491581 0.923464
vt 0.378126 0.849082
vt 0.865584 0.044695
vt 0.817535 0.091566
vt 0.793898 0.090803
vt 0.716210 0.781914
vt 0.697075 0.781755
vt 0.405346 0.520103
vt 0.174690 0.392611
vt 0.174465 0.349594
vt 0.479215 0.114702
vt 0.122560 0.003728
vt 0.122500 0.007080
vt 0.113097 0.006859
vt 0.112949 0.002869
vt 0.489152 0.114113
vt 0.098719 0.007194
vt 0.098618 0.003929
vt 0.502098 0.114539
vt 0.075358 0.008418
vt 0.075350 0.005311
vt 0.523045 0.115787
vt 0.523104 0.120326
vt 0.075505 0.001089
vt 0.049112 0.005688
vt 0.049088 0.001089
vt 0.547830 0.121547
vt 0.547350 0.126167
vt 0.522649 0.125130
vt 0.546668 0.131296
vt 0.521944 0.130848
vt 0.546204 0.136872
vt 0.521491 0.136674
vt 0.502570 0.136788
vt 0.521014 0.142633
vt 0.520686 0.150236
vt 0.571643 0.131170
vt 0.571092 0.137059
vt 0.594208 0.131150
vt 0.593464 0.137172
vt 0.613281 0.133142
vt 0.611975 0.138407
vt 0.631297 0.135821
vt 0.632555 0.140981
vt 0.651286 0.136927
vt 0.675712 0.132545
vt 0.677197 0.136662
vt 0.165385 0.414751
vt 0.160577 0.415890
vt 0.158669 0.390069
vt 0.155603 0.417781
vt 0.154856 0.391064
vt 0.385905 0.015962
vt 0.386612 0.019352
vt 0.364958 0.020888
vt 0.364381 0.016821
vt 0.154543 0.369188
vt 0.348110 0.017740
vt 0.347726 0.013666
vt 0.901718 0.151238
vt 0.365842 0.025251
vt 0.348307 0.021629
vt 0.904232 0.166879
vt 0.907711 0.165840
vt 0.906506 0.180936
vt 0.675269 0.037712
vt 0.671652 0.024679
vt 0.674065 0.022362
vt 0.678708 0.036689
vt 0.674437 0.056064
vt 0.019150 0.640335
vt 0.019150 0.658760
vt 0.015722 0.658080
vt 0.016462 0.640976
vt 0.006618 0.808303
vt 0.001249 0.793183
vt 0.004732 0.790778
vt 0.010330 0.805990
vt 0.016514 0.822695
vt 0.012248 0.826927
vt 0.008451 0.787946
vt 0.014213 0.803477
vt 0.019861 0.817896
vt 0.029027 0.829357
vt 0.027104 0.840198
vt 0.042896 0.823110
vt 0.041716 0.832993
vt 0.040714 0.840686
vt 0.059048 0.822286
vt 0.058601 0.832404
vt 0.057821 0.840171
vt 0.078502 0.831131
vt 0.078086 0.839403
vt 0.416282 0.732420
vt 0.416668 0.712162
vt 0.426035 0.713176
vt 0.425058 0.733574
vt 0.436789 0.714313
vt 0.436204 0.734515
vt 0.455843 0.715813
vt 0.437376 0.691989
vt 0.455245 0.692940
vt 0.476890 0.693767
vt 0.454005 0.670261
vt 0.475414 0.670635
vt 0.497108 0.670898
vt 0.473457 0.647622
vt 0.495301 0.647673
vt 0.517078 0.647769
vt 0.518715 0.671026
vt 0.538698 0.647779
vt 0.515396 0.624700
vt 0.537354 0.624839
vt 0.559131 0.624894
vt 0.560112 0.647679
vt 0.580772 0.624888
vt 0.581355 0.647485
vt 0.602428 0.624836
vt 0.602614 0.647223
vt 0.624274 0.624755
vt 0.624161 0.646941
vt 0.646437 0.624666
vt 0.646206 0.646695
vt 0.668940 0.624584
vt 0.646514 0.602580
vt 0.669042 0.602577
vt 0.691816 0.602543
vt 0.669064 0.580558
vt 0.691831 0.580571
vt 0.714797 0.580516
vt 0.691798 0.558629
vt 0.714745 0.558607
vt 0.737881 0.558478
vt 0.714657 0.536777
vt 0.737777 0.536694
vt 0.761119 0.536469
vt 0.737623 0.515027
vt 0.760948 0.514879
vt 0.784539 0.514617
vt 0.760671 0.493396
vt 0.784219 0.493223
vt 0.808088 0.492877
vt 0.783739 0.471814
vt 0.807467 0.471534
vt 0.831315 0.470826
vt 0.806694 0.450065
vt 0.830321 0.449468
vt 0.851398 0.448318
vt 0.829326 0.427868
vt 0.850091 0.427069
vt 0.860009 0.426347
vt 0.849701 0.405470
vt 0.859774 0.405299
vt 0.867096 0.405195
vt 0.861809 0.383841
vt 0.869327 0.384022
vt 0.876334 0.384436
vt 0.873732 0.404964
vt 0.872424 0.362306
vt 0.879842 0.362682
vt 0.158945 0.181182
vt 0.158264 0.201200
vt 0.151856 0.201569
vt 0.152198 0.181616
vt 0.151856 0.162869
vt 0.158663 0.162326
vt 0.158452 0.221843
vt 0.152174 0.222140
vt 0.318889 0.924783
vt 0.295630 0.924946
vt 0.295607 0.918763
vt 0.271119 0.924231
vt 0.271468 0.918256
vt 0.271936 0.910601
vt 0.244760 0.917049
vt 0.247713 0.909798
vt 0.249335 0.899255
vt 0.222971 0.905564
vt 0.227905 0.896491
vt 0.231317 0.881807
vt 0.232322 0.863764
vt 0.209813 0.890594
vt 0.199502 0.874843
vt 0.194220 0.874988
vt 0.190916 0.865115
vt 0.195861 0.863558
vt 0.186534 0.854367
vt 0.190950 0.852937
vt 0.181741 0.637451
vt 0.181925 0.647934
vt 0.178808 0.646220
vt 0.178651 0.637956
vt 0.176400 0.625125
vt 0.180194 0.625621
vt 0.222140 0.027756
vt 0.216749 0.026261
vt 0.217987 0.015464
vt 0.222140 0.014646
vt 0.172156 0.611535
vt 0.174352 0.611530
vt 0.209128 0.021561
vt 0.212710 0.015756
vt 0.212753 0.002295
vt 0.217925 0.001060
vt 0.432057 0.184947
vt 0.433137 0.179451
vt 0.432080 0.177464
vt 0.432692 0.170847
vt 0.177293 0.666420
vt 0.172156 0.661301
vt 0.243089 0.921669
vt 0.482421 0.215528
vt 0.479821 0.207304
vt 0.458231 0.220176
vt 0.456339 0.213597
vt 0.882619 0.314704
vt 0.875224 0.314374
vt 0.884447 0.286176
vt 0.437883 0.225970
vt 0.436136 0.219936
vt 0.881987 0.339350
vt 0.874521 0.339319
vt 0.866259 0.339386
vt 0.866509 0.315202
vt 0.864744 0.362046
vt 0.851978 0.361736
vt 0.852513 0.339571
vt 0.850626 0.383633
vt 0.829082 0.383582
vt 0.829686 0.361725
vt 0.828862 0.405787
vt 0.805498 0.406289
vt 0.805433 0.384213
vt 0.805943 0.428346
vt 0.782657 0.428587
vt 0.782275 0.406740
vt 0.783188 0.450279
vt 0.759906 0.450354
vt 0.759543 0.428713
vt 0.760308 0.471908
vt 0.737147 0.471872
vt 0.736880 0.450295
vt 0.737412 0.493429
vt 0.714383 0.493361
vt 0.714215 0.471727
vt 0.714536 0.515036
vt 0.691646 0.514932
vt 0.691552 0.493181
vt 0.691732 0.536747
vt 0.668980 0.536623
vt 0.668922 0.514736
vt 0.669035 0.558567
vt 0.646445 0.558434
vt 0.646381 0.536419
vt 0.646500 0.580492
vt 0.624117 0.580380
vt 0.623982 0.558247
vt 0.624233 0.602555
vt 0.602158 0.602500
vt 0.601867 0.580226
vt 0.579672 0.580034
vt 0.579236 0.557735
vt 0.601604 0.558012
vt 0.580199 0.602409
vt 0.558219 0.602284
vt 0.557419 0.579808
vt 0.535032 0.579554
vt 0.534160 0.557096
vt 0.556778 0.557422
vt 0.536111 0.602115
vt 0.513793 0.601854
vt 0.512397 0.579258
vt 0.489299 0.579022
vt 0.487880 0.556631
vt 0.511266 0.556801
vt 0.491182 0.601603
vt 0.468150 0.601733
vt 0.465653 0.579174
vt 0.493270 0.624540
vt 0.470987 0.624554
vt 0.449169 0.624976
vt 0.445940 0.602391
vt 0.452049 0.647683
vt 0.436851 0.647710
vt 0.435745 0.625426
vt 0.437205 0.669823
vt 0.427152 0.669486
vt 0.427258 0.647710
vt 0.426717 0.691321
vt 0.417300 0.690752
vt 0.418134 0.669120
vt 0.121160 0.838821
vt 0.121172 0.830574
vt 0.142834 0.831113
vt 0.142731 0.838889
vt 0.419055 0.647568
vt 0.099510 0.838916
vt 0.099618 0.830518
vt 0.099557 0.820165
vt 0.121078 0.820355
vt 0.078640 0.820857
vt 0.078327 0.808178
vt 0.099157 0.807353
vt 0.058742 0.809520
vt 0.057704 0.794475
vt 0.077677 0.793409
vt 0.042873 0.810663
vt 0.040525 0.795304
vt 0.037576 0.779202
vt 0.056093 0.779912
vt 0.022211 0.775446
vt 0.919375 0.575183
vt 0.904040 0.577996
vt 0.904041 0.559813
vt 0.919548 0.557083
vt 0.076763 0.779229
vt 0.920027 0.538669
vt 0.097672 0.778917
vt 0.098467 0.792768
vt 0.119109 0.778985
vt 0.119951 0.792722
vt 0.120674 0.807359
vt 0.142861 0.808078
vt 0.142995 0.821245
vt 0.164797 0.822910
vt 0.164561 0.831836
vt 0.185830 0.832721
vt 0.185912 0.840379
vt 0.164370 0.839772
vt 0.419636 0.625928
vt 0.418192 0.604304
vt 0.425356 0.603723
vt 0.426762 0.625800
vt 0.433478 0.603127
vt 0.423253 0.581404
vt 0.431290 0.580855
vt 0.443398 0.580020
vt 0.430342 0.557775
vt 0.442045 0.557338
vt 0.464040 0.556813
vt 0.441920 0.534238
vt 0.463201 0.534090
vt 0.486951 0.534111
vt 0.462844 0.511041
vt 0.486450 0.511386
vt 0.509974 0.511802
vt 0.510448 0.534342
vt 0.533169 0.512273
vt 0.533532 0.534684
vt 0.556071 0.512779
vt 0.556325 0.535090
vt 0.578747 0.513268
vt 0.578921 0.535487
vt 0.601292 0.513715
vt 0.601404 0.535843
vt 0.623796 0.514115
vt 0.623866 0.536158
vt 0.646334 0.514455
vt 0.623795 0.492119
vt 0.646319 0.492549
vt 0.668878 0.492908
vt 0.646368 0.470707
vt 0.668864 0.471144
vt 0.691468 0.471485
vt 0.668911 0.449453
vt 0.691416 0.449844
vt 0.714069 0.450119
vt 0.691405 0.428306
vt 0.713945 0.428578
vt 0.736631 0.428715
vt 0.713851 0.407167
vt 0.736434 0.407207
vt 0.759247 0.407059
vt 0.736292 0.385881
vt 0.759045 0.385517
vt 0.782072 0.384938
vt 0.758900 0.364215
vt 0.781985 0.363350
vt 0.805532 0.362413
vt 0.781855 0.341859
vt 0.805510 0.340643
vt 0.829892 0.339835
vt 0.805244 0.318271
vt 0.829548 0.316922
vt 0.852328 0.315984
vt 0.829063 0.292201
vt 0.852111 0.290313
vt 0.828748 0.273835
vt 0.851864 0.271357
vt 0.828306 0.261620
vt 0.851393 0.258432
vt 0.869102 0.253393
vt 0.317583 0.657683
vt 0.321720 0.670784
vt 0.311902 0.672166
vt 0.311902 0.657009
vt 0.791771 0.023266
vt 0.784981 0.025735
vt 0.782853 0.015357
vt 0.787151 0.014516
vt 0.878112 0.250717
vt 0.787948 0.042088
vt 0.778902 0.043188
vt 0.777375 0.027052
vt 0.777463 0.017946
vt 0.768647 0.027090
vt 0.768711 0.017591
vt 0.768748 0.010883
vt 0.775838 0.010855
vt 0.780482 0.008992
vt 0.752516 0.010302
vt 0.731756 0.019253
vt 0.014110 0.751258
vt 0.716792 0.039864
vt 0.718258 0.065870
vt 0.735496 0.068534
vt 0.735940 0.092397
vt 0.756459 0.068987
vt 0.756653 0.092274
vt 0.754896 0.116939
vt 0.773456 0.090817
vt 0.773368 0.117443
vt 0.747487 0.133413
vt 0.785539 0.089032
vt 0.791106 0.113046
vt 0.792811 0.135946
vt 0.756464 0.250908
vt 0.755761 0.244906
vt 0.779695 0.243830
vt 0.780340 0.253957
vt 0.757019 0.258330
vt 0.734748 0.262366
vt 0.757661 0.266671
vt 0.735156 0.271089
vt 0.713273 0.275515
vt 0.735501 0.285327
vt 0.713472 0.289095
vt 0.692266 0.291526
vt 0.713649 0.306695
vt 0.692114 0.307874
vt 0.670975 0.307604
vt 0.691965 0.325889
vt 0.670514 0.325492
vt 0.649172 0.324201
vt 0.670106 0.344651
vt 0.648525 0.343635
vt 0.626917 0.342092
vt 0.647932 0.363870
vt 0.626119 0.362659
vt 0.604234 0.361111
vt 0.625423 0.383671
vt 0.603363 0.382435
vt 0.581222 0.380982
vt 0.602641 0.403999
vt 0.580356 0.402834
vt 0.558002 0.401583
vt 0.579675 0.424789
vt 0.557172 0.423786
vt 0.534550 0.422703
vt 0.556565 0.445980
vt 0.533754 0.445071
vt 0.510691 0.444000
vt 0.533272 0.467449
vt 0.510070 0.466585
vt 0.486554 0.465601
vt 0.509843 0.489200
vt 0.486314 0.488522
vt 0.462734 0.487809
vt 0.442145 0.510798
vt 0.430526 0.534364
vt 0.422232 0.558081
vt 0.414776 0.558323
vt 0.415788 0.582004
vt 0.208100 0.840012
vt 0.533081 0.489854
vt 0.556186 0.468213
vt 0.556023 0.490485
vt 0.578861 0.468920
vt 0.578723 0.491078
vt 0.601402 0.469583
vt 0.601285 0.491623
vt 0.623884 0.470186
vt 0.601662 0.447615
vt 0.624083 0.448332
vt 0.646496 0.448946
vt 0.624403 0.426593
vt 0.646706 0.427311
vt 0.669012 0.427885
vt 0.647013 0.405854
vt 0.669184 0.406498
vt 0.691438 0.406935
vt 0.669432 0.385393
vt 0.691528 0.385835
vt 0.713797 0.385996
vt 0.691653 0.365157
vt 0.713778 0.365199
vt 0.736182 0.364864
vt 0.713769 0.344933
vt 0.736082 0.344249
vt 0.758754 0.343150
vt 0.735943 0.324071
vt 0.758558 0.322192
vt 0.781631 0.320125
vt 0.758315 0.301128
vt 0.781384 0.297793
vt 0.804900 0.295019
vt 0.781158 0.277476
vt 0.804682 0.275322
vt 0.780842 0.263517
vt 0.804545 0.261913
vt 0.804398 0.251565
vt 0.828173 0.250952
vt 0.791595 0.064287
vt 0.792765 0.087996
vt 0.782079 0.065713
vt 0.850540 0.249872
vt 0.771595 0.067414
vt 0.769607 0.044466
vt 0.803858 0.244928
vt 0.758072 0.281168
vt 0.735731 0.304292
vt 0.713740 0.325384
vt 0.691806 0.345086
vt 0.669740 0.364711
vt 0.647426 0.384665
vt 0.624850 0.405016
vt 0.602073 0.425742
vt 0.579176 0.446818
vt 0.886246 0.560936
vt 0.887174 0.578253
vt 0.015521 0.094788
vt 0.014416 0.075995
vt 0.033822 0.072632
vt 0.012233 0.061601
vt 0.030119 0.058554
vt 0.052916 0.054199
vt 0.027312 0.050633
vt 0.050269 0.046331
vt 0.077761 0.044847
vt 0.048754 0.040973
vt 0.076131 0.038997
vt 0.102954 0.037425
vt 0.074788 0.033943
vt 0.102021 0.032198
vt 0.127347 0.029845
vt 0.101337 0.026978
vt 0.126814 0.024957
vt 0.149311 0.022311
vt 0.172331 0.019674
vt 0.126362 0.020156
vt 0.148727 0.017534
vt 0.171641 0.014873
vt 0.011908 0.723515
vt 0.148080 0.012558
vt 0.170910 0.009930
vt 0.007051 0.723825
vt 0.006695 0.698490
vt 0.003560 0.723556
vt 0.003106 0.698237
vt 0.002011 0.675630
vt 0.006772 0.747547
vt 0.003041 0.746922
vt 0.049091 0.009575
vt 0.024190 0.008779
vt 0.024571 0.004727
vt 0.001320 0.006115
vt 0.001447 0.001958
vt 0.571585 0.116625
vt 0.595093 0.116910
vt 0.594906 0.121155
vt 0.571880 0.121538
vt 0.547498 0.116783
vt 0.596660 0.125823
vt 0.572347 0.126221
vt 0.612026 0.128277
vt 0.615863 0.124625
vt 0.001829 0.767743
vt 0.005526 0.767916
vt 0.202969 0.294281
vt 0.201355 0.294910
vt 0.201355 0.268339
vt 0.204905 0.268708
vt 0.594241 0.114113
vt 0.620284 0.116778
vt 0.621923 0.121162
vt 0.172204 0.608970
vt 0.169331 0.608506
vt 0.169331 0.582882
vt 0.174265 0.586865
vt 0.642767 0.120687
vt 0.648221 0.115746
vt 0.675971 0.118648
vt 0.674865 0.123310
vt 0.673846 0.127795
vt 0.412936 0.018267
vt 0.413640 0.023002
vt 0.389531 0.027901
vt 0.388301 0.023858
vt 0.412027 0.013666
vt 0.366426 0.028725
vt 0.624138 0.196373
vt 0.600982 0.195069
vt 0.599946 0.190892
vt 0.623709 0.192494
vt 0.643440 0.198809
vt 0.642629 0.202990
vt 0.651100 0.037421
vt 0.651100 0.057147
vt 0.647791 0.057450
vt 0.648261 0.038633
vt 0.599628 0.186982
vt 0.622958 0.188773
vt 0.643219 0.194250
vt 0.001253 0.043018
vt 0.021130 0.036748
vt 0.022941 0.040989
vt 0.003438 0.046489
vt 0.905323 0.624290
vt 0.902571 0.621155
vt 0.922555 0.613228
vt 0.925365 0.615556
vt 0.011863 0.784854
vt 0.016186 0.780993
vt 0.024934 0.045459
vt 0.006421 0.050618
vt 0.009653 0.055116
vt 0.047453 0.036687
vt 0.046053 0.031970
vt 0.073552 0.028695
vt 0.044618 0.026657
vt 0.072438 0.023037
vt 0.100850 0.021849
vt 0.072049 0.018450
vt 0.100158 0.016793
vt 0.125905 0.015456
vt 0.550458 0.197467
vt 0.575352 0.193747
vt 0.576192 0.198082
vt 0.550585 0.202990
vt 0.019569 0.032344
vt 0.717084 0.219356
vt 0.723658 0.217603
vt 0.723871 0.243005
vt 0.717084 0.245120
vt 0.159983 0.441993
vt 0.154543 0.448110
vt 0.795314 0.203654
vt 0.885711 0.159969
vt 0.671652 0.073135
vt 0.910342 0.840875
vt 0.893434 0.845779
vt 0.893580 0.833101
vt 0.814789 0.875127
vt 0.814430 0.868870
vt 0.001919 0.033092
vt 0.004319 0.037722
vt 0.603226 0.749194
vt 0.597358 0.745779
vt 0.551281 0.229009
vt 0.550093 0.229787
vt 0.585990 0.185347
vt 0.585937 0.184294
vt 0.367680 0.766722
vt 0.361936 0.767134
vt 0.351839 0.769831
vt 0.345096 0.762144
vt 0.219352 0.065110
vt 0.215158 0.060915
vt 0.534119 0.107240
vt 0.535336 0.096176
vt 0.173553 0.425130
vt 0.181887 0.424322
vt 0.147188 0.101028
vt 0.149370 0.099623
vt 0.200028 0.135017
vt 0.200182 0.134514
vt 0.202990 0.139345
vt 0.200028 0.141710
vt 0.430875 0.139419
vt 0.430776 0.142334
vt 0.430875 0.143625
vt 0.428098 0.141321
vt 0.921338 0.437090
vt 0.916371 0.434328
vt 0.482836 0.134252
vt 0.474216 0.134254
vt 0.463953 0.135269
vt 0.476042 0.139210
vt 0.477993 0.143527
vt 0.477144 0.146506
vt 0.451941 0.134752
vt 0.451443 0.134382
vt 0.403193 0.762013
vt 0.395336 0.766001
vt 0.397027 0.754044
vt 0.405676 0.764222
vt 0.411725 0.760316
vt 0.491920 0.135377
vt 0.382131 0.662591
vt 0.574240 0.062952
vt 0.511773 0.063873
vt 0.396405 0.032555
vt 0.394513 0.029828
vt 0.394898 0.028292
vt 0.396405 0.028408
vt 0.387609 0.033323
vt 0.388197 0.029956
vt 0.390660 0.029917
vt 0.390660 0.034470
vt 0.525706 0.060642
vt 0.537532 0.058776
vt 0.430875 0.275005
vt 0.430875 0.281505
vt 0.429487 0.280951
vt 0.429338 0.274927
vt 0.558176 0.058039
vt 0.390643 0.752376
vt 0.151285 0.068921
vt 0.150870 0.067476
vt 0.151018 0.068940
vt 0.151285 0.065971
vt 0.158087 0.446997
vt 0.160860 0.445574
vt 0.160860 0.448039
vt 0.158489 0.451940
vt 0.009230 0.068900
vt 0.009132 0.059146
vt 0.190506 0.266823
vt 0.194591 0.268912
vt 0.538237 0.218771
vt 0.542666 0.219243
vt 0.543075 0.230327
vt 0.539746 0.229527
vt 0.547690 0.218770
vt 0.545279 0.231715
vt 0.186097 0.139971
vt 0.187670 0.138846
vt 0.187670 0.143625
vt 0.158945 0.233630
vt 0.152622 0.233630
vt 0.153442 0.228951
vt 0.158211 0.226790
vt 0.305762 0.673863
vt 0.300999 0.664694
vt 0.535553 0.090942
vt 0.699092 0.200224
vt 0.147302 0.068629
vt 0.149370 0.085084
vt 0.147302 0.095750
vt 0.216900 0.066190
vt 0.061280 0.021059
vt 0.061280 0.022980
vt 0.061007 0.021103
vt 0.625924 0.112671
vt 0.626206 0.096908
vt 0.626206 0.112985
vt 0.176088 0.041853
vt 0.176180 0.039007
vt 0.176180 0.042130
vt 0.160497 0.162775
vt 0.160497 0.161677
vt 0.160860 0.162535
vt 0.009575 0.622375
vt 0.009215 0.615186
vt 0.009575 0.602952
vt 0.316942 0.012717
vt 0.319805 0.014203
vt 0.316942 0.017235
vt 0.384915 0.000752
vt 0.151285 0.404065
vt 0.150740 0.401106
vt 0.151285 0.400088
vt 0.736336 0.240822
vt 0.436620 0.049790
vt 0.433755 0.049790
vt 0.434663 0.046463
vt 0.160860 0.176255
vt 0.160753 0.180010
vt 0.160753 0.175871
vt 0.011490 0.066776
vt 0.011490 0.068940
vt 0.010646 0.068039
vt 0.194015 0.224055
vt 0.194015 0.219246
vt 0.195330 0.222312
vt 0.411193 0.032555
vt 0.411193 0.025579
vt 0.411725 0.031715
vt 0.124102 0.005712
vt 0.418191 0.123766
vt 0.419385 0.129639
vt 0.418191 0.132135
vt 0.215174 0.047922
vt 0.212926 0.047955
vt 0.210471 0.015518
vt 0.168520 0.238303
vt 0.149370 0.070855
vt 0.146983 0.049160
vt 0.149370 0.041067
vt 0.172350 0.360726
vt 0.414909 0.601033
vt 0.415555 0.607787
vt 0.414909 0.620460
vt 0.414927 0.600479
vt 0.141710 0.105005
vt 0.141400 0.107240
vt 0.141400 0.104793
vt 0.670000 0.190905
vt 0.403090 0.393049
vt 0.407895 0.391829
vt 0.407895 0.404065
vt 0.193415 0.091127
vt 0.399230 0.005745
vt 0.399230 0.001521
vt 0.402150 0.002401
vt 0.417470 0.416876
vt 0.417470 0.425130
vt 0.415894 0.422055
vt 0.178095 0.065110
vt 0.177648 0.062432
vt 0.178095 0.060136
vt 0.206820 0.032555
vt 0.201827 0.026670
vt 0.206820 0.000461
vt 0.193415 0.417470
vt 0.192558 0.412991
vt 0.193415 0.410616
vt 0.635972 0.038782
vt 0.634462 0.038607
vt 0.022724 0.648756
vt 0.023960 0.643654
vt 0.636820 0.038686
vt 0.023076 0.642453
vt 0.021771 0.643356
vt 0.001205 0.424608
vt 0.000585 0.425130
vt 0.001018 0.422524
vt 0.001915 0.422698
vt 0.000585 0.417116
vt 0.000957 0.418303
vt 0.004517 0.365810
vt 0.005745 0.358113
vt 0.005745 0.368781
vt 0.004647 0.369595
vt 0.631644 0.125322
vt 0.414955 0.141904
vt 0.199396 0.130101
vt 0.538237 0.205660
vt 0.185819 0.265881
vt 0.183750 0.263428
vt 0.438589 0.073268
vt 0.444008 0.068775
vt 0.202990 0.189585
vt 0.201336 0.187975
vt 0.198404 0.172182
vt 0.202990 0.147725
vt 0.644876 0.009696
vt 0.647270 0.011088
vt 0.644876 0.024895
vt 0.216900 0.103410
vt 0.217644 0.088149
vt 0.402454 0.711160
vt 0.176180 0.030640
vt 0.175119 0.029364
vt 0.176180 0.025478
vt 0.176825 0.552171
vt 0.178095 0.558372
vt 0.176825 0.568755
vt 0.808131 0.131542
vt 0.795549 0.131542
vt 0.000433 0.361935
vt 0.006159 0.353478
vt 0.417470 0.411725
vt 0.012543 0.314995
vt 0.013405 0.317464
vt 0.013405 0.319805
vt 0.011416 0.318330
vt 0.220903 0.000622
vt 0.224055 0.004151
vt 0.220903 0.005745
vt 0.176180 0.263204
vt 0.175225 0.270288
vt 0.172830 0.270950
vt 0.173006 0.256731
vt 0.571160 0.019112
vt 0.170126 0.275760
vt 0.170126 0.237864
vt 0.557268 0.019775
vt 0.588289 0.768880
vt 0.587125 0.750392
vt 0.438535 0.061280
vt 0.434093 0.053131
vt 0.438535 0.050200
vt 0.213107 0.137784
vt 0.213841 0.134767
vt 0.216395 0.134081
vt 0.216395 0.139795
vt 0.152873 0.535939
vt 0.157030 0.559617
vt 0.148859 0.563010
vt 0.147972 0.557901
vt 0.202990 0.054065
vt 0.202990 0.082345
vt 0.199358 0.060637
vt 0.150418 0.510385
vt 0.154593 0.504060
vt 0.157030 0.529735
vt 0.184090 0.206113
vt 0.187670 0.251938
vt 0.184090 0.260440
vt 0.494559 0.137052
vt 0.645714 0.098407
vt 0.649186 0.106833
vt 0.645714 0.112985
vt 0.645907 0.111410
vt 0.619603 0.212565
vt 0.619603 0.201225
vt 0.621011 0.197575
vt 0.622375 0.202022
vt 0.193415 0.532370
vt 0.187386 0.522581
vt 0.186380 0.515876
vt 0.186350 0.514202
vt 0.186664 0.513755
vt 0.188195 0.511532
vt 0.189248 0.510243
vt 0.190034 0.508976
vt 0.190880 0.507740
vt 0.191858 0.507419
vt 0.193415 0.513045
vt 0.190252 0.529558
vt 0.193038 0.532034
vt 0.183683 0.139360
vt 0.187670 0.151391
vt 0.183683 0.162775
vt 0.641525 0.000903
vt 0.641525 0.022980
vt 0.632229 0.006121
vt 0.992074 0.895892
vt 0.999322 0.903702
vt 0.146816 0.217563
vt 0.011490 0.168637
vt 0.010872 0.172168
vt 0.011185 0.174265
vt 0.010872 0.168372
vt 0.409509 0.635053
vt 0.415555 0.639267
vt 0.631181 0.216964
vt 0.999509 0.956458
vt 0.999461 0.931285
vt 0.455770 0.048085
vt 0.444693 0.063151
vt 0.536200 0.091645
vt 0.005615 0.645452
vt 0.005745 0.649185
vt 0.002679 0.630903
vt 0.005745 0.629324
vt 0.532088 0.090526
vt 0.111371 0.732512
vt 0.104491 0.721151
vt 0.114900 0.708122
vt 0.114900 0.735361
vt 0.146896 0.009972
vt 0.146226 0.010387
vt 0.145859 0.009368
vt 0.147035 0.009111
vt 0.144442 0.011490
vt 0.144222 0.010219
vt 0.145049 0.009876
vt 0.145409 0.010892
vt 0.147455 0.006499
vt 0.147304 0.007440
vt 0.146032 0.007436
vt 0.146108 0.006499
vt 0.143579 0.006499
vt 0.144821 0.006499
vt 0.144763 0.007496
vt 0.143783 0.007675
vt 0.145866 0.008363
vt 0.144815 0.008640
vt 0.143997 0.008918
vt 0.147155 0.008362
vt 0.009767 0.176861
vt 0.011308 0.178372
vt 0.011490 0.180010
vt 0.009767 0.179732
vt 0.436059 0.168520
vt 0.432835 0.168520
vt 0.432732 0.167654
vt 0.436197 0.167495
vt 0.436620 0.164367
vt 0.436368 0.166229
vt 0.432610 0.166631
vt 0.432570 0.166296
vt 0.459600 0.229800
vt 0.457607 0.228490
vt 0.457556 0.226951
vt 0.459012 0.227656
vt 0.459600 0.223362
vt 0.459155 0.224673
vt 0.457942 0.224540
vt 0.458032 0.223452
vt 0.455936 0.227392
vt 0.456100 0.226483
vt 0.456633 0.223532
vt 0.456462 0.224480
vt 0.457701 0.225717
vt 0.456289 0.225439
vt 0.458689 0.226049
vt 0.411958 0.122833
vt 0.412922 0.123467
vt 0.412913 0.126512
vt 0.410523 0.126290
vt 0.414222 0.124501
vt 0.414859 0.126108
vt 0.415448 0.132315
vt 0.414205 0.133257
vt 0.413523 0.130763
vt 0.415555 0.130211
vt 0.413161 0.134050
vt 0.411522 0.131795
vt 0.410518 0.129391
vt 0.413123 0.128684
vt 0.415555 0.127979
vt 0.430875 0.211143
vt 0.429860 0.211636
vt 0.429593 0.210932
vt 0.430794 0.210683
vt 0.430610 0.209633
vt 0.430708 0.210190
vt 0.429587 0.210107
vt 0.429826 0.209244
vt 0.427946 0.212565
vt 0.427946 0.211090
vt 0.428652 0.211006
vt 0.428926 0.212089
vt 0.427946 0.208309
vt 0.428946 0.208806
vt 0.428704 0.209773
vt 0.427946 0.209675
vt 0.103410 0.014794
vt 0.102050 0.014954
vt 0.102252 0.013648
vt 0.103410 0.013316
vt 0.098943 0.015320
vt 0.099403 0.013863
vt 0.100841 0.013913
vt 0.100531 0.015133
vt 0.103410 0.009893
vt 0.103410 0.011616
vt 0.102308 0.012023
vt 0.102080 0.010626
vt 0.100059 0.011713
vt 0.100964 0.011242
vt 0.101170 0.012646
vt 0.099712 0.012884
vt 0.179274 0.425675
vt 0.181543 0.426856
vt 0.181925 0.428934
vt 0.179274 0.428960
vt 0.399479 0.396768
vt 0.399933 0.400034
vt 0.397457 0.399725
vt 0.397955 0.398246
vt 0.396768 0.395405
vt 0.397409 0.394551
vt 0.398606 0.392957
vt 0.400435 0.393833
vt 0.401674 0.394427
vt 0.401907 0.397472
vt 0.402619 0.399090
vt 0.403584 0.400429
vt 0.401883 0.402085
vt 0.398822 0.401963
vt 0.396798 0.401307
vt 0.400159 0.403837
vt 0.396768 0.404104
vt 0.404065 0.403931
vt 0.403641 0.405980
vt 0.202780 0.097665
vt 0.202780 0.094763
vt 0.204905 0.094618
vt 0.204811 0.096385
vt 0.015183 0.428960
vt 0.014493 0.427036
vt 0.016839 0.426604
vt 0.181217 0.260440
vt 0.180310 0.260287
vt 0.180244 0.258648
vt 0.181925 0.258747
vt 0.015166 0.425131
vt 0.014532 0.423394
vt 0.016218 0.422481
vt 0.017235 0.424312
vt 0.013989 0.425631
vt 0.013989 0.421777
vt 0.015094 0.421002
vt 0.181925 0.256892
vt 0.180165 0.256689
vt 0.151084 0.076485
vt 0.150493 0.074558
vt 0.151285 0.074688
vt 0.151272 0.076600
vt 0.459093 0.201064
vt 0.458525 0.201067
vt 0.458674 0.199071
vt 0.459345 0.199115
vt 0.150827 0.072544
vt 0.151285 0.072696
vt 0.459600 0.197138
vt 0.458799 0.197138
vt 0.457977 0.199059
vt 0.458001 0.197138
vt 0.457224 0.199107
vt 0.457211 0.197138
vt 0.456521 0.199173
vt 0.456424 0.197138
vt 0.457964 0.201069
vt 0.457355 0.201072
vt 0.456724 0.201075
vt 0.012914 0.302532
vt 0.012060 0.303082
vt 0.011782 0.302083
vt 0.013063 0.301742
vt 0.009885 0.304485
vt 0.009885 0.303036
vt 0.010806 0.302742
vt 0.011056 0.303730
vt 0.013405 0.299931
vt 0.013201 0.301014
vt 0.011907 0.301127
vt 0.012120 0.300085
vt 0.009885 0.300354
vt 0.010933 0.300228
vt 0.010773 0.301403
vt 0.009885 0.301584
vt 0.032555 0.003003
vt 0.032286 0.003830
vt 0.031322 0.003490
vt 0.031322 0.001766
vt 0.019150 0.000756
vt 0.019143 0.001563
vt 0.018163 0.001915
vt 0.018163 0.000439
vt 0.010672 0.001082
vt 0.011490 0.000470
vt 0.011490 0.001624
vt 0.010551 0.001915
vt 0.035317 0.019524
vt 0.036385 0.019219
vt 0.036385 0.019705
vt 0.035512 0.019956
vt 0.036385 0.020243
vt 0.035732 0.020444
vt 0.036385 0.020760
vt 0.035983 0.020999
vt 0.036385 0.021065
vt 0.183120 0.011490
vt 0.183120 0.008590
vt 0.183768 0.008424
vt 0.183840 0.009460
vt 0.191500 0.108796
vt 0.190855 0.111070
vt 0.190940 0.110203
vt 0.190855 0.108505
vt 0.080430 0.011490
vt 0.080281 0.010571
vt 0.080430 0.009898
vt 0.570370 0.054222
vt 0.568921 0.055245
vt 0.567878 0.053424
vt 0.568921 0.052590
vt 0.569868 0.050497
vt 0.571850 0.051972
vt 0.570930 0.048080
vt 0.572747 0.048838
vt 0.572191 0.045300
vt 0.573777 0.045964
vt 0.573645 0.042233
vt 0.574500 0.042720
vt 0.155115 0.007373
vt 0.154870 0.009477
vt 0.153048 0.009575
vt 0.153048 0.007083
vt 0.166344 0.259432
vt 0.168025 0.259431
vt 0.168520 0.261544
vt 0.166344 0.261861
vt 0.168502 0.264270
vt 0.166479 0.264101
vt 0.210508 0.183551
vt 0.212565 0.183551
vt 0.212310 0.185755
vt 0.210544 0.185610
vt 0.572549 0.061280
vt 0.571736 0.059185
vt 0.573250 0.058265
vt 0.574500 0.060582
vt 0.570382 0.056773
vt 0.571863 0.055524
vt 0.404065 0.027299
vt 0.403914 0.028597
vt 0.402899 0.028445
vt 0.403766 0.029866
vt 0.401867 0.029460
vt 0.402199 0.030845
vt 0.402105 0.032659
vt 0.400370 0.032180
vt 0.400949 0.030784
vt 0.403615 0.031169
vt 0.403608 0.032693
vt 0.403835 0.034526
vt 0.401901 0.034259
vt 0.401634 0.035532
vt 0.399316 0.034719
vt 0.399848 0.033438
vt 0.404065 0.036385
vt 0.215614 0.111070
vt 0.215614 0.109269
vt 0.216191 0.109114
vt 0.216499 0.110548
vt 0.446195 0.112985
vt 0.445721 0.112926
vt 0.445639 0.111453
vt 0.446195 0.111363
vt 0.215614 0.107585
vt 0.216009 0.107583
vt 0.446195 0.109646
vt 0.445433 0.109928
vt 0.445101 0.111568
vt 0.444800 0.110163
vt 0.444429 0.111797
vt 0.444190 0.110389
vt 0.443951 0.111760
vt 0.443723 0.110562
vt 0.443476 0.111758
vt 0.443423 0.110697
vt 0.151285 0.006719
vt 0.151285 0.008153
vt 0.150953 0.008334
vt 0.150830 0.006803
vt 0.150422 0.008453
vt 0.150304 0.006901
vt 0.007660 0.021494
vt 0.007660 0.022980
vt 0.006871 0.022840
vt 0.007190 0.021615
vt 0.216398 0.107580
vt 0.216765 0.108916
vt 0.217485 0.108535
vt 0.217848 0.109752
vt 0.217192 0.110139
vt 0.217946 0.108519
vt 0.218310 0.109479
vt 0.151096 0.009575
vt 0.151046 0.009538
vt 0.134908 0.007660
vt 0.134984 0.006302
vt 0.135480 0.006160
vt 0.135462 0.007598
vt 0.135965 0.006072
vt 0.135965 0.007542
vt 0.444779 0.112810
vt 0.445277 0.112872
vt 0.421180 0.130220
vt 0.420864 0.126862
vt 0.422799 0.126801
vt 0.422841 0.129362
vt 0.201854 0.109155
vt 0.202729 0.106823
vt 0.204778 0.106817
vt 0.204905 0.108702
vt 0.424544 0.128482
vt 0.424807 0.127065
vt 0.203615 0.104457
vt 0.204905 0.104555
vt 0.425130 0.125321
vt 0.422771 0.124565
vt 0.420864 0.124137
vt 0.330495 0.003913
vt 0.330168 0.003334
vt 0.331217 0.003391
vt 0.330963 0.004315
vt 0.231713 0.000907
vt 0.231714 0.002327
vt 0.230712 0.002177
vt 0.230807 0.000884
vt 0.200500 0.210549
vt 0.200340 0.210056
vt 0.201075 0.209566
vt 0.201075 0.210650
vt 0.333210 0.001027
vt 0.332924 0.002049
vt 0.331961 0.001607
vt 0.331815 0.001149
vt 0.179528 0.007924
vt 0.180399 0.008014
vt 0.180476 0.009070
vt 0.179906 0.008843
vt 0.191293 0.068940
vt 0.191680 0.067654
vt 0.192413 0.067626
vt 0.192401 0.068940
vt 0.218310 0.118730
vt 0.217691 0.118574
vt 0.217113 0.117685
vt 0.218310 0.117679
vt 0.218310 0.115448
vt 0.218310 0.116540
vt 0.216992 0.116534
vt 0.216945 0.115301
vt 0.216467 0.117452
vt 0.215842 0.116452
vt 0.215474 0.115142
vt 0.080430 0.000597
vt 0.080430 0.001915
vt 0.079817 0.001885
vt 0.080307 0.000607
vt 0.329010 0.001204
vt 0.330392 0.001027
vt 0.330738 0.001525
vt 0.329419 0.001956
vt 0.331037 0.002406
vt 0.329757 0.002578
vt 0.331998 0.002704
vt 0.332021 0.003729
vt 0.332837 0.003091
vt 0.332646 0.004194
vt 0.332085 0.005203
vt 0.331498 0.004738
vt 0.333100 0.004690
vt 0.332771 0.005745
vt 0.103089 0.000794
vt 0.103410 0.001915
vt 0.102870 0.001915
vt 0.103029 0.000795
vt 0.231715 0.003830
vt 0.230666 0.003434
vt 0.181257 0.011459
vt 0.180729 0.011490
vt 0.180570 0.010232
vt 0.181324 0.010287
vt 0.229885 0.002652
vt 0.229889 0.001986
vt 0.087316 0.000939
vt 0.088090 0.000768
vt 0.088090 0.001915
vt 0.087513 0.001791
vt 0.229090 0.001730
vt 0.229090 0.000840
vt 0.229963 0.000862
vt 0.181232 0.009175
vt 0.181179 0.008095
vt 0.181925 0.008172
vt 0.181925 0.009229
vt 0.013325 0.148070
vt 0.012960 0.147693
vt 0.012941 0.146561
vt 0.013405 0.146884
vt 0.013271 0.149370
vt 0.012941 0.148887
vt 0.191770 0.066213
vt 0.192393 0.066262
vt 0.193354 0.067738
vt 0.193415 0.068940
vt 0.337288 0.007784
vt 0.337342 0.011499
vt 0.328420 0.011377
vt 0.328574 0.006838
vt 0.345277 0.005701
vt 0.346751 0.010339
vt 0.336153 0.004001
vt 0.344078 0.000443
vt 0.283821 0.007753
vt 0.284200 0.004529
vt 0.293219 0.005204
vt 0.293302 0.008811
vt 0.319960 0.005392
vt 0.319476 0.010858
vt 0.309796 0.010826
vt 0.311115 0.005684
vt 0.311623 0.002160
vt 0.323057 0.001281
vt 0.284554 0.001525
vt 0.293326 0.001819
vt 0.376499 0.013405
vt 0.369604 0.012133
vt 0.370667 0.006434
vt 0.378051 0.007261
vt 0.383000 0.000443
vt 0.371069 0.000695
vt 0.362458 0.006113
vt 0.362568 0.001248
vt 0.354137 0.005544
vt 0.354533 0.000901
vt 0.362121 0.011251
vt 0.353558 0.010312
vt 0.302092 0.001656
vt 0.302106 0.005115
vt 0.302162 0.008197
vt 0.631264 0.116815
vt 0.629261 0.113276
vt 0.631004 0.112994
vt 0.632123 0.116688
vt 0.648879 0.212565
vt 0.647290 0.211776
vt 0.648560 0.207058
vt 0.649463 0.207210
vt 0.631816 0.098256
vt 0.633069 0.098962
vt 0.630933 0.103623
vt 0.629233 0.103323
vt 0.651031 0.194833
vt 0.651049 0.198147
vt 0.649341 0.198069
vt 0.649452 0.194119
vt 0.651100 0.202499
vt 0.649526 0.202534
vt 0.648271 0.202534
vt 0.647861 0.198140
vt 0.647785 0.193365
vt 0.647031 0.198285
vt 0.645991 0.193695
vt 0.007660 0.359593
vt 0.007391 0.363655
vt 0.007392 0.363850
vt 0.007391 0.359191
vt 0.633865 0.099412
vt 0.632079 0.103971
vt 0.173828 0.007808
vt 0.174202 0.007780
vt 0.174265 0.011339
vt 0.173828 0.011490
vt 0.631812 0.108355
vt 0.630742 0.108369
vt 0.632502 0.112531
vt 0.629812 0.108408
vt 0.632105 0.108243
vt 0.632998 0.112418
vt 0.633865 0.116429
vt 0.633240 0.116522
vt 0.645991 0.210739
vt 0.646718 0.206688
vt 0.647649 0.206964
vt 0.646012 0.211142
vt 0.647466 0.202470
vt 0.460440 0.062090
vt 0.460440 0.060457
vt 0.461973 0.060802
vt 0.461897 0.062418
vt 0.460440 0.056854
vt 0.462109 0.057311
vt 0.461965 0.059067
vt 0.460440 0.058697
vt 0.465345 0.063195
vt 0.463637 0.062810
vt 0.463647 0.061187
vt 0.465162 0.061291
vt 0.464852 0.058062
vt 0.464998 0.059578
vt 0.463428 0.059472
vt 0.463453 0.057679
vt 0.180010 0.178095
vt 0.179416 0.176815
vt 0.180010 0.176365
vt 0.178815 0.175519
vt 0.180010 0.175301
vt 0.324094 0.014218
vt 0.324117 0.015282
vt 0.322752 0.015270
vt 0.322888 0.013855
vt 0.325168 0.013855
vt 0.325232 0.015288
vt 0.325550 0.017235
vt 0.324072 0.016793
vt 0.322647 0.016368
vt 0.421300 0.389741
vt 0.421093 0.391755
vt 0.418412 0.392311
vt 0.417692 0.389741
vt 0.167577 0.257849
vt 0.163398 0.258525
vt 0.163398 0.254408
vt 0.168061 0.256025
vt 0.164466 0.252530
vt 0.168520 0.253902
vt 0.165495 0.250849
vt 0.168032 0.251824
vt 0.166604 0.249140
vt 0.167658 0.249815
vt 0.420306 0.398212
vt 0.419289 0.398320
vt 0.419235 0.396333
vt 0.420611 0.395944
vt 0.418719 0.394333
vt 0.420877 0.393853
vt 0.003830 0.118730
vt 0.003245 0.118527
vt 0.003547 0.118073
vt 0.003830 0.117998
vt 0.145371 0.042405
vt 0.145462 0.043357
vt 0.144883 0.043287
vt 0.144859 0.042497
vt 0.146136 0.042584
vt 0.146125 0.043456
vt 0.144899 0.041831
vt 0.144963 0.040962
vt 0.145488 0.041255
vt 0.145903 0.041671
vt 0.017100 0.019150
vt 0.016870 0.018409
vt 0.016870 0.017764
vt 0.017235 0.018221
vt 0.147394 0.043091
vt 0.147455 0.043577
vt 0.146786 0.043542
vt 0.146677 0.042800
vt 0.204614 0.088123
vt 0.204411 0.089048
vt 0.203905 0.088784
vt 0.204151 0.088127
vt 0.015135 0.000443
vt 0.015320 0.001222
vt 0.015135 0.001915
vt 0.015141 0.001372
vt 0.212646 0.051781
vt 0.212411 0.050870
vt 0.213313 0.050498
vt 0.213637 0.051274
vt 0.213888 0.051877
vt 0.213025 0.052510
vt 0.091606 0.001253
vt 0.091920 0.001385
vt 0.091813 0.001857
vt 0.091517 0.001915
vt 0.091145 0.001748
vt 0.091145 0.000990
vt 0.022578 0.019150
vt 0.022661 0.018670
vt 0.022967 0.018708
vt 0.022980 0.019150
vt 0.038089 0.000638
vt 0.037963 0.001420
vt 0.037230 0.001482
vt 0.037642 0.001055
vt 0.097665 0.001108
vt 0.097665 0.001751
vt 0.097414 0.001218
vt 0.097624 0.000792
vt 0.038300 0.001602
vt 0.038292 0.002267
vt 0.037820 0.002179
vt 0.036955 0.002160
vt 0.038279 0.003052
vt 0.037691 0.002957
vt 0.036797 0.002915
vt 0.038300 0.003788
vt 0.037662 0.003821
vt 0.036688 0.003830
vt 0.144859 0.044035
vt 0.145498 0.044045
vt 0.204173 0.086242
vt 0.204905 0.086339
vt 0.204645 0.086940
vt 0.203953 0.086852
vt 0.204382 0.087531
vt 0.203731 0.087453
vt 0.203508 0.088057
vt 0.203280 0.088673
vt 0.203621 0.089527
vt 0.203043 0.089312
vt 0.203220 0.090351
vt 0.202820 0.089915
vt 0.204069 0.089937
vt 0.203653 0.090822
vt 0.204583 0.090436
vt 0.204098 0.091306
vt 0.204905 0.090917
vt 0.204667 0.091920
vt 0.212953 0.055184
vt 0.212411 0.054578
vt 0.212931 0.053889
vt 0.213489 0.054523
vt 0.213474 0.053223
vt 0.214024 0.053863
vt 0.214204 0.052635
vt 0.214480 0.053300
vt 0.212443 0.053193
vt 0.212697 0.054026
vt 0.204850 0.089520
vt 0.096865 0.001357
vt 0.097035 0.000953
vt 0.096989 0.001915
vt 0.068940 0.020378
vt 0.068940 0.021065
vt 0.068668 0.020583
vt 0.068882 0.019686
vt 0.097181 0.000789
vt 0.091756 0.000944
vt 0.091611 0.000776
vt 0.120005 0.000810
vt 0.120498 0.001540
vt 0.120645 0.001915
vt 0.120005 0.001901
vt 0.393279 0.001221
vt 0.394308 0.001373
vt 0.394540 0.002948
vt 0.393545 0.002756
vt 0.004952 0.053620
vt 0.005233 0.052515
vt 0.005745 0.052375
vt 0.005745 0.053557
vt 0.205027 0.076029
vt 0.205945 0.075516
vt 0.205518 0.077888
vt 0.204540 0.077418
vt 0.179678 0.109155
vt 0.179156 0.108041
vt 0.180010 0.107327
vt 0.180010 0.109109
vt 0.174244 0.275489
vt 0.174201 0.276218
vt 0.172894 0.276149
vt 0.173191 0.275173
vt 0.271650 0.001057
vt 0.273148 0.003351
vt 0.272308 0.004729
vt 0.271218 0.003382
vt 0.026113 0.021065
vt 0.026113 0.019103
vt 0.026810 0.019583
vt 0.026723 0.020689
vt 0.269697 0.002366
vt 0.269625 0.000478
vt 0.156835 0.008836
vt 0.156769 0.007580
vt 0.157985 0.008227
vt 0.158084 0.009315
vt 0.272744 0.000980
vt 0.273773 0.002281
vt 0.396130 0.004456
vt 0.394968 0.004327
vt 0.395810 0.003245
vt 0.065788 0.021065
vt 0.065956 0.019779
vt 0.066608 0.019812
vt 0.067025 0.021065
vt 0.396405 0.005745
vt 0.395247 0.005689
vt 0.394200 0.005639
vt 0.393920 0.004242
vt 0.032000 0.019656
vt 0.032555 0.019546
vt 0.032480 0.020983
vt 0.032000 0.021065
vt 0.393279 0.005595
vt 0.393759 0.004252
vt 0.206820 0.074882
vt 0.206820 0.078515
vt 0.094951 0.015320
vt 0.094174 0.015093
vt 0.094347 0.013912
vt 0.095516 0.014065
vt 0.172703 0.277376
vt 0.174086 0.277393
vt 0.173949 0.278492
vt 0.172656 0.278452
vt 0.094459 0.012827
vt 0.095750 0.012881
vt 0.093255 0.012687
vt 0.093255 0.011700
vt 0.094443 0.011576
vt 0.095608 0.011954
vt 0.093370 0.010506
vt 0.094586 0.010663
vt 0.119935 0.010357
vt 0.120645 0.009924
vt 0.120645 0.010718
vt 0.120112 0.011490
vt 0.006924 0.153200
vt 0.007034 0.152565
vt 0.006924 0.151621
vt 0.007660 0.152496
vt 0.271493 0.005561
vt 0.270723 0.004671
vt 0.001915 0.084931
vt 0.001915 0.086175
vt 0.000786 0.085946
vt 0.001048 0.085381
vt 0.026810 0.000628
vt 0.026763 0.001747
vt 0.025517 0.001915
vt 0.025517 0.000499
vt 0.269625 0.004025
vt 0.007660 0.156019
vt 0.007388 0.157030
vt 0.007332 0.156149
vt 0.007332 0.155291
vt 0.093494 0.009203
vt 0.094232 0.009802
vt 0.173805 0.279590
vt 0.175208 0.278488
vt 0.174940 0.279590
vt 0.176000 0.278401
vt 0.176180 0.279590
vt 0.175583 0.277226
vt 0.022980 0.000436
vt 0.022924 0.001454
vt 0.022254 0.001915
vt 0.022235 0.000436
vt 0.176028 0.276048
vt 0.158063 0.007484
vt 0.158945 0.007295
vt 0.158945 0.008407
vt 0.158945 0.009575
vt 0.273845 0.004491
vt 0.272892 0.005745
vt 0.451940 0.160116
vt 0.451376 0.162233
vt 0.449995 0.161758
vt 0.450849 0.159397
vt 0.448894 0.158109
vt 0.449181 0.161470
vt 0.156802 0.358840
vt 0.158848 0.361911
vt 0.156896 0.363071
vt 0.155735 0.360778
vt 0.154986 0.362138
vt 0.154986 0.365521
vt 0.451940 0.166605
vt 0.448593 0.166268
vt 0.449251 0.164326
vt 0.451254 0.164333
vt 0.157685 0.365765
vt 0.158945 0.365206
vt 0.447712 0.163850
vt 0.017889 0.602019
vt 0.024895 0.607384
vt 0.017889 0.616630
vt 0.169675 0.418425
vt 0.172350 0.425968
vt 0.169675 0.427045
vt 0.437689 0.120645
vt 0.436488 0.117318
vt 0.439642 0.117337
vt 0.439896 0.119754
vt 0.441119 0.111826
vt 0.441766 0.113593
vt 0.439399 0.113436
vt 0.439009 0.110973
vt 0.442365 0.118758
vt 0.442365 0.117295
vt 0.436914 0.110125
vt 0.436988 0.113135
vt 0.439617 0.115451
vt 0.436858 0.115183
vt 0.442365 0.115608
vt 0.210012 0.205155
vt 0.209632 0.204527
vt 0.210344 0.203858
vt 0.210460 0.204982
vt 0.210551 0.205865
vt 0.209912 0.205837
vt 0.209113 0.205560
vt 0.208687 0.205300
vt 0.209420 0.203813
vt 0.208900 0.206696
vt 0.208039 0.206635
vt 0.209780 0.206758
vt 0.210650 0.206820
vt 0.208039 0.203693
vt 0.019084 0.317299
vt 0.018352 0.317216
vt 0.018557 0.316315
vt 0.019150 0.316646
vt 0.019088 0.317969
vt 0.018270 0.318092
vt 0.043705 0.002310
vt 0.044258 0.001871
vt 0.044583 0.002877
vt 0.043518 0.002930
vt 0.044683 0.001384
vt 0.045287 0.002541
vt 0.045960 0.003830
vt 0.044611 0.003830
vt 0.043201 0.003830
vt 0.019028 0.318943
vt 0.018445 0.319206
vt 0.017789 0.319502
vt 0.017497 0.318226
vt 0.016869 0.318482
vt 0.016697 0.317280
vt 0.017521 0.317222
vt 0.017115 0.319805
vt 0.074685 0.015320
vt 0.074175 0.015155
vt 0.073954 0.014203
vt 0.074556 0.014101
vt 0.194927 0.088090
vt 0.194191 0.087721
vt 0.194356 0.086762
vt 0.195081 0.086843
vt 0.073939 0.012934
vt 0.074482 0.012986
vt 0.389410 0.016605
vt 0.388527 0.017235
vt 0.388527 0.016214
vt 0.389300 0.016124
vt 0.388527 0.015180
vt 0.389306 0.015109
vt 0.389109 0.014042
vt 0.389737 0.013951
vt 0.389933 0.014956
vt 0.390166 0.015422
vt 0.388527 0.014125
vt 0.390408 0.013855
vt 0.390660 0.014541
vt 0.193580 0.086451
vt 0.193723 0.085809
vt 0.194434 0.085897
vt 0.193746 0.085007
vt 0.194519 0.085007
vt 0.195330 0.085007
vt 0.195222 0.085909
vt 0.073945 0.011987
vt 0.073931 0.011068
vt 0.074685 0.011144
vt 0.074541 0.012043
vt 0.016697 0.316284
vt 0.016768 0.315335
vt 0.017673 0.315390
vt 0.017595 0.316294
vt 0.018692 0.315452
vt 0.044178 0.000709
vt 0.043893 0.001533
vt 0.193001 0.085293
vt 0.192966 0.085007
vt 0.564413 0.114900
vt 0.565308 0.108691
vt 0.571743 0.108844
vt 0.572585 0.114900
vt 0.565477 0.104252
vt 0.571077 0.103734
vt 0.564897 0.100576
vt 0.570404 0.098751
vt 0.564994 0.098500
vt 0.568427 0.098030
vt 0.202990 0.199160
vt 0.198769 0.196461
vt 0.198988 0.194566
vt 0.202990 0.193628
vt 0.413409 0.528540
vt 0.408911 0.525837
vt 0.408956 0.520787
vt 0.413402 0.523572
vt 0.193153 0.429371
vt 0.195330 0.426708
vt 0.195330 0.434705
vt 0.193405 0.433858
vt 0.150905 0.448110
vt 0.148642 0.442464
vt 0.152719 0.444212
vt 0.007660 0.628120
vt 0.004456 0.626835
vt 0.004555 0.620708
vt 0.007026 0.622037
vt 0.001953 0.627487
vt 0.001787 0.619348
vt 0.593650 0.227885
vt 0.588280 0.221755
vt 0.588629 0.215789
vt 0.593374 0.219476
vt 0.588936 0.209015
vt 0.593487 0.212736
vt 0.413640 0.517597
vt 0.409348 0.514418
vt 0.408960 0.508259
vt 0.413363 0.510823
vt 0.408911 0.503043
vt 0.413338 0.505661
vt 0.152777 0.426584
vt 0.152917 0.432772
vt 0.148830 0.430152
vt 0.148642 0.424663
vt 0.149399 0.419710
vt 0.152135 0.421414
vt 0.007167 0.600036
vt 0.007660 0.604726
vt 0.005105 0.603697
vt 0.005212 0.599647
vt 0.178095 0.105325
vt 0.176208 0.104964
vt 0.176291 0.101840
vt 0.178095 0.101224
vt 0.409918 0.497384
vt 0.411896 0.498113
vt 0.412609 0.499415
vt 0.410086 0.498765
vt 0.412907 0.502087
vt 0.409732 0.501838
vt 0.589147 0.200264
vt 0.590738 0.197716
vt 0.593650 0.199445
vt 0.593511 0.202257
vt 0.593497 0.206684
vt 0.589162 0.203854
vt 0.002686 0.606865
vt 0.002866 0.602548
vt 0.005103 0.608509
vt 0.004945 0.614551
vt 0.002248 0.612759
vt 0.007620 0.610120
vt 0.007413 0.616282
vt 0.148791 0.436497
vt 0.153200 0.439104
vt 0.002979 0.599778
vt 0.199392 0.315975
vt 0.199557 0.313026
vt 0.201075 0.312572
vt 0.201075 0.315722
vt 0.328618 0.013472
vt 0.330023 0.013472
vt 0.329910 0.015053
vt 0.328800 0.015287
vt 0.333210 0.013472
vt 0.333016 0.014802
vt 0.331339 0.014814
vt 0.331584 0.013472
vt 0.329188 0.019150
vt 0.328994 0.017220
vt 0.330092 0.016826
vt 0.330584 0.018264
vt 0.332706 0.016918
vt 0.331751 0.017524
vt 0.331261 0.016136
vt 0.332873 0.015775
vt 0.116778 0.011971
vt 0.117469 0.011306
vt 0.117734 0.013312
vt 0.116808 0.013225
vt 0.115811 0.013132
vt 0.115811 0.011751
vt 0.115811 0.009759
vt 0.115811 0.008037
vt 0.118271 0.010820
vt 0.118730 0.013405
vt 0.186279 0.010995
vt 0.189585 0.007849
vt 0.189585 0.012061
vt 0.187263 0.013112
vt 0.451940 0.086175
vt 0.448401 0.084858
vt 0.448436 0.084011
vt 0.451367 0.084284
vt 0.450743 0.079884
vt 0.448561 0.080959
vt 0.449176 0.080157
vt 0.450420 0.079060
vt 0.450927 0.082569
vt 0.448490 0.082687
vt 0.451940 0.077101
vt 0.451877 0.077042
vt 0.195091 0.111070
vt 0.194177 0.108625
vt 0.195330 0.108625
vt 0.195149 0.110997
vt 0.189352 0.015092
vt 0.188234 0.015320
vt 0.030243 0.019686
vt 0.030640 0.021065
vt 0.029089 0.021020
vt 0.029089 0.019055
vt 0.148277 0.211387
vt 0.148025 0.212529
vt 0.147229 0.212565
vt 0.147229 0.211170
vt 0.147229 0.209902
vt 0.149370 0.210163
vt 0.459451 0.048683
vt 0.459492 0.049932
vt 0.458515 0.049673
vt 0.459521 0.050810
vt 0.458183 0.051264
vt 0.457462 0.050785
vt 0.458186 0.052443
vt 0.457311 0.052433
vt 0.459568 0.052253
vt 0.458551 0.053967
vt 0.457353 0.054787
vt 0.456259 0.055535
vt 0.456259 0.052057
vt 0.459600 0.053249
vt 0.281505 0.000962
vt 0.281505 0.002518
vt 0.280588 0.002436
vt 0.280670 0.000990
vt 0.281505 0.005745
vt 0.280271 0.005108
vt 0.280590 0.003940
vt 0.281505 0.004078
vt 0.279030 0.001044
vt 0.279833 0.001018
vt 0.279675 0.002274
vt 0.278587 0.002047
vt 0.277797 0.003832
vt 0.278200 0.002920
vt 0.279370 0.003459
vt 0.278980 0.004443
vt 0.186050 0.108935
vt 0.186050 0.103434
vt 0.187670 0.105646
vt 0.186846 0.109155
vt 0.190559 0.021726
vt 0.193415 0.019018
vt 0.193062 0.021401
vt 0.191146 0.023058
vt 0.193415 0.023094
vt 0.191654 0.024212
vt 0.192848 0.024895
vt 0.443057 0.230414
vt 0.443043 0.228921
vt 0.443851 0.228923
vt 0.443514 0.229813
vt 0.442531 0.228599
vt 0.442472 0.227789
vt 0.443339 0.227789
vt 0.442384 0.230697
vt 0.441937 0.229085
vt 0.441578 0.227789
vt 0.444280 0.227789
vt 0.442667 0.231715
vt 0.447721 0.132708
vt 0.447877 0.133651
vt 0.446845 0.133606
vt 0.447087 0.132326
vt 0.175430 0.329880
vt 0.175836 0.330212
vt 0.175406 0.331295
vt 0.175016 0.330320
vt 0.174849 0.329043
vt 0.175531 0.329014
vt 0.021065 0.017950
vt 0.020965 0.019150
vt 0.020095 0.018907
vt 0.019867 0.017950
vt 0.140377 0.008717
vt 0.141201 0.007638
vt 0.141710 0.008101
vt 0.141289 0.009106
vt 0.138657 0.008980
vt 0.138657 0.007733
vt 0.139487 0.007151
vt 0.140099 0.010135
vt 0.138657 0.010232
vt 0.140290 0.006588
vt 0.199150 0.277603
vt 0.199160 0.279255
vt 0.198069 0.279669
vt 0.198182 0.278308
vt 0.412892 0.340757
vt 0.413114 0.339558
vt 0.414316 0.340078
vt 0.414297 0.340984
vt 0.414290 0.341865
vt 0.413468 0.341892
vt 0.446834 0.135965
vt 0.446796 0.134668
vt 0.447998 0.134721
vt 0.448110 0.135775
vt 0.180770 0.156176
vt 0.181925 0.156620
vt 0.181638 0.157614
vt 0.180770 0.157818
vt 0.181394 0.158750
vt 0.180872 0.158945
vt 0.175945 0.326069
vt 0.175835 0.327055
vt 0.175059 0.326888
vt 0.175191 0.325859
vt 0.175247 0.324674
vt 0.176180 0.324979
vt 0.174295 0.325502
vt 0.174295 0.324363
vt 0.141633 0.006507
vt 0.141038 0.006063
vt 0.198978 0.280410
vt 0.198048 0.280764
vt 0.197119 0.281118
vt 0.197123 0.280017
vt 0.196103 0.280381
vt 0.196103 0.279269
vt 0.197150 0.278930
vt 0.196103 0.281505
vt 0.196103 0.278232
vt 0.197127 0.277801
vt 0.413261 0.338592
vt 0.414335 0.339055
vt 0.196103 0.277259
vt 0.196628 0.276724
vt 0.415555 0.339346
vt 0.415551 0.340211
vt 0.415548 0.341038
vt 0.415544 0.341852
vt 0.415555 0.342785
vt 0.414765 0.342718
vt 0.446017 0.133366
vt 0.445177 0.133064
vt 0.445606 0.131562
vt 0.446323 0.131921
vt 0.445976 0.134404
vt 0.446391 0.130200
vt 0.447154 0.130775
vt 0.447934 0.131392
vt 0.447369 0.129262
vt 0.448110 0.129898
vt 0.084063 0.000782
vt 0.084260 0.001915
vt 0.083309 0.001623
vt 0.083309 0.000632
vt 0.454786 0.078931
vt 0.455530 0.079869
vt 0.454476 0.080430
vt 0.453522 0.079202
vt 0.453522 0.077802
vt 0.454332 0.077667
vt 0.455364 0.077459
vt 0.455770 0.078460
vt 0.453541 0.076209
vt 0.454584 0.076385
vt 0.455549 0.076459
vt 0.139555 0.011402
vt 0.140857 0.010118
vt 0.140377 0.011220
vt 0.138657 0.011490
vt 0.058441 0.022750
vt 0.058441 0.021643
vt 0.059190 0.021855
vt 0.059365 0.022980
vt 0.175687 0.328030
vt 0.174907 0.327926
vt 0.000944 0.036640
vt 0.000763 0.035020
vt 0.001371 0.035192
vt 0.001915 0.036673
vt 0.206655 0.081986
vt 0.206820 0.083012
vt 0.204973 0.084260
vt 0.204973 0.081978
vt 0.000588 0.038300
vt 0.000588 0.034970
vt 0.202990 0.013335
vt 0.201906 0.013370
vt 0.201865 0.012021
vt 0.202990 0.012016
vt 0.200813 0.010850
vt 0.201834 0.011059
vt 0.201032 0.012070
vt 0.070647 0.020451
vt 0.070855 0.021065
vt 0.070426 0.021065
vt 0.202990 0.010719
vt 0.189585 0.176180
vt 0.188142 0.175825
vt 0.188581 0.174780
vt 0.189585 0.175151
vt 0.189585 0.174416
vt 0.200806 0.013405
vt 0.189585 0.143625
vt 0.189258 0.142439
vt 0.189585 0.141172
vt 0.013405 0.034470
vt 0.013095 0.033291
vt 0.013405 0.032186
vt 0.457685 0.235545
vt 0.456698 0.235305
vt 0.456864 0.234353
vt 0.457685 0.234423
vt 0.454647 0.234807
vt 0.454866 0.233950
vt 0.455884 0.234187
vt 0.455655 0.235052
vt 0.457685 0.232243
vt 0.457685 0.233340
vt 0.456872 0.233305
vt 0.456858 0.232252
vt 0.455297 0.232267
vt 0.456060 0.232260
vt 0.456065 0.233275
vt 0.455072 0.233147
vt 0.134050 0.009109
vt 0.132733 0.009823
vt 0.132497 0.008671
vt 0.134047 0.008530
vt 0.219746 0.008055
vt 0.220880 0.008245
vt 0.220943 0.009966
vt 0.219746 0.009797
vt 0.129655 0.011490
vt 0.129655 0.009605
vt 0.131027 0.009196
vt 0.131281 0.010609
vt 0.129655 0.006001
vt 0.130995 0.006311
vt 0.130974 0.007603
vt 0.129655 0.007738
vt 0.221126 0.011465
vt 0.219746 0.011490
vt 0.132528 0.007516
vt 0.221877 0.008412
vt 0.222140 0.009924
vt 0.201665 0.114758
vt 0.201385 0.113866
vt 0.202135 0.113108
vt 0.202352 0.114827
vt 0.193029 0.061085
vt 0.192277 0.061193
vt 0.192509 0.059192
vt 0.193415 0.060212
vt 0.020218 0.029991
vt 0.021065 0.029471
vt 0.021065 0.030523
vt 0.020168 0.030640
vt 0.191567 0.061280
vt 0.191567 0.058132
vt 0.202990 0.114900
vt 0.202990 0.112244
vt 0.212653 0.055535
s 1
usemtl tripo_mat_4e9f0594-5cb9-4b12-986c-0a81154a03fa
f 1/1 116/2 117/3 118/4
f 1/5 118/6 119/7 2/8
f 1/1 120/9 121/10 116/2
f 3/11 122/12 123/13 124/14
f 3/11 33/15 125/16 122/12
f 3/11 124/14 126/17 33/15
f 4/18 127/19 128/20 129/21
f 4/22 129/23 130/24 131/25
f 4/22 131/25 38/26 127/27
f 5/28 132/29 133/30 134/31
f 5/28 135/32 136/33 132/29
f 5/34 128/35 127/36 135/37
f 6/38 137/39 138/40 139/41
f 6/38 140/42 141/43 137/39
f 6/38 142/44 143/45 140/42
f 6/38 139/41 144/46 142/44
f 7/47 145/48 146/49 147/50
f 7/47 148/51 149/52 150/53
f 7/47 147/50 151/54 148/51
f 8/55 152/56 153/57 154/58
f 8/55 149/52 155/59 152/56
f 9/60 156/61 157/62 158/63
f 9/64 159/65 160/66 156/67
f 10/68 161/69 162/70 163/71
f 10/72 164/73 165/74 166/75
f 10/76 167/77 168/78 161/79
f 11/80 13/81 169/82 170/83
f 11/84 170/85 171/86 172/87
f 12/88 172/89 171/90 175/91
f 13/92 176/93 177/94 178/95
f 14/96 179/97 180/98 181/99
f 15/100 156/67 160/66 182/101
f 15/100 183/102 184/103 156/67
f 16/104 185/105 186/106 187/107
f 16/104 188/108 189/109 185/105
f 16/104 187/107 190/110 188/108
f 191/111 192/112 193/113 194/114
f 17/115 195/116 19/117 196/118
f 17/119 197/120 198/121 195/122
f 199/123 200/124 201/125 202/126
f 199/127 203/128 138/129 204/130
f 199/127 202/131 205/132 203/128
f 18/133 206/134 207/135 208/136
f 19/117 209/137 210/138 196/118
f 20/139 211/140 212/141 213/142
f 21/143 214/144 215/145 22/146
f 22/146 215/145 155/147 216/148
f 22/149 217/150 218/151 23/152
f 22/153 216/154 219/155 217/156
f 23/152 220/157 221/158 222/159
f 24/160 223/161 224/162 225/163
f 24/164 226/165 227/166 223/167
f 24/164 228/168 229/169 226/165
f 25/170 141/171 230/172 113/173
f 26/174 231/175 232/176 233/177
f 26/178 113/179 234/180 231/181
f 25/182 235/183 137/39 141/43
f 25/182 236/184 237/185 235/183
f 25/182 238/186 239/187 236/184
f 25/182 240/188 241/189 238/186
f 27/190 243/191 244/192 245/193
f 27/194 245/195 246/196 247/197
f 27/198 247/199 248/200 243/201
f 28/202 249/203 250/204 251/205
f 28/206 252/207 253/208 249/209
f 28/206 254/210 255/211 252/207
f 28/212 251/213 245/214 244/215
f 29/216 256/217 257/218 258/219
f 29/220 259/221 260/222 256/223
f 29/224 258/225 261/226 259/227
f 30/228 262/229 263/230 264/231
f 30/232 265/233 266/234 262/235
f 30/236 264/237 267/238 265/239
f 31/240 268/241 269/242 270/243
f 31/244 271/245 272/246 273/247
f 31/248 270/249 274/250 275/251
f 31/244 275/252 276/253 271/245
f 32/254 277/255 278/256 279/257
f 32/254 280/258 281/259 277/255
f 33/15 282/260 283/261 125/16
f 34/262 241/263 284/264 285/265
f 34/266 285/267 286/268 287/269
f 34/270 133/271 238/186 241/189
f 35/272 288/273 289/274 290/275
f 35/272 291/276 292/277 293/278
f 35/272 290/275 294/279 291/276
f 35/272 293/278 295/280 288/273
f 36/281 296/282 42/283 297/284
f 36/285 298/286 299/287 296/288
f 36/289 297/290 300/291 298/292
f 37/293 301/294 302/295 303/296
f 305/297 306/298 301/299 37/300
f 37/300 303/301 304/302 305/297
f 38/303 307/304 135/305 127/306
f 38/307 39/308 308/309 307/310
f 38/26 131/25 309/311 310/312
f 38/26 310/312 311/313 39/314
f 39/315 311/316 312/317 308/318
f 40/319 313/320 314/321 315/322
f 40/323 316/324 317/325 313/326
f 40/327 315/328 318/329 316/330
f 41/331 319/332 299/287 298/286
f 41/333 320/334 321/335 319/336
f 42/337 296/288 322/338 323/339
f 42/337 323/339 302/340 324/341
f 42/342 324/343 274/344 270/243
f 42/342 270/243 269/242 297/290
f 43/345 325/346 326/347 327/348
f 43/345 328/349 329/350 325/346
f 44/351 330/352 331/353 332/354
f 44/355 332/356 333/357 334/358
f 44/359 334/360 335/361 330/362
f 45/363 336/364 337/365 338/366
f 45/363 339/367 340/368 336/364
f 45/363 338/366 341/369 339/367
f 46/370 342/371 343/372 344/373
f 46/374 345/375 346/376 347/377
f 46/374 347/377 348/378 342/379
f 47/380 349/381 350/382 351/383
f 47/384 351/385 352/386 353/387
f 47/380 354/388 355/389 356/390
f 47/391 353/392 357/393 354/394
f 48/395 358/396 359/397 360/398
f 48/399 354/394 357/393 361/400
f 48/395 362/401 355/389 354/388
f 48/395 360/398 363/402 362/401
f 48/403 361/404 364/405 358/406
f 49/407 365/408 366/409 367/410
f 49/411 74/412 368/413 369/414
f 49/415 367/416 370/417 74/418
f 50/419 371/420 372/421 373/422
f 50/419 374/423 73/424 375/425
f 50/419 373/422 376/426 374/423
f 50/419 377/427 378/428 371/420
f 50/429 375/430 379/431 377/432
f 51/433 380/434 381/435 382/436
f 51/437 63/438 383/439 380/440
f 51/437 382/441 384/442 63/438
f 52/443 385/444 386/445 53/446
f 52/443 387/447 388/448 385/444
f 52/443 53/446 389/449 387/447
f 53/446 390/450 71/451 391/452
f 53/446 386/445 392/453 390/450
f 53/446 391/452 393/454 389/449
f 54/455 394/456 395/457 396/458
f 54/455 397/459 398/460 394/456
f 54/455 396/458 399/461 397/459
f 55/462 58/463 76/464 400/465
f 55/466 400/467 401/468 59/469
f 55/470 59/471 402/472 58/473
f 56/474 403/475 60/476 57/477
f 56/478 404/479 405/480 406/481
f 58/482 93/483 77/484 76/485
f 58/482 402/486 401/487 93/483
f 59/488 60/476 403/475 402/489
f 59/490 401/491 402/492 403/493
f 61/494 407/495 408/496 409/497
f 61/498 410/499 411/500 407/501
f 61/498 409/502 412/503 410/499
f 62/504 413/505 414/506 415/507
f 62/504 416/508 417/509 413/505
f 63/510 418/511 419/512 383/513
f 63/438 384/442 65/514 416/515
f 64/516 420/517 115/518 65/519
f 65/520 115/521 421/522 422/523
f 65/524 423/525 424/526 425/527
f 66/528 114/529 426/530 427/531
f 66/532 428/533 429/534 114/535
f 66/532 424/536 423/537 428/533
f 65/538 425/539 417/540 416/541
f 65/514 384/442 430/542 64/543
f 67/544 431/545 432/546 433/547
f 67/548 434/549 112/550 435/551
f 68/552 436/553 437/554 69/555
f 68/556 438/557 439/558 440/559
f 68/556 441/560 442/561 438/557
f 68/556 69/562 443/563 441/560
f 69/564 437/565 444/566 443/567
f 70/568 445/569 437/554 436/553
f 70/570 446/571 447/572 445/573
f 445/573 447/572 448/574 449/575
f 71/451 450/576 451/577 391/452
f 71/451 390/450 452/578 450/576
f 68/579 440/580 453/581 436/582
f 72/583 454/584 455/585 456/586
f 72/587 456/588 379/589 375/590
f 72/591 375/592 73/593 454/594
f 73/595 457/596 458/597 459/598
f 73/599 459/600 460/601 454/602
f 3378/603 3380/604 78/605 462/606
f 3379/607 78/608 3380/609 75/610
f 76/611 464/612 465/613 466/614
f 77/484 93/483 463/615
f 79/616 467/617 468/618 469/619
f 79/620 80/621 470/622 467/623
f 81/624 473/625 474/626 475/627
f 477/628 478/629 473/625 81/624
f 81/624 475/627 476/630 477/628
f 82/631 479/632 480/633 481/634
f 82/631 482/635 483/636 479/632
f 82/637 481/638 484/639 485/640
f 83/641 486/642 487/643 488/644
f 83/645 474/646 473/647 486/648
f 83/649 483/636 482/635 474/650
f 83/651 489/652 84/653 483/654
f 84/653 489/652 490/655 491/656
f 84/653 491/656 479/657 483/654
f 85/658 492/659 493/660 494/661
f 85/658 101/662 88/663 492/659
f 480/664 479/657 491/656 496/665
f 85/666 495/667 480/664 496/665
f 85/668 496/669 497/670 101/671
f 86/672 498/673 499/674 500/675
f 86/676 501/677 502/678 498/679
f 87/680 495/681 502/682 501/683
f 87/684 503/685 504/686 505/687
f 87/688 505/689 89/690 495/691
f 88/663 101/662 506/692 507/693
f 89/694 508/695 509/696 510/697
f 90/698 511/699 102/700 512/701
f 90/702 513/703 514/704 511/705
f 90/702 515/706 91/707 516/708
f 90/698 512/701 517/709 515/710
f 90/702 516/708 518/711 513/703
f 91/707 519/712 520/713 516/708
f 91/707 515/706 521/714 519/712
f 92/715 522/716 523/717 524/718
f 92/715 524/718 525/719 526/720
f 92/715 526/720 527/721 522/716
f 528/722 529/723 530/724 531/725
f 94/726 528/727 531/728
f 95/729 532/730 533/731 99/732
f 95/733 534/734 535/735 532/736
f 95/737 536/738 537/739 534/740
f 95/741 99/742 538/743 539/744
f 95/737 539/745 540/746 536/738
f 96/747 541/748 540/749 539/750
f 96/751 97/752 542/753 541/754
f 97/755 98/756 96/757 104/758
f 97/752 543/759 544/760 542/753
f 545/761 546/762 547/763 548/764
f 100/765 545/761 548/764 549/766
f 100/767 549/768 550/769 551/770
f 101/671 552/771 553/772 506/773
f 101/671 497/670 554/774 552/771
f 102/700 555/775 556/776 512/701
f 102/700 511/699 557/777 555/775
f 103/778 558/779 559/780 560/781
f 103/782 560/783 561/784 562/785
f 104/786 563/787 564/788 565/789
f 105/790 566/791 567/792 568/793
f 106/794 570/795 571/796 569/797
f 107/798 572/799 573/800 108/801
f 107/802 108/803 574/804 575/805
f 108/806 573/807 576/808 577/809
f 108/810 577/811 530/812 578/813
f 109/814 579/815 407/816 411/817
f 109/818 580/819 581/820 579/821
f 109/822 582/823 583/824 580/825
f 110/826 587/827 588/828 585/829
f 111/830 589/831 590/832 591/833
f 111/834 586/835 592/836 589/837
f 112/838 434/839 593/840 594/841
f 94/726 531/728 595/842 596/843
f 113/179 230/844 597/845 234/180
f 596/843 595/842 405/480 598/846
f 596/847 598/848 599/849 600/850
f 596/851 600/852 528/853 94/854
f 600/855 599/856 601/857 602/858
f 600/855 602/858 603/859 528/860
f 603/861 604/862 529/863 528/864
f 603/859 602/858 605/865 606/866
f 603/859 606/866 607/867 604/868
f 607/867 608/869 609/870 604/868
f 607/867 606/866 610/871 611/872
f 607/867 611/872 612/873 608/869
f 612/873 611/872 613/874 614/875
f 612/873 614/875 615/876 616/877
f 612/873 616/877 617/878 608/869
f 617/878 618/879 619/880 620/881
f 617/878 620/881 609/870 608/869
f 617/878 616/877 621/882 618/879
f 621/882 622/883 623/884 618/879
f 621/882 616/877 615/876 624/885
f 621/882 624/885 625/886 622/883
f 625/886 626/887 627/888 622/883
f 625/886 624/885 628/889 629/890
f 625/886 629/890 630/891 626/887
f 630/891 631/892 632/893 626/887
f 630/891 629/890 633/894 634/895
f 630/891 634/895 635/896 631/892
f 635/896 636/897 637/898 631/892
f 635/896 634/895 638/899 639/900
f 635/896 639/900 640/901 636/897
f 640/901 641/902 642/903 636/897
f 640/901 639/900 643/904 644/905
f 640/901 644/905 645/906 641/902
f 645/907 646/908 647/909 641/910
f 645/906 644/905 648/911 649/912
f 645/907 649/913 650/914 646/908
f 650/915 651/916 652/917 646/918
f 650/915 649/919 653/920 654/921
f 650/915 654/921 655/922 651/916
f 655/922 656/923 657/924 651/916
f 655/925 654/926 658/927 659/928
f 655/922 659/929 660/930 656/923
f 660/931 661/932 662/933 656/934
f 660/930 659/929 663/935 664/936
f 660/931 664/937 665/938 661/932
f 665/938 666/939 667/940 661/932
f 665/938 664/937 668/941 669/942
f 665/938 669/942 670/943 666/939
f 670/943 671/944 672/945 666/939
f 670/943 669/942 673/946 674/947
f 670/943 674/947 675/948 671/944
f 675/948 676/949 677/950 671/944
f 675/948 674/947 678/951 679/952
f 675/948 679/952 680/953 676/949
f 680/953 681/954 682/955 676/949
f 680/953 679/952 683/956 684/957
f 680/953 684/957 685/958 681/954
f 685/959 686/960 687/961 681/962
f 685/958 684/957 688/963 689/964
f 685/959 689/965 690/966 686/960
f 690/966 691/967 692/968 686/960
f 690/969 689/964 693/970 694/971
f 690/966 694/972 695/973 691/967
f 695/974 696/975 697/976 691/977
f 695/978 694/979 698/980 699/981
f 695/974 699/982 700/983 696/975
f 700/983 701/984 702/985 696/975
f 700/983 699/982 703/986 704/987
f 700/983 704/987 705/988 701/984
f 705/988 706/989 707/990 701/984
f 705/988 704/987 708/991 709/992
f 705/988 709/992 710/993 706/989
f 710/993 711/994 712/995 706/989
f 710/993 709/992 713/996 714/997
f 710/993 714/997 715/998 711/994
f 715/998 716/999 717/1000 711/994
f 715/998 714/997 718/1001 719/1002
f 715/998 719/1002 720/1003 716/999
f 720/1003 721/1004 722/1005 716/999
f 720/1003 719/1002 723/1006 724/1007
f 720/1003 724/1007 725/1008 721/1004
f 725/1008 726/1009 727/1010 721/1004
f 725/1008 724/1007 728/1011 729/1012
f 725/1008 729/1012 730/1013 726/1009
f 730/1013 731/1014 732/1015 726/1009
f 730/1013 729/1012 733/1016 734/1017
f 730/1013 734/1017 735/1018 731/1014
f 735/1018 736/1019 737/1020 731/1014
f 735/1018 734/1017 738/1021 739/1022
f 735/1018 739/1022 740/1023 736/1019
f 740/1023 741/1024 742/1025 736/1019
f 740/1023 739/1022 743/1026 744/1027
f 740/1023 744/1027 745/1028 741/1024
f 745/1028 746/1029 747/1030 741/1024
f 745/1028 744/1027 748/1031 749/1032
f 745/1028 749/1032 750/1033 746/1029
f 750/1033 350/382 349/381 746/1029
f 750/1033 749/1032 751/1034 752/1035
f 750/1033 752/1035 753/1036 350/382
f 753/1036 754/1037 351/383 350/382
f 753/1036 752/1035 255/211 755/1038
f 753/1036 755/1038 756/1039 754/1037
f 756/1040 757/1041 758/1042 754/1043
f 756/1039 755/1038 261/226 258/225
f 756/1040 258/219 257/218 757/1041
f 758/1042 757/1041 759/1044 760/1045
f 758/1042 760/1045 761/1046 352/386
f 758/1042 352/386 351/385 754/1043
f 761/1046 760/1045 762/1047 763/1048
f 761/1049 763/1050 764/1051 765/1052
f 761/1049 765/1052 353/1053 352/1054
f 765/1055 764/1056 766/1057 767/1058
f 765/1055 767/1058 357/393 353/392
f 767/1058 766/1057 768/1059 769/1060
f 767/1058 769/1060 361/400 357/393
f 769/1061 768/1062 770/1063 771/1064
f 769/1061 771/1064 364/405 361/404
f 771/1064 772/1065 773/1066 364/405
f 771/1064 770/1063 774/1067 772/1065
f 774/1067 775/1068 776/1069 772/1065
f 774/1067 770/1063 317/325 777/1070
f 774/1067 777/1070 778/1071 775/1068
f 778/1071 273/1072 779/1073 775/1068
f 778/1071 777/1070 780/1074 268/1075
f 778/1071 268/1075 31/1076 273/1072
f 780/1074 777/1070 317/325 316/324
f 780/1077 316/330 318/329 781/1078
f 780/1077 781/1078 269/242 268/241
f 781/1078 318/329 320/1079 300/291
f 781/1078 300/291 297/290 269/242
f 779/1080 782/1081 265/1082 267/1083
f 779/1073 267/238 776/1069 775/1068
f 779/1080 273/247 272/246 782/1081
f 782/1084 783/1085 266/234 265/233
f 782/1084 272/1086 784/1087 783/1085
f 784/1087 785/1088 786/1089 783/1085
f 784/1087 272/1086 271/1090 787/1091
f 784/1087 787/1091 788/1092 785/1088
f 788/1092 789/1093 790/1094 785/1088
f 788/1092 787/1091 791/1095 792/1096
f 788/1092 792/1096 793/1097 789/1093
f 793/1097 792/1096 794/1098 795/1099
f 793/1097 795/1099 796/1100 797/1101
f 793/1097 797/1101 32/254 789/1093
f 795/1099 794/1098 798/1102 799/1103
f 795/1099 799/1103 800/1104 796/1100
f 800/1104 799/1103 801/1105 802/1106
f 800/1104 802/1106 803/1107 804/1108
f 800/1104 804/1108 280/258 796/1100
f 804/1108 803/1107 805/1109 806/1110
f 804/1108 806/1110 281/259 280/258
f 806/1110 805/1109 807/1111 808/1112
f 806/1110 808/1112 809/1113 281/259
f 809/1113 808/1112 810/1114 811/1115
f 809/1113 811/1115 812/1116 813/1117
f 809/1113 813/1117 277/255 281/259
f 813/1117 812/1116 814/1118 815/1119
f 813/1117 815/1119 278/256 277/255
f 815/1119 814/1118 816/1120 817/1121
f 815/1119 817/1121 818/1122 278/256
f 818/1122 817/1121 819/1123 820/1124
f 818/1122 820/1124 821/1125 822/1126
f 818/1122 822/1126 279/257 278/256
f 822/1126 821/1125 823/1127 824/1128
f 822/1126 824/1128 790/1094 279/257
f 824/1128 823/1127 825/1129 786/1089
f 824/1128 786/1089 785/1088 790/1094
f 825/1129 823/1127 826/1130 827/1131
f 825/1129 827/1131 262/235 266/234
f 825/1129 266/234 783/1085 786/1089
f 827/1131 826/1130 828/1132 829/1133
f 827/1134 829/1135 263/1136 262/1137
f 829/1138 828/1139 830/1140 831/1141
f 829/1138 831/1141 832/1142 263/1143
f 832/1142 831/1141 833/1144 834/1145
f 832/1146 834/1147 773/1066 835/1148
f 832/1149 835/1150 264/231 263/230
f 835/1148 773/1066 772/1065 776/1069
f 835/1148 776/1069 267/238 264/237
f 834/1145 833/1144 359/397 358/396
f 834/1147 358/406 364/405 773/1066
f 833/1144 836/1151 837/1152 359/397
f 833/1144 831/1141 830/1140 836/1151
f 837/1152 838/1153 839/1154 840/1155
f 837/1152 840/1155 360/398 359/397
f 837/1152 836/1151 841/1156 838/1153
f 841/1156 842/1157 843/1158 838/1153
f 841/1156 836/1151 830/1140 844/1159
f 841/1156 844/1159 845/1160 842/1157
f 845/1160 846/1161 847/1162 842/1157
f 845/1160 844/1159 848/1163 849/1164
f 845/1160 849/1164 850/1165 846/1161
f 850/1165 851/1166 852/1167 846/1161
f 850/1168 849/1169 853/1170 854/1171
f 850/1172 854/1173 855/1174 851/1175
f 855/1174 856/1176 857/1177 851/1175
f 855/1178 854/1171 819/1123 858/1179
f 855/1178 858/1179 859/1180 856/1181
f 859/1180 860/1182 861/1183 856/1181
f 859/1180 858/1179 816/1120 862/1184
f 859/1180 862/1184 863/1185 860/1182
f 863/1185 864/1186 865/1187 860/1182
f 863/1185 862/1184 866/1188 867/1189
f 863/1185 867/1189 868/1190 864/1186
f 868/1191 869/1192 870/1193 864/1194
f 868/1190 867/1189 871/1195 872/1196
f 868/1190 872/1196 873/1197 869/1198
f 873/1199 335/1200 874/1201 869/1202
f 873/1197 872/1196 875/1203 876/1204
f 873/1197 876/1204 330/352 335/1205
f 876/1204 875/1203 329/350 877/1206
f 876/1204 877/1206 331/353 330/352
f 877/1206 878/1207 879/1208 331/353
f 877/1206 329/350 328/349 878/1207
f 879/1209 880/1210 881/1211 882/1212
f 879/1209 882/1212 332/356 331/1213
f 879/1208 878/1207 883/1214 880/1215
f 883/1214 884/1216 885/1217 880/1215
f 883/1214 878/1207 328/349 886/1218
f 883/1214 886/1218 887/1219 884/1216
f 887/1219 888/1220 889/1221 884/1216
f 887/1219 886/1218 327/348 890/1222
f 887/1219 890/1222 807/1111 888/1220
f 890/1222 327/348 326/347 810/1114
f 890/1222 810/1114 808/1112 807/1111
f 889/1223 891/1224 892/1225 893/1226
f 889/1223 893/1226 885/1227 884/1228
f 889/1221 888/1220 894/1229 891/1230
f 894/1229 895/1231 896/1232 891/1230
f 894/1229 888/1220 807/1111 805/1109
f 894/1229 805/1109 803/1107 895/1231
f 896/1233 897/1234 898/1235 899/1236
f 896/1237 899/1238 892/1225 891/1224
f 896/1232 895/1231 900/1239 897/1240
f 900/1239 901/1241 902/1242 897/1240
f 900/1239 895/1231 803/1107 802/1106
f 900/1239 802/1106 801/1105 901/1241
f 902/1243 128/35 5/34 903/1244
f 902/1243 903/1244 898/1235 897/1234
f 902/1245 901/1246 129/21 128/20
f 903/1247 5/28 134/31 904/1248
f 903/1244 904/1249 905/1250 898/1235
f 905/1250 904/1249 906/1251 907/1252
f 905/1250 907/1252 908/1253 909/1254
f 905/1250 909/1254 899/1236 898/1235
f 909/1254 908/1253 910/1255 911/1256
f 909/1254 911/1256 892/1257 899/1236
f 911/1256 910/1255 912/1258 913/1259
f 911/1256 913/1259 893/1260 892/1257
f 913/1259 912/1258 914/1261 915/1262
f 913/1259 915/1262 885/1263 893/1260
f 915/1264 914/1265 916/1266 881/1211
f 915/1264 881/1211 880/1210 885/1267
f 916/1268 914/1261 917/1269 918/1270
f 916/1271 918/1272 919/1273 920/1274
f 916/1266 920/1275 882/1212 881/1211
f 920/1275 919/1276 921/1277 333/357
f 920/1275 333/357 332/356 882/1212
f 921/1278 919/1273 922/1279 923/1280
f 921/1281 923/1282 924/1283 925/1284
f 921/1281 925/1284 334/1285 333/1286
f 925/1284 924/1283 926/1287 874/1288
f 925/1284 874/1288 335/1289 334/1285
f 926/1287 924/1283 927/1290 928/1291
f 926/1287 928/1291 929/1292 870/1293
f 926/1287 870/1293 869/1294 874/1288
f 929/1292 928/1291 930/1295 931/1296
f 929/1297 931/1298 932/1299 865/1300
f 929/1297 865/1300 864/1194 870/1193
f 932/1299 931/1298 933/1301 934/1302
f 932/1303 934/1304 935/1305 861/1183
f 932/1303 861/1183 860/1182 865/1187
f 935/1306 934/1307 342/1308 348/1309
f 935/1310 348/1311 936/1312 857/1313
f 935/1305 857/1314 856/1181 861/1183
f 936/1315 348/378 347/377 937/1316
f 936/1315 937/1316 938/1317 852/1167
f 936/1315 852/1167 851/1166 857/1318
f 938/1317 937/1316 939/1319 940/1320
f 938/1317 940/1320 941/1321 847/1162
f 938/1317 847/1162 846/1161 852/1167
f 941/1321 940/1320 942/1322 943/1323
f 941/1321 943/1323 944/1324 843/1158
f 941/1321 843/1158 842/1157 847/1162
f 944/1324 943/1323 945/1325 946/1326
f 944/1324 946/1326 947/1327 839/1154
f 944/1324 839/1154 838/1153 843/1158
f 947/1327 946/1326 948/1328 949/1329
f 947/1327 949/1329 950/1330 951/1331
f 947/1327 951/1331 840/1155 839/1154
f 951/1331 950/1330 952/1332 363/402
f 951/1331 363/402 360/398 840/1155
f 952/1332 950/1330 953/1333 954/1334
f 952/1332 954/1334 955/1335 956/1336
f 952/1332 956/1336 362/401 363/402
f 956/1336 955/1335 957/1337 958/1338
f 956/1336 958/1338 355/389 362/401
f 958/1338 957/1337 959/1339 960/1340
f 958/1338 960/1340 356/390 355/389
f 960/1340 959/1339 961/1341 962/1342
f 960/1340 962/1342 963/1343 356/390
f 963/1343 962/1342 964/1344 747/1030
f 963/1343 747/1030 746/1029 349/381
f 963/1343 349/381 47/380 356/390
f 964/1344 962/1342 961/1341 965/1345
f 964/1344 965/1345 966/1346 742/1025
f 964/1344 742/1025 741/1024 747/1030
f 966/1346 965/1345 967/1347 968/1348
f 966/1346 968/1348 969/1349 737/1020
f 966/1346 737/1020 736/1019 742/1025
f 969/1349 968/1348 970/1350 971/1351
f 969/1349 971/1351 972/1352 732/1015
f 969/1349 732/1015 731/1014 737/1020
f 972/1352 971/1351 973/1353 974/1354
f 972/1352 974/1354 975/1355 727/1010
f 972/1352 727/1010 726/1009 732/1015
f 975/1355 974/1354 976/1356 977/1357
f 975/1355 977/1357 978/1358 722/1005
f 975/1355 722/1005 721/1004 727/1010
f 978/1358 977/1357 979/1359 980/1360
f 978/1358 980/1360 981/1361 717/1000
f 978/1358 717/1000 716/999 722/1005
f 981/1361 980/1360 982/1362 983/1363
f 981/1361 983/1363 984/1364 712/995
f 981/1361 712/995 711/994 717/1000
f 984/1364 983/1363 985/1365 986/1366
f 984/1364 986/1366 987/1367 707/990
f 984/1364 707/990 706/989 712/995
f 987/1367 986/1366 988/1368 989/1369
f 987/1367 989/1369 990/1370 702/985
f 987/1367 702/985 701/984 707/990
f 990/1370 989/1369 991/1371 992/1372
f 990/1370 992/1372 993/1373 697/976
f 990/1370 697/976 696/975 702/985
f 993/1373 992/1372 994/1374 995/1375
f 993/1373 995/1375 996/1376 692/1377
f 993/1373 692/1377 691/977 697/976
f 996/1376 995/1375 997/1378 998/1379
f 996/1380 998/1381 999/1382 687/961
f 996/1380 687/961 686/960 692/968
f 999/1382 998/1381 1000/1383 1001/1384
f 999/1382 1001/1384 1002/1385 682/1386
f 999/1382 682/1386 681/962 687/961
f 1002/1387 1001/1388 1003/1389 1004/1390
f 1002/1387 1004/1390 1005/1391 677/950
f 1002/1387 677/950 676/949 682/955
f 1005/1391 1004/1390 1006/1392 1007/1393
f 1005/1391 1007/1393 1008/1394 672/945
f 1005/1391 672/945 671/944 677/950
f 1008/1394 1007/1393 1009/1395 1010/1396
f 1008/1394 1010/1396 1011/1397 667/940
f 1008/1394 667/940 666/939 672/945
f 1011/1397 1010/1396 1012/1398 1013/1399
f 1011/1397 1013/1399 1014/1400 662/933
f 1011/1397 662/933 661/932 667/940
f 1014/1400 1013/1399 1015/1401 1016/1402
f 1014/1400 1016/1402 1017/1403 657/1404
f 1014/1400 657/1404 656/934 662/933
f 1017/1405 1016/1406 1018/1407 1019/1408
f 1017/1405 1019/1408 1020/1409 652/917
f 1017/1410 652/1411 651/1412 657/1413
f 1020/1409 1019/1408 1021/1414 1022/1415
f 1020/1409 1022/1415 1023/1416 647/1417
f 1020/1409 647/1417 646/918 652/917
f 1023/1416 1022/1415 1024/1418 1025/1419
f 1023/1416 1025/1419 1026/1420 642/1421
f 1023/1416 642/1421 641/1422 647/1417
f 1026/1420 1025/1419 1027/1423 1028/1424
f 1026/1420 1028/1424 1029/1425 637/1426
f 1026/1427 637/898 636/897 642/903
f 1029/1425 1028/1424 1030/1428 1031/1429
f 1029/1430 1031/1431 1032/1432 632/893
f 1029/1430 632/893 631/892 637/898
f 1032/1432 1031/1431 1033/1433 1034/1434
f 1032/1432 1034/1434 1035/1435 627/888
f 1032/1432 627/888 626/887 632/893
f 1035/1435 1034/1434 1036/1436 1037/1437
f 1035/1435 1037/1437 1038/1438 623/884
f 1035/1435 623/884 622/883 627/888
f 1038/1438 1037/1437 1039/1439 1040/1440
f 1038/1438 1040/1440 1041/1441 619/880
f 1038/1438 619/880 618/879 623/884
f 1041/1442 1040/1443 1042/1444 1043/1445
f 1041/1446 1043/1447 537/1448 1044/1449
f 1041/1450 1044/1451 620/1452 619/1453
f 1044/1449 537/1448 578/1454 1045/1455
f 1044/1456 1045/1457 609/1458 620/1459
f 1045/1455 578/1454 530/724 529/723
f 1045/1457 529/1460 604/1461 609/1458
f 1046/1462 1047/1463 1048/1464 1049/1465
f 1047/1466 1050/1467 1051/1468 1048/1469
f 1047/1466 1043/1470 1042/1471 1050/1467
f 1051/1468 1052/1472 1053/1473 1054/1474
f 1051/1468 1050/1467 1055/1475 1052/1472
f 1055/1475 1056/1476 1057/1477 1052/1472
f 1055/1475 1050/1467 1042/1471 1058/1478
f 1055/1475 1058/1478 1059/1479 1056/1476
f 1059/1479 1060/1480 1061/1481 1056/1476
f 1059/1482 1058/1483 1039/1484 1062/1485
f 1059/1482 1062/1485 1063/1486 1060/1487
f 1063/1486 1064/1488 1065/1489 1060/1487
f 1063/1490 1062/1491 1036/1436 1066/1492
f 1063/1493 1066/1494 1067/1495 1064/1496
f 1067/1495 1068/1497 1069/1498 1064/1496
f 1067/1499 1066/1492 1033/1433 1070/1500
f 1067/1501 1070/1502 1071/1503 1068/1504
f 1071/1503 557/777 1072/1505 1068/1504
f 1071/1503 1070/1502 1030/1428 1073/1506
f 1071/1503 1073/1506 555/775 557/777
f 1073/1506 1030/1428 1028/1424 1027/1423
f 1073/1506 1027/1423 556/776 555/775
f 1072/1505 514/1507 1074/1508 1075/1509
f 1072/1510 1075/1511 1069/1498 1068/1497
f 1072/1505 557/777 511/699 514/1507
f 1075/1512 1074/1513 1076/1514 1077/1515
f 1075/1516 1077/1517 1078/1518 1069/1519
f 1078/1520 1077/1521 1079/1522 1080/1523
f 1078/1520 1080/1523 1081/1524 1065/1525
f 1078/1518 1065/1489 1064/1488 1069/1519
f 1081/1524 1080/1523 1082/1526 1083/1527
f 1081/1524 1083/1527 1084/1528 1061/1481
f 1081/1524 1061/1481 1060/1480 1065/1525
f 1084/1528 1083/1527 1085/1529 1086/1530
f 1084/1528 1086/1530 1087/1531 1057/1477
f 1084/1528 1057/1477 1056/1476 1061/1481
f 1087/1531 1086/1530 1088/1532 1089/1533
f 1087/1531 1089/1533 1090/1534 1053/1473
f 1087/1531 1053/1473 1052/1472 1057/1477
f 1090/1534 1089/1533 1091/1535 1092/1536
f 1093/1537 1092/1538 1094/1539 1095/1540
f 1086/1530 1085/1529 1096/1541 1088/1532
f 1096/1541 1085/1529 1097/1542 1098/1543
f 1096/1541 1098/1543 553/1544 1099/1545
f 1096/1541 1099/1545 558/1546 1088/1532
f 1099/1547 553/772 552/771 1100/1548
f 1099/1547 1100/1548 559/780 558/779
f 1100/1548 552/771 554/774 1101/1549
f 1100/1548 1101/1549 1102/1550 559/780
f 1102/1550 1103/1551 560/781 559/780
f 1102/1550 1101/1549 1104/1552 1105/1553
f 1102/1550 1105/1553 1106/1554 1103/1551
f 1106/1554 1107/1555 1108/1556 1103/1551
f 1106/1554 1105/1553 1109/1557 1110/1558
f 1106/1554 1110/1558 1111/1559 1107/1555
f 1111/1559 1112/1560 1113/1561 1107/1555
f 1111/1559 1110/1558 1114/1562 1115/1563
f 1111/1559 1115/1563 1116/1564 1112/1560
f 1116/1564 1117/1565 1118/1566 1112/1560
f 1116/1564 1115/1563 1119/1567 1120/1568
f 1116/1564 1120/1568 1121/1569 1117/1565
f 1121/1570 1122/1571 1123/1572 1117/1573
f 1121/1569 1120/1568 1124/1574 1125/1575
f 1121/1570 1125/1576 1126/1577 1122/1571
f 1126/1577 1127/1578 1128/1579 1122/1571
f 1126/1577 1125/1576 1129/1580 1130/1581
f 1126/1577 1130/1581 1131/1582 1127/1578
f 1131/1582 1132/1583 1133/1584 1127/1578
f 1131/1582 1130/1581 1134/1585 1135/1586
f 1131/1582 1135/1586 1136/1587 1132/1583
f 1136/1587 1137/1588 1138/1589 1132/1583
f 1136/1587 1135/1586 1139/1590 1140/1591
f 1136/1587 1140/1591 1141/1592 1137/1588
f 1141/1592 369/414 368/413 1137/1588
f 1141/1592 1140/1591 1142/1593 1143/1594
f 1141/1592 1143/1594 1144/1595 369/414
f 1144/1595 1145/1596 49/411 369/414
f 1144/1595 1143/1594 1146/1597 1147/1598
f 1144/1595 1147/1598 1148/1599 1145/1596
f 1148/1599 1149/1600 1150/1601 1145/1596
f 1148/1599 1147/1598 1151/1602 1152/1603
f 1148/1599 1152/1603 1153/1604 1149/1600
f 1153/1604 1154/1605 1155/1606 1149/1600
f 1153/1604 1152/1603 1156/1607 1157/1608
f 1153/1604 1157/1608 1158/1609 1154/1605
f 1158/1609 1159/1610 1160/1611 1154/1605
f 1158/1609 1157/1608 1161/1612 1162/1613
f 1158/1609 1162/1613 1163/1614 1159/1610
f 1163/1614 1164/1615 1165/1616 1159/1610
f 1163/1614 1162/1613 1166/1617 1167/1618
f 1163/1614 1167/1618 1168/1619 1164/1615
f 1168/1619 1169/1620 1170/1621 1164/1615
f 1168/1619 1167/1618 1171/1622 1172/1623
f 1168/1619 1172/1623 1173/1624 1169/1620
f 1173/1624 1174/1625 1175/1626 1169/1620
f 1173/1624 1172/1623 1176/1627 1177/1628
f 1173/1624 1177/1628 1178/1629 1174/1625
f 1178/1629 1179/1630 1180/1631 1174/1625
f 1178/1629 1177/1628 1181/1632 1182/1633
f 1178/1629 1182/1633 1183/1634 1179/1630
f 1183/1634 1184/1635 1185/1636 1179/1630
f 1183/1634 1182/1633 1186/1637 1187/1638
f 1183/1634 1187/1638 1188/1639 1184/1635
f 1188/1639 1189/1640 1190/1641 1184/1635
f 1188/1639 1187/1638 1191/1642 1192/1643
f 1188/1639 1192/1643 1193/1644 1189/1640
f 1193/1644 1194/1645 1195/1646 1189/1640
f 1193/1644 1192/1643 1196/1647 1197/1648
f 1193/1644 1197/1648 1198/1649 1194/1645
f 1198/1650 1199/1651 1200/1652 1194/1653
f 1198/1649 1197/1648 1201/1654 1202/1655
f 1198/1650 1202/1656 1203/1657 1199/1651
f 1203/1657 1204/1658 1205/1659 1199/1651
f 1203/1657 1202/1656 1206/1660 1207/1661
f 1203/1657 1207/1661 1208/1662 1204/1658
f 1208/1662 1209/1663 1210/1664 1204/1658
f 1208/1662 1207/1661 1211/1665 1212/1666
f 1208/1662 1212/1666 1213/1667 1209/1663
f 1213/1667 1214/1668 1215/1669 1209/1663
f 1213/1667 1212/1666 1216/1670 1217/1671
f 1213/1667 1217/1671 1218/1672 1214/1668
f 1218/1672 1219/1673 1220/1674 1214/1668
f 1218/1672 1217/1671 1221/1675 1222/1676
f 1218/1672 1222/1676 1223/1677 1219/1673
f 1223/1678 1224/1679 1225/1680 1219/1681
f 1223/1677 1222/1676 1226/1682 1227/1683
f 1223/1678 1227/1684 1228/1685 1224/1679
f 1228/1685 1229/1686 1230/1687 1224/1679
f 1228/1685 1227/1684 1231/1688 1232/1689
f 1228/1685 1232/1689 1233/1690 1229/1686
f 1233/1691 1234/1692 1235/1693 1229/1694
f 1233/1690 1232/1689 1236/1695 1237/1696
f 1233/1691 1237/1697 1238/1698 1234/1692
f 1238/1698 1239/1699 1240/1700 1234/1692
f 1238/1698 1237/1697 1241/1701 1242/1702
f 1238/1698 1242/1702 1243/1703 1239/1699
f 1243/1703 1244/1704 1245/1705 1239/1699
f 1243/1703 1242/1702 1246/1706 1247/1707
f 1243/1703 1247/1707 1248/1708 1244/1704
f 1248/1708 1249/1709 1250/1710 1244/1704
f 1248/1708 1247/1707 1251/1711 1252/1712
f 1248/1708 1252/1712 1253/1713 1249/1709
f 1253/1713 1254/1714 1255/1715 1249/1709
f 1253/1713 1252/1712 1256/1716 1257/1717
f 1253/1713 1257/1717 1258/1718 1254/1714
f 1258/1719 1259/1720 1260/1721 1254/1722
f 1258/1718 1257/1717 1261/1723 1262/1724
f 1258/1719 1262/1725 1263/1726 1259/1720
f 1263/1727 1264/1728 1265/1729 1259/1730
f 1263/1727 1262/1724 1266/1731 1267/1732
f 1263/1727 1267/1732 1268/1733 1264/1728
f 1268/1734 1269/1735 1270/1736 1264/1737
f 1268/1733 1267/1732 1271/1738 1272/1739
f 1268/1734 1272/1740 1273/1741 1269/1735
f 1273/1741 1274/1742 1275/1743 1269/1735
f 1273/1741 1272/1740 1276/1744 1277/1745
f 1273/1741 1277/1745 1278/1746 1274/1742
f 1278/1746 1279/1747 1280/1748 1274/1742
f 1278/1746 1277/1745 1281/1749 1282/1750
f 1278/1746 1282/1750 1283/1751 1279/1747
f 1283/1752 1284/1753 1285/1754 1279/1755
f 1283/1751 1282/1750 1286/1756 1287/1757
f 1283/1752 1287/1758 1288/1759 1284/1753
f 1288/1759 1289/1760 1290/1761 1284/1753
f 1288/1762 1287/1757 1291/1763 1292/1764
f 1288/1759 1292/1765 1293/1766 1289/1760
f 1293/1766 1294/1767 1295/1768 1289/1760
f 1293/1769 1292/1770 1296/1771 1297/1772
f 1293/1769 1297/1772 1298/1773 1294/1774
f 1298/1773 1299/1775 1300/1776 1294/1774
f 1298/1777 1297/1778 229/169 228/168
f 1298/1777 228/168 220/1779 1299/1780
f 1300/1781 1301/1782 1302/1783 1303/1784
f 1300/1781 1303/1784 1295/1785 1294/1786
f 1300/1776 1299/1775 1304/1787 1301/1788
f 1304/1787 1305/1789 1306/1790 1301/1788
f 1304/1787 217/1791 219/1792 1305/1789
f 1306/1793 1307/1794 1308/1795 1309/1796
f 1306/1797 1309/1798 1302/1783 1301/1782
f 1306/1790 1305/1789 1310/1799 1307/1800
f 1310/1799 1311/1801 1312/1802 1307/1800
f 1310/1803 1305/1804 219/155 151/54
f 1310/1803 151/54 147/50 1311/1805
f 1312/1806 1313/1807 1314/1808 1315/1809
f 1312/1806 1315/1809 1308/1810 1307/1811
f 1312/1802 1311/1801 1316/1812 1313/1813
f 1316/1812 1317/1814 1318/1815 1313/1813
f 1316/1816 1311/1805 147/50 146/49
f 1316/1816 146/49 1319/1817 1317/1818
f 1319/1817 1320/1819 1321/1820 1317/1818
f 1319/1817 146/49 145/48 1322/1821
f 1319/1817 1322/1821 1323/1822 1320/1819
f 1323/1822 1324/1823 1325/1824 1320/1819
f 1323/1822 1322/1821 1326/1825 1327/1826
f 1323/1822 1327/1826 1328/1827 1324/1823
f 1326/1825 1322/1821 145/48 1329/1828
f 1325/1824 1330/1829 1321/1820 1320/1819
f 1324/1823 1331/1830 1330/1829 1325/1824
f 1324/1823 1332/1831 1333/1832 1331/1830
f 1334/1833 1335/1834 1330/1829 1331/1830
f 1334/1835 1336/1836 1337/1837 1335/1838
f 1338/1839 1339/1840 1337/1841 1336/1842
f 1338/1843 1342/1844 1340/1845 1341/1846 1339/1847
f 1342/1848 1343/1849 1341/1850 1340/1851
f 1342/1848 1344/1852 1345/1853 1343/1849
f 1343/1854 1345/1855 1346/1856 1341/1857
f 1346/1858 1347/1859 1339/1860 1341/1861
f 1339/1862 1347/1863 1348/1864 1337/1865
f 1348/1866 1349/1867 1350/1868 1337/1869
f 1350/1868 1351/1870 178/1871 1352/1872
f 1350/1868 1352/1872 1335/1834 1337/1869
f 1352/1872 1321/1820 1330/1829 1335/1834
f 1352/1873 178/1874 177/1875 1321/1876
f 1354/1877 1355/1878 1356/1879 1353/1880
f 1353/1881 177/1882 176/1883 1354/1884
f 1356/1879 1355/1878 1357/1885 1358/1886
f 1356/1887 1358/1888 1359/1889 1360/1890
f 1356/1879 1360/1891 1361/1892 1353/1880
f 1361/1893 1360/1890 1362/1894 1314/1895
f 1361/1896 1314/1808 1313/1807 1318/1897
f 1361/1898 1318/1899 177/1882 1353/1881
f 1362/1894 1360/1890 1359/1889 1363/1900
f 1362/1894 1363/1900 1364/1901 1365/1902
f 1362/1894 1365/1902 1315/1903 1314/1895
f 1365/1902 1364/1901 1366/1904 1367/1905
f 1365/1902 1367/1905 1308/1906 1315/1903
f 1367/1905 1366/1904 1368/1907 1369/1908
f 1367/1905 1369/1908 1309/1909 1308/1906
f 1369/1908 1368/1907 1370/1910 1371/1911
f 1369/1908 1371/1911 1302/1912 1309/1909
f 1371/1911 1370/1910 1372/1913 1373/1914
f 1371/1911 1373/1914 1303/1915 1302/1912
f 1373/1914 1372/1913 1374/1916 1375/1917
f 1373/1914 1375/1917 1295/1768 1303/1915
f 1375/1917 1374/1916 1376/1918 1290/1761
f 1375/1917 1290/1761 1289/1760 1295/1768
f 1376/1918 1374/1916 1377/1919 1378/1920
f 1376/1918 1378/1920 1379/1921 1285/1754
f 1376/1918 1285/1754 1284/1753 1290/1761
f 1379/1921 1378/1920 1380/1922 1381/1923
f 1379/1921 1381/1923 1382/1924 1280/1925
f 1379/1921 1280/1925 1279/1755 1285/1754
f 1382/1924 1381/1923 1383/1926 1384/1927
f 1382/1928 1384/1929 1385/1930 1275/1743
f 1382/1928 1275/1743 1274/1742 1280/1748
f 1385/1930 1384/1929 1386/1931 1387/1932
f 1385/1930 1387/1932 1388/1933 1270/1736
f 1385/1930 1270/1736 1269/1735 1275/1743
f 1388/1933 1387/1932 1389/1934 1390/1935
f 1388/1933 1390/1935 1391/1936 1265/1937
f 1388/1933 1265/1937 1264/1737 1270/1736
f 1391/1936 1390/1935 1392/1938 1393/1939
f 1391/1940 1393/1941 1394/1942 1260/1943
f 1391/1940 1260/1943 1259/1730 1265/1729
f 1394/1942 1393/1941 1395/1944 1396/1945
f 1394/1946 1396/1947 1397/1948 1255/1949
f 1394/1946 1255/1949 1254/1722 1260/1721
f 1397/1950 1396/1945 1398/1951 1399/1952
f 1397/1950 1399/1952 1400/1953 1250/1710
f 1397/1950 1250/1710 1249/1709 1255/1715
f 1400/1953 1399/1952 1401/1954 1402/1955
f 1400/1953 1402/1955 1403/1956 1245/1705
f 1400/1953 1245/1705 1244/1704 1250/1710
f 1403/1956 1402/1955 1404/1957 1405/1958
f 1403/1956 1405/1958 1406/1959 1240/1700
f 1403/1956 1240/1700 1239/1699 1245/1705
f 1406/1959 1405/1958 1407/1960 1408/1961
f 1406/1959 1408/1961 1409/1962 1235/1693
f 1406/1959 1235/1693 1234/1692 1240/1700
f 1409/1962 1408/1961 1410/1963 1411/1964
f 1409/1962 1411/1964 1412/1965 1230/1966
f 1409/1962 1230/1966 1229/1694 1235/1693
f 1412/1965 1411/1964 1413/1967 1414/1968
f 1412/1969 1414/1970 1415/1971 1225/1680
f 1412/1969 1225/1680 1224/1679 1230/1687
f 1415/1971 1414/1970 1416/1972 1417/1973
f 1415/1974 1417/1975 1418/1976 1220/1674
f 1415/1971 1220/1977 1219/1681 1225/1680
f 1418/1976 1417/1975 1419/1978 1420/1979
f 1418/1976 1420/1979 1421/1980 1215/1669
f 1418/1976 1215/1669 1214/1668 1220/1674
f 1421/1980 1420/1979 1422/1981 1423/1982
f 1421/1980 1423/1982 1424/1983 1210/1664
f 1421/1980 1210/1664 1209/1663 1215/1669
f 1424/1983 1423/1982 1425/1984 1426/1985
f 1424/1983 1426/1985 1427/1986 1205/1659
f 1424/1983 1205/1659 1204/1658 1210/1664
f 1427/1986 1426/1985 1428/1987 1429/1988
f 1427/1986 1429/1988 1430/1989 1200/1652
f 1427/1986 1200/1652 1199/1651 1205/1659
f 1430/1989 1429/1988 1431/1990 1432/1991
f 1430/1989 1432/1991 1433/1992 1195/1993
f 1430/1989 1195/1993 1194/1653 1200/1652
f 1433/1992 1432/1991 1434/1994 1435/1995
f 1433/1996 1435/1997 1436/1998 1190/1641
f 1433/1996 1190/1641 1189/1640 1195/1646
f 1436/1998 1435/1997 1437/1999 1438/2000
f 1436/1998 1438/2000 1439/2001 1185/1636
f 1436/1998 1185/1636 1184/1635 1190/1641
f 1439/2001 1438/2000 1440/2002 1441/2003
f 1439/2001 1441/2003 1442/2004 1180/1631
f 1439/2001 1180/1631 1179/1630 1185/1636
f 1442/2004 1441/2003 1443/2005 1444/2006
f 1442/2004 1444/2006 1445/2007 1175/1626
f 1442/2004 1175/1626 1174/1625 1180/1631
f 1445/2007 1444/2006 1446/2008 1447/2009
f 1445/2007 1447/2009 1448/2010 1170/1621
f 1445/2007 1170/1621 1169/1620 1175/1626
f 1448/2010 1447/2009 1449/2011 1450/2012
f 1448/2010 1450/2012 1451/2013 1165/1616
f 1448/2010 1165/1616 1164/1615 1170/1621
f 1451/2013 1450/2012 1452/2014 1453/2015
f 1451/2013 1453/2015 1454/2016 1160/1611
f 1451/2013 1160/1611 1159/1610 1165/1616
f 1454/2016 1453/2015 1455/2017 1456/2018
f 1454/2016 1456/2018 1457/2019 1155/1606
f 1454/2016 1155/1606 1154/1605 1160/1611
f 1457/2019 1456/2018 1458/2020 1459/2021
f 1457/2019 1459/2021 365/2022 1150/1601
f 1457/2019 1150/1601 1149/1600 1155/1606
f 1459/2023 1458/2024 1460/2025 1461/2026
f 1459/2023 1461/2026 366/409 365/408
f 1461/2026 1460/2025 447/572 446/571
f 1461/2026 446/571 453/581 366/409
f 1460/2025 1458/2024 1462/2027 1463/2028
f 1460/2025 1463/2028 448/574 447/572
f 1463/2028 1462/2027 1464/2029 1465/2030
f 1463/2028 1465/2030 1466/2031 448/574
f 1466/2031 1465/2030 1467/2032 1468/2033
f 1466/2031 1468/2033 1469/2034 1470/2035
f 1466/2031 1470/2035 449/575 448/574
f 1470/2035 1469/2034 1471/2036 1472/2037
f 1470/2035 1472/2037 1473/2038 449/575
f 1473/2038 1472/2037 1474/2039 1475/2040
f 1473/2038 1475/2040 1476/2041 1477/2042
f 1476/2041 412/503 444/566 1477/2042
f 1476/2041 1475/2040 1478/2043 1479/2044
f 1476/2041 1479/2044 410/499 412/503
f 1479/2044 1478/2043 1480/2045 1481/2046
f 1479/2044 1481/2046 411/500 410/499
f 1481/2046 1480/2045 1482/2047 1483/2048
f 1481/2049 1483/2050 109/822 411/2051
f 1483/2050 1482/2052 1484/2053 1485/2054
f 1483/2050 1485/2054 582/823 109/822
f 1485/2054 1484/2053 1486/2055 1487/2056
f 1485/2054 1487/2056 1488/2057 582/823
f 1488/2057 1489/2058 583/824 582/823
f 1488/2057 1487/2056 1490/2059 1491/2060
f 1488/2057 1491/2060 1492/2061 1489/2058
f 1492/2061 1493/2062 1494/2063 1489/2058
f 1492/2061 1491/2060 1495/2064 1496/2065
f 1492/2061 1496/2065 1497/2066 1493/2062
f 1497/2066 569/2067 571/2068 1493/2062
f 1497/2066 1496/2065 1498/2069 1499/2070
f 1497/2066 1499/2070 1500/2071 569/2067
f 1500/2071 1499/2070 1501/2072 1502/2073
f 1500/2074 1502/2075 577/809 576/808
f 1500/2071 1503/2076 1504/2077 569/2067
f 1505/2078 1506/2079 1504/2080 1503/2081
f 1505/2078 1507/2082 1508/2083 1506/2079
f 1508/2084 1507/2085 1510/2086 1509/2087
f 1510/2088 1511/2089 1512/2090 1509/2091
f 1512/2092 1511/2093 1514/2094 1513/2095
f 1514/2096 1515/2097 1516/2098 1513/2099
f 1516/2100 1517/2101 1518/2102 1513/2103
f 1516/2104 1519/2105 1520/2106 1517/2107
f 1520/2108 1519/2109 1521/2110 1522/2111
f 1520/2112 1522/2113 1523/2114 1524/2115
f 1520/2116 1524/2117 1525/2118 1517/2119
f 1525/2120 1524/2115 1526/2121 1527/2122
f 1525/2120 1527/2122 1528/2123 1529/2124
f 1525/2118 1529/2125 1518/2126 1517/2119
f 1529/2127 1528/2128 1530/2129 1531/2130
f 1529/2131 1531/2132 1532/2133 1518/2134
f 1532/2133 1512/2092 1513/2095 1518/2134
f 1532/2133 1531/2132 1533/2135 1534/2136
f 1532/2137 1534/2138 1535/2139 1512/2140
f 1535/2141 1534/2142 1536/2143 1537/2144
f 1539/2145 1538/2146 1540/2147 1541/2148
f 1539/2145 1541/2148 571/2068 570/2149
f 1541/2148 1540/2147 1542/2150 1494/2063
f 1541/2148 1494/2063 1493/2062 571/2068
f 1542/2150 1540/2147 1536/2151 1543/2152
f 1542/2150 1543/2152 580/825 583/824
f 1542/2150 583/824 1489/2058 1494/2063
f 1543/2152 1536/2151 1534/2136 1533/2135
f 1543/2152 1533/2135 581/2153 580/825
f 1540/2147 1538/2146 1537/2154 1536/2151
f 1533/2135 1531/2132 1530/2155 581/2153
f 1530/2156 1528/2123 442/2157 1544/2158
f 1530/2156 1544/2158 579/821 581/820
f 1544/2159 442/561 441/560 408/2160
f 1544/2159 408/2160 407/816 579/815
f 1528/2123 1527/2122 438/2161 442/2157
f 1527/2122 1526/2121 439/2162 438/2161
f 1526/2121 1524/2115 1523/2114 461/2163
f 1526/2121 461/2163 370/2164 439/2162
f 1523/2114 1522/2113 1545/2165 469/619
f 1523/2114 469/619 468/618 461/2163
f 1546/2166 1138/1589 1137/1588 368/413
f 1548/2167 1549/2168 1550/2169 1551/2170
f 1551/2170 1550/2169 1552/2171 1128/1579
f 1551/2170 1128/1579 1127/1578 1133/1584
f 1551/2172 1133/2173 1547/2174 1548/2175
f 1552/2171 1550/2169 1553/2176 1554/2177
f 1552/2171 1554/2177 1555/2178 1123/1572
f 1552/2171 1123/1572 1122/1571 1128/1579
f 1555/2178 1554/2177 1556/2179 1557/2180
f 1555/2181 1557/2182 1558/2183 1118/1566
f 1555/2181 1118/1566 1117/1565 1123/2184
f 1558/2183 1557/2182 1559/2185 1560/2186
f 1558/2183 1560/2186 1561/2187 1113/1561
f 1558/2183 1113/1561 1112/1560 1118/1566
f 1561/2187 1560/2186 1562/2188 551/2189
f 1561/2187 551/2189 550/2190 1563/2191
f 1561/2187 1563/2191 561/2192 1108/1556
f 1563/2193 550/2194 1564/2195 1565/2196
f 1563/2193 1565/2196 562/2197 561/2198
f 1565/2199 1564/2200 544/760 543/759
f 1565/2199 543/759 1095/2201 562/2202
f 1564/2195 1566/2203 1567/2204 544/2205
f 1564/2195 550/2194 549/2206 1566/2203
f 1567/2207 1568/2208 1569/2209 1570/2210
f 1567/2207 1570/2210 542/753 544/760
f 1567/2204 1566/2203 584/2211 1568/2212
f 1570/2210 1569/2209 1571/2213 1572/2214
f 1570/2210 1572/2214 541/754 542/753
f 1572/2214 1571/2213 1573/2215 1574/2216
f 1572/2214 1574/2216 540/2217 541/754
f 1574/2216 1573/2215 1575/2218 1576/2219
f 1574/2220 1576/2221 536/2222 540/2223
f 1576/2219 1575/2218 1577/2224 1578/2225
f 1578/2226 1577/2227 1579/2228 1580/2229
f 1579/2230 1582/2231 1583/2232
f 1582/2233 1584/2234 1585/2235
f 1582/2236 1579/2237 1584/2238
f 1584/2238 1579/2237 1577/2239
f 1584/2240 1586/2241 1587/2242
f 1584/2240 1588/2243 1586/2241
f 1588/2244 1584/2245 1589/2246
f 1589/2246 1590/2247 1591/2248 1588/2244
f 1589/2249 1592/2250 1593/2251 1594/2252
f 1589/2249 1594/2252 1595/2253 1590/2254
f 1595/2255 1594/2256 1596/2257 1597/2258
f 1598/2259 1597/2258 1596/2257 1599/2260
f 1598/2259 1599/2260 1600/2261 1601/2262
f 1602/2263 1601/2262 1600/2261 1556/2179
f 1602/2263 1556/2179 1554/2177 1553/2176
f 1553/2264 1550/2265 1549/2266 1603/2267
f 1549/2268 1548/2269 3945/2270 1603/2271
f 1604/2272 3945/2273 1547/2274 1605/2275 1606/2276
f 1610/2277 1609/2278 1587/2279 1586/2280
f 1610/2281 1586/2282 1588/2283 1591/2284
f 1608/2285 1611/2286 1584/2240 1587/2242
f 1608/2285 1612/2287 1613/2288 1611/2286
f 1613/2289 79/616 469/619 1545/2165
f 1611/2286 1614/2290 1585/2291 1584/2240
f 1611/2286 1613/2288 1615/2292 1614/2290
f 1615/2293 1613/2289 1545/2165 1616/2294
f 1614/2295 1617/2296 1618/2297 1585/2298
f 1614/2295 1615/2299 1619/2300 1617/2296
f 1619/2301 1615/2302 1616/2303 1620/2304
f 1620/2305 1616/2306 1521/2307 1621/2308
f 1521/2110 1519/2109 1621/2309
f 1621/2310 1519/2311 1516/2312 1515/2313
f 1618/2314 1583/2315 1582/2316 1585/2317
f 1616/2294 1545/2165 1522/2113 1521/2318
f 1600/2261 1599/2260 1622/2319 1559/2320
f 1600/2261 1559/2320 1557/2180 1556/2179
f 1622/2321 1599/2322 1596/2323 1623/2324
f 1622/2321 1623/2324 1624/2325 1562/2188
f 1622/2321 1562/2188 1560/2186 1559/2185
f 1624/2326 1625/2327 1626/2328 100/2329
f 1624/2325 1623/2324 1627/2330 1625/2331
f 1627/2332 1628/2333 1629/2334 1625/2335
f 1627/2332 1592/2336 1584/2337 1628/2333
f 1627/2330 1623/2324 1593/2251 1592/2250
f 1584/2337 1592/2336 1589/2338
f 1628/2333 1573/2339 1571/2340 1629/2334
f 1628/2341 1584/2342 1575/2218 1573/2215
f 1629/2343 1571/2344 1569/2345 1630/2346
f 1630/2347 1626/2348 1625/2335 1629/2334
f 1630/2347 547/763 546/762 1626/2348
f 1630/2347 1569/2349 1568/2350 547/763
f 1584/2351 1577/2352 1575/2353
f 1626/2354 546/2355 545/2356 100/2357
f 1623/2358 1596/2359 1594/2360 1593/2361
f 1581/2362 1631/2363 574/2364 1580/2365 1583/2366
f 1568/2367 584/2368 548/2369 547/2370
f 1566/2371 549/2372 548/2373 584/2374
f 1547/2375 1133/1584 1132/1583 1138/1589
f 1502/2073 1501/2072 595/842 531/728
f 1502/2073 531/728 530/812 577/811
f 1501/2072 1499/2070 1498/2069 406/481
f 1501/2072 406/481 405/480 595/842
f 1498/2069 1632/2376 56/478 406/481
f 1633/2377 1634/2378 1635/2379 1636/2380
f 1636/2380 1635/2379 1637/2381 1638/2382
f 1638/2382 1637/2381 1639/2383 1640/2384
f 1638/2382 1640/2384 1641/2385 404/479
f 1641/2385 598/846 405/480 404/479
f 1641/2386 1640/2387 1642/2388 1643/2389
f 1641/2386 1643/2389 599/849 598/848
f 1643/2390 1642/2391 1644/2392 1645/2393
f 1643/2394 1645/2395 601/857 599/856
f 1645/2393 1644/2392 1646/2396 1647/2397
f 1645/2395 1647/2398 1648/2399 601/857
f 1648/2399 605/865 602/858 601/857
f 1648/2399 1647/2398 1649/2400 1650/2401
f 1648/2399 1650/2401 1651/2402 605/865
f 1651/2402 610/871 606/866 605/865
f 1651/2402 1650/2401 1652/2403 1653/2404
f 1651/2402 1653/2404 1654/2405 610/871
f 1654/2405 613/874 611/872 610/871
f 1654/2405 1653/2404 1655/2406 1656/2407
f 1654/2405 1656/2407 1657/2408 613/874
f 1657/2408 1658/2409 614/875 613/874
f 1657/2408 1656/2407 1659/2410 1660/2411
f 1657/2408 1660/2411 1661/2412 1658/2409
f 1661/2412 1662/2413 1663/2414 1658/2409
f 1661/2412 1660/2411 1664/2415 1665/2416
f 1661/2412 1665/2416 1666/2417 1662/2413
f 1666/2417 1667/2418 1668/2419 1662/2413
f 1666/2417 1665/2416 1669/2420 1670/2421
f 1666/2417 1670/2421 1671/2422 1667/2418
f 1671/2422 1672/2423 1673/2424 1667/2418
f 1671/2422 1670/2421 1674/2425 1675/2426
f 1671/2422 1675/2426 1676/2427 1672/2423
f 1676/2427 1677/2428 1678/2429 1672/2423
f 1676/2427 1675/2426 1679/2430 1680/2431
f 1676/2427 1680/2431 1681/2432 1677/2428
f 1681/2432 1682/2433 1683/2434 1677/2428
f 1681/2432 1680/2431 1684/2435 1685/2436
f 1681/2432 1685/2436 1686/2437 1682/2433
f 1686/2437 1687/2438 1688/2439 1682/2433
f 1686/2437 1685/2436 1689/2440 1690/2441
f 1686/2437 1690/2441 1691/2442 1687/2438
f 1691/2442 1692/2443 1693/2444 1687/2438
f 1691/2442 1690/2441 1694/2445 1695/2446
f 1691/2442 1695/2446 1696/2447 1692/2443
f 1696/2448 1697/2449 1698/2450 1692/2451
f 1696/2447 1695/2446 1699/2452 1700/2453
f 1696/2448 1700/2454 1701/2455 1697/2449
f 1701/2455 1702/2456 1703/2457 1697/2449
f 1701/2458 1700/2459 1704/2460 1705/2461
f 1701/2455 1705/2462 1706/2463 1702/2456
f 1706/2463 1707/2464 1708/2465 1702/2456
f 1706/2466 1705/2461 1709/2467 1710/2468
f 1706/2466 1710/2468 1711/2469 1707/2470
f 1711/2471 1712/2472 1713/2473 1707/2474
f 1711/2469 1710/2468 1714/2475 1715/2476
f 1711/2471 1715/2477 1716/2478 1712/2472
f 1716/2478 1717/2479 1718/2480 1712/2472
f 1716/2478 1715/2477 1719/2481 1720/2482
f 1716/2478 1720/2482 1721/2483 1717/2479
f 1721/2483 1722/2484 1723/2485 1717/2479
f 1721/2483 1720/2482 1724/2486 1725/2487
f 1721/2483 1725/2487 1726/2488 1722/2484
f 1726/2488 1727/2489 1728/2490 1722/2484
f 1726/2488 1725/2487 1729/2491 1730/2492
f 1726/2488 1730/2492 1731/2493 1727/2489
f 1731/2493 1732/2494 1733/2495 1727/2489
f 1731/2493 1730/2492 1734/2496 1735/2497
f 1731/2493 1735/2497 1736/2498 1732/2494
f 1736/2498 1737/2499 1738/2500 1732/2494
f 1736/2498 1735/2497 1739/2501 1740/2502
f 1736/2498 1740/2502 1741/2503 1737/2499
f 1741/2504 1742/2505 1743/2506 1737/2507
f 1741/2504 1740/2508 1744/2509 1745/2510
f 1741/2504 1745/2510 1746/2511 1742/2505
f 1746/2512 1747/2513 1748/2514 1742/2515
f 1746/2512 1745/2516 1749/2517 1750/2518
f 1746/2512 1750/2518 1751/2519 1747/2513
f 1751/2519 1752/2520 1753/2521 1747/2513
f 1751/2519 1750/2518 1754/2522 1755/2523
f 1751/2519 1755/2523 1756/2524 1752/2520
f 1756/2524 1757/2525 1758/2526 1752/2520
f 1756/2524 1755/2523 1759/2527 1760/2528
f 1756/2524 1760/2528 1761/2529 1757/2525
f 1761/2529 1762/2530 1763/2531 1757/2525
f 1761/2529 1760/2528 1764/2532 1765/2533
f 1761/2529 1765/2533 1766/2534 1762/2530
f 1766/2534 1767/2535 1768/2536 1762/2530
f 1766/2534 1765/2533 1769/2537 1770/2538
f 1766/2534 1770/2538 1771/2539 1767/2535
f 1771/2539 1772/2540 1773/2541 1767/2535
f 1771/2539 1770/2538 1774/2542 1775/2543
f 1771/2539 1775/2543 1776/2544 1772/2540
f 1776/2544 1777/2545 1778/2546 1772/2540
f 1776/2544 1775/2543 1779/2547 1780/2548
f 1776/2544 1780/2548 1781/2549 1777/2545
f 1781/2549 1782/2550 1783/2551 1777/2545
f 1781/2549 1780/2548 1784/2552 1785/2553
f 1781/2549 1785/2553 1786/2554 1782/2550
f 1786/2554 253/208 1787/2555 1782/2550
f 1786/2554 1785/2553 1788/2556 1789/2557
f 1786/2554 1789/2557 249/209 253/208
f 1789/2558 1788/2559 1790/2560 1791/2561
f 1789/2558 1791/2561 250/204 249/203
f 1791/2561 1790/2560 1792/2562 1793/2563
f 1791/2561 1793/2563 1794/2564 250/204
f 1794/2564 1793/2563 1795/2565 1796/2566
f 1794/2564 1796/2566 1797/2567 1798/2568
f 1794/2564 1798/2568 251/205 250/204
f 1798/2569 1797/2570 1799/2571 246/196
f 1798/2572 246/2573 245/214 251/213
f 1799/2574 1797/2575 1800/2576 1801/2577
f 1799/2571 1801/2578 1802/2579 1803/2580
f 1799/2571 1803/2580 247/197 246/196
f 1803/2581 1802/2582 1804/2583 1805/2584
f 1803/2581 1805/2584 248/200 247/199
f 1805/2584 1806/2585 1807/2586 248/200
f 1805/2584 1804/2583 1808/2587 1806/2585
f 1808/2587 305/297 304/302 1806/2585
f 1808/2587 1804/2583 1809/2588 1810/2589
f 1808/2587 1810/2589 1811/2590 305/297
f 1811/2590 1812/2591 306/298 305/297
f 1811/2590 1810/2589 1813/2592 1814/2593
f 1811/2590 1814/2593 1815/2594 1812/2591
f 1815/2594 1816/2595 1817/2596 1812/2591
f 1815/2594 1814/2593 1818/2597 1819/2598
f 1815/2594 1819/2598 136/2599 1816/2595
f 1819/2600 1818/2601 236/2602 239/2603
f 1819/2600 239/2603 132/29 136/33
f 1818/2597 1814/2593 1813/2592 1820/2604
f 1818/2601 1820/2605 237/2606 236/2602
f 1820/2604 1813/2592 1821/2607 1822/2608
f 1820/2604 1822/2608 1823/2609 237/2610
f 1823/2609 1822/2608 1824/2611 1825/2612
f 1823/2609 1825/2612 199/2613 204/2614
f 1823/2615 204/130 235/2616 237/2617
f 1825/2618 1824/2619 1826/2620 1827/2621
f 1825/2618 1827/2621 200/124 199/123
f 1827/2622 1826/2623 1828/2624 1829/2625
f 1827/2622 1829/2625 1830/2626 200/2627
f 1830/2626 1829/2625 1831/2628 1832/2629
f 1830/2626 1832/2629 1833/2630 1834/2631
f 1830/2626 1834/2631 201/2632 200/2627
f 1834/2631 1833/2630 1835/2633 1836/2634
f 1834/2631 1836/2634 1837/2635 201/2632
f 1837/2635 1836/2634 1838/2636 1839/2637
f 1837/2638 1839/2639 1840/2640 1841/2641
f 1837/2638 1841/2641 202/126 201/125
f 1841/2642 1840/2643 1842/2644 1843/2645
f 1841/2642 1843/2645 205/132 202/131
f 1843/2645 1842/2644 1844/2646 1845/2647
f 1844/2648 1842/2649 1846/2650 1847/2651
f 1847/2652 1846/2653 212/141 211/140
f 1846/2653 1848/2654 1849/2655 212/141
f 1846/2653 1842/2644 1840/2643 1848/2654
f 1849/2656 193/2657 192/2658 1850/2659
f 1849/2655 1850/2660 213/142 212/141
f 1849/2655 1848/2654 1851/2661 193/113
f 1851/2661 1852/2662 194/114 193/113
f 1851/2661 1848/2654 1840/2643 1839/2663
f 1851/2661 1839/2663 1838/2664 1852/2662
f 1852/2665 1838/2636 1853/2666 1854/2667
f 1852/2665 1854/2667 1855/2668 194/2669
f 1855/2668 1854/2667 1856/2670 1857/2671
f 1855/2672 1857/2673 1858/2674 1859/2675
f 1855/2672 1859/2675 191/111 194/114
f 1859/2676 1858/2677 1860/2678 1861/2679
f 1859/2676 1861/2679 192/2658 191/2680
f 1861/2679 1860/2678 1862/2681 1863/2682
f 1861/2679 1863/2682 1850/2659 192/2658
f 1863/2683 1862/2684 182/101 1864/2685
f 1863/2682 1864/2686 213/2687 1850/2659
f 1860/2678 1858/2677 165/2688 164/2689
f 1860/2690 164/2691 1865/2692 1862/2684
f 1858/2674 1857/2673 1866/2693 165/2694
f 1866/2695 1867/2696 1868/2697 1869/2698
f 1866/2699 1869/2700 166/2701 165/2702
f 1866/2695 1857/2671 1856/2670 1867/2696
f 1869/2698 1868/2697 1870/2703 1871/2704
f 1869/2700 1871/2705 1872/2706 166/2701
f 1872/2707 1871/2708 1873/2709 1874/2710
f 1872/2707 1874/2710 1875/2711 1876/2712
f 1872/2707 1876/2712 1877/2713 1878/2714
f 1872/2715 1878/2716 10/2717 166/2718
f 1878/2719 1877/2720 1879/2721 10/2722
f 1879/2723 1877/2713 1880/2724 1332/2725
f 1880/2724 1877/2713 1876/2712 1881/2726
f 1880/2727 1881/2728 1882/2729 1883/2730
f 1880/2727 1883/2730 1333/1832 1332/1831
f 1884/2731 1885/2732 1886/2733 1887/2734
f 1884/2731 1882/2729 1881/2728 1885/2732
f 1886/2735 1885/2736 1875/2737 1888/2738
f 1888/2739 1889/2740 1890/2741 1886/2742
f 1888/2739 1875/2711 1874/2710 1891/2743
f 1889/2740 1888/2739 1891/2743 179/97
f 1891/2743 1892/2744 180/98 179/97
f 1891/2743 1874/2710 1873/2709 1892/2744
f 1892/2745 186/106 185/105 180/2746
f 1892/2745 1873/2747 1893/2748 186/106
f 1893/2748 1894/2749 187/107 186/106
f 1893/2748 1873/2747 1871/2704 1870/2703
f 1893/2748 1870/2703 1895/2750 1894/2749
f 1895/2750 1896/2751 1897/2752 1894/2749
f 1895/2750 1870/2703 1868/2697 1898/2753
f 1895/2750 1898/2753 1899/2754 1896/2751
f 1899/2754 1900/2755 1901/2756 1896/2751
f 1899/2754 1898/2753 1902/2757 1903/2758
f 1899/2754 1903/2758 1904/2759 1900/2755
f 1904/2759 1905/2760 1906/2761 1900/2755
f 1904/2759 1903/2758 1907/2762 1908/2763
f 1904/2759 1908/2763 1909/2764 1905/2760
f 1909/2764 1910/2765 1911/2766 1905/2760
f 1909/2764 1908/2763 1833/2630 1832/2629
f 1909/2764 1832/2629 1831/2628 1910/2765
f 1911/2766 1912/2767 1913/2768 1914/2769
f 1911/2766 1914/2769 1906/2761 1905/2760
f 1911/2766 1910/2765 1915/2770 1912/2767
f 1915/2770 1916/2771 1917/2772 1912/2767
f 1915/2770 1910/2765 1831/2628 1918/2773
f 1915/2770 1918/2773 1919/2774 1916/2771
f 1919/2774 1920/2775 1921/2776 1916/2771
f 1919/2774 1918/2773 1828/2624 1922/2777
f 1919/2774 1922/2777 1923/2778 1920/2775
f 1923/2778 1800/2779 1924/2780 1920/2775
f 1923/2778 1922/2777 1925/2781 1926/2782
f 1923/2778 1926/2782 1801/2783 1800/2779
f 1926/2784 1925/2785 1927/2786 1928/2787
f 1926/2784 1928/2787 1802/2579 1801/2578
f 1928/2788 1927/2789 1821/2607 1809/2588
f 1928/2788 1809/2588 1804/2583 1802/2582
f 1927/2786 1925/2785 1826/2620 1824/2619
f 1927/2789 1824/2611 1822/2608 1821/2607
f 1925/2781 1922/2777 1828/2624 1826/2623
f 1924/2780 1796/2566 1795/2565 1929/2790
f 1924/2780 1929/2790 1921/2776 1920/2775
f 1924/2780 1800/2779 1797/2567 1796/2566
f 1929/2790 1795/2565 1930/2791 1931/2792
f 1929/2790 1931/2792 1932/2793 1921/2776
f 1932/2793 1931/2792 1933/2794 1934/2795
f 1932/2793 1934/2795 1935/2796 1917/2772
f 1932/2793 1917/2772 1916/2771 1921/2776
f 1935/2796 1934/2795 1936/2797 1937/2798
f 1935/2796 1937/2798 1938/2799 1913/2768
f 1935/2796 1913/2768 1912/2767 1917/2772
f 1938/2799 1937/2798 1939/2800 1940/2801
f 1938/2799 1940/2801 1941/2802 1942/2803
f 1938/2799 1942/2803 1914/2769 1913/2768
f 1942/2803 1941/2802 1943/2804 1944/2805
f 1942/2803 1944/2805 1906/2761 1914/2769
f 1944/2805 1943/2804 1945/2806 1901/2756
f 1944/2805 1901/2756 1900/2755 1906/2761
f 1945/2806 1943/2804 1946/2807 1947/2808
f 1945/2806 1947/2808 190/110 1897/2752
f 1945/2806 1897/2752 1896/2751 1901/2756
f 1947/2808 1946/2807 1948/2809 1949/2810
f 1947/2808 1949/2810 188/108 190/110
f 1949/2810 1948/2809 1950/2811 1951/2812
f 1949/2810 1951/2812 189/109 188/108
f 1951/2812 1950/2811 1952/2813 1953/2814
f 1951/2812 1953/2814 181/2815 189/109
f 1953/2814 1952/2813 1954/2816 1955/2817
f 1953/2818 1955/2819 14/96 181/99
f 1955/2820 1954/2821 1956/2822 1957/2823
f 1957/2824 1956/2825 1958/2826 1959/2827
f 1957/2824 1959/2827 176/93 13/92
f 1959/2827 1958/2826 1960/2828 1961/2829
f 1959/2830 1961/2831 1354/1884 176/1883
f 1961/2832 1960/2833 1962/2834 1963/2835
f 1961/2836 1963/2837 1355/2838 1354/2839
f 1963/2840 1962/2841 1964/2842 1965/2843
f 1963/2844 1965/2845 1357/1885 1355/1878
f 1965/2843 1964/2842 1966/2846 1967/2847
f 1965/2845 1967/2848 1968/2849 1357/1885
f 1968/2849 1967/2848 1969/2850 1970/2851
f 1968/2849 1970/2851 1971/2852 1972/2853
f 1968/2849 1972/2853 1358/1886 1357/1885
f 1972/2854 1971/2855 1973/2856 1974/2857
f 1972/2854 1974/2857 1359/1889 1358/1888
f 1974/2857 1973/2856 1975/2858 1976/2859
f 1974/2857 1976/2859 1363/1900 1359/1889
f 1976/2859 1975/2858 1977/2860 1978/2861
f 1976/2859 1978/2861 1364/1901 1363/1900
f 1978/2861 1977/2860 1979/2862 1980/2863
f 1978/2861 1980/2863 1366/1904 1364/1901
f 1980/2863 1979/2862 1981/2864 1982/2865
f 1980/2863 1982/2865 1368/1907 1366/1904
f 1982/2865 1981/2864 1983/2866 1984/2867
f 1982/2865 1984/2867 1370/1910 1368/1907
f 1984/2867 1983/2866 1985/2868 1986/2869
f 1984/2867 1986/2869 1372/1913 1370/1910
f 1986/2869 1985/2868 1987/2870 1377/1919
f 1986/2869 1377/1919 1374/1916 1372/1913
f 1987/2870 1985/2868 1988/2871 1989/2872
f 1987/2870 1989/2872 1990/2873 1380/1922
f 1987/2870 1380/1922 1378/1920 1377/1919
f 1990/2873 1989/2872 1991/2874 1992/2875
f 1990/2873 1992/2875 1993/2876 1383/1926
f 1990/2873 1383/1926 1381/1923 1380/1922
f 1993/2876 1992/2875 1994/2877 1995/2878
f 1993/2876 1995/2878 1996/2879 1386/2880
f 1993/2876 1386/2880 1384/1927 1383/1926
f 1996/2879 1995/2878 1997/2881 1998/2882
f 1996/2883 1998/2884 1999/2885 1389/1934
f 1996/2883 1389/1934 1387/1932 1386/1931
f 1999/2885 1998/2884 2000/2886 2001/2887
f 1999/2885 2001/2887 2002/2888 1392/1938
f 1999/2885 1392/1938 1390/1935 1389/1934
f 2002/2888 2001/2887 2003/2889 2004/2890
f 2002/2891 2004/2892 2005/2893 1395/1944
f 2002/2888 1395/2894 1393/1939 1392/1938
f 2005/2895 2004/2890 2006/2896 2007/2897
f 2005/2893 2007/2898 2008/2899 1398/1951
f 2005/2893 1398/1951 1396/1945 1395/1944
f 2008/2900 2007/2897 2009/2901 2010/2902
f 2008/2899 2010/2903 2011/2904 1401/1954
f 2008/2899 1401/1954 1399/1952 1398/1951
f 2011/2904 2010/2903 2012/2905 2013/2906
f 2011/2904 2013/2906 2014/2907 1404/1957
f 2011/2904 1404/1957 1402/1955 1401/1954
f 2014/2907 2013/2906 2015/2908 2016/2909
f 2014/2907 2016/2909 2017/2910 1407/1960
f 2014/2907 1407/1960 1405/1958 1404/1957
f 2017/2910 2016/2909 2018/2911 2019/2912
f 2017/2910 2019/2912 2020/2913 1410/1963
f 2017/2910 1410/1963 1408/1961 1407/1960
f 2020/2913 2019/2912 2021/2914 2022/2915
f 2020/2913 2022/2915 2023/2916 1413/1967
f 2020/2913 1413/1967 1411/1964 1410/1963
f 2023/2916 2022/2915 2024/2917 2025/2918
f 2023/2916 2025/2918 2026/2919 1416/2920
f 2023/2916 1416/2920 1414/1968 1413/1967
f 2026/2921 2025/2922 2027/2923 2028/2924
f 2026/2921 2028/2924 2029/2925 1419/2926
f 2026/2921 1419/2926 1417/1973 1416/1972
f 2029/2925 2028/2924 2030/2927 2031/2928
f 2029/2929 2031/2930 2032/2931 1422/1981
f 2029/2929 1422/1981 1420/1979 1419/1978
f 2032/2931 2031/2930 2033/2932 2034/2933
f 2032/2931 2034/2933 2035/2934 1425/1984
f 2032/2931 1425/1984 1423/1982 1422/1981
f 2035/2934 2034/2933 2036/2935 2037/2936
f 2035/2934 2037/2936 2038/2937 1428/1987
f 2035/2934 1428/1987 1426/1985 1425/1984
f 2038/2937 2037/2936 2039/2938 2040/2939
f 2038/2937 2040/2939 2041/2940 1431/1990
f 2038/2937 1431/1990 1429/1988 1428/1987
f 2041/2940 2040/2939 2042/2941 2043/2942
f 2041/2940 2043/2942 2044/2943 1434/1994
f 2041/2940 1434/1994 1432/1991 1431/1990
f 2044/2943 2043/2942 2045/2944 2046/2945
f 2044/2943 2046/2945 2047/2946 1437/2947
f 2044/2943 1437/2947 1435/1995 1434/1994
f 2047/2946 2046/2945 2048/2948 2049/2949
f 2047/2950 2049/2951 2050/2952 1440/2002
f 2047/2950 1440/2002 1438/2000 1437/1999
f 2050/2952 2049/2951 2051/2953 2052/2954
f 2050/2952 2052/2954 2053/2955 1443/2005
f 2050/2952 1443/2005 1441/2003 1440/2002
f 2053/2955 2052/2954 2054/2956 2055/2957
f 2053/2955 2055/2957 2056/2958 1446/2008
f 2053/2955 1446/2008 1444/2006 1443/2005
f 2056/2958 2055/2957 372/421 2057/2959
f 2056/2958 2057/2959 2058/2960 1449/2011
f 2056/2958 1449/2011 1447/2009 1446/2008
f 2058/2960 2057/2959 2059/2961 2060/2962
f 2058/2960 2060/2962 2061/2963 1452/2014
f 2058/2960 1452/2014 1450/2012 1449/2011
f 2061/2963 2060/2962 2062/2964 1464/2965
f 2061/2963 1464/2965 1462/2966 1455/2017
f 2061/2963 1455/2017 1453/2015 1452/2014
f 2062/2964 2060/2962 2059/2961 2063/2967
f 2062/2968 2063/2969 2064/2970 1467/2032
f 2062/2968 1467/2032 1465/2030 1464/2029
f 2064/2970 2063/2969 378/2971 2065/2972
f 2064/2970 2065/2972 2066/2973 2067/2974
f 2064/2970 2067/2974 1468/2033 1467/2032
f 2067/2974 2066/2973 394/456 398/460
f 2067/2974 398/460 1469/2034 1468/2033
f 2066/2973 2065/2972 2068/2975 2069/2976
f 2066/2973 2069/2976 395/457 394/456
f 2069/2976 2068/2975 2070/2977 2071/2978
f 2069/2976 2071/2978 2072/2979 395/457
f 2072/2979 2071/2978 2073/2980 2074/2981
f 2072/2979 2074/2981 2075/2982 2076/2983
f 2072/2979 2076/2983 396/458 395/457
f 2076/2983 2075/2982 2077/2984 2078/2985
f 2076/2983 2078/2985 399/461 396/458
f 2078/2985 2079/2986 2080/2987 399/461
f 2078/2985 2077/2984 2081/2988 2079/2986
f 2081/2988 2082/2989 2083/2990 2079/2986
f 2081/2988 2077/2984 591/2991 590/2992
f 2081/2988 590/2992 2084/2993 2082/2989
f 2084/2993 1482/2047 1480/2045 2082/2989
f 2084/2994 590/832 589/831 2085/2995
f 2084/2994 2085/2995 1484/2053 1482/2052
f 2085/2995 589/831 592/2996 2086/2997
f 2085/2995 2086/2997 1486/2055 1484/2053
f 2086/2997 592/2996 2087/2998 2088/2999
f 2086/2997 2088/2999 2089/3000 1486/2055
f 2089/3000 1490/2059 1487/2056 1486/2055
f 2089/3000 2088/2999 2090/3001 2091/3002
f 2089/3000 2091/3002 2092/3003 1490/2059
f 2092/3003 1495/2064 1491/2060 1490/2059
f 2092/3003 2091/3002 2093/3004 2094/3005
f 2092/3003 2094/3005 1634/2378 1495/2064
f 2094/3005 2093/3004 2095/3006 2096/3007
f 2094/3005 2096/3007 1635/2379 1634/2378
f 2096/3007 2095/3006 2097/3008 2098/3009
f 2096/3007 2098/3009 1637/2381 1635/2379
f 2098/3009 2097/3008 2099/3010 2100/3011
f 2098/3009 2100/3011 1639/2383 1637/2381
f 2100/3012 2099/3013 2101/3014 2102/3015
f 2100/3012 2102/3015 2103/3016 1639/3017
f 2103/3016 1642/2388 1640/2387 1639/3017
f 2103/3018 2102/3019 2104/3020 2105/3021
f 2103/3022 2105/3023 1644/2392 1642/2391
f 2105/3021 2104/3020 2106/3024 2107/3025
f 2105/3021 2107/3025 1646/3026 1644/3027
f 2107/3025 2106/3024 2108/3028 2109/3029
f 2107/3025 2109/3029 2110/3030 1646/3026
f 2110/3031 1649/3032 1647/2397 1646/2396
f 2110/3030 2109/3029 2111/3033 2112/3034
f 2110/3031 2112/3035 2113/3036 1649/3032
f 2113/3037 1652/2403 1650/2401 1649/2400
f 2113/3036 2112/3035 2114/3038 2115/3039
f 2113/3037 2115/3040 2116/3041 1652/2403
f 2116/3041 1655/2406 1653/2404 1652/2403
f 2116/3041 2115/3040 2117/3042 2118/3043
f 2116/3041 2118/3043 2119/3044 1655/2406
f 2119/3044 1659/2410 1656/2407 1655/2406
f 2119/3044 2118/3043 2120/3045 2121/3046
f 2119/3044 2121/3046 2122/3047 1659/2410
f 2122/3047 1664/2415 1660/2411 1659/2410
f 2122/3047 2121/3046 2123/3048 2124/3049
f 2122/3047 2124/3049 2125/3050 1664/2415
f 2125/3050 1669/2420 1665/2416 1664/2415
f 2125/3050 2124/3049 2126/3051 2127/3052
f 2125/3050 2127/3052 2128/3053 1669/2420
f 2128/3053 1674/2425 1670/2421 1669/2420
f 2128/3053 2127/3052 2129/3054 2130/3055
f 2128/3053 2130/3055 2131/3056 1674/2425
f 2131/3056 1679/2430 1675/2426 1674/2425
f 2131/3056 2130/3055 2132/3057 2133/3058
f 2131/3056 2133/3058 2134/3059 1679/2430
f 2134/3059 1684/2435 1680/2431 1679/2430
f 2134/3059 2133/3058 2135/3060 2136/3061
f 2134/3059 2136/3061 2137/3062 1684/2435
f 2137/3062 1689/2440 1685/2436 1684/2435
f 2137/3062 2136/3061 2138/3063 2139/3064
f 2137/3062 2139/3064 2140/3065 1689/2440
f 2140/3065 1694/2445 1690/2441 1689/2440
f 2140/3065 2139/3064 2141/3066 2142/3067
f 2140/3065 2142/3067 2143/3068 1694/2445
f 2143/3068 1699/2452 1695/2446 1694/2445
f 2143/3068 2142/3067 2144/3069 2145/3070
f 2143/3068 2145/3070 2146/3071 1699/2452
f 2146/3071 1704/3072 1700/2453 1699/2452
f 2146/3071 2145/3070 2147/3073 2148/3074
f 2146/3075 2148/3076 2149/3077 1704/2460
f 2149/3077 1709/2467 1705/2461 1704/2460
f 2149/3078 2148/3074 2150/3079 2151/3080
f 2149/3077 2151/3081 2152/3082 1709/2467
f 2152/3082 1714/2475 1710/2468 1709/2467
f 2152/3083 2151/3084 2153/3085 2154/3086
f 2152/3083 2154/3086 2155/3087 1714/3088
f 2155/3087 1719/3089 1715/3090 1714/3088
f 2155/3087 2154/3086 2156/3091 2157/3092
f 2155/3087 2157/3092 2158/3093 1719/3089
f 2158/3094 1724/2486 1720/2482 1719/2481
f 2158/3093 2157/3092 2159/3095 2160/3096
f 2158/3094 2160/3097 2161/3098 1724/2486
f 2161/3098 1729/2491 1725/2487 1724/2486
f 2161/3098 2160/3097 2162/3099 2163/3100
f 2161/3098 2163/3100 2164/3101 1729/2491
f 2164/3101 1734/2496 1730/2492 1729/2491
f 2164/3101 2163/3100 2165/3102 2166/3103
f 2164/3101 2166/3103 2167/3104 1734/2496
f 2167/3104 1739/2501 1735/2497 1734/2496
f 2167/3104 2166/3103 2168/3105 2169/3106
f 2167/3104 2169/3106 2170/3107 1739/2501
f 2170/3108 1744/2509 1740/2508 1739/3109
f 2170/3107 2169/3106 2171/3110 2172/3111
f 2170/3107 2172/3111 2173/3112 1744/3113
f 2173/3114 1749/3115 1745/2510 1744/2509
f 2173/3112 2172/3111 2174/3116 2175/3117
f 2173/3114 2175/3118 2176/3119 1749/3115
f 2176/3120 1754/2522 1750/2518 1749/2517
f 2176/3119 2175/3118 2177/3121 2178/3122
f 2176/3120 2178/3123 2179/3124 1754/2522
f 2179/3124 1759/2527 1755/2523 1754/2522
f 2179/3124 2178/3123 2180/3125 2181/3126
f 2179/3124 2181/3126 2182/3127 1759/2527
f 2182/3127 1764/2532 1760/2528 1759/2527
f 2182/3127 2181/3126 2183/3128 2184/3129
f 2182/3127 2184/3129 2185/3130 1764/2532
f 2185/3130 1769/2537 1765/2533 1764/2532
f 2185/3130 2184/3129 2186/3131 2187/3132
f 2185/3130 2187/3132 2188/3133 1769/2537
f 2188/3133 1774/2542 1770/2538 1769/2537
f 2188/3133 2187/3132 2189/3134 2190/3135
f 2188/3133 2190/3135 2191/3136 1774/2542
f 2191/3136 1779/2547 1775/2543 1774/2542
f 2191/3136 2190/3135 2192/3137 2193/3138
f 2191/3136 2193/3138 2194/3139 1779/2547
f 2194/3139 1784/2552 1780/2548 1779/2547
f 2194/3139 2193/3138 2195/3140 2196/3141
f 2194/3139 2196/3141 2197/3142 1784/2552
f 2197/3142 1788/2556 1785/2553 1784/2552
f 2197/3143 2196/3144 2198/3145 2199/3146
f 2197/3143 2199/3146 1790/2560 1788/2559
f 2199/3146 2198/3145 2200/3147 2201/3148
f 2199/3146 2201/3148 1792/2562 1790/2560
f 2201/3148 2200/3147 2202/3149 2203/3150
f 2201/3148 2203/3150 1930/2791 1792/2562
f 2203/3150 2202/3149 2204/3151 1933/2794
f 2203/3150 1933/2794 1931/2792 1930/2791
f 2204/3151 2202/3149 2205/3152 2206/3153
f 2204/3151 2206/3153 2207/3154 1936/2797
f 2204/3151 1936/2797 1934/2795 1933/2794
f 2207/3154 2206/3153 2208/3155 2209/3156
f 2207/3154 2209/3156 2210/3157 1939/2800
f 2207/3154 1939/2800 1937/2798 1936/2797
f 2210/3157 2209/3156 2211/3158 2212/3159
f 2210/3157 2212/3159 2213/3160 2214/3161
f 2210/3157 2214/3161 1940/2801 1939/2800
f 2214/3161 2213/3160 2215/3162 2216/3163
f 2214/3161 2216/3163 1941/2802 1940/2801
f 2216/3163 2215/3162 1948/2809 1946/2807
f 2216/3163 1946/2807 1943/2804 1941/2802
f 2215/3162 2213/3160 2217/3164 2218/3165
f 2215/3162 2218/3165 1950/2811 1948/2809
f 1950/2811 2219/3166 2220/3167 1952/2813
f 2219/3168 1950/3169 2221/3170 2222/3171
f 2222/3172 2223/3173 2220/3167 2219/3166
f 2223/3173 2224/3174 2225/3175 2220/3167
f 2223/3176 2226/3177 2227/3178 2224/3179
f 2226/3180 2223/3181 2228/3182 2229/3183
f 2226/3184 2229/3185 2230/3186 2231/3187
f 2231/3188 2232/3189 2227/3190 2226/3191
f 2231/3192 2233/3193 2234/3194 2232/3195
f 2233/3196 2231/3197 2230/3198 2235/3199
f 2233/3200 2235/3201 3944/3202 2236/3203
f 2236/3204 2234/3205 2233/3206
f 2236/3203 3944/3202 2237/3207 2234/3208
f 2238/3209 2222/3210 2221/3211
f 2238/3212 2228/3182 2223/3181 2222/3213
f 2239/3214 2240/3215 2241/3216 2242/3217
f 2239/3218 2242/3219 2243/3220 2244/3221
f 2239/3222 2238/3212 2221/3223 2240/3224
f 2244/3221 2243/3220 2245/3225 2246/3226
f 2248/3227 1960/3228 1958/3229 2249/3230
f 2246/3226 2248/3227 2249/3230 2247/3231
f 2249/3232 2250/3233 2251/3234 2247/3235
f 2249/3236 1958/2826 1956/2825 2252/3237
f 2249/3236 2252/3237 2253/3238 2250/3239
f 2253/3240 2252/3241 2254/3242 2255/3243
f 2254/3242 1954/2816 1952/2813 2256/3244 2255/3243
f 2256/3244 1952/2813 2220/3167 2225/3175
f 2254/3245 2252/3246 1956/3247 1954/3248
f 2248/3249 2257/3250 2258/3251 2259/3252
f 2248/3227 2259/3253 1962/3254 1960/3228
f 2259/3255 2258/3256 2260/3257 2261/3258
f 2259/3255 2261/3258 1964/2842 1962/2841
f 2261/3258 2260/3257 2262/3259 2263/3260
f 2261/3258 2263/3260 1966/2846 1964/2842
f 2263/3260 2262/3259 2264/3261 2265/3262
f 2263/3260 2265/3262 2266/3263 1966/2846
f 2266/3263 2265/3262 2267/3264 2268/3265
f 2266/3263 2268/3265 2269/3266 1969/3267
f 2266/3263 1969/3267 1967/2847 1966/2846
f 2269/3266 2268/3265 2270/3268 2271/3269
f 2269/3270 2271/3271 2272/3272 2273/3273
f 2269/3270 2273/3273 1970/2851 1969/2850
f 2273/3273 2272/3272 2274/3274 2275/3275
f 2273/3273 2275/3275 1971/2852 1970/2851
f 2275/3276 2274/3277 2276/3278 2277/3279
f 2275/3276 2277/3279 1973/2856 1971/2855
f 2277/3279 2276/3278 2278/3280 2279/3281
f 2277/3279 2279/3281 1975/2858 1973/2856
f 2279/3281 2278/3280 2280/3282 2281/3283
f 2279/3281 2281/3283 1977/2860 1975/2858
f 2281/3283 2280/3282 2282/3284 2283/3285
f 2281/3283 2283/3285 1979/2862 1977/2860
f 2283/3285 2282/3284 2284/3286 2285/3287
f 2283/3285 2285/3287 1981/2864 1979/2862
f 2285/3287 2284/3286 2286/3288 2287/3289
f 2285/3287 2287/3289 1983/2866 1981/2864
f 2287/3289 2286/3288 2288/3290 1988/2871
f 2287/3289 1988/2871 1985/2868 1983/2866
f 2288/3290 2286/3288 2289/3291 2290/3292
f 2288/3290 2290/3292 2291/3293 1991/2874
f 2288/3290 1991/2874 1989/2872 1988/2871
f 2291/3293 2290/3292 2292/3294 2293/3295
f 2291/3293 2293/3295 2294/3296 1994/2877
f 2291/3293 1994/2877 1992/2875 1991/2874
f 2294/3296 2293/3295 2295/3297 2296/3298
f 2294/3296 2296/3298 2297/3299 1997/2881
f 2294/3296 1997/2881 1995/2878 1994/2877
f 2297/3299 2296/3298 2298/3300 2299/3301
f 2297/3299 2299/3301 2300/3302 2000/3303
f 2297/3299 2000/3303 1998/2882 1997/2881
f 2300/3302 2299/3301 2301/3304 2302/3305
f 2300/3306 2302/3307 2303/3308 2003/2889
f 2300/3306 2003/2889 2001/2887 2000/2886
f 2303/3308 2302/3307 2304/3309 2305/3310
f 2303/3308 2305/3310 2306/3311 2006/2896
f 2303/3308 2006/2896 2004/2890 2003/2889
f 2306/3311 2305/3310 2307/3312 2308/3313
f 2306/3311 2308/3313 2309/3314 2009/2901
f 2306/3311 2009/2901 2007/2897 2006/2896
f 2309/3314 2308/3313 2310/3315 2311/3316
f 2309/3314 2311/3316 2312/3317 2012/3318
f 2309/3314 2012/3318 2010/2902 2009/2901
f 2312/3319 2311/3320 2313/3321 2314/3322
f 2312/3319 2314/3322 2315/3323 2015/2908
f 2312/3319 2015/2908 2013/2906 2012/2905
f 2315/3323 2314/3322 2316/3324 2317/3325
f 2315/3323 2317/3325 2318/3326 2018/2911
f 2315/3323 2018/2911 2016/2909 2015/2908
f 2318/3326 2317/3325 2319/3327 2320/3328
f 2318/3326 2320/3328 2321/3329 2021/2914
f 2318/3326 2021/2914 2019/2912 2018/2911
f 2321/3329 2320/3328 2322/3330 2323/3331
f 2321/3329 2323/3331 2324/3332 2024/2917
f 2321/3329 2024/2917 2022/2915 2021/2914
f 2324/3332 2323/3331 2325/3333 2326/3334
f 2324/3332 2326/3334 2327/3335 2027/3336
f 2324/3332 2027/3336 2025/2918 2024/2917
f 2327/3335 2326/3334 2328/3337 2329/3338
f 2327/3339 2329/3340 2330/3341 2030/2927
f 2327/3335 2030/3342 2028/3343 2027/3336
f 2330/3344 2329/3338 2331/3345 2332/3346
f 2330/3341 2332/3347 2333/3348 2033/3349
f 2330/3341 2033/3349 2031/2928 2030/2927
f 2333/3348 2332/3347 2334/3350 2335/3351
f 2333/3352 2335/3353 2336/3354 2036/2935
f 2333/3352 2036/2935 2034/2933 2033/2932
f 2336/3354 2335/3353 2337/3355 2338/3356
f 2336/3354 2338/3356 2339/3357 2039/2938
f 2336/3354 2039/2938 2037/2936 2036/2935
f 2339/3357 2338/3356 2340/3358 2341/3359
f 2339/3357 2341/3359 2342/3360 2042/2941
f 2339/3357 2042/2941 2040/2939 2039/2938
f 2342/3360 2341/3359 2343/3361 2344/3362
f 2342/3360 2344/3362 2345/3363 2045/2944
f 2342/3360 2045/2944 2043/2942 2042/2941
f 2345/3363 2344/3362 2346/3364 2347/3365
f 2345/3363 2347/3365 2348/3366 2048/2948
f 2345/3363 2048/2948 2046/2945 2045/2944
f 2348/3366 2347/3365 2349/3367 2350/3368
f 2348/3366 2350/3368 2351/3369 2051/3370
f 2348/3366 2051/3370 2049/2949 2048/2948
f 2351/3369 2350/3368 2352/3371 376/3372
f 2351/3373 376/426 373/422 2054/2956
f 2351/3373 2054/2956 2052/2954 2051/2953
f 2352/3371 2353/3374 388/448 2354/3375
f 2352/3371 2354/3375 374/3376 376/3372
f 2352/3371 2350/3368 2349/3367 2353/3374
f 2354/3375 388/448 387/447 457/596
f 2354/3375 457/596 73/595 374/3376
f 2353/3374 2355/3377 385/444 388/448
f 2353/3374 2349/3367 2356/3378 2355/3377
f 2356/3378 2357/3379 2358/3380 2355/3377
f 2356/3378 2349/3367 2347/3365 2346/3364
f 2356/3378 2346/3364 2359/3381 2357/3379
f 2359/3381 2360/3382 2361/3383 2357/3379
f 2359/3381 2346/3364 2344/3362 2343/3361
f 2359/3381 2343/3361 2362/3384 2360/3382
f 2362/3384 2363/3385 2364/3386 2360/3382
f 2362/3384 2343/3361 2341/3359 2340/3358
f 2362/3387 2340/3388 2365/3389 2363/3390
f 2365/3389 2366/3391 2367/3392 2363/3390
f 2365/3389 2340/3388 2338/3393 2337/3394
f 2365/3389 2337/3394 2368/3395 2366/3391
f 2368/3395 2369/3396 2370/3397 2366/3391
f 2368/3395 2337/3394 2335/3351 2334/3350
f 2368/3395 2334/3350 2371/3398 2369/3396
f 2371/3399 2372/3400 2373/3401 2369/3402
f 2371/3399 2334/3403 2332/3346 2331/3345
f 2371/3399 2331/3345 2374/3404 2372/3400
f 2374/3404 2375/3405 2376/3406 2372/3400
f 2374/3404 2331/3345 2329/3338 2328/3337
f 2374/3404 2328/3337 2377/3407 2375/3405
f 2377/3407 2378/3408 2379/3409 2375/3405
f 2377/3407 2328/3337 2326/3334 2325/3333
f 2377/3407 2325/3333 2380/3410 2378/3408
f 2380/3410 2381/3411 2382/3412 2378/3408
f 2380/3410 2325/3333 2323/3331 2322/3330
f 2380/3410 2322/3330 2383/3413 2381/3411
f 2383/3413 2384/3414 2385/3415 2381/3411
f 2383/3413 2322/3330 2320/3328 2319/3327
f 2383/3413 2319/3327 2386/3416 2384/3414
f 2386/3416 2387/3417 2388/3418 2384/3414
f 2386/3416 2319/3327 2317/3325 2316/3324
f 2386/3416 2316/3324 2389/3419 2387/3417
f 2389/3419 2390/3420 2391/3421 2387/3417
f 2389/3419 2316/3324 2314/3322 2313/3321
f 2389/3422 2313/3423 2392/3424 2390/3425
f 2392/3424 2393/3426 2394/3427 2390/3425
f 2392/3424 2313/3423 2311/3316 2310/3315
f 2392/3424 2310/3315 2395/3428 2393/3426
f 2395/3429 2396/3430 2397/3431 2393/3432
f 2395/3428 2310/3315 2308/3313 2307/3312
f 2395/3429 2307/3433 2398/3434 2396/3430
f 2398/3434 2399/3435 2400/3436 2396/3430
f 2398/3437 2307/3312 2305/3310 2304/3309
f 2398/3434 2304/3438 2401/3439 2399/3435
f 2401/3439 2402/3440 2403/3441 2399/3435
f 2401/3439 2304/3438 2302/3305 2301/3304
f 2401/3439 2301/3304 2404/3442 2402/3440
f 2404/3442 2405/3443 2406/3444 2402/3440
f 2404/3442 2301/3304 2299/3301 2298/3300
f 2404/3442 2298/3300 2407/3445 2405/3443
f 2407/3445 2408/3446 2409/3447 2405/3443
f 2407/3445 2298/3300 2296/3298 2295/3297
f 2407/3445 2295/3297 2410/3448 2408/3446
f 2410/3448 2411/3449 2412/3450 2408/3446
f 2410/3448 2295/3297 2293/3295 2292/3294
f 2410/3448 2292/3294 2413/3451 2411/3449
f 2413/3451 2414/3452 2415/3453 2411/3449
f 2413/3451 2292/3294 2290/3292 2289/3291
f 2413/3451 2289/3291 2416/3454 2414/3452
f 2416/3454 2417/3455 2418/3456 2414/3452
f 2416/3454 2289/3291 2286/3288 2284/3286
f 2416/3454 2284/3286 2282/3284 2417/3455
f 2418/3456 2419/3457 2420/3458 2421/3459
f 2418/3456 2421/3459 2415/3453 2414/3452
f 2418/3456 2417/3455 2422/3460 2419/3457
f 2422/3460 2423/3461 2424/3462 2419/3457
f 2422/3460 2417/3455 2282/3284 2280/3282
f 2422/3460 2280/3282 2278/3280 2423/3461
f 2424/3462 2425/3463 2426/3464 2427/3465
f 2424/3462 2427/3465 2420/3458 2419/3457
f 2424/3462 2423/3461 2428/3466 2425/3463
f 2428/3466 2429/3467 2430/3468 2425/3463
f 2428/3466 2423/3461 2278/3280 2276/3278
f 2428/3466 2276/3278 2274/3277 2429/3467
f 2430/3469 2431/3470 2432/3471 2433/3472
f 2430/3469 2433/3472 2426/3473 2425/3474
f 2430/3469 2429/3475 2434/3476 2431/3470
f 2434/3476 2435/3477 2436/3478 2431/3470
f 2434/3476 2429/3475 2274/3274 2272/3272
f 2434/3476 2272/3272 2271/3271 2435/3477
f 2436/3479 2437/3480 2438/3481 2439/3482
f 2436/3478 2439/3483 2432/3471 2431/3470
f 2436/3479 2435/3484 2440/3485 2437/3480
f 2440/3485 2441/3486 2442/3487 2437/3480
f 2440/3485 2435/3484 2271/3269 2270/3268
f 2440/3485 2270/3268 2443/3488 2441/3486
f 2443/3488 2444/3489 2445/3490 2441/3486
f 2443/3488 2270/3268 2268/3265 2267/3264
f 2443/3488 2267/3264 2446/3491 2444/3489
f 2446/3491 2447/3492 2448/3493 2444/3489
f 2446/3491 2267/3264 2265/3262 2264/3261
f 2446/3491 2264/3261 2449/3494 2447/3492
f 2449/3494 2450/3495 2451/3496 2447/3492
f 2449/3494 2264/3261 2262/3259 2452/3497
f 2449/3494 2452/3497 2453/3498 2450/3495
f 2453/3499 2454/3500 2455/3501 2450/3502
f 2453/3498 2452/3497 2456/3503 2457/3504
f 2453/3499 2457/3505 2458/3506 2454/3500
f 2458/3507 2459/3508 2460/3509 2454/3510
f 2458/3506 2457/3505 2461/3511 2462/3512
f 2458/3507 2462/3513 2463/3514 2459/3508
f 2463/3514 2464/3515 2465/3516 2459/3508
f 2463/3517 2462/3518 2466/3519 2467/3520
f 2463/3517 2467/3520 2468/3521 2464/3522
f 2468/3523 2469/3524 2470/3525 2464/3526
f 2468/3521 2467/3520 2471/3527 2472/3528
f 2468/3521 2472/3528 2473/3529 2469/3530
f 2473/3531 2472/3532 2474/3533 2475/3534
f 2473/3531 2475/3534 2212/3159 2211/3158
f 2473/3531 2211/3158 2476/3535 2469/3524
f 2476/3535 2477/3536 2470/3525 2469/3524
f 2476/3535 2211/3158 2209/3156 2208/3155
f 2476/3535 2208/3155 2478/3537 2477/3536
f 2478/3537 2479/3538 2480/3539 2477/3536
f 2478/3537 2208/3155 2206/3153 2205/3152
f 2478/3537 2205/3152 2481/3540 2479/3538
f 2481/3540 2482/3541 2483/3542 2479/3538
f 2481/3540 2205/3152 2202/3149 2200/3147
f 2481/3540 2200/3147 2198/3145 2482/3541
f 2483/3542 2484/3543 2485/3544 2486/3545
f 2483/3542 2486/3545 2480/3539 2479/3538
f 2483/3542 2482/3541 2195/3546 2484/3543
f 2486/3547 2485/3548 2487/3549 2488/3550
f 2486/3545 2488/3551 2489/3552 2480/3539
f 2489/3553 2488/3554 2490/3555 2465/3556
f 2489/3557 2465/3558 2464/3559 2470/3560
f 2489/3552 2470/3525 2477/3536 2480/3539
f 2490/3561 2491/3562 2492/3563 2460/3509
f 2490/3561 2460/3509 2459/3508 2465/3516
f 2492/3563 2491/3562 2493/3564 2494/3565
f 2492/3563 2494/3565 2495/3566 2455/3567
f 2492/3563 2455/3567 2454/3510 2460/3509
f 2495/3566 2494/3565 2496/3568 2497/3569
f 2495/3570 2497/3571 2498/3572 2451/3496
f 2495/3570 2451/3496 2450/3495 2455/3573
f 2498/3572 2497/3571 2499/3574 2500/3575
f 2498/3572 2500/3575 2501/3576 2448/3493
f 2498/3572 2448/3493 2447/3492 2451/3496
f 2501/3576 2500/3575 2502/3577 2503/3578
f 2501/3576 2503/3578 2504/3579 2445/3490
f 2501/3576 2445/3490 2444/3489 2448/3493
f 2504/3579 2503/3578 2505/3580 2506/3581
f 2504/3579 2506/3581 2507/3582 2442/3487
f 2504/3579 2442/3487 2441/3486 2445/3490
f 2507/3582 2506/3581 2508/3583 2509/3584
f 2507/3582 2509/3584 2510/3585 2438/3481
f 2507/3582 2438/3481 2437/3480 2442/3487
f 2510/3585 2509/3584 2511/3586 2512/3587
f 2510/3585 2512/3587 2513/3588 2514/3589
f 2510/3585 2514/3589 2439/3482 2438/3481
f 2514/3590 2513/3591 2515/3592 2516/3593
f 2514/3590 2516/3593 2432/3471 2439/3483
f 2516/3593 2515/3592 2517/3594 2518/3595
f 2516/3593 2518/3595 2433/3472 2432/3471
f 2518/3596 2517/3597 2519/3598 2520/3599
f 2518/3596 2520/3599 2426/3464 2433/3600
f 2520/3599 2519/3598 2521/3601 2522/3602
f 2520/3599 2522/3602 2427/3465 2426/3464
f 2522/3602 2521/3601 2523/3603 2524/3604
f 2522/3602 2524/3604 2420/3458 2427/3465
f 2524/3604 2523/3603 2525/3605 2526/3606
f 2524/3604 2526/3606 2421/3459 2420/3458
f 2526/3606 2525/3605 2527/3607 2528/3608
f 2526/3606 2528/3608 2415/3453 2421/3459
f 2528/3608 2527/3607 2529/3609 2412/3450
f 2528/3608 2412/3450 2411/3449 2415/3453
f 2529/3609 2527/3607 2530/3610 2531/3611
f 2529/3609 2531/3611 2532/3612 2409/3447
f 2529/3609 2409/3447 2408/3446 2412/3450
f 2532/3612 2531/3611 2533/3613 2534/3614
f 2532/3612 2534/3614 2535/3615 2406/3444
f 2532/3612 2406/3444 2405/3443 2409/3447
f 2535/3615 2534/3614 2536/3616 2537/3617
f 2535/3615 2537/3617 2538/3618 2403/3441
f 2535/3615 2403/3441 2402/3440 2406/3444
f 2538/3618 2537/3617 2539/3619 2540/3620
f 2538/3618 2540/3620 2541/3621 2400/3436
f 2538/3618 2400/3436 2399/3435 2403/3441
f 2541/3621 2540/3620 2542/3622 2543/3623
f 2541/3621 2543/3623 2544/3624 2397/3431
f 2541/3621 2397/3431 2396/3430 2400/3436
f 2544/3624 2543/3623 2545/3625 2546/3626
f 2544/3627 2546/3628 2547/3629 2394/3427
f 2544/3627 2394/3427 2393/3426 2397/3630
f 2547/3629 2546/3628 2548/3631 2549/3632
f 2547/3629 2549/3632 2550/3633 2391/3634
f 2547/3629 2391/3634 2390/3425 2394/3427
f 2550/3633 2549/3632 2551/3635 2552/3636
f 2550/3637 2552/3638 2553/3639 2388/3418
f 2550/3637 2388/3418 2387/3417 2391/3421
f 2553/3640 2552/3636 2554/3641 2555/3642
f 2553/3639 2555/3643 2556/3644 2385/3415
f 2553/3639 2385/3415 2384/3414 2388/3418
f 2556/3644 2555/3643 2557/3645 2558/3646
f 2556/3644 2558/3646 2559/3647 2382/3412
f 2556/3644 2382/3412 2381/3411 2385/3415
f 2559/3647 2558/3646 2560/3648 2561/3649
f 2559/3647 2561/3649 2562/3650 2379/3409
f 2559/3647 2379/3409 2378/3408 2382/3412
f 2562/3650 2561/3649 2563/3651 2564/3652
f 2562/3650 2564/3652 2565/3653 2376/3406
f 2562/3650 2376/3406 2375/3405 2379/3409
f 2565/3653 2564/3652 2566/3654 2567/3655
f 2565/3653 2567/3655 2568/3656 2373/3401
f 2565/3653 2373/3401 2372/3400 2376/3406
f 2568/3656 2567/3655 2569/3657 2570/3658
f 2568/3656 2570/3658 2571/3659 2370/3660
f 2568/3656 2370/3660 2369/3402 2373/3401
f 2571/3659 2570/3658 2572/3661 2573/3662
f 2571/3663 2573/3664 2574/3665 2367/3392
f 2571/3663 2367/3392 2366/3391 2370/3397
f 2574/3666 2573/3662 2575/3667 2576/3668
f 2574/3665 2576/3669 2577/3670 2364/3671
f 2574/3665 2364/3671 2363/3390 2367/3392
f 2577/3670 2576/3669 2578/3672 2579/3673
f 2577/3674 2579/3675 2580/3676 2361/3383
f 2577/3674 2361/3383 2360/3382 2364/3386
f 2580/3676 2579/3675 2581/3677 392/453
f 2580/3676 392/453 386/445 2358/3380
f 2580/3676 2358/3380 2357/3379 2361/3383
f 2581/3678 2582/3679 2583/3680 452/3681
f 2581/3677 452/578 390/450 392/453
f 2581/3678 2579/3673 2578/3672 2582/3679
f 2583/3680 2584/3682 2585/3683 2586/3684
f 2583/3680 2586/3684 450/3685 452/3681
f 2583/3686 2582/3687 2587/3688 2584/3689
f 2587/3688 2588/3690 2589/3691 2584/3689
f 2587/3688 2582/3687 2578/3692 2590/3693
f 2587/3688 2590/3693 2591/3694 2588/3690
f 2591/3694 2592/3695 2593/3696 2588/3690
f 2591/3694 2590/3693 2575/3667 2594/3697
f 2591/3694 2594/3697 2595/3698 2592/3695
f 2595/3698 2596/3699 2597/3700 2592/3695
f 2595/3698 2594/3697 2572/3661 2598/3701
f 2595/3698 2598/3701 2599/3702 2596/3699
f 2599/3702 2600/3703 2601/3704 2596/3699
f 2599/3702 2598/3701 2569/3657 2602/3705
f 2599/3702 2602/3705 2603/3706 2600/3703
f 2603/3706 2604/3707 2605/3708 2600/3703
f 2603/3706 2602/3705 2566/3654 2606/3709
f 2603/3706 2606/3709 2607/3710 2604/3707
f 2607/3710 2608/3711 2609/3712 2604/3707
f 2607/3710 2606/3709 2563/3651 2610/3713
f 2607/3710 2610/3713 2611/3714 2608/3711
f 2611/3714 2612/3715 2613/3716 2608/3711
f 2611/3714 2610/3713 2560/3648 2614/3717
f 2611/3718 2614/3719 2615/3720 2612/3721
f 2615/3722 2616/3723 2617/3724 2612/3715
f 2615/3720 2614/3719 2557/3725 2618/3726
f 2615/3727 2618/3728 2619/3729 2616/3730
f 2619/3729 2620/3731 2621/3732 2616/3730
f 2619/3729 2618/3728 2554/3641 2622/3733
f 2619/3729 2622/3733 2623/3734 2620/3731
f 2623/3735 2624/3736 2625/3737 2620/3738
f 2623/3734 2622/3733 2551/3635 2626/3739
f 2623/3735 2626/3740 2627/3741 2624/3736
f 2627/3741 2628/3742 2629/3743 2624/3736
f 2627/3741 2626/3740 2548/3744 2630/3745
f 2627/3741 2630/3745 2631/3746 2628/3742
f 2631/3746 2632/3747 2633/3748 2628/3742
f 2631/3746 2630/3745 2545/3625 2634/3749
f 2631/3746 2634/3749 2635/3750 2632/3747
f 2635/3750 2636/3751 2637/3752 2632/3747
f 2635/3750 2634/3749 2542/3622 2638/3753
f 2635/3750 2638/3753 2639/3754 2636/3751
f 2639/3754 2640/3755 2641/3756 2636/3751
f 2639/3754 2638/3753 2539/3619 2642/3757
f 2639/3754 2642/3757 2643/3758 2640/3755
f 2643/3758 2644/3759 2645/3760 2640/3755
f 2643/3758 2642/3757 2536/3616 2646/3761
f 2643/3758 2646/3761 2647/3762 2644/3759
f 2647/3762 2648/3763 2649/3764 2644/3759
f 2647/3762 2646/3761 2533/3613 2650/3765
f 2647/3762 2650/3765 2651/3766 2648/3763
f 2651/3766 2652/3767 2653/3768 2648/3763
f 2651/3766 2650/3765 2530/3610 2654/3769
f 2651/3766 2654/3769 2655/3770 2652/3767
f 2655/3770 2656/3771 2657/3772 2652/3767
f 2655/3770 2654/3769 2525/3605 2523/3603
f 2655/3770 2523/3603 2521/3601 2656/3771
f 2657/3772 2658/3773 2659/3774 2660/3775
f 2657/3772 2660/3775 2653/3768 2652/3767
f 2657/3772 2656/3771 2661/3776 2658/3773
f 2661/3776 2662/3777 2663/3778 2658/3773
f 2661/3776 2656/3771 2521/3601 2519/3598
f 2661/3776 2519/3598 2517/3597 2662/3777
f 2663/3779 2664/3780 2665/3781 2666/3782
f 2663/3778 2666/3783 2659/3774 2658/3773
f 2663/3779 2662/3784 2667/3785 2664/3780
f 2667/3785 2668/3786 2669/3787 2664/3780
f 2667/3788 2662/3789 2517/3594 2515/3592
f 2667/3788 2515/3592 2513/3591 2668/3790
f 2669/3787 2670/3791 2671/3792 2672/3793
f 2669/3787 2672/3793 2665/3781 2664/3780
f 2669/3794 2668/3795 2673/3796 2670/3797
f 2673/3796 2674/3798 2675/3799 2670/3797
f 2673/3796 2668/3795 2513/3588 2512/3587
f 2673/3796 2512/3587 2511/3586 2674/3798
f 2675/3799 2168/3105 2166/3103 2165/3102
f 2675/3799 2165/3102 2671/3800 2670/3797
f 2675/3799 2674/3798 2676/3801 2168/3105
f 2676/3801 2171/3110 2169/3106 2168/3105
f 2676/3801 2674/3798 2511/3586 2677/3802
f 2676/3801 2677/3802 2678/3803 2171/3110
f 2678/3803 2174/3116 2172/3111 2171/3110
f 2678/3803 2677/3802 2508/3583 2679/3804
f 2678/3803 2679/3804 2680/3805 2174/3116
f 2680/3805 2177/3806 2175/3117 2174/3116
f 2680/3805 2679/3804 2505/3580 2681/3807
f 2680/3805 2681/3807 2682/3808 2177/3806
f 2682/3809 2180/3810 2178/3122 2177/3121
f 2682/3808 2681/3807 2502/3577 2683/3811
f 2682/3808 2683/3811 2684/3812 2180/3813
f 2684/3814 2183/3128 2181/3126 2180/3125
f 2684/3815 2683/3816 2499/3817 2685/3818
f 2684/3814 2685/3819 2686/3820 2183/3128
f 2686/3820 2186/3131 2184/3129 2183/3128
f 2686/3820 2685/3819 2496/3568 2687/3821
f 2686/3820 2687/3821 2688/3822 2186/3131
f 2688/3822 2189/3134 2187/3132 2186/3131
f 2688/3822 2687/3821 2493/3564 2689/3823
f 2688/3822 2689/3823 2690/3824 2189/3134
f 2690/3824 2192/3137 2190/3135 2189/3134
f 2690/3824 2689/3823 2487/3825 2485/3826
f 2690/3824 2485/3826 2484/3827 2192/3137
f 2487/3825 2689/3823 2493/3564 2491/3562
f 2687/3821 2496/3568 2494/3565 2493/3564
f 2685/3818 2499/3817 2497/3828 2496/3829
f 2683/3811 2502/3577 2500/3575 2499/3574
f 2681/3807 2505/3580 2503/3578 2502/3577
f 2679/3804 2508/3583 2506/3581 2505/3580
f 2677/3802 2511/3586 2509/3584 2508/3583
f 2672/3830 2671/3831 2162/3832 2691/3833
f 2672/3830 2691/3833 2692/3834 2665/3835
f 2692/3834 2691/3833 2159/3095 2693/3836
f 2692/3834 2693/3836 2694/3837 2695/3838
f 2692/3834 2695/3838 2666/3839 2665/3835
f 2695/3838 2694/3837 2696/3840 2697/3841
f 2695/3842 2697/3843 2659/3774 2666/3783
f 2697/3843 2696/3844 2698/3845 2699/3846
f 2697/3843 2699/3846 2660/3775 2659/3774
f 2699/3846 2698/3845 2700/3847 2701/3848
f 2699/3846 2701/3848 2653/3768 2660/3775
f 2701/3848 2700/3847 2702/3849 2649/3764
f 2701/3848 2649/3764 2648/3763 2653/3768
f 2702/3849 2700/3847 2703/3850 2704/3851
f 2702/3849 2704/3851 2705/3852 2645/3760
f 2702/3849 2645/3760 2644/3759 2649/3764
f 2705/3852 2704/3851 2706/3853 2707/3854
f 2705/3852 2707/3854 2708/3855 2641/3756
f 2705/3852 2641/3756 2640/3755 2645/3760
f 2708/3855 2707/3854 2709/3856 2710/3857
f 2708/3855 2710/3857 2711/3858 2637/3752
f 2708/3855 2637/3752 2636/3751 2641/3756
f 2711/3858 2710/3857 2712/3859 2713/3860
f 2711/3858 2713/3860 2714/3861 2633/3748
f 2711/3858 2633/3748 2632/3747 2637/3752
f 2714/3861 2713/3860 2715/3862 2716/3863
f 2714/3861 2716/3863 2717/3864 2629/3743
f 2714/3861 2629/3743 2628/3742 2633/3748
f 2717/3864 2716/3863 2718/3865 2719/3866
f 2717/3864 2719/3866 2720/3867 2625/3737
f 2717/3864 2625/3737 2624/3736 2629/3743
f 2720/3867 2719/3866 2721/3868 2722/3869
f 2720/3867 2722/3869 2723/3870 2621/3871
f 2720/3867 2621/3871 2620/3738 2625/3737
f 2723/3870 2722/3869 2724/3872 2725/3873
f 2723/3870 2725/3873 2726/3874 2617/3724
f 2723/3875 2617/3876 2616/3730 2621/3732
f 2726/3874 2725/3873 2727/3877 2728/3878
f 2726/3879 2728/3880 2729/3881 2613/3882
f 2726/3874 2613/3716 2612/3715 2617/3724
f 2729/3881 2728/3880 2730/3883 2731/3884
f 2729/3881 2731/3884 2732/3885 2609/3886
f 2729/3887 2609/3712 2608/3711 2613/3716
f 2732/3885 2731/3884 2733/3888 2734/3889
f 2732/3890 2734/3891 2735/3892 2605/3708
f 2732/3890 2605/3708 2604/3707 2609/3712
f 2735/3892 2734/3891 2736/3893 2737/3894
f 2735/3892 2737/3894 2738/3895 2601/3704
f 2735/3892 2601/3704 2600/3703 2605/3708
f 2738/3895 2737/3894 2739/3896 2740/3897
f 2738/3895 2740/3897 2741/3898 2597/3700
f 2738/3895 2597/3700 2596/3699 2601/3704
f 2741/3898 2740/3897 2742/3899 2743/3900
f 2741/3898 2743/3900 2744/3901 2593/3696
f 2741/3898 2593/3696 2592/3695 2597/3700
f 2744/3901 2743/3900 2745/3902 2746/3903
f 2744/3901 2746/3903 2747/3904 2589/3691
f 2744/3901 2589/3691 2588/3690 2593/3696
f 2747/3904 2746/3903 2748/3905 2749/3906
f 2747/3907 2749/3908 2750/3909 2585/3683
f 2747/3907 2585/3683 2584/3682 2589/3910
f 2750/3911 2749/3906 2751/3912 2752/3913
f 2750/3909 2752/3914 2753/3915 2754/3916
f 2750/3909 2754/3916 2586/3684 2585/3683
f 2754/3916 2753/3915 2755/3917 451/3918
f 2754/3916 451/3918 450/3685 2586/3684
f 2755/3917 2753/3915 2756/3919 2757/3920
f 2755/3921 2757/3922 2758/3923 393/454
f 2755/3921 393/454 391/452 451/577
f 2758/3923 2757/3922 2759/3924 2760/3925
f 2758/3923 2760/3925 459/598 458/597
f 2758/3923 458/597 389/449 393/454
f 2760/3926 2759/3927 2761/3928 2762/3929
f 2760/3926 2762/3929 460/601 459/600
f 2762/3930 2761/3931 64/543 430/542
f 2762/3930 430/542 2763/3932 460/3933
f 2763/3932 430/542 384/442 382/441
f 2763/3932 382/441 381/3934 455/3935
f 2763/3932 455/3935 454/3936 460/3933
f 2761/3931 2764/3937 2765/3938 64/543
f 2761/3928 2759/3927 2766/3939 2764/3940
f 2766/3939 2767/3941 2768/3942 2764/3940
f 2766/3943 2759/3944 2757/3920 2756/3919
f 2766/3943 2756/3919 2769/3945 2767/3946
f 2769/3947 2770/3948 2771/3949 2767/3950
f 2769/3945 2756/3919 2753/3915 2752/3914
f 2769/3947 2752/3913 2751/3912 2770/3948
f 2771/3949 2772/3951 2773/3952 2774/3953
f 2771/3949 2774/3953 2768/3954 2767/3950
f 2771/3949 2770/3948 2775/3955 2772/3951
f 2775/3955 2776/3956 2777/3957 2772/3951
f 2775/3955 2770/3948 2751/3912 2778/3958
f 2775/3955 2778/3958 2779/3959 2776/3956
f 2779/3959 2780/3960 2781/3961 2776/3956
f 2779/3959 2778/3958 2748/3905 2782/3962
f 2779/3959 2782/3962 2783/3963 2780/3960
f 2783/3963 2784/3964 2108/3028 2780/3960
f 2783/3963 2782/3962 2745/3902 2785/3965
f 2783/3963 2785/3965 2786/3966 2784/3964
f 2786/3966 2787/3967 2111/3033 2784/3964
f 2786/3966 2785/3965 2742/3899 2788/3968
f 2786/3966 2788/3968 2789/3969 2787/3967
f 2789/3969 2790/3970 2114/3971 2787/3967
f 2789/3969 2788/3968 2739/3896 2791/3972
f 2789/3969 2791/3972 2792/3973 2790/3970
f 2792/3974 2793/3975 2117/3976 2790/3977
f 2792/3974 2791/3978 2736/3979 2794/3980
f 2792/3974 2794/3980 2795/3981 2793/3975
f 2795/3981 2796/3982 2120/3983 2793/3975
f 2795/3981 2794/3980 2733/3888 2797/3984
f 2795/3981 2797/3984 2798/3985 2796/3982
f 2798/3986 2799/3987 2123/3048 2796/3988
f 2798/3985 2797/3984 2730/3883 2800/3989
f 2798/3986 2800/3990 2801/3991 2799/3987
f 2801/3991 2802/3992 2126/3051 2799/3987
f 2801/3991 2800/3990 2727/3877 2803/3993
f 2801/3991 2803/3993 2804/3994 2802/3992
f 2804/3994 2805/3995 2129/3054 2802/3992
f 2804/3994 2803/3993 2724/3872 2806/3996
f 2804/3994 2806/3996 2807/3997 2805/3995
f 2807/3997 2808/3998 2132/3057 2805/3995
f 2807/3997 2806/3996 2721/3868 2809/3999
f 2807/3997 2809/3999 2810/4000 2808/3998
f 2810/4000 2811/4001 2135/3060 2808/3998
f 2810/4000 2809/3999 2718/3865 2812/4002
f 2810/4000 2812/4002 2813/4003 2811/4001
f 2813/4003 2814/4004 2138/3063 2811/4001
f 2813/4003 2812/4002 2715/3862 2815/4005
f 2813/4003 2815/4005 2816/4006 2814/4004
f 2816/4006 2817/4007 2141/3066 2814/4004
f 2816/4006 2815/4005 2712/3859 2818/4008
f 2816/4006 2818/4008 2819/4009 2817/4007
f 2819/4009 2820/4010 2144/3069 2817/4007
f 2819/4009 2818/4008 2709/3856 2821/4011
f 2819/4009 2821/4011 2822/4012 2820/4010
f 2822/4012 2823/4013 2147/3073 2820/4010
f 2822/4012 2821/4011 2706/3853 2824/4014
f 2822/4012 2824/4014 2825/4015 2823/4013
f 2825/4015 2826/4016 2150/3079 2823/4013
f 2825/4015 2824/4014 2703/3850 2827/4017
f 2825/4015 2827/4017 2828/4018 2826/4016
f 2828/4019 2829/4020 2153/3085 2826/4021
f 2828/4018 2827/4017 2698/3845 2696/3844
f 2828/4019 2696/3840 2694/3837 2829/4020
f 2829/4020 2156/3091 2154/3086 2153/3085
f 2829/4020 2694/3837 2693/3836 2156/3091
f 2827/4017 2703/3850 2700/3847 2698/3845
f 2826/4016 2153/4022 2151/3080 2150/3079
f 2824/4014 2706/3853 2704/3851 2703/3850
f 2823/4013 2150/3079 2148/3074 2147/3073
f 2821/4011 2709/3856 2707/3854 2706/3853
f 2820/4010 2147/3073 2145/3070 2144/3069
f 2818/4008 2712/3859 2710/3857 2709/3856
f 2817/4007 2144/3069 2142/3067 2141/3066
f 2815/4005 2715/3862 2713/3860 2712/3859
f 2814/4004 2141/3066 2139/3064 2138/3063
f 2812/4002 2718/3865 2716/3863 2715/3862
f 2811/4001 2138/3063 2136/3061 2135/3060
f 2809/3999 2721/3868 2719/3866 2718/3865
f 2808/3998 2135/3060 2133/3058 2132/3057
f 2806/3996 2724/3872 2722/3869 2721/3868
f 2805/3995 2132/3057 2130/3055 2129/3054
f 2803/3993 2727/3877 2725/3873 2724/3872
f 2802/3992 2129/3054 2127/3052 2126/3051
f 2800/3989 2730/3883 2728/3880 2727/4023
f 2799/3987 2126/3051 2124/3049 2123/3048
f 2797/3984 2733/3888 2731/3884 2730/3883
f 2796/3988 2123/3048 2121/3046 2120/3045
f 2794/3980 2736/3979 2734/3889 2733/3888
f 2793/4024 2120/3045 2118/3043 2117/3042
f 2791/3972 2739/3896 2737/3894 2736/3893
f 2790/4025 2117/4026 2115/3039 2114/3038
f 2788/3968 2742/3899 2740/3897 2739/3896
f 2787/3967 2114/3971 2112/3034 2111/3033
f 2785/3965 2745/3902 2743/3900 2742/3899
f 2784/3964 2111/3033 2109/3029 2108/3028
f 2782/3962 2748/3905 2746/3903 2745/3902
f 2781/3961 2106/3024 2104/3020 2830/4027
f 2781/3961 2830/4027 2777/3957 2776/3956
f 2781/3961 2780/3960 2108/3028 2106/3024
f 2830/4027 2104/3020 2102/3019 2101/4028
f 2830/4027 2101/4028 2831/4029 2777/3957
f 2831/4030 2101/3014 2099/3013 2832/4031
f 2831/4030 2832/4031 2833/4032 2773/4033
f 2831/4029 2773/3952 2772/3951 2777/3957
f 2833/4034 2832/4035 2834/4036 2835/4037
f 2833/4034 2835/4037 2836/4038 2837/4039
f 2833/4032 2837/4040 2774/4041 2773/4033
f 2837/4039 2836/4038 433/4042 432/4043
f 2837/4044 432/4045 2768/4046 2774/4047
f 2836/4038 2835/4037 2838/4048 2839/4049
f 2836/4038 2839/4049 2840/4050 433/4042
f 2840/4051 2839/4052 2841/4053 2842/4054
f 2840/4055 2843/4056 67/544 433/547
f 2842/4054 2841/4053 588/828 587/827
f 2842/4054 587/827 2844/4057 593/4058
f 2844/4059 2845/4060 594/841 593/840
f 2845/4061 2846/4062 2847/4063 594/4064
f 2846/4062 2848/4065 422/4066 2847/4063
f 2841/4067 2849/4068 2850/4069 588/4070
f 2841/4067 2839/4049 2838/4048 2849/4068
f 2850/4069 2090/3001 2088/2999 2087/2998
f 2850/4069 2087/2998 585/4071 588/4070
f 2850/4069 2849/4068 2851/4072 2090/3001
f 2851/4072 2093/3004 2091/3002 2090/3001
f 2851/4073 2849/4074 2838/4075 2852/4076
f 2851/4077 2852/4078 2095/4079 2093/4080
f 2852/4081 2838/4048 2835/4037 2834/4036
f 2852/4081 2834/4036 2097/3008 2095/3006
f 2834/4036 2832/4035 2099/3010 2097/3008
f 2778/3958 2751/3912 2749/3906 2748/3905
f 2768/4046 432/4045 2765/4082 2764/4083
f 2693/3836 2159/3095 2157/3092 2156/3091
f 2691/3833 2162/3832 2160/3096 2159/3095
f 2671/3800 2165/3102 2163/3100 2162/3099
f 2654/3769 2530/3610 2527/3607 2525/3605
f 2650/3765 2533/3613 2531/3611 2530/3610
f 2646/3761 2536/3616 2534/3614 2533/3613
f 2642/3757 2539/3619 2537/3617 2536/3616
f 2638/3753 2542/3622 2540/3620 2539/3619
f 2634/3749 2545/3625 2543/3623 2542/3622
f 2630/3745 2548/3744 2546/3626 2545/3625
f 2626/3739 2551/3635 2549/3632 2548/3631
f 2622/3733 2554/3641 2552/3636 2551/3635
f 2618/3728 2557/4084 2555/3642 2554/3641
f 2614/3717 2560/3648 2558/3646 2557/3645
f 2610/3713 2563/3651 2561/3649 2560/3648
f 2606/3709 2566/3654 2564/3652 2563/3651
f 2602/3705 2569/3657 2567/3655 2566/3654
f 2598/3701 2572/3661 2570/3658 2569/3657
f 2594/3697 2575/3667 2573/3662 2572/3661
f 2590/3693 2578/3692 2576/3668 2575/3667
f 2487/3825 2491/3562 2490/3561 2488/4085
f 2484/3827 2195/3140 2193/3138 2192/3137
f 2482/3541 2198/3145 2196/3144 2195/3546
f 2475/3534 2474/3533 2241/3216 2217/3164
f 2475/3534 2217/3164 2213/3160 2212/3159
f 2474/3533 2472/3532 2471/4086 2853/4087
f 2474/4088 2853/4089 2242/4090 2241/4091
f 2853/4092 2471/4093 2257/4094 2245/4095
f 2853/4096 2245/3225 2243/3220 2242/3219
f 2257/4097 2471/3527 2467/3520 2466/3519
f 2466/3519 2854/4098 2258/4099 2257/4097
f 242/4100 2461/3511 2457/3505 2456/4101
f 242/4100 2456/4101 2260/4102 2258/4103
f 2854/4104 2466/4105 2462/3512 2461/3511
f 2456/3503 2452/3497 2262/3259 2260/3257
f 2358/3380 386/445 385/444 2355/3377
f 2257/4106 2248/3227 2246/3226 2245/3225
f 2241/3216 2240/3215 2218/3165 2217/3164
f 2240/3215 2221/4107 1950/2811 2218/3165
f 2087/2998 592/2996 586/4108 585/4071
f 2083/2990 1478/2043 1475/2040 1474/2039
f 2083/2990 1474/2039 2080/2987 2079/2986
f 2083/2990 2082/2989 1480/2045 1478/2043
f 2080/2987 1474/2039 1472/2037 1471/2036
f 2080/2987 1471/2036 397/459 399/461
f 2077/2984 2075/2982 419/4109 591/2991
f 2075/2982 2074/2981 383/4110 419/4109
f 2074/2981 2073/2980 380/4111 383/4110
f 2073/4112 2071/4113 2070/4114 2855/4115
f 2073/4112 2855/4115 381/435 380/434
f 2855/4115 2070/4114 379/4116 456/586
f 2855/4115 456/586 455/585 381/435
f 2070/2977 2068/2975 377/4117 379/4118
f 2068/2975 2065/2972 378/2971 377/4117
f 2063/2967 2059/2961 371/420 378/428
f 2059/2961 2057/2959 372/421 371/420
f 2055/2957 2054/2956 373/422 372/421
f 1930/2791 1795/2565 1793/2563 1792/2562
f 1918/2773 1831/2628 1829/2625 1828/2624
f 1908/2763 1907/2762 1835/2633 1833/2630
f 1907/2762 1903/2758 1902/2757 2856/4119
f 1907/2762 2856/4119 1853/2666 1835/2633
f 2856/4119 1902/2757 1867/2696 1856/2670
f 2856/4119 1856/2670 1854/2667 1853/2666
f 1902/2757 1898/2753 1868/2697 1867/2696
f 1897/2752 190/110 187/107 1894/2749
f 1885/4120 1881/2726 1876/2712 1875/2711
f 1853/2666 1838/2636 1836/2634 1835/2633
f 1821/2607 1813/2592 1810/2589 1809/2588
f 1817/4121 308/318 312/317 2857/4122
f 1817/2596 2857/4123 306/298 1812/2591
f 1817/4121 1816/4124 307/4125 308/318
f 2857/4122 312/317 2858/4126 2859/4127
f 2857/4123 2859/4128 301/299 306/298
f 2859/4127 2858/4126 274/4129 324/4130
f 2859/4131 324/4132 302/4133 301/4134
f 2858/4126 312/317 311/316 2860/4135
f 2858/4136 2860/4137 275/4138 274/4139
f 2860/4137 311/313 310/312 2861/4140
f 2860/4137 2861/4140 276/4141 275/4138
f 2861/4140 310/312 309/311 2862/4142
f 2861/4140 2862/4142 791/1095 276/4141
f 2862/4142 309/311 798/1102 794/1098
f 2862/4142 794/1098 792/1096 791/1095
f 1816/2595 136/2599 135/4143 307/4144
f 1807/2586 2863/4145 260/222 2864/4146
f 1807/2586 2864/4146 243/201 248/200
f 1807/2586 1806/2585 304/302 2863/4145
f 2864/4147 260/4148 259/227 2865/4149
f 2864/4147 2865/4149 244/192 243/191
f 2865/4149 259/227 261/226 254/210
f 2865/4149 254/210 28/206 244/192
f 2863/4145 2866/4150 256/223 260/222
f 2863/4145 304/302 303/301 2866/4150
f 2866/4151 2867/4152 257/218 256/217
f 2866/4151 303/4153 2868/4154 2867/4152
f 2868/4154 303/4153 302/340 323/339
f 2868/4154 323/339 322/338 2869/4155
f 2868/4154 2869/4155 759/1044 2867/4152
f 2869/4155 322/338 2870/4156 762/1047
f 2869/4155 762/1047 760/1045 759/1044
f 2870/4156 322/338 296/288 299/287
f 2870/4156 299/287 319/332 2871/4157
f 2870/4156 2871/4157 763/1048 762/1047
f 2871/4158 319/4159 321/4160 2872/4161
f 2871/4162 2872/4163 764/1051 763/1050
f 2872/4161 321/4160 315/322 314/321
f 2872/4161 314/321 766/1057 764/1056
f 2867/4152 759/1044 757/1041 257/218
f 1787/2555 751/1034 749/1032 748/1031
f 1787/2555 748/1031 1783/2551 1782/2550
f 1787/2555 253/208 252/207 751/1034
f 1783/2551 748/1031 744/1027 743/1026
f 1783/2551 743/1026 1778/2546 1777/2545
f 1778/2546 743/1026 739/1022 738/1021
f 1778/2546 738/1021 1773/2541 1772/2540
f 1773/2541 738/1021 734/1017 733/1016
f 1773/2541 733/1016 1768/2536 1767/2535
f 1768/2536 733/1016 729/1012 728/1011
f 1768/2536 728/1011 1763/2531 1762/2530
f 1763/2531 728/1011 724/1007 723/1006
f 1763/2531 723/1006 1758/2526 1757/2525
f 1758/2526 723/1006 719/1002 718/1001
f 1758/2526 718/1001 1753/2521 1752/2520
f 1753/2521 718/1001 714/997 713/996
f 1753/2521 713/996 1748/2514 1747/2513
f 1748/2514 713/996 709/992 708/991
f 1748/2514 708/991 1743/4164 1742/2515
f 1743/4164 708/991 704/987 703/986
f 1743/4165 703/4166 1738/4167 1737/4168
f 1738/4167 703/4166 699/981 698/980
f 1738/2500 698/4169 1733/2495 1732/2494
f 1733/2495 698/4169 694/971 693/970
f 1733/2495 693/970 1728/2490 1727/2489
f 1728/2490 693/970 689/964 688/963
f 1728/2490 688/963 1723/2485 1722/2484
f 1723/2485 688/963 684/957 683/956
f 1723/2485 683/956 1718/2480 1717/2479
f 1718/2480 683/956 679/952 678/951
f 1718/2480 678/951 1713/2473 1712/2472
f 1713/2473 678/951 674/947 673/946
f 1713/2473 673/946 1708/4170 1707/2474
f 1708/4170 673/946 669/942 668/941
f 1708/2465 668/4171 1703/2457 1702/2456
f 1703/2457 668/4171 664/936 663/935
f 1703/2457 663/935 1698/2450 1697/2449
f 1698/2450 663/935 659/929 658/4172
f 1698/2450 658/4172 1693/4173 1692/2451
f 1693/4174 658/927 654/926 653/4175
f 1693/2444 653/4176 1688/2439 1687/2438
f 1688/2439 653/4176 649/912 648/911
f 1688/2439 648/911 1683/2434 1682/2433
f 1683/2434 648/911 644/905 643/904
f 1683/2434 643/904 1678/2429 1677/2428
f 1678/2429 643/904 639/900 638/899
f 1678/2429 638/899 1673/2424 1672/2423
f 1673/2424 638/899 634/895 633/894
f 1673/2424 633/894 1668/2419 1667/2418
f 1668/2419 633/894 629/890 628/889
f 1668/2419 628/889 1663/2414 1662/2413
f 1663/2414 628/889 624/885 615/876
f 1663/2414 615/876 614/875 1658/2409
f 1477/2042 444/566 437/565 445/573
f 1471/2036 1469/2034 398/460 397/459
f 1462/2966 1458/2020 1456/2018 1455/2017
f 177/4177 1318/4178 1317/1818 1321/1820
f 1297/1778 1296/4179 295/280 229/169
f 1296/4180 1292/4181 1291/4182 2873/4183
f 1296/4179 2873/4184 288/273 295/280
f 2873/4183 1291/4182 2874/4185 2875/4186
f 2873/4184 2875/4187 289/274 288/273
f 2875/4186 2874/4185 2876/4188 2877/4189
f 2875/4187 2877/4190 2878/4191 289/274
f 2878/4192 2877/4189 2879/4193 2880/4194
f 2878/4191 2880/4195 2881/4196 2882/4197
f 2878/4191 2882/4197 290/275 289/274
f 2882/4197 2881/4196 2883/4198 2884/4199
f 2882/4197 2884/4199 294/279 290/275
f 2884/4199 2883/4198 2885/4200 2886/4201
f 2884/4199 2886/4201 287/4202 294/279
f 2886/4201 2885/4200 906/1251 2887/4203
f 2886/4201 2887/4203 34/270 287/4202
f 2887/4203 906/1251 904/1249 134/4204
f 2887/4203 134/4204 133/271 34/270
f 2885/4200 2883/4198 2888/4205 2889/4206
f 2885/4200 2889/4206 907/1252 906/1251
f 2889/4206 2888/4205 2890/4207 2891/4208
f 2889/4206 2891/4208 908/1253 907/1252
f 2891/4208 2890/4207 2892/4209 2893/4210
f 2891/4208 2893/4210 910/1255 908/1253
f 2893/4210 2892/4209 2894/4211 2895/4212
f 2893/4210 2895/4212 912/1258 910/1255
f 2895/4212 2894/4211 2896/4213 917/1269
f 2895/4212 917/1269 914/1261 912/1258
f 2896/4213 2894/4211 121/10 120/9
f 2896/4213 120/9 2897/4214 2898/4215
f 2896/4213 2898/4215 918/1270 917/1269
f 2898/4216 2897/4217 2899/4218 922/1279
f 2898/4216 922/1279 919/1273 918/1272
f 2899/4218 2897/4217 2900/4219 2901/4220
f 2899/4221 2901/4222 2902/4223 2903/4224
f 2899/4218 2903/4225 923/1280 922/1279
f 2903/4224 2902/4223 2904/4226 927/4227
f 2903/4228 927/1290 924/1283 923/1282
f 2904/4226 2902/4223 2905/4229 2906/4230
f 2904/4231 2906/4232 2907/4233 930/1295
f 2904/4231 930/1295 928/1291 927/1290
f 2907/4234 2906/4235 2908/4236 2909/4237
f 2907/4234 2909/4237 343/372 933/4238
f 2907/4239 933/4240 931/4241 930/4242
f 2909/4243 2908/4244 2910/4245 2911/4246
f 2909/4243 2911/4246 344/4247 343/4248
f 2911/4246 2910/4245 2912/4249 2913/4250
f 2911/4246 2913/4250 2914/4251 344/4247
f 2914/4251 2913/4250 341/369 338/366
f 2914/4251 338/366 337/365 2915/4252
f 2914/4251 2915/4252 46/4253 344/4247
f 2915/4252 337/365 2916/4254 2917/4255
f 2915/4252 2917/4255 345/4256 46/4253
f 2917/4255 2916/4254 2918/4257 2919/4258
f 2917/4255 2919/4258 2920/4259 345/4256
f 2920/4259 2919/4258 2921/4260 2922/4261
f 2920/4262 2922/4263 2923/4264 2924/4265
f 2920/4262 2924/4265 346/376 345/375
f 2924/4265 2923/4264 2925/4266 2926/4267
f 2924/4265 2926/4267 939/1319 346/376
f 2926/4267 2925/4266 2927/4268 942/1322
f 2926/4267 942/1322 940/1320 939/1319
f 2927/4268 2925/4266 2928/4269 2929/4270
f 2927/4268 2929/4270 2930/4271 945/1325
f 2927/4268 945/1325 943/1323 942/1322
f 2930/4271 2929/4270 2931/4272 2932/4273
f 2930/4271 2932/4273 2933/4274 948/1328
f 2930/4271 948/1328 946/1326 945/1325
f 2933/4274 2932/4273 2934/4275 2935/4276
f 2933/4274 2935/4276 2936/4277 2937/4278
f 2933/4274 2937/4278 949/1329 948/1328
f 2937/4278 2936/4277 2938/4279 953/1333
f 2937/4278 953/1333 950/1330 949/1329
f 2938/4279 2936/4277 2939/4280 2940/4281
f 2938/4279 2940/4281 2941/4282 2942/4283
f 2938/4279 2942/4283 954/1334 953/1333
f 2942/4283 2941/4282 2943/4284 2944/4285
f 2942/4283 2944/4285 955/1335 954/1334
f 2944/4285 2943/4284 2945/4286 2946/4287
f 2944/4285 2946/4287 957/1337 955/1335
f 2946/4287 2945/4286 2947/4288 2948/4289
f 2946/4287 2948/4289 959/1339 957/1337
f 2948/4289 2947/4288 2949/4290 2950/4291
f 2948/4289 2950/4291 961/1341 959/1339
f 2950/4291 2949/4290 2951/4292 967/1347
f 2950/4291 967/1347 965/1345 961/1341
f 2951/4292 2949/4290 2952/4293 2953/4294
f 2951/4292 2953/4294 2954/4295 970/1350
f 2951/4292 970/1350 968/1348 967/1347
f 2954/4295 2953/4294 2955/4296 2956/4297
f 2954/4295 2956/4297 2957/4298 973/1353
f 2954/4295 973/1353 971/1351 970/1350
f 2957/4298 2956/4297 2958/4299 2959/4300
f 2957/4298 2959/4300 2960/4301 976/1356
f 2957/4298 976/1356 974/1354 973/1353
f 2960/4301 2959/4300 2961/4302 2962/4303
f 2960/4301 2962/4303 2963/4304 979/1359
f 2960/4301 979/1359 977/1357 976/1356
f 2963/4304 2962/4303 2964/4305 2965/4306
f 2963/4304 2965/4306 2966/4307 982/1362
f 2963/4304 982/1362 980/1360 979/1359
f 2966/4307 2965/4306 2967/4308 2968/4309
f 2966/4307 2968/4309 2969/4310 985/1365
f 2966/4307 985/1365 983/1363 982/1362
f 2969/4310 2968/4309 2970/4311 2971/4312
f 2969/4310 2971/4312 2972/4313 988/1368
f 2969/4310 988/1368 986/1366 985/1365
f 2972/4313 2971/4312 2973/4314 2974/4315
f 2972/4313 2974/4315 2975/4316 991/1371
f 2972/4313 991/1371 989/1369 988/1368
f 2975/4316 2974/4315 2976/4317 2977/4318
f 2975/4316 2977/4318 2978/4319 994/1374
f 2975/4316 994/1374 992/1372 991/1371
f 2978/4319 2977/4318 2979/4320 2980/4321
f 2978/4319 2980/4321 2981/4322 997/1378
f 2978/4319 997/1378 995/1375 994/1374
f 2981/4322 2980/4321 2982/4323 2983/4324
f 2981/4322 2983/4324 2984/4325 1000/4326
f 2981/4322 1000/4326 998/1379 997/1378
f 2984/4325 2983/4324 2985/4327 2986/4328
f 2984/4329 2986/4330 2987/4331 1003/4332
f 2984/4329 1003/4332 1001/4333 1000/4334
f 2987/4331 2986/4330 2988/4335 2989/4336
f 2987/4337 2989/4338 2990/4339 1006/1392
f 2987/4337 1006/1392 1004/1390 1003/1389
f 2990/4339 2989/4338 2991/4340 2992/4341
f 2990/4339 2992/4341 2993/4342 1009/1395
f 2990/4339 1009/1395 1007/1393 1006/1392
f 2993/4342 2992/4341 2994/4343 2995/4344
f 2993/4342 2995/4344 2996/4345 1012/1398
f 2993/4342 1012/1398 1010/1396 1009/1395
f 2996/4345 2995/4344 2997/4346 2998/4347
f 2996/4345 2998/4347 2999/4348 1015/1401
f 2996/4345 1015/1401 1013/1399 1012/1398
f 2999/4348 2998/4347 520/713 519/712
f 2999/4348 519/712 521/714 1018/4349
f 2999/4348 1018/4349 1016/1402 1015/1401
f 2998/4347 2997/4346 3000/4350 520/713
f 3000/4350 484/639 3001/4351 518/711
f 3000/4350 518/711 516/708 520/713
f 3000/4350 2997/4346 485/640 484/639
f 3001/4351 3002/4352 3003/4353 3004/4354
f 3001/4351 3004/4354 513/703 518/711
f 3001/4351 484/639 481/638 3002/4352
f 3004/4354 3003/4353 1076/4355 1074/4356
f 3004/4354 1074/4356 514/704 513/703
f 3003/4357 3002/4358 510/4359 509/4360
f 3003/4357 509/4360 3005/4361 1076/4362
f 3005/4363 509/696 508/695 3006/4364
f 3005/4363 3006/4364 3007/4365 1079/4366
f 3005/4361 1079/4367 1077/4368 1076/4362
f 3007/4365 3006/4364 3008/4369 3009/4370
f 3007/4365 3009/4370 1097/4371 1082/4372
f 3007/4373 1082/1526 1080/1523 1079/1522
f 3009/4374 3010/4375 1098/1543 1097/1542
f 3010/4375 506/4376 553/1544 1098/1543
f 3002/4358 481/4377 480/4378 510/4359
f 2997/4346 2995/4344 2994/4343 485/640
f 2994/4343 3011/4379 82/637 485/640
f 2994/4343 2992/4341 2991/4340 3011/4379
f 3011/4380 3012/4381 482/635 82/631
f 3011/4380 2991/4382 3013/4383 3012/4381
f 3013/4384 3014/4385 475/627 3012/4386
f 3013/4383 2991/4382 2989/4387 2988/4388
f 3013/4384 2988/4389 3015/4390 3014/4385
f 3015/4390 3016/4391 3017/4392 3014/4385
f 3015/4390 2988/4389 2986/4328 2985/4327
f 3015/4390 2985/4327 3018/4393 3016/4391
f 3018/4393 3019/4394 3020/4395 3016/4391
f 3018/4393 2985/4327 2983/4324 2982/4323
f 3018/4393 2982/4323 3021/4396 3019/4394
f 3021/4396 3022/4397 3023/4398 3019/4394
f 3021/4396 2982/4323 2980/4321 2979/4320
f 3021/4396 2979/4320 3024/4399 3022/4397
f 3024/4399 3025/4400 3026/4401 3022/4397
f 3024/4399 2979/4320 2977/4318 2976/4317
f 3024/4399 2976/4317 3027/4402 3025/4400
f 3027/4402 3028/4403 3029/4404 3025/4400
f 3027/4402 2976/4317 2974/4315 2973/4314
f 3027/4402 2973/4314 3030/4405 3028/4403
f 3030/4405 3031/4406 3032/4407 3028/4403
f 3030/4405 2973/4314 2971/4312 2970/4311
f 3030/4405 2970/4311 3033/4408 3031/4406
f 3033/4408 3034/4409 3035/4410 3031/4406
f 3033/4408 2970/4311 2968/4309 2967/4308
f 3033/4408 2967/4308 3036/4411 3034/4409
f 3036/4411 3037/4412 3038/4413 3034/4409
f 3036/4411 2967/4308 2965/4306 2964/4305
f 3036/4411 2964/4305 3039/4414 3037/4412
f 3039/4414 3040/4415 3041/4416 3037/4412
f 3039/4414 2964/4305 2962/4303 2961/4302
f 3039/4414 2961/4302 3042/4417 3040/4415
f 3042/4417 3043/4418 3044/4419 3040/4415
f 3042/4417 2961/4302 2959/4300 2958/4299
f 3042/4417 2958/4299 3045/4420 3043/4418
f 3045/4420 3046/4421 3047/4422 3043/4418
f 3045/4420 2958/4299 2956/4297 2955/4296
f 3045/4420 2955/4296 3048/4423 3046/4421
f 3048/4423 3049/4424 3050/4425 3046/4421
f 3048/4423 2955/4296 2953/4294 2952/4293
f 3048/4423 2952/4293 3051/4426 3049/4424
f 3051/4426 3052/4427 3053/4428 3049/4424
f 3051/4426 2952/4293 2949/4290 2947/4288
f 3051/4426 2947/4288 2945/4286 3052/4427
f 3053/4428 3054/4429 3055/4430 3056/4431
f 3053/4428 3056/4431 3050/4425 3049/4424
f 3053/4428 3052/4427 3057/4432 3054/4429
f 3057/4432 3058/4433 3059/4434 3054/4429
f 3057/4432 3052/4427 2945/4286 2943/4284
f 3057/4432 2943/4284 2941/4282 3058/4433
f 3059/4434 3060/4435 3061/4436 3062/4437
f 3059/4434 3062/4437 3055/4430 3054/4429
f 3059/4434 3058/4433 3063/4438 3060/4435
f 3063/4438 3064/4439 3065/4440 3060/4435
f 3063/4438 3058/4433 2941/4282 2940/4281
f 3063/4438 2940/4281 2939/4280 3064/4439
f 3065/4440 3066/4441 3067/4442 3068/4443
f 3065/4440 3068/4443 3061/4436 3060/4435
f 3065/4440 3064/4439 3069/4444 3066/4441
f 3069/4444 3070/4445 3071/4446 3066/4441
f 3069/4444 3064/4439 2939/4280 3072/4447
f 3069/4444 3072/4447 3073/4448 3070/4445
f 3073/4448 3074/4449 3075/4450 3070/4445
f 3073/4448 3072/4447 2935/4276 2934/4275
f 3073/4448 2934/4275 3076/4451 3074/4449
f 3076/4451 3077/4452 3078/4453 3074/4449
f 3076/4451 2934/4275 2932/4273 2931/4272
f 3076/4451 2931/4272 3079/4454 3077/4452
f 3079/4454 3080/4455 3081/4456 3077/4452
f 3079/4454 2931/4272 2929/4270 2928/4269
f 3079/4454 2928/4269 3082/4457 3080/4455
f 3082/4457 3083/4458 3084/4459 3080/4455
f 3082/4457 2928/4269 2925/4266 2923/4264
f 3082/4457 2923/4264 2922/4263 3083/4458
f 3084/4460 3085/4461 3086/4462 3087/4463
f 3084/4459 3087/4464 3081/4456 3080/4455
f 3084/4460 3083/4465 3088/4466 3085/4461
f 3088/4466 3089/4467 3090/4468 3085/4461
f 3088/4466 3083/4465 2922/4261 2921/4260
f 3088/4466 2921/4260 3091/4469 3089/4467
f 3091/4469 3092/4470 3093/4471 3089/4467
f 3091/4469 2921/4260 2919/4258 2918/4257
f 3091/4469 2918/4257 3094/4472 3092/4470
f 3094/4472 3095/4473 3096/4474 3092/4470
f 3094/4472 2918/4257 2916/4254 3097/4475
f 3094/4472 3097/4475 3098/4476 3095/4473
f 3098/4476 126/4477 3099/4478 3095/4473
f 3098/4476 3097/4475 336/364 340/368
f 3098/4476 340/368 33/4479 126/4477
f 3099/4480 3100/4481 3101/4482 3102/4483
f 3099/4478 3102/4484 3096/4474 3095/4473
f 3099/4480 126/17 124/14 3100/4481
f 3102/4483 3101/4482 1236/1695 3103/4485
f 3102/4484 3103/4486 3104/4487 3096/4474
f 3104/4487 3103/4486 1231/4488 3105/4489
f 3104/4487 3105/4489 3106/4490 3093/4471
f 3104/4487 3093/4471 3092/4470 3096/4474
f 3106/4490 3105/4489 1226/1682 3107/4491
f 3106/4490 3107/4491 3108/4492 3090/4468
f 3106/4490 3090/4468 3089/4467 3093/4471
f 3108/4492 3107/4491 1221/1675 3109/4493
f 3108/4492 3109/4493 3110/4494 3086/4462
f 3108/4492 3086/4462 3085/4461 3090/4468
f 3110/4494 3109/4493 1216/1670 3111/4495
f 3110/4494 3111/4495 3112/4496 3113/4497
f 3110/4494 3113/4497 3087/4463 3086/4462
f 3113/4498 3112/4499 3114/4500 3115/4501
f 3113/4498 3115/4501 3081/4456 3087/4464
f 3115/4501 3114/4500 3116/4502 3078/4453
f 3115/4501 3078/4453 3077/4452 3081/4456
f 3116/4502 3114/4500 3117/4503 3118/4504
f 3116/4502 3118/4504 3119/4505 3075/4450
f 3116/4502 3075/4450 3074/4449 3078/4453
f 3119/4505 3118/4504 3120/4506 3121/4507
f 3119/4505 3121/4507 3122/4508 3071/4446
f 3119/4505 3071/4446 3070/4445 3075/4450
f 3122/4508 3121/4507 3123/4509 3124/4510
f 3122/4508 3124/4510 3125/4511 3067/4442
f 3122/4508 3067/4442 3066/4441 3071/4446
f 3125/4511 3124/4510 3126/4512 3127/4513
f 3125/4511 3127/4513 3128/4514 3129/4515
f 3125/4511 3129/4515 3068/4443 3067/4442
f 3129/4515 3128/4514 3130/4516 3131/4517
f 3129/4515 3131/4517 3061/4436 3068/4443
f 3131/4517 3130/4516 3132/4518 3133/4519
f 3131/4517 3133/4519 3062/4437 3061/4436
f 3133/4519 3132/4518 3134/4520 3135/4521
f 3133/4519 3135/4521 3055/4430 3062/4437
f 3135/4521 3134/4520 3136/4522 3137/4523
f 3135/4521 3137/4523 3056/4431 3055/4430
f 3137/4523 3136/4522 3138/4524 3139/4525
f 3137/4523 3139/4525 3050/4425 3056/4431
f 3139/4525 3138/4524 3140/4526 3047/4422
f 3139/4525 3047/4422 3046/4421 3050/4425
f 3140/4526 3138/4524 3141/4527 3142/4528
f 3140/4526 3142/4528 3143/4529 3044/4419
f 3140/4526 3044/4419 3043/4418 3047/4422
f 3143/4529 3142/4528 3144/4530 3145/4531
f 3143/4529 3145/4531 3146/4532 3041/4416
f 3143/4529 3041/4416 3040/4415 3044/4419
f 3146/4532 3145/4531 3147/4533 3148/4534
f 3146/4532 3148/4534 3149/4535 3038/4413
f 3146/4532 3038/4413 3037/4412 3041/4416
f 3149/4535 3148/4534 3150/4536 3151/4537
f 3149/4535 3151/4537 3152/4538 3035/4410
f 3149/4535 3035/4410 3034/4409 3038/4413
f 3152/4538 3151/4537 3153/4539 3154/4540
f 3152/4538 3154/4540 3155/4541 3032/4407
f 3152/4538 3032/4407 3031/4406 3035/4410
f 3155/4541 3154/4540 3156/4542 3157/4543
f 3155/4541 3157/4543 3158/4544 3029/4404
f 3155/4541 3029/4404 3028/4403 3032/4407
f 3158/4544 3157/4543 3159/4545 3160/4546
f 3158/4544 3160/4546 3161/4547 3026/4401
f 3158/4544 3026/4401 3025/4400 3029/4404
f 3161/4547 3160/4546 3162/4548 3163/4549
f 3161/4547 3163/4549 3164/4550 3023/4398
f 3161/4547 3023/4398 3022/4397 3026/4401
f 3164/4550 3163/4549 3165/4551 3166/4552
f 3164/4550 3166/4552 3167/4553 3020/4395
f 3164/4550 3020/4395 3019/4394 3023/4398
f 3167/4553 3166/4552 3168/4554 3169/4555
f 3167/4553 3169/4555 476/630 3017/4392
f 3167/4553 3017/4392 3016/4391 3020/4395
f 3169/4555 3168/4554 3170/4556 3171/4557
f 3169/4555 3171/4557 477/628 476/630
f 3171/4557 3170/4556 3172/4558 3173/4559
f 3171/4557 3173/4559 3174/4560 477/628
f 3174/4561 3173/4562 3175/4563 3176/4564
f 3174/4565 3176/4566 488/4567 487/4568
f 3174/4560 487/4569 478/629 477/628
f 3176/4566 3175/4570 3177/4571 3178/4572
f 3176/4566 3178/4572 3179/4573 488/4567
f 3179/4573 3178/4572 3180/4574 3181/4575
f 3179/4573 3181/4575 490/4576 489/4577
f 3179/4573 489/4577 83/4578 488/4567
f 3181/4575 3180/4574 524/718 523/717
f 3181/4575 523/717 3182/4579 490/4576
f 3182/4579 523/717 522/716 3183/4580
f 3182/4579 3183/4580 497/670 496/669
f 3182/4581 496/665 491/656 490/655
f 3183/4580 3184/4582 554/774 497/670
f 3183/4580 522/716 527/721 3184/4582
f 3184/4582 1104/1552 1101/1549 554/774
f 3184/4582 527/721 3185/4583 1104/1552
f 3185/4583 1109/1557 1105/1553 1104/1552
f 3185/4583 527/721 526/720 3186/4584
f 3185/4583 3186/4584 3187/4585 1109/1557
f 3187/4585 1114/1562 1110/1558 1109/1557
f 3187/4585 3186/4584 3188/4586 3189/4587
f 3187/4585 3189/4587 3190/4588 1114/1562
f 3190/4588 1119/1567 1115/1563 1114/1562
f 3190/4588 3189/4587 3191/4589 3192/4590
f 3193/4591 1119/1567 3190/4588 3192/4590
f 1124/1574 1120/1568 1119/1567 3193/4591
f 3193/4591 3192/4590 1124/1574
f 3192/4590 3191/4589 3194/4592 3195/4593
f 3192/4590 3195/4593 3196/4594 1124/1574
f 3196/4595 1129/1580 1125/1576 1124/4596
f 3196/4595 3195/4597 3197/4598 3198/4599
f 3196/4595 3198/4599 3199/4600 1129/1580
f 3199/4600 1134/1585 1130/1581 1129/1580
f 3199/4600 3198/4599 3200/4601 3201/4602
f 3199/4600 3201/4602 3202/4603 1134/1585
f 3202/4603 1139/1590 1135/1586 1134/1585
f 3202/4603 3201/4602 3203/4604 3204/4605
f 3202/4603 3204/4605 3205/4606 1139/1590
f 3205/4606 1142/1593 1140/1591 1139/1590
f 3205/4606 3204/4605 3206/4607 3207/4608
f 3205/4606 3207/4608 3208/4609 1142/1593
f 3208/4609 1146/1597 1143/1594 1142/1593
f 3208/4609 3207/4608 3209/4610 3210/4611
f 3208/4609 3210/4611 3211/4612 1146/1597
f 3211/4612 1151/1602 1147/1598 1146/1597
f 3211/4612 3210/4611 3212/4613 3213/4614
f 3211/4612 3213/4614 3214/4615 1151/1602
f 3214/4615 1156/1607 1152/1603 1151/1602
f 3214/4615 3213/4614 3215/4616 3216/4617
f 3214/4615 3216/4617 3217/4618 1156/1607
f 3217/4618 1161/1612 1157/1608 1156/1607
f 3217/4618 3216/4617 3218/4619 3219/4620
f 3217/4618 3219/4620 3220/4621 1161/1612
f 3220/4621 1166/1617 1162/1613 1161/1612
f 3220/4621 3219/4620 3221/4622 3222/4623
f 3220/4621 3222/4623 3223/4624 1166/1617
f 3223/4624 1171/1622 1167/1618 1166/1617
f 3223/4624 3222/4623 3224/4625 3225/4626
f 3223/4624 3225/4626 3226/4627 1171/1622
f 3226/4627 1176/1627 1172/1623 1171/1622
f 3226/4627 3225/4626 3227/4628 3228/4629
f 3226/4627 3228/4629 3229/4630 1176/1627
f 3229/4630 1181/1632 1177/1628 1176/1627
f 3229/4630 3228/4629 3230/4631 3231/4632
f 3229/4630 3231/4632 3232/4633 1181/1632
f 3232/4633 1186/1637 1182/1633 1181/1632
f 3232/4633 3231/4632 3233/4634 3234/4635
f 3232/4633 3234/4635 3235/4636 1186/1637
f 3235/4636 1191/1642 1187/1638 1186/1637
f 3235/4636 3234/4635 3127/4513 3126/4512
f 3235/4636 3126/4512 3236/4637 1191/1642
f 3236/4637 1196/1647 1192/1643 1191/1642
f 3236/4637 3126/4512 3124/4510 3123/4509
f 3236/4637 3123/4509 3237/4638 1196/1647
f 3237/4638 1201/1654 1197/1648 1196/1647
f 3237/4638 3123/4509 3121/4507 3120/4506
f 3237/4638 3120/4506 3238/4639 1201/1654
f 3238/4639 1206/4640 1202/1655 1201/1654
f 3238/4639 3120/4506 3118/4504 3117/4503
f 3238/4639 3117/4503 3239/4641 1206/4640
f 3239/4642 1211/1665 1207/1661 1206/1660
f 3239/4641 3117/4503 3114/4500 3112/4499
f 3239/4642 3112/4496 3111/4495 1211/1665
f 3234/4635 3233/4634 3128/4514 3127/4513
f 3233/4634 3231/4632 3230/4631 3240/4643
f 3233/4634 3240/4643 3130/4516 3128/4514
f 3240/4643 3230/4631 3241/4644 3242/4645
f 3240/4643 3242/4645 3132/4518 3130/4516
f 3242/4645 3241/4644 3243/4646 3244/4647
f 3242/4645 3244/4647 3134/4520 3132/4518
f 3244/4647 3243/4646 3245/4648 3246/4649
f 3244/4647 3246/4649 3136/4522 3134/4520
f 3246/4649 3245/4648 3247/4650 3141/4527
f 3246/4649 3141/4527 3138/4524 3136/4522
f 3247/4650 3245/4648 3248/4651 3249/4652
f 3247/4650 3249/4652 3250/4653 3144/4530
f 3247/4650 3144/4530 3142/4528 3141/4527
f 3250/4653 3249/4652 3251/4654 3252/4655
f 3250/4653 3252/4655 3253/4656 3147/4533
f 3250/4653 3147/4533 3145/4531 3144/4530
f 3253/4656 3252/4655 3254/4657 3255/4658
f 3253/4656 3255/4658 3256/4659 3150/4536
f 3253/4656 3150/4536 3148/4534 3147/4533
f 3256/4659 3255/4658 3257/4660 3258/4661
f 3256/4659 3258/4661 3259/4662 3153/4539
f 3256/4659 3153/4539 3151/4537 3150/4536
f 3259/4662 3258/4661 3260/4663 3261/4664
f 3259/4662 3261/4664 3262/4665 3156/4542
f 3259/4662 3156/4542 3154/4540 3153/4539
f 3262/4665 3261/4664 3263/4666 3264/4667
f 3262/4665 3264/4667 3265/4668 3159/4545
f 3262/4665 3159/4545 3157/4543 3156/4542
f 3265/4668 3264/4667 3266/4669 3267/4670
f 3265/4668 3267/4670 3268/4671 3162/4548
f 3265/4668 3162/4548 3160/4546 3159/4545
f 3268/4671 3267/4670 3269/4672 3270/4673
f 3268/4671 3270/4673 3271/4674 3165/4551
f 3268/4671 3165/4551 3163/4549 3162/4548
f 3271/4674 3270/4673 3272/4675 3273/4676
f 3271/4674 3273/4676 3170/4556 3168/4554
f 3271/4674 3168/4554 3166/4552 3165/4551
f 3273/4676 3272/4675 3274/4677 3275/4678
f 3273/4676 3275/4678 3172/4558 3170/4556
f 3275/4678 3274/4677 3197/4598 3276/4679
f 3275/4678 3276/4679 3277/4680 3172/4558
f 3277/4681 3276/4682 3194/4592 3278/4683
f 3277/4681 3278/4683 3177/4571 3175/4570
f 3277/4680 3175/4684 3173/4559 3172/4558
f 3278/4683 3194/4592 3191/4589 3279/4685
f 3278/4683 3279/4685 3280/4686 3177/4571
f 3280/4686 3279/4685 3188/4586 525/719
f 3280/4686 525/719 524/718 3180/4574
f 3280/4686 3180/4574 3178/4572 3177/4571
f 3279/4685 3191/4589 3189/4587 3188/4586
f 3276/4679 3197/4598 3195/4597 3194/4687
f 3274/4677 3200/4601 3198/4599 3197/4598
f 3274/4677 3272/4675 3281/4688 3200/4601
f 3281/4688 3203/4604 3201/4602 3200/4601
f 3281/4688 3272/4675 3270/4673 3269/4672
f 3281/4688 3269/4672 3282/4689 3203/4604
f 3282/4689 3206/4607 3204/4605 3203/4604
f 3282/4689 3269/4672 3267/4670 3266/4669
f 3282/4689 3266/4669 3283/4690 3206/4607
f 3283/4690 3209/4610 3207/4608 3206/4607
f 3283/4690 3266/4669 3264/4667 3263/4666
f 3283/4690 3263/4666 3284/4691 3209/4610
f 3284/4691 3212/4613 3210/4611 3209/4610
f 3284/4691 3263/4666 3261/4664 3260/4663
f 3284/4691 3260/4663 3285/4692 3212/4613
f 3285/4692 3215/4616 3213/4614 3212/4613
f 3285/4692 3260/4663 3258/4661 3257/4660
f 3285/4692 3257/4660 3286/4693 3215/4616
f 3286/4693 3218/4619 3216/4617 3215/4616
f 3286/4693 3257/4660 3255/4658 3254/4657
f 3286/4693 3254/4657 3287/4694 3218/4619
f 3287/4694 3221/4622 3219/4620 3218/4619
f 3287/4694 3254/4657 3252/4655 3251/4654
f 3287/4694 3251/4654 3288/4695 3221/4622
f 3288/4695 3224/4625 3222/4623 3221/4622
f 3288/4695 3251/4654 3249/4652 3248/4651
f 3288/4695 3248/4651 3289/4696 3224/4625
f 3289/4696 3227/4628 3225/4626 3224/4625
f 3289/4696 3248/4651 3245/4648 3243/4646
f 3289/4696 3243/4646 3241/4644 3227/4628
f 3241/4644 3230/4631 3228/4629 3227/4628
f 3188/4586 3186/4584 526/720 525/719
f 3111/4495 1216/1670 1212/1666 1211/1665
f 3109/4493 1221/1675 1217/1671 1216/1670
f 3107/4491 1226/1682 1222/1676 1221/1675
f 3105/4489 1231/4488 1227/1683 1226/1682
f 3103/4485 1236/1695 1232/1689 1231/1688
f 3101/4482 1241/4697 1237/1696 1236/1695
f 3101/4482 3100/4481 3290/4698 1241/4697
f 3290/4699 1246/1706 1242/1702 1241/1701
f 3290/4698 3100/4481 124/14 123/13
f 3290/4699 123/4700 3291/4701 1246/1706
f 3291/4701 1251/1711 1247/1707 1246/1706
f 3291/4701 123/4700 122/4702 3292/4703
f 3291/4701 3292/4703 3293/4704 1251/1711
f 3293/4704 1256/1716 1252/1712 1251/1711
f 3293/4704 3292/4703 3294/4705 3295/4706
f 3293/4704 3295/4706 3296/4707 1256/1716
f 3296/4707 1261/1723 1257/1717 1256/1716
f 3296/4707 3295/4706 3297/4708 3298/4709
f 3296/4707 3298/4709 3299/4710 1261/1723
f 3299/4710 1266/1731 1262/1724 1261/1723
f 3299/4710 3298/4709 3300/4711 3301/4712
f 3299/4710 3301/4712 3302/4713 1266/1731
f 3302/4713 1271/1738 1267/1732 1266/1731
f 3302/4713 3301/4712 3303/4714 3304/4715
f 3302/4713 3304/4715 3305/4716 1271/1738
f 3305/4716 1276/4717 1272/1739 1271/1738
f 3305/4716 3304/4715 3306/4718 3307/4719
f 3305/4716 3307/4719 3308/4720 1276/4717
f 3308/4721 1281/1749 1277/1745 1276/1744
f 3308/4720 3307/4719 3309/4722 3310/4723
f 3308/4721 3310/4724 3311/4725 1281/1749
f 3311/4725 1286/1756 1282/1750 1281/1749
f 3311/4725 3310/4724 3312/4726 2876/4727
f 3311/4725 2876/4727 2874/4728 1286/1756
f 3312/4726 3310/4724 3309/4729 3313/4730
f 3312/4731 3313/4732 3314/4733 2879/4193
f 3312/4731 2879/4193 2877/4189 2876/4188
f 3314/4733 3313/4732 3315/4734 3316/4735
f 3314/4736 3316/4737 3317/4738 3318/4739
f 3314/4736 3318/4739 2880/4195 2879/4740
f 3318/4739 3317/4738 3319/4741 3320/4742
f 3318/4739 3320/4742 2881/4196 2880/4195
f 3320/4742 3319/4741 2890/4207 2888/4205
f 3320/4742 2888/4205 2883/4198 2881/4196
f 3321/4743 3322/4744 116/2 121/10
f 3321/4743 121/10 2894/4211 2892/4209
f 3315/4745 3313/4730 3309/4729 3323/4746
f 3315/4747 3323/4748 3324/4749 3325/4750
f 3315/4751 3325/4752 3326/4753 3316/4737
f 3325/4754 3324/4755 3327/4756 3328/4757
f 3328/4758 3327/4759 3329/4760 3330/4761
f 3328/4758 3330/4761 2900/4762 1/1
f 3330/4763 3329/4764 3331/4765 3332/4766
f 3330/4763 3332/4766 2901/4222 2900/4767
f 3332/4766 3331/4765 3333/4768 2905/4229
f 3332/4766 2905/4229 2902/4223 2901/4222
f 3333/4769 3331/4770 3334/4771 3335/4772
f 3333/4769 3335/4772 2910/4773 2908/4774
f 3333/4775 2908/4776 2906/4777 2905/4778
f 3335/4772 3334/4771 3336/4779 3337/4780
f 3335/4772 3337/4780 2912/4781 2910/4773
f 3337/4782 3336/4783 3338/4784 3339/4785
f 3337/4786 3339/4787 3340/4788 2912/4789
f 3340/4788 3339/4787 283/261 282/260
f 3340/4790 282/4791 339/367 341/369
f 3340/4790 341/369 2913/4250 2912/4249
f 3339/4785 3338/4784 3341/4792 283/4793
f 3341/4792 3297/4708 3295/4706 3294/4705
f 3341/4792 3294/4705 125/4794 283/4793
f 3341/4792 3338/4784 3342/4795 3297/4708
f 3342/4795 3300/4711 3298/4709 3297/4708
f 3342/4795 3338/4784 3336/4783 3343/4796
f 3342/4795 3343/4796 3344/4797 3300/4711
f 3344/4797 3303/4714 3301/4712 3300/4711
f 3344/4797 3343/4796 3345/4798 3346/4799
f 3344/4797 3346/4799 3347/4800 3303/4714
f 3347/4800 3306/4718 3304/4715 3303/4714
f 3347/4800 3346/4799 3327/4801 3324/4802
f 3347/4800 3324/4802 3323/4803 3306/4718
f 3346/4804 3345/4805 3329/4806 3327/4807
f 3345/4798 3343/4796 3336/4783 3334/4808
f 3345/4805 3334/4771 3331/4770 3329/4806
f 3323/4803 3309/4722 3307/4719 3306/4718
f 3294/4705 3292/4703 122/4702 125/4794
f 3097/4475 2916/4254 337/365 336/364
f 3072/4447 2939/4280 2936/4277 2935/4276
f 3017/4392 476/630 475/627 3014/4385
f 3012/4809 475/4810 474/4811 482/4812
f 2900/4219 2897/4217 120/4813 1/4814
f 2874/4728 1291/1763 1287/1757 1286/1756
f 1108/1556 561/2192 560/781 1103/1551
f 1097/1542 1085/1529 1083/1527 1082/1526
f 1070/1502 1033/4815 1031/1429 1030/1428
f 1066/1492 1036/1436 1034/1434 1033/1433
f 1062/1491 1039/1439 1037/1437 1036/1436
f 1058/1483 1042/1444 1040/1443 1039/1484
f 1027/1423 1025/1419 1024/1418 556/776
f 1024/1418 517/709 512/701 556/776
f 1024/1418 1022/1415 1021/1414 517/709
f 1021/1414 521/4816 515/710 517/709
f 1021/1414 1019/1408 1018/1407 521/4816
f 939/1319 937/1316 347/377 346/376
f 934/4817 933/4238 343/372 342/371
f 901/1241 801/1105 130/24 129/23
f 886/1218 328/349 43/345 327/348
f 875/1203 872/1196 871/1195 3348/4818
f 875/1203 3348/4818 325/346 329/350
f 3348/4818 871/1195 3349/4819 3350/4820
f 3348/4818 3350/4820 326/347 325/346
f 3350/4820 3349/4819 812/1116 811/1115
f 3350/4820 811/1115 810/1114 326/347
f 3349/4819 871/1195 867/1189 866/1188
f 3349/4819 866/1188 814/1118 812/1116
f 866/1188 862/1184 816/1120 814/1118
f 858/1179 819/1123 817/1121 816/1120
f 854/1171 853/1170 820/1124 819/1123
f 853/1170 849/1169 848/4821 3351/4822
f 853/1170 3351/4822 821/1125 820/1124
f 3351/4822 848/4821 828/1132 826/1130
f 3351/4822 826/1130 823/1127 821/1125
f 848/1163 844/1159 830/1140 828/1139
f 801/1105 799/1103 798/1102 130/24
f 798/1102 309/311 131/25 130/24
f 791/1095 787/1091 271/1090 276/4141
f 790/1094 789/1093 32/254 279/257
f 770/1063 768/1062 313/326 317/325
f 768/1059 766/1057 314/321 313/320
f 755/1038 255/211 254/210 261/226
f 752/1035 751/1034 252/207 255/211
f 3352/4823 2847/4063 422/4066 421/4824
f 591/4825 419/512 418/511 111/4826
f 574/4827 108/4828 1578/2226 1580/2229
f 537/4829 1043/1470 1047/1466 1046/4830
f 536/738 1576/4831 1578/4832 108/4833
f 537/739 536/738 108/4833 578/4834
f 89/694 510/697 480/4835 495/4836
f 79/4837 1613/2288 1612/2287 80/4838
f 458/597 457/596 387/447 389/449
f 453/581 440/580 367/410 366/409
f 453/581 446/571 70/570 436/582
f 444/566 412/503 409/502 443/567
f 443/4839 409/497 408/496 441/4840
f 440/559 439/558 370/417 367/416
f 427/531 426/530 3353/4841 3354/4842
f 3354/4843 3355/4844 3356/4845 427/4846
f 423/4847 65/4848 422/4849 2848/4850
f 418/511 63/510 416/508 62/504
f 1145/1596 1150/1601 365/2022 49/411
f 340/368 339/367 282/4791 33/4479
f 321/4851 320/1079 318/329 315/328
f 320/1079 41/4852 298/292 300/291
f 295/280 293/278 226/165 229/169
f 293/278 292/277 227/166 226/165
f 292/277 3357/4853 3358/4854 227/166
f 3358/4854 3359/4855 223/167 227/166
f 3358/4854 3357/4853 240/188 3360/4856
f 3358/4854 3360/4856 143/45 3359/4855
f 3360/4856 3361/4857 140/42 143/45
f 3361/4857 230/4858 141/43 140/42
f 3359/4855 3362/4859 224/4860 223/167
f 3359/4855 143/45 142/44 3362/4859
f 3362/4861 142/4862 144/4863 24/4864
f 24/4864 144/4863 18/133 221/158
f 221/158 220/157 228/4865 24/4864
f 3357/4853 284/4866 241/189 240/188
f 291/276 284/4866 3357/4853 292/277
f 797/1101 796/1100 280/258 32/254
f 239/2603 238/4867 133/30 132/29
f 235/2616 204/130 138/129 137/4868
f 219/155 216/154 148/51 151/54
f 216/154 155/59 149/52 148/51
f 3363/4869 1864/2685 182/101 160/66
f 210/4870 3364/4871 3365/4872 196/4873
f 210/4874 3366/4875 3367/4876 3364/4877
f 207/4878 206/4879 203/128 205/132
f 207/4880 205/4881 1843/4882 1845/4883
f 206/4879 139/4884 138/129 203/128
f 206/134 18/133 144/4863 139/4885
f 189/109 181/2815 180/2746 185/105
f 184/4886 183/4887 3368/4888 3369/4889
f 3370/4890 3371/4891 174/4892 173/4893
f 169/4894 13/92 178/95 1351/4895
f 153/57 152/56 3372/4896 3373/4897
f 3373/4898 3372/4899 3374/4900 3375/4901
f 3374/4900 3372/4899 3376/4902 3377/4903
f 3319/4741 3317/4738 3322/4744 3321/4743
f 3326/4753 3322/4744 3317/4738 3316/4737
f 3322/4744 3326/4753 117/3 116/2
f 3379/4904 75/4905 3381/4906
f 473/4907 478/4908 487/4909 486/4910
f 110/4911 585/4912 586/835 111/834
f 242/4100 2258/4103 2854/4104 2461/3511
f 1612/2287 1608/2285 471/4913 80/4838
f 1562/2188 1624/2325 100/4914 551/2189
f 1473/2038 1477/2042 445/573 449/575
f 1113/1561 1561/2187 1108/1556 1107/1555
f 3319/4741 3321/4743 2892/4209 2890/4207
f 220/157 23/152 218/151
f 153/4915 3373/4916 3375/4917
f 150/53 149/52 8/55 154/58
f 1329/1828 145/48 7/47 150/53
f 157/62 156/61 184/4918
f 222/159 221/158 18/133 208/136
f 1890/2741 1889/2740 179/97
f 1883/4919 1882/4920 1884/4921
f 1334/4922 1331/4923 1333/4924
f 1338/4925 1336/4926 1334/4927
f 1345/4928 1344/4929 1342/4930
f 1351/1870 1350/1868 1349/1867
f 170/4931 169/4932 1351/4933
f 3362/4934 24/4935 225/4936
f 426/4937 114/535 429/534
f 424/4938 66/4939 427/4940
f 2843/4941 2840/4051 2842/4054 593/4058
f 434/4942 67/4943 2843/4944
f 420/4945 64/4946 2765/4947
f 421/4948 115/4949 420/4950
f 431/4951 67/4952 435/4953
f 495/4954 85/4955 494/4956
f 501/4957 86/672 500/675
f 503/4958 87/4959 501/4960
f 508/695 89/694 505/4961 504/4962
f 3008/4369 3006/4364 508/695
f 3010/4963 3009/4370 3008/4369
f 507/693 506/692 3010/4964
f 492/4965 88/4966 507/4967
f 1054/1474 1053/1473 1090/1534 1092/1536
f 538/4968 99/732 533/731
f 1505/4969 1503/4970 1500/4971 576/4972
f 572/4973 107/4974 575/4975
f 2244/3221 2246/3226 2247/3231 2251/4976
f 167/4977 10/4978 163/4979
f 197/4980 17/115 196/118
f 209/137 19/117 195/116
f 464/4981 76/4982 466/4983
f 563/4984 104/4985 565/4986
f 566/4987 105/4988 568/4989
f 1093/4990 1095/4991 1094/4992
f 173/4993 174/4994 3371/4995
f 569/2067 1509/4996 1512/2092 106/4997
f 1535/2141 1537/2144 1538/4998 1539/4999
f 569/2067 1504/2077 1508/5000 1509/4996
f 1504/2080 1506/2079 1508/2083
f 1512/2092 570/2149 106/4997
f 1512/5001 1535/2141 1539/4999 570/5002
f 77/5003 463/5004 93/5005 76/5006
f 93/5005 401/5007 400/5008 76/5006
f 117/5009 3326/5010 2/5011 119/5012
f 3326/4753 3328/4758 1/1 2/5013
f 3326/4753 3325/4752 3328/4758
f 218/5014 1299/1780 220/1779
f 218/5015 217/1791 1304/1787 1299/1775
f 3376/4902 3372/4899 152/5016
f 3376/5017 152/56 155/59
f 3376/5017 155/59 215/5018
f 15/100 182/101 1862/2684 1865/2692
f 1865/2692 164/2691 10/5019 1328/5020
f 3368/5021 183/5022 1865/5023 1328/5024
f 183/5025 15/5026 1865/5027
f 10/2722 1879/2721 1324/1823 1328/1827
f 1879/2721 1332/1831 1324/1823
f 20/139 213/142 1864/2685 3363/4869
f 1844/2646 1847/2652 211/140 20/139
f 1844/2646 20/139 3363/4869 160/66
f 1844/5028 159/5029 9/60 158/63
f 1844/2646 160/66 159/65
f 214/5030 22/149 23/152 222/159
f 214/5031 21/5032 22/5033
f 179/5034 14/5035 1955/5036
f 179/5037 1955/2820 1957/2823
f 179/5037 1957/2823 13/5038
f 179/5039 13/81 11/80
f 179/5039 11/80 172/5040
f 179/5041 172/89 12/88
f 179/5041 12/88 175/91
f 25/5042 113/5043 26/5044 233/5045
f 3361/4857 3360/4856 240/188
f 3361/4857 240/188 25/182
f 3361/5046 25/5047 233/5048
f 1633/5049 1632/5050 3383/5051 3382/5052
f 1498/2069 1496/2065 3383/5053 1632/2376
f 3382/5052 3383/5051 1496/5054 1495/5055
f 1634/2378 1633/2377 3382/5056 1495/2064
f 1633/2377 1636/2380 56/478 1632/2376
f 1636/2380 1638/2382 404/479 56/478
f 111/4826 418/511 62/504 415/507
f 2844/5057 587/5058 111/4826 415/507
f 587/5059 110/5060 111/5061
f 435/5062 112/5063 594/5064 3352/5065
f 594/4064 2847/4063 3352/4823
f 1095/5066 543/5067 97/5068 96/5069
f 1091/5070 558/5071 103/5072
f 1091/1535 1089/1533 1088/1532 558/1546
f 1091/5073 103/5074 562/5075
f 1091/5073 562/5075 1095/5066
f 1091/5073 1095/5066 96/5069
f 1091/5076 96/5077 539/5078
f 284/4866 291/276 294/279 286/5079
f 294/279 287/4202 286/5079
f 468/5080 467/5081 470/5082 472/5083
f 468/5084 472/5085 1607/5086 1609/5087
f 468/5088 1609/5089 1610/5090 1591/5091 1590/5092 1595/5093 1597/5094 1598/5095 1601/5096 1602/5097 1553/5098 1603/5099 1605/5100
f 1605/5101 1547/5102 1138/5103
f 1605/5104 1138/5105 1546/5106
f 1605/5107 1546/5108 468/618
f 3944/3202 2235/3201 2230/5109 2229/3183
f 2228/3182 2238/3212 2239/3222
f 2234/5110 2237/5111 2239/5112 2244/5113
f 2237/3207 3944/3202 2229/3183 2228/3182 2239/3222
f 1048/1464 1051/5114 1054/5115 1049/1465
f 74/412 3386/5116 368/413
f 74/5117 370/2164 461/2163 3386/5118
f 80/621 3385/5119 472/5120 470/622
f 80/4838 471/4913 3385/5121
f 468/618 1546/5108 3386/5118 461/2163
f 1546/2166 368/413 3386/5116
f 1607/5122 472/5123 3385/5124 3384/5125
f 3385/5121 471/4913 1608/2285 3384/5126
f 1607/5127 3384/5128 1587/5129 1609/5130
f 3384/5126 1608/2285 1587/2242
f 3387/5131 3391/5132 3392/5133 3393/5134
f 3388/5135 3394/5136 3395/5137 3396/5138
f 3389/5139 3397/5140 3398/5141 3399/5142
f 3390/5143 3400/5144 3401/5145 3402/5146
f 3401/5145 3400/5144 3399/5142 3398/5141
f 3401/5145 3398/5141 3403/5147 3404/5148
f 3401/5145 3404/5148 3405/5149 3402/5146
f 3405/5149 3404/5148 3395/5137 3394/5136
f 3404/5148 3403/5147 3392/5133 3395/5137
f 3403/5147 3398/5141 3397/5140 3406/5150
f 3403/5147 3406/5150 3393/5134 3392/5133
f 3395/5137 3392/5133 3391/5132 3396/5138
f 3407/5151 3411/5152 3412/5153 3408/5154
f 3408/5155 3412/5156 3413/5157 3414/5158
f 3409/5159 3415/5160 3416/5161 3410/5162
f 3416/5161 3415/5160 3414/5158 3413/5157
f 3417/5163 3421/5164 3422/5165 3423/5166
f 3418/5167 3424/5168 3425/5169 3426/5170
f 3419/5171 3427/5172 3422/5165 3421/5164
f 3420/5173 3426/5170 3425/5169 3428/5174
f 3428/5174 3425/5169 3429/5175 3430/5176
f 3429/5175 3422/5165 3427/5172 3430/5176
f 3429/5175 3425/5169 3424/5168 3431/5177
f 3429/5175 3431/5177 3423/5166 3422/5165
f 3432/5178 3436/5179 3437/5180 3438/5181
f 3433/5182 3439/5183 3437/5180 3436/5179
f 3434/5184 3440/5185 3441/5186 3442/5187
f 3435/5188 3443/5189 3441/5186 3440/5185
f 3443/5189 3444/5190 3445/5191 3441/5186
f 3445/5191 3437/5180 3439/5183 3446/5192
f 3445/5191 3446/5192 3442/5187 3441/5186
f 3445/5191 3444/5190 3438/5181 3437/5180
f 3447/5193 3451/5194 3452/5195 3453/5196
f 3448/5197 3454/5198 3455/5199 3456/5200
f 3449/5201 3457/5202 3458/5203 3459/5204
f 3450/5205 3460/5206 3461/5207 3462/5208
f 3461/5207 3460/5206 3456/5200 3455/5199
f 3461/5207 3455/5199 3452/5195 3458/5203
f 3461/5207 3458/5203 3457/5202 3462/5208
f 3458/5203 3452/5195 3451/5194 3459/5204
f 3455/5199 3454/5198 3453/5196 3452/5195
f 3463/5209 3467/5210 3468/5211 3469/5212
f 3464/5213 3470/5214 3471/5215 3472/5216
f 3465/5217 3473/5218 3474/5219 3475/5220
f 1884/5221 3476/5222 3477/5223 3478/5224
f 3477/5223 3476/5222 3475/5220 3474/5219
f 3477/5223 3474/5219 3468/5211 3471/5215
f 3477/5223 3471/5215 3470/5214 3478/5224
f 3474/5219 3473/5218 3469/5212 3468/5211
f 3471/5215 3468/5211 3467/5210 3472/5216
f 3479/5225 3482/5226 3483/5227 3480/5228
f 3479/5229 3480/5230 3484/5231 3485/5232
f 3479/5229 3485/5232 3486/5233 3487/5234
f 3479/5229 3487/5234 3488/5235 3489/5236
f 3479/5229 3489/5236 3490/5237 3482/5238
f 3480/5230 3483/5239 3491/5240 3492/5241
f 3480/5230 3481/5242 3493/5243 3484/5231
f 3480/5230 3492/5241 3494/5244 3481/5242
f 3481/5242 3494/5244 3495/5245 3493/5243
f 3494/5244 3492/5241 3496/5246 3497/5247
f 3496/5248 3492/5249 3491/5250 3498/5251
f 3499/5252 3500/5253 3501/5254
f 3502/5255 3503/5256 3504/5257 3505/5258
f 3502/5259 3505/5260 3506/5261 3507/5262
f 3502/5259 3507/5262 3501/5254 3500/5253
f 3502/5259 3500/5253 3503/5263
f 3506/5261 3505/5260 3508/5264 3509/5265
f 3508/5266 3505/5258 3504/5257 3510/5267
f 3511/5268 3515/5269 3516/5270 3517/5271
f 3512/5272 3518/5273 3519/5274 3520/5275
f 3513/5276 3521/5277 3516/5270 3515/5269
f 3514/5278 3520/5275 3519/5274 3522/5279
f 3522/5279 3519/5274 3523/5280 3524/5281
f 3524/5281 3523/5280 3525/5282 3526/5283
f 3526/5283 3525/5282 3516/5284 3521/5285
f 3525/5282 3523/5280 3527/5286 3528/5287
f 3525/5282 3528/5287 3517/5288 3516/5284
f 3527/5286 3523/5280 3519/5274 3518/5273
f 3529/5289 3533/5290 3534/5291 3535/5292
f 3530/5293 3536/5294 3537/5295 3538/5296
f 3531/5297 3539/5298 3540/5299 3541/5300
f 3532/5301 3542/5302 3543/5303 3544/5304
f 3543/5303 3542/5302 3541/5300 3540/5299
f 3543/5303 3540/5299 3534/5291 3537/5295
f 3543/5303 3537/5295 3536/5294 3544/5304
f 3540/5299 3539/5298 3535/5292 3534/5291
f 3537/5295 3534/5291 3533/5290 3538/5296
f 3545/5305 3546/5306 3547/5307 3548/5308
f 3545/5309 3549/5310 3550/5311 3546/5312
f 3550/5313 3549/5314 3551/5315 3552/5316
f 3553/5317 3554/5318 3555/5319 3556/5320
f 3556/5320 3555/5319 3557/5321 3558/5322
f 3558/5322 3557/5321 3559/5323 3560/5324
f 3560/5324 3559/5323 3561/5325
f 3562/5326 3563/5327 3551/5328 3549/5329
f 3562/5330 3549/5331 3545/5332 3548/5333
f 3552/5334 3551/5335 3563/5336
f 3564/5337 3565/5338 3566/5339 3567/5340
f 3564/5337 3567/5340 3568/5341 3569/5342
f 3569/5342 3568/5341 3570/5343 3571/5344
f 3571/5344 3570/5343 3572/5345 3573/5346
f 3573/5346 3572/5345 3574/5347 3575/5348
f 3566/5349 3565/5350 3576/5351 3577/5352
f 3576/5353 3565/5354 3578/5355 3579/5356
f 3579/5356 3578/5355 3580/5357 3581/5358
f 3581/5359 3580/5360 3582/5361 3583/5362
f 3582/5363 3580/5364 3584/5365 3585/5366
f 3584/5365 3580/5364 3578/5367 3586/5368
f 3586/5368 3578/5367 3564/5337 3569/5342
f 3578/5367 3565/5338 3564/5337
f 3587/5369 3588/5370 3589/5371
f 3588/5370 3590/5372 3591/5373 3589/5371
f 3592/5374 3593/5375 3594/5376 3595/5377
f 3591/5373 3590/5372 3596/5378 3592/5374
f 3592/5374 3595/5377 3591/5373
f 3592/5374 3596/5378 3597/5379 3593/5375
f 3597/5379 3598/5380 3599/5381 3593/5375
f 3599/5381 3600/5382 3601/5383 3602/5384
f 3599/5381 3602/5384 3594/5376 3593/5375
f 3599/5381 3598/5380 3603/5385 3600/5382
f 3604/5386 3608/5387 3609/5388 3610/5389
f 3605/5390 3611/5391 3612/5392 3613/5393
f 3606/5394 3614/5395 3609/5388 3608/5387
f 3607/5396 3613/5393 3612/5392 3615/5397
f 3615/5397 3612/5392 3616/5398 3617/5399
f 3617/5399 3616/5398 3618/5400 3619/5401
f 3619/5401 3618/5400 3620/5402 3621/5403
f 3621/5403 3620/5402 3622/5404 3623/5405
f 3623/5406 3622/5407 3624/5408 3625/5409
f 3625/5409 3624/5408 3626/5410 3627/5411
f 3627/5412 3626/5413 3628/5414 3629/5415
f 3629/5416 3628/5417 3609/5388 3614/5395
f 3628/5417 3626/5418 3630/5419 3631/5420
f 3628/5417 3631/5420 3610/5389 3609/5388
f 3630/5419 3626/5418 3624/5421 3632/5422
f 3632/5423 3624/5408 3622/5407 3633/5424
f 3633/5425 3622/5426 3620/5427 3634/5428
f 3634/5428 3620/5427 3618/5429 3635/5430
f 3635/5431 3618/5400 3616/5398 3636/5432
f 3636/5432 3616/5398 3612/5392 3611/5391
f 3637/5433 3641/5434 3642/5435 3643/5436
f 3638/5437 3644/5438 3645/5439 3646/5440
f 3639/5441 3643/5436 3642/5435 3647/5442
f 3640/5443 3648/5444 3645/5439 3644/5438
f 3648/5445 3647/5442 3642/5435 3645/5446
f 3645/5446 3642/5435 3641/5434 3646/5447
f 3649/5448 3655/5449 3656/5450 3657/5451
f 3650/5452 3658/5453 3659/5454 3660/5455
f 3651/5456 3661/5457 3662/5458 3663/5459
f 3652/5460 3664/5461 3665/5462 3666/5463
f 3652/5464 3667/5465 3668/5466 3664/5467
f 3652/5468 3666/5469 3669/5470 3670/5471
f 3653/5472 3671/5473 3672/5474 3673/5475
f 3654/5476 3674/5477 3675/5478 3676/5479
f 3675/5478 3674/5477 3673/5475 3672/5474
f 3675/5478 3672/5474 3669/5480 3677/5481
f 3675/5478 3677/5481 3678/5482 3676/5479
f 3678/5483 3677/5484 3679/5485 3680/5486
f 3680/5487 3679/5488 3681/5489 3682/5490
f 3682/5490 3681/5489 3683/5491 3684/5492
f 3684/5492 3683/5491 3656/5450 3655/5449
f 3683/5491 3681/5489 3665/5462 3685/5493
f 3683/5491 3685/5493 3686/5494 3656/5450
f 3686/5494 3685/5493 3687/5495 3688/5496
f 3686/5494 3688/5496 3689/5497 3690/5498
f 3686/5494 3690/5498 3657/5451 3656/5450
f 3689/5497 3688/5496 3691/5499 3692/5500
f 3692/5501 3691/5502 3693/5503 3694/5504
f 3694/5505 3693/5506 3659/5454 3658/5453
f 3693/5507 3691/5508 3695/5509 3696/5510
f 3693/5506 3696/5511 3697/5512 3659/5454
f 3697/5513 3696/5514 3698/5515 3662/5516
f 3697/5512 3662/5517 3661/5518 3699/5519
f 3697/5512 3699/5519 3660/5455 3659/5454
f 3698/5520 3668/5466 3667/5465 3700/5521
f 3698/5520 3700/5521 3663/5522 3662/5523
f 3698/5520 3696/5510 3695/5509 3668/5466
f 3695/5524 3687/5525 3664/5526 3668/5527
f 3695/5524 3691/5528 3688/5529 3687/5525
f 3687/5495 3685/5493 3665/5462 3664/5461
f 3681/5489 3679/5488 3666/5463 3665/5462
f 3679/5530 3677/5531 3669/5470 3666/5469
f 3672/5532 3671/5533 3670/5471 3669/5470
f 3701/5534 3709/5535 3710/5536 3711/5537
f 3701/5534 3712/5538 3713/5539 3709/5535
f 3701/5534 3706/5540 3714/5541 3712/5538
f 3702/5542 3715/5543 3716/5544 3717/5545
f 3703/5546 3718/5547 3719/5548 3720/5549
f 3703/5546 3720/5549 3721/5550 3704/5551
f 3703/5546 3711/5537 3710/5536 3718/5547
f 3705/5552 3722/5553 3716/5544 3715/5543
f 3707/5554 3723/5555 3724/5556 3725/5557
f 3708/5558 3725/5557 3724/5556 3726/5559
f 3726/5559 3724/5556 3727/5560 3728/5561
f 3728/5561 3727/5560 3729/5562 3730/5563
f 3730/5563 3729/5562 3712/5538 3714/5541
f 3729/5562 3727/5560 3731/5564 3732/5565
f 3729/5562 3732/5565 3713/5539 3712/5538
f 3731/5564 3727/5560 3724/5556 3723/5555
f 3722/5553 3733/5566 3734/5567 3716/5544
f 3734/5567 3720/5549 3719/5548 3735/5568
f 3734/5567 3735/5568 3717/5545 3716/5544
f 3734/5567 3733/5566 3721/5550 3720/5549
f 3736/5569 3740/5570 3741/5571 3742/5572
f 3737/5573 3743/5574 3744/5575 3745/5576
f 3738/5577 3746/5578 3747/5579 3748/5580
f 3739/5581 3749/5582 3750/5583 3751/5584
f 3750/5583 3749/5582 3752/5585 3753/5586
f 3750/5583 3753/5586 3754/5587 3755/5588
f 3750/5583 3755/5588 3756/5589 3751/5584
f 3756/5589 3755/5588 3757/5590 3758/5591
f 3758/5592 3757/5593 3759/5594 3760/5595
f 3760/5596 3759/5597 3747/5579 3746/5578
f 3759/5598 3757/5599 3761/5600 3762/5601
f 3759/5597 3762/5602 3763/5603 3747/5579
f 3763/5603 3762/5602 3764/5604 3741/5571
f 3763/5603 3741/5571 3740/5570 3765/5605
f 3763/5603 3765/5605 3748/5580 3747/5579
f 3764/5604 3762/5602 3761/5606 3766/5607
f 3764/5604 3766/5607 3767/5608 3768/5609
f 3764/5604 3768/5609 3742/5572 3741/5571
f 3767/5610 3766/5611 3769/5612 3770/5613
f 3770/5613 3769/5612 3744/5575 3743/5574
f 3769/5612 3754/5587 3753/5586 3744/5575
f 3769/5612 3766/5611 3761/5614 3754/5587
f 3761/5614 3757/5590 3755/5588 3754/5587
f 3753/5586 3752/5585 3745/5576 3744/5575
f 3771/5615 3775/5616 3776/5617 3777/5618
f 3772/5619 3778/5620 3779/5621 3780/5622
f 3773/5623 3781/5624 3782/5625 3783/5626
f 3774/5627 3784/5628 3785/5629 3786/5630
f 3785/5629 3784/5628 3783/5626 3782/5625
f 3785/5629 3782/5625 3776/5617 3779/5621
f 3785/5629 3779/5621 3778/5620 3786/5630
f 3782/5625 3781/5624 3777/5618 3776/5617
f 3779/5621 3776/5617 3775/5616 3780/5622
f 3787/5631 3788/5632 3789/5633
f 3788/5632 3790/5634 3791/5635 3789/5633
f 3792/5636 3793/5637 3794/5638 3795/5639
f 3792/5636 3796/5640 3797/5641 3793/5637
f 3797/5641 3798/5642 3799/5643 3793/5637
f 3799/5643 3800/5644 3794/5638 3793/5637
f 3796/5640 3792/5636 3795/5639
f 3801/5645 3805/5646 3806/5647 3802/5648
f 3803/5649 3804/5650 3807/5651 3808/5652
f 3808/5652 3807/5651 3809/5653 3810/5654
f 3810/5654 3809/5653 3811/5655 3812/5656
f 3811/5655 3813/5657 3814/5658 3812/5656
f 3814/5659 3813/5660 3815/5661 3816/5662
f 3815/5661 3817/5663 3818/5664 3816/5662
f 3818/5664 3817/5663 3806/5647 3805/5646
f 3819/5665 3825/5666 3826/5667 3827/5668
f 3819/5669 3828/5670 3829/5671 3825/5672
f 3819/5669 3830/5673 3831/5674 3828/5670
f 3819/5669 3827/5675 3824/5676 3832/5677
f 3819/5669 3832/5677 3833/5678 3830/5673
f 3820/5679 3834/5680 3835/5681 3836/5682
f 3820/5683 3837/5684 3838/5685 3834/5686
f 3820/5687 3839/5688 3840/5689 3837/5690
f 3820/5691 3841/5692 3842/5693 3839/5694
f 3820/5695 3836/5696 3843/5697 3844/5698
f 3820/5695 3844/5698 3845/5699 3841/5700
f 3847/5701 3846/5702 3827/5703 3826/5704
f 3847/5701 3826/5704 3848/5705 3849/5706
f 3847/5707 3849/5708 3823/5709 3822/5710
f 3849/5711 3848/5712 3833/5713 3832/5714
f 3849/5715 3832/5716 3824/5717 3823/5718
f 3848/5712 3826/5719 3825/5720 3850/5721
f 3848/5712 3850/5721 3835/5722 3833/5713
f 3850/5721 3825/5720 3829/5723 3851/5724
f 3850/5721 3851/5724 3836/5725 3835/5722
f 3851/5724 3829/5723 3852/5726 3853/5727
f 3851/5724 3853/5727 3843/5728 3836/5725
f 3852/5729 3829/5671 3828/5670 3853/5730
f 3853/5731 3828/5732 3831/5733 3854/5734
f 3854/5734 3831/5733 3838/5735 3855/5736
f 3855/5736 3838/5735 3837/5690 3856/5737
f 3856/5737 3837/5690 3840/5689 3857/5738
f 3857/5738 3840/5689 3858/5739 3859/5740
f 3858/5739 3860/5741 3861/5742 3859/5740
f 3858/5739 3840/5689 3839/5688 3862/5743
f 3858/5739 3862/5743 3863/5744 3860/5741
f 3863/5744 3862/5743 3864/5745 3865/5746
f 3865/5746 3864/5745 3866/5747 3466/5748
f 3867/5749 3866/5750 3869/5751 3870/5752
f 3870/5752 3869/5751 3871/5753 3872/5754
f 3872/5754 3871/5753 3873/5755 3874/5756
f 3873/5755 3871/5753 3841/5700 3845/5699
f 3871/5753 3869/5751 3842/5757 3841/5700
f 3869/5751 3866/5750 3864/5758 3842/5757
f 3864/5745 3862/5743 3839/5688 3842/5759
f 3846/5760 3821/5761 3824/5717 3827/5762
f 3838/5685 3831/5674 3830/5673 3834/5686
f 3835/5763 3834/5764 3830/5765 3833/5766
f 3821/5761 3822/5767 3823/5718 3824/5717
f 3821/5768 3846/5702 3847/5701 3822/5769
f 3875/5770 3878/5771 3879/5772 3880/5773
f 3875/5774 3880/5775 3881/5776 3882/5777
f 3875/5778 3882/5779 3883/5780 3878/5781
f 3876/5782 3884/5783 3885/5784 3886/5785
f 3876/5786 3886/5787 3887/5788 3888/5789
f 3876/5790 3888/5791 3889/5792 3884/5793
f 3877/5794 3890/5795 3891/5796 3892/5797
f 3877/5798 3893/5799 3894/5800 3895/5801
f 3877/5794 3892/5797 3896/5802 3893/5803
f 3877/5804 3895/5805 3897/5806 3898/5807
f 3877/5794 3898/5808 3899/5809 3890/5795
f 3899/5810 3900/5811 3881/5776 3890/5812
f 3899/5813 3898/5814 3901/5815 3902/5816
f 3899/5810 3902/5817 3903/5818 3900/5811
f 3903/5818 3904/5819 3905/5820 3900/5811
f 3905/5821 3906/5822 3883/5823 3882/5824
f 3905/5820 3882/5777 3881/5776 3900/5811
f 3905/5820 3904/5819 3907/5825 3906/5826
f 3907/5827 3908/5828 3885/5784 3884/5783
f 3906/5829 3889/5830 3909/5831 3883/5832
f 3909/5833 3910/5834 3911/5835 3912/5836
f 3909/5831 3912/5837 3878/5838 3883/5832
f 3909/5833 3889/5792 3888/5791 3910/5834
f 3912/5837 3911/5839 3913/5840 3914/5841
f 3912/5837 3914/5841 3879/5842 3878/5838
f 3914/5841 3913/5840 3915/5843 3916/5844
f 3914/5845 3916/5846 3917/5847 3879/5848
f 3917/5849 3916/5850 3918/5851 3919/5852
f 3917/5853 3919/5854 3892/5797 3891/5796
f 3917/5855 3891/5856 3880/5857 3879/5858
f 3919/5859 3918/5860 3920/5861 3921/5862
f 3919/5854 3921/5863 3896/5802 3892/5797
f 3920/5864 3918/5865 3922/5866 3923/5867
f 3922/5868 3918/5869 3916/5844 3915/5843
f 3913/5870 3911/5835 3924/5871 3925/5872
f 3925/5872 3924/5871 3895/5873 3894/5874
f 3924/5871 3911/5835 3910/5834 3926/5875
f 3924/5876 3926/5877 3897/5878 3895/5879
f 3926/5875 3910/5834 3888/5791 3887/5880
f 3926/5881 3887/5882 3927/5883 3897/5806
f 3927/5883 3901/5884 3898/5807 3897/5806
f 3891/5796 3890/5795 3881/5885 3880/5886
f 3928/5887 3932/5888 3933/5889 3934/5890
f 3929/5891 3934/5890 3933/5889 3935/5892
f 3930/5893 3936/5894 3937/5895 3938/5896
f 3931/5897 3938/5896 3937/5895 3939/5898
f 3939/5899 3937/5900 3940/5901 3941/5902
f 3940/5901 3933/5889 3932/5888 3941/5902
f 3940/5903 3937/5895 3936/5894 3942/5904
f 3940/5901 3942/5905 3935/5892 3933/5889
f 3945/5906 1548/5907 1547/5908
f 1579/5909 1583/5910 1580/5911
f 3946/5912 3950/5913 3951/5914 3952/5915
f 3947/5916 3953/5917 3954/5918 3955/5919
f 3948/5920 3952/5915 3951/5914 3956/5921
f 3949/5922 3955/5919 3954/5918 3957/5923
f 3957/5923 3954/5918 3958/5924 3959/5925
f 3959/5925 3958/5924 3951/5914 3950/5913
f 3958/5924 3954/5918 3953/5917 3960/5926
f 3958/5924 3960/5926 3956/5921 3951/5914
f 3961/5927 3963/5928 3964/5929 3965/5930
f 3961/5927 3965/5930 3966/5931 3967/5932
f 3961/5927 3967/5932 3968/5933 3963/5928
f 3962/5934 3969/5935 3963/5928 3968/5933
f 3962/5934 3968/5933 3970/5936 3971/5937
f 3970/5936 3968/5933 3967/5932 3973/5938
f 3973/5938 3967/5932 3966/5931 3974/5939
f 3964/5929 3963/5928 3969/5935
f 3962/5934 3971/5937 3972/5940 3969/5935
f 3975/5941 3976/5942 3977/5943 3978/5944
f 3975/5941 3979/5945 3980/5946 3976/5942
f 3975/5947 3978/5948 3981/5949 3979/5950
f 3981/5949 3978/5948 3982/5951 3983/5952
f 3981/5949 3983/5952 3984/5953 3985/5954
f 3981/5949 3985/5954 3986/5955 3979/5950
f 3986/5956 3987/5957 3980/5946 3979/5945
f 3987/5957 3988/5958 3989/5959 3980/5946
f 3989/5959 3990/5960 3991/5961 3992/5962
f 3989/5959 3992/5962 3976/5942 3980/5946
f 3989/5959 3988/5958 3993/5963 3990/5960
f 3993/5964 3994/5965 3995/5966 3990/5967
f 3995/5968 3996/5969 3997/5970 3998/5971
f 3995/5966 3998/5972 3991/5973 3990/5967
f 3995/5974 3994/5975 3999/5976 3996/5977
f 3999/5976 4000/5978 4001/5979 3996/5977
f 4001/5979 4002/5980 4003/5981 4004/5982
f 4001/5979 4004/5982 3997/5983 3996/5977
f 4001/5979 4000/5978 4005/5984 4002/5980
f 4004/5982 4003/5981 4006/5985 4007/5986
f 4004/5987 4007/5988 4008/5989 3997/5970
f 4008/5989 4007/5988 4009/5990 4010/5991
f 4008/5989 4010/5991 4011/5992 4012/5993
f 4008/5989 4012/5993 3998/5971 3997/5970
f 4012/5994 4011/5995 4013/5996 4014/5997
f 4012/5994 4014/5997 3991/5973 3998/5972
f 4014/5998 4013/5999 4015/6000 4016/6001
f 4014/5998 4016/6001 3992/5962 3991/5961
f 4016/6001 4015/6000 4017/6002 3977/5943
f 4016/6001 3977/5943 3976/5942 3992/5962
f 4017/6003 3982/5951 3978/5948 3977/6004
f 4009/5990 4007/5988 4006/6005 4018/6006
f 4021/6007 4024/6008 4025/6009 4022/6010
f 4025/6009 4024/6008 4026/6011 4027/6012
f 4027/6012 4026/6011 4028/6013 4019/6014
f 4019/6014 4028/6013 4023/6015 4020/6016
f 4029/6017 4032/6018 4030/6019 4033/6020
f 4029/6021 4033/6022 4034/6023 4035/6024
f 4029/6025 4035/6026 4031/6027 4032/6028
f 4030/6029 4040/6030 4033/6031
f 4030/6032 4032/6033 4041/6034 4040/6035
f 4031/6036 4042/6037 4041/6034 4032/6033
f 4031/6038 4035/6039 4043/6040 4042/6041
f 4043/6040 4044/6042 4045/6043 4042/6041
f 4043/6044 4035/6024 4034/6023 4046/6045
f 4043/6044 4046/6045 4047/6046 4044/6047
f 4047/6046 4048/6048 4049/6049 4044/6047
f 4047/6050 4046/6051 4050/6052 4051/6053
f 4047/6050 4051/6053 4052/6054 4048/6055
f 4052/6056 4051/6057 4053/6058 4039/6059
f 4052/6060 4039/6061 4038/6062 4054/6063
f 4054/6064 4038/6065 4037/6066 4055/6067
f 4055/6067 4037/6066 4056/6068 4057/6069
f 4057/6069 4056/6068 4049/6049 4048/6048
f 4056/6070 4037/6071 4036/6072 4058/6073
f 4056/6070 4058/6073 4059/6074 4049/6075
f 4059/6076 4058/6077 4053/6058 4060/6078
f 4059/6076 4060/6078 4061/6079 4045/6080
f 4059/6074 4045/6043 4044/6042 4049/6075
f 4061/6079 4060/6078 4050/6081 4062/6082
f 4061/6079 4062/6082 4040/6035 4041/6034
f 4061/6079 4041/6034 4042/6037 4045/6080
f 4062/6083 4050/6052 4046/6051 4034/6084
f 4062/6083 4034/6084 4033/6031 4040/6030
f 4060/6078 4053/6058 4051/6057 4050/6081
f 4058/6077 4036/6085 4039/6059 4053/6058
f 4036/6086 4037/6087 4038/6088 4039/6089
f 4063/6090 4067/6091 4068/6092 4069/6093
f 4064/6094 4070/6095 4071/6096 4072/6097
f 4065/6098 4073/6099 4074/6100 4075/6101
f 4066/6102 4076/6103 4077/6104 4078/6105
f 4077/6104 4076/6103 4075/6101 4074/6100
f 4077/6104 4074/6100 4068/6092 4071/6096
f 4077/6104 4071/6096 4070/6095 4078/6105
f 4074/6100 4073/6099 4069/6093 4068/6092
f 4071/6096 4068/6092 4067/6091 4072/6097
f 4079/6106 4080/6107 4081/6108 4082/6109
f 4079/6106 4082/6109 4083/6110 4084/6111
f 4079/6106 4084/6111 4085/6112 4080/6107
f 4085/6112 4086/6113 4087/6114 4080/6107
f 4087/6114 4088/6115 4081/6108 4080/6107
f 4089/6116 4090/6117 4095/6118 4096/6119
f 4091/6120 4094/6121 4097/6122 4098/6123
f 4092/6124 4099/6125 4093/6126 4100/6127
f 4092/6124 4101/6128 4102/6129 4099/6125
f 4092/6124 4100/6127 4103/6130 4104/6131
f 4103/6132 4105/6133 4106/6134 4104/6135
f 4106/6136 4105/6137 4096/6119 4095/6118
f 4102/6129 4101/6128 4098/6123 4097/6122
f 4107/6138 4108/6139 4109/6140 4110/6141
f 4107/6142 4110/6143 4111/6144 4112/6145
f 4107/6142 4112/6145 4113/6146 4108/6147
f 4114/6148 4115/6149 4116/6150
f 4119/6151 4117/6152 4118/6153 4116/6150
f 4116/6150 4115/6149 4119/6151
f 4120/6154 4121/6155 4117/6152
f 4119/6151 4122/6156 4120/6154 4117/6152
f 4121/6155 4120/6154 4123/6157 4124/6158
f 4121/6155 4124/6158 4125/6159 4126/6160
f 4121/6155 4126/6160 4118/6153 4117/6152
f 4123/6157 4120/6154 4122/6156 4127/6161
f 4128/6162 4132/6163 4133/6164 4134/6165
f 4129/6166 4135/6167 4136/6168 4137/6169
f 4130/6170 4138/6171 4139/6172 4140/6173
f 4131/6174 4141/6175 4142/6176 4143/6177
f 4142/6176 4141/6175 4140/6173 4139/6172
f 4142/6176 4139/6172 4133/6164 4136/6168
f 4142/6176 4136/6168 4135/6167 4143/6177
f 4139/6172 4138/6171 4134/6165 4133/6164
f 4136/6168 4133/6164 4132/6163 4137/6169
f 4145/6178 4146/6179 4147/6180 4148/6181
f 4148/6182 4147/6183 4149/6184 4150/6185
f 4149/6184 4151/6186 4152/6187 4150/6185
f 4152/6187 4151/6186 4144/6188
f 4153/6189 4154/6190 4155/6191 4156/6192
f 4157/6193 4158/6194 4159/6195 4154/6190
f 4154/6190 4153/6189 4160/6196 4161/6197
f 4157/6193 4154/6190 4161/6197
f 4157/6193 4161/6197 4162/6198 4158/6194
f 4159/6195 4163/6199 4155/6191 4154/6190
f 4164/6200 4160/6196 4153/6189
f 4164/6200 4153/6189 4156/6192
f 4165/6201 4168/6202 4169/6203 4170/6204
f 4165/6205 4170/6206 4171/6207 4172/6208
f 4165/6205 4172/6208 4173/6209 4168/6210
f 4166/6211 4174/6212 4175/6213 4176/6214
f 4166/6215 4177/6216 4178/6217 4174/6218
f 4166/6215 4179/6219 4180/6220 4181/6221
f 4166/6215 4176/6222 4182/6223 4179/6219
f 4166/6215 4181/6221 4183/6224 4177/6216
f 4167/6225 4184/6226 4185/6227 4186/6228
f 4167/6229 4186/6230 4187/6231 4188/6232
f 4167/6229 4188/6232 4189/6233 4190/6234
f 4167/6235 4190/6236 4191/6237 4192/6238
f 4167/6239 4192/6240 4193/6241 4184/6242
f 4193/6241 4194/6243 4195/6244 4184/6242
f 4193/6245 4192/6246 4174/6247 4178/6248
f 4193/6245 4178/6248 4196/6249 4194/6250
f 4196/6249 4178/6248 4177/6251 4197/6252
f 4197/6253 4177/6216 4183/6224 4198/6254
f 4195/6255 4199/6256 4185/6227 4184/6226
f 4199/6256 4200/6257 4201/6258 4185/6227
f 4201/6258 4202/6259 4203/6260 4204/6261
f 4201/6258 4204/6261 4186/6228 4185/6227
f 4201/6258 4200/6257 4205/6262 4202/6259
f 4204/6261 4203/6260 4206/6263 4207/6264
f 4204/6265 4207/6266 4187/6231 4186/6230
f 4207/6264 4206/6263 4208/6267 4209/6268
f 4207/6266 4209/6269 4210/6270 4187/6231
f 4210/6270 4211/6271 4188/6232 4187/6231
f 4211/6271 4212/6272 4189/6233 4188/6232
f 4212/6272 4213/6273 4214/6274 4189/6233
f 4214/6275 4213/6276 4215/6277 4216/6278
f 4214/6275 4216/6278 4170/6204 4169/6203
f 4214/6275 4169/6203 4190/6236 4189/6279
f 4216/6278 4215/6277 4217/6280 4218/6281
f 4216/6278 4218/6281 4171/6282 4170/6204
f 4218/6281 4217/6280 4219/6283 4220/6284
f 4218/6285 4220/6286 4221/6287 4171/6288
f 4221/6289 4220/6290 4222/6291 4223/6292
f 4221/6289 4223/6292 4224/6293 4225/6294
f 4221/6289 4225/6294 4172/6295 4171/6296
f 4225/6294 4224/6293 4226/6297 4227/6298
f 4225/6294 4227/6298 4173/6299 4172/6295
f 4227/6300 4176/6222 4175/6301 4173/6302
f 4227/6300 4226/6303 4182/6223 4176/6222
f 4222/6304 4220/6305 4219/6306 4228/6307
f 4192/6246 4191/6308 4175/6309 4174/6247
f 4191/6237 4190/6236 4169/6203 4168/6202
f 4191/6308 4168/6210 4173/6209 4175/6309
f 4229/6310 4231/6311 4232/6312 4233/6313
f 4229/6314 4233/6315 4234/6316 4235/6317
f 4229/6310 4235/6318 4230/6319 4231/6311
f 4237/6320 4240/6321 4241/6322 4242/6323
f 4238/6324 4243/6325 4241/6322 4244/6326
f 4239/6327 4245/6328 4246/6329
f 4247/6330 4242/6323 4241/6322 4243/6325
f 4248/6331 4249/6332 4250/6333 4251/6334
f 4251/6334 4250/6333 4236/6335
f 4244/6326 4241/6322 4240/6321 4252/6336
f 4238/6337 4244/6338 4252/6339
f 4247/6340 4243/6341 4238/6342
f 4253/6343 4257/6344 4258/6345 4259/6346
f 4254/6347 4260/6348 4261/6349 4262/6350
f 4255/6351 4263/6352 4264/6353 4265/6354
f 4256/6355 4266/6356 4267/6357 4268/6358
f 4267/6357 4266/6356 4265/6354 4264/6353
f 4267/6357 4264/6353 4258/6345 4261/6349
f 4267/6357 4261/6349 4260/6348 4268/6358
f 4264/6353 4263/6352 4259/6346 4258/6345
f 4261/6349 4258/6345 4257/6344 4262/6350
f 4269/6359 4273/6360 4274/6361 4275/6362
f 4270/6363 4276/6364 4277/6365 4278/6366
f 4271/6367 4279/6368 4280/6369 4281/6370
f 4272/6371 4282/6372 4283/6373 4284/6374
f 4284/6374 4283/6373 4280/6369 4279/6368
f 4283/6375 4282/6376 4278/6366 4277/6365
f 4283/6373 4277/6377 4274/6361 4280/6369
f 4280/6369 4274/6361 4273/6360 4281/6370
f 4277/6365 4276/6364 4275/6378 4274/6379
f 4285/6380 4286/6381 4287/6382 4288/6383
f 4285/6384 4288/6385 4289/6386 4290/6387
f 4285/6388 4290/6389 4291/6390 4286/6391
f 4289/6386 4288/6385 4292/6392 4293/6393
f 4292/6394 4288/6383 4287/6382 4294/6395
f 3466/6396 3866/5750 3867/5749
