# Blender 5.0.1
# www.blender.org
mtllib tripo_convert_e0767410-e8e4-42f6-af35-995c3fdcbcd8.mtl
o tripo_node_e0767410-e8e4-42f6-af35-995c3fdcbcd8
v 0.001839 0.295165 0.338836
v 0.002676 0.304304 0.350870
v 0.096794 0.457531 0.118770
v 0.076680 0.439930 -0.077565
v -0.027000 0.333892 -0.290241
v 0.081071 0.253214 -0.059680
v 0.056789 0.263993 0.078273
v 0.095248 0.256759 -0.012361
v 0.082043 0.263462 0.069867
v 0.083063 -0.469788 0.109768
v -0.003942 0.340999 -0.290546
v -0.061758 0.428507 -0.063997
v -0.103783 0.430566 -0.036599
v -0.146251 0.438918 0.009768
v 0.097393 0.295256 0.325174
v 0.106244 0.303647 0.331275
v 0.033460 0.305085 0.346129
v -0.031449 0.304994 0.345719
v -0.000551 0.292463 0.326293
v 0.090585 0.293193 0.316226
v 0.042174 0.315564 0.341552
v 0.003142 0.314588 0.345168
v -0.039913 0.314268 0.340843
v 0.099402 0.454531 0.105240
v 0.077338 0.454149 0.100112
v 0.073090 0.456146 0.109256
v 0.105313 0.459262 0.132731
v 0.132219 0.457990 0.114296
v 0.126579 0.456492 0.107169
v 0.122107 0.453484 0.099247
v 0.069616 0.458618 0.135340
v 0.074661 0.460086 0.147952
v 0.066592 0.440387 -0.064364
v 0.074293 0.435059 -0.060370
v 0.094251 0.436619 -0.074546
v 0.099722 0.439320 -0.091878
v 0.072589 0.438877 -0.093421
v 0.057950 0.440371 -0.070289
v 0.016306 0.332038 -0.302389
v -0.028195 0.331182 -0.302909
v 0.091530 0.253693 -0.056056
v 0.097773 0.254522 -0.066818
v 0.081040 0.253841 -0.068988
v 0.058253 0.253727 -0.061761
v 0.067685 0.253302 -0.052593
v 0.079223 0.254001 -0.044776
v 0.051339 0.264863 0.083822
v 0.069402 0.265749 0.091220
v 0.069464 0.264582 0.082220
v 0.053342 0.262815 0.068194
v 0.042077 0.263226 0.071827
v 0.068844 0.263251 0.069978
v 0.096687 0.258257 0.005774
v 0.122215 0.258756 0.006000
v 0.112049 0.256475 -0.019945
v 0.095151 0.254985 -0.035344
v 0.079959 0.255847 -0.020182
v 0.070651 0.257451 0.001695
v 0.087255 0.264523 0.079714
v 0.105698 0.263373 0.064310
v 0.089413 0.262283 0.055714
v 0.068563 0.261491 0.051082
v 0.085298 -0.470695 0.091547
v 0.126524 -0.467840 0.117871
v 0.108107 -0.467373 0.138493
v 0.084555 -0.467280 0.155317
v 0.063322 -0.470304 0.112996
v 0.061409 -0.471657 0.089230
v 0.099853 -0.474760 0.005465
v 0.096205 -0.473892 0.024453
v 0.069222 -0.475076 0.020467
v 0.081997 -0.475897 -0.003718
v -0.070632 -0.474045 0.129885
v -0.075039 -0.475517 0.105679
v -0.042109 -0.474435 0.104659
v -0.048069 -0.472631 0.141598
v -0.031332 -0.483806 -0.068192
v -0.008983 -0.482980 -0.067992
v -0.015913 -0.481374 -0.036114
v -0.044909 -0.483184 -0.048977
v -0.012278 0.354524 -0.287263
v 0.054965 0.351840 -0.282544
v 0.059554 0.339511 -0.283865
v -0.046430 0.432776 -0.071446
v -0.071944 0.432311 -0.093464
v -0.086991 0.428172 -0.073685
v -0.063857 0.430256 -0.036933
v -0.039969 0.432325 -0.038388
v -0.097415 0.433787 -0.010007
v -0.128380 0.438579 -0.018965
v -0.106077 0.441019 0.005303
v -0.131322 0.433633 -0.056094
v -0.149293 0.437297 -0.034170
v -0.072483 0.433790 -0.004242
v -0.141468 0.438328 -0.006665
v -0.159137 0.436738 -0.013340
v -0.158389 0.438618 0.011203
v -0.132812 0.441597 0.037659
v -0.117712 0.440991 0.020425
v -0.146059 0.441979 0.048444
v -0.124687 0.444543 0.080397
v -0.113898 0.443626 0.068162
v -0.169756 0.438971 0.017566
v -0.156771 0.442257 0.055915
v -0.132441 0.445468 0.089368
v -0.102714 0.448127 0.117724
v -0.095619 0.447059 0.106713
v -0.165977 0.444496 0.061973
v -0.141114 0.447792 0.098988
v -0.109434 0.450353 0.127298
v -0.069822 0.453360 0.149967
v -0.065295 0.450778 0.139603
v -0.144985 0.455254 0.102409
v -0.112594 0.459427 0.132010
v -0.072445 0.460943 0.155038
v -0.032653 0.463738 0.165461
v -0.030005 0.456004 0.160701
v -0.112881 0.469502 0.132759
v -0.073411 0.472385 0.154840
v -0.034681 0.474607 0.166860
v 0.003587 0.476742 0.170207
v 0.005350 0.466107 0.169665
v -0.077003 0.480283 0.161229
v -0.037114 0.482257 0.174097
v 0.002691 0.484021 0.177842
v 0.040794 0.484355 0.174114
v 0.039504 0.477605 0.165969
v -0.039767 0.484571 0.184607
v 0.002160 0.485994 0.189283
v 0.042479 0.486228 0.185671
v 0.082601 0.485185 0.174909
v 0.078714 0.483545 0.164316
v 0.001733 0.487228 0.201749
v 0.044557 0.487451 0.197597
v 0.086752 0.486437 0.186404
v 0.125908 0.484759 0.166683
v 0.119353 0.483688 0.156715
v 0.046938 0.488723 0.211560
v 0.091294 0.487652 0.198984
v 0.132670 0.485757 0.177288
v 0.169091 0.483502 0.148225
v 0.160227 0.482641 0.139279
v 0.095771 0.487830 0.211711
v 0.139379 0.485888 0.188164
v 0.177826 0.483192 0.157227
v 0.210962 0.479639 0.117667
v 0.200873 0.480548 0.111020
v 0.144605 0.479515 0.197452
v 0.184696 0.476463 0.164892
v 0.219012 0.472689 0.123474
v 0.243943 0.467960 0.073985
v 0.235470 0.475455 0.070222
v 0.187418 0.464041 0.169177
v 0.222475 0.460317 0.127173
v 0.247696 0.456210 0.076714
v 0.261326 0.453326 0.021476
v 0.256621 0.465027 0.019601
v 0.225005 0.445862 0.130411
v 0.250449 0.442646 0.079334
v 0.264653 0.439359 0.023275
v 0.266246 0.435639 -0.034753
v 0.262804 0.450679 -0.036178
v 0.253741 0.426570 0.082283
v 0.268495 0.422562 0.025499
v 0.270096 0.417980 -0.033084
v 0.258793 0.414603 -0.091294
v 0.254376 0.432691 -0.092200
v 0.272607 0.404501 0.027869
v 0.274113 0.399657 -0.031352
v 0.263572 0.395243 -0.090215
v 0.238481 0.391572 -0.144249
v 0.234158 0.410846 -0.144278
v 0.277157 0.386021 -0.029976
v 0.266865 0.381155 -0.089523
v 0.241730 0.377117 -0.144246
v 0.206462 0.373689 -0.192723
v 0.203511 0.388807 -0.192203
v 0.269572 0.369058 -0.088908
v 0.244511 0.364920 -0.144566
v 0.208823 0.361438 -0.193253
v 0.164813 0.357042 -0.233651
v 0.162427 0.369922 -0.232731
v 0.248781 0.354938 -0.145936
v 0.212450 0.350757 -0.195228
v 0.167823 0.346429 -0.235887
v 0.116092 0.341811 -0.265028
v 0.113883 0.353134 -0.263975
v 0.220042 0.345009 -0.200961
v 0.173637 0.340327 -0.242920
v 0.120738 0.336226 -0.272992
v 0.065323 0.333264 -0.292925
v 0.179463 0.338900 -0.250486
v 0.125605 0.334862 -0.282393
v 0.069448 0.332370 -0.302689
v 0.019472 0.330803 -0.312269
v 0.131532 0.333600 -0.293798
v 0.074682 0.330839 -0.314889
v 0.020245 0.329310 -0.324723
v -0.038503 0.328614 -0.323323
v -0.033803 0.330157 -0.312141
v 0.078283 0.326293 -0.324629
v 0.020636 0.324291 -0.334408
v -0.041653 0.323993 -0.332437
v -0.110969 0.323303 -0.313811
v -0.106573 0.328300 -0.305637
v 0.020785 0.315047 -0.339797
v -0.043766 0.314666 -0.337808
v -0.113962 0.314060 -0.318551
v -0.180928 0.315264 -0.284506
v -0.176993 0.324831 -0.280641
v -0.045140 0.303319 -0.337909
v -0.115230 0.302974 -0.319062
v -0.181926 0.303784 -0.284148
v -0.239157 0.304988 -0.236273
v -0.237822 0.316341 -0.236434
v -0.115620 0.291824 -0.317093
v -0.181800 0.292477 -0.282098
v -0.238385 0.293671 -0.234222
v -0.283992 0.295298 -0.175850
v -0.284992 0.306698 -0.177797
v -0.182465 0.281550 -0.281246
v -0.239261 0.282846 -0.233479
v -0.285367 0.284512 -0.175093
v -0.316556 0.288302 -0.109139
v -0.314807 0.298479 -0.109785
v -0.243200 0.272542 -0.236489
v -0.289907 0.274430 -0.176936
v -0.322291 0.277771 -0.109843
v -0.338078 0.284086 -0.038148
v -0.332101 0.293914 -0.038922
v -0.294568 0.263990 -0.179194
v -0.328286 0.267472 -0.110358
v -0.343806 0.273707 -0.036923
v -0.344958 0.278472 0.037590
v -0.339128 0.288578 0.035291
v -0.333347 0.258604 -0.110495
v -0.346242 0.263041 -0.035204
v -0.348947 0.267381 0.039918
v -0.329832 0.272303 0.116018
v -0.327193 0.284475 0.112596
v -0.339460 0.255554 -0.033045
v -0.339782 0.260272 0.040428
v -0.321550 0.266408 0.113980
v -0.285315 0.274828 0.181332
v -0.292888 0.280662 0.185384
v -0.327817 0.259711 0.039991
v -0.310313 0.265448 0.110776
v -0.275395 0.271950 0.176108
v -0.229596 0.278680 0.235224
v -0.237780 0.280164 0.242000
v -0.298808 0.265075 0.107352
v -0.265608 0.271000 0.170682
v -0.220845 0.277616 0.227712
v -0.162214 0.283273 0.272134
v -0.168165 0.284211 0.281228
v -0.257183 0.270428 0.166554
v -0.212534 0.274930 0.221778
v -0.156047 0.279350 0.263819
v -0.086600 0.283267 0.296356
v -0.089287 0.288278 0.302997
v -0.210638 0.265033 0.222297
v -0.154181 0.269566 0.264513
v -0.084768 0.274014 0.294890
v -0.001083 0.278394 0.306795
v -0.001125 0.289225 0.307406
v -0.152516 0.258050 0.265328
v -0.082565 0.262190 0.295219
v -0.000525 0.265671 0.306865
v 0.081094 0.265978 0.296213
v 0.082488 0.278390 0.296208
v -0.080240 0.246211 0.295729
v -0.000238 0.250028 0.307031
v 0.079657 0.250660 0.296763
v 0.148749 0.250308 0.268344
v 0.150230 0.265541 0.267436
v 0.000748 0.223345 0.307130
v 0.078320 0.224864 0.297381
v 0.146919 0.225231 0.269526
v 0.204379 0.224255 0.229002
v 0.205984 0.249098 0.227468
v 0.077222 0.181681 0.297783
v 0.144851 0.182489 0.270948
v 0.202171 0.181910 0.230840
v 0.248250 0.180146 0.180264
v 0.250301 0.221982 0.177665
v 0.143151 0.132813 0.271792
v 0.200117 0.132497 0.232515
v 0.246248 0.131120 0.182763
v 0.279319 0.128813 0.124473
v 0.281292 0.177663 0.121362
v 0.198448 0.082462 0.233753
v 0.244118 0.081250 0.184608
v 0.277448 0.079015 0.127280
v 0.297588 0.075813 0.064764
v 0.299560 0.125632 0.061280
v 0.242140 0.031239 0.186192
v 0.275510 0.029032 0.129849
v 0.295364 0.025864 0.068121
v 0.300935 0.021909 0.004092
v 0.302552 0.071831 -0.000053
v 0.273378 -0.021043 0.132121
v 0.293131 -0.024181 0.071311
v 0.298706 -0.028024 0.008129
v 0.289544 -0.032497 -0.054236
v 0.291476 0.017309 -0.058990
v 0.290734 -0.074243 0.074251
v 0.296331 -0.077980 0.011905
v 0.287415 -0.082336 -0.049644
v 0.264516 -0.087096 -0.107028
v 0.266231 -0.037375 -0.112316
v 0.294031 -0.127918 0.015556
v 0.285216 -0.132189 -0.045169
v 0.262699 -0.136845 -0.101854
v 0.228424 -0.141652 -0.151874
v 0.229973 -0.092073 -0.157824
v 0.282872 -0.182017 -0.040762
v 0.260484 -0.186564 -0.096664
v 0.226425 -0.191145 -0.145913
v 0.182745 -0.195588 -0.186523
v 0.184296 -0.146328 -0.193130
v 0.257896 -0.236149 -0.091385
v 0.224254 -0.240541 -0.140009
v 0.181092 -0.244777 -0.179987
v 0.130476 -0.248740 -0.209574
v 0.131674 -0.199721 -0.217018
v 0.221898 -0.289814 -0.134207
v 0.179163 -0.293957 -0.173386
v 0.129206 -0.297747 -0.202069
v 0.074598 -0.301050 -0.219394
v 0.074958 -0.252132 -0.227383
v 0.176951 -0.342936 -0.166549
v 0.127772 -0.346748 -0.194616
v 0.074100 -0.349850 -0.211070
v 0.018539 -0.352304 -0.215641
v 0.017862 -0.303705 -0.224266
v 0.126137 -0.393765 -0.187360
v 0.073459 -0.396880 -0.203235
v 0.019017 -0.398978 -0.207333
v -0.034667 -0.400061 -0.198914
v -0.036353 -0.354039 -0.207637
v 0.072680 -0.431473 -0.197493
v 0.019008 -0.433272 -0.201154
v -0.033654 -0.433774 -0.192462
v -0.082359 -0.434486 -0.171561
v -0.084463 -0.400858 -0.178255
v 0.018740 -0.453742 -0.197380
v -0.033219 -0.454437 -0.188505
v -0.081106 -0.455222 -0.167460
v -0.123287 -0.455302 -0.137602
v -0.125180 -0.434574 -0.141349
v -0.032829 -0.470366 -0.185344
v -0.080191 -0.470860 -0.164308
v -0.121757 -0.471076 -0.134656
v -0.156868 -0.470800 -0.097410
v -0.158873 -0.454182 -0.100089
v -0.078529 -0.484321 -0.159879
v -0.118331 -0.484126 -0.129760
v -0.152117 -0.483789 -0.092933
v -0.177770 -0.481623 -0.049643
v -0.183461 -0.468707 -0.053157
v -0.110234 -0.489233 -0.119896
v -0.141786 -0.488244 -0.084799
v -0.166167 -0.486673 -0.043814
v -0.182369 -0.484500 0.001418
v -0.194497 -0.479380 -0.001934
v -0.130249 -0.487745 -0.075827
v -0.152878 -0.486177 -0.037438
v -0.167834 -0.484158 0.004907
v -0.173565 -0.481887 0.049661
v -0.188334 -0.481856 0.049444
v -0.138044 -0.485343 -0.030474
v -0.151843 -0.483468 0.008671
v -0.157216 -0.481360 0.049971
v -0.153032 -0.478971 0.091050
v -0.169149 -0.479320 0.094486
v -0.126406 -0.482343 0.014464
v -0.130474 -0.480430 0.050464
v -0.127037 -0.478346 0.085867
v -0.116179 -0.476133 0.119410
v -0.139465 -0.476265 0.129974
v -0.087606 -0.478881 0.052291
v -0.083805 -0.477202 0.080282
v -0.047870 -0.477290 0.055828
v -0.044708 -0.475855 0.080119
v -0.020665 -0.476090 0.060362
v -0.020387 -0.474784 0.084236
v -0.019395 -0.473310 0.110839
v 0.001597 -0.472152 0.118722
v -0.001421 -0.469826 0.163547
v -0.026407 -0.471173 0.154655
v 0.001237 -0.473784 0.088766
v 0.001709 -0.475066 0.064809
v 0.022078 -0.474168 0.068243
v 0.021528 -0.472920 0.091659
v 0.023435 -0.471170 0.122769
v 0.044800 -0.470524 0.120912
v 0.056846 -0.467716 0.164968
v 0.027662 -0.468535 0.168632
v 0.041160 -0.472248 0.091395
v 0.041692 -0.473391 0.069936
v 0.062881 -0.472582 0.071160
v 0.043822 -0.474359 0.050750
v 0.064781 -0.473425 0.054312
v 0.097441 -0.472008 0.059292
v 0.092457 -0.471257 0.076513
v 0.146642 -0.469845 0.067456
v 0.139270 -0.468686 0.093857
v 0.192232 -0.467871 0.075980
v 0.182302 -0.466226 0.112062
v 0.164445 -0.465043 0.145448
v 0.209069 -0.464682 0.123711
v 0.187624 -0.463304 0.162727
v 0.157511 -0.462514 0.196649
v 0.138790 -0.464325 0.174516
v 0.119166 -0.462441 0.222040
v 0.106576 -0.464186 0.196995
v 0.075543 -0.463039 0.237868
v 0.069088 -0.464708 0.210829
v 0.030350 -0.464248 0.242881
v 0.030289 -0.465862 0.214993
v -0.013311 -0.466294 0.235730
v -0.007616 -0.467531 0.209601
v -0.053199 -0.468428 0.219898
v -0.042194 -0.469375 0.196165
v -0.088255 -0.470954 0.195924
v -0.072000 -0.471536 0.176391
v -0.117420 -0.473694 0.165371
v -0.097671 -0.473871 0.150004
v -0.099329 -0.470474 0.209307
v -0.130831 -0.473524 0.175747
v -0.154290 -0.476291 0.137032
v -0.142598 -0.472688 0.184742
v -0.167489 -0.475686 0.143215
v -0.183278 -0.479259 0.097410
v -0.178196 -0.469647 0.147617
v -0.195468 -0.474177 0.099337
v -0.200646 -0.476385 0.048863
v -0.199925 -0.460665 0.099558
v -0.205735 -0.463689 0.047913
v -0.199830 -0.466300 -0.003904
v -0.208180 -0.448782 0.046903
v -0.202360 -0.451033 -0.005483
v -0.185839 -0.452518 -0.055382
v -0.205465 -0.430412 -0.007603
v -0.188508 -0.431579 -0.058043
v -0.161321 -0.432815 -0.103361
v -0.193159 -0.398435 -0.062577
v -0.164994 -0.399854 -0.108432
v -0.128311 -0.400888 -0.147420
v -0.170576 -0.354121 -0.115798
v -0.132750 -0.355024 -0.155694
v -0.087520 -0.354958 -0.186872
v -0.137468 -0.306928 -0.164378
v -0.090818 -0.306772 -0.195816
v -0.038238 -0.305637 -0.216453
v -0.094101 -0.258208 -0.204719
v -0.040134 -0.256939 -0.225036
v 0.017167 -0.254871 -0.232808
v -0.042041 -0.208151 -0.233530
v 0.016424 -0.205966 -0.240803
v 0.075251 -0.203132 -0.235159
v 0.015635 -0.157071 -0.248736
v 0.075388 -0.154111 -0.242626
v 0.132602 -0.150569 -0.224070
v 0.075383 -0.105118 -0.250053
v 0.133216 -0.101387 -0.231167
v 0.185453 -0.096961 -0.199774
v 0.133652 -0.052125 -0.238148
v 0.186494 -0.047526 -0.206463
v 0.231345 -0.042487 -0.163821
v 0.187243 0.001915 -0.213194
v 0.232626 0.007090 -0.169946
v 0.267870 0.012323 -0.117736
v 0.233756 0.056615 -0.176158
v 0.269426 0.062038 -0.123244
v 0.293116 0.067158 -0.063781
v 0.270898 0.111705 -0.128842
v 0.294746 0.117020 -0.068654
v 0.304431 0.121707 -0.004269
v 0.296533 0.166015 -0.073599
v 0.306066 0.170660 -0.008416
v 0.301510 0.174571 0.057704
v 0.307115 0.210056 -0.011566
v 0.302707 0.213645 0.054582
v 0.283057 0.218037 0.118167
v 0.303464 0.236202 0.052685
v 0.284189 0.241367 0.116114
v 0.251829 0.246643 0.175672
v 0.284929 0.255949 0.114789
v 0.252915 0.261077 0.174384
v 0.207224 0.263826 0.226349
v 0.254262 0.273498 0.174127
v 0.208470 0.275809 0.225816
v 0.151475 0.278682 0.266696
v 0.211523 0.286000 0.227358
v 0.153855 0.288618 0.267933
v 0.085520 0.287753 0.299208
v 0.159785 0.290019 0.275494
v 0.088018 0.291486 0.305943
v -0.001041 0.291307 0.315305
v -0.091360 0.289284 0.313751
v -0.097438 0.290784 0.323382
v -0.175149 0.286587 0.290085
v -0.107745 0.300002 0.329108
v -0.180821 0.294402 0.294810
v -0.244478 0.289070 0.246594
v -0.181380 0.305617 0.290008
v -0.243050 0.298143 0.242163
v -0.291970 0.291764 0.181623
v -0.240180 0.307778 0.236529
v -0.288182 0.302061 0.176559
v -0.322998 0.294093 0.108910
v -0.284559 0.311394 0.172074
v -0.317685 0.303766 0.104893
v -0.333385 0.298254 0.033213
v -0.315009 0.313657 0.102216
v -0.330114 0.307895 0.031584
v -0.329242 0.303572 -0.039716
v -0.332891 0.319341 0.030000
v -0.331739 0.314428 -0.041764
v -0.316302 0.309801 -0.111886
v -0.332030 0.326444 -0.043668
v -0.315884 0.321072 -0.113330
v -0.283876 0.318062 -0.178604
v -0.311341 0.332164 -0.113221
v -0.279373 0.328373 -0.177383
v -0.233695 0.326707 -0.234049
v -0.270723 0.333890 -0.173085
v -0.226210 0.331637 -0.227735
v -0.170846 0.329949 -0.272994
v -0.217327 0.332949 -0.220145
v -0.164082 0.331300 -0.264063
v -0.101283 0.330187 -0.295213
v -0.157139 0.332534 -0.254728
v -0.095192 0.331358 -0.286559
v -0.151962 0.335703 -0.248548
v -0.088568 0.334082 -0.278085
v -0.148617 0.344264 -0.245712
v -0.084997 0.342702 -0.277595
v -0.146838 0.356019 -0.244530
v -0.085563 0.354643 -0.275295
v -0.144873 0.370037 -0.243240
v -0.085433 0.368243 -0.273110
v -0.015088 0.367462 -0.285370
v -0.083697 0.388705 -0.270082
v -0.015824 0.386152 -0.282840
v 0.051229 0.383449 -0.278700
v 0.053250 0.365501 -0.280888
v 0.109395 0.383389 -0.260796
v 0.111888 0.366437 -0.262643
v 0.159689 0.385785 -0.231627
v 0.106855 0.404420 -0.258206
v 0.156195 0.405915 -0.230100
v 0.199610 0.408505 -0.191469
v 0.152896 0.424532 -0.228637
v 0.195971 0.426995 -0.190833
v 0.229901 0.429622 -0.144455
v 0.192055 0.442769 -0.189674
v 0.225821 0.445681 -0.144415
v 0.250393 0.448280 -0.092903
v 0.218659 0.456357 -0.141686
v 0.243913 0.459851 -0.092121
v 0.256994 0.462311 -0.036826
v 0.232980 0.464257 -0.089398
v 0.246463 0.468317 -0.036712
v 0.247633 0.471788 0.017243
v 0.235023 0.468941 -0.036264
v 0.236339 0.473069 0.015148
v 0.224626 0.477110 0.065867
v 0.224875 0.472802 0.012975
v 0.213623 0.476675 0.061637
v 0.190634 0.480005 0.104337
v 0.202771 0.476000 0.057554
v 0.180768 0.479303 0.097927
v 0.151721 0.481753 0.130885
v 0.171351 0.478464 0.091718
v 0.143267 0.480900 0.123066
v 0.113059 0.482298 0.147296
v 0.135696 0.478499 0.116131
v 0.107775 0.477765 0.139352
v 0.075711 0.477380 0.155676
v 0.106108 0.467107 0.136087
v 0.075497 0.467035 0.153966
v 0.040155 0.466949 0.164648
v 0.040070 0.460788 0.157679
v 0.006279 0.460740 0.162752
v 0.038845 0.459379 0.145673
v 0.007335 0.459218 0.150355
v -0.026419 0.451703 0.148540
v 0.009692 0.456717 0.135976
v -0.021808 0.450378 0.136149
v -0.059950 0.449251 0.126656
v -0.016409 0.448860 0.118675
v -0.053854 0.447844 0.110808
v -0.087747 0.445916 0.093088
v -0.043477 0.445103 0.079025
v -0.072660 0.443608 0.063972
v -0.096139 0.442389 0.044235
v -0.060870 0.441241 0.028954
v -0.082011 0.441282 0.019753
v -0.049169 0.438734 -0.003006
v -0.029525 0.440583 -0.000872
v -0.024270 0.438299 -0.040512
v -0.035547 0.440640 0.037809
v -0.010507 0.441430 0.042543
v -0.011665 0.436368 0.000870
v -0.012186 0.445928 0.085165
v 0.012688 0.446012 0.085650
v 0.008237 0.442185 0.043956
v 0.013136 0.452440 0.115906
v 0.032430 0.455323 0.109630
v 0.025822 0.452477 0.081847
v 0.036566 0.457573 0.129796
v 0.058592 0.457014 0.121272
v 0.046149 0.454990 0.102315
v 0.055140 0.454470 0.094414
v 0.043448 0.452021 0.073933
v 0.035002 0.452310 0.077841
v 0.037715 0.448793 0.042995
v 0.029174 0.446136 0.043271
v 0.020484 0.442495 0.043736
v 0.030698 0.438145 0.002207
v 0.018878 0.436136 0.002317
v 0.005449 0.434572 0.002107
v 0.021980 0.434626 -0.040345
v 0.004995 0.434238 -0.041409
v -0.011589 0.436261 -0.041259
v 0.000182 0.430934 -0.083497
v -0.021179 0.431754 -0.080631
v -0.033428 0.434010 -0.076802
v -0.038495 0.427991 -0.117024
v -0.058965 0.429401 -0.106786
v -0.048736 0.425229 -0.149121
v -0.077993 0.426629 -0.131708
v -0.096628 0.428489 -0.111244
v -0.111027 0.432822 -0.088545
v -0.086383 0.425566 -0.147374
v -0.110635 0.427329 -0.124850
v -0.128936 0.430527 -0.099815
v -0.147487 0.434747 -0.067795
v -0.120879 0.426973 -0.136044
v -0.143163 0.428868 -0.108781
v -0.160948 0.431700 -0.075050
v -0.175821 0.434472 -0.043173
v -0.162491 0.435005 -0.039785
v -0.152827 0.428576 -0.114891
v -0.173069 0.432947 -0.080494
v -0.185408 0.439319 -0.045197
v -0.188489 0.442880 -0.011873
v -0.181758 0.437077 -0.012887
v -0.175382 0.443862 -0.082285
v -0.186013 0.448868 -0.046025
v -0.188952 0.453773 -0.011298
v -0.185379 0.458594 0.026308
v -0.184489 0.448306 0.025401
v -0.192029 0.458126 -0.047410
v -0.196507 0.461948 -0.010488
v -0.192445 0.466016 0.029369
v -0.176712 0.469890 0.070374
v -0.170372 0.462836 0.066327
v -0.207438 0.463991 -0.009123
v -0.203182 0.467877 0.033574
v -0.186102 0.471849 0.076417
v -0.158862 0.475716 0.115371
v -0.151092 0.473195 0.107971
v -0.214054 0.468199 0.037960
v -0.196071 0.472387 0.082817
v -0.167086 0.476449 0.123419
v -0.129657 0.480234 0.157291
v -0.123291 0.479391 0.147637
v -0.206928 0.472702 0.089589
v -0.176559 0.477037 0.132707
v -0.136781 0.481008 0.168132
v -0.091768 0.484342 0.193423
v -0.086576 0.483395 0.181731
v -0.186510 0.477137 0.142537
v -0.144937 0.481470 0.180475
v -0.097475 0.484855 0.206828
v -0.048492 0.487410 0.223218
v -0.045328 0.486823 0.209011
v -0.151854 0.475543 0.191970
v -0.102445 0.478990 0.219606
v -0.051075 0.481610 0.236280
v 0.000668 0.482526 0.242182
v 0.001011 0.489045 0.229873
v -0.104223 0.464627 0.226955
v -0.051753 0.467489 0.243151
v 0.000464 0.468471 0.247970
v 0.051057 0.468613 0.243472
v 0.050719 0.481924 0.237241
v -0.051717 0.450162 0.248633
v 0.000513 0.452109 0.252957
v 0.051111 0.452699 0.248548
v 0.100891 0.452303 0.233427
v 0.100353 0.468266 0.228326
v 0.000724 0.431752 0.259147
v 0.051373 0.432244 0.255076
v 0.101620 0.432199 0.239814
v 0.149558 0.431532 0.214011
v 0.147932 0.451009 0.207996
v 0.051532 0.414634 0.260465
v 0.102234 0.414951 0.245259
v 0.151053 0.414380 0.219235
v 0.195270 0.412750 0.183814
v 0.192734 0.429705 0.178909
v 0.102699 0.401940 0.249339
v 0.152370 0.401419 0.223072
v 0.197150 0.399814 0.187394
v 0.233550 0.397579 0.141108
v 0.231198 0.410876 0.138103
v 0.153317 0.390056 0.227006
v 0.198557 0.388291 0.190657
v 0.235675 0.385835 0.143916
v 0.263001 0.383524 0.089732
v 0.260362 0.395328 0.087488
v 0.201243 0.379638 0.195253
v 0.238515 0.376012 0.146990
v 0.268126 0.374233 0.092542
v 0.282356 0.368975 0.033170
v 0.278344 0.378994 0.031682
v 0.248003 0.373686 0.153983
v 0.276978 0.370318 0.096694
v 0.290596 0.366292 0.035007
v 0.293394 0.362259 -0.028086
v 0.282829 0.364129 -0.028194
v 0.285688 0.370150 0.100656
v 0.301307 0.366217 0.036793
v 0.304131 0.361908 -0.028558
v 0.292102 0.355844 -0.093647
v 0.281984 0.356293 -0.090737
v 0.314032 0.366082 0.039506
v 0.316810 0.361320 -0.029238
v 0.303887 0.355013 -0.097197
v 0.276298 0.348803 -0.159932
v 0.265842 0.349715 -0.153923
v 0.327221 0.358406 -0.029410
v 0.314183 0.351502 -0.099805
v 0.285764 0.345124 -0.164914
v 0.244583 0.339461 -0.221165
v 0.236344 0.342991 -0.214616
v 0.321217 0.342707 -0.100735
v 0.291684 0.335816 -0.166887
v 0.250074 0.329815 -0.224816
v 0.198310 0.324889 -0.273179
v 0.194043 0.333750 -0.268569
v 0.293309 0.324614 -0.166020
v 0.251940 0.318723 -0.224687
v 0.199721 0.313380 -0.273673
v 0.140430 0.308594 -0.309216
v 0.139585 0.319972 -0.308743
v 0.251460 0.307177 -0.222714
v 0.199597 0.301967 -0.272063
v 0.140375 0.297205 -0.308093
v 0.081884 0.293020 -0.330206
v 0.081562 0.305030 -0.331632
v 0.197634 0.291881 -0.268548
v 0.139812 0.287410 -0.307073
v 0.082310 0.283047 -0.326776
v 0.019991 0.281719 -0.335206
v 0.019904 0.292325 -0.338533
v 0.142076 0.277275 -0.311187
v 0.084334 0.273403 -0.331117
v 0.020519 0.273863 -0.340443
v -0.048329 0.271604 -0.338017
v -0.046974 0.281350 -0.334531
v 0.086262 0.263197 -0.335549
v 0.020993 0.263738 -0.345443
v -0.050055 0.261325 -0.342939
v -0.121331 0.260812 -0.322770
v -0.118641 0.271130 -0.318928
v 0.020812 0.252424 -0.348001
v -0.051282 0.250588 -0.345798
v -0.123862 0.249935 -0.325130
v -0.191809 0.250254 -0.291031
v -0.188462 0.261400 -0.288104
v -0.051355 0.240521 -0.340916
v -0.123063 0.240725 -0.320678
v -0.189304 0.239614 -0.285760
v -0.245528 0.242286 -0.235805
v -0.249518 0.251770 -0.240697
v -0.119632 0.237300 -0.310110
v -0.183915 0.238302 -0.276348
v -0.237830 0.240502 -0.227982
v -0.283153 0.244441 -0.168636
v -0.291880 0.245136 -0.175465
v -0.177955 0.238132 -0.265959
v -0.229728 0.240745 -0.219863
v -0.273310 0.245015 -0.161361
v -0.302510 0.249065 -0.097229
v -0.315379 0.248957 -0.102017
v -0.222605 0.240987 -0.212434
v -0.267051 0.245478 -0.156816
v -0.293672 0.247749 -0.093862
v -0.307583 0.251282 -0.027681
v -0.316337 0.253848 -0.029431
v -0.263642 0.235221 -0.153726
v -0.290592 0.238183 -0.091775
v -0.303192 0.241303 -0.025547
v -0.301868 0.245282 0.040588
v -0.306917 0.255472 0.039298
v -0.289921 0.225293 -0.089805
v -0.302080 0.228550 -0.023913
v -0.300182 0.232581 0.042279
v -0.283722 0.239864 0.106959
v -0.285405 0.252626 0.105316
v -0.300833 0.212836 -0.021772
v -0.298353 0.216964 0.044385
v -0.281770 0.224386 0.108942
v -0.250614 0.231507 0.170180
v -0.252432 0.247144 0.168273
v -0.295292 0.191678 0.047658
v -0.278342 0.198150 0.112196
v -0.247199 0.204535 0.172765
v -0.202449 0.209137 0.225340
v -0.206532 0.236665 0.223844
v -0.272694 0.154566 0.116769
v -0.240994 0.159999 0.176035
v -0.196363 0.164906 0.227831
v -0.139433 0.170073 0.269389
v -0.145506 0.214003 0.267471
v -0.233890 0.110576 0.179452
v -0.189426 0.115777 0.230394
v -0.132956 0.120981 0.270753
v -0.067016 0.125872 0.297169
v -0.071946 0.175310 0.297170
v -0.182288 0.066172 0.232243
v -0.126644 0.071283 0.271440
v -0.062281 0.075847 0.296944
v 0.007392 0.079430 0.305226
v 0.004894 0.129636 0.305988
v -0.120704 0.021390 0.271786
v -0.057760 0.025730 0.296491
v 0.010042 0.029185 0.304413
v 0.077985 0.031400 0.296298
v 0.077283 0.081668 0.297203
v -0.053471 -0.024392 0.295641
v 0.012658 -0.021072 0.303242
v 0.078922 -0.018885 0.295430
v 0.140914 -0.017817 0.271761
v 0.141379 0.032429 0.272113
v 0.015162 -0.071342 0.302142
v 0.079867 -0.069184 0.294427
v 0.140644 -0.068090 0.271233
v 0.194552 -0.067962 0.235505
v 0.195638 -0.017779 0.235102
v 0.080954 -0.119504 0.293386
v 0.140556 -0.118418 0.270650
v 0.193628 -0.118317 0.235792
v 0.237095 -0.119274 0.190136
v 0.238700 -0.068993 0.188921
v 0.140506 -0.168822 0.270004
v 0.192617 -0.168811 0.235784
v 0.235506 -0.169691 0.191079
v 0.266859 -0.171538 0.137990
v 0.269060 -0.121344 0.136243
v 0.191297 -0.219409 0.235404
v 0.233552 -0.220206 0.191577
v 0.264588 -0.221820 0.139493
v 0.283734 -0.224397 0.082216
v 0.286056 -0.174313 0.079724
v 0.231256 -0.270827 0.191633
v 0.261881 -0.272195 0.140699
v 0.280756 -0.274587 0.084539
v 0.286009 -0.277808 0.025938
v 0.289058 -0.227822 0.022509
v 0.259105 -0.322653 0.141683
v 0.277257 -0.324687 0.086598
v 0.282278 -0.327444 0.029060
v 0.273660 -0.330732 -0.027898
v 0.277279 -0.281489 -0.032059
v 0.274212 -0.372640 0.088444
v 0.279149 -0.374788 0.031945
v 0.270718 -0.377661 -0.024205
v 0.249160 -0.381340 -0.076636
v 0.252259 -0.334591 -0.081284
v 0.277211 -0.409849 0.033889
v 0.268466 -0.411968 -0.021796
v 0.246778 -0.415121 -0.073560
v 0.214716 -0.419570 -0.119076
v 0.216682 -0.385479 -0.122734
v 0.266963 -0.433159 -0.020466
v 0.245229 -0.436585 -0.071732
v 0.213191 -0.441178 -0.116679
v 0.171502 -0.444985 -0.152529
v 0.172829 -0.423410 -0.155280
v 0.243926 -0.453176 -0.070293
v 0.211962 -0.457657 -0.114797
v 0.170516 -0.461515 -0.150459
v 0.122856 -0.464535 -0.176100
v 0.123630 -0.448843 -0.178676
v 0.208009 -0.471646 -0.110843
v 0.167447 -0.475239 -0.145922
v 0.120975 -0.477641 -0.171306
v 0.070246 -0.480845 -0.187381
v 0.071395 -0.467306 -0.191480
v 0.159741 -0.480206 -0.135155
v 0.115937 -0.483329 -0.160007
v 0.067711 -0.485962 -0.174406
v 0.018682 -0.487605 -0.175618
v 0.018424 -0.482103 -0.188181
v 0.109337 -0.483256 -0.146008
v 0.064449 -0.485693 -0.159066
v 0.018864 -0.487401 -0.160425
v -0.024681 -0.488434 -0.151421
v -0.028488 -0.488946 -0.166510
v 0.060589 -0.484878 -0.142090
v 0.018954 -0.486465 -0.143310
v -0.020682 -0.487402 -0.135225
v -0.057773 -0.487799 -0.119502
v -0.065195 -0.488867 -0.134020
v 0.018618 -0.484887 -0.116517
v -0.014882 -0.485718 -0.110338
v -0.046140 -0.486071 -0.097438
v -0.074735 -0.485924 -0.077204
v -0.090709 -0.487620 -0.096319
v -0.117589 -0.486789 -0.066073
v -0.100883 -0.488665 -0.108644
v -0.097423 -0.485242 -0.051313
v -0.115016 -0.484016 -0.020136
v -0.062156 -0.482679 -0.029370
v -0.076484 -0.481772 -0.004725
v -0.084819 -0.480452 0.023189
v -0.027908 -0.480561 -0.014442
v -0.039395 -0.479719 0.007466
v -0.046252 -0.478612 0.031208
v -0.012533 -0.478376 0.014371
v -0.018242 -0.477291 0.037171
v 0.009538 -0.477287 0.019916
v 0.004315 -0.476220 0.042189
v 0.028950 -0.476274 0.025711
v 0.024500 -0.475258 0.046753
v 0.046795 -0.475278 0.032017
v 0.036170 -0.477251 0.003531
v 0.052383 -0.476166 0.012071
v 0.066130 -0.474267 0.037700
v 0.098020 -0.472924 0.041655
v 0.143160 -0.472772 0.014314
v 0.147548 -0.471223 0.040843
v 0.186483 -0.471976 0.003018
v 0.193574 -0.469811 0.039241
v 0.214638 -0.471502 -0.004641
v 0.223223 -0.468946 0.038231
v 0.221606 -0.466650 0.081706
v 0.241119 -0.468372 0.037697
v 0.238734 -0.465924 0.084964
v 0.225336 -0.463689 0.131013
v 0.253634 -0.464944 0.087880
v 0.239172 -0.462507 0.137166
v 0.214094 -0.460843 0.182056
v 0.201844 -0.462246 0.173091
v 0.179002 -0.459403 0.221877
v 0.168888 -0.461363 0.210038
v 0.133611 -0.460178 0.251375
v 0.126827 -0.461357 0.237693
v 0.082879 -0.460826 0.269633
v 0.079399 -0.462027 0.254574
v 0.029989 -0.461862 0.274944
v 0.030227 -0.463267 0.259680
v -0.020926 -0.463972 0.266745
v -0.017382 -0.465400 0.252461
v -0.067402 -0.466699 0.248822
v -0.060759 -0.467818 0.235307
v -0.109023 -0.469500 0.221043
v -0.072856 -0.459535 0.258998
v -0.116725 -0.462690 0.229669
v -0.151942 -0.465949 0.191369
v -0.119578 -0.449151 0.232129
v -0.155774 -0.452768 0.193272
v -0.183039 -0.456720 0.148886
v -0.157806 -0.437591 0.193644
v -0.185393 -0.441793 0.148689
v -0.202111 -0.445652 0.098945
v -0.188222 -0.422127 0.148308
v -0.205049 -0.425838 0.098084
v -0.211315 -0.428790 0.045483
v -0.210558 -0.391372 0.096387
v -0.216760 -0.394478 0.042740
v -0.210551 -0.396730 -0.011244
v -0.223841 -0.347556 0.038616
v -0.217731 -0.350447 -0.016538
v -0.199697 -0.352643 -0.068886
v -0.225213 -0.301886 -0.022345
v -0.206418 -0.304360 -0.075793
v -0.176469 -0.306066 -0.123739
v -0.212664 -0.255669 -0.082697
v -0.182036 -0.257524 -0.131629
v -0.141994 -0.258389 -0.172936
v -0.187069 -0.208668 -0.139200
v -0.146269 -0.209601 -0.181389
v -0.097108 -0.209396 -0.213286
v -0.150120 -0.160619 -0.189524
v -0.099925 -0.160435 -0.221710
v -0.043845 -0.159266 -0.241851
v -0.102403 -0.111299 -0.229542
v -0.045377 -0.110306 -0.250022
v 0.014944 -0.108207 -0.256711
v -0.046793 -0.061328 -0.258191
v 0.014309 -0.059219 -0.264613
v 0.075361 -0.056098 -0.257713
v 0.013663 -0.010142 -0.272634
v 0.075223 -0.006979 -0.265503
v 0.133912 -0.002882 -0.245418
v 0.075025 0.042226 -0.273206
v 0.134043 0.046373 -0.252762
v 0.187843 0.051286 -0.220061
v 0.133999 0.095661 -0.259977
v 0.188215 0.100575 -0.226892
v 0.234789 0.106018 -0.182480
v 0.188223 0.149046 -0.233471
v 0.235454 0.154550 -0.188687
v 0.271852 0.160578 -0.134242
v 0.235241 0.193905 -0.193395
v 0.272159 0.200194 -0.138688
v 0.297295 0.205597 -0.077471
v 0.271841 0.222883 -0.141367
v 0.297380 0.229045 -0.079689
v 0.307567 0.233186 -0.013396
v 0.297261 0.243693 -0.081229
v 0.307773 0.247518 -0.014835
v 0.303976 0.250799 0.051307
v 0.308241 0.259679 -0.016044
v 0.304590 0.263432 0.050023
v 0.286027 0.268111 0.113813
v 0.308708 0.272812 0.049505
v 0.290120 0.277560 0.113932
v 0.257389 0.284398 0.174309
v 0.299366 0.282307 0.116771
v 0.264891 0.285507 0.178510
v 0.218155 0.288824 0.233213
v 0.274061 0.286691 0.183977
v 0.226426 0.290087 0.240148
v 0.167566 0.291850 0.286161
v 0.235038 0.292641 0.246981
v 0.174316 0.294504 0.294339
v 0.240391 0.301168 0.251072
v 0.180502 0.302954 0.300884
v 0.238106 0.312109 0.247089
v 0.178198 0.312951 0.294223
v 0.109537 0.314742 0.326386
v 0.176017 0.322143 0.288179
v 0.110347 0.324543 0.319023
v 0.046096 0.324717 0.334902
v 0.110609 0.333510 0.311627
v 0.048412 0.334867 0.327731
v 0.003745 0.333920 0.332173
v 0.004099 0.324053 0.338866
v -0.046379 0.332620 0.328684
v -0.044004 0.323968 0.334310
v -0.112458 0.329131 0.309933
v -0.112058 0.321125 0.316343
v -0.111072 0.312180 0.323357
v -0.180502 0.314841 0.283946
v -0.179409 0.324374 0.278015
v -0.237039 0.317612 0.230527
v -0.179594 0.334246 0.274747
v -0.235784 0.327729 0.226531
v -0.283205 0.321389 0.169081
v -0.238517 0.338316 0.226572
v -0.284338 0.332686 0.167554
v -0.317758 0.325522 0.101234
v -0.284538 0.343748 0.165589
v -0.317623 0.336635 0.099388
v -0.332465 0.331080 0.028143
v -0.314194 0.347892 0.096470
v -0.329041 0.341964 0.026210
v -0.327943 0.337252 -0.045084
v -0.320025 0.348414 0.023856
v -0.318265 0.343342 -0.045053
v -0.301745 0.338033 -0.110935
v -0.306715 0.344544 -0.044764
v -0.289974 0.339585 -0.107547
v -0.260103 0.335744 -0.166875
v -0.278706 0.340671 -0.103467
v -0.250501 0.337129 -0.161491
v -0.209465 0.333769 -0.213428
v -0.242625 0.340396 -0.157497
v -0.201690 0.334727 -0.206553
v -0.237421 0.349286 -0.155741
v -0.198300 0.345925 -0.205002
v -0.234453 0.361425 -0.155579
v -0.195948 0.358307 -0.204531
v -0.231492 0.375456 -0.155908
v -0.193315 0.372530 -0.203885
v -0.227407 0.395970 -0.156097
v -0.189585 0.394111 -0.202621
v -0.142075 0.391564 -0.241217
v -0.186330 0.413980 -0.201233
v -0.139491 0.412040 -0.239201
v -0.082350 0.409605 -0.266765
v -0.137465 0.428523 -0.237367
v -0.081085 0.426163 -0.264290
v -0.016879 0.424329 -0.277079
v -0.016547 0.406782 -0.279740
v 0.047472 0.423761 -0.273395
v 0.049242 0.404661 -0.275953
v 0.104534 0.423543 -0.255848
v 0.045880 0.438410 -0.268417
v 0.102223 0.439015 -0.252470
v 0.149447 0.440483 -0.226652
v 0.097585 0.447397 -0.243027
v 0.143161 0.449523 -0.219022
v 0.184899 0.452457 -0.184413
v 0.135222 0.451846 -0.208419
v 0.175423 0.455592 -0.176472
v 0.208417 0.459820 -0.136321
v 0.165753 0.456267 -0.167989
v 0.197351 0.460381 -0.129989
v 0.221305 0.464581 -0.086069
v 0.186979 0.460663 -0.123887
v 0.210081 0.464630 -0.082456
v 0.223523 0.468809 -0.035828
v 0.199398 0.464527 -0.078673
v 0.212266 0.468520 -0.035196
v 0.213568 0.472333 0.010864
v 0.201208 0.467660 -0.034545
v 0.202271 0.471723 0.009001
v 0.192486 0.475343 0.053787
v 0.192886 0.469191 0.007494
v 0.182203 0.474698 0.049973
v 0.162846 0.477357 0.085875
v 0.177634 0.465807 0.049179
v 0.158674 0.469130 0.084372
v 0.134056 0.468792 0.115194
v 0.157107 0.459137 0.085083
v 0.177371 0.456513 0.050198
v 0.169539 0.451093 0.047733
v 0.151559 0.453657 0.082239
v 0.162505 0.446334 0.045849
v 0.145745 0.449298 0.078759
v 0.160087 0.437287 0.045970
v 0.144034 0.440578 0.078690
v 0.120595 0.443587 0.096014
v 0.144067 0.428494 0.080094
v 0.120885 0.431222 0.098360
v 0.096516 0.433118 0.102672
v 0.098481 0.444807 0.099780
v 0.075431 0.434062 0.098191
v 0.078641 0.444704 0.095402
v 0.059700 0.433642 0.087855
v 0.064073 0.443209 0.085044
v 0.061481 0.451759 0.087894
v 0.053302 0.441384 0.069779
v 0.051393 0.449976 0.070434
v 0.051176 0.439094 0.042988
v 0.048089 0.448619 0.042977
v 0.057239 0.436407 0.001099
v 0.052021 0.445175 0.001583
v 0.041139 0.445788 0.001670
v 0.056653 0.442489 -0.037635
v 0.045804 0.440744 -0.037906
v 0.036818 0.435072 -0.038176
v 0.047158 0.432022 -0.074044
v 0.027523 0.431384 -0.080033
v 0.054980 0.429666 -0.102885
v 0.029902 0.428308 -0.115119
v -0.006180 0.427544 -0.122795
v 0.030601 0.425480 -0.148537
v -0.008301 0.424839 -0.155050
v 0.032217 0.423591 -0.171993
v -0.008998 0.423366 -0.173593
v -0.051640 0.423956 -0.165426
v -0.010070 0.423275 -0.188322
v -0.054636 0.423237 -0.179534
v -0.092527 0.425118 -0.159305
v -0.057438 0.426886 -0.189815
v -0.098498 0.426149 -0.170138
v -0.128885 0.427413 -0.144496
v -0.098058 0.437230 -0.172327
v -0.129971 0.438333 -0.147282
v -0.155481 0.439798 -0.117003
v -0.132958 0.449425 -0.151479
v -0.159345 0.451379 -0.120082
v -0.179286 0.454430 -0.084572
v -0.168787 0.454370 -0.126126
v -0.189764 0.457454 -0.088702
v -0.202733 0.460597 -0.049257
v -0.201298 0.457198 -0.093068
v -0.214706 0.460508 -0.050878
v -0.219162 0.464127 -0.007558
v -0.227559 0.460129 -0.052390
v -0.231781 0.464053 -0.005779
v -0.226002 0.468269 0.042485
v -0.245510 0.463443 -0.003814
v -0.238676 0.467227 0.047334
v -0.218452 0.472491 0.096871
v -0.249124 0.460280 0.052257
v -0.228168 0.465681 0.104117
v -0.195112 0.471032 0.152088
v -0.232453 0.451904 0.109511
v -0.198116 0.456630 0.157912
v -0.154384 0.460915 0.198414
v -0.199834 0.439068 0.163069
v -0.155639 0.443594 0.203704
v -0.104686 0.447134 0.232414
v -0.157357 0.420513 0.210644
v -0.105401 0.424298 0.239662
v -0.051578 0.428539 0.255120
v -0.105910 0.406442 0.245391
v -0.051258 0.410498 0.260529
v 0.001083 0.413297 0.264877
v -0.050903 0.397716 0.264404
v 0.001266 0.400056 0.268903
v 0.051410 0.401162 0.264468
v 0.001349 0.388147 0.272686
v 0.051524 0.389137 0.267617
v 0.103132 0.390155 0.252682
v 0.051690 0.381129 0.273991
v 0.104551 0.380373 0.259197
v 0.155648 0.381580 0.233014
v 0.106866 0.380524 0.268625
v 0.159911 0.379329 0.241677
v 0.208514 0.376518 0.203540
v 0.165217 0.379727 0.251677
v 0.215045 0.377015 0.211166
v 0.256115 0.373922 0.160045
v 0.222926 0.377147 0.220481
v 0.265680 0.373754 0.167078
v 0.296390 0.370254 0.105632
v 0.274029 0.370087 0.173487
v 0.306680 0.366991 0.110461
v 0.324288 0.362834 0.041948
v 0.312276 0.357558 0.113783
v 0.330964 0.354107 0.043780
v 0.334417 0.350127 -0.028961
v 0.332921 0.342530 0.045290
v 0.336076 0.338386 -0.027481
v 0.323210 0.331342 -0.100091
v 0.335290 0.327111 -0.025868
v 0.322171 0.319648 -0.098320
v 0.292840 0.313134 -0.164282
v 0.320480 0.309561 -0.096280
v 0.291927 0.303603 -0.162236
v 0.249636 0.296964 -0.219495
v 0.297561 0.294169 -0.164098
v 0.254560 0.289353 -0.222994
v 0.201669 0.283575 -0.272684
v 0.259307 0.279694 -0.226086
v 0.205934 0.273984 -0.276987
v 0.144258 0.267392 -0.315628
v 0.209106 0.262670 -0.279446
v 0.145964 0.256837 -0.319035
v 0.087838 0.252764 -0.340021
v 0.144909 0.246332 -0.315459
v 0.087163 0.243057 -0.336936
v 0.019928 0.242468 -0.345054
v 0.084394 0.241204 -0.325991
v 0.018556 0.238703 -0.333799
v -0.050926 0.237769 -0.330041
v 0.015552 0.238659 -0.324480
v -0.050465 0.237235 -0.319121
v -0.116923 0.236697 -0.299774
v -0.049842 0.234780 -0.310061
v -0.114472 0.233868 -0.290970
v -0.172629 0.237908 -0.257554
v -0.113812 0.226776 -0.286697
v -0.170909 0.229197 -0.253097
v -0.221240 0.232151 -0.209690
v -0.171205 0.217814 -0.250951
v -0.221071 0.220335 -0.207904
v -0.262660 0.222507 -0.151925
v -0.221713 0.205231 -0.204399
v -0.261867 0.207154 -0.149178
v -0.289022 0.209722 -0.087438
v -0.259871 0.181701 -0.145571
v -0.286609 0.183820 -0.084020
v -0.298229 0.186984 -0.018504
v -0.281909 0.140648 -0.078724
v -0.292990 0.144416 -0.013711
v -0.289977 0.149165 0.052477
v -0.286685 0.095413 -0.007906
v -0.283588 0.100020 0.057717
v -0.265887 0.105213 0.121235
v -0.276373 0.050511 0.062617
v -0.258453 0.055550 0.125176
v -0.226666 0.060864 0.182530
v -0.251031 0.005954 0.128825
v -0.219586 0.011136 0.185328
v -0.175446 0.016421 0.233767
v -0.212451 -0.038561 0.187641
v -0.168874 -0.033436 0.234997
v -0.115115 -0.028573 0.271939
v -0.162555 -0.083354 0.235981
v -0.109772 -0.078639 0.271950
v -0.049430 -0.074563 0.294830
v -0.104598 -0.128781 0.271779
v -0.045507 -0.124823 0.293942
v 0.017667 -0.121657 0.301151
v -0.041597 -0.175167 0.292938
v 0.020223 -0.172091 0.299991
v 0.082092 -0.169929 0.292179
v 0.022734 -0.222628 0.298144
v 0.083345 -0.220539 0.290911
v 0.140464 -0.219442 0.269288
v 0.084435 -0.271429 0.289093
v 0.140206 -0.270319 0.267817
v 0.189989 -0.270162 0.234745
v 0.139995 -0.321423 0.266021
v 0.188657 -0.321122 0.233914
v 0.228855 -0.321516 0.191499
v 0.187710 -0.370081 0.233082
v 0.226891 -0.370136 0.191279
v 0.256815 -0.370974 0.142566
v 0.226189 -0.405026 0.191214
v 0.255475 -0.405587 0.143095
v 0.272267 -0.407699 0.089523
v 0.254783 -0.426991 0.143116
v 0.271147 -0.428972 0.089986
v 0.275904 -0.431023 0.035046
v 0.270149 -0.444861 0.090323
v 0.274846 -0.447487 0.035870
v 0.265597 -0.449783 -0.019395
v 0.270537 -0.462306 0.036829
v 0.260977 -0.464525 -0.017444
v 0.239866 -0.467664 -0.067464
v 0.248429 -0.470502 -0.013785
v 0.228138 -0.473770 -0.060901
v 0.198009 -0.477028 -0.101797
v 0.213625 -0.474187 -0.053196
v 0.186125 -0.477218 -0.091623
v 0.150533 -0.480343 -0.122982
v 0.172558 -0.477005 -0.080111
v 0.140048 -0.479859 -0.109045
v 0.101975 -0.482577 -0.130330
v 0.122716 -0.479031 -0.086483
v 0.089915 -0.481453 -0.105341
v 0.054056 -0.483485 -0.115171
v 0.070641 -0.479804 -0.066069
v 0.042529 -0.481310 -0.072426
v 0.015265 -0.482337 -0.072068
v 0.028880 -0.479479 -0.031603
v 0.006512 -0.480409 -0.033441
v 0.017452 -0.478294 -0.002915
v -0.003930 -0.479354 -0.008259
v 0.050031 -0.478378 -0.026513
v 0.095810 -0.478002 -0.052094
v 0.067910 -0.477122 -0.016374
v 0.116524 -0.476200 -0.033122
v 0.150343 -0.476606 -0.061240
v 0.171779 -0.474271 -0.030991
v 0.132110 -0.474473 -0.010717
v 0.197693 -0.474228 -0.044704
v 0.232338 -0.471173 -0.009403
v 0.257187 -0.467359 0.037303
v 0.265864 -0.458492 0.090029
v 0.254217 -0.443092 0.143221
v 0.251084 -0.456784 0.142179
v 0.225484 -0.440895 0.190441
v 0.223067 -0.453880 0.188731
v 0.186930 -0.439995 0.231543
v 0.186910 -0.452810 0.231640
v 0.139213 -0.440337 0.262638
v 0.138385 -0.453897 0.260910
v 0.085738 -0.440747 0.282151
v 0.085694 -0.454555 0.280300
v 0.029781 -0.441433 0.288676
v 0.030047 -0.455072 0.287377
v -0.024883 -0.443083 0.281501
v -0.023956 -0.456495 0.278508
v -0.074910 -0.445772 0.261980
v -0.025140 -0.428198 0.282330
v -0.076006 -0.430678 0.262763
v -0.121073 -0.433844 0.232723
v -0.077466 -0.410832 0.263703
v -0.123143 -0.413143 0.233421
v -0.160407 -0.417230 0.193970
v -0.126654 -0.379816 0.234272
v -0.164741 -0.383495 0.194223
v -0.193051 -0.387531 0.147552
v -0.171243 -0.336538 0.194547
v -0.199920 -0.340350 0.146339
v -0.218225 -0.344211 0.093769
v -0.207454 -0.291123 0.144817
v -0.226148 -0.295124 0.090701
v -0.231925 -0.298744 0.034038
v -0.233716 -0.245937 0.087397
v -0.239623 -0.249737 0.029323
v -0.232349 -0.253012 -0.028265
v -0.246535 -0.200565 0.024628
v -0.239125 -0.204023 -0.034228
v -0.218761 -0.206820 -0.089667
v -0.245586 -0.154971 -0.040238
v -0.224777 -0.157831 -0.096734
v -0.192020 -0.159690 -0.146865
v -0.230138 -0.108638 -0.103554
v -0.196756 -0.110593 -0.154433
v -0.153718 -0.111485 -0.197254
v -0.201324 -0.061436 -0.162131
v -0.157182 -0.062335 -0.205105
v -0.104717 -0.062220 -0.237420
v -0.160771 -0.013277 -0.213302
v -0.107023 -0.013262 -0.245491
v -0.048168 -0.012347 -0.266386
v -0.109508 0.035557 -0.254209
v -0.049564 0.036647 -0.274521
v 0.012974 0.039048 -0.280349
v -0.050728 0.085580 -0.282722
v 0.012409 0.088147 -0.288062
v 0.074789 0.091466 -0.280633
v 0.012101 0.136612 -0.295540
v 0.074702 0.140032 -0.287808
v 0.133694 0.144238 -0.266736
v 0.074741 0.180169 -0.293470
v 0.133216 0.184101 -0.272140
v 0.187964 0.188705 -0.238864
v 0.132787 0.207150 -0.274912
v 0.187209 0.211255 -0.240974
v 0.234853 0.216086 -0.196011
v 0.186654 0.225517 -0.242282
v 0.234586 0.230348 -0.197711
v 0.271659 0.237315 -0.142971
v 0.234921 0.242004 -0.199678
v 0.271568 0.249349 -0.144188
v 0.297486 0.255491 -0.082390
v 0.275639 0.258821 -0.147341
v 0.301030 0.266256 -0.084305
v 0.311409 0.268986 -0.017350
v 0.309999 0.266953 -0.087147
v 0.321528 0.272282 -0.018103
v 0.318152 0.277603 0.050063
v 0.333277 0.273427 -0.018611
v 0.329010 0.279075 0.051298
v 0.309833 0.283643 0.119842
v 0.340353 0.281916 0.053054
v 0.320092 0.285954 0.123409
v 0.283753 0.289517 0.189859
v 0.326159 0.295160 0.125154
v 0.289510 0.299163 0.192934
v 0.322509 0.306972 0.122213
v 0.286659 0.310352 0.189576
v 0.316942 0.316088 0.119276
v 0.282022 0.319992 0.185464
v 0.234284 0.321312 0.242069
v 0.276772 0.328433 0.180708
v 0.230468 0.330432 0.236930
v 0.174058 0.331389 0.282524
v 0.230727 0.339500 0.235288
v 0.174162 0.343042 0.279202
v 0.111930 0.343289 0.308170
v 0.175831 0.353153 0.279023
v 0.114345 0.354153 0.309239
v 0.053233 0.354881 0.324248
v 0.050746 0.343286 0.324476
v 0.002785 0.355176 0.330733
v 0.003040 0.343950 0.328851
v -0.051989 0.354455 0.325318
v -0.049117 0.343477 0.325874
v -0.116772 0.350725 0.307115
v -0.113685 0.339827 0.306171
v -0.181713 0.345019 0.273892
v -0.118455 0.361737 0.306083
v -0.182598 0.356380 0.271946
v -0.239162 0.350191 0.224597
v -0.181230 0.366261 0.266992
v -0.237083 0.360505 0.220228
v -0.282070 0.354346 0.162102
v -0.231555 0.366335 0.212694
v -0.275021 0.360506 0.155962
v -0.305698 0.354135 0.092072
v -0.266372 0.361226 0.149512
v -0.295309 0.355349 0.087480
v -0.308899 0.349750 0.021500
v -0.283735 0.355624 0.082573
v -0.294486 0.350261 0.018271
v -0.293927 0.345083 -0.043916
v -0.286729 0.350760 0.016591
v -0.283463 0.345374 -0.043159
v -0.268441 0.341621 -0.100472
v -0.277546 0.354228 -0.044017
v -0.264106 0.350887 -0.100726
v -0.275408 0.366980 -0.045837
v -0.261187 0.363738 -0.101553
v -0.272643 0.381030 -0.047270
v -0.258087 0.377944 -0.102592
v -0.268419 0.400785 -0.049373
v -0.253704 0.398359 -0.103846
v -0.263718 0.422483 -0.051642
v -0.248979 0.419871 -0.105183
v -0.223305 0.416905 -0.156140
v -0.245273 0.436263 -0.106136
v -0.219917 0.433049 -0.156042
v -0.183449 0.430162 -0.200025
v -0.213650 0.445739 -0.153710
v -0.178648 0.443461 -0.196609
v -0.133502 0.441047 -0.231871
v -0.169590 0.448945 -0.188020
v -0.127007 0.447316 -0.221637
v -0.075029 0.445926 -0.246212
v -0.078932 0.439693 -0.258650
v -0.015824 0.445395 -0.258920
v -0.016719 0.438415 -0.271227
v 0.043789 0.445729 -0.257159
v -0.014729 0.446947 -0.245260
v 0.041192 0.447395 -0.244156
v 0.091943 0.449216 -0.230910
v 0.038792 0.448359 -0.231530
v 0.086241 0.450134 -0.219065
v 0.127437 0.452773 -0.197687
v 0.080807 0.450880 -0.207978
v 0.120125 0.453499 -0.187562
v 0.156625 0.456775 -0.159729
v 0.113500 0.453790 -0.178264
v 0.148181 0.457211 -0.151662
v 0.177141 0.460879 -0.117811
v 0.140969 0.457290 -0.145097
v 0.167950 0.460946 -0.112303
v 0.189135 0.462899 -0.074839
v 0.162795 0.450782 -0.108981
v 0.181442 0.455978 -0.072024
v 0.192192 0.462422 -0.033331
v 0.178988 0.447007 -0.070382
v 0.188734 0.453212 -0.032716
v 0.188003 0.459559 0.007590
v 0.184098 0.445369 -0.032214
v 0.187078 0.451133 0.008141
v 0.173882 0.444666 -0.030318
v 0.177733 0.447913 0.006992
v 0.166695 0.442599 -0.028316
v 0.169362 0.444223 0.006144
v 0.163256 0.434887 -0.027674
v 0.167885 0.435225 0.006352
v 0.163251 0.423675 -0.029022
v 0.168782 0.424468 0.006421
v 0.160776 0.426128 0.046974
v 0.170179 0.406806 0.005954
v 0.161984 0.408331 0.048492
v 0.144107 0.409538 0.083012
v 0.164055 0.378806 0.050393
v 0.143891 0.379602 0.087148
v 0.114079 0.382156 0.108114
v 0.118653 0.411584 0.102773
v 0.082446 0.386610 0.112946
v 0.091775 0.414757 0.108353
v 0.056851 0.391740 0.106597
v 0.068556 0.418043 0.102862
v 0.039579 0.395473 0.091118
v 0.052270 0.419967 0.090965
v 0.031908 0.397553 0.069289
v 0.043242 0.419590 0.070636
v 0.049836 0.431801 0.070532
v 0.042143 0.415672 0.041543
v 0.047754 0.427583 0.042555
v 0.047043 0.411139 -0.003506
v 0.052877 0.423696 -0.000813
v 0.056465 0.410766 -0.043244
v 0.061609 0.422979 -0.038790
v 0.064601 0.434706 -0.037084
v 0.073394 0.424555 -0.061958
v 0.069208 0.411309 -0.067318
v 0.091344 0.409576 -0.078699
v 0.094657 0.424539 -0.073224
v 0.118577 0.406911 -0.076312
v 0.121512 0.423300 -0.070276
v 0.123632 0.436522 -0.070991
v 0.145810 0.423357 -0.055833
v 0.145030 0.435784 -0.054753
v 0.150449 0.442449 -0.058755
v 0.130076 0.440219 -0.081459
v 0.159630 0.442279 -0.063146
v 0.139384 0.439977 -0.090974
v 0.109716 0.438004 -0.111001
v 0.081364 0.436531 -0.123934
v 0.149858 0.439499 -0.099833
v 0.121707 0.436912 -0.126350
v 0.092619 0.434724 -0.147582
v 0.067448 0.424372 -0.161783
v 0.060474 0.426628 -0.135941
v 0.133102 0.436338 -0.136382
v 0.106054 0.433907 -0.165822
v 0.072290 0.428586 -0.183793
v 0.034311 0.423323 -0.187218
v 0.106567 0.443107 -0.167127
v 0.071386 0.437825 -0.185832
v 0.034835 0.430455 -0.196165
v -0.011144 0.427619 -0.199086
v 0.071431 0.447060 -0.188693
v 0.033831 0.442204 -0.199226
v -0.011352 0.439151 -0.200642
v -0.057355 0.437265 -0.190665
v 0.034963 0.448776 -0.208163
v -0.011963 0.447120 -0.208557
v -0.059116 0.447159 -0.197309
v -0.100151 0.447201 -0.177563
v -0.012872 0.448370 -0.220141
v -0.062463 0.449207 -0.208513
v -0.105948 0.450487 -0.187459
v -0.140786 0.452073 -0.159880
v -0.066420 0.448767 -0.220244
v -0.112443 0.449995 -0.198151
v -0.149899 0.451381 -0.168664
v -0.179493 0.453974 -0.132924
v -0.119610 0.448993 -0.209752
v -0.159636 0.450308 -0.178176
v -0.190834 0.453180 -0.140180
v -0.213816 0.456570 -0.097640
v -0.202871 0.451809 -0.147696
v -0.227276 0.455597 -0.102308
v -0.241465 0.459038 -0.053862
v -0.239732 0.449698 -0.105935
v -0.253713 0.452572 -0.054444
v -0.257284 0.456211 -0.001378
v -0.259896 0.439010 -0.053353
v -0.262773 0.442371 0.001208
v -0.253779 0.446885 0.056050
v -0.266269 0.425874 0.003961
v -0.256841 0.430680 0.059917
v -0.234544 0.435161 0.114184
v -0.270751 0.404052 0.007517
v -0.260821 0.409075 0.064980
v -0.237487 0.413225 0.120057
v -0.202123 0.416371 0.169402
v -0.264120 0.390177 0.069116
v -0.240165 0.394088 0.124913
v -0.203856 0.398366 0.174561
v -0.158292 0.402668 0.216244
v -0.241967 0.380744 0.128450
v -0.204963 0.385404 0.178524
v -0.158644 0.389791 0.220112
v -0.106217 0.393882 0.249472
v -0.206084 0.373865 0.182177
v -0.158927 0.378452 0.223337
v -0.106015 0.382246 0.253348
v -0.050339 0.386225 0.267501
v -0.161755 0.372026 0.229467
v -0.106905 0.375698 0.258829
v -0.050689 0.379712 0.274390
v 0.001370 0.381508 0.278756
v -0.109559 0.376206 0.268802
v -0.051950 0.379381 0.284149
v 0.001491 0.381405 0.289571
v 0.052520 0.380887 0.285090
v -0.053578 0.379755 0.296188
v 0.001598 0.381234 0.301851
v 0.054019 0.381434 0.296466
v 0.110014 0.381076 0.279762
v 0.001530 0.381053 0.312934
v 0.055297 0.380969 0.307464
v 0.113245 0.380626 0.291431
v 0.170803 0.379615 0.261999
v 0.055733 0.375699 0.316924
v 0.115238 0.375407 0.300950
v 0.175074 0.374614 0.271142
v 0.229070 0.372932 0.228352
v 0.115556 0.366182 0.307052
v 0.176732 0.364828 0.277224
v 0.232031 0.362901 0.233319
v 0.278610 0.360773 0.178047
v 0.232298 0.351810 0.235352
v 0.278766 0.349775 0.179949
v 0.313223 0.346554 0.115398
v 0.277425 0.337203 0.180114
v 0.312157 0.335088 0.115952
v 0.331910 0.330789 0.046187
v 0.311159 0.325383 0.116294
v 0.330306 0.320589 0.047057
v 0.334971 0.315671 -0.024041
v 0.336666 0.311411 0.048788
v 0.339814 0.306965 -0.023429
v 0.326135 0.300584 -0.096909
v 0.342520 0.301545 0.050909
v 0.345687 0.296469 -0.022286
v 0.332179 0.290933 -0.097194
v 0.302649 0.284532 -0.165911
v 0.348487 0.285677 -0.020665
v 0.335976 0.279831 -0.097149
v 0.307164 0.273897 -0.167797
v 0.262971 0.269115 -0.227841
v 0.331119 0.270028 -0.094993
v 0.303259 0.262439 -0.164651
v 0.261723 0.258440 -0.225063
v 0.207774 0.251990 -0.275798
v 0.293593 0.260504 -0.158241
v 0.253028 0.254311 -0.217258
v 0.201680 0.248497 -0.267571
v 0.140920 0.243688 -0.305842
v 0.244709 0.253497 -0.209841
v 0.194996 0.248602 -0.257704
v 0.137217 0.243901 -0.293371
v 0.080283 0.241226 -0.314134
v 0.189284 0.246094 -0.249195
v 0.133786 0.241412 -0.284103
v 0.077002 0.241718 -0.305525
v 0.013963 0.236676 -0.315413
v 0.132305 0.233564 -0.279227
v 0.075282 0.230717 -0.299796
v 0.012935 0.226613 -0.308102
v -0.050189 0.226535 -0.305275
v 0.075214 0.218475 -0.297906
v 0.012062 0.216043 -0.306491
v -0.051035 0.215920 -0.303137
v -0.113897 0.215710 -0.284415
v 0.012219 0.201428 -0.304719
v -0.051181 0.201230 -0.300749
v -0.113688 0.200790 -0.282097
v -0.171425 0.202573 -0.248689
v -0.051297 0.175752 -0.296501
v -0.113718 0.175059 -0.277605
v -0.171383 0.176406 -0.244629
v -0.221034 0.179241 -0.200090
v -0.113170 0.132638 -0.270651
v -0.169954 0.133270 -0.237381
v -0.218678 0.135215 -0.193381
v -0.256307 0.137686 -0.139514
v -0.167215 0.084788 -0.229543
v -0.214799 0.086240 -0.185639
v -0.251599 0.088513 -0.132411
v -0.276230 0.091511 -0.072333
v -0.210474 0.036992 -0.177801
v -0.246223 0.039071 -0.125028
v -0.270117 0.042084 -0.065636
v -0.280173 0.045993 -0.002041
v -0.240618 -0.010194 -0.117618
v -0.264093 -0.007249 -0.059058
v -0.273548 -0.003396 0.003641
v -0.269130 0.001045 0.067264
v -0.257985 -0.056548 -0.052638
v -0.266956 -0.052815 0.009120
v -0.261923 -0.048382 0.071672
v -0.243738 -0.043579 0.132175
v -0.260391 -0.102187 0.014492
v -0.255086 -0.097829 0.075984
v -0.236687 -0.093117 0.135314
v -0.205617 -0.088278 0.189690
v -0.248421 -0.147274 0.080171
v -0.229786 -0.142731 0.138270
v -0.199012 -0.138032 0.191511
v -0.156443 -0.133274 0.236693
v -0.222539 -0.192302 0.140835
v -0.192133 -0.187752 0.192922
v -0.150369 -0.183199 0.237079
v -0.099461 -0.178932 0.271263
v -0.185230 -0.237464 0.193901
v -0.144510 -0.233171 0.237181
v -0.094508 -0.229140 0.270552
v -0.037869 -0.225571 0.291920
v -0.138342 -0.283140 0.236637
v -0.089442 -0.279327 0.268959
v -0.034063 -0.275978 0.289682
v 0.025155 -0.273304 0.296199
v -0.084304 -0.329236 0.266821
v -0.030339 -0.326278 0.287408
v 0.027515 -0.323996 0.293941
v 0.085420 -0.322418 0.286611
v -0.027332 -0.374411 0.285171
v 0.029285 -0.372568 0.291927
v 0.086091 -0.371257 0.284523
v 0.139879 -0.370456 0.264455
v 0.029910 -0.407564 0.290242
v 0.086133 -0.405973 0.283413
v 0.139690 -0.405343 0.263610
v 0.187066 -0.405128 0.232268
v 0.085910 -0.425595 0.282731
v 0.139507 -0.425349 0.263290
v 0.186840 -0.425192 0.231733
v 0.225935 -0.425576 0.190838
v 0.029858 -0.426630 0.289387
v -0.025589 -0.409076 0.283342
v -0.080114 -0.376838 0.265139
v -0.132050 -0.332773 0.235388
v -0.178203 -0.287125 0.194481
v -0.215080 -0.241767 0.142998
v -0.241254 -0.196682 0.083951
v -0.253460 -0.151392 0.019711
v -0.251917 -0.105815 -0.046387
v -0.235314 -0.059411 -0.110493
v -0.205930 -0.012251 -0.169949
v -0.164067 0.035801 -0.221439
v -0.111703 0.084372 -0.262825
v -0.051347 0.133998 -0.290044
v 0.012202 0.177433 -0.301668
v 0.074816 0.203785 -0.296258
v 0.132366 0.221653 -0.276779
v 0.186552 0.237044 -0.243996
v 0.238200 0.250251 -0.203593
v 0.283975 0.260174 -0.152244
v 0.321624 0.267354 -0.091216
v 0.343601 0.276857 -0.019853
v 0.346654 0.291380 0.054154
v 0.054991 0.366067 0.322267
v 0.001615 0.376347 0.322863
v 0.002280 0.366612 0.328759
v -0.054965 0.375048 0.318068
v -0.054003 0.365340 0.323587
v -0.118008 0.371333 0.299693
v -0.054543 0.379509 0.307503
v -0.115927 0.376056 0.290050
v -0.177262 0.371616 0.258288
v -0.112894 0.376582 0.279424
v -0.171832 0.372269 0.248169
v -0.224559 0.367013 0.204455
v -0.166397 0.371901 0.238495
v -0.216483 0.366865 0.195260
v -0.256915 0.361319 0.142578
v -0.210007 0.366783 0.187486
v -0.248671 0.362133 0.136307
v -0.274645 0.357320 0.078588
v -0.243577 0.369210 0.131610
v -0.268716 0.364922 0.074857
v -0.280008 0.358773 0.014376
v -0.266422 0.376528 0.072051
v -0.277330 0.371309 0.012296
v -0.274555 0.385105 0.010383
v -0.070693 0.447912 -0.232809
v -0.013817 0.447784 -0.232313
v 0.036781 0.449093 -0.219772
v 0.075810 0.451095 -0.197842
v 0.108023 0.452027 -0.170325
v 0.137309 0.446899 -0.140613
v 0.159081 0.439461 -0.106340
v 0.171480 0.442225 -0.067758
v 0.145251 0.405517 -0.059375
v 0.164896 0.405968 -0.031509
v 0.142103 0.375880 -0.066306
v 0.164390 0.375282 -0.036071
v 0.172165 0.377175 0.004972
v 0.163467 0.335618 -0.039566
v 0.173390 0.335960 0.004358
v 0.165848 0.338149 0.051149
v 0.172965 0.303598 0.004602
v 0.164721 0.306238 0.051014
v 0.142598 0.310472 0.090988
v 0.143320 0.341758 0.089587
v 0.107474 0.315397 0.113790
v 0.109911 0.346125 0.111623
v 0.070985 0.319733 0.117047
v 0.074549 0.350066 0.116028
v 0.041577 0.322568 0.106395
v 0.045998 0.354340 0.107298
v 0.022104 0.324740 0.085662
v 0.027299 0.358830 0.089378
v 0.012593 0.326391 0.059128
v 0.019238 0.362412 0.063753
v 0.010777 0.326907 0.026225
v 0.019054 0.363573 0.031881
v 0.033095 0.396660 0.038918
v 0.024495 0.362214 -0.012120
v 0.038875 0.393884 -0.006958
v 0.033011 0.358923 -0.051965
v 0.047481 0.391718 -0.047944
v 0.047787 0.353198 -0.078041
v 0.060904 0.389347 -0.073390
v 0.073727 0.346869 -0.089736
v 0.084394 0.384579 -0.086645
v 0.105846 0.341532 -0.088587
v 0.112763 0.379167 -0.083917
v 0.138008 0.337839 -0.071849
v 0.103425 0.307998 -0.087992
v 0.136039 0.304602 -0.072330
v 0.162742 0.303074 -0.040563
v 0.135139 0.283028 -0.070863
v 0.160888 0.284152 -0.038688
v 0.171988 0.286952 0.005156
v 0.158502 0.271505 -0.037801
v 0.169304 0.274863 0.005592
v 0.161662 0.278095 0.052117
v 0.163706 0.290240 0.051673
v 0.137998 0.279126 0.089963
v 0.141532 0.291741 0.092095
v 0.102643 0.280655 0.109573
v 0.105434 0.293345 0.113539
v 0.068444 0.281423 0.113244
v 0.068551 0.296473 0.116488
v 0.040873 0.282765 0.101664
v 0.039765 0.297962 0.104981
v 0.021246 0.284347 0.082702
v 0.021002 0.300235 0.083937
v 0.012611 0.286061 0.056518
v 0.012037 0.302463 0.057109
v 0.011278 0.285855 0.025330
v 0.009570 0.303246 0.024712
v 0.014467 0.282468 -0.012432
v 0.013468 0.300324 -0.013392
v 0.013880 0.325583 -0.013994
v 0.023763 0.294337 -0.049561
v 0.024672 0.321672 -0.051045
v 0.044159 0.288618 -0.076940
v 0.042890 0.317150 -0.077518
v 0.072803 0.285594 -0.088136
v 0.071008 0.312614 -0.089436
v 0.103266 0.283782 -0.085807
v 0.075387 0.268181 -0.085002
v 0.103182 0.268731 -0.082838
v 0.131937 0.269284 -0.068771
v 0.101602 0.258969 -0.076626
v 0.127175 0.259521 -0.063963
v 0.151435 0.261996 -0.035371
v 0.119099 0.254805 -0.055751
v 0.141273 0.256769 -0.031675
v 0.151152 0.260059 0.005578
v 0.162928 0.264425 0.005959
v 0.145725 0.263552 0.048983
v 0.156016 0.269472 0.051351
v 0.125200 0.265875 0.080533
v 0.132639 0.270576 0.086927
v 0.096600 0.267210 0.098705
v 0.099685 0.271645 0.105296
v 0.068766 0.267889 0.101031
v 0.068374 0.272584 0.107521
v 0.046262 0.267883 0.091803
v 0.042762 0.273974 0.097775
v 0.032687 0.265982 0.076756
v 0.025582 0.273117 0.080253
v 0.024805 0.264304 0.055775
v 0.017009 0.273104 0.056423
v 0.021540 0.261845 0.027292
v 0.013864 0.271802 0.026466
v 0.026266 0.259067 -0.009262
v 0.017478 0.268589 -0.011329
v 0.037159 0.255409 -0.040335
v 0.028372 0.263764 -0.044916
v 0.024043 0.276099 -0.047864
v 0.051712 0.259100 -0.069195
v 0.046399 0.270195 -0.074238
v 0.078045 0.258878 -0.078274
v 0.038231 0.256588 -0.006602
v 0.049566 0.254223 -0.034588
v 0.052583 0.256781 -0.003004
v 0.063689 0.254944 -0.027831
v 0.049064 0.259245 0.027865
v 0.068305 0.259599 0.028488
v 0.034531 0.259325 0.027724
v 0.036610 0.261283 0.054114
v 0.051160 0.261235 0.051786
v 0.095977 0.260427 0.032475
v 0.118863 0.261422 0.039324
v 0.115961 0.264413 0.072589
v 0.133189 0.262198 0.044638
v 0.138388 0.259120 0.005632
v 0.127630 0.256308 -0.026157
v 0.108344 0.254643 -0.045894
v 0.092173 0.265527 0.088517
v -0.072366 -0.489347 -0.147888
v -0.031755 -0.484131 -0.179513
v 0.018503 -0.468882 -0.194371
v 0.071945 -0.452108 -0.193926
v 0.124620 -0.428115 -0.181904
v 0.174662 -0.389679 -0.159905
v 0.219152 -0.338738 -0.128178
v 0.255103 -0.285524 -0.086227
v 0.280299 -0.231834 -0.036398
v 0.291755 -0.177857 0.019104
v 0.288370 -0.124276 0.077064
v 0.271197 -0.071187 0.134232
v 0.240370 -0.018839 0.187585
v 0.196969 0.032353 0.234636
v 0.142070 0.082638 0.272099
v 0.076990 0.131880 0.297867
v 0.002612 0.179411 0.306691
v -0.076815 0.219282 0.296460
v -0.149761 0.241391 0.266234
v -0.209062 0.253079 0.222747
v -0.253958 0.260196 0.166734
v -0.288072 0.264396 0.104245
v -0.316752 0.259397 0.039615
v -0.328561 0.254046 -0.031326
v -0.325560 0.250673 -0.106435
v -0.297866 0.253616 -0.180419
v -0.246928 0.262879 -0.239351
v -0.185146 0.271432 -0.283915
v -0.116535 0.280621 -0.316038
v -0.045908 0.292121 -0.335946
v 0.020475 0.303877 -0.340552
v 0.080611 0.316333 -0.330498
v 0.136593 0.329933 -0.303619
v 0.187229 0.337591 -0.260422
v 0.227032 0.343905 -0.206709
v 0.256996 0.350483 -0.149374
v 0.271825 0.359388 -0.088466
v 0.279788 0.374325 -0.028817
v 0.275640 0.390865 0.029846
v 0.257477 0.408919 0.085201
v 0.228043 0.428517 0.134311
v 0.189765 0.449207 0.173380
v 0.146592 0.466869 0.202971
v 0.099394 0.481632 0.222679
v 0.049116 0.488773 0.225542
v 0.001463 0.488429 0.215541
v -0.042484 0.485748 0.196487
v -0.081652 0.482384 0.171117
v -0.117232 0.477202 0.138675
v -0.146066 0.465984 0.102937
v -0.170358 0.452013 0.065449
v -0.179213 0.441115 0.022526
v -0.170336 0.436574 -0.013616
vt 0.213608 0.008709
vt 0.198102 0.045710
vt 0.191695 0.046195
vt 0.202140 0.016236
vt 0.688442 0.514369
vt 0.681548 0.498732
vt 0.693180 0.509910
vt 0.701803 0.525505
vt 0.684020 0.519383
vt 0.651208 0.485107
vt 0.652757 0.479430
vt 0.544075 0.641761
vt 0.527953 0.641511
vt 0.523133 0.636059
vt 0.543430 0.636313
vt 0.565310 0.636009
vt 0.561307 0.640992
vt 0.791301 0.711791
vt 0.796956 0.716320
vt 0.790033 0.725787
vt 0.785236 0.723567
vt 0.789900 0.703391
vt 0.806702 0.701556
vt 0.806926 0.706307
vt 0.807912 0.711038
vt 0.775025 0.714453
vt 0.772720 0.707765
vt 0.849980 0.795963
vt 0.841561 0.794197
vt 0.843366 0.790268
vt 0.855938 0.788994
vt 0.853741 0.803577
vt 0.840166 0.799428
vt 0.863861 0.793795
vt 0.946361 0.742243
vt 0.937929 0.733690
vt 0.935468 0.721649
vt 0.951616 0.738099
vt 0.568944 0.818198
vt 0.570126 0.823812
vt 0.564246 0.826330
vt 0.564215 0.817586
vt 0.569418 0.806354
vt 0.573461 0.811788
vt 0.576726 0.818233
vt 0.641614 0.814892
vt 0.644855 0.812469
vt 0.647481 0.822241
vt 0.642820 0.821667
vt 0.636633 0.812447
vt 0.639258 0.806906
vt 0.636537 0.820530
vt 0.592370 0.828618
vt 0.601619 0.830563
vt 0.600064 0.843693
vt 0.587363 0.836746
vt 0.580539 0.827042
vt 0.589342 0.820243
vt 0.601224 0.816915
vt 0.635614 0.827303
vt 0.640354 0.830638
vt 0.631198 0.839086
vt 0.627832 0.830147
vt 0.626810 0.819126
vt 0.208922 0.803795
vt 0.212786 0.812493
vt 0.187427 0.811733
vt 0.190122 0.797670
vt 0.196112 0.783932
vt 0.216843 0.797117
vt 0.224032 0.807180
vt 0.229263 0.854646
vt 0.225824 0.845232
vt 0.238891 0.839839
vt 0.239656 0.853988
vt 0.271929 0.754033
vt 0.280344 0.763629
vt 0.265968 0.772828
vt 0.258768 0.754815
vt 0.307281 0.852575
vt 0.297284 0.858421
vt 0.291862 0.842400
vt 0.308195 0.840423
vt 0.757018 0.004710
vt 0.761450 0.011594
vt 0.727077 0.009475
vt 0.724677 0.003144
vt 0.791343 0.837901
vt 0.799767 0.835449
vt 0.797183 0.852676
vt 0.784712 0.850216
vt 0.765568 0.841309
vt 0.781359 0.827973
vt 0.791176 0.820386
vt 0.759030 0.828642
vt 0.749780 0.842387
vt 0.750298 0.825280
vt 0.761253 0.858083
vt 0.746725 0.855437
vt 0.766874 0.817975
vt 0.733076 0.837192
vt 0.740504 0.842016
vt 0.735856 0.850655
vt 0.727835 0.840743
vt 0.728890 0.821655
vt 0.740638 0.823309
vt 0.720047 0.821902
vt 0.717609 0.802105
vt 0.725988 0.803277
vt 0.721222 0.842083
vt 0.713318 0.822591
vt 0.711520 0.801183
vt 0.713571 0.779965
vt 0.720091 0.781912
vt 0.707610 0.823238
vt 0.704819 0.800256
vt 0.707654 0.778401
vt 0.715492 0.756051
vt 0.720823 0.758678
vt 0.274660 0.442188
vt 0.296685 0.443033
vt 0.296586 0.447723
vt 0.273762 0.447656
vt 0.250445 0.443668
vt 0.251600 0.438912
vt 0.231627 0.438205
vt 0.232671 0.433430
vt 0.388294 0.467774
vt 0.389147 0.490912
vt 0.384372 0.490291
vt 0.382770 0.467685
vt 0.492154 0.244056
vt 0.486228 0.244368
vt 0.486407 0.225056
vt 0.491987 0.224102
vt 0.486228 0.205510
vt 0.491721 0.204735
vt 0.348984 0.581266
vt 0.330023 0.576082
vt 0.331279 0.570759
vt 0.350964 0.576154
vt 0.367407 0.583160
vt 0.364723 0.587850
vt 0.620175 0.661659
vt 0.606085 0.675607
vt 0.603072 0.672152
vt 0.616624 0.659222
vt 0.631819 0.644519
vt 0.636940 0.647012
vt 0.624952 0.665289
vt 0.610170 0.680153
vt 0.592578 0.692536
vt 0.589611 0.687440
vt 0.630079 0.669270
vt 0.614253 0.684952
vt 0.595803 0.698020
vt 0.574955 0.707045
vt 0.573137 0.701115
vt 0.619044 0.690545
vt 0.599328 0.704014
vt 0.576955 0.713265
vt 0.553287 0.718105
vt 0.552647 0.711600
vt 0.602902 0.709992
vt 0.579053 0.719519
vt 0.553957 0.724532
vt 0.527172 0.724560
vt 0.527904 0.718392
vt 0.759159 0.405850
vt 0.756464 0.380703
vt 0.761966 0.378936
vt 0.764831 0.405281
vt 0.765354 0.433188
vt 0.759702 0.432624
vt 0.763120 0.461136
vt 0.757514 0.459615
vt 0.771684 0.404767
vt 0.772215 0.433151
vt 0.769579 0.461566
vt 0.487600 0.799479
vt 0.459321 0.799273
vt 0.458648 0.793098
vt 0.486511 0.793263
vt 0.779756 0.433027
vt 0.776650 0.461742
vt 0.488546 0.806614
vt 0.459843 0.806597
vt 0.429804 0.806555
vt 0.429509 0.798688
vt 0.489587 0.815066
vt 0.460498 0.815404
vt 0.430142 0.815788
vt 0.399709 0.815377
vt 0.399765 0.805940
vt 0.461191 0.824873
vt 0.430494 0.825369
vt 0.399706 0.825482
vt 0.371084 0.825168
vt 0.371637 0.815150
vt 0.430802 0.832503
vt 0.399652 0.832830
vt 0.370660 0.832681
vt 0.119595 0.770655
vt 0.089291 0.774751
vt 0.088618 0.767389
vt 0.118614 0.763631
vt 0.399613 0.839138
vt 0.370137 0.839010
vt 0.120329 0.776651
vt 0.089789 0.780731
vt 0.058800 0.782082
vt 0.058437 0.775744
vt 0.121332 0.782142
vt 0.090322 0.786526
vt 0.059004 0.787781
vt 0.028821 0.785646
vt 0.028541 0.780006
vt 0.091222 0.791590
vt 0.058762 0.792914
vt 0.027817 0.790507
vt 0.886999 0.693160
vt 0.914362 0.706712
vt 0.912793 0.712268
vt 0.885464 0.697888
vt 0.856715 0.684200
vt 0.857506 0.679281
vt 0.888813 0.687948
vt 0.916557 0.701659
vt 0.938064 0.716906
vt 0.890990 0.681626
vt 0.919288 0.695307
vt 0.942484 0.712133
vt 0.963006 0.734605
vt 0.957099 0.736876
vt 0.921814 0.690363
vt 0.946157 0.708399
vt 0.967717 0.732410
vt 0.985610 0.764985
vt 0.980787 0.766387
vt 0.763859 0.561945
vt 0.764194 0.529758
vt 0.768711 0.529432
vt 0.768398 0.562787
vt 0.720208 0.482534
vt 0.725630 0.481095
vt 0.733081 0.512163
vt 0.727653 0.513057
vt 0.737614 0.548006
vt 0.731999 0.548241
vt 0.768954 0.599977
vt 0.774232 0.563539
vt 0.774635 0.600652
vt 0.775224 0.636875
vt 0.769296 0.636290
vt 0.743319 0.548458
vt 0.745066 0.586522
vt 0.739358 0.586035
vt 0.780472 0.601008
vt 0.781150 0.636970
vt 0.348233 0.311014
vt 0.342795 0.310329
vt 0.346456 0.272662
vt 0.352027 0.273138
vt 0.346382 0.234296
vt 0.352017 0.234655
vt 0.138675 0.430465
vt 0.101105 0.435350
vt 0.101186 0.429987
vt 0.138783 0.425109
vt 0.177243 0.422911
vt 0.176967 0.428326
vt 0.214052 0.424694
vt 0.213674 0.429881
vt 0.138385 0.419238
vt 0.177519 0.417139
vt 0.215152 0.418598
vt 0.249435 0.424499
vt 0.247630 0.430181
vt 0.177651 0.411143
vt 0.216423 0.412587
vt 0.251318 0.418622
vt 0.281963 0.426316
vt 0.279602 0.431997
vt 0.217608 0.407451
vt 0.252329 0.413168
vt 0.484509 0.420381
vt 0.479094 0.420019
vt 0.479499 0.381596
vt 0.485071 0.382148
vt 0.479094 0.341134
vt 0.485318 0.342304
vt 0.208413 0.246077
vt 0.199604 0.214385
vt 0.204716 0.213210
vt 0.213608 0.243471
vt 0.675731 0.753103
vt 0.673016 0.749448
vt 0.697562 0.718675
vt 0.701040 0.721214
vt 0.713907 0.682371
vt 0.717990 0.683990
vt 0.669069 0.744695
vt 0.692703 0.715103
vt 0.708620 0.680045
vt 0.718559 0.642461
vt 0.723930 0.643640
vt 0.687673 0.711469
vt 0.703305 0.677765
vt 0.712710 0.641264
vt 0.712563 0.603061
vt 0.718180 0.602617
vt 0.698952 0.675623
vt 0.707640 0.639814
vt 0.707180 0.603284
vt 0.698731 0.564432
vt 0.702336 0.563265
vt 0.694568 0.001796
vt 0.696250 0.038225
vt 0.691711 0.037963
vt 0.690043 0.001482
vt 0.190539 0.003081
vt 0.189724 0.008181
vt 0.155838 0.007486
vt 0.156772 0.002709
vt 0.113491 0.006595
vt 0.113436 0.001007
vt 0.189038 0.014178
vt 0.154849 0.013638
vt 0.113341 0.013184
vt 0.070725 0.013862
vt 0.069878 0.007460
vt 0.153851 0.021944
vt 0.113367 0.021282
vt 0.071658 0.021777
vt 0.034408 0.022227
vt 0.033432 0.014348
vt 0.113145 0.035097
vt 0.072653 0.035115
vt 0.035683 0.035199
vt 0.003684 0.035543
vt 0.002506 0.022682
vt 0.073693 0.057442
vt 0.037280 0.057309
vt 0.005374 0.057456
vt 0.652884 0.380288
vt 0.688144 0.383333
vt 0.688173 0.402635
vt 0.652629 0.399945
vt 0.038725 0.082997
vt 0.007049 0.083022
vt 0.653538 0.357406
vt 0.688461 0.360735
vt 0.722836 0.359885
vt 0.722769 0.382325
vt 0.654518 0.334270
vt 0.689040 0.337648
vt 0.723098 0.336997
vt 0.484702 0.190151
vt 0.452821 0.189427
vt 0.453234 0.163607
vt 0.485461 0.164369
vt 0.689779 0.314497
vt 0.723445 0.313983
vt 0.483811 0.216016
vt 0.452331 0.215305
vt 0.419288 0.214690
vt 0.419357 0.188784
vt 0.482757 0.241913
vt 0.451749 0.241224
vt 0.419148 0.240588
vt 0.386588 0.240094
vt 0.386345 0.214227
vt 0.451035 0.267140
vt 0.418869 0.266485
vt 0.386740 0.265969
vt 0.356406 0.265634
vt 0.355879 0.239783
vt 0.418529 0.292368
vt 0.386831 0.291845
vt 0.356870 0.291492
vt 0.588600 0.276901
vt 0.557648 0.274926
vt 0.558175 0.249717
vt 0.589515 0.251700
vt 0.386884 0.317704
vt 0.357335 0.317329
vt 0.587547 0.302126
vt 0.556964 0.300136
vt 0.526012 0.300229
vt 0.526287 0.275078
vt 0.586395 0.327333
vt 0.556200 0.325305
vt 0.525677 0.325344
vt 0.496222 0.327465
vt 0.496053 0.302340
vt 0.555337 0.350416
vt 0.525265 0.350490
vt 0.496388 0.352601
vt 0.284739 0.451959
vt 0.284939 0.479169
vt 0.259351 0.478162
vt 0.259139 0.450509
vt 0.524844 0.375598
vt 0.496474 0.377741
vt 0.310331 0.453491
vt 0.310480 0.480265
vt 0.310820 0.508648
vt 0.285354 0.508144
vt 0.334888 0.455100
vt 0.335083 0.481393
vt 0.335276 0.509223
vt 0.335535 0.537332
vt 0.311380 0.537361
vt 0.353175 0.482381
vt 0.353244 0.509835
vt 0.353229 0.537427
vt 0.353938 0.563644
vt 0.336263 0.564097
vt 0.363970 0.510340
vt 0.364072 0.537582
vt 0.364835 0.563385
vt 0.021372 0.713440
vt 0.023636 0.687620
vt 0.033953 0.687930
vt 0.031638 0.714102
vt 0.372436 0.537679
vt 0.373056 0.563210
vt 0.013623 0.712907
vt 0.015752 0.687376
vt 0.015515 0.660948
vt 0.023816 0.660906
vt 0.006478 0.712056
vt 0.008378 0.686911
vt 0.008002 0.661087
vt 0.005757 0.635334
vt 0.013234 0.634504
vt 0.367407 0.831449
vt 0.362180 0.856796
vt 0.356164 0.854618
vt 0.360834 0.830627
vt 0.360744 0.805921
vt 0.367249 0.805375
vt 0.355879 0.781497
vt 0.361958 0.779710
vt 0.353324 0.829704
vt 0.353143 0.806617
vt 0.348496 0.783808
vt 0.339109 0.762380
vt 0.345716 0.758549
vt 0.344689 0.807459
vt 0.340380 0.786381
vt 0.331755 0.766584
vt 0.318939 0.749424
vt 0.325191 0.743615
vt 0.327523 0.790561
vt 0.319728 0.773467
vt 0.308757 0.758633
vt 0.294982 0.746596
vt 0.302520 0.735712
vt 0.300173 0.784039
vt 0.291016 0.772598
vt 0.281552 0.793017
vt 0.273668 0.783053
vt 0.268241 0.798225
vt 0.261751 0.787680
vt 0.254216 0.776111
vt 0.242775 0.778179
vt 0.232164 0.757440
vt 0.245650 0.754760
vt 0.250923 0.791407
vt 0.257102 0.802189
vt 0.247124 0.806070
vt 0.241125 0.795509
vt 0.231981 0.782178
vt 0.222972 0.788678
vt 0.205865 0.772281
vt 0.217870 0.762901
vt 0.232462 0.800840
vt 0.237948 0.810526
vt 0.228195 0.815608
vt 0.242117 0.819625
vt 0.231843 0.823607
vt 0.215986 0.830065
vt 0.213611 0.821082
vt 0.191921 0.839499
vt 0.188161 0.825799
vt 0.169369 0.847815
vt 0.164164 0.829129
vt 0.163205 0.809537
vt 0.149151 0.831056
vt 0.148286 0.808007
vt 0.152636 0.784923
vt 0.166865 0.789795
vt 0.162922 0.763446
vt 0.175199 0.771242
vt 0.178105 0.744821
vt 0.188186 0.755133
vt 0.196868 0.730589
vt 0.204336 0.742978
vt 0.218203 0.722177
vt 0.222638 0.735311
vt 0.240165 0.718625
vt 0.241600 0.732103
vt 0.262154 0.719978
vt 0.260134 0.732984
vt 0.283278 0.725824
vt 0.278591 0.737904
vt 0.263506 0.711084
vt 0.286474 0.717646
vt 0.307228 0.728635
vt 0.289282 0.710513
vt 0.311424 0.722373
vt 0.330683 0.738559
vt 0.314788 0.717510
vt 0.335394 0.734411
vt 0.351131 0.755479
vt 0.299792 0.385411
vt 0.273508 0.385571
vt 0.273340 0.378398
vt 0.300290 0.378603
vt 0.326495 0.379165
vt 0.325468 0.386204
vt 0.300573 0.370783
vt 0.327065 0.371144
vt 0.351512 0.371685
vt 0.350646 0.380187
vt 0.008289 0.609446
vt 0.001088 0.610776
vt 0.327808 0.360326
vt 0.352492 0.360714
vt 0.021329 0.634169
vt 0.031683 0.633785
vt 0.034434 0.660826
vt 0.048211 0.633165
vt 0.050798 0.660748
vt 0.050725 0.688408
vt 0.073654 0.660608
vt 0.073596 0.689004
vt 0.071004 0.716358
vt 0.048310 0.715169
vt 0.097591 0.689612
vt 0.094825 0.717536
vt 0.312158 0.564840
vt 0.286857 0.565670
vt 0.285992 0.537470
vt 0.261362 0.566493
vt 0.260461 0.537594
vt 0.259771 0.507650
vt 0.234888 0.537728
vt 0.234175 0.507211
vt 0.233730 0.477200
vt 0.208587 0.506799
vt 0.208111 0.476335
vt 0.207878 0.447848
vt 0.233536 0.449099
vt 0.182506 0.475546
vt 0.182199 0.446756
vt 0.495933 0.277231
vt 0.495684 0.252130
vt 0.526409 0.249904
vt 0.495415 0.227023
vt 0.526475 0.224702
vt 0.558620 0.224513
vt 0.526420 0.199516
vt 0.558986 0.199303
vt 0.591108 0.201308
vt 0.590350 0.226504
vt 0.559262 0.174119
vt 0.591805 0.176097
vt 0.355281 0.213939
vt 0.354638 0.188080
vt 0.386078 0.188330
vt 0.353943 0.162241
vt 0.385770 0.162424
vt 0.419393 0.162902
vt 0.385390 0.136965
vt 0.419419 0.137496
vt 0.453562 0.138238
vt 0.419530 0.117054
vt 0.453677 0.117965
vt 0.486173 0.118127
vt 0.486025 0.139065
vt 0.453696 0.106259
vt 0.486154 0.106021
vt 0.723011 0.400827
vt 0.723271 0.411518
vt 0.688478 0.414026
vt 0.723461 0.418202
vt 0.688767 0.420720
vt 0.653019 0.418370
vt 0.652763 0.411489
vt 0.688796 0.426666
vt 0.653147 0.424062
vt 0.001646 0.015056
vt 0.000848 0.008863
vt 0.032610 0.007551
vt 0.618405 0.418091
vt 0.653060 0.429557
vt 0.618243 0.423291
vt 0.584043 0.412094
vt 0.584702 0.406814
vt 0.645772 0.492725
vt 0.611413 0.474451
vt 0.612665 0.469594
vt 0.647777 0.489448
vt 0.679648 0.523073
vt 0.676415 0.525662
vt 0.068404 0.002726
vt 0.707417 0.560706
vt 0.713299 0.560125
vt 0.724034 0.602618
vt 0.718950 0.562215
vt 0.727807 0.603171
vt 0.727978 0.644615
vt 0.590943 0.298789
vt 0.591498 0.257402
vt 0.597596 0.258778
vt 0.596195 0.299342
vt 0.599170 0.339052
vt 0.593154 0.338601
vt 0.602102 0.299704
vt 0.605383 0.338835
vt 0.610570 0.375404
vt 0.604890 0.376213
vt 0.598243 0.376596
vt 0.611017 0.338529
vt 0.616465 0.374262
vt 0.625740 0.404526
vt 0.620164 0.406484
vt 0.614334 0.408419
vt 0.170409 0.282707
vt 0.169757 0.244732
vt 0.174804 0.245482
vt 0.175258 0.282892
vt 0.175658 0.319484
vt 0.170811 0.319700
vt 0.277339 0.437470
vt 0.181342 0.283388
vt 0.181442 0.320225
vt 0.180897 0.355231
vt 0.174923 0.354553
vt 0.169757 0.354790
vt 0.187704 0.320689
vt 0.186722 0.355444
vt 0.739356 0.661520
vt 0.733948 0.660832
vt 0.738298 0.624306
vt 0.743913 0.624974
vt 0.348519 0.197850
vt 0.342795 0.197587
vt 0.727915 0.659380
vt 0.732531 0.623305
vt 0.733487 0.585621
vt 0.999687 0.839477
vt 0.994871 0.876841
vt 0.989947 0.875282
vt 0.994454 0.839058
vt 0.991562 0.802138
vt 0.996821 0.801576
vt 0.988398 0.838476
vt 0.985763 0.802829
vt 0.974937 0.768177
vt 0.979754 0.803594
vt 0.969489 0.769016
vt 0.975471 0.803945
vt 0.963853 0.769632
vt 0.631486 0.592121
vt 0.598815 0.597756
vt 0.598599 0.592826
vt 0.632281 0.587348
vt 0.801293 0.001207
vt 0.799455 0.005603
vt 0.768931 0.001207
vt 0.833927 0.005403
vt 0.833042 0.011395
vt 0.799837 0.011657
vt 0.832060 0.018548
vt 0.799849 0.018566
vt 0.762963 0.018199
vt 0.799060 0.028963
vt 0.763426 0.027724
vt 0.729119 0.025623
vt 0.728011 0.016455
vt 0.700120 0.024309
vt 0.698784 0.015635
vt 0.697723 0.008822
vt 0.028480 0.773476
vt 0.028472 0.765135
vt 0.058059 0.767981
vt 0.028779 0.754834
vt 0.057615 0.758102
vt 0.087736 0.757776
vt 0.057195 0.748944
vt 0.086900 0.748767
vt 0.115952 0.745174
vt 0.117300 0.754272
vt 0.086079 0.740812
vt 0.114693 0.737274
vt 0.372097 0.805385
vt 0.372579 0.797033
vt 0.399850 0.797807
vt 0.141836 0.730962
vt 0.113037 0.730674
vt 0.139803 0.724463
vt 0.400500 0.791764
vt 0.429440 0.792574
vt 0.450080 0.691359
vt 0.432393 0.667860
vt 0.437231 0.664576
vt 0.453798 0.687438
vt 0.474930 0.705796
vt 0.472680 0.709888
vt 0.457784 0.683057
vt 0.477879 0.700662
vt 0.502011 0.712850
vt 0.500097 0.718535
vt 0.751821 0.484626
vt 0.756938 0.486858
vt 0.480806 0.695374
vt 0.503964 0.707063
vt 0.528627 0.712098
vt 0.505917 0.701375
vt 0.529329 0.706035
vt 0.552105 0.705418
vt 0.529959 0.700211
vt 0.551777 0.699448
vt 0.571441 0.695456
vt 0.551458 0.694060
vt 0.569899 0.690564
vt 0.586987 0.683163
vt 0.207899 0.271343
vt 0.210465 0.288524
vt 0.204676 0.289256
vt 0.202625 0.271947
vt 0.486686 0.167582
vt 0.491937 0.167756
vt 0.491757 0.186533
vt 0.486311 0.186778
vt 0.199156 0.255900
vt 0.198455 0.274045
vt 0.195363 0.258626
vt 0.753386 0.712604
vt 0.755849 0.715618
vt 0.740878 0.725049
vt 0.738055 0.722433
vt 0.759447 0.720778
vt 0.745506 0.729596
vt 0.733049 0.742025
vt 0.727441 0.738304
vt 0.218023 0.428166
vt 0.215688 0.431892
vt 0.751335 0.734520
vt 0.739065 0.745360
vt 0.727320 0.761992
vt 0.747108 0.750423
vt 0.735085 0.766179
vt 0.727799 0.784621
vt 0.749933 0.775198
vt 0.743586 0.790990
vt 0.741049 0.806672
vt 0.760069 0.800777
vt 0.754870 0.811504
vt 0.775490 0.809407
vt 0.782437 0.801863
vt 0.797910 0.815657
vt 0.767039 0.788797
vt 0.775254 0.778462
vt 0.788962 0.795334
vt 0.760126 0.762201
vt 0.769724 0.753610
vt 0.782117 0.771549
vt 0.759552 0.741373
vt 0.769170 0.737184
vt 0.776006 0.750381
vt 0.763946 0.727821
vt 0.775476 0.723735
vt 0.777028 0.735421
vt 0.783231 0.735491
vt 0.785601 0.747538
vt 0.780963 0.748852
vt 0.793853 0.761687
vt 0.790471 0.764577
vt 0.786991 0.767487
vt 0.805096 0.780433
vt 0.800468 0.784467
vt 0.795305 0.789151
vt 0.816096 0.800135
vt 0.809797 0.806301
vt 0.803188 0.811754
vt 0.822167 0.824494
vt 0.812798 0.830552
vt 0.806646 0.833096
vt 0.818353 0.850764
vt 0.806835 0.853619
vt 0.825214 0.866866
vt 0.807830 0.869889
vt 0.793576 0.868114
vt 0.780172 0.863930
vt 0.809840 0.878881
vt 0.792690 0.878203
vt 0.776995 0.874474
vt 0.758824 0.868060
vt 0.792450 0.886046
vt 0.774471 0.882848
vt 0.756058 0.875567
vt 0.739413 0.868029
vt 0.743491 0.862183
vt 0.772744 0.888508
vt 0.753105 0.881730
vt 0.736216 0.871847
vt 0.723694 0.859728
vt 0.726817 0.858101
vt 0.168068 0.354050
vt 0.169178 0.372297
vt 0.163419 0.372533
vt 0.163102 0.353845
vt 0.162856 0.335771
vt 0.168416 0.336789
vt 0.162949 0.316074
vt 0.168183 0.317212
vt 0.215317 0.069647
vt 0.211233 0.084260
vt 0.205785 0.082387
vt 0.210519 0.066440
vt 0.227191 0.587850
vt 0.225005 0.582506
vt 0.240714 0.574856
vt 0.241961 0.580144
vt 0.261228 0.569566
vt 0.261873 0.574704
vt 0.625334 0.534448
vt 0.610737 0.519556
vt 0.614963 0.515735
vt 0.630617 0.531631
vt 0.642084 0.552682
vt 0.636516 0.554354
vt 0.648639 0.576492
vt 0.643051 0.577051
vt 0.635969 0.528761
vt 0.647942 0.550842
vt 0.654580 0.575896
vt 0.655741 0.602085
vt 0.649775 0.601408
vt 0.654236 0.548763
vt 0.661422 0.575207
vt 0.662427 0.602848
vt 0.657656 0.629212
vt 0.651267 0.627393
vt 0.668622 0.574486
vt 0.670041 0.603683
vt 0.664882 0.631373
vt 0.655240 0.656357
vt 0.648536 0.652918
vt 0.676711 0.604485
vt 0.671419 0.633375
vt 0.661101 0.659405
vt 0.646333 0.681973
vt 0.641535 0.678310
vt 0.816839 0.087602
vt 0.812481 0.113462
vt 0.804181 0.112135
vt 0.808873 0.085997
vt 0.030796 0.847273
vt 0.030072 0.839802
vt 0.056635 0.840188
vt 0.057050 0.847598
vt 0.082926 0.840365
vt 0.083092 0.847401
vt 0.029807 0.830706
vt 0.056404 0.831603
vt 0.082692 0.832010
vt 0.109206 0.832166
vt 0.109194 0.840547
vt 0.056195 0.820924
vt 0.082488 0.821271
vt 0.109251 0.821613
vt 0.782956 0.348805
vt 0.787415 0.375077
vt 0.777284 0.376495
vt 0.772641 0.350656
vt 0.082293 0.812032
vt 0.109286 0.812559
vt 0.791798 0.347225
vt 0.796336 0.373879
vt 0.798804 0.402708
vt 0.789838 0.403435
vt 0.798462 0.346046
vt 0.803091 0.373080
vt 0.805606 0.402198
vt 0.804941 0.432688
vt 0.797995 0.432805
vt 0.809079 0.372086
vt 0.811628 0.401626
vt 0.811113 0.432540
vt 0.807385 0.463091
vt 0.801193 0.462843
vt 0.816839 0.400898
vt 0.816602 0.432488
vt 0.813008 0.463900
vt 0.807254 0.492154
vt 0.801748 0.491184
vt 0.696672 0.769440
vt 0.686930 0.800002
vt 0.681031 0.798885
vt 0.692125 0.767506
vt 0.710376 0.740288
vt 0.713895 0.742787
vt 0.733021 0.716618
vt 0.736762 0.720583
vt 0.687542 0.765655
vt 0.705883 0.736914
vt 0.729370 0.712421
vt 0.758146 0.693536
vt 0.760664 0.698374
vt 0.700327 0.733116
vt 0.725113 0.707417
vt 0.755287 0.687836
vt 0.788759 0.675611
vt 0.790225 0.681694
vt 0.721574 0.703383
vt 0.752721 0.682959
vt 0.787380 0.670194
vt 0.823279 0.665385
vt 0.823641 0.670898
vt 0.124263 0.400919
vt 0.090325 0.408449
vt 0.088447 0.402907
vt 0.123197 0.395216
vt 0.159555 0.391868
vt 0.159851 0.397907
vt 0.196314 0.392756
vt 0.195851 0.398345
vt 0.659623 0.175829
vt 0.657661 0.212391
vt 0.652214 0.212812
vt 0.654361 0.176074
vt 0.159365 0.386594
vt 0.196536 0.387292
vt 0.231608 0.391980
vt 0.231187 0.397261
vt 0.654359 0.138911
vt 0.648392 0.176111
vt 0.648542 0.138952
vt 0.646265 0.103966
vt 0.651993 0.104075
vt 0.780505 0.469624
vt 0.781087 0.498579
vt 0.774824 0.498615
vt 0.774581 0.469485
vt 0.642923 0.139072
vt 0.641285 0.103703
vt 0.636927 0.075304
vt 0.642264 0.074336
vt 0.786393 0.498588
vt 0.786104 0.530237
vt 0.780478 0.530055
vt 0.737872 0.348707
vt 0.743179 0.319517
vt 0.748878 0.320269
vt 0.743350 0.349619
vt 0.732756 0.377618
vt 0.728188 0.375860
vt 0.789915 0.529718
vt 0.790551 0.565317
vt 0.785700 0.564763
vt 0.749075 0.350612
vt 0.738275 0.379369
vt 0.794907 0.529251
vt 0.795606 0.565987
vt 0.796146 0.603783
vt 0.791030 0.602558
vt 0.800620 0.529257
vt 0.800997 0.566514
vt 0.801621 0.605008
vt 0.063250 0.420681
vt 0.098875 0.412526
vt 0.099467 0.418706
vt 0.063863 0.426557
vt 0.806415 0.566858
vt 0.806585 0.604877
vt 0.208639 0.025331
vt 0.213608 0.026999
vt 0.205411 0.062213
vt 0.199318 0.060731
vt 0.199894 0.100420
vt 0.194064 0.099572
vt 0.491407 0.790726
vt 0.456211 0.774444
vt 0.459458 0.769851
vt 0.493575 0.785613
vt 0.530442 0.792496
vt 0.529657 0.798041
vt 0.569131 0.792344
vt 0.569073 0.798041
vt 0.495971 0.779916
vt 0.531233 0.786615
vt 0.569029 0.786002
vt 0.604614 0.777728
vt 0.606693 0.784515
vt 0.532048 0.781354
vt 0.568931 0.781991
vt 0.603210 0.773095
vt 0.634824 0.757923
vt 0.636873 0.761968
vt 0.361777 0.595101
vt 0.367407 0.628993
vt 0.361618 0.629166
vt 0.356542 0.595545
vt 0.359717 0.004899
vt 0.358692 0.010021
vt 0.325560 0.009166
vt 0.326689 0.003767
vt 0.291474 0.008550
vt 0.292212 0.003027
vt 0.357987 0.016734
vt 0.324992 0.015824
vt 0.290836 0.015210
vt 0.256344 0.013602
vt 0.256956 0.006912
vt 0.324235 0.024024
vt 0.290054 0.023387
vt 0.255613 0.021711
vt 0.221858 0.020834
vt 0.222537 0.012651
vt 0.288851 0.036630
vt 0.254420 0.035461
vt 0.221029 0.034949
vt 0.670687 0.072574
vt 0.665826 0.037458
vt 0.678568 0.037726
vt 0.683460 0.072962
vt 0.252868 0.058282
vt 0.220132 0.058261
vt 0.649857 0.072029
vt 0.645290 0.037189
vt 0.644097 0.000686
vt 0.664374 0.000786
vt 0.626805 0.071403
vt 0.622539 0.036885
vt 0.621573 0.000948
vt 0.180744 0.085448
vt 0.148398 0.084388
vt 0.150416 0.058754
vt 0.183478 0.059942
vt 0.599734 0.036761
vt 0.598895 0.001534
vt 0.178060 0.111249
vt 0.146473 0.110316
vt 0.111118 0.109571
vt 0.111923 0.083590
vt 0.175549 0.137139
vt 0.144645 0.136285
vt 0.110231 0.135573
vt 0.074781 0.135141
vt 0.074672 0.109154
vt 0.142912 0.162244
vt 0.109340 0.161573
vt 0.074773 0.161140
vt 0.041448 0.160869
vt 0.040705 0.134897
vt 0.108511 0.187580
vt 0.074752 0.187142
vt 0.042080 0.186854
vt 0.012188 0.186689
vt 0.011080 0.160741
vt 0.074656 0.213158
vt 0.042616 0.212867
vt 0.013206 0.212726
vt 0.660237 0.241485
vt 0.692627 0.244921
vt 0.691608 0.268159
vt 0.658621 0.264721
vt 0.043129 0.238920
vt 0.014254 0.238826
vt 0.661952 0.218133
vt 0.693767 0.221592
vt 0.725451 0.221194
vt 0.724841 0.244457
vt 0.663727 0.194624
vt 0.694980 0.198089
vt 0.726143 0.197848
vt 0.477633 0.345672
vt 0.448456 0.344835
vt 0.449400 0.318927
vt 0.479095 0.319702
vt 0.696272 0.174414
vt 0.726824 0.174333
vt 0.476004 0.371670
vt 0.447403 0.370782
vt 0.417183 0.370016
vt 0.417658 0.344128
vt 0.474254 0.397701
vt 0.446206 0.396663
vt 0.416549 0.395700
vt 0.386840 0.394834
vt 0.386919 0.369306
vt 0.445004 0.421434
vt 0.415906 0.420199
vt 0.386636 0.419157
vt 0.358933 0.418495
vt 0.358641 0.394226
vt 0.415340 0.438341
vt 0.386335 0.436924
vt 0.358996 0.436018
vt 0.581141 0.418292
vt 0.552653 0.416610
vt 0.553502 0.399258
vt 0.582341 0.401140
vt 0.386065 0.447891
vt 0.358970 0.447146
vt 0.580319 0.429174
vt 0.552041 0.427645
vt 0.523577 0.427954
vt 0.523987 0.416900
vt 0.579655 0.437599
vt 0.551569 0.436074
vt 0.523261 0.436414
vt 0.496364 0.438393
vt 0.496383 0.430286
vt 0.550962 0.443842
vt 0.523202 0.444059
vt 0.496859 0.445667
vt 0.472315 0.449432
vt 0.471823 0.442116
vt 0.266788 0.938821
vt 0.239367 0.939877
vt 0.240117 0.933094
vt 0.266240 0.932518
vt 0.291539 0.926118
vt 0.293662 0.932505
vt 0.313669 0.913636
vt 0.316907 0.919093
vt 0.265460 0.924544
vt 0.288917 0.918433
vt 0.309559 0.906932
vt 0.326530 0.891364
vt 0.332231 0.897060
vt 0.286106 0.909857
vt 0.304955 0.899344
vt 0.320431 0.885222
vt 0.332737 0.868379
vt 0.339911 0.872865
vt 0.297955 0.887336
vt 0.311210 0.875692
vt 0.321674 0.861653
vt 0.328996 0.845059
vt 0.341204 0.849320
vt 0.345091 0.828727
vt 0.349017 0.852101
vt 0.332182 0.827517
vt 0.331690 0.808977
vt 0.310637 0.827121
vt 0.310437 0.812354
vt 0.306697 0.797724
vt 0.291417 0.829575
vt 0.290683 0.816780
vt 0.287400 0.804398
vt 0.276891 0.820841
vt 0.273348 0.809184
vt 0.265593 0.824236
vt 0.261975 0.812942
vt 0.255411 0.826813
vt 0.251778 0.816272
vt 0.245790 0.828747
vt 0.258115 0.838596
vt 0.248623 0.839103
vt 0.235672 0.831353
vt 0.220430 0.838063
vt 0.207638 0.862210
vt 0.198613 0.851576
vt 0.191382 0.878741
vt 0.178570 0.864512
vt 0.180903 0.889625
vt 0.165654 0.872836
vt 0.154779 0.853070
vt 0.157835 0.877826
vt 0.146293 0.856169
vt 0.139966 0.832128
vt 0.138876 0.858826
vt 0.132157 0.833061
vt 0.131338 0.806434
vt 0.139196 0.807174
vt 0.136312 0.779398
vt 0.144004 0.781988
vt 0.148667 0.754232
vt 0.155341 0.758518
vt 0.166362 0.732638
vt 0.171935 0.738414
vt 0.188455 0.716225
vt 0.192441 0.723083
vt 0.213287 0.706350
vt 0.215548 0.713652
vt 0.238747 0.701981
vt 0.239418 0.709763
vt 0.264664 0.703283
vt 0.238210 0.695939
vt 0.265548 0.697335
vt 0.291426 0.705017
vt 0.223079 0.385367
vt 0.200896 0.386204
vt 0.199467 0.379142
vt 0.222013 0.378429
vt 0.246775 0.378213
vt 0.247437 0.385082
vt 0.221552 0.370520
vt 0.246634 0.370404
vt 0.273398 0.370545
vt 0.246492 0.360128
vt 0.273506 0.360177
vt 0.300975 0.360303
vt 0.273823 0.342118
vt 0.301828 0.342305
vt 0.329112 0.342652
vt 0.303160 0.317703
vt 0.331068 0.318350
vt 0.356682 0.319282
vt 0.354238 0.343320
vt 0.071075 0.632287
vt 0.065775 0.605454
vt 0.089961 0.603991
vt 0.095198 0.631521
vt 0.097712 0.660533
vt 0.119416 0.630899
vt 0.121918 0.660532
vt 0.121727 0.690221
vt 0.146108 0.660572
vt 0.145908 0.690865
vt 0.142786 0.719801
vt 0.118807 0.718693
vt 0.170040 0.691517
vt 0.166770 0.720910
vt 0.235759 0.567189
vt 0.210089 0.567794
vt 0.209274 0.537818
vt 0.184359 0.568255
vt 0.183632 0.537774
vt 0.183015 0.506334
vt 0.157982 0.537672
vt 0.157382 0.505843
vt 0.156876 0.474753
vt 0.131698 0.505351
vt 0.131188 0.474011
vt 0.130758 0.444842
vt 0.156481 0.445761
vt 0.105458 0.473304
vt 0.105024 0.443985
vt 0.494976 0.201899
vt 0.494463 0.176769
vt 0.526257 0.174358
vt 0.493934 0.151658
vt 0.526020 0.149266
vt 0.559457 0.148987
vt 0.525708 0.124644
vt 0.559523 0.124331
vt 0.592915 0.126174
vt 0.592436 0.150904
vt 0.559419 0.104453
vt 0.593108 0.106161
vt 0.353303 0.136813
vt 0.352738 0.116191
vt 0.385130 0.116392
vt 0.352334 0.104367
vt 0.385006 0.104202
vt 0.419602 0.105050
vt 0.384845 0.096578
vt 0.419487 0.097599
vt 0.453632 0.098677
vt 0.419403 0.091280
vt 0.453533 0.092115
vt 0.486173 0.092154
vt 0.486122 0.098453
vt 0.723717 0.423894
vt 0.755903 0.418251
vt 0.757028 0.423359
vt 0.724570 0.429102
vt 0.689262 0.432343
vt 0.540309 0.461467
vt 0.505142 0.467219
vt 0.503427 0.462356
vt 0.539683 0.457030
vt 0.576904 0.458937
vt 0.576567 0.463601
vt 0.539053 0.451508
vt 0.577161 0.453321
vt 0.614614 0.462987
vt 0.577275 0.447548
vt 0.615868 0.457553
vt 0.189001 0.083409
vt 0.185884 0.122352
vt 0.180360 0.122483
vt 0.182989 0.082837
vt 0.587665 0.750545
vt 0.547829 0.751902
vt 0.547479 0.745832
vt 0.586251 0.744372
vt 0.622268 0.738062
vt 0.624874 0.743421
vt 0.585003 0.738700
vt 0.619509 0.732375
vt 0.487577 0.636710
vt 0.486657 0.631477
vt 0.520660 0.631204
vt 0.489631 0.642534
vt 0.647661 0.724369
vt 0.616894 0.726960
vt 0.644473 0.718820
vt 0.518975 0.625807
vt 0.542220 0.626017
vt 0.542501 0.631279
vt 0.567791 0.626179
vt 0.566961 0.630805
vt 0.613365 0.189071
vt 0.618215 0.191540
vt 0.612642 0.224008
vt 0.607720 0.222033
vt 0.602312 0.219662
vt 0.608047 0.185665
vt 0.603167 0.260085
vt 0.595896 0.216915
vt 0.600854 0.636073
vt 0.599563 0.642534
vt 0.608881 0.261251
vt 0.608204 0.300073
vt 0.614102 0.262023
vt 0.613842 0.300508
vt 0.616417 0.338596
vt 0.174648 0.208767
vt 0.173330 0.175859
vt 0.178909 0.175559
vt 0.180569 0.209129
vt 0.181079 0.245650
vt 0.621908 0.373706
vt 0.186338 0.209660
vt 0.186853 0.246095
vt 0.187423 0.283791
vt 0.192572 0.246857
vt 0.192914 0.284065
vt 0.193102 0.320657
vt 0.962645 0.942470
vt 0.936312 0.968448
vt 0.933693 0.964402
vt 0.958917 0.939018
vt 0.977745 0.909183
vt 0.982273 0.911805
vt 0.720208 0.691897
vt 0.725877 0.693800
vt 0.954628 0.934829
vt 0.972208 0.906026
vt 0.983760 0.873572
vt 0.966615 0.903293
vt 0.978265 0.871935
vt 0.983052 0.837952
vt 0.973824 0.870499
vt 0.977673 0.837520
vt 0.565710 0.601521
vt 0.532533 0.600111
vt 0.533353 0.594853
vt 0.565967 0.595417
vt 0.534006 0.588479
vt 0.566289 0.588985
vt 0.598461 0.586718
vt 0.534812 0.581228
vt 0.566594 0.581598
vt 0.598294 0.579467
vt 0.535795 0.570635
vt 0.566857 0.570400
vt 0.597948 0.568359
vt 0.566950 0.560095
vt 0.597557 0.557797
vt 0.830667 0.029533
vt 0.829387 0.039978
vt 0.798486 0.039575
vt 0.828396 0.048376
vt 0.797921 0.047987
vt 0.764172 0.047149
vt 0.763907 0.038223
vt 0.731226 0.046191
vt 0.730231 0.036448
vt 0.702778 0.044820
vt 0.701509 0.035052
vt 0.029054 0.745464
vt 0.000826 0.737983
vt 0.002188 0.730239
vt 0.029608 0.737524
vt 0.056840 0.740841
vt 0.031173 0.731142
vt 0.057159 0.734202
vt 0.085266 0.734171
vt 0.415086 0.613715
vt 0.415086 0.585602
vt 0.421996 0.586023
vt 0.421473 0.612679
vt 0.426609 0.639186
vt 0.420980 0.641362
vt 0.428063 0.611649
vt 0.432805 0.636888
vt 0.442429 0.661038
vt 0.438670 0.634780
vt 0.447582 0.657763
vt 0.461763 0.678620
vt 0.452619 0.654753
vt 0.465733 0.674337
vt 0.483699 0.690162
vt 0.469628 0.670118
vt 0.486683 0.685030
vt 0.507809 0.696017
vt 0.489115 0.680702
vt 0.509681 0.690645
vt 0.530423 0.694861
vt 0.211540 0.328086
vt 0.208801 0.348752
vt 0.203771 0.347537
vt 0.206809 0.327284
vt 0.206837 0.306865
vt 0.211900 0.307044
vt 0.201798 0.326478
vt 0.201218 0.306605
vt 0.200367 0.290316
vt 0.199306 0.347046
vt 0.195363 0.345400
vt 0.198082 0.325746
vt 0.826286 0.704504
vt 0.825198 0.707724
vt 0.843943 0.715230
vt 0.841931 0.718545
vt 0.824193 0.711233
vt 0.365698 0.064518
vt 0.365429 0.083355
vt 0.360630 0.083166
vt 0.361172 0.064605
vt 0.359446 0.050014
vt 0.364677 0.048497
vt 0.305887 0.402022
vt 0.305793 0.416951
vt 0.300157 0.417641
vt 0.299865 0.402488
vt 0.631470 0.091696
vt 0.632281 0.098133
vt 0.619485 0.098797
vt 0.619896 0.092547
vt 0.619501 0.087807
vt 0.631472 0.086715
vt 0.608845 0.099291
vt 0.609954 0.093510
vt 0.000737 0.165299
vt 0.003162 0.155947
vt 0.008544 0.156982
vt 0.006019 0.167469
vt 0.001000 0.390838
vt 0.006874 0.390047
vt 0.009212 0.399291
vt 0.003655 0.399624
vt 0.002848 0.146716
vt 0.007670 0.146623
vt 0.000737 0.137376
vt 0.005012 0.136829
vt 0.787982 0.736012
vt 0.789948 0.746309
vt 0.865936 0.566619
vt 0.865304 0.571057
vt 0.851344 0.571165
vt 0.851642 0.566203
vt 0.797935 0.758198
vt 0.829780 0.571011
vt 0.830250 0.566428
vt 0.813507 0.773174
vt 0.809192 0.776787
vt 0.828604 0.787031
vt 0.824479 0.790875
vt 0.821178 0.794259
vt 0.837395 0.804897
vt 0.831721 0.813892
vt 0.850239 0.813613
vt 0.844550 0.826913
vt 0.832992 0.842125
vt 0.856152 0.839841
vt 0.843092 0.855545
vt 0.864734 0.848531
vt 0.849101 0.863081
vt 0.829598 0.874265
vt 0.853645 0.869195
vt 0.833193 0.880814
vt 0.811460 0.885631
vt 0.835470 0.885615
vt 0.812741 0.891830
vt 0.792144 0.892029
vt 0.211397 0.142695
vt 0.212162 0.163063
vt 0.206847 0.163645
vt 0.205776 0.142990
vt 0.206662 0.122493
vt 0.212556 0.123007
vt 0.208213 0.102104
vt 0.213849 0.102613
vt 0.199476 0.143173
vt 0.200211 0.121925
vt 0.202364 0.101254
vt 0.575401 0.501736
vt 0.554609 0.497865
vt 0.555430 0.492234
vt 0.577326 0.496323
vt 0.597372 0.504266
vt 0.594483 0.509038
vt 0.579406 0.490286
vt 0.600692 0.498965
vt 0.619471 0.511590
vt 0.604338 0.493338
vt 0.624355 0.507151
vt 0.641724 0.525498
vt 0.629663 0.502311
vt 0.647814 0.522011
vt 0.660937 0.546566
vt 0.653015 0.519206
vt 0.666821 0.544822
vt 0.675074 0.573972
vt 0.810004 0.172795
vt 0.812344 0.202066
vt 0.804377 0.202362
vt 0.801819 0.172463
vt 0.801645 0.141543
vt 0.809993 0.142262
vt 0.792431 0.171949
vt 0.792401 0.140795
vt 0.794921 0.111024
vt 0.799746 0.084676
vt 0.780097 0.139851
vt 0.782798 0.109576
vt 0.788435 0.083111
vt 0.029547 0.819364
vt 0.773312 0.108403
vt 0.779022 0.081726
vt 0.029434 0.809901
vt 0.056084 0.811238
vt 0.029418 0.803195
vt 0.055972 0.804291
vt 0.082026 0.804966
vt 0.109314 0.805730
vt 0.055819 0.798040
vt 0.081927 0.798670
vt 0.109367 0.799552
vt 0.804438 0.345120
vt 0.798094 0.321925
vt 0.802873 0.319638
vt 0.810269 0.343235
vt 0.814400 0.370680
vt 0.684329 0.861866
vt 0.692915 0.890305
vt 0.688572 0.892807
vt 0.679675 0.863303
vt 0.676598 0.831426
vt 0.682152 0.831272
vt 0.674039 0.864896
vt 0.671403 0.831716
vt 0.675864 0.798018
vt 0.665112 0.832094
vt 0.669833 0.796943
vt 0.681858 0.763428
vt 0.664614 0.796010
vt 0.676517 0.761214
vt 0.695886 0.730063
vt 0.744254 0.649994
vt 0.749385 0.616628
vt 0.755289 0.617016
vt 0.749831 0.651339
vt 0.741058 0.681838
vt 0.735789 0.679762
vt 0.057840 0.415261
vt 0.060290 0.420381
vt 0.681596 0.433320
vt 0.719177 0.434446
vt 0.719481 0.440513
vt 0.681869 0.439465
vt 0.643826 0.439683
vt 0.643959 0.433764
vt 0.608833 0.439781
vt 0.608853 0.433942
vt 0.682173 0.445340
vt 0.644187 0.445777
vt 0.609201 0.445772
vt 0.646313 0.212771
vt 0.642303 0.247786
vt 0.636927 0.247468
vt 0.641278 0.212765
vt 0.642767 0.176169
vt 0.743408 0.246708
vt 0.737769 0.210579
vt 0.743375 0.209236
vt 0.748377 0.246158
vt 0.750198 0.283811
vt 0.744970 0.283782
vt 0.754145 0.245584
vt 0.756071 0.283836
vt 0.754510 0.321158
vt 0.762155 0.283697
vt 0.760156 0.321896
vt 0.754842 0.351760
vt 0.801442 0.495164
vt 0.796256 0.496170
vt 0.006103 0.178522
vt 0.010341 0.207582
vt 0.004592 0.208069
vt 0.000850 0.179002
vt 0.806585 0.495720
vt 0.805883 0.529915
vt 0.401204 0.723332
vt 0.383389 0.693169
vt 0.388752 0.690944
vt 0.406242 0.720508
vt 0.429645 0.747883
vt 0.425324 0.751365
vt 0.411019 0.718821
vt 0.433988 0.744290
vt 0.462852 0.765521
vt 0.437504 0.741286
vt 0.465685 0.761862
vt 0.497750 0.775103
vt 0.365092 0.700475
vt 0.358688 0.733104
vt 0.354606 0.731813
vt 0.360056 0.699505
vt 0.362695 0.665521
vt 0.367407 0.665925
vt 0.354621 0.698858
vt 0.357047 0.665182
vt 0.355415 0.629114
vt 0.350287 0.595329
vt 0.349760 0.663981
vt 0.347891 0.628695
vt 0.342716 0.595100
vt 0.357135 0.024847
vt 0.335466 0.628601
vt 0.330047 0.595232
vt 0.355920 0.038378
vt 0.323083 0.037535
vt 0.354053 0.060956
vt 0.321419 0.059818
vt 0.287167 0.058889
vt 0.319337 0.085489
vt 0.285373 0.084624
vt 0.251447 0.084130
vt 0.219229 0.084137
vt 0.283705 0.110582
vt 0.250259 0.110157
vt 0.218499 0.110162
vt 0.603700 0.070858
vt 0.249220 0.136143
vt 0.217923 0.136182
vt 0.580634 0.070461
vt 0.576903 0.036870
vt 0.576163 0.002393
vt 0.557689 0.070195
vt 0.554060 0.037189
vt 0.553409 0.003458
vt 0.173207 0.163056
vt 0.531217 0.037692
vt 0.530614 0.004674
vt 0.170984 0.189020
vt 0.141310 0.188227
vt 0.168838 0.215016
vt 0.139764 0.214252
vt 0.107689 0.213612
vt 0.138219 0.240317
vt 0.106832 0.239702
vt 0.074524 0.239224
vt 0.105957 0.265830
vt 0.074332 0.265386
vt 0.043637 0.265083
vt 0.015438 0.264968
vt 0.074193 0.291678
vt 0.044212 0.291358
vt 0.016601 0.291184
vt 0.665627 0.171014
vt 0.044745 0.317744
vt 0.017768 0.317503
vt 0.667598 0.147285
vt 0.697611 0.150664
vt 0.727578 0.150739
vt 0.669610 0.124553
vt 0.699040 0.127944
vt 0.728439 0.128216
vt 0.472557 0.422631
vt 0.700248 0.111800
vt 0.729193 0.112134
vt 0.471296 0.440490
vt 0.443992 0.439537
vt 0.470361 0.451522
vt 0.443280 0.450514
vt 0.414986 0.449294
vt 0.442741 0.458711
vt 0.414671 0.457807
vt 0.385862 0.456492
vt 0.358960 0.455747
vt 0.414419 0.465429
vt 0.386118 0.464112
vt 0.606256 0.441533
vt 0.604644 0.449432
vt 0.578578 0.445453
vt 0.186200 0.924203
vt 0.163481 0.907565
vt 0.168298 0.902662
vt 0.189889 0.918230
vt 0.214197 0.928419
vt 0.211959 0.935043
vt 0.194302 0.910953
vt 0.216782 0.920741
vt 0.240985 0.925240
vt 0.219746 0.912018
vt 0.241929 0.916255
vt 0.264551 0.915614
vt 0.243615 0.901615
vt 0.263245 0.901295
vt 0.281828 0.896147
vt 0.261340 0.878707
vt 0.275547 0.874071
vt 0.287584 0.866673
vt 0.270729 0.852288
vt 0.281172 0.847166
vt 0.268162 0.836493
vt 0.279100 0.833192
vt 0.259960 0.855640
vt 0.246410 0.879173
vt 0.249299 0.855877
vt 0.232135 0.876235
vt 0.224590 0.897723
vt 0.206990 0.889962
vt 0.219227 0.870409
vt 0.199123 0.902944
vt 0.174300 0.896443
vt 0.150775 0.882264
vt 0.144794 0.885974
vt 0.132646 0.861060
vt 0.441895 0.465666
vt 0.756355 0.083913
vt 0.757028 0.091099
vt 0.730254 0.094696
vt 0.730251 0.087639
vt 0.125337 0.833945
vt 0.701786 0.095125
vt 0.702252 0.088465
vt 0.125337 0.805785
vt 0.672805 0.092172
vt 0.673274 0.086307
vt 0.129979 0.777098
vt 0.019905 0.385535
vt 0.019755 0.378905
vt 0.046184 0.379157
vt 0.046647 0.386120
vt 0.143796 0.751203
vt 0.074871 0.379105
vt 0.074925 0.386204
vt 0.162060 0.728585
vt 0.104045 0.378870
vt 0.103972 0.385897
vt 0.184890 0.710649
vt 0.131730 0.378839
vt 0.131212 0.385719
vt 0.211244 0.700244
vt 0.156291 0.379126
vt 0.155198 0.386204
vt 0.131758 0.371156
vt 0.156745 0.371323
vt 0.365178 0.018550
vt 0.371931 0.017725
vt 0.372705 0.045643
vt 0.365849 0.046262
vt 0.360328 0.046816
vt 0.359590 0.019608
vt 0.380828 0.016676
vt 0.381996 0.044858
vt 0.385018 0.072729
vt 0.375855 0.073157
vt 0.369061 0.073481
vt 0.396994 0.043755
vt 0.400257 0.072119
vt 0.221013 0.359911
vt 0.220268 0.342327
vt 0.246276 0.342055
vt 0.219279 0.317827
vt 0.246094 0.317391
vt 0.274417 0.317396
vt 0.246061 0.291633
vt 0.275208 0.291660
vt 0.304742 0.292069
vt 0.276092 0.265884
vt 0.306364 0.266351
vt 0.335447 0.267203
vt 0.333245 0.292850
vt 0.307915 0.240587
vt 0.337643 0.241514
vt 0.114243 0.602679
vt 0.138519 0.601500
vt 0.143689 0.630349
vt 0.162774 0.600442
vt 0.168027 0.629860
vt 0.170355 0.660674
vt 0.192290 0.629485
vt 0.194598 0.660805
vt 0.194119 0.692088
vt 0.218859 0.661042
vt 0.218202 0.692750
vt 0.185291 0.596426
vt 0.159541 0.597394
vt 0.158660 0.568629
vt 0.211029 0.595383
vt 0.133820 0.598408
vt 0.133013 0.568990
vt 0.132331 0.537546
vt 0.107406 0.569409
vt 0.106674 0.537434
vt 0.105969 0.504896
vt 0.081049 0.537201
vt 0.080289 0.504379
vt 0.079723 0.472631
vt 0.054951 0.503747
vt 0.054349 0.471902
vt 0.053912 0.442629
vt 0.079276 0.443224
vt 0.033392 0.471255
vt 0.033102 0.442265
vt 0.493446 0.126985
vt 0.493014 0.106780
vt 0.525350 0.104520
vt 0.492836 0.095163
vt 0.525274 0.093274
vt 0.559276 0.093279
vt 0.525206 0.086173
vt 0.559171 0.086093
vt 0.592958 0.087462
vt 0.592990 0.094724
vt 0.559078 0.080085
vt 0.592998 0.081419
vt 0.352130 0.096851
vt 0.352022 0.090590
vt 0.384764 0.090446
vt 0.625239 0.085245
vt 0.593746 0.075962
vt 0.626300 0.079389
vt 0.384329 0.084863
vt 0.419210 0.086470
vt 0.444405 0.499962
vt 0.420121 0.525316
vt 0.416134 0.522500
vt 0.440931 0.495921
vt 0.470056 0.475736
vt 0.472770 0.479967
vt 0.453772 0.087315
vt 0.437031 0.491215
vt 0.467156 0.470837
vt 0.501404 0.457047
vt 0.464325 0.465524
vt 0.499657 0.451631
vt 0.538438 0.445579
vt 0.187028 0.161226
vt 0.192056 0.199734
vt 0.186444 0.201037
vt 0.181069 0.161895
vt 0.508454 0.749884
vt 0.469548 0.744739
vt 0.470101 0.738248
vt 0.508548 0.743727
vt 0.471212 0.732636
vt 0.508906 0.737811
vt 0.547190 0.740074
vt 0.509179 0.732202
vt 0.546849 0.734331
vt 0.583832 0.733119
vt 0.546463 0.729993
vt 0.582946 0.727269
vt 0.451640 0.627634
vt 0.451317 0.621531
vt 0.485076 0.621542
vt 0.486021 0.626669
vt 0.450390 0.616311
vt 0.483835 0.615968
vt 0.516168 0.615415
vt 0.517528 0.621397
vt 0.542503 0.614981
vt 0.542322 0.620746
vt 0.570345 0.614759
vt 0.568966 0.620474
vt 0.602577 0.615710
vt 0.600995 0.621351
vt 0.600655 0.626982
vt 0.633990 0.617333
vt 0.633015 0.622944
vt 0.618224 0.225323
vt 0.619066 0.262719
vt 0.622794 0.225798
vt 0.627953 0.226372
vt 0.624653 0.263268
vt 0.624339 0.301600
vt 0.618478 0.301157
vt 0.630376 0.263987
vt 0.630233 0.301827
vt 0.633299 0.339172
vt 0.627395 0.339404
vt 0.621867 0.339107
vt 0.635024 0.301921
vt 0.638151 0.338189
vt 0.868427 0.999687
vt 0.867933 0.995019
vt 0.902946 0.983534
vt 0.904609 0.988120
vt 0.639116 0.373947
vt 0.632903 0.374773
vt 0.867209 0.989498
vt 0.900888 0.978038
vt 0.930535 0.959431
vt 0.898562 0.971962
vt 0.926559 0.952897
vt 0.949716 0.930359
vt 0.924389 0.949407
vt 0.945679 0.926720
vt 0.961788 0.900545
vt 0.501233 0.597941
vt 0.473313 0.592948
vt 0.475412 0.587847
vt 0.502563 0.592812
vt 0.840763 0.203655
vt 0.840403 0.231881
vt 0.833891 0.231641
vt 0.834276 0.203981
vt 0.503580 0.586190
vt 0.476571 0.581478
vt 0.477754 0.574350
vt 0.504712 0.578900
vt 0.479564 0.564285
vt 0.506221 0.568411
vt 0.481555 0.553219
vt 0.507851 0.557345
vt 0.536716 0.559821
vt 0.509102 0.548891
vt 0.537447 0.551437
vt 0.567070 0.551662
vt 0.538306 0.544115
vt 0.567001 0.544154
vt 0.595981 0.542080
vt 0.597140 0.549283
vt 0.501367 0.470956
vt 0.530389 0.464691
vt 0.530967 0.471334
vt 0.503470 0.477151
vt 0.476458 0.489692
vt 0.472623 0.483804
vt 0.624644 0.537336
vt 0.626478 0.544780
vt 0.451787 0.509048
vt 0.446985 0.504372
vt 0.797077 0.054684
vt 0.764363 0.054137
vt 0.432750 0.533362
vt 0.427365 0.530206
vt 0.732273 0.053524
vt 0.456893 0.514040
vt 0.438822 0.536672
vt 0.427324 0.561297
vt 0.420591 0.559484
vt 0.005342 0.724463
vt 0.444658 0.539910
vt 0.433942 0.562962
vt 0.428862 0.586493
vt 0.440165 0.564478
vt 0.435324 0.586944
vt 0.434381 0.610755
vt 0.441217 0.587379
vt 0.440392 0.610067
vt 0.444347 0.632874
vt 0.445389 0.609361
vt 0.449579 0.631032
vt 0.457490 0.651868
vt 0.477447 0.523913
vt 0.498114 0.518972
vt 0.499769 0.524865
vt 0.480070 0.528426
vt 0.460942 0.649467
vt 0.472935 0.666728
vt 0.411553 0.597690
vt 0.411837 0.618538
vt 0.407283 0.618610
vt 0.407012 0.598368
vt 0.407202 0.577451
vt 0.411837 0.576382
vt 0.403242 0.599065
vt 0.402922 0.577933
vt 0.402991 0.556785
vt 0.407785 0.556511
vt 0.197478 0.367443
vt 0.202813 0.369115
vt 0.864166 0.724758
vt 0.876731 0.741761
vt 0.872100 0.744501
vt 0.860963 0.728500
vt 0.846057 0.711390
vt 0.868654 0.746235
vt 0.858051 0.731817
vt 0.833542 0.114510
vt 0.851426 0.114222
vt 0.851609 0.118037
vt 0.833856 0.119073
vt 0.814042 0.118760
vt 0.813616 0.114222
vt 0.852696 0.123768
vt 0.834139 0.124655
vt 0.813874 0.124566
vt 0.834905 0.133801
vt 0.813642 0.133829
vt 0.305083 0.435842
vt 0.296768 0.437470
vt 0.291143 0.418459
vt 0.355404 0.083734
vt 0.355404 0.064869
vt 0.514373 0.802138
vt 0.534106 0.802177
vt 0.535484 0.816063
vt 0.514136 0.816445
vt 0.496005 0.818645
vt 0.498147 0.803954
vt 0.290478 0.402022
vt 0.632159 0.108549
vt 0.631406 0.124160
vt 0.614707 0.123961
vt 0.617939 0.108771
vt 0.601585 0.122472
vt 0.606107 0.108136
vt 0.016100 0.389355
vt 0.031091 0.389888
vt 0.031387 0.401950
vt 0.017309 0.399563
vt 0.030441 0.413152
vt 0.017876 0.410456
vt 0.010810 0.409187
vt 0.865230 0.575981
vt 0.864642 0.582192
vt 0.849456 0.583067
vt 0.850584 0.577040
vt 0.005523 0.409023
vt 0.820419 0.326619
vt 0.827227 0.326283
vt 0.831924 0.346918
vt 0.824629 0.346568
vt 0.828186 0.577435
vt 0.833224 0.366355
vt 0.826099 0.365090
vt 0.808780 0.576454
vt 0.810196 0.570511
vt 0.819932 0.364376
vt 0.824566 0.378148
vt 0.819454 0.376956
vt 0.001300 0.114207
vt 0.000844 0.101537
vt 0.005514 0.101547
vt 0.006835 0.115538
vt 0.006022 0.133292
vt 0.000844 0.132377
vt 0.832011 0.380153
vt 0.828554 0.391592
vt 0.820526 0.389151
vt 0.503449 0.651202
vt 0.501941 0.662721
vt 0.495714 0.661886
vt 0.498049 0.650958
vt 0.509647 0.662213
vt 0.509588 0.676157
vt 0.501187 0.676357
vt 0.494252 0.676711
vt 0.850327 0.434918
vt 0.850969 0.441547
vt 0.836608 0.440464
vt 0.836468 0.434918
vt 0.866275 0.777691
vt 0.869220 0.764162
vt 0.872536 0.763607
vt 0.872243 0.779442
vt 0.877623 0.762228
vt 0.879108 0.780023
vt 0.874258 0.797941
vt 0.867522 0.812624
vt 0.886215 0.779964
vt 0.884162 0.799929
vt 0.879951 0.818130
vt 0.875104 0.832617
vt 0.863606 0.824790
vt 0.892029 0.800022
vt 0.891390 0.820748
vt 0.884319 0.839391
vt 0.870692 0.853777
vt 0.561530 0.527940
vt 0.541880 0.526101
vt 0.541498 0.521503
vt 0.561949 0.523301
vt 0.580390 0.527938
vt 0.578183 0.533167
vt 0.873742 0.856785
vt 0.856746 0.873571
vt 0.562253 0.518405
vt 0.581015 0.521928
vt 0.485992 0.247661
vt 0.492154 0.247740
vt 0.491684 0.270931
vt 0.485685 0.271164
vt 0.491593 0.295218
vt 0.486213 0.295532
vt 0.213018 0.055639
vt 0.213018 0.036162
vt 0.218393 0.036723
vt 0.218735 0.056393
vt 0.215317 0.204222
vt 0.210097 0.206773
vt 0.204194 0.186269
vt 0.210226 0.184676
vt 0.200999 0.164578
vt 0.490632 0.512167
vt 0.470548 0.527227
vt 0.466291 0.523101
vt 0.487357 0.507227
vt 0.510156 0.496902
vt 0.512062 0.502340
vt 0.532689 0.492178
vt 0.533349 0.497956
vt 0.483999 0.501774
vt 0.508049 0.490780
vt 0.532201 0.485634
vt 0.556267 0.485721
vt 0.505788 0.484071
vt 0.531618 0.478587
vt 0.557119 0.478789
vt 0.581718 0.483776
vt 0.558081 0.471473
vt 0.584294 0.476846
vt 0.608326 0.487278
vt 0.559078 0.464970
vt 0.586799 0.470468
vt 0.611953 0.481964
vt 0.634307 0.498149
vt 0.485324 0.537336
vt 0.510558 0.541509
vt 0.483144 0.544753
vt 0.790689 0.232380
vt 0.797384 0.231935
vt 0.797476 0.259789
vt 0.790548 0.259433
vt 0.797590 0.288650
vt 0.790805 0.287601
vt 0.805747 0.231843
vt 0.805877 0.260253
vt 0.805903 0.289726
vt 0.806693 0.319206
vt 0.798024 0.317673
vt 0.816994 0.260833
vt 0.816989 0.291121
vt 0.818031 0.321072
vt 0.783699 0.201992
vt 0.780351 0.171422
vt 0.795417 0.202131
vt 0.826685 0.292203
vt 0.827907 0.322555
vt 0.773512 0.202004
vt 0.770753 0.170926
vt 0.770590 0.138889
vt 0.766389 0.201937
vt 0.763815 0.170430
vt 0.763800 0.138126
vt 0.766637 0.107541
vt 0.757598 0.170000
vt 0.757858 0.137504
vt 0.760494 0.106519
vt 0.001782 0.795466
vt 0.029553 0.797176
vt 0.001880 0.801579
vt 0.753375 0.136753
vt 0.756307 0.105229
vt 0.762108 0.077797
vt 0.766472 0.079773
vt 0.768430 0.055828
vt 0.772658 0.057671
vt 0.742818 0.953817
vt 0.768885 0.969201
vt 0.766102 0.973767
vt 0.739652 0.957764
vt 0.718434 0.939748
vt 0.722497 0.935936
vt 0.701870 0.919035
vt 0.706286 0.915391
vt 0.735739 0.962679
vt 0.713833 0.944086
vt 0.697077 0.922548
vt 0.683279 0.895618
vt 0.709741 0.948062
vt 0.692547 0.925982
vt 0.677800 0.898561
vt 0.668205 0.866486
vt 0.689092 0.929057
vt 0.673762 0.901075
vt 0.663484 0.868019
vt 0.660162 0.832493
vt 0.743820 0.509159
vt 0.735789 0.477764
vt 0.740946 0.475322
vt 0.749501 0.507154
vt 0.754924 0.542773
vt 0.749038 0.543908
vt 0.756885 0.580168
vt 0.751052 0.580609
vt 0.754841 0.506037
vt 0.760278 0.541945
vt 0.762155 0.579358
vt 0.760678 0.616576
vt 0.307810 0.399875
vt 0.270400 0.398078
vt 0.270325 0.392099
vt 0.307724 0.393851
vt 0.344998 0.392114
vt 0.345191 0.397526
vt 0.755063 0.447180
vt 0.719390 0.446593
vt 0.755319 0.441258
vt 0.307557 0.389765
vt 0.344855 0.387497
vt 0.754778 0.452185
vt 0.719340 0.451868
vt 0.682592 0.451316
vt 0.438881 0.718820
vt 0.472385 0.726898
vt 0.437031 0.724360
vt 0.719971 0.456772
vt 0.682630 0.455905
vt 0.644150 0.455730
vt 0.644744 0.451044
vt 0.720759 0.462041
vt 0.682887 0.461456
vt 0.643713 0.460785
vt 0.738849 0.173029
vt 0.748958 0.208094
vt 0.733364 0.175064
vt 0.683303 0.467135
vt 0.643327 0.466568
vt 0.744488 0.171788
vt 0.754889 0.207222
vt 0.759864 0.244997
vt 0.011238 0.322331
vt 0.006397 0.358862
vt 0.000850 0.357471
vt 0.004825 0.321581
vt 0.007939 0.284212
vt 0.013671 0.284094
vt 0.007295 0.245734
vt 0.013165 0.245330
vt 0.374559 0.585872
vt 0.386356 0.549734
vt 0.392022 0.551764
vt 0.380481 0.587149
vt 0.375913 0.624216
vt 0.370633 0.624163
vt 0.379266 0.661333
vt 0.374071 0.662612
vt 0.386144 0.588268
vt 0.382075 0.623862
vt 0.385560 0.658935
vt 0.394921 0.688913
vt 0.387357 0.623632
vt 0.390437 0.657531
vt 0.399497 0.687542
vt 0.415237 0.716705
vt 0.462770 0.078802
vt 0.491325 0.076996
vt 0.492222 0.081681
vt 0.463754 0.085174
vt 0.001128 0.468949
vt 0.007043 0.470232
vt 0.007975 0.501921
vt 0.002461 0.500916
vt 0.007335 0.534580
vt 0.002867 0.534077
vt 0.013442 0.470466
vt 0.013488 0.502542
vt 0.012896 0.535216
vt 0.013064 0.568601
vt 0.007254 0.568346
vt 0.021108 0.502673
vt 0.020579 0.535538
vt 0.020867 0.568737
vt 0.020752 0.600260
vt 0.012792 0.599903
vt 0.033911 0.536030
vt 0.034341 0.569201
vt 0.034432 0.600667
vt 0.334956 0.697391
vt 0.337209 0.663186
vt 0.347423 0.698292
vt 0.056543 0.569632
vt 0.057027 0.600667
vt 0.314051 0.696134
vt 0.315833 0.662473
vt 0.313992 0.628547
vt 0.290403 0.695219
vt 0.291772 0.661987
vt 0.289806 0.628594
vt 0.284663 0.596483
vt 0.308881 0.595834
vt 0.267487 0.661616
vt 0.265325 0.628757
vt 0.260179 0.597163
vt 0.349205 0.112575
vt 0.317222 0.111385
vt 0.351718 0.086678
vt 0.240876 0.628981
vt 0.235774 0.597858
vt 0.346756 0.138418
vt 0.315191 0.137268
vt 0.282164 0.136512
vt 0.344381 0.164244
vt 0.313268 0.163160
vt 0.280746 0.162417
vt 0.248341 0.162084
vt 0.311400 0.189024
vt 0.279404 0.188311
vt 0.247587 0.188011
vt 0.217417 0.188164
vt 0.217592 0.162178
vt 0.278138 0.214193
vt 0.246940 0.213967
vt 0.217376 0.214154
vt 0.511847 0.070246
vt 0.508412 0.038365
vt 0.534763 0.070137
vt 0.246468 0.239909
vt 0.217525 0.240131
vt 0.489057 0.070374
vt 0.485670 0.039159
vt 0.485064 0.007496
vt 0.507806 0.006022
vt 0.466364 0.070631
vt 0.462946 0.040133
vt 0.462319 0.009110
vt 0.164625 0.267025
vt 0.136768 0.266411
vt 0.166690 0.241009
vt 0.440387 0.041190
vt 0.439779 0.010960
vt 0.162448 0.293011
vt 0.135201 0.292480
vt 0.105124 0.292027
vt 0.160198 0.318842
vt 0.133674 0.318492
vt 0.104302 0.318223
vt 0.074068 0.318005
vt 0.132495 0.343374
vt 0.103778 0.343321
vt 0.074107 0.343225
vt 0.045222 0.343066
vt 0.103720 0.361391
vt 0.074380 0.361155
vt 0.045633 0.361087
vt 0.019365 0.360891
vt 0.018717 0.342793
vt 0.074659 0.371285
vt 0.045917 0.371424
vt 0.019658 0.371253
vt 0.672105 0.098959
vt 0.701148 0.102286
vt 0.671150 0.108262
vt 0.729827 0.102182
vt 0.103894 0.371231
vt 0.131850 0.361283
vt 0.158439 0.343478
vt 0.157345 0.361061
vt 0.396091 0.014994
vt 0.417490 0.012938
vt 0.418143 0.042401
vt 0.443789 0.070963
vt 0.421432 0.071469
vt 0.218455 0.292033
vt 0.217893 0.266096
vt 0.246184 0.265799
vt 0.277044 0.240073
vt 0.309580 0.214817
vt 0.342095 0.190048
vt 0.339839 0.215806
vt 0.187077 0.599480
vt 0.211399 0.598642
vt 0.216557 0.629217
vt 0.243163 0.661313
vt 0.266404 0.694346
vt 0.242332 0.693512
vt 0.108097 0.599274
vt 0.082423 0.600067
vt 0.081810 0.569685
vt 0.055738 0.536738
vt 0.033620 0.503038
vt 0.021087 0.470878
vt 0.013514 0.442153
vt 0.021084 0.442153
vt 0.007259 0.441957
vt 0.492625 0.087849
vt 0.525039 0.080305
vt 0.524534 0.074872
vt 0.559205 0.075185
vt 0.390742 0.589103
vt 0.397513 0.553844
vt 0.402144 0.555779
vt 0.410805 0.518989
vt 0.406280 0.516175
vt 0.433292 0.487238
vt 0.683207 0.471647
vt 0.643880 0.471647
vt 0.213608 0.264651
vt 0.208778 0.266583
vt 0.195168 0.236129
vt 0.200843 0.234492
vt 0.722072 0.467489
vt 0.434939 0.736094
vt 0.435478 0.730198
vt 0.006827 0.599544
vt 0.003391 0.568398
vt 0.728188 0.176847
vt 0.509053 0.728269
vt 0.754960 0.435497
vt 0.234636 0.392458
vt 0.234361 0.387497
vt 0.449749 0.610238
vt 0.483010 0.609705
vt 0.482750 0.604789
vt 0.514318 0.604499
vt 0.515079 0.609599
vt 0.542504 0.603838
vt 0.542576 0.609016
vt 0.571317 0.603913
vt 0.571213 0.609071
vt 0.633632 0.194957
vt 0.639116 0.196791
vt 0.633711 0.227944
vt 0.603316 0.609976
vt 0.757833 0.987826
vt 0.728290 0.970884
vt 0.731884 0.967072
vt 0.760480 0.983729
vt 0.794424 0.995236
vt 0.792828 0.999687
vt 0.763327 0.978816
vt 0.796219 0.989610
vt 0.831566 0.993608
vt 0.831031 0.999149
vt 0.634989 0.265106
vt 0.797891 0.984113
vt 0.832105 0.987299
vt 0.866402 0.983487
vt 0.832685 0.982099
vt 0.865753 0.978184
vt 0.896722 0.967182
vt 0.760653 0.232254
vt 0.755410 0.202505
vt 0.760207 0.201864
vt 0.765619 0.230944
vt 0.772517 0.255895
vt 0.767543 0.258039
vt 0.840045 0.261774
vt 0.839640 0.293747
vt 0.833689 0.292964
vt 0.833663 0.261428
vt 0.451170 0.580547
vt 0.448246 0.585228
vt 0.826643 0.261229
vt 0.826758 0.231697
vt 0.816743 0.231755
vt 0.834802 0.323671
vt 0.840763 0.324685
vt 0.752828 0.169976
vt 0.799584 0.979157
vt 0.706213 0.951450
vt 0.055482 0.794459
vt 0.081650 0.794373
vt 0.772360 0.080680
vt 0.809300 0.228861
vt 0.816839 0.227892
vt 0.480402 0.495905
vt 0.461756 0.518696
vt 0.450013 0.543008
vt 0.455212 0.546094
vt 0.445849 0.565833
vt 0.458931 0.548331
vt 0.450807 0.566947
vt 0.446128 0.587745
vt 0.541365 0.516554
vt 0.520407 0.522431
vt 0.519711 0.516328
vt 0.521415 0.528611
vt 0.501141 0.531023
vt 0.892029 0.779392
vt 0.883830 0.760029
vt 0.887546 0.758312
vt 0.481106 0.533167
vt 0.194811 0.009006
vt 0.194811 0.026373
vt 0.190187 0.027342
vt 0.190804 0.010432
vt 0.492154 0.317254
vt 0.486390 0.317849
vt 0.000504 0.232498
vt 0.005127 0.232481
vt 0.004848 0.249025
vt 0.000504 0.249495
vt 0.866705 0.115885
vt 0.867643 0.122288
vt 0.854275 0.448660
vt 0.838144 0.448335
vt 0.870126 0.131339
vt 0.854481 0.132891
vt 0.874940 0.146234
vt 0.857936 0.148526
vt 0.836318 0.149120
vt 0.861191 0.168791
vt 0.838003 0.170374
vt 0.814494 0.170215
vt 0.813569 0.149181
vt 0.839051 0.187014
vt 0.815769 0.186577
vt 0.537795 0.835487
vt 0.539094 0.851199
vt 0.515646 0.850007
vt 0.514870 0.834772
vt 0.494957 0.851799
vt 0.495066 0.836607
vt 0.631361 0.143030
vt 0.631934 0.159014
vt 0.612831 0.159072
vt 0.612806 0.143286
vt 0.598104 0.158749
vt 0.598336 0.142279
vt 0.051131 0.390502
vt 0.067232 0.390002
vt 0.068360 0.404729
vt 0.051165 0.404046
vt 0.871522 0.614051
vt 0.868133 0.631427
vt 0.854283 0.629404
vt 0.858253 0.611088
vt 0.049339 0.416964
vt 0.837290 0.627832
vt 0.841856 0.609247
vt 0.847132 0.592647
vt 0.862803 0.593350
vt 0.838200 0.326142
vt 0.857104 0.327432
vt 0.860146 0.347548
vt 0.841963 0.347250
vt 0.862992 0.366982
vt 0.844373 0.367103
vt 0.864313 0.382693
vt 0.844437 0.381896
vt 0.521886 0.647522
vt 0.541047 0.643188
vt 0.542512 0.657492
vt 0.522636 0.660571
vt 0.842198 0.394748
vt 0.543519 0.674161
vt 0.523936 0.675237
vt 0.859295 0.461256
vt 0.863778 0.479139
vt 0.845612 0.479082
vt 0.841913 0.461552
vt 0.864687 0.495330
vt 0.846717 0.494891
vt 0.825449 0.497081
vt 0.824650 0.481859
vt 0.822872 0.463679
vt 0.846673 0.505394
vt 0.825618 0.506541
vt 0.862902 0.185474
vt 0.862739 0.195172
vt 0.839424 0.195547
vt 0.862898 0.201587
vt 0.839814 0.201646
vt 0.816412 0.200938
vt 0.816068 0.194778
vt 0.539308 0.859099
vt 0.539086 0.865310
vt 0.516168 0.866076
vt 0.515800 0.859214
vt 0.496866 0.869778
vt 0.495515 0.862875
vt 0.632281 0.170406
vt 0.631834 0.176851
vt 0.614106 0.178625
vt 0.613067 0.171088
vt 0.402562 0.621983
vt 0.409468 0.624685
vt 0.403364 0.638494
vt 0.396078 0.636177
vt 0.598782 0.171373
vt 0.400108 0.652207
vt 0.393005 0.650285
vt 0.079379 0.389355
vt 0.080317 0.403972
vt 0.866247 0.643993
vt 0.864987 0.652150
vt 0.851343 0.650120
vt 0.852282 0.641669
vt 0.835217 0.648994
vt 0.835545 0.639968
vt 0.815683 0.649320
vt 0.815870 0.640051
vt 0.816569 0.626996
vt 0.797226 0.641885
vt 0.797564 0.627731
vt 0.798764 0.608589
vt 0.819239 0.608316
vt 0.401584 0.742283
vt 0.389336 0.744076
vt 0.385863 0.726621
vt 0.399012 0.725841
vt 0.881775 0.366946
vt 0.881775 0.383750
vt 0.559861 0.642755
vt 0.574474 0.645033
vt 0.574107 0.660498
vt 0.560278 0.658080
vt 0.573429 0.676047
vt 0.560907 0.674843
vt 0.583010 0.662655
vt 0.581260 0.676711
vt 0.864123 0.507088
vt 0.863211 0.514660
vt 0.847259 0.512650
vt 0.861726 0.520498
vt 0.847485 0.518707
vt 0.828236 0.518838
vt 0.826300 0.512967
vt 0.577117 0.856053
vt 0.563989 0.841694
vt 0.568504 0.838006
vt 0.579438 0.850992
vt 0.597989 0.858545
vt 0.597606 0.864687
vt 0.809507 0.522913
vt 0.807119 0.517045
vt 0.620711 0.858643
vt 0.621516 0.864177
vt 0.558848 0.874940
vt 0.538026 0.870482
vt 0.560508 0.868843
vt 0.638318 0.850197
vt 0.641314 0.854509
vt 0.516114 0.871322
vt 0.649572 0.836718
vt 0.652946 0.838802
vt 0.498104 0.874940
vt 0.652641 0.822588
vt 0.656205 0.822885
vt 0.631085 0.181406
vt 0.614894 0.182849
vt 0.414006 0.627679
vt 0.416964 0.630388
vt 0.412431 0.641684
vt 0.408146 0.640121
vt 0.411721 0.652171
vt 0.406384 0.652683
vt 0.413112 0.662821
vt 0.407240 0.664460
vt 0.863385 0.657914
vt 0.850887 0.656869
vt 0.416964 0.674686
vt 0.410807 0.676711
vt 0.835309 0.656330
vt 0.371351 0.779243
vt 0.365069 0.777518
vt 0.367621 0.761068
vt 0.374122 0.762642
vt 0.815776 0.656571
vt 0.367679 0.744983
vt 0.373989 0.745559
vt 0.798524 0.657914
vt 0.797387 0.651369
vt 0.380874 0.745288
vt 0.369921 0.728429
vt 0.376747 0.727641
vt 0.365160 0.716487
vt 0.370815 0.714236
vt 0.583902 0.647097
vt 0.559900 0.815524
vt 0.566301 0.802598
vt 0.559183 0.827728
vt 0.587850 0.664170
vt 0.586555 0.676116
vt 0.365069 0.729632
vt 0.581855 0.796947
vt 0.598641 0.793437
vt 0.599092 0.799714
vt 0.583915 0.803672
vt 0.599988 0.807321
vt 0.586468 0.811376
vt 0.616125 0.807565
vt 0.615183 0.817491
vt 0.617020 0.800095
vt 0.630471 0.802913
vt 0.628312 0.810232
vt 0.617779 0.793437
vt 0.632245 0.797008
vt 0.642531 0.802450
vt 0.615424 0.831973
vt 0.617455 0.844187
vt 0.634800 0.844912
vt 0.619258 0.851901
vt 0.598820 0.851980
vt 0.583144 0.844339
vt 0.574252 0.833123
vt 0.644577 0.833753
vt 0.649414 0.810431
vt 0.469703 0.459824
vt 0.346780 0.877124
vt 0.352504 0.880762
vt 0.336945 0.901920
vt 0.379817 0.537551
vt 0.380223 0.562700
vt 0.371912 0.510746
vt 0.379015 0.511227
vt 0.363970 0.483116
vt 0.371913 0.483653
vt 0.379068 0.484574
vt 0.352832 0.456450
vt 0.363656 0.457299
vt 0.371856 0.457963
vt 0.496459 0.419605
vt 0.496501 0.401901
vt 0.524420 0.399593
vt 0.554429 0.375426
vt 0.585133 0.352437
vt 0.583788 0.377364
vt 0.358291 0.368745
vt 0.357842 0.343095
vt 0.386910 0.343551
vt 0.418136 0.318248
vt 0.450257 0.293035
vt 0.481617 0.267839
vt 0.480426 0.293767
vt 0.724321 0.267658
vt 0.723857 0.290851
vt 0.690665 0.291338
vt 0.655705 0.311099
vt 0.657111 0.287900
vt 0.009843 0.134820
vt 0.008505 0.108905
vt 0.039824 0.108939
vt 0.074338 0.083197
vt 0.112619 0.057833
vt 0.152417 0.035932
vt 0.187850 0.022851
vt 0.186024 0.037099
vt 0.676982 0.001050
vt 0.684669 0.001326
vt 0.686201 0.037990
vt 0.697218 0.073481
vt 0.690965 0.073252
vt 0.223077 0.005822
vt 0.191438 0.006600
vt 0.191567 0.001398
vt 0.223117 0.000390
vt 0.257372 0.000696
vt 0.683013 0.708062
vt 0.665430 0.740283
vt 0.662183 0.736493
vt 0.639941 0.767572
vt 0.642673 0.772528
vt 0.608090 0.790015
vt 0.198770 0.178712
vt 0.192962 0.179416
vt 0.192134 0.139552
vt 0.197945 0.139787
vt 0.177764 0.405474
vt 0.138007 0.413724
vt 0.137811 0.407801
vt 0.100529 0.424433
vt 0.065903 0.437470
vt 0.064999 0.432297
vt 0.786290 0.601586
vt 0.786819 0.637408
vt 0.780090 0.564090
vt 0.774433 0.529601
vt 0.769040 0.499115
vt 0.261229 0.404675
vt 0.287090 0.415376
vt 0.284784 0.420381
vt 0.259539 0.410543
vt 0.230008 0.403148
vt 0.768728 0.469895
vt 0.892987 0.676131
vt 0.858480 0.672794
vt 0.859235 0.667235
vt 0.823992 0.677230
vt 0.824307 0.681927
vt 0.791664 0.686648
vt 0.824649 0.686965
vt 0.793137 0.691067
vt 0.763323 0.703068
vt 0.399558 0.844180
vt 0.369185 0.844180
vt 0.431056 0.838622
vt 0.431096 0.843953
vt 0.461809 0.832027
vt 0.462408 0.838261
vt 0.462923 0.843544
vt 0.490568 0.824337
vt 0.491344 0.831476
vt 0.492154 0.837688
vt 0.794147 0.462492
vt 0.785006 0.462020
vt 0.788808 0.432872
vt 0.779536 0.404209
vt 0.769008 0.377694
vt 0.757254 0.353776
vt 0.764453 0.352153
vt 0.751821 0.356746
vt 0.605863 0.714805
vt 0.623874 0.696015
vt 0.627774 0.700240
vt 0.109005 0.847598
vt 0.635678 0.673748
vt 0.642591 0.649886
vt 0.645393 0.625820
vt 0.639864 0.624335
vt 0.644144 0.600785
vt 0.308016 0.567411
vt 0.307222 0.572729
vt 0.284051 0.572288
vt 0.284258 0.567193
vt 0.384564 0.513438
vt 0.389622 0.513716
vt 0.387915 0.536584
vt 0.382770 0.535783
vt 0.319300 0.445479
vt 0.319228 0.440646
vt 0.338240 0.435347
vt 0.338876 0.440125
vt 0.169178 0.296093
vt 0.163681 0.294913
vt 0.715787 0.843248
vt 0.731558 0.854551
vt 0.351829 0.428166
vt 0.353736 0.432327
vt 0.696560 0.003015
s 1
usemtl tripo_mat_e0767410-e8e4-42f6-af35-995c3fdcbcd8
f 1/1 15/2 16/3 17/4
f 1/5 17/6 2/7 18/8
f 1/5 19/9 20/10 15/11
f 2/12 17/13 21/14 22/15
f 2/12 22/15 23/16 18/17
f 3/18 24/19 25/20 26/21
f 3/18 27/22 28/23 29/24
f 3/18 29/24 30/25 24/19
f 3/18 31/26 32/27 27/22
f 4/28 33/29 34/30 35/31
f 37/32 38/33 33/29 4/28
f 4/28 35/31 36/34 37/32
f 5/35 11/36 39/37 40/38
f 6/39 41/40 42/41 43/42
f 6/39 43/42 44/43 45/44
f 6/39 45/44 46/45 41/40
f 7/46 47/47 48/48 49/49
f 7/46 50/50 51/51 47/47
f 7/46 49/49 52/52 50/50
f 8/53 53/54 54/55 55/56
f 8/53 55/56 56/57 57/58
f 8/53 57/58 58/59 53/54
f 9/60 59/61 60/62 61/63
f 9/60 52/52 49/49 59/61
f 9/60 61/63 62/64 52/52
f 10/65 63/66 64/67 65/68
f 10/65 65/68 66/69 67/70
f 10/65 67/70 68/71 63/66
f 69/72 70/73 71/74 72/75
f 73/76 74/77 75/78 76/79
f 77/80 78/81 79/82 80/83
f 11/84 81/85 82/86 83/87
f 12/88 84/89 85/90 86/91
f 12/88 86/91 13/92 87/93
f 12/88 87/93 88/94 84/89
f 89/95 13/92 90/96 91/97
f 13/92 92/98 93/99 90/96
f 13/92 89/95 94/100 87/93
f 14/101 95/102 96/103 97/104
f 14/101 98/105 99/106 95/102
f 14/101 97/104 100/107 98/105
f 100/107 101/108 102/109 98/105
f 100/107 97/104 103/110 104/111
f 100/107 104/111 105/112 101/108
f 105/112 106/113 107/114 101/108
f 105/112 104/111 108/115 109/116
f 105/112 109/116 110/117 106/113
f 110/117 111/118 112/119 106/113
f 110/120 109/121 113/122 114/123
f 110/120 114/123 115/124 111/125
f 115/124 116/126 117/127 111/125
f 115/128 114/129 118/130 119/131
f 115/132 119/133 120/134 116/135
f 120/134 121/136 122/137 116/135
f 120/138 119/139 123/140 124/141
f 120/138 124/141 125/142 121/143
f 125/144 126/145 127/146 121/147
f 125/144 124/148 128/149 129/150
f 125/144 129/150 130/151 126/145
f 130/151 131/152 132/153 126/145
f 130/151 129/150 133/154 134/155
f 130/151 134/155 135/156 131/152
f 135/156 136/157 137/158 131/152
f 135/156 134/155 138/159 139/160
f 135/156 139/160 140/161 136/157
f 140/161 141/162 142/163 136/157
f 140/161 139/160 143/164 144/165
f 140/161 144/165 145/166 141/162
f 145/166 146/167 147/168 141/162
f 145/169 144/170 148/171 149/172
f 145/169 149/172 150/173 146/174
f 150/173 151/175 152/176 146/174
f 150/173 149/172 153/177 154/178
f 150/173 154/178 155/179 151/175
f 155/180 156/181 157/182 151/183
f 155/179 154/178 158/184 159/185
f 155/180 159/186 160/187 156/181
f 160/187 161/188 162/189 156/181
f 160/187 159/186 163/190 164/191
f 160/187 164/191 165/192 161/188
f 165/192 166/193 167/194 161/188
f 165/192 164/191 168/195 169/196
f 165/192 169/196 170/197 166/193
f 170/197 171/198 172/199 166/193
f 170/197 169/196 173/200 174/201
f 170/197 174/201 175/202 171/198
f 175/203 176/204 177/205 171/206
f 175/202 174/201 178/207 179/208
f 175/203 179/209 180/210 176/204
f 180/210 181/211 182/212 176/204
f 180/210 179/209 183/213 184/214
f 180/210 184/214 185/215 181/211
f 185/215 186/216 187/217 181/211
f 185/215 184/214 188/218 189/219
f 185/215 189/219 190/220 186/216
f 190/221 191/222 83/223 186/224
f 190/221 189/225 192/226 193/227
f 190/221 193/227 194/228 191/222
f 194/228 195/229 39/37 191/222
f 194/228 193/227 196/230 197/231
f 194/228 197/231 198/232 195/229
f 198/232 199/233 200/234 195/229
f 198/232 197/231 201/235 202/236
f 198/232 202/236 203/237 199/233
f 203/237 204/238 205/239 199/233
f 203/240 202/241 206/242 207/243
f 203/244 207/245 208/246 204/247
f 208/246 209/248 210/249 204/247
f 208/250 207/243 211/251 212/252
f 208/250 212/252 213/253 209/254
f 213/255 214/256 215/257 209/248
f 213/253 212/252 216/258 217/259
f 213/260 217/261 218/262 214/263
f 218/262 219/264 220/265 214/263
f 218/266 217/267 221/268 222/269
f 218/266 222/269 223/270 219/271
f 223/270 224/272 225/273 219/271
f 223/270 222/269 226/274 227/275
f 223/270 227/275 228/276 224/272
f 228/276 229/277 230/278 224/272
f 228/276 227/275 231/279 232/280
f 228/276 232/280 233/281 229/277
f 233/281 234/282 235/283 229/277
f 233/281 232/280 236/284 237/285
f 233/286 237/287 238/288 234/289
f 238/288 239/290 240/291 234/289
f 238/292 237/293 241/294 242/295
f 238/296 242/297 243/298 239/299
f 243/298 244/300 245/301 239/299
f 243/298 242/297 246/302 247/303
f 243/298 247/303 248/304 244/300
f 248/304 249/305 250/306 244/300
f 248/304 247/303 251/307 252/308
f 248/304 252/308 253/309 249/305
f 253/309 254/310 255/311 249/305
f 253/309 252/308 256/312 257/313
f 253/309 257/313 258/314 254/310
f 258/314 259/315 260/316 254/310
f 258/317 257/318 261/319 262/320
f 258/321 262/322 263/323 259/324
f 263/323 264/325 265/326 259/324
f 263/323 262/322 266/327 267/328
f 263/323 267/328 268/329 264/325
f 268/329 269/330 270/331 264/325
f 268/329 267/328 271/332 272/333
f 268/329 272/333 273/334 269/330
f 273/334 274/335 275/336 269/330
f 273/334 272/333 276/337 277/338
f 273/334 277/338 278/339 274/335
f 278/339 279/340 280/341 274/335
f 278/339 277/338 281/342 282/343
f 278/339 282/343 283/344 279/340
f 283/345 284/346 285/347 279/348
f 283/344 282/343 286/349 287/350
f 283/345 287/351 288/352 284/346
f 288/352 289/353 290/354 284/346
f 288/352 287/351 291/355 292/356
f 288/352 292/356 293/357 289/353
f 293/358 294/359 295/360 289/361
f 293/357 292/356 296/362 297/363
f 293/358 297/364 298/365 294/359
f 298/365 299/366 300/367 294/359
f 298/365 297/364 301/368 302/369
f 298/365 302/369 303/370 299/366
f 303/370 304/371 305/372 299/366
f 303/370 302/369 306/373 307/374
f 303/370 307/374 308/375 304/371
f 308/375 309/376 310/377 304/371
f 308/375 307/374 311/378 312/379
f 308/375 312/379 313/380 309/376
f 313/381 314/382 315/383 309/384
f 313/380 312/379 316/385 317/386
f 313/381 317/387 318/388 314/382
f 318/388 319/389 320/390 314/382
f 318/388 317/387 321/391 322/392
f 318/388 322/392 323/393 319/389
f 323/393 324/394 325/395 319/389
f 323/393 322/392 326/396 327/397
f 323/393 327/397 328/398 324/394
f 328/399 329/400 330/401 324/402
f 328/398 327/397 331/403 332/404
f 328/399 332/405 333/406 329/400
f 333/406 334/407 335/408 329/400
f 333/406 332/405 336/409 337/410
f 333/406 337/410 338/411 334/407
f 338/411 339/412 340/413 334/407
f 338/411 337/410 341/414 342/415
f 338/411 342/415 343/416 339/412
f 343/416 344/417 345/418 339/412
f 343/416 342/415 346/419 347/420
f 343/416 347/420 348/421 344/417
f 348/422 349/423 350/424 344/425
f 348/421 347/420 351/426 352/427
f 348/422 352/428 353/429 349/423
f 353/429 354/430 355/431 349/423
f 353/429 352/428 356/432 357/433
f 353/429 357/433 358/434 354/430
f 358/434 359/435 360/436 354/430
f 358/437 357/438 361/439 362/440
f 358/437 362/440 363/441 359/442
f 363/441 364/443 365/444 359/442
f 363/441 362/440 366/445 367/446
f 363/441 367/446 368/447 364/443
f 368/447 369/448 370/449 364/443
f 368/447 367/446 371/450 372/451
f 368/447 372/451 373/452 369/448
f 373/452 374/453 375/454 369/448
f 373/452 372/451 376/455 377/456
f 373/452 377/456 378/457 374/453
f 378/457 379/458 380/459 374/453
f 378/457 377/456 381/460 382/461
f 378/457 382/461 74/77 379/458
f 382/461 381/460 383/462 384/463
f 382/461 384/463 75/78 74/77
f 384/463 383/462 385/464 386/465
f 384/463 386/465 387/466 75/78
f 387/466 388/467 389/468 390/469
f 387/466 390/469 76/79 75/78
f 387/466 386/465 391/470 388/467
f 391/470 386/465 385/464 392/471
f 391/470 392/471 393/472 394/473
f 391/470 394/473 395/474 388/467
f 395/474 396/475 397/476 398/477
f 395/474 398/477 389/468 388/467
f 395/474 394/473 399/478 396/475
f 399/478 394/473 393/472 400/479
f 399/478 400/479 401/480 68/71
f 399/478 68/71 67/70 396/475
f 401/480 400/479 402/481 403/482
f 401/480 403/482 404/483 405/484
f 401/480 405/484 63/66 68/71
f 405/484 404/483 406/485 407/486
f 405/484 407/486 64/67 63/66
f 407/486 406/485 408/487 409/488
f 407/486 409/488 410/489 64/67
f 410/489 409/488 411/490 412/491
f 410/489 412/491 413/492 414/493
f 410/489 414/493 65/68 64/67
f 414/493 413/492 415/494 416/495
f 414/493 416/495 66/69 65/68
f 416/495 415/494 417/496 418/497
f 416/495 418/497 397/476 66/69
f 418/497 417/496 419/498 420/499
f 418/497 420/499 398/477 397/476
f 420/499 419/498 421/500 422/501
f 420/499 422/501 389/468 398/477
f 422/501 421/500 423/502 424/503
f 422/501 424/503 390/469 389/468
f 424/503 423/502 425/504 426/505
f 424/503 426/505 76/79 390/469
f 426/505 425/504 427/506 428/507
f 426/505 428/507 73/76 76/79
f 428/507 427/506 380/459 379/458
f 428/507 379/458 74/77 73/76
f 427/506 425/504 429/508 430/509
f 427/506 430/509 431/510 380/459
f 431/510 430/509 432/511 433/512
f 431/510 433/512 434/513 375/454
f 431/510 375/454 374/453 380/459
f 434/513 433/512 435/514 436/515
f 434/513 436/515 437/516 370/449
f 434/513 370/449 369/448 375/454
f 437/517 436/518 438/519 439/520
f 437/517 439/520 440/521 365/522
f 437/516 365/444 364/443 370/449
f 440/521 439/520 441/523 442/524
f 440/521 442/524 443/525 360/526
f 440/527 360/436 359/435 365/528
f 443/525 442/524 444/529 445/530
f 443/531 445/532 446/533 355/431
f 443/531 355/431 354/430 360/436
f 446/533 445/532 447/534 448/535
f 446/533 448/535 449/536 350/424
f 446/533 350/424 349/423 355/431
f 449/536 448/535 450/537 451/538
f 449/536 451/538 452/539 345/540
f 449/536 345/540 344/425 350/424
f 452/539 451/538 453/541 454/542
f 452/543 454/544 455/545 340/413
f 452/543 340/413 339/412 345/418
f 455/545 454/544 456/546 457/547
f 455/545 457/547 458/548 335/408
f 455/545 335/408 334/407 340/413
f 458/548 457/547 459/549 460/550
f 458/548 460/550 461/551 330/401
f 458/548 330/401 329/400 335/408
f 461/551 460/550 462/552 463/553
f 461/551 463/553 464/554 325/555
f 461/551 325/555 324/402 330/401
f 464/554 463/553 465/556 466/557
f 464/558 466/559 467/560 320/390
f 464/558 320/390 319/389 325/395
f 467/560 466/559 468/561 469/562
f 467/560 469/562 470/563 315/383
f 467/560 315/383 314/382 320/390
f 470/563 469/562 471/564 472/565
f 470/563 472/565 473/566 310/567
f 470/563 310/567 309/384 315/383
f 473/566 472/565 474/568 475/569
f 473/570 475/571 476/572 305/372
f 473/570 305/372 304/371 310/377
f 476/572 475/571 477/573 478/574
f 476/572 478/574 479/575 300/367
f 476/572 300/367 299/366 305/372
f 479/575 478/574 480/576 481/577
f 479/575 481/577 482/578 295/360
f 479/575 295/360 294/359 300/367
f 482/578 481/577 483/579 484/580
f 482/578 484/580 485/581 290/582
f 482/578 290/582 289/361 295/360
f 485/581 484/580 486/583 487/584
f 485/585 487/586 488/587 285/347
f 485/585 285/347 284/346 290/354
f 488/587 487/586 489/588 490/589
f 488/587 490/589 491/590 280/591
f 488/587 280/591 279/348 285/347
f 491/590 490/589 492/592 493/593
f 491/594 493/595 494/596 275/336
f 491/594 275/336 274/335 280/341
f 494/597 493/593 495/598 496/599
f 494/597 496/599 497/600 270/601
f 494/596 270/331 269/330 275/336
f 497/602 496/603 498/604 499/605
f 497/602 499/605 500/606 265/607
f 497/608 265/326 264/325 270/331
f 500/606 499/605 20/10 19/9
f 500/606 19/9 501/609 260/316
f 500/606 260/316 259/315 265/607
f 501/609 19/9 1/5 502/610
f 501/609 502/610 503/611 255/311
f 501/609 255/311 254/310 260/316
f 503/611 502/610 504/612 505/613
f 503/611 505/613 506/614 250/306
f 503/611 250/306 249/305 255/311
f 506/615 505/616 507/617 508/618
f 506/615 508/618 509/619 245/620
f 506/614 245/301 244/300 250/306
f 509/619 508/618 510/621 511/622
f 509/619 511/622 512/623 240/624
f 509/619 240/624 239/625 245/620
f 512/623 511/622 513/626 514/627
f 512/623 514/627 515/628 235/629
f 512/623 235/629 234/630 240/624
f 515/631 514/632 516/633 517/634
f 515/631 517/634 518/635 230/636
f 515/637 230/278 229/277 235/283
f 518/635 517/634 519/638 520/639
f 518/635 520/639 521/640 225/641
f 518/635 225/641 224/642 230/636
f 521/640 520/639 522/643 523/644
f 521/645 523/646 524/647 220/648
f 521/649 220/265 219/264 225/650
f 524/647 523/646 525/651 526/652
f 524/647 526/652 527/653 215/257
f 524/647 215/257 214/256 220/648
f 527/654 526/655 528/656 529/657
f 527/654 529/657 530/658 210/659
f 527/653 210/249 209/248 215/257
f 530/658 529/657 531/660 532/661
f 530/658 532/661 533/662 205/239
f 530/658 205/239 204/238 210/659
f 533/662 532/661 534/663 535/664
f 533/662 535/664 40/38 200/234
f 533/662 200/234 199/233 205/239
f 535/664 534/663 536/665 537/666
f 535/664 537/666 5/35 40/38
f 537/667 536/668 538/669 539/670
f 537/671 539/672 11/84 5/673
f 539/672 538/674 540/675 541/676
f 539/672 541/676 81/85 11/84
f 541/676 540/675 542/677 543/678
f 541/676 543/678 544/679 81/85
f 544/679 543/678 545/680 546/681
f 544/679 546/681 547/682 548/683
f 544/679 548/683 82/86 81/85
f 548/683 547/682 549/684 550/685
f 548/683 550/685 187/686 82/86
f 550/687 549/688 551/689 182/212
f 550/687 182/212 181/211 187/217
f 551/689 549/688 552/690 553/691
f 551/689 553/691 554/692 177/205
f 551/689 177/205 176/204 182/212
f 554/692 553/691 555/693 556/694
f 554/692 556/694 557/695 172/696
f 554/692 172/696 171/206 177/205
f 557/695 556/694 558/697 559/698
f 557/699 559/700 560/701 167/194
f 557/699 167/194 166/193 172/199
f 560/702 559/698 561/703 562/704
f 560/701 562/705 563/706 162/189
f 560/701 162/189 161/188 167/194
f 563/707 562/708 564/709 565/710
f 563/707 565/710 566/711 157/712
f 563/706 157/182 156/181 162/189
f 566/711 565/710 567/713 568/714
f 566/711 568/714 569/715 152/716
f 566/717 152/176 151/175 157/718
f 569/715 568/714 570/719 571/720
f 569/715 571/720 572/721 147/168
f 569/715 147/168 146/167 152/716
f 572/721 571/720 573/722 574/723
f 572/721 574/723 575/724 142/163
f 572/721 142/163 141/162 147/168
f 575/724 574/723 576/725 577/726
f 575/724 577/726 578/727 137/158
f 575/724 137/158 136/157 142/163
f 578/727 577/726 579/728 580/729
f 578/727 580/729 581/730 132/153
f 578/727 132/153 131/152 137/158
f 581/731 580/732 582/733 583/734
f 581/735 583/736 584/737 127/738
f 581/730 127/146 126/145 132/153
f 584/739 583/734 32/740 585/741
f 584/742 585/743 586/744 122/745
f 584/737 122/137 121/136 127/738
f 586/744 585/743 587/746 588/747
f 586/744 588/747 589/748 117/749
f 586/750 117/127 116/126 122/751
f 589/748 588/747 590/752 591/753
f 589/748 591/753 592/754 112/119
f 589/748 112/119 111/118 117/749
f 592/754 591/753 593/755 594/756
f 592/754 594/756 595/757 107/114
f 592/754 107/114 106/113 112/119
f 595/757 594/756 596/758 597/759
f 595/757 597/759 598/760 102/109
f 595/757 102/109 101/108 107/114
f 598/760 597/759 599/761 600/762
f 598/760 600/762 91/97 99/106
f 598/760 99/106 98/105 102/109
f 600/762 599/761 601/763 94/100
f 600/762 94/100 89/95 91/97
f 601/763 602/764 603/765 88/94
f 601/763 88/94 87/93 94/100
f 601/763 599/761 604/766 602/764
f 604/766 605/767 606/768 602/764
f 604/766 599/761 597/759 596/758
f 604/766 596/758 607/769 605/767
f 607/769 608/770 609/771 605/767
f 607/769 596/758 594/756 593/755
f 607/769 593/755 610/772 608/770
f 610/772 611/773 612/774 608/770
f 610/772 593/755 591/753 590/752
f 610/772 590/752 613/775 611/773
f 613/775 614/776 615/777 611/773
f 613/775 590/752 588/747 587/746
f 613/775 587/746 31/26 614/776
f 615/777 616/778 617/779 618/780
f 615/777 618/780 612/774 611/773
f 615/777 614/776 26/21 616/778
f 618/780 617/779 619/781 620/782
f 618/780 620/782 621/783 612/774
f 621/783 620/782 622/784 623/785
f 621/783 623/785 624/786 609/771
f 621/783 609/771 608/770 612/774
f 624/786 623/785 625/787 626/788
f 624/786 626/788 627/789 606/768
f 624/786 606/768 605/767 609/771
f 627/789 626/788 628/790 629/791
f 627/789 629/791 630/792 603/765
f 627/789 603/765 602/764 606/768
f 630/792 84/89 88/94 603/765
f 630/792 629/791 631/793 632/794
f 630/792 632/794 85/90 84/89
f 632/794 631/793 633/795 634/796
f 632/794 634/796 635/797 85/90
f 635/797 636/798 86/91 85/90
f 635/797 634/796 637/799 638/800
f 635/797 638/800 639/801 636/798
f 639/801 640/802 92/98 636/798
f 639/801 638/800 641/803 642/804
f 639/801 642/804 643/805 640/802
f 643/805 644/806 645/807 640/802
f 643/805 642/804 646/808 647/809
f 643/805 647/809 648/810 644/806
f 648/810 649/811 650/812 644/806
f 648/813 647/814 651/815 652/816
f 648/813 652/816 653/817 649/818
f 653/817 654/819 655/820 649/818
f 653/821 652/822 656/823 657/824
f 653/825 657/826 658/827 654/828
f 658/827 659/829 660/830 654/828
f 658/831 657/832 661/833 662/834
f 658/831 662/834 663/835 659/836
f 663/835 664/837 665/838 659/836
f 663/835 662/834 666/839 667/840
f 663/835 667/840 668/841 664/837
f 668/841 669/842 670/843 664/837
f 668/841 667/840 671/844 672/845
f 668/841 672/845 673/846 669/842
f 673/846 674/847 675/848 669/842
f 673/846 672/845 676/849 677/850
f 673/846 677/850 678/851 674/847
f 678/851 679/852 680/853 674/847
f 678/851 677/850 681/854 682/855
f 678/851 682/855 683/856 679/852
f 683/856 684/857 685/858 679/852
f 683/859 682/860 686/861 687/862
f 683/863 687/864 688/865 684/866
f 688/865 689/867 690/868 684/866
f 688/865 687/864 691/869 692/870
f 688/865 692/870 693/871 689/867
f 693/871 694/872 695/873 689/867
f 693/871 692/870 696/874 697/875
f 693/871 697/875 698/876 694/872
f 698/877 699/878 700/879 694/880
f 698/876 697/875 701/881 702/882
f 698/877 702/883 703/884 699/878
f 703/884 704/885 705/886 699/878
f 703/884 702/883 706/887 707/888
f 703/884 707/888 708/889 704/885
f 708/889 709/890 710/891 704/885
f 708/889 707/888 711/892 712/893
f 708/889 712/893 713/894 709/890
f 713/894 714/895 715/896 709/890
f 713/894 712/893 716/897 717/898
f 713/894 717/898 718/899 714/895
f 718/899 719/900 720/901 714/895
f 718/902 717/903 721/904 722/905
f 718/902 722/905 723/906 719/907
f 723/906 724/908 725/909 719/907
f 723/906 722/905 726/910 727/911
f 723/906 727/911 728/912 724/908
f 728/912 729/913 730/914 724/908
f 728/912 727/911 731/915 732/916
f 728/912 732/916 733/917 729/913
f 733/917 734/918 735/919 729/913
f 733/917 732/916 736/920 737/921
f 733/917 737/921 738/922 734/918
f 738/922 739/923 740/924 734/918
f 738/925 737/926 741/927 742/928
f 738/925 742/928 743/929 739/930
f 743/929 744/931 745/932 739/930
f 743/933 742/934 746/935 747/936
f 743/929 747/937 748/938 744/931
f 748/938 749/939 750/940 744/931
f 748/941 747/936 751/942 752/943
f 748/941 752/943 753/944 749/945
f 753/946 754/947 755/948 749/949
f 753/944 752/943 756/950 757/951
f 753/944 757/951 758/952 754/953
f 758/954 759/955 760/956 754/947
f 758/957 757/958 761/959 762/960
f 758/957 762/960 763/961 759/962
f 763/963 764/964 765/965 759/955
f 763/961 762/960 766/966 767/967
f 763/963 767/968 768/969 764/964
f 768/969 769/970 770/971 764/964
f 768/969 767/968 771/972 772/973
f 768/969 772/973 773/974 769/970
f 773/975 774/976 775/977 769/978
f 773/974 772/973 776/979 777/980
f 773/981 777/982 778/983 774/984
f 778/983 779/985 780/986 774/984
f 778/987 777/988 781/989 782/990
f 778/987 782/990 783/991 779/992
f 783/991 784/993 785/994 779/992
f 783/991 782/990 786/995 787/996
f 783/991 787/996 788/997 784/993
f 788/997 789/998 790/999 784/993
f 788/997 787/996 791/1000 792/1001
f 788/997 792/1001 793/1002 789/998
f 793/1002 794/1003 795/1004 789/998
f 793/1005 792/1006 796/1007 797/1008
f 793/1009 797/1010 798/1011 794/1012
f 798/1011 799/1013 800/1014 794/1012
f 798/1011 797/1010 801/1015 802/1016
f 798/1011 802/1016 803/1017 799/1013
f 803/1017 804/1018 805/1019 799/1013
f 803/1017 802/1016 806/1020 807/1021
f 803/1017 807/1021 808/1022 804/1018
f 808/1022 809/1023 810/1024 804/1018
f 808/1022 807/1021 811/1025 812/1026
f 808/1022 812/1026 813/1027 809/1023
f 813/1028 814/1029 815/1030 809/1031
f 813/1027 812/1026 816/1032 817/1033
f 813/1028 817/1034 818/1035 814/1029
f 818/1035 819/1036 820/1037 814/1029
f 818/1035 817/1034 821/1038 822/1039
f 818/1035 822/1039 823/1040 819/1036
f 823/1041 824/1042 825/1043 819/1044
f 823/1040 822/1039 826/1045 827/1046
f 823/1041 827/1047 828/1048 824/1042
f 828/1048 829/1049 830/1050 824/1042
f 828/1048 827/1047 831/1051 832/1052
f 828/1048 832/1052 833/1053 829/1049
f 833/1053 834/1054 835/1055 829/1049
f 833/1053 832/1052 836/1056 837/1057
f 833/1053 837/1057 838/1058 834/1054
f 838/1058 839/1059 840/1060 834/1054
f 838/1058 837/1057 841/1061 842/1062
f 838/1058 842/1062 843/1063 839/1059
f 843/1063 844/1064 845/1065 839/1059
f 843/1063 842/1062 846/1066 847/1067
f 843/1063 847/1067 848/1068 844/1064
f 848/1069 849/1070 850/1071 844/1072
f 848/1068 847/1067 851/1073 852/1074
f 848/1069 852/1075 853/1076 849/1070
f 853/1076 854/1077 855/1078 849/1070
f 853/1076 852/1075 856/1079 857/1080
f 853/1076 857/1080 858/1081 854/1077
f 858/1082 859/1083 860/1084 854/1085
f 858/1081 857/1080 861/1086 862/1087
f 858/1082 862/1088 863/1089 859/1083
f 863/1089 864/1090 865/1091 859/1083
f 863/1089 862/1088 866/1092 867/1093
f 863/1089 867/1093 868/1094 864/1090
f 868/1094 869/1095 870/1096 864/1090
f 868/1094 867/1093 871/1097 872/1098
f 868/1094 872/1098 873/1099 869/1095
f 873/1099 874/1100 875/1101 869/1095
f 873/1099 872/1098 876/1102 877/1103
f 873/1099 877/1103 878/1104 874/1100
f 878/1105 879/1106 880/1107 874/1108
f 878/1104 877/1103 881/1109 882/1110
f 878/1105 882/1111 883/1112 879/1106
f 883/1112 884/1113 885/1114 879/1106
f 883/1112 882/1111 886/1115 887/1116
f 883/1112 887/1116 888/1117 884/1113
f 888/1117 889/1118 890/1119 884/1113
f 888/1117 887/1116 891/1120 892/1121
f 888/1117 892/1121 893/1122 889/1118
f 893/1122 894/1123 895/1124 889/1118
f 893/1125 892/1126 896/1127 897/1128
f 893/1125 897/1128 898/1129 894/1130
f 898/1129 899/1131 900/1132 894/1130
f 898/1129 897/1128 901/1133 902/1134
f 898/1129 902/1134 903/1135 899/1131
f 903/1135 904/1136 905/1137 899/1131
f 903/1135 902/1134 906/1138 907/1139
f 903/1135 907/1139 908/1140 904/1136
f 908/1140 909/1141 910/1142 904/1136
f 908/1140 907/1139 911/1143 912/1144
f 908/1140 912/1144 913/1145 909/1141
f 913/1145 914/1146 915/1147 909/1141
f 913/1145 912/1144 78/81 77/80
f 913/1145 77/80 80/83 914/1146
f 915/1147 916/1148 366/445 917/1149
f 915/1147 917/1149 910/1142 909/1141
f 915/1147 914/1146 918/1150 916/1148
f 918/1150 919/1151 371/450 916/1148
f 918/1150 914/1146 80/83 920/1152
f 918/1150 920/1152 921/1153 919/1151
f 921/1153 922/1154 376/455 919/1151
f 921/1153 920/1152 923/1155 924/1156
f 921/1153 924/1156 925/1157 922/1154
f 925/1157 383/462 381/460 922/1154
f 925/1157 924/1156 926/1158 927/1159
f 925/1157 927/1159 385/464 383/462
f 927/1159 926/1158 928/1160 929/1161
f 927/1159 929/1161 392/471 385/464
f 929/1161 928/1160 930/1162 931/1163
f 929/1161 931/1163 393/472 392/471
f 931/1163 930/1162 932/1164 402/481
f 931/1163 402/481 400/479 393/472
f 932/1164 930/1162 933/1165 934/1166
f 932/1164 934/1166 71/74 935/1167
f 932/1164 935/1167 403/482 402/481
f 935/1167 71/74 70/73 936/1168
f 935/1167 936/1168 404/483 403/482
f 936/1168 70/73 937/1169 938/1170
f 936/1168 938/1170 406/485 404/483
f 938/1170 937/1169 939/1171 940/1172
f 938/1170 940/1172 408/487 406/485
f 940/1172 939/1171 941/1173 942/1174
f 940/1172 942/1174 943/1175 408/487
f 943/1175 942/1174 944/1176 945/1177
f 943/1175 945/1177 946/1178 411/490
f 943/1175 411/490 409/488 408/487
f 946/1178 945/1177 947/1179 948/1180
f 946/1178 948/1180 949/1181 950/1182
f 946/1178 950/1182 412/491 411/490
f 950/1182 949/1181 951/1183 952/1184
f 950/1182 952/1184 413/492 412/491
f 952/1184 951/1183 953/1185 954/1186
f 952/1184 954/1186 415/494 413/492
f 954/1186 953/1185 955/1187 956/1188
f 954/1186 956/1188 417/496 415/494
f 956/1188 955/1187 957/1189 958/1190
f 956/1188 958/1190 419/498 417/496
f 958/1190 957/1189 959/1191 960/1192
f 958/1190 960/1192 421/500 419/498
f 960/1192 959/1191 961/1193 962/1194
f 960/1192 962/1194 423/502 421/500
f 962/1194 961/1193 963/1195 429/508
f 962/1194 429/508 425/504 423/502
f 963/1195 961/1193 964/1196 965/1197
f 963/1195 965/1197 966/1198 432/511
f 963/1195 432/511 430/509 429/508
f 966/1199 965/1200 967/1201 968/1202
f 966/1199 968/1202 969/1203 435/1204
f 966/1198 435/514 433/512 432/511
f 969/1203 968/1202 970/1205 971/1206
f 969/1203 971/1206 972/1207 438/519
f 969/1203 438/519 436/518 435/1204
f 972/1207 971/1206 973/1208 974/1209
f 972/1207 974/1209 975/1210 441/523
f 972/1207 441/523 439/520 438/519
f 975/1210 974/1209 976/1211 977/1212
f 975/1210 977/1212 978/1213 444/529
f 975/1210 444/529 442/524 441/523
f 978/1213 977/1212 979/1214 980/1215
f 978/1213 980/1215 981/1216 447/1217
f 978/1213 447/1217 445/530 444/529
f 981/1218 980/1219 982/1220 983/1221
f 981/1218 983/1221 984/1222 450/537
f 981/1218 450/537 448/535 447/534
f 984/1222 983/1221 985/1223 986/1224
f 984/1222 986/1224 987/1225 453/541
f 984/1222 453/541 451/538 450/537
f 987/1225 986/1224 988/1226 989/1227
f 987/1225 989/1227 990/1228 456/1229
f 987/1225 456/1229 454/542 453/541
f 990/1228 989/1227 991/1230 992/1231
f 990/1232 992/1233 993/1234 459/549
f 990/1232 459/549 457/547 456/546
f 993/1234 992/1233 994/1235 995/1236
f 993/1234 995/1236 996/1237 462/552
f 993/1234 462/552 460/550 459/549
f 996/1237 995/1236 997/1238 998/1239
f 996/1237 998/1239 999/1240 465/556
f 996/1237 465/556 463/553 462/552
f 999/1240 998/1239 1000/1241 1001/1242
f 999/1240 1001/1242 1002/1243 468/1244
f 999/1240 468/1244 466/557 465/556
f 1002/1243 1001/1242 1003/1245 1004/1246
f 1002/1247 1004/1248 1005/1249 471/564
f 1002/1247 471/564 469/562 468/561
f 1005/1249 1004/1248 1006/1250 1007/1251
f 1005/1249 1007/1251 1008/1252 474/568
f 1005/1249 474/568 472/565 471/564
f 1008/1252 1007/1251 1009/1253 1010/1254
f 1008/1252 1010/1254 1011/1255 477/1256
f 1008/1252 477/1256 475/569 474/568
f 1011/1255 1010/1254 1012/1257 1013/1258
f 1011/1259 1013/1260 1014/1261 480/576
f 1011/1259 480/576 478/574 477/573
f 1014/1261 1013/1260 1015/1262 1016/1263
f 1014/1261 1016/1263 1017/1264 483/579
f 1014/1261 483/579 481/577 480/576
f 1017/1264 1016/1263 1018/1265 1019/1266
f 1017/1264 1019/1266 1020/1267 486/583
f 1017/1264 486/583 484/580 483/579
f 1020/1267 1019/1266 1021/1268 1022/1269
f 1020/1267 1022/1269 1023/1270 489/1271
f 1020/1267 489/1271 487/584 486/583
f 1023/1272 1022/1273 1024/1274 1025/1275
f 1023/1272 1025/1275 1026/1276 492/592
f 1023/1272 492/592 490/589 489/588
f 1026/1277 1025/1278 1027/1279 1028/1280
f 1026/1277 1028/1280 1029/1281 495/1282
f 1026/1276 495/598 493/593 492/592
f 1029/1281 1028/1280 1030/1283 1031/1284
f 1029/1281 1031/1284 1032/1285 498/604
f 1029/1281 498/604 496/603 495/1282
f 1032/1285 1031/1284 1033/1286 1034/1287
f 1032/1285 1034/1287 15/11 20/10
f 1032/1285 20/10 499/605 498/604
f 1034/1288 1033/1289 1035/1290 1036/1291
f 1034/1288 1036/1291 16/3 15/2
f 1036/1292 1035/1293 1037/1294 1038/1295
f 1036/1292 1038/1295 1039/1296 16/1297
f 1039/1296 1038/1295 1040/1298 1041/1299
f 1039/1300 1041/1301 1042/1302 21/14
f 1039/1300 21/14 17/13 16/1303
f 1042/1304 1041/1299 1043/1305 1044/1306
f 1042/1302 1044/1307 1045/1308 1046/1309
f 1042/1302 1046/1309 22/15 21/14
f 1046/1309 1045/1308 1047/1310 1048/1311
f 1046/1309 1048/1311 23/16 22/15
f 1048/1312 1047/1313 1049/1314 1050/1315
f 1048/1312 1050/1315 1051/1316 23/1317
f 1051/1316 1050/1315 1052/1318 507/617
f 1051/1316 507/617 505/616 504/1319
f 1051/1320 504/1321 18/17 23/16
f 1052/1318 1050/1315 1049/1314 1053/1322
f 1052/1318 1053/1322 1054/1323 510/621
f 1052/1318 510/621 508/618 507/617
f 1054/1323 1053/1322 1055/1324 1056/1325
f 1054/1323 1056/1325 1057/1326 513/626
f 1054/1323 513/626 511/622 510/621
f 1057/1327 1056/1328 1058/1329 1059/1330
f 1057/1327 1059/1330 1060/1331 516/633
f 1057/1326 516/1332 514/627 513/626
f 1060/1331 1059/1330 1061/1333 1062/1334
f 1060/1331 1062/1334 1063/1335 519/638
f 1060/1331 519/638 517/634 516/633
f 1063/1335 1062/1334 1064/1336 1065/1337
f 1063/1335 1065/1337 1066/1338 522/643
f 1063/1335 522/643 520/639 519/638
f 1066/1339 1065/1340 1067/1341 1068/1342
f 1066/1339 1068/1342 1069/1343 525/1344
f 1066/1345 525/651 523/646 522/1346
f 1069/1343 1068/1342 1070/1347 1071/1348
f 1069/1343 1071/1348 1072/1349 528/656
f 1069/1343 528/656 526/655 525/1344
f 1072/1349 1071/1348 1073/1350 1074/1351
f 1072/1349 1074/1351 1075/1352 531/660
f 1072/1349 531/660 529/657 528/656
f 1075/1352 1074/1351 1076/1353 1077/1354
f 1075/1352 1077/1354 536/665 534/663
f 1075/1352 534/663 532/661 531/660
f 1077/1355 1076/1356 1078/1357 1079/1358
f 1077/1355 1079/1358 538/669 536/668
f 1079/1358 1078/1357 1080/1359 1081/1360
f 1079/1358 1081/1360 540/1361 538/669
f 1081/1360 1080/1359 1082/1362 1083/1363
f 1081/1360 1083/1363 542/1364 540/1361
f 1083/1363 1082/1362 1084/1365 1085/1366
f 1083/1363 1085/1366 1086/1367 542/1364
f 1086/1367 1085/1366 1087/1368 1088/1369
f 1086/1370 1088/1371 1089/1372 545/680
f 1086/1370 545/680 543/678 542/677
f 1089/1372 1088/1371 1090/1373 1091/1374
f 1089/1372 1091/1374 1092/1375 1093/1376
f 1089/1372 1093/1376 546/681 545/680
f 1093/1376 1092/1375 1094/1377 1095/1378
f 1093/1376 1095/1378 547/682 546/681
f 1095/1378 1094/1377 1096/1379 552/1380
f 1095/1378 552/1380 549/684 547/682
f 1096/1381 1094/1382 1097/1383 1098/1384
f 1096/1381 1098/1384 1099/1385 555/693
f 1096/1381 555/693 553/691 552/690
f 1099/1385 1098/1384 1100/1386 1101/1387
f 1099/1385 1101/1387 1102/1388 558/697
f 1099/1385 558/697 556/694 555/693
f 1102/1389 1101/1390 1103/1391 1104/1392
f 1102/1389 1104/1392 1105/1393 561/1394
f 1102/1388 561/703 559/698 558/697
f 1105/1393 1104/1392 1106/1395 1107/1396
f 1105/1393 1107/1396 1108/1397 564/709
f 1105/1393 564/709 562/708 561/1394
f 1108/1397 1107/1396 1109/1398 1110/1399
f 1108/1397 1110/1399 1111/1400 567/713
f 1108/1397 567/713 565/710 564/709
f 1111/1400 1110/1399 1112/1401 1113/1402
f 1111/1400 1113/1402 1114/1403 570/719
f 1111/1400 570/719 568/714 567/713
f 1114/1403 1113/1402 1115/1404 1116/1405
f 1114/1403 1116/1405 1117/1406 573/722
f 1114/1403 573/722 571/720 570/719
f 1117/1406 1116/1405 1118/1407 1119/1408
f 1117/1406 1119/1408 1120/1409 576/725
f 1117/1406 576/725 574/723 573/722
f 1120/1410 1119/1411 1121/1412 1122/1413
f 1120/1410 1122/1413 1123/1414 579/1415
f 1120/1409 579/728 577/726 576/725
f 1123/1414 1122/1413 1124/1416 28/1417
f 1123/1414 28/1417 27/1418 582/733
f 1123/1414 582/733 580/732 579/1415
f 1124/1416 1125/1419 1126/1420 1127/1421
f 1124/1422 1127/1423 29/24 28/23
f 1124/1416 1122/1413 1121/1412 1125/1419
f 1127/1423 1126/1424 1128/1425 1129/1426
f 1127/1423 1129/1426 30/25 29/24
f 1129/1427 1128/1428 1130/1429 1131/1430
f 1129/1427 1131/1430 1132/1431 30/1432
f 1132/1433 1131/1434 1133/1435 1134/1436
f 1132/1437 1134/1438 1135/1439 1136/1440
f 1132/1437 1136/1440 24/1441 30/1442
f 1136/1440 1135/1439 1137/1443 1138/1444
f 1136/1445 1138/1446 25/1447 24/1448
f 1138/1449 1137/1450 1139/1451 1140/1452
f 1138/1446 1140/1453 1141/1454 25/1447
f 1141/1454 1140/1453 1142/1455 1143/1456
f 1141/1457 1143/1458 617/779 616/778
f 1141/1457 616/778 26/21 25/20
f 1143/1459 1142/1460 1144/1461 1145/1462
f 1143/1458 1145/1463 619/781 617/779
f 1145/1462 1144/1461 1146/1464 1147/1465
f 1145/1463 1147/1466 1148/1467 619/781
f 1148/1467 1147/1466 1149/1468 1150/1469
f 1148/1467 1150/1469 1151/1470 622/784
f 1148/1467 622/784 620/782 619/781
f 1151/1470 1150/1469 38/33 1152/1471
f 1151/1470 1152/1471 1153/1472 625/787
f 1151/1470 625/787 623/785 622/784
f 1153/1472 628/790 626/788 625/787
f 1153/1472 1152/1471 1154/1473 1155/1474
f 1153/1472 1155/1474 1156/1475 628/790
f 1156/1475 631/793 629/791 628/790
f 1156/1475 1155/1474 1157/1476 1158/1477
f 1156/1475 1158/1477 633/795 631/793
f 1158/1477 1157/1476 1159/1478 1160/1479
f 1158/1477 1160/1479 1161/1480 633/795
f 1161/1480 637/799 634/796 633/795
f 1161/1480 1160/1479 1162/1481 1163/1482
f 1161/1480 1163/1482 1164/1483 637/799
f 1164/1483 641/803 638/800 637/799
f 1164/1483 1163/1482 1165/1484 1166/1485
f 1164/1483 1166/1485 1167/1486 641/803
f 1167/1486 646/808 642/804 641/803
f 1167/1487 1166/1488 1168/1489 1169/1490
f 1167/1487 1169/1490 1170/1491 646/1492
f 1170/1491 651/1493 647/1494 646/1492
f 1170/1491 1169/1490 1171/1495 1172/1496
f 1170/1491 1172/1496 1173/1497 651/1493
f 1173/1497 656/823 652/822 651/1493
f 1173/1498 1172/1499 1174/1500 1175/1501
f 1173/1498 1175/1501 1176/1502 656/1503
f 1176/1502 661/833 657/832 656/1503
f 1176/1502 1175/1501 1177/1504 1178/1505
f 1176/1502 1178/1505 1179/1506 661/833
f 1179/1506 666/839 662/834 661/833
f 1179/1506 1178/1505 1180/1507 1181/1508
f 1179/1506 1181/1508 1182/1509 666/839
f 1182/1509 671/844 667/840 666/839
f 1182/1509 1181/1508 1183/1510 1184/1511
f 1182/1509 1184/1511 1185/1512 671/844
f 1185/1512 676/849 672/845 671/844
f 1185/1512 1184/1511 1186/1513 1187/1514
f 1185/1512 1187/1514 1188/1515 676/849
f 1188/1515 681/854 677/850 676/849
f 1188/1516 1187/1517 1189/1518 1190/1519
f 1188/1516 1190/1519 1191/1520 681/1521
f 1191/1520 686/861 682/860 681/1521
f 1191/1520 1190/1519 1192/1522 1193/1523
f 1191/1520 1193/1523 1194/1524 686/861
f 1194/1524 691/1525 687/862 686/861
f 1194/1524 1193/1523 1195/1526 1196/1527
f 1194/1524 1196/1527 1197/1528 691/1525
f 1197/1529 696/874 692/870 691/869
f 1197/1528 1196/1527 1198/1530 1199/1531
f 1197/1529 1199/1532 1200/1533 696/874
f 1200/1533 701/881 697/875 696/874
f 1200/1533 1199/1532 1201/1534 1202/1535
f 1200/1533 1202/1535 1203/1536 701/881
f 1203/1536 706/1537 702/882 701/881
f 1203/1536 1202/1535 1204/1538 1205/1539
f 1203/1536 1205/1539 1206/1540 706/1537
f 1206/1541 711/892 707/888 706/887
f 1206/1541 1205/1542 1207/1543 1208/1544
f 1206/1541 1208/1544 1209/1545 711/892
f 1209/1545 716/897 712/893 711/892
f 1209/1546 1208/1547 1210/1548 1211/1549
f 1209/1546 1211/1549 1212/1550 716/1551
f 1212/1550 721/904 717/903 716/1551
f 1212/1550 1211/1549 1213/1552 1214/1553
f 1212/1550 1214/1553 1215/1554 721/904
f 1215/1554 726/910 722/905 721/904
f 1215/1554 1214/1553 1216/1555 1217/1556
f 1215/1554 1217/1556 1218/1557 726/910
f 1218/1557 731/915 727/911 726/910
f 1218/1557 1217/1556 1219/1558 1220/1559
f 1218/1557 1220/1559 1221/1560 731/915
f 1221/1560 736/920 732/916 731/915
f 1221/1561 1220/1562 1222/1563 1223/1564
f 1221/1561 1223/1564 1224/1565 736/1566
f 1224/1567 741/927 737/926 736/1568
f 1224/1569 1223/1570 1225/1571 1226/1572
f 1224/1569 1226/1572 1227/1573 741/1574
f 1227/1573 746/1575 742/1576 741/1574
f 1227/1573 1226/1572 1228/1577 1229/1578
f 1227/1573 1229/1578 1230/1579 746/1575
f 1230/1580 751/942 747/936 746/935
f 1230/1580 1229/1581 1231/1582 1232/1583
f 1230/1580 1232/1583 1233/1584 751/942
f 1233/1584 756/950 752/943 751/942
f 1233/1585 1232/1586 1234/1587 1235/1588
f 1233/1585 1235/1588 1236/1589 756/1590
f 1236/1589 761/959 757/958 756/1590
f 1236/1589 1235/1588 1237/1591 1238/1592
f 1236/1589 1238/1592 1239/1593 761/959
f 1239/1593 766/966 762/960 761/959
f 1239/1593 1238/1592 1240/1594 1241/1595
f 1239/1593 1241/1595 1242/1596 766/966
f 1242/1597 771/972 767/968 766/1598
f 1242/1599 1241/1600 1243/1601 1244/1602
f 1242/1597 1244/1603 1245/1604 771/972
f 1245/1604 776/979 772/973 771/972
f 1245/1605 1244/1606 1246/1607 1247/1608
f 1245/1605 1247/1608 1248/1609 776/1610
f 1248/1609 781/989 777/988 776/1610
f 1248/1609 1247/1608 1249/1611 1250/1612
f 1248/1609 1250/1612 1251/1613 781/989
f 1251/1613 786/995 782/990 781/989
f 1251/1613 1250/1612 1252/1614 1253/1615
f 1251/1613 1253/1615 1254/1616 786/995
f 1254/1616 791/1000 787/996 786/995
f 1254/1617 1253/1618 1255/1619 1256/1620
f 1254/1617 1256/1620 1257/1621 791/1622
f 1257/1621 796/1007 792/1006 791/1622
f 1257/1621 1256/1620 1258/1623 1259/1624
f 1257/1621 1259/1624 1260/1625 796/1007
f 1260/1625 801/1626 797/1008 796/1007
f 1260/1625 1259/1624 1261/1627 1262/1628
f 1260/1625 1262/1628 1263/1629 801/1626
f 1263/1630 806/1020 802/1016 801/1015
f 1263/1629 1262/1628 1264/1631 1265/1632
f 1263/1630 1265/1633 1266/1634 806/1020
f 1266/1634 811/1025 807/1021 806/1020
f 1266/1634 1265/1633 1267/1635 1268/1636
f 1266/1634 1268/1636 1269/1637 811/1025
f 1269/1637 816/1032 812/1026 811/1025
f 1269/1637 1268/1636 1270/1638 1271/1639
f 1269/1637 1271/1639 1272/1640 816/1032
f 1272/1640 821/1641 817/1033 816/1032
f 1272/1640 1271/1639 1273/1642 1274/1643
f 1272/1640 1274/1643 1275/1644 821/1641
f 1275/1645 826/1045 822/1039 821/1038
f 1275/1644 1274/1643 1276/1646 1277/1647
f 1275/1645 1277/1648 1278/1649 826/1045
f 1278/1649 831/1650 827/1046 826/1045
f 1278/1649 1277/1648 1279/1651 1280/1652
f 1278/1649 1280/1652 1281/1653 831/1650
f 1281/1654 836/1056 832/1052 831/1051
f 1281/1653 1280/1652 1282/1655 1283/1656
f 1281/1654 1283/1657 1284/1658 836/1056
f 1284/1658 841/1061 837/1057 836/1056
f 1284/1658 1283/1657 1285/1659 1286/1660
f 1284/1658 1286/1660 1287/1661 841/1061
f 1287/1661 846/1066 842/1062 841/1061
f 1287/1661 1286/1660 1288/1662 1289/1663
f 1287/1661 1289/1663 1290/1664 846/1066
f 1290/1664 851/1073 847/1067 846/1066
f 1290/1664 1289/1663 1291/1665 1292/1666
f 1290/1664 1292/1666 1293/1667 851/1073
f 1293/1667 856/1668 852/1074 851/1073
f 1293/1667 1292/1666 1294/1669 1295/1670
f 1293/1667 1295/1670 1296/1671 856/1668
f 1296/1672 861/1086 857/1080 856/1079
f 1296/1671 1295/1670 1297/1673 1298/1674
f 1296/1672 1298/1675 1299/1676 861/1086
f 1299/1676 866/1677 862/1087 861/1086
f 1299/1676 1298/1675 1300/1678 1301/1679
f 1299/1676 1301/1679 1302/1680 866/1677
f 1302/1681 871/1097 867/1093 866/1092
f 1302/1680 1301/1679 1303/1682 1304/1683
f 1302/1681 1304/1684 1305/1685 871/1097
f 1305/1685 876/1102 872/1098 871/1097
f 1305/1685 1304/1684 1306/1686 1307/1687
f 1305/1685 1307/1687 1308/1688 876/1102
f 1308/1688 881/1109 877/1103 876/1102
f 1308/1688 1307/1687 1309/1689 1310/1690
f 1308/1688 1310/1690 1311/1691 881/1109
f 1311/1691 886/1692 882/1110 881/1109
f 1311/1691 1310/1690 1312/1693 1313/1694
f 1311/1695 1313/1696 1314/1697 886/1115
f 1314/1697 891/1120 887/1116 886/1115
f 1314/1698 1313/1699 1315/1700 1316/1701
f 1314/1698 1316/1701 1317/1702 891/1703
f 1317/1702 896/1127 892/1126 891/1703
f 1317/1702 1316/1701 1318/1704 1319/1705
f 1317/1702 1319/1705 1320/1706 896/1127
f 1320/1706 901/1133 897/1128 896/1127
f 1320/1706 1319/1705 1321/1707 1322/1708
f 1320/1706 1322/1708 1323/1709 901/1133
f 1323/1709 906/1138 902/1134 901/1133
f 1323/1709 1322/1708 1324/1710 1325/1711
f 1323/1709 1325/1711 1326/1712 906/1138
f 1326/1712 911/1143 907/1139 906/1138
f 1326/1712 1325/1711 1327/1713 1328/1714
f 1326/1712 1328/1714 1329/1715 911/1143
f 1329/1715 78/81 912/1144 911/1143
f 1329/1715 1328/1714 1330/1716 1331/1717
f 1329/1715 1331/1717 79/82 78/81
f 1331/1717 1330/1716 1332/1718 1333/1719
f 1331/1717 1333/1719 923/1155 79/82
f 1333/1719 926/1158 924/1156 923/1155
f 1333/1719 1332/1718 928/1160 926/1158
f 1332/1718 1330/1716 1334/1720 933/1165
f 1332/1718 933/1165 930/1162 928/1160
f 1334/1720 1330/1716 1328/1714 1327/1713
f 1334/1720 1327/1713 1335/1721 1336/1722
f 1334/1720 1336/1722 934/1166 933/1165
f 1336/1722 1335/1721 1337/1723 72/75
f 1336/1722 72/75 71/74 934/1166
f 1337/1723 1335/1721 1324/1710 1338/1724
f 1337/1723 1338/1724 1339/1725 1340/1726
f 1337/1723 1340/1726 69/72 72/75
f 1340/1726 1339/1725 939/1171 937/1169
f 1340/1726 937/1169 70/73 69/72
f 1339/1725 1338/1724 1321/1707 1341/1727
f 1339/1725 1341/1727 941/1173 939/1171
f 1341/1727 1321/1707 1319/1705 1318/1704
f 1341/1727 1318/1704 1342/1728 941/1173
f 1342/1728 1318/1704 1316/1701 1315/1700
f 1342/1728 1315/1700 1343/1729 944/1176
f 1342/1728 944/1176 942/1174 941/1173
f 1343/1729 1315/1700 1313/1699 1312/1730
f 1343/1729 1312/1730 1344/1731 947/1179
f 1343/1729 947/1179 945/1177 944/1176
f 1344/1732 1312/1693 1310/1690 1309/1689
f 1344/1733 1309/1734 1345/1735 1346/1736
f 1344/1731 1346/1737 948/1180 947/1179
f 1346/1736 1345/1735 1347/1738 1348/1739
f 1346/1737 1348/1740 949/1181 948/1180
f 1348/1739 1347/1738 1349/1741 1350/1742
f 1348/1740 1350/1743 951/1183 949/1181
f 1350/1744 1349/1745 1351/1746 1352/1747
f 1350/1743 1352/1748 953/1185 951/1183
f 1352/1747 1351/1746 1353/1749 1354/1750
f 1352/1748 1354/1751 955/1187 953/1185
f 1354/1750 1353/1749 1355/1752 1356/1753
f 1354/1751 1356/1754 957/1189 955/1187
f 1356/1753 1355/1752 1357/1755 1358/1756
f 1356/1754 1358/1757 959/1191 957/1189
f 1358/1756 1357/1755 1359/1758 964/1759
f 1358/1757 964/1196 961/1193 959/1191
f 1359/1758 1357/1755 1360/1760 1361/1761
f 1359/1762 1361/1763 1362/1764 967/1765
f 1359/1762 967/1765 965/1766 964/1767
f 1362/1764 1361/1763 1363/1768 1364/1769
f 1362/1764 1364/1769 1365/1770 970/1771
f 1362/1764 970/1771 968/1772 967/1765
f 1365/1770 1364/1769 1366/1773 1367/1774
f 1365/1775 1367/1776 1368/1777 973/1208
f 1365/1775 973/1208 971/1206 970/1205
f 1368/1777 1367/1776 1369/1778 1370/1779
f 1368/1777 1370/1779 1371/1780 976/1211
f 1368/1777 976/1211 974/1209 973/1208
f 1371/1780 1370/1779 1372/1781 1373/1782
f 1371/1780 1373/1782 1374/1783 979/1214
f 1371/1780 979/1214 977/1212 976/1211
f 1374/1783 1373/1782 1375/1784 1376/1785
f 1374/1783 1376/1785 1377/1786 982/1787
f 1374/1783 982/1787 980/1215 979/1214
f 1377/1786 1376/1785 1378/1788 1379/1789
f 1377/1790 1379/1791 1380/1792 985/1223
f 1377/1790 985/1223 983/1221 982/1220
f 1380/1792 1379/1791 1381/1793 1382/1794
f 1380/1792 1382/1794 1383/1795 988/1226
f 1380/1792 988/1226 986/1224 985/1223
f 1383/1795 1382/1794 1384/1796 1385/1797
f 1383/1795 1385/1797 1386/1798 991/1230
f 1383/1795 991/1230 989/1227 988/1226
f 1386/1798 1385/1797 1387/1799 1388/1800
f 1386/1801 1388/1802 1389/1803 994/1235
f 1386/1801 994/1235 992/1233 991/1804
f 1389/1803 1388/1802 1390/1805 1391/1806
f 1389/1803 1391/1806 1392/1807 997/1238
f 1389/1803 997/1238 995/1236 994/1235
f 1392/1807 1391/1806 1393/1808 1394/1809
f 1392/1807 1394/1809 1395/1810 1000/1241
f 1392/1807 1000/1241 998/1239 997/1238
f 1395/1810 1394/1809 1396/1811 1397/1812
f 1395/1810 1397/1812 1398/1813 1003/1245
f 1395/1810 1003/1245 1001/1242 1000/1241
f 1398/1813 1397/1812 1399/1814 1400/1815
f 1398/1813 1400/1815 1401/1816 1006/1817
f 1398/1813 1006/1817 1004/1246 1003/1245
f 1401/1816 1400/1815 1402/1818 1403/1819
f 1401/1820 1403/1821 1404/1822 1009/1253
f 1401/1820 1009/1253 1007/1251 1006/1250
f 1404/1822 1403/1821 1405/1823 1406/1824
f 1404/1822 1406/1824 1407/1825 1012/1257
f 1404/1822 1012/1257 1010/1254 1009/1253
f 1407/1825 1406/1824 1408/1826 1409/1827
f 1407/1825 1409/1827 1410/1828 1015/1829
f 1407/1825 1015/1829 1013/1258 1012/1257
f 1410/1828 1409/1827 1411/1830 1412/1831
f 1410/1832 1412/1833 1413/1834 1018/1265
f 1410/1832 1018/1265 1016/1263 1015/1262
f 1413/1835 1412/1831 1414/1836 1415/1837
f 1413/1834 1415/1838 1416/1839 1021/1268
f 1413/1834 1021/1268 1019/1266 1018/1265
f 1416/1840 1415/1841 1417/1842 1418/1843
f 1416/1840 1418/1843 1419/1844 1024/1845
f 1416/1839 1024/1846 1022/1269 1021/1268
f 1419/1844 1418/1843 1420/1847 1421/1848
f 1419/1844 1421/1848 1422/1849 1027/1279
f 1419/1844 1027/1279 1025/1278 1024/1845
f 1422/1849 1421/1848 1423/1850 1424/1851
f 1422/1849 1424/1851 1425/1852 1030/1283
f 1422/1849 1030/1283 1028/1280 1027/1279
f 1425/1853 1424/1854 1426/1855 1427/1856
f 1425/1853 1427/1856 1035/1290 1033/1289
f 1425/1852 1033/1286 1031/1284 1030/1283
f 1427/1857 1426/1858 1428/1859 1429/1860
f 1427/1857 1429/1860 1037/1294 1035/1293
f 1429/1860 1428/1859 1430/1861 1431/1862
f 1429/1860 1431/1862 1432/1863 1037/1294
f 1432/1863 1431/1862 1433/1864 1434/1865
f 1432/1863 1434/1865 1435/1866 1040/1298
f 1432/1863 1040/1298 1038/1295 1037/1294
f 1435/1866 1434/1865 1436/1867 1437/1868
f 1435/1869 1437/1870 1438/1871 1043/1872
f 1435/1866 1043/1305 1041/1299 1040/1298
f 1438/1871 1437/1870 1439/1873 1440/1874
f 1438/1871 1440/1874 1441/1875 1442/1876
f 1438/1871 1442/1876 1044/1307 1043/1872
f 1442/1876 1441/1875 1443/1877 1444/1878
f 1442/1876 1444/1878 1045/1308 1044/1307
f 1444/1878 1443/1877 1445/1879 1446/1880
f 1444/1878 1446/1880 1047/1310 1045/1308
f 1446/1880 1445/1879 1447/1881 1448/1882
f 1446/1880 1448/1882 1049/1883 1047/1310
f 1448/1882 1447/1881 1449/1884 1055/1885
f 1448/1886 1055/1324 1053/1322 1049/1314
f 1449/1887 1447/1888 1450/1889 1451/1890
f 1449/1887 1451/1890 1452/1891 1058/1892
f 1449/1887 1058/1892 1056/1325 1055/1324
f 1452/1891 1451/1890 1453/1893 1454/1894
f 1452/1891 1454/1894 1455/1895 1061/1896
f 1452/1891 1061/1896 1059/1897 1058/1892
f 1455/1895 1454/1894 1456/1898 1457/1899
f 1455/1900 1457/1901 1458/1902 1064/1903
f 1455/1895 1064/1904 1062/1905 1061/1896
f 1458/1902 1457/1901 1459/1906 1460/1907
f 1458/1902 1460/1907 1461/1908 1067/1341
f 1458/1902 1067/1341 1065/1340 1064/1903
f 1461/1908 1460/1907 1462/1909 1463/1910
f 1461/1908 1463/1910 1464/1911 1070/1347
f 1461/1908 1070/1347 1068/1342 1067/1341
f 1464/1911 1463/1910 1465/1912 1466/1913
f 1464/1911 1466/1913 1467/1914 1073/1350
f 1464/1911 1073/1350 1071/1348 1070/1347
f 1467/1915 1466/1916 1468/1917 1469/1918
f 1467/1915 1469/1918 1078/1357 1076/1356
f 1467/1914 1076/1353 1074/1351 1073/1350
f 1469/1919 1468/1920 1470/1921 1471/1922
f 1469/1918 1471/1923 1080/1359 1078/1357
f 1471/1923 1470/1924 1472/1925 1473/1926
f 1471/1923 1473/1926 1082/1362 1080/1359
f 1473/1926 1472/1925 1474/1927 1475/1928
f 1473/1926 1475/1928 1084/1365 1082/1362
f 1475/1928 1474/1927 1476/1929 1477/1930
f 1475/1928 1477/1930 1478/1931 1084/1365
f 1478/1931 1477/1930 1479/1932 1480/1933
f 1478/1931 1480/1933 1481/1934 1087/1368
f 1478/1931 1087/1368 1085/1366 1084/1365
f 1481/1934 1480/1933 1482/1935 1483/1936
f 1481/1934 1483/1936 1484/1937 1090/1938
f 1481/1934 1090/1938 1088/1369 1087/1368
f 1484/1939 1483/1940 1485/1941 1486/1942
f 1484/1939 1486/1942 1487/1943 1488/1944
f 1484/1937 1488/1945 1091/1946 1090/1938
f 1488/1944 1487/1943 1489/1947 1490/1948
f 1488/1949 1490/1950 1092/1375 1091/1374
f 1490/1948 1489/1947 1491/1951 1097/1952
f 1490/1950 1097/1953 1094/1377 1092/1375
f 1491/1951 1489/1947 1492/1954 1493/1955
f 1491/1951 1493/1955 1494/1956 1100/1957
f 1491/1958 1100/1386 1098/1384 1097/1383
f 1494/1956 1493/1955 1495/1959 1496/1960
f 1494/1956 1496/1960 1497/1961 1103/1391
f 1494/1956 1103/1391 1101/1390 1100/1957
f 1497/1961 1496/1960 1498/1962 1499/1963
f 1497/1961 1499/1963 1500/1964 1106/1395
f 1497/1961 1106/1395 1104/1392 1103/1391
f 1500/1964 1499/1963 1501/1965 1502/1966
f 1500/1964 1502/1966 1503/1967 1109/1398
f 1500/1964 1109/1398 1107/1396 1106/1395
f 1503/1967 1502/1966 1504/1968 1505/1969
f 1503/1967 1505/1969 1506/1970 1112/1401
f 1503/1967 1112/1401 1110/1399 1109/1398
f 1506/1971 1505/1972 1507/1973 1508/1974
f 1506/1970 1508/1975 1509/1976 1115/1404
f 1506/1970 1115/1404 1113/1402 1112/1401
f 1509/1977 1508/1978 1510/1979 1511/1980
f 1509/1977 1511/1980 1512/1981 1118/1982
f 1509/1976 1118/1407 1116/1405 1115/1404
f 1512/1981 1511/1980 1513/1983 1514/1984
f 1512/1981 1514/1984 1125/1985 1121/1986
f 1512/1987 1121/1412 1119/1411 1118/1988
f 1514/1989 1513/1990 1515/1991 1516/1992
f 1514/1989 1516/1992 1126/1424 1125/1993
f 1516/1992 1515/1991 1517/1994 1518/1995
f 1516/1992 1518/1995 1128/1425 1126/1424
f 1518/1996 1517/1997 1519/1998 1520/1999
f 1518/1996 1520/1999 1130/2000 1128/2001
f 1520/1999 1519/1998 1521/2002 1522/2003
f 1520/1999 1522/2003 1523/2004 1130/2000
f 1523/2004 1522/2003 1524/2005 1525/2006
f 1523/2007 1525/2008 1526/2009 1133/1435
f 1523/2010 1133/2011 1131/1430 1130/1429
f 1526/2012 1525/2013 1527/2014 1528/2015
f 1526/2012 1528/2015 1529/2016 1530/2017
f 1526/2009 1530/2018 1134/1436 1133/1435
f 1530/2019 1529/2020 1531/2021 1532/2022
f 1530/2019 1532/2022 1135/1439 1134/1438
f 1532/2022 1531/2021 1533/2023 1534/2024
f 1532/2022 1534/2024 1137/1443 1135/1439
f 1534/2025 1533/2026 1535/2027 1536/2028
f 1534/2025 1536/2028 1139/1451 1137/1450
f 1536/2028 1535/2027 1537/2029 1538/2030
f 1536/2028 1538/2030 1539/2031 1139/1451
f 1539/2032 1538/2033 1540/2034 1541/2035
f 1539/2032 1541/2035 1144/1461 1142/1460
f 1539/2031 1142/2036 1140/1452 1139/1451
f 1541/2037 1540/2038 1542/2039 1543/2040
f 1541/2035 1543/2041 1146/1464 1144/1461
f 1543/2040 1542/2039 1544/2042 1545/2043
f 1543/2041 1545/2044 1546/2045 1146/1464
f 1546/2046 1545/2043 1547/2047 34/2048
f 1546/2049 34/2050 33/2051 1149/2052
f 1546/2049 1149/2052 1147/2053 1146/2054
f 1547/2047 1545/2043 1544/2042 1548/2055
f 1547/2047 1548/2055 1549/2056 1550/2057
f 1547/2058 1550/2059 35/2060 34/2061
f 1550/2059 1549/2062 1551/2063 1552/2064
f 1550/2059 1552/2064 1553/2065 35/2060
f 1553/2066 1552/2067 1554/2068 1555/2069
f 1553/2070 1555/2071 1556/2072 1557/2073
f 1553/2070 1557/2073 36/34 35/31
f 1557/2073 1556/2072 1558/2074 1559/2075
f 1557/2073 1559/2075 1560/2076 36/34
f 1560/2076 1561/2077 37/32 36/34
f 1560/2076 1559/2075 1562/2078 1563/2079
f 1560/2076 1563/2079 1564/2080 1561/2077
f 1564/2080 1565/2081 1566/2082 1561/2077
f 1564/2080 1563/2079 1567/2083 1568/2084
f 1564/2080 1568/2084 1569/2085 1565/2081
f 1569/2085 1570/2086 1159/1478 1565/2081
f 1569/2087 1568/2088 1571/2089 1572/2090
f 1569/2087 1572/2090 1573/2091 1570/2092
f 1573/2093 1574/2094 1162/1481 1570/2086
f 1573/2091 1572/2090 1575/2095 1576/2096
f 1573/2097 1576/2098 1577/2099 1574/2100
f 1577/2099 1578/2101 1165/2102 1574/2100
f 1577/2103 1576/2104 1579/2105 1580/2106
f 1577/2107 1580/2108 1581/2109 1578/2110
f 1581/2109 1582/2111 1168/1489 1578/2110
f 1581/2112 1580/2113 1583/2114 1584/2115
f 1581/2112 1584/2115 1585/2116 1582/2117
f 1585/2116 1586/2118 1171/2119 1582/2117
f 1585/2116 1584/2115 1587/2120 1588/2121
f 1585/2116 1588/2121 1589/2122 1586/2118
f 1589/2122 1590/2123 1174/1500 1586/2118
f 1589/2122 1588/2121 1591/2124 1592/2125
f 1589/2122 1592/2125 1593/2126 1590/2123
f 1593/2126 1594/2127 1177/1504 1590/2123
f 1593/2126 1592/2125 1485/1941 1595/2128
f 1593/2126 1595/2128 1596/2129 1594/2127
f 1596/2129 1597/2130 1180/1507 1594/2127
f 1596/2129 1595/2128 1482/2131 1598/2132
f 1596/2129 1598/2132 1599/2133 1597/2130
f 1599/2133 1600/2134 1183/1510 1597/2130
f 1599/2135 1598/2136 1479/1932 1601/2137
f 1599/2138 1601/2139 1602/2140 1600/2141
f 1602/2140 1603/2142 1186/2143 1600/2141
f 1602/2140 1601/2139 1476/2144 1604/2145
f 1602/2140 1604/2145 1605/2146 1603/2142
f 1605/2146 1606/2147 1189/2148 1603/2142
f 1605/2146 1604/2145 1607/2149 1608/2150
f 1605/2146 1608/2150 1609/2151 1606/2147
f 1609/2152 1610/2153 1192/1522 1606/2154
f 1609/2151 1608/2150 1611/2155 1612/2156
f 1609/2152 1612/2157 1613/2158 1610/2153
f 1613/2158 1614/2159 1195/1526 1610/2153
f 1613/2158 1612/2157 1615/2160 1616/2161
f 1613/2158 1616/2161 1617/2162 1614/2159
f 1617/2162 1618/2163 1198/1530 1614/2159
f 1617/2162 1616/2161 1619/2164 1620/2165
f 1617/2162 1620/2165 1621/2166 1618/2163
f 1621/2167 1622/2168 1201/1534 1618/2169
f 1621/2166 1620/2165 1623/2170 1624/2171
f 1621/2166 1624/2171 1625/2172 1622/2173
f 1625/2172 1626/2174 1204/2175 1622/2173
f 1625/2176 1624/2177 1627/2178 1628/2179
f 1625/2176 1628/2179 1629/2180 1626/2181
f 1629/2180 1630/2182 1207/2183 1626/2181
f 1629/2180 1628/2179 1631/2184 1632/2185
f 1629/2180 1632/2185 1633/2186 1630/2182
f 1633/2186 1634/2187 1210/1548 1630/2182
f 1633/2186 1632/2185 1635/2188 1636/2189
f 1633/2186 1636/2189 1637/2190 1634/2187
f 1637/2190 1638/2191 1213/1552 1634/2187
f 1637/2190 1636/2189 1639/2192 1640/2193
f 1637/2190 1640/2193 1641/2194 1638/2191
f 1641/2194 1642/2195 1216/1555 1638/2191
f 1641/2196 1640/2197 1643/2198 1644/2199
f 1641/2196 1644/2199 1645/2200 1642/2201
f 1645/2200 1646/2202 1219/2203 1642/2201
f 1645/2200 1644/2199 1439/2204 1647/2205
f 1645/2200 1647/2205 1648/2206 1646/2202
f 1648/2206 1649/2207 1222/1563 1646/2202
f 1648/2208 1647/2209 1436/2210 1650/2211
f 1648/2208 1650/2211 1651/2212 1649/2213
f 1651/2214 1652/2215 1225/1571 1649/2216
f 1651/2212 1650/2211 1433/2217 1653/2218
f 1651/2214 1653/2219 1654/2220 1652/2215
f 1654/2220 1655/2221 1228/1577 1652/2215
f 1654/2222 1653/2223 1430/1861 1656/2224
f 1654/2220 1656/2225 1657/2226 1655/2221
f 1657/2226 1658/2227 1231/2228 1655/2221
f 1657/2226 1656/2225 1659/2229 1660/2230
f 1657/2226 1660/2230 1661/2231 1658/2227
f 1661/2232 1662/2233 1234/1587 1658/2234
f 1661/2231 1660/2230 1663/2235 1664/2236
f 1661/2232 1664/2237 1665/2238 1662/2233
f 1665/2238 1666/2239 1237/1591 1662/2233
f 1665/2240 1664/2241 1667/2242 1668/2243
f 1665/2240 1668/2243 1669/2244 1666/2245
f 1669/2244 1670/2246 1240/2247 1666/2245
f 1669/2248 1668/2249 1671/2250 1672/2251
f 1669/2248 1672/2251 1673/2252 1670/2253
f 1673/2252 1674/2254 1243/2255 1670/2253
f 1673/2252 1672/2251 1675/2256 1676/2257
f 1673/2252 1676/2257 1677/2258 1674/2254
f 1677/2258 1678/2259 1246/1607 1674/2254
f 1677/2258 1676/2257 1679/2260 1680/2261
f 1677/2258 1680/2261 1681/2262 1678/2259
f 1681/2262 1682/2263 1249/1611 1678/2259
f 1681/2264 1680/2265 1683/2266 1684/2267
f 1681/2268 1684/2269 1685/2270 1682/2271
f 1685/2270 1686/2272 1252/2273 1682/2271
f 1685/2270 1684/2269 1687/2274 1688/2275
f 1685/2270 1688/2275 1689/2276 1686/2272
f 1689/2276 1690/2277 1255/2278 1686/2272
f 1689/2276 1688/2275 1691/2279 1692/2280
f 1689/2276 1692/2280 1693/2281 1690/2277
f 1693/2281 1694/2282 1258/2283 1690/2277
f 1693/2281 1692/2280 1695/2284 1696/2285
f 1693/2281 1696/2285 1697/2286 1694/2282
f 1697/2287 1698/2288 1261/1627 1694/2289
f 1697/2286 1696/2285 1699/2290 1700/2291
f 1697/2287 1700/2292 1701/2293 1698/2288
f 1701/2293 1702/2294 1264/1631 1698/2288
f 1701/2293 1700/2292 1703/2295 1704/2296
f 1701/2293 1704/2296 1705/2297 1702/2294
f 1705/2297 1706/2298 1267/2299 1702/2294
f 1705/2297 1704/2296 1707/2300 1708/2301
f 1705/2297 1708/2301 1709/2302 1706/2298
f 1709/2303 1710/2304 1270/1638 1706/2305
f 1709/2302 1708/2301 1711/2306 1712/2307
f 1709/2303 1712/2308 1713/2309 1710/2304
f 1713/2309 1714/2310 1273/1642 1710/2304
f 1713/2309 1712/2308 1715/2311 1716/2312
f 1713/2309 1716/2312 1717/2313 1714/2310
f 1717/2313 1718/2314 1276/1646 1714/2310
f 1717/2313 1716/2312 1719/2315 1720/2316
f 1717/2313 1720/2316 1721/2317 1718/2314
f 1721/2317 1722/2318 1279/2319 1718/2314
f 1721/2317 1720/2316 1723/2320 1724/2321
f 1721/2317 1724/2321 1725/2322 1722/2318
f 1725/2323 1726/2324 1282/1655 1722/2325
f 1725/2322 1724/2321 1727/2326 1728/2327
f 1725/2323 1728/2328 1729/2329 1726/2324
f 1729/2329 1730/2330 1285/2331 1726/2324
f 1729/2329 1728/2328 1731/2332 1732/2333
f 1729/2329 1732/2333 1733/2334 1730/2330
f 1733/2335 1734/2336 1288/1662 1730/2337
f 1733/2334 1732/2333 1735/2338 1736/2339
f 1733/2335 1736/2340 1737/2341 1734/2336
f 1737/2341 1738/2342 1291/1665 1734/2336
f 1737/2341 1736/2340 1739/2343 1740/2344
f 1737/2341 1740/2344 1741/2345 1738/2342
f 1741/2345 1742/2346 1294/1669 1738/2342
f 1741/2345 1740/2344 1743/2347 1744/2348
f 1741/2345 1744/2348 1745/2349 1742/2346
f 1745/2349 1746/2350 1297/1673 1742/2346
f 1745/2349 1744/2348 1747/2351 1748/2352
f 1745/2349 1748/2352 1749/2353 1746/2350
f 1749/2353 1750/2354 1300/2355 1746/2350
f 1749/2353 1748/2352 1751/2356 1752/2357
f 1749/2353 1752/2357 1753/2358 1750/2354
f 1753/2359 1754/2360 1303/1682 1750/2361
f 1753/2358 1752/2357 1351/1746 1349/1745
f 1753/2359 1349/1741 1347/1738 1754/2360
f 1754/2360 1306/2362 1304/1683 1303/1682
f 1754/2360 1347/1738 1345/1735 1306/2362
f 1752/2357 1751/2356 1353/1749 1351/1746
f 1751/2356 1748/2352 1747/2351 1755/2363
f 1751/2356 1755/2363 1355/1752 1353/1749
f 1755/2363 1747/2351 1756/2364 1360/1760
f 1755/2363 1360/1760 1357/1755 1355/1752
f 1756/2364 1747/2351 1744/2348 1743/2347
f 1756/2364 1743/2347 1757/2365 1363/2366
f 1756/2364 1363/2366 1361/1761 1360/1760
f 1757/2365 1743/2347 1740/2344 1739/2343
f 1757/2367 1739/2368 1758/2369 1366/1773
f 1757/2367 1366/1773 1364/1769 1363/1768
f 1758/2369 1739/2368 1736/2339 1735/2338
f 1758/2369 1735/2338 1759/2370 1369/2371
f 1758/2369 1369/2371 1367/1774 1366/1773
f 1759/2370 1735/2338 1732/2333 1731/2332
f 1759/2372 1731/2373 1760/2374 1372/1781
f 1759/2372 1372/1781 1370/1779 1369/1778
f 1760/2374 1731/2373 1728/2327 1727/2326
f 1760/2374 1727/2326 1761/2375 1375/1784
f 1760/2374 1375/1784 1373/1782 1372/1781
f 1761/2375 1727/2326 1724/2321 1723/2320
f 1761/2375 1723/2320 1762/2376 1378/1788
f 1761/2375 1378/1788 1376/1785 1375/1784
f 1762/2376 1723/2320 1720/2316 1719/2315
f 1762/2376 1719/2315 1763/2377 1381/2378
f 1762/2376 1381/2378 1379/1789 1378/1788
f 1763/2377 1719/2315 1716/2312 1715/2311
f 1763/2379 1715/2380 1764/2381 1384/1796
f 1763/2379 1384/1796 1382/1794 1381/1793
f 1764/2381 1715/2380 1712/2307 1711/2306
f 1764/2381 1711/2306 1765/2382 1387/1799
f 1764/2381 1387/1799 1385/1797 1384/1796
f 1765/2382 1711/2306 1708/2301 1707/2300
f 1765/2382 1707/2300 1766/2383 1390/2384
f 1765/2382 1390/2384 1388/1800 1387/1799
f 1766/2383 1707/2300 1704/2296 1703/2295
f 1766/2385 1703/2386 1767/2387 1393/1808
f 1766/2385 1393/1808 1391/1806 1390/1805
f 1767/2387 1703/2386 1700/2291 1699/2290
f 1767/2387 1699/2290 1768/2388 1396/1811
f 1767/2387 1396/1811 1394/1809 1393/1808
f 1768/2388 1699/2290 1696/2285 1695/2284
f 1768/2388 1695/2284 1769/2389 1399/1814
f 1768/2388 1399/1814 1397/1812 1396/1811
f 1769/2389 1695/2284 1692/2280 1691/2279
f 1769/2389 1691/2279 1770/2390 1402/1818
f 1769/2389 1402/1818 1400/1815 1399/1814
f 1770/2390 1691/2279 1688/2275 1687/2274
f 1770/2390 1687/2274 1771/2391 1405/2392
f 1770/2390 1405/2392 1403/1819 1402/1818
f 1771/2391 1687/2274 1684/2269 1683/2393
f 1771/2394 1683/2266 1772/2395 1408/1826
f 1771/2394 1408/1826 1406/1824 1405/1823
f 1772/2395 1683/2266 1680/2265 1679/2396
f 1772/2395 1679/2396 1773/2397 1411/1830
f 1772/2395 1411/1830 1409/1827 1408/1826
f 1773/2398 1679/2260 1676/2257 1675/2256
f 1773/2398 1675/2256 1774/2399 1414/2400
f 1773/2397 1414/1836 1412/1831 1411/1830
f 1774/2399 1675/2256 1672/2251 1671/2250
f 1774/2399 1671/2250 1775/2401 1417/1842
f 1774/2399 1417/1842 1415/1841 1414/2400
f 1775/2401 1671/2250 1668/2249 1667/2402
f 1775/2401 1667/2402 1776/2403 1420/1847
f 1775/2401 1420/1847 1418/1843 1417/1842
f 1776/2404 1667/2405 1664/2236 1663/2235
f 1776/2406 1663/2407 1777/2408 1423/2409
f 1776/2403 1423/1850 1421/1848 1420/1847
f 1777/2410 1663/2235 1660/2230 1659/2229
f 1777/2411 1659/2412 1428/1859 1426/1858
f 1777/2408 1426/1855 1424/1854 1423/2409
f 1750/2361 1303/1682 1301/1679 1300/1678
f 1746/2350 1300/2355 1298/1674 1297/1673
f 1742/2346 1297/1673 1295/1670 1294/1669
f 1738/2342 1294/1669 1292/1666 1291/1665
f 1734/2336 1291/1665 1289/1663 1288/1662
f 1730/2337 1288/1662 1286/1660 1285/1659
f 1726/2324 1285/2331 1283/1656 1282/1655
f 1722/2325 1282/1655 1280/1652 1279/1651
f 1718/2314 1279/2319 1277/1647 1276/1646
f 1714/2310 1276/1646 1274/1643 1273/1642
f 1710/2304 1273/1642 1271/1639 1270/1638
f 1706/2305 1270/1638 1268/1636 1267/1635
f 1702/2294 1267/2299 1265/1632 1264/1631
f 1698/2288 1264/1631 1262/1628 1261/1627
f 1694/2289 1261/1627 1259/1624 1258/1623
f 1690/2277 1258/2283 1256/2413 1255/2278
f 1686/2272 1255/2278 1253/2414 1252/2273
f 1682/2263 1252/1614 1250/1612 1249/1611
f 1678/2259 1249/1611 1247/1608 1246/1607
f 1674/2254 1246/1607 1244/1606 1243/2255
f 1670/2246 1243/1601 1241/1600 1240/2247
f 1666/2239 1240/1594 1238/1592 1237/1591
f 1662/2233 1237/1591 1235/1588 1234/1587
f 1659/2412 1656/2224 1430/1861 1428/1859
f 1658/2234 1234/1587 1232/1586 1231/2415
f 1655/2221 1231/2228 1229/1578 1228/1577
f 1653/2223 1433/1864 1431/1862 1430/1861
f 1652/2215 1228/1577 1226/1572 1225/1571
f 1650/2416 1436/1867 1434/1865 1433/1864
f 1649/2216 1225/1571 1223/1570 1222/2417
f 1647/2209 1439/2418 1437/2419 1436/2210
f 1646/2202 1222/1563 1220/1562 1219/2203
f 1644/2420 1643/2421 1440/1874 1439/1873
f 1643/2421 1640/2422 1639/2423 1778/2424
f 1643/2421 1778/2424 1441/1875 1440/1874
f 1778/2424 1639/2423 1779/2425 1780/2426
f 1778/2424 1780/2426 1443/1877 1441/1875
f 1780/2426 1779/2425 1781/2427 1782/2428
f 1780/2426 1782/2428 1445/1879 1443/1877
f 1782/2429 1781/2430 1783/2431 1450/1889
f 1782/2428 1450/2432 1447/1881 1445/1879
f 1783/2433 1781/2434 1784/2435 1785/2436
f 1783/2433 1785/2436 1786/2437 1453/2438
f 1783/2431 1453/1893 1451/1890 1450/1889
f 1786/2437 1785/2436 1787/2439 1788/2440
f 1786/2437 1788/2440 1789/2441 1456/2442
f 1786/2443 1456/1898 1454/1894 1453/1893
f 1789/2441 1788/2440 1790/2444 1791/2445
f 1789/2441 1791/2445 1792/2446 1459/1906
f 1789/2441 1459/1906 1457/1901 1456/2442
f 1792/2446 1791/2445 1793/2447 1794/2448
f 1792/2446 1794/2448 1795/2449 1462/1909
f 1792/2446 1462/1909 1460/1907 1459/1906
f 1795/2450 1794/2451 1796/2452 1797/2453
f 1795/2450 1797/2453 1798/2454 1465/2455
f 1795/2449 1465/1912 1463/1910 1462/1909
f 1798/2456 1797/2457 1799/2458 1800/2459
f 1798/2456 1800/2459 1470/1921 1468/1920
f 1798/2460 1468/1917 1466/1916 1465/2461
f 1800/2459 1799/2458 1611/2155 1801/2462
f 1800/2459 1801/2462 1472/2463 1470/1921
f 1801/2462 1611/2155 1608/2150 1607/2149
f 1801/2462 1607/2149 1474/2464 1472/2463
f 1799/2458 1615/2465 1612/2156 1611/2155
f 1799/2458 1797/2457 1796/2466 1615/2465
f 1796/2452 1619/2164 1616/2161 1615/2160
f 1796/2452 1794/2451 1793/2467 1619/2164
f 1793/2467 1623/2170 1620/2165 1619/2164
f 1793/2447 1791/2445 1790/2444 1623/2468
f 1790/2444 1627/2178 1624/2177 1623/2468
f 1790/2444 1788/2440 1787/2439 1627/2178
f 1787/2439 1631/2184 1628/2179 1627/2178
f 1787/2439 1785/2436 1784/2435 1631/2184
f 1784/2435 1635/2188 1632/2185 1631/2184
f 1784/2435 1781/2434 1779/2469 1635/2188
f 1779/2469 1639/2192 1636/2189 1635/2188
f 1642/2195 1219/1558 1217/1556 1216/1555
f 1638/2191 1216/1555 1214/1553 1213/1552
f 1634/2187 1213/1552 1211/1549 1210/1548
f 1630/2182 1210/1548 1208/1547 1207/2183
f 1626/2470 1207/2471 1205/1539 1204/1538
f 1622/2168 1204/1538 1202/1535 1201/1534
f 1618/2163 1201/2472 1199/1531 1198/1530
f 1614/2159 1198/1530 1196/1527 1195/1526
f 1610/2153 1195/1526 1193/1523 1192/1522
f 1607/2149 1604/2145 1476/2144 1474/2464
f 1606/2154 1192/1522 1190/1519 1189/1518
f 1603/2473 1189/1518 1187/1517 1186/2474
f 1601/2137 1479/1932 1477/1930 1476/1929
f 1600/2134 1186/1513 1184/1511 1183/1510
f 1598/2136 1482/1935 1480/1933 1479/1932
f 1597/2130 1183/1510 1181/1508 1180/1507
f 1595/2128 1485/1941 1483/1940 1482/2131
f 1594/2127 1180/1507 1178/1505 1177/1504
f 1592/2125 1591/2124 1486/1942 1485/1941
f 1591/2124 1588/2121 1587/2120 1802/2475
f 1591/2124 1802/2475 1487/1943 1486/1942
f 1802/2475 1587/2120 1803/2476 1492/1954
f 1802/2475 1492/1954 1489/1947 1487/1943
f 1803/2476 1587/2120 1584/2115 1583/2114
f 1803/2476 1583/2114 1804/2477 1495/1959
f 1803/2476 1495/1959 1493/1955 1492/1954
f 1804/2477 1583/2114 1580/2113 1579/2478
f 1804/2477 1579/2478 1805/2479 1498/1962
f 1804/2477 1498/1962 1496/1960 1495/1959
f 1805/2479 1579/2478 1576/2480 1575/2481
f 1805/2479 1575/2481 1806/2482 1501/1965
f 1805/2479 1501/1965 1499/1963 1498/1962
f 1806/2483 1575/2095 1572/2090 1571/2089
f 1806/2483 1571/2089 1807/2484 1504/2485
f 1806/2482 1504/1968 1502/1966 1501/1965
f 1807/2484 1571/2089 1568/2088 1567/2486
f 1807/2484 1567/2486 1808/2487 1507/1973
f 1807/2484 1507/1973 1505/1972 1504/2485
f 1808/2488 1567/2083 1563/2079 1562/2078
f 1808/2488 1562/2078 1809/2489 1510/2490
f 1808/2487 1510/2491 1508/1974 1507/1973
f 1809/2489 1562/2078 1559/2075 1558/2074
f 1809/2489 1558/2074 1515/1991 1513/1990
f 1809/2492 1513/2493 1511/2494 1510/2495
f 1590/2123 1177/1504 1175/1501 1174/1500
f 1586/2118 1174/1500 1172/1499 1171/2119
f 1582/2111 1171/1495 1169/1490 1168/1489
f 1578/2101 1168/2496 1166/2497 1165/2102
f 1574/2094 1165/1484 1163/1482 1162/1481
f 1570/2086 1162/1481 1160/1479 1159/1478
f 1566/2082 1157/1476 1155/1474 1154/1473
f 1566/2082 1154/1473 37/32 1561/2077
f 1566/2082 1565/2081 1159/1478 1157/1476
f 1558/2074 1556/2072 1517/1994 1515/1991
f 1556/2498 1555/2499 1519/2500 1517/2501
f 1555/2502 1554/2503 1521/2002 1519/1998
f 1554/2068 1552/2067 1551/2504 1810/2505
f 1554/2503 1810/2506 1811/2507 1521/2002
f 1811/2507 1810/2506 1812/2508 1813/2509
f 1811/2507 1813/2509 1814/2510 1524/2005
f 1811/2507 1524/2005 1522/2003 1521/2002
f 1814/2510 1813/2509 1815/2511 1816/2512
f 1814/2510 1816/2512 1817/2513 1527/2514
f 1814/2510 1527/2514 1525/2006 1524/2005
f 1817/2513 1816/2512 1818/2515 1819/2516
f 1817/2517 1819/2518 1820/2519 1821/2520
f 1817/2517 1821/2520 1528/2015 1527/2014
f 1821/2520 1820/2519 1822/2521 1823/2522
f 1821/2520 1823/2522 1529/2016 1528/2015
f 1823/2523 1822/2524 1824/2525 1825/2526
f 1823/2523 1825/2526 1531/2021 1529/2020
f 1825/2526 1824/2525 1826/2527 1827/2528
f 1825/2526 1827/2528 1533/2023 1531/2021
f 1827/2529 1826/2530 1828/2531 1829/2532
f 1827/2529 1829/2532 1535/2027 1533/2026
f 1829/2533 1828/2534 1830/2535 1831/2536
f 1829/2532 1831/2537 1537/2029 1535/2027
f 1831/2536 1830/2535 1832/2538 1833/2539
f 1831/2536 1833/2539 1834/2540 1537/2541
f 1834/2542 1833/2543 1835/2544 1836/2545
f 1834/2542 1836/2545 1542/2039 1540/2038
f 1834/2540 1540/2034 1538/2033 1537/2541
f 1836/2545 1835/2544 1837/2546 1838/2547
f 1836/2545 1838/2547 1544/2042 1542/2039
f 1838/2547 1837/2546 1839/2548 1840/2549
f 1838/2547 1840/2549 1548/2055 1544/2042
f 1840/2550 1839/2551 1841/2552 1842/2553
f 1840/2549 1842/2554 1549/2056 1548/2055
f 1842/2553 1841/2552 1843/2555 1844/2556
f 1842/2553 1844/2556 1551/2063 1549/2062
f 1844/2557 1843/2558 1845/2559 1812/2560
f 1844/2557 1812/2560 1810/2505 1551/2504
f 1845/2559 1843/2558 1846/2561 1847/2562
f 1845/2559 1847/2562 1848/2563 1815/2564
f 1845/2559 1815/2564 1813/2565 1812/2560
f 1848/2563 1847/2562 1849/2566 1850/2567
f 1848/2568 1850/2569 1851/2570 1818/2515
f 1848/2568 1818/2515 1816/2512 1815/2511
f 1851/2570 1850/2569 1852/2571 1853/2572
f 1851/2570 1853/2572 1854/2573 1855/2574
f 1851/2570 1855/2574 1819/2516 1818/2515
f 1855/2575 1854/2576 1856/2577 1857/2578
f 1855/2575 1857/2578 1820/2519 1819/2518
f 1857/2578 1856/2577 1858/2579 1859/2580
f 1857/2578 1859/2580 1822/2521 1820/2519
f 1859/2581 1858/2582 1860/2583 1861/2584
f 1859/2581 1861/2584 1824/2525 1822/2524
f 1861/2585 1860/2586 1862/2587 1863/2588
f 1861/2584 1863/2589 1826/2527 1824/2525
f 1863/2588 1862/2587 1864/2590 1865/2591
f 1863/2592 1865/2593 1828/2531 1826/2530
f 1865/2594 1864/2595 1866/2596 1867/2597
f 1865/2594 1867/2597 1830/2535 1828/2534
f 1867/2597 1866/2596 1868/2598 1869/2599
f 1867/2597 1869/2599 1832/2538 1830/2535
f 1869/2599 1868/2598 1870/2600 1871/2601
f 1869/2599 1871/2601 1872/2602 1832/2538
f 1872/2602 1871/2601 1873/2603 1874/2604
f 1872/2602 1874/2604 1837/2605 1835/2606
f 1872/2602 1835/2606 1833/2539 1832/2538
f 1874/2607 1873/2608 1875/2609 1876/2610
f 1874/2611 1876/2612 1839/2548 1837/2546
f 1876/2613 1875/2614 1877/2615 1878/2616
f 1876/2613 1878/2616 1841/2552 1839/2551
f 1878/2616 1877/2615 1879/2617 1846/2618
f 1878/2616 1846/2618 1843/2555 1841/2552
f 1879/2617 1877/2615 1880/2619 1881/2620
f 1879/2621 1881/2622 1882/2623 1849/2566
f 1879/2621 1849/2566 1847/2562 1846/2561
f 1882/2623 1881/2622 1883/2624 1884/2625
f 1882/2623 1884/2625 1885/2626 1852/2627
f 1882/2623 1852/2627 1850/2567 1849/2566
f 1885/2628 1884/2629 1886/2630 1887/2631
f 1885/2628 1887/2631 1888/2632 1889/2633
f 1885/2626 1889/2634 1853/2635 1852/2627
f 1889/2633 1888/2632 1890/2636 1891/2637
f 1889/2638 1891/2639 1854/2576 1853/2640
f 1891/2637 1890/2636 1892/2641 1893/2642
f 1891/2639 1893/2643 1856/2577 1854/2576
f 1893/2642 1892/2641 1894/2644 1895/2645
f 1893/2643 1895/2646 1858/2579 1856/2577
f 1895/2645 1894/2644 1896/2647 1897/2648
f 1895/2649 1897/2650 1860/2583 1858/2582
f 1897/2651 1896/2652 1898/2653 1899/2654
f 1897/2651 1899/2654 1862/2587 1860/2586
f 1899/2654 1898/2653 1900/2655 1901/2656
f 1899/2654 1901/2656 1864/2590 1862/2587
f 1901/2656 1900/2655 1902/2657 1903/2658
f 1901/2659 1903/2660 1866/2596 1864/2595
f 1903/2658 1902/2657 1904/2661 1905/2662
f 1903/2660 1905/2663 1868/2598 1866/2596
f 1905/2664 1904/2665 1906/2666 1907/2667
f 1905/2663 1907/2668 1870/2600 1868/2598
f 1907/2667 1906/2666 1908/2669 1909/2670
f 1907/2668 1909/2671 1910/2672 1870/2600
f 1910/2673 1909/2670 1911/2674 1912/2675
f 1910/2673 1912/2675 1875/2609 1873/2608
f 1910/2672 1873/2603 1871/2601 1870/2600
f 1912/2675 1911/2674 1913/2676 1880/2677
f 1912/2678 1880/2619 1877/2615 1875/2614
f 1913/2679 1911/2680 44/43 43/42
f 1913/2679 43/42 42/41 1883/2681
f 1913/2682 1883/2683 1881/2620 1880/2619
f 1911/2674 1909/2670 1908/2669 44/2684
f 1908/2685 1906/2686 1914/2687 1915/2688
f 1908/2685 1915/2688 45/44 44/43
f 1915/2688 1914/2687 1916/2689 1917/2690
f 1915/2688 1917/2690 46/45 45/44
f 1917/2690 1916/2689 58/59 57/58
f 1917/2690 57/58 56/57 46/45
f 1916/2689 1918/2691 1919/2692 58/59
f 1916/2689 1914/2687 1920/2693 1918/2691
f 1920/2693 1921/2694 1922/2695 1918/2691
f 1920/2693 1914/2687 1906/2686 1904/2696
f 1920/2693 1904/2696 1902/2697 1921/2694
f 1922/2695 50/50 52/52 62/64
f 1922/2695 62/64 1919/2692 1918/2691
f 1922/2695 1921/2694 51/51 50/50
f 1921/2694 1902/2697 1900/2698 51/51
f 1919/2692 62/64 61/63 1923/2699
f 1919/2692 1923/2699 53/54 58/59
f 1923/2699 61/63 60/62 1924/2700
f 1923/2699 1924/2700 54/55 53/54
f 1924/2700 60/62 1925/2701 1926/2702
f 1924/2700 1926/2702 1927/2703 54/55
f 1927/2703 1928/2704 55/56 54/55
f 1927/2703 1926/2702 1890/2636 1888/2632
f 1927/2703 1888/2632 1887/2631 1928/2704
f 1928/2704 1929/2705 56/57 55/56
f 1928/2704 1887/2631 1886/2630 1929/2705
f 1929/2705 41/40 46/45 56/57
f 1929/2705 1886/2630 42/41 41/40
f 1926/2702 1925/2701 1892/2641 1890/2636
f 1925/2701 60/62 59/61 1930/2706
f 1925/2701 1930/2706 1894/2644 1892/2641
f 1930/2706 59/61 49/49 48/48
f 1930/2706 48/48 1896/2647 1894/2644
f 1900/2698 1898/2707 47/47 51/51
f 1898/2707 1896/2647 48/48 47/47
f 1886/2630 1884/2629 1883/2681 42/41
f 1345/2708 1309/1689 1307/1687 1306/1686
f 1338/1724 1324/1710 1322/1708 1321/1707
f 1335/1721 1327/1713 1325/1711 1324/1710
f 1154/1473 1152/1471 38/33 37/32
f 1150/1469 1149/1468 33/29 38/33
f 923/1155 920/1152 80/83 79/82
f 922/1154 381/460 377/456 376/455
f 919/1151 376/455 372/451 371/450
f 917/1149 366/445 362/440 361/439
f 917/1149 361/439 1931/2709 910/1142
f 1931/2709 361/439 357/438 356/2710
f 1931/2709 356/2710 1932/2711 905/1137
f 1931/2709 905/1137 904/1136 910/1142
f 1932/2712 356/2713 352/427 351/426
f 1932/2712 351/426 1933/2714 900/2715
f 1932/2711 900/1132 899/1131 905/1137
f 1933/2714 351/426 347/420 346/419
f 1933/2714 346/419 1934/2716 895/2717
f 1933/2714 895/2717 894/2718 900/2715
f 1934/2716 346/419 342/415 341/414
f 1934/2716 341/414 1935/2719 890/2720
f 1934/2716 890/2720 889/2721 895/2717
f 1935/2719 341/414 337/410 336/409
f 1935/2722 336/2723 1936/2724 885/1114
f 1935/2722 885/1114 884/1113 890/1119
f 1936/2724 336/2723 332/404 331/403
f 1936/2724 331/403 1937/2725 880/1107
f 1936/2724 880/1107 879/1106 885/1114
f 1937/2725 331/403 327/397 326/396
f 1937/2725 326/396 1938/2726 875/2727
f 1937/2725 875/2727 874/1108 880/1107
f 1938/2726 326/396 322/392 321/391
f 1938/2728 321/2729 1939/2730 870/1096
f 1938/2728 870/1096 869/1095 875/1101
f 1939/2730 321/2729 317/386 316/385
f 1939/2730 316/385 1940/2731 865/1091
f 1939/2730 865/1091 864/1090 870/1096
f 1940/2731 316/385 312/379 311/378
f 1940/2731 311/378 1941/2732 860/1084
f 1940/2731 860/1084 859/1083 865/1091
f 1941/2732 311/378 307/374 306/373
f 1941/2732 306/373 1942/2733 855/2734
f 1941/2732 855/2734 854/1085 860/1084
f 1942/2733 306/373 302/369 301/368
f 1942/2735 301/2736 1943/2737 850/1071
f 1942/2735 850/1071 849/1070 855/1078
f 1943/2737 301/2736 297/363 296/362
f 1943/2737 296/362 1944/2738 845/2739
f 1943/2737 845/2739 844/1072 850/1071
f 1944/2738 296/362 292/356 291/355
f 1944/2740 291/2741 1945/2742 840/1060
f 1944/2740 840/1060 839/1059 845/1065
f 1945/2742 291/2741 287/350 286/349
f 1945/2742 286/349 1946/2743 835/1055
f 1945/2742 835/1055 834/1054 840/1060
f 1946/2743 286/349 282/343 281/342
f 1946/2743 281/342 1947/2744 830/1050
f 1946/2743 830/1050 829/1049 835/1055
f 1947/2744 281/342 277/338 276/337
f 1947/2744 276/337 1948/2745 825/1043
f 1947/2744 825/1043 824/1042 830/1050
f 1948/2745 276/337 272/333 271/332
f 1948/2745 271/332 1949/2746 820/2747
f 1948/2745 820/2747 819/1044 825/1043
f 1949/2746 271/332 267/328 266/327
f 1949/2748 266/2749 1950/2750 815/1030
f 1949/2748 815/1030 814/1029 820/1037
f 1950/2750 266/2749 262/320 261/319
f 1950/2750 261/319 1951/2751 810/2752
f 1950/2750 810/2752 809/1031 815/1030
f 1951/2753 261/2754 257/2755 256/2756
f 1951/2753 256/2756 1952/2757 805/1019
f 1951/2753 805/1019 804/1018 810/1024
f 1952/2758 256/312 252/308 251/307
f 1952/2758 251/307 1953/2759 800/2760
f 1952/2757 800/1014 799/1013 805/1019
f 1953/2759 251/307 247/303 246/302
f 1953/2759 246/302 1954/2761 795/1004
f 1953/2759 795/1004 794/1003 800/2760
f 1954/2761 246/302 242/297 241/2762
f 1954/2761 241/2762 1955/2763 790/999
f 1954/2761 790/999 789/998 795/1004
f 1955/2764 241/294 237/293 236/2765
f 1955/2764 236/2765 1956/2766 785/2767
f 1955/2763 785/994 784/993 790/999
f 1956/2768 236/284 232/280 231/279
f 1956/2768 231/279 1957/2769 780/2770
f 1956/2766 780/986 779/985 785/2767
f 1957/2769 231/279 227/275 226/274
f 1957/2769 226/274 1958/2771 775/977
f 1957/2769 775/977 774/976 780/2770
f 1958/2771 226/274 222/269 221/268
f 1958/2771 221/268 1959/2772 770/2773
f 1958/2771 770/2773 769/978 775/977
f 1959/2774 221/2775 217/259 216/258
f 1959/2774 216/258 1960/2776 765/965
f 1959/2774 765/965 764/964 770/971
f 1960/2776 216/258 212/252 211/251
f 1960/2776 211/251 1961/2777 760/956
f 1960/2776 760/956 759/955 765/965
f 1961/2777 211/251 207/243 206/242
f 1961/2777 206/242 1962/2778 755/948
f 1961/2777 755/948 754/947 760/956
f 1962/2779 206/2780 202/2781 201/2782
f 1962/2779 201/2782 1963/2783 750/940
f 1962/2778 750/2784 749/949 755/948
f 1963/2785 201/235 197/231 196/230
f 1963/2785 196/230 1964/2786 745/2787
f 1963/2783 745/932 744/931 750/940
f 1964/2786 196/230 193/227 192/226
f 1964/2786 192/226 1965/2788 740/924
f 1964/2786 740/924 739/923 745/2787
f 1965/2788 192/226 189/225 188/2789
f 1965/2788 188/2789 1966/2790 735/919
f 1965/2788 735/919 734/918 740/924
f 1966/2790 188/2789 184/2791 183/2792
f 1966/2790 183/2792 1967/2793 730/914
f 1966/2790 730/914 729/913 735/919
f 1967/2794 183/2795 179/208 178/207
f 1967/2794 178/207 1968/2796 725/2797
f 1967/2793 725/909 724/908 730/914
f 1968/2796 178/207 174/201 173/200
f 1968/2796 173/200 1969/2798 720/2799
f 1968/2796 720/2799 719/2800 725/2797
f 1969/2798 173/200 169/196 168/195
f 1969/2798 168/195 1970/2801 715/2802
f 1969/2798 715/2802 714/2803 720/2799
f 1970/2801 168/195 164/191 163/190
f 1970/2804 163/2805 1971/2806 710/891
f 1970/2804 710/891 709/890 715/896
f 1971/2806 163/2805 159/185 158/184
f 1971/2806 158/184 1972/2807 705/886
f 1971/2806 705/886 704/885 710/891
f 1972/2807 158/184 154/178 153/177
f 1972/2807 153/177 1973/2808 700/879
f 1972/2807 700/879 699/878 705/886
f 1973/2808 153/177 149/172 148/171
f 1973/2808 148/171 1974/2809 695/2810
f 1973/2808 695/2810 694/880 700/879
f 1974/2809 148/171 144/170 143/2811
f 1974/2812 143/164 1975/2813 690/2814
f 1974/2815 690/868 689/867 695/873
f 1975/2813 143/164 139/160 138/159
f 1975/2813 138/159 1976/2816 685/858
f 1975/2813 685/858 684/857 690/2814
f 1976/2816 138/159 134/155 133/154
f 1976/2816 133/154 1977/2817 680/853
f 1976/2816 680/853 679/852 685/858
f 1977/2817 133/154 129/150 128/149
f 1977/2817 128/149 1978/2818 675/848
f 1977/2817 675/848 674/847 680/853
f 1978/2818 128/149 124/148 123/2819
f 1978/2818 123/2819 1979/2820 670/843
f 1978/2818 670/843 669/842 675/848
f 1979/2821 123/140 119/139 118/2822
f 1979/2821 118/2822 1980/2823 665/2824
f 1979/2820 665/838 664/837 670/843
f 1980/2825 118/130 114/129 113/2826
f 1980/2825 113/2826 1981/2827 660/2828
f 1980/2823 660/830 659/829 665/2824
f 1981/2829 113/122 109/121 108/2830
f 1981/2829 108/2830 1982/2831 655/2832
f 1981/2833 655/820 654/819 660/2834
f 1982/2835 108/115 104/111 103/110
f 1982/2835 103/110 1983/2836 650/812
f 1982/2831 650/2837 649/2838 655/2832
f 1983/2836 103/110 97/104 96/103
f 1983/2836 96/103 93/99 645/807
f 1983/2836 645/807 644/806 650/812
f 916/1148 371/450 367/446 366/445
f 645/807 93/99 92/98 640/802
f 636/798 92/98 13/92 86/91
f 614/776 31/26 3/18 26/21
f 587/746 585/743 32/27 31/26
f 583/734 582/733 27/1418 32/740
f 504/612 502/610 1/5 18/8
f 397/476 396/475 67/70 66/69
f 200/234 40/38 39/37 195/229
f 191/222 39/37 11/36 83/223
f 187/686 186/2839 83/87 82/86
f 99/106 91/97 90/96 95/102
f 96/103 95/102 90/96 93/99
